time,metric,metricTime,metricValue,video,cc,abr,http
2025-04-29 02:51:28,stallRate,1.23300004005432,0.0,TheEmptinessMachine,CUBIC,Dynamic,HTTP/1.1
2025-04-29 02:51:30,stallRate,3.34500002861023,0.0,TheEmptinessMachine,CUBIC,Dynamic,HTTP/1.1
2025-04-29 02:51:32,stallRate,5.23200011253357,0.0,TheEmptinessMachine,CUBIC,Dynamic,HTTP/1.1
2025-04-29 02:51:34,stallRate,7.23200011253357,0.0,TheEmptinessMachine,CUBIC,Dynamic,HTTP/1.1
2025-04-29 02:51:36,stallRate,9.23200011253357,3.82391152564608,TheEmptinessMachine,CUBIC,Dynamic,HTTP/1.1
2025-04-29 02:51:38,stallRate,11.2330000400543,2.98120132077756,TheEmptinessMachine,CUBIC,Dynamic,HTTP/1.1
2025-04-29 02:51:40,stallRate,13.279000043869,2.69510074080987,TheEmptinessMachine,CUBIC,Dynamic,HTTP/1.1
2025-04-29 02:51:42,stallRate,15.2320001125336,2.26071593285687,TheEmptinessMachine,CUBIC,Dynamic,HTTP/1.1
2025-04-29 02:51:44,stallRate,17.2320001125336,1.92416763443287,TheEmptinessMachine,CUBIC,Dynamic,HTTP/1.1
2025-04-29 02:51:46,stallRate,19.2330000400543,1.71780170612896,TheEmptinessMachine,CUBIC,Dynamic,HTTP/1.1
2025-04-29 02:51:48,stallRate,21.2330000400543,1.52987649606409,TheEmptinessMachine,CUBIC,Dynamic,HTTP/1.1
2025-04-29 02:51:50,stallRate,23.2320001125336,1.37589484177754,TheEmptinessMachine,CUBIC,Dynamic,HTTP/1.1
2025-04-29 02:51:52,stallRate,25.2320001125336,1.2465663004725,TheEmptinessMachine,CUBIC,Dynamic,HTTP/1.1
2025-04-29 02:51:54,stallRate,27.2320001125336,1.1341991811046,TheEmptinessMachine,CUBIC,Dynamic,HTTP/1.1
2025-04-29 02:51:56,stallRate,29.2330000400543,1.04316144783888,TheEmptinessMachine,CUBIC,Dynamic,HTTP/1.1
2025-04-29 02:51:58,stallRate,31.2320001125336,0.965533683308216,TheEmptinessMachine,CUBIC,Dynamic,HTTP/1.1
2025-04-29 02:52:00,stallRate,33.2320001125336,0.896998145259305,TheEmptinessMachine,CUBIC,Dynamic,HTTP/1.1
2025-04-29 02:52:02,stallRate,35.430999994278,0.833432241878402,TheEmptinessMachine,CUBIC,Dynamic,HTTP/1.1
2025-04-29 02:52:04,stallRate,37.2320001125336,0.787684474353596,TheEmptinessMachine,CUBIC,Dynamic,HTTP/1.1
2025-04-29 02:52:06,stallRate,39.2320001125336,0.742257894188557,TheEmptinessMachine,CUBIC,Dynamic,HTTP/1.1
2025-04-29 02:52:08,stallRate,41.2320001125336,0.702101821315891,TheEmptinessMachine,CUBIC,Dynamic,HTTP/1.1
2025-04-29 02:52:10,stallRate,43.2330000400543,0.666129161674596,TheEmptinessMachine,CUBIC,Dynamic,HTTP/1.1
2025-04-29 02:52:12,stallRate,45.2320001125336,0.633496194239835,TheEmptinessMachine,CUBIC,Dynamic,HTTP/1.1
2025-04-29 02:52:14,stallRate,47.2320001125336,0.603919170211286,TheEmptinessMachine,CUBIC,Dynamic,HTTP/1.1
2025-04-29 02:52:16,stallRate,49.2740001678467,0.576519275975242,TheEmptinessMachine,CUBIC,Dynamic,HTTP/1.1
2025-04-29 02:52:18,stallRate,51.2320001125336,0.55247234887594,TheEmptinessMachine,CUBIC,Dynamic,HTTP/1.1
2025-04-29 02:52:20,stallRate,53.2330000400543,0.529911796018206,TheEmptinessMachine,CUBIC,Dynamic,HTTP/1.1
2025-04-29 02:52:22,stallRate,55.2330000400543,0.509170302285107,TheEmptinessMachine,CUBIC,Dynamic,HTTP/1.1
2025-04-29 02:52:24,stallRate,57.2320001125336,0.48991384215889,TheEmptinessMachine,CUBIC,Dynamic,HTTP/1.1
2025-04-29 02:52:26,stallRate,59.2320001125336,0.472133424905838,TheEmptinessMachine,CUBIC,Dynamic,HTTP/1.1
2025-04-29 02:52:28,stallRate,61.2330000400543,0.455620421012536,TheEmptinessMachine,CUBIC,Dynamic,HTTP/1.1
2025-04-29 02:52:30,stallRate,63.2320001125336,0.44015201657016,TheEmptinessMachine,CUBIC,Dynamic,HTTP/1.1
2025-04-29 02:52:32,stallRate,65.2330000400543,0.425751916260793,TheEmptinessMachine,CUBIC,Dynamic,HTTP/1.1
2025-04-29 02:52:34,stallRate,67.2330000400543,0.41220692044287,TheEmptinessMachine,CUBIC,Dynamic,HTTP/1.1
2025-04-29 02:52:36,stallRate,69.2320001125336,0.399437359551612,TheEmptinessMachine,CUBIC,Dynamic,HTTP/1.1
2025-04-29 02:52:38,stallRate,71.2330000400543,0.387523244303965,TheEmptinessMachine,CUBIC,Dynamic,HTTP/1.1
2025-04-29 02:52:40,stallRate,73.2330000400543,0.37625938916459,TheEmptinessMachine,CUBIC,Dynamic,HTTP/1.1
2025-04-29 02:52:42,stallRate,75.2320001125336,0.365692313587044,TheEmptinessMachine,CUBIC,Dynamic,HTTP/1.1
2025-04-29 02:52:44,stallRate,77.2330000400543,0.355704935795091,TheEmptinessMachine,CUBIC,Dynamic,HTTP/1.1
2025-04-29 02:52:46,stallRate,79.2320001125336,0.346263029613676,TheEmptinessMachine,CUBIC,Dynamic,HTTP/1.1
2025-04-29 02:52:48,stallRate,81.2320001125336,0.337178295895408,TheEmptinessMachine,CUBIC,Dynamic,HTTP/1.1
2025-04-29 02:52:50,stallRate,83.2330000400543,0.328821811941407,TheEmptinessMachine,CUBIC,Dynamic,HTTP/1.1
2025-04-29 02:52:52,stallRate,85.2320001125336,0.325910373065533,TheEmptinessMachine,CUBIC,Dynamic,HTTP/1.1
2025-04-29 02:52:54,stallRate,87.2320001125336,0.31872356564939,TheEmptinessMachine,CUBIC,Dynamic,HTTP/1.1
2025-04-29 02:52:56,stallRate,89.2330000400543,0.31101047651247,TheEmptinessMachine,CUBIC,Dynamic,HTTP/1.1
2025-04-29 02:52:58,stallRate,91.2320001125336,0.303783204390638,TheEmptinessMachine,CUBIC,Dynamic,HTTP/1.1
2025-04-29 02:53:00,stallRate,93.2320001125336,0.29689303723839,TheEmptinessMachine,CUBIC,Dynamic,HTTP/1.1
2025-04-29 02:53:02,stallRate,95.2330000400543,0.290308349850746,TheEmptinessMachine,CUBIC,Dynamic,HTTP/1.1
2025-04-29 02:53:04,stallRate,97.2330000400543,0.283945746849261,TheEmptinessMachine,CUBIC,Dynamic,HTTP/1.1
2025-04-29 02:53:06,stallRate,99.2320001125336,0.277875936465163,TheEmptinessMachine,CUBIC,Dynamic,HTTP/1.1
2025-04-29 02:53:08,stallRate,101.232000112534,0.272097195633793,TheEmptinessMachine,CUBIC,Dynamic,HTTP/1.1
2025-04-29 02:53:10,stallRate,103.232000112534,0.265838452225428,TheEmptinessMachine,CUBIC,Dynamic,HTTP/1.1
2025-04-29 02:53:12,stallRate,105.233000040054,0.260159329550545,TheEmptinessMachine,CUBIC,Dynamic,HTTP/1.1
2025-04-29 02:53:14,stallRate,107.232000112534,0.255076909913397,TheEmptinessMachine,CUBIC,Dynamic,HTTP/1.1
2025-04-29 02:53:16,stallRate,109.232000112534,0.250203490325175,TheEmptinessMachine,CUBIC,Dynamic,HTTP/1.1
2025-04-29 02:53:18,stallRate,111.233000040054,0.245713987536582,TheEmptinessMachine,CUBIC,Dynamic,HTTP/1.1
2025-04-29 02:53:20,stallRate,113.232000112534,0.2411799399681,TheEmptinessMachine,CUBIC,Dynamic,HTTP/1.1
2025-04-29 02:53:22,stallRate,115.233999967575,0.236788974404815,TheEmptinessMachine,CUBIC,Dynamic,HTTP/1.1
2025-04-29 02:53:24,stallRate,117.232000112534,0.232624481316161,TheEmptinessMachine,CUBIC,Dynamic,HTTP/1.1
2025-04-29 02:53:26,stallRate,119.233000040054,0.230856375151692,TheEmptinessMachine,CUBIC,Dynamic,HTTP/1.1
2025-04-29 02:53:28,stallRate,121.232000112534,0.226828498956272,TheEmptinessMachine,CUBIC,Dynamic,HTTP/1.1
2025-04-29 02:53:30,stallRate,123.232000112534,0.222955109371443,TheEmptinessMachine,CUBIC,Dynamic,HTTP/1.1
2025-04-29 02:53:32,stallRate,125.232000112534,0.219172767678907,TheEmptinessMachine,CUBIC,Dynamic,HTTP/1.1
2025-04-29 02:53:34,stallRate,127.232000112534,0.215546998125677,TheEmptinessMachine,CUBIC,Dynamic,HTTP/1.1
2025-04-29 02:53:36,stallRate,129.232000112534,0.21239227954062,TheEmptinessMachine,CUBIC,Dynamic,HTTP/1.1
2025-04-29 02:53:38,stallRate,131.232000112534,0.209329481144044,TheEmptinessMachine,CUBIC,Dynamic,HTTP/1.1
2025-04-29 02:53:40,stallRate,133.546000003815,0.206520662392255,TheEmptinessMachine,CUBIC,Dynamic,HTTP/1.1
2025-04-29 02:53:44,stallRate,137.232000112534,0.204412721031966,TheEmptinessMachine,CUBIC,Dynamic,HTTP/1.1
2025-04-29 02:53:46,stallRate,139.233000040054,0.201093050727657,TheEmptinessMachine,CUBIC,Dynamic,HTTP/1.1
2025-04-29 02:53:48,stallRate,141.232000112534,0.197984738061217,TheEmptinessMachine,CUBIC,Dynamic,HTTP/1.1
2025-04-29 02:53:50,stallRate,143.232000112534,0.195551728486683,TheEmptinessMachine,CUBIC,Dynamic,HTTP/1.1
2025-04-29 02:53:52,stallRate,145.302000045776,0.192625404647822,TheEmptinessMachine,CUBIC,Dynamic,HTTP/1.1
2025-04-29 02:53:54,stallRate,147.232000112534,0.189510508664293,TheEmptinessMachine,CUBIC,Dynamic,HTTP/1.1
2025-04-29 02:53:56,stallRate,149.232000112534,0.186741729936382,TheEmptinessMachine,CUBIC,Dynamic,HTTP/1.1
2025-04-29 02:53:58,stallRate,151.232000112534,0.184144783708494,TheEmptinessMachine,CUBIC,Dynamic,HTTP/1.1
2025-04-29 02:54:00,stallRate,153.233000040054,0.181603526399086,TheEmptinessMachine,CUBIC,Dynamic,HTTP/1.1
2025-04-29 02:54:02,stallRate,155.233000040054,0.179219942026614,TheEmptinessMachine,CUBIC,Dynamic,HTTP/1.1
2025-04-29 02:54:04,stallRate,157.236000061035,0.176780000102267,TheEmptinessMachine,CUBIC,Dynamic,HTTP/1.1
2025-04-29 02:54:06,stallRate,159.232000112534,0.174419392544675,TheEmptinessMachine,CUBIC,Dynamic,HTTP/1.1
2025-04-29 02:54:08,stallRate,161.232000112534,0.172137908059577,TheEmptinessMachine,CUBIC,Dynamic,HTTP/1.1
2025-04-29 02:54:10,stallRate,163.235000133514,0.169884874726839,TheEmptinessMachine,CUBIC,Dynamic,HTTP/1.1
2025-04-29 02:54:12,stallRate,165.233000040054,0.167701225821656,TheEmptinessMachine,CUBIC,Dynamic,HTTP/1.1
2025-04-29 02:54:16,stallRate,169.232000112534,0.164227574046267,TheEmptinessMachine,CUBIC,Dynamic,HTTP/1.1
2025-04-29 02:54:18,stallRate,171.232000112534,0.162200417359904,TheEmptinessMachine,CUBIC,Dynamic,HTTP/1.1
2025-04-29 02:54:20,stallRate,173.683000087738,0.159783322981256,TheEmptinessMachine,CUBIC,Dynamic,HTTP/1.1
2025-04-29 02:54:22,stallRate,175.232000112534,0.158279962622502,TheEmptinessMachine,CUBIC,Dynamic,HTTP/1.1
2025-04-29 02:54:24,stallRate,177.233000040054,0.156361918331843,TheEmptinessMachine,CUBIC,Dynamic,HTTP/1.1
2025-04-29 02:54:26,stallRate,179.344000101089,0.154388197871513,TheEmptinessMachine,CUBIC,Dynamic,HTTP/1.1
2025-04-29 02:54:28,stallRate,181.232000112534,0.152668439071171,TheEmptinessMachine,CUBIC,Dynamic,HTTP/1.1
2025-04-29 02:54:30,stallRate,183.232000112534,0.150893582963232,TheEmptinessMachine,CUBIC,Dynamic,HTTP/1.1
2025-04-29 02:54:32,stallRate,185.232000112534,0.149160282767433,TheEmptinessMachine,CUBIC,Dynamic,HTTP/1.1
2025-04-29 02:54:34,stallRate,187.232000112534,0.147475541684156,TheEmptinessMachine,CUBIC,Dynamic,HTTP/1.1
2025-04-29 02:54:36,stallRate,189.233000040054,0.145819360616243,TheEmptinessMachine,CUBIC,Dynamic,HTTP/1.1
2025-04-29 02:54:38,stallRate,191.232000112534,0.144189733071133,TheEmptinessMachine,CUBIC,Dynamic,HTTP/1.1
2025-04-29 02:54:40,stallRate,193.232000112534,0.142608086450899,TheEmptinessMachine,CUBIC,Dynamic,HTTP/1.1
2025-04-29 02:54:42,stallRate,195.232000112534,0.141054337706132,TheEmptinessMachine,CUBIC,Dynamic,HTTP/1.1
2025-04-29 02:54:44,stallRate,197.232000112534,0.139541308261353,TheEmptinessMachine,CUBIC,Dynamic,HTTP/1.1
2025-04-29 02:54:46,stallRate,199.232000112534,0.13805446416658,TheEmptinessMachine,CUBIC,Dynamic,HTTP/1.1
2025-04-29 02:54:52,stallRate,205.233000040054,0.133781711638044,TheEmptinessMachine,CUBIC,Dynamic,HTTP/1.1
2025-04-29 02:55:22,stallRate,1.24199986457825,0.0,TheEmptinessMachine,CUBIC,Dynamic,HTTP/2
2025-04-29 02:55:24,stallRate,3.24199986457825,0.0,TheEmptinessMachine,CUBIC,Dynamic,HTTP/2
2025-04-29 02:55:26,stallRate,5.24199986457825,0.0,TheEmptinessMachine,CUBIC,Dynamic,HTTP/2
2025-04-29 02:55:28,stallRate,7.24199986457825,0.0,TheEmptinessMachine,CUBIC,Dynamic,HTTP/2
2025-04-29 02:55:30,stallRate,9.24199986457825,0.0,TheEmptinessMachine,CUBIC,Dynamic,HTTP/2
2025-04-29 02:55:32,stallRate,11.2419998645782,0.0,TheEmptinessMachine,CUBIC,Dynamic,HTTP/2
2025-04-29 02:55:34,stallRate,13.2419998645782,0.0,TheEmptinessMachine,CUBIC,Dynamic,HTTP/2
2025-04-29 02:55:36,stallRate,15.2419998645782,0.0,TheEmptinessMachine,CUBIC,Dynamic,HTTP/2
2025-04-29 02:55:38,stallRate,17.2419998645782,0.0,TheEmptinessMachine,CUBIC,Dynamic,HTTP/2
2025-04-29 02:55:40,stallRate,19.2419998645782,0.0,TheEmptinessMachine,CUBIC,Dynamic,HTTP/2
2025-04-29 02:55:42,stallRate,21.2419998645782,0.0,TheEmptinessMachine,CUBIC,Dynamic,HTTP/2
2025-04-29 02:55:44,stallRate,23.2419998645782,0.0,TheEmptinessMachine,CUBIC,Dynamic,HTTP/2
2025-04-29 02:55:46,stallRate,25.2419998645782,0.0,TheEmptinessMachine,CUBIC,Dynamic,HTTP/2
2025-04-29 02:55:48,stallRate,27.2419998645782,0.0,TheEmptinessMachine,CUBIC,Dynamic,HTTP/2
2025-04-29 02:55:50,stallRate,29.2419998645782,0.164413155574795,TheEmptinessMachine,CUBIC,Dynamic,HTTP/2
2025-04-29 02:55:54,stallRate,33.2419998645782,0.85482559186299,TheEmptinessMachine,CUBIC,Dynamic,HTTP/2
2025-04-29 02:55:56,stallRate,35.2419998645782,1.13583503250353,TheEmptinessMachine,CUBIC,Dynamic,HTTP/2
2025-04-29 02:55:58,stallRate,37.2419998645782,1.06725198326986,TheEmptinessMachine,CUBIC,Dynamic,HTTP/2
2025-04-29 02:56:00,stallRate,39.2419998645782,1.00614440308695,TheEmptinessMachine,CUBIC,Dynamic,HTTP/2
2025-04-29 02:56:02,stallRate,41.2419998645782,0.952002318012633,TheEmptinessMachine,CUBIC,Dynamic,HTTP/2
2025-04-29 02:56:04,stallRate,43.2529997825623,0.90293931544794,TheEmptinessMachine,CUBIC,Dynamic,HTTP/2
2025-04-29 02:56:06,stallRate,45.2419998645782,0.859347805136589,TheEmptinessMachine,CUBIC,Dynamic,HTTP/2
2025-04-29 02:56:08,stallRate,47.2419998645782,0.81940071787593,TheEmptinessMachine,CUBIC,Dynamic,HTTP/2
2025-04-29 02:56:10,stallRate,49.2419998645782,0.783087595996844,TheEmptinessMachine,CUBIC,Dynamic,HTTP/2
2025-04-29 02:56:12,stallRate,51.2419998645782,0.749730478049066,TheEmptinessMachine,CUBIC,Dynamic,HTTP/2
2025-04-29 02:56:14,stallRate,53.2419998645782,0.719251968178583,TheEmptinessMachine,CUBIC,Dynamic,HTTP/2
2025-04-29 02:56:16,stallRate,55.2419998645782,0.691210889538457,TheEmptinessMachine,CUBIC,Dynamic,HTTP/2
2025-04-29 02:56:18,stallRate,57.2419998645782,0.665152659691764,TheEmptinessMachine,CUBIC,Dynamic,HTTP/2
2025-04-29 02:56:20,stallRate,59.2419998645782,0.640936234357485,TheEmptinessMachine,CUBIC,Dynamic,HTTP/2
2025-04-29 02:56:22,stallRate,61.2419998645782,0.618491437045718,TheEmptinessMachine,CUBIC,Dynamic,HTTP/2
2025-04-29 02:56:24,stallRate,63.2419998645782,0.59756906131201,TheEmptinessMachine,CUBIC,Dynamic,HTTP/2
2025-04-29 02:56:26,stallRate,65.2419998645782,0.578014722355852,TheEmptinessMachine,CUBIC,Dynamic,HTTP/2
2025-04-29 02:56:28,stallRate,67.2419998645782,0.559737146675351,TheEmptinessMachine,CUBIC,Dynamic,HTTP/2
2025-04-29 02:56:30,stallRate,69.242999792099,0.542501589720228,TheEmptinessMachine,CUBIC,Dynamic,HTTP/2
2025-04-29 02:56:32,stallRate,71.2419998645782,0.532274402645289,TheEmptinessMachine,CUBIC,Dynamic,HTTP/2
2025-04-29 02:56:34,stallRate,73.2419998645782,0.516694513848352,TheEmptinessMachine,CUBIC,Dynamic,HTTP/2
2025-04-29 02:56:36,stallRate,75.242999792099,0.501945957218362,TheEmptinessMachine,CUBIC,Dynamic,HTTP/2
2025-04-29 02:56:38,stallRate,77.2419998645782,0.488108788227469,TheEmptinessMachine,CUBIC,Dynamic,HTTP/2
2025-04-29 02:56:40,stallRate,79.2419998645782,0.47502909116091,TheEmptinessMachine,CUBIC,Dynamic,HTTP/2
2025-04-29 02:56:42,stallRate,81.2419998645782,0.462629037252171,TheEmptinessMachine,CUBIC,Dynamic,HTTP/2
2025-04-29 02:56:44,stallRate,83.2419998645782,0.450825413850674,TheEmptinessMachine,CUBIC,Dynamic,HTTP/2
2025-04-29 02:56:46,stallRate,85.2419998645782,0.439570215324655,TheEmptinessMachine,CUBIC,Dynamic,HTTP/2
2025-04-29 02:56:48,stallRate,87.2419998645782,0.428912115664716,TheEmptinessMachine,CUBIC,Dynamic,HTTP/2
2025-04-29 02:56:50,stallRate,89.2419998645782,0.418724461675671,TheEmptinessMachine,CUBIC,Dynamic,HTTP/2
2025-04-29 02:56:52,stallRate,91.2419998645782,0.409029225184546,TheEmptinessMachine,CUBIC,Dynamic,HTTP/2
2025-04-29 02:56:54,stallRate,93.2419998645782,0.399738662361341,TheEmptinessMachine,CUBIC,Dynamic,HTTP/2
2025-04-29 02:56:56,stallRate,95.2419998645782,0.390861792930045,TheEmptinessMachine,CUBIC,Dynamic,HTTP/2
2025-04-29 02:56:58,stallRate,97.2419998645782,0.382440849897556,TheEmptinessMachine,CUBIC,Dynamic,HTTP/2
2025-04-29 02:57:00,stallRate,99.2419998645782,0.374351944267169,TheEmptinessMachine,CUBIC,Dynamic,HTTP/2
2025-04-29 02:57:02,stallRate,101.241999864578,0.366562341004178,TheEmptinessMachine,CUBIC,Dynamic,HTTP/2
2025-04-29 02:57:04,stallRate,103.250999927521,0.359589392894876,TheEmptinessMachine,CUBIC,Dynamic,HTTP/2
2025-04-29 02:57:06,stallRate,105.24599981308,0.35354094781933,TheEmptinessMachine,CUBIC,Dynamic,HTTP/2
2025-04-29 02:57:08,stallRate,107.241999864578,0.35028566182511,TheEmptinessMachine,CUBIC,Dynamic,HTTP/2
2025-04-29 02:57:10,stallRate,109.241999864578,0.343497724711793,TheEmptinessMachine,CUBIC,Dynamic,HTTP/2
2025-04-29 02:57:12,stallRate,111.241999864578,0.336938161458832,TheEmptinessMachine,CUBIC,Dynamic,HTTP/2
2025-04-29 02:57:14,stallRate,113.241999864578,0.330611256968903,TheEmptinessMachine,CUBIC,Dynamic,HTTP/2
2025-04-29 02:57:16,stallRate,115.241999864578,0.324534595842809,TheEmptinessMachine,CUBIC,Dynamic,HTTP/2
2025-04-29 02:57:18,stallRate,117.240999937057,0.318681600863703,TheEmptinessMachine,CUBIC,Dynamic,HTTP/2
2025-04-29 02:57:20,stallRate,119.241999864578,0.313033217787625,TheEmptinessMachine,CUBIC,Dynamic,HTTP/2
2025-04-29 02:57:22,stallRate,121.241999864578,0.307563727888053,TheEmptinessMachine,CUBIC,Dynamic,HTTP/2
2025-04-29 02:57:24,stallRate,123.241999864578,0.302329080924792,TheEmptinessMachine,CUBIC,Dynamic,HTTP/2
2025-04-29 02:57:26,stallRate,125.242999792099,0.297219473119808,TheEmptinessMachine,CUBIC,Dynamic,HTTP/2
2025-04-29 02:57:28,stallRate,127.241999864578,0.292300280144058,TheEmptinessMachine,CUBIC,Dynamic,HTTP/2
2025-04-29 02:57:30,stallRate,129.241999864578,0.287566130643566,TheEmptinessMachine,CUBIC,Dynamic,HTTP/2
2025-04-29 02:57:32,stallRate,131.241999864578,0.282954372750257,TheEmptinessMachine,CUBIC,Dynamic,HTTP/2
2025-04-29 02:57:34,stallRate,133.241999864578,0.278493803323696,TheEmptinessMachine,CUBIC,Dynamic,HTTP/2
2025-04-29 02:57:36,stallRate,135.241999864578,0.274154497671474,TheEmptinessMachine,CUBIC,Dynamic,HTTP/2
2025-04-29 02:57:38,stallRate,137.241999864578,0.269973515078458,TheEmptinessMachine,CUBIC,Dynamic,HTTP/2
2025-04-29 02:57:40,stallRate,139.241999864578,0.265902135291317,TheEmptinessMachine,CUBIC,Dynamic,HTTP/2
2025-04-29 02:57:42,stallRate,141.241999864578,0.263158682942404,TheEmptinessMachine,CUBIC,Dynamic,HTTP/2
2025-04-29 02:57:44,stallRate,143.241999864578,0.260671672817486,TheEmptinessMachine,CUBIC,Dynamic,HTTP/2
2025-04-29 02:57:46,stallRate,145.250999927521,0.256865023190193,TheEmptinessMachine,CUBIC,Dynamic,HTTP/2
2025-04-29 02:57:48,stallRate,147.241999864578,0.25318774082455,TheEmptinessMachine,CUBIC,Dynamic,HTTP/2
2025-04-29 02:57:50,stallRate,149.241999864578,0.249597693321627,TheEmptinessMachine,CUBIC,Dynamic,HTTP/2
2025-04-29 02:57:52,stallRate,151.241999864578,0.246115963291868,TheEmptinessMachine,CUBIC,Dynamic,HTTP/2
2025-04-29 02:57:54,stallRate,153.241999864578,0.242733552561458,TheEmptinessMachine,CUBIC,Dynamic,HTTP/2
2025-04-29 02:57:56,stallRate,155.241999864578,0.239461830282616,TheEmptinessMachine,CUBIC,Dynamic,HTTP/2
2025-04-29 02:57:58,stallRate,157.241999864578,0.236259909312231,TheEmptinessMachine,CUBIC,Dynamic,HTTP/2
2025-04-29 02:58:00,stallRate,159.241999864578,0.233126888648791,TheEmptinessMachine,CUBIC,Dynamic,HTTP/2
2025-04-29 02:58:02,stallRate,161.241999864578,0.230095111625492,TheEmptinessMachine,CUBIC,Dynamic,HTTP/2
2025-04-29 02:58:04,stallRate,163.241999864578,0.227147088074381,TheEmptinessMachine,CUBIC,Dynamic,HTTP/2
2025-04-29 02:58:06,stallRate,165.241999864578,0.224259621020334,TheEmptinessMachine,CUBIC,Dynamic,HTTP/2
2025-04-29 02:58:08,stallRate,167.241999864578,0.221455117245639,TheEmptinessMachine,CUBIC,Dynamic,HTTP/2
2025-04-29 02:58:10,stallRate,169.241999864578,0.218723340964151,TheEmptinessMachine,CUBIC,Dynamic,HTTP/2
2025-04-29 02:58:12,stallRate,171.241999864578,0.216020959611017,TheEmptinessMachine,CUBIC,Dynamic,HTTP/2
2025-04-29 02:58:14,stallRate,173.241999864578,0.213411039765215,TheEmptinessMachine,CUBIC,Dynamic,HTTP/2
2025-04-29 02:58:16,stallRate,175.241999864578,0.210869941915524,TheEmptinessMachine,CUBIC,Dynamic,HTTP/2
2025-04-29 02:58:18,stallRate,177.241999864578,0.208388210763879,TheEmptinessMachine,CUBIC,Dynamic,HTTP/2
2025-04-29 02:58:20,stallRate,179.241999864578,0.20595967528817,TheEmptinessMachine,CUBIC,Dynamic,HTTP/2
2025-04-29 02:58:22,stallRate,181.241999864578,0.203591465272891,TheEmptinessMachine,CUBIC,Dynamic,HTTP/2
2025-04-29 02:58:24,stallRate,183.241999864578,0.201266045482498,TheEmptinessMachine,CUBIC,Dynamic,HTTP/2
2025-04-29 02:58:26,stallRate,185.241999864578,0.19899033812333,TheEmptinessMachine,CUBIC,Dynamic,HTTP/2
2025-04-29 02:58:28,stallRate,187.241999864578,0.196771700637235,TheEmptinessMachine,CUBIC,Dynamic,HTTP/2
2025-04-29 02:58:30,stallRate,189.241999864578,0.194605881985964,TheEmptinessMachine,CUBIC,Dynamic,HTTP/2
2025-04-29 02:58:32,stallRate,191.241999864578,0.192485571470709,TheEmptinessMachine,CUBIC,Dynamic,HTTP/2
2025-04-29 02:58:34,stallRate,193.241999864578,0.190415489185194,TheEmptinessMachine,CUBIC,Dynamic,HTTP/2
2025-04-29 02:58:36,stallRate,195.241999864578,0.18838081431227,TheEmptinessMachine,CUBIC,Dynamic,HTTP/2
2025-04-29 02:58:38,stallRate,197.241999864578,0.18638645373654,TheEmptinessMachine,CUBIC,Dynamic,HTTP/2
2025-04-29 02:58:40,stallRate,199.241999864578,0.184450159115195,TheEmptinessMachine,CUBIC,Dynamic,HTTP/2
2025-04-29 02:58:42,stallRate,201.241999864578,0.182547339378251,TheEmptinessMachine,CUBIC,Dynamic,HTTP/2
2025-04-29 02:59:16,stallRate,1.31499981880188,0.0,TheEmptinessMachine,CUBIC,Dynamic,HTTP/3
2025-04-29 02:59:18,stallRate,3.31399989128113,0.0,TheEmptinessMachine,CUBIC,Dynamic,HTTP/3
2025-04-29 02:59:20,stallRate,5.31399989128113,0.0,TheEmptinessMachine,CUBIC,Dynamic,HTTP/3
2025-04-29 02:59:23,stallRate,7.31399989128113,0.0,TheEmptinessMachine,CUBIC,Dynamic,HTTP/3
2025-04-29 02:59:24,stallRate,9.32599997520447,0.0,TheEmptinessMachine,CUBIC,Dynamic,HTTP/3
2025-04-29 02:59:26,stallRate,11.3139998912811,0.0,TheEmptinessMachine,CUBIC,Dynamic,HTTP/3
2025-04-29 02:59:28,stallRate,13.3139998912811,0.0,TheEmptinessMachine,CUBIC,Dynamic,HTTP/3
2025-04-29 02:59:30,stallRate,15.3139998912811,0.0,TheEmptinessMachine,CUBIC,Dynamic,HTTP/3
2025-04-29 02:59:32,stallRate,17.3139998912811,0.0,TheEmptinessMachine,CUBIC,Dynamic,HTTP/3
2025-04-29 02:59:34,stallRate,19.3139998912811,0.0,TheEmptinessMachine,CUBIC,Dynamic,HTTP/3
2025-04-29 02:59:36,stallRate,21.3139998912811,0.0,TheEmptinessMachine,CUBIC,Dynamic,HTTP/3
2025-04-29 02:59:38,stallRate,23.3139998912811,0.0,TheEmptinessMachine,CUBIC,Dynamic,HTTP/3
2025-04-29 02:59:40,stallRate,25.3139998912811,0.0,TheEmptinessMachine,CUBIC,Dynamic,HTTP/3
2025-04-29 02:59:42,stallRate,27.3139998912811,0.0,TheEmptinessMachine,CUBIC,Dynamic,HTTP/3
2025-04-29 02:59:44,stallRate,29.3139998912811,0.0,TheEmptinessMachine,CUBIC,Dynamic,HTTP/3
2025-04-29 02:59:46,stallRate,31.3139998912811,0.0,TheEmptinessMachine,CUBIC,Dynamic,HTTP/3
2025-04-29 02:59:48,stallRate,33.3139998912811,0.0,TheEmptinessMachine,CUBIC,Dynamic,HTTP/3
2025-04-29 02:59:50,stallRate,35.3139998912811,0.0,TheEmptinessMachine,CUBIC,Dynamic,HTTP/3
2025-04-29 02:59:52,stallRate,37.3139998912811,0.0,TheEmptinessMachine,CUBIC,Dynamic,HTTP/3
2025-04-29 02:59:54,stallRate,39.3139998912811,0.0,TheEmptinessMachine,CUBIC,Dynamic,HTTP/3
2025-04-29 02:59:56,stallRate,41.3139998912811,0.0,TheEmptinessMachine,CUBIC,Dynamic,HTTP/3
2025-04-29 02:59:58,stallRate,43.3139998912811,0.0,TheEmptinessMachine,CUBIC,Dynamic,HTTP/3
2025-04-29 03:00:00,stallRate,45.3139998912811,0.0,TheEmptinessMachine,CUBIC,Dynamic,HTTP/3
2025-04-29 03:00:02,stallRate,47.3139998912811,0.0,TheEmptinessMachine,CUBIC,Dynamic,HTTP/3
2025-04-29 03:00:04,stallRate,49.3139998912811,0.0,TheEmptinessMachine,CUBIC,Dynamic,HTTP/3
2025-04-29 03:00:06,stallRate,51.3139998912811,0.0,TheEmptinessMachine,CUBIC,Dynamic,HTTP/3
2025-04-29 03:00:08,stallRate,53.3139998912811,0.0,TheEmptinessMachine,CUBIC,Dynamic,HTTP/3
2025-04-29 03:00:10,stallRate,55.3139998912811,0.0,TheEmptinessMachine,CUBIC,Dynamic,HTTP/3
2025-04-29 03:00:12,stallRate,57.3139998912811,0.0,TheEmptinessMachine,CUBIC,Dynamic,HTTP/3
2025-04-29 03:00:14,stallRate,59.3139998912811,0.0,TheEmptinessMachine,CUBIC,Dynamic,HTTP/3
2025-04-29 03:00:16,stallRate,61.3139998912811,0.0,TheEmptinessMachine,CUBIC,Dynamic,HTTP/3
2025-04-29 03:00:18,stallRate,63.3179998397827,0.0,TheEmptinessMachine,CUBIC,Dynamic,HTTP/3
2025-04-29 03:00:20,stallRate,65.3139998912811,0.0,TheEmptinessMachine,CUBIC,Dynamic,HTTP/3
2025-04-29 03:00:22,stallRate,67.3139998912811,0.0,TheEmptinessMachine,CUBIC,Dynamic,HTTP/3
2025-04-29 03:00:24,stallRate,69.3139998912811,0.0,TheEmptinessMachine,CUBIC,Dynamic,HTTP/3
2025-04-29 03:00:26,stallRate,71.3139998912811,0.0,TheEmptinessMachine,CUBIC,Dynamic,HTTP/3
2025-04-29 03:00:28,stallRate,73.3139998912811,0.0,TheEmptinessMachine,CUBIC,Dynamic,HTTP/3
2025-04-29 03:00:30,stallRate,75.3139998912811,0.0,TheEmptinessMachine,CUBIC,Dynamic,HTTP/3
2025-04-29 03:00:32,stallRate,77.3139998912811,0.0,TheEmptinessMachine,CUBIC,Dynamic,HTTP/3
2025-04-29 03:00:34,stallRate,79.3139998912811,0.0,TheEmptinessMachine,CUBIC,Dynamic,HTTP/3
2025-04-29 03:00:36,stallRate,81.316999912262,0.0,TheEmptinessMachine,CUBIC,Dynamic,HTTP/3
2025-04-29 03:00:38,stallRate,83.3149998188019,0.0,TheEmptinessMachine,CUBIC,Dynamic,HTTP/3
2025-04-29 03:00:40,stallRate,85.3149998188019,0.0,TheEmptinessMachine,CUBIC,Dynamic,HTTP/3
2025-04-29 03:00:42,stallRate,87.3139998912811,0.0,TheEmptinessMachine,CUBIC,Dynamic,HTTP/3
2025-04-29 03:00:44,stallRate,89.3149998188019,0.0,TheEmptinessMachine,CUBIC,Dynamic,HTTP/3
2025-04-29 03:00:46,stallRate,91.3139998912811,0.0,TheEmptinessMachine,CUBIC,Dynamic,HTTP/3
2025-04-29 03:00:48,stallRate,93.3139998912811,0.0,TheEmptinessMachine,CUBIC,Dynamic,HTTP/3
2025-04-29 03:00:50,stallRate,95.3149998188019,0.0,TheEmptinessMachine,CUBIC,Dynamic,HTTP/3
2025-04-29 03:00:52,stallRate,97.3139998912811,0.0,TheEmptinessMachine,CUBIC,Dynamic,HTTP/3
2025-04-29 03:00:54,stallRate,99.3139998912811,0.0,TheEmptinessMachine,CUBIC,Dynamic,HTTP/3
2025-04-29 03:00:56,stallRate,101.313999891281,0.0,TheEmptinessMachine,CUBIC,Dynamic,HTTP/3
2025-04-29 03:00:58,stallRate,103.313999891281,0.0,TheEmptinessMachine,CUBIC,Dynamic,HTTP/3
2025-04-29 03:01:00,stallRate,105.313999891281,0.0,TheEmptinessMachine,CUBIC,Dynamic,HTTP/3
2025-04-29 03:01:02,stallRate,107.313999891281,0.0,TheEmptinessMachine,CUBIC,Dynamic,HTTP/3
2025-04-29 03:01:04,stallRate,109.313999891281,0.0,TheEmptinessMachine,CUBIC,Dynamic,HTTP/3
2025-04-29 03:01:06,stallRate,111.313999891281,0.0,TheEmptinessMachine,CUBIC,Dynamic,HTTP/3
2025-04-29 03:01:08,stallRate,113.313999891281,0.0,TheEmptinessMachine,CUBIC,Dynamic,HTTP/3
2025-04-29 03:01:10,stallRate,115.314999818802,0.0,TheEmptinessMachine,CUBIC,Dynamic,HTTP/3
2025-04-29 03:01:12,stallRate,117.313999891281,0.0,TheEmptinessMachine,CUBIC,Dynamic,HTTP/3
2025-04-29 03:01:14,stallRate,119.313999891281,0.0,TheEmptinessMachine,CUBIC,Dynamic,HTTP/3
2025-04-29 03:01:16,stallRate,121.313999891281,0.0,TheEmptinessMachine,CUBIC,Dynamic,HTTP/3
2025-04-29 03:01:18,stallRate,123.314999818802,0.0,TheEmptinessMachine,CUBIC,Dynamic,HTTP/3
2025-04-29 03:01:20,stallRate,125.314999818802,0.0,TheEmptinessMachine,CUBIC,Dynamic,HTTP/3
2025-04-29 03:01:22,stallRate,127.313999891281,0.0,TheEmptinessMachine,CUBIC,Dynamic,HTTP/3
2025-04-29 03:01:24,stallRate,129.313999891281,0.0,TheEmptinessMachine,CUBIC,Dynamic,HTTP/3
2025-04-29 03:01:26,stallRate,131.313999891281,0.0,TheEmptinessMachine,CUBIC,Dynamic,HTTP/3
2025-04-29 03:01:28,stallRate,133.313999891281,0.0,TheEmptinessMachine,CUBIC,Dynamic,HTTP/3
2025-04-29 03:01:30,stallRate,135.313999891281,0.0,TheEmptinessMachine,CUBIC,Dynamic,HTTP/3
2025-04-29 03:01:32,stallRate,137.314999818802,0.0,TheEmptinessMachine,CUBIC,Dynamic,HTTP/3
2025-04-29 03:01:34,stallRate,139.313999891281,0.0,TheEmptinessMachine,CUBIC,Dynamic,HTTP/3
2025-04-29 03:01:36,stallRate,141.313999891281,0.0,TheEmptinessMachine,CUBIC,Dynamic,HTTP/3
2025-04-29 03:01:38,stallRate,143.313999891281,0.0,TheEmptinessMachine,CUBIC,Dynamic,HTTP/3
2025-04-29 03:01:40,stallRate,145.314999818802,0.0,TheEmptinessMachine,CUBIC,Dynamic,HTTP/3
2025-04-29 03:01:42,stallRate,147.313999891281,0.0,TheEmptinessMachine,CUBIC,Dynamic,HTTP/3
2025-04-29 03:01:44,stallRate,149.314999818802,0.0,TheEmptinessMachine,CUBIC,Dynamic,HTTP/3
2025-04-29 03:01:46,stallRate,151.313999891281,0.0,TheEmptinessMachine,CUBIC,Dynamic,HTTP/3
2025-04-29 03:01:48,stallRate,153.314999818802,0.0,TheEmptinessMachine,CUBIC,Dynamic,HTTP/3
2025-04-29 03:01:50,stallRate,155.313999891281,0.0,TheEmptinessMachine,CUBIC,Dynamic,HTTP/3
2025-04-29 03:01:52,stallRate,157.313999891281,0.0,TheEmptinessMachine,CUBIC,Dynamic,HTTP/3
2025-04-29 03:01:54,stallRate,159.313999891281,0.0,TheEmptinessMachine,CUBIC,Dynamic,HTTP/3
2025-04-29 03:01:56,stallRate,161.313999891281,0.0,TheEmptinessMachine,CUBIC,Dynamic,HTTP/3
2025-04-29 03:01:58,stallRate,163.313999891281,0.0,TheEmptinessMachine,CUBIC,Dynamic,HTTP/3
2025-04-29 03:02:00,stallRate,165.313999891281,0.0,TheEmptinessMachine,CUBIC,Dynamic,HTTP/3
2025-04-29 03:02:02,stallRate,167.313999891281,0.0,TheEmptinessMachine,CUBIC,Dynamic,HTTP/3
2025-04-29 03:02:04,stallRate,169.313999891281,0.0,TheEmptinessMachine,CUBIC,Dynamic,HTTP/3
2025-04-29 03:02:06,stallRate,171.313999891281,0.0,TheEmptinessMachine,CUBIC,Dynamic,HTTP/3
2025-04-29 03:02:08,stallRate,173.313999891281,0.0,TheEmptinessMachine,CUBIC,Dynamic,HTTP/3
2025-04-29 03:02:10,stallRate,175.315999984741,0.0,TheEmptinessMachine,CUBIC,Dynamic,HTTP/3
2025-04-29 03:02:12,stallRate,177.313999891281,0.0,TheEmptinessMachine,CUBIC,Dynamic,HTTP/3
2025-04-29 03:02:14,stallRate,179.314999818802,0.0,TheEmptinessMachine,CUBIC,Dynamic,HTTP/3
2025-04-29 03:02:16,stallRate,181.313999891281,0.0,TheEmptinessMachine,CUBIC,Dynamic,HTTP/3
2025-04-29 03:02:18,stallRate,183.313999891281,0.0,TheEmptinessMachine,CUBIC,Dynamic,HTTP/3
2025-04-29 03:02:20,stallRate,185.314999818802,0.0,TheEmptinessMachine,CUBIC,Dynamic,HTTP/3
2025-04-29 03:02:22,stallRate,187.314999818802,0.0,TheEmptinessMachine,CUBIC,Dynamic,HTTP/3
2025-04-29 03:02:24,stallRate,189.315999984741,0.0,TheEmptinessMachine,CUBIC,Dynamic,HTTP/3
2025-04-29 03:02:26,stallRate,191.313999891281,0.0,TheEmptinessMachine,CUBIC,Dynamic,HTTP/3
2025-04-29 03:02:28,stallRate,193.313999891281,0.0,TheEmptinessMachine,CUBIC,Dynamic,HTTP/3
2025-04-29 03:02:30,stallRate,195.313999891281,0.0,TheEmptinessMachine,CUBIC,Dynamic,HTTP/3
2025-04-29 03:02:32,stallRate,197.313999891281,0.0,TheEmptinessMachine,CUBIC,Dynamic,HTTP/3
2025-04-29 03:02:34,stallRate,199.313999891281,0.0,TheEmptinessMachine,CUBIC,Dynamic,HTTP/3
2025-04-29 03:02:36,stallRate,201.313999891281,0.0,TheEmptinessMachine,CUBIC,Dynamic,HTTP/3
2025-04-29 03:02:38,stallRate,203.314999818802,0.0,TheEmptinessMachine,CUBIC,Dynamic,HTTP/3
2025-04-29 03:02:40,stallRate,205.313999891281,0.0,TheEmptinessMachine,CUBIC,Dynamic,HTTP/3
2025-04-29 03:03:10,stallRate,1.22699999809265,0.0,TheEmptinessMachine,CUBIC,Bola,HTTP/1.1
2025-04-29 03:03:12,stallRate,3.22699999809265,0.0,TheEmptinessMachine,CUBIC,Bola,HTTP/1.1
2025-04-29 03:03:14,stallRate,5.22699999809265,0.0,TheEmptinessMachine,CUBIC,Bola,HTTP/1.1
2025-04-29 03:03:16,stallRate,7.22699999809265,0.0,TheEmptinessMachine,CUBIC,Bola,HTTP/1.1
2025-04-29 03:03:18,stallRate,9.22699999809265,0.0,TheEmptinessMachine,CUBIC,Bola,HTTP/1.1
2025-04-29 03:03:20,stallRate,11.2260000705719,0.0,TheEmptinessMachine,CUBIC,Bola,HTTP/1.1
2025-04-29 03:03:22,stallRate,13.2260000705719,0.0,TheEmptinessMachine,CUBIC,Bola,HTTP/1.1
2025-04-29 03:03:24,stallRate,15.2269999980927,0.0,TheEmptinessMachine,CUBIC,Bola,HTTP/1.1
2025-04-29 03:03:26,stallRate,17.2260000705719,0.0,TheEmptinessMachine,CUBIC,Bola,HTTP/1.1
2025-04-29 03:03:28,stallRate,19.2269999980927,0.0,TheEmptinessMachine,CUBIC,Bola,HTTP/1.1
2025-04-29 03:03:30,stallRate,21.2269999980927,0.0,TheEmptinessMachine,CUBIC,Bola,HTTP/1.1
2025-04-29 03:03:32,stallRate,23.2269999980927,0.0,TheEmptinessMachine,CUBIC,Bola,HTTP/1.1
2025-04-29 03:03:34,stallRate,25.2269999980927,0.0,TheEmptinessMachine,CUBIC,Bola,HTTP/1.1
2025-04-29 03:03:36,stallRate,27.2269999980927,0.0,TheEmptinessMachine,CUBIC,Bola,HTTP/1.1
2025-04-29 03:03:38,stallRate,29.2260000705719,0.0,TheEmptinessMachine,CUBIC,Bola,HTTP/1.1
2025-04-29 03:03:40,stallRate,31.2260000705719,0.0,TheEmptinessMachine,CUBIC,Bola,HTTP/1.1
2025-04-29 03:03:42,stallRate,33.2269999980927,0.0,TheEmptinessMachine,CUBIC,Bola,HTTP/1.1
2025-04-29 03:03:44,stallRate,35.2260000705719,0.0,TheEmptinessMachine,CUBIC,Bola,HTTP/1.1
2025-04-29 03:03:46,stallRate,37.2260000705719,0.0,TheEmptinessMachine,CUBIC,Bola,HTTP/1.1
2025-04-29 03:03:48,stallRate,39.2269999980927,0.0,TheEmptinessMachine,CUBIC,Bola,HTTP/1.1
2025-04-29 03:03:50,stallRate,41.228000164032,0.0,TheEmptinessMachine,CUBIC,Bola,HTTP/1.1
2025-04-29 03:03:52,stallRate,43.2269999980927,0.2403183978453,TheEmptinessMachine,CUBIC,Bola,HTTP/1.1
2025-04-29 03:03:54,stallRate,45.2269999980927,0.226609456843187,TheEmptinessMachine,CUBIC,Bola,HTTP/1.1
2025-04-29 03:03:56,stallRate,47.2260000705719,0.214452886054663,TheEmptinessMachine,CUBIC,Bola,HTTP/1.1
2025-04-29 03:03:58,stallRate,49.2269999980927,0.203558192109108,TheEmptinessMachine,CUBIC,Bola,HTTP/1.1
2025-04-29 03:04:00,stallRate,51.2269999980927,0.193678062369125,TheEmptinessMachine,CUBIC,Bola,HTTP/1.1
2025-04-29 03:04:02,stallRate,53.2269999980927,0.184752816550911,TheEmptinessMachine,CUBIC,Bola,HTTP/1.1
2025-04-29 03:04:04,stallRate,55.2260000705719,0.176628627998932,TheEmptinessMachine,CUBIC,Bola,HTTP/1.1
2025-04-29 03:04:06,stallRate,57.2260000705719,0.169151487928374,TheEmptinessMachine,CUBIC,Bola,HTTP/1.1
2025-04-29 03:04:08,stallRate,59.2260000705719,0.16227076186954,TheEmptinessMachine,CUBIC,Bola,HTTP/1.1
2025-04-29 03:04:10,stallRate,61.2260000705719,0.155944504107292,TheEmptinessMachine,CUBIC,Bola,HTTP/1.1
2025-04-29 03:04:12,stallRate,63.2260000705719,0.150093217268747,TheEmptinessMachine,CUBIC,Bola,HTTP/1.1
2025-04-29 03:04:14,stallRate,65.2260000705719,0.144666439516242,TheEmptinessMachine,CUBIC,Bola,HTTP/1.1
2025-04-29 03:04:16,stallRate,67.2269999980927,0.139627920564486,TheEmptinessMachine,CUBIC,Bola,HTTP/1.1
2025-04-29 03:04:18,stallRate,69.2269999980927,0.134912577240188,TheEmptinessMachine,CUBIC,Bola,HTTP/1.1
2025-04-29 03:04:20,stallRate,71.2269999980927,0.130518356917454,TheEmptinessMachine,CUBIC,Bola,HTTP/1.1
2025-04-29 03:04:22,stallRate,73.2260000705719,0.12638724416516,TheEmptinessMachine,CUBIC,Bola,HTTP/1.1
2025-04-29 03:04:24,stallRate,75.2269999980927,0.122506029899922,TheEmptinessMachine,CUBIC,Bola,HTTP/1.1
2025-04-29 03:04:26,stallRate,77.2269999980927,0.118868317158201,TheEmptinessMachine,CUBIC,Bola,HTTP/1.1
2025-04-29 03:04:28,stallRate,79.2269999980927,0.115422085944004,TheEmptinessMachine,CUBIC,Bola,HTTP/1.1
2025-04-29 03:04:30,stallRate,81.2269999980927,0.112192948760118,TheEmptinessMachine,CUBIC,Bola,HTTP/1.1
2025-04-29 03:04:32,stallRate,83.2260000705719,0.109125641302405,TheEmptinessMachine,CUBIC,Bola,HTTP/1.1
2025-04-29 03:04:34,stallRate,85.2269999980927,0.106245261129335,TheEmptinessMachine,CUBIC,Bola,HTTP/1.1
2025-04-29 03:04:36,stallRate,87.2260000705719,0.10350302628617,TheEmptinessMachine,CUBIC,Bola,HTTP/1.1
2025-04-29 03:04:38,stallRate,89.2269999980927,0.100885816562672,TheEmptinessMachine,CUBIC,Bola,HTTP/1.1
2025-04-29 03:04:40,stallRate,91.2260000705719,0.0983900812270363,TheEmptinessMachine,CUBIC,Bola,HTTP/1.1
2025-04-29 03:04:42,stallRate,93.2260000705719,0.0960293531003014,TheEmptinessMachine,CUBIC,Bola,HTTP/1.1
2025-04-29 03:04:44,stallRate,95.2260000705719,0.0937849587097045,TheEmptinessMachine,CUBIC,Bola,HTTP/1.1
2025-04-29 03:04:46,stallRate,97.2269999980927,0.0916456973673929,TheEmptinessMachine,CUBIC,Bola,HTTP/1.1
2025-04-29 03:04:48,stallRate,99.2269999980927,0.0895909223610535,TheEmptinessMachine,CUBIC,Bola,HTTP/1.1
2025-04-29 03:04:50,stallRate,101.226999998093,0.0877228465962821,TheEmptinessMachine,CUBIC,Bola,HTTP/1.1
2025-04-29 03:04:52,stallRate,103.228000164032,0.0860112043785533,TheEmptinessMachine,CUBIC,Bola,HTTP/1.1
2025-04-29 03:04:54,stallRate,105.226999998093,0.0842045274079825,TheEmptinessMachine,CUBIC,Bola,HTTP/1.1
2025-04-29 03:04:56,stallRate,107.226999998093,0.082469343258682,TheEmptinessMachine,CUBIC,Bola,HTTP/1.1
2025-04-29 03:04:58,stallRate,109.226999998093,0.0807967137714184,TheEmptinessMachine,CUBIC,Bola,HTTP/1.1
2025-04-29 03:05:00,stallRate,111.226999998093,0.079198859187951,TheEmptinessMachine,CUBIC,Bola,HTTP/1.1
2025-04-29 03:05:02,stallRate,113.226999998093,0.0782454950058427,TheEmptinessMachine,CUBIC,Bola,HTTP/1.1
2025-04-29 03:05:04,stallRate,115.226999998093,0.0767455740036017,TheEmptinessMachine,CUBIC,Bola,HTTP/1.1
2025-04-29 03:05:06,stallRate,117.226000070572,0.0753027733907883,TheEmptinessMachine,CUBIC,Bola,HTTP/1.1
2025-04-29 03:05:08,stallRate,119.226999998093,0.0739118341762115,TheEmptinessMachine,CUBIC,Bola,HTTP/1.1
2025-04-29 03:05:10,stallRate,121.226999998093,0.0725662580959551,TheEmptinessMachine,CUBIC,Bola,HTTP/1.1
2025-04-29 03:05:12,stallRate,123.226999998093,0.0712758527318273,TheEmptinessMachine,CUBIC,Bola,HTTP/1.1
2025-04-29 03:05:14,stallRate,125.226999998093,0.0700254888402771,TheEmptinessMachine,CUBIC,Bola,HTTP/1.1
2025-04-29 03:05:16,stallRate,127.226000070572,0.0688213868653594,TheEmptinessMachine,CUBIC,Bola,HTTP/1.1
2025-04-29 03:05:18,stallRate,129.226999998093,0.0676577106097196,TheEmptinessMachine,CUBIC,Bola,HTTP/1.1
2025-04-29 03:05:20,stallRate,131.226999998093,0.0665332646987249,TheEmptinessMachine,CUBIC,Bola,HTTP/1.1
2025-04-29 03:05:22,stallRate,133.226999998093,0.0654473514221781,TheEmptinessMachine,CUBIC,Bola,HTTP/1.1
2025-04-29 03:05:24,stallRate,135.226999998093,0.0643963352303192,TheEmptinessMachine,CUBIC,Bola,HTTP/1.1
2025-04-29 03:05:26,stallRate,137.226000070572,0.0633769463109712,TheEmptinessMachine,CUBIC,Bola,HTTP/1.1
2025-04-29 03:05:28,stallRate,139.226999998093,0.0623848886706278,TheEmptinessMachine,CUBIC,Bola,HTTP/1.1
2025-04-29 03:05:30,stallRate,141.226999998093,0.0614235720543666,TheEmptinessMachine,CUBIC,Bola,HTTP/1.1
2025-04-29 03:05:32,stallRate,143.226999998093,0.0604940718720937,TheEmptinessMachine,CUBIC,Bola,HTTP/1.1
2025-04-29 03:05:34,stallRate,145.228000164032,0.059594168332215,TheEmptinessMachine,CUBIC,Bola,HTTP/1.1
2025-04-29 03:05:36,stallRate,147.228000164032,0.0587183195674319,TheEmptinessMachine,CUBIC,Bola,HTTP/1.1
2025-04-29 03:05:38,stallRate,149.226999998093,0.0583969768527541,TheEmptinessMachine,CUBIC,Bola,HTTP/1.1
2025-04-29 03:05:40,stallRate,151.226999998093,0.057555280191919,TheEmptinessMachine,CUBIC,Bola,HTTP/1.1
2025-04-29 03:05:42,stallRate,153.226999998093,0.0567370039796771,TheEmptinessMachine,CUBIC,Bola,HTTP/1.1
2025-04-29 03:05:44,stallRate,155.226999998093,0.0559432789975466,TheEmptinessMachine,CUBIC,Bola,HTTP/1.1
2025-04-29 03:05:46,stallRate,157.226999998093,0.0551688342869536,TheEmptinessMachine,CUBIC,Bola,HTTP/1.1
2025-04-29 03:05:48,stallRate,159.226999998093,0.0544229656425114,TheEmptinessMachine,CUBIC,Bola,HTTP/1.1
2025-04-29 03:05:50,stallRate,161.226999998093,0.0536898781499575,TheEmptinessMachine,CUBIC,Bola,HTTP/1.1
2025-04-29 03:05:52,stallRate,163.226999998093,0.0529824938555291,TheEmptinessMachine,CUBIC,Bola,HTTP/1.1
2025-04-29 03:05:54,stallRate,165.226000070572,0.0522910964812906,TheEmptinessMachine,CUBIC,Bola,HTTP/1.1
2025-04-29 03:05:56,stallRate,167.226999998093,0.0516149381863775,TheEmptinessMachine,CUBIC,Bola,HTTP/1.1
2025-04-29 03:05:58,stallRate,169.226000070572,0.050957635051579,TheEmptinessMachine,CUBIC,Bola,HTTP/1.1
2025-04-29 03:06:00,stallRate,171.226999998093,0.0503164112931716,TheEmptinessMachine,CUBIC,Bola,HTTP/1.1
2025-04-29 03:06:02,stallRate,173.226999998093,0.0496914055018464,TheEmptinessMachine,CUBIC,Bola,HTTP/1.1
2025-04-29 03:06:04,stallRate,175.226999998093,0.0490831205590359,TheEmptinessMachine,CUBIC,Bola,HTTP/1.1
2025-04-29 03:06:06,stallRate,177.226000070572,0.0484892066359737,TheEmptinessMachine,CUBIC,Bola,HTTP/1.1
2025-04-29 03:06:08,stallRate,179.226999998093,0.0479088895567463,TheEmptinessMachine,CUBIC,Bola,HTTP/1.1
2025-04-29 03:06:10,stallRate,181.226999998093,0.0473433887653277,TheEmptinessMachine,CUBIC,Bola,HTTP/1.1
2025-04-29 03:06:12,stallRate,183.226999998093,0.0467889249187728,TheEmptinessMachine,CUBIC,Bola,HTTP/1.1
2025-04-29 03:06:14,stallRate,185.226999998093,0.0463427092705615,TheEmptinessMachine,CUBIC,Bola,HTTP/1.1
2025-04-29 03:06:16,stallRate,187.226999998093,0.0458771759042821,TheEmptinessMachine,CUBIC,Bola,HTTP/1.1
2025-04-29 03:06:18,stallRate,189.226999998093,0.0453572189135115,TheEmptinessMachine,CUBIC,Bola,HTTP/1.1
2025-04-29 03:06:20,stallRate,191.228000164032,0.044847197441739,TheEmptinessMachine,CUBIC,Bola,HTTP/1.1
2025-04-29 03:06:22,stallRate,193.226999998093,0.0443501764197421,TheEmptinessMachine,CUBIC,Bola,HTTP/1.1
2025-04-29 03:06:24,stallRate,195.226999998093,0.0438644345306139,TheEmptinessMachine,CUBIC,Bola,HTTP/1.1
2025-04-29 03:06:26,stallRate,197.226999998093,0.0435300294302244,TheEmptinessMachine,CUBIC,Bola,HTTP/1.1
2025-04-29 03:06:28,stallRate,199.226999998093,0.0430627106267894,TheEmptinessMachine,CUBIC,Bola,HTTP/1.1
2025-04-29 03:06:30,stallRate,201.226999998093,0.0426035243808214,TheEmptinessMachine,CUBIC,Bola,HTTP/1.1
2025-04-29 03:06:32,stallRate,203.226999998093,0.0421556129345037,TheEmptinessMachine,CUBIC,Bola,HTTP/1.1
2025-04-29 03:06:34,stallRate,205.226999998093,0.0417150946325498,TheEmptinessMachine,CUBIC,Bola,HTTP/1.1
2025-04-29 03:06:36,stallRate,207.226999998093,0.0412822385062714,TheEmptinessMachine,CUBIC,Bola,HTTP/1.1
2025-04-29 03:07:03,stallRate,1.2110002040863,0.0,TheEmptinessMachine,CUBIC,Bola,HTTP/2
2025-04-29 03:07:05,stallRate,3.20900011062622,0.0,TheEmptinessMachine,CUBIC,Bola,HTTP/2
2025-04-29 03:07:07,stallRate,5.20900011062622,0.0,TheEmptinessMachine,CUBIC,Bola,HTTP/2
2025-04-29 03:07:09,stallRate,7.20800018310547,0.0,TheEmptinessMachine,CUBIC,Bola,HTTP/2
2025-04-29 03:07:11,stallRate,9.20900011062622,0.0,TheEmptinessMachine,CUBIC,Bola,HTTP/2
2025-04-29 03:07:13,stallRate,11.2090001106262,0.0,TheEmptinessMachine,CUBIC,Bola,HTTP/2
2025-04-29 03:07:15,stallRate,13.2090001106262,0.0,TheEmptinessMachine,CUBIC,Bola,HTTP/2
2025-04-29 03:07:17,stallRate,15.2090001106262,0.0,TheEmptinessMachine,CUBIC,Bola,HTTP/2
2025-04-29 03:07:19,stallRate,17.2080001831055,0.0,TheEmptinessMachine,CUBIC,Bola,HTTP/2
2025-04-29 03:07:21,stallRate,19.2080001831055,0.0,TheEmptinessMachine,CUBIC,Bola,HTTP/2
2025-04-29 03:07:23,stallRate,21.2090001106262,0.0,TheEmptinessMachine,CUBIC,Bola,HTTP/2
2025-04-29 03:07:25,stallRate,23.2090001106262,0.0,TheEmptinessMachine,CUBIC,Bola,HTTP/2
2025-04-29 03:07:28,stallRate,25.2080001831055,0.0,TheEmptinessMachine,CUBIC,Bola,HTTP/2
2025-04-29 03:07:29,stallRate,27.2080001831055,1.13329635981771,TheEmptinessMachine,CUBIC,Bola,HTTP/2
2025-04-29 03:07:31,stallRate,29.2090001106262,1.42262956115882,TheEmptinessMachine,CUBIC,Bola,HTTP/2
2025-04-29 03:07:33,stallRate,31.2090001106262,1.29081033653562,TheEmptinessMachine,CUBIC,Bola,HTTP/2
2025-04-29 03:07:35,stallRate,33.2090001106262,1.18629507086542,TheEmptinessMachine,CUBIC,Bola,HTTP/2
2025-04-29 03:07:37,stallRate,35.2080001831055,1.09733072846882,TheEmptinessMachine,CUBIC,Bola,HTTP/2
2025-04-29 03:07:39,stallRate,37.2080001831055,1.01916722833355,TheEmptinessMachine,CUBIC,Bola,HTTP/2
2025-04-29 03:07:41,stallRate,39.2090001106262,0.95440250389709,TheEmptinessMachine,CUBIC,Bola,HTTP/2
2025-04-29 03:07:43,stallRate,41.2080001831055,0.897238315320382,TheEmptinessMachine,CUBIC,Bola,HTTP/2
2025-04-29 03:07:45,stallRate,43.2090001106262,0.846197164723933,TheEmptinessMachine,CUBIC,Bola,HTTP/2
2025-04-29 03:07:47,stallRate,45.2090001106262,0.801218616372917,TheEmptinessMachine,CUBIC,Bola,HTTP/2
2025-04-29 03:07:49,stallRate,47.2080001831055,0.760890529142673,TheEmptinessMachine,CUBIC,Bola,HTTP/2
2025-04-29 03:07:51,stallRate,49.2090001106262,0.724248846627715,TheEmptinessMachine,CUBIC,Bola,HTTP/2
2025-04-29 03:07:53,stallRate,51.2090001106262,0.691167027286495,TheEmptinessMachine,CUBIC,Bola,HTTP/2
2025-04-29 03:07:55,stallRate,53.2090001106262,0.661023249982532,TheEmptinessMachine,CUBIC,Bola,HTTP/2
2025-04-29 03:07:57,stallRate,55.2090001106262,0.633253619563409,TheEmptinessMachine,CUBIC,Bola,HTTP/2
2025-04-29 03:07:59,stallRate,57.2080001831055,0.607829789625279,TheEmptinessMachine,CUBIC,Bola,HTTP/2
2025-04-29 03:08:01,stallRate,59.2080001831055,0.58426900209176,TheEmptinessMachine,CUBIC,Bola,HTTP/2
2025-04-29 03:08:03,stallRate,61.2080001831055,0.562364532063734,TheEmptinessMachine,CUBIC,Bola,HTTP/2
2025-04-29 03:08:05,stallRate,63.2090001106262,0.542192982101796,TheEmptinessMachine,CUBIC,Bola,HTTP/2
2025-04-29 03:08:07,stallRate,65.2080001831055,0.523356073154711,TheEmptinessMachine,CUBIC,Bola,HTTP/2
2025-04-29 03:08:09,stallRate,67.2090001106262,0.505872687757704,TheEmptinessMachine,CUBIC,Bola,HTTP/2
2025-04-29 03:08:11,stallRate,69.2080001831055,0.489442538076562,TheEmptinessMachine,CUBIC,Bola,HTTP/2
2025-04-29 03:08:13,stallRate,71.2080001831055,0.474080779346113,TheEmptinessMachine,CUBIC,Bola,HTTP/2
2025-04-29 03:08:15,stallRate,73.2080001831055,0.459656196342855,TheEmptinessMachine,CUBIC,Bola,HTTP/2
2025-04-29 03:08:17,stallRate,75.2090001106262,0.446078667922846,TheEmptinessMachine,CUBIC,Bola,HTTP/2
2025-04-29 03:08:19,stallRate,77.2080001831055,0.4333111225513,TheEmptinessMachine,CUBIC,Bola,HTTP/2
2025-04-29 03:08:21,stallRate,79.2080001831055,0.421310322535382,TheEmptinessMachine,CUBIC,Bola,HTTP/2
2025-04-29 03:08:23,stallRate,81.2080001831055,0.409868331969852,TheEmptinessMachine,CUBIC,Bola,HTTP/2
2025-04-29 03:08:25,stallRate,83.2090001106262,0.398986642627422,TheEmptinessMachine,CUBIC,Bola,HTTP/2
2025-04-29 03:08:27,stallRate,85.210000038147,0.388709572643823,TheEmptinessMachine,CUBIC,Bola,HTTP/2
2025-04-29 03:08:29,stallRate,87.2080001831055,0.378937623027691,TheEmptinessMachine,CUBIC,Bola,HTTP/2
2025-04-29 03:08:31,stallRate,89.2080001831055,0.369661702501705,TheEmptinessMachine,CUBIC,Bola,HTTP/2
2025-04-29 03:08:33,stallRate,91.2090001106262,0.360872553508147,TheEmptinessMachine,CUBIC,Bola,HTTP/2
2025-04-29 03:08:35,stallRate,93.2090001106262,0.352487438491533,TheEmptinessMachine,CUBIC,Bola,HTTP/2
2025-04-29 03:08:37,stallRate,95.2090001106262,0.344396210095335,TheEmptinessMachine,CUBIC,Bola,HTTP/2
2025-04-29 03:08:39,stallRate,97.2080001831055,0.336697378670438,TheEmptinessMachine,CUBIC,Bola,HTTP/2
2025-04-29 03:08:41,stallRate,99.2080001831055,0.329370605056426,TheEmptinessMachine,CUBIC,Bola,HTTP/2
2025-04-29 03:08:43,stallRate,101.208000183105,0.322328064180264,TheEmptinessMachine,CUBIC,Bola,HTTP/2
2025-04-29 03:08:45,stallRate,103.208000183105,0.315577596711713,TheEmptinessMachine,CUBIC,Bola,HTTP/2
2025-04-29 03:08:47,stallRate,105.208000183105,0.309116894078616,TheEmptinessMachine,CUBIC,Bola,HTTP/2
2025-04-29 03:08:49,stallRate,107.209000110626,0.409004083481334,TheEmptinessMachine,CUBIC,Bola,HTTP/2
2025-04-29 03:08:51,stallRate,109.209000110626,0.401009556800963,TheEmptinessMachine,CUBIC,Bola,HTTP/2
2025-04-29 03:08:53,stallRate,111.210000038147,0.393241128092319,TheEmptinessMachine,CUBIC,Bola,HTTP/2
2025-04-29 03:08:55,stallRate,113.208000183105,0.38584390012283,TheEmptinessMachine,CUBIC,Bola,HTTP/2
2025-04-29 03:08:57,stallRate,115.209000110626,0.378686871421869,TheEmptinessMachine,CUBIC,Bola,HTTP/2
2025-04-29 03:08:59,stallRate,117.208000183105,0.371768389824528,TheEmptinessMachine,CUBIC,Bola,HTTP/2
2025-04-29 03:09:01,stallRate,119.208000183105,0.365112244707761,TheEmptinessMachine,CUBIC,Bola,HTTP/2
2025-04-29 03:09:03,stallRate,121.209000110626,0.358669836236005,TheEmptinessMachine,CUBIC,Bola,HTTP/2
2025-04-29 03:09:05,stallRate,123.209000110626,0.352483788511499,TheEmptinessMachine,CUBIC,Bola,HTTP/2
2025-04-29 03:09:07,stallRate,125.208000183105,0.346483053418536,TheEmptinessMachine,CUBIC,Bola,HTTP/2
2025-04-29 03:09:09,stallRate,127.209000110626,0.340709026512359,TheEmptinessMachine,CUBIC,Bola,HTTP/2
2025-04-29 03:09:11,stallRate,129.208000183105,0.335099414620281,TheEmptinessMachine,CUBIC,Bola,HTTP/2
2025-04-29 03:09:13,stallRate,131.208000183105,0.329684328225705,TheEmptinessMachine,CUBIC,Bola,HTTP/2
2025-04-29 03:09:15,stallRate,133.209000110626,0.324440383697463,TheEmptinessMachine,CUBIC,Bola,HTTP/2
2025-04-29 03:09:17,stallRate,135.209000110626,0.319359356672601,TheEmptinessMachine,CUBIC,Bola,HTTP/2
2025-04-29 03:09:19,stallRate,137.209000110626,0.314418444997867,TheEmptinessMachine,CUBIC,Bola,HTTP/2
2025-04-29 03:09:21,stallRate,139.209000110626,0.309628857652354,TheEmptinessMachine,CUBIC,Bola,HTTP/2
2025-04-29 03:09:23,stallRate,141.208000183105,0.305019557565175,TheEmptinessMachine,CUBIC,Bola,HTTP/2
2025-04-29 03:09:25,stallRate,143.209000110626,0.300525468560555,TheEmptinessMachine,CUBIC,Bola,HTTP/2
2025-04-29 03:09:27,stallRate,145.208000183105,0.296180759277032,TheEmptinessMachine,CUBIC,Bola,HTTP/2
2025-04-29 03:09:29,stallRate,147.209000110626,0.291933978708213,TheEmptinessMachine,CUBIC,Bola,HTTP/2
2025-04-29 03:09:31,stallRate,149.208000183105,0.287815914578304,TheEmptinessMachine,CUBIC,Bola,HTTP/2
2025-04-29 03:09:33,stallRate,151.209000110626,0.283794575373035,TheEmptinessMachine,CUBIC,Bola,HTTP/2
2025-04-29 03:09:35,stallRate,153.209000110626,0.279906979730939,TheEmptinessMachine,CUBIC,Bola,HTTP/2
2025-04-29 03:09:37,stallRate,155.208000183105,0.276110447428794,TheEmptinessMachine,CUBIC,Bola,HTTP/2
2025-04-29 03:09:39,stallRate,157.209000110626,0.272431196776292,TheEmptinessMachine,CUBIC,Bola,HTTP/2
2025-04-29 03:09:42,stallRate,159.213000059128,0.268865378017245,TheEmptinessMachine,CUBIC,Bola,HTTP/2
2025-04-29 03:09:43,stallRate,161.209000110626,0.266701572875345,TheEmptinessMachine,CUBIC,Bola,HTTP/2
2025-04-29 03:09:45,stallRate,163.209000110626,0.263261366898471,TheEmptinessMachine,CUBIC,Bola,HTTP/2
2025-04-29 03:09:47,stallRate,165.209000110626,0.259898099295866,TheEmptinessMachine,CUBIC,Bola,HTTP/2
2025-04-29 03:09:49,stallRate,167.208000183105,0.256628575132332,TheEmptinessMachine,CUBIC,Bola,HTTP/2
2025-04-29 03:09:51,stallRate,169.208000183105,0.253457447347267,TheEmptinessMachine,CUBIC,Bola,HTTP/2
2025-04-29 03:09:53,stallRate,171.209000110626,0.25039195274391,TheEmptinessMachine,CUBIC,Bola,HTTP/2
2025-04-29 03:09:55,stallRate,173.208000183105,0.247326758901157,TheEmptinessMachine,CUBIC,Bola,HTTP/2
2025-04-29 03:09:57,stallRate,175.209000110626,0.244348027303903,TheEmptinessMachine,CUBIC,Bola,HTTP/2
2025-04-29 03:09:59,stallRate,177.209000110626,0.241452916101003,TheEmptinessMachine,CUBIC,Bola,HTTP/2
2025-04-29 03:10:01,stallRate,179.209000110626,0.23861739999474,TheEmptinessMachine,CUBIC,Bola,HTTP/2
2025-04-29 03:10:03,stallRate,181.209000110626,0.235849551744336,TheEmptinessMachine,CUBIC,Bola,HTTP/2
2025-04-29 03:10:05,stallRate,183.209000110626,0.233151001017534,TheEmptinessMachine,CUBIC,Bola,HTTP/2
2025-04-29 03:10:07,stallRate,185.208000183105,0.230520934406947,TheEmptinessMachine,CUBIC,Bola,HTTP/2
2025-04-29 03:10:09,stallRate,187.209000110626,0.227950385229058,TheEmptinessMachine,CUBIC,Bola,HTTP/2
2025-04-29 03:10:11,stallRate,189.209000110626,0.225432231754224,TheEmptinessMachine,CUBIC,Bola,HTTP/2
2025-04-29 03:10:13,stallRate,191.208000183105,0.2229603533025,TheEmptinessMachine,CUBIC,Bola,HTTP/2
2025-04-29 03:10:15,stallRate,193.210000038147,0.220554675755508,TheEmptinessMachine,CUBIC,Bola,HTTP/2
2025-04-29 03:10:17,stallRate,195.210000038147,0.219342481700439,TheEmptinessMachine,CUBIC,Bola,HTTP/2
2025-04-29 03:10:19,stallRate,197.209000110626,0.217199995182938,TheEmptinessMachine,CUBIC,Bola,HTTP/2
2025-04-29 03:10:21,stallRate,199.209000110626,0.214903908573432,TheEmptinessMachine,CUBIC,Bola,HTTP/2
2025-04-29 03:10:23,stallRate,201.208000183105,0.212667205548648,TheEmptinessMachine,CUBIC,Bola,HTTP/2
2025-04-29 03:10:25,stallRate,203.210000038147,0.210478221073074,TheEmptinessMachine,CUBIC,Bola,HTTP/2
2025-04-29 03:10:57,stallRate,1.22399997711182,0.0,TheEmptinessMachine,CUBIC,Bola,HTTP/3
2025-04-29 03:10:59,stallRate,3.22300004959106,0.0,TheEmptinessMachine,CUBIC,Bola,HTTP/3
2025-04-29 03:11:01,stallRate,5.22300004959106,0.0,TheEmptinessMachine,CUBIC,Bola,HTTP/3
2025-04-29 03:11:03,stallRate,7.22300004959106,0.0,TheEmptinessMachine,CUBIC,Bola,HTTP/3
2025-04-29 03:11:05,stallRate,9.22300004959106,0.0,TheEmptinessMachine,CUBIC,Bola,HTTP/3
2025-04-29 03:11:07,stallRate,11.2230000495911,0.0,TheEmptinessMachine,CUBIC,Bola,HTTP/3
2025-04-29 03:11:09,stallRate,13.2230000495911,3.59412019366857,TheEmptinessMachine,CUBIC,Bola,HTTP/3
2025-04-29 03:11:11,stallRate,15.2230000495911,4.01483081627733,TheEmptinessMachine,CUBIC,Bola,HTTP/3
2025-04-29 03:11:13,stallRate,17.2230000495911,3.46814568910683,TheEmptinessMachine,CUBIC,Bola,HTTP/3
2025-04-29 03:11:15,stallRate,19.2230000495911,3.04962052990164,TheEmptinessMachine,CUBIC,Bola,HTTP/3
2025-04-29 03:11:17,stallRate,21.2220001220703,2.70891120584214,TheEmptinessMachine,CUBIC,Bola,HTTP/3
2025-04-29 03:11:19,stallRate,23.2230000495911,2.44953201547765,TheEmptinessMachine,CUBIC,Bola,HTTP/3
2025-04-29 03:11:21,stallRate,25.2230000495911,2.23486986578767,TheEmptinessMachine,CUBIC,Bola,HTTP/3
2025-04-29 03:11:23,stallRate,27.2230000495911,2.0542249852738,TheEmptinessMachine,CUBIC,Bola,HTTP/3
2025-04-29 03:11:25,stallRate,29.2230000495911,1.90249794278444,TheEmptinessMachine,CUBIC,Bola,HTTP/3
2025-04-29 03:11:27,stallRate,31.2220001220703,1.77182640210162,TheEmptinessMachine,CUBIC,Bola,HTTP/3
2025-04-29 03:11:29,stallRate,33.2230000495911,1.65705873492969,TheEmptinessMachine,CUBIC,Bola,HTTP/3
2025-04-29 03:11:31,stallRate,35.2239999771118,1.55635618743412,TheEmptinessMachine,CUBIC,Bola,HTTP/3
2025-04-29 03:11:33,stallRate,37.2230000495911,1.4675025835462,TheEmptinessMachine,CUBIC,Bola,HTTP/3
2025-04-29 03:11:35,stallRate,39.2230000495911,1.38853091295224,TheEmptinessMachine,CUBIC,Bola,HTTP/3
2025-04-29 03:11:37,stallRate,41.2230000495911,1.31728028264573,TheEmptinessMachine,CUBIC,Bola,HTTP/3
2025-04-29 03:11:39,stallRate,43.2230000495911,1.25308413504251,TheEmptinessMachine,CUBIC,Bola,HTTP/3
2025-04-29 03:11:41,stallRate,45.2230000495911,1.30943663382951,TheEmptinessMachine,CUBIC,Bola,HTTP/3
2025-04-29 03:11:43,stallRate,47.2230000495911,1.25106951010075,TheEmptinessMachine,CUBIC,Bola,HTTP/3
2025-04-29 03:11:45,stallRate,49.2220001220703,1.19783764154756,TheEmptinessMachine,CUBIC,Bola,HTTP/3
2025-04-29 03:11:47,stallRate,51.2230000495911,1.14899082752847,TheEmptinessMachine,CUBIC,Bola,HTTP/3
2025-04-29 03:11:49,stallRate,53.2220001220703,1.1039839634272,TheEmptinessMachine,CUBIC,Bola,HTTP/3
2025-04-29 03:11:51,stallRate,55.2250001430511,1.06217185601217,TheEmptinessMachine,CUBIC,Bola,HTTP/3
2025-04-29 03:11:53,stallRate,57.2230000495911,1.02371058346247,TheEmptinessMachine,CUBIC,Bola,HTTP/3
2025-04-29 03:11:55,stallRate,59.2230000495911,0.98774957353934,TheEmptinessMachine,CUBIC,Bola,HTTP/3
2025-04-29 03:11:57,stallRate,61.2220001220703,0.954303852785291,TheEmptinessMachine,CUBIC,Bola,HTTP/3
2025-04-29 03:11:59,stallRate,63.2230000495911,0.923058427123963,TheEmptinessMachine,CUBIC,Bola,HTTP/3
2025-04-29 03:12:01,stallRate,65.2230000495911,0.893784116963938,TheEmptinessMachine,CUBIC,Bola,HTTP/3
2025-04-29 03:12:03,stallRate,67.2230000495911,0.86636646366413,TheEmptinessMachine,CUBIC,Bola,HTTP/3
2025-04-29 03:12:05,stallRate,69.2220001220703,0.840478193603323,TheEmptinessMachine,CUBIC,Bola,HTTP/3
2025-04-29 03:12:09,stallRate,73.2230000495911,0.793162092443358,TheEmptinessMachine,CUBIC,Bola,HTTP/3
2025-04-29 03:12:11,stallRate,75.2230000495911,0.771388787341878,TheEmptinessMachine,CUBIC,Bola,HTTP/3
2025-04-29 03:12:13,stallRate,77.2220001220703,0.750939444037537,TheEmptinessMachine,CUBIC,Bola,HTTP/3
2025-04-29 03:12:15,stallRate,79.2220001220703,0.731450666216243,TheEmptinessMachine,CUBIC,Bola,HTTP/3
2025-04-29 03:12:17,stallRate,81.2230000495911,0.71285207509629,TheEmptinessMachine,CUBIC,Bola,HTTP/3
2025-04-29 03:12:19,stallRate,83.2230000495911,0.695186222854807,TheEmptinessMachine,CUBIC,Bola,HTTP/3
2025-04-29 03:12:21,stallRate,85.2230000495911,0.678429229457054,TheEmptinessMachine,CUBIC,Bola,HTTP/3
2025-04-29 03:12:23,stallRate,87.2230000495911,0.662565425101312,TheEmptinessMachine,CUBIC,Bola,HTTP/3
2025-04-29 03:12:25,stallRate,89.2250001430511,0.647307871951559,TheEmptinessMachine,CUBIC,Bola,HTTP/3
2025-04-29 03:12:27,stallRate,91.2230000495911,0.632795030377446,TheEmptinessMachine,CUBIC,Bola,HTTP/3
2025-04-29 03:12:29,stallRate,93.2230000495911,0.618852630307308,TheEmptinessMachine,CUBIC,Bola,HTTP/3
2025-04-29 03:12:31,stallRate,95.2230000495911,0.605580309692389,TheEmptinessMachine,CUBIC,Bola,HTTP/3
2025-04-29 03:12:33,stallRate,97.2230000495911,0.592815580228481,TheEmptinessMachine,CUBIC,Bola,HTTP/3
2025-04-29 03:12:35,stallRate,99.2220001220703,0.580639386611969,TheEmptinessMachine,CUBIC,Bola,HTTP/3
2025-04-29 03:12:37,stallRate,101.22200012207,0.568894962127817,TheEmptinessMachine,CUBIC,Bola,HTTP/3
2025-04-29 03:12:39,stallRate,103.22200012207,0.557638666890509,TheEmptinessMachine,CUBIC,Bola,HTTP/3
2025-04-29 03:12:41,stallRate,105.223000049591,0.546822650302319,TheEmptinessMachine,CUBIC,Bola,HTTP/3
2025-04-29 03:12:43,stallRate,107.223000049591,0.536416537018872,TheEmptinessMachine,CUBIC,Bola,HTTP/3
2025-04-29 03:12:45,stallRate,109.223000049591,0.526360333858639,TheEmptinessMachine,CUBIC,Bola,HTTP/3
2025-04-29 03:12:47,stallRate,111.223000049591,0.517441018129653,TheEmptinessMachine,CUBIC,Bola,HTTP/3
2025-04-29 03:12:49,stallRate,113.223000049591,0.509199777636483,TheEmptinessMachine,CUBIC,Bola,HTTP/3
2025-04-29 03:12:51,stallRate,115.223000049591,0.503696348024168,TheEmptinessMachine,CUBIC,Bola,HTTP/3
2025-04-29 03:12:53,stallRate,117.223000049591,0.494913190170608,TheEmptinessMachine,CUBIC,Bola,HTTP/3
2025-04-29 03:12:55,stallRate,119.22200012207,0.486363528612182,TheEmptinessMachine,CUBIC,Bola,HTTP/3
2025-04-29 03:12:57,stallRate,121.223000049591,0.478112316848507,TheEmptinessMachine,CUBIC,Bola,HTTP/3
2025-04-29 03:12:59,stallRate,123.223000049591,0.470100627984579,TheEmptinessMachine,CUBIC,Bola,HTTP/3
2025-04-29 03:13:01,stallRate,125.22200012207,0.46235825260461,TheEmptinessMachine,CUBIC,Bola,HTTP/3
2025-04-29 03:13:03,stallRate,127.223000049591,0.454886872928615,TheEmptinessMachine,CUBIC,Bola,HTTP/3
2025-04-29 03:13:05,stallRate,129.223000049591,0.447660989208958,TheEmptinessMachine,CUBIC,Bola,HTTP/3
2025-04-29 03:13:07,stallRate,131.223000049591,0.440659565847601,TheEmptinessMachine,CUBIC,Bola,HTTP/3
2025-04-29 03:13:09,stallRate,133.22200012207,0.433890922702055,TheEmptinessMachine,CUBIC,Bola,HTTP/3
2025-04-29 03:13:11,stallRate,135.223000049591,0.427346407877844,TheEmptinessMachine,CUBIC,Bola,HTTP/3
2025-04-29 03:13:13,stallRate,137.223000049591,0.42095577627922,TheEmptinessMachine,CUBIC,Bola,HTTP/3
2025-04-29 03:13:15,stallRate,139.223000049591,0.414729541461033,TheEmptinessMachine,CUBIC,Bola,HTTP/3
2025-04-29 03:13:17,stallRate,141.223000049591,0.408717033314762,TheEmptinessMachine,CUBIC,Bola,HTTP/3
2025-04-29 03:13:19,stallRate,143.223000049591,0.402891038540297,TheEmptinessMachine,CUBIC,Bola,HTTP/3
2025-04-29 03:13:21,stallRate,145.223999977112,0.397196290507887,TheEmptinessMachine,CUBIC,Bola,HTTP/3
2025-04-29 03:13:23,stallRate,147.225000143051,0.391657173869307,TheEmptinessMachine,CUBIC,Bola,HTTP/3
2025-04-29 03:13:25,stallRate,149.223000049591,0.389798024015751,TheEmptinessMachine,CUBIC,Bola,HTTP/3
2025-04-29 03:13:27,stallRate,151.223000049591,0.384461737973863,TheEmptinessMachine,CUBIC,Bola,HTTP/3
2025-04-29 03:13:29,stallRate,153.22200012207,0.37932190399294,TheEmptinessMachine,CUBIC,Bola,HTTP/3
2025-04-29 03:13:31,stallRate,155.223000049591,0.37426406442182,TheEmptinessMachine,CUBIC,Bola,HTTP/3
2025-04-29 03:13:33,stallRate,157.223000049591,0.369382003125074,TheEmptinessMachine,CUBIC,Bola,HTTP/3
2025-04-29 03:13:35,stallRate,159.223000049591,0.364581562544589,TheEmptinessMachine,CUBIC,Bola,HTTP/3
2025-04-29 03:13:37,stallRate,161.22200012207,0.359919313679009,TheEmptinessMachine,CUBIC,Bola,HTTP/3
2025-04-29 03:13:39,stallRate,163.223000049591,0.355384840749688,TheEmptinessMachine,CUBIC,Bola,HTTP/3
2025-04-29 03:13:41,stallRate,165.22200012207,0.350948784182451,TheEmptinessMachine,CUBIC,Bola,HTTP/3
2025-04-29 03:13:43,stallRate,167.223000049591,0.346615053302068,TheEmptinessMachine,CUBIC,Bola,HTTP/3
2025-04-29 03:13:45,stallRate,169.223000049591,0.342399516240449,TheEmptinessMachine,CUBIC,Bola,HTTP/3
2025-04-29 03:13:47,stallRate,171.223000049591,0.338311790896496,TheEmptinessMachine,CUBIC,Bola,HTTP/3
2025-04-29 03:13:49,stallRate,173.223000049591,0.334292592077145,TheEmptinessMachine,CUBIC,Bola,HTTP/3
2025-04-29 03:13:51,stallRate,175.223000049591,0.330373916424371,TheEmptinessMachine,CUBIC,Bola,HTTP/3
2025-04-29 03:13:53,stallRate,177.223000049591,0.326545993142233,TheEmptinessMachine,CUBIC,Bola,HTTP/3
2025-04-29 03:13:55,stallRate,179.223000049591,0.322805021395207,TheEmptinessMachine,CUBIC,Bola,HTTP/3
2025-04-29 03:13:57,stallRate,181.223000049591,0.31915615520412,TheEmptinessMachine,CUBIC,Bola,HTTP/3
2025-04-29 03:13:59,stallRate,183.226000070572,0.315572512054467,TheEmptinessMachine,CUBIC,Bola,HTTP/3
2025-04-29 03:14:03,stallRate,187.223000049591,0.310314717451901,TheEmptinessMachine,CUBIC,Bola,HTTP/3
2025-04-29 03:14:05,stallRate,189.223000049591,0.306933276224891,TheEmptinessMachine,CUBIC,Bola,HTTP/3
2025-04-29 03:14:07,stallRate,191.223000049591,0.303626102422192,TheEmptinessMachine,CUBIC,Bola,HTTP/3
2025-04-29 03:14:09,stallRate,193.223000049591,0.300377155667753,TheEmptinessMachine,CUBIC,Bola,HTTP/3
2025-04-29 03:14:11,stallRate,195.223000049591,0.297209437603284,TheEmptinessMachine,CUBIC,Bola,HTTP/3
2025-04-29 03:14:13,stallRate,197.223000049591,0.294116360387855,TheEmptinessMachine,CUBIC,Bola,HTTP/3
2025-04-29 03:14:15,stallRate,199.223000049591,0.291092639627881,TheEmptinessMachine,CUBIC,Bola,HTTP/3
2025-04-29 03:14:51,stallRate,1.22399997711182,0.0,TheEmptinessMachine,CUBIC,Festive,HTTP/1.1
2025-04-29 03:14:53,stallRate,3.23299980163574,0.0,TheEmptinessMachine,CUBIC,Festive,HTTP/1.1
2025-04-29 03:14:55,stallRate,5.22299981117249,0.0,TheEmptinessMachine,CUBIC,Festive,HTTP/1.1
2025-04-29 03:14:57,stallRate,7.22199988365173,0.0,TheEmptinessMachine,CUBIC,Festive,HTTP/1.1
2025-04-29 03:14:59,stallRate,9.22199988365173,0.0,TheEmptinessMachine,CUBIC,Festive,HTTP/1.1
2025-04-29 03:15:01,stallRate,11.2219998836517,0.0,TheEmptinessMachine,CUBIC,Festive,HTTP/1.1
2025-04-29 03:15:03,stallRate,13.2219998836517,0.0,TheEmptinessMachine,CUBIC,Festive,HTTP/1.1
2025-04-29 03:15:05,stallRate,15.2219998836517,0.0,TheEmptinessMachine,CUBIC,Festive,HTTP/1.1
2025-04-29 03:15:07,stallRate,17.2229998111725,0.0,TheEmptinessMachine,CUBIC,Festive,HTTP/1.1
2025-04-29 03:15:09,stallRate,19.2229998111725,0.0,TheEmptinessMachine,CUBIC,Festive,HTTP/1.1
2025-04-29 03:15:11,stallRate,21.2219998836517,0.0,TheEmptinessMachine,CUBIC,Festive,HTTP/1.1
2025-04-29 03:15:13,stallRate,23.2219998836517,0.0,TheEmptinessMachine,CUBIC,Festive,HTTP/1.1
2025-04-29 03:15:15,stallRate,25.2219998836517,0.0,TheEmptinessMachine,CUBIC,Festive,HTTP/1.1
2025-04-29 03:15:17,stallRate,27.2219998836517,0.0,TheEmptinessMachine,CUBIC,Festive,HTTP/1.1
2025-04-29 03:15:19,stallRate,29.2229998111725,0.0,TheEmptinessMachine,CUBIC,Festive,HTTP/1.1
2025-04-29 03:15:21,stallRate,31.2229998111725,0.0,TheEmptinessMachine,CUBIC,Festive,HTTP/1.1
2025-04-29 03:15:23,stallRate,33.2219998836517,0.0,TheEmptinessMachine,CUBIC,Festive,HTTP/1.1
2025-04-29 03:15:25,stallRate,35.2219998836517,0.0,TheEmptinessMachine,CUBIC,Festive,HTTP/1.1
2025-04-29 03:15:27,stallRate,37.2239999771118,0.0,TheEmptinessMachine,CUBIC,Festive,HTTP/1.1
2025-04-29 03:15:29,stallRate,39.2239999771118,0.0,TheEmptinessMachine,CUBIC,Festive,HTTP/1.1
2025-04-29 03:15:31,stallRate,41.2239999771118,0.0,TheEmptinessMachine,CUBIC,Festive,HTTP/1.1
2025-04-29 03:15:33,stallRate,43.2229998111725,0.0,TheEmptinessMachine,CUBIC,Festive,HTTP/1.1
2025-04-29 03:15:35,stallRate,45.2229998111725,0.0,TheEmptinessMachine,CUBIC,Festive,HTTP/1.1
2025-04-29 03:15:37,stallRate,47.2239999771118,0.0,TheEmptinessMachine,CUBIC,Festive,HTTP/1.1
2025-04-29 03:15:39,stallRate,49.2229998111725,0.0,TheEmptinessMachine,CUBIC,Festive,HTTP/1.1
2025-04-29 03:15:41,stallRate,51.2229998111725,0.0,TheEmptinessMachine,CUBIC,Festive,HTTP/1.1
2025-04-29 03:15:43,stallRate,53.2229998111725,0.0,TheEmptinessMachine,CUBIC,Festive,HTTP/1.1
2025-04-29 03:15:45,stallRate,55.2219998836517,0.0,TheEmptinessMachine,CUBIC,Festive,HTTP/1.1
2025-04-29 03:15:47,stallRate,57.2219998836517,0.0,TheEmptinessMachine,CUBIC,Festive,HTTP/1.1
2025-04-29 03:15:49,stallRate,59.2229998111725,0.0,TheEmptinessMachine,CUBIC,Festive,HTTP/1.1
2025-04-29 03:15:51,stallRate,61.2219998836517,0.0831674042578042,TheEmptinessMachine,CUBIC,Festive,HTTP/1.1
2025-04-29 03:15:53,stallRate,63.2229998111725,0.080132554943659,TheEmptinessMachine,CUBIC,Festive,HTTP/1.1
2025-04-29 03:15:55,stallRate,65.2219998836517,0.0773113650240925,TheEmptinessMachine,CUBIC,Festive,HTTP/1.1
2025-04-29 03:15:57,stallRate,67.2229998111725,0.0746721861260683,TheEmptinessMachine,CUBIC,Festive,HTTP/1.1
2025-04-29 03:15:59,stallRate,69.2219998836517,0.0722213089908395,TheEmptinessMachine,CUBIC,Festive,HTTP/1.1
2025-04-29 03:16:01,stallRate,71.2229998111725,0.0699286318576406,TheEmptinessMachine,CUBIC,Festive,HTTP/1.1
2025-04-29 03:16:03,stallRate,73.2219998836517,0.0677789778480983,TheEmptinessMachine,CUBIC,Festive,HTTP/1.1
2025-04-29 03:16:05,stallRate,75.2229998111725,0.416339760081314,TheEmptinessMachine,CUBIC,Festive,HTTP/1.1
2025-04-29 03:16:07,stallRate,77.2229998111725,0.40419693085094,TheEmptinessMachine,CUBIC,Festive,HTTP/1.1
2025-04-29 03:16:09,stallRate,79.2219998836517,0.392772311303654,TheEmptinessMachine,CUBIC,Festive,HTTP/1.1
2025-04-29 03:16:11,stallRate,81.2219998836517,0.381976769629005,TheEmptinessMachine,CUBIC,Festive,HTTP/1.1
2025-04-29 03:16:13,stallRate,83.2219998836517,0.371766624971877,TheEmptinessMachine,CUBIC,Festive,HTTP/1.1
2025-04-29 03:16:15,stallRate,85.2219998836517,0.371560358503038,TheEmptinessMachine,CUBIC,Festive,HTTP/1.1
2025-04-29 03:16:17,stallRate,87.2219998836517,0.371560358503038,TheEmptinessMachine,CUBIC,Festive,HTTP/1.1
2025-04-29 03:16:19,stallRate,89.2229998111725,0.371560358503038,TheEmptinessMachine,CUBIC,Festive,HTTP/1.1
2025-04-29 03:16:21,stallRate,91.2219998836517,9.09904616877178,TheEmptinessMachine,CUBIC,Festive,HTTP/1.1
2025-04-29 03:16:23,stallRate,93.2229998111725,8.866627830728,TheEmptinessMachine,CUBIC,Festive,HTTP/1.1
2025-04-29 03:16:25,stallRate,95.2219998836517,8.64552986901449,TheEmptinessMachine,CUBIC,Festive,HTTP/1.1
2025-04-29 03:16:27,stallRate,97.2229998111725,8.43426180733011,TheEmptinessMachine,CUBIC,Festive,HTTP/1.1
2025-04-29 03:16:29,stallRate,99.2229998111725,8.23428665026711,TheEmptinessMachine,CUBIC,Festive,HTTP/1.1
2025-04-29 03:16:31,stallRate,101.222999811172,8.0437638146436,TheEmptinessMachine,CUBIC,Festive,HTTP/1.1
2025-04-29 03:16:33,stallRate,103.221999883652,7.86106955881924,TheEmptinessMachine,CUBIC,Festive,HTTP/1.1
2025-04-29 03:16:35,stallRate,105.221999883652,7.68722063944095,TheEmptinessMachine,CUBIC,Festive,HTTP/1.1
2025-04-29 03:16:37,stallRate,107.222999811172,7.52007628326101,TheEmptinessMachine,CUBIC,Festive,HTTP/1.1
2025-04-29 03:16:39,stallRate,109.221999883652,7.35947592722495,TheEmptinessMachine,CUBIC,Festive,HTTP/1.1
2025-04-29 03:16:41,stallRate,111.222999811172,7.20646245024702,TheEmptinessMachine,CUBIC,Festive,HTTP/1.1
2025-04-29 03:16:43,stallRate,113.222999811172,7.059259893414,TheEmptinessMachine,CUBIC,Festive,HTTP/1.1
2025-04-29 03:16:45,stallRate,115.222999811172,6.91831138605708,TheEmptinessMachine,CUBIC,Festive,HTTP/1.1
2025-04-29 03:16:47,stallRate,117.222999811172,6.78293058763148,TheEmptinessMachine,CUBIC,Festive,HTTP/1.1
2025-04-29 03:16:49,stallRate,119.221999883652,6.65271071869964,TheEmptinessMachine,CUBIC,Festive,HTTP/1.1
2025-04-29 03:16:51,stallRate,121.221999883652,6.730601429352,TheEmptinessMachine,CUBIC,Festive,HTTP/1.1
2025-04-29 03:16:53,stallRate,123.221999883652,6.60639881643121,TheEmptinessMachine,CUBIC,Festive,HTTP/1.1
2025-04-29 03:16:55,stallRate,125.222999811172,6.48652180249564,TheEmptinessMachine,CUBIC,Festive,HTTP/1.1
2025-04-29 03:16:57,stallRate,127.222999811172,6.37047655637304,TheEmptinessMachine,CUBIC,Festive,HTTP/1.1
2025-04-29 03:16:59,stallRate,129.222999811172,6.25908000486335,TheEmptinessMachine,CUBIC,Festive,HTTP/1.1
2025-04-29 03:17:01,stallRate,131.221999883652,6.15168724550945,TheEmptinessMachine,CUBIC,Festive,HTTP/1.1
2025-04-29 03:17:03,stallRate,133.222999811172,6.04738784342028,TheEmptinessMachine,CUBIC,Festive,HTTP/1.1
2025-04-29 03:17:05,stallRate,135.221999883652,5.946433490365,TheEmptinessMachine,CUBIC,Festive,HTTP/1.1
2025-04-29 03:17:07,stallRate,137.225999832153,5.84939182143263,TheEmptinessMachine,CUBIC,Festive,HTTP/1.1
2025-04-29 03:17:09,stallRate,139.221999883652,5.7553439637094,TheEmptinessMachine,CUBIC,Festive,HTTP/1.1
2025-04-29 03:17:11,stallRate,141.222999811172,5.66394163023624,TheEmptinessMachine,CUBIC,Festive,HTTP/1.1
2025-04-29 03:17:13,stallRate,143.222999811172,5.57554367677101,TheEmptinessMachine,CUBIC,Festive,HTTP/1.1
2025-04-29 03:17:15,stallRate,145.222999811172,5.48956887786082,TheEmptinessMachine,CUBIC,Festive,HTTP/1.1
2025-04-29 03:17:17,stallRate,147.222999811172,5.406217547456,TheEmptinessMachine,CUBIC,Festive,HTTP/1.1
2025-04-29 03:17:19,stallRate,149.222999811172,5.32557104809545,TheEmptinessMachine,CUBIC,Festive,HTTP/1.1
2025-04-29 03:17:21,stallRate,151.222999811172,5.24752010182552,TheEmptinessMachine,CUBIC,Festive,HTTP/1.1
2025-04-29 03:17:23,stallRate,153.221999883652,5.3216246587966,TheEmptinessMachine,CUBIC,Festive,HTTP/1.1
2025-04-29 03:17:25,stallRate,155.221999883652,5.24587659656822,TheEmptinessMachine,CUBIC,Festive,HTTP/1.1
2025-04-29 03:17:27,stallRate,157.221999883652,5.23715847763372,TheEmptinessMachine,CUBIC,Festive,HTTP/1.1
2025-04-29 03:17:29,stallRate,159.222999811172,5.16470011729278,TheEmptinessMachine,CUBIC,Festive,HTTP/1.1
2025-04-29 03:17:31,stallRate,161.222999811172,5.09427198615304,TheEmptinessMachine,CUBIC,Festive,HTTP/1.1
2025-04-29 03:17:33,stallRate,163.221999883652,5.02541797722331,TheEmptinessMachine,CUBIC,Festive,HTTP/1.1
2025-04-29 03:17:35,stallRate,165.222999811172,4.958243104971,TheEmptinessMachine,CUBIC,Festive,HTTP/1.1
2025-04-29 03:17:37,stallRate,167.221999883652,4.89303654375847,TheEmptinessMachine,CUBIC,Festive,HTTP/1.1
2025-04-29 03:17:39,stallRate,169.221999883652,4.82930483647946,TheEmptinessMachine,CUBIC,Festive,HTTP/1.1
2025-04-29 03:17:43,stallRate,173.222999811172,4.76647949862995,TheEmptinessMachine,CUBIC,Festive,HTTP/1.1
2025-04-29 03:17:45,stallRate,175.222999811172,4.82531385927749,TheEmptinessMachine,CUBIC,Festive,HTTP/1.1
2025-04-29 03:17:47,stallRate,177.222999811172,4.76591747790912,TheEmptinessMachine,CUBIC,Festive,HTTP/1.1
2025-04-29 03:17:49,stallRate,179.221999883652,4.70775693488779,TheEmptinessMachine,CUBIC,Festive,HTTP/1.1
2025-04-29 03:17:51,stallRate,181.222999811172,4.65110517498742,TheEmptinessMachine,CUBIC,Festive,HTTP/1.1
2025-04-29 03:17:53,stallRate,183.222999811172,4.59564139525979,TheEmptinessMachine,CUBIC,Festive,HTTP/1.1
2025-04-29 03:17:55,stallRate,185.222999811172,4.54173539020376,TheEmptinessMachine,CUBIC,Festive,HTTP/1.1
2025-04-29 03:17:57,stallRate,187.221999883652,4.48916443562044,TheEmptinessMachine,CUBIC,Festive,HTTP/1.1
2025-04-29 03:17:59,stallRate,189.222999811172,4.4375335236296,TheEmptinessMachine,CUBIC,Festive,HTTP/1.1
2025-04-29 03:18:01,stallRate,191.222999811172,4.38727576474108,TheEmptinessMachine,CUBIC,Festive,HTTP/1.1
2025-04-29 03:18:03,stallRate,193.221999883652,4.33792610529905,TheEmptinessMachine,CUBIC,Festive,HTTP/1.1
2025-04-29 03:18:05,stallRate,195.221999883652,4.28963334315671,TheEmptinessMachine,CUBIC,Festive,HTTP/1.1
2025-04-29 03:18:07,stallRate,197.222999811172,4.24250515690936,TheEmptinessMachine,CUBIC,Festive,HTTP/1.1
2025-04-29 03:18:09,stallRate,199.222999811172,4.19652517700832,TheEmptinessMachine,CUBIC,Festive,HTTP/1.1
2025-04-29 03:18:11,stallRate,201.222999811172,4.1513888238896,TheEmptinessMachine,CUBIC,Festive,HTTP/1.1
2025-04-29 03:18:13,stallRate,203.221999883652,4.10712802880401,TheEmptinessMachine,CUBIC,Festive,HTTP/1.1
2025-04-29 03:18:15,stallRate,205.222999811172,4.0638935021763,TheEmptinessMachine,CUBIC,Festive,HTTP/1.1
2025-04-29 03:18:19,stallRate,209.222999811172,3.98019368428453,TheEmptinessMachine,CUBIC,Festive,HTTP/1.1
2025-04-29 03:18:45,stallRate,1.20799994468689,0.0,TheEmptinessMachine,CUBIC,Festive,HTTP/2
2025-04-29 03:18:47,stallRate,3.20699977874756,0.0,TheEmptinessMachine,CUBIC,Festive,HTTP/2
2025-04-29 03:18:49,stallRate,5.20699977874756,0.0,TheEmptinessMachine,CUBIC,Festive,HTTP/2
2025-04-29 03:18:52,stallRate,7.20699977874756,0.0,TheEmptinessMachine,CUBIC,Festive,HTTP/2
2025-04-29 03:18:53,stallRate,9.20699977874756,0.0,TheEmptinessMachine,CUBIC,Festive,HTTP/2
2025-04-29 03:18:55,stallRate,11.2069997787476,0.0,TheEmptinessMachine,CUBIC,Festive,HTTP/2
2025-04-29 03:18:57,stallRate,13.2069997787476,0.0,TheEmptinessMachine,CUBIC,Festive,HTTP/2
2025-04-29 03:18:59,stallRate,15.2069997787476,0.0,TheEmptinessMachine,CUBIC,Festive,HTTP/2
2025-04-29 03:19:01,stallRate,17.2069997787476,0.0,TheEmptinessMachine,CUBIC,Festive,HTTP/2
2025-04-29 03:19:03,stallRate,19.2069997787476,0.0,TheEmptinessMachine,CUBIC,Festive,HTTP/2
2025-04-29 03:19:05,stallRate,21.2069997787476,0.0,TheEmptinessMachine,CUBIC,Festive,HTTP/2
2025-04-29 03:19:07,stallRate,23.2069997787476,0.0,TheEmptinessMachine,CUBIC,Festive,HTTP/2
2025-04-29 03:19:09,stallRate,25.2069997787476,0.0,TheEmptinessMachine,CUBIC,Festive,HTTP/2
2025-04-29 03:19:11,stallRate,27.2069997787476,0.0,TheEmptinessMachine,CUBIC,Festive,HTTP/2
2025-04-29 03:19:13,stallRate,29.2079999446869,0.0,TheEmptinessMachine,CUBIC,Festive,HTTP/2
2025-04-29 03:19:15,stallRate,31.2069997787476,0.0,TheEmptinessMachine,CUBIC,Festive,HTTP/2
2025-04-29 03:19:17,stallRate,33.2069997787476,0.0,TheEmptinessMachine,CUBIC,Festive,HTTP/2
2025-04-29 03:19:19,stallRate,35.2069997787476,0.0,TheEmptinessMachine,CUBIC,Festive,HTTP/2
2025-04-29 03:19:21,stallRate,37.2069997787476,0.0,TheEmptinessMachine,CUBIC,Festive,HTTP/2
2025-04-29 03:19:23,stallRate,39.2069997787476,0.0,TheEmptinessMachine,CUBIC,Festive,HTTP/2
2025-04-29 03:19:25,stallRate,41.2069997787476,0.0,TheEmptinessMachine,CUBIC,Festive,HTTP/2
2025-04-29 03:19:27,stallRate,43.2069997787476,0.0,TheEmptinessMachine,CUBIC,Festive,HTTP/2
2025-04-29 03:19:29,stallRate,45.2079999446869,0.0,TheEmptinessMachine,CUBIC,Festive,HTTP/2
2025-04-29 03:19:31,stallRate,47.2069997787476,0.0,TheEmptinessMachine,CUBIC,Festive,HTTP/2
2025-04-29 03:19:33,stallRate,49.2069997787476,0.0,TheEmptinessMachine,CUBIC,Festive,HTTP/2
2025-04-29 03:19:35,stallRate,51.2069997787476,0.0,TheEmptinessMachine,CUBIC,Festive,HTTP/2
2025-04-29 03:19:37,stallRate,53.2069997787476,0.0,TheEmptinessMachine,CUBIC,Festive,HTTP/2
2025-04-29 03:19:39,stallRate,55.2069997787476,0.0,TheEmptinessMachine,CUBIC,Festive,HTTP/2
2025-04-29 03:19:41,stallRate,57.2069997787476,0.0,TheEmptinessMachine,CUBIC,Festive,HTTP/2
2025-04-29 03:19:43,stallRate,59.2069997787476,0.0,TheEmptinessMachine,CUBIC,Festive,HTTP/2
2025-04-29 03:19:45,stallRate,61.2069997787476,0.0,TheEmptinessMachine,CUBIC,Festive,HTTP/2
2025-04-29 03:19:47,stallRate,63.2079999446869,0.0,TheEmptinessMachine,CUBIC,Festive,HTTP/2
2025-04-29 03:19:49,stallRate,65.2079999446869,0.0,TheEmptinessMachine,CUBIC,Festive,HTTP/2
2025-04-29 03:19:51,stallRate,67.2079999446869,0.0,TheEmptinessMachine,CUBIC,Festive,HTTP/2
2025-04-29 03:19:53,stallRate,69.2069997787476,0.0,TheEmptinessMachine,CUBIC,Festive,HTTP/2
2025-04-29 03:19:55,stallRate,71.2069997787476,0.0,TheEmptinessMachine,CUBIC,Festive,HTTP/2
2025-04-29 03:19:57,stallRate,73.2069997787476,0.0,TheEmptinessMachine,CUBIC,Festive,HTTP/2
2025-04-29 03:19:59,stallRate,75.2069997787476,0.0,TheEmptinessMachine,CUBIC,Festive,HTTP/2
2025-04-29 03:20:01,stallRate,77.2069997787476,0.0,TheEmptinessMachine,CUBIC,Festive,HTTP/2
2025-04-29 03:20:03,stallRate,79.2069997787476,1.28685104677982,TheEmptinessMachine,CUBIC,Festive,HTTP/2
2025-04-29 03:20:05,stallRate,81.2079999446869,1.2524834446122,TheEmptinessMachine,CUBIC,Festive,HTTP/2
2025-04-29 03:20:07,stallRate,83.2119998931885,1.22002992851527,TheEmptinessMachine,CUBIC,Festive,HTTP/2
2025-04-29 03:20:09,stallRate,85.2069997787476,1.34941936560506,TheEmptinessMachine,CUBIC,Festive,HTTP/2
2025-04-29 03:20:11,stallRate,87.2069997787476,1.31606220093722,TheEmptinessMachine,CUBIC,Festive,HTTP/2
2025-04-29 03:20:13,stallRate,89.2069997787476,1.28441450125564,TheEmptinessMachine,CUBIC,Festive,HTTP/2
2025-04-29 03:20:15,stallRate,91.2069997787476,1.25430778568789,TheEmptinessMachine,CUBIC,Festive,HTTP/2
2025-04-29 03:20:17,stallRate,93.2069997787476,1.2255811757347,TheEmptinessMachine,CUBIC,Festive,HTTP/2
2025-04-29 03:20:19,stallRate,95.2069997787476,1.19810491457404,TheEmptinessMachine,CUBIC,Festive,HTTP/2
2025-04-29 03:20:21,stallRate,97.2069997787476,1.17188760460167,TheEmptinessMachine,CUBIC,Festive,HTTP/2
2025-04-29 03:20:23,stallRate,99.2069997787476,1.14667764511356,TheEmptinessMachine,CUBIC,Festive,HTTP/2
2025-04-29 03:20:25,stallRate,101.206999778748,1.12249139829677,TheEmptinessMachine,CUBIC,Festive,HTTP/2
2025-04-29 03:20:27,stallRate,103.206999778748,1.09937804187519,TheEmptinessMachine,CUBIC,Festive,HTTP/2
2025-04-29 03:20:29,stallRate,105.206999778748,1.07720228389531,TheEmptinessMachine,CUBIC,Festive,HTTP/2
2025-04-29 03:20:31,stallRate,107.206999778748,1.0559022071446,TheEmptinessMachine,CUBIC,Festive,HTTP/2
2025-04-29 03:20:33,stallRate,109.206999778748,1.03547785019767,TheEmptinessMachine,CUBIC,Festive,HTTP/2
2025-04-29 03:20:35,stallRate,111.206999778748,1.01574176251647,TheEmptinessMachine,CUBIC,Festive,HTTP/2
2025-04-29 03:20:37,stallRate,113.206999778748,0.9967152628429,TheEmptinessMachine,CUBIC,Festive,HTTP/2
2025-04-29 03:20:39,stallRate,115.206999778748,0.978440022350824,TheEmptinessMachine,CUBIC,Festive,HTTP/2
2025-04-29 03:20:41,stallRate,117.206999778748,0.960938787444016,TheEmptinessMachine,CUBIC,Festive,HTTP/2
2025-04-29 03:20:43,stallRate,119.206999778748,0.943930134641727,TheEmptinessMachine,CUBIC,Festive,HTTP/2
2025-04-29 03:20:45,stallRate,121.206999778748,1.04061961355883,TheEmptinessMachine,CUBIC,Festive,HTTP/2
2025-04-29 03:20:49,stallRate,125.206999778748,1.1270621061073,TheEmptinessMachine,CUBIC,Festive,HTTP/2
2025-04-29 03:20:51,stallRate,127.206999778748,1.21811741248415,TheEmptinessMachine,CUBIC,Festive,HTTP/2
2025-04-29 03:20:53,stallRate,129.211999893188,1.19911423374551,TheEmptinessMachine,CUBIC,Festive,HTTP/2
2025-04-29 03:20:55,stallRate,131.207999944687,1.1803071499114,TheEmptinessMachine,CUBIC,Festive,HTTP/2
2025-04-29 03:20:57,stallRate,133.206999778748,1.16085396393728,TheEmptinessMachine,CUBIC,Festive,HTTP/2
2025-04-29 03:20:59,stallRate,135.207999944687,1.14271282977705,TheEmptinessMachine,CUBIC,Festive,HTTP/2
2025-04-29 03:21:01,stallRate,137.207999944687,1.12499937822565,TheEmptinessMachine,CUBIC,Festive,HTTP/2
2025-04-29 03:21:03,stallRate,139.206999778748,1.10748062786889,TheEmptinessMachine,CUBIC,Festive,HTTP/2
2025-04-29 03:21:05,stallRate,141.208999872208,1.09090692214903,TheEmptinessMachine,CUBIC,Festive,HTTP/2
2025-04-29 03:21:07,stallRate,143.206999778748,1.07489725082724,TheEmptinessMachine,CUBIC,Festive,HTTP/2
2025-04-29 03:21:09,stallRate,145.206999778748,1.05911265800143,TheEmptinessMachine,CUBIC,Festive,HTTP/2
2025-04-29 03:21:11,stallRate,147.206999778748,1.04405492238379,TheEmptinessMachine,CUBIC,Festive,HTTP/2
2025-04-29 03:21:13,stallRate,149.206999778748,1.02935459305275,TheEmptinessMachine,CUBIC,Festive,HTTP/2
2025-04-29 03:21:15,stallRate,151.206999778748,1.01503737675937,TheEmptinessMachine,CUBIC,Festive,HTTP/2
2025-04-29 03:21:17,stallRate,153.207999944687,1.00114402581293,TheEmptinessMachine,CUBIC,Festive,HTTP/2
2025-04-29 03:21:19,stallRate,155.206999778748,0.98766628024687,TheEmptinessMachine,CUBIC,Festive,HTTP/2
2025-04-29 03:21:21,stallRate,157.206999778748,0.974486423079786,TheEmptinessMachine,CUBIC,Festive,HTTP/2
2025-04-29 03:21:23,stallRate,159.206999778748,0.961709427104406,TheEmptinessMachine,CUBIC,Festive,HTTP/2
2025-04-29 03:21:25,stallRate,161.206999778748,0.997011980393661,TheEmptinessMachine,CUBIC,Festive,HTTP/2
2025-04-29 03:21:27,stallRate,163.206999778748,1.14519477999213,TheEmptinessMachine,CUBIC,Festive,HTTP/2
2025-04-29 03:21:29,stallRate,165.206999778748,1.13073431264573,TheEmptinessMachine,CUBIC,Festive,HTTP/2
2025-04-29 03:21:31,stallRate,167.206999778748,1.15306174824898,TheEmptinessMachine,CUBIC,Festive,HTTP/2
2025-04-29 03:21:33,stallRate,169.206999778748,1.18625433081998,TheEmptinessMachine,CUBIC,Festive,HTTP/2
2025-04-29 03:21:35,stallRate,171.206999778748,1.17176017175216,TheEmptinessMachine,CUBIC,Festive,HTTP/2
2025-04-29 03:21:37,stallRate,173.206999778748,1.2351626649054,TheEmptinessMachine,CUBIC,Festive,HTTP/2
2025-04-29 03:21:39,stallRate,175.206999778748,1.223598728504,TheEmptinessMachine,CUBIC,Festive,HTTP/2
2025-04-29 03:21:41,stallRate,177.206999778748,1.20920027457126,TheEmptinessMachine,CUBIC,Festive,HTTP/2
2025-04-29 03:21:43,stallRate,179.207999944687,1.28826812398804,TheEmptinessMachine,CUBIC,Festive,HTTP/2
2025-04-29 03:21:45,stallRate,181.206999778748,1.36388119441285,TheEmptinessMachine,CUBIC,Festive,HTTP/2
2025-04-29 03:21:47,stallRate,183.207999944687,1.34839783168725,TheEmptinessMachine,CUBIC,Festive,HTTP/2
2025-04-29 03:21:49,stallRate,185.206999778748,1.33329551555781,TheEmptinessMachine,CUBIC,Festive,HTTP/2
2025-04-29 03:21:51,stallRate,187.207999944687,1.31844726643649,TheEmptinessMachine,CUBIC,Festive,HTTP/2
2025-04-29 03:21:53,stallRate,189.206999778748,1.30392474431289,TheEmptinessMachine,CUBIC,Festive,HTTP/2
2025-04-29 03:21:55,stallRate,191.206999778748,1.2897574816119,TheEmptinessMachine,CUBIC,Festive,HTTP/2
2025-04-29 03:21:57,stallRate,193.206999778748,1.27590756277771,TheEmptinessMachine,CUBIC,Festive,HTTP/2
2025-04-29 03:21:59,stallRate,195.206999778748,1.26235665166467,TheEmptinessMachine,CUBIC,Festive,HTTP/2
2025-04-29 03:22:01,stallRate,197.206999778748,1.24903937340446,TheEmptinessMachine,CUBIC,Festive,HTTP/2
2025-04-29 03:22:03,stallRate,199.207999944687,1.23607451708544,TheEmptinessMachine,CUBIC,Festive,HTTP/2
2025-04-29 03:22:05,stallRate,201.206999778748,1.22339270866328,TheEmptinessMachine,CUBIC,Festive,HTTP/2
2025-04-29 03:22:39,stallRate,1.2260000705719,0.0,TheEmptinessMachine,CUBIC,Festive,HTTP/3
2025-04-29 03:22:42,stallRate,3.22200012207031,0.0,TheEmptinessMachine,CUBIC,Festive,HTTP/3
2025-04-29 03:22:43,stallRate,5.22099995613098,0.0,TheEmptinessMachine,CUBIC,Festive,HTTP/3
2025-04-29 03:22:45,stallRate,7.22099995613098,0.0,TheEmptinessMachine,CUBIC,Festive,HTTP/3
2025-04-29 03:22:47,stallRate,9.22099995613098,0.0,TheEmptinessMachine,CUBIC,Festive,HTTP/3
2025-04-29 03:22:49,stallRate,11.220999956131,0.0,TheEmptinessMachine,CUBIC,Festive,HTTP/3
2025-04-29 03:22:51,stallRate,13.220999956131,0.0,TheEmptinessMachine,CUBIC,Festive,HTTP/3
2025-04-29 03:22:53,stallRate,15.220999956131,0.0,TheEmptinessMachine,CUBIC,Festive,HTTP/3
2025-04-29 03:22:55,stallRate,17.220999956131,0.0,TheEmptinessMachine,CUBIC,Festive,HTTP/3
2025-04-29 03:22:57,stallRate,19.220999956131,0.0,TheEmptinessMachine,CUBIC,Festive,HTTP/3
2025-04-29 03:22:59,stallRate,21.220999956131,0.0,TheEmptinessMachine,CUBIC,Festive,HTTP/3
2025-04-29 03:23:01,stallRate,23.2220001220703,0.0,TheEmptinessMachine,CUBIC,Festive,HTTP/3
2025-04-29 03:23:03,stallRate,25.2239999771118,0.0,TheEmptinessMachine,CUBIC,Festive,HTTP/3
2025-04-29 03:23:05,stallRate,27.2220001220703,0.0,TheEmptinessMachine,CUBIC,Festive,HTTP/3
2025-04-29 03:23:07,stallRate,29.220999956131,0.0,TheEmptinessMachine,CUBIC,Festive,HTTP/3
2025-04-29 03:23:09,stallRate,31.220999956131,0.0,TheEmptinessMachine,CUBIC,Festive,HTTP/3
2025-04-29 03:23:11,stallRate,33.2220001220703,0.0,TheEmptinessMachine,CUBIC,Festive,HTTP/3
2025-04-29 03:23:13,stallRate,35.2220001220703,0.0,TheEmptinessMachine,CUBIC,Festive,HTTP/3
2025-04-29 03:23:15,stallRate,37.220999956131,0.0,TheEmptinessMachine,CUBIC,Festive,HTTP/3
2025-04-29 03:23:17,stallRate,39.220999956131,0.0,TheEmptinessMachine,CUBIC,Festive,HTTP/3
2025-04-29 03:23:19,stallRate,41.2220001220703,0.0,TheEmptinessMachine,CUBIC,Festive,HTTP/3
2025-04-29 03:23:21,stallRate,43.2220001220703,0.0,TheEmptinessMachine,CUBIC,Festive,HTTP/3
2025-04-29 03:23:23,stallRate,45.220999956131,0.0,TheEmptinessMachine,CUBIC,Festive,HTTP/3
2025-04-29 03:23:25,stallRate,47.2220001220703,0.0,TheEmptinessMachine,CUBIC,Festive,HTTP/3
2025-04-29 03:23:27,stallRate,49.220999956131,0.0,TheEmptinessMachine,CUBIC,Festive,HTTP/3
2025-04-29 03:23:29,stallRate,51.2220001220703,0.0,TheEmptinessMachine,CUBIC,Festive,HTTP/3
2025-04-29 03:23:31,stallRate,53.2220001220703,0.0,TheEmptinessMachine,CUBIC,Festive,HTTP/3
2025-04-29 03:23:33,stallRate,55.2220001220703,0.0,TheEmptinessMachine,CUBIC,Festive,HTTP/3
2025-04-29 03:23:35,stallRate,57.2230000495911,0.0,TheEmptinessMachine,CUBIC,Festive,HTTP/3
2025-04-29 03:23:37,stallRate,59.2220001220703,0.0,TheEmptinessMachine,CUBIC,Festive,HTTP/3
2025-04-29 03:23:39,stallRate,61.2220001220703,0.0,TheEmptinessMachine,CUBIC,Festive,HTTP/3
2025-04-29 03:23:41,stallRate,63.2220001220703,0.0,TheEmptinessMachine,CUBIC,Festive,HTTP/3
2025-04-29 03:23:43,stallRate,65.2220001220703,0.0,TheEmptinessMachine,CUBIC,Festive,HTTP/3
2025-04-29 03:23:45,stallRate,67.220999956131,0.0,TheEmptinessMachine,CUBIC,Festive,HTTP/3
2025-04-29 03:23:47,stallRate,69.2220001220703,0.0,TheEmptinessMachine,CUBIC,Festive,HTTP/3
2025-04-29 03:23:49,stallRate,71.220999956131,0.0,TheEmptinessMachine,CUBIC,Festive,HTTP/3
2025-04-29 03:23:51,stallRate,73.220999956131,0.0,TheEmptinessMachine,CUBIC,Festive,HTTP/3
2025-04-29 03:23:53,stallRate,75.2220001220703,0.0,TheEmptinessMachine,CUBIC,Festive,HTTP/3
2025-04-29 03:23:55,stallRate,77.220999956131,0.0,TheEmptinessMachine,CUBIC,Festive,HTTP/3
2025-04-29 03:23:57,stallRate,79.2220001220703,0.0,TheEmptinessMachine,CUBIC,Festive,HTTP/3
2025-04-29 03:23:59,stallRate,81.2380001544952,0.0,TheEmptinessMachine,CUBIC,Festive,HTTP/3
2025-04-29 03:24:01,stallRate,83.220999956131,0.0,TheEmptinessMachine,CUBIC,Festive,HTTP/3
2025-04-29 03:24:03,stallRate,85.220999956131,0.0,TheEmptinessMachine,CUBIC,Festive,HTTP/3
2025-04-29 03:24:05,stallRate,87.220999956131,0.0,TheEmptinessMachine,CUBIC,Festive,HTTP/3
2025-04-29 03:24:07,stallRate,89.2220001220703,0.0,TheEmptinessMachine,CUBIC,Festive,HTTP/3
2025-04-29 03:24:09,stallRate,91.2230000495911,0.0,TheEmptinessMachine,CUBIC,Festive,HTTP/3
2025-04-29 03:24:11,stallRate,93.2220001220703,0.0,TheEmptinessMachine,CUBIC,Festive,HTTP/3
2025-04-29 03:24:13,stallRate,95.2220001220703,0.0,TheEmptinessMachine,CUBIC,Festive,HTTP/3
2025-04-29 03:24:15,stallRate,97.2220001220703,0.0,TheEmptinessMachine,CUBIC,Festive,HTTP/3
2025-04-29 03:24:17,stallRate,99.2230000495911,0.0,TheEmptinessMachine,CUBIC,Festive,HTTP/3
2025-04-29 03:24:19,stallRate,101.223000049591,0.0,TheEmptinessMachine,CUBIC,Festive,HTTP/3
2025-04-29 03:24:21,stallRate,103.22200012207,0.0,TheEmptinessMachine,CUBIC,Festive,HTTP/3
2025-04-29 03:24:23,stallRate,105.220999956131,0.0,TheEmptinessMachine,CUBIC,Festive,HTTP/3
2025-04-29 03:24:25,stallRate,107.223999977112,0.0,TheEmptinessMachine,CUBIC,Festive,HTTP/3
2025-04-29 03:24:27,stallRate,109.220999956131,0.0,TheEmptinessMachine,CUBIC,Festive,HTTP/3
2025-04-29 03:24:29,stallRate,111.22200012207,0.0,TheEmptinessMachine,CUBIC,Festive,HTTP/3
2025-04-29 03:24:31,stallRate,113.22200012207,0.0,TheEmptinessMachine,CUBIC,Festive,HTTP/3
2025-04-29 03:24:33,stallRate,115.22200012207,0.0,TheEmptinessMachine,CUBIC,Festive,HTTP/3
2025-04-29 03:24:35,stallRate,117.220999956131,0.0,TheEmptinessMachine,CUBIC,Festive,HTTP/3
2025-04-29 03:24:37,stallRate,119.22200012207,0.0,TheEmptinessMachine,CUBIC,Festive,HTTP/3
2025-04-29 03:24:39,stallRate,121.22200012207,0.0,TheEmptinessMachine,CUBIC,Festive,HTTP/3
2025-04-29 03:24:41,stallRate,123.22200012207,0.0924627107364975,TheEmptinessMachine,CUBIC,Festive,HTTP/3
2025-04-29 03:24:43,stallRate,125.22200012207,0.0907904945874786,TheEmptinessMachine,CUBIC,Festive,HTTP/3
2025-04-29 03:24:45,stallRate,127.220999956131,0.0891701036539985,TheEmptinessMachine,CUBIC,Festive,HTTP/3
2025-04-29 03:24:47,stallRate,129.22200012207,0.0876117555841537,TheEmptinessMachine,CUBIC,Festive,HTTP/3
2025-04-29 03:24:49,stallRate,131.220999956131,0.0861009901071377,TheEmptinessMachine,CUBIC,Festive,HTTP/3
2025-04-29 03:24:51,stallRate,133.22200012207,0.0846436788485716,TheEmptinessMachine,CUBIC,Festive,HTTP/3
2025-04-29 03:24:53,stallRate,135.22200012207,0.0832373661992586,TheEmptinessMachine,CUBIC,Festive,HTTP/3
2025-04-29 03:24:55,stallRate,137.220999956131,0.0818675728970313,TheEmptinessMachine,CUBIC,Festive,HTTP/3
2025-04-29 03:24:57,stallRate,139.22200012207,0.0805528412380623,TheEmptinessMachine,CUBIC,Festive,HTTP/3
2025-04-29 03:24:59,stallRate,141.220999956131,0.211966187255202,TheEmptinessMachine,CUBIC,Festive,HTTP/3
2025-04-29 03:25:01,stallRate,143.220999956131,0.208653772414866,TheEmptinessMachine,CUBIC,Festive,HTTP/3
2025-04-29 03:25:03,stallRate,145.223000049591,0.20544878608533,TheEmptinessMachine,CUBIC,Festive,HTTP/3
2025-04-29 03:25:05,stallRate,147.220999956131,0.202349033148771,TheEmptinessMachine,CUBIC,Festive,HTTP/3
2025-04-29 03:25:07,stallRate,149.220999956131,0.199317526057073,TheEmptinessMachine,CUBIC,Festive,HTTP/3
2025-04-29 03:25:09,stallRate,151.22200012207,0.196401925537916,TheEmptinessMachine,CUBIC,Festive,HTTP/3
2025-04-29 03:25:11,stallRate,153.220999956131,0.193573463797043,TheEmptinessMachine,CUBIC,Festive,HTTP/3
2025-04-29 03:25:13,stallRate,155.220999956131,0.190814953110255,TheEmptinessMachine,CUBIC,Festive,HTTP/3
2025-04-29 03:25:15,stallRate,157.22200012207,0.188122141078939,TheEmptinessMachine,CUBIC,Festive,HTTP/3
2025-04-29 03:25:17,stallRate,159.22200012207,0.185507017944089,TheEmptinessMachine,CUBIC,Festive,HTTP/3
2025-04-29 03:25:19,stallRate,161.220999956131,0.182966977313823,TheEmptinessMachine,CUBIC,Festive,HTTP/3
2025-04-29 03:25:21,stallRate,163.220999956131,0.180486145710593,TheEmptinessMachine,CUBIC,Festive,HTTP/3
2025-04-29 03:25:23,stallRate,165.220999956131,0.178094461195585,TheEmptinessMachine,CUBIC,Festive,HTTP/3
2025-04-29 03:25:25,stallRate,167.220999956131,0.175757505647308,TheEmptinessMachine,CUBIC,Festive,HTTP/3
2025-04-29 03:25:28,stallRate,170.203000068665,0.172388311440627,TheEmptinessMachine,CUBIC,Festive,HTTP/3
2025-04-29 03:25:30,stallRate,172.223000049591,0.170174647746209,TheEmptinessMachine,CUBIC,Festive,HTTP/3
2025-04-29 03:25:32,stallRate,174.220999956131,0.168016865022637,TheEmptinessMachine,CUBIC,Festive,HTTP/3
2025-04-29 03:25:34,stallRate,176.22200012207,0.165926953469624,TheEmptinessMachine,CUBIC,Festive,HTTP/3
2025-04-29 03:25:36,stallRate,178.22200012207,0.163895090764596,TheEmptinessMachine,CUBIC,Festive,HTTP/3
2025-04-29 03:25:38,stallRate,180.220999956131,0.161914779722115,TheEmptinessMachine,CUBIC,Festive,HTTP/3
2025-04-29 03:25:40,stallRate,182.22200012207,0.159978469793549,TheEmptinessMachine,CUBIC,Festive,HTTP/3
2025-04-29 03:25:42,stallRate,184.220999956131,0.158082959986428,TheEmptinessMachine,CUBIC,Festive,HTTP/3
2025-04-29 03:25:44,stallRate,186.22200012207,0.1562448845357,TheEmptinessMachine,CUBIC,Festive,HTTP/3
2025-04-29 03:25:46,stallRate,188.220999956131,0.154433859936757,TheEmptinessMachine,CUBIC,Festive,HTTP/3
2025-04-29 03:25:48,stallRate,190.223999977112,0.152666739384085,TheEmptinessMachine,CUBIC,Festive,HTTP/3
2025-04-29 03:25:50,stallRate,192.220999956131,0.150953741716136,TheEmptinessMachine,CUBIC,Festive,HTTP/3
2025-04-29 03:25:52,stallRate,194.220999956131,0.14926605867778,TheEmptinessMachine,CUBIC,Festive,HTTP/3
2025-04-29 03:25:54,stallRate,196.22200012207,0.147618977113933,TheEmptinessMachine,CUBIC,Festive,HTTP/3
2025-04-29 03:25:56,stallRate,198.220999956131,0.146007758297455,TheEmptinessMachine,CUBIC,Festive,HTTP/3
2025-04-29 03:25:58,stallRate,200.22200012207,0.144430504014061,TheEmptinessMachine,CUBIC,Festive,HTTP/3
2025-04-29 03:26:00,stallRate,202.220999956131,0.14288316151592,TheEmptinessMachine,CUBIC,Festive,HTTP/3
2025-04-29 03:26:02,stallRate,204.220999956131,0.141361684559244,TheEmptinessMachine,CUBIC,Festive,HTTP/3
2025-04-29 03:26:04,stallRate,206.22200012207,0.139884453244427,TheEmptinessMachine,CUBIC,Festive,HTTP/3
2025-04-29 03:26:06,stallRate,208.22200012207,0.138440623660356,TheEmptinessMachine,CUBIC,Festive,HTTP/3
2025-04-29 03:26:35,stallRate,1.25699996948242,0.0,TheEmptinessMachine,CUBIC,L2A,HTTP/1.1
2025-04-29 03:26:37,stallRate,3.25499987602234,0.0,TheEmptinessMachine,CUBIC,L2A,HTTP/1.1
2025-04-29 03:26:39,stallRate,5.25600004196167,0.0,TheEmptinessMachine,CUBIC,L2A,HTTP/1.1
2025-04-29 03:26:41,stallRate,7.25499987602234,3.26450856422896,TheEmptinessMachine,CUBIC,L2A,HTTP/1.1
2025-04-29 03:26:43,stallRate,9.25499987602234,2.62661637931035,TheEmptinessMachine,CUBIC,L2A,HTTP/1.1
2025-04-29 03:26:45,stallRate,11.2549998760223,2.01140331586542,TheEmptinessMachine,CUBIC,L2A,HTTP/1.1
2025-04-29 03:26:47,stallRate,13.2549998760223,1.48140787534659,TheEmptinessMachine,CUBIC,L2A,HTTP/1.1
2025-04-29 03:26:49,stallRate,15.2549998760223,1.20784796427446,TheEmptinessMachine,CUBIC,L2A,HTTP/1.1
2025-04-29 03:26:51,stallRate,17.2549998760223,1.00595266038368,TheEmptinessMachine,CUBIC,L2A,HTTP/1.1
2025-04-29 03:26:53,stallRate,19.2560000419617,0.851228038316613,TheEmptinessMachine,CUBIC,L2A,HTTP/1.1
2025-04-29 03:26:55,stallRate,21.2560000419617,0.702907521088849,TheEmptinessMachine,CUBIC,L2A,HTTP/1.1
2025-04-29 03:26:57,stallRate,23.2549998760223,0.613726628660518,TheEmptinessMachine,CUBIC,L2A,HTTP/1.1
2025-04-29 03:26:59,stallRate,25.2649998664856,0.542416406677675,TheEmptinessMachine,CUBIC,L2A,HTTP/1.1
2025-04-29 03:27:01,stallRate,27.2560000419617,0.47795804557808,TheEmptinessMachine,CUBIC,L2A,HTTP/1.1
2025-04-29 03:27:03,stallRate,29.2549998760223,0.434099296719069,TheEmptinessMachine,CUBIC,L2A,HTTP/1.1
2025-04-29 03:27:05,stallRate,31.2549998760223,0.397555948354425,TheEmptinessMachine,CUBIC,L2A,HTTP/1.1
2025-04-29 03:27:07,stallRate,33.2560000419617,0.365498966818767,TheEmptinessMachine,CUBIC,L2A,HTTP/1.1
2025-04-29 03:27:09,stallRate,35.2549998760223,0.339795891055653,TheEmptinessMachine,CUBIC,L2A,HTTP/1.1
2025-04-29 03:27:11,stallRate,37.2549998760223,0.412828616706095,TheEmptinessMachine,CUBIC,L2A,HTTP/1.1
2025-04-29 03:27:13,stallRate,39.2549998760223,0.387296633759417,TheEmptinessMachine,CUBIC,L2A,HTTP/1.1
2025-04-29 03:27:15,stallRate,41.2549998760223,0.702961532027,TheEmptinessMachine,CUBIC,L2A,HTTP/1.1
2025-04-29 03:27:17,stallRate,43.2549998760223,0.664566433537893,TheEmptinessMachine,CUBIC,L2A,HTTP/1.1
2025-04-29 03:27:19,stallRate,45.2549998760223,0.630160357230532,TheEmptinessMachine,CUBIC,L2A,HTTP/1.1
2025-04-29 03:27:21,stallRate,47.2549998760223,0.599174655313793,TheEmptinessMachine,CUBIC,L2A,HTTP/1.1
2025-04-29 03:27:23,stallRate,49.2549998760223,0.57114165744402,TheEmptinessMachine,CUBIC,L2A,HTTP/1.1
2025-04-29 03:27:25,stallRate,51.2549998760223,0.545590144773579,TheEmptinessMachine,CUBIC,L2A,HTTP/1.1
2025-04-29 03:27:27,stallRate,53.2549998760223,0.522260330734341,TheEmptinessMachine,CUBIC,L2A,HTTP/1.1
2025-04-29 03:27:29,stallRate,55.2560000419617,0.500881218664357,TheEmptinessMachine,CUBIC,L2A,HTTP/1.1
2025-04-29 03:27:31,stallRate,57.2560000419617,0.481008183697778,TheEmptinessMachine,CUBIC,L2A,HTTP/1.1
2025-04-29 03:27:33,stallRate,59.2549998760223,0.462836222464414,TheEmptinessMachine,CUBIC,L2A,HTTP/1.1
2025-04-29 03:27:35,stallRate,61.2549998760223,0.445927362924215,TheEmptinessMachine,CUBIC,L2A,HTTP/1.1
2025-04-29 03:27:37,stallRate,63.2549998760223,0.430221272031328,TheEmptinessMachine,CUBIC,L2A,HTTP/1.1
2025-04-29 03:27:39,stallRate,65.2549998760223,0.415582810133049,TheEmptinessMachine,CUBIC,L2A,HTTP/1.1
2025-04-29 03:27:41,stallRate,67.2549998760223,0.401925046508541,TheEmptinessMachine,CUBIC,L2A,HTTP/1.1
2025-04-29 03:27:43,stallRate,69.2560000419617,0.389087246728177,TheEmptinessMachine,CUBIC,L2A,HTTP/1.1
2025-04-29 03:27:45,stallRate,71.2549998760223,0.377039481359994,TheEmptinessMachine,CUBIC,L2A,HTTP/1.1
2025-04-29 03:27:47,stallRate,73.2560000419617,0.365738596739667,TheEmptinessMachine,CUBIC,L2A,HTTP/1.1
2025-04-29 03:27:49,stallRate,75.2549998760223,0.355159142491844,TheEmptinessMachine,CUBIC,L2A,HTTP/1.1
2025-04-29 03:27:51,stallRate,77.2560000419617,0.34510974405028,TheEmptinessMachine,CUBIC,L2A,HTTP/1.1
2025-04-29 03:27:53,stallRate,79.2549998760223,0.335632908968524,TheEmptinessMachine,CUBIC,L2A,HTTP/1.1
2025-04-29 03:27:55,stallRate,81.2560000419617,0.326625674297066,TheEmptinessMachine,CUBIC,L2A,HTTP/1.1
2025-04-29 03:27:57,stallRate,83.2549998760223,0.562919034173837,TheEmptinessMachine,CUBIC,L2A,HTTP/1.1
2025-04-29 03:27:59,stallRate,85.2560000419617,0.712626465012387,TheEmptinessMachine,CUBIC,L2A,HTTP/1.1
2025-04-29 03:28:01,stallRate,87.2549998760223,0.695020851059252,TheEmptinessMachine,CUBIC,L2A,HTTP/1.1
2025-04-29 03:28:03,stallRate,89.2549998760223,0.797933309232275,TheEmptinessMachine,CUBIC,L2A,HTTP/1.1
2025-04-29 03:28:05,stallRate,91.2549998760223,1.00468126492835,TheEmptinessMachine,CUBIC,L2A,HTTP/1.1
2025-04-29 03:28:07,stallRate,93.2549998760223,0.981446557262219,TheEmptinessMachine,CUBIC,L2A,HTTP/1.1
2025-04-29 03:28:09,stallRate,95.2560000419617,0.959370944662985,TheEmptinessMachine,CUBIC,L2A,HTTP/1.1
2025-04-29 03:28:11,stallRate,97.2549998760223,1.03141218077905,TheEmptinessMachine,CUBIC,L2A,HTTP/1.1
2025-04-29 03:28:13,stallRate,99.2549998760223,1.00915061686751,TheEmptinessMachine,CUBIC,L2A,HTTP/1.1
2025-04-29 03:28:15,stallRate,101.254999876022,1.13195330362362,TheEmptinessMachine,CUBIC,L2A,HTTP/1.1
2025-04-29 03:28:17,stallRate,103.254999876022,1.10851625935866,TheEmptinessMachine,CUBIC,L2A,HTTP/1.1
2025-04-29 03:28:19,stallRate,105.254999876022,1.08601025005003,TheEmptinessMachine,CUBIC,L2A,HTTP/1.1
2025-04-29 03:28:21,stallRate,107.256000041962,1.07377509817824,TheEmptinessMachine,CUBIC,L2A,HTTP/1.1
2025-04-29 03:28:23,stallRate,109.254999876022,1.05289521123461,TheEmptinessMachine,CUBIC,L2A,HTTP/1.1
2025-04-29 03:28:25,stallRate,111.254999876022,1.0327097226412,TheEmptinessMachine,CUBIC,L2A,HTTP/1.1
2025-04-29 03:28:27,stallRate,113.254999876022,1.01339620042871,TheEmptinessMachine,CUBIC,L2A,HTTP/1.1
2025-04-29 03:28:29,stallRate,115.254999876022,0.994724731744166,TheEmptinessMachine,CUBIC,L2A,HTTP/1.1
2025-04-29 03:28:31,stallRate,117.256000041962,0.976723643687436,TheEmptinessMachine,CUBIC,L2A,HTTP/1.1
2025-04-29 03:28:33,stallRate,119.256000041962,0.9593943501936,TheEmptinessMachine,CUBIC,L2A,HTTP/1.1
2025-04-29 03:28:35,stallRate,121.256000041962,0.942706319804509,TheEmptinessMachine,CUBIC,L2A,HTTP/1.1
2025-04-29 03:28:37,stallRate,123.254999876022,0.928015551753387,TheEmptinessMachine,CUBIC,L2A,HTTP/1.1
2025-04-29 03:28:39,stallRate,125.254999876022,0.911492364316138,TheEmptinessMachine,CUBIC,L2A,HTTP/1.1
2025-04-29 03:28:41,stallRate,127.254999876022,0.895716472545813,TheEmptinessMachine,CUBIC,L2A,HTTP/1.1
2025-04-29 03:28:43,stallRate,129.256000041962,0.880783420014021,TheEmptinessMachine,CUBIC,L2A,HTTP/1.1
2025-04-29 03:28:45,stallRate,131.256000041962,0.86734988621865,TheEmptinessMachine,CUBIC,L2A,HTTP/1.1
2025-04-29 03:28:47,stallRate,133.256000041962,0.853709064851852,TheEmptinessMachine,CUBIC,L2A,HTTP/1.1
2025-04-29 03:28:49,stallRate,135.254999876022,0.840516751470392,TheEmptinessMachine,CUBIC,L2A,HTTP/1.1
2025-04-29 03:28:51,stallRate,137.256000041962,0.827804086876474,TheEmptinessMachine,CUBIC,L2A,HTTP/1.1
2025-04-29 03:28:53,stallRate,139.256000041962,0.815343586119055,TheEmptinessMachine,CUBIC,L2A,HTTP/1.1
2025-04-29 03:28:55,stallRate,141.254999876022,0.803210042782134,TheEmptinessMachine,CUBIC,L2A,HTTP/1.1
2025-04-29 03:28:57,stallRate,143.256000041962,0.905661841449628,TheEmptinessMachine,CUBIC,L2A,HTTP/1.1
2025-04-29 03:28:59,stallRate,145.254999876022,0.900265259226244,TheEmptinessMachine,CUBIC,L2A,HTTP/1.1
2025-04-29 03:29:01,stallRate,147.254999876022,0.887436185631295,TheEmptinessMachine,CUBIC,L2A,HTTP/1.1
2025-04-29 03:29:03,stallRate,149.254999876022,0.88598337855151,TheEmptinessMachine,CUBIC,L2A,HTTP/1.1
2025-04-29 03:29:05,stallRate,151.256000041962,0.938606120569287,TheEmptinessMachine,CUBIC,L2A,HTTP/1.1
2025-04-29 03:29:07,stallRate,153.254999876022,0.925821645579649,TheEmptinessMachine,CUBIC,L2A,HTTP/1.1
2025-04-29 03:29:09,stallRate,155.254999876022,0.913450203173845,TheEmptinessMachine,CUBIC,L2A,HTTP/1.1
2025-04-29 03:29:11,stallRate,157.256000041962,0.901311949062977,TheEmptinessMachine,CUBIC,L2A,HTTP/1.1
2025-04-29 03:29:13,stallRate,159.256000041962,0.889516095320016,TheEmptinessMachine,CUBIC,L2A,HTTP/1.1
2025-04-29 03:29:15,stallRate,161.254999876022,0.878020756328362,TheEmptinessMachine,CUBIC,L2A,HTTP/1.1
2025-04-29 03:29:17,stallRate,163.254999876022,0.866816171502129,TheEmptinessMachine,CUBIC,L2A,HTTP/1.1
2025-04-29 03:29:19,stallRate,165.254999876022,0.855854353174219,TheEmptinessMachine,CUBIC,L2A,HTTP/1.1
2025-04-29 03:29:21,stallRate,167.254999876022,0.845218857917194,TheEmptinessMachine,CUBIC,L2A,HTTP/1.1
2025-04-29 03:29:23,stallRate,169.256000041962,0.834804295339564,TheEmptinessMachine,CUBIC,L2A,HTTP/1.1
2025-04-29 03:29:25,stallRate,171.254999876022,0.824670748595002,TheEmptinessMachine,CUBIC,L2A,HTTP/1.1
2025-04-29 03:29:27,stallRate,173.254999876022,0.814782982834873,TheEmptinessMachine,CUBIC,L2A,HTTP/1.1
2025-04-29 03:29:29,stallRate,175.254999876022,0.80513042718753,TheEmptinessMachine,CUBIC,L2A,HTTP/1.1
2025-04-29 03:29:31,stallRate,177.256000041962,0.795722912596766,TheEmptinessMachine,CUBIC,L2A,HTTP/1.1
2025-04-29 03:29:33,stallRate,179.256000041962,0.78649065922224,TheEmptinessMachine,CUBIC,L2A,HTTP/1.1
2025-04-29 03:29:35,stallRate,181.254999876022,0.77741298297807,TheEmptinessMachine,CUBIC,L2A,HTTP/1.1
2025-04-29 03:29:37,stallRate,183.256000041962,0.768623535481662,TheEmptinessMachine,CUBIC,L2A,HTTP/1.1
2025-04-29 03:29:39,stallRate,185.254999876022,0.759865240568605,TheEmptinessMachine,CUBIC,L2A,HTTP/1.1
2025-04-29 03:29:41,stallRate,187.254999876022,0.751440966339951,TheEmptinessMachine,CUBIC,L2A,HTTP/1.1
2025-04-29 03:29:43,stallRate,189.256000041962,0.743230831758732,TheEmptinessMachine,CUBIC,L2A,HTTP/1.1
2025-04-29 03:29:45,stallRate,191.256000041962,0.735121821977983,TheEmptinessMachine,CUBIC,L2A,HTTP/1.1
2025-04-29 03:29:47,stallRate,193.254999876022,0.727252734418698,TheEmptinessMachine,CUBIC,L2A,HTTP/1.1
2025-04-29 03:29:49,stallRate,195.254999876022,0.719567268710971,TheEmptinessMachine,CUBIC,L2A,HTTP/1.1
2025-04-29 03:29:51,stallRate,197.254999876022,0.712052877963476,TheEmptinessMachine,CUBIC,L2A,HTTP/1.1
2025-04-29 03:29:53,stallRate,199.256000041962,0.704667525830117,TheEmptinessMachine,CUBIC,L2A,HTTP/1.1
2025-04-29 03:29:55,stallRate,201.254999876022,0.697412421737145,TheEmptinessMachine,CUBIC,L2A,HTTP/1.1
2025-04-29 03:30:29,stallRate,1.30200004577637,0.0,TheEmptinessMachine,CUBIC,L2A,HTTP/2
2025-04-29 03:30:31,stallRate,3.30100011825562,0.0,TheEmptinessMachine,CUBIC,L2A,HTTP/2
2025-04-29 03:30:33,stallRate,5.30400013923645,0.0,TheEmptinessMachine,CUBIC,L2A,HTTP/2
2025-04-29 03:30:35,stallRate,7.30100011825562,0.0,TheEmptinessMachine,CUBIC,L2A,HTTP/2
2025-04-29 03:30:37,stallRate,9.30100011825562,0.0,TheEmptinessMachine,CUBIC,L2A,HTTP/2
2025-04-29 03:30:39,stallRate,11.3010001182556,0.0,TheEmptinessMachine,CUBIC,L2A,HTTP/2
2025-04-29 03:30:41,stallRate,13.3010001182556,1.00686230733126,TheEmptinessMachine,CUBIC,L2A,HTTP/2
2025-04-29 03:30:43,stallRate,15.3010001182556,0.807486876867878,TheEmptinessMachine,CUBIC,L2A,HTTP/2
2025-04-29 03:30:45,stallRate,17.3010001182556,0.689295641203242,TheEmptinessMachine,CUBIC,L2A,HTTP/2
2025-04-29 03:30:47,stallRate,19.3010001182556,0.600568818206263,TheEmptinessMachine,CUBIC,L2A,HTTP/2
2025-04-29 03:30:49,stallRate,21.3010001182556,0.686300327339692,TheEmptinessMachine,CUBIC,L2A,HTTP/2
2025-04-29 03:30:51,stallRate,23.3010001182556,0.61781458948109,TheEmptinessMachine,CUBIC,L2A,HTTP/2
2025-04-29 03:30:53,stallRate,25.3010001182556,0.561504478699236,TheEmptinessMachine,CUBIC,L2A,HTTP/2
2025-04-29 03:30:55,stallRate,27.3010001182556,0.513861602308561,TheEmptinessMachine,CUBIC,L2A,HTTP/2
2025-04-29 03:30:57,stallRate,29.2999999523163,0.474608881907402,TheEmptinessMachine,CUBIC,L2A,HTTP/2
2025-04-29 03:30:59,stallRate,31.3010001182556,0.788221201617557,TheEmptinessMachine,CUBIC,L2A,HTTP/2
2025-04-29 03:31:01,stallRate,33.2999999523163,1.31728853002308,TheEmptinessMachine,CUBIC,L2A,HTTP/2
2025-04-29 03:31:03,stallRate,35.3010001182556,1.23545589902852,TheEmptinessMachine,CUBIC,L2A,HTTP/2
2025-04-29 03:31:05,stallRate,37.3010001182556,1.37981201417918,TheEmptinessMachine,CUBIC,L2A,HTTP/2
2025-04-29 03:31:07,stallRate,39.3010001182556,1.38309559506032,TheEmptinessMachine,CUBIC,L2A,HTTP/2
2025-04-29 03:31:09,stallRate,41.3010001182556,1.31086633479145,TheEmptinessMachine,CUBIC,L2A,HTTP/2
2025-04-29 03:31:11,stallRate,43.4530000686646,1.25785428858687,TheEmptinessMachine,CUBIC,L2A,HTTP/2
2025-04-29 03:31:13,stallRate,45.3010001182556,1.23602513234864,TheEmptinessMachine,CUBIC,L2A,HTTP/2
2025-04-29 03:31:15,stallRate,47.3010001182556,1.17760965563118,TheEmptinessMachine,CUBIC,L2A,HTTP/2
2025-04-29 03:31:17,stallRate,49.3010001182556,1.13319849520982,TheEmptinessMachine,CUBIC,L2A,HTTP/2
2025-04-29 03:31:19,stallRate,51.3010001182556,1.0847349176359,TheEmptinessMachine,CUBIC,L2A,HTTP/2
2025-04-29 03:31:21,stallRate,53.3010001182556,1.04084242442348,TheEmptinessMachine,CUBIC,L2A,HTTP/2
2025-04-29 03:31:23,stallRate,55.3010001182556,0.999334918516051,TheEmptinessMachine,CUBIC,L2A,HTTP/2
2025-04-29 03:31:25,stallRate,57.3010001182556,0.958015642231868,TheEmptinessMachine,CUBIC,L2A,HTTP/2
2025-04-29 03:31:27,stallRate,59.3010001182556,0.92256650058216,TheEmptinessMachine,CUBIC,L2A,HTTP/2
2025-04-29 03:31:29,stallRate,61.3010001182556,0.889641970167886,TheEmptinessMachine,CUBIC,L2A,HTTP/2
2025-04-29 03:31:31,stallRate,63.3010001182556,0.858257169424655,TheEmptinessMachine,CUBIC,L2A,HTTP/2
2025-04-29 03:31:33,stallRate,65.3010001182556,0.829704574576903,TheEmptinessMachine,CUBIC,L2A,HTTP/2
2025-04-29 03:31:35,stallRate,67.3010001182556,0.803060412341182,TheEmptinessMachine,CUBIC,L2A,HTTP/2
2025-04-29 03:31:37,stallRate,69.3010001182556,0.777973061730413,TheEmptinessMachine,CUBIC,L2A,HTTP/2
2025-04-29 03:31:39,stallRate,71.3010001182556,0.754558212783825,TheEmptinessMachine,CUBIC,L2A,HTTP/2
2025-04-29 03:31:41,stallRate,73.3010001182556,0.732702632798179,TheEmptinessMachine,CUBIC,L2A,HTTP/2
2025-04-29 03:31:43,stallRate,75.3010001182556,0.711839346627293,TheEmptinessMachine,CUBIC,L2A,HTTP/2
2025-04-29 03:31:45,stallRate,77.3010001182556,0.692187653977601,TheEmptinessMachine,CUBIC,L2A,HTTP/2
2025-04-29 03:31:47,stallRate,79.2999999523163,0.673646718853491,TheEmptinessMachine,CUBIC,L2A,HTTP/2
2025-04-29 03:31:49,stallRate,81.3010001182556,0.655977390036877,TheEmptinessMachine,CUBIC,L2A,HTTP/2
2025-04-29 03:31:51,stallRate,83.3010001182556,0.909398342668972,TheEmptinessMachine,CUBIC,L2A,HTTP/2
2025-04-29 03:31:53,stallRate,85.2999999523163,0.886894168067917,TheEmptinessMachine,CUBIC,L2A,HTTP/2
2025-04-29 03:31:55,stallRate,87.3010001182556,0.865269092627705,TheEmptinessMachine,CUBIC,L2A,HTTP/2
2025-04-29 03:31:57,stallRate,89.3010001182556,0.844866676831673,TheEmptinessMachine,CUBIC,L2A,HTTP/2
2025-04-29 03:31:59,stallRate,91.3010001182556,0.825304678543013,TheEmptinessMachine,CUBIC,L2A,HTTP/2
2025-04-29 03:32:01,stallRate,93.3010001182556,1.19581029030927,TheEmptinessMachine,CUBIC,L2A,HTTP/2
2025-04-29 03:32:03,stallRate,95.3010001182556,1.16933272908109,TheEmptinessMachine,CUBIC,L2A,HTTP/2
2025-04-29 03:32:05,stallRate,97.3010001182556,1.14405252923574,TheEmptinessMachine,CUBIC,L2A,HTTP/2
2025-04-29 03:32:07,stallRate,99.3010001182556,1.3382865669243,TheEmptinessMachine,CUBIC,L2A,HTTP/2
2025-04-29 03:32:09,stallRate,101.301000118256,1.48206029842495,TheEmptinessMachine,CUBIC,L2A,HTTP/2
2025-04-29 03:32:11,stallRate,103.301000118256,1.45195842460973,TheEmptinessMachine,CUBIC,L2A,HTTP/2
2025-04-29 03:32:13,stallRate,105.301000118256,1.48735511832327,TheEmptinessMachine,CUBIC,L2A,HTTP/2
2025-04-29 03:32:15,stallRate,107.301000118256,1.54817791207459,TheEmptinessMachine,CUBIC,L2A,HTTP/2
2025-04-29 03:32:17,stallRate,109.301000118256,1.51856881775,TheEmptinessMachine,CUBIC,L2A,HTTP/2
2025-04-29 03:32:19,stallRate,111.301000118256,1.48992760766013,TheEmptinessMachine,CUBIC,L2A,HTTP/2
2025-04-29 03:32:21,stallRate,113.301000118256,1.46236443786289,TheEmptinessMachine,CUBIC,L2A,HTTP/2
2025-04-29 03:32:23,stallRate,115.301000118256,1.4358748577735,TheEmptinessMachine,CUBIC,L2A,HTTP/2
2025-04-29 03:32:25,stallRate,117.301000118256,1.41036005860331,TheEmptinessMachine,CUBIC,L2A,HTTP/2
2025-04-29 03:32:27,stallRate,119.301000118256,1.38573542451454,TheEmptinessMachine,CUBIC,L2A,HTTP/2
2025-04-29 03:32:29,stallRate,121.301000118256,1.36200945073369,TheEmptinessMachine,CUBIC,L2A,HTTP/2
2025-04-29 03:32:31,stallRate,123.301000118256,1.33906823957423,TheEmptinessMachine,CUBIC,L2A,HTTP/2
2025-04-29 03:32:33,stallRate,125.301000118256,1.31673402560238,TheEmptinessMachine,CUBIC,L2A,HTTP/2
2025-04-29 03:32:35,stallRate,127.301000118256,1.29533327675365,TheEmptinessMachine,CUBIC,L2A,HTTP/2
2025-04-29 03:32:37,stallRate,129.301000118256,1.27453829615283,TheEmptinessMachine,CUBIC,L2A,HTTP/2
2025-04-29 03:32:39,stallRate,131.301000118256,1.25433325815676,TheEmptinessMachine,CUBIC,L2A,HTTP/2
2025-04-29 03:32:41,stallRate,133.301000118256,1.23481230284905,TheEmptinessMachine,CUBIC,L2A,HTTP/2
2025-04-29 03:32:43,stallRate,135.301000118256,1.21591279256138,TheEmptinessMachine,CUBIC,L2A,HTTP/2
2025-04-29 03:32:45,stallRate,137.301000118256,1.19756643812485,TheEmptinessMachine,CUBIC,L2A,HTTP/2
2025-04-29 03:32:47,stallRate,139.301000118256,1.1796839114766,TheEmptinessMachine,CUBIC,L2A,HTTP/2
2025-04-29 03:32:49,stallRate,141.301000118256,1.16285048652264,TheEmptinessMachine,CUBIC,L2A,HTTP/2
2025-04-29 03:32:51,stallRate,143.301000118256,1.14559239696901,TheEmptinessMachine,CUBIC,L2A,HTTP/2
2025-04-29 03:32:53,stallRate,145.301000118256,1.12894572293372,TheEmptinessMachine,CUBIC,L2A,HTTP/2
2025-04-29 03:32:55,stallRate,147.301000118256,1.11290707002933,TheEmptinessMachine,CUBIC,L2A,HTTP/2
2025-04-29 03:32:57,stallRate,149.301000118256,1.09746123953248,TheEmptinessMachine,CUBIC,L2A,HTTP/2
2025-04-29 03:32:59,stallRate,151.302000045776,1.0824965821913,TheEmptinessMachine,CUBIC,L2A,HTTP/2
2025-04-29 03:33:01,stallRate,153.301000118256,1.06802343359335,TheEmptinessMachine,CUBIC,L2A,HTTP/2
2025-04-29 03:33:03,stallRate,155.301000118256,1.05384774076662,TheEmptinessMachine,CUBIC,L2A,HTTP/2
2025-04-29 03:33:05,stallRate,157.301000118256,1.04007203457511,TheEmptinessMachine,CUBIC,L2A,HTTP/2
2025-04-29 03:33:07,stallRate,159.301000118256,1.13244404041742,TheEmptinessMachine,CUBIC,L2A,HTTP/2
2025-04-29 03:33:09,stallRate,161.301000118256,1.28225778136138,TheEmptinessMachine,CUBIC,L2A,HTTP/2
2025-04-29 03:33:11,stallRate,163.301000118256,1.26607812796269,TheEmptinessMachine,CUBIC,L2A,HTTP/2
2025-04-29 03:33:13,stallRate,165.299999952316,1.4933397496626,TheEmptinessMachine,CUBIC,L2A,HTTP/2
2025-04-29 03:33:15,stallRate,167.301000118256,1.47492851803497,TheEmptinessMachine,CUBIC,L2A,HTTP/2
2025-04-29 03:33:17,stallRate,169.301000118256,1.45700934415486,TheEmptinessMachine,CUBIC,L2A,HTTP/2
2025-04-29 03:33:19,stallRate,171.299999952316,1.43944720894737,TheEmptinessMachine,CUBIC,L2A,HTTP/2
2025-04-29 03:33:21,stallRate,173.301000118256,1.42236349746003,TheEmptinessMachine,CUBIC,L2A,HTTP/2
2025-04-29 03:33:23,stallRate,175.301000118256,1.40561745066351,TheEmptinessMachine,CUBIC,L2A,HTTP/2
2025-04-29 03:33:25,stallRate,177.301000118256,1.38918810265425,TheEmptinessMachine,CUBIC,L2A,HTTP/2
2025-04-29 03:33:27,stallRate,179.301000118256,1.37325905602678,TheEmptinessMachine,CUBIC,L2A,HTTP/2
2025-04-29 03:33:29,stallRate,181.301000118256,1.3577247489076,TheEmptinessMachine,CUBIC,L2A,HTTP/2
2025-04-29 03:33:31,stallRate,183.299999952316,1.34248032224181,TheEmptinessMachine,CUBIC,L2A,HTTP/2
2025-04-29 03:33:33,stallRate,185.301000118256,1.32753397473079,TheEmptinessMachine,CUBIC,L2A,HTTP/2
2025-04-29 03:33:35,stallRate,187.302000045776,1.3129453336367,TheEmptinessMachine,CUBIC,L2A,HTTP/2
2025-04-29 03:33:37,stallRate,189.301000118256,1.31327718894608,TheEmptinessMachine,CUBIC,L2A,HTTP/2
2025-04-29 03:33:39,stallRate,191.301000118256,1.29915402617357,TheEmptinessMachine,CUBIC,L2A,HTTP/2
2025-04-29 03:33:41,stallRate,193.301000118256,1.28535950180501,TheEmptinessMachine,CUBIC,L2A,HTTP/2
2025-04-29 03:33:43,stallRate,195.301000118256,1.2718430526426,TheEmptinessMachine,CUBIC,L2A,HTTP/2
2025-04-29 03:33:45,stallRate,197.301000118256,1.25853870435729,TheEmptinessMachine,CUBIC,L2A,HTTP/2
2025-04-29 03:33:47,stallRate,199.301000118256,1.24562995738319,TheEmptinessMachine,CUBIC,L2A,HTTP/2
2025-04-29 03:34:23,stallRate,1.34000015258789,0.0,TheEmptinessMachine,CUBIC,L2A,HTTP/3
2025-04-29 03:34:25,stallRate,3.33899998664856,0.0,TheEmptinessMachine,CUBIC,L2A,HTTP/3
2025-04-29 03:34:27,stallRate,5.33899998664856,0.0,TheEmptinessMachine,CUBIC,L2A,HTTP/3
2025-04-29 03:34:29,stallRate,7.33800005912781,0.0,TheEmptinessMachine,CUBIC,L2A,HTTP/3
2025-04-29 03:34:31,stallRate,9.33800005912781,0.0,TheEmptinessMachine,CUBIC,L2A,HTTP/3
2025-04-29 03:34:33,stallRate,11.3380000591278,0.0,TheEmptinessMachine,CUBIC,L2A,HTTP/3
2025-04-29 03:34:35,stallRate,13.3389999866486,0.0,TheEmptinessMachine,CUBIC,L2A,HTTP/3
2025-04-29 03:34:37,stallRate,15.3380000591278,0.0,TheEmptinessMachine,CUBIC,L2A,HTTP/3
2025-04-29 03:34:39,stallRate,17.3400001525879,0.0,TheEmptinessMachine,CUBIC,L2A,HTTP/3
2025-04-29 03:34:41,stallRate,19.3389999866486,0.0,TheEmptinessMachine,CUBIC,L2A,HTTP/3
2025-04-29 03:34:43,stallRate,21.3400001525879,0.0,TheEmptinessMachine,CUBIC,L2A,HTTP/3
2025-04-29 03:34:45,stallRate,23.3389999866486,0.0,TheEmptinessMachine,CUBIC,L2A,HTTP/3
2025-04-29 03:34:47,stallRate,25.3380000591278,0.0,TheEmptinessMachine,CUBIC,L2A,HTTP/3
2025-04-29 03:34:49,stallRate,27.3389999866486,0.0,TheEmptinessMachine,CUBIC,L2A,HTTP/3
2025-04-29 03:34:51,stallRate,29.3389999866486,0.0,TheEmptinessMachine,CUBIC,L2A,HTTP/3
2025-04-29 03:34:53,stallRate,31.3389999866486,0.0,TheEmptinessMachine,CUBIC,L2A,HTTP/3
2025-04-29 03:34:55,stallRate,33.3380000591278,0.0,TheEmptinessMachine,CUBIC,L2A,HTTP/3
2025-04-29 03:34:57,stallRate,35.3389999866486,0.0,TheEmptinessMachine,CUBIC,L2A,HTTP/3
2025-04-29 03:34:59,stallRate,37.3389999866486,0.0,TheEmptinessMachine,CUBIC,L2A,HTTP/3
2025-04-29 03:35:01,stallRate,39.3400001525879,0.0,TheEmptinessMachine,CUBIC,L2A,HTTP/3
2025-04-29 03:35:03,stallRate,41.3400001525879,0.0,TheEmptinessMachine,CUBIC,L2A,HTTP/3
2025-04-29 03:35:05,stallRate,43.3400001525879,0.0,TheEmptinessMachine,CUBIC,L2A,HTTP/3
2025-04-29 03:35:07,stallRate,45.3389999866486,0.0,TheEmptinessMachine,CUBIC,L2A,HTTP/3
2025-04-29 03:35:09,stallRate,47.3389999866486,0.0,TheEmptinessMachine,CUBIC,L2A,HTTP/3
2025-04-29 03:35:11,stallRate,49.3380000591278,0.801267842165997,TheEmptinessMachine,CUBIC,L2A,HTTP/3
2025-04-29 03:35:13,stallRate,51.3400001525879,0.767552928856147,TheEmptinessMachine,CUBIC,L2A,HTTP/3
2025-04-29 03:35:15,stallRate,53.3389999866486,0.736838301338076,TheEmptinessMachine,CUBIC,L2A,HTTP/3
2025-04-29 03:35:17,stallRate,55.3389999866486,0.708327661228632,TheEmptinessMachine,CUBIC,L2A,HTTP/3
2025-04-29 03:35:19,stallRate,57.3389999866486,0.681804807368439,TheEmptinessMachine,CUBIC,L2A,HTTP/3
2025-04-29 03:35:21,stallRate,59.3400001525879,0.65721631504666,TheEmptinessMachine,CUBIC,L2A,HTTP/3
2025-04-29 03:35:23,stallRate,61.3389999866486,0.634554124736176,TheEmptinessMachine,CUBIC,L2A,HTTP/3
2025-04-29 03:35:25,stallRate,63.3429999351501,0.613196706852216,TheEmptinessMachine,CUBIC,L2A,HTTP/3
2025-04-29 03:35:27,stallRate,65.3400001525879,0.593333124207723,TheEmptinessMachine,CUBIC,L2A,HTTP/3
2025-04-29 03:35:29,stallRate,67.3400001525879,0.574741956564834,TheEmptinessMachine,CUBIC,L2A,HTTP/3
2025-04-29 03:35:31,stallRate,69.3400001525879,0.557202432130764,TheEmptinessMachine,CUBIC,L2A,HTTP/3
2025-04-29 03:35:33,stallRate,71.3400001525879,0.540686608173633,TheEmptinessMachine,CUBIC,L2A,HTTP/3
2025-04-29 03:35:35,stallRate,73.3389999866486,0.525187964557274,TheEmptinessMachine,CUBIC,L2A,HTTP/3
2025-04-29 03:35:37,stallRate,75.3400001525879,0.510621242731006,TheEmptinessMachine,CUBIC,L2A,HTTP/3
2025-04-29 03:35:39,stallRate,77.3389999866486,0.554027117523299,TheEmptinessMachine,CUBIC,L2A,HTTP/3
2025-04-29 03:35:41,stallRate,79.3380000591278,0.770512870201256,TheEmptinessMachine,CUBIC,L2A,HTTP/3
2025-04-29 03:35:43,stallRate,81.3389999866486,0.750700229768969,TheEmptinessMachine,CUBIC,L2A,HTTP/3
2025-04-29 03:35:45,stallRate,83.3389999866486,0.731871115676688,TheEmptinessMachine,CUBIC,L2A,HTTP/3
2025-04-29 03:35:47,stallRate,85.3380000591278,0.71398711034709,TheEmptinessMachine,CUBIC,L2A,HTTP/3
2025-04-29 03:35:49,stallRate,87.3380000591278,0.696794277888689,TheEmptinessMachine,CUBIC,L2A,HTTP/3
2025-04-29 03:35:51,stallRate,89.3389999866486,0.680500920100132,TheEmptinessMachine,CUBIC,L2A,HTTP/3
2025-04-29 03:35:53,stallRate,91.3389999866486,0.665003030034914,TheEmptinessMachine,CUBIC,L2A,HTTP/3
2025-04-29 03:35:55,stallRate,93.3389999866486,0.650151241836914,TheEmptinessMachine,CUBIC,L2A,HTTP/3
2025-04-29 03:35:57,stallRate,95.3380000591278,0.635923361975863,TheEmptinessMachine,CUBIC,L2A,HTTP/3
2025-04-29 03:35:59,stallRate,97.3540000915527,0.62232436410354,TheEmptinessMachine,CUBIC,L2A,HTTP/3
2025-04-29 03:36:01,stallRate,99.3380000591278,0.609435155723263,TheEmptinessMachine,CUBIC,L2A,HTTP/3
2025-04-29 03:36:03,stallRate,101.338000059128,0.753045372918634,TheEmptinessMachine,CUBIC,L2A,HTTP/3
2025-04-29 03:36:05,stallRate,103.338999986649,0.73793562528898,TheEmptinessMachine,CUBIC,L2A,HTTP/3
2025-04-29 03:36:07,stallRate,105.338999986649,0.723502879912351,TheEmptinessMachine,CUBIC,L2A,HTTP/3
2025-04-29 03:36:09,stallRate,107.338999986649,0.709530138551473,TheEmptinessMachine,CUBIC,L2A,HTTP/3
2025-04-29 03:36:11,stallRate,109.338999986649,0.696111317397946,TheEmptinessMachine,CUBIC,L2A,HTTP/3
2025-04-29 03:36:13,stallRate,111.340000152588,0.683175712393957,TheEmptinessMachine,CUBIC,L2A,HTTP/3
2025-04-29 03:36:15,stallRate,113.338000059128,0.670731473247448,TheEmptinessMachine,CUBIC,L2A,HTTP/3
2025-04-29 03:36:17,stallRate,115.338999986649,0.658678373663003,TheEmptinessMachine,CUBIC,L2A,HTTP/3
2025-04-29 03:36:19,stallRate,117.338000059128,0.647048944872248,TheEmptinessMachine,CUBIC,L2A,HTTP/3
2025-04-29 03:36:21,stallRate,119.338000059128,0.635854672873249,TheEmptinessMachine,CUBIC,L2A,HTTP/3
2025-04-29 03:36:23,stallRate,121.338999986649,0.62507064016274,TheEmptinessMachine,CUBIC,L2A,HTTP/3
2025-04-29 03:36:25,stallRate,123.338999986649,0.614615660674479,TheEmptinessMachine,CUBIC,L2A,HTTP/3
2025-04-29 03:36:27,stallRate,125.338999986649,0.604538714935514,TheEmptinessMachine,CUBIC,L2A,HTTP/3
2025-04-29 03:36:29,stallRate,127.338999986649,0.594743919083077,TheEmptinessMachine,CUBIC,L2A,HTTP/3
2025-04-29 03:36:31,stallRate,129.338999986649,0.585306398470796,TheEmptinessMachine,CUBIC,L2A,HTTP/3
2025-04-29 03:36:33,stallRate,131.338999986649,0.576115735918466,TheEmptinessMachine,CUBIC,L2A,HTTP/3
2025-04-29 03:36:35,stallRate,133.338999986649,0.567235404983362,TheEmptinessMachine,CUBIC,L2A,HTTP/3
2025-04-29 03:36:37,stallRate,135.338000059128,0.558669354102272,TheEmptinessMachine,CUBIC,L2A,HTTP/3
2025-04-29 03:36:39,stallRate,137.338000059128,0.550299758138237,TheEmptinessMachine,CUBIC,L2A,HTTP/3
2025-04-29 03:36:41,stallRate,139.338000059128,0.542146586959196,TheEmptinessMachine,CUBIC,L2A,HTTP/3
2025-04-29 03:36:43,stallRate,141.338999986649,0.53430085853787,TheEmptinessMachine,CUBIC,L2A,HTTP/3
2025-04-29 03:36:45,stallRate,143.338999986649,0.526663895452384,TheEmptinessMachine,CUBIC,L2A,HTTP/3
2025-04-29 03:36:47,stallRate,145.338000059128,0.519211569185747,TheEmptinessMachine,CUBIC,L2A,HTTP/3
2025-04-29 03:36:49,stallRate,147.338999986649,0.511960332233366,TheEmptinessMachine,CUBIC,L2A,HTTP/3
2025-04-29 03:36:51,stallRate,149.338000059128,0.504931438705617,TheEmptinessMachine,CUBIC,L2A,HTTP/3
2025-04-29 03:36:53,stallRate,151.338000059128,0.55153274097431,TheEmptinessMachine,CUBIC,L2A,HTTP/3
2025-04-29 03:36:55,stallRate,153.338999986649,0.544149672172042,TheEmptinessMachine,CUBIC,L2A,HTTP/3
2025-04-29 03:36:57,stallRate,155.338999986649,0.599558059649157,TheEmptinessMachine,CUBIC,L2A,HTTP/3
2025-04-29 03:36:59,stallRate,157.338999986649,0.625298914713592,TheEmptinessMachine,CUBIC,L2A,HTTP/3
2025-04-29 03:37:01,stallRate,159.338999986649,0.617262482452212,TheEmptinessMachine,CUBIC,L2A,HTTP/3
2025-04-29 03:37:03,stallRate,161.338000059128,0.609406025030952,TheEmptinessMachine,CUBIC,L2A,HTTP/3
2025-04-29 03:37:05,stallRate,163.338000059128,0.601770595842818,TheEmptinessMachine,CUBIC,L2A,HTTP/3
2025-04-29 03:37:07,stallRate,165.338000059128,0.594326738425902,TheEmptinessMachine,CUBIC,L2A,HTTP/3
2025-04-29 03:37:09,stallRate,167.338000059128,0.587067950613354,TheEmptinessMachine,CUBIC,L2A,HTTP/3
2025-04-29 03:37:11,stallRate,169.338999986649,0.57995618901457,TheEmptinessMachine,CUBIC,L2A,HTTP/3
2025-04-29 03:37:13,stallRate,171.338000059128,0.573080636560661,TheEmptinessMachine,CUBIC,L2A,HTTP/3
2025-04-29 03:37:15,stallRate,173.338999986649,0.566297782016205,TheEmptinessMachine,CUBIC,L2A,HTTP/3
2025-04-29 03:37:17,stallRate,175.338000059128,0.559734519589104,TheEmptinessMachine,CUBIC,L2A,HTTP/3
2025-04-29 03:37:19,stallRate,177.338000059128,0.553297990860291,TheEmptinessMachine,CUBIC,L2A,HTTP/3
2025-04-29 03:37:21,stallRate,179.338000059128,0.547018621563566,TheEmptinessMachine,CUBIC,L2A,HTTP/3
2025-04-29 03:37:23,stallRate,181.338000059128,0.540849944928539,TheEmptinessMachine,CUBIC,L2A,HTTP/3
2025-04-29 03:37:25,stallRate,183.338000059128,0.534841345846451,TheEmptinessMachine,CUBIC,L2A,HTTP/3
2025-04-29 03:37:27,stallRate,185.338999986649,0.528940562603782,TheEmptinessMachine,CUBIC,L2A,HTTP/3
2025-04-29 03:37:29,stallRate,187.338999986649,0.523149094257853,TheEmptinessMachine,CUBIC,L2A,HTTP/3
2025-04-29 03:37:31,stallRate,189.338999986649,0.517484750961902,TheEmptinessMachine,CUBIC,L2A,HTTP/3
2025-04-29 03:37:33,stallRate,191.338999986649,0.511964196754333,TheEmptinessMachine,CUBIC,L2A,HTTP/3
2025-04-29 03:37:35,stallRate,193.344000101089,0.506595190332803,TheEmptinessMachine,CUBIC,L2A,HTTP/3
2025-04-29 03:37:37,stallRate,195.338000059128,0.501315701990304,TheEmptinessMachine,CUBIC,L2A,HTTP/3
2025-04-29 03:37:39,stallRate,197.338000059128,0.49613564341257,TheEmptinessMachine,CUBIC,L2A,HTTP/3
2025-04-29 03:38:19,stallRate,1.23599982261658,0.0,TheEmptinessMachine,CUBIC,RB,HTTP/1.1
2025-04-29 03:38:21,stallRate,3.23399996757507,0.0,TheEmptinessMachine,CUBIC,RB,HTTP/1.1
2025-04-29 03:38:23,stallRate,5.23399996757507,0.0,TheEmptinessMachine,CUBIC,RB,HTTP/1.1
2025-04-29 03:38:25,stallRate,7.23399996757507,0.0,TheEmptinessMachine,CUBIC,RB,HTTP/1.1
2025-04-29 03:38:27,stallRate,9.23399996757507,0.0,TheEmptinessMachine,CUBIC,RB,HTTP/1.1
2025-04-29 03:38:29,stallRate,11.2339999675751,0.0,TheEmptinessMachine,CUBIC,RB,HTTP/1.1
2025-04-29 03:38:31,stallRate,13.2339999675751,0.0,TheEmptinessMachine,CUBIC,RB,HTTP/1.1
2025-04-29 03:38:33,stallRate,15.2349998950958,0.0,TheEmptinessMachine,CUBIC,RB,HTTP/1.1
2025-04-29 03:38:35,stallRate,17.2349998950958,0.0,TheEmptinessMachine,CUBIC,RB,HTTP/1.1
2025-04-29 03:38:37,stallRate,19.2339999675751,0.0,TheEmptinessMachine,CUBIC,RB,HTTP/1.1
2025-04-29 03:38:39,stallRate,21.2339999675751,0.0,TheEmptinessMachine,CUBIC,RB,HTTP/1.1
2025-04-29 03:38:41,stallRate,23.2339999675751,1.24922084368761,TheEmptinessMachine,CUBIC,RB,HTTP/1.1
2025-04-29 03:38:43,stallRate,25.2349998950958,1.04999332190743,TheEmptinessMachine,CUBIC,RB,HTTP/1.1
2025-04-29 03:38:45,stallRate,27.2339999675751,0.921214151958392,TheEmptinessMachine,CUBIC,RB,HTTP/1.1
2025-04-29 03:38:47,stallRate,29.2339999675751,0.81748692323209,TheEmptinessMachine,CUBIC,RB,HTTP/1.1
2025-04-29 03:38:51,stallRate,33.2339999675751,10.5191636643618,TheEmptinessMachine,CUBIC,RB,HTTP/1.1
2025-04-29 03:38:53,stallRate,35.2339999675751,10.1437106785527,TheEmptinessMachine,CUBIC,RB,HTTP/1.1
2025-04-29 03:38:55,stallRate,37.2339999675751,9.32898374402487,TheEmptinessMachine,CUBIC,RB,HTTP/1.1
2025-04-29 03:38:57,stallRate,39.2349998950958,8.67132446659381,TheEmptinessMachine,CUBIC,RB,HTTP/1.1
2025-04-29 03:38:59,stallRate,41.2339999675751,8.09973809486259,TheEmptinessMachine,CUBIC,RB,HTTP/1.1
2025-04-29 03:39:01,stallRate,43.2339999675751,7.59882725940276,TheEmptinessMachine,CUBIC,RB,HTTP/1.1
2025-04-29 03:39:03,stallRate,45.2349998950958,7.16102602707459,TheEmptinessMachine,CUBIC,RB,HTTP/1.1
2025-04-29 03:39:05,stallRate,47.2349998950958,6.76935343273217,TheEmptinessMachine,CUBIC,RB,HTTP/1.1
2025-04-29 03:39:07,stallRate,49.2339999675751,6.41744904524761,TheEmptinessMachine,CUBIC,RB,HTTP/1.1
2025-04-29 03:39:09,stallRate,51.2339999675751,9.28348931879621,TheEmptinessMachine,CUBIC,RB,HTTP/1.1
2025-04-29 03:39:11,stallRate,53.2339999675751,8.84663017250947,TheEmptinessMachine,CUBIC,RB,HTTP/1.1
2025-04-29 03:39:13,stallRate,55.2349998950958,8.45102030154839,TheEmptinessMachine,CUBIC,RB,HTTP/1.1
2025-04-29 03:39:15,stallRate,57.2339999675751,8.08997494317689,TheEmptinessMachine,CUBIC,RB,HTTP/1.1
2025-04-29 03:39:17,stallRate,59.2349998950958,7.75881648742979,TheEmptinessMachine,CUBIC,RB,HTTP/1.1
2025-04-29 03:39:19,stallRate,61.2339999675751,7.45218029636032,TheEmptinessMachine,CUBIC,RB,HTTP/1.1
2025-04-29 03:39:21,stallRate,63.2339999675751,7.16825496096886,TheEmptinessMachine,CUBIC,RB,HTTP/1.1
2025-04-29 03:39:23,stallRate,65.2339999675751,6.90574879754526,TheEmptinessMachine,CUBIC,RB,HTTP/1.1
2025-04-29 03:39:25,stallRate,67.2339999675751,6.66192471638433,TheEmptinessMachine,CUBIC,RB,HTTP/1.1
2025-04-29 03:39:27,stallRate,69.2349998950958,6.43474377679176,TheEmptinessMachine,CUBIC,RB,HTTP/1.1
2025-04-29 03:39:29,stallRate,71.2339999675751,6.22193311130868,TheEmptinessMachine,CUBIC,RB,HTTP/1.1
2025-04-29 03:39:31,stallRate,73.2339999675751,6.02377168869385,TheEmptinessMachine,CUBIC,RB,HTTP/1.1
2025-04-29 03:39:33,stallRate,75.2339999675751,5.83706381012957,TheEmptinessMachine,CUBIC,RB,HTTP/1.1
2025-04-29 03:39:35,stallRate,77.2339999675751,5.66196775800274,TheEmptinessMachine,CUBIC,RB,HTTP/1.1
2025-04-29 03:39:37,stallRate,79.2339999675751,5.49798668887271,TheEmptinessMachine,CUBIC,RB,HTTP/1.1
2025-04-29 03:39:39,stallRate,81.2339999675751,5.34220245669069,TheEmptinessMachine,CUBIC,RB,HTTP/1.1
2025-04-29 03:39:41,stallRate,83.2339999675751,5.1952148686133,TheEmptinessMachine,CUBIC,RB,HTTP/1.1
2025-04-29 03:39:43,stallRate,85.2339999675751,5.05552165948263,TheEmptinessMachine,CUBIC,RB,HTTP/1.1
2025-04-29 03:39:45,stallRate,87.2349998950958,4.9238548759492,TheEmptinessMachine,CUBIC,RB,HTTP/1.1
2025-04-29 03:39:47,stallRate,89.2339999675751,4.79840848610717,TheEmptinessMachine,CUBIC,RB,HTTP/1.1
2025-04-29 03:39:49,stallRate,91.2339999675751,4.67973198171394,TheEmptinessMachine,CUBIC,RB,HTTP/1.1
2025-04-29 03:39:51,stallRate,93.2339999675751,4.56629297094159,TheEmptinessMachine,CUBIC,RB,HTTP/1.1
2025-04-29 03:39:53,stallRate,95.2339999675751,4.45844879531586,TheEmptinessMachine,CUBIC,RB,HTTP/1.1
2025-04-29 03:39:55,stallRate,97.2349998950958,4.355562748724,TheEmptinessMachine,CUBIC,RB,HTTP/1.1
2025-04-29 03:39:57,stallRate,99.2339999675751,4.25735860819742,TheEmptinessMachine,CUBIC,RB,HTTP/1.1
2025-04-29 03:39:59,stallRate,101.234999895096,4.16366765139428,TheEmptinessMachine,CUBIC,RB,HTTP/1.1
2025-04-29 03:40:01,stallRate,103.233999967575,4.07367861014738,TheEmptinessMachine,CUBIC,RB,HTTP/1.1
2025-04-29 03:40:03,stallRate,105.233999967575,3.98780748018012,TheEmptinessMachine,CUBIC,RB,HTTP/1.1
2025-04-29 03:40:05,stallRate,107.233999967575,3.90511387601124,TheEmptinessMachine,CUBIC,RB,HTTP/1.1
2025-04-29 03:40:07,stallRate,109.234999895096,3.82573064526782,TheEmptinessMachine,CUBIC,RB,HTTP/1.1
2025-04-29 03:40:09,stallRate,111.233999967575,3.74926699252333,TheEmptinessMachine,CUBIC,RB,HTTP/1.1
2025-04-29 03:40:11,stallRate,113.233999967575,3.67646156321305,TheEmptinessMachine,CUBIC,RB,HTTP/1.1
2025-04-29 03:40:13,stallRate,115.233999967575,3.60595589910453,TheEmptinessMachine,CUBIC,RB,HTTP/1.1
2025-04-29 03:40:15,stallRate,117.234999895096,3.53862177690366,TheEmptinessMachine,CUBIC,RB,HTTP/1.1
2025-04-29 03:40:17,stallRate,119.233999967575,3.47350991960348,TheEmptinessMachine,CUBIC,RB,HTTP/1.1
2025-04-29 03:40:19,stallRate,121.233999967575,3.41101171939756,TheEmptinessMachine,CUBIC,RB,HTTP/1.1
2025-04-29 03:40:21,stallRate,123.234999895096,3.35036550462721,TheEmptinessMachine,CUBIC,RB,HTTP/1.1
2025-04-29 03:40:23,stallRate,125.233999967575,3.29195819037744,TheEmptinessMachine,CUBIC,RB,HTTP/1.1
2025-04-29 03:40:25,stallRate,127.233999967575,3.23532975636241,TheEmptinessMachine,CUBIC,RB,HTTP/1.1
2025-04-29 03:40:27,stallRate,129.233999967575,3.1809254982002,TheEmptinessMachine,CUBIC,RB,HTTP/1.1
2025-04-29 03:40:29,stallRate,131.233999967575,3.12808910298912,TheEmptinessMachine,CUBIC,RB,HTTP/1.1
2025-04-29 03:40:31,stallRate,133.234999895096,3.07719678225359,TheEmptinessMachine,CUBIC,RB,HTTP/1.1
2025-04-29 03:40:33,stallRate,135.233999967575,3.02800960635034,TheEmptinessMachine,CUBIC,RB,HTTP/1.1
2025-04-29 03:40:35,stallRate,137.234999895096,2.98013109070825,TheEmptinessMachine,CUBIC,RB,HTTP/1.1
2025-04-29 03:40:37,stallRate,139.233999967575,2.93369523840115,TheEmptinessMachine,CUBIC,RB,HTTP/1.1
2025-04-29 03:40:39,stallRate,141.233999967575,2.88878801446486,TheEmptinessMachine,CUBIC,RB,HTTP/1.1
2025-04-29 03:40:41,stallRate,143.234999895096,2.84507983580754,TheEmptinessMachine,CUBIC,RB,HTTP/1.1
2025-04-29 03:40:43,stallRate,145.233999967575,2.80291702703852,TheEmptinessMachine,CUBIC,RB,HTTP/1.1
2025-04-29 03:40:45,stallRate,147.233999967575,2.76181011908145,TheEmptinessMachine,CUBIC,RB,HTTP/1.1
2025-04-29 03:40:47,stallRate,149.234999895096,2.72178508023131,TheEmptinessMachine,CUBIC,RB,HTTP/1.1
2025-04-29 03:40:49,stallRate,151.233999967575,2.68326080864899,TheEmptinessMachine,CUBIC,RB,HTTP/1.1
2025-04-29 03:40:51,stallRate,153.233999967575,2.64570276874967,TheEmptinessMachine,CUBIC,RB,HTTP/1.1
2025-04-29 03:40:53,stallRate,155.234999895096,2.60902288197588,TheEmptinessMachine,CUBIC,RB,HTTP/1.1
2025-04-29 03:40:55,stallRate,157.233999967575,2.57352521512582,TheEmptinessMachine,CUBIC,RB,HTTP/1.1
2025-04-29 03:40:57,stallRate,159.233999967575,2.53902584169362,TheEmptinessMachine,CUBIC,RB,HTTP/1.1
2025-04-29 03:40:59,stallRate,161.233999967575,2.50528161304293,TheEmptinessMachine,CUBIC,RB,HTTP/1.1
2025-04-29 03:41:01,stallRate,163.234999895096,2.47236846065937,TheEmptinessMachine,CUBIC,RB,HTTP/1.1
2025-04-29 03:41:03,stallRate,165.234999895096,2.4403827352447,TheEmptinessMachine,CUBIC,RB,HTTP/1.1
2025-04-29 03:41:07,stallRate,169.234999895096,2.95434501037791,TheEmptinessMachine,CUBIC,RB,HTTP/1.1
2025-04-29 03:41:09,stallRate,171.233999967575,2.91747089141027,TheEmptinessMachine,CUBIC,RB,HTTP/1.1
2025-04-29 03:41:11,stallRate,173.233999967575,2.8815754502729,TheEmptinessMachine,CUBIC,RB,HTTP/1.1
2025-04-29 03:41:13,stallRate,175.233999967575,2.84664755945089,TheEmptinessMachine,CUBIC,RB,HTTP/1.1
2025-04-29 03:41:15,stallRate,177.233999967575,2.81249241312282,TheEmptinessMachine,CUBIC,RB,HTTP/1.1
2025-04-29 03:41:17,stallRate,179.233999967575,2.77901449947576,TheEmptinessMachine,CUBIC,RB,HTTP/1.1
2025-04-29 03:41:19,stallRate,181.235999822617,2.74657699542889,TheEmptinessMachine,CUBIC,RB,HTTP/1.1
2025-04-29 03:41:21,stallRate,183.233999967575,2.71466625506379,TheEmptinessMachine,CUBIC,RB,HTTP/1.1
2025-04-29 03:41:23,stallRate,185.233999967575,2.68372315465196,TheEmptinessMachine,CUBIC,RB,HTTP/1.1
2025-04-29 03:41:25,stallRate,187.234999895096,2.65336659607701,TheEmptinessMachine,CUBIC,RB,HTTP/1.1
2025-04-29 03:41:27,stallRate,189.233999967575,2.62376403729972,TheEmptinessMachine,CUBIC,RB,HTTP/1.1
2025-04-29 03:41:29,stallRate,191.233999967575,2.59466670910729,TheEmptinessMachine,CUBIC,RB,HTTP/1.1
2025-04-29 03:41:31,stallRate,193.233999967575,2.5663265174825,TheEmptinessMachine,CUBIC,RB,HTTP/1.1
2025-04-29 03:41:33,stallRate,195.233999967575,2.53848626204262,TheEmptinessMachine,CUBIC,RB,HTTP/1.1
2025-04-29 03:41:35,stallRate,197.233999967575,2.51114788989488,TheEmptinessMachine,CUBIC,RB,HTTP/1.1
2025-04-29 03:41:37,stallRate,199.234999895096,2.48438875640609,TheEmptinessMachine,CUBIC,RB,HTTP/1.1
2025-04-29 03:41:39,stallRate,201.233999967575,2.4583062428903,TheEmptinessMachine,CUBIC,RB,HTTP/1.1
2025-04-29 03:41:41,stallRate,203.233999967575,2.43283345511755,TheEmptinessMachine,CUBIC,RB,HTTP/1.1
2025-04-29 03:42:13,stallRate,1.19599986076355,0.0,TheEmptinessMachine,CUBIC,RB,HTTP/2
2025-04-29 03:42:15,stallRate,3.19599986076355,0.0,TheEmptinessMachine,CUBIC,RB,HTTP/2
2025-04-29 03:42:17,stallRate,5.1949999332428,0.0,TheEmptinessMachine,CUBIC,RB,HTTP/2
2025-04-29 03:42:19,stallRate,7.1949999332428,0.0,TheEmptinessMachine,CUBIC,RB,HTTP/2
2025-04-29 03:42:21,stallRate,9.1949999332428,0.0,TheEmptinessMachine,CUBIC,RB,HTTP/2
2025-04-29 03:42:23,stallRate,11.1949999332428,0.0,TheEmptinessMachine,CUBIC,RB,HTTP/2
2025-04-29 03:42:25,stallRate,13.1949999332428,0.0,TheEmptinessMachine,CUBIC,RB,HTTP/2
2025-04-29 03:42:27,stallRate,15.1949999332428,0.0,TheEmptinessMachine,CUBIC,RB,HTTP/2
2025-04-29 03:42:29,stallRate,17.1949999332428,0.0,TheEmptinessMachine,CUBIC,RB,HTTP/2
2025-04-29 03:42:31,stallRate,19.1949999332428,0.0,TheEmptinessMachine,CUBIC,RB,HTTP/2
2025-04-29 03:42:33,stallRate,21.1949999332428,0.0,TheEmptinessMachine,CUBIC,RB,HTTP/2
2025-04-29 03:42:35,stallRate,23.1949999332428,0.0,TheEmptinessMachine,CUBIC,RB,HTTP/2
2025-04-29 03:42:37,stallRate,25.1949999332428,0.0,TheEmptinessMachine,CUBIC,RB,HTTP/2
2025-04-29 03:42:39,stallRate,27.1959998607635,0.0,TheEmptinessMachine,CUBIC,RB,HTTP/2
2025-04-29 03:42:41,stallRate,29.1949999332428,0.0,TheEmptinessMachine,CUBIC,RB,HTTP/2
2025-04-29 03:42:43,stallRate,31.1949999332428,0.0,TheEmptinessMachine,CUBIC,RB,HTTP/2
2025-04-29 03:42:45,stallRate,33.1949999332428,0.0,TheEmptinessMachine,CUBIC,RB,HTTP/2
2025-04-29 03:42:47,stallRate,35.1949999332428,0.0,TheEmptinessMachine,CUBIC,RB,HTTP/2
2025-04-29 03:42:49,stallRate,37.1949999332428,0.0,TheEmptinessMachine,CUBIC,RB,HTTP/2
2025-04-29 03:42:51,stallRate,39.1949999332428,0.0,TheEmptinessMachine,CUBIC,RB,HTTP/2
2025-04-29 03:42:53,stallRate,41.1949999332428,0.0,TheEmptinessMachine,CUBIC,RB,HTTP/2
2025-04-29 03:42:55,stallRate,43.1949999332428,0.0,TheEmptinessMachine,CUBIC,RB,HTTP/2
2025-04-29 03:42:57,stallRate,45.1949999332428,0.0,TheEmptinessMachine,CUBIC,RB,HTTP/2
2025-04-29 03:42:59,stallRate,47.1949999332428,0.0,TheEmptinessMachine,CUBIC,RB,HTTP/2
2025-04-29 03:43:01,stallRate,49.1949999332428,0.0,TheEmptinessMachine,CUBIC,RB,HTTP/2
2025-04-29 03:43:03,stallRate,51.1949999332428,0.0,TheEmptinessMachine,CUBIC,RB,HTTP/2
2025-04-29 03:43:05,stallRate,53.1949999332428,0.0,TheEmptinessMachine,CUBIC,RB,HTTP/2
2025-04-29 03:43:07,stallRate,55.1949999332428,0.0,TheEmptinessMachine,CUBIC,RB,HTTP/2
2025-04-29 03:43:09,stallRate,57.1949999332428,0.0,TheEmptinessMachine,CUBIC,RB,HTTP/2
2025-04-29 03:43:11,stallRate,59.1949999332428,0.0,TheEmptinessMachine,CUBIC,RB,HTTP/2
2025-04-29 03:43:13,stallRate,61.1959998607635,0.0,TheEmptinessMachine,CUBIC,RB,HTTP/2
2025-04-29 03:43:15,stallRate,63.1949999332428,0.0,TheEmptinessMachine,CUBIC,RB,HTTP/2
2025-04-29 03:43:17,stallRate,65.1959998607635,0.0,TheEmptinessMachine,CUBIC,RB,HTTP/2
2025-04-29 03:43:19,stallRate,67.1949999332428,0.0,TheEmptinessMachine,CUBIC,RB,HTTP/2
2025-04-29 03:43:21,stallRate,69.1949999332428,0.0,TheEmptinessMachine,CUBIC,RB,HTTP/2
2025-04-29 03:43:23,stallRate,71.1949999332428,0.0,TheEmptinessMachine,CUBIC,RB,HTTP/2
2025-04-29 03:43:25,stallRate,73.1949999332428,0.0,TheEmptinessMachine,CUBIC,RB,HTTP/2
2025-04-29 03:43:27,stallRate,75.1949999332428,0.0,TheEmptinessMachine,CUBIC,RB,HTTP/2
2025-04-29 03:43:29,stallRate,77.1949999332428,0.0,TheEmptinessMachine,CUBIC,RB,HTTP/2
2025-04-29 03:43:31,stallRate,79.1949999332428,0.0,TheEmptinessMachine,CUBIC,RB,HTTP/2
2025-04-29 03:43:33,stallRate,81.1959998607635,0.0,TheEmptinessMachine,CUBIC,RB,HTTP/2
2025-04-29 03:43:35,stallRate,83.1949999332428,0.0,TheEmptinessMachine,CUBIC,RB,HTTP/2
2025-04-29 03:43:37,stallRate,85.1949999332428,0.0,TheEmptinessMachine,CUBIC,RB,HTTP/2
2025-04-29 03:43:39,stallRate,87.1949999332428,0.0,TheEmptinessMachine,CUBIC,RB,HTTP/2
2025-04-29 03:43:41,stallRate,89.1949999332428,0.0,TheEmptinessMachine,CUBIC,RB,HTTP/2
2025-04-29 03:43:43,stallRate,91.1949999332428,0.0,TheEmptinessMachine,CUBIC,RB,HTTP/2
2025-04-29 03:43:45,stallRate,93.1949999332428,0.0,TheEmptinessMachine,CUBIC,RB,HTTP/2
2025-04-29 03:43:47,stallRate,95.1949999332428,0.0,TheEmptinessMachine,CUBIC,RB,HTTP/2
2025-04-29 03:43:49,stallRate,97.1949999332428,0.0,TheEmptinessMachine,CUBIC,RB,HTTP/2
2025-04-29 03:43:51,stallRate,99.1949999332428,0.0,TheEmptinessMachine,CUBIC,RB,HTTP/2
2025-04-29 03:43:53,stallRate,101.194999933243,0.0,TheEmptinessMachine,CUBIC,RB,HTTP/2
2025-04-29 03:43:55,stallRate,103.194999933243,0.0,TheEmptinessMachine,CUBIC,RB,HTTP/2
2025-04-29 03:43:57,stallRate,105.194999933243,0.0,TheEmptinessMachine,CUBIC,RB,HTTP/2
2025-04-29 03:43:59,stallRate,107.194999933243,0.0,TheEmptinessMachine,CUBIC,RB,HTTP/2
2025-04-29 03:44:01,stallRate,109.194999933243,0.0,TheEmptinessMachine,CUBIC,RB,HTTP/2
2025-04-29 03:44:03,stallRate,111.194999933243,0.0,TheEmptinessMachine,CUBIC,RB,HTTP/2
2025-04-29 03:44:05,stallRate,113.194999933243,0.0,TheEmptinessMachine,CUBIC,RB,HTTP/2
2025-04-29 03:44:07,stallRate,115.194999933243,0.0,TheEmptinessMachine,CUBIC,RB,HTTP/2
2025-04-29 03:44:09,stallRate,117.195999860764,0.0,TheEmptinessMachine,CUBIC,RB,HTTP/2
2025-04-29 03:44:11,stallRate,119.194999933243,0.0,TheEmptinessMachine,CUBIC,RB,HTTP/2
2025-04-29 03:44:13,stallRate,121.194999933243,0.0,TheEmptinessMachine,CUBIC,RB,HTTP/2
2025-04-29 03:44:15,stallRate,123.194999933243,0.0,TheEmptinessMachine,CUBIC,RB,HTTP/2
2025-04-29 03:44:17,stallRate,125.194999933243,0.0,TheEmptinessMachine,CUBIC,RB,HTTP/2
2025-04-29 03:44:19,stallRate,127.194999933243,0.0,TheEmptinessMachine,CUBIC,RB,HTTP/2
2025-04-29 03:44:21,stallRate,129.194999933243,0.0,TheEmptinessMachine,CUBIC,RB,HTTP/2
2025-04-29 03:44:23,stallRate,131.194999933243,0.0,TheEmptinessMachine,CUBIC,RB,HTTP/2
2025-04-29 03:44:25,stallRate,133.194999933243,0.0,TheEmptinessMachine,CUBIC,RB,HTTP/2
2025-04-29 03:44:27,stallRate,135.195999860764,0.0,TheEmptinessMachine,CUBIC,RB,HTTP/2
2025-04-29 03:44:29,stallRate,137.194999933243,0.0,TheEmptinessMachine,CUBIC,RB,HTTP/2
2025-04-29 03:44:31,stallRate,139.194999933243,0.0,TheEmptinessMachine,CUBIC,RB,HTTP/2
2025-04-29 03:44:33,stallRate,141.194999933243,0.0,TheEmptinessMachine,CUBIC,RB,HTTP/2
2025-04-29 03:44:35,stallRate,143.194999933243,0.0,TheEmptinessMachine,CUBIC,RB,HTTP/2
2025-04-29 03:44:37,stallRate,145.194999933243,0.0,TheEmptinessMachine,CUBIC,RB,HTTP/2
2025-04-29 03:44:39,stallRate,147.194999933243,0.0,TheEmptinessMachine,CUBIC,RB,HTTP/2
2025-04-29 03:44:41,stallRate,149.194999933243,0.0,TheEmptinessMachine,CUBIC,RB,HTTP/2
2025-04-29 03:44:43,stallRate,151.194999933243,0.0,TheEmptinessMachine,CUBIC,RB,HTTP/2
2025-04-29 03:44:45,stallRate,153.195999860764,0.0,TheEmptinessMachine,CUBIC,RB,HTTP/2
2025-04-29 03:44:47,stallRate,155.194999933243,0.0,TheEmptinessMachine,CUBIC,RB,HTTP/2
2025-04-29 03:44:49,stallRate,157.194999933243,0.0,TheEmptinessMachine,CUBIC,RB,HTTP/2
2025-04-29 03:44:51,stallRate,159.194999933243,0.0,TheEmptinessMachine,CUBIC,RB,HTTP/2
2025-04-29 03:44:53,stallRate,161.194999933243,0.0,TheEmptinessMachine,CUBIC,RB,HTTP/2
2025-04-29 03:44:55,stallRate,163.194999933243,0.0,TheEmptinessMachine,CUBIC,RB,HTTP/2
2025-04-29 03:44:57,stallRate,165.194999933243,0.0,TheEmptinessMachine,CUBIC,RB,HTTP/2
2025-04-29 03:44:59,stallRate,167.195999860764,0.0,TheEmptinessMachine,CUBIC,RB,HTTP/2
2025-04-29 03:45:01,stallRate,169.194999933243,0.0,TheEmptinessMachine,CUBIC,RB,HTTP/2
2025-04-29 03:45:03,stallRate,171.194999933243,0.0,TheEmptinessMachine,CUBIC,RB,HTTP/2
2025-04-29 03:45:05,stallRate,173.194999933243,0.0,TheEmptinessMachine,CUBIC,RB,HTTP/2
2025-04-29 03:45:07,stallRate,175.194999933243,0.0,TheEmptinessMachine,CUBIC,RB,HTTP/2
2025-04-29 03:45:09,stallRate,177.194999933243,0.0,TheEmptinessMachine,CUBIC,RB,HTTP/2
2025-04-29 03:45:11,stallRate,179.194999933243,0.0,TheEmptinessMachine,CUBIC,RB,HTTP/2
2025-04-29 03:45:13,stallRate,181.194999933243,0.0,TheEmptinessMachine,CUBIC,RB,HTTP/2
2025-04-29 03:45:15,stallRate,183.194999933243,0.0,TheEmptinessMachine,CUBIC,RB,HTTP/2
2025-04-29 03:45:17,stallRate,185.195999860764,0.0,TheEmptinessMachine,CUBIC,RB,HTTP/2
2025-04-29 03:45:19,stallRate,187.194999933243,0.0,TheEmptinessMachine,CUBIC,RB,HTTP/2
2025-04-29 03:45:21,stallRate,189.194999933243,0.0,TheEmptinessMachine,CUBIC,RB,HTTP/2
2025-04-29 03:45:23,stallRate,191.194999933243,0.0,TheEmptinessMachine,CUBIC,RB,HTTP/2
2025-04-29 03:45:25,stallRate,193.194999933243,0.0,TheEmptinessMachine,CUBIC,RB,HTTP/2
2025-04-29 03:45:27,stallRate,195.194999933243,0.0,TheEmptinessMachine,CUBIC,RB,HTTP/2
2025-04-29 03:46:06,stallRate,1.19799995422363,0.0,TheEmptinessMachine,CUBIC,RB,HTTP/3
2025-04-29 03:46:08,stallRate,3.19700002670288,0.0,TheEmptinessMachine,CUBIC,RB,HTTP/3
2025-04-29 03:46:10,stallRate,5.19700002670288,0.0,TheEmptinessMachine,CUBIC,RB,HTTP/3
2025-04-29 03:46:12,stallRate,7.19700002670288,0.0,TheEmptinessMachine,CUBIC,RB,HTTP/3
2025-04-29 03:46:14,stallRate,9.19700002670288,0.0,TheEmptinessMachine,CUBIC,RB,HTTP/3
2025-04-29 03:46:16,stallRate,11.1970000267029,0.0,TheEmptinessMachine,CUBIC,RB,HTTP/3
2025-04-29 03:46:18,stallRate,13.1970000267029,0.0,TheEmptinessMachine,CUBIC,RB,HTTP/3
2025-04-29 03:46:20,stallRate,15.1970000267029,0.0,TheEmptinessMachine,CUBIC,RB,HTTP/3
2025-04-29 03:46:22,stallRate,17.199000120163,0.0,TheEmptinessMachine,CUBIC,RB,HTTP/3
2025-04-29 03:46:24,stallRate,19.1970000267029,0.0,TheEmptinessMachine,CUBIC,RB,HTTP/3
2025-04-29 03:46:26,stallRate,21.1970000267029,0.0,TheEmptinessMachine,CUBIC,RB,HTTP/3
2025-04-29 03:46:28,stallRate,23.1970000267029,0.0,TheEmptinessMachine,CUBIC,RB,HTTP/3
2025-04-29 03:46:30,stallRate,25.1970000267029,0.0,TheEmptinessMachine,CUBIC,RB,HTTP/3
2025-04-29 03:46:32,stallRate,27.1970000267029,0.0,TheEmptinessMachine,CUBIC,RB,HTTP/3
2025-04-29 03:46:34,stallRate,29.1970000267029,0.0,TheEmptinessMachine,CUBIC,RB,HTTP/3
2025-04-29 03:46:36,stallRate,31.1970000267029,0.0,TheEmptinessMachine,CUBIC,RB,HTTP/3
2025-04-29 03:46:38,stallRate,33.1979999542236,0.0,TheEmptinessMachine,CUBIC,RB,HTTP/3
2025-04-29 03:46:40,stallRate,35.1970000267029,0.0,TheEmptinessMachine,CUBIC,RB,HTTP/3
2025-04-29 03:46:42,stallRate,37.1970000267029,0.0,TheEmptinessMachine,CUBIC,RB,HTTP/3
2025-04-29 03:46:44,stallRate,39.1970000267029,0.0,TheEmptinessMachine,CUBIC,RB,HTTP/3
2025-04-29 03:46:46,stallRate,41.1970000267029,0.0,TheEmptinessMachine,CUBIC,RB,HTTP/3
2025-04-29 03:46:48,stallRate,43.1970000267029,0.0,TheEmptinessMachine,CUBIC,RB,HTTP/3
2025-04-29 03:46:50,stallRate,45.1970000267029,0.0,TheEmptinessMachine,CUBIC,RB,HTTP/3
2025-04-29 03:46:52,stallRate,47.1970000267029,0.0,TheEmptinessMachine,CUBIC,RB,HTTP/3
2025-04-29 03:46:54,stallRate,49.1970000267029,0.0,TheEmptinessMachine,CUBIC,RB,HTTP/3
2025-04-29 03:46:56,stallRate,51.1970000267029,0.0,TheEmptinessMachine,CUBIC,RB,HTTP/3
2025-04-29 03:46:58,stallRate,53.1970000267029,0.0,TheEmptinessMachine,CUBIC,RB,HTTP/3
2025-04-29 03:47:00,stallRate,55.1970000267029,0.0,TheEmptinessMachine,CUBIC,RB,HTTP/3
2025-04-29 03:47:02,stallRate,57.1970000267029,0.0,TheEmptinessMachine,CUBIC,RB,HTTP/3
2025-04-29 03:47:04,stallRate,59.1970000267029,0.0,TheEmptinessMachine,CUBIC,RB,HTTP/3
2025-04-29 03:47:06,stallRate,61.1970000267029,0.0,TheEmptinessMachine,CUBIC,RB,HTTP/3
2025-04-29 03:47:08,stallRate,63.1970000267029,0.0,TheEmptinessMachine,CUBIC,RB,HTTP/3
2025-04-29 03:47:10,stallRate,65.1970000267029,0.0,TheEmptinessMachine,CUBIC,RB,HTTP/3
2025-04-29 03:47:12,stallRate,67.1970000267029,0.0,TheEmptinessMachine,CUBIC,RB,HTTP/3
2025-04-29 03:47:14,stallRate,69.1970000267029,0.0,TheEmptinessMachine,CUBIC,RB,HTTP/3
2025-04-29 03:47:16,stallRate,71.1970000267029,0.0,TheEmptinessMachine,CUBIC,RB,HTTP/3
2025-04-29 03:47:18,stallRate,73.1970000267029,0.0,TheEmptinessMachine,CUBIC,RB,HTTP/3
2025-04-29 03:47:20,stallRate,75.1970000267029,0.0,TheEmptinessMachine,CUBIC,RB,HTTP/3
2025-04-29 03:47:22,stallRate,77.1970000267029,0.0,TheEmptinessMachine,CUBIC,RB,HTTP/3
2025-04-29 03:47:24,stallRate,79.1970000267029,0.0,TheEmptinessMachine,CUBIC,RB,HTTP/3
2025-04-29 03:47:26,stallRate,81.1979999542236,0.0,TheEmptinessMachine,CUBIC,RB,HTTP/3
2025-04-29 03:47:28,stallRate,83.1970000267029,0.0,TheEmptinessMachine,CUBIC,RB,HTTP/3
2025-04-29 03:47:30,stallRate,85.1970000267029,0.0,TheEmptinessMachine,CUBIC,RB,HTTP/3
2025-04-29 03:47:32,stallRate,87.1970000267029,0.0,TheEmptinessMachine,CUBIC,RB,HTTP/3
2025-04-29 03:47:34,stallRate,89.1970000267029,0.0,TheEmptinessMachine,CUBIC,RB,HTTP/3
2025-04-29 03:47:36,stallRate,91.1979999542236,0.0,TheEmptinessMachine,CUBIC,RB,HTTP/3
2025-04-29 03:47:38,stallRate,93.1970000267029,0.0,TheEmptinessMachine,CUBIC,RB,HTTP/3
2025-04-29 03:47:40,stallRate,95.1970000267029,0.0,TheEmptinessMachine,CUBIC,RB,HTTP/3
2025-04-29 03:47:42,stallRate,97.1970000267029,0.0,TheEmptinessMachine,CUBIC,RB,HTTP/3
2025-04-29 03:47:44,stallRate,99.1970000267029,0.0,TheEmptinessMachine,CUBIC,RB,HTTP/3
2025-04-29 03:47:46,stallRate,101.197000026703,0.0,TheEmptinessMachine,CUBIC,RB,HTTP/3
2025-04-29 03:47:48,stallRate,103.197000026703,0.0,TheEmptinessMachine,CUBIC,RB,HTTP/3
2025-04-29 03:47:50,stallRate,105.197000026703,0.0,TheEmptinessMachine,CUBIC,RB,HTTP/3
2025-04-29 03:47:52,stallRate,107.197000026703,0.0,TheEmptinessMachine,CUBIC,RB,HTTP/3
2025-04-29 03:47:54,stallRate,109.197000026703,0.0,TheEmptinessMachine,CUBIC,RB,HTTP/3
2025-04-29 03:47:56,stallRate,111.197000026703,0.0,TheEmptinessMachine,CUBIC,RB,HTTP/3
2025-04-29 03:47:58,stallRate,113.197000026703,0.0,TheEmptinessMachine,CUBIC,RB,HTTP/3
2025-04-29 03:48:00,stallRate,115.197000026703,0.0,TheEmptinessMachine,CUBIC,RB,HTTP/3
2025-04-29 03:48:02,stallRate,117.197000026703,0.0,TheEmptinessMachine,CUBIC,RB,HTTP/3
2025-04-29 03:48:04,stallRate,119.197000026703,0.0,TheEmptinessMachine,CUBIC,RB,HTTP/3
2025-04-29 03:48:06,stallRate,121.197000026703,0.0,TheEmptinessMachine,CUBIC,RB,HTTP/3
2025-04-29 03:48:08,stallRate,123.197000026703,0.0,TheEmptinessMachine,CUBIC,RB,HTTP/3
2025-04-29 03:48:10,stallRate,125.197999954224,0.0,TheEmptinessMachine,CUBIC,RB,HTTP/3
2025-04-29 03:48:12,stallRate,127.197000026703,0.0,TheEmptinessMachine,CUBIC,RB,HTTP/3
2025-04-29 03:48:14,stallRate,129.197999954224,0.0,TheEmptinessMachine,CUBIC,RB,HTTP/3
2025-04-29 03:48:16,stallRate,131.197000026703,0.0,TheEmptinessMachine,CUBIC,RB,HTTP/3
2025-04-29 03:48:18,stallRate,133.197000026703,0.0,TheEmptinessMachine,CUBIC,RB,HTTP/3
2025-04-29 03:48:20,stallRate,135.197000026703,0.0,TheEmptinessMachine,CUBIC,RB,HTTP/3
2025-04-29 03:48:22,stallRate,137.199000120163,0.0,TheEmptinessMachine,CUBIC,RB,HTTP/3
2025-04-29 03:48:24,stallRate,139.197000026703,0.0,TheEmptinessMachine,CUBIC,RB,HTTP/3
2025-04-29 03:48:26,stallRate,141.197000026703,0.0,TheEmptinessMachine,CUBIC,RB,HTTP/3
2025-04-29 03:48:28,stallRate,143.197000026703,0.0,TheEmptinessMachine,CUBIC,RB,HTTP/3
2025-04-29 03:48:30,stallRate,145.197000026703,0.0,TheEmptinessMachine,CUBIC,RB,HTTP/3
2025-04-29 03:48:32,stallRate,147.199000120163,0.0,TheEmptinessMachine,CUBIC,RB,HTTP/3
2025-04-29 03:48:34,stallRate,149.197000026703,0.0,TheEmptinessMachine,CUBIC,RB,HTTP/3
2025-04-29 03:48:36,stallRate,151.197000026703,0.0,TheEmptinessMachine,CUBIC,RB,HTTP/3
2025-04-29 03:48:38,stallRate,153.197000026703,0.0,TheEmptinessMachine,CUBIC,RB,HTTP/3
2025-04-29 03:48:40,stallRate,155.197000026703,0.0,TheEmptinessMachine,CUBIC,RB,HTTP/3
2025-04-29 03:48:42,stallRate,157.197000026703,0.0,TheEmptinessMachine,CUBIC,RB,HTTP/3
2025-04-29 03:48:44,stallRate,159.197000026703,0.0,TheEmptinessMachine,CUBIC,RB,HTTP/3
2025-04-29 03:48:46,stallRate,161.197999954224,0.0,TheEmptinessMachine,CUBIC,RB,HTTP/3
2025-04-29 03:48:48,stallRate,163.197000026703,0.0,TheEmptinessMachine,CUBIC,RB,HTTP/3
2025-04-29 03:48:50,stallRate,165.197000026703,0.0,TheEmptinessMachine,CUBIC,RB,HTTP/3
2025-04-29 03:48:52,stallRate,167.197000026703,0.0,TheEmptinessMachine,CUBIC,RB,HTTP/3
2025-04-29 03:48:54,stallRate,169.197000026703,0.0,TheEmptinessMachine,CUBIC,RB,HTTP/3
2025-04-29 03:48:56,stallRate,171.197000026703,0.0,TheEmptinessMachine,CUBIC,RB,HTTP/3
2025-04-29 03:48:58,stallRate,173.197000026703,0.0,TheEmptinessMachine,CUBIC,RB,HTTP/3
2025-04-29 03:49:00,stallRate,175.197000026703,0.0,TheEmptinessMachine,CUBIC,RB,HTTP/3
2025-04-29 03:49:02,stallRate,177.197000026703,0.0,TheEmptinessMachine,CUBIC,RB,HTTP/3
2025-04-29 03:49:04,stallRate,179.197000026703,0.0,TheEmptinessMachine,CUBIC,RB,HTTP/3
2025-04-29 03:49:06,stallRate,181.197000026703,0.0,TheEmptinessMachine,CUBIC,RB,HTTP/3
2025-04-29 03:49:08,stallRate,183.197000026703,0.0,TheEmptinessMachine,CUBIC,RB,HTTP/3
2025-04-29 03:49:10,stallRate,185.199000120163,0.0,TheEmptinessMachine,CUBIC,RB,HTTP/3
2025-04-29 03:49:12,stallRate,187.197000026703,0.0,TheEmptinessMachine,CUBIC,RB,HTTP/3
2025-04-29 03:49:14,stallRate,189.197000026703,0.0,TheEmptinessMachine,CUBIC,RB,HTTP/3
2025-04-29 03:49:16,stallRate,191.197000026703,0.0,TheEmptinessMachine,CUBIC,RB,HTTP/3
2025-04-29 03:49:18,stallRate,193.197999954224,0.0,TheEmptinessMachine,CUBIC,RB,HTTP/3
2025-04-29 03:49:20,stallRate,195.197000026703,0.0,TheEmptinessMachine,CUBIC,RB,HTTP/3
2025-04-29 03:49:22,stallRate,197.197999954224,0.0,TheEmptinessMachine,CUBIC,RB,HTTP/3
2025-04-29 03:50:02,stallRate,1.25,0.0,TheEmptinessMachine,CUBIC,Throughput,HTTP/1.1
2025-04-29 03:50:04,stallRate,3.23399996757507,0.0,TheEmptinessMachine,CUBIC,Throughput,HTTP/1.1
2025-04-29 03:50:06,stallRate,5.23399996757507,0.0,TheEmptinessMachine,CUBIC,Throughput,HTTP/1.1
2025-04-29 03:50:08,stallRate,7.23399996757507,0.0,TheEmptinessMachine,CUBIC,Throughput,HTTP/1.1
2025-04-29 03:50:10,stallRate,9.23399996757507,0.0,TheEmptinessMachine,CUBIC,Throughput,HTTP/1.1
2025-04-29 03:50:12,stallRate,11.2350001335144,0.0,TheEmptinessMachine,CUBIC,Throughput,HTTP/1.1
2025-04-29 03:50:14,stallRate,13.2339999675751,0.0,TheEmptinessMachine,CUBIC,Throughput,HTTP/1.1
2025-04-29 03:50:16,stallRate,15.2339999675751,0.0,TheEmptinessMachine,CUBIC,Throughput,HTTP/1.1
2025-04-29 03:50:18,stallRate,17.2360000610352,0.0,TheEmptinessMachine,CUBIC,Throughput,HTTP/1.1
2025-04-29 03:50:20,stallRate,19.2350001335144,0.0,TheEmptinessMachine,CUBIC,Throughput,HTTP/1.1
2025-04-29 03:50:22,stallRate,21.2339999675751,0.0,TheEmptinessMachine,CUBIC,Throughput,HTTP/1.1
2025-04-29 03:50:24,stallRate,23.2339999675751,0.0,TheEmptinessMachine,CUBIC,Throughput,HTTP/1.1
2025-04-29 03:50:26,stallRate,25.2339999675751,0.0,TheEmptinessMachine,CUBIC,Throughput,HTTP/1.1
2025-04-29 03:50:28,stallRate,27.2339999675751,0.0,TheEmptinessMachine,CUBIC,Throughput,HTTP/1.1
2025-04-29 03:50:30,stallRate,29.2339999675751,0.0,TheEmptinessMachine,CUBIC,Throughput,HTTP/1.1
2025-04-29 03:50:34,stallRate,33.2339999675751,0.0,TheEmptinessMachine,CUBIC,Throughput,HTTP/1.1
2025-04-29 03:50:36,stallRate,35.2339999675751,0.0,TheEmptinessMachine,CUBIC,Throughput,HTTP/1.1
2025-04-29 03:50:38,stallRate,37.2339999675751,0.0,TheEmptinessMachine,CUBIC,Throughput,HTTP/1.1
2025-04-29 03:50:40,stallRate,39.2339999675751,0.316836064799321,TheEmptinessMachine,CUBIC,Throughput,HTTP/1.1
2025-04-29 03:50:42,stallRate,41.2339999675751,1.71833431029823,TheEmptinessMachine,CUBIC,Throughput,HTTP/1.1
2025-04-29 03:50:44,stallRate,43.2339999675751,1.59665740668654,TheEmptinessMachine,CUBIC,Throughput,HTTP/1.1
2025-04-29 03:50:46,stallRate,45.2339999675751,1.48776546990097,TheEmptinessMachine,CUBIC,Throughput,HTTP/1.1
2025-04-29 03:50:48,stallRate,47.2339999675751,1.43658444416508,TheEmptinessMachine,CUBIC,Throughput,HTTP/1.1
2025-04-29 03:50:50,stallRate,49.2339999675751,1.3557719606672,TheEmptinessMachine,CUBIC,Throughput,HTTP/1.1
2025-04-29 03:50:52,stallRate,51.2339999675751,1.28283411536331,TheEmptinessMachine,CUBIC,Throughput,HTTP/1.1
2025-04-29 03:50:54,stallRate,53.2339999675751,1.24318106890851,TheEmptinessMachine,CUBIC,Throughput,HTTP/1.1
2025-04-29 03:50:58,stallRate,57.2339999675751,1.39328919508288,TheEmptinessMachine,CUBIC,Throughput,HTTP/1.1
2025-04-29 03:51:00,stallRate,59.2339999675751,1.33249842034699,TheEmptinessMachine,CUBIC,Throughput,HTTP/1.1
2025-04-29 03:51:02,stallRate,61.2339999675751,1.27655302988132,TheEmptinessMachine,CUBIC,Throughput,HTTP/1.1
2025-04-29 03:51:04,stallRate,63.2339999675751,1.22532062121302,TheEmptinessMachine,CUBIC,Throughput,HTTP/1.1
2025-04-29 03:51:06,stallRate,65.2339999675751,1.17792695741193,TheEmptinessMachine,CUBIC,Throughput,HTTP/1.1
2025-04-29 03:51:08,stallRate,67.2350001335144,1.1341509751009,TheEmptinessMachine,CUBIC,Throughput,HTTP/1.1
2025-04-29 03:51:10,stallRate,69.2339999675751,1.09373675224178,TheEmptinessMachine,CUBIC,Throughput,HTTP/1.1
2025-04-29 03:51:12,stallRate,71.2339999675751,1.05585213876454,TheEmptinessMachine,CUBIC,Throughput,HTTP/1.1
2025-04-29 03:51:14,stallRate,73.2350001335144,1.02056683817353,TheEmptinessMachine,CUBIC,Throughput,HTTP/1.1
2025-04-29 03:51:16,stallRate,75.2339999675751,0.987442220149813,TheEmptinessMachine,CUBIC,Throughput,HTTP/1.1
2025-04-29 03:51:18,stallRate,77.2350001335144,0.956547643854945,TheEmptinessMachine,CUBIC,Throughput,HTTP/1.1
2025-04-29 03:51:20,stallRate,79.2339999675751,0.927425807721364,TheEmptinessMachine,CUBIC,Throughput,HTTP/1.1
2025-04-29 03:51:22,stallRate,81.2339999675751,0.900138331925943,TheEmptinessMachine,CUBIC,Throughput,HTTP/1.1
2025-04-29 03:51:24,stallRate,83.2339999675751,0.874304345701284,TheEmptinessMachine,CUBIC,Throughput,HTTP/1.1
2025-04-29 03:51:26,stallRate,85.2339999675751,0.849954696704786,TheEmptinessMachine,CUBIC,Throughput,HTTP/1.1
2025-04-29 03:51:28,stallRate,87.2339999675751,0.826924095739301,TheEmptinessMachine,CUBIC,Throughput,HTTP/1.1
2025-04-29 03:51:30,stallRate,89.2339999675751,0.805114199374585,TheEmptinessMachine,CUBIC,Throughput,HTTP/1.1
2025-04-29 03:51:32,stallRate,91.2350001335144,0.784461134713429,TheEmptinessMachine,CUBIC,Throughput,HTTP/1.1
2025-04-29 03:51:34,stallRate,93.2350001335144,0.76466625938795,TheEmptinessMachine,CUBIC,Throughput,HTTP/1.1
2025-04-29 03:51:36,stallRate,95.2339999675751,0.745947256212482,TheEmptinessMachine,CUBIC,Throughput,HTTP/1.1
2025-04-29 03:51:38,stallRate,97.2339999675751,0.728177071282891,TheEmptinessMachine,CUBIC,Throughput,HTTP/1.1
2025-04-29 03:51:40,stallRate,99.2339999675751,0.711171962686019,TheEmptinessMachine,CUBIC,Throughput,HTTP/1.1
2025-04-29 03:51:42,stallRate,101.233999967575,0.695004730086582,TheEmptinessMachine,CUBIC,Throughput,HTTP/1.1
2025-04-29 03:51:44,stallRate,103.233999967575,0.679581809206543,TheEmptinessMachine,CUBIC,Throughput,HTTP/1.1
2025-04-29 03:51:46,stallRate,105.233999967575,0.664695727117691,TheEmptinessMachine,CUBIC,Throughput,HTTP/1.1
2025-04-29 03:51:48,stallRate,107.233999967575,0.657111266089514,TheEmptinessMachine,CUBIC,Throughput,HTTP/1.1
2025-04-29 03:51:50,stallRate,109.233999967575,0.657111266089514,TheEmptinessMachine,CUBIC,Throughput,HTTP/1.1
2025-04-29 03:51:52,stallRate,111.235000133514,5.10337703925711,TheEmptinessMachine,CUBIC,Throughput,HTTP/1.1
2025-04-29 03:51:54,stallRate,113.233999967575,4.99668147393669,TheEmptinessMachine,CUBIC,Throughput,HTTP/1.1
2025-04-29 03:51:56,stallRate,115.235000133514,4.89454279825389,TheEmptinessMachine,CUBIC,Throughput,HTTP/1.1
2025-04-29 03:51:58,stallRate,117.233999967575,4.79654949443586,TheEmptinessMachine,CUBIC,Throughput,HTTP/1.1
2025-04-29 03:52:00,stallRate,119.235000133514,4.70224551231873,TheEmptinessMachine,CUBIC,Throughput,HTTP/1.1
2025-04-29 03:52:02,stallRate,121.233999967575,4.61127928462578,TheEmptinessMachine,CUBIC,Throughput,HTTP/1.1
2025-04-29 03:52:04,stallRate,123.235000133514,4.52415405677218,TheEmptinessMachine,CUBIC,Throughput,HTTP/1.1
2025-04-29 03:52:06,stallRate,125.233999967575,4.43997781097754,TheEmptinessMachine,CUBIC,Throughput,HTTP/1.1
2025-04-29 03:52:09,stallRate,127.235000133514,4.3589806435546,TheEmptinessMachine,CUBIC,Throughput,HTTP/1.1
2025-04-29 03:52:10,stallRate,129.235000133514,4.28899537005619,TheEmptinessMachine,CUBIC,Throughput,HTTP/1.1
2025-04-29 03:52:12,stallRate,131.233999967575,4.24285526648393,TheEmptinessMachine,CUBIC,Throughput,HTTP/1.1
2025-04-29 03:52:14,stallRate,133.233999967575,4.16863704273287,TheEmptinessMachine,CUBIC,Throughput,HTTP/1.1
2025-04-29 03:52:16,stallRate,135.233999967575,4.0975323264058,TheEmptinessMachine,CUBIC,Throughput,HTTP/1.1
2025-04-29 03:52:18,stallRate,137.235000133514,4.02823894510681,TheEmptinessMachine,CUBIC,Throughput,HTTP/1.1
2025-04-29 03:52:20,stallRate,139.233999967575,3.96180247269183,TheEmptinessMachine,CUBIC,Throughput,HTTP/1.1
2025-04-29 03:52:22,stallRate,141.233999967575,3.89730450582941,TheEmptinessMachine,CUBIC,Throughput,HTTP/1.1
2025-04-29 03:52:24,stallRate,143.233999967575,3.83465524861067,TheEmptinessMachine,CUBIC,Throughput,HTTP/1.1
2025-04-29 03:52:26,stallRate,145.233999967575,3.7741047999863,TheEmptinessMachine,CUBIC,Throughput,HTTP/1.1
2025-04-29 03:52:28,stallRate,147.233999967575,3.71526561802112,TheEmptinessMachine,CUBIC,Throughput,HTTP/1.1
2025-04-29 03:52:30,stallRate,149.233999967575,3.65821112672404,TheEmptinessMachine,CUBIC,Throughput,HTTP/1.1
2025-04-29 03:52:32,stallRate,151.233999967575,3.60305056623139,TheEmptinessMachine,CUBIC,Throughput,HTTP/1.1
2025-04-29 03:52:34,stallRate,153.235000133514,3.54981404558461,TheEmptinessMachine,CUBIC,Throughput,HTTP/1.1
2025-04-29 03:52:36,stallRate,155.233999967575,3.49782383115337,TheEmptinessMachine,CUBIC,Throughput,HTTP/1.1
2025-04-29 03:52:38,stallRate,157.233999967575,3.44741056846923,TheEmptinessMachine,CUBIC,Throughput,HTTP/1.1
2025-04-29 03:52:40,stallRate,159.233999967575,3.39842404829357,TheEmptinessMachine,CUBIC,Throughput,HTTP/1.1
2025-04-29 03:52:42,stallRate,161.235000133514,3.35078709887317,TheEmptinessMachine,CUBIC,Throughput,HTTP/1.1
2025-04-29 03:52:44,stallRate,163.236000061035,3.30430633334089,TheEmptinessMachine,CUBIC,Throughput,HTTP/1.1
2025-04-29 03:52:46,stallRate,165.235000133514,3.28717840549671,TheEmptinessMachine,CUBIC,Throughput,HTTP/1.1
2025-04-29 03:52:48,stallRate,167.235000133514,3.24563296537091,TheEmptinessMachine,CUBIC,Throughput,HTTP/1.1
2025-04-29 03:52:50,stallRate,169.233999967575,3.20212725475424,TheEmptinessMachine,CUBIC,Throughput,HTTP/1.1
2025-04-29 03:52:52,stallRate,171.233999967575,3.15977203373384,TheEmptinessMachine,CUBIC,Throughput,HTTP/1.1
2025-04-29 03:52:54,stallRate,173.236000061035,3.11850417634932,TheEmptinessMachine,CUBIC,Throughput,HTTP/1.1
2025-04-29 03:52:56,stallRate,175.233999967575,3.07845836060027,TheEmptinessMachine,CUBIC,Throughput,HTTP/1.1
2025-04-29 03:52:58,stallRate,177.235000133514,3.03922134697705,TheEmptinessMachine,CUBIC,Throughput,HTTP/1.1
2025-04-29 03:53:00,stallRate,179.236000061035,3.00110864927359,TheEmptinessMachine,CUBIC,Throughput,HTTP/1.1
2025-04-29 03:53:02,stallRate,181.233999967575,2.96388088461251,TheEmptinessMachine,CUBIC,Throughput,HTTP/1.1
2025-04-29 03:53:04,stallRate,183.233999967575,2.92766723621598,TheEmptinessMachine,CUBIC,Throughput,HTTP/1.1
2025-04-29 03:53:06,stallRate,185.235000133514,2.8923627749323,TheEmptinessMachine,CUBIC,Throughput,HTTP/1.1
2025-04-29 03:53:08,stallRate,187.233999967575,2.85756844172306,TheEmptinessMachine,CUBIC,Throughput,HTTP/1.1
2025-04-29 03:53:10,stallRate,189.235000133514,2.82371500279031,TheEmptinessMachine,CUBIC,Throughput,HTTP/1.1
2025-04-29 03:53:12,stallRate,191.233999967575,2.7906560673924,TheEmptinessMachine,CUBIC,Throughput,HTTP/1.1
2025-04-29 03:53:14,stallRate,193.235000133514,2.75860300396834,TheEmptinessMachine,CUBIC,Throughput,HTTP/1.1
2025-04-29 03:53:16,stallRate,195.233999967575,2.72722640868859,TheEmptinessMachine,CUBIC,Throughput,HTTP/1.1
2025-04-29 03:53:18,stallRate,197.235000133514,2.69639009629031,TheEmptinessMachine,CUBIC,Throughput,HTTP/1.1
2025-04-29 03:53:20,stallRate,199.233999967575,2.66616115291935,TheEmptinessMachine,CUBIC,Throughput,HTTP/1.1
2025-04-29 03:53:22,stallRate,201.235000133514,2.63939671026985,TheEmptinessMachine,CUBIC,Throughput,HTTP/1.1
2025-04-29 03:53:24,stallRate,203.235000133514,2.61955752607507,TheEmptinessMachine,CUBIC,Throughput,HTTP/1.1
2025-04-29 03:53:28,stallRate,207.236000061035,2.56351743871548,TheEmptinessMachine,CUBIC,Throughput,HTTP/1.1
2025-04-29 03:53:32,stallRate,211.235000133514,2.50963183099945,TheEmptinessMachine,CUBIC,Throughput,HTTP/1.1
2025-04-29 03:53:56,stallRate,1.21099996566772,0.0,TheEmptinessMachine,CUBIC,Throughput,HTTP/2
2025-04-29 03:53:58,stallRate,3.21000003814697,0.0,TheEmptinessMachine,CUBIC,Throughput,HTTP/2
2025-04-29 03:54:00,stallRate,5.21000003814697,0.0,TheEmptinessMachine,CUBIC,Throughput,HTTP/2
2025-04-29 03:54:02,stallRate,7.21000003814697,0.0,TheEmptinessMachine,CUBIC,Throughput,HTTP/2
2025-04-29 03:54:04,stallRate,9.21000003814697,0.0,TheEmptinessMachine,CUBIC,Throughput,HTTP/2
2025-04-29 03:54:06,stallRate,11.210000038147,0.0,TheEmptinessMachine,CUBIC,Throughput,HTTP/2
2025-04-29 03:54:09,stallRate,13.210000038147,0.0,TheEmptinessMachine,CUBIC,Throughput,HTTP/2
2025-04-29 03:54:10,stallRate,15.210000038147,0.0,TheEmptinessMachine,CUBIC,Throughput,HTTP/2
2025-04-29 03:54:12,stallRate,17.210000038147,0.0,TheEmptinessMachine,CUBIC,Throughput,HTTP/2
2025-04-29 03:54:14,stallRate,19.210000038147,0.0,TheEmptinessMachine,CUBIC,Throughput,HTTP/2
2025-04-29 03:54:16,stallRate,21.210000038147,0.0,TheEmptinessMachine,CUBIC,Throughput,HTTP/2
2025-04-29 03:54:18,stallRate,23.210000038147,0.0,TheEmptinessMachine,CUBIC,Throughput,HTTP/2
2025-04-29 03:54:20,stallRate,25.210000038147,0.0,TheEmptinessMachine,CUBIC,Throughput,HTTP/2
2025-04-29 03:54:22,stallRate,27.2109999656677,0.0,TheEmptinessMachine,CUBIC,Throughput,HTTP/2
2025-04-29 03:54:24,stallRate,29.2109999656677,0.0,TheEmptinessMachine,CUBIC,Throughput,HTTP/2
2025-04-29 03:54:26,stallRate,31.210000038147,0.0,TheEmptinessMachine,CUBIC,Throughput,HTTP/2
2025-04-29 03:54:28,stallRate,33.2109999656677,0.0,TheEmptinessMachine,CUBIC,Throughput,HTTP/2
2025-04-29 03:54:30,stallRate,35.210000038147,0.0,TheEmptinessMachine,CUBIC,Throughput,HTTP/2
2025-04-29 03:54:32,stallRate,37.210000038147,0.0,TheEmptinessMachine,CUBIC,Throughput,HTTP/2
2025-04-29 03:54:34,stallRate,39.2109999656677,0.0,TheEmptinessMachine,CUBIC,Throughput,HTTP/2
2025-04-29 03:54:36,stallRate,41.2109999656677,0.0,TheEmptinessMachine,CUBIC,Throughput,HTTP/2
2025-04-29 03:54:38,stallRate,43.210000038147,0.0,TheEmptinessMachine,CUBIC,Throughput,HTTP/2
2025-04-29 03:54:40,stallRate,45.210000038147,0.0,TheEmptinessMachine,CUBIC,Throughput,HTTP/2
2025-04-29 03:54:42,stallRate,47.210000038147,0.340341241045131,TheEmptinessMachine,CUBIC,Throughput,HTTP/2
2025-04-29 03:54:44,stallRate,49.210000038147,0.991724710652034,TheEmptinessMachine,CUBIC,Throughput,HTTP/2
2025-04-29 03:54:46,stallRate,51.2130000591278,0.925919296040565,TheEmptinessMachine,CUBIC,Throughput,HTTP/2
2025-04-29 03:54:48,stallRate,53.210000038147,1.60024469769744,TheEmptinessMachine,CUBIC,Throughput,HTTP/2
2025-04-29 03:54:50,stallRate,55.210000038147,1.80597734212121,TheEmptinessMachine,CUBIC,Throughput,HTTP/2
2025-04-29 03:54:52,stallRate,57.2109999656677,1.71191209385963,TheEmptinessMachine,CUBIC,Throughput,HTTP/2
2025-04-29 03:54:54,stallRate,59.2109999656677,1.6278105142823,TheEmptinessMachine,CUBIC,Throughput,HTTP/2
2025-04-29 03:54:56,stallRate,61.210000038147,1.55079985801133,TheEmptinessMachine,CUBIC,Throughput,HTTP/2
2025-04-29 03:54:58,stallRate,63.2109999656677,1.48057412119276,TheEmptinessMachine,CUBIC,Throughput,HTTP/2
2025-04-29 03:55:00,stallRate,65.210000038147,1.41732915970136,TheEmptinessMachine,CUBIC,Throughput,HTTP/2
2025-04-29 03:55:02,stallRate,67.210000038147,1.3590128752595,TheEmptinessMachine,CUBIC,Throughput,HTTP/2
2025-04-29 03:55:04,stallRate,69.210000038147,1.30556716488018,TheEmptinessMachine,CUBIC,Throughput,HTTP/2
2025-04-29 03:55:06,stallRate,71.2109999656677,1.25585165848378,TheEmptinessMachine,CUBIC,Throughput,HTTP/2
2025-04-29 03:55:08,stallRate,73.210000038147,1.20988999909534,TheEmptinessMachine,CUBIC,Throughput,HTTP/2
2025-04-29 03:55:10,stallRate,75.210000038147,1.16714492341085,TheEmptinessMachine,CUBIC,Throughput,HTTP/2
2025-04-29 03:55:12,stallRate,77.2109999656677,1.12732010617996,TheEmptinessMachine,CUBIC,Throughput,HTTP/2
2025-04-29 03:55:14,stallRate,79.210000038147,1.08999357190985,TheEmptinessMachine,CUBIC,Throughput,HTTP/2
2025-04-29 03:55:16,stallRate,81.210000038147,1.05524445953618,TheEmptinessMachine,CUBIC,Throughput,HTTP/2
2025-04-29 03:55:18,stallRate,83.210000038147,1.02250330727125,TheEmptinessMachine,CUBIC,Throughput,HTTP/2
2025-04-29 03:55:20,stallRate,85.210000038147,0.99180502704704,TheEmptinessMachine,CUBIC,Throughput,HTTP/2
2025-04-29 03:55:22,stallRate,87.210000038147,0.962969816407249,TheEmptinessMachine,CUBIC,Throughput,HTTP/2
2025-04-29 03:55:24,stallRate,89.210000038147,0.935701340450324,TheEmptinessMachine,CUBIC,Throughput,HTTP/2
2025-04-29 03:55:26,stallRate,91.210000038147,0.909822563390994,TheEmptinessMachine,CUBIC,Throughput,HTTP/2
2025-04-29 03:55:28,stallRate,93.210000038147,0.885550446817651,TheEmptinessMachine,CUBIC,Throughput,HTTP/2
2025-04-29 03:55:30,stallRate,95.210000038147,0.862463812358682,TheEmptinessMachine,CUBIC,Throughput,HTTP/2
2025-04-29 03:55:32,stallRate,97.210000038147,0.840456550349978,TheEmptinessMachine,CUBIC,Throughput,HTTP/2
2025-04-29 03:55:34,stallRate,99.2109999656677,0.8195319346207,TheEmptinessMachine,CUBIC,Throughput,HTTP/2
2025-04-29 03:55:36,stallRate,101.210000038147,0.799677214154776,TheEmptinessMachine,CUBIC,Throughput,HTTP/2
2025-04-29 03:55:38,stallRate,103.210000038147,0.780815419514249,TheEmptinessMachine,CUBIC,Throughput,HTTP/2
2025-04-29 03:55:40,stallRate,105.210000038147,0.7628168384745,TheEmptinessMachine,CUBIC,Throughput,HTTP/2
2025-04-29 03:55:42,stallRate,107.210000038147,0.74561034606541,TheEmptinessMachine,CUBIC,Throughput,HTTP/2
2025-04-29 03:55:44,stallRate,109.210000038147,0.729111719087445,TheEmptinessMachine,CUBIC,Throughput,HTTP/2
2025-04-29 03:55:46,stallRate,111.210999965668,0.713372339444931,TheEmptinessMachine,CUBIC,Throughput,HTTP/2
2025-04-29 03:55:48,stallRate,113.210000038147,0.698263952611318,TheEmptinessMachine,CUBIC,Throughput,HTTP/2
2025-04-29 03:55:50,stallRate,115.210000038147,0.683814270454958,TheEmptinessMachine,CUBIC,Throughput,HTTP/2
2025-04-29 03:55:52,stallRate,117.210999965668,0.670024239339471,TheEmptinessMachine,CUBIC,Throughput,HTTP/2
2025-04-29 03:55:54,stallRate,119.210999965668,0.656614585845724,TheEmptinessMachine,CUBIC,Throughput,HTTP/2
2025-04-29 03:55:56,stallRate,121.210000038147,0.643774985810644,TheEmptinessMachine,CUBIC,Throughput,HTTP/2
2025-04-29 03:55:59,stallRate,123.210999965668,0.631504068899978,TheEmptinessMachine,CUBIC,Throughput,HTTP/2
2025-04-29 03:56:00,stallRate,125.210000038147,0.624556925977096,TheEmptinessMachine,CUBIC,Throughput,HTTP/2
2025-04-29 03:56:02,stallRate,127.210999965668,0.612951555013424,TheEmptinessMachine,CUBIC,Throughput,HTTP/2
2025-04-29 03:56:04,stallRate,129.210000038147,0.601825054977854,TheEmptinessMachine,CUBIC,Throughput,HTTP/2
2025-04-29 03:56:06,stallRate,131.210000038147,0.591033564533588,TheEmptinessMachine,CUBIC,Throughput,HTTP/2
2025-04-29 03:56:08,stallRate,133.210000038147,0.580588112907985,TheEmptinessMachine,CUBIC,Throughput,HTTP/2
2025-04-29 03:56:10,stallRate,135.210000038147,0.570598036754544,TheEmptinessMachine,CUBIC,Throughput,HTTP/2
2025-04-29 03:56:12,stallRate,137.210000038147,0.560923105874335,TheEmptinessMachine,CUBIC,Throughput,HTTP/2
2025-04-29 03:56:14,stallRate,139.210000038147,0.551530751225339,TheEmptinessMachine,CUBIC,Throughput,HTTP/2
2025-04-29 03:56:16,stallRate,141.210000038147,0.542446028078189,TheEmptinessMachine,CUBIC,Throughput,HTTP/2
2025-04-29 03:56:18,stallRate,143.210000038147,0.533676855562198,TheEmptinessMachine,CUBIC,Throughput,HTTP/2
2025-04-29 03:56:20,stallRate,145.210000038147,0.525210434791679,TheEmptinessMachine,CUBIC,Throughput,HTTP/2
2025-04-29 03:56:22,stallRate,147.210000038147,0.517013124550012,TheEmptinessMachine,CUBIC,Throughput,HTTP/2
2025-04-29 03:56:24,stallRate,149.210999965668,0.509005541634528,TheEmptinessMachine,CUBIC,Throughput,HTTP/2
2025-04-29 03:56:26,stallRate,151.211999893188,0.501263109432616,TheEmptinessMachine,CUBIC,Throughput,HTTP/2
2025-04-29 03:56:28,stallRate,153.210999965668,0.493812464782359,TheEmptinessMachine,CUBIC,Throughput,HTTP/2
2025-04-29 03:56:30,stallRate,155.210000038147,0.486529062706442,TheEmptinessMachine,CUBIC,Throughput,HTTP/2
2025-04-29 03:56:32,stallRate,157.210000038147,0.480258894877141,TheEmptinessMachine,CUBIC,Throughput,HTTP/2
2025-04-29 03:56:34,stallRate,159.210999965668,0.473397534476384,TheEmptinessMachine,CUBIC,Throughput,HTTP/2
2025-04-29 03:56:36,stallRate,161.210000038147,0.469140857504662,TheEmptinessMachine,CUBIC,Throughput,HTTP/2
2025-04-29 03:56:38,stallRate,163.210000038147,0.463015193066651,TheEmptinessMachine,CUBIC,Throughput,HTTP/2
2025-04-29 03:56:40,stallRate,165.211999893188,0.456650296567309,TheEmptinessMachine,CUBIC,Throughput,HTTP/2
2025-04-29 03:56:42,stallRate,167.213999986649,0.450393130614715,TheEmptinessMachine,CUBIC,Throughput,HTTP/2
2025-04-29 03:56:44,stallRate,169.210000038147,0.444338677280946,TheEmptinessMachine,CUBIC,Throughput,HTTP/2
2025-04-29 03:56:46,stallRate,171.211999893188,0.438433959823266,TheEmptinessMachine,CUBIC,Throughput,HTTP/2
2025-04-29 03:56:48,stallRate,173.210000038147,0.432695796534932,TheEmptinessMachine,CUBIC,Throughput,HTTP/2
2025-04-29 03:56:50,stallRate,175.210000038147,0.427114666633095,TheEmptinessMachine,CUBIC,Throughput,HTTP/2
2025-04-29 03:56:52,stallRate,177.210999965668,0.421651445566848,TheEmptinessMachine,CUBIC,Throughput,HTTP/2
2025-04-29 03:56:54,stallRate,179.210999965668,0.416350475183178,TheEmptinessMachine,CUBIC,Throughput,HTTP/2
2025-04-29 03:56:56,stallRate,181.210999965668,0.411187586372848,TheEmptinessMachine,CUBIC,Throughput,HTTP/2
2025-04-29 03:56:58,stallRate,183.211999893188,0.40607512483279,TheEmptinessMachine,CUBIC,Throughput,HTTP/2
2025-04-29 03:57:00,stallRate,185.210000038147,0.401147449305557,TheEmptinessMachine,CUBIC,Throughput,HTTP/2
2025-04-29 03:57:02,stallRate,187.210000038147,0.396345875818703,TheEmptinessMachine,CUBIC,Throughput,HTTP/2
2025-04-29 03:57:04,stallRate,189.210000038147,0.391642860697802,TheEmptinessMachine,CUBIC,Throughput,HTTP/2
2025-04-29 03:57:06,stallRate,191.210999965668,0.387037625963321,TheEmptinessMachine,CUBIC,Throughput,HTTP/2
2025-04-29 03:57:08,stallRate,193.210000038147,0.38258044183834,TheEmptinessMachine,CUBIC,Throughput,HTTP/2
2025-04-29 03:57:10,stallRate,195.210000038147,0.378223405538748,TheEmptinessMachine,CUBIC,Throughput,HTTP/2
2025-04-29 03:57:12,stallRate,197.210999965668,0.37392457627743,TheEmptinessMachine,CUBIC,Throughput,HTTP/2
2025-04-29 03:57:14,stallRate,199.210999965668,0.369733658670907,TheEmptinessMachine,CUBIC,Throughput,HTTP/2
2025-04-29 03:57:16,stallRate,201.210999965668,0.365638779638207,TheEmptinessMachine,CUBIC,Throughput,HTTP/2
2025-04-29 03:57:50,stallRate,1.20600008964539,0.0,TheEmptinessMachine,CUBIC,Throughput,HTTP/3
2025-04-29 03:57:52,stallRate,3.20300006866455,0.0,TheEmptinessMachine,CUBIC,Throughput,HTTP/3
2025-04-29 03:57:54,stallRate,5.20300006866455,0.0,TheEmptinessMachine,CUBIC,Throughput,HTTP/3
2025-04-29 03:57:56,stallRate,7.20300006866455,0.0,TheEmptinessMachine,CUBIC,Throughput,HTTP/3
2025-04-29 03:57:58,stallRate,9.20300006866455,0.0,TheEmptinessMachine,CUBIC,Throughput,HTTP/3
2025-04-29 03:58:00,stallRate,11.2030000686646,0.0,TheEmptinessMachine,CUBIC,Throughput,HTTP/3
2025-04-29 03:58:02,stallRate,13.2039999961853,0.0,TheEmptinessMachine,CUBIC,Throughput,HTTP/3
2025-04-29 03:58:04,stallRate,15.2030000686646,0.0,TheEmptinessMachine,CUBIC,Throughput,HTTP/3
2025-04-29 03:58:06,stallRate,17.2030000686646,0.0,TheEmptinessMachine,CUBIC,Throughput,HTTP/3
2025-04-29 03:58:08,stallRate,19.2030000686646,0.0,TheEmptinessMachine,CUBIC,Throughput,HTTP/3
2025-04-29 03:58:10,stallRate,21.2030000686646,0.0,TheEmptinessMachine,CUBIC,Throughput,HTTP/3
2025-04-29 03:58:12,stallRate,23.2030000686646,0.0,TheEmptinessMachine,CUBIC,Throughput,HTTP/3
2025-04-29 03:58:14,stallRate,25.2050001621246,0.0,TheEmptinessMachine,CUBIC,Throughput,HTTP/3
2025-04-29 03:58:16,stallRate,27.2030000686646,0.0,TheEmptinessMachine,CUBIC,Throughput,HTTP/3
2025-04-29 03:58:18,stallRate,29.2030000686646,0.0,TheEmptinessMachine,CUBIC,Throughput,HTTP/3
2025-04-29 03:58:20,stallRate,31.2030000686646,0.0,TheEmptinessMachine,CUBIC,Throughput,HTTP/3
2025-04-29 03:58:22,stallRate,33.2030000686646,0.0,TheEmptinessMachine,CUBIC,Throughput,HTTP/3
2025-04-29 03:58:24,stallRate,35.2030000686646,0.0,TheEmptinessMachine,CUBIC,Throughput,HTTP/3
2025-04-29 03:58:26,stallRate,37.2030000686646,0.0,TheEmptinessMachine,CUBIC,Throughput,HTTP/3
2025-04-29 03:58:28,stallRate,39.2030000686646,0.0,TheEmptinessMachine,CUBIC,Throughput,HTTP/3
2025-04-29 03:58:30,stallRate,41.2030000686646,0.0,TheEmptinessMachine,CUBIC,Throughput,HTTP/3
2025-04-29 03:58:32,stallRate,43.2030000686646,0.0,TheEmptinessMachine,CUBIC,Throughput,HTTP/3
2025-04-29 03:58:34,stallRate,45.2030000686646,0.0,TheEmptinessMachine,CUBIC,Throughput,HTTP/3
2025-04-29 03:58:36,stallRate,47.2030000686646,0.0,TheEmptinessMachine,CUBIC,Throughput,HTTP/3
2025-04-29 03:58:38,stallRate,49.2030000686646,0.0,TheEmptinessMachine,CUBIC,Throughput,HTTP/3
2025-04-29 03:58:40,stallRate,51.2030000686646,0.0,TheEmptinessMachine,CUBIC,Throughput,HTTP/3
2025-04-29 03:58:42,stallRate,53.2030000686646,0.0,TheEmptinessMachine,CUBIC,Throughput,HTTP/3
2025-04-29 03:58:44,stallRate,55.2030000686646,0.0,TheEmptinessMachine,CUBIC,Throughput,HTTP/3
2025-04-29 03:58:46,stallRate,57.2030000686646,0.0,TheEmptinessMachine,CUBIC,Throughput,HTTP/3
2025-04-29 03:58:48,stallRate,59.2050001621246,0.0,TheEmptinessMachine,CUBIC,Throughput,HTTP/3
2025-04-29 03:58:50,stallRate,61.2030000686646,0.0,TheEmptinessMachine,CUBIC,Throughput,HTTP/3
2025-04-29 03:58:52,stallRate,63.2030000686646,0.0,TheEmptinessMachine,CUBIC,Throughput,HTTP/3
2025-04-29 03:58:54,stallRate,65.2030000686646,0.0,TheEmptinessMachine,CUBIC,Throughput,HTTP/3
2025-04-29 03:58:56,stallRate,67.2039999961853,0.0,TheEmptinessMachine,CUBIC,Throughput,HTTP/3
2025-04-29 03:58:58,stallRate,69.2060000896454,0.0,TheEmptinessMachine,CUBIC,Throughput,HTTP/3
2025-04-29 03:59:00,stallRate,71.2030000686646,0.0,TheEmptinessMachine,CUBIC,Throughput,HTTP/3
2025-04-29 03:59:02,stallRate,73.2030000686646,0.0,TheEmptinessMachine,CUBIC,Throughput,HTTP/3
2025-04-29 03:59:04,stallRate,75.2030000686646,0.0,TheEmptinessMachine,CUBIC,Throughput,HTTP/3
2025-04-29 03:59:06,stallRate,77.2030000686646,0.0,TheEmptinessMachine,CUBIC,Throughput,HTTP/3
2025-04-29 03:59:08,stallRate,79.2030000686646,0.0,TheEmptinessMachine,CUBIC,Throughput,HTTP/3
2025-04-29 03:59:10,stallRate,81.2030000686646,0.0,TheEmptinessMachine,CUBIC,Throughput,HTTP/3
2025-04-29 03:59:12,stallRate,83.2039999961853,0.0,TheEmptinessMachine,CUBIC,Throughput,HTTP/3
2025-04-29 03:59:14,stallRate,85.2030000686646,0.0,TheEmptinessMachine,CUBIC,Throughput,HTTP/3
2025-04-29 03:59:16,stallRate,87.2030000686646,0.0,TheEmptinessMachine,CUBIC,Throughput,HTTP/3
2025-04-29 03:59:18,stallRate,89.2030000686646,0.0,TheEmptinessMachine,CUBIC,Throughput,HTTP/3
2025-04-29 03:59:20,stallRate,91.2030000686646,0.0,TheEmptinessMachine,CUBIC,Throughput,HTTP/3
2025-04-29 03:59:22,stallRate,93.2039999961853,0.0,TheEmptinessMachine,CUBIC,Throughput,HTTP/3
2025-04-29 03:59:24,stallRate,95.2030000686646,0.0,TheEmptinessMachine,CUBIC,Throughput,HTTP/3
2025-04-29 03:59:26,stallRate,97.2030000686646,0.0,TheEmptinessMachine,CUBIC,Throughput,HTTP/3
2025-04-29 03:59:28,stallRate,99.2039999961853,0.0,TheEmptinessMachine,CUBIC,Throughput,HTTP/3
2025-04-29 03:59:30,stallRate,101.203000068665,0.0,TheEmptinessMachine,CUBIC,Throughput,HTTP/3
2025-04-29 03:59:32,stallRate,103.203000068665,0.0,TheEmptinessMachine,CUBIC,Throughput,HTTP/3
2025-04-29 03:59:34,stallRate,105.203000068665,0.0,TheEmptinessMachine,CUBIC,Throughput,HTTP/3
2025-04-29 03:59:36,stallRate,107.203000068665,0.0,TheEmptinessMachine,CUBIC,Throughput,HTTP/3
2025-04-29 03:59:38,stallRate,109.203000068665,0.0,TheEmptinessMachine,CUBIC,Throughput,HTTP/3
2025-04-29 03:59:40,stallRate,111.203000068665,0.0,TheEmptinessMachine,CUBIC,Throughput,HTTP/3
2025-04-29 03:59:42,stallRate,113.203000068665,0.0,TheEmptinessMachine,CUBIC,Throughput,HTTP/3
2025-04-29 03:59:44,stallRate,115.203000068665,0.0,TheEmptinessMachine,CUBIC,Throughput,HTTP/3
2025-04-29 03:59:46,stallRate,117.203000068665,0.0,TheEmptinessMachine,CUBIC,Throughput,HTTP/3
2025-04-29 03:59:48,stallRate,119.203000068665,0.0,TheEmptinessMachine,CUBIC,Throughput,HTTP/3
2025-04-29 03:59:50,stallRate,121.203999996185,0.0,TheEmptinessMachine,CUBIC,Throughput,HTTP/3
2025-04-29 03:59:52,stallRate,123.203000068665,0.0,TheEmptinessMachine,CUBIC,Throughput,HTTP/3
2025-04-29 03:59:54,stallRate,125.212000131607,0.0,TheEmptinessMachine,CUBIC,Throughput,HTTP/3
2025-04-29 03:59:56,stallRate,127.203999996185,0.0,TheEmptinessMachine,CUBIC,Throughput,HTTP/3
2025-04-29 03:59:58,stallRate,129.203000068665,0.0,TheEmptinessMachine,CUBIC,Throughput,HTTP/3
2025-04-29 04:00:00,stallRate,131.203000068665,0.0,TheEmptinessMachine,CUBIC,Throughput,HTTP/3
2025-04-29 04:00:02,stallRate,133.203000068665,0.0,TheEmptinessMachine,CUBIC,Throughput,HTTP/3
2025-04-29 04:00:04,stallRate,135.203000068665,0.0,TheEmptinessMachine,CUBIC,Throughput,HTTP/3
2025-04-29 04:00:06,stallRate,137.205000162125,0.0,TheEmptinessMachine,CUBIC,Throughput,HTTP/3
2025-04-29 04:00:08,stallRate,139.203999996185,0.0,TheEmptinessMachine,CUBIC,Throughput,HTTP/3
2025-04-29 04:00:10,stallRate,141.203000068665,0.0,TheEmptinessMachine,CUBIC,Throughput,HTTP/3
2025-04-29 04:00:12,stallRate,143.203000068665,0.0,TheEmptinessMachine,CUBIC,Throughput,HTTP/3
2025-04-29 04:00:14,stallRate,145.203999996185,0.0,TheEmptinessMachine,CUBIC,Throughput,HTTP/3
2025-04-29 04:00:16,stallRate,147.203999996185,0.0,TheEmptinessMachine,CUBIC,Throughput,HTTP/3
2025-04-29 04:00:18,stallRate,149.203000068665,0.0,TheEmptinessMachine,CUBIC,Throughput,HTTP/3
2025-04-29 04:00:20,stallRate,151.203000068665,0.0,TheEmptinessMachine,CUBIC,Throughput,HTTP/3
2025-04-29 04:00:22,stallRate,153.203000068665,0.0,TheEmptinessMachine,CUBIC,Throughput,HTTP/3
2025-04-29 04:00:24,stallRate,155.203000068665,0.0,TheEmptinessMachine,CUBIC,Throughput,HTTP/3
2025-04-29 04:00:26,stallRate,157.203000068665,0.0,TheEmptinessMachine,CUBIC,Throughput,HTTP/3
2025-04-29 04:00:28,stallRate,159.203000068665,0.0,TheEmptinessMachine,CUBIC,Throughput,HTTP/3
2025-04-29 04:00:30,stallRate,161.203000068665,0.0,TheEmptinessMachine,CUBIC,Throughput,HTTP/3
2025-04-29 04:00:32,stallRate,163.203000068665,0.0,TheEmptinessMachine,CUBIC,Throughput,HTTP/3
2025-04-29 04:00:34,stallRate,165.203000068665,0.0,TheEmptinessMachine,CUBIC,Throughput,HTTP/3
2025-04-29 04:00:36,stallRate,167.203000068665,0.0,TheEmptinessMachine,CUBIC,Throughput,HTTP/3
2025-04-29 04:00:38,stallRate,169.203000068665,0.0,TheEmptinessMachine,CUBIC,Throughput,HTTP/3
2025-04-29 04:00:40,stallRate,171.203000068665,0.0,TheEmptinessMachine,CUBIC,Throughput,HTTP/3
2025-04-29 04:00:42,stallRate,173.203000068665,0.0,TheEmptinessMachine,CUBIC,Throughput,HTTP/3
2025-04-29 04:00:44,stallRate,175.203000068665,0.0,TheEmptinessMachine,CUBIC,Throughput,HTTP/3
2025-04-29 04:00:46,stallRate,177.203000068665,0.0,TheEmptinessMachine,CUBIC,Throughput,HTTP/3
2025-04-29 04:00:48,stallRate,179.203000068665,0.0,TheEmptinessMachine,CUBIC,Throughput,HTTP/3
2025-04-29 04:00:50,stallRate,181.205000162125,0.0,TheEmptinessMachine,CUBIC,Throughput,HTTP/3
2025-04-29 04:00:52,stallRate,183.203999996185,0.0,TheEmptinessMachine,CUBIC,Throughput,HTTP/3
2025-04-29 04:00:54,stallRate,185.203999996185,0.0,TheEmptinessMachine,CUBIC,Throughput,HTTP/3
2025-04-29 04:00:56,stallRate,187.203000068665,0.0,TheEmptinessMachine,CUBIC,Throughput,HTTP/3
2025-04-29 04:00:58,stallRate,189.203000068665,0.0,TheEmptinessMachine,CUBIC,Throughput,HTTP/3
2025-04-29 04:01:00,stallRate,191.203999996185,0.0,TheEmptinessMachine,CUBIC,Throughput,HTTP/3
2025-04-29 04:01:02,stallRate,193.203999996185,0.0,TheEmptinessMachine,CUBIC,Throughput,HTTP/3
2025-04-29 04:01:04,stallRate,195.203000068665,0.0,TheEmptinessMachine,CUBIC,Throughput,HTTP/3
2025-04-29 04:01:06,stallRate,197.203000068665,0.0,TheEmptinessMachine,CUBIC,Throughput,HTTP/3
2025-04-29 04:01:08,stallRate,199.203000068665,0.0,TheEmptinessMachine,CUBIC,Throughput,HTTP/3
2025-04-29 04:01:10,stallRate,201.203000068665,0.0,TheEmptinessMachine,CUBIC,Throughput,HTTP/3
2025-04-29 04:01:12,stallRate,203.203999996185,0.0,TheEmptinessMachine,CUBIC,Throughput,HTTP/3
2025-04-29 04:01:14,stallRate,205.203000068665,0.0,TheEmptinessMachine,CUBIC,Throughput,HTTP/3
2025-04-29 04:01:50,stallRate,1.2590000629425,0.0,TheEmptinessMachine,BBR,Dynamic,HTTP/1.1
2025-04-29 04:01:52,stallRate,3.25699996948242,0.0,TheEmptinessMachine,BBR,Dynamic,HTTP/1.1
2025-04-29 04:01:54,stallRate,5.25699996948242,0.0,TheEmptinessMachine,BBR,Dynamic,HTTP/1.1
2025-04-29 04:01:56,stallRate,7.25699996948242,0.0,TheEmptinessMachine,BBR,Dynamic,HTTP/1.1
2025-04-29 04:01:58,stallRate,9.25699996948242,0.0,TheEmptinessMachine,BBR,Dynamic,HTTP/1.1
2025-04-29 04:02:02,stallRate,13.2569999694824,5.87846962352084,TheEmptinessMachine,BBR,Dynamic,HTTP/1.1
2025-04-29 04:02:04,stallRate,15.2569999694824,4.7938533833844,TheEmptinessMachine,BBR,Dynamic,HTTP/1.1
2025-04-29 04:02:06,stallRate,17.2569999694824,4.03847282814402,TheEmptinessMachine,BBR,Dynamic,HTTP/1.1
2025-04-29 04:02:08,stallRate,19.2569999694824,3.45729072026446,TheEmptinessMachine,BBR,Dynamic,HTTP/1.1
2025-04-29 04:02:10,stallRate,21.2569999694824,2.9315670233848,TheEmptinessMachine,BBR,Dynamic,HTTP/1.1
2025-04-29 04:02:12,stallRate,23.2569999694824,2.59323025678798,TheEmptinessMachine,BBR,Dynamic,HTTP/1.1
2025-04-29 04:02:14,stallRate,25.2569999694824,2.32473284738788,TheEmptinessMachine,BBR,Dynamic,HTTP/1.1
2025-04-29 04:02:16,stallRate,27.2569999694824,2.09147965946156,TheEmptinessMachine,BBR,Dynamic,HTTP/1.1
2025-04-29 04:02:18,stallRate,29.2569999694824,1.91530798164579,TheEmptinessMachine,BBR,Dynamic,HTTP/1.1
2025-04-29 04:02:20,stallRate,31.2569999694824,1.7663670153454,TheEmptinessMachine,BBR,Dynamic,HTTP/1.1
2025-04-29 04:02:22,stallRate,33.2569999694824,1.63789819956089,TheEmptinessMachine,BBR,Dynamic,HTTP/1.1
2025-04-29 04:02:24,stallRate,35.2569999694824,1.52927090541179,TheEmptinessMachine,BBR,Dynamic,HTTP/1.1
2025-04-29 04:02:26,stallRate,37.2569999694824,1.43429232688596,TheEmptinessMachine,BBR,Dynamic,HTTP/1.1
2025-04-29 04:02:28,stallRate,39.2569999694824,1.3496177644703,TheEmptinessMachine,BBR,Dynamic,HTTP/1.1
2025-04-29 04:02:30,stallRate,41.2569999694824,1.27468788192602,TheEmptinessMachine,BBR,Dynamic,HTTP/1.1
2025-04-29 04:02:32,stallRate,43.2569999694824,1.20787696165204,TheEmptinessMachine,BBR,Dynamic,HTTP/1.1
2025-04-29 04:02:34,stallRate,45.2569999694824,1.14750163821965,TheEmptinessMachine,BBR,Dynamic,HTTP/1.1
2025-04-29 04:02:36,stallRate,47.2569999694824,1.09318888534401,TheEmptinessMachine,BBR,Dynamic,HTTP/1.1
2025-04-29 04:02:38,stallRate,49.2580001354218,1.0438489485106,TheEmptinessMachine,BBR,Dynamic,HTTP/1.1
2025-04-29 04:02:40,stallRate,51.2580001354218,0.998558903361426,TheEmptinessMachine,BBR,Dynamic,HTTP/1.1
2025-04-29 04:02:42,stallRate,53.2569999694824,0.956984511695572,TheEmptinessMachine,BBR,Dynamic,HTTP/1.1
2025-04-29 04:02:44,stallRate,55.2569999694824,0.918822976801127,TheEmptinessMachine,BBR,Dynamic,HTTP/1.1
2025-04-29 04:02:46,stallRate,57.2569999694824,0.883467307664032,TheEmptinessMachine,BBR,Dynamic,HTTP/1.1
2025-04-29 04:02:48,stallRate,59.2569999694824,0.850906644813697,TheEmptinessMachine,BBR,Dynamic,HTTP/1.1
2025-04-29 04:02:50,stallRate,61.2569999694824,0.820532664738562,TheEmptinessMachine,BBR,Dynamic,HTTP/1.1
2025-04-29 04:02:52,stallRate,63.2569999694824,0.792398939391368,TheEmptinessMachine,BBR,Dynamic,HTTP/1.1
2025-04-29 04:02:54,stallRate,65.2569999694824,0.766007279378379,TheEmptinessMachine,BBR,Dynamic,HTTP/1.1
2025-04-29 04:02:56,stallRate,67.2569999694824,0.741372667659026,TheEmptinessMachine,BBR,Dynamic,HTTP/1.1
2025-04-29 04:02:58,stallRate,69.2569999694824,0.718409191097813,TheEmptinessMachine,BBR,Dynamic,HTTP/1.1
2025-04-29 04:03:00,stallRate,71.2569999694824,0.696668359287277,TheEmptinessMachine,BBR,Dynamic,HTTP/1.1
2025-04-29 04:03:02,stallRate,73.2569999694824,0.676246874741635,TheEmptinessMachine,BBR,Dynamic,HTTP/1.1
2025-04-29 04:03:04,stallRate,75.2760000228882,0.656795814563956,TheEmptinessMachine,BBR,Dynamic,HTTP/1.1
2025-04-29 04:03:06,stallRate,77.2569999694824,0.638768402408961,TheEmptinessMachine,BBR,Dynamic,HTTP/1.1
2025-04-29 04:03:08,stallRate,79.2569999694824,0.621588285785661,TheEmptinessMachine,BBR,Dynamic,HTTP/1.1
2025-04-29 04:03:10,stallRate,81.2580001354218,0.605568728035985,TheEmptinessMachine,BBR,Dynamic,HTTP/1.1
2025-04-29 04:03:12,stallRate,83.2569999694824,0.594017145403941,TheEmptinessMachine,BBR,Dynamic,HTTP/1.1
2025-04-29 04:03:14,stallRate,85.2569999694824,0.587521252551257,TheEmptinessMachine,BBR,Dynamic,HTTP/1.1
2025-04-29 04:03:16,stallRate,87.2569999694824,0.572871854084208,TheEmptinessMachine,BBR,Dynamic,HTTP/1.1
2025-04-29 04:03:18,stallRate,89.2590000629425,0.558959175083757,TheEmptinessMachine,BBR,Dynamic,HTTP/1.1
2025-04-29 04:03:20,stallRate,91.2569999694824,0.545759604178334,TheEmptinessMachine,BBR,Dynamic,HTTP/1.1
2025-04-29 04:03:22,stallRate,93.2569999694824,0.533110937354932,TheEmptinessMachine,BBR,Dynamic,HTTP/1.1
2025-04-29 04:03:24,stallRate,95.2569999694824,0.521018130243342,TheEmptinessMachine,BBR,Dynamic,HTTP/1.1
2025-04-29 04:03:26,stallRate,97.2569999694824,0.509498713070191,TheEmptinessMachine,BBR,Dynamic,HTTP/1.1
2025-04-29 04:03:28,stallRate,99.2569999694824,0.498545456582338,TheEmptinessMachine,BBR,Dynamic,HTTP/1.1
2025-04-29 04:03:30,stallRate,101.256999969482,0.487976668849177,TheEmptinessMachine,BBR,Dynamic,HTTP/1.1
2025-04-29 04:03:32,stallRate,103.256999969482,0.477866928108753,TheEmptinessMachine,BBR,Dynamic,HTTP/1.1
2025-04-29 04:03:34,stallRate,105.256999969482,0.468127818618459,TheEmptinessMachine,BBR,Dynamic,HTTP/1.1
2025-04-29 04:03:36,stallRate,107.256999969482,0.458825151370679,TheEmptinessMachine,BBR,Dynamic,HTTP/1.1
2025-04-29 04:03:38,stallRate,109.256999969482,0.449847832552759,TheEmptinessMachine,BBR,Dynamic,HTTP/1.1
2025-04-29 04:03:40,stallRate,111.256999969482,0.441210137264256,TheEmptinessMachine,BBR,Dynamic,HTTP/1.1
2025-04-29 04:03:42,stallRate,113.256999969482,0.432917783295485,TheEmptinessMachine,BBR,Dynamic,HTTP/1.1
2025-04-29 04:03:44,stallRate,115.256999969482,0.424950888621673,TheEmptinessMachine,BBR,Dynamic,HTTP/1.1
2025-04-29 04:03:46,stallRate,117.256999969482,0.417275536768929,TheEmptinessMachine,BBR,Dynamic,HTTP/1.1
2025-04-29 04:03:48,stallRate,119.258000135422,0.411562188269494,TheEmptinessMachine,BBR,Dynamic,HTTP/1.1
2025-04-29 04:03:50,stallRate,121.256999969482,0.406778251291842,TheEmptinessMachine,BBR,Dynamic,HTTP/1.1
2025-04-29 04:03:52,stallRate,123.258000135422,0.399699856540308,TheEmptinessMachine,BBR,Dynamic,HTTP/1.1
2025-04-29 04:03:54,stallRate,125.256999969482,0.392922099591422,TheEmptinessMachine,BBR,Dynamic,HTTP/1.1
2025-04-29 04:03:56,stallRate,127.256999969482,0.386338623682476,TheEmptinessMachine,BBR,Dynamic,HTTP/1.1
2025-04-29 04:03:58,stallRate,129.256999969482,0.379940938596929,TheEmptinessMachine,BBR,Dynamic,HTTP/1.1
2025-04-29 04:04:00,stallRate,131.258000135422,0.373786123683193,TheEmptinessMachine,BBR,Dynamic,HTTP/1.1
2025-04-29 04:04:02,stallRate,133.256999969482,0.367843992773147,TheEmptinessMachine,BBR,Dynamic,HTTP/1.1
2025-04-29 04:04:04,stallRate,135.256999969482,0.362080543555596,TheEmptinessMachine,BBR,Dynamic,HTTP/1.1
2025-04-29 04:04:06,stallRate,137.256999969482,0.356485839475533,TheEmptinessMachine,BBR,Dynamic,HTTP/1.1
2025-04-29 04:04:08,stallRate,139.256999969482,0.35103793822101,TheEmptinessMachine,BBR,Dynamic,HTTP/1.1
2025-04-29 04:04:10,stallRate,141.256999969482,0.345760475446716,TheEmptinessMachine,BBR,Dynamic,HTTP/1.1
2025-04-29 04:04:12,stallRate,143.256999969482,0.340648369663068,TheEmptinessMachine,BBR,Dynamic,HTTP/1.1
2025-04-29 04:04:14,stallRate,145.256999969482,0.335694369162465,TheEmptinessMachine,BBR,Dynamic,HTTP/1.1
2025-04-29 04:04:16,stallRate,147.256999969482,0.330862339385997,TheEmptinessMachine,BBR,Dynamic,HTTP/1.1
2025-04-29 04:04:18,stallRate,149.256999969482,0.326190698314794,TheEmptinessMachine,BBR,Dynamic,HTTP/1.1
2025-04-29 04:04:20,stallRate,151.256999969482,0.321629593662593,TheEmptinessMachine,BBR,Dynamic,HTTP/1.1
2025-04-29 04:04:22,stallRate,153.256999969482,0.317214409024698,TheEmptinessMachine,BBR,Dynamic,HTTP/1.1
2025-04-29 04:04:24,stallRate,155.256999969482,0.312897579857342,TheEmptinessMachine,BBR,Dynamic,HTTP/1.1
2025-04-29 04:04:26,stallRate,157.256999969482,0.308707629500718,TheEmptinessMachine,BBR,Dynamic,HTTP/1.1
2025-04-29 04:04:28,stallRate,159.256999969482,0.304613138966914,TheEmptinessMachine,BBR,Dynamic,HTTP/1.1
2025-04-29 04:04:30,stallRate,161.258000135422,0.300647520657248,TheEmptinessMachine,BBR,Dynamic,HTTP/1.1
2025-04-29 04:04:32,stallRate,163.256999969482,0.29679102384393,TheEmptinessMachine,BBR,Dynamic,HTTP/1.1
2025-04-29 04:04:34,stallRate,165.258000135422,0.29301317925437,TheEmptinessMachine,BBR,Dynamic,HTTP/1.1
2025-04-29 04:04:36,stallRate,167.259000062943,0.28934227535064,TheEmptinessMachine,BBR,Dynamic,HTTP/1.1
2025-04-29 04:04:38,stallRate,169.256999969482,0.285751142943777,TheEmptinessMachine,BBR,Dynamic,HTTP/1.1
2025-04-29 04:04:40,stallRate,171.256999969482,0.282259305137877,TheEmptinessMachine,BBR,Dynamic,HTTP/1.1
2025-04-29 04:04:42,stallRate,173.256999969482,0.278837634375777,TheEmptinessMachine,BBR,Dynamic,HTTP/1.1
2025-04-29 04:04:44,stallRate,175.256999969482,0.275487319974022,TheEmptinessMachine,BBR,Dynamic,HTTP/1.1
2025-04-29 04:04:46,stallRate,177.258000135422,0.272233143180505,TheEmptinessMachine,BBR,Dynamic,HTTP/1.1
2025-04-29 04:04:48,stallRate,179.258000135422,0.269063060949672,TheEmptinessMachine,BBR,Dynamic,HTTP/1.1
2025-04-29 04:04:50,stallRate,181.258000135422,0.265954363673453,TheEmptinessMachine,BBR,Dynamic,HTTP/1.1
2025-04-29 04:04:52,stallRate,183.259000062943,0.26291156469507,TheEmptinessMachine,BBR,Dynamic,HTTP/1.1
2025-04-29 04:04:54,stallRate,185.258000135422,0.25996154712386,TheEmptinessMachine,BBR,Dynamic,HTTP/1.1
2025-04-29 04:04:56,stallRate,187.258000135422,0.257064364666589,TheEmptinessMachine,BBR,Dynamic,HTTP/1.1
2025-04-29 04:04:58,stallRate,189.258000135422,0.254214432946076,TheEmptinessMachine,BBR,Dynamic,HTTP/1.1
2025-04-29 04:05:00,stallRate,191.259000062943,0.251444680347876,TheEmptinessMachine,BBR,Dynamic,HTTP/1.1
2025-04-29 04:05:02,stallRate,193.261000156403,0.248722237398528,TheEmptinessMachine,BBR,Dynamic,HTTP/1.1
2025-04-29 04:05:04,stallRate,195.256999969482,0.246078763730746,TheEmptinessMachine,BBR,Dynamic,HTTP/1.1
2025-04-29 04:05:06,stallRate,197.256999969482,0.244186618083494,TheEmptinessMachine,BBR,Dynamic,HTTP/1.1
2025-04-29 04:05:08,stallRate,199.256999969482,0.24189506164983,TheEmptinessMachine,BBR,Dynamic,HTTP/1.1
2025-04-29 04:05:10,stallRate,201.256999969482,0.239385370141223,TheEmptinessMachine,BBR,Dynamic,HTTP/1.1
2025-04-29 04:05:12,stallRate,203.256999969482,0.236926163443913,TheEmptinessMachine,BBR,Dynamic,HTTP/1.1
2025-04-29 04:05:44,stallRate,1.20900011062622,0.0,TheEmptinessMachine,BBR,Dynamic,HTTP/2
2025-04-29 04:05:46,stallRate,3.2020001411438,0.0,TheEmptinessMachine,BBR,Dynamic,HTTP/2
2025-04-29 04:05:48,stallRate,5.2020001411438,0.0,TheEmptinessMachine,BBR,Dynamic,HTTP/2
2025-04-29 04:05:50,stallRate,7.2020001411438,0.0,TheEmptinessMachine,BBR,Dynamic,HTTP/2
2025-04-29 04:05:52,stallRate,9.20099997520447,0.0,TheEmptinessMachine,BBR,Dynamic,HTTP/2
2025-04-29 04:05:54,stallRate,11.2009999752045,0.0,TheEmptinessMachine,BBR,Dynamic,HTTP/2
2025-04-29 04:05:56,stallRate,13.2009999752045,0.0,TheEmptinessMachine,BBR,Dynamic,HTTP/2
2025-04-29 04:05:58,stallRate,15.2009999752045,0.0,TheEmptinessMachine,BBR,Dynamic,HTTP/2
2025-04-29 04:06:00,stallRate,17.2020001411438,0.0,TheEmptinessMachine,BBR,Dynamic,HTTP/2
2025-04-29 04:06:02,stallRate,19.2020001411438,0.0,TheEmptinessMachine,BBR,Dynamic,HTTP/2
2025-04-29 04:06:04,stallRate,21.2009999752045,0.0,TheEmptinessMachine,BBR,Dynamic,HTTP/2
2025-04-29 04:06:06,stallRate,23.2009999752045,0.0,TheEmptinessMachine,BBR,Dynamic,HTTP/2
2025-04-29 04:06:08,stallRate,25.2030000686646,0.0,TheEmptinessMachine,BBR,Dynamic,HTTP/2
2025-04-29 04:06:10,stallRate,27.2009999752045,0.0,TheEmptinessMachine,BBR,Dynamic,HTTP/2
2025-04-29 04:06:12,stallRate,29.2020001411438,0.0,TheEmptinessMachine,BBR,Dynamic,HTTP/2
2025-04-29 04:06:14,stallRate,31.2020001411438,0.0,TheEmptinessMachine,BBR,Dynamic,HTTP/2
2025-04-29 04:06:16,stallRate,33.2020001411438,0.0,TheEmptinessMachine,BBR,Dynamic,HTTP/2
2025-04-29 04:06:18,stallRate,35.2020001411438,0.0,TheEmptinessMachine,BBR,Dynamic,HTTP/2
2025-04-29 04:06:20,stallRate,37.2020001411438,0.0,TheEmptinessMachine,BBR,Dynamic,HTTP/2
2025-04-29 04:06:22,stallRate,39.2020001411438,0.0,TheEmptinessMachine,BBR,Dynamic,HTTP/2
2025-04-29 04:06:24,stallRate,41.2020001411438,0.0,TheEmptinessMachine,BBR,Dynamic,HTTP/2
2025-04-29 04:06:26,stallRate,43.2020001411438,0.0,TheEmptinessMachine,BBR,Dynamic,HTTP/2
2025-04-29 04:06:28,stallRate,45.2020001411438,0.0,TheEmptinessMachine,BBR,Dynamic,HTTP/2
2025-04-29 04:06:30,stallRate,47.2020001411438,0.0,TheEmptinessMachine,BBR,Dynamic,HTTP/2
2025-04-29 04:06:32,stallRate,49.2020001411438,0.0,TheEmptinessMachine,BBR,Dynamic,HTTP/2
2025-04-29 04:06:34,stallRate,51.210000038147,0.0,TheEmptinessMachine,BBR,Dynamic,HTTP/2
2025-04-29 04:06:36,stallRate,53.2020001411438,0.0,TheEmptinessMachine,BBR,Dynamic,HTTP/2
2025-04-29 04:06:38,stallRate,55.2020001411438,0.0,TheEmptinessMachine,BBR,Dynamic,HTTP/2
2025-04-29 04:06:40,stallRate,57.2009999752045,0.250666866812348,TheEmptinessMachine,BBR,Dynamic,HTTP/2
2025-04-29 04:06:42,stallRate,59.2020001411438,0.236716228589364,TheEmptinessMachine,BBR,Dynamic,HTTP/2
2025-04-29 04:06:44,stallRate,61.2009999752045,0.224246439717014,TheEmptinessMachine,BBR,Dynamic,HTTP/2
2025-04-29 04:06:46,stallRate,63.2020001411438,0.696585911985005,TheEmptinessMachine,BBR,Dynamic,HTTP/2
2025-04-29 04:06:48,stallRate,65.2020001411438,1.12912696965659,TheEmptinessMachine,BBR,Dynamic,HTTP/2
2025-04-29 04:06:50,stallRate,67.2020001411438,1.07835767810125,TheEmptinessMachine,BBR,Dynamic,HTTP/2
2025-04-29 04:06:52,stallRate,69.2020001411438,1.11643549717961,TheEmptinessMachine,BBR,Dynamic,HTTP/2
2025-04-29 04:06:54,stallRate,71.2020001411438,1.25463524889506,TheEmptinessMachine,BBR,Dynamic,HTTP/2
2025-04-29 04:06:56,stallRate,73.2020001411438,1.20523594868361,TheEmptinessMachine,BBR,Dynamic,HTTP/2
2025-04-29 04:06:58,stallRate,75.2020001411438,1.15942964894844,TheEmptinessMachine,BBR,Dynamic,HTTP/2
2025-04-29 04:07:00,stallRate,77.2020001411438,1.11703582346555,TheEmptinessMachine,BBR,Dynamic,HTTP/2
2025-04-29 04:07:02,stallRate,79.2020001411438,1.07745141870465,TheEmptinessMachine,BBR,Dynamic,HTTP/2
2025-04-29 04:07:04,stallRate,81.2030000686646,1.04037975193293,TheEmptinessMachine,BBR,Dynamic,HTTP/2
2025-04-29 04:07:06,stallRate,83.2020001411438,1.00606191123129,TheEmptinessMachine,BBR,Dynamic,HTTP/2
2025-04-29 04:07:08,stallRate,85.2020001411438,0.973807083922168,TheEmptinessMachine,BBR,Dynamic,HTTP/2
2025-04-29 04:07:10,stallRate,87.2009999752045,0.943724704128081,TheEmptinessMachine,BBR,Dynamic,HTTP/2
2025-04-29 04:07:12,stallRate,89.2020001411438,0.915450454158985,TheEmptinessMachine,BBR,Dynamic,HTTP/2
2025-04-29 04:07:14,stallRate,91.2020001411438,0.888692309694635,TheEmptinessMachine,BBR,Dynamic,HTTP/2
2025-04-29 04:07:16,stallRate,93.2009999752045,0.863441520238759,TheEmptinessMachine,BBR,Dynamic,HTTP/2
2025-04-29 04:07:18,stallRate,95.2020001411438,0.839627471765832,TheEmptinessMachine,BBR,Dynamic,HTTP/2
2025-04-29 04:07:20,stallRate,97.2020001411438,0.817146815559499,TheEmptinessMachine,BBR,Dynamic,HTTP/2
2025-04-29 04:07:22,stallRate,99.2009999752045,0.795761021543735,TheEmptinessMachine,BBR,Dynamic,HTTP/2
2025-04-29 04:07:24,stallRate,101.202000141144,0.775542620363764,TheEmptinessMachine,BBR,Dynamic,HTTP/2
2025-04-29 04:07:26,stallRate,103.200999975204,0.756246493588714,TheEmptinessMachine,BBR,Dynamic,HTTP/2
2025-04-29 04:07:28,stallRate,105.200999975204,0.737875890364572,TheEmptinessMachine,BBR,Dynamic,HTTP/2
2025-04-29 04:07:30,stallRate,107.202000141144,0.720410768992445,TheEmptinessMachine,BBR,Dynamic,HTTP/2
2025-04-29 04:07:32,stallRate,109.202000141144,0.703801092173409,TheEmptinessMachine,BBR,Dynamic,HTTP/2
2025-04-29 04:07:34,stallRate,111.202000141144,0.687871932296268,TheEmptinessMachine,BBR,Dynamic,HTTP/2
2025-04-29 04:07:36,stallRate,113.202000141144,0.672714469159323,TheEmptinessMachine,BBR,Dynamic,HTTP/2
2025-04-29 04:07:38,stallRate,115.202000141144,0.658143346494512,TheEmptinessMachine,BBR,Dynamic,HTTP/2
2025-04-29 04:07:40,stallRate,117.202000141144,0.644252552627601,TheEmptinessMachine,BBR,Dynamic,HTTP/2
2025-04-29 04:07:42,stallRate,119.202000141144,0.630876892774745,TheEmptinessMachine,BBR,Dynamic,HTTP/2
2025-04-29 04:07:44,stallRate,121.213999986649,0.61799958810081,TheEmptinessMachine,BBR,Dynamic,HTTP/2
2025-04-29 04:07:46,stallRate,123.202000141144,0.605783128027799,TheEmptinessMachine,BBR,Dynamic,HTTP/2
2025-04-29 04:07:48,stallRate,125.202000141144,0.59396962825457,TheEmptinessMachine,BBR,Dynamic,HTTP/2
2025-04-29 04:07:50,stallRate,127.202000141144,0.582634233640739,TheEmptinessMachine,BBR,Dynamic,HTTP/2
2025-04-29 04:07:52,stallRate,129.202000141144,0.571720684084612,TheEmptinessMachine,BBR,Dynamic,HTTP/2
2025-04-29 04:07:54,stallRate,131.200999975204,0.561137424268166,TheEmptinessMachine,BBR,Dynamic,HTTP/2
2025-04-29 04:07:56,stallRate,133.202000141144,0.550966460309436,TheEmptinessMachine,BBR,Dynamic,HTTP/2
2025-04-29 04:07:58,stallRate,135.202000141144,0.541223222069337,TheEmptinessMachine,BBR,Dynamic,HTTP/2
2025-04-29 04:08:00,stallRate,137.202000141144,0.531758777836946,TheEmptinessMachine,BBR,Dynamic,HTTP/2
2025-04-29 04:08:02,stallRate,139.202000141144,0.522637987176653,TheEmptinessMachine,BBR,Dynamic,HTTP/2
2025-04-29 04:08:04,stallRate,141.202000141144,0.517249361661264,TheEmptinessMachine,BBR,Dynamic,HTTP/2
2025-04-29 04:08:06,stallRate,143.202000141144,0.508643783035439,TheEmptinessMachine,BBR,Dynamic,HTTP/2
2025-04-29 04:08:08,stallRate,145.202000141144,0.500286863994158,TheEmptinessMachine,BBR,Dynamic,HTTP/2
2025-04-29 04:08:10,stallRate,147.202000141144,0.492230616590032,TheEmptinessMachine,BBR,Dynamic,HTTP/2
2025-04-29 04:08:12,stallRate,149.202000141144,0.484388427436367,TheEmptinessMachine,BBR,Dynamic,HTTP/2
2025-04-29 04:08:14,stallRate,151.210000038147,0.47677515112348,TheEmptinessMachine,BBR,Dynamic,HTTP/2
2025-04-29 04:08:16,stallRate,153.202000141144,0.469435081821819,TheEmptinessMachine,BBR,Dynamic,HTTP/2
2025-04-29 04:08:18,stallRate,155.202000141144,0.462322612544447,TheEmptinessMachine,BBR,Dynamic,HTTP/2
2025-04-29 04:08:20,stallRate,157.200999975204,0.455435814906421,TheEmptinessMachine,BBR,Dynamic,HTTP/2
2025-04-29 04:08:22,stallRate,159.202000141144,0.44874189352122,TheEmptinessMachine,BBR,Dynamic,HTTP/2
2025-04-29 04:08:24,stallRate,161.202000141144,0.442232857369077,TheEmptinessMachine,BBR,Dynamic,HTTP/2
2025-04-29 04:08:26,stallRate,163.202000141144,0.435919104293661,TheEmptinessMachine,BBR,Dynamic,HTTP/2
2025-04-29 04:08:28,stallRate,165.202000141144,0.429749944454693,TheEmptinessMachine,BBR,Dynamic,HTTP/2
2025-04-29 04:08:30,stallRate,167.202000141144,0.423750109563806,TheEmptinessMachine,BBR,Dynamic,HTTP/2
2025-04-29 04:08:32,stallRate,169.202000141144,0.417897824077444,TheEmptinessMachine,BBR,Dynamic,HTTP/2
2025-04-29 04:08:34,stallRate,171.207999944687,0.41222710540176,TheEmptinessMachine,BBR,Dynamic,HTTP/2
2025-04-29 04:08:36,stallRate,173.202000141144,0.408415694426,TheEmptinessMachine,BBR,Dynamic,HTTP/2
2025-04-29 04:08:38,stallRate,175.202000141144,0.403167458324084,TheEmptinessMachine,BBR,Dynamic,HTTP/2
2025-04-29 04:08:40,stallRate,177.202000141144,0.397933838643795,TheEmptinessMachine,BBR,Dynamic,HTTP/2
2025-04-29 04:08:42,stallRate,179.202000141144,0.392794956310927,TheEmptinessMachine,BBR,Dynamic,HTTP/2
2025-04-29 04:08:44,stallRate,181.202000141144,0.387767181934587,TheEmptinessMachine,BBR,Dynamic,HTTP/2
2025-04-29 04:08:46,stallRate,183.202000141144,0.382895002594677,TheEmptinessMachine,BBR,Dynamic,HTTP/2
2025-04-29 04:08:48,stallRate,185.202000141144,0.378156068660121,TheEmptinessMachine,BBR,Dynamic,HTTP/2
2025-04-29 04:08:50,stallRate,187.202000141144,0.373510931054421,TheEmptinessMachine,BBR,Dynamic,HTTP/2
2025-04-29 04:08:52,stallRate,189.202000141144,0.369000070218514,TheEmptinessMachine,BBR,Dynamic,HTTP/2
2025-04-29 04:08:54,stallRate,191.202000141144,0.364575552490795,TheEmptinessMachine,BBR,Dynamic,HTTP/2
2025-04-29 04:08:56,stallRate,193.200999975204,0.360265338438211,TheEmptinessMachine,BBR,Dynamic,HTTP/2
2025-04-29 04:08:58,stallRate,195.202000141144,0.356053663261664,TheEmptinessMachine,BBR,Dynamic,HTTP/2
2025-04-29 04:09:00,stallRate,197.202000141144,0.351939870315573,TheEmptinessMachine,BBR,Dynamic,HTTP/2
2025-04-29 04:09:02,stallRate,199.200999975204,0.347905188877396,TheEmptinessMachine,BBR,Dynamic,HTTP/2
2025-04-29 04:09:04,stallRate,201.202000141144,0.343961504731541,TheEmptinessMachine,BBR,Dynamic,HTTP/2
2025-04-29 04:09:06,stallRate,203.202000141144,0.340139578425796,TheEmptinessMachine,BBR,Dynamic,HTTP/2
2025-04-29 04:09:08,stallRate,205.202000141144,0.336382802701009,TheEmptinessMachine,BBR,Dynamic,HTTP/2
2025-04-29 04:09:10,stallRate,207.202000141144,0.333110962165454,TheEmptinessMachine,BBR,Dynamic,HTTP/2
2025-04-29 04:09:12,stallRate,209.202000141144,0.329507666363278,TheEmptinessMachine,BBR,Dynamic,HTTP/2
2025-04-29 04:09:38,stallRate,1.21700000762939,0.0,TheEmptinessMachine,BBR,Dynamic,HTTP/3
2025-04-29 04:09:39,stallRate,3.21099996566772,0.0,TheEmptinessMachine,BBR,Dynamic,HTTP/3
2025-04-29 04:09:42,stallRate,5.21099996566772,0.0,TheEmptinessMachine,BBR,Dynamic,HTTP/3
2025-04-29 04:09:43,stallRate,7.21099996566772,0.0,TheEmptinessMachine,BBR,Dynamic,HTTP/3
2025-04-29 04:09:45,stallRate,9.21099996566772,0.0,TheEmptinessMachine,BBR,Dynamic,HTTP/3
2025-04-29 04:09:47,stallRate,11.2109999656677,0.0,TheEmptinessMachine,BBR,Dynamic,HTTP/3
2025-04-29 04:09:49,stallRate,13.2109999656677,0.0,TheEmptinessMachine,BBR,Dynamic,HTTP/3
2025-04-29 04:09:51,stallRate,15.2109999656677,0.0,TheEmptinessMachine,BBR,Dynamic,HTTP/3
2025-04-29 04:09:53,stallRate,17.2130000591278,0.0,TheEmptinessMachine,BBR,Dynamic,HTTP/3
2025-04-29 04:09:55,stallRate,19.2109999656677,0.0,TheEmptinessMachine,BBR,Dynamic,HTTP/3
2025-04-29 04:09:57,stallRate,21.2109999656677,0.0,TheEmptinessMachine,BBR,Dynamic,HTTP/3
2025-04-29 04:09:59,stallRate,23.2109999656677,0.0,TheEmptinessMachine,BBR,Dynamic,HTTP/3
2025-04-29 04:10:01,stallRate,25.2109999656677,0.0,TheEmptinessMachine,BBR,Dynamic,HTTP/3
2025-04-29 04:10:03,stallRate,27.2119998931885,0.0,TheEmptinessMachine,BBR,Dynamic,HTTP/3
2025-04-29 04:10:05,stallRate,29.2109999656677,0.0,TheEmptinessMachine,BBR,Dynamic,HTTP/3
2025-04-29 04:10:07,stallRate,31.2119998931885,0.0,TheEmptinessMachine,BBR,Dynamic,HTTP/3
2025-04-29 04:10:09,stallRate,33.2109999656677,0.0,TheEmptinessMachine,BBR,Dynamic,HTTP/3
2025-04-29 04:10:11,stallRate,35.2109999656677,0.0,TheEmptinessMachine,BBR,Dynamic,HTTP/3
2025-04-29 04:10:13,stallRate,37.2119998931885,0.0,TheEmptinessMachine,BBR,Dynamic,HTTP/3
2025-04-29 04:10:15,stallRate,39.2109999656677,0.0,TheEmptinessMachine,BBR,Dynamic,HTTP/3
2025-04-29 04:10:17,stallRate,41.2109999656677,0.0,TheEmptinessMachine,BBR,Dynamic,HTTP/3
2025-04-29 04:10:19,stallRate,43.2109999656677,0.0,TheEmptinessMachine,BBR,Dynamic,HTTP/3
2025-04-29 04:10:21,stallRate,45.2109999656677,0.0,TheEmptinessMachine,BBR,Dynamic,HTTP/3
2025-04-29 04:10:23,stallRate,47.2109999656677,0.0,TheEmptinessMachine,BBR,Dynamic,HTTP/3
2025-04-29 04:10:25,stallRate,49.2109999656677,0.0,TheEmptinessMachine,BBR,Dynamic,HTTP/3
2025-04-29 04:10:27,stallRate,51.2130000591278,0.0,TheEmptinessMachine,BBR,Dynamic,HTTP/3
2025-04-29 04:10:29,stallRate,53.2119998931885,0.0,TheEmptinessMachine,BBR,Dynamic,HTTP/3
2025-04-29 04:10:31,stallRate,55.2109999656677,0.0,TheEmptinessMachine,BBR,Dynamic,HTTP/3
2025-04-29 04:10:33,stallRate,57.2109999656677,0.0,TheEmptinessMachine,BBR,Dynamic,HTTP/3
2025-04-29 04:10:35,stallRate,59.2109999656677,0.0,TheEmptinessMachine,BBR,Dynamic,HTTP/3
2025-04-29 04:10:37,stallRate,61.2109999656677,0.0,TheEmptinessMachine,BBR,Dynamic,HTTP/3
2025-04-29 04:10:40,stallRate,63.2130000591278,0.0,TheEmptinessMachine,BBR,Dynamic,HTTP/3
2025-04-29 04:10:41,stallRate,65.2109999656677,0.0,TheEmptinessMachine,BBR,Dynamic,HTTP/3
2025-04-29 04:10:43,stallRate,67.2109999656677,0.0,TheEmptinessMachine,BBR,Dynamic,HTTP/3
2025-04-29 04:10:45,stallRate,69.2109999656677,0.0,TheEmptinessMachine,BBR,Dynamic,HTTP/3
2025-04-29 04:10:47,stallRate,71.2109999656677,0.0,TheEmptinessMachine,BBR,Dynamic,HTTP/3
2025-04-29 04:10:49,stallRate,73.2119998931885,0.0,TheEmptinessMachine,BBR,Dynamic,HTTP/3
2025-04-29 04:10:51,stallRate,75.2109999656677,0.0,TheEmptinessMachine,BBR,Dynamic,HTTP/3
2025-04-29 04:10:53,stallRate,77.2109999656677,0.0,TheEmptinessMachine,BBR,Dynamic,HTTP/3
2025-04-29 04:10:55,stallRate,79.2119998931885,0.0,TheEmptinessMachine,BBR,Dynamic,HTTP/3
2025-04-29 04:10:57,stallRate,81.2119998931885,0.0,TheEmptinessMachine,BBR,Dynamic,HTTP/3
2025-04-29 04:10:59,stallRate,83.2109999656677,0.0,TheEmptinessMachine,BBR,Dynamic,HTTP/3
2025-04-29 04:11:01,stallRate,85.2130000591278,0.0,TheEmptinessMachine,BBR,Dynamic,HTTP/3
2025-04-29 04:11:04,stallRate,87.2119998931885,0.0,TheEmptinessMachine,BBR,Dynamic,HTTP/3
2025-04-29 04:11:05,stallRate,89.2109999656677,0.0,TheEmptinessMachine,BBR,Dynamic,HTTP/3
2025-04-29 04:11:07,stallRate,91.2109999656677,0.0,TheEmptinessMachine,BBR,Dynamic,HTTP/3
2025-04-29 04:11:09,stallRate,93.2109999656677,0.0,TheEmptinessMachine,BBR,Dynamic,HTTP/3
2025-04-29 04:11:12,stallRate,95.2119998931885,0.0,TheEmptinessMachine,BBR,Dynamic,HTTP/3
2025-04-29 04:11:13,stallRate,97.2109999656677,0.0,TheEmptinessMachine,BBR,Dynamic,HTTP/3
2025-04-29 04:11:15,stallRate,99.2109999656677,0.0,TheEmptinessMachine,BBR,Dynamic,HTTP/3
2025-04-29 04:11:17,stallRate,101.210999965668,0.0,TheEmptinessMachine,BBR,Dynamic,HTTP/3
2025-04-29 04:11:19,stallRate,103.210999965668,0.0,TheEmptinessMachine,BBR,Dynamic,HTTP/3
2025-04-29 04:11:22,stallRate,105.210999965668,0.0,TheEmptinessMachine,BBR,Dynamic,HTTP/3
2025-04-29 04:11:23,stallRate,107.210999965668,0.0,TheEmptinessMachine,BBR,Dynamic,HTTP/3
2025-04-29 04:11:25,stallRate,109.210999965668,0.0,TheEmptinessMachine,BBR,Dynamic,HTTP/3
2025-04-29 04:11:27,stallRate,111.210999965668,0.0,TheEmptinessMachine,BBR,Dynamic,HTTP/3
2025-04-29 04:11:29,stallRate,113.211999893188,0.0,TheEmptinessMachine,BBR,Dynamic,HTTP/3
2025-04-29 04:11:31,stallRate,115.210999965668,0.0,TheEmptinessMachine,BBR,Dynamic,HTTP/3
2025-04-29 04:11:33,stallRate,117.211999893188,0.0,TheEmptinessMachine,BBR,Dynamic,HTTP/3
2025-04-29 04:11:35,stallRate,119.210999965668,0.0,TheEmptinessMachine,BBR,Dynamic,HTTP/3
2025-04-29 04:11:37,stallRate,121.211999893188,0.0,TheEmptinessMachine,BBR,Dynamic,HTTP/3
2025-04-29 04:11:39,stallRate,123.210999965668,0.0,TheEmptinessMachine,BBR,Dynamic,HTTP/3
2025-04-29 04:11:41,stallRate,125.211999893188,0.0,TheEmptinessMachine,BBR,Dynamic,HTTP/3
2025-04-29 04:11:43,stallRate,127.213000059128,0.0,TheEmptinessMachine,BBR,Dynamic,HTTP/3
2025-04-29 04:11:46,stallRate,129.211999893188,0.0,TheEmptinessMachine,BBR,Dynamic,HTTP/3
2025-04-29 04:11:48,stallRate,131.211999893188,0.0,TheEmptinessMachine,BBR,Dynamic,HTTP/3
2025-04-29 04:11:49,stallRate,133.210999965668,0.0,TheEmptinessMachine,BBR,Dynamic,HTTP/3
2025-04-29 04:11:51,stallRate,135.210999965668,0.0,TheEmptinessMachine,BBR,Dynamic,HTTP/3
2025-04-29 04:11:53,stallRate,137.210999965668,0.0,TheEmptinessMachine,BBR,Dynamic,HTTP/3
2025-04-29 04:11:55,stallRate,139.210999965668,0.0,TheEmptinessMachine,BBR,Dynamic,HTTP/3
2025-04-29 04:11:57,stallRate,141.210999965668,0.0,TheEmptinessMachine,BBR,Dynamic,HTTP/3
2025-04-29 04:11:59,stallRate,143.210999965668,0.0,TheEmptinessMachine,BBR,Dynamic,HTTP/3
2025-04-29 04:12:01,stallRate,145.210999965668,0.0,TheEmptinessMachine,BBR,Dynamic,HTTP/3
2025-04-29 04:12:03,stallRate,147.210999965668,0.0,TheEmptinessMachine,BBR,Dynamic,HTTP/3
2025-04-29 04:12:05,stallRate,149.210999965668,0.0,TheEmptinessMachine,BBR,Dynamic,HTTP/3
2025-04-29 04:12:07,stallRate,151.210999965668,0.0,TheEmptinessMachine,BBR,Dynamic,HTTP/3
2025-04-29 04:12:09,stallRate,153.210999965668,0.0,TheEmptinessMachine,BBR,Dynamic,HTTP/3
2025-04-29 04:12:11,stallRate,155.210999965668,0.0,TheEmptinessMachine,BBR,Dynamic,HTTP/3
2025-04-29 04:12:13,stallRate,157.210999965668,0.0,TheEmptinessMachine,BBR,Dynamic,HTTP/3
2025-04-29 04:12:15,stallRate,159.210999965668,0.0,TheEmptinessMachine,BBR,Dynamic,HTTP/3
2025-04-29 04:12:18,stallRate,161.210999965668,0.0,TheEmptinessMachine,BBR,Dynamic,HTTP/3
2025-04-29 04:12:19,stallRate,163.210999965668,0.0,TheEmptinessMachine,BBR,Dynamic,HTTP/3
2025-04-29 04:12:22,stallRate,165.211999893188,0.0,TheEmptinessMachine,BBR,Dynamic,HTTP/3
2025-04-29 04:12:24,stallRate,167.210999965668,0.0,TheEmptinessMachine,BBR,Dynamic,HTTP/3
2025-04-29 04:12:25,stallRate,169.210999965668,0.0,TheEmptinessMachine,BBR,Dynamic,HTTP/3
2025-04-29 04:12:27,stallRate,171.210999965668,0.0,TheEmptinessMachine,BBR,Dynamic,HTTP/3
2025-04-29 04:12:29,stallRate,173.210999965668,0.0,TheEmptinessMachine,BBR,Dynamic,HTTP/3
2025-04-29 04:12:31,stallRate,175.210999965668,0.0,TheEmptinessMachine,BBR,Dynamic,HTTP/3
2025-04-29 04:12:34,stallRate,177.210999965668,0.0,TheEmptinessMachine,BBR,Dynamic,HTTP/3
2025-04-29 04:12:35,stallRate,179.210999965668,0.0,TheEmptinessMachine,BBR,Dynamic,HTTP/3
2025-04-29 04:12:37,stallRate,181.210999965668,0.0,TheEmptinessMachine,BBR,Dynamic,HTTP/3
2025-04-29 04:12:39,stallRate,183.210999965668,0.0,TheEmptinessMachine,BBR,Dynamic,HTTP/3
2025-04-29 04:12:41,stallRate,185.210999965668,0.0,TheEmptinessMachine,BBR,Dynamic,HTTP/3
2025-04-29 04:12:43,stallRate,187.210999965668,0.0,TheEmptinessMachine,BBR,Dynamic,HTTP/3
2025-04-29 04:12:45,stallRate,189.210999965668,0.0,TheEmptinessMachine,BBR,Dynamic,HTTP/3
2025-04-29 04:12:47,stallRate,191.210999965668,0.0,TheEmptinessMachine,BBR,Dynamic,HTTP/3
2025-04-29 04:12:49,stallRate,193.211999893188,0.0,TheEmptinessMachine,BBR,Dynamic,HTTP/3
2025-04-29 04:12:51,stallRate,195.210999965668,0.0,TheEmptinessMachine,BBR,Dynamic,HTTP/3
2025-04-29 04:12:53,stallRate,197.210999965668,0.0,TheEmptinessMachine,BBR,Dynamic,HTTP/3
2025-04-29 04:12:55,stallRate,199.211999893188,0.0,TheEmptinessMachine,BBR,Dynamic,HTTP/3
2025-04-29 04:13:31,stallRate,1.21000003814697,0.0,TheEmptinessMachine,BBR,Bola,HTTP/1.1
2025-04-29 04:13:33,stallRate,3.20899987220764,0.0,TheEmptinessMachine,BBR,Bola,HTTP/1.1
2025-04-29 04:13:35,stallRate,5.20899987220764,0.0,TheEmptinessMachine,BBR,Bola,HTTP/1.1
2025-04-29 04:13:37,stallRate,7.20899987220764,0.0,TheEmptinessMachine,BBR,Bola,HTTP/1.1
2025-04-29 04:13:41,stallRate,11.2089998722076,12.6363069594724,TheEmptinessMachine,BBR,Bola,HTTP/1.1
2025-04-29 04:13:43,stallRate,13.2089998722076,10.1205817744294,TheEmptinessMachine,BBR,Bola,HTTP/1.1
2025-04-29 04:13:45,stallRate,15.2089998722076,7.80497751259087,TheEmptinessMachine,BBR,Bola,HTTP/1.1
2025-04-29 04:13:47,stallRate,17.2119998931885,6.40917297579179,TheEmptinessMachine,BBR,Bola,HTTP/1.1
2025-04-29 04:13:49,stallRate,19.2089998722076,5.38702612922801,TheEmptinessMachine,BBR,Bola,HTTP/1.1
2025-04-29 04:13:51,stallRate,21.2089998722076,4.46412884746091,TheEmptinessMachine,BBR,Bola,HTTP/1.1
2025-04-29 04:13:53,stallRate,23.2089998722076,3.90895506561773,TheEmptinessMachine,BBR,Bola,HTTP/1.1
2025-04-29 04:13:55,stallRate,25.2079999446869,3.47385724436892,TheEmptinessMachine,BBR,Bola,HTTP/1.1
2025-04-29 04:13:57,stallRate,27.2089998722076,3.10087931326726,TheEmptinessMachine,BBR,Bola,HTTP/1.1
2025-04-29 04:13:59,stallRate,29.2089998722076,2.82731223687152,TheEmptinessMachine,BBR,Bola,HTTP/1.1
2025-04-29 04:14:01,stallRate,31.2089998722076,2.59766626974465,TheEmptinessMachine,BBR,Bola,HTTP/1.1
2025-04-29 04:14:03,stallRate,33.2089998722076,2.40073717274981,TheEmptinessMachine,BBR,Bola,HTTP/1.1
2025-04-29 04:14:05,stallRate,35.2130000591278,2.23526617175395,TheEmptinessMachine,BBR,Bola,HTTP/1.1
2025-04-29 04:14:07,stallRate,37.2089998722076,2.0909721696798,TheEmptinessMachine,BBR,Bola,HTTP/1.1
2025-04-29 04:14:09,stallRate,39.210000038147,1.96314702507402,TheEmptinessMachine,BBR,Bola,HTTP/1.1
2025-04-29 04:14:11,stallRate,41.2089998722076,1.85137798045762,TheEmptinessMachine,BBR,Bola,HTTP/1.1
2025-04-29 04:14:13,stallRate,43.2089998722076,1.75123534655241,TheEmptinessMachine,BBR,Bola,HTTP/1.1
2025-04-29 04:14:15,stallRate,45.210000038147,1.66171581833477,TheEmptinessMachine,BBR,Bola,HTTP/1.1
2025-04-29 04:14:17,stallRate,47.2089998722076,1.58108762023555,TheEmptinessMachine,BBR,Bola,HTTP/1.1
2025-04-29 04:14:19,stallRate,49.2089998722076,1.50756537967427,TheEmptinessMachine,BBR,Bola,HTTP/1.1
2025-04-29 04:14:21,stallRate,51.2089998722076,1.44021605902857,TheEmptinessMachine,BBR,Bola,HTTP/1.1
2025-04-29 04:14:23,stallRate,53.2089998722076,1.37877904018683,TheEmptinessMachine,BBR,Bola,HTTP/1.1
2025-04-29 04:14:25,stallRate,55.2089998722076,1.32287016120912,TheEmptinessMachine,BBR,Bola,HTTP/1.1
2025-04-29 04:14:27,stallRate,57.2089998722076,1.27134429325184,TheEmptinessMachine,BBR,Bola,HTTP/1.1
2025-04-29 04:14:29,stallRate,59.210000038147,1.22321987874608,TheEmptinessMachine,BBR,Bola,HTTP/1.1
2025-04-29 04:14:31,stallRate,61.2089998722076,1.17902709125164,TheEmptinessMachine,BBR,Bola,HTTP/1.1
2025-04-29 04:14:33,stallRate,63.2089998722076,1.13753409207241,TheEmptinessMachine,BBR,Bola,HTTP/1.1
2025-04-29 04:14:35,stallRate,65.2089998722076,1.09897761056444,TheEmptinessMachine,BBR,Bola,HTTP/1.1
2025-04-29 04:14:37,stallRate,67.2089998722076,1.06283814423819,TheEmptinessMachine,BBR,Bola,HTTP/1.1
2025-04-29 04:14:39,stallRate,69.2089998722076,1.02919485921171,TheEmptinessMachine,BBR,Bola,HTTP/1.1
2025-04-29 04:14:41,stallRate,71.2089998722076,0.997689469827561,TheEmptinessMachine,BBR,Bola,HTTP/1.1
2025-04-29 04:14:43,stallRate,73.2089998722076,0.967895277427314,TheEmptinessMachine,BBR,Bola,HTTP/1.1
2025-04-29 04:14:45,stallRate,75.2089998722076,0.939849392752992,TheEmptinessMachine,BBR,Bola,HTTP/1.1
2025-04-29 04:14:47,stallRate,77.2089998722076,0.913547877021053,TheEmptinessMachine,BBR,Bola,HTTP/1.1
2025-04-29 04:14:49,stallRate,79.210000038147,0.888536053635899,TheEmptinessMachine,BBR,Bola,HTTP/1.1
2025-04-29 04:14:51,stallRate,81.2089998722076,0.867957221366318,TheEmptinessMachine,BBR,Bola,HTTP/1.1
2025-04-29 04:14:53,stallRate,83.2149999141693,0.845853306443121,TheEmptinessMachine,BBR,Bola,HTTP/1.1
2025-04-29 04:14:55,stallRate,85.2089998722076,0.829104701402009,TheEmptinessMachine,BBR,Bola,HTTP/1.1
2025-04-29 04:14:57,stallRate,87.2089998722076,0.808402605416415,TheEmptinessMachine,BBR,Bola,HTTP/1.1
2025-04-29 04:14:59,stallRate,89.2089998722076,0.788747168187788,TheEmptinessMachine,BBR,Bola,HTTP/1.1
2025-04-29 04:15:01,stallRate,91.2089998722076,0.770076698428362,TheEmptinessMachine,BBR,Bola,HTTP/1.1
2025-04-29 04:15:03,stallRate,93.2089998722076,0.760674470320355,TheEmptinessMachine,BBR,Bola,HTTP/1.1
2025-04-29 04:15:05,stallRate,95.2089998722076,0.745157321051599,TheEmptinessMachine,BBR,Bola,HTTP/1.1
2025-04-29 04:15:07,stallRate,97.2089998722076,0.72838020953189,TheEmptinessMachine,BBR,Bola,HTTP/1.1
2025-04-29 04:15:09,stallRate,99.2089998722076,0.712348763320252,TheEmptinessMachine,BBR,Bola,HTTP/1.1
2025-04-29 04:15:11,stallRate,101.208999872208,0.697134269154751,TheEmptinessMachine,BBR,Bola,HTTP/1.1
2025-04-29 04:15:13,stallRate,103.208999872208,0.682489403436616,TheEmptinessMachine,BBR,Bola,HTTP/1.1
2025-04-29 04:15:15,stallRate,105.208999872208,0.668430305406089,TheEmptinessMachine,BBR,Bola,HTTP/1.1
2025-04-29 04:15:17,stallRate,107.208999872208,0.654947604039597,TheEmptinessMachine,BBR,Bola,HTTP/1.1
2025-04-29 04:15:19,stallRate,109.210000038147,0.641944670716898,TheEmptinessMachine,BBR,Bola,HTTP/1.1
2025-04-29 04:15:21,stallRate,111.208999872208,0.629527986954666,TheEmptinessMachine,BBR,Bola,HTTP/1.1
2025-04-29 04:15:23,stallRate,113.208999872208,0.617528594821629,TheEmptinessMachine,BBR,Bola,HTTP/1.1
2025-04-29 04:15:25,stallRate,115.208999872208,0.606005876688086,TheEmptinessMachine,BBR,Bola,HTTP/1.1
2025-04-29 04:15:27,stallRate,117.208999872208,0.594963322050158,TheEmptinessMachine,BBR,Bola,HTTP/1.1
2025-04-29 04:15:29,stallRate,119.208999872208,0.584245180739292,TheEmptinessMachine,BBR,Bola,HTTP/1.1
2025-04-29 04:15:31,stallRate,121.208999872208,0.573922789049096,TheEmptinessMachine,BBR,Bola,HTTP/1.1
2025-04-29 04:15:33,stallRate,123.208999872208,0.563950315246884,TheEmptinessMachine,BBR,Bola,HTTP/1.1
2025-04-29 04:15:35,stallRate,125.208999872208,0.554320066369543,TheEmptinessMachine,BBR,Bola,HTTP/1.1
2025-04-29 04:15:37,stallRate,127.208999872208,0.544979298047402,TheEmptinessMachine,BBR,Bola,HTTP/1.1
2025-04-29 04:15:39,stallRate,129.208999872208,0.535949006647373,TheEmptinessMachine,BBR,Bola,HTTP/1.1
2025-04-29 04:15:41,stallRate,131.208999872208,0.529860279304317,TheEmptinessMachine,BBR,Bola,HTTP/1.1
2025-04-29 04:15:43,stallRate,133.208999872208,0.521354049944637,TheEmptinessMachine,BBR,Bola,HTTP/1.1
2025-04-29 04:15:45,stallRate,135.211999893188,0.513091686116852,TheEmptinessMachine,BBR,Bola,HTTP/1.1
2025-04-29 04:15:47,stallRate,137.210999965668,0.505113641504423,TheEmptinessMachine,BBR,Bola,HTTP/1.1
2025-04-29 04:15:49,stallRate,139.208999872208,0.497351983735938,TheEmptinessMachine,BBR,Bola,HTTP/1.1
2025-04-29 04:15:51,stallRate,141.208999872208,0.489887379780655,TheEmptinessMachine,BBR,Bola,HTTP/1.1
2025-04-29 04:15:53,stallRate,143.208999872208,0.482574381793575,TheEmptinessMachine,BBR,Bola,HTTP/1.1
2025-04-29 04:15:55,stallRate,145.208999872208,0.475498288073789,TheEmptinessMachine,BBR,Bola,HTTP/1.1
2025-04-29 04:15:57,stallRate,147.210000038147,0.468633163163095,TheEmptinessMachine,BBR,Bola,HTTP/1.1
2025-04-29 04:15:59,stallRate,149.210999965668,0.461957882249062,TheEmptinessMachine,BBR,Bola,HTTP/1.1
2025-04-29 04:16:01,stallRate,151.208999872208,0.457994587592713,TheEmptinessMachine,BBR,Bola,HTTP/1.1
2025-04-29 04:16:03,stallRate,153.208999872208,0.452983441256779,TheEmptinessMachine,BBR,Bola,HTTP/1.1
2025-04-29 04:16:05,stallRate,155.208999872208,0.44676876144872,TheEmptinessMachine,BBR,Bola,HTTP/1.1
2025-04-29 04:16:07,stallRate,157.208999872208,0.440695835643797,TheEmptinessMachine,BBR,Bola,HTTP/1.1
2025-04-29 04:16:09,stallRate,159.208999872208,0.434806982067339,TheEmptinessMachine,BBR,Bola,HTTP/1.1
2025-04-29 04:16:11,stallRate,161.208999872208,0.42904896505404,TheEmptinessMachine,BBR,Bola,HTTP/1.1
2025-04-29 04:16:13,stallRate,163.208999872208,0.423452536504677,TheEmptinessMachine,BBR,Bola,HTTP/1.1
2025-04-29 04:16:15,stallRate,165.208999872208,0.417997913615612,TheEmptinessMachine,BBR,Bola,HTTP/1.1
2025-04-29 04:16:17,stallRate,167.208999872208,0.412685672795101,TheEmptinessMachine,BBR,Bola,HTTP/1.1
2025-04-29 04:16:19,stallRate,169.208999872208,0.407487189197349,TheEmptinessMachine,BBR,Bola,HTTP/1.1
2025-04-29 04:16:21,stallRate,171.208999872208,0.402446477841533,TheEmptinessMachine,BBR,Bola,HTTP/1.1
2025-04-29 04:16:23,stallRate,173.210000038147,0.397504078503448,TheEmptinessMachine,BBR,Bola,HTTP/1.1
2025-04-29 04:16:25,stallRate,175.208999872208,0.392700040156948,TheEmptinessMachine,BBR,Bola,HTTP/1.1
2025-04-29 04:16:27,stallRate,177.208999872208,0.388010845010262,TheEmptinessMachine,BBR,Bola,HTTP/1.1
2025-04-29 04:16:29,stallRate,179.208999872208,0.383429377706445,TheEmptinessMachine,BBR,Bola,HTTP/1.1
2025-04-29 04:16:31,stallRate,181.208999872208,0.378964818720071,TheEmptinessMachine,BBR,Bola,HTTP/1.1
2025-04-29 04:16:33,stallRate,183.210000038147,0.374581359027485,TheEmptinessMachine,BBR,Bola,HTTP/1.1
2025-04-29 04:16:35,stallRate,185.210000038147,0.370292709541879,TheEmptinessMachine,BBR,Bola,HTTP/1.1
2025-04-29 04:16:37,stallRate,187.213000059128,0.36613203343712,TheEmptinessMachine,BBR,Bola,HTTP/1.1
2025-04-29 04:16:39,stallRate,189.208999872208,0.364027687793004,TheEmptinessMachine,BBR,Bola,HTTP/1.1
2025-04-29 04:16:41,stallRate,191.208999872208,0.359975242219904,TheEmptinessMachine,BBR,Bola,HTTP/1.1
2025-04-29 04:16:43,stallRate,193.208999872208,0.356022308186329,TheEmptinessMachine,BBR,Bola,HTTP/1.1
2025-04-29 04:16:45,stallRate,195.210999965668,0.352164052987339,TheEmptinessMachine,BBR,Bola,HTTP/1.1
2025-04-29 04:16:47,stallRate,197.208999872208,0.348387968834318,TheEmptinessMachine,BBR,Bola,HTTP/1.1
2025-04-29 04:16:49,stallRate,199.210000038147,0.346273513735363,TheEmptinessMachine,BBR,Bola,HTTP/1.1
2025-04-29 04:16:51,stallRate,201.208999872208,0.343028040930383,TheEmptinessMachine,BBR,Bola,HTTP/1.1
2025-04-29 04:16:53,stallRate,203.208999872208,0.339428914406453,TheEmptinessMachine,BBR,Bola,HTTP/1.1
2025-04-29 04:17:25,stallRate,1.20500016212463,0.0,TheEmptinessMachine,BBR,Bola,HTTP/2
2025-04-29 04:17:27,stallRate,3.2020001411438,0.0,TheEmptinessMachine,BBR,Bola,HTTP/2
2025-04-29 04:17:29,stallRate,5.2020001411438,0.0,TheEmptinessMachine,BBR,Bola,HTTP/2
2025-04-29 04:17:32,stallRate,7.2020001411438,0.0,TheEmptinessMachine,BBR,Bola,HTTP/2
2025-04-29 04:17:33,stallRate,9.2020001411438,0.0,TheEmptinessMachine,BBR,Bola,HTTP/2
2025-04-29 04:17:35,stallRate,11.2030000686646,0.0,TheEmptinessMachine,BBR,Bola,HTTP/2
2025-04-29 04:17:37,stallRate,13.2020001411438,0.0,TheEmptinessMachine,BBR,Bola,HTTP/2
2025-04-29 04:17:39,stallRate,15.2020001411438,0.0,TheEmptinessMachine,BBR,Bola,HTTP/2
2025-04-29 04:17:41,stallRate,17.2020001411438,0.0,TheEmptinessMachine,BBR,Bola,HTTP/2
2025-04-29 04:17:43,stallRate,19.2020001411438,0.0,TheEmptinessMachine,BBR,Bola,HTTP/2
2025-04-29 04:17:45,stallRate,21.2030000686646,0.0,TheEmptinessMachine,BBR,Bola,HTTP/2
2025-04-29 04:17:47,stallRate,23.2020001411438,0.0,TheEmptinessMachine,BBR,Bola,HTTP/2
2025-04-29 04:17:49,stallRate,25.2030000686646,0.0,TheEmptinessMachine,BBR,Bola,HTTP/2
2025-04-29 04:17:51,stallRate,27.2020001411438,0.0,TheEmptinessMachine,BBR,Bola,HTTP/2
2025-04-29 04:17:53,stallRate,29.2020001411438,0.0,TheEmptinessMachine,BBR,Bola,HTTP/2
2025-04-29 04:17:55,stallRate,31.2020001411438,0.0,TheEmptinessMachine,BBR,Bola,HTTP/2
2025-04-29 04:17:57,stallRate,33.2030000686646,0.0690852426889391,TheEmptinessMachine,BBR,Bola,HTTP/2
2025-04-29 04:17:59,stallRate,35.2020001411438,0.0640805692911039,TheEmptinessMachine,BBR,Bola,HTTP/2
2025-04-29 04:18:01,stallRate,37.2020001411438,0.0597658407927746,TheEmptinessMachine,BBR,Bola,HTTP/2
2025-04-29 04:18:03,stallRate,39.2020001411438,0.0559629110517093,TheEmptinessMachine,BBR,Bola,HTTP/2
2025-04-29 04:18:05,stallRate,41.2020001411438,0.0526381065700945,TheEmptinessMachine,BBR,Bola,HTTP/2
2025-04-29 04:18:07,stallRate,43.2020001411438,0.0496957766932458,TheEmptinessMachine,BBR,Bola,HTTP/2
2025-04-29 04:18:09,stallRate,45.2020001411438,0.0470771540596598,TheEmptinessMachine,BBR,Bola,HTTP/2
2025-04-29 04:18:11,stallRate,47.2020001411438,0.0447085239081881,TheEmptinessMachine,BBR,Bola,HTTP/2
2025-04-29 04:18:13,stallRate,49.2020001411438,0.0425712916663621,TheEmptinessMachine,BBR,Bola,HTTP/2
2025-04-29 04:18:15,stallRate,51.2020001411438,0.0406207304013908,TheEmptinessMachine,BBR,Bola,HTTP/2
2025-04-29 04:18:17,stallRate,53.2020001411438,0.0388416681366487,TheEmptinessMachine,BBR,Bola,HTTP/2
2025-04-29 04:18:19,stallRate,55.2020001411438,0.0372178852927555,TheEmptinessMachine,BBR,Bola,HTTP/2
2025-04-29 04:18:21,stallRate,57.2020001411438,0.0357177800938479,TheEmptinessMachine,BBR,Bola,HTTP/2
2025-04-29 04:18:23,stallRate,59.2030000686646,0.0343416140543488,TheEmptinessMachine,BBR,Bola,HTTP/2
2025-04-29 04:18:25,stallRate,61.2020001411438,0.03307029013962,TheEmptinessMachine,BBR,Bola,HTTP/2
2025-04-29 04:18:27,stallRate,63.2039999961853,0.0318840092698215,TheEmptinessMachine,BBR,Bola,HTTP/2
2025-04-29 04:18:29,stallRate,65.2020001411438,0.0307791040244602,TheEmptinessMachine,BBR,Bola,HTTP/2
2025-04-29 04:18:31,stallRate,67.2030000686646,0.0297504424247065,TheEmptinessMachine,BBR,Bola,HTTP/2
2025-04-29 04:18:33,stallRate,69.2020001411438,0.028788681454641,TheEmptinessMachine,BBR,Bola,HTTP/2
2025-04-29 04:18:35,stallRate,71.2020001411438,0.0278870652190195,TheEmptinessMachine,BBR,Bola,HTTP/2
2025-04-29 04:18:37,stallRate,73.2039999961853,0.0270407958255229,TheEmptinessMachine,BBR,Bola,HTTP/2
2025-04-29 04:18:39,stallRate,75.2030000686646,0.026242446413749,TheEmptinessMachine,BBR,Bola,HTTP/2
2025-04-29 04:18:41,stallRate,77.2020001411438,0.0254888543895628,TheEmptinessMachine,BBR,Bola,HTTP/2
2025-04-29 04:18:43,stallRate,79.2020001411438,0.0247831136437603,TheEmptinessMachine,BBR,Bola,HTTP/2
2025-04-29 04:18:45,stallRate,81.2030000686646,0.0241125736407946,TheEmptinessMachine,BBR,Bola,HTTP/2
2025-04-29 04:18:47,stallRate,83.2020001411438,0.0234750297556675,TheEmptinessMachine,BBR,Bola,HTTP/2
2025-04-29 04:18:49,stallRate,85.2030000686646,0.0228717037985471,TheEmptinessMachine,BBR,Bola,HTTP/2
2025-04-29 04:18:51,stallRate,87.2030000686646,0.022360199166828,TheEmptinessMachine,BBR,Bola,HTTP/2
2025-04-29 04:18:53,stallRate,89.2050001621246,0.0220110646651931,TheEmptinessMachine,BBR,Bola,HTTP/2
2025-04-29 04:18:55,stallRate,91.2020001411438,0.0214793991683627,TheEmptinessMachine,BBR,Bola,HTTP/2
2025-04-29 04:18:57,stallRate,93.2030000686646,0.0209743833608582,TheEmptinessMachine,BBR,Bola,HTTP/2
2025-04-29 04:18:59,stallRate,95.2030000686646,0.0204933200351749,TheEmptinessMachine,BBR,Bola,HTTP/2
2025-04-29 04:19:01,stallRate,97.2020001411438,0.0200316170939391,TheEmptinessMachine,BBR,Bola,HTTP/2
2025-04-29 04:19:03,stallRate,99.2020001411438,0.0195895517868833,TheEmptinessMachine,BBR,Bola,HTTP/2
2025-04-29 04:19:05,stallRate,101.202000141144,0.019167517458361,TheEmptinessMachine,BBR,Bola,HTTP/2
2025-04-29 04:19:07,stallRate,103.202000141144,0.018764120593513,TheEmptinessMachine,BBR,Bola,HTTP/2
2025-04-29 04:19:09,stallRate,105.202000141144,0.0183773143244272,TheEmptinessMachine,BBR,Bola,HTTP/2
2025-04-29 04:19:11,stallRate,107.203000068665,0.0180057338751818,TheEmptinessMachine,BBR,Bola,HTTP/2
2025-04-29 04:19:13,stallRate,109.202000141144,0.017647566497056,TheEmptinessMachine,BBR,Bola,HTTP/2
2025-04-29 04:19:15,stallRate,111.202000141144,0.0173050346497924,TheEmptinessMachine,BBR,Bola,HTTP/2
2025-04-29 04:19:17,stallRate,113.202000141144,0.0169761482063987,TheEmptinessMachine,BBR,Bola,HTTP/2
2025-04-29 04:19:19,stallRate,115.202000141144,0.0166580087132516,TheEmptinessMachine,BBR,Bola,HTTP/2
2025-04-29 04:19:21,stallRate,117.203000068665,0.016352746002543,TheEmptinessMachine,BBR,Bola,HTTP/2
2025-04-29 04:19:23,stallRate,119.203000068665,0.0160571154119327,TheEmptinessMachine,BBR,Bola,HTTP/2
2025-04-29 04:19:25,stallRate,121.203000068665,0.0158437825822242,TheEmptinessMachine,BBR,Bola,HTTP/2
2025-04-29 04:19:27,stallRate,123.202000141144,0.0156265943459183,TheEmptinessMachine,BBR,Bola,HTTP/2
2025-04-29 04:19:29,stallRate,125.202000141144,0.0153560997575456,TheEmptinessMachine,BBR,Bola,HTTP/2
2025-04-29 04:19:31,stallRate,127.202000141144,0.0150954513799124,TheEmptinessMachine,BBR,Bola,HTTP/2
2025-04-29 04:19:33,stallRate,129.202000141144,0.0148452688055835,TheEmptinessMachine,BBR,Bola,HTTP/2
2025-04-29 04:19:35,stallRate,131.203000068665,0.0146014245049746,TheEmptinessMachine,BBR,Bola,HTTP/2
2025-04-29 04:19:37,stallRate,133.202000141144,0.0143646679652671,TheEmptinessMachine,BBR,Bola,HTTP/2
2025-04-29 04:19:39,stallRate,135.22000002861,0.0141355162571336,TheEmptinessMachine,BBR,Bola,HTTP/2
2025-04-29 04:19:41,stallRate,137.202000141144,0.0139168496379073,TheEmptinessMachine,BBR,Bola,HTTP/2
2025-04-29 04:19:43,stallRate,139.202000141144,0.0137019917329291,TheEmptinessMachine,BBR,Bola,HTTP/2
2025-04-29 04:19:45,stallRate,141.202000141144,0.0134946836555208,TheEmptinessMachine,BBR,Bola,HTTP/2
2025-04-29 04:19:47,stallRate,143.202000141144,0.0132927541890106,TheEmptinessMachine,BBR,Bola,HTTP/2
2025-04-29 04:19:49,stallRate,145.202000141144,0.0130972109282006,TheEmptinessMachine,BBR,Bola,HTTP/2
2025-04-29 04:19:51,stallRate,147.202000141144,0.0129073657070346,TheEmptinessMachine,BBR,Bola,HTTP/2
2025-04-29 04:19:53,stallRate,149.202000141144,0.0127229216698771,TheEmptinessMachine,BBR,Bola,HTTP/2
2025-04-29 04:19:55,stallRate,151.203000068665,0.0125440107143212,TheEmptinessMachine,BBR,Bola,HTTP/2
2025-04-29 04:19:57,stallRate,153.202000141144,0.0123693435963377,TheEmptinessMachine,BBR,Bola,HTTP/2
2025-04-29 04:19:59,stallRate,155.205000162125,0.0121990022133332,TheEmptinessMachine,BBR,Bola,HTTP/2
2025-04-29 04:20:01,stallRate,157.203999996185,0.0120351273995135,TheEmptinessMachine,BBR,Bola,HTTP/2
2025-04-29 04:20:03,stallRate,159.202000141144,0.0119129942362146,TheEmptinessMachine,BBR,Bola,HTTP/2
2025-04-29 04:20:05,stallRate,161.202000141144,0.0117565361386169,TheEmptinessMachine,BBR,Bola,HTTP/2
2025-04-29 04:20:07,stallRate,163.202000141144,0.0116035362909975,TheEmptinessMachine,BBR,Bola,HTTP/2
2025-04-29 04:20:09,stallRate,165.203000068665,0.0114539199276686,TheEmptinessMachine,BBR,Bola,HTTP/2
2025-04-29 04:20:11,stallRate,167.203000068665,0.0113079665741486,TheEmptinessMachine,BBR,Bola,HTTP/2
2025-04-29 04:20:13,stallRate,169.203000068665,0.0111660213102535,TheEmptinessMachine,BBR,Bola,HTTP/2
2025-04-29 04:20:15,stallRate,171.203000068665,0.0111085943417648,TheEmptinessMachine,BBR,Bola,HTTP/2
2025-04-29 04:20:17,stallRate,173.202000141144,0.0109716999114969,TheEmptinessMachine,BBR,Bola,HTTP/2
2025-04-29 04:20:19,stallRate,175.202000141144,0.0108384094231223,TheEmptinessMachine,BBR,Bola,HTTP/2
2025-04-29 04:20:21,stallRate,177.203000068665,0.0107089422012661,TheEmptinessMachine,BBR,Bola,HTTP/2
2025-04-29 04:20:23,stallRate,179.203000068665,0.0105929307278291,TheEmptinessMachine,BBR,Bola,HTTP/2
2025-04-29 04:20:25,stallRate,181.202000141144,0.0105312291589333,TheEmptinessMachine,BBR,Bola,HTTP/2
2025-04-29 04:20:27,stallRate,183.202000141144,0.010406496824974,TheEmptinessMachine,BBR,Bola,HTTP/2
2025-04-29 04:20:29,stallRate,185.202000141144,0.0102868793349652,TheEmptinessMachine,BBR,Bola,HTTP/2
2025-04-29 04:20:31,stallRate,187.202000141144,0.010169413632766,TheEmptinessMachine,BBR,Bola,HTTP/2
2025-04-29 04:20:33,stallRate,189.202000141144,0.0100541353052902,TheEmptinessMachine,BBR,Bola,HTTP/2
2025-04-29 04:20:35,stallRate,191.202000141144,0.0099420275346594,TheEmptinessMachine,BBR,Bola,HTTP/2
2025-04-29 04:20:37,stallRate,193.202000141144,0.0098319266386173,TheEmptinessMachine,BBR,Bola,HTTP/2
2025-04-29 04:20:39,stallRate,195.202000141144,0.0097248319994698,TheEmptinessMachine,BBR,Bola,HTTP/2
2025-04-29 04:20:41,stallRate,197.203000068665,0.0096200295326386,TheEmptinessMachine,BBR,Bola,HTTP/2
2025-04-29 04:20:43,stallRate,199.202000141144,0.0095170554186817,TheEmptinessMachine,BBR,Bola,HTTP/2
2025-04-29 04:20:45,stallRate,201.202000141144,0.0094161222357312,TheEmptinessMachine,BBR,Bola,HTTP/2
2025-04-29 04:20:47,stallRate,203.203000068665,0.0093175157858339,TheEmptinessMachine,BBR,Bola,HTTP/2
2025-04-29 04:20:49,stallRate,205.202000141144,0.0092212002230409,TheEmptinessMachine,BBR,Bola,HTTP/2
2025-04-29 04:21:18,stallRate,1.21199989318848,0.0,TheEmptinessMachine,BBR,Bola,HTTP/3
2025-04-29 04:21:20,stallRate,3.21099996566772,0.0,TheEmptinessMachine,BBR,Bola,HTTP/3
2025-04-29 04:21:22,stallRate,5.23199987411499,0.0,TheEmptinessMachine,BBR,Bola,HTTP/3
2025-04-29 04:21:25,stallRate,7.27600002288818,0.0,TheEmptinessMachine,BBR,Bola,HTTP/3
2025-04-29 04:21:26,stallRate,9.21099996566772,0.0,TheEmptinessMachine,BBR,Bola,HTTP/3
2025-04-29 04:21:28,stallRate,11.2109999656677,0.0,TheEmptinessMachine,BBR,Bola,HTTP/3
2025-04-29 04:21:30,stallRate,13.2109999656677,0.0,TheEmptinessMachine,BBR,Bola,HTTP/3
2025-04-29 04:21:32,stallRate,15.2109999656677,1.66300480997767,TheEmptinessMachine,BBR,Bola,HTTP/3
2025-04-29 04:21:34,stallRate,17.2119998931885,1.42375675678624,TheEmptinessMachine,BBR,Bola,HTTP/3
2025-04-29 04:21:36,stallRate,19.2109999656677,1.24337272381154,TheEmptinessMachine,BBR,Bola,HTTP/3
2025-04-29 04:21:38,stallRate,21.2109999656677,1.0949439128945,TheEmptinessMachine,BBR,Bola,HTTP/3
2025-04-29 04:21:40,stallRate,23.2109999656677,0.985890612524339,TheEmptinessMachine,BBR,Bola,HTTP/3
2025-04-29 04:21:42,stallRate,25.2109999656677,0.896812679260713,TheEmptinessMachine,BBR,Bola,HTTP/3
2025-04-29 04:21:44,stallRate,27.2109999656677,0.821361955426089,TheEmptinessMachine,BBR,Bola,HTTP/3
2025-04-29 04:21:46,stallRate,29.2109999656677,0.758856199370191,TheEmptinessMachine,BBR,Bola,HTTP/3
2025-04-29 04:21:48,stallRate,31.2109999656677,0.705001854069539,TheEmptinessMachine,BBR,Bola,HTTP/3
2025-04-29 04:21:50,stallRate,33.2109999656677,0.658330124879475,TheEmptinessMachine,BBR,Bola,HTTP/3
2025-04-29 04:21:52,stallRate,35.2109999656677,0.617522125403016,TheEmptinessMachine,BBR,Bola,HTTP/3
2025-04-29 04:21:54,stallRate,37.2109999656677,0.581564645246764,TheEmptinessMachine,BBR,Bola,HTTP/3
2025-04-29 04:21:56,stallRate,39.2109999656677,0.549551033583128,TheEmptinessMachine,BBR,Bola,HTTP/3
2025-04-29 04:21:58,stallRate,41.2109999656677,0.520747446167241,TheEmptinessMachine,BBR,Bola,HTTP/3
2025-04-29 04:22:00,stallRate,43.2119998931885,0.778248371785047,TheEmptinessMachine,BBR,Bola,HTTP/3
2025-04-29 04:22:02,stallRate,45.2109999656677,0.741373041281985,TheEmptinessMachine,BBR,Bola,HTTP/3
2025-04-29 04:22:04,stallRate,47.2119998931885,0.707917674920748,TheEmptinessMachine,BBR,Bola,HTTP/3
2025-04-29 04:22:06,stallRate,49.2109999656677,0.677442992394946,TheEmptinessMachine,BBR,Bola,HTTP/3
2025-04-29 04:22:08,stallRate,51.2119998931885,0.649373095502267,TheEmptinessMachine,BBR,Bola,HTTP/3
2025-04-29 04:22:10,stallRate,53.2109999656677,0.623656326883491,TheEmptinessMachine,BBR,Bola,HTTP/3
2025-04-29 04:22:12,stallRate,55.2119998931885,0.599920732535926,TheEmptinessMachine,BBR,Bola,HTTP/3
2025-04-29 04:22:14,stallRate,57.2109999656677,0.577905167545999,TheEmptinessMachine,BBR,Bola,HTTP/3
2025-04-29 04:22:16,stallRate,59.2119998931885,0.557418477724436,TheEmptinessMachine,BBR,Bola,HTTP/3
2025-04-29 04:22:18,stallRate,61.2119998931885,0.538241557121047,TheEmptinessMachine,BBR,Bola,HTTP/3
2025-04-29 04:22:20,stallRate,63.2119998931885,0.520349060950728,TheEmptinessMachine,BBR,Bola,HTTP/3
2025-04-29 04:22:22,stallRate,65.2109999656677,0.503658660855847,TheEmptinessMachine,BBR,Bola,HTTP/3
2025-04-29 04:22:24,stallRate,67.2109999656677,0.488038716432425,TheEmptinessMachine,BBR,Bola,HTTP/3
2025-04-29 04:22:26,stallRate,69.2109999656677,0.47335776427993,TheEmptinessMachine,BBR,Bola,HTTP/3
2025-04-29 04:22:28,stallRate,71.2119998931885,0.459510471103458,TheEmptinessMachine,BBR,Bola,HTTP/3
2025-04-29 04:22:30,stallRate,73.2109999656677,0.446409289610502,TheEmptinessMachine,BBR,Bola,HTTP/3
2025-04-29 04:22:32,stallRate,75.2109999656677,0.434094971687122,TheEmptinessMachine,BBR,Bola,HTTP/3
2025-04-29 04:22:34,stallRate,77.2109999656677,0.422393447487003,TheEmptinessMachine,BBR,Bola,HTTP/3
2025-04-29 04:22:36,stallRate,79.2109999656677,0.411269749589263,TheEmptinessMachine,BBR,Bola,HTTP/3
2025-04-29 04:22:38,stallRate,81.2119998931885,0.400783749784091,TheEmptinessMachine,BBR,Bola,HTTP/3
2025-04-29 04:22:40,stallRate,83.2109999656677,0.390788674249518,TheEmptinessMachine,BBR,Bola,HTTP/3
2025-04-29 04:22:42,stallRate,85.2119998931885,0.381357325876812,TheEmptinessMachine,BBR,Bola,HTTP/3
2025-04-29 04:22:44,stallRate,87.2139999866486,0.372326441883786,TheEmptinessMachine,BBR,Bola,HTTP/3
2025-04-29 04:22:46,stallRate,89.2109999656677,0.363695677473546,TheEmptinessMachine,BBR,Bola,HTTP/3
2025-04-29 04:22:48,stallRate,91.2109999656677,0.355462578243783,TheEmptinessMachine,BBR,Bola,HTTP/3
2025-04-29 04:22:50,stallRate,93.2109999656677,0.347568908191368,TheEmptinessMachine,BBR,Bola,HTTP/3
2025-04-29 04:22:52,stallRate,95.2109999656677,0.340059908140331,TheEmptinessMachine,BBR,Bola,HTTP/3
2025-04-29 04:22:54,stallRate,97.2119998931885,0.332835496484624,TheEmptinessMachine,BBR,Bola,HTTP/3
2025-04-29 04:22:56,stallRate,99.2130000591278,0.325947859175942,TheEmptinessMachine,BBR,Bola,HTTP/3
2025-04-29 04:22:58,stallRate,101.211999893188,0.319346411258158,TheEmptinessMachine,BBR,Bola,HTTP/3
2025-04-29 04:23:00,stallRate,103.211999893188,0.31301180506895,TheEmptinessMachine,BBR,Bola,HTTP/3
2025-04-29 04:23:02,stallRate,105.210999965668,0.306886815667195,TheEmptinessMachine,BBR,Bola,HTTP/3
2025-04-29 04:23:04,stallRate,107.213999986649,0.300981386174255,TheEmptinessMachine,BBR,Bola,HTTP/3
2025-04-29 04:23:06,stallRate,109.210999965668,0.297407002931847,TheEmptinessMachine,BBR,Bola,HTTP/3
2025-04-29 04:23:08,stallRate,111.210999965668,0.292327513992773,TheEmptinessMachine,BBR,Bola,HTTP/3
2025-04-29 04:23:10,stallRate,113.210999965668,0.287000995749659,TheEmptinessMachine,BBR,Bola,HTTP/3
2025-04-29 04:23:12,stallRate,115.210999965668,0.2818719835443,TheEmptinessMachine,BBR,Bola,HTTP/3
2025-04-29 04:23:14,stallRate,117.210999965668,0.276871815665274,TheEmptinessMachine,BBR,Bola,HTTP/3
2025-04-29 04:23:16,stallRate,119.210999965668,0.272068603072399,TheEmptinessMachine,BBR,Bola,HTTP/3
2025-04-29 04:23:18,stallRate,121.210999965668,0.267442343121567,TheEmptinessMachine,BBR,Bola,HTTP/3
2025-04-29 04:23:20,stallRate,123.210999965668,0.262972449344839,TheEmptinessMachine,BBR,Bola,HTTP/3
2025-04-29 04:23:22,stallRate,125.211999893188,0.258642034458667,TheEmptinessMachine,BBR,Bola,HTTP/3
2025-04-29 04:23:24,stallRate,127.210999965668,0.254465676156762,TheEmptinessMachine,BBR,Bola,HTTP/3
2025-04-29 04:23:26,stallRate,129.211999893188,0.250401529335214,TheEmptinessMachine,BBR,Bola,HTTP/3
2025-04-29 04:23:28,stallRate,131.211999893188,0.246481277694617,TheEmptinessMachine,BBR,Bola,HTTP/3
2025-04-29 04:23:30,stallRate,133.210999965668,0.242664812864813,TheEmptinessMachine,BBR,Bola,HTTP/3
2025-04-29 04:23:32,stallRate,135.210999965668,0.238981541471744,TheEmptinessMachine,BBR,Bola,HTTP/3
2025-04-29 04:23:34,stallRate,137.210999965668,0.235394374834079,TheEmptinessMachine,BBR,Bola,HTTP/3
2025-04-29 04:23:36,stallRate,139.210999965668,0.231920585016114,TheEmptinessMachine,BBR,Bola,HTTP/3
2025-04-29 04:23:38,stallRate,141.21599984169,0.228527568573205,TheEmptinessMachine,BBR,Bola,HTTP/3
2025-04-29 04:23:40,stallRate,143.211999893188,0.226894512291204,TheEmptinessMachine,BBR,Bola,HTTP/3
2025-04-29 04:23:42,stallRate,145.210999965668,0.223851776684774,TheEmptinessMachine,BBR,Bola,HTTP/3
2025-04-29 04:23:44,stallRate,147.211999893188,0.220715232735659,TheEmptinessMachine,BBR,Bola,HTTP/3
2025-04-29 04:23:46,stallRate,149.210999965668,0.21765095320074,TheEmptinessMachine,BBR,Bola,HTTP/3
2025-04-29 04:23:48,stallRate,151.210999965668,0.214677723013402,TheEmptinessMachine,BBR,Bola,HTTP/3
2025-04-29 04:23:50,stallRate,153.211999893188,0.21178252945409,TheEmptinessMachine,BBR,Bola,HTTP/3
2025-04-29 04:23:52,stallRate,155.210999965668,0.208966190367871,TheEmptinessMachine,BBR,Bola,HTTP/3
2025-04-29 04:23:54,stallRate,157.210999965668,0.20623008276814,TheEmptinessMachine,BBR,Bola,HTTP/3
2025-04-29 04:23:56,stallRate,159.210999965668,0.20355327153049,TheEmptinessMachine,BBR,Bola,HTTP/3
2025-04-29 04:23:58,stallRate,161.210999965668,0.200942646842023,TheEmptinessMachine,BBR,Bola,HTTP/3
2025-04-29 04:24:00,stallRate,163.211999893188,0.198403491759728,TheEmptinessMachine,BBR,Bola,HTTP/3
2025-04-29 04:24:02,stallRate,165.211999893188,0.195929108369623,TheEmptinessMachine,BBR,Bola,HTTP/3
2025-04-29 04:24:04,stallRate,167.211999893188,0.193502695730735,TheEmptinessMachine,BBR,Bola,HTTP/3
2025-04-29 04:24:06,stallRate,169.210999965668,0.191143963639018,TheEmptinessMachine,BBR,Bola,HTTP/3
2025-04-29 04:24:08,stallRate,171.210999965668,0.188845362000071,TheEmptinessMachine,BBR,Bola,HTTP/3
2025-04-29 04:24:10,stallRate,173.210999965668,0.186613945800755,TheEmptinessMachine,BBR,Bola,HTTP/3
2025-04-29 04:24:12,stallRate,175.210999965668,0.184423973911557,TheEmptinessMachine,BBR,Bola,HTTP/3
2025-04-29 04:24:14,stallRate,177.211999893188,0.182281313840317,TheEmptinessMachine,BBR,Bola,HTTP/3
2025-04-29 04:24:16,stallRate,179.211999893188,0.18019005869109,TheEmptinessMachine,BBR,Bola,HTTP/3
2025-04-29 04:24:18,stallRate,181.211999893188,0.178150471412253,TheEmptinessMachine,BBR,Bola,HTTP/3
2025-04-29 04:24:20,stallRate,183.211999893188,0.17615903743316,TheEmptinessMachine,BBR,Bola,HTTP/3
2025-04-29 04:24:22,stallRate,185.211999893188,0.174206371289731,TheEmptinessMachine,BBR,Bola,HTTP/3
2025-04-29 04:24:24,stallRate,187.210999965668,0.17228905098069,TheEmptinessMachine,BBR,Bola,HTTP/3
2025-04-29 04:24:26,stallRate,189.211999893188,0.170410732236593,TheEmptinessMachine,BBR,Bola,HTTP/3
2025-04-29 04:24:28,stallRate,191.211999893188,0.168579956139277,TheEmptinessMachine,BBR,Bola,HTTP/3
2025-04-29 04:24:30,stallRate,193.210999965668,0.166793179372676,TheEmptinessMachine,BBR,Bola,HTTP/3
2025-04-29 04:24:32,stallRate,195.211999893188,0.165037380099438,TheEmptinessMachine,BBR,Bola,HTTP/3
2025-04-29 04:24:34,stallRate,197.211999893188,0.16332458682747,TheEmptinessMachine,BBR,Bola,HTTP/3
2025-04-29 04:24:36,stallRate,199.211999893188,0.161650076218771,TheEmptinessMachine,BBR,Bola,HTTP/3
2025-04-29 04:25:12,stallRate,1.22500014305115,0.0,TheEmptinessMachine,BBR,Festive,HTTP/1.1
2025-04-29 04:25:14,stallRate,3.22300004959106,0.0,TheEmptinessMachine,BBR,Festive,HTTP/1.1
2025-04-29 04:25:16,stallRate,5.26800012588501,0.0,TheEmptinessMachine,BBR,Festive,HTTP/1.1
2025-04-29 04:25:18,stallRate,7.22300004959106,0.0,TheEmptinessMachine,BBR,Festive,HTTP/1.1
2025-04-29 04:25:20,stallRate,9.22399997711182,0.0,TheEmptinessMachine,BBR,Festive,HTTP/1.1
2025-04-29 04:25:22,stallRate,11.2239999771118,0.0,TheEmptinessMachine,BBR,Festive,HTTP/1.1
2025-04-29 04:25:24,stallRate,13.2230000495911,0.0,TheEmptinessMachine,BBR,Festive,HTTP/1.1
2025-04-29 04:25:26,stallRate,15.2230000495911,0.0,TheEmptinessMachine,BBR,Festive,HTTP/1.1
2025-04-29 04:25:28,stallRate,17.2239999771118,0.0,TheEmptinessMachine,BBR,Festive,HTTP/1.1
2025-04-29 04:25:30,stallRate,19.2239999771118,0.0,TheEmptinessMachine,BBR,Festive,HTTP/1.1
2025-04-29 04:25:32,stallRate,21.2230000495911,0.0,TheEmptinessMachine,BBR,Festive,HTTP/1.1
2025-04-29 04:25:34,stallRate,23.2239999771118,0.0,TheEmptinessMachine,BBR,Festive,HTTP/1.1
2025-04-29 04:25:36,stallRate,25.2230000495911,0.0,TheEmptinessMachine,BBR,Festive,HTTP/1.1
2025-04-29 04:25:38,stallRate,27.2230000495911,0.0,TheEmptinessMachine,BBR,Festive,HTTP/1.1
2025-04-29 04:25:40,stallRate,29.2230000495911,0.0,TheEmptinessMachine,BBR,Festive,HTTP/1.1
2025-04-29 04:25:42,stallRate,31.2239999771118,0.0,TheEmptinessMachine,BBR,Festive,HTTP/1.1
2025-04-29 04:25:44,stallRate,33.2239999771118,0.0,TheEmptinessMachine,BBR,Festive,HTTP/1.1
2025-04-29 04:25:46,stallRate,35.2239999771118,0.0,TheEmptinessMachine,BBR,Festive,HTTP/1.1
2025-04-29 04:25:48,stallRate,37.2239999771118,0.0,TheEmptinessMachine,BBR,Festive,HTTP/1.1
2025-04-29 04:25:50,stallRate,39.2230000495911,0.0,TheEmptinessMachine,BBR,Festive,HTTP/1.1
2025-04-29 04:25:52,stallRate,41.2230000495911,0.0,TheEmptinessMachine,BBR,Festive,HTTP/1.1
2025-04-29 04:25:54,stallRate,43.2230000495911,0.0,TheEmptinessMachine,BBR,Festive,HTTP/1.1
2025-04-29 04:25:56,stallRate,45.2239999771118,0.0,TheEmptinessMachine,BBR,Festive,HTTP/1.1
2025-04-29 04:25:58,stallRate,47.2230000495911,0.0,TheEmptinessMachine,BBR,Festive,HTTP/1.1
2025-04-29 04:26:00,stallRate,49.2239999771118,0.0,TheEmptinessMachine,BBR,Festive,HTTP/1.1
2025-04-29 04:26:02,stallRate,51.2230000495911,0.0,TheEmptinessMachine,BBR,Festive,HTTP/1.1
2025-04-29 04:26:04,stallRate,53.2239999771118,0.0,TheEmptinessMachine,BBR,Festive,HTTP/1.1
2025-04-29 04:26:06,stallRate,55.2230000495911,0.0,TheEmptinessMachine,BBR,Festive,HTTP/1.1
2025-04-29 04:26:08,stallRate,57.2239999771118,0.0,TheEmptinessMachine,BBR,Festive,HTTP/1.1
2025-04-29 04:26:10,stallRate,59.2239999771118,0.0,TheEmptinessMachine,BBR,Festive,HTTP/1.1
2025-04-29 04:26:12,stallRate,61.2230000495911,0.0,TheEmptinessMachine,BBR,Festive,HTTP/1.1
2025-04-29 04:26:14,stallRate,63.2239999771118,0.0,TheEmptinessMachine,BBR,Festive,HTTP/1.1
2025-04-29 04:26:16,stallRate,65.2230000495911,0.0,TheEmptinessMachine,BBR,Festive,HTTP/1.1
2025-04-29 04:26:18,stallRate,67.2239999771118,0.0,TheEmptinessMachine,BBR,Festive,HTTP/1.1
2025-04-29 04:26:20,stallRate,69.2230000495911,0.0,TheEmptinessMachine,BBR,Festive,HTTP/1.1
2025-04-29 04:26:24,stallRate,73.2239999771118,0.346830129265432,TheEmptinessMachine,BBR,Festive,HTTP/1.1
2025-04-29 04:26:26,stallRate,75.2230000495911,0.336917253708041,TheEmptinessMachine,BBR,Festive,HTTP/1.1
2025-04-29 04:26:28,stallRate,77.2239999771118,0.32750407105729,TheEmptinessMachine,BBR,Festive,HTTP/1.1
2025-04-29 04:26:30,stallRate,79.2230000495911,0.318692744526926,TheEmptinessMachine,BBR,Festive,HTTP/1.1
2025-04-29 04:26:32,stallRate,81.2230000495911,0.310316932552408,TheEmptinessMachine,BBR,Festive,HTTP/1.1
2025-04-29 04:26:34,stallRate,83.2230000495911,0.302382659946915,TheEmptinessMachine,BBR,Festive,HTTP/1.1
2025-04-29 04:26:36,stallRate,85.2230000495911,0.294808961792124,TheEmptinessMachine,BBR,Festive,HTTP/1.1
2025-04-29 04:26:38,stallRate,87.2230000495911,0.287573597284853,TheEmptinessMachine,BBR,Festive,HTTP/1.1
2025-04-29 04:26:40,stallRate,89.2239999771118,0.280733726524625,TheEmptinessMachine,BBR,Festive,HTTP/1.1
2025-04-29 04:26:42,stallRate,91.2239999771118,0.274188935059959,TheEmptinessMachine,BBR,Festive,HTTP/1.1
2025-04-29 04:26:44,stallRate,93.2300000190735,0.267957298106577,TheEmptinessMachine,BBR,Festive,HTTP/1.1
2025-04-29 04:26:46,stallRate,95.2250001430511,0.26203823137775,TheEmptinessMachine,BBR,Festive,HTTP/1.1
2025-04-29 04:26:48,stallRate,97.2239999771118,0.25633545914911,TheEmptinessMachine,BBR,Festive,HTTP/1.1
2025-04-29 04:26:50,stallRate,99.2239999771118,0.250875665658163,TheEmptinessMachine,BBR,Festive,HTTP/1.1
2025-04-29 04:26:52,stallRate,101.226000070572,0.245643658682712,TheEmptinessMachine,BBR,Festive,HTTP/1.1
2025-04-29 04:26:54,stallRate,103.223999977112,0.240641588438399,TheEmptinessMachine,BBR,Festive,HTTP/1.1
2025-04-29 04:26:56,stallRate,105.223000049591,0.235834221903753,TheEmptinessMachine,BBR,Festive,HTTP/1.1
2025-04-29 04:27:00,stallRate,109.223999977112,0.429794451596412,TheEmptinessMachine,BBR,Festive,HTTP/1.1
2025-04-29 04:27:02,stallRate,111.223999977112,0.685386376426147,TheEmptinessMachine,BBR,Festive,HTTP/1.1
2025-04-29 04:27:04,stallRate,113.223999977112,0.672721661717563,TheEmptinessMachine,BBR,Festive,HTTP/1.1
2025-04-29 04:27:06,stallRate,115.223000049591,0.66053700931343,TheEmptinessMachine,BBR,Festive,HTTP/1.1
2025-04-29 04:27:08,stallRate,117.223000049591,0.648720448925485,TheEmptinessMachine,BBR,Festive,HTTP/1.1
2025-04-29 04:27:12,stallRate,121.223999977112,2.23520345502039,TheEmptinessMachine,BBR,Festive,HTTP/1.1
2025-04-29 04:27:14,stallRate,123.223000049591,2.23520345502039,TheEmptinessMachine,BBR,Festive,HTTP/1.1
2025-04-29 04:27:16,stallRate,125.223000049591,2.23520345502039,TheEmptinessMachine,BBR,Festive,HTTP/1.1
2025-04-29 04:27:18,stallRate,127.223000049591,2.1996876671668,TheEmptinessMachine,BBR,Festive,HTTP/1.1
2025-04-29 04:27:20,stallRate,129.223000049591,2.16207436815412,TheEmptinessMachine,BBR,Festive,HTTP/1.1
2025-04-29 04:27:22,stallRate,131.223000049591,2.12609937848871,TheEmptinessMachine,BBR,Festive,HTTP/1.1
2025-04-29 04:27:24,stallRate,133.225000143051,2.09113888524128,TheEmptinessMachine,BBR,Festive,HTTP/1.1
2025-04-29 04:27:26,stallRate,135.223000049591,2.05731871652998,TheEmptinessMachine,BBR,Festive,HTTP/1.1
2025-04-29 04:27:28,stallRate,137.223000049591,2.02459261158865,TheEmptinessMachine,BBR,Festive,HTTP/1.1
2025-04-29 04:27:30,stallRate,139.223000049591,1.99278229473473,TheEmptinessMachine,BBR,Festive,HTTP/1.1
2025-04-29 04:27:32,stallRate,141.223000049591,1.96212707742325,TheEmptinessMachine,BBR,Festive,HTTP/1.1
2025-04-29 04:27:34,stallRate,143.223000049591,1.93244837139008,TheEmptinessMachine,BBR,Festive,HTTP/1.1
2025-04-29 04:27:37,stallRate,145.223999977112,1.90367384894113,TheEmptinessMachine,BBR,Festive,HTTP/1.1
2025-04-29 04:27:38,stallRate,147.223999977112,1.89000318119292,TheEmptinessMachine,BBR,Festive,HTTP/1.1
2025-04-29 04:27:40,stallRate,149.223000049591,1.86485528834278,TheEmptinessMachine,BBR,Festive,HTTP/1.1
2025-04-29 04:27:42,stallRate,151.223999977112,1.83783389021529,TheEmptinessMachine,BBR,Festive,HTTP/1.1
2025-04-29 04:27:44,stallRate,153.226000070572,1.81171674632902,TheEmptinessMachine,BBR,Festive,HTTP/1.1
2025-04-29 04:27:46,stallRate,155.223999977112,1.78641573594415,TheEmptinessMachine,BBR,Festive,HTTP/1.1
2025-04-29 04:27:48,stallRate,157.223999977112,1.76165586570339,TheEmptinessMachine,BBR,Festive,HTTP/1.1
2025-04-29 04:27:50,stallRate,159.223000049591,1.737586696885,TheEmptinessMachine,BBR,Festive,HTTP/1.1
2025-04-29 04:27:52,stallRate,161.223999977112,1.7141688501571,TheEmptinessMachine,BBR,Festive,HTTP/1.1
2025-04-29 04:27:54,stallRate,163.223000049591,1.69142430400037,TheEmptinessMachine,BBR,Festive,HTTP/1.1
2025-04-29 04:27:56,stallRate,165.223999977112,1.66917262257013,TheEmptinessMachine,BBR,Festive,HTTP/1.1
2025-04-29 04:27:58,stallRate,167.223999977112,1.64760890078519,TheEmptinessMachine,BBR,Festive,HTTP/1.1
2025-04-29 04:28:00,stallRate,169.223999977112,1.62651017830618,TheEmptinessMachine,BBR,Festive,HTTP/1.1
2025-04-29 04:28:02,stallRate,171.223999977112,1.60603548285853,TheEmptinessMachine,BBR,Festive,HTTP/1.1
2025-04-29 04:28:04,stallRate,173.223999977112,1.58597974958298,TheEmptinessMachine,BBR,Festive,HTTP/1.1
2025-04-29 04:28:08,stallRate,177.223999977112,2.22762920157495,TheEmptinessMachine,BBR,Festive,HTTP/1.1
2025-04-29 04:28:10,stallRate,179.223999977112,2.20074913014224,TheEmptinessMachine,BBR,Festive,HTTP/1.1
2025-04-29 04:28:12,stallRate,181.223999977112,2.1743997637273,TheEmptinessMachine,BBR,Festive,HTTP/1.1
2025-04-29 04:28:14,stallRate,183.223999977112,2.14879701192168,TheEmptinessMachine,BBR,Festive,HTTP/1.1
2025-04-29 04:28:16,stallRate,185.223999977112,2.12368183947352,TheEmptinessMachine,BBR,Festive,HTTP/1.1
2025-04-29 04:28:18,stallRate,187.223999977112,2.09920323181608,TheEmptinessMachine,BBR,Festive,HTTP/1.1
2025-04-29 04:28:20,stallRate,189.223000049591,2.07529409387565,TheEmptinessMachine,BBR,Festive,HTTP/1.1
2025-04-29 04:28:22,stallRate,191.223000049591,2.0517879369472,TheEmptinessMachine,BBR,Festive,HTTP/1.1
2025-04-29 04:28:24,stallRate,193.223000049591,2.02901088130241,TheEmptinessMachine,BBR,Festive,HTTP/1.1
2025-04-29 04:28:26,stallRate,195.223000049591,2.00667171349043,TheEmptinessMachine,BBR,Festive,HTTP/1.1
2025-04-29 04:28:28,stallRate,197.223000049591,1.984740253055,TheEmptinessMachine,BBR,Festive,HTTP/1.1
2025-04-29 04:28:30,stallRate,199.223000049591,1.96333908029254,TheEmptinessMachine,BBR,Festive,HTTP/1.1
2025-04-29 04:28:36,stallRate,205.223999977112,1.90184649696902,TheEmptinessMachine,BBR,Festive,HTTP/1.1
2025-04-29 04:29:06,stallRate,1.20000004768372,0.0,TheEmptinessMachine,BBR,Festive,HTTP/2
2025-04-29 04:29:08,stallRate,3.20000004768372,0.0,TheEmptinessMachine,BBR,Festive,HTTP/2
2025-04-29 04:29:10,stallRate,5.19900012016296,0.0,TheEmptinessMachine,BBR,Festive,HTTP/2
2025-04-29 04:29:12,stallRate,7.19900012016296,0.0,TheEmptinessMachine,BBR,Festive,HTTP/2
2025-04-29 04:29:15,stallRate,9.19900012016296,0.0,TheEmptinessMachine,BBR,Festive,HTTP/2
2025-04-29 04:29:16,stallRate,11.2000000476837,0.0,TheEmptinessMachine,BBR,Festive,HTTP/2
2025-04-29 04:29:18,stallRate,13.2260000705719,0.0,TheEmptinessMachine,BBR,Festive,HTTP/2
2025-04-29 04:29:20,stallRate,15.199000120163,0.0,TheEmptinessMachine,BBR,Festive,HTTP/2
2025-04-29 04:29:22,stallRate,17.199000120163,0.0,TheEmptinessMachine,BBR,Festive,HTTP/2
2025-04-29 04:29:24,stallRate,19.199000120163,0.0,TheEmptinessMachine,BBR,Festive,HTTP/2
2025-04-29 04:29:26,stallRate,21.199000120163,0.0,TheEmptinessMachine,BBR,Festive,HTTP/2
2025-04-29 04:29:28,stallRate,23.199000120163,0.0,TheEmptinessMachine,BBR,Festive,HTTP/2
2025-04-29 04:29:30,stallRate,25.199000120163,0.0,TheEmptinessMachine,BBR,Festive,HTTP/2
2025-04-29 04:29:32,stallRate,27.199000120163,0.0,TheEmptinessMachine,BBR,Festive,HTTP/2
2025-04-29 04:29:34,stallRate,29.199000120163,0.0,TheEmptinessMachine,BBR,Festive,HTTP/2
2025-04-29 04:29:36,stallRate,31.199000120163,0.0,TheEmptinessMachine,BBR,Festive,HTTP/2
2025-04-29 04:29:38,stallRate,33.199000120163,0.0,TheEmptinessMachine,BBR,Festive,HTTP/2
2025-04-29 04:29:40,stallRate,35.199000120163,0.0,TheEmptinessMachine,BBR,Festive,HTTP/2
2025-04-29 04:29:42,stallRate,37.199000120163,0.0,TheEmptinessMachine,BBR,Festive,HTTP/2
2025-04-29 04:29:44,stallRate,39.199000120163,0.0,TheEmptinessMachine,BBR,Festive,HTTP/2
2025-04-29 04:29:46,stallRate,41.199000120163,0.0,TheEmptinessMachine,BBR,Festive,HTTP/2
2025-04-29 04:29:48,stallRate,43.199000120163,0.0,TheEmptinessMachine,BBR,Festive,HTTP/2
2025-04-29 04:29:50,stallRate,45.199000120163,0.0,TheEmptinessMachine,BBR,Festive,HTTP/2
2025-04-29 04:29:52,stallRate,47.199000120163,0.0,TheEmptinessMachine,BBR,Festive,HTTP/2
2025-04-29 04:29:54,stallRate,49.199000120163,0.0,TheEmptinessMachine,BBR,Festive,HTTP/2
2025-04-29 04:29:56,stallRate,51.199000120163,0.0,TheEmptinessMachine,BBR,Festive,HTTP/2
2025-04-29 04:30:00,stallRate,55.199000120163,0.473881998146517,TheEmptinessMachine,BBR,Festive,HTTP/2
2025-04-29 04:30:02,stallRate,57.199000120163,0.795439298690591,TheEmptinessMachine,BBR,Festive,HTTP/2
2025-04-29 04:30:04,stallRate,59.199000120163,0.76265989253848,TheEmptinessMachine,BBR,Festive,HTTP/2
2025-04-29 04:30:06,stallRate,61.2000000476837,0.732538112876995,TheEmptinessMachine,BBR,Festive,HTTP/2
2025-04-29 04:30:08,stallRate,63.2000000476837,0.933808030459745,TheEmptinessMachine,BBR,Festive,HTTP/2
2025-04-29 04:30:10,stallRate,65.199000120163,1.08862935771692,TheEmptinessMachine,BBR,Festive,HTTP/2
2025-04-29 04:30:12,stallRate,67.199000120163,1.05033709685877,TheEmptinessMachine,BBR,Festive,HTTP/2
2025-04-29 04:30:14,stallRate,69.199000120163,1.01448867940088,TheEmptinessMachine,BBR,Festive,HTTP/2
2025-04-29 04:30:16,stallRate,71.199000120163,1.31232504425597,TheEmptinessMachine,BBR,Festive,HTTP/2
2025-04-29 04:30:18,stallRate,73.2000000476837,1.27062912788103,TheEmptinessMachine,BBR,Festive,HTTP/2
2025-04-29 04:30:20,stallRate,75.199000120163,1.23113122235198,TheEmptinessMachine,BBR,Festive,HTTP/2
2025-04-29 04:30:22,stallRate,77.199000120163,1.19437776455644,TheEmptinessMachine,BBR,Festive,HTTP/2
2025-04-29 04:30:24,stallRate,79.199000120163,1.15959961349257,TheEmptinessMachine,BBR,Festive,HTTP/2
2025-04-29 04:30:26,stallRate,81.199000120163,1.12676327175967,TheEmptinessMachine,BBR,Festive,HTTP/2
2025-04-29 04:30:28,stallRate,83.199000120163,1.09577255650403,TheEmptinessMachine,BBR,Festive,HTTP/2
2025-04-29 04:30:30,stallRate,85.199000120163,1.06650752431213,TheEmptinessMachine,BBR,Festive,HTTP/2
2025-04-29 04:30:32,stallRate,87.199000120163,1.03865337657868,TheEmptinessMachine,BBR,Festive,HTTP/2
2025-04-29 04:30:34,stallRate,89.199000120163,1.01232999900073,TheEmptinessMachine,BBR,Festive,HTTP/2
2025-04-29 04:30:36,stallRate,91.199000120163,0.987205939855952,TheEmptinessMachine,BBR,Festive,HTTP/2
2025-04-29 04:30:38,stallRate,93.199000120163,0.963391602668697,TheEmptinessMachine,BBR,Festive,HTTP/2
2025-04-29 04:30:40,stallRate,95.199000120163,0.940607433398263,TheEmptinessMachine,BBR,Festive,HTTP/2
2025-04-29 04:30:42,stallRate,97.199000120163,0.918911963495058,TheEmptinessMachine,BBR,Festive,HTTP/2
2025-04-29 04:30:44,stallRate,99.199000120163,0.898135569062063,TheEmptinessMachine,BBR,Festive,HTTP/2
2025-04-29 04:30:46,stallRate,101.199000120163,0.8783672443643,TheEmptinessMachine,BBR,Festive,HTTP/2
2025-04-29 04:30:48,stallRate,103.199000120163,0.859381485599561,TheEmptinessMachine,BBR,Festive,HTTP/2
2025-04-29 04:30:50,stallRate,105.199000120163,0.841195717753679,TheEmptinessMachine,BBR,Festive,HTTP/2
2025-04-29 04:30:52,stallRate,107.199000120163,0.823887361519673,TheEmptinessMachine,BBR,Festive,HTTP/2
2025-04-29 04:30:54,stallRate,109.199000120163,0.807207147344099,TheEmptinessMachine,BBR,Festive,HTTP/2
2025-04-29 04:30:56,stallRate,111.199000120163,0.876150415279405,TheEmptinessMachine,BBR,Festive,HTTP/2
2025-04-29 04:30:58,stallRate,113.199000120163,0.974355885681904,TheEmptinessMachine,BBR,Festive,HTTP/2
2025-04-29 04:31:00,stallRate,115.199000120163,0.955783154621695,TheEmptinessMachine,BBR,Festive,HTTP/2
2025-04-29 04:31:02,stallRate,117.199000120163,0.937894094261502,TheEmptinessMachine,BBR,Festive,HTTP/2
2025-04-29 04:31:04,stallRate,119.199000120163,0.920559046890786,TheEmptinessMachine,BBR,Festive,HTTP/2
2025-04-29 04:31:06,stallRate,121.199000120163,0.903901621041261,TheEmptinessMachine,BBR,Festive,HTTP/2
2025-04-29 04:31:08,stallRate,123.199000120163,0.887933164829287,TheEmptinessMachine,BBR,Festive,HTTP/2
2025-04-29 04:31:10,stallRate,125.199000120163,0.872510765099056,TheEmptinessMachine,BBR,Festive,HTTP/2
2025-04-29 04:31:12,stallRate,127.199000120163,0.857541340984618,TheEmptinessMachine,BBR,Festive,HTTP/2
2025-04-29 04:31:14,stallRate,129.199000120163,0.843061090889758,TheEmptinessMachine,BBR,Festive,HTTP/2
2025-04-29 04:31:16,stallRate,131.199000120163,0.829090508834148,TheEmptinessMachine,BBR,Festive,HTTP/2
2025-04-29 04:31:18,stallRate,133.199000120163,0.815606522012708,TheEmptinessMachine,BBR,Festive,HTTP/2
2025-04-29 04:31:20,stallRate,135.199000120163,0.802548693873808,TheEmptinessMachine,BBR,Festive,HTTP/2
2025-04-29 04:31:22,stallRate,137.199000120163,0.789822291088826,TheEmptinessMachine,BBR,Festive,HTTP/2
2025-04-29 04:31:24,stallRate,139.199000120163,0.777533309793782,TheEmptinessMachine,BBR,Festive,HTTP/2
2025-04-29 04:31:26,stallRate,141.199000120163,0.765632255850138,TheEmptinessMachine,BBR,Festive,HTTP/2
2025-04-29 04:31:28,stallRate,143.199000120163,0.754155535261973,TheEmptinessMachine,BBR,Festive,HTTP/2
2025-04-29 04:31:30,stallRate,145.199000120163,0.742969498024846,TheEmptinessMachine,BBR,Festive,HTTP/2
2025-04-29 04:31:32,stallRate,147.199000120163,0.732052449506032,TheEmptinessMachine,BBR,Festive,HTTP/2
2025-04-29 04:31:34,stallRate,149.199000120163,0.721517073664171,TheEmptinessMachine,BBR,Festive,HTTP/2
2025-04-29 04:31:36,stallRate,151.199000120163,0.711299809401238,TheEmptinessMachine,BBR,Festive,HTTP/2
2025-04-29 04:31:38,stallRate,153.199000120163,0.7118340993096,TheEmptinessMachine,BBR,Festive,HTTP/2
2025-04-29 04:31:40,stallRate,155.199000120163,0.724272059417007,TheEmptinessMachine,BBR,Festive,HTTP/2
2025-04-29 04:31:42,stallRate,157.199000120163,0.714383450650397,TheEmptinessMachine,BBR,Festive,HTTP/2
2025-04-29 04:31:44,stallRate,159.199000120163,0.704750355617618,TheEmptinessMachine,BBR,Festive,HTTP/2
2025-04-29 04:31:46,stallRate,161.199000120163,0.754510956411552,TheEmptinessMachine,BBR,Festive,HTTP/2
2025-04-29 04:31:48,stallRate,163.199000120163,0.744652243440221,TheEmptinessMachine,BBR,Festive,HTTP/2
2025-04-29 04:31:50,stallRate,165.199000120163,0.846738233757823,TheEmptinessMachine,BBR,Festive,HTTP/2
2025-04-29 04:31:52,stallRate,167.199000120163,0.885142460750391,TheEmptinessMachine,BBR,Festive,HTTP/2
2025-04-29 04:31:54,stallRate,169.199000120163,0.873967597424629,TheEmptinessMachine,BBR,Festive,HTTP/2
2025-04-29 04:31:56,stallRate,171.199000120163,0.90172275335933,TheEmptinessMachine,BBR,Festive,HTTP/2
2025-04-29 04:31:58,stallRate,173.199000120163,1.05730093581308,TheEmptinessMachine,BBR,Festive,HTTP/2
2025-04-29 04:32:00,stallRate,175.203000068665,1.0444697330969,TheEmptinessMachine,BBR,Festive,HTTP/2
2025-04-29 04:32:02,stallRate,177.199000120163,1.04904457320759,TheEmptinessMachine,BBR,Festive,HTTP/2
2025-04-29 04:32:04,stallRate,179.199000120163,1.07913202152198,TheEmptinessMachine,BBR,Festive,HTTP/2
2025-04-29 04:32:06,stallRate,181.199000120163,1.06646803155279,TheEmptinessMachine,BBR,Festive,HTTP/2
2025-04-29 04:32:08,stallRate,183.199000120163,1.14070003121851,TheEmptinessMachine,BBR,Festive,HTTP/2
2025-04-29 04:32:10,stallRate,185.199000120163,1.12764343977325,TheEmptinessMachine,BBR,Festive,HTTP/2
2025-04-29 04:32:12,stallRate,187.199000120163,1.11491648422151,TheEmptinessMachine,BBR,Festive,HTTP/2
2025-04-29 04:32:14,stallRate,189.199000120163,1.10242484115211,TheEmptinessMachine,BBR,Festive,HTTP/2
2025-04-29 04:32:16,stallRate,191.199000120163,1.09025240917472,TheEmptinessMachine,BBR,Festive,HTTP/2
2025-04-29 04:32:18,stallRate,193.199000120163,1.07836310861674,TheEmptinessMachine,BBR,Festive,HTTP/2
2025-04-29 04:32:20,stallRate,195.199000120163,1.06660899843107,TheEmptinessMachine,BBR,Festive,HTTP/2
2025-04-29 04:32:22,stallRate,197.199000120163,1.05516916330263,TheEmptinessMachine,BBR,Festive,HTTP/2
2025-04-29 04:32:24,stallRate,199.199000120163,1.04400324520001,TheEmptinessMachine,BBR,Festive,HTTP/2
2025-04-29 04:32:26,stallRate,201.199000120163,1.03307435550911,TheEmptinessMachine,BBR,Festive,HTTP/2
2025-04-29 04:33:00,stallRate,1.20700001716614,0.0,TheEmptinessMachine,BBR,Festive,HTTP/3
2025-04-29 04:33:02,stallRate,3.20600008964539,0.0,TheEmptinessMachine,BBR,Festive,HTTP/3
2025-04-29 04:33:04,stallRate,5.20600008964539,0.0,TheEmptinessMachine,BBR,Festive,HTTP/3
2025-04-29 04:33:06,stallRate,7.20499992370605,0.0,TheEmptinessMachine,BBR,Festive,HTTP/3
2025-04-29 04:33:08,stallRate,9.20600008964539,0.0,TheEmptinessMachine,BBR,Festive,HTTP/3
2025-04-29 04:33:10,stallRate,11.2060000896454,0.0,TheEmptinessMachine,BBR,Festive,HTTP/3
2025-04-29 04:33:12,stallRate,13.2049999237061,0.0,TheEmptinessMachine,BBR,Festive,HTTP/3
2025-04-29 04:33:14,stallRate,15.2060000896454,0.0,TheEmptinessMachine,BBR,Festive,HTTP/3
2025-04-29 04:33:16,stallRate,17.2060000896454,0.0,TheEmptinessMachine,BBR,Festive,HTTP/3
2025-04-29 04:33:18,stallRate,19.2060000896454,0.0,TheEmptinessMachine,BBR,Festive,HTTP/3
2025-04-29 04:33:20,stallRate,21.2060000896454,0.0,TheEmptinessMachine,BBR,Festive,HTTP/3
2025-04-29 04:33:22,stallRate,23.2070000171661,0.0,TheEmptinessMachine,BBR,Festive,HTTP/3
2025-04-29 04:33:24,stallRate,25.2060000896454,0.0,TheEmptinessMachine,BBR,Festive,HTTP/3
2025-04-29 04:33:26,stallRate,27.2060000896454,0.0,TheEmptinessMachine,BBR,Festive,HTTP/3
2025-04-29 04:33:28,stallRate,29.2060000896454,0.0,TheEmptinessMachine,BBR,Festive,HTTP/3
2025-04-29 04:33:30,stallRate,31.2060000896454,0.0,TheEmptinessMachine,BBR,Festive,HTTP/3
2025-04-29 04:33:32,stallRate,33.2060000896454,0.0,TheEmptinessMachine,BBR,Festive,HTTP/3
2025-04-29 04:33:34,stallRate,35.2060000896454,0.0,TheEmptinessMachine,BBR,Festive,HTTP/3
2025-04-29 04:33:36,stallRate,37.2060000896454,0.0,TheEmptinessMachine,BBR,Festive,HTTP/3
2025-04-29 04:33:38,stallRate,39.2060000896454,0.0,TheEmptinessMachine,BBR,Festive,HTTP/3
2025-04-29 04:33:42,stallRate,43.2060000896454,0.0,TheEmptinessMachine,BBR,Festive,HTTP/3
2025-04-29 04:33:44,stallRate,45.2060000896454,0.0,TheEmptinessMachine,BBR,Festive,HTTP/3
2025-04-29 04:33:46,stallRate,47.2060000896454,0.0,TheEmptinessMachine,BBR,Festive,HTTP/3
2025-04-29 04:33:48,stallRate,49.2060000896454,0.0,TheEmptinessMachine,BBR,Festive,HTTP/3
2025-04-29 04:33:50,stallRate,51.2060000896454,0.0,TheEmptinessMachine,BBR,Festive,HTTP/3
2025-04-29 04:33:52,stallRate,53.2060000896454,0.0,TheEmptinessMachine,BBR,Festive,HTTP/3
2025-04-29 04:33:54,stallRate,55.2060000896454,0.0,TheEmptinessMachine,BBR,Festive,HTTP/3
2025-04-29 04:33:56,stallRate,57.2060000896454,0.0,TheEmptinessMachine,BBR,Festive,HTTP/3
2025-04-29 04:33:58,stallRate,59.2060000896454,0.0,TheEmptinessMachine,BBR,Festive,HTTP/3
2025-04-29 04:34:00,stallRate,61.2060000896454,0.0,TheEmptinessMachine,BBR,Festive,HTTP/3
2025-04-29 04:34:02,stallRate,63.2060000896454,0.0,TheEmptinessMachine,BBR,Festive,HTTP/3
2025-04-29 04:34:04,stallRate,65.2060000896454,0.0,TheEmptinessMachine,BBR,Festive,HTTP/3
2025-04-29 04:34:06,stallRate,67.2060000896454,0.0,TheEmptinessMachine,BBR,Festive,HTTP/3
2025-04-29 04:34:08,stallRate,69.2060000896454,0.0,TheEmptinessMachine,BBR,Festive,HTTP/3
2025-04-29 04:34:10,stallRate,71.2079999446869,0.0,TheEmptinessMachine,BBR,Festive,HTTP/3
2025-04-29 04:34:12,stallRate,73.2060000896454,0.0,TheEmptinessMachine,BBR,Festive,HTTP/3
2025-04-29 04:34:14,stallRate,75.2070000171661,0.0,TheEmptinessMachine,BBR,Festive,HTTP/3
2025-04-29 04:34:16,stallRate,77.2060000896454,0.0,TheEmptinessMachine,BBR,Festive,HTTP/3
2025-04-29 04:34:18,stallRate,79.2060000896454,0.0,TheEmptinessMachine,BBR,Festive,HTTP/3
2025-04-29 04:34:20,stallRate,81.2060000896454,0.0,TheEmptinessMachine,BBR,Festive,HTTP/3
2025-04-29 04:34:22,stallRate,83.2070000171661,0.0,TheEmptinessMachine,BBR,Festive,HTTP/3
2025-04-29 04:34:24,stallRate,85.2060000896454,0.0,TheEmptinessMachine,BBR,Festive,HTTP/3
2025-04-29 04:34:26,stallRate,87.2060000896454,0.0,TheEmptinessMachine,BBR,Festive,HTTP/3
2025-04-29 04:34:28,stallRate,89.2060000896454,0.0,TheEmptinessMachine,BBR,Festive,HTTP/3
2025-04-29 04:34:30,stallRate,91.2060000896454,0.0,TheEmptinessMachine,BBR,Festive,HTTP/3
2025-04-29 04:34:32,stallRate,93.2060000896454,0.0,TheEmptinessMachine,BBR,Festive,HTTP/3
2025-04-29 04:34:34,stallRate,95.2060000896454,0.0,TheEmptinessMachine,BBR,Festive,HTTP/3
2025-04-29 04:34:36,stallRate,97.2060000896454,0.0,TheEmptinessMachine,BBR,Festive,HTTP/3
2025-04-29 04:34:38,stallRate,99.2049999237061,0.0,TheEmptinessMachine,BBR,Festive,HTTP/3
2025-04-29 04:34:40,stallRate,101.206000089645,0.0,TheEmptinessMachine,BBR,Festive,HTTP/3
2025-04-29 04:34:42,stallRate,103.206000089645,0.0,TheEmptinessMachine,BBR,Festive,HTTP/3
2025-04-29 04:34:44,stallRate,105.206000089645,0.0,TheEmptinessMachine,BBR,Festive,HTTP/3
2025-04-29 04:34:46,stallRate,107.206000089645,0.0,TheEmptinessMachine,BBR,Festive,HTTP/3
2025-04-29 04:34:48,stallRate,109.206000089645,0.0,TheEmptinessMachine,BBR,Festive,HTTP/3
2025-04-29 04:34:50,stallRate,111.206000089645,0.0,TheEmptinessMachine,BBR,Festive,HTTP/3
2025-04-29 04:34:52,stallRate,113.206000089645,0.0,TheEmptinessMachine,BBR,Festive,HTTP/3
2025-04-29 04:34:54,stallRate,115.206000089645,0.0,TheEmptinessMachine,BBR,Festive,HTTP/3
2025-04-29 04:34:56,stallRate,117.206000089645,0.0,TheEmptinessMachine,BBR,Festive,HTTP/3
2025-04-29 04:34:58,stallRate,119.206000089645,0.0,TheEmptinessMachine,BBR,Festive,HTTP/3
2025-04-29 04:35:00,stallRate,121.206000089645,0.0,TheEmptinessMachine,BBR,Festive,HTTP/3
2025-04-29 04:35:02,stallRate,123.206000089645,0.0,TheEmptinessMachine,BBR,Festive,HTTP/3
2025-04-29 04:35:04,stallRate,125.204999923706,0.0,TheEmptinessMachine,BBR,Festive,HTTP/3
2025-04-29 04:35:06,stallRate,127.206000089645,0.0,TheEmptinessMachine,BBR,Festive,HTTP/3
2025-04-29 04:35:08,stallRate,129.206000089645,0.0,TheEmptinessMachine,BBR,Festive,HTTP/3
2025-04-29 04:35:10,stallRate,131.206000089645,0.0,TheEmptinessMachine,BBR,Festive,HTTP/3
2025-04-29 04:35:12,stallRate,133.206000089645,0.0,TheEmptinessMachine,BBR,Festive,HTTP/3
2025-04-29 04:35:14,stallRate,135.206000089645,0.0,TheEmptinessMachine,BBR,Festive,HTTP/3
2025-04-29 04:35:16,stallRate,137.206000089645,0.0,TheEmptinessMachine,BBR,Festive,HTTP/3
2025-04-29 04:35:18,stallRate,139.206000089645,0.0,TheEmptinessMachine,BBR,Festive,HTTP/3
2025-04-29 04:35:20,stallRate,141.206000089645,0.0,TheEmptinessMachine,BBR,Festive,HTTP/3
2025-04-29 04:35:22,stallRate,143.206000089645,0.0,TheEmptinessMachine,BBR,Festive,HTTP/3
2025-04-29 04:35:24,stallRate,145.206000089645,0.0,TheEmptinessMachine,BBR,Festive,HTTP/3
2025-04-29 04:35:26,stallRate,147.204999923706,0.0,TheEmptinessMachine,BBR,Festive,HTTP/3
2025-04-29 04:35:28,stallRate,149.206000089645,0.0,TheEmptinessMachine,BBR,Festive,HTTP/3
2025-04-29 04:35:30,stallRate,151.206000089645,0.0365487364063327,TheEmptinessMachine,BBR,Festive,HTTP/3
2025-04-29 04:35:32,stallRate,153.206000089645,0.0360413036399854,TheEmptinessMachine,BBR,Festive,HTTP/3
2025-04-29 04:35:34,stallRate,155.206000089645,0.035545670717653,TheEmptinessMachine,BBR,Festive,HTTP/3
2025-04-29 04:35:36,stallRate,157.206000089645,0.0350618657143101,TheEmptinessMachine,BBR,Festive,HTTP/3
2025-04-29 04:35:38,stallRate,159.206000089645,0.0345953168398504,TheEmptinessMachine,BBR,Festive,HTTP/3
2025-04-29 04:35:40,stallRate,161.206000089645,0.034139895841956,TheEmptinessMachine,BBR,Festive,HTTP/3
2025-04-29 04:35:42,stallRate,163.204999923706,0.0336947259647716,TheEmptinessMachine,BBR,Festive,HTTP/3
2025-04-29 04:35:44,stallRate,165.206000089645,0.0332627634054092,TheEmptinessMachine,BBR,Festive,HTTP/3
2025-04-29 04:35:46,stallRate,167.204999923706,0.0328402598660004,TheEmptinessMachine,BBR,Festive,HTTP/3
2025-04-29 04:35:48,stallRate,169.206000089645,0.0324291711060764,TheEmptinessMachine,BBR,Festive,HTTP/3
2025-04-29 04:35:50,stallRate,171.206000089645,0.0320283559028843,TheEmptinessMachine,BBR,Festive,HTTP/3
2025-04-29 04:35:52,stallRate,173.204999923706,0.0316374032086724,TheEmptinessMachine,BBR,Festive,HTTP/3
2025-04-29 04:35:54,stallRate,175.206000089645,0.0312566303427705,TheEmptinessMachine,BBR,Festive,HTTP/3
2025-04-29 04:35:56,stallRate,177.204999923706,0.0308832988341539,TheEmptinessMachine,BBR,Festive,HTTP/3
2025-04-29 04:35:58,stallRate,179.206000089645,0.030520281896763,TheEmptinessMachine,BBR,Festive,HTTP/3
2025-04-29 04:36:00,stallRate,181.206000089645,0.0913134637525674,TheEmptinessMachine,BBR,Festive,HTTP/3
2025-04-29 04:36:02,stallRate,183.206000089645,0.0902606527903722,TheEmptinessMachine,BBR,Festive,HTTP/3
2025-04-29 04:36:04,stallRate,185.206000089645,0.0892302928921795,TheEmptinessMachine,BBR,Festive,HTTP/3
2025-04-29 04:36:06,stallRate,187.206000089645,0.088225953373453,TheEmptinessMachine,BBR,Festive,HTTP/3
2025-04-29 04:36:08,stallRate,189.206000089645,0.0872406877658595,TheEmptinessMachine,BBR,Festive,HTTP/3
2025-04-29 04:36:10,stallRate,191.206000089645,0.0862827165020478,TheEmptinessMachine,BBR,Festive,HTTP/3
2025-04-29 04:36:12,stallRate,193.206000089645,0.0853467830572925,TheEmptinessMachine,BBR,Festive,HTTP/3
2025-04-29 04:36:14,stallRate,195.204999923706,0.0844224556968694,TheEmptinessMachine,BBR,Festive,HTTP/3
2025-04-29 04:36:16,stallRate,197.206000089645,0.0835265132542114,TheEmptinessMachine,BBR,Festive,HTTP/3
2025-04-29 04:36:18,stallRate,199.206000089645,0.0826459283715461,TheEmptinessMachine,BBR,Festive,HTTP/3
2025-04-29 04:36:20,stallRate,201.206000089645,0.0817833301610851,TheEmptinessMachine,BBR,Festive,HTTP/3
2025-04-29 04:36:22,stallRate,203.204999923706,0.0809348299070183,TheEmptinessMachine,BBR,Festive,HTTP/3
2025-04-29 04:36:54,stallRate,1.22399997711182,0.0,TheEmptinessMachine,BBR,L2A,HTTP/1.1
2025-04-29 04:36:56,stallRate,3.22300004959106,0.0,TheEmptinessMachine,BBR,L2A,HTTP/1.1
2025-04-29 04:36:58,stallRate,5.22200012207031,0.0,TheEmptinessMachine,BBR,L2A,HTTP/1.1
2025-04-29 04:37:00,stallRate,7.22200012207031,0.0,TheEmptinessMachine,BBR,L2A,HTTP/1.1
2025-04-29 04:37:02,stallRate,9.22200012207031,0.0,TheEmptinessMachine,BBR,L2A,HTTP/1.1
2025-04-29 04:37:04,stallRate,11.2230000495911,0.0,TheEmptinessMachine,BBR,L2A,HTTP/1.1
2025-04-29 04:37:06,stallRate,13.2220001220703,0.0,TheEmptinessMachine,BBR,L2A,HTTP/1.1
2025-04-29 04:37:08,stallRate,15.2230000495911,0.0,TheEmptinessMachine,BBR,L2A,HTTP/1.1
2025-04-29 04:37:10,stallRate,17.2220001220703,0.0,TheEmptinessMachine,BBR,L2A,HTTP/1.1
2025-04-29 04:37:12,stallRate,19.2230000495911,0.0,TheEmptinessMachine,BBR,L2A,HTTP/1.1
2025-04-29 04:37:14,stallRate,21.2230000495911,0.0,TheEmptinessMachine,BBR,L2A,HTTP/1.1
2025-04-29 04:37:16,stallRate,23.2220001220703,0.0,TheEmptinessMachine,BBR,L2A,HTTP/1.1
2025-04-29 04:37:18,stallRate,25.2230000495911,0.0,TheEmptinessMachine,BBR,L2A,HTTP/1.1
2025-04-29 04:37:20,stallRate,27.2230000495911,0.0,TheEmptinessMachine,BBR,L2A,HTTP/1.1
2025-04-29 04:37:22,stallRate,29.2230000495911,0.0,TheEmptinessMachine,BBR,L2A,HTTP/1.1
2025-04-29 04:37:24,stallRate,31.2230000495911,0.0,TheEmptinessMachine,BBR,L2A,HTTP/1.1
2025-04-29 04:37:26,stallRate,33.2220001220703,0.0,TheEmptinessMachine,BBR,L2A,HTTP/1.1
2025-04-29 04:37:28,stallRate,35.2230000495911,0.654431396503452,TheEmptinessMachine,BBR,L2A,HTTP/1.1
2025-04-29 04:37:30,stallRate,37.2230000495911,0.608933552302159,TheEmptinessMachine,BBR,L2A,HTTP/1.1
2025-04-29 04:37:32,stallRate,39.2230000495911,0.769765942440024,TheEmptinessMachine,BBR,L2A,HTTP/1.1
2025-04-29 04:37:34,stallRate,41.2230000495911,1.21883393593747,TheEmptinessMachine,BBR,L2A,HTTP/1.1
2025-04-29 04:37:36,stallRate,43.2220001220703,1.14928500728043,TheEmptinessMachine,BBR,L2A,HTTP/1.1
2025-04-29 04:37:38,stallRate,45.2230000495911,1.0868894620721,TheEmptinessMachine,BBR,L2A,HTTP/1.1
2025-04-29 04:37:40,stallRate,47.2230000495911,1.03095349433429,TheEmptinessMachine,BBR,L2A,HTTP/1.1
2025-04-29 04:37:42,stallRate,49.2239999771118,0.980631599407908,TheEmptinessMachine,BBR,L2A,HTTP/1.1
2025-04-29 04:37:44,stallRate,51.2230000495911,0.935058729802424,TheEmptinessMachine,BBR,L2A,HTTP/1.1
2025-04-29 04:37:46,stallRate,53.2230000495911,0.893303592380163,TheEmptinessMachine,BBR,L2A,HTTP/1.1
2025-04-29 04:37:48,stallRate,55.2230000495911,0.855463142470868,TheEmptinessMachine,BBR,L2A,HTTP/1.1
2025-04-29 04:37:50,stallRate,57.2230000495911,0.820439995728052,TheEmptinessMachine,BBR,L2A,HTTP/1.1
2025-04-29 04:37:52,stallRate,59.2230000495911,0.788429153318998,TheEmptinessMachine,BBR,L2A,HTTP/1.1
2025-04-29 04:37:54,stallRate,61.2230000495911,0.758696559311453,TheEmptinessMachine,BBR,L2A,HTTP/1.1
2025-04-29 04:37:56,stallRate,63.2230000495911,0.731092346852214,TheEmptinessMachine,BBR,L2A,HTTP/1.1
2025-04-29 04:37:58,stallRate,65.2220001220703,0.705450432469328,TheEmptinessMachine,BBR,L2A,HTTP/1.1
2025-04-29 04:38:00,stallRate,67.2230000495911,0.68159499804882,TheEmptinessMachine,BBR,L2A,HTTP/1.1
2025-04-29 04:38:02,stallRate,69.2230000495911,0.659286331561989,TheEmptinessMachine,BBR,L2A,HTTP/1.1
2025-04-29 04:38:06,stallRate,73.2230000495911,0.618775247168853,TheEmptinessMachine,BBR,L2A,HTTP/1.1
2025-04-29 04:38:08,stallRate,75.2220001220703,0.600264453654193,TheEmptinessMachine,BBR,L2A,HTTP/1.1
2025-04-29 04:38:10,stallRate,77.2230000495911,0.631210452983667,TheEmptinessMachine,BBR,L2A,HTTP/1.1
2025-04-29 04:38:12,stallRate,79.2220001220703,0.61343120292961,TheEmptinessMachine,BBR,L2A,HTTP/1.1
2025-04-29 04:38:14,stallRate,81.2220001220703,0.864954212555156,TheEmptinessMachine,BBR,L2A,HTTP/1.1
2025-04-29 04:38:16,stallRate,83.2230000495911,0.841772003245767,TheEmptinessMachine,BBR,L2A,HTTP/1.1
2025-04-29 04:38:18,stallRate,85.2230000495911,0.820006443184805,TheEmptinessMachine,BBR,L2A,HTTP/1.1
2025-04-29 04:38:20,stallRate,87.2230000495911,0.907126658903605,TheEmptinessMachine,BBR,L2A,HTTP/1.1
2025-04-29 04:38:22,stallRate,89.2230000495911,0.972828528823757,TheEmptinessMachine,BBR,L2A,HTTP/1.1
2025-04-29 04:38:24,stallRate,91.2220001220703,0.949353508332272,TheEmptinessMachine,BBR,L2A,HTTP/1.1
2025-04-29 04:38:26,stallRate,93.2230000495911,0.949452432244072,TheEmptinessMachine,BBR,L2A,HTTP/1.1
2025-04-29 04:38:28,stallRate,95.2220001220703,1.03293434386346,TheEmptinessMachine,BBR,L2A,HTTP/1.1
2025-04-29 04:38:30,stallRate,97.2239999771118,1.00977510158144,TheEmptinessMachine,BBR,L2A,HTTP/1.1
2025-04-29 04:38:32,stallRate,99.2230000495911,1.1163528173306,TheEmptinessMachine,BBR,L2A,HTTP/1.1
2025-04-29 04:38:34,stallRate,101.223000049591,1.092408642677,TheEmptinessMachine,BBR,L2A,HTTP/1.1
2025-04-29 04:38:36,stallRate,103.223000049591,1.06937314062219,TheEmptinessMachine,BBR,L2A,HTTP/1.1
2025-04-29 04:38:38,stallRate,105.22200012207,1.04726676722284,TheEmptinessMachine,BBR,L2A,HTTP/1.1
2025-04-29 04:38:40,stallRate,107.223000049591,1.02598032622136,TheEmptinessMachine,BBR,L2A,HTTP/1.1
2025-04-29 04:38:42,stallRate,109.223999977112,1.00573492624588,TheEmptinessMachine,BBR,L2A,HTTP/1.1
2025-04-29 04:38:44,stallRate,111.22200012207,0.986251786003947,TheEmptinessMachine,BBR,L2A,HTTP/1.1
2025-04-29 04:38:46,stallRate,113.223000049591,0.967518527051323,TheEmptinessMachine,BBR,L2A,HTTP/1.1
2025-04-29 04:38:48,stallRate,115.223000049591,0.949407086864156,TheEmptinessMachine,BBR,L2A,HTTP/1.1
2025-04-29 04:38:50,stallRate,117.223000049591,0.932037461227568,TheEmptinessMachine,BBR,L2A,HTTP/1.1
2025-04-29 04:38:54,stallRate,121.22200012207,0.899031108157606,TheEmptinessMachine,BBR,L2A,HTTP/1.1
2025-04-29 04:38:56,stallRate,123.223000049591,0.883425401302732,TheEmptinessMachine,BBR,L2A,HTTP/1.1
2025-04-29 04:38:58,stallRate,125.22200012207,0.868336006172985,TheEmptinessMachine,BBR,L2A,HTTP/1.1
2025-04-29 04:39:00,stallRate,127.223000049591,0.853768203865398,TheEmptinessMachine,BBR,L2A,HTTP/1.1
2025-04-29 04:39:02,stallRate,129.223000049591,0.839615901178139,TheEmptinessMachine,BBR,L2A,HTTP/1.1
2025-04-29 04:39:04,stallRate,131.223000049591,0.825919943124686,TheEmptinessMachine,BBR,L2A,HTTP/1.1
2025-04-29 04:39:06,stallRate,133.223000049591,0.812702670728158,TheEmptinessMachine,BBR,L2A,HTTP/1.1
2025-04-29 04:39:08,stallRate,135.22200012207,0.799913388905431,TheEmptinessMachine,BBR,L2A,HTTP/1.1
2025-04-29 04:39:10,stallRate,137.223000049591,0.787515962119173,TheEmptinessMachine,BBR,L2A,HTTP/1.1
2025-04-29 04:39:12,stallRate,139.223000049591,0.775528379087058,TheEmptinessMachine,BBR,L2A,HTTP/1.1
2025-04-29 04:39:14,stallRate,141.22200012207,0.763851968646125,TheEmptinessMachine,BBR,L2A,HTTP/1.1
2025-04-29 04:39:16,stallRate,143.22200012207,0.752566386558636,TheEmptinessMachine,BBR,L2A,HTTP/1.1
2025-04-29 04:39:18,stallRate,145.223000049591,0.741557773481537,TheEmptinessMachine,BBR,L2A,HTTP/1.1
2025-04-29 04:39:20,stallRate,147.223000049591,0.730823036287307,TheEmptinessMachine,BBR,L2A,HTTP/1.1
2025-04-29 04:39:22,stallRate,149.22200012207,0.720473126760114,TheEmptinessMachine,BBR,L2A,HTTP/1.1
2025-04-29 04:39:24,stallRate,151.22200012207,0.710433207415801,TheEmptinessMachine,BBR,L2A,HTTP/1.1
2025-04-29 04:39:26,stallRate,153.22200012207,0.700659222401493,TheEmptinessMachine,BBR,L2A,HTTP/1.1
2025-04-29 04:39:28,stallRate,155.22200012207,0.691132456310729,TheEmptinessMachine,BBR,L2A,HTTP/1.1
2025-04-29 04:39:30,stallRate,157.223000049591,0.681823468146336,TheEmptinessMachine,BBR,L2A,HTTP/1.1
2025-04-29 04:39:32,stallRate,159.22200012207,0.672810664165571,TheEmptinessMachine,BBR,L2A,HTTP/1.1
2025-04-29 04:39:34,stallRate,161.223000049591,0.663995383611302,TheEmptinessMachine,BBR,L2A,HTTP/1.1
2025-04-29 04:39:36,stallRate,163.223000049591,0.655484336150168,TheEmptinessMachine,BBR,L2A,HTTP/1.1
2025-04-29 04:39:38,stallRate,165.223000049591,0.707024477359394,TheEmptinessMachine,BBR,L2A,HTTP/1.1
2025-04-29 04:39:40,stallRate,167.223000049591,0.698109106705004,TheEmptinessMachine,BBR,L2A,HTTP/1.1
2025-04-29 04:39:42,stallRate,169.223000049591,0.689437717889113,TheEmptinessMachine,BBR,L2A,HTTP/1.1
2025-04-29 04:39:44,stallRate,171.22200012207,0.680945647010484,TheEmptinessMachine,BBR,L2A,HTTP/1.1
2025-04-29 04:39:46,stallRate,173.223000049591,0.672706855054977,TheEmptinessMachine,BBR,L2A,HTTP/1.1
2025-04-29 04:39:48,stallRate,175.22200012207,0.664635349432223,TheEmptinessMachine,BBR,L2A,HTTP/1.1
2025-04-29 04:39:50,stallRate,177.22200012207,0.656752729792729,TheEmptinessMachine,BBR,L2A,HTTP/1.1
2025-04-29 04:39:52,stallRate,179.223000049591,0.649067120095219,TheEmptinessMachine,BBR,L2A,HTTP/1.1
2025-04-29 04:39:54,stallRate,181.223999977112,0.641534000036281,TheEmptinessMachine,BBR,L2A,HTTP/1.1
2025-04-29 04:39:56,stallRate,183.22200012207,0.634188266728623,TheEmptinessMachine,BBR,L2A,HTTP/1.1
2025-04-29 04:40:00,stallRate,187.223000049591,0.708261746750864,TheEmptinessMachine,BBR,L2A,HTTP/1.1
2025-04-29 04:40:02,stallRate,189.22200012207,0.789430331107688,TheEmptinessMachine,BBR,L2A,HTTP/1.1
2025-04-29 04:40:04,stallRate,191.223999977112,0.780845425659143,TheEmptinessMachine,BBR,L2A,HTTP/1.1
2025-04-29 04:40:06,stallRate,193.223000049591,0.772415234711613,TheEmptinessMachine,BBR,L2A,HTTP/1.1
2025-04-29 04:40:08,stallRate,195.224999904633,0.764134460885653,TheEmptinessMachine,BBR,L2A,HTTP/1.1
2025-04-29 04:40:10,stallRate,197.223999977112,0.756006055455082,TheEmptinessMachine,BBR,L2A,HTTP/1.1
2025-04-29 04:40:12,stallRate,199.223000049591,0.748127798405014,TheEmptinessMachine,BBR,L2A,HTTP/1.1
2025-04-29 04:40:14,stallRate,201.22200012207,0.740370154612811,TheEmptinessMachine,BBR,L2A,HTTP/1.1
2025-04-29 04:40:48,stallRate,1.22399997711182,0.0,TheEmptinessMachine,BBR,L2A,HTTP/2
2025-04-29 04:40:49,stallRate,3.22399997711182,0.0,TheEmptinessMachine,BBR,L2A,HTTP/2
2025-04-29 04:40:51,stallRate,5.22300004959106,0.0,TheEmptinessMachine,BBR,L2A,HTTP/2
2025-04-29 04:40:54,stallRate,7.22300004959106,0.0,TheEmptinessMachine,BBR,L2A,HTTP/2
2025-04-29 04:40:55,stallRate,9.22300004959106,0.0,TheEmptinessMachine,BBR,L2A,HTTP/2
2025-04-29 04:40:57,stallRate,11.2230000495911,0.0,TheEmptinessMachine,BBR,L2A,HTTP/2
2025-04-29 04:40:59,stallRate,13.2230000495911,0.0,TheEmptinessMachine,BBR,L2A,HTTP/2
2025-04-29 04:41:02,stallRate,15.2409999370575,54.5117187499879,TheEmptinessMachine,BBR,L2A,HTTP/2
2025-04-29 04:41:03,stallRate,17.2230000495911,36.3311405778146,TheEmptinessMachine,BBR,L2A,HTTP/2
2025-04-29 04:41:05,stallRate,19.2230000495911,27.5296050933489,TheEmptinessMachine,BBR,L2A,HTTP/2
2025-04-29 04:41:07,stallRate,21.2239999771118,22.5770763265836,TheEmptinessMachine,BBR,L2A,HTTP/2
2025-04-29 04:41:09,stallRate,23.2230000495911,18.8578023059044,TheEmptinessMachine,BBR,L2A,HTTP/2
2025-04-29 04:41:11,stallRate,25.2239999771118,15.1592220728233,TheEmptinessMachine,BBR,L2A,HTTP/2
2025-04-29 04:41:13,stallRate,27.2239999771118,13.113218776034,TheEmptinessMachine,BBR,L2A,HTTP/2
2025-04-29 04:41:15,stallRate,29.2230000495911,11.8247889124042,TheEmptinessMachine,BBR,L2A,HTTP/2
2025-04-29 04:41:17,stallRate,31.2239999771118,10.5472263301474,TheEmptinessMachine,BBR,L2A,HTTP/2
2025-04-29 04:41:19,stallRate,33.2230000495911,9.04602175723067,TheEmptinessMachine,BBR,L2A,HTTP/2
2025-04-29 04:41:21,stallRate,35.2230000495911,8.22539851382692,TheEmptinessMachine,BBR,L2A,HTTP/2
2025-04-29 04:41:23,stallRate,37.2230000495911,7.28855994664122,TheEmptinessMachine,BBR,L2A,HTTP/2
2025-04-29 04:41:25,stallRate,39.2239999771118,6.6767715333642,TheEmptinessMachine,BBR,L2A,HTTP/2
2025-04-29 04:41:27,stallRate,41.2230000495911,6.48600079978712,TheEmptinessMachine,BBR,L2A,HTTP/2
2025-04-29 04:41:29,stallRate,43.2230000495911,6.01149748794003,TheEmptinessMachine,BBR,L2A,HTTP/2
2025-04-29 04:41:31,stallRate,45.2230000495911,5.94920989340247,TheEmptinessMachine,BBR,L2A,HTTP/2
2025-04-29 04:41:33,stallRate,47.2230000495911,5.80585484192797,TheEmptinessMachine,BBR,L2A,HTTP/2
2025-04-29 04:41:35,stallRate,49.2230000495911,5.47337465107927,TheEmptinessMachine,BBR,L2A,HTTP/2
2025-04-29 04:41:37,stallRate,51.2230000495911,5.6365667967944,TheEmptinessMachine,BBR,L2A,HTTP/2
2025-04-29 04:41:39,stallRate,53.2249999046326,5.83884715776716,TheEmptinessMachine,BBR,L2A,HTTP/2
2025-04-29 04:41:41,stallRate,55.2230000495911,5.55585618142044,TheEmptinessMachine,BBR,L2A,HTTP/2
2025-04-29 04:41:43,stallRate,57.2230000495911,5.589189648903,TheEmptinessMachine,BBR,L2A,HTTP/2
2025-04-29 04:41:45,stallRate,59.2230000495911,5.34133669214956,TheEmptinessMachine,BBR,L2A,HTTP/2
2025-04-29 04:41:47,stallRate,61.2239999771118,5.11646032225711,TheEmptinessMachine,BBR,L2A,HTTP/2
2025-04-29 04:41:49,stallRate,63.2230000495911,4.90949539595648,TheEmptinessMachine,BBR,L2A,HTTP/2
2025-04-29 04:41:51,stallRate,65.2230000495911,4.71784027444734,TheEmptinessMachine,BBR,L2A,HTTP/2
2025-04-29 04:41:53,stallRate,67.2230000495911,4.54140443789343,TheEmptinessMachine,BBR,L2A,HTTP/2
2025-04-29 04:41:55,stallRate,69.2230000495911,4.37708327727227,TheEmptinessMachine,BBR,L2A,HTTP/2
2025-04-29 04:41:59,stallRate,73.2230000495911,4.08178717911482,TheEmptinessMachine,BBR,L2A,HTTP/2
2025-04-29 04:42:01,stallRate,75.2230000495911,3.94904212225121,TheEmptinessMachine,BBR,L2A,HTTP/2
2025-04-29 04:42:03,stallRate,77.2230000495911,3.82414940011369,TheEmptinessMachine,BBR,L2A,HTTP/2
2025-04-29 04:42:05,stallRate,79.2230000495911,3.70788783260556,TheEmptinessMachine,BBR,L2A,HTTP/2
2025-04-29 04:42:07,stallRate,81.2230000495911,3.59744307692252,TheEmptinessMachine,BBR,L2A,HTTP/2
2025-04-29 04:42:09,stallRate,83.2230000495911,3.49366936214027,TheEmptinessMachine,BBR,L2A,HTTP/2
2025-04-29 04:42:11,stallRate,85.2239999771118,3.39617321046566,TheEmptinessMachine,BBR,L2A,HTTP/2
2025-04-29 04:42:13,stallRate,87.2230000495911,3.30350933771835,TheEmptinessMachine,BBR,L2A,HTTP/2
2025-04-29 04:42:15,stallRate,89.2230000495911,3.21591503901864,TheEmptinessMachine,BBR,L2A,HTTP/2
2025-04-29 04:42:17,stallRate,91.2239999771118,3.13247819879345,TheEmptinessMachine,BBR,L2A,HTTP/2
2025-04-29 04:42:19,stallRate,93.2230000495911,3.05373946442782,TheEmptinessMachine,BBR,L2A,HTTP/2
2025-04-29 04:42:21,stallRate,95.2230000495911,2.97896454279895,TheEmptinessMachine,BBR,L2A,HTTP/2
2025-04-29 04:42:23,stallRate,97.2230000495911,2.9074496063652,TheEmptinessMachine,BBR,L2A,HTTP/2
2025-04-29 04:42:25,stallRate,99.2230000495911,2.83915420076949,TheEmptinessMachine,BBR,L2A,HTTP/2
2025-04-29 04:42:27,stallRate,101.223999977112,2.77413065307154,TheEmptinessMachine,BBR,L2A,HTTP/2
2025-04-29 04:42:29,stallRate,103.223999977112,2.71183520205254,TheEmptinessMachine,BBR,L2A,HTTP/2
2025-04-29 04:42:31,stallRate,105.223999977112,2.65260762372286,TheEmptinessMachine,BBR,L2A,HTTP/2
2025-04-29 04:42:33,stallRate,107.223000049591,2.5956910051379,TheEmptinessMachine,BBR,L2A,HTTP/2
2025-04-29 04:42:35,stallRate,109.223000049591,2.54140304909569,TheEmptinessMachine,BBR,L2A,HTTP/2
2025-04-29 04:42:37,stallRate,111.223000049591,2.48910151568922,TheEmptinessMachine,BBR,L2A,HTTP/2
2025-04-29 04:42:39,stallRate,113.223000049591,2.43902839099616,TheEmptinessMachine,BBR,L2A,HTTP/2
2025-04-29 04:42:41,stallRate,115.223000049591,2.39093675455788,TheEmptinessMachine,BBR,L2A,HTTP/2
2025-04-29 04:42:43,stallRate,117.223999977112,2.34468650331162,TheEmptinessMachine,BBR,L2A,HTTP/2
2025-04-29 04:42:47,stallRate,121.223999977112,2.25735410846621,TheEmptinessMachine,BBR,L2A,HTTP/2
2025-04-29 04:42:49,stallRate,123.223000049591,2.21594873444546,TheEmptinessMachine,BBR,L2A,HTTP/2
2025-04-29 04:42:52,stallRate,125.223000049591,2.17613209305799,TheEmptinessMachine,BBR,L2A,HTTP/2
2025-04-29 04:42:53,stallRate,127.223999977112,2.13775541731783,TheEmptinessMachine,BBR,L2A,HTTP/2
2025-04-29 04:42:55,stallRate,129.223000049591,2.1007254198283,TheEmptinessMachine,BBR,L2A,HTTP/2
2025-04-29 04:42:57,stallRate,131.223000049591,2.22059893105193,TheEmptinessMachine,BBR,L2A,HTTP/2
2025-04-29 04:42:59,stallRate,133.223000049591,2.18346056810357,TheEmptinessMachine,BBR,L2A,HTTP/2
2025-04-29 04:43:01,stallRate,135.223000049591,2.34904656716032,TheEmptinessMachine,BBR,L2A,HTTP/2
2025-04-29 04:43:03,stallRate,137.223000049591,2.35512322303805,TheEmptinessMachine,BBR,L2A,HTTP/2
2025-04-29 04:43:05,stallRate,139.223000049591,2.31760787004912,TheEmptinessMachine,BBR,L2A,HTTP/2
2025-04-29 04:43:07,stallRate,141.223000049591,2.28114564622293,TheEmptinessMachine,BBR,L2A,HTTP/2
2025-04-29 04:43:09,stallRate,143.223000049591,2.24588070462974,TheEmptinessMachine,BBR,L2A,HTTP/2
2025-04-29 04:43:11,stallRate,145.223999977112,2.2116991034485,TheEmptinessMachine,BBR,L2A,HTTP/2
2025-04-29 04:43:13,stallRate,147.223000049591,2.17854423278569,TheEmptinessMachine,BBR,L2A,HTTP/2
2025-04-29 04:43:15,stallRate,149.223000049591,2.14643440160707,TheEmptinessMachine,BBR,L2A,HTTP/2
2025-04-29 04:43:17,stallRate,151.223000049591,2.11512840074227,TheEmptinessMachine,BBR,L2A,HTTP/2
2025-04-29 04:43:19,stallRate,153.223000049591,2.08468801282436,TheEmptinessMachine,BBR,L2A,HTTP/2
2025-04-29 04:43:21,stallRate,155.223000049591,2.05518953855544,TheEmptinessMachine,BBR,L2A,HTTP/2
2025-04-29 04:43:23,stallRate,157.223000049591,2.02653702632756,TheEmptinessMachine,BBR,L2A,HTTP/2
2025-04-29 04:43:25,stallRate,159.223000049591,1.99866685378214,TheEmptinessMachine,BBR,L2A,HTTP/2
2025-04-29 04:43:27,stallRate,161.223000049591,1.97145516128284,TheEmptinessMachine,BBR,L2A,HTTP/2
2025-04-29 04:43:29,stallRate,163.223000049591,1.94521616513396,TheEmptinessMachine,BBR,L2A,HTTP/2
2025-04-29 04:43:31,stallRate,165.223000049591,1.91941967688771,TheEmptinessMachine,BBR,L2A,HTTP/2
2025-04-29 04:43:33,stallRate,167.223000049591,1.89451408188306,TheEmptinessMachine,BBR,L2A,HTTP/2
2025-04-29 04:43:35,stallRate,169.223000049591,1.87014451540938,TheEmptinessMachine,BBR,L2A,HTTP/2
2025-04-29 04:43:37,stallRate,171.223000049591,1.84631934253263,TheEmptinessMachine,BBR,L2A,HTTP/2
2025-04-29 04:43:39,stallRate,173.223000049591,1.82314862253607,TheEmptinessMachine,BBR,L2A,HTTP/2
2025-04-29 04:43:41,stallRate,175.223000049591,1.80046629567373,TheEmptinessMachine,BBR,L2A,HTTP/2
2025-04-29 04:43:43,stallRate,177.223000049591,1.77848251375853,TheEmptinessMachine,BBR,L2A,HTTP/2
2025-04-29 04:43:45,stallRate,179.223000049591,1.75693124948729,TheEmptinessMachine,BBR,L2A,HTTP/2
2025-04-29 04:43:47,stallRate,181.223000049591,1.73599632321296,TheEmptinessMachine,BBR,L2A,HTTP/2
2025-04-29 04:43:49,stallRate,183.223000049591,1.71556874056027,TheEmptinessMachine,BBR,L2A,HTTP/2
2025-04-29 04:43:53,stallRate,187.223000049591,1.82376989595923,TheEmptinessMachine,BBR,L2A,HTTP/2
2025-04-29 04:43:55,stallRate,189.223000049591,1.80298884890903,TheEmptinessMachine,BBR,L2A,HTTP/2
2025-04-29 04:43:57,stallRate,191.223000049591,1.84747801772034,TheEmptinessMachine,BBR,L2A,HTTP/2
2025-04-29 04:43:59,stallRate,193.226999998093,1.82677236223106,TheEmptinessMachine,BBR,L2A,HTTP/2
2025-04-29 04:44:01,stallRate,195.223000049591,1.84353736253139,TheEmptinessMachine,BBR,L2A,HTTP/2
2025-04-29 04:44:03,stallRate,197.223000049591,1.82341353724375,TheEmptinessMachine,BBR,L2A,HTTP/2
2025-04-29 04:44:05,stallRate,199.223000049591,1.80378008044785,TheEmptinessMachine,BBR,L2A,HTTP/2
2025-04-29 04:44:58,stallRate,1.20499992370605,0.0,TheEmptinessMachine,BBR,L2A,HTTP/3
2025-04-29 04:45:00,stallRate,3.2039999961853,0.0,TheEmptinessMachine,BBR,L2A,HTTP/3
2025-04-29 04:45:02,stallRate,5.2039999961853,0.0,TheEmptinessMachine,BBR,L2A,HTTP/3
2025-04-29 04:45:04,stallRate,7.2039999961853,0.0,TheEmptinessMachine,BBR,L2A,HTTP/3
2025-04-29 04:45:06,stallRate,9.2039999961853,0.0,TheEmptinessMachine,BBR,L2A,HTTP/3
2025-04-29 04:45:10,stallRate,13.2039999961853,64.5148026315789,TheEmptinessMachine,BBR,L2A,HTTP/3
2025-04-29 04:45:13,stallRate,15.2039999961853,59.2892395383526,TheEmptinessMachine,BBR,L2A,HTTP/3
2025-04-29 04:45:15,stallRate,17.2039999961853,53.2948369565217,TheEmptinessMachine,BBR,L2A,HTTP/3
2025-04-29 04:45:16,stallRate,19.202999830246,51.3117695267609,TheEmptinessMachine,BBR,L2A,HTTP/3
2025-04-29 04:45:18,stallRate,21.2039999961853,48.5992532627166,TheEmptinessMachine,BBR,L2A,HTTP/3
2025-04-29 04:45:20,stallRate,23.202999830246,45.7760662458549,TheEmptinessMachine,BBR,L2A,HTTP/3
2025-04-29 04:45:22,stallRate,25.2039999961853,41.9468843900378,TheEmptinessMachine,BBR,L2A,HTTP/3
2025-04-29 04:45:24,stallRate,27.2039999961853,33.2290082252914,TheEmptinessMachine,BBR,L2A,HTTP/3
2025-04-29 04:45:26,stallRate,29.2039999961853,28.0980033524195,TheEmptinessMachine,BBR,L2A,HTTP/3
2025-04-29 04:45:28,stallRate,31.2039999961853,24.4814198661807,TheEmptinessMachine,BBR,L2A,HTTP/3
2025-04-29 04:45:30,stallRate,33.2119998931885,21.3619376652578,TheEmptinessMachine,BBR,L2A,HTTP/3
2025-04-29 04:45:32,stallRate,35.2039999961853,18.8126112839697,TheEmptinessMachine,BBR,L2A,HTTP/3
2025-04-29 04:45:34,stallRate,37.2039999961853,16.0107040076966,TheEmptinessMachine,BBR,L2A,HTTP/3
2025-04-29 04:45:38,stallRate,41.2039999961853,12.9648627704945,TheEmptinessMachine,BBR,L2A,HTTP/3
2025-04-29 04:45:40,stallRate,43.202999830246,11.3428426855437,TheEmptinessMachine,BBR,L2A,HTTP/3
2025-04-29 04:45:42,stallRate,45.2039999961853,10.3533280505772,TheEmptinessMachine,BBR,L2A,HTTP/3
2025-04-29 04:45:44,stallRate,47.2049999237061,11.4515570152069,TheEmptinessMachine,BBR,L2A,HTTP/3
2025-04-29 04:45:46,stallRate,49.202999830246,10.2718206494253,TheEmptinessMachine,BBR,L2A,HTTP/3
2025-04-29 04:45:50,stallRate,53.202999830246,9.35269233230107,TheEmptinessMachine,BBR,L2A,HTTP/3
2025-04-29 04:45:52,stallRate,55.2039999961853,9.39029377622381,TheEmptinessMachine,BBR,L2A,HTTP/3
2025-04-29 04:45:54,stallRate,57.2039999961853,9.33272321056235,TheEmptinessMachine,BBR,L2A,HTTP/3
2025-04-29 04:45:56,stallRate,59.2039999961853,8.83813557356338,TheEmptinessMachine,BBR,L2A,HTTP/3
2025-04-29 04:45:58,stallRate,61.2039999961853,8.39293885614256,TheEmptinessMachine,BBR,L2A,HTTP/3
2025-04-29 04:46:00,stallRate,63.2039999961853,7.99580478140177,TheEmptinessMachine,BBR,L2A,HTTP/3
2025-04-29 04:46:02,stallRate,65.2039999961853,7.63759784927045,TheEmptinessMachine,BBR,L2A,HTTP/3
2025-04-29 04:46:04,stallRate,67.202999830246,7.30854491606745,TheEmptinessMachine,BBR,L2A,HTTP/3
2025-04-29 04:46:06,stallRate,69.202999830246,7.00616267847478,TheEmptinessMachine,BBR,L2A,HTTP/3
2025-04-29 04:46:08,stallRate,71.2039999961853,6.72836828111238,TheEmptinessMachine,BBR,L2A,HTTP/3
2025-04-29 04:46:10,stallRate,73.2039999961853,6.47173557651251,TheEmptinessMachine,BBR,L2A,HTTP/3
2025-04-29 04:46:12,stallRate,75.2039999961853,6.23409777143951,TheEmptinessMachine,BBR,L2A,HTTP/3
2025-04-29 04:46:14,stallRate,77.202999830246,6.01257597119971,TheEmptinessMachine,BBR,L2A,HTTP/3
2025-04-29 04:46:16,stallRate,79.2039999961853,5.80620727168031,TheEmptinessMachine,BBR,L2A,HTTP/3
2025-04-29 04:46:18,stallRate,81.2039999961853,5.61508324819881,TheEmptinessMachine,BBR,L2A,HTTP/3
2025-04-29 04:46:20,stallRate,83.2039999961853,5.43532459238147,TheEmptinessMachine,BBR,L2A,HTTP/3
2025-04-29 04:46:22,stallRate,85.2039999961853,5.26691548640701,TheEmptinessMachine,BBR,L2A,HTTP/3
2025-04-29 04:46:24,stallRate,87.202999830246,5.10833914623206,TheEmptinessMachine,BBR,L2A,HTTP/3
2025-04-29 04:46:26,stallRate,89.2039999961853,4.95932078778555,TheEmptinessMachine,BBR,L2A,HTTP/3
2025-04-29 04:46:28,stallRate,91.2039999961853,4.81814545082769,TheEmptinessMachine,BBR,L2A,HTTP/3
2025-04-29 04:46:30,stallRate,93.2039999961853,4.68543106131375,TheEmptinessMachine,BBR,L2A,HTTP/3
2025-04-29 04:46:32,stallRate,95.202999830246,4.5600552697503,TheEmptinessMachine,BBR,L2A,HTTP/3
2025-04-29 04:46:34,stallRate,97.2039999961853,4.44058765128163,TheEmptinessMachine,BBR,L2A,HTTP/3
2025-04-29 04:46:36,stallRate,99.2039999961853,4.41513759129236,TheEmptinessMachine,BBR,L2A,HTTP/3
2025-04-29 04:46:38,stallRate,101.203999996185,4.30471673234065,TheEmptinessMachine,BBR,L2A,HTTP/3
2025-04-29 04:46:40,stallRate,103.203999996185,4.50292544029525,TheEmptinessMachine,BBR,L2A,HTTP/3
2025-04-29 04:46:44,stallRate,107.210999965668,4.39123814482476,TheEmptinessMachine,BBR,L2A,HTTP/3
2025-04-29 04:46:46,stallRate,109.203999996185,4.29259167610462,TheEmptinessMachine,BBR,L2A,HTTP/3
2025-04-29 04:46:48,stallRate,111.203999996185,4.19755435337092,TheEmptinessMachine,BBR,L2A,HTTP/3
2025-04-29 04:46:50,stallRate,113.203999996185,4.10679834377462,TheEmptinessMachine,BBR,L2A,HTTP/3
2025-04-29 04:46:52,stallRate,115.203999996185,4.01963314456538,TheEmptinessMachine,BBR,L2A,HTTP/3
2025-04-29 04:46:54,stallRate,117.203999996185,3.93645661495168,TheEmptinessMachine,BBR,L2A,HTTP/3
2025-04-29 04:46:56,stallRate,119.202999830246,3.85633246746854,TheEmptinessMachine,BBR,L2A,HTTP/3
2025-04-29 04:46:58,stallRate,121.203999996185,3.77978602128942,TheEmptinessMachine,BBR,L2A,HTTP/3
2025-04-29 04:47:00,stallRate,123.203999996185,3.70586316289825,TheEmptinessMachine,BBR,L2A,HTTP/3
2025-04-29 04:47:02,stallRate,125.203999996185,3.63492892447027,TheEmptinessMachine,BBR,L2A,HTTP/3
2025-04-29 04:47:04,stallRate,127.202999830246,3.56701370238429,TheEmptinessMachine,BBR,L2A,HTTP/3
2025-04-29 04:47:06,stallRate,129.202999830246,3.5011435535332,TheEmptinessMachine,BBR,L2A,HTTP/3
2025-04-29 04:47:08,stallRate,131.203999996185,3.43778786765688,TheEmptinessMachine,BBR,L2A,HTTP/3
2025-04-29 04:47:10,stallRate,133.202999830246,3.37665226140715,TheEmptinessMachine,BBR,L2A,HTTP/3
2025-04-29 04:47:12,stallRate,135.202999830246,3.31767894681111,TheEmptinessMachine,BBR,L2A,HTTP/3
2025-04-29 04:47:14,stallRate,137.202999830246,3.2605254080002,TheEmptinessMachine,BBR,L2A,HTTP/3
2025-04-29 04:47:16,stallRate,139.203999996185,3.20556284392272,TheEmptinessMachine,BBR,L2A,HTTP/3
2025-04-29 04:47:18,stallRate,141.203999996185,3.15221549123842,TheEmptinessMachine,BBR,L2A,HTTP/3
2025-04-29 04:47:20,stallRate,143.203999996185,3.10076119183861,TheEmptinessMachine,BBR,L2A,HTTP/3
2025-04-29 04:47:22,stallRate,145.203999996185,3.05093642529156,TheEmptinessMachine,BBR,L2A,HTTP/3
2025-04-29 04:47:24,stallRate,147.203999996185,3.00270147452373,TheEmptinessMachine,BBR,L2A,HTTP/3
2025-04-29 04:47:26,stallRate,149.203999996185,2.95579456775492,TheEmptinessMachine,BBR,L2A,HTTP/3
2025-04-29 04:47:28,stallRate,151.203999996185,2.91073473420301,TheEmptinessMachine,BBR,L2A,HTTP/3
2025-04-29 04:47:30,stallRate,153.203999996185,2.8666228546622,TheEmptinessMachine,BBR,L2A,HTTP/3
2025-04-29 04:47:32,stallRate,155.203999996185,2.82394605711956,TheEmptinessMachine,BBR,L2A,HTTP/3
2025-04-29 04:47:34,stallRate,157.203999996185,2.78254880473932,TheEmptinessMachine,BBR,L2A,HTTP/3
2025-04-29 04:47:36,stallRate,159.203999996185,2.74237296341619,TheEmptinessMachine,BBR,L2A,HTTP/3
2025-04-29 04:47:38,stallRate,161.203999996185,2.70341630789296,TheEmptinessMachine,BBR,L2A,HTTP/3
2025-04-29 04:47:40,stallRate,163.203999996185,2.66553790253721,TheEmptinessMachine,BBR,L2A,HTTP/3
2025-04-29 04:47:42,stallRate,165.202999830246,2.62868218941572,TheEmptinessMachine,BBR,L2A,HTTP/3
2025-04-29 04:47:44,stallRate,167.203999996185,2.59265149723716,TheEmptinessMachine,BBR,L2A,HTTP/3
2025-04-29 04:47:46,stallRate,169.203999996185,2.55782425391818,TheEmptinessMachine,BBR,L2A,HTTP/3
2025-04-29 04:47:48,stallRate,171.203999996185,2.56683262252097,TheEmptinessMachine,BBR,L2A,HTTP/3
2025-04-29 04:47:50,stallRate,173.202999830246,2.53317512614707,TheEmptinessMachine,BBR,L2A,HTTP/3
2025-04-29 04:47:52,stallRate,175.203999996185,2.50037218131504,TheEmptinessMachine,BBR,L2A,HTTP/3
2025-04-29 04:47:54,stallRate,177.203999996185,2.46842012419732,TheEmptinessMachine,BBR,L2A,HTTP/3
2025-04-29 04:47:56,stallRate,179.203999996185,2.43734043666911,TheEmptinessMachine,BBR,L2A,HTTP/3
2025-04-29 04:47:58,stallRate,181.203999996185,2.40685437426082,TheEmptinessMachine,BBR,L2A,HTTP/3
2025-04-29 04:48:00,stallRate,183.203999996185,2.3771331424694,TheEmptinessMachine,BBR,L2A,HTTP/3
2025-04-29 04:48:02,stallRate,185.203999996185,2.34821498237989,TheEmptinessMachine,BBR,L2A,HTTP/3
2025-04-29 04:48:04,stallRate,187.203999996185,2.32008167869725,TheEmptinessMachine,BBR,L2A,HTTP/3
2025-04-29 04:48:06,stallRate,189.203999996185,2.29271968682879,TheEmptinessMachine,BBR,L2A,HTTP/3
2025-04-29 04:48:08,stallRate,191.202999830246,2.26581763323783,TheEmptinessMachine,BBR,L2A,HTTP/3
2025-04-29 04:48:10,stallRate,193.203999996185,2.31110959683756,TheEmptinessMachine,BBR,L2A,HTTP/3
2025-04-29 04:48:12,stallRate,195.203999996185,2.3575304789138,TheEmptinessMachine,BBR,L2A,HTTP/3
2025-04-29 04:48:14,stallRate,197.203999996185,2.33094085289165,TheEmptinessMachine,BBR,L2A,HTTP/3
2025-04-29 04:48:16,stallRate,199.203999996185,2.30486503371147,TheEmptinessMachine,BBR,L2A,HTTP/3
2025-04-29 04:48:18,stallRate,201.202999830246,2.27926367282116,TheEmptinessMachine,BBR,L2A,HTTP/3
2025-04-29 04:48:20,stallRate,203.202999830246,2.25427877671242,TheEmptinessMachine,BBR,L2A,HTTP/3
2025-04-29 04:48:22,stallRate,205.203999996185,2.2298494822868,TheEmptinessMachine,BBR,L2A,HTTP/3
2025-04-29 04:48:24,stallRate,207.203999996185,2.20594186735016,TheEmptinessMachine,BBR,L2A,HTTP/3
2025-04-29 04:48:26,stallRate,209.203999996185,2.18259234768869,TheEmptinessMachine,BBR,L2A,HTTP/3
2025-04-29 04:48:28,stallRate,211.203999996185,2.15955272414208,TheEmptinessMachine,BBR,L2A,HTTP/3
2025-04-29 04:48:52,stallRate,1.24499988555908,0.0,TheEmptinessMachine,BBR,RB,HTTP/1.1
2025-04-29 04:48:54,stallRate,3.2409999370575,0.0,TheEmptinessMachine,BBR,RB,HTTP/1.1
2025-04-29 04:48:56,stallRate,5.2409999370575,0.0,TheEmptinessMachine,BBR,RB,HTTP/1.1
2025-04-29 04:48:58,stallRate,7.24000000953674,0.0,TheEmptinessMachine,BBR,RB,HTTP/1.1
2025-04-29 04:49:00,stallRate,9.24000000953674,0.0,TheEmptinessMachine,BBR,RB,HTTP/1.1
2025-04-29 04:49:02,stallRate,11.2409999370575,0.0,TheEmptinessMachine,BBR,RB,HTTP/1.1
2025-04-29 04:49:04,stallRate,13.2400000095367,0.0,TheEmptinessMachine,BBR,RB,HTTP/1.1
2025-04-29 04:49:06,stallRate,15.2400000095367,0.0,TheEmptinessMachine,BBR,RB,HTTP/1.1
2025-04-29 04:49:08,stallRate,17.2409999370575,0.0,TheEmptinessMachine,BBR,RB,HTTP/1.1
2025-04-29 04:49:10,stallRate,19.2400000095367,0.0,TheEmptinessMachine,BBR,RB,HTTP/1.1
2025-04-29 04:49:12,stallRate,21.2409999370575,0.0,TheEmptinessMachine,BBR,RB,HTTP/1.1
2025-04-29 04:49:14,stallRate,23.2400000095367,0.0,TheEmptinessMachine,BBR,RB,HTTP/1.1
2025-04-29 04:49:16,stallRate,25.2409999370575,0.0,TheEmptinessMachine,BBR,RB,HTTP/1.1
2025-04-29 04:49:18,stallRate,27.2400000095367,0.0,TheEmptinessMachine,BBR,RB,HTTP/1.1
2025-04-29 04:49:24,stallRate,33.2400000095367,11.2996834166763,TheEmptinessMachine,BBR,RB,HTTP/1.1
2025-04-29 04:49:26,stallRate,35.2409999370575,10.4308626222146,TheEmptinessMachine,BBR,RB,HTTP/1.1
2025-04-29 04:49:28,stallRate,37.2400000095367,9.68902021967017,TheEmptinessMachine,BBR,RB,HTTP/1.1
2025-04-29 04:49:30,stallRate,39.2409999370575,9.04502549513572,TheEmptinessMachine,BBR,RB,HTTP/1.1
2025-04-29 04:49:32,stallRate,41.2409999370575,8.48356848157916,TheEmptinessMachine,BBR,RB,HTTP/1.1
2025-04-29 04:49:34,stallRate,43.2409999370575,7.98861358687335,TheEmptinessMachine,BBR,RB,HTTP/1.1
2025-04-29 04:49:36,stallRate,45.2409999370575,7.54585695877877,TheEmptinessMachine,BBR,RB,HTTP/1.1
2025-04-29 04:49:38,stallRate,47.2409999370575,7.15264202248652,TheEmptinessMachine,BBR,RB,HTTP/1.1
2025-04-29 04:49:40,stallRate,49.2409999370575,6.79882158391537,TheEmptinessMachine,BBR,RB,HTTP/1.1
2025-04-29 04:49:42,stallRate,51.2409999370575,6.47406049208423,TheEmptinessMachine,BBR,RB,HTTP/1.1
2025-04-29 04:49:44,stallRate,53.2409999370575,6.18188947360311,TheEmptinessMachine,BBR,RB,HTTP/1.1
2025-04-29 04:49:48,stallRate,57.2409999370575,5.67048485108539,TheEmptinessMachine,BBR,RB,HTTP/1.1
2025-04-29 04:49:50,stallRate,59.2409999370575,5.44559768803739,TheEmptinessMachine,BBR,RB,HTTP/1.1
2025-04-29 04:49:52,stallRate,61.2409999370575,5.23703939791355,TheEmptinessMachine,BBR,RB,HTTP/1.1
2025-04-29 04:49:54,stallRate,63.2409999370575,5.04470682231094,TheEmptinessMachine,BBR,RB,HTTP/1.1
2025-04-29 04:49:56,stallRate,65.2409999370575,4.86518208944734,TheEmptinessMachine,BBR,RB,HTTP/1.1
2025-04-29 04:49:58,stallRate,67.2400000095367,4.69838021293027,TheEmptinessMachine,BBR,RB,HTTP/1.1
2025-04-29 04:50:00,stallRate,69.2400000095367,4.54260247516416,TheEmptinessMachine,BBR,RB,HTTP/1.1
2025-04-29 04:50:02,stallRate,71.2400000095367,4.39684076447632,TheEmptinessMachine,BBR,RB,HTTP/1.1
2025-04-29 04:50:04,stallRate,73.2409999370575,4.26036744744129,TheEmptinessMachine,BBR,RB,HTTP/1.1
2025-04-29 04:50:06,stallRate,75.2409999370575,4.13281901020831,TheEmptinessMachine,BBR,RB,HTTP/1.1
2025-04-29 04:50:08,stallRate,77.2400000095367,4.01172328685555,TheEmptinessMachine,BBR,RB,HTTP/1.1
2025-04-29 04:50:10,stallRate,79.2400000095367,3.89769055930599,TheEmptinessMachine,BBR,RB,HTTP/1.1
2025-04-29 04:50:12,stallRate,81.2400000095367,3.78945606188177,TheEmptinessMachine,BBR,RB,HTTP/1.1
2025-04-29 04:50:14,stallRate,83.2409999370575,3.68708732307534,TheEmptinessMachine,BBR,RB,HTTP/1.1
2025-04-29 04:50:16,stallRate,85.2409999370575,4.84002349011503,TheEmptinessMachine,BBR,RB,HTTP/1.1
2025-04-29 04:50:18,stallRate,87.2409999370575,4.71665903820481,TheEmptinessMachine,BBR,RB,HTTP/1.1
2025-04-29 04:50:20,stallRate,89.2400000095367,4.5992658334438,TheEmptinessMachine,BBR,RB,HTTP/1.1
2025-04-29 04:50:22,stallRate,91.2400000095367,4.48710410120436,TheEmptinessMachine,BBR,RB,HTTP/1.1
2025-04-29 04:50:24,stallRate,93.2400000095367,4.3808100309191,TheEmptinessMachine,BBR,RB,HTTP/1.1
2025-04-29 04:50:26,stallRate,95.2409999370575,4.27902902489505,TheEmptinessMachine,BBR,RB,HTTP/1.1
2025-04-29 04:50:28,stallRate,97.2409999370575,4.18267454529452,TheEmptinessMachine,BBR,RB,HTTP/1.1
2025-04-29 04:50:30,stallRate,99.2400000095367,4.09025104488933,TheEmptinessMachine,BBR,RB,HTTP/1.1
2025-04-29 04:50:32,stallRate,101.240000009537,4.00144313703301,TheEmptinessMachine,BBR,RB,HTTP/1.1
2025-04-29 04:50:36,stallRate,105.240999937057,5.3131999558968,TheEmptinessMachine,BBR,RB,HTTP/1.1
2025-04-29 04:50:38,stallRate,107.240999937057,5.20528671831342,TheEmptinessMachine,BBR,RB,HTTP/1.1
2025-04-29 04:50:40,stallRate,109.240000009537,5.10194421553334,TheEmptinessMachine,BBR,RB,HTTP/1.1
2025-04-29 04:50:42,stallRate,111.240000009537,5.00214637446937,TheEmptinessMachine,BBR,RB,HTTP/1.1
2025-04-29 04:50:44,stallRate,113.241999864578,4.9058892050022,TheEmptinessMachine,BBR,RB,HTTP/1.1
2025-04-29 04:50:46,stallRate,115.241999864578,4.81357773777119,TheEmptinessMachine,BBR,RB,HTTP/1.1
2025-04-29 04:50:48,stallRate,117.241999864578,4.72475227182375,TheEmptinessMachine,BBR,RB,HTTP/1.1
2025-04-29 04:50:50,stallRate,119.240000009537,4.63916156059919,TheEmptinessMachine,BBR,RB,HTTP/1.1
2025-04-29 04:50:52,stallRate,121.240000009537,4.55674978100785,TheEmptinessMachine,BBR,RB,HTTP/1.1
2025-04-29 04:50:54,stallRate,123.240000009537,4.47672511062799,TheEmptinessMachine,BBR,RB,HTTP/1.1
2025-04-29 04:50:56,stallRate,125.240999937057,4.39947089078282,TheEmptinessMachine,BBR,RB,HTTP/1.1
2025-04-29 04:50:58,stallRate,127.240999937057,4.32511364802249,TheEmptinessMachine,BBR,RB,HTTP/1.1
2025-04-29 04:51:00,stallRate,129.240000009537,4.25309477038197,TheEmptinessMachine,BBR,RB,HTTP/1.1
2025-04-29 04:51:02,stallRate,131.240999937057,4.1833133108577,TheEmptinessMachine,BBR,RB,HTTP/1.1
2025-04-29 04:51:04,stallRate,133.240000009537,4.11599720024398,TheEmptinessMachine,BBR,RB,HTTP/1.1
2025-04-29 04:51:06,stallRate,135.240999937057,4.0512251696304,TheEmptinessMachine,BBR,RB,HTTP/1.1
2025-04-29 04:51:08,stallRate,137.240999937057,3.98801318782253,TheEmptinessMachine,BBR,RB,HTTP/1.1
2025-04-29 04:51:10,stallRate,139.240999937057,3.92719498837437,TheEmptinessMachine,BBR,RB,HTTP/1.1
2025-04-29 04:51:12,stallRate,141.240999937057,3.86767445444564,TheEmptinessMachine,BBR,RB,HTTP/1.1
2025-04-29 04:51:14,stallRate,143.240000009537,3.81001805944581,TheEmptinessMachine,BBR,RB,HTTP/1.1
2025-04-29 04:51:16,stallRate,145.240999937057,3.75385299767625,TheEmptinessMachine,BBR,RB,HTTP/1.1
2025-04-29 04:51:18,stallRate,147.240999937057,3.69988833453469,TheEmptinessMachine,BBR,RB,HTTP/1.1
2025-04-29 04:51:20,stallRate,149.240000009537,3.64725286470936,TheEmptinessMachine,BBR,RB,HTTP/1.1
2025-04-29 04:51:22,stallRate,151.240000009537,3.5961716089357,TheEmptinessMachine,BBR,RB,HTTP/1.1
2025-04-29 04:51:24,stallRate,153.240999937057,3.54578693215236,TheEmptinessMachine,BBR,RB,HTTP/1.1
2025-04-29 04:51:26,stallRate,155.240999937057,3.49731391788204,TheEmptinessMachine,BBR,RB,HTTP/1.1
2025-04-29 04:51:28,stallRate,157.240999937057,3.45027984648029,TheEmptinessMachine,BBR,RB,HTTP/1.1
2025-04-29 04:51:30,stallRate,159.240000009537,3.40448981623397,TheEmptinessMachine,BBR,RB,HTTP/1.1
2025-04-29 04:51:32,stallRate,161.240000009537,3.35982595483085,TheEmptinessMachine,BBR,RB,HTTP/1.1
2025-04-29 04:51:34,stallRate,163.240000009537,3.31640356549033,TheEmptinessMachine,BBR,RB,HTTP/1.1
2025-04-29 04:51:36,stallRate,165.240000009537,3.27390460600429,TheEmptinessMachine,BBR,RB,HTTP/1.1
2025-04-29 04:51:38,stallRate,167.240999937057,3.23242314405658,TheEmptinessMachine,BBR,RB,HTTP/1.1
2025-04-29 04:51:40,stallRate,169.240000009537,3.19209839276063,TheEmptinessMachine,BBR,RB,HTTP/1.1
2025-04-29 04:51:42,stallRate,171.248999834061,3.15247047173397,TheEmptinessMachine,BBR,RB,HTTP/1.1
2025-04-29 04:51:44,stallRate,173.240000009537,3.1141233554709,TheEmptinessMachine,BBR,RB,HTTP/1.1
2025-04-29 04:51:46,stallRate,175.240999937057,3.07687726763471,TheEmptinessMachine,BBR,RB,HTTP/1.1
2025-04-29 04:51:48,stallRate,177.240000009537,3.04053100740043,TheEmptinessMachine,BBR,RB,HTTP/1.1
2025-04-29 04:51:50,stallRate,179.240000009537,3.00488802988373,TheEmptinessMachine,BBR,RB,HTTP/1.1
2025-04-29 04:51:52,stallRate,181.240000009537,2.96990504348076,TheEmptinessMachine,BBR,RB,HTTP/1.1
2025-04-29 04:51:54,stallRate,183.240000009537,2.93588127888469,TheEmptinessMachine,BBR,RB,HTTP/1.1
2025-04-29 04:51:56,stallRate,185.240999937057,2.90249987820491,TheEmptinessMachine,BBR,RB,HTTP/1.1
2025-04-29 04:51:58,stallRate,187.240000009537,2.86975884570346,TheEmptinessMachine,BBR,RB,HTTP/1.1
2025-04-29 04:52:00,stallRate,189.240999937057,2.83792885621687,TheEmptinessMachine,BBR,RB,HTTP/1.1
2025-04-29 04:52:02,stallRate,191.240999937057,2.80688764403603,TheEmptinessMachine,BBR,RB,HTTP/1.1
2025-04-29 04:52:04,stallRate,193.240999937057,2.7763854675401,TheEmptinessMachine,BBR,RB,HTTP/1.1
2025-04-29 04:52:06,stallRate,195.240000009537,2.74652433654555,TheEmptinessMachine,BBR,RB,HTTP/1.1
2025-04-29 04:52:08,stallRate,197.240999937057,2.71733932679155,TheEmptinessMachine,BBR,RB,HTTP/1.1
2025-04-29 04:52:10,stallRate,199.240999937057,2.68866939201476,TheEmptinessMachine,BBR,RB,HTTP/1.1
2025-04-29 04:52:12,stallRate,201.240000009537,2.66077791222928,TheEmptinessMachine,BBR,RB,HTTP/1.1
2025-04-29 04:52:14,stallRate,203.240000009537,2.63348588022435,TheEmptinessMachine,BBR,RB,HTTP/1.1
2025-04-29 04:52:46,stallRate,1.19299983978271,0.0,TheEmptinessMachine,BBR,RB,HTTP/2
2025-04-29 04:52:48,stallRate,3.19199991226196,0.0,TheEmptinessMachine,BBR,RB,HTTP/2
2025-04-29 04:52:50,stallRate,5.19199991226196,0.0,TheEmptinessMachine,BBR,RB,HTTP/2
2025-04-29 04:52:52,stallRate,7.19099998474121,0.0,TheEmptinessMachine,BBR,RB,HTTP/2
2025-04-29 04:52:54,stallRate,9.19099998474121,0.0,TheEmptinessMachine,BBR,RB,HTTP/2
2025-04-29 04:52:56,stallRate,11.1909999847412,0.0,TheEmptinessMachine,BBR,RB,HTTP/2
2025-04-29 04:52:58,stallRate,13.1909999847412,0.0,TheEmptinessMachine,BBR,RB,HTTP/2
2025-04-29 04:53:00,stallRate,15.191999912262,0.0,TheEmptinessMachine,BBR,RB,HTTP/2
2025-04-29 04:53:02,stallRate,17.191999912262,0.0,TheEmptinessMachine,BBR,RB,HTTP/2
2025-04-29 04:53:04,stallRate,19.191999912262,0.0,TheEmptinessMachine,BBR,RB,HTTP/2
2025-04-29 04:53:06,stallRate,21.191999912262,0.0,TheEmptinessMachine,BBR,RB,HTTP/2
2025-04-29 04:53:08,stallRate,23.191999912262,0.0,TheEmptinessMachine,BBR,RB,HTTP/2
2025-04-29 04:53:10,stallRate,25.191999912262,0.0,TheEmptinessMachine,BBR,RB,HTTP/2
2025-04-29 04:53:12,stallRate,27.191999912262,0.0,TheEmptinessMachine,BBR,RB,HTTP/2
2025-04-29 04:53:14,stallRate,29.191999912262,0.0,TheEmptinessMachine,BBR,RB,HTTP/2
2025-04-29 04:53:16,stallRate,31.191999912262,0.0,TheEmptinessMachine,BBR,RB,HTTP/2
2025-04-29 04:53:24,stallRate,39.191999912262,20.5912167683299,TheEmptinessMachine,BBR,RB,HTTP/2
2025-04-29 04:53:26,stallRate,41.191999912262,19.1113476158962,TheEmptinessMachine,BBR,RB,HTTP/2
2025-04-29 04:53:28,stallRate,43.191999912262,17.8261919361481,TheEmptinessMachine,BBR,RB,HTTP/2
2025-04-29 04:53:30,stallRate,45.191999912262,16.6973036096251,TheEmptinessMachine,BBR,RB,HTTP/2
2025-04-29 04:53:32,stallRate,47.191999912262,15.7117256664371,TheEmptinessMachine,BBR,RB,HTTP/2
2025-04-29 04:53:34,stallRate,49.191999912262,14.8332044469616,TheEmptinessMachine,BBR,RB,HTTP/2
2025-04-29 04:53:36,stallRate,51.191999912262,14.0518302326304,TheEmptinessMachine,BBR,RB,HTTP/2
2025-04-29 04:53:38,stallRate,53.1929998397827,13.3500967886405,TheEmptinessMachine,BBR,RB,HTTP/2
2025-04-29 04:53:40,stallRate,55.191999912262,12.7127326018374,TheEmptinessMachine,BBR,RB,HTTP/2
2025-04-29 04:53:42,stallRate,57.191999912262,12.1305860766222,TheEmptinessMachine,BBR,RB,HTTP/2
2025-04-29 04:53:44,stallRate,59.191999912262,11.6032380124842,TheEmptinessMachine,BBR,RB,HTTP/2
2025-04-29 04:53:46,stallRate,61.191999912262,11.1206120378245,TheEmptinessMachine,BBR,RB,HTTP/2
2025-04-29 04:53:48,stallRate,63.191999912262,10.6747455872668,TheEmptinessMachine,BBR,RB,HTTP/2
2025-04-29 04:53:50,stallRate,65.191999912262,10.26486913876,TheEmptinessMachine,BBR,RB,HTTP/2
2025-04-29 04:53:52,stallRate,67.191999912262,9.88377509804253,TheEmptinessMachine,BBR,RB,HTTP/2
2025-04-29 04:53:54,stallRate,69.191999912262,9.53106096354326,TheEmptinessMachine,BBR,RB,HTTP/2
2025-04-29 04:53:56,stallRate,71.191999912262,9.2012416885498,TheEmptinessMachine,BBR,RB,HTTP/2
2025-04-29 04:53:58,stallRate,73.191999912262,8.89427121788198,TheEmptinessMachine,BBR,RB,HTTP/2
2025-04-29 04:54:00,stallRate,75.191999912262,8.60858226727381,TheEmptinessMachine,BBR,RB,HTTP/2
2025-04-29 04:54:02,stallRate,77.191999912262,8.337346069928,TheEmptinessMachine,BBR,RB,HTTP/2
2025-04-29 04:54:04,stallRate,79.1929998397827,8.08354101594382,TheEmptinessMachine,BBR,RB,HTTP/2
2025-04-29 04:54:06,stallRate,81.191999912262,7.84645152301305,TheEmptinessMachine,BBR,RB,HTTP/2
2025-04-29 04:54:08,stallRate,83.191999912262,7.62287434982402,TheEmptinessMachine,BBR,RB,HTTP/2
2025-04-29 04:54:10,stallRate,85.194000005722,7.41052813065536,TheEmptinessMachine,BBR,RB,HTTP/2
2025-04-29 04:54:12,stallRate,87.191999912262,7.20908035997625,TheEmptinessMachine,BBR,RB,HTTP/2
2025-04-29 04:54:14,stallRate,89.191999912262,7.01946110921313,TheEmptinessMachine,BBR,RB,HTTP/2
2025-04-29 04:54:16,stallRate,91.1929998397827,6.83878035638286,TheEmptinessMachine,BBR,RB,HTTP/2
2025-04-29 04:54:18,stallRate,93.191999912262,6.66742868949415,TheEmptinessMachine,BBR,RB,HTTP/2
2025-04-29 04:54:20,stallRate,95.191999912262,6.50465923357497,TheEmptinessMachine,BBR,RB,HTTP/2
2025-04-29 04:54:22,stallRate,97.191999912262,6.35004315949108,TheEmptinessMachine,BBR,RB,HTTP/2
2025-04-29 04:54:24,stallRate,99.191999912262,6.20268412348439,TheEmptinessMachine,BBR,RB,HTTP/2
2025-04-29 04:54:26,stallRate,101.192999839783,6.06086533923309,TheEmptinessMachine,BBR,RB,HTTP/2
2025-04-29 04:54:28,stallRate,103.191999912262,5.92591047511131,TheEmptinessMachine,BBR,RB,HTTP/2
2025-04-29 04:54:30,stallRate,105.190999984741,5.79813333765899,TheEmptinessMachine,BBR,RB,HTTP/2
2025-04-29 04:54:32,stallRate,107.191999912262,5.67497380527431,TheEmptinessMachine,BBR,RB,HTTP/2
2025-04-29 04:54:34,stallRate,109.191999912262,5.55636965528489,TheEmptinessMachine,BBR,RB,HTTP/2
2025-04-29 04:54:36,stallRate,111.191999912262,5.4420947113383,TheEmptinessMachine,BBR,RB,HTTP/2
2025-04-29 04:54:38,stallRate,113.190999984741,5.33272669569086,TheEmptinessMachine,BBR,RB,HTTP/2
2025-04-29 04:54:40,stallRate,115.190999984741,5.22805403004588,TheEmptinessMachine,BBR,RB,HTTP/2
2025-04-29 04:54:42,stallRate,117.191999912262,5.12808507881592,TheEmptinessMachine,BBR,RB,HTTP/2
2025-04-29 04:54:44,stallRate,119.191999912262,5.03111860654693,TheEmptinessMachine,BBR,RB,HTTP/2
2025-04-29 04:54:46,stallRate,121.191999912262,4.93801044402614,TheEmptinessMachine,BBR,RB,HTTP/2
2025-04-29 04:54:48,stallRate,123.190999984741,4.84790409261741,TheEmptinessMachine,BBR,RB,HTTP/2
2025-04-29 04:54:50,stallRate,125.191999912262,4.76145288127103,TheEmptinessMachine,BBR,RB,HTTP/2
2025-04-29 04:54:52,stallRate,127.190999984741,4.67822186384476,TheEmptinessMachine,BBR,RB,HTTP/2
2025-04-29 04:54:54,stallRate,129.190999984741,4.59774818948315,TheEmptinessMachine,BBR,RB,HTTP/2
2025-04-29 04:54:56,stallRate,131.191999912262,4.51982175092383,TheEmptinessMachine,BBR,RB,HTTP/2
2025-04-29 04:54:58,stallRate,133.191999912262,4.4442237494926,TheEmptinessMachine,BBR,RB,HTTP/2
2025-04-29 04:55:00,stallRate,135.191999912262,4.37139489819345,TheEmptinessMachine,BBR,RB,HTTP/2
2025-04-29 04:55:02,stallRate,137.190999984741,4.30071997459268,TheEmptinessMachine,BBR,RB,HTTP/2
2025-04-29 04:55:04,stallRate,139.191999912262,4.23243846553684,TheEmptinessMachine,BBR,RB,HTTP/2
2025-04-29 04:55:06,stallRate,141.192999839783,4.16636680947623,TheEmptinessMachine,BBR,RB,HTTP/2
2025-04-29 04:55:08,stallRate,143.191999912262,4.102288919736,TheEmptinessMachine,BBR,RB,HTTP/2
2025-04-29 04:55:10,stallRate,145.191999912262,4.04021255079379,TheEmptinessMachine,BBR,RB,HTTP/2
2025-04-29 04:55:12,stallRate,147.191999912262,3.97971678801019,TheEmptinessMachine,BBR,RB,HTTP/2
2025-04-29 04:55:14,stallRate,149.190999984741,3.92129697907405,TheEmptinessMachine,BBR,RB,HTTP/2
2025-04-29 04:55:16,stallRate,151.190999984741,3.86430435477756,TheEmptinessMachine,BBR,RB,HTTP/2
2025-04-29 04:55:18,stallRate,153.191999912262,3.80919003313437,TheEmptinessMachine,BBR,RB,HTTP/2
2025-04-29 04:55:20,stallRate,155.191999912262,3.75538595287387,TheEmptinessMachine,BBR,RB,HTTP/2
2025-04-29 04:55:22,stallRate,157.190999984741,3.70292247200188,TheEmptinessMachine,BBR,RB,HTTP/2
2025-04-29 04:55:24,stallRate,159.191999912262,3.65219463272058,TheEmptinessMachine,BBR,RB,HTTP/2
2025-04-29 04:55:26,stallRate,161.191999912262,3.60296990124506,TheEmptinessMachine,BBR,RB,HTTP/2
2025-04-29 04:55:28,stallRate,163.190999984741,3.55488202720106,TheEmptinessMachine,BBR,RB,HTTP/2
2025-04-29 04:55:30,stallRate,165.192999839783,3.50816871394655,TheEmptinessMachine,BBR,RB,HTTP/2
2025-04-29 04:55:32,stallRate,167.191999912262,3.46251567404398,TheEmptinessMachine,BBR,RB,HTTP/2
2025-04-29 04:55:34,stallRate,169.191999912262,3.41786957277103,TheEmptinessMachine,BBR,RB,HTTP/2
2025-04-29 04:55:36,stallRate,171.191999912262,3.37478195655175,TheEmptinessMachine,BBR,RB,HTTP/2
2025-04-29 04:55:38,stallRate,173.191999912262,3.33263963004703,TheEmptinessMachine,BBR,RB,HTTP/2
2025-04-29 04:55:40,stallRate,175.191999912262,3.29137436731973,TheEmptinessMachine,BBR,RB,HTTP/2
2025-04-29 04:55:42,stallRate,177.192999839783,3.25128695224706,TheEmptinessMachine,BBR,RB,HTTP/2
2025-04-29 04:55:44,stallRate,179.191999912262,3.21204340357355,TheEmptinessMachine,BBR,RB,HTTP/2
2025-04-29 04:55:46,stallRate,181.191999912262,3.1738131314782,TheEmptinessMachine,BBR,RB,HTTP/2
2025-04-29 04:55:48,stallRate,183.192999839783,3.13645170911883,TheEmptinessMachine,BBR,RB,HTTP/2
2025-04-29 04:55:50,stallRate,185.192999839783,3.09997653191501,TheEmptinessMachine,BBR,RB,HTTP/2
2025-04-29 04:55:52,stallRate,187.192999839783,3.06442887979607,TheEmptinessMachine,BBR,RB,HTTP/2
2025-04-29 04:55:54,stallRate,189.192999839783,3.02954233794096,TheEmptinessMachine,BBR,RB,HTTP/2
2025-04-29 04:55:56,stallRate,191.191999912262,2.99541050303325,TheEmptinessMachine,BBR,RB,HTTP/2
2025-04-29 04:55:58,stallRate,193.191999912262,2.96211686675661,TheEmptinessMachine,BBR,RB,HTTP/2
2025-04-29 04:56:00,stallRate,195.191999912262,2.92961840913578,TheEmptinessMachine,BBR,RB,HTTP/2
2025-04-29 04:56:02,stallRate,197.191999912262,2.8977616967056,TheEmptinessMachine,BBR,RB,HTTP/2
2025-04-29 04:56:04,stallRate,199.194000005722,2.86644704896712,TheEmptinessMachine,BBR,RB,HTTP/2
2025-04-29 04:56:06,stallRate,201.191999912262,2.8360170428997,TheEmptinessMachine,BBR,RB,HTTP/2
2025-04-29 04:56:08,stallRate,203.191999912262,2.80626061542315,TheEmptinessMachine,BBR,RB,HTTP/2
2025-04-29 04:56:10,stallRate,205.190999984741,2.77697471392511,TheEmptinessMachine,BBR,RB,HTTP/2
2025-04-29 04:56:44,stallRate,1.20300006866455,0.0,TheEmptinessMachine,BBR,RB,HTTP/3
2025-04-29 04:56:46,stallRate,3.20000004768372,0.0,TheEmptinessMachine,BBR,RB,HTTP/3
2025-04-29 04:56:48,stallRate,5.20000004768372,0.0,TheEmptinessMachine,BBR,RB,HTTP/3
2025-04-29 04:56:50,stallRate,7.20000004768372,0.0,TheEmptinessMachine,BBR,RB,HTTP/3
2025-04-29 04:56:52,stallRate,9.20000004768372,0.0,TheEmptinessMachine,BBR,RB,HTTP/3
2025-04-29 04:56:54,stallRate,11.2000000476837,0.0,TheEmptinessMachine,BBR,RB,HTTP/3
2025-04-29 04:56:56,stallRate,13.2000000476837,0.0,TheEmptinessMachine,BBR,RB,HTTP/3
2025-04-29 04:56:58,stallRate,15.2000000476837,0.0,TheEmptinessMachine,BBR,RB,HTTP/3
2025-04-29 04:57:00,stallRate,17.2000000476837,0.0,TheEmptinessMachine,BBR,RB,HTTP/3
2025-04-29 04:57:02,stallRate,19.2000000476837,0.0,TheEmptinessMachine,BBR,RB,HTTP/3
2025-04-29 04:57:04,stallRate,21.2000000476837,0.0,TheEmptinessMachine,BBR,RB,HTTP/3
2025-04-29 04:57:06,stallRate,23.2000000476837,0.0,TheEmptinessMachine,BBR,RB,HTTP/3
2025-04-29 04:57:08,stallRate,25.2000000476837,0.0,TheEmptinessMachine,BBR,RB,HTTP/3
2025-04-29 04:57:10,stallRate,27.2000000476837,0.0,TheEmptinessMachine,BBR,RB,HTTP/3
2025-04-29 04:57:12,stallRate,29.2000000476837,0.0,TheEmptinessMachine,BBR,RB,HTTP/3
2025-04-29 04:57:14,stallRate,31.2000000476837,0.0,TheEmptinessMachine,BBR,RB,HTTP/3
2025-04-29 04:57:16,stallRate,33.2000000476837,0.0,TheEmptinessMachine,BBR,RB,HTTP/3
2025-04-29 04:57:18,stallRate,35.2000000476837,0.0,TheEmptinessMachine,BBR,RB,HTTP/3
2025-04-29 04:57:20,stallRate,37.2009999752045,0.0,TheEmptinessMachine,BBR,RB,HTTP/3
2025-04-29 04:57:22,stallRate,39.2000000476837,0.0,TheEmptinessMachine,BBR,RB,HTTP/3
2025-04-29 04:57:24,stallRate,41.2000000476837,0.0,TheEmptinessMachine,BBR,RB,HTTP/3
2025-04-29 04:57:26,stallRate,43.2000000476837,0.0,TheEmptinessMachine,BBR,RB,HTTP/3
2025-04-29 04:57:28,stallRate,45.2000000476837,0.0,TheEmptinessMachine,BBR,RB,HTTP/3
2025-04-29 04:57:30,stallRate,47.2000000476837,0.0,TheEmptinessMachine,BBR,RB,HTTP/3
2025-04-29 04:57:32,stallRate,49.2000000476837,0.0,TheEmptinessMachine,BBR,RB,HTTP/3
2025-04-29 04:57:34,stallRate,51.2000000476837,0.0,TheEmptinessMachine,BBR,RB,HTTP/3
2025-04-29 04:57:36,stallRate,53.2000000476837,0.0,TheEmptinessMachine,BBR,RB,HTTP/3
2025-04-29 04:57:38,stallRate,55.2000000476837,0.0,TheEmptinessMachine,BBR,RB,HTTP/3
2025-04-29 04:57:40,stallRate,57.2000000476837,0.0,TheEmptinessMachine,BBR,RB,HTTP/3
2025-04-29 04:57:42,stallRate,59.2000000476837,0.0,TheEmptinessMachine,BBR,RB,HTTP/3
2025-04-29 04:57:44,stallRate,61.2000000476837,0.0,TheEmptinessMachine,BBR,RB,HTTP/3
2025-04-29 04:57:46,stallRate,63.2000000476837,0.0,TheEmptinessMachine,BBR,RB,HTTP/3
2025-04-29 04:57:48,stallRate,65.2000000476837,0.0,TheEmptinessMachine,BBR,RB,HTTP/3
2025-04-29 04:57:50,stallRate,67.2000000476837,0.0,TheEmptinessMachine,BBR,RB,HTTP/3
2025-04-29 04:57:52,stallRate,69.2000000476837,0.0,TheEmptinessMachine,BBR,RB,HTTP/3
2025-04-29 04:57:54,stallRate,71.2000000476837,0.0,TheEmptinessMachine,BBR,RB,HTTP/3
2025-04-29 04:57:56,stallRate,73.2000000476837,0.0,TheEmptinessMachine,BBR,RB,HTTP/3
2025-04-29 04:57:58,stallRate,75.2000000476837,0.0,TheEmptinessMachine,BBR,RB,HTTP/3
2025-04-29 04:58:00,stallRate,77.2000000476837,0.0,TheEmptinessMachine,BBR,RB,HTTP/3
2025-04-29 04:58:02,stallRate,79.2000000476837,0.0,TheEmptinessMachine,BBR,RB,HTTP/3
2025-04-29 04:58:04,stallRate,81.2000000476837,0.0,TheEmptinessMachine,BBR,RB,HTTP/3
2025-04-29 04:58:06,stallRate,83.2000000476837,0.0,TheEmptinessMachine,BBR,RB,HTTP/3
2025-04-29 04:58:08,stallRate,85.2000000476837,0.0,TheEmptinessMachine,BBR,RB,HTTP/3
2025-04-29 04:58:10,stallRate,87.2000000476837,0.0,TheEmptinessMachine,BBR,RB,HTTP/3
2025-04-29 04:58:12,stallRate,89.2000000476837,0.0,TheEmptinessMachine,BBR,RB,HTTP/3
2025-04-29 04:58:14,stallRate,91.2000000476837,0.0,TheEmptinessMachine,BBR,RB,HTTP/3
2025-04-29 04:58:16,stallRate,93.2000000476837,0.0,TheEmptinessMachine,BBR,RB,HTTP/3
2025-04-29 04:58:18,stallRate,95.2000000476837,0.0,TheEmptinessMachine,BBR,RB,HTTP/3
2025-04-29 04:58:20,stallRate,97.2000000476837,0.0,TheEmptinessMachine,BBR,RB,HTTP/3
2025-04-29 04:58:22,stallRate,99.2000000476837,0.0,TheEmptinessMachine,BBR,RB,HTTP/3
2025-04-29 04:58:24,stallRate,101.200000047684,0.0,TheEmptinessMachine,BBR,RB,HTTP/3
2025-04-29 04:58:26,stallRate,103.200000047684,0.0,TheEmptinessMachine,BBR,RB,HTTP/3
2025-04-29 04:58:28,stallRate,105.200000047684,0.0,TheEmptinessMachine,BBR,RB,HTTP/3
2025-04-29 04:58:30,stallRate,107.200000047684,0.0,TheEmptinessMachine,BBR,RB,HTTP/3
2025-04-29 04:58:32,stallRate,109.200000047684,0.0,TheEmptinessMachine,BBR,RB,HTTP/3
2025-04-29 04:58:34,stallRate,111.200000047684,0.0,TheEmptinessMachine,BBR,RB,HTTP/3
2025-04-29 04:58:36,stallRate,113.200000047684,0.0,TheEmptinessMachine,BBR,RB,HTTP/3
2025-04-29 04:58:38,stallRate,115.200000047684,0.0,TheEmptinessMachine,BBR,RB,HTTP/3
2025-04-29 04:58:40,stallRate,117.200999975204,0.0,TheEmptinessMachine,BBR,RB,HTTP/3
2025-04-29 04:58:42,stallRate,119.200000047684,0.0,TheEmptinessMachine,BBR,RB,HTTP/3
2025-04-29 04:58:44,stallRate,121.200000047684,0.0,TheEmptinessMachine,BBR,RB,HTTP/3
2025-04-29 04:58:46,stallRate,123.200000047684,0.0,TheEmptinessMachine,BBR,RB,HTTP/3
2025-04-29 04:58:48,stallRate,125.200000047684,0.0,TheEmptinessMachine,BBR,RB,HTTP/3
2025-04-29 04:58:50,stallRate,127.200000047684,0.0,TheEmptinessMachine,BBR,RB,HTTP/3
2025-04-29 04:58:52,stallRate,129.200000047684,0.0,TheEmptinessMachine,BBR,RB,HTTP/3
2025-04-29 04:58:54,stallRate,131.200000047684,0.0,TheEmptinessMachine,BBR,RB,HTTP/3
2025-04-29 04:58:56,stallRate,133.200000047684,0.0,TheEmptinessMachine,BBR,RB,HTTP/3
2025-04-29 04:58:58,stallRate,135.200000047684,0.0,TheEmptinessMachine,BBR,RB,HTTP/3
2025-04-29 04:59:00,stallRate,137.200000047684,0.0,TheEmptinessMachine,BBR,RB,HTTP/3
2025-04-29 04:59:02,stallRate,139.200000047684,0.0,TheEmptinessMachine,BBR,RB,HTTP/3
2025-04-29 04:59:04,stallRate,141.200000047684,0.0,TheEmptinessMachine,BBR,RB,HTTP/3
2025-04-29 04:59:06,stallRate,143.200000047684,0.0,TheEmptinessMachine,BBR,RB,HTTP/3
2025-04-29 04:59:08,stallRate,145.200000047684,0.0,TheEmptinessMachine,BBR,RB,HTTP/3
2025-04-29 04:59:10,stallRate,147.200000047684,0.0,TheEmptinessMachine,BBR,RB,HTTP/3
2025-04-29 04:59:12,stallRate,149.200000047684,0.0,TheEmptinessMachine,BBR,RB,HTTP/3
2025-04-29 04:59:14,stallRate,151.200000047684,0.0,TheEmptinessMachine,BBR,RB,HTTP/3
2025-04-29 04:59:16,stallRate,153.200000047684,0.0,TheEmptinessMachine,BBR,RB,HTTP/3
2025-04-29 04:59:18,stallRate,155.200000047684,0.0,TheEmptinessMachine,BBR,RB,HTTP/3
2025-04-29 04:59:20,stallRate,157.200000047684,0.0,TheEmptinessMachine,BBR,RB,HTTP/3
2025-04-29 04:59:22,stallRate,159.200000047684,0.0,TheEmptinessMachine,BBR,RB,HTTP/3
2025-04-29 04:59:24,stallRate,161.200000047684,0.0,TheEmptinessMachine,BBR,RB,HTTP/3
2025-04-29 04:59:26,stallRate,163.200000047684,0.0,TheEmptinessMachine,BBR,RB,HTTP/3
2025-04-29 04:59:28,stallRate,165.200000047684,0.0,TheEmptinessMachine,BBR,RB,HTTP/3
2025-04-29 04:59:30,stallRate,167.200000047684,0.0,TheEmptinessMachine,BBR,RB,HTTP/3
2025-04-29 04:59:32,stallRate,169.200000047684,0.0,TheEmptinessMachine,BBR,RB,HTTP/3
2025-04-29 04:59:34,stallRate,171.200000047684,0.0,TheEmptinessMachine,BBR,RB,HTTP/3
2025-04-29 04:59:36,stallRate,173.200000047684,0.0,TheEmptinessMachine,BBR,RB,HTTP/3
2025-04-29 04:59:38,stallRate,175.200000047684,0.0,TheEmptinessMachine,BBR,RB,HTTP/3
2025-04-29 04:59:40,stallRate,177.200000047684,0.0,TheEmptinessMachine,BBR,RB,HTTP/3
2025-04-29 04:59:42,stallRate,179.200000047684,0.0,TheEmptinessMachine,BBR,RB,HTTP/3
2025-04-29 04:59:44,stallRate,181.200000047684,0.0,TheEmptinessMachine,BBR,RB,HTTP/3
2025-04-29 04:59:46,stallRate,183.200000047684,0.0,TheEmptinessMachine,BBR,RB,HTTP/3
2025-04-29 04:59:48,stallRate,185.200000047684,0.0,TheEmptinessMachine,BBR,RB,HTTP/3
2025-04-29 04:59:50,stallRate,187.200000047684,0.0,TheEmptinessMachine,BBR,RB,HTTP/3
2025-04-29 04:59:52,stallRate,189.200000047684,0.0,TheEmptinessMachine,BBR,RB,HTTP/3
2025-04-29 04:59:54,stallRate,191.200000047684,0.0,TheEmptinessMachine,BBR,RB,HTTP/3
2025-04-29 04:59:56,stallRate,193.200000047684,0.0,TheEmptinessMachine,BBR,RB,HTTP/3
2025-04-29 04:59:58,stallRate,195.200000047684,0.0,TheEmptinessMachine,BBR,RB,HTTP/3
2025-04-29 05:00:00,stallRate,197.200000047684,0.0,TheEmptinessMachine,BBR,RB,HTTP/3
2025-04-29 05:00:38,stallRate,1.21500015258789,0.0,TheEmptinessMachine,BBR,Throughput,HTTP/1.1
2025-04-29 05:00:40,stallRate,3.21200013160706,0.0,TheEmptinessMachine,BBR,Throughput,HTTP/1.1
2025-04-29 05:00:42,stallRate,5.21200013160706,0.0,TheEmptinessMachine,BBR,Throughput,HTTP/1.1
2025-04-29 05:00:44,stallRate,7.21200013160706,0.0,TheEmptinessMachine,BBR,Throughput,HTTP/1.1
2025-04-29 05:00:54,stallRate,17.2120001316071,0.0,TheEmptinessMachine,BBR,Throughput,HTTP/1.1
2025-04-29 05:00:56,stallRate,19.2120001316071,0.0,TheEmptinessMachine,BBR,Throughput,HTTP/1.1
2025-04-29 05:00:58,stallRate,21.2130000591278,0.0,TheEmptinessMachine,BBR,Throughput,HTTP/1.1
2025-04-29 05:01:00,stallRate,23.2120001316071,0.0,TheEmptinessMachine,BBR,Throughput,HTTP/1.1
2025-04-29 05:01:02,stallRate,25.2130000591278,0.0,TheEmptinessMachine,BBR,Throughput,HTTP/1.1
2025-04-29 05:01:04,stallRate,27.2120001316071,0.0,TheEmptinessMachine,BBR,Throughput,HTTP/1.1
2025-04-29 05:01:06,stallRate,29.2130000591278,0.0,TheEmptinessMachine,BBR,Throughput,HTTP/1.1
2025-04-29 05:01:08,stallRate,31.2130000591278,0.0,TheEmptinessMachine,BBR,Throughput,HTTP/1.1
2025-04-29 05:01:10,stallRate,33.2120001316071,0.0,TheEmptinessMachine,BBR,Throughput,HTTP/1.1
2025-04-29 05:01:12,stallRate,35.2120001316071,0.0,TheEmptinessMachine,BBR,Throughput,HTTP/1.1
2025-04-29 05:01:14,stallRate,37.2120001316071,0.0,TheEmptinessMachine,BBR,Throughput,HTTP/1.1
2025-04-29 05:01:16,stallRate,39.2130000591278,0.0,TheEmptinessMachine,BBR,Throughput,HTTP/1.1
2025-04-29 05:01:18,stallRate,41.2120001316071,0.0,TheEmptinessMachine,BBR,Throughput,HTTP/1.1
2025-04-29 05:01:20,stallRate,43.2130000591278,0.445083609754179,TheEmptinessMachine,BBR,Throughput,HTTP/1.1
2025-04-29 05:01:22,stallRate,45.2130000591278,0.419858579384997,TheEmptinessMachine,BBR,Throughput,HTTP/1.1
2025-04-29 05:01:24,stallRate,47.2120001316071,0.64268081677441,TheEmptinessMachine,BBR,Throughput,HTTP/1.1
2025-04-29 05:01:26,stallRate,49.2120001316071,1.05208455235405,TheEmptinessMachine,BBR,Throughput,HTTP/1.1
2025-04-29 05:01:28,stallRate,51.2120001316071,1.00123036694497,TheEmptinessMachine,BBR,Throughput,HTTP/1.1
2025-04-29 05:01:30,stallRate,53.2130000591278,1.05662685264532,TheEmptinessMachine,BBR,Throughput,HTTP/1.1
2025-04-29 05:01:32,stallRate,55.2120001316071,1.16467249100358,TheEmptinessMachine,BBR,Throughput,HTTP/1.1
2025-04-29 05:01:34,stallRate,57.2120001316071,1.1151975117445,TheEmptinessMachine,BBR,Throughput,HTTP/1.1
2025-04-29 05:01:36,stallRate,59.2130000591278,1.20207904869616,TheEmptinessMachine,BBR,Throughput,HTTP/1.1
2025-04-29 05:01:38,stallRate,61.2130000591278,1.32706570204568,TheEmptinessMachine,BBR,Throughput,HTTP/1.1
2025-04-29 05:01:40,stallRate,63.2130000591278,1.27723602069422,TheEmptinessMachine,BBR,Throughput,HTTP/1.1
2025-04-29 05:01:42,stallRate,65.2120001316071,1.63305410068649,TheEmptinessMachine,BBR,Throughput,HTTP/1.1
2025-04-29 05:01:44,stallRate,67.2120001316071,1.87699605467714,TheEmptinessMachine,BBR,Throughput,HTTP/1.1
2025-04-29 05:01:46,stallRate,69.2120001316071,1.81385206487303,TheEmptinessMachine,BBR,Throughput,HTTP/1.1
2025-04-29 05:01:48,stallRate,71.2120001316071,1.75454946694254,TheEmptinessMachine,BBR,Throughput,HTTP/1.1
2025-04-29 05:01:50,stallRate,73.2130000591278,1.6989047596659,TheEmptinessMachine,BBR,Throughput,HTTP/1.1
2025-04-29 05:01:52,stallRate,75.2120001316071,1.64712551770858,TheEmptinessMachine,BBR,Throughput,HTTP/1.1
2025-04-29 05:01:54,stallRate,77.2120001316071,1.59797438459662,TheEmptinessMachine,BBR,Throughput,HTTP/1.1
2025-04-29 05:01:56,stallRate,79.2130000591278,1.5517884788148,TheEmptinessMachine,BBR,Throughput,HTTP/1.1
2025-04-29 05:01:58,stallRate,81.2120001316071,1.50832193613406,TheEmptinessMachine,BBR,Throughput,HTTP/1.1
2025-04-29 05:02:00,stallRate,83.2120001316071,1.46707354889698,TheEmptinessMachine,BBR,Throughput,HTTP/1.1
2025-04-29 05:02:02,stallRate,85.2130000591278,1.42794861324806,TheEmptinessMachine,BBR,Throughput,HTTP/1.1
2025-04-29 05:02:04,stallRate,87.2130000591278,1.39096589393915,TheEmptinessMachine,BBR,Throughput,HTTP/1.1
2025-04-29 05:02:06,stallRate,89.2130000591278,1.35606935600918,TheEmptinessMachine,BBR,Throughput,HTTP/1.1
2025-04-29 05:02:08,stallRate,91.2120001316071,1.32266135462594,TheEmptinessMachine,BBR,Throughput,HTTP/1.1
2025-04-29 05:02:10,stallRate,93.2120001316071,1.29092298218817,TheEmptinessMachine,BBR,Throughput,HTTP/1.1
2025-04-29 05:02:12,stallRate,95.2120001316071,1.26082296805674,TheEmptinessMachine,BBR,Throughput,HTTP/1.1
2025-04-29 05:02:14,stallRate,97.2120001316071,1.23190144733491,TheEmptinessMachine,BBR,Throughput,HTTP/1.1
2025-04-29 05:02:16,stallRate,99.2130000591278,1.20431903226977,TheEmptinessMachine,BBR,Throughput,HTTP/1.1
2025-04-29 05:02:18,stallRate,101.212000131607,1.1778267559969,TheEmptinessMachine,BBR,Throughput,HTTP/1.1
2025-04-29 05:02:20,stallRate,103.212000131607,1.15247965251039,TheEmptinessMachine,BBR,Throughput,HTTP/1.1
2025-04-29 05:02:22,stallRate,105.213000059128,1.12839472087307,TheEmptinessMachine,BBR,Throughput,HTTP/1.1
2025-04-29 05:02:24,stallRate,107.212000131607,1.10511471107229,TheEmptinessMachine,BBR,Throughput,HTTP/1.1
2025-04-29 05:02:26,stallRate,109.212000131607,1.08282748743749,TheEmptinessMachine,BBR,Throughput,HTTP/1.1
2025-04-29 05:02:28,stallRate,111.212000131607,1.06147449335036,TheEmptinessMachine,BBR,Throughput,HTTP/1.1
2025-04-29 05:02:30,stallRate,113.212000131607,1.04088641143103,TheEmptinessMachine,BBR,Throughput,HTTP/1.1
2025-04-29 05:02:32,stallRate,115.212000131607,1.02115010117989,TheEmptinessMachine,BBR,Throughput,HTTP/1.1
2025-04-29 05:02:34,stallRate,117.213999986649,1.00216731269138,TheEmptinessMachine,BBR,Throughput,HTTP/1.1
2025-04-29 05:02:36,stallRate,119.212000131607,0.983812630011118,TheEmptinessMachine,BBR,Throughput,HTTP/1.1
2025-04-29 05:02:38,stallRate,121.213000059128,0.966168314809234,TheEmptinessMachine,BBR,Throughput,HTTP/1.1
2025-04-29 05:02:40,stallRate,123.212000131607,0.949075109176088,TheEmptinessMachine,BBR,Throughput,HTTP/1.1
2025-04-29 05:02:42,stallRate,125.212000131607,0.932558397088597,TheEmptinessMachine,BBR,Throughput,HTTP/1.1
2025-04-29 05:02:44,stallRate,127.212000131607,0.916645911079299,TheEmptinessMachine,BBR,Throughput,HTTP/1.1
2025-04-29 05:02:46,stallRate,129.213000059128,0.901214762539049,TheEmptinessMachine,BBR,Throughput,HTTP/1.1
2025-04-29 05:02:48,stallRate,131.212000131607,0.886377511597026,TheEmptinessMachine,BBR,Throughput,HTTP/1.1
2025-04-29 05:02:50,stallRate,133.213000059128,0.872042610852047,TheEmptinessMachine,BBR,Throughput,HTTP/1.1
2025-04-29 05:02:52,stallRate,135.212000131607,0.858103151168857,TheEmptinessMachine,BBR,Throughput,HTTP/1.1
2025-04-29 05:02:54,stallRate,137.212000131607,0.84460879128265,TheEmptinessMachine,BBR,Throughput,HTTP/1.1
2025-04-29 05:02:56,stallRate,139.212000131607,0.831540295558998,TheEmptinessMachine,BBR,Throughput,HTTP/1.1
2025-04-29 05:02:58,stallRate,141.213000059128,0.818885411470871,TheEmptinessMachine,BBR,Throughput,HTTP/1.1
2025-04-29 05:03:00,stallRate,143.212000131607,0.806630696451795,TheEmptinessMachine,BBR,Throughput,HTTP/1.1
2025-04-29 05:03:02,stallRate,145.212000131607,0.794710716611718,TheEmptinessMachine,BBR,Throughput,HTTP/1.1
2025-04-29 05:03:04,stallRate,147.213000059128,0.783150523768163,TheEmptinessMachine,BBR,Throughput,HTTP/1.1
2025-04-29 05:03:06,stallRate,149.212000131607,0.771813857714413,TheEmptinessMachine,BBR,Throughput,HTTP/1.1
2025-04-29 05:03:08,stallRate,151.212000131607,0.760866842823776,TheEmptinessMachine,BBR,Throughput,HTTP/1.1
2025-04-29 05:03:10,stallRate,153.212000131607,0.750256817069343,TheEmptinessMachine,BBR,Throughput,HTTP/1.1
2025-04-29 05:03:12,stallRate,155.212000131607,0.739996292170192,TheEmptinessMachine,BBR,Throughput,HTTP/1.1
2025-04-29 05:03:14,stallRate,157.213000059128,0.729934661204609,TheEmptinessMachine,BBR,Throughput,HTTP/1.1
2025-04-29 05:03:16,stallRate,159.212000131607,0.720165241875047,TheEmptinessMachine,BBR,Throughput,HTTP/1.1
2025-04-29 05:03:18,stallRate,161.212000131607,0.710610879605128,TheEmptinessMachine,BBR,Throughput,HTTP/1.1
2025-04-29 05:03:20,stallRate,163.212000131607,0.701308725079691,TheEmptinessMachine,BBR,Throughput,HTTP/1.1
2025-04-29 05:03:22,stallRate,165.213000059128,0.692270364684234,TheEmptinessMachine,BBR,Throughput,HTTP/1.1
2025-04-29 05:03:24,stallRate,167.212000131607,0.68347353178528,TheEmptinessMachine,BBR,Throughput,HTTP/1.1
2025-04-29 05:03:26,stallRate,169.212000131607,0.674893925864717,TheEmptinessMachine,BBR,Throughput,HTTP/1.1
2025-04-29 05:03:28,stallRate,171.212000131607,0.66649896706039,TheEmptinessMachine,BBR,Throughput,HTTP/1.1
2025-04-29 05:03:30,stallRate,173.212000131607,0.65831029094237,TheEmptinessMachine,BBR,Throughput,HTTP/1.1
2025-04-29 05:03:32,stallRate,175.212000131607,0.650382035606304,TheEmptinessMachine,BBR,Throughput,HTTP/1.1
2025-04-29 05:03:34,stallRate,177.212000131607,0.642652160171825,TheEmptinessMachine,BBR,Throughput,HTTP/1.1
2025-04-29 05:03:36,stallRate,179.213000059128,0.635639878522968,TheEmptinessMachine,BBR,Throughput,HTTP/1.1
2025-04-29 05:03:38,stallRate,181.212000131607,0.628850660799439,TheEmptinessMachine,BBR,Throughput,HTTP/1.1
2025-04-29 05:03:40,stallRate,183.212000131607,0.621598705488164,TheEmptinessMachine,BBR,Throughput,HTTP/1.1
2025-04-29 05:03:42,stallRate,185.212000131607,0.614508203647784,TheEmptinessMachine,BBR,Throughput,HTTP/1.1
2025-04-29 05:03:44,stallRate,187.212000131607,0.607567252390073,TheEmptinessMachine,BBR,Throughput,HTTP/1.1
2025-04-29 05:03:46,stallRate,189.212000131607,0.600793504673598,TheEmptinessMachine,BBR,Throughput,HTTP/1.1
2025-04-29 05:03:48,stallRate,191.212000131607,0.594137256099,TheEmptinessMachine,BBR,Throughput,HTTP/1.1
2025-04-29 05:03:50,stallRate,193.212000131607,0.587621098919768,TheEmptinessMachine,BBR,Throughput,HTTP/1.1
2025-04-29 05:03:52,stallRate,195.213000059128,0.58122600421623,TheEmptinessMachine,BBR,Throughput,HTTP/1.1
2025-04-29 05:03:54,stallRate,197.212000131607,0.575030754355042,TheEmptinessMachine,BBR,Throughput,HTTP/1.1
2025-04-29 05:03:56,stallRate,199.213000059128,0.568918954949209,TheEmptinessMachine,BBR,Throughput,HTTP/1.1
2025-04-29 05:03:58,stallRate,201.213000059128,0.562986713026825,TheEmptinessMachine,BBR,Throughput,HTTP/1.1
2025-04-29 05:04:00,stallRate,203.213000059128,0.557162489426652,TheEmptinessMachine,BBR,Throughput,HTTP/1.1
2025-04-29 05:04:45,stallRate,1.19400000572205,0.0,TheEmptinessMachine,BBR,Throughput,HTTP/2
2025-04-29 05:04:47,stallRate,3.19299983978271,0.0,TheEmptinessMachine,BBR,Throughput,HTTP/2
2025-04-29 05:04:49,stallRate,5.19299983978271,0.0,TheEmptinessMachine,BBR,Throughput,HTTP/2
2025-04-29 05:04:52,stallRate,7.19299983978271,0.0,TheEmptinessMachine,BBR,Throughput,HTTP/2
2025-04-29 05:04:53,stallRate,9.19199991226196,0.0,TheEmptinessMachine,BBR,Throughput,HTTP/2
2025-04-29 05:04:55,stallRate,11.191999912262,0.0,TheEmptinessMachine,BBR,Throughput,HTTP/2
2025-04-29 05:04:57,stallRate,13.191999912262,0.0,TheEmptinessMachine,BBR,Throughput,HTTP/2
2025-04-29 05:04:59,stallRate,15.1929998397827,0.0,TheEmptinessMachine,BBR,Throughput,HTTP/2
2025-04-29 05:05:01,stallRate,17.1929998397827,0.0,TheEmptinessMachine,BBR,Throughput,HTTP/2
2025-04-29 05:05:03,stallRate,19.1929998397827,0.0,TheEmptinessMachine,BBR,Throughput,HTTP/2
2025-04-29 05:05:05,stallRate,21.1929998397827,0.0,TheEmptinessMachine,BBR,Throughput,HTTP/2
2025-04-29 05:05:07,stallRate,23.191999912262,0.0,TheEmptinessMachine,BBR,Throughput,HTTP/2
2025-04-29 05:05:09,stallRate,25.1929998397827,0.0,TheEmptinessMachine,BBR,Throughput,HTTP/2
2025-04-29 05:05:11,stallRate,27.191999912262,0.0,TheEmptinessMachine,BBR,Throughput,HTTP/2
2025-04-29 05:05:13,stallRate,29.191999912262,0.0,TheEmptinessMachine,BBR,Throughput,HTTP/2
2025-04-29 05:05:15,stallRate,31.191999912262,0.0,TheEmptinessMachine,BBR,Throughput,HTTP/2
2025-04-29 05:05:19,stallRate,35.1929998397827,0.0,TheEmptinessMachine,BBR,Throughput,HTTP/2
2025-04-29 05:05:21,stallRate,37.1929998397827,0.0,TheEmptinessMachine,BBR,Throughput,HTTP/2
2025-04-29 05:05:23,stallRate,39.1929998397827,0.0,TheEmptinessMachine,BBR,Throughput,HTTP/2
2025-04-29 05:05:25,stallRate,41.191999912262,0.0,TheEmptinessMachine,BBR,Throughput,HTTP/2
2025-04-29 05:05:27,stallRate,43.1929998397827,0.0,TheEmptinessMachine,BBR,Throughput,HTTP/2
2025-04-29 05:05:29,stallRate,45.1929998397827,0.0,TheEmptinessMachine,BBR,Throughput,HTTP/2
2025-04-29 05:05:31,stallRate,47.1929998397827,0.0,TheEmptinessMachine,BBR,Throughput,HTTP/2
2025-04-29 05:05:33,stallRate,49.1929998397827,0.0,TheEmptinessMachine,BBR,Throughput,HTTP/2
2025-04-29 05:05:35,stallRate,51.1929998397827,0.466481107026104,TheEmptinessMachine,BBR,Throughput,HTTP/2
2025-04-29 05:05:37,stallRate,53.1929998397827,0.675366838201998,TheEmptinessMachine,BBR,Throughput,HTTP/2
2025-04-29 05:05:39,stallRate,55.1929998397827,0.645112824908139,TheEmptinessMachine,BBR,Throughput,HTTP/2
2025-04-29 05:05:41,stallRate,57.191999912262,0.663060423753976,TheEmptinessMachine,BBR,Throughput,HTTP/2
2025-04-29 05:05:43,stallRate,59.1929998397827,0.836325336888829,TheEmptinessMachine,BBR,Throughput,HTTP/2
2025-04-29 05:05:45,stallRate,61.191999912262,0.803347800966388,TheEmptinessMachine,BBR,Throughput,HTTP/2
2025-04-29 05:05:47,stallRate,63.1929998397827,0.772748549638054,TheEmptinessMachine,BBR,Throughput,HTTP/2
2025-04-29 05:05:49,stallRate,65.191999912262,0.74455280503293,TheEmptinessMachine,BBR,Throughput,HTTP/2
2025-04-29 05:05:51,stallRate,67.1929998397827,0.718210790458676,TheEmptinessMachine,BBR,Throughput,HTTP/2
2025-04-29 05:05:53,stallRate,69.1929998397827,0.693800671104466,TheEmptinessMachine,BBR,Throughput,HTTP/2
2025-04-29 05:05:55,stallRate,71.1929998397827,0.670892089005103,TheEmptinessMachine,BBR,Throughput,HTTP/2
2025-04-29 05:05:57,stallRate,73.1929998397827,0.649494728212253,TheEmptinessMachine,BBR,Throughput,HTTP/2
2025-04-29 05:05:59,stallRate,75.1929998397827,0.629410182040979,TheEmptinessMachine,BBR,Throughput,HTTP/2
2025-04-29 05:06:01,stallRate,77.191999912262,0.610540420831348,TheEmptinessMachine,BBR,Throughput,HTTP/2
2025-04-29 05:06:03,stallRate,79.191999912262,0.59270111153573,TheEmptinessMachine,BBR,Throughput,HTTP/2
2025-04-29 05:06:05,stallRate,81.1929998397827,0.575963101230805,TheEmptinessMachine,BBR,Throughput,HTTP/2
2025-04-29 05:06:07,stallRate,83.191999912262,0.560079377699599,TheEmptinessMachine,BBR,Throughput,HTTP/2
2025-04-29 05:06:09,stallRate,85.1929998397827,0.545084092817426,TheEmptinessMachine,BBR,Throughput,HTTP/2
2025-04-29 05:06:11,stallRate,87.191999912262,0.530822211262725,TheEmptinessMachine,BBR,Throughput,HTTP/2
2025-04-29 05:06:13,stallRate,89.1929998397827,0.517349762838807,TheEmptinessMachine,BBR,Throughput,HTTP/2
2025-04-29 05:06:15,stallRate,91.1929998397827,0.5045695592117,TheEmptinessMachine,BBR,Throughput,HTTP/2
2025-04-29 05:06:17,stallRate,93.1929998397827,0.492346628916372,TheEmptinessMachine,BBR,Throughput,HTTP/2
2025-04-29 05:06:19,stallRate,95.1929998397827,0.480744016924384,TheEmptinessMachine,BBR,Throughput,HTTP/2
2025-04-29 05:06:21,stallRate,97.1929998397827,0.469627282444103,TheEmptinessMachine,BBR,Throughput,HTTP/2
2025-04-29 05:06:23,stallRate,99.1929998397827,0.45900406853747,TheEmptinessMachine,BBR,Throughput,HTTP/2
2025-04-29 05:06:25,stallRate,101.192999839783,0.448877659719366,TheEmptinessMachine,BBR,Throughput,HTTP/2
2025-04-29 05:06:27,stallRate,103.191999912262,0.439213774108555,TheEmptinessMachine,BBR,Throughput,HTTP/2
2025-04-29 05:06:29,stallRate,105.191999912262,0.429952089394812,TheEmptinessMachine,BBR,Throughput,HTTP/2
2025-04-29 05:06:31,stallRate,107.192999839783,0.421060620461541,TheEmptinessMachine,BBR,Throughput,HTTP/2
2025-04-29 05:06:33,stallRate,109.192999839783,0.412548852197215,TheEmptinessMachine,BBR,Throughput,HTTP/2
2025-04-29 05:06:35,stallRate,111.192999839783,0.404292204447506,TheEmptinessMachine,BBR,Throughput,HTTP/2
2025-04-29 05:06:37,stallRate,113.192999839783,0.39644605109718,TheEmptinessMachine,BBR,Throughput,HTTP/2
2025-04-29 05:06:39,stallRate,115.192999839783,0.388865873827296,TheEmptinessMachine,BBR,Throughput,HTTP/2
2025-04-29 05:06:41,stallRate,117.192999839783,0.381538315241785,TheEmptinessMachine,BBR,Throughput,HTTP/2
2025-04-29 05:06:43,stallRate,119.192999839783,0.374530866733036,TheEmptinessMachine,BBR,Throughput,HTTP/2
2025-04-29 05:06:45,stallRate,121.192999839783,0.367786759587969,TheEmptinessMachine,BBR,Throughput,HTTP/2
2025-04-29 05:06:47,stallRate,123.192999839783,0.361240819791802,TheEmptinessMachine,BBR,Throughput,HTTP/2
2025-04-29 05:06:49,stallRate,125.192999839783,0.354920882991757,TheEmptinessMachine,BBR,Throughput,HTTP/2
2025-04-29 05:06:51,stallRate,127.191999912262,0.348837805284169,TheEmptinessMachine,BBR,Throughput,HTTP/2
2025-04-29 05:06:53,stallRate,129.192999839783,0.342965446266561,TheEmptinessMachine,BBR,Throughput,HTTP/2
2025-04-29 05:06:55,stallRate,131.191999912262,0.337284914778758,TheEmptinessMachine,BBR,Throughput,HTTP/2
2025-04-29 05:06:57,stallRate,133.192999839783,0.331805530557295,TheEmptinessMachine,BBR,Throughput,HTTP/2
2025-04-29 05:06:59,stallRate,135.191999912262,0.326489181533783,TheEmptinessMachine,BBR,Throughput,HTTP/2
2025-04-29 05:07:01,stallRate,137.192999839783,0.321309495191251,TheEmptinessMachine,BBR,Throughput,HTTP/2
2025-04-29 05:07:03,stallRate,139.192999839783,0.316307913522612,TheEmptinessMachine,BBR,Throughput,HTTP/2
2025-04-29 05:07:05,stallRate,141.192999839783,0.311466633396004,TheEmptinessMachine,BBR,Throughput,HTTP/2
2025-04-29 05:07:07,stallRate,143.191999912262,0.306773915532431,TheEmptinessMachine,BBR,Throughput,HTTP/2
2025-04-29 05:07:09,stallRate,145.191999912262,0.302229753099276,TheEmptinessMachine,BBR,Throughput,HTTP/2
2025-04-29 05:07:11,stallRate,147.192999839783,0.29779986774895,TheEmptinessMachine,BBR,Throughput,HTTP/2
2025-04-29 05:07:13,stallRate,149.192999839783,0.293515928800693,TheEmptinessMachine,BBR,Throughput,HTTP/2
2025-04-29 05:07:15,stallRate,151.192999839783,0.289334015726916,TheEmptinessMachine,BBR,Throughput,HTTP/2
2025-04-29 05:07:17,stallRate,153.192999839783,0.285290003703834,TheEmptinessMachine,BBR,Throughput,HTTP/2
2025-04-29 05:07:19,stallRate,155.192999839783,0.281338855253667,TheEmptinessMachine,BBR,Throughput,HTTP/2
2025-04-29 05:07:21,stallRate,157.191999912262,0.277506720078772,TheEmptinessMachine,BBR,Throughput,HTTP/2
2025-04-29 05:07:23,stallRate,159.191999912262,0.273776916425875,TheEmptinessMachine,BBR,Throughput,HTTP/2
2025-04-29 05:07:25,stallRate,161.192999839783,0.270144617773945,TheEmptinessMachine,BBR,Throughput,HTTP/2
2025-04-29 05:07:27,stallRate,163.192999839783,0.266593653631214,TheEmptinessMachine,BBR,Throughput,HTTP/2
2025-04-29 05:07:29,stallRate,165.191999912262,0.263153208820954,TheEmptinessMachine,BBR,Throughput,HTTP/2
2025-04-29 05:07:31,stallRate,167.192999839783,0.25980558295123,TheEmptinessMachine,BBR,Throughput,HTTP/2
2025-04-29 05:07:33,stallRate,169.192999839783,0.256526815874297,TheEmptinessMachine,BBR,Throughput,HTTP/2
2025-04-29 05:07:35,stallRate,171.194000005722,0.253706720642319,TheEmptinessMachine,BBR,Throughput,HTTP/2
2025-04-29 05:07:37,stallRate,173.192999839783,0.251717802376587,TheEmptinessMachine,BBR,Throughput,HTTP/2
2025-04-29 05:07:39,stallRate,175.192999839783,0.248625221645633,TheEmptinessMachine,BBR,Throughput,HTTP/2
2025-04-29 05:07:41,stallRate,177.192999839783,0.245624640601578,TheEmptinessMachine,BBR,Throughput,HTTP/2
2025-04-29 05:07:43,stallRate,179.192999839783,0.242689001290848,TheEmptinessMachine,BBR,Throughput,HTTP/2
2025-04-29 05:07:45,stallRate,181.192999839783,0.239829373952795,TheEmptinessMachine,BBR,Throughput,HTTP/2
2025-04-29 05:07:47,stallRate,183.192999839783,0.237028707363163,TheEmptinessMachine,BBR,Throughput,HTTP/2
2025-04-29 05:07:49,stallRate,185.191999912262,0.234305434728293,TheEmptinessMachine,BBR,Throughput,HTTP/2
2025-04-29 05:07:51,stallRate,187.192999839783,0.231647682476127,TheEmptinessMachine,BBR,Throughput,HTTP/2
2025-04-29 05:07:53,stallRate,189.194000005722,0.229045812759673,TheEmptinessMachine,BBR,Throughput,HTTP/2
2025-04-29 05:07:55,stallRate,191.192999839783,0.22648692968239,TheEmptinessMachine,BBR,Throughput,HTTP/2
2025-04-29 05:07:57,stallRate,193.192999839783,0.224004620198135,TheEmptinessMachine,BBR,Throughput,HTTP/2
2025-04-29 05:07:59,stallRate,195.192999839783,0.221554365550146,TheEmptinessMachine,BBR,Throughput,HTTP/2
2025-04-29 05:08:01,stallRate,197.192999839783,0.219165966875761,TheEmptinessMachine,BBR,Throughput,HTTP/2
2025-04-29 05:08:03,stallRate,199.192999839783,0.216821533445661,TheEmptinessMachine,BBR,Throughput,HTTP/2
2025-04-29 05:08:05,stallRate,201.192999839783,0.214560351159623,TheEmptinessMachine,BBR,Throughput,HTTP/2
2025-04-29 05:08:07,stallRate,203.192999839783,0.212309901262572,TheEmptinessMachine,BBR,Throughput,HTTP/2
2025-04-29 05:08:09,stallRate,205.192999839783,0.210409003723789,TheEmptinessMachine,BBR,Throughput,HTTP/2
2025-04-29 05:08:39,stallRate,1.2039999961853,0.0,TheEmptinessMachine,BBR,Throughput,HTTP/3
2025-04-29 05:08:41,stallRate,3.20199990272522,0.0,TheEmptinessMachine,BBR,Throughput,HTTP/3
2025-04-29 05:08:43,stallRate,5.20299983024597,25.1478201560983,TheEmptinessMachine,BBR,Throughput,HTTP/3
2025-04-29 05:08:45,stallRate,7.20099997520447,19.0633276766967,TheEmptinessMachine,BBR,Throughput,HTTP/3
2025-04-29 05:08:48,stallRate,9.2039999961853,17.7927646210971,TheEmptinessMachine,BBR,Throughput,HTTP/3
2025-04-29 05:08:49,stallRate,11.2019999027252,17.073863636346,TheEmptinessMachine,BBR,Throughput,HTTP/3
2025-04-29 05:08:51,stallRate,13.2019999027252,15.9463431643156,TheEmptinessMachine,BBR,Throughput,HTTP/3
2025-04-29 05:08:53,stallRate,15.2019999027252,14.7805330624099,TheEmptinessMachine,BBR,Throughput,HTTP/3
2025-04-29 05:08:55,stallRate,17.2019999027252,13.8550213790214,TheEmptinessMachine,BBR,Throughput,HTTP/3
2025-04-29 05:08:57,stallRate,19.2009999752045,13.2055672122402,TheEmptinessMachine,BBR,Throughput,HTTP/3
2025-04-29 05:08:59,stallRate,21.2019999027252,10.9077891021516,TheEmptinessMachine,BBR,Throughput,HTTP/3
2025-04-29 05:09:01,stallRate,23.2019999027252,8.84468779735088,TheEmptinessMachine,BBR,Throughput,HTTP/3
2025-04-29 05:09:03,stallRate,25.2019999027252,7.66437355382246,TheEmptinessMachine,BBR,Throughput,HTTP/3
2025-04-29 05:09:05,stallRate,27.2019999027252,6.37304023710021,TheEmptinessMachine,BBR,Throughput,HTTP/3
2025-04-29 05:09:07,stallRate,29.2019999027252,5.56281503431178,TheEmptinessMachine,BBR,Throughput,HTTP/3
2025-04-29 05:09:09,stallRate,31.2019999027252,4.89926148319948,TheEmptinessMachine,BBR,Throughput,HTTP/3
2025-04-29 05:09:11,stallRate,33.2019999027252,4.16907675760087,TheEmptinessMachine,BBR,Throughput,HTTP/3
2025-04-29 05:09:13,stallRate,35.2019999027252,3.73081729056509,TheEmptinessMachine,BBR,Throughput,HTTP/3
2025-04-29 05:09:15,stallRate,37.2019999027252,3.36129017614127,TheEmptinessMachine,BBR,Throughput,HTTP/3
2025-04-29 05:09:17,stallRate,39.2009999752045,2.99401918513381,TheEmptinessMachine,BBR,Throughput,HTTP/3
2025-04-29 05:09:19,stallRate,41.2009999752045,2.75263529906399,TheEmptinessMachine,BBR,Throughput,HTTP/3
2025-04-29 05:09:21,stallRate,43.202999830246,2.54885211532903,TheEmptinessMachine,BBR,Throughput,HTTP/3
2025-04-29 05:09:23,stallRate,45.2019999027252,2.36834395026784,TheEmptinessMachine,BBR,Throughput,HTTP/3
2025-04-29 05:09:25,stallRate,47.2019999027252,2.22074459977316,TheEmptinessMachine,BBR,Throughput,HTTP/3
2025-04-29 05:09:27,stallRate,49.2019999027252,2.09098280192524,TheEmptinessMachine,BBR,Throughput,HTTP/3
2025-04-29 05:09:29,stallRate,51.2019999027252,1.97464189628064,TheEmptinessMachine,BBR,Throughput,HTTP/3
2025-04-29 05:09:31,stallRate,53.2009999752045,1.87162709091267,TheEmptinessMachine,BBR,Throughput,HTTP/3
2025-04-29 05:09:33,stallRate,55.2019999027252,1.77912371496242,TheEmptinessMachine,BBR,Throughput,HTTP/3
2025-04-29 05:09:35,stallRate,57.2019999027252,2.276882445353,TheEmptinessMachine,BBR,Throughput,HTTP/3
2025-04-29 05:09:37,stallRate,59.2009999752045,2.17467342460307,TheEmptinessMachine,BBR,Throughput,HTTP/3
2025-04-29 05:09:39,stallRate,61.2009999752045,2.28199130746341,TheEmptinessMachine,BBR,Throughput,HTTP/3
2025-04-29 05:09:41,stallRate,63.2009999752045,2.43186021626863,TheEmptinessMachine,BBR,Throughput,HTTP/3
2025-04-29 05:09:43,stallRate,65.2019999027252,2.33525025135424,TheEmptinessMachine,BBR,Throughput,HTTP/3
2025-04-29 05:09:45,stallRate,67.2019999027252,2.24678270633834,TheEmptinessMachine,BBR,Throughput,HTTP/3
2025-04-29 05:09:47,stallRate,69.2019999027252,2.16475186785986,TheEmptinessMachine,BBR,Throughput,HTTP/3
2025-04-29 05:09:49,stallRate,71.202999830246,2.08825374694324,TheEmptinessMachine,BBR,Throughput,HTTP/3
2025-04-29 05:09:51,stallRate,73.2019999027252,2.01712893321152,TheEmptinessMachine,BBR,Throughput,HTTP/3
2025-04-29 05:09:53,stallRate,75.2019999027252,1.95028612761111,TheEmptinessMachine,BBR,Throughput,HTTP/3
2025-04-29 05:09:55,stallRate,77.2019999027252,1.88770471212212,TheEmptinessMachine,BBR,Throughput,HTTP/3
2025-04-29 05:09:57,stallRate,79.2009999752045,1.82918326370444,TheEmptinessMachine,BBR,Throughput,HTTP/3
2025-04-29 05:09:59,stallRate,81.2019999027252,1.77417280000976,TheEmptinessMachine,BBR,Throughput,HTTP/3
2025-04-29 05:10:01,stallRate,83.2019999027252,1.7221257898556,TheEmptinessMachine,BBR,Throughput,HTTP/3
2025-04-29 05:10:03,stallRate,85.2019999027252,1.67322071696307,TheEmptinessMachine,BBR,Throughput,HTTP/3
2025-04-29 05:10:05,stallRate,87.2019999027252,1.62707584336185,TheEmptinessMachine,BBR,Throughput,HTTP/3
2025-04-29 05:10:07,stallRate,89.2019999027252,1.58343134361344,TheEmptinessMachine,BBR,Throughput,HTTP/3
2025-04-29 05:10:09,stallRate,91.2009999752045,1.54214792317226,TheEmptinessMachine,BBR,Throughput,HTTP/3
2025-04-29 05:10:11,stallRate,93.2019999027252,1.50282611014499,TheEmptinessMachine,BBR,Throughput,HTTP/3
2025-04-29 05:10:13,stallRate,95.2019999027252,1.46558693112042,TheEmptinessMachine,BBR,Throughput,HTTP/3
2025-04-29 05:10:15,stallRate,97.2019999027252,1.43000298927796,TheEmptinessMachine,BBR,Throughput,HTTP/3
2025-04-29 05:10:17,stallRate,99.2019999027252,1.39626187702298,TheEmptinessMachine,BBR,Throughput,HTTP/3
2025-04-29 05:10:19,stallRate,101.200999975204,1.36393484026799,TheEmptinessMachine,BBR,Throughput,HTTP/3
2025-04-29 05:10:21,stallRate,103.200999975204,1.33313513071177,TheEmptinessMachine,BBR,Throughput,HTTP/3
2025-04-29 05:10:23,stallRate,105.201999902725,1.49226023781286,TheEmptinessMachine,BBR,Throughput,HTTP/3
2025-04-29 05:10:25,stallRate,107.201999902725,1.46007883906774,TheEmptinessMachine,BBR,Throughput,HTTP/3
2025-04-29 05:10:27,stallRate,109.201999902725,1.42931332586419,TheEmptinessMachine,BBR,Throughput,HTTP/3
2025-04-29 05:10:29,stallRate,111.200999975204,1.45105360611517,TheEmptinessMachine,BBR,Throughput,HTTP/3
2025-04-29 05:10:31,stallRate,113.200999975204,1.42150998215464,TheEmptinessMachine,BBR,Throughput,HTTP/3
2025-04-29 05:10:33,stallRate,115.201999902725,1.54432718787022,TheEmptinessMachine,BBR,Throughput,HTTP/3
2025-04-29 05:10:35,stallRate,117.201999902725,1.51433663687544,TheEmptinessMachine,BBR,Throughput,HTTP/3
2025-04-29 05:10:37,stallRate,119.201999902725,1.48540418203362,TheEmptinessMachine,BBR,Throughput,HTTP/3
2025-04-29 05:10:39,stallRate,121.201999902725,1.45761208577167,TheEmptinessMachine,BBR,Throughput,HTTP/3
2025-04-29 05:10:41,stallRate,123.200999975204,1.43070876499292,TheEmptinessMachine,BBR,Throughput,HTTP/3
2025-04-29 05:10:43,stallRate,125.201999902725,1.40489320829948,TheEmptinessMachine,BBR,Throughput,HTTP/3
2025-04-29 05:10:45,stallRate,127.200999975204,1.3798879150291,TheEmptinessMachine,BBR,Throughput,HTTP/3
2025-04-29 05:10:47,stallRate,129.201999902725,1.35585283107888,TheEmptinessMachine,BBR,Throughput,HTTP/3
2025-04-29 05:10:49,stallRate,131.200999975204,1.33254370450035,TheEmptinessMachine,BBR,Throughput,HTTP/3
2025-04-29 05:10:51,stallRate,133.205999851227,1.3100214310977,TheEmptinessMachine,BBR,Throughput,HTTP/3
2025-04-29 05:10:53,stallRate,135.201999902725,1.28833473053408,TheEmptinessMachine,BBR,Throughput,HTTP/3
2025-04-29 05:10:55,stallRate,137.201999902725,1.26731062826289,TheEmptinessMachine,BBR,Throughput,HTTP/3
2025-04-29 05:10:57,stallRate,139.201999902725,1.24689281545147,TheEmptinessMachine,BBR,Throughput,HTTP/3
2025-04-29 05:10:59,stallRate,141.201999902725,1.22711953130247,TheEmptinessMachine,BBR,Throughput,HTTP/3
2025-04-29 05:11:01,stallRate,143.200999975204,1.2080169757169,TheEmptinessMachine,BBR,Throughput,HTTP/3
2025-04-29 05:11:03,stallRate,145.201999902725,1.18954853828938,TheEmptinessMachine,BBR,Throughput,HTTP/3
2025-04-29 05:11:05,stallRate,147.201999902725,1.17173821750139,TheEmptinessMachine,BBR,Throughput,HTTP/3
2025-04-29 05:11:07,stallRate,149.200999975204,1.15431211249331,TheEmptinessMachine,BBR,Throughput,HTTP/3
2025-04-29 05:11:09,stallRate,151.201999902725,1.13741727125862,TheEmptinessMachine,BBR,Throughput,HTTP/3
2025-04-29 05:11:11,stallRate,153.201999902725,1.12099738041726,TheEmptinessMachine,BBR,Throughput,HTTP/3
2025-04-29 05:11:13,stallRate,155.201999902725,1.10505463647386,TheEmptinessMachine,BBR,Throughput,HTTP/3
2025-04-29 05:11:15,stallRate,157.201999902725,1.0894975814999,TheEmptinessMachine,BBR,Throughput,HTTP/3
2025-04-29 05:11:17,stallRate,159.200999975204,1.07436582716638,TheEmptinessMachine,BBR,Throughput,HTTP/3
2025-04-29 05:11:19,stallRate,161.201999902725,1.05969282147309,TheEmptinessMachine,BBR,Throughput,HTTP/3
2025-04-29 05:11:21,stallRate,163.201999902725,1.04545448669437,TheEmptinessMachine,BBR,Throughput,HTTP/3
2025-04-29 05:11:23,stallRate,165.201999902725,1.03154253527712,TheEmptinessMachine,BBR,Throughput,HTTP/3
2025-04-29 05:11:25,stallRate,167.201999902725,1.01804862932517,TheEmptinessMachine,BBR,Throughput,HTTP/3
2025-04-29 05:11:27,stallRate,169.201999902725,1.00484726204942,TheEmptinessMachine,BBR,Throughput,HTTP/3
2025-04-29 05:11:29,stallRate,171.201999902725,0.991978308125804,TheEmptinessMachine,BBR,Throughput,HTTP/3
2025-04-29 05:11:31,stallRate,173.201999902725,0.979460391374917,TheEmptinessMachine,BBR,Throughput,HTTP/3
2025-04-29 05:11:33,stallRate,175.201999902725,0.967284148979853,TheEmptinessMachine,BBR,Throughput,HTTP/3
2025-04-29 05:11:35,stallRate,177.201999902725,0.955404195716473,TheEmptinessMachine,BBR,Throughput,HTTP/3
2025-04-29 05:11:37,stallRate,179.201999902725,0.943732932330104,TheEmptinessMachine,BBR,Throughput,HTTP/3
2025-04-29 05:11:39,stallRate,181.201999902725,0.932387725171444,TheEmptinessMachine,BBR,Throughput,HTTP/3
2025-04-29 05:11:42,stallRate,183.202999830246,0.92131837811761,TheEmptinessMachine,BBR,Throughput,HTTP/3
2025-04-29 05:11:43,stallRate,185.201999902725,0.913355512749895,TheEmptinessMachine,BBR,Throughput,HTTP/3
2025-04-29 05:11:45,stallRate,187.201999902725,0.902700270197937,TheEmptinessMachine,BBR,Throughput,HTTP/3
2025-04-29 05:11:47,stallRate,189.201999902725,0.892385077791093,TheEmptinessMachine,BBR,Throughput,HTTP/3
2025-04-29 05:11:49,stallRate,191.201999902725,0.882263102582635,TheEmptinessMachine,BBR,Throughput,HTTP/3
2025-04-29 05:11:51,stallRate,193.201999902725,0.872324299837146,TheEmptinessMachine,BBR,Throughput,HTTP/3
2025-04-29 05:11:53,stallRate,195.200999975204,0.862653952104254,TheEmptinessMachine,BBR,Throughput,HTTP/3
2025-04-29 05:11:55,stallRate,197.201999902725,0.853205775917935,TheEmptinessMachine,BBR,Throughput,HTTP/3
2025-04-29 05:11:57,stallRate,199.200999975204,0.843919588439964,TheEmptinessMachine,BBR,Throughput,HTTP/3
2025-04-29 05:11:59,stallRate,201.201999902725,0.834820289770061,TheEmptinessMachine,BBR,Throughput,HTTP/3
2025-04-29 05:12:01,stallRate,203.201999902725,0.825937110302218,TheEmptinessMachine,BBR,Throughput,HTTP/3
2025-04-29 05:12:03,stallRate,205.201999902725,0.817269545499872,TheEmptinessMachine,BBR,Throughput,HTTP/3
2025-04-29 05:12:05,stallRate,207.201999902725,0.80874914491471,TheEmptinessMachine,BBR,Throughput,HTTP/3
2025-04-29 05:12:07,stallRate,209.201999902725,0.800432617126561,TheEmptinessMachine,BBR,Throughput,HTTP/3
2025-04-29 05:12:39,stallRate,1.22699999809265,0.0,TheEmptinessMachine,Westwood,Dynamic,HTTP/1.1
2025-04-29 05:12:42,stallRate,3.2260000705719,0.0,TheEmptinessMachine,Westwood,Dynamic,HTTP/1.1
2025-04-29 05:12:43,stallRate,5.2260000705719,0.0,TheEmptinessMachine,Westwood,Dynamic,HTTP/1.1
2025-04-29 05:12:45,stallRate,7.2260000705719,0.0,TheEmptinessMachine,Westwood,Dynamic,HTTP/1.1
2025-04-29 05:12:47,stallRate,9.2260000705719,0.0,TheEmptinessMachine,Westwood,Dynamic,HTTP/1.1
2025-04-29 05:12:49,stallRate,11.2260000705719,0.0,TheEmptinessMachine,Westwood,Dynamic,HTTP/1.1
2025-04-29 05:12:51,stallRate,13.2260000705719,0.0,TheEmptinessMachine,Westwood,Dynamic,HTTP/1.1
2025-04-29 05:12:53,stallRate,15.2260000705719,0.0,TheEmptinessMachine,Westwood,Dynamic,HTTP/1.1
2025-04-29 05:12:55,stallRate,17.2260000705719,0.409481407552346,TheEmptinessMachine,Westwood,Dynamic,HTTP/1.1
2025-04-29 05:12:57,stallRate,19.2260000705719,0.409190023278186,TheEmptinessMachine,Westwood,Dynamic,HTTP/1.1
2025-04-29 05:12:59,stallRate,21.2260000705719,0.355163288486921,TheEmptinessMachine,Westwood,Dynamic,HTTP/1.1
2025-04-29 05:13:01,stallRate,23.2260000705719,0.318016451507065,TheEmptinessMachine,Westwood,Dynamic,HTTP/1.1
2025-04-29 05:13:03,stallRate,25.2260000705719,0.287801932569534,TheEmptinessMachine,Westwood,Dynamic,HTTP/1.1
2025-04-29 05:13:05,stallRate,27.2260000705719,0.26214464742742,TheEmptinessMachine,Westwood,Dynamic,HTTP/1.1
2025-04-29 05:13:07,stallRate,29.2260000705719,0.628356323214274,TheEmptinessMachine,Westwood,Dynamic,HTTP/1.1
2025-04-29 05:13:09,stallRate,31.2260000705719,0.58269561745368,TheEmptinessMachine,Westwood,Dynamic,HTTP/1.1
2025-04-29 05:13:11,stallRate,33.2260000705719,0.542660649951926,TheEmptinessMachine,Westwood,Dynamic,HTTP/1.1
2025-04-29 05:13:13,stallRate,35.2260000705719,0.940445415095387,TheEmptinessMachine,Westwood,Dynamic,HTTP/1.1
2025-04-29 05:13:15,stallRate,37.2260000705719,1.35234085137542,TheEmptinessMachine,Westwood,Dynamic,HTTP/1.1
2025-04-29 05:13:17,stallRate,39.2260000705719,1.27608967447543,TheEmptinessMachine,Westwood,Dynamic,HTTP/1.1
2025-04-29 05:13:19,stallRate,41.2260000705719,1.2081723867198,TheEmptinessMachine,Westwood,Dynamic,HTTP/1.1
2025-04-29 05:13:21,stallRate,43.2260000705719,1.23140746562668,TheEmptinessMachine,Westwood,Dynamic,HTTP/1.1
2025-04-29 05:13:23,stallRate,45.2279999256134,1.1719772612815,TheEmptinessMachine,Westwood,Dynamic,HTTP/1.1
2025-04-29 05:13:25,stallRate,47.2260000705719,1.11835493087665,TheEmptinessMachine,Westwood,Dynamic,HTTP/1.1
2025-04-29 05:13:27,stallRate,49.2260000705719,1.06917801142255,TheEmptinessMachine,Westwood,Dynamic,HTTP/1.1
2025-04-29 05:13:29,stallRate,51.2260000705719,1.02435290241636,TheEmptinessMachine,Westwood,Dynamic,HTTP/1.1
2025-04-29 05:13:31,stallRate,53.2260000705719,0.982949090940284,TheEmptinessMachine,Westwood,Dynamic,HTTP/1.1
2025-04-29 05:13:33,stallRate,55.2260000705719,0.944615632737168,TheEmptinessMachine,Westwood,Dynamic,HTTP/1.1
2025-04-29 05:13:35,stallRate,57.2260000705719,0.909500144280509,TheEmptinessMachine,Westwood,Dynamic,HTTP/1.1
2025-04-29 05:13:37,stallRate,59.2260000705719,0.876815264450276,TheEmptinessMachine,Westwood,Dynamic,HTTP/1.1
2025-04-29 05:13:39,stallRate,61.2260000705719,0.846447567426214,TheEmptinessMachine,Westwood,Dynamic,HTTP/1.1
2025-04-29 05:13:41,stallRate,63.2260000705719,0.817837016946248,TheEmptinessMachine,Westwood,Dynamic,HTTP/1.1
2025-04-29 05:13:43,stallRate,65.2260000705719,0.791239425654811,TheEmptinessMachine,Westwood,Dynamic,HTTP/1.1
2025-04-29 05:13:45,stallRate,67.2260000705719,0.76639196502724,TheEmptinessMachine,Westwood,Dynamic,HTTP/1.1
2025-04-29 05:13:47,stallRate,69.2260000705719,0.742989853376345,TheEmptinessMachine,Westwood,Dynamic,HTTP/1.1
2025-04-29 05:13:49,stallRate,71.2260000705719,0.721177535955957,TheEmptinessMachine,Westwood,Dynamic,HTTP/1.1
2025-04-29 05:13:51,stallRate,73.2260000705719,0.700488356675852,TheEmptinessMachine,Westwood,Dynamic,HTTP/1.1
2025-04-29 05:13:53,stallRate,75.2260000705719,0.680734823135694,TheEmptinessMachine,Westwood,Dynamic,HTTP/1.1
2025-04-29 05:13:55,stallRate,77.2260000705719,0.66229845970945,TheEmptinessMachine,Westwood,Dynamic,HTTP/1.1
2025-04-29 05:13:57,stallRate,79.2260000705719,0.644759529370374,TheEmptinessMachine,Westwood,Dynamic,HTTP/1.1
2025-04-29 05:13:59,stallRate,81.2260000705719,0.628206805266322,TheEmptinessMachine,Westwood,Dynamic,HTTP/1.1
2025-04-29 05:14:01,stallRate,83.2260000705719,0.612393812727411,TheEmptinessMachine,Westwood,Dynamic,HTTP/1.1
2025-04-29 05:14:03,stallRate,85.2260000705719,0.59738838665806,TheEmptinessMachine,Westwood,Dynamic,HTTP/1.1
2025-04-29 05:14:05,stallRate,87.2269999980927,0.583041647992861,TheEmptinessMachine,Westwood,Dynamic,HTTP/1.1
2025-04-29 05:14:07,stallRate,89.2260000705719,0.569446475004066,TheEmptinessMachine,Westwood,Dynamic,HTTP/1.1
2025-04-29 05:14:09,stallRate,91.2260000705719,0.556490602387867,TheEmptinessMachine,Westwood,Dynamic,HTTP/1.1
2025-04-29 05:14:11,stallRate,93.2260000705719,0.544050834822596,TheEmptinessMachine,Westwood,Dynamic,HTTP/1.1
2025-04-29 05:14:13,stallRate,95.2260000705719,0.532133985810862,TheEmptinessMachine,Westwood,Dynamic,HTTP/1.1
2025-04-29 05:14:15,stallRate,97.2260000705719,0.520756456833855,TheEmptinessMachine,Westwood,Dynamic,HTTP/1.1
2025-04-29 05:14:17,stallRate,99.2279999256134,0.509814749974242,TheEmptinessMachine,Westwood,Dynamic,HTTP/1.1
2025-04-29 05:14:19,stallRate,101.226999998093,0.499334050482316,TheEmptinessMachine,Westwood,Dynamic,HTTP/1.1
2025-04-29 05:14:21,stallRate,103.226000070572,0.489304951502913,TheEmptinessMachine,Westwood,Dynamic,HTTP/1.1
2025-04-29 05:14:23,stallRate,105.226000070572,0.479647530622224,TheEmptinessMachine,Westwood,Dynamic,HTTP/1.1
2025-04-29 05:14:25,stallRate,107.226000070572,0.470405885368295,TheEmptinessMachine,Westwood,Dynamic,HTTP/1.1
2025-04-29 05:14:27,stallRate,109.226000070572,0.4615289219082,TheEmptinessMachine,Westwood,Dynamic,HTTP/1.1
2025-04-29 05:14:29,stallRate,111.226000070572,0.45297387527682,TheEmptinessMachine,Westwood,Dynamic,HTTP/1.1
2025-04-29 05:14:31,stallRate,113.226000070572,0.444713903124504,TheEmptinessMachine,Westwood,Dynamic,HTTP/1.1
2025-04-29 05:14:33,stallRate,115.226000070572,0.436717767274797,TheEmptinessMachine,Westwood,Dynamic,HTTP/1.1
2025-04-29 05:14:35,stallRate,117.226000070572,0.429043907655208,TheEmptinessMachine,Westwood,Dynamic,HTTP/1.1
2025-04-29 05:14:37,stallRate,119.226000070572,0.4216052943856,TheEmptinessMachine,Westwood,Dynamic,HTTP/1.1
2025-04-29 05:14:39,stallRate,121.226000070572,0.414436709283808,TheEmptinessMachine,Westwood,Dynamic,HTTP/1.1
2025-04-29 05:14:41,stallRate,123.226000070572,0.407545927364094,TheEmptinessMachine,Westwood,Dynamic,HTTP/1.1
2025-04-29 05:14:43,stallRate,125.226000070572,0.447391611895481,TheEmptinessMachine,Westwood,Dynamic,HTTP/1.1
2025-04-29 05:14:45,stallRate,127.226000070572,0.440115023845848,TheEmptinessMachine,Westwood,Dynamic,HTTP/1.1
2025-04-29 05:14:47,stallRate,129.226000070572,0.43313174510597,TheEmptinessMachine,Westwood,Dynamic,HTTP/1.1
2025-04-29 05:14:49,stallRate,131.226000070572,0.426351785608558,TheEmptinessMachine,Westwood,Dynamic,HTTP/1.1
2025-04-29 05:14:51,stallRate,133.226000070572,0.419752508085678,TheEmptinessMachine,Westwood,Dynamic,HTTP/1.1
2025-04-29 05:14:53,stallRate,135.226000070572,0.413353489742348,TheEmptinessMachine,Westwood,Dynamic,HTTP/1.1
2025-04-29 05:14:55,stallRate,137.226000070572,0.407159506535929,TheEmptinessMachine,Westwood,Dynamic,HTTP/1.1
2025-04-29 05:14:57,stallRate,139.226000070572,0.401165440552822,TheEmptinessMachine,Westwood,Dynamic,HTTP/1.1
2025-04-29 05:14:59,stallRate,141.226000070572,0.395345920083168,TheEmptinessMachine,Westwood,Dynamic,HTTP/1.1
2025-04-29 05:15:01,stallRate,143.226000070572,0.38965359451465,TheEmptinessMachine,Westwood,Dynamic,HTTP/1.1
2025-04-29 05:15:03,stallRate,145.226000070572,0.38414247977955,TheEmptinessMachine,Westwood,Dynamic,HTTP/1.1
2025-04-29 05:15:05,stallRate,147.226999998093,0.378818885617153,TheEmptinessMachine,Westwood,Dynamic,HTTP/1.1
2025-04-29 05:15:07,stallRate,149.226000070572,0.373608396303304,TheEmptinessMachine,Westwood,Dynamic,HTTP/1.1
2025-04-29 05:15:09,stallRate,151.226000070572,0.368548617934553,TheEmptinessMachine,Westwood,Dynamic,HTTP/1.1
2025-04-29 05:15:11,stallRate,153.226999998093,0.363605937641843,TheEmptinessMachine,Westwood,Dynamic,HTTP/1.1
2025-04-29 05:15:13,stallRate,155.226999998093,0.358818651831903,TheEmptinessMachine,Westwood,Dynamic,HTTP/1.1
2025-04-29 05:15:15,stallRate,157.226000070572,0.354165773491604,TheEmptinessMachine,Westwood,Dynamic,HTTP/1.1
2025-04-29 05:15:17,stallRate,159.226000070572,0.349583410851533,TheEmptinessMachine,Westwood,Dynamic,HTTP/1.1
2025-04-29 05:15:19,stallRate,161.226000070572,0.345165707715545,TheEmptinessMachine,Westwood,Dynamic,HTTP/1.1
2025-04-29 05:15:21,stallRate,163.226000070572,0.340839444248159,TheEmptinessMachine,Westwood,Dynamic,HTTP/1.1
2025-04-29 05:15:23,stallRate,165.226000070572,0.336617325501577,TheEmptinessMachine,Westwood,Dynamic,HTTP/1.1
2025-04-29 05:15:25,stallRate,167.226000070572,0.33249930354784,TheEmptinessMachine,Westwood,Dynamic,HTTP/1.1
2025-04-29 05:15:27,stallRate,169.226000070572,0.328468818234959,TheEmptinessMachine,Westwood,Dynamic,HTTP/1.1
2025-04-29 05:15:29,stallRate,171.226000070572,0.324549510331228,TheEmptinessMachine,Westwood,Dynamic,HTTP/1.1
2025-04-29 05:15:31,stallRate,173.226000070572,0.3207126469689,TheEmptinessMachine,Westwood,Dynamic,HTTP/1.1
2025-04-29 05:15:33,stallRate,175.226000070572,0.316977441124341,TheEmptinessMachine,Westwood,Dynamic,HTTP/1.1
2025-04-29 05:15:35,stallRate,177.226999998093,0.313349714088695,TheEmptinessMachine,Westwood,Dynamic,HTTP/1.1
2025-04-29 05:15:37,stallRate,179.226000070572,0.309798107608314,TheEmptinessMachine,Westwood,Dynamic,HTTP/1.1
2025-04-29 05:15:39,stallRate,181.226999998093,0.30630530397369,TheEmptinessMachine,Westwood,Dynamic,HTTP/1.1
2025-04-29 05:15:41,stallRate,183.226000070572,0.302872748857366,TheEmptinessMachine,Westwood,Dynamic,HTTP/1.1
2025-04-29 05:15:43,stallRate,185.226000070572,0.299525748144445,TheEmptinessMachine,Westwood,Dynamic,HTTP/1.1
2025-04-29 05:15:45,stallRate,187.226000070572,0.296279820367,TheEmptinessMachine,Westwood,Dynamic,HTTP/1.1
2025-04-29 05:15:47,stallRate,189.226000070572,0.293094284793202,TheEmptinessMachine,Westwood,Dynamic,HTTP/1.1
2025-04-29 05:15:49,stallRate,191.226000070572,0.290126522367315,TheEmptinessMachine,Westwood,Dynamic,HTTP/1.1
2025-04-29 05:15:51,stallRate,193.226000070572,0.288477049196905,TheEmptinessMachine,Westwood,Dynamic,HTTP/1.1
2025-04-29 05:15:53,stallRate,195.226000070572,0.285453749280698,TheEmptinessMachine,Westwood,Dynamic,HTTP/1.1
2025-04-29 05:15:55,stallRate,197.226999998093,0.28248961405224,TheEmptinessMachine,Westwood,Dynamic,HTTP/1.1
2025-04-29 05:15:57,stallRate,199.226999998093,0.279572702088825,TheEmptinessMachine,Westwood,Dynamic,HTTP/1.1
2025-04-29 05:16:33,stallRate,1.20900011062622,0.0,TheEmptinessMachine,Westwood,Dynamic,HTTP/2
2025-04-29 05:16:35,stallRate,3.20799994468689,0.0,TheEmptinessMachine,Westwood,Dynamic,HTTP/2
2025-04-29 05:16:37,stallRate,5.20799994468689,0.0,TheEmptinessMachine,Westwood,Dynamic,HTTP/2
2025-04-29 05:16:39,stallRate,7.20799994468689,0.0,TheEmptinessMachine,Westwood,Dynamic,HTTP/2
2025-04-29 05:16:42,stallRate,9.20799994468689,0.0,TheEmptinessMachine,Westwood,Dynamic,HTTP/2
2025-04-29 05:16:43,stallRate,11.2079999446869,0.0,TheEmptinessMachine,Westwood,Dynamic,HTTP/2
2025-04-29 05:16:45,stallRate,13.2079999446869,0.0,TheEmptinessMachine,Westwood,Dynamic,HTTP/2
2025-04-29 05:16:49,stallRate,17.2079999446869,98.1107954545719,TheEmptinessMachine,Westwood,Dynamic,HTTP/2
2025-04-29 05:16:51,stallRate,19.2079999446869,68.7604918361412,TheEmptinessMachine,Westwood,Dynamic,HTTP/2
2025-04-29 05:16:53,stallRate,21.2079999446869,49.4366091081377,TheEmptinessMachine,Westwood,Dynamic,HTTP/2
2025-04-29 05:16:55,stallRate,23.2079999446869,41.1196854019721,TheEmptinessMachine,Westwood,Dynamic,HTTP/2
2025-04-29 05:16:57,stallRate,25.210000038147,32.6317568601128,TheEmptinessMachine,Westwood,Dynamic,HTTP/2
2025-04-29 05:16:59,stallRate,27.2079999446869,27.6059787107898,TheEmptinessMachine,Westwood,Dynamic,HTTP/2
2025-04-29 05:17:01,stallRate,29.2079999446869,23.7625097641548,TheEmptinessMachine,Westwood,Dynamic,HTTP/2
2025-04-29 05:17:03,stallRate,31.2079999446869,19.7363157353381,TheEmptinessMachine,Westwood,Dynamic,HTTP/2
2025-04-29 05:17:05,stallRate,33.2079999446869,17.4592196914363,TheEmptinessMachine,Westwood,Dynamic,HTTP/2
2025-04-29 05:17:07,stallRate,35.2079999446869,15.5730130978958,TheEmptinessMachine,Westwood,Dynamic,HTTP/2
2025-04-29 05:17:09,stallRate,37.2079999446869,13.4656300126646,TheEmptinessMachine,Westwood,Dynamic,HTTP/2
2025-04-29 05:17:11,stallRate,39.2079999446869,12.1956032087165,TheEmptinessMachine,Westwood,Dynamic,HTTP/2
2025-04-29 05:17:13,stallRate,41.2079999446869,11.1245571095122,TheEmptinessMachine,Westwood,Dynamic,HTTP/2
2025-04-29 05:17:15,stallRate,43.2079999446869,10.0985212581978,TheEmptinessMachine,Westwood,Dynamic,HTTP/2
2025-04-29 05:17:17,stallRate,45.2200000286102,9.38239505024919,TheEmptinessMachine,Westwood,Dynamic,HTTP/2
2025-04-29 05:17:19,stallRate,47.2079999446869,8.77344267343943,TheEmptinessMachine,Westwood,Dynamic,HTTP/2
2025-04-29 05:17:21,stallRate,49.2079999446869,8.22461327155946,TheEmptinessMachine,Westwood,Dynamic,HTTP/2
2025-04-29 05:17:23,stallRate,51.2090001106262,7.75830852699477,TheEmptinessMachine,Westwood,Dynamic,HTTP/2
2025-04-29 05:17:25,stallRate,53.2079999446869,7.3418206104759,TheEmptinessMachine,Westwood,Dynamic,HTTP/2
2025-04-29 05:17:27,stallRate,55.2079999446869,6.96897896285698,TheEmptinessMachine,Westwood,Dynamic,HTTP/2
2025-04-29 05:17:29,stallRate,57.2079999446869,6.63492399400317,TheEmptinessMachine,Westwood,Dynamic,HTTP/2
2025-04-29 05:17:31,stallRate,59.2079999446869,6.33193145269548,TheEmptinessMachine,Westwood,Dynamic,HTTP/2
2025-04-29 05:17:33,stallRate,61.2079999446869,6.05495425461184,TheEmptinessMachine,Westwood,Dynamic,HTTP/2
2025-04-29 05:17:35,stallRate,63.210000038147,5.80069932566082,TheEmptinessMachine,Westwood,Dynamic,HTTP/2
2025-04-29 05:17:37,stallRate,65.2079999446869,5.56643379975503,TheEmptinessMachine,Westwood,Dynamic,HTTP/2
2025-04-29 05:17:39,stallRate,67.2079999446869,5.35106205450248,TheEmptinessMachine,Westwood,Dynamic,HTTP/2
2025-04-29 05:17:41,stallRate,69.2079999446869,5.15109307470466,TheEmptinessMachine,Westwood,Dynamic,HTTP/2
2025-04-29 05:17:43,stallRate,71.2090001106262,4.96588952628643,TheEmptinessMachine,Westwood,Dynamic,HTTP/2
2025-04-29 05:17:45,stallRate,73.2079999446869,4.79307975602958,TheEmptinessMachine,Westwood,Dynamic,HTTP/2
2025-04-29 05:17:47,stallRate,75.2079999446869,4.63254563513653,TheEmptinessMachine,Westwood,Dynamic,HTTP/2
2025-04-29 05:17:49,stallRate,77.2079999446869,4.48187145613834,TheEmptinessMachine,Westwood,Dynamic,HTTP/2
2025-04-29 05:17:51,stallRate,79.2079999446869,4.34138742307032,TheEmptinessMachine,Westwood,Dynamic,HTTP/2
2025-04-29 05:17:53,stallRate,81.2079999446869,4.20956265816352,TheEmptinessMachine,Westwood,Dynamic,HTTP/2
2025-04-29 05:17:55,stallRate,83.2079999446869,4.08494775117143,TheEmptinessMachine,Westwood,Dynamic,HTTP/2
2025-04-29 05:17:57,stallRate,85.2079999446869,3.96794888854525,TheEmptinessMachine,Westwood,Dynamic,HTTP/2
2025-04-29 05:17:59,stallRate,87.2079999446869,3.85696371602114,TheEmptinessMachine,Westwood,Dynamic,HTTP/2
2025-04-29 05:18:01,stallRate,89.210000038147,3.75218738957391,TheEmptinessMachine,Westwood,Dynamic,HTTP/2
2025-04-29 05:18:03,stallRate,91.2079999446869,3.65266015340928,TheEmptinessMachine,Westwood,Dynamic,HTTP/2
2025-04-29 05:18:05,stallRate,93.2079999446869,3.55822959403142,TheEmptinessMachine,Westwood,Dynamic,HTTP/2
2025-04-29 05:18:07,stallRate,95.2079999446869,3.4688391634211,TheEmptinessMachine,Westwood,Dynamic,HTTP/2
2025-04-29 05:18:09,stallRate,97.2079999446869,3.38392377769349,TheEmptinessMachine,Westwood,Dynamic,HTTP/2
2025-04-29 05:18:11,stallRate,99.2079999446869,3.30305970952413,TheEmptinessMachine,Westwood,Dynamic,HTTP/2
2025-04-29 05:18:13,stallRate,101.207999944687,3.22610530597258,TheEmptinessMachine,Westwood,Dynamic,HTTP/2
2025-04-29 05:18:15,stallRate,103.207999944687,3.15265847172581,TheEmptinessMachine,Westwood,Dynamic,HTTP/2
2025-04-29 05:18:17,stallRate,105.207999944687,3.08238325258748,TheEmptinessMachine,Westwood,Dynamic,HTTP/2
2025-04-29 05:18:19,stallRate,107.207999944687,3.01491118457817,TheEmptinessMachine,Westwood,Dynamic,HTTP/2
2025-04-29 05:18:21,stallRate,109.207999944687,2.95064808259699,TheEmptinessMachine,Westwood,Dynamic,HTTP/2
2025-04-29 05:18:23,stallRate,111.209000110626,2.88879831855872,TheEmptinessMachine,Westwood,Dynamic,HTTP/2
2025-04-29 05:18:25,stallRate,113.207999944687,2.82968376368748,TheEmptinessMachine,Westwood,Dynamic,HTTP/2
2025-04-29 05:18:27,stallRate,115.207999944687,2.77321411229595,TheEmptinessMachine,Westwood,Dynamic,HTTP/2
2025-04-29 05:18:29,stallRate,117.210000038147,2.71822932959485,TheEmptinessMachine,Westwood,Dynamic,HTTP/2
2025-04-29 05:18:31,stallRate,119.209000110626,2.66560667603522,TheEmptinessMachine,Westwood,Dynamic,HTTP/2
2025-04-29 05:18:33,stallRate,121.207999944687,2.61530483622359,TheEmptinessMachine,Westwood,Dynamic,HTTP/2
2025-04-29 05:18:35,stallRate,123.209000110626,2.56658103035831,TheEmptinessMachine,Westwood,Dynamic,HTTP/2
2025-04-29 05:18:37,stallRate,125.207999944687,2.51980676836146,TheEmptinessMachine,Westwood,Dynamic,HTTP/2
2025-04-29 05:18:39,stallRate,127.209000110626,2.47475783731456,TheEmptinessMachine,Westwood,Dynamic,HTTP/2
2025-04-29 05:18:41,stallRate,129.209000110626,2.43115466805785,TheEmptinessMachine,Westwood,Dynamic,HTTP/2
2025-04-29 05:18:43,stallRate,131.211999893188,2.39525281491254,TheEmptinessMachine,Westwood,Dynamic,HTTP/2
2025-04-29 05:18:45,stallRate,133.207999944687,2.35923479327944,TheEmptinessMachine,Westwood,Dynamic,HTTP/2
2025-04-29 05:18:47,stallRate,135.207999944687,2.33991224600777,TheEmptinessMachine,Westwood,Dynamic,HTTP/2
2025-04-29 05:18:49,stallRate,137.207999944687,2.30086212374434,TheEmptinessMachine,Westwood,Dynamic,HTTP/2
2025-04-29 05:18:51,stallRate,139.207999944687,2.26317845999401,TheEmptinessMachine,Westwood,Dynamic,HTTP/2
2025-04-29 05:18:53,stallRate,141.207999944687,2.22670098500711,TheEmptinessMachine,Westwood,Dynamic,HTTP/2
2025-04-29 05:18:55,stallRate,143.207999944687,2.19138552927968,TheEmptinessMachine,Westwood,Dynamic,HTTP/2
2025-04-29 05:18:57,stallRate,145.207999944687,2.15724742412277,TheEmptinessMachine,Westwood,Dynamic,HTTP/2
2025-04-29 05:18:59,stallRate,147.210000038147,2.12393858133644,TheEmptinessMachine,Westwood,Dynamic,HTTP/2
2025-04-29 05:19:01,stallRate,149.207999944687,2.09169713134106,TheEmptinessMachine,Westwood,Dynamic,HTTP/2
2025-04-29 05:19:03,stallRate,151.210000038147,2.0604779667506,TheEmptinessMachine,Westwood,Dynamic,HTTP/2
2025-04-29 05:19:05,stallRate,153.210000038147,2.03040089541116,TheEmptinessMachine,Westwood,Dynamic,HTTP/2
2025-04-29 05:19:07,stallRate,155.210000038147,2.00095651631409,TheEmptinessMachine,Westwood,Dynamic,HTTP/2
2025-04-29 05:19:09,stallRate,157.207999944687,1.97243545017993,TheEmptinessMachine,Westwood,Dynamic,HTTP/2
2025-04-29 05:19:11,stallRate,159.207999944687,1.94458412452356,TheEmptinessMachine,Westwood,Dynamic,HTTP/2
2025-04-29 05:19:13,stallRate,161.210000038147,1.9174726782878,TheEmptinessMachine,Westwood,Dynamic,HTTP/2
2025-04-29 05:19:15,stallRate,163.210000038147,1.89136068840541,TheEmptinessMachine,Westwood,Dynamic,HTTP/2
2025-04-29 05:19:17,stallRate,165.207999944687,1.86574569907781,TheEmptinessMachine,Westwood,Dynamic,HTTP/2
2025-04-29 05:19:19,stallRate,167.207999944687,1.84085520263988,TheEmptinessMachine,Westwood,Dynamic,HTTP/2
2025-04-29 05:19:21,stallRate,169.209000110626,1.82632582707826,TheEmptinessMachine,Westwood,Dynamic,HTTP/2
2025-04-29 05:19:23,stallRate,171.207999944687,1.80863076137944,TheEmptinessMachine,Westwood,Dynamic,HTTP/2
2025-04-29 05:19:25,stallRate,173.207999944687,1.78517625255575,TheEmptinessMachine,Westwood,Dynamic,HTTP/2
2025-04-29 05:19:27,stallRate,175.207999944687,1.76238833396441,TheEmptinessMachine,Westwood,Dynamic,HTTP/2
2025-04-29 05:19:29,stallRate,177.209000110626,1.74031755919992,TheEmptinessMachine,Westwood,Dynamic,HTTP/2
2025-04-29 05:19:31,stallRate,179.207999944687,1.71864896549515,TheEmptinessMachine,Westwood,Dynamic,HTTP/2
2025-04-29 05:19:33,stallRate,181.207999944687,1.69754756664669,TheEmptinessMachine,Westwood,Dynamic,HTTP/2
2025-04-29 05:19:35,stallRate,183.209000110626,1.6769352344285,TheEmptinessMachine,Westwood,Dynamic,HTTP/2
2025-04-29 05:19:37,stallRate,185.207999944687,1.65683611372162,TheEmptinessMachine,Westwood,Dynamic,HTTP/2
2025-04-29 05:19:39,stallRate,187.207999944687,1.63724854941203,TheEmptinessMachine,Westwood,Dynamic,HTTP/2
2025-04-29 05:19:41,stallRate,189.207999944687,1.61803437169352,TheEmptinessMachine,Westwood,Dynamic,HTTP/2
2025-04-29 05:19:43,stallRate,191.207999944687,1.59923587690198,TheEmptinessMachine,Westwood,Dynamic,HTTP/2
2025-04-29 05:19:45,stallRate,193.207999944687,1.5809274006933,TheEmptinessMachine,Westwood,Dynamic,HTTP/2
2025-04-29 05:19:47,stallRate,195.207999944687,1.56305471809477,TheEmptinessMachine,Westwood,Dynamic,HTTP/2
2025-04-29 05:19:49,stallRate,197.207999944687,1.54556324415691,TheEmptinessMachine,Westwood,Dynamic,HTTP/2
2025-04-29 05:19:51,stallRate,199.207999944687,1.52840671223515,TheEmptinessMachine,Westwood,Dynamic,HTTP/2
2025-04-29 05:19:53,stallRate,201.207999944687,1.5117832141835,TheEmptinessMachine,Westwood,Dynamic,HTTP/2
2025-04-29 05:19:55,stallRate,203.209000110626,1.49545837065704,TheEmptinessMachine,Westwood,Dynamic,HTTP/2
2025-04-29 05:19:59,stallRate,207.207999944687,1.46792041848119,TheEmptinessMachine,Westwood,Dynamic,HTTP/2
2025-04-29 05:20:01,stallRate,209.207999944687,1.45243864332596,TheEmptinessMachine,Westwood,Dynamic,HTTP/2
2025-04-29 05:20:03,stallRate,211.207999944687,1.43732584558816,TheEmptinessMachine,Westwood,Dynamic,HTTP/2
2025-04-29 05:20:05,stallRate,213.207999944687,1.42254484055438,TheEmptinessMachine,Westwood,Dynamic,HTTP/2
2025-04-29 05:20:27,stallRate,1.21099996566772,0.0,TheEmptinessMachine,Westwood,Dynamic,HTTP/3
2025-04-29 05:20:29,stallRate,3.21000003814697,0.0,TheEmptinessMachine,Westwood,Dynamic,HTTP/3
2025-04-29 05:20:31,stallRate,5.21000003814697,0.0,TheEmptinessMachine,Westwood,Dynamic,HTTP/3
2025-04-29 05:20:33,stallRate,7.21000003814697,0.0,TheEmptinessMachine,Westwood,Dynamic,HTTP/3
2025-04-29 05:20:35,stallRate,9.21000003814697,0.0,TheEmptinessMachine,Westwood,Dynamic,HTTP/3
2025-04-29 05:20:37,stallRate,11.210000038147,0.0,TheEmptinessMachine,Westwood,Dynamic,HTTP/3
2025-04-29 05:20:39,stallRate,13.210000038147,0.0,TheEmptinessMachine,Westwood,Dynamic,HTTP/3
2025-04-29 05:20:41,stallRate,15.210000038147,0.0,TheEmptinessMachine,Westwood,Dynamic,HTTP/3
2025-04-29 05:20:43,stallRate,17.210000038147,0.0,TheEmptinessMachine,Westwood,Dynamic,HTTP/3
2025-04-29 05:20:45,stallRate,19.210000038147,0.0,TheEmptinessMachine,Westwood,Dynamic,HTTP/3
2025-04-29 05:20:47,stallRate,21.210000038147,0.0,TheEmptinessMachine,Westwood,Dynamic,HTTP/3
2025-04-29 05:20:49,stallRate,23.210000038147,0.0,TheEmptinessMachine,Westwood,Dynamic,HTTP/3
2025-04-29 05:20:51,stallRate,25.210000038147,0.0,TheEmptinessMachine,Westwood,Dynamic,HTTP/3
2025-04-29 05:20:53,stallRate,27.2109999656677,0.0,TheEmptinessMachine,Westwood,Dynamic,HTTP/3
2025-04-29 05:20:55,stallRate,29.210000038147,0.0,TheEmptinessMachine,Westwood,Dynamic,HTTP/3
2025-04-29 05:20:57,stallRate,31.210000038147,0.0,TheEmptinessMachine,Westwood,Dynamic,HTTP/3
2025-04-29 05:20:59,stallRate,33.210000038147,0.0,TheEmptinessMachine,Westwood,Dynamic,HTTP/3
2025-04-29 05:21:01,stallRate,35.210000038147,0.0,TheEmptinessMachine,Westwood,Dynamic,HTTP/3
2025-04-29 05:21:03,stallRate,37.210000038147,0.0,TheEmptinessMachine,Westwood,Dynamic,HTTP/3
2025-04-29 05:21:05,stallRate,39.210000038147,0.0,TheEmptinessMachine,Westwood,Dynamic,HTTP/3
2025-04-29 05:21:07,stallRate,41.210000038147,0.0,TheEmptinessMachine,Westwood,Dynamic,HTTP/3
2025-04-29 05:21:09,stallRate,43.210000038147,0.0,TheEmptinessMachine,Westwood,Dynamic,HTTP/3
2025-04-29 05:21:11,stallRate,45.210000038147,0.0,TheEmptinessMachine,Westwood,Dynamic,HTTP/3
2025-04-29 05:21:13,stallRate,47.210000038147,0.0,TheEmptinessMachine,Westwood,Dynamic,HTTP/3
2025-04-29 05:21:15,stallRate,49.210000038147,0.0,TheEmptinessMachine,Westwood,Dynamic,HTTP/3
2025-04-29 05:21:17,stallRate,51.210000038147,0.0,TheEmptinessMachine,Westwood,Dynamic,HTTP/3
2025-04-29 05:21:19,stallRate,53.210000038147,0.0,TheEmptinessMachine,Westwood,Dynamic,HTTP/3
2025-04-29 05:21:21,stallRate,55.210000038147,0.0,TheEmptinessMachine,Westwood,Dynamic,HTTP/3
2025-04-29 05:21:23,stallRate,57.210000038147,0.0,TheEmptinessMachine,Westwood,Dynamic,HTTP/3
2025-04-29 05:21:25,stallRate,59.210000038147,0.0,TheEmptinessMachine,Westwood,Dynamic,HTTP/3
2025-04-29 05:21:27,stallRate,61.2109999656677,0.0,TheEmptinessMachine,Westwood,Dynamic,HTTP/3
2025-04-29 05:21:29,stallRate,63.210000038147,0.0,TheEmptinessMachine,Westwood,Dynamic,HTTP/3
2025-04-29 05:21:31,stallRate,65.210000038147,0.0,TheEmptinessMachine,Westwood,Dynamic,HTTP/3
2025-04-29 05:21:33,stallRate,67.210000038147,0.0,TheEmptinessMachine,Westwood,Dynamic,HTTP/3
2025-04-29 05:21:35,stallRate,69.210000038147,0.0,TheEmptinessMachine,Westwood,Dynamic,HTTP/3
2025-04-29 05:21:37,stallRate,71.210000038147,0.0,TheEmptinessMachine,Westwood,Dynamic,HTTP/3
2025-04-29 05:21:39,stallRate,73.210000038147,0.0,TheEmptinessMachine,Westwood,Dynamic,HTTP/3
2025-04-29 05:21:41,stallRate,75.210000038147,0.0,TheEmptinessMachine,Westwood,Dynamic,HTTP/3
2025-04-29 05:21:43,stallRate,77.210000038147,0.0,TheEmptinessMachine,Westwood,Dynamic,HTTP/3
2025-04-29 05:21:45,stallRate,79.210000038147,0.0,TheEmptinessMachine,Westwood,Dynamic,HTTP/3
2025-04-29 05:21:47,stallRate,81.210000038147,0.0,TheEmptinessMachine,Westwood,Dynamic,HTTP/3
2025-04-29 05:21:49,stallRate,83.2109999656677,0.0,TheEmptinessMachine,Westwood,Dynamic,HTTP/3
2025-04-29 05:21:51,stallRate,85.210000038147,0.0,TheEmptinessMachine,Westwood,Dynamic,HTTP/3
2025-04-29 05:21:53,stallRate,87.210000038147,0.0,TheEmptinessMachine,Westwood,Dynamic,HTTP/3
2025-04-29 05:21:55,stallRate,89.210000038147,0.0,TheEmptinessMachine,Westwood,Dynamic,HTTP/3
2025-04-29 05:21:57,stallRate,91.210000038147,0.0,TheEmptinessMachine,Westwood,Dynamic,HTTP/3
2025-04-29 05:21:59,stallRate,93.210000038147,0.0,TheEmptinessMachine,Westwood,Dynamic,HTTP/3
2025-04-29 05:22:01,stallRate,95.210000038147,0.0,TheEmptinessMachine,Westwood,Dynamic,HTTP/3
2025-04-29 05:22:03,stallRate,97.210000038147,0.0,TheEmptinessMachine,Westwood,Dynamic,HTTP/3
2025-04-29 05:22:05,stallRate,99.2109999656677,0.0,TheEmptinessMachine,Westwood,Dynamic,HTTP/3
2025-04-29 05:22:07,stallRate,101.210000038147,0.0,TheEmptinessMachine,Westwood,Dynamic,HTTP/3
2025-04-29 05:22:09,stallRate,103.210000038147,0.0,TheEmptinessMachine,Westwood,Dynamic,HTTP/3
2025-04-29 05:22:11,stallRate,105.210000038147,0.0,TheEmptinessMachine,Westwood,Dynamic,HTTP/3
2025-04-29 05:22:13,stallRate,107.210000038147,0.0,TheEmptinessMachine,Westwood,Dynamic,HTTP/3
2025-04-29 05:22:15,stallRate,109.210000038147,0.0,TheEmptinessMachine,Westwood,Dynamic,HTTP/3
2025-04-29 05:22:17,stallRate,111.210999965668,0.0,TheEmptinessMachine,Westwood,Dynamic,HTTP/3
2025-04-29 05:22:19,stallRate,113.210000038147,0.0,TheEmptinessMachine,Westwood,Dynamic,HTTP/3
2025-04-29 05:22:21,stallRate,115.210999965668,0.0,TheEmptinessMachine,Westwood,Dynamic,HTTP/3
2025-04-29 05:22:23,stallRate,117.211999893188,0.0,TheEmptinessMachine,Westwood,Dynamic,HTTP/3
2025-04-29 05:22:25,stallRate,119.213000059128,0.0,TheEmptinessMachine,Westwood,Dynamic,HTTP/3
2025-04-29 05:22:27,stallRate,121.210999965668,0.0,TheEmptinessMachine,Westwood,Dynamic,HTTP/3
2025-04-29 05:22:29,stallRate,123.210999965668,0.0,TheEmptinessMachine,Westwood,Dynamic,HTTP/3
2025-04-29 05:22:31,stallRate,125.210000038147,0.0,TheEmptinessMachine,Westwood,Dynamic,HTTP/3
2025-04-29 05:22:33,stallRate,127.220999956131,0.0,TheEmptinessMachine,Westwood,Dynamic,HTTP/3
2025-04-29 05:22:35,stallRate,129.210000038147,0.0,TheEmptinessMachine,Westwood,Dynamic,HTTP/3
2025-04-29 05:22:37,stallRate,131.210000038147,0.0,TheEmptinessMachine,Westwood,Dynamic,HTTP/3
2025-04-29 05:22:39,stallRate,133.210000038147,0.0,TheEmptinessMachine,Westwood,Dynamic,HTTP/3
2025-04-29 05:22:41,stallRate,135.210000038147,0.0,TheEmptinessMachine,Westwood,Dynamic,HTTP/3
2025-04-29 05:22:43,stallRate,137.210000038147,0.0,TheEmptinessMachine,Westwood,Dynamic,HTTP/3
2025-04-29 05:22:45,stallRate,139.210000038147,0.0,TheEmptinessMachine,Westwood,Dynamic,HTTP/3
2025-04-29 05:22:47,stallRate,141.210000038147,0.0,TheEmptinessMachine,Westwood,Dynamic,HTTP/3
2025-04-29 05:22:49,stallRate,143.210000038147,0.0,TheEmptinessMachine,Westwood,Dynamic,HTTP/3
2025-04-29 05:22:51,stallRate,145.210000038147,0.0,TheEmptinessMachine,Westwood,Dynamic,HTTP/3
2025-04-29 05:22:53,stallRate,147.210000038147,0.0,TheEmptinessMachine,Westwood,Dynamic,HTTP/3
2025-04-29 05:22:55,stallRate,149.210999965668,0.0,TheEmptinessMachine,Westwood,Dynamic,HTTP/3
2025-04-29 05:22:57,stallRate,151.213999986649,0.0,TheEmptinessMachine,Westwood,Dynamic,HTTP/3
2025-04-29 05:22:59,stallRate,153.210000038147,0.0,TheEmptinessMachine,Westwood,Dynamic,HTTP/3
2025-04-29 05:23:01,stallRate,155.210000038147,0.0,TheEmptinessMachine,Westwood,Dynamic,HTTP/3
2025-04-29 05:23:03,stallRate,157.210000038147,0.0,TheEmptinessMachine,Westwood,Dynamic,HTTP/3
2025-04-29 05:23:05,stallRate,159.210000038147,0.0,TheEmptinessMachine,Westwood,Dynamic,HTTP/3
2025-04-29 05:23:07,stallRate,161.210000038147,0.0,TheEmptinessMachine,Westwood,Dynamic,HTTP/3
2025-04-29 05:23:09,stallRate,163.210000038147,0.0,TheEmptinessMachine,Westwood,Dynamic,HTTP/3
2025-04-29 05:23:11,stallRate,165.210000038147,0.0,TheEmptinessMachine,Westwood,Dynamic,HTTP/3
2025-04-29 05:23:13,stallRate,167.210000038147,0.0,TheEmptinessMachine,Westwood,Dynamic,HTTP/3
2025-04-29 05:23:15,stallRate,169.210999965668,0.0,TheEmptinessMachine,Westwood,Dynamic,HTTP/3
2025-04-29 05:23:17,stallRate,171.210000038147,0.0,TheEmptinessMachine,Westwood,Dynamic,HTTP/3
2025-04-29 05:23:19,stallRate,173.210000038147,0.0,TheEmptinessMachine,Westwood,Dynamic,HTTP/3
2025-04-29 05:23:21,stallRate,175.210000038147,0.0,TheEmptinessMachine,Westwood,Dynamic,HTTP/3
2025-04-29 05:23:23,stallRate,177.210999965668,0.0,TheEmptinessMachine,Westwood,Dynamic,HTTP/3
2025-04-29 05:23:25,stallRate,179.210000038147,0.0,TheEmptinessMachine,Westwood,Dynamic,HTTP/3
2025-04-29 05:23:27,stallRate,181.210000038147,0.0,TheEmptinessMachine,Westwood,Dynamic,HTTP/3
2025-04-29 05:23:29,stallRate,183.210000038147,0.0,TheEmptinessMachine,Westwood,Dynamic,HTTP/3
2025-04-29 05:23:31,stallRate,185.210000038147,0.0,TheEmptinessMachine,Westwood,Dynamic,HTTP/3
2025-04-29 05:23:33,stallRate,187.210000038147,0.0,TheEmptinessMachine,Westwood,Dynamic,HTTP/3
2025-04-29 05:23:35,stallRate,189.210999965668,0.0,TheEmptinessMachine,Westwood,Dynamic,HTTP/3
2025-04-29 05:23:37,stallRate,191.210000038147,0.0,TheEmptinessMachine,Westwood,Dynamic,HTTP/3
2025-04-29 05:23:39,stallRate,193.210000038147,0.0,TheEmptinessMachine,Westwood,Dynamic,HTTP/3
2025-04-29 05:23:41,stallRate,195.210000038147,0.0,TheEmptinessMachine,Westwood,Dynamic,HTTP/3
2025-04-29 05:23:43,stallRate,197.210000038147,0.0,TheEmptinessMachine,Westwood,Dynamic,HTTP/3
2025-04-29 05:23:45,stallRate,199.210000038147,0.0,TheEmptinessMachine,Westwood,Dynamic,HTTP/3
2025-04-29 05:23:47,stallRate,201.210999965668,0.0,TheEmptinessMachine,Westwood,Dynamic,HTTP/3
2025-04-29 05:23:49,stallRate,203.210000038147,0.0,TheEmptinessMachine,Westwood,Dynamic,HTTP/3
2025-04-29 05:24:21,stallRate,1.22499990463257,0.0,TheEmptinessMachine,Westwood,Bola,HTTP/1.1
2025-04-29 05:24:24,stallRate,3.22300004959106,0.0,TheEmptinessMachine,Westwood,Bola,HTTP/1.1
2025-04-29 05:24:25,stallRate,5.22300004959106,0.0,TheEmptinessMachine,Westwood,Bola,HTTP/1.1
2025-04-29 05:24:27,stallRate,7.22300004959106,0.0,TheEmptinessMachine,Westwood,Bola,HTTP/1.1
2025-04-29 05:24:29,stallRate,9.22300004959106,0.0,TheEmptinessMachine,Westwood,Bola,HTTP/1.1
2025-04-29 05:24:31,stallRate,11.2230000495911,0.0,TheEmptinessMachine,Westwood,Bola,HTTP/1.1
2025-04-29 05:24:33,stallRate,13.2230000495911,0.0,TheEmptinessMachine,Westwood,Bola,HTTP/1.1
2025-04-29 05:24:36,stallRate,15.2230000495911,0.0,TheEmptinessMachine,Westwood,Bola,HTTP/1.1
2025-04-29 05:24:37,stallRate,17.2230000495911,0.0,TheEmptinessMachine,Westwood,Bola,HTTP/1.1
2025-04-29 05:24:39,stallRate,19.2230000495911,0.0,TheEmptinessMachine,Westwood,Bola,HTTP/1.1
2025-04-29 05:24:41,stallRate,21.2230000495911,0.0,TheEmptinessMachine,Westwood,Bola,HTTP/1.1
2025-04-29 05:24:43,stallRate,23.2239999771118,0.0,TheEmptinessMachine,Westwood,Bola,HTTP/1.1
2025-04-29 05:24:45,stallRate,25.2230000495911,0.0,TheEmptinessMachine,Westwood,Bola,HTTP/1.1
2025-04-29 05:24:47,stallRate,27.2230000495911,0.0,TheEmptinessMachine,Westwood,Bola,HTTP/1.1
2025-04-29 05:24:49,stallRate,29.2230000495911,0.0,TheEmptinessMachine,Westwood,Bola,HTTP/1.1
2025-04-29 05:24:51,stallRate,31.2230000495911,0.0,TheEmptinessMachine,Westwood,Bola,HTTP/1.1
2025-04-29 05:24:53,stallRate,33.2239999771118,0.0,TheEmptinessMachine,Westwood,Bola,HTTP/1.1
2025-04-29 05:24:55,stallRate,35.2230000495911,0.0,TheEmptinessMachine,Westwood,Bola,HTTP/1.1
2025-04-29 05:24:57,stallRate,37.2230000495911,0.0,TheEmptinessMachine,Westwood,Bola,HTTP/1.1
2025-04-29 05:24:59,stallRate,39.2230000495911,0.0,TheEmptinessMachine,Westwood,Bola,HTTP/1.1
2025-04-29 05:25:01,stallRate,41.2230000495911,0.0,TheEmptinessMachine,Westwood,Bola,HTTP/1.1
2025-04-29 05:25:03,stallRate,43.2230000495911,0.0650348669658611,TheEmptinessMachine,Westwood,Bola,HTTP/1.1
2025-04-29 05:25:05,stallRate,45.2230000495911,0.0593468971086322,TheEmptinessMachine,Westwood,Bola,HTTP/1.1
2025-04-29 05:25:07,stallRate,47.2230000495911,0.0552250623783835,TheEmptinessMachine,Westwood,Bola,HTTP/1.1
2025-04-29 05:25:09,stallRate,49.2279999256134,0.0516668961929408,TheEmptinessMachine,Westwood,Bola,HTTP/1.1
2025-04-29 05:25:11,stallRate,51.2249999046326,0.0485139743326987,TheEmptinessMachine,Westwood,Bola,HTTP/1.1
2025-04-29 05:25:13,stallRate,53.2230000495911,0.0458114774409726,TheEmptinessMachine,Westwood,Bola,HTTP/1.1
2025-04-29 05:25:15,stallRate,55.2230000495911,0.043399359804209,TheEmptinessMachine,Westwood,Bola,HTTP/1.1
2025-04-29 05:25:17,stallRate,57.2239999771118,0.0412151433229148,TheEmptinessMachine,Westwood,Bola,HTTP/1.1
2025-04-29 05:25:19,stallRate,59.2230000495911,0.0392589994713136,TheEmptinessMachine,Westwood,Bola,HTTP/1.1
2025-04-29 05:25:21,stallRate,61.2239999771118,0.0374708561899893,TheEmptinessMachine,Westwood,Bola,HTTP/1.1
2025-04-29 05:25:23,stallRate,63.2230000495911,0.0358469216521221,TheEmptinessMachine,Westwood,Bola,HTTP/1.1
2025-04-29 05:25:25,stallRate,65.2230000495911,0.034352033518592,TheEmptinessMachine,Westwood,Bola,HTTP/1.1
2025-04-29 05:25:27,stallRate,67.2249999046326,0.0329776754328402,TheEmptinessMachine,Westwood,Bola,HTTP/1.1
2025-04-29 05:25:29,stallRate,69.2230000495911,0.0317065478671651,TheEmptinessMachine,Westwood,Bola,HTTP/1.1
2025-04-29 05:25:31,stallRate,71.2320001125336,0.0305308560929775,TheEmptinessMachine,Westwood,Bola,HTTP/1.1
2025-04-29 05:25:33,stallRate,73.2249999046326,0.0294420811276021,TheEmptinessMachine,Westwood,Bola,HTTP/1.1
2025-04-29 05:25:35,stallRate,75.2230000495911,0.028431860384334,TheEmptinessMachine,Westwood,Bola,HTTP/1.1
2025-04-29 05:25:37,stallRate,77.2260000705719,0.0274871960059815,TheEmptinessMachine,Westwood,Bola,HTTP/1.1
2025-04-29 05:25:39,stallRate,79.2230000495911,0.0266006188883879,TheEmptinessMachine,Westwood,Bola,HTTP/1.1
2025-04-29 05:25:41,stallRate,81.2230000495911,0.0257720590394349,TheEmptinessMachine,Westwood,Bola,HTTP/1.1
2025-04-29 05:25:43,stallRate,83.2230000495911,0.024989724301084,TheEmptinessMachine,Westwood,Bola,HTTP/1.1
2025-04-29 05:25:45,stallRate,85.2230000495911,0.024255455992861,TheEmptinessMachine,Westwood,Bola,HTTP/1.1
2025-04-29 05:25:47,stallRate,87.2230000495911,0.0235599639563872,TheEmptinessMachine,Westwood,Bola,HTTP/1.1
2025-04-29 05:25:49,stallRate,89.2239999771118,0.0229069254965902,TheEmptinessMachine,Westwood,Bola,HTTP/1.1
2025-04-29 05:25:51,stallRate,91.2230000495911,0.0222868622269853,TheEmptinessMachine,Westwood,Bola,HTTP/1.1
2025-04-29 05:25:53,stallRate,93.2230000495911,0.0216992626853476,TheEmptinessMachine,Westwood,Bola,HTTP/1.1
2025-04-29 05:25:55,stallRate,95.2230000495911,0.02114291933049,TheEmptinessMachine,Westwood,Bola,HTTP/1.1
2025-04-29 05:25:57,stallRate,97.2230000495911,0.0206157123638756,TheEmptinessMachine,Westwood,Bola,HTTP/1.1
2025-04-29 05:25:59,stallRate,99.2230000495911,0.0201125726287774,TheEmptinessMachine,Westwood,Bola,HTTP/1.1
2025-04-29 05:26:01,stallRate,101.224999904633,0.0196345781294831,TheEmptinessMachine,Westwood,Bola,HTTP/1.1
2025-04-29 05:26:03,stallRate,103.223999977112,0.0191778499877349,TheEmptinessMachine,Westwood,Bola,HTTP/1.1
2025-04-29 05:26:05,stallRate,105.223000049591,0.018894197725848,TheEmptinessMachine,Westwood,Bola,HTTP/1.1
2025-04-29 05:26:07,stallRate,107.223999977112,0.0184879438997276,TheEmptinessMachine,Westwood,Bola,HTTP/1.1
2025-04-29 05:26:09,stallRate,109.223000049591,0.0180829923867243,TheEmptinessMachine,Westwood,Bola,HTTP/1.1
2025-04-29 05:26:11,stallRate,111.223000049591,0.0176953740077558,TheEmptinessMachine,Westwood,Bola,HTTP/1.1
2025-04-29 05:26:13,stallRate,113.223000049591,0.0173218327981361,TheEmptinessMachine,Westwood,Bola,HTTP/1.1
2025-04-29 05:26:15,stallRate,115.223000049591,0.0169672797321818,TheEmptinessMachine,Westwood,Bola,HTTP/1.1
2025-04-29 05:26:17,stallRate,117.223000049591,0.0166258430007675,TheEmptinessMachine,Westwood,Bola,HTTP/1.1
2025-04-29 05:26:21,stallRate,121.223000049591,0.0159821421548909,TheEmptinessMachine,Westwood,Bola,HTTP/1.1
2025-04-29 05:26:23,stallRate,123.223000049591,0.0156792859641707,TheEmptinessMachine,Westwood,Bola,HTTP/1.1
2025-04-29 05:26:25,stallRate,125.223000049591,0.0153863907373867,TheEmptinessMachine,Westwood,Bola,HTTP/1.1
2025-04-29 05:26:27,stallRate,127.223000049591,0.0151032326547209,TheEmptinessMachine,Westwood,Bola,HTTP/1.1
2025-04-29 05:26:29,stallRate,129.223999977112,0.014832776758101,TheEmptinessMachine,Westwood,Bola,HTTP/1.1
2025-04-29 05:26:31,stallRate,131.223999977112,0.0145711346810981,TheEmptinessMachine,Westwood,Bola,HTTP/1.1
2025-04-29 05:26:33,stallRate,133.223000049591,0.0143176733159505,TheEmptinessMachine,Westwood,Bola,HTTP/1.1
2025-04-29 05:26:35,stallRate,135.223000049591,0.0140732608070199,TheEmptinessMachine,Westwood,Bola,HTTP/1.1
2025-04-29 05:26:37,stallRate,137.223999977112,0.0138369799477954,TheEmptinessMachine,Westwood,Bola,HTTP/1.1
2025-04-29 05:26:39,stallRate,139.223000049591,0.013715763739231,TheEmptinessMachine,Westwood,Bola,HTTP/1.1
2025-04-29 05:26:41,stallRate,141.223000049591,0.0135552513647559,TheEmptinessMachine,Westwood,Bola,HTTP/1.1
2025-04-29 05:26:43,stallRate,143.223000049591,0.0133365978091603,TheEmptinessMachine,Westwood,Bola,HTTP/1.1
2025-04-29 05:26:45,stallRate,145.223000049591,0.0131239152040085,TheEmptinessMachine,Westwood,Bola,HTTP/1.1
2025-04-29 05:26:47,stallRate,147.223000049591,0.012918832260953,TheEmptinessMachine,Westwood,Bola,HTTP/1.1
2025-04-29 05:26:49,stallRate,149.223999977112,0.0127192074463018,TheEmptinessMachine,Westwood,Bola,HTTP/1.1
2025-04-29 05:26:51,stallRate,151.223000049591,0.0125251203624273,TheEmptinessMachine,Westwood,Bola,HTTP/1.1
2025-04-29 05:26:53,stallRate,153.223000049591,0.0123380413354951,TheEmptinessMachine,Westwood,Bola,HTTP/1.1
2025-04-29 05:26:55,stallRate,155.223000049591,0.0121568068050119,TheEmptinessMachine,Westwood,Bola,HTTP/1.1
2025-04-29 05:26:57,stallRate,157.223000049591,0.0119799827122371,TheEmptinessMachine,Westwood,Bola,HTTP/1.1
2025-04-29 05:26:59,stallRate,159.223000049591,0.0118080988988023,TheEmptinessMachine,Westwood,Bola,HTTP/1.1
2025-04-29 05:27:01,stallRate,161.224999904633,0.011641278449438,TheEmptinessMachine,Westwood,Bola,HTTP/1.1
2025-04-29 05:27:03,stallRate,163.223000049591,0.0114798087071522,TheEmptinessMachine,Westwood,Bola,HTTP/1.1
2025-04-29 05:27:05,stallRate,165.223000049591,0.0113225128721242,TheEmptinessMachine,Westwood,Bola,HTTP/1.1
2025-04-29 05:27:07,stallRate,167.223999977112,0.0111692423165142,TheEmptinessMachine,Westwood,Bola,HTTP/1.1
2025-04-29 05:27:09,stallRate,169.223000049591,0.0110205550249451,TheEmptinessMachine,Westwood,Bola,HTTP/1.1
2025-04-29 05:27:11,stallRate,171.223000049591,0.0108749853014738,TheEmptinessMachine,Westwood,Bola,HTTP/1.1
2025-04-29 05:27:13,stallRate,173.223000049591,0.0107338222465815,TheEmptinessMachine,Westwood,Bola,HTTP/1.1
2025-04-29 05:27:15,stallRate,175.223000049591,0.010595745808063,TheEmptinessMachine,Westwood,Bola,HTTP/1.1
2025-04-29 05:27:17,stallRate,177.223000049591,0.0104609475140837,TheEmptinessMachine,Westwood,Bola,HTTP/1.1
2025-04-29 05:27:19,stallRate,179.223000049591,0.0103299520019768,TheEmptinessMachine,Westwood,Bola,HTTP/1.1
2025-04-29 05:27:21,stallRate,181.223000049591,0.0102018399407906,TheEmptinessMachine,Westwood,Bola,HTTP/1.1
2025-04-29 05:27:23,stallRate,183.223000049591,0.0100773950659374,TheEmptinessMachine,Westwood,Bola,HTTP/1.1
2025-04-29 05:27:27,stallRate,187.223000049591,0.0098374232261453,TheEmptinessMachine,Westwood,Bola,HTTP/1.1
2025-04-29 05:27:29,stallRate,189.223999977112,0.0097212210101083,TheEmptinessMachine,Westwood,Bola,HTTP/1.1
2025-04-29 05:27:31,stallRate,191.223000049591,0.0096080131528504,TheEmptinessMachine,Westwood,Bola,HTTP/1.1
2025-04-29 05:27:33,stallRate,193.223000049591,0.0094976332243417,TheEmptinessMachine,Westwood,Bola,HTTP/1.1
2025-04-29 05:27:35,stallRate,195.223000049591,0.0093893178561606,TheEmptinessMachine,Westwood,Bola,HTTP/1.1
2025-04-29 05:27:37,stallRate,197.223000049591,0.0092839330566577,TheEmptinessMachine,Westwood,Bola,HTTP/1.1
2025-04-29 05:27:39,stallRate,199.223000049591,0.0091809883965036,TheEmptinessMachine,Westwood,Bola,HTTP/1.1
2025-04-29 05:27:43,stallRate,203.223999977112,0.0089806507471012,TheEmptinessMachine,Westwood,Bola,HTTP/1.1
2025-04-29 05:27:49,stallRate,209.223999977112,0.008757241449204,TheEmptinessMachine,Westwood,Bola,HTTP/1.1
2025-04-29 05:28:14,stallRate,1.2039999961853,0.0,TheEmptinessMachine,Westwood,Bola,HTTP/2
2025-04-29 05:28:16,stallRate,3.20300006866455,0.0,TheEmptinessMachine,Westwood,Bola,HTTP/2
2025-04-29 05:28:18,stallRate,5.2039999961853,0.0,TheEmptinessMachine,Westwood,Bola,HTTP/2
2025-04-29 05:28:20,stallRate,7.20300006866455,0.0,TheEmptinessMachine,Westwood,Bola,HTTP/2
2025-04-29 05:28:22,stallRate,9.20300006866455,0.0,TheEmptinessMachine,Westwood,Bola,HTTP/2
2025-04-29 05:28:24,stallRate,11.2030000686646,0.0,TheEmptinessMachine,Westwood,Bola,HTTP/2
2025-04-29 05:28:26,stallRate,13.2030000686646,0.0,TheEmptinessMachine,Westwood,Bola,HTTP/2
2025-04-29 05:28:28,stallRate,15.2030000686646,0.0,TheEmptinessMachine,Westwood,Bola,HTTP/2
2025-04-29 05:28:30,stallRate,17.2050001621246,0.0,TheEmptinessMachine,Westwood,Bola,HTTP/2
2025-04-29 05:28:32,stallRate,19.2050001621246,0.0,TheEmptinessMachine,Westwood,Bola,HTTP/2
2025-04-29 05:28:34,stallRate,21.2050001621246,0.0,TheEmptinessMachine,Westwood,Bola,HTTP/2
2025-04-29 05:28:36,stallRate,23.2030000686646,0.0,TheEmptinessMachine,Westwood,Bola,HTTP/2
2025-04-29 05:28:38,stallRate,25.2030000686646,0.0,TheEmptinessMachine,Westwood,Bola,HTTP/2
2025-04-29 05:28:40,stallRate,27.2030000686646,0.0,TheEmptinessMachine,Westwood,Bola,HTTP/2
2025-04-29 05:28:43,stallRate,29.2030000686646,0.0,TheEmptinessMachine,Westwood,Bola,HTTP/2
2025-04-29 05:28:44,stallRate,31.2030000686646,0.0,TheEmptinessMachine,Westwood,Bola,HTTP/2
2025-04-29 05:28:46,stallRate,33.2030000686646,0.0,TheEmptinessMachine,Westwood,Bola,HTTP/2
2025-04-29 05:28:48,stallRate,35.2039999961853,0.0,TheEmptinessMachine,Westwood,Bola,HTTP/2
2025-04-29 05:28:50,stallRate,37.2030000686646,0.0,TheEmptinessMachine,Westwood,Bola,HTTP/2
2025-04-29 05:28:52,stallRate,39.2030000686646,0.0,TheEmptinessMachine,Westwood,Bola,HTTP/2
2025-04-29 05:28:54,stallRate,41.2030000686646,0.0,TheEmptinessMachine,Westwood,Bola,HTTP/2
2025-04-29 05:28:56,stallRate,43.2030000686646,0.0,TheEmptinessMachine,Westwood,Bola,HTTP/2
2025-04-29 05:28:58,stallRate,45.2039999961853,0.0,TheEmptinessMachine,Westwood,Bola,HTTP/2
2025-04-29 05:29:00,stallRate,47.2030000686646,0.0,TheEmptinessMachine,Westwood,Bola,HTTP/2
2025-04-29 05:29:02,stallRate,49.2030000686646,0.0,TheEmptinessMachine,Westwood,Bola,HTTP/2
2025-04-29 05:29:04,stallRate,51.2030000686646,0.0,TheEmptinessMachine,Westwood,Bola,HTTP/2
2025-04-29 05:29:06,stallRate,53.2039999961853,0.0,TheEmptinessMachine,Westwood,Bola,HTTP/2
2025-04-29 05:29:08,stallRate,55.2039999961853,0.0,TheEmptinessMachine,Westwood,Bola,HTTP/2
2025-04-29 05:29:10,stallRate,57.2030000686646,0.0,TheEmptinessMachine,Westwood,Bola,HTTP/2
2025-04-29 05:29:12,stallRate,59.2030000686646,0.0,TheEmptinessMachine,Westwood,Bola,HTTP/2
2025-04-29 05:29:14,stallRate,61.2030000686646,0.0,TheEmptinessMachine,Westwood,Bola,HTTP/2
2025-04-29 05:29:16,stallRate,63.2030000686646,0.0,TheEmptinessMachine,Westwood,Bola,HTTP/2
2025-04-29 05:29:18,stallRate,65.2030000686646,0.0,TheEmptinessMachine,Westwood,Bola,HTTP/2
2025-04-29 05:29:20,stallRate,67.2030000686646,0.0,TheEmptinessMachine,Westwood,Bola,HTTP/2
2025-04-29 05:29:22,stallRate,69.2030000686646,0.0,TheEmptinessMachine,Westwood,Bola,HTTP/2
2025-04-29 05:29:24,stallRate,71.2030000686646,0.0,TheEmptinessMachine,Westwood,Bola,HTTP/2
2025-04-29 05:29:26,stallRate,73.2030000686646,0.0,TheEmptinessMachine,Westwood,Bola,HTTP/2
2025-04-29 05:29:28,stallRate,75.2030000686646,0.0,TheEmptinessMachine,Westwood,Bola,HTTP/2
2025-04-29 05:29:30,stallRate,77.2030000686646,0.0,TheEmptinessMachine,Westwood,Bola,HTTP/2
2025-04-29 05:29:32,stallRate,79.2030000686646,0.0,TheEmptinessMachine,Westwood,Bola,HTTP/2
2025-04-29 05:29:34,stallRate,81.2030000686646,0.0,TheEmptinessMachine,Westwood,Bola,HTTP/2
2025-04-29 05:29:36,stallRate,83.2030000686646,0.0,TheEmptinessMachine,Westwood,Bola,HTTP/2
2025-04-29 05:29:38,stallRate,85.2030000686646,0.0,TheEmptinessMachine,Westwood,Bola,HTTP/2
2025-04-29 05:29:40,stallRate,87.2039999961853,0.0,TheEmptinessMachine,Westwood,Bola,HTTP/2
2025-04-29 05:29:42,stallRate,89.2050001621246,0.0,TheEmptinessMachine,Westwood,Bola,HTTP/2
2025-04-29 05:29:44,stallRate,91.2039999961853,0.0,TheEmptinessMachine,Westwood,Bola,HTTP/2
2025-04-29 05:29:46,stallRate,93.2030000686646,0.0,TheEmptinessMachine,Westwood,Bola,HTTP/2
2025-04-29 05:29:48,stallRate,95.2030000686646,0.0,TheEmptinessMachine,Westwood,Bola,HTTP/2
2025-04-29 05:29:50,stallRate,97.2030000686646,0.0,TheEmptinessMachine,Westwood,Bola,HTTP/2
2025-04-29 05:29:52,stallRate,99.2030000686646,0.0,TheEmptinessMachine,Westwood,Bola,HTTP/2
2025-04-29 05:29:54,stallRate,101.203999996185,0.0,TheEmptinessMachine,Westwood,Bola,HTTP/2
2025-04-29 05:29:56,stallRate,103.203000068665,0.0,TheEmptinessMachine,Westwood,Bola,HTTP/2
2025-04-29 05:29:58,stallRate,105.203000068665,0.0,TheEmptinessMachine,Westwood,Bola,HTTP/2
2025-04-29 05:30:00,stallRate,107.203000068665,0.0,TheEmptinessMachine,Westwood,Bola,HTTP/2
2025-04-29 05:30:02,stallRate,109.203000068665,0.0,TheEmptinessMachine,Westwood,Bola,HTTP/2
2025-04-29 05:30:04,stallRate,111.203000068665,0.0,TheEmptinessMachine,Westwood,Bola,HTTP/2
2025-04-29 05:30:06,stallRate,113.203000068665,0.0,TheEmptinessMachine,Westwood,Bola,HTTP/2
2025-04-29 05:30:08,stallRate,115.203000068665,0.0,TheEmptinessMachine,Westwood,Bola,HTTP/2
2025-04-29 05:30:10,stallRate,117.203000068665,0.0,TheEmptinessMachine,Westwood,Bola,HTTP/2
2025-04-29 05:30:12,stallRate,119.203000068665,0.0,TheEmptinessMachine,Westwood,Bola,HTTP/2
2025-04-29 05:30:14,stallRate,121.203999996185,0.0,TheEmptinessMachine,Westwood,Bola,HTTP/2
2025-04-29 05:30:16,stallRate,123.203000068665,0.0,TheEmptinessMachine,Westwood,Bola,HTTP/2
2025-04-29 05:30:18,stallRate,125.203000068665,0.0,TheEmptinessMachine,Westwood,Bola,HTTP/2
2025-04-29 05:30:20,stallRate,127.203000068665,0.0,TheEmptinessMachine,Westwood,Bola,HTTP/2
2025-04-29 05:30:22,stallRate,129.203000068665,0.0,TheEmptinessMachine,Westwood,Bola,HTTP/2
2025-04-29 05:30:24,stallRate,131.203000068665,0.0,TheEmptinessMachine,Westwood,Bola,HTTP/2
2025-04-29 05:30:26,stallRate,133.203000068665,0.0,TheEmptinessMachine,Westwood,Bola,HTTP/2
2025-04-29 05:30:28,stallRate,135.203999996185,0.0,TheEmptinessMachine,Westwood,Bola,HTTP/2
2025-04-29 05:30:30,stallRate,137.203999996185,0.0,TheEmptinessMachine,Westwood,Bola,HTTP/2
2025-04-29 05:30:32,stallRate,139.203000068665,0.0,TheEmptinessMachine,Westwood,Bola,HTTP/2
2025-04-29 05:30:34,stallRate,141.203000068665,0.0,TheEmptinessMachine,Westwood,Bola,HTTP/2
2025-04-29 05:30:36,stallRate,143.203000068665,0.0,TheEmptinessMachine,Westwood,Bola,HTTP/2
2025-04-29 05:30:38,stallRate,145.203000068665,0.0,TheEmptinessMachine,Westwood,Bola,HTTP/2
2025-04-29 05:30:40,stallRate,147.203999996185,0.0,TheEmptinessMachine,Westwood,Bola,HTTP/2
2025-04-29 05:30:42,stallRate,149.203000068665,0.0,TheEmptinessMachine,Westwood,Bola,HTTP/2
2025-04-29 05:30:44,stallRate,151.203000068665,0.0,TheEmptinessMachine,Westwood,Bola,HTTP/2
2025-04-29 05:30:46,stallRate,153.203000068665,0.0,TheEmptinessMachine,Westwood,Bola,HTTP/2
2025-04-29 05:30:48,stallRate,155.203000068665,0.0,TheEmptinessMachine,Westwood,Bola,HTTP/2
2025-04-29 05:30:50,stallRate,157.203000068665,0.0,TheEmptinessMachine,Westwood,Bola,HTTP/2
2025-04-29 05:30:52,stallRate,159.203999996185,0.0,TheEmptinessMachine,Westwood,Bola,HTTP/2
2025-04-29 05:30:54,stallRate,161.203000068665,0.0,TheEmptinessMachine,Westwood,Bola,HTTP/2
2025-04-29 05:30:56,stallRate,163.203000068665,0.0,TheEmptinessMachine,Westwood,Bola,HTTP/2
2025-04-29 05:30:58,stallRate,165.203999996185,0.0,TheEmptinessMachine,Westwood,Bola,HTTP/2
2025-04-29 05:31:00,stallRate,167.203000068665,0.0,TheEmptinessMachine,Westwood,Bola,HTTP/2
2025-04-29 05:31:02,stallRate,169.203000068665,0.0,TheEmptinessMachine,Westwood,Bola,HTTP/2
2025-04-29 05:31:04,stallRate,171.203000068665,0.0,TheEmptinessMachine,Westwood,Bola,HTTP/2
2025-04-29 05:31:06,stallRate,173.203000068665,0.0,TheEmptinessMachine,Westwood,Bola,HTTP/2
2025-04-29 05:31:08,stallRate,175.203000068665,0.0,TheEmptinessMachine,Westwood,Bola,HTTP/2
2025-04-29 05:31:10,stallRate,177.203000068665,0.0,TheEmptinessMachine,Westwood,Bola,HTTP/2
2025-04-29 05:31:12,stallRate,179.203000068665,0.0,TheEmptinessMachine,Westwood,Bola,HTTP/2
2025-04-29 05:31:14,stallRate,181.203000068665,0.0,TheEmptinessMachine,Westwood,Bola,HTTP/2
2025-04-29 05:31:16,stallRate,183.205000162125,0.0,TheEmptinessMachine,Westwood,Bola,HTTP/2
2025-04-29 05:31:18,stallRate,185.203000068665,0.0,TheEmptinessMachine,Westwood,Bola,HTTP/2
2025-04-29 05:31:20,stallRate,187.203000068665,0.0,TheEmptinessMachine,Westwood,Bola,HTTP/2
2025-04-29 05:31:22,stallRate,189.203000068665,0.0,TheEmptinessMachine,Westwood,Bola,HTTP/2
2025-04-29 05:31:24,stallRate,191.203000068665,0.0,TheEmptinessMachine,Westwood,Bola,HTTP/2
2025-04-29 05:31:26,stallRate,193.203999996185,0.0,TheEmptinessMachine,Westwood,Bola,HTTP/2
2025-04-29 05:31:28,stallRate,195.203000068665,0.0,TheEmptinessMachine,Westwood,Bola,HTTP/2
2025-04-29 05:31:30,stallRate,197.203999996185,0.0,TheEmptinessMachine,Westwood,Bola,HTTP/2
2025-04-29 05:31:32,stallRate,199.203000068665,0.0,TheEmptinessMachine,Westwood,Bola,HTTP/2
2025-04-29 05:31:34,stallRate,201.203000068665,0.0,TheEmptinessMachine,Westwood,Bola,HTTP/2
2025-04-29 05:31:36,stallRate,203.203000068665,0.0,TheEmptinessMachine,Westwood,Bola,HTTP/2
2025-04-29 05:31:38,stallRate,205.203000068665,0.0,TheEmptinessMachine,Westwood,Bola,HTTP/2
2025-04-29 05:32:08,stallRate,1.20100021362305,0.0,TheEmptinessMachine,Westwood,Bola,HTTP/3
2025-04-29 05:32:10,stallRate,3.20000004768372,0.0,TheEmptinessMachine,Westwood,Bola,HTTP/3
2025-04-29 05:32:12,stallRate,5.20000004768372,0.0,TheEmptinessMachine,Westwood,Bola,HTTP/3
2025-04-29 05:32:14,stallRate,7.20000004768372,0.0,TheEmptinessMachine,Westwood,Bola,HTTP/3
2025-04-29 05:32:16,stallRate,9.20000004768372,0.0,TheEmptinessMachine,Westwood,Bola,HTTP/3
2025-04-29 05:32:18,stallRate,11.2000000476837,0.0,TheEmptinessMachine,Westwood,Bola,HTTP/3
2025-04-29 05:32:20,stallRate,13.2000000476837,0.0,TheEmptinessMachine,Westwood,Bola,HTTP/3
2025-04-29 05:32:22,stallRate,15.2000000476837,0.0,TheEmptinessMachine,Westwood,Bola,HTTP/3
2025-04-29 05:32:24,stallRate,17.2000000476837,0.0,TheEmptinessMachine,Westwood,Bola,HTTP/3
2025-04-29 05:32:26,stallRate,19.2000000476837,0.0,TheEmptinessMachine,Westwood,Bola,HTTP/3
2025-04-29 05:32:28,stallRate,21.2000000476837,0.0,TheEmptinessMachine,Westwood,Bola,HTTP/3
2025-04-29 05:32:30,stallRate,23.2000000476837,0.0,TheEmptinessMachine,Westwood,Bola,HTTP/3
2025-04-29 05:32:32,stallRate,25.201000213623,0.0,TheEmptinessMachine,Westwood,Bola,HTTP/3
2025-04-29 05:32:34,stallRate,27.2000000476837,0.0,TheEmptinessMachine,Westwood,Bola,HTTP/3
2025-04-29 05:32:36,stallRate,29.2000000476837,0.0,TheEmptinessMachine,Westwood,Bola,HTTP/3
2025-04-29 05:32:38,stallRate,31.2000000476837,0.0,TheEmptinessMachine,Westwood,Bola,HTTP/3
2025-04-29 05:32:40,stallRate,33.2000000476837,0.0,TheEmptinessMachine,Westwood,Bola,HTTP/3
2025-04-29 05:32:42,stallRate,35.2000000476837,0.0,TheEmptinessMachine,Westwood,Bola,HTTP/3
2025-04-29 05:32:44,stallRate,37.2000000476837,0.0,TheEmptinessMachine,Westwood,Bola,HTTP/3
2025-04-29 05:32:46,stallRate,39.2000000476837,0.0,TheEmptinessMachine,Westwood,Bola,HTTP/3
2025-04-29 05:32:48,stallRate,41.2000000476837,0.0,TheEmptinessMachine,Westwood,Bola,HTTP/3
2025-04-29 05:32:50,stallRate,43.2000000476837,0.0,TheEmptinessMachine,Westwood,Bola,HTTP/3
2025-04-29 05:32:52,stallRate,45.201000213623,0.0,TheEmptinessMachine,Westwood,Bola,HTTP/3
2025-04-29 05:32:54,stallRate,47.2000000476837,0.143190261569586,TheEmptinessMachine,Westwood,Bola,HTTP/3
2025-04-29 05:32:56,stallRate,49.2000000476837,0.136716721577293,TheEmptinessMachine,Westwood,Bola,HTTP/3
2025-04-29 05:32:58,stallRate,51.2000000476837,0.130804405068397,TheEmptinessMachine,Westwood,Bola,HTTP/3
2025-04-29 05:33:00,stallRate,53.2000000476837,0.125397025159597,TheEmptinessMachine,Westwood,Bola,HTTP/3
2025-04-29 05:33:02,stallRate,55.2000000476837,0.120404218581497,TheEmptinessMachine,Westwood,Bola,HTTP/3
2025-04-29 05:33:04,stallRate,57.2000000476837,0.115820920172326,TheEmptinessMachine,Westwood,Bola,HTTP/3
2025-04-29 05:33:06,stallRate,59.2000000476837,0.11155350457879,TheEmptinessMachine,Westwood,Bola,HTTP/3
2025-04-29 05:33:08,stallRate,61.2000000476837,0.107599766165071,TheEmptinessMachine,Westwood,Bola,HTTP/3
2025-04-29 05:33:10,stallRate,63.2000000476837,0.103939146385391,TheEmptinessMachine,Westwood,Bola,HTTP/3
2025-04-29 05:33:12,stallRate,65.2000000476837,0.100493421040511,TheEmptinessMachine,Westwood,Bola,HTTP/3
2025-04-29 05:33:14,stallRate,67.2000000476837,0.0972760899910213,TheEmptinessMachine,Westwood,Bola,HTTP/3
2025-04-29 05:33:16,stallRate,69.2000000476837,0.0942610971194416,TheEmptinessMachine,Westwood,Bola,HTTP/3
2025-04-29 05:33:18,stallRate,71.2000000476837,0.0914233331222084,TheEmptinessMachine,Westwood,Bola,HTTP/3
2025-04-29 05:33:20,stallRate,73.201000213623,0.0887385878437288,TheEmptinessMachine,Westwood,Bola,HTTP/3
2025-04-29 05:33:22,stallRate,75.2000000476837,0.0862208756666822,TheEmptinessMachine,Westwood,Bola,HTTP/3
2025-04-29 05:33:24,stallRate,77.2000000476837,0.0838466523454072,TheEmptinessMachine,Westwood,Bola,HTTP/3
2025-04-29 05:33:26,stallRate,79.2000000476837,0.0815889034350005,TheEmptinessMachine,Westwood,Bola,HTTP/3
2025-04-29 05:33:28,stallRate,81.2000000476837,0.270776349297426,TheEmptinessMachine,Westwood,Bola,HTTP/3
2025-04-29 05:33:30,stallRate,83.2000000476837,0.263880638102377,TheEmptinessMachine,Westwood,Bola,HTTP/3
2025-04-29 05:33:32,stallRate,85.2000000476837,0.257300836623649,TheEmptinessMachine,Westwood,Bola,HTTP/3
2025-04-29 05:33:34,stallRate,87.2000000476837,0.251078250023641,TheEmptinessMachine,Westwood,Bola,HTTP/3
2025-04-29 05:33:36,stallRate,89.2000000476837,0.245117183370144,TheEmptinessMachine,Westwood,Bola,HTTP/3
2025-04-29 05:33:38,stallRate,91.201000213623,0.239445648951262,TheEmptinessMachine,Westwood,Bola,HTTP/3
2025-04-29 05:33:40,stallRate,93.2000000476837,0.234033131988345,TheEmptinessMachine,Westwood,Bola,HTTP/3
2025-04-29 05:33:42,stallRate,95.201000213623,0.22885644879187,TheEmptinessMachine,Westwood,Bola,HTTP/3
2025-04-29 05:33:44,stallRate,97.201000213623,0.223915332862019,TheEmptinessMachine,Westwood,Bola,HTTP/3
2025-04-29 05:33:46,stallRate,99.2000000476837,0.21918840561387,TheEmptinessMachine,Westwood,Bola,HTTP/3
2025-04-29 05:33:48,stallRate,101.201000213623,0.214619206867588,TheEmptinessMachine,Westwood,Bola,HTTP/3
2025-04-29 05:33:50,stallRate,103.201000213623,0.210271978216488,TheEmptinessMachine,Westwood,Bola,HTTP/3
2025-04-29 05:33:52,stallRate,105.200000047684,0.206078884865992,TheEmptinessMachine,Westwood,Bola,HTTP/3
2025-04-29 05:33:54,stallRate,107.200000047684,0.202039444154212,TheEmptinessMachine,Westwood,Bola,HTTP/3
2025-04-29 05:33:56,stallRate,109.200000047684,0.19814881504698,TheEmptinessMachine,Westwood,Bola,HTTP/3
2025-04-29 05:33:58,stallRate,111.200000047684,0.194463663670586,TheEmptinessMachine,Westwood,Bola,HTTP/3
2025-04-29 05:34:00,stallRate,113.200000047684,0.190875408222555,TheEmptinessMachine,Westwood,Bola,HTTP/3
2025-04-29 05:34:02,stallRate,115.200000047684,0.187402907020681,TheEmptinessMachine,Westwood,Bola,HTTP/3
2025-04-29 05:34:04,stallRate,117.200000047684,0.184086343310722,TheEmptinessMachine,Westwood,Bola,HTTP/3
2025-04-29 05:34:06,stallRate,119.200000047684,0.180852193191552,TheEmptinessMachine,Westwood,Bola,HTTP/3
2025-04-29 05:34:08,stallRate,121.200000047684,0.177742048008801,TheEmptinessMachine,Westwood,Bola,HTTP/3
2025-04-29 05:34:10,stallRate,123.200000047684,0.174739615803051,TheEmptinessMachine,Westwood,Bola,HTTP/3
2025-04-29 05:34:12,stallRate,125.201000213623,0.171835965636672,TheEmptinessMachine,Westwood,Bola,HTTP/3
2025-04-29 05:34:14,stallRate,127.200000047684,0.169035378737429,TheEmptinessMachine,Westwood,Bola,HTTP/3
2025-04-29 05:34:16,stallRate,129.200000047684,0.166314211564148,TheEmptinessMachine,Westwood,Bola,HTTP/3
2025-04-29 05:34:18,stallRate,131.200000047684,0.163689203049387,TheEmptinessMachine,Westwood,Bola,HTTP/3
2025-04-29 05:34:20,stallRate,133.200000047684,0.161134082388253,TheEmptinessMachine,Westwood,Bola,HTTP/3
2025-04-29 05:34:22,stallRate,135.200000047684,0.158668658146489,TheEmptinessMachine,Westwood,Bola,HTTP/3
2025-04-29 05:34:24,stallRate,137.201000213623,0.156266821436297,TheEmptinessMachine,Westwood,Bola,HTTP/3
2025-04-29 05:34:27,stallRate,139.201000213623,0.154110850706167,TheEmptinessMachine,Westwood,Bola,HTTP/3
2025-04-29 05:34:28,stallRate,141.201000213623,0.153443651927738,TheEmptinessMachine,Westwood,Bola,HTTP/3
2025-04-29 05:34:30,stallRate,143.200000047684,0.151249667665852,TheEmptinessMachine,Westwood,Bola,HTTP/3
2025-04-29 05:34:32,stallRate,145.201000213623,0.149061703764726,TheEmptinessMachine,Westwood,Bola,HTTP/3
2025-04-29 05:34:34,stallRate,147.200000047684,0.146947107088638,TheEmptinessMachine,Westwood,Bola,HTTP/3
2025-04-29 05:34:36,stallRate,149.200000047684,0.144895595685375,TheEmptinessMachine,Westwood,Bola,HTTP/3
2025-04-29 05:34:38,stallRate,151.200000047684,0.142891844175788,TheEmptinessMachine,Westwood,Bola,HTTP/3
2025-04-29 05:34:40,stallRate,153.200000047684,0.140940031454191,TheEmptinessMachine,Westwood,Bola,HTTP/3
2025-04-29 05:34:42,stallRate,155.200000047684,0.139045697990526,TheEmptinessMachine,Westwood,Bola,HTTP/3
2025-04-29 05:34:44,stallRate,157.200000047684,0.137205337363461,TheEmptinessMachine,Westwood,Bola,HTTP/3
2025-04-29 05:34:46,stallRate,159.200000047684,0.135406239464776,TheEmptinessMachine,Westwood,Bola,HTTP/3
2025-04-29 05:34:48,stallRate,161.200000047684,0.133660904404694,TheEmptinessMachine,Westwood,Bola,HTTP/3
2025-04-29 05:34:50,stallRate,163.200000047684,0.131962317353683,TheEmptinessMachine,Westwood,Bola,HTTP/3
2025-04-29 05:34:52,stallRate,165.200000047684,0.130298411071246,TheEmptinessMachine,Westwood,Bola,HTTP/3
2025-04-29 05:34:54,stallRate,167.200000047684,0.128673034425248,TheEmptinessMachine,Westwood,Bola,HTTP/3
2025-04-29 05:34:56,stallRate,169.200000047684,0.127091943213796,TheEmptinessMachine,Westwood,Bola,HTTP/3
2025-04-29 05:34:58,stallRate,171.200000047684,0.125544217344066,TheEmptinessMachine,Westwood,Bola,HTTP/3
2025-04-29 05:35:00,stallRate,173.200000047684,0.12404163374424,TheEmptinessMachine,Westwood,Bola,HTTP/3
2025-04-29 05:35:02,stallRate,175.201000213623,0.123099482177393,TheEmptinessMachine,Westwood,Bola,HTTP/3
2025-04-29 05:35:04,stallRate,177.201000213623,0.121650343962002,TheEmptinessMachine,Westwood,Bola,HTTP/3
2025-04-29 05:35:06,stallRate,179.200000047684,0.120236633831466,TheEmptinessMachine,Westwood,Bola,HTTP/3
2025-04-29 05:35:08,stallRate,181.201000213623,0.118858191113883,TheEmptinessMachine,Westwood,Bola,HTTP/3
2025-04-29 05:35:10,stallRate,183.200000047684,0.117506992546569,TheEmptinessMachine,Westwood,Bola,HTTP/3
2025-04-29 05:35:12,stallRate,185.200000047684,0.116182905158631,TheEmptinessMachine,Westwood,Bola,HTTP/3
2025-04-29 05:35:14,stallRate,187.200000047684,0.114891828455227,TheEmptinessMachine,Westwood,Bola,HTTP/3
2025-04-29 05:35:16,stallRate,189.200000047684,0.113636980903215,TheEmptinessMachine,Westwood,Bola,HTTP/3
2025-04-29 05:35:18,stallRate,191.201000213623,0.112400266901121,TheEmptinessMachine,Westwood,Bola,HTTP/3
2025-04-29 05:35:20,stallRate,193.201000213623,0.111193135231608,TheEmptinessMachine,Westwood,Bola,HTTP/3
2025-04-29 05:35:22,stallRate,195.200000047684,0.11000688678222,TheEmptinessMachine,Westwood,Bola,HTTP/3
2025-04-29 05:35:24,stallRate,197.201000213623,0.108851140814597,TheEmptinessMachine,Westwood,Bola,HTTP/3
2025-04-29 05:35:26,stallRate,199.201000213623,0.107721997504234,TheEmptinessMachine,Westwood,Bola,HTTP/3
2025-04-29 05:35:28,stallRate,201.201000213623,0.106610501911659,TheEmptinessMachine,Westwood,Bola,HTTP/3
2025-04-29 05:36:46,stallRate,1.20099997520447,0.0,TheEmptinessMachine,Westwood,Festive,HTTP/2
2025-04-29 05:36:48,stallRate,3.19999980926514,0.0,TheEmptinessMachine,Westwood,Festive,HTTP/2
2025-04-29 05:36:50,stallRate,5.19999980926514,0.0,TheEmptinessMachine,Westwood,Festive,HTTP/2
2025-04-29 05:36:52,stallRate,7.19999980926514,0.0,TheEmptinessMachine,Westwood,Festive,HTTP/2
2025-04-29 05:36:54,stallRate,9.19999980926514,0.0,TheEmptinessMachine,Westwood,Festive,HTTP/2
2025-04-29 05:36:56,stallRate,11.1999998092651,0.0,TheEmptinessMachine,Westwood,Festive,HTTP/2
2025-04-29 05:36:58,stallRate,13.1999998092651,0.0,TheEmptinessMachine,Westwood,Festive,HTTP/2
2025-04-29 05:37:00,stallRate,15.1999998092651,0.0,TheEmptinessMachine,Westwood,Festive,HTTP/2
2025-04-29 05:37:02,stallRate,17.1999998092651,0.0,TheEmptinessMachine,Westwood,Festive,HTTP/2
2025-04-29 05:37:04,stallRate,19.1999998092651,0.0,TheEmptinessMachine,Westwood,Festive,HTTP/2
2025-04-29 05:37:06,stallRate,21.1999998092651,0.0,TheEmptinessMachine,Westwood,Festive,HTTP/2
2025-04-29 05:37:08,stallRate,23.1999998092651,0.0,TheEmptinessMachine,Westwood,Festive,HTTP/2
2025-04-29 05:37:10,stallRate,25.1999998092651,0.0,TheEmptinessMachine,Westwood,Festive,HTTP/2
2025-04-29 05:37:12,stallRate,27.1999998092651,0.0,TheEmptinessMachine,Westwood,Festive,HTTP/2
2025-04-29 05:37:14,stallRate,29.1999998092651,0.0,TheEmptinessMachine,Westwood,Festive,HTTP/2
2025-04-29 05:37:16,stallRate,31.1999998092651,0.371184911670086,TheEmptinessMachine,Westwood,Festive,HTTP/2
2025-04-29 05:37:18,stallRate,33.1999998092651,0.345715115100369,TheEmptinessMachine,Westwood,Festive,HTTP/2
2025-04-29 05:37:20,stallRate,35.1999998092651,0.719511447605895,TheEmptinessMachine,Westwood,Festive,HTTP/2
2025-04-29 05:37:22,stallRate,37.1999998092651,0.893164680784922,TheEmptinessMachine,Westwood,Festive,HTTP/2
2025-04-29 05:37:24,stallRate,39.1999998092651,0.84271917086187,TheEmptinessMachine,Westwood,Festive,HTTP/2
2025-04-29 05:37:26,stallRate,41.1999998092651,1.00304563551762,TheEmptinessMachine,Westwood,Festive,HTTP/2
2025-04-29 05:37:28,stallRate,43.1999998092651,1.33096503693609,TheEmptinessMachine,Westwood,Festive,HTTP/2
2025-04-29 05:37:30,stallRate,45.1999998092651,1.26675680761752,TheEmptinessMachine,Westwood,Festive,HTTP/2
2025-04-29 05:37:32,stallRate,47.1999998092651,1.66152658683309,TheEmptinessMachine,Westwood,Festive,HTTP/2
2025-04-29 05:37:34,stallRate,49.1999998092651,1.6887594205107,TheEmptinessMachine,Westwood,Festive,HTTP/2
2025-04-29 05:37:36,stallRate,51.1999998092651,1.61786122155662,TheEmptinessMachine,Westwood,Festive,HTTP/2
2025-04-29 05:37:38,stallRate,53.1999998092651,1.7706619287533,TheEmptinessMachine,Westwood,Festive,HTTP/2
2025-04-29 05:37:40,stallRate,55.1999998092651,1.70197709577785,TheEmptinessMachine,Westwood,Festive,HTTP/2
2025-04-29 05:37:42,stallRate,57.1999998092651,1.63816450336216,TheEmptinessMachine,Westwood,Festive,HTTP/2
2025-04-29 05:37:44,stallRate,59.1999998092651,1.57928809582671,TheEmptinessMachine,Westwood,Festive,HTTP/2
2025-04-29 05:37:46,stallRate,61.1999998092651,1.52426071226681,TheEmptinessMachine,Westwood,Festive,HTTP/2
2025-04-29 05:37:48,stallRate,63.1999998092651,1.47290366970148,TheEmptinessMachine,Westwood,Festive,HTTP/2
2025-04-29 05:37:50,stallRate,65.1999998092651,1.4250177050762,TheEmptinessMachine,Westwood,Festive,HTTP/2
2025-04-29 05:37:52,stallRate,67.1999998092651,1.38025256135507,TheEmptinessMachine,Westwood,Festive,HTTP/2
2025-04-29 05:37:54,stallRate,69.1999998092651,1.33827907565699,TheEmptinessMachine,Westwood,Festive,HTTP/2
2025-04-29 05:37:56,stallRate,71.1999998092651,1.29866970169654,TheEmptinessMachine,Westwood,Festive,HTTP/2
2025-04-29 05:37:58,stallRate,73.1999998092651,1.26138990497125,TheEmptinessMachine,Westwood,Festive,HTTP/2
2025-04-29 05:38:00,stallRate,75.1999998092651,1.2259473704035,TheEmptinessMachine,Westwood,Festive,HTTP/2
2025-04-29 05:38:02,stallRate,77.1999998092651,1.19249051331217,TheEmptinessMachine,Westwood,Festive,HTTP/2
2025-04-29 05:38:04,stallRate,79.1999998092651,1.16092344908087,TheEmptinessMachine,Westwood,Festive,HTTP/2
2025-04-29 05:38:06,stallRate,81.1999998092651,1.13116841972,TheEmptinessMachine,Westwood,Festive,HTTP/2
2025-04-29 05:38:08,stallRate,83.1999998092651,1.10269583607952,TheEmptinessMachine,Westwood,Festive,HTTP/2
2025-04-29 05:38:10,stallRate,85.1999998092651,1.18813765426686,TheEmptinessMachine,Westwood,Festive,HTTP/2
2025-04-29 05:38:12,stallRate,87.1999998092651,1.1595837133985,TheEmptinessMachine,Westwood,Festive,HTTP/2
2025-04-29 05:38:14,stallRate,89.1999998092651,1.1672487127124,TheEmptinessMachine,Westwood,Festive,HTTP/2
2025-04-29 05:38:16,stallRate,91.1999998092651,1.31049989836671,TheEmptinessMachine,Westwood,Festive,HTTP/2
2025-04-29 05:38:18,stallRate,93.1999998092651,1.28131038916678,TheEmptinessMachine,Westwood,Festive,HTTP/2
2025-04-29 05:38:20,stallRate,95.1999998092651,1.37505999705773,TheEmptinessMachine,Westwood,Festive,HTTP/2
2025-04-29 05:38:22,stallRate,97.1999998092651,1.63283548012489,TheEmptinessMachine,Westwood,Festive,HTTP/2
2025-04-29 05:38:24,stallRate,99.1999998092651,1.59884853593791,TheEmptinessMachine,Westwood,Festive,HTTP/2
2025-04-29 05:38:26,stallRate,101.199999809265,1.68352966157249,TheEmptinessMachine,Westwood,Festive,HTTP/2
2025-04-29 05:38:28,stallRate,103.200999975204,1.74914171558949,TheEmptinessMachine,Westwood,Festive,HTTP/2
2025-04-29 05:38:30,stallRate,105.199999809265,1.71483641364824,TheEmptinessMachine,Westwood,Festive,HTTP/2
2025-04-29 05:38:32,stallRate,107.199999809265,1.74521514306278,TheEmptinessMachine,Westwood,Festive,HTTP/2
2025-04-29 05:38:34,stallRate,109.199999809265,1.76655641133708,TheEmptinessMachine,Westwood,Festive,HTTP/2
2025-04-29 05:38:36,stallRate,111.199999809265,1.73376853366189,TheEmptinessMachine,Westwood,Festive,HTTP/2
2025-04-29 05:38:38,stallRate,113.206999778748,1.8386806706192,TheEmptinessMachine,Westwood,Festive,HTTP/2
2025-04-29 05:38:40,stallRate,115.199999809265,1.95849795517399,TheEmptinessMachine,Westwood,Festive,HTTP/2
2025-04-29 05:38:42,stallRate,117.199999809265,1.92401010107407,TheEmptinessMachine,Westwood,Festive,HTTP/2
2025-04-29 05:38:44,stallRate,119.199999809265,1.9119145729895,TheEmptinessMachine,Westwood,Festive,HTTP/2
2025-04-29 05:38:46,stallRate,121.199999809265,1.87951326204905,TheEmptinessMachine,Westwood,Festive,HTTP/2
2025-04-29 05:38:48,stallRate,123.199999809265,1.84809698591959,TheEmptinessMachine,Westwood,Festive,HTTP/2
2025-04-29 05:38:50,stallRate,125.199999809265,1.81777313903059,TheEmptinessMachine,Westwood,Festive,HTTP/2
2025-04-29 05:38:52,stallRate,127.199999809265,1.78829347953722,TheEmptinessMachine,Westwood,Festive,HTTP/2
2025-04-29 05:38:54,stallRate,129.200999975204,1.75971533939571,TheEmptinessMachine,Westwood,Festive,HTTP/2
2025-04-29 05:38:56,stallRate,131.199999809265,1.73197557947216,TheEmptinessMachine,Westwood,Festive,HTTP/2
2025-04-29 05:38:58,stallRate,133.199999809265,1.70517349561233,TheEmptinessMachine,Westwood,Festive,HTTP/2
2025-04-29 05:39:00,stallRate,135.199999809265,1.67938373474213,TheEmptinessMachine,Westwood,Festive,HTTP/2
2025-04-29 05:39:02,stallRate,137.199999809265,1.65419864671583,TheEmptinessMachine,Westwood,Festive,HTTP/2
2025-04-29 05:39:04,stallRate,139.199999809265,1.62980288393519,TheEmptinessMachine,Westwood,Festive,HTTP/2
2025-04-29 05:39:06,stallRate,141.199999809265,1.60611446686785,TheEmptinessMachine,Westwood,Festive,HTTP/2
2025-04-29 05:39:08,stallRate,143.199999809265,1.58323794665013,TheEmptinessMachine,Westwood,Festive,HTTP/2
2025-04-29 05:39:10,stallRate,145.199999809265,1.56088744216529,TheEmptinessMachine,Westwood,Festive,HTTP/2
2025-04-29 05:39:12,stallRate,147.199999809265,1.53904620130173,TheEmptinessMachine,Westwood,Festive,HTTP/2
2025-04-29 05:39:14,stallRate,149.199999809265,1.61675173016012,TheEmptinessMachine,Westwood,Festive,HTTP/2
2025-04-29 05:39:16,stallRate,151.199999809265,1.63718220466659,TheEmptinessMachine,Westwood,Festive,HTTP/2
2025-04-29 05:39:18,stallRate,153.199999809265,1.61540624741773,TheEmptinessMachine,Westwood,Festive,HTTP/2
2025-04-29 05:39:20,stallRate,155.199999809265,1.59405576045863,TheEmptinessMachine,Westwood,Festive,HTTP/2
2025-04-29 05:39:22,stallRate,157.199999809265,1.57330831220443,TheEmptinessMachine,Westwood,Festive,HTTP/2
2025-04-29 05:39:24,stallRate,159.199999809265,1.55301581623205,TheEmptinessMachine,Westwood,Festive,HTTP/2
2025-04-29 05:39:26,stallRate,161.199999809265,1.5333407278157,TheEmptinessMachine,Westwood,Festive,HTTP/2
2025-04-29 05:39:28,stallRate,163.199999809265,1.51408722930019,TheEmptinessMachine,Westwood,Festive,HTTP/2
2025-04-29 05:39:30,stallRate,165.199999809265,1.49539207514765,TheEmptinessMachine,Westwood,Festive,HTTP/2
2025-04-29 05:39:32,stallRate,167.199999809265,1.47717329097388,TheEmptinessMachine,Westwood,Festive,HTTP/2
2025-04-29 05:39:34,stallRate,169.199999809265,1.45929920277565,TheEmptinessMachine,Westwood,Festive,HTTP/2
2025-04-29 05:39:36,stallRate,171.199999809265,1.44192484568203,TheEmptinessMachine,Westwood,Festive,HTTP/2
2025-04-29 05:39:38,stallRate,173.200999975204,1.42497471267079,TheEmptinessMachine,Westwood,Festive,HTTP/2
2025-04-29 05:39:40,stallRate,175.199999809265,1.40824103704172,TheEmptinessMachine,Westwood,Festive,HTTP/2
2025-04-29 05:39:42,stallRate,177.199999809265,1.39190465830419,TheEmptinessMachine,Westwood,Festive,HTTP/2
2025-04-29 05:39:44,stallRate,179.199999809265,1.37611207644575,TheEmptinessMachine,Westwood,Festive,HTTP/2
2025-04-29 05:39:46,stallRate,181.199999809265,1.36060397906177,TheEmptinessMachine,Westwood,Festive,HTTP/2
2025-04-29 05:39:48,stallRate,183.199999809265,1.34542598083023,TheEmptinessMachine,Westwood,Festive,HTTP/2
2025-04-29 05:39:50,stallRate,185.199999809265,1.33060810690858,TheEmptinessMachine,Westwood,Festive,HTTP/2
2025-04-29 05:39:54,stallRate,189.199999809265,1.67583394149907,TheEmptinessMachine,Westwood,Festive,HTTP/2
2025-04-29 05:39:56,stallRate,191.199999809265,1.65790028517751,TheEmptinessMachine,Westwood,Festive,HTTP/2
2025-04-29 05:39:58,stallRate,193.199999809265,1.71969487426478,TheEmptinessMachine,Westwood,Festive,HTTP/2
2025-04-29 05:40:00,stallRate,195.199999809265,1.70184140597437,TheEmptinessMachine,Westwood,Festive,HTTP/2
2025-04-29 05:40:02,stallRate,197.199999809265,1.68432762163064,TheEmptinessMachine,Westwood,Festive,HTTP/2
2025-04-29 05:40:40,stallRate,1.19800019264221,0.0,TheEmptinessMachine,Westwood,Festive,HTTP/3
2025-04-29 05:40:42,stallRate,3.19600009918213,0.0,TheEmptinessMachine,Westwood,Festive,HTTP/3
2025-04-29 05:40:44,stallRate,5.19600009918213,0.0,TheEmptinessMachine,Westwood,Festive,HTTP/3
2025-04-29 05:40:46,stallRate,7.19600009918213,0.0,TheEmptinessMachine,Westwood,Festive,HTTP/3
2025-04-29 05:40:48,stallRate,9.19600009918213,0.0,TheEmptinessMachine,Westwood,Festive,HTTP/3
2025-04-29 05:40:50,stallRate,11.1960000991821,0.0,TheEmptinessMachine,Westwood,Festive,HTTP/3
2025-04-29 05:40:52,stallRate,13.1960000991821,0.0,TheEmptinessMachine,Westwood,Festive,HTTP/3
2025-04-29 05:40:54,stallRate,15.1960000991821,0.0,TheEmptinessMachine,Westwood,Festive,HTTP/3
2025-04-29 05:40:56,stallRate,17.1960000991821,0.0,TheEmptinessMachine,Westwood,Festive,HTTP/3
2025-04-29 05:40:58,stallRate,19.1960000991821,0.0,TheEmptinessMachine,Westwood,Festive,HTTP/3
2025-04-29 05:41:00,stallRate,21.1960000991821,0.0,TheEmptinessMachine,Westwood,Festive,HTTP/3
2025-04-29 05:41:02,stallRate,23.1960000991821,0.0,TheEmptinessMachine,Westwood,Festive,HTTP/3
2025-04-29 05:41:04,stallRate,25.1960000991821,0.0,TheEmptinessMachine,Westwood,Festive,HTTP/3
2025-04-29 05:41:06,stallRate,27.1960000991821,0.0,TheEmptinessMachine,Westwood,Festive,HTTP/3
2025-04-29 05:41:08,stallRate,29.1960000991821,0.0,TheEmptinessMachine,Westwood,Festive,HTTP/3
2025-04-29 05:41:10,stallRate,31.1960000991821,0.0,TheEmptinessMachine,Westwood,Festive,HTTP/3
2025-04-29 05:41:12,stallRate,33.1960000991821,0.0,TheEmptinessMachine,Westwood,Festive,HTTP/3
2025-04-29 05:41:14,stallRate,35.1960000991821,0.0,TheEmptinessMachine,Westwood,Festive,HTTP/3
2025-04-29 05:41:16,stallRate,37.1960000991821,0.0,TheEmptinessMachine,Westwood,Festive,HTTP/3
2025-04-29 05:41:18,stallRate,39.1960000991821,0.0,TheEmptinessMachine,Westwood,Festive,HTTP/3
2025-04-29 05:41:20,stallRate,41.1960000991821,0.0,TheEmptinessMachine,Westwood,Festive,HTTP/3
2025-04-29 05:41:22,stallRate,43.1960000991821,0.0,TheEmptinessMachine,Westwood,Festive,HTTP/3
2025-04-29 05:41:24,stallRate,45.1960000991821,0.0,TheEmptinessMachine,Westwood,Festive,HTTP/3
2025-04-29 05:41:26,stallRate,47.1960000991821,0.0,TheEmptinessMachine,Westwood,Festive,HTTP/3
2025-04-29 05:41:28,stallRate,49.1960000991821,0.337271133962448,TheEmptinessMachine,Westwood,Festive,HTTP/3
2025-04-29 05:41:30,stallRate,51.1960000991821,0.319399337236165,TheEmptinessMachine,Westwood,Festive,HTTP/3
2025-04-29 05:41:32,stallRate,53.1960000991821,0.303305967420002,TheEmptinessMachine,Westwood,Festive,HTTP/3
2025-04-29 05:41:36,stallRate,57.1960000991821,0.553077900142199,TheEmptinessMachine,Westwood,Festive,HTTP/3
2025-04-29 05:41:38,stallRate,59.1960000991821,0.801123061731871,TheEmptinessMachine,Westwood,Festive,HTTP/3
2025-04-29 05:41:42,stallRate,63.1960000991821,1.26053661281751,TheEmptinessMachine,Westwood,Festive,HTTP/3
2025-04-29 05:41:44,stallRate,65.1960000991821,1.3523920853887,TheEmptinessMachine,Westwood,Festive,HTTP/3
2025-04-29 05:41:48,stallRate,69.1960000991821,1.4290420029262,TheEmptinessMachine,Westwood,Festive,HTTP/3
2025-04-29 05:41:50,stallRate,71.1960000991821,1.58190810847079,TheEmptinessMachine,Westwood,Festive,HTTP/3
2025-04-29 05:41:54,stallRate,75.1960000991821,1.7098917195613,TheEmptinessMachine,Westwood,Festive,HTTP/3
2025-04-29 05:41:56,stallRate,77.1960000991821,1.89545394370119,TheEmptinessMachine,Westwood,Festive,HTTP/3
2025-04-29 05:41:58,stallRate,79.1970000267029,1.990384988789,TheEmptinessMachine,Westwood,Festive,HTTP/3
2025-04-29 05:42:00,stallRate,81.1960000991821,1.93193089374014,TheEmptinessMachine,Westwood,Festive,HTTP/3
2025-04-29 05:42:02,stallRate,83.1960000991821,1.8767350788426,TheEmptinessMachine,Westwood,Festive,HTTP/3
2025-04-29 05:42:04,stallRate,85.1960000991821,1.82470085913288,TheEmptinessMachine,Westwood,Festive,HTTP/3
2025-04-29 05:42:06,stallRate,87.1960000991821,1.77478119914326,TheEmptinessMachine,Westwood,Festive,HTTP/3
2025-04-29 05:42:08,stallRate,89.1960000991821,1.72802849175576,TheEmptinessMachine,Westwood,Festive,HTTP/3
2025-04-29 05:42:10,stallRate,91.1960000991821,1.68379221472984,TheEmptinessMachine,Westwood,Festive,HTTP/3
2025-04-29 05:42:12,stallRate,93.1960000991821,1.64163372295453,TheEmptinessMachine,Westwood,Festive,HTTP/3
2025-04-29 05:42:14,stallRate,95.1960000991821,1.60167141205187,TheEmptinessMachine,Westwood,Festive,HTTP/3
2025-04-29 05:42:16,stallRate,97.1960000991821,1.5634425405691,TheEmptinessMachine,Westwood,Festive,HTTP/3
2025-04-29 05:42:18,stallRate,99.1960000991821,1.52714203114743,TheEmptinessMachine,Westwood,Festive,HTTP/3
2025-04-29 05:42:20,stallRate,101.196000099182,1.49234801710611,TheEmptinessMachine,Westwood,Festive,HTTP/3
2025-04-29 05:42:22,stallRate,103.196000099182,1.45917421060048,TheEmptinessMachine,Westwood,Festive,HTTP/3
2025-04-29 05:42:24,stallRate,105.196000099182,1.42759573565859,TheEmptinessMachine,Westwood,Festive,HTTP/3
2025-04-29 05:42:26,stallRate,107.196000099182,1.39714871772446,TheEmptinessMachine,Westwood,Festive,HTTP/3
2025-04-29 05:42:28,stallRate,109.196000099182,1.36786384203617,TheEmptinessMachine,Westwood,Festive,HTTP/3
2025-04-29 05:42:30,stallRate,111.196000099182,1.33993345960647,TheEmptinessMachine,Westwood,Festive,HTTP/3
2025-04-29 05:42:32,stallRate,113.196000099182,1.3130472191349,TheEmptinessMachine,Westwood,Festive,HTTP/3
2025-04-29 05:42:34,stallRate,115.196000099182,1.28729402437299,TheEmptinessMachine,Westwood,Festive,HTTP/3
2025-04-29 05:42:36,stallRate,117.196000099182,1.2626828607017,TheEmptinessMachine,Westwood,Festive,HTTP/3
2025-04-29 05:42:38,stallRate,119.196000099182,1.23880466047499,TheEmptinessMachine,Westwood,Festive,HTTP/3
2025-04-29 05:42:40,stallRate,121.196000099182,1.21573238314178,TheEmptinessMachine,Westwood,Festive,HTTP/3
2025-04-29 05:42:42,stallRate,123.196000099182,1.19369775258263,TheEmptinessMachine,Westwood,Festive,HTTP/3
2025-04-29 05:42:44,stallRate,125.196000099182,1.32519613523938,TheEmptinessMachine,Westwood,Festive,HTTP/3
2025-04-29 05:42:48,stallRate,129.196000099182,1.40010796815711,TheEmptinessMachine,Westwood,Festive,HTTP/3
2025-04-29 05:42:50,stallRate,131.197000026703,1.53321445699336,TheEmptinessMachine,Westwood,Festive,HTTP/3
2025-04-29 05:42:54,stallRate,135.196000099182,1.6239218850284,TheEmptinessMachine,Westwood,Festive,HTTP/3
2025-04-29 05:42:56,stallRate,137.196000099182,1.59763018834387,TheEmptinessMachine,Westwood,Festive,HTTP/3
2025-04-29 05:42:58,stallRate,139.196000099182,1.57225416708447,TheEmptinessMachine,Westwood,Festive,HTTP/3
2025-04-29 05:43:00,stallRate,141.196000099182,1.54768797147371,TheEmptinessMachine,Westwood,Festive,HTTP/3
2025-04-29 05:43:02,stallRate,143.196000099182,1.52401387508558,TheEmptinessMachine,Westwood,Festive,HTTP/3
2025-04-29 05:43:04,stallRate,145.196000099182,1.50092806248271,TheEmptinessMachine,Westwood,Festive,HTTP/3
2025-04-29 05:43:06,stallRate,147.196000099182,1.47849621343818,TheEmptinessMachine,Westwood,Festive,HTTP/3
2025-04-29 05:43:08,stallRate,149.196000099182,1.45662675347652,TheEmptinessMachine,Westwood,Festive,HTTP/3
2025-04-29 05:43:10,stallRate,151.196000099182,1.43558803600207,TheEmptinessMachine,Westwood,Festive,HTTP/3
2025-04-29 05:43:12,stallRate,153.196000099182,1.41508584425441,TheEmptinessMachine,Westwood,Festive,HTTP/3
2025-04-29 05:43:14,stallRate,155.196000099182,1.39520265064959,TheEmptinessMachine,Westwood,Festive,HTTP/3
2025-04-29 05:43:16,stallRate,157.196000099182,1.37577999082387,TheEmptinessMachine,Westwood,Festive,HTTP/3
2025-04-29 05:43:18,stallRate,159.196000099182,1.35686634814517,TheEmptinessMachine,Westwood,Festive,HTTP/3
2025-04-29 05:43:20,stallRate,161.196000099182,1.33851492742394,TheEmptinessMachine,Westwood,Festive,HTTP/3
2025-04-29 05:43:22,stallRate,163.196000099182,1.32069659701902,TheEmptinessMachine,Westwood,Festive,HTTP/3
2025-04-29 05:43:24,stallRate,165.196000099182,1.30333858010613,TheEmptinessMachine,Westwood,Festive,HTTP/3
2025-04-29 05:43:26,stallRate,167.197000026703,1.28640671501308,TheEmptinessMachine,Westwood,Festive,HTTP/3
2025-04-29 05:43:28,stallRate,169.196000099182,1.269961575133,TheEmptinessMachine,Westwood,Festive,HTTP/3
2025-04-29 05:43:30,stallRate,171.196000099182,1.25384603021636,TheEmptinessMachine,Westwood,Festive,HTTP/3
2025-04-29 05:43:32,stallRate,173.196000099182,1.25117757107549,TheEmptinessMachine,Westwood,Festive,HTTP/3
2025-04-29 05:43:34,stallRate,175.196000099182,1.23572027917474,TheEmptinessMachine,Westwood,Festive,HTTP/3
2025-04-29 05:43:36,stallRate,177.196000099182,1.22064687866992,TheEmptinessMachine,Westwood,Festive,HTTP/3
2025-04-29 05:43:38,stallRate,179.196000099182,1.20585806317297,TheEmptinessMachine,Westwood,Festive,HTTP/3
2025-04-29 05:43:40,stallRate,181.196000099182,1.19155849676058,TheEmptinessMachine,Westwood,Festive,HTTP/3
2025-04-29 05:43:42,stallRate,183.196000099182,1.22398025265737,TheEmptinessMachine,Westwood,Festive,HTTP/3
2025-04-29 05:43:44,stallRate,185.196000099182,1.25990301277325,TheEmptinessMachine,Westwood,Festive,HTTP/3
2025-04-29 05:43:46,stallRate,187.196000099182,1.24537357001168,TheEmptinessMachine,Westwood,Festive,HTTP/3
2025-04-29 05:43:48,stallRate,189.196000099182,1.27936731190945,TheEmptinessMachine,Westwood,Festive,HTTP/3
2025-04-29 05:43:50,stallRate,191.196000099182,1.34534778684787,TheEmptinessMachine,Westwood,Festive,HTTP/3
2025-04-29 05:43:52,stallRate,193.196000099182,1.33042176409774,TheEmptinessMachine,Westwood,Festive,HTTP/3
2025-04-29 05:43:54,stallRate,195.199000120163,1.3496109024995,TheEmptinessMachine,Westwood,Festive,HTTP/3
2025-04-29 05:43:56,stallRate,197.196000099182,1.37054847749426,TheEmptinessMachine,Westwood,Festive,HTTP/3
2025-04-29 05:44:00,stallRate,201.196000099182,1.44475623651222,TheEmptinessMachine,Westwood,Festive,HTTP/3
2025-04-29 05:44:02,stallRate,203.196000099182,1.44503109912927,TheEmptinessMachine,Westwood,Festive,HTTP/3
2025-04-29 05:44:04,stallRate,205.196000099182,1.42995887008134,TheEmptinessMachine,Westwood,Festive,HTTP/3
2025-04-29 05:44:06,stallRate,207.196000099182,1.43104094362694,TheEmptinessMachine,Westwood,Festive,HTTP/3
2025-04-29 05:44:33,stallRate,1.23399996757507,0.0,TheEmptinessMachine,Westwood,L2A,HTTP/1.1
2025-04-29 05:44:35,stallRate,3.23099994659424,0.0,TheEmptinessMachine,Westwood,L2A,HTTP/1.1
2025-04-29 05:44:37,stallRate,5.23099994659424,0.0,TheEmptinessMachine,Westwood,L2A,HTTP/1.1
2025-04-29 05:44:39,stallRate,7.23199987411499,0.0,TheEmptinessMachine,Westwood,L2A,HTTP/1.1
2025-04-29 05:44:41,stallRate,9.23099994659424,0.0,TheEmptinessMachine,Westwood,L2A,HTTP/1.1
2025-04-29 05:44:43,stallRate,11.2330000400543,0.0,TheEmptinessMachine,Westwood,L2A,HTTP/1.1
2025-04-29 05:44:45,stallRate,13.2309999465942,0.0,TheEmptinessMachine,Westwood,L2A,HTTP/1.1
2025-04-29 05:44:47,stallRate,15.2309999465942,0.0,TheEmptinessMachine,Westwood,L2A,HTTP/1.1
2025-04-29 05:44:49,stallRate,17.2309999465942,0.0,TheEmptinessMachine,Westwood,L2A,HTTP/1.1
2025-04-29 05:44:51,stallRate,19.2379999160767,0.0,TheEmptinessMachine,Westwood,L2A,HTTP/1.1
2025-04-29 05:44:53,stallRate,21.2309999465942,0.0,TheEmptinessMachine,Westwood,L2A,HTTP/1.1
2025-04-29 05:44:55,stallRate,23.2309999465942,0.0,TheEmptinessMachine,Westwood,L2A,HTTP/1.1
2025-04-29 05:44:57,stallRate,25.2309999465942,0.0,TheEmptinessMachine,Westwood,L2A,HTTP/1.1
2025-04-29 05:44:59,stallRate,27.2309999465942,0.0,TheEmptinessMachine,Westwood,L2A,HTTP/1.1
2025-04-29 05:45:01,stallRate,29.2309999465942,0.430782107718645,TheEmptinessMachine,Westwood,L2A,HTTP/1.1
2025-04-29 05:45:03,stallRate,31.2309999465942,0.393161954072186,TheEmptinessMachine,Westwood,L2A,HTTP/1.1
2025-04-29 05:45:05,stallRate,33.231999874115,0.360782280406181,TheEmptinessMachine,Westwood,L2A,HTTP/1.1
2025-04-29 05:45:07,stallRate,35.2309999465942,0.334554324148924,TheEmptinessMachine,Westwood,L2A,HTTP/1.1
2025-04-29 05:45:09,stallRate,37.2309999465942,0.3118088160794,TheEmptinessMachine,Westwood,L2A,HTTP/1.1
2025-04-29 05:45:11,stallRate,39.2309999465942,0.946803212248547,TheEmptinessMachine,Westwood,L2A,HTTP/1.1
2025-04-29 05:45:13,stallRate,41.231999874115,1.17423278517115,TheEmptinessMachine,Westwood,L2A,HTTP/1.1
2025-04-29 05:45:15,stallRate,43.2309999465942,1.1085842145322,TheEmptinessMachine,Westwood,L2A,HTTP/1.1
2025-04-29 05:45:17,stallRate,45.2309999465942,1.21600297013995,TheEmptinessMachine,Westwood,L2A,HTTP/1.1
2025-04-29 05:45:19,stallRate,47.2309999465942,1.15481489220611,TheEmptinessMachine,Westwood,L2A,HTTP/1.1
2025-04-29 05:45:21,stallRate,49.2309999465942,1.09928524894541,TheEmptinessMachine,Westwood,L2A,HTTP/1.1
2025-04-29 05:45:23,stallRate,51.2309999465942,1.04926258086276,TheEmptinessMachine,Westwood,L2A,HTTP/1.1
2025-04-29 05:45:25,stallRate,53.2309999465942,1.00346310690436,TheEmptinessMachine,Westwood,L2A,HTTP/1.1
2025-04-29 05:45:27,stallRate,55.2309999465942,0.961278354382978,TheEmptinessMachine,Westwood,L2A,HTTP/1.1
2025-04-29 05:45:29,stallRate,57.2309999465942,0.922486837117921,TheEmptinessMachine,Westwood,L2A,HTTP/1.1
2025-04-29 05:45:31,stallRate,59.2309999465942,0.887001499548497,TheEmptinessMachine,Westwood,L2A,HTTP/1.1
2025-04-29 05:45:33,stallRate,61.2309999465942,0.853805592781854,TheEmptinessMachine,Westwood,L2A,HTTP/1.1
2025-04-29 05:45:35,stallRate,63.2309999465942,0.823142755450066,TheEmptinessMachine,Westwood,L2A,HTTP/1.1
2025-04-29 05:45:37,stallRate,65.2309999465942,0.794704193793088,TheEmptinessMachine,Westwood,L2A,HTTP/1.1
2025-04-29 05:45:39,stallRate,67.2309999465942,0.768200195514118,TheEmptinessMachine,Westwood,L2A,HTTP/1.1
2025-04-29 05:45:41,stallRate,69.2309999465942,0.743371923051286,TheEmptinessMachine,Westwood,L2A,HTTP/1.1
2025-04-29 05:45:43,stallRate,71.2309999465942,0.720060412250733,TheEmptinessMachine,Westwood,L2A,HTTP/1.1
2025-04-29 05:45:45,stallRate,73.2309999465942,0.698082318571309,TheEmptinessMachine,Westwood,L2A,HTTP/1.1
2025-04-29 05:45:47,stallRate,75.2309999465942,0.677501072437665,TheEmptinessMachine,Westwood,L2A,HTTP/1.1
2025-04-29 05:45:51,stallRate,79.2309999465942,2.71563591549906,TheEmptinessMachine,Westwood,L2A,HTTP/1.1
2025-04-29 05:45:53,stallRate,81.2309999465942,2.64173572711536,TheEmptinessMachine,Westwood,L2A,HTTP/1.1
2025-04-29 05:45:55,stallRate,83.231999874115,2.5717048402705,TheEmptinessMachine,Westwood,L2A,HTTP/1.1
2025-04-29 05:45:57,stallRate,85.2309999465942,2.50551761881644,TheEmptinessMachine,Westwood,L2A,HTTP/1.1
2025-04-29 05:45:59,stallRate,87.2309999465942,2.44304774301217,TheEmptinessMachine,Westwood,L2A,HTTP/1.1
2025-04-29 05:46:01,stallRate,89.2309999465942,2.38320289915435,TheEmptinessMachine,Westwood,L2A,HTTP/1.1
2025-04-29 05:46:03,stallRate,91.2309999465942,2.32632069729956,TheEmptinessMachine,Westwood,L2A,HTTP/1.1
2025-04-29 05:46:05,stallRate,93.2309999465942,2.27188316485264,TheEmptinessMachine,Westwood,L2A,HTTP/1.1
2025-04-29 05:46:07,stallRate,95.2309999465942,2.21990076928362,TheEmptinessMachine,Westwood,L2A,HTTP/1.1
2025-04-29 05:46:09,stallRate,97.2309999465942,2.17069405437488,TheEmptinessMachine,Westwood,L2A,HTTP/1.1
2025-04-29 05:46:11,stallRate,99.2309999465942,2.12346487891274,TheEmptinessMachine,Westwood,L2A,HTTP/1.1
2025-04-29 05:46:13,stallRate,101.230999946594,2.07806322330967,TheEmptinessMachine,Westwood,L2A,HTTP/1.1
2025-04-29 05:46:15,stallRate,103.230999946594,2.03465158845288,TheEmptinessMachine,Westwood,L2A,HTTP/1.1
2025-04-29 05:46:17,stallRate,105.230999946594,1.99303290870036,TheEmptinessMachine,Westwood,L2A,HTTP/1.1
2025-04-29 05:46:19,stallRate,107.230999946594,1.95308250006118,TheEmptinessMachine,Westwood,L2A,HTTP/1.1
2025-04-29 05:46:21,stallRate,109.230999946594,1.91456269149793,TheEmptinessMachine,Westwood,L2A,HTTP/1.1
2025-04-29 05:46:23,stallRate,111.230999946594,1.8777272090889,TheEmptinessMachine,Westwood,L2A,HTTP/1.1
2025-04-29 05:46:25,stallRate,113.230999946594,1.84214508654049,TheEmptinessMachine,Westwood,L2A,HTTP/1.1
2025-04-29 05:46:27,stallRate,115.231999874115,1.80795579264437,TheEmptinessMachine,Westwood,L2A,HTTP/1.1
2025-04-29 05:46:29,stallRate,117.230999946594,1.77503580601759,TheEmptinessMachine,Westwood,L2A,HTTP/1.1
2025-04-29 05:46:31,stallRate,119.230999946594,1.74327601114395,TheEmptinessMachine,Westwood,L2A,HTTP/1.1
2025-04-29 05:46:33,stallRate,121.230999946594,1.71252434106611,TheEmptinessMachine,Westwood,L2A,HTTP/1.1
2025-04-29 05:46:35,stallRate,123.230999946594,1.68298359456008,TheEmptinessMachine,Westwood,L2A,HTTP/1.1
2025-04-29 05:46:37,stallRate,125.230999946594,1.65449482760699,TheEmptinessMachine,Westwood,L2A,HTTP/1.1
2025-04-29 05:46:39,stallRate,127.230999946594,1.62681208152093,TheEmptinessMachine,Westwood,L2A,HTTP/1.1
2025-04-29 05:46:41,stallRate,129.230999946594,1.60015948850439,TheEmptinessMachine,Westwood,L2A,HTTP/1.1
2025-04-29 05:46:43,stallRate,131.233000040054,1.57422060157717,TheEmptinessMachine,Westwood,L2A,HTTP/1.1
2025-04-29 05:46:45,stallRate,133.231999874115,1.5492055300674,TheEmptinessMachine,Westwood,L2A,HTTP/1.1
2025-04-29 05:46:47,stallRate,135.230999946594,1.52485986626239,TheEmptinessMachine,Westwood,L2A,HTTP/1.1
2025-04-29 05:46:49,stallRate,137.230999946594,1.6473163016656,TheEmptinessMachine,Westwood,L2A,HTTP/1.1
2025-04-29 05:46:51,stallRate,139.230999946594,1.6223921763436,TheEmptinessMachine,Westwood,L2A,HTTP/1.1
2025-04-29 05:46:53,stallRate,141.230999946594,1.59796514505265,TheEmptinessMachine,Westwood,L2A,HTTP/1.1
2025-04-29 05:46:55,stallRate,143.230999946594,1.66537347586004,TheEmptinessMachine,Westwood,L2A,HTTP/1.1
2025-04-29 05:46:57,stallRate,145.230999946594,1.64122003585447,TheEmptinessMachine,Westwood,L2A,HTTP/1.1
2025-04-29 05:46:59,stallRate,147.230999946594,1.67250539533425,TheEmptinessMachine,Westwood,L2A,HTTP/1.1
2025-04-29 05:47:01,stallRate,149.231999874115,1.64908517439167,TheEmptinessMachine,Westwood,L2A,HTTP/1.1
2025-04-29 05:47:03,stallRate,151.230999946594,1.6261924770765,TheEmptinessMachine,Westwood,L2A,HTTP/1.1
2025-04-29 05:47:05,stallRate,153.230999946594,1.66011219028798,TheEmptinessMachine,Westwood,L2A,HTTP/1.1
2025-04-29 05:47:07,stallRate,155.230999946594,1.76264871553169,TheEmptinessMachine,Westwood,L2A,HTTP/1.1
2025-04-29 05:47:09,stallRate,157.230999946594,1.73905095011253,TheEmptinessMachine,Westwood,L2A,HTTP/1.1
2025-04-29 05:47:11,stallRate,159.230999946594,1.80964459499049,TheEmptinessMachine,Westwood,L2A,HTTP/1.1
2025-04-29 05:47:13,stallRate,161.230999946594,1.78604902121801,TheEmptinessMachine,Westwood,L2A,HTTP/1.1
2025-04-29 05:47:15,stallRate,163.230999946594,1.76311999906803,TheEmptinessMachine,Westwood,L2A,HTTP/1.1
2025-04-29 05:47:17,stallRate,165.230999946594,1.86439411477159,TheEmptinessMachine,Westwood,L2A,HTTP/1.1
2025-04-29 05:47:19,stallRate,167.230999946594,1.87998340696189,TheEmptinessMachine,Westwood,L2A,HTTP/1.1
2025-04-29 05:47:21,stallRate,169.233000040054,1.85680872150053,TheEmptinessMachine,Westwood,L2A,HTTP/1.1
2025-04-29 05:47:23,stallRate,171.230999946594,1.90314009993331,TheEmptinessMachine,Westwood,L2A,HTTP/1.1
2025-04-29 05:47:25,stallRate,173.230999946594,1.96775036239851,TheEmptinessMachine,Westwood,L2A,HTTP/1.1
2025-04-29 05:47:27,stallRate,175.230999946594,1.94431936054767,TheEmptinessMachine,Westwood,L2A,HTTP/1.1
2025-04-29 05:47:29,stallRate,177.230999946594,1.92136833664357,TheEmptinessMachine,Westwood,L2A,HTTP/1.1
2025-04-29 05:47:31,stallRate,179.230999946594,1.89892195419662,TheEmptinessMachine,Westwood,L2A,HTTP/1.1
2025-04-29 05:47:33,stallRate,181.230999946594,1.87705271343807,TheEmptinessMachine,Westwood,L2A,HTTP/1.1
2025-04-29 05:47:35,stallRate,183.230999946594,1.85589431368156,TheEmptinessMachine,Westwood,L2A,HTTP/1.1
2025-04-29 05:47:37,stallRate,185.231999874115,1.83495005719633,TheEmptinessMachine,Westwood,L2A,HTTP/1.1
2025-04-29 05:47:39,stallRate,187.230999946594,1.81464868305192,TheEmptinessMachine,Westwood,L2A,HTTP/1.1
2025-04-29 05:47:41,stallRate,189.230999946594,1.79459279703282,TheEmptinessMachine,Westwood,L2A,HTTP/1.1
2025-04-29 05:47:43,stallRate,191.230999946594,1.77503755734936,TheEmptinessMachine,Westwood,L2A,HTTP/1.1
2025-04-29 05:47:45,stallRate,193.230999946594,1.75584120321149,TheEmptinessMachine,Westwood,L2A,HTTP/1.1
2025-04-29 05:47:47,stallRate,195.230999946594,1.7372364274951,TheEmptinessMachine,Westwood,L2A,HTTP/1.1
2025-04-29 05:47:49,stallRate,197.230999946594,1.71895403091413,TheEmptinessMachine,Westwood,L2A,HTTP/1.1
2025-04-29 05:47:51,stallRate,199.230999946594,1.70107892333809,TheEmptinessMachine,Westwood,L2A,HTTP/1.1
2025-04-29 05:47:53,stallRate,201.230999946594,1.68349175889655,TheEmptinessMachine,Westwood,L2A,HTTP/1.1
2025-04-29 05:48:27,stallRate,1.20499992370605,0.0,TheEmptinessMachine,Westwood,L2A,HTTP/2
2025-04-29 05:48:29,stallRate,3.2039999961853,0.0,TheEmptinessMachine,Westwood,L2A,HTTP/2
2025-04-29 05:48:31,stallRate,5.2039999961853,0.0,TheEmptinessMachine,Westwood,L2A,HTTP/2
2025-04-29 05:48:33,stallRate,7.2039999961853,0.0,TheEmptinessMachine,Westwood,L2A,HTTP/2
2025-04-29 05:48:35,stallRate,9.2039999961853,0.0,TheEmptinessMachine,Westwood,L2A,HTTP/2
2025-04-29 05:48:37,stallRate,11.2039999961853,0.0,TheEmptinessMachine,Westwood,L2A,HTTP/2
2025-04-29 05:48:39,stallRate,13.2039999961853,0.0,TheEmptinessMachine,Westwood,L2A,HTTP/2
2025-04-29 05:48:41,stallRate,15.2039999961853,0.0,TheEmptinessMachine,Westwood,L2A,HTTP/2
2025-04-29 05:48:43,stallRate,17.2039999961853,0.0,TheEmptinessMachine,Westwood,L2A,HTTP/2
2025-04-29 05:48:46,stallRate,19.2039999961853,0.0,TheEmptinessMachine,Westwood,L2A,HTTP/2
2025-04-29 05:48:47,stallRate,21.2049999237061,0.0,TheEmptinessMachine,Westwood,L2A,HTTP/2
2025-04-29 05:48:49,stallRate,23.2039999961853,0.0,TheEmptinessMachine,Westwood,L2A,HTTP/2
2025-04-29 05:48:51,stallRate,25.2039999961853,0.0,TheEmptinessMachine,Westwood,L2A,HTTP/2
2025-04-29 05:48:53,stallRate,27.2039999961853,0.0,TheEmptinessMachine,Westwood,L2A,HTTP/2
2025-04-29 05:48:55,stallRate,29.2039999961853,0.0,TheEmptinessMachine,Westwood,L2A,HTTP/2
2025-04-29 05:48:57,stallRate,31.2039999961853,0.0,TheEmptinessMachine,Westwood,L2A,HTTP/2
2025-04-29 05:48:59,stallRate,33.2039999961853,0.0,TheEmptinessMachine,Westwood,L2A,HTTP/2
2025-04-29 05:49:01,stallRate,35.2039999961853,0.0,TheEmptinessMachine,Westwood,L2A,HTTP/2
2025-04-29 05:49:03,stallRate,37.2039999961853,0.0,TheEmptinessMachine,Westwood,L2A,HTTP/2
2025-04-29 05:49:07,stallRate,41.2039999961853,1.99140294860932,TheEmptinessMachine,Westwood,L2A,HTTP/2
2025-04-29 05:49:09,stallRate,43.2039999961853,1.82235880999582,TheEmptinessMachine,Westwood,L2A,HTTP/2
2025-04-29 05:49:11,stallRate,45.2039999961853,2.55467453187802,TheEmptinessMachine,Westwood,L2A,HTTP/2
2025-04-29 05:49:13,stallRate,47.2039999961853,2.37557349733422,TheEmptinessMachine,Westwood,L2A,HTTP/2
2025-04-29 05:49:15,stallRate,49.2039999961853,2.22048350458516,TheEmptinessMachine,Westwood,L2A,HTTP/2
2025-04-29 05:49:19,stallRate,53.2039999961853,1.96629089098825,TheEmptinessMachine,Westwood,L2A,HTTP/2
2025-04-29 05:49:21,stallRate,55.2039999961853,1.86144428602436,TheEmptinessMachine,Westwood,L2A,HTTP/2
2025-04-29 05:49:23,stallRate,57.2039999961853,1.76742148949151,TheEmptinessMachine,Westwood,L2A,HTTP/2
2025-04-29 05:49:25,stallRate,59.2039999961853,1.6829260768955,TheEmptinessMachine,Westwood,L2A,HTTP/2
2025-04-29 05:49:27,stallRate,61.2039999961853,2.18322981053372,TheEmptinessMachine,Westwood,L2A,HTTP/2
2025-04-29 05:49:29,stallRate,63.2039999961853,2.4179709058447,TheEmptinessMachine,Westwood,L2A,HTTP/2
2025-04-29 05:49:31,stallRate,65.2039999961853,2.31674790306728,TheEmptinessMachine,Westwood,L2A,HTTP/2
2025-04-29 05:49:33,stallRate,67.2039999961853,2.22381664160425,TheEmptinessMachine,Westwood,L2A,HTTP/2
2025-04-29 05:49:35,stallRate,69.2039999961853,2.1548762832892,TheEmptinessMachine,Westwood,L2A,HTTP/2
2025-04-29 05:49:37,stallRate,71.2039999961853,2.07438350861529,TheEmptinessMachine,Westwood,L2A,HTTP/2
2025-04-29 05:49:39,stallRate,73.2039999961853,1.99987373564039,TheEmptinessMachine,Westwood,L2A,HTTP/2
2025-04-29 05:49:41,stallRate,75.2039999961853,1.93056967227321,TheEmptinessMachine,Westwood,L2A,HTTP/2
2025-04-29 05:49:43,stallRate,77.2039999961853,1.86591308408663,TheEmptinessMachine,Westwood,L2A,HTTP/2
2025-04-29 05:49:45,stallRate,79.2039999961853,1.80558434939025,TheEmptinessMachine,Westwood,L2A,HTTP/2
2025-04-29 05:49:47,stallRate,81.2039999961853,1.74881761343574,TheEmptinessMachine,Westwood,L2A,HTTP/2
2025-04-29 05:49:49,stallRate,83.2039999961853,1.69541202422816,TheEmptinessMachine,Westwood,L2A,HTTP/2
2025-04-29 05:49:51,stallRate,85.2039999961853,1.64564370739548,TheEmptinessMachine,Westwood,L2A,HTTP/2
2025-04-29 05:49:53,stallRate,87.2039999961853,1.59826177519149,TheEmptinessMachine,Westwood,L2A,HTTP/2
2025-04-29 05:49:55,stallRate,89.2039999961853,1.55364814252274,TheEmptinessMachine,Westwood,L2A,HTTP/2
2025-04-29 05:49:57,stallRate,91.2039999961853,1.51132852030311,TheEmptinessMachine,Westwood,L2A,HTTP/2
2025-04-29 05:49:59,stallRate,93.2039999961853,1.47147319204306,TheEmptinessMachine,Westwood,L2A,HTTP/2
2025-04-29 05:50:01,stallRate,95.2039999961853,1.43373168235687,TheEmptinessMachine,Westwood,L2A,HTTP/2
2025-04-29 05:50:03,stallRate,97.2039999961853,1.39770715055331,TheEmptinessMachine,Westwood,L2A,HTTP/2
2025-04-29 05:50:05,stallRate,99.2039999961853,1.3634238859624,TheEmptinessMachine,Westwood,L2A,HTTP/2
2025-04-29 05:50:07,stallRate,101.203999996185,1.33084483704744,TheEmptinessMachine,Westwood,L2A,HTTP/2
2025-04-29 05:50:09,stallRate,103.203999996185,1.29985690956466,TheEmptinessMachine,Westwood,L2A,HTTP/2
2025-04-29 05:50:13,stallRate,107.203999996185,2.3542742111388,TheEmptinessMachine,Westwood,L2A,HTTP/2
2025-04-29 05:50:15,stallRate,109.203999996185,2.30276043925486,TheEmptinessMachine,Westwood,L2A,HTTP/2
2025-04-29 05:50:17,stallRate,111.204999923706,2.25366506042132,TheEmptinessMachine,Westwood,L2A,HTTP/2
2025-04-29 05:50:19,stallRate,113.207999944687,2.20639494707649,TheEmptinessMachine,Westwood,L2A,HTTP/2
2025-04-29 05:50:21,stallRate,115.203999996185,2.16133773111579,TheEmptinessMachine,Westwood,L2A,HTTP/2
2025-04-29 05:50:23,stallRate,117.203999996185,2.11800664904337,TheEmptinessMachine,Westwood,L2A,HTTP/2
2025-04-29 05:50:25,stallRate,119.203999996185,2.07637766153396,TheEmptinessMachine,Westwood,L2A,HTTP/2
2025-04-29 05:50:27,stallRate,121.203999996185,2.03620791902345,TheEmptinessMachine,Westwood,L2A,HTTP/2
2025-04-29 05:50:29,stallRate,123.203999996185,1.99776042334327,TheEmptinessMachine,Westwood,L2A,HTTP/2
2025-04-29 05:50:31,stallRate,125.203999996185,1.96079862349196,TheEmptinessMachine,Westwood,L2A,HTTP/2
2025-04-29 05:50:33,stallRate,127.203999996185,1.92500875793197,TheEmptinessMachine,Westwood,L2A,HTTP/2
2025-04-29 05:50:35,stallRate,129.203999996185,1.89045758813176,TheEmptinessMachine,Westwood,L2A,HTTP/2
2025-04-29 05:50:37,stallRate,131.203999996185,1.85737923807,TheEmptinessMachine,Westwood,L2A,HTTP/2
2025-04-29 05:50:39,stallRate,133.203999996185,1.82529805890717,TheEmptinessMachine,Westwood,L2A,HTTP/2
2025-04-29 05:50:41,stallRate,135.203999996185,1.79413296939701,TheEmptinessMachine,Westwood,L2A,HTTP/2
2025-04-29 05:50:43,stallRate,137.203999996185,1.76421178354032,TheEmptinessMachine,Westwood,L2A,HTTP/2
2025-04-29 05:50:45,stallRate,139.203999996185,1.73514304310294,TheEmptinessMachine,Westwood,L2A,HTTP/2
2025-04-29 05:50:47,stallRate,141.203999996185,1.70717210989972,TheEmptinessMachine,Westwood,L2A,HTTP/2
2025-04-29 05:50:49,stallRate,143.203999996185,1.68010509416081,TheEmptinessMachine,Westwood,L2A,HTTP/2
2025-04-29 05:50:51,stallRate,145.203999996185,1.65376342772336,TheEmptinessMachine,Westwood,L2A,HTTP/2
2025-04-29 05:50:53,stallRate,147.203999996185,1.62810433424139,TheEmptinessMachine,Westwood,L2A,HTTP/2
2025-04-29 05:50:55,stallRate,149.203999996185,1.60341052205763,TheEmptinessMachine,Westwood,L2A,HTTP/2
2025-04-29 05:50:57,stallRate,151.203999996185,1.57936748657977,TheEmptinessMachine,Westwood,L2A,HTTP/2
2025-04-29 05:50:59,stallRate,153.203999996185,1.55624878397255,TheEmptinessMachine,Westwood,L2A,HTTP/2
2025-04-29 05:51:01,stallRate,155.203999996185,1.53357009482753,TheEmptinessMachine,Westwood,L2A,HTTP/2
2025-04-29 05:51:03,stallRate,157.203999996185,1.51159959425947,TheEmptinessMachine,Westwood,L2A,HTTP/2
2025-04-29 05:51:05,stallRate,159.203999996185,1.49026178002707,TheEmptinessMachine,Westwood,L2A,HTTP/2
2025-04-29 05:51:07,stallRate,161.203999996185,1.46953447593005,TheEmptinessMachine,Westwood,L2A,HTTP/2
2025-04-29 05:51:09,stallRate,163.203999996185,1.44941633092814,TheEmptinessMachine,Westwood,L2A,HTTP/2
2025-04-29 05:51:11,stallRate,165.203999996185,1.42976606947171,TheEmptinessMachine,Westwood,L2A,HTTP/2
2025-04-29 05:51:13,stallRate,167.203999996185,1.41060372690541,TheEmptinessMachine,Westwood,L2A,HTTP/2
2025-04-29 05:51:15,stallRate,169.203999996185,1.39200104705193,TheEmptinessMachine,Westwood,L2A,HTTP/2
2025-04-29 05:51:17,stallRate,171.203999996185,1.44903664792097,TheEmptinessMachine,Westwood,L2A,HTTP/2
2025-04-29 05:51:19,stallRate,173.203999996185,1.43046542505118,TheEmptinessMachine,Westwood,L2A,HTTP/2
2025-04-29 05:51:21,stallRate,175.203999996185,1.41239060717921,TheEmptinessMachine,Westwood,L2A,HTTP/2
2025-04-29 05:51:23,stallRate,177.203999996185,1.39469144145506,TheEmptinessMachine,Westwood,L2A,HTTP/2
2025-04-29 05:51:25,stallRate,179.203999996185,1.37738808384707,TheEmptinessMachine,Westwood,L2A,HTTP/2
2025-04-29 05:51:27,stallRate,181.204999923706,1.36055437319186,TheEmptinessMachine,Westwood,L2A,HTTP/2
2025-04-29 05:51:29,stallRate,183.203999996185,1.34413990274369,TheEmptinessMachine,Westwood,L2A,HTTP/2
2025-04-29 05:51:31,stallRate,185.203999996185,1.32820878731253,TheEmptinessMachine,Westwood,L2A,HTTP/2
2025-04-29 05:51:33,stallRate,187.203999996185,1.31256857778858,TheEmptinessMachine,Westwood,L2A,HTTP/2
2025-04-29 05:51:35,stallRate,189.203999996185,1.44816384443507,TheEmptinessMachine,Westwood,L2A,HTTP/2
2025-04-29 05:51:37,stallRate,191.203999996185,1.43139642475808,TheEmptinessMachine,Westwood,L2A,HTTP/2
2025-04-29 05:51:39,stallRate,193.205999851227,1.50644425367071,TheEmptinessMachine,Westwood,L2A,HTTP/2
2025-04-29 05:51:41,stallRate,195.203999996185,1.4895256197132,TheEmptinessMachine,Westwood,L2A,HTTP/2
2025-04-29 05:51:43,stallRate,197.203999996185,1.47290690991192,TheEmptinessMachine,Westwood,L2A,HTTP/2
2025-04-29 05:51:45,stallRate,199.203999996185,1.45669773233593,TheEmptinessMachine,Westwood,L2A,HTTP/2
2025-04-29 05:51:47,stallRate,201.203999996185,1.44084503184941,TheEmptinessMachine,Westwood,L2A,HTTP/2
2025-04-29 05:51:49,stallRate,203.203999996185,1.42532789084057,TheEmptinessMachine,Westwood,L2A,HTTP/2
2025-04-29 05:51:51,stallRate,205.203999996185,1.41018005728068,TheEmptinessMachine,Westwood,L2A,HTTP/2
2025-04-29 05:51:53,stallRate,207.203999996185,1.39521258490212,TheEmptinessMachine,Westwood,L2A,HTTP/2
2025-04-29 05:51:55,stallRate,209.203999996185,1.38063782744769,TheEmptinessMachine,Westwood,L2A,HTTP/2
2025-04-29 05:51:57,stallRate,211.203999996185,1.36640568880623,TheEmptinessMachine,Westwood,L2A,HTTP/2
2025-04-29 05:52:21,stallRate,1.22200012207031,0.0,TheEmptinessMachine,Westwood,L2A,HTTP/3
2025-04-29 05:52:23,stallRate,3.21799993515015,0.0,TheEmptinessMachine,Westwood,L2A,HTTP/3
2025-04-29 05:52:25,stallRate,5.21700000762939,0.0,TheEmptinessMachine,Westwood,L2A,HTTP/3
2025-04-29 05:52:27,stallRate,7.21700000762939,0.0,TheEmptinessMachine,Westwood,L2A,HTTP/3
2025-04-29 05:52:29,stallRate,9.21700000762939,0.0,TheEmptinessMachine,Westwood,L2A,HTTP/3
2025-04-29 05:52:31,stallRate,11.2170000076294,0.0,TheEmptinessMachine,Westwood,L2A,HTTP/3
2025-04-29 05:52:35,stallRate,15.2170000076294,0.0,TheEmptinessMachine,Westwood,L2A,HTTP/3
2025-04-29 05:52:37,stallRate,17.2179999351501,0.0,TheEmptinessMachine,Westwood,L2A,HTTP/3
2025-04-29 05:52:39,stallRate,19.2170000076294,0.0,TheEmptinessMachine,Westwood,L2A,HTTP/3
2025-04-29 05:52:41,stallRate,21.2170000076294,0.0,TheEmptinessMachine,Westwood,L2A,HTTP/3
2025-04-29 05:52:43,stallRate,23.2179999351501,0.0,TheEmptinessMachine,Westwood,L2A,HTTP/3
2025-04-29 05:52:45,stallRate,25.2170000076294,0.0,TheEmptinessMachine,Westwood,L2A,HTTP/3
2025-04-29 05:52:47,stallRate,27.2190001010895,0.0,TheEmptinessMachine,Westwood,L2A,HTTP/3
2025-04-29 05:52:49,stallRate,29.2170000076294,0.0,TheEmptinessMachine,Westwood,L2A,HTTP/3
2025-04-29 05:52:51,stallRate,31.2170000076294,0.0,TheEmptinessMachine,Westwood,L2A,HTTP/3
2025-04-29 05:52:53,stallRate,33.2170000076294,0.0,TheEmptinessMachine,Westwood,L2A,HTTP/3
2025-04-29 05:52:55,stallRate,35.2170000076294,0.0,TheEmptinessMachine,Westwood,L2A,HTTP/3
2025-04-29 05:52:57,stallRate,37.2170000076294,0.0,TheEmptinessMachine,Westwood,L2A,HTTP/3
2025-04-29 05:52:59,stallRate,39.2170000076294,0.0,TheEmptinessMachine,Westwood,L2A,HTTP/3
2025-04-29 05:53:01,stallRate,41.2170000076294,0.0,TheEmptinessMachine,Westwood,L2A,HTTP/3
2025-04-29 05:53:03,stallRate,43.2170000076294,0.0,TheEmptinessMachine,Westwood,L2A,HTTP/3
2025-04-29 05:53:05,stallRate,45.2170000076294,0.0,TheEmptinessMachine,Westwood,L2A,HTTP/3
2025-04-29 05:53:07,stallRate,47.2170000076294,0.21810373915369,TheEmptinessMachine,Westwood,L2A,HTTP/3
2025-04-29 05:53:09,stallRate,49.2170000076294,0.208948240903352,TheEmptinessMachine,Westwood,L2A,HTTP/3
2025-04-29 05:53:11,stallRate,51.2170000076294,0.200565590945319,TheEmptinessMachine,Westwood,L2A,HTTP/3
2025-04-29 05:53:13,stallRate,53.2170000076294,0.192796276392498,TheEmptinessMachine,Westwood,L2A,HTTP/3
2025-04-29 05:53:15,stallRate,55.2170000076294,0.185621200899751,TheEmptinessMachine,Westwood,L2A,HTTP/3
2025-04-29 05:53:17,stallRate,57.2170000076294,0.178934367414451,TheEmptinessMachine,Westwood,L2A,HTTP/3
2025-04-29 05:53:19,stallRate,59.2170000076294,0.172744444002626,TheEmptinessMachine,Westwood,L2A,HTTP/3
2025-04-29 05:53:21,stallRate,61.2170000076294,0.166978088339907,TheEmptinessMachine,Westwood,L2A,HTTP/3
2025-04-29 05:53:23,stallRate,63.2170000076294,0.161558283935223,TheEmptinessMachine,Westwood,L2A,HTTP/3
2025-04-29 05:53:25,stallRate,65.2170000076294,0.156470023711587,TheEmptinessMachine,Westwood,L2A,HTTP/3
2025-04-29 05:53:27,stallRate,67.2170000076294,0.151709005755662,TheEmptinessMachine,Westwood,L2A,HTTP/3
2025-04-29 05:53:29,stallRate,69.2170000076294,0.147233935837815,TheEmptinessMachine,Westwood,L2A,HTTP/3
2025-04-29 05:53:31,stallRate,71.2170000076294,0.143012150899194,TheEmptinessMachine,Westwood,L2A,HTTP/3
2025-04-29 05:53:33,stallRate,73.2170000076294,0.139007929825341,TheEmptinessMachine,Westwood,L2A,HTTP/3
2025-04-29 05:53:35,stallRate,75.2170000076294,0.135242076060444,TheEmptinessMachine,Westwood,L2A,HTTP/3
2025-04-29 05:53:37,stallRate,77.2170000076294,0.131662314504532,TheEmptinessMachine,Westwood,L2A,HTTP/3
2025-04-29 05:53:39,stallRate,79.2170000076294,0.128294062655167,TheEmptinessMachine,Westwood,L2A,HTTP/3
2025-04-29 05:53:41,stallRate,81.2170000076294,0.12508092466233,TheEmptinessMachine,Westwood,L2A,HTTP/3
2025-04-29 05:53:43,stallRate,83.2170000076294,0.122027861201914,TheEmptinessMachine,Westwood,L2A,HTTP/3
2025-04-29 05:53:45,stallRate,85.2170000076294,0.119090284962293,TheEmptinessMachine,Westwood,L2A,HTTP/3
2025-04-29 05:53:47,stallRate,87.2170000076294,0.116303078591626,TheEmptinessMachine,Westwood,L2A,HTTP/3
2025-04-29 05:53:49,stallRate,89.2170000076294,0.113657699717636,TheEmptinessMachine,Westwood,L2A,HTTP/3
2025-04-29 05:53:51,stallRate,91.2170000076294,0.111119384695434,TheEmptinessMachine,Westwood,L2A,HTTP/3
2025-04-29 05:53:53,stallRate,93.2170000076294,0.108704713666574,TheEmptinessMachine,Westwood,L2A,HTTP/3
2025-04-29 05:53:55,stallRate,95.2170000076294,0.106393813596845,TheEmptinessMachine,Westwood,L2A,HTTP/3
2025-04-29 05:53:57,stallRate,97.2170000076294,0.104167278315389,TheEmptinessMachine,Westwood,L2A,HTTP/3
2025-04-29 05:53:59,stallRate,99.2170000076294,0.102041032511881,TheEmptinessMachine,Westwood,L2A,HTTP/3
2025-04-29 05:54:01,stallRate,101.217000007629,0.0999902426784464,TheEmptinessMachine,Westwood,L2A,HTTP/3
2025-04-29 05:54:03,stallRate,103.217000007629,0.0980248128046807,TheEmptinessMachine,Westwood,L2A,HTTP/3
2025-04-29 05:54:05,stallRate,105.217000007629,0.0961270683769493,TheEmptinessMachine,Westwood,L2A,HTTP/3
2025-04-29 05:54:07,stallRate,107.217000007629,0.0943117383805632,TheEmptinessMachine,Westwood,L2A,HTTP/3
2025-04-29 05:54:09,stallRate,109.21799993515,0.092566543531303,TheEmptinessMachine,Westwood,L2A,HTTP/3
2025-04-29 05:54:11,stallRate,111.217000007629,0.0908685890557299,TheEmptinessMachine,Westwood,L2A,HTTP/3
2025-04-29 05:54:13,stallRate,113.217000007629,0.0892389809806322,TheEmptinessMachine,Westwood,L2A,HTTP/3
2025-04-29 05:54:15,stallRate,115.217000007629,0.0876627221704829,TheEmptinessMachine,Westwood,L2A,HTTP/3
2025-04-29 05:54:17,stallRate,117.217000007629,0.0861574140728615,TheEmptinessMachine,Westwood,L2A,HTTP/3
2025-04-29 05:54:19,stallRate,119.21799993515,0.0846963714945631,TheEmptinessMachine,Westwood,L2A,HTTP/3
2025-04-29 05:54:21,stallRate,121.217000007629,0.0832783935395088,TheEmptinessMachine,Westwood,L2A,HTTP/3
2025-04-29 05:54:23,stallRate,123.217000007629,0.0819140525562872,TheEmptinessMachine,Westwood,L2A,HTTP/3
2025-04-29 05:54:25,stallRate,125.217000007629,0.0805873770625185,TheEmptinessMachine,Westwood,L2A,HTTP/3
2025-04-29 05:54:27,stallRate,127.217000007629,0.0793060666676079,TheEmptinessMachine,Westwood,L2A,HTTP/3
2025-04-29 05:54:29,stallRate,129.217000007629,0.0780649458546165,TheEmptinessMachine,Westwood,L2A,HTTP/3
2025-04-29 05:54:31,stallRate,131.217000007629,0.182633935047541,TheEmptinessMachine,Westwood,L2A,HTTP/3
2025-04-29 05:54:33,stallRate,133.217000007629,0.179867564021586,TheEmptinessMachine,Westwood,L2A,HTTP/3
2025-04-29 05:54:35,stallRate,135.217000007629,0.177173521421233,TheEmptinessMachine,Westwood,L2A,HTTP/3
2025-04-29 05:54:37,stallRate,137.217000007629,0.174570405003606,TheEmptinessMachine,Westwood,L2A,HTTP/3
2025-04-29 05:54:39,stallRate,139.217000007629,0.172029872838815,TheEmptinessMachine,Westwood,L2A,HTTP/3
2025-04-29 05:54:41,stallRate,141.217000007629,0.169551753046219,TheEmptinessMachine,Westwood,L2A,HTTP/3
2025-04-29 05:54:43,stallRate,143.217000007629,0.167162210773202,TheEmptinessMachine,Westwood,L2A,HTTP/3
2025-04-29 05:54:45,stallRate,145.217000007629,0.164830375801888,TheEmptinessMachine,Westwood,L2A,HTTP/3
2025-04-29 05:54:47,stallRate,147.217000007629,0.162563484935365,TheEmptinessMachine,Westwood,L2A,HTTP/3
2025-04-29 05:54:49,stallRate,149.217000007629,0.182428947411098,TheEmptinessMachine,Westwood,L2A,HTTP/3
2025-04-29 05:54:51,stallRate,151.217000007629,0.180011618130175,TheEmptinessMachine,Westwood,L2A,HTTP/3
2025-04-29 05:54:53,stallRate,153.21799993515,0.259300221995913,TheEmptinessMachine,Westwood,L2A,HTTP/3
2025-04-29 05:54:55,stallRate,155.217000007629,0.270192622487539,TheEmptinessMachine,Westwood,L2A,HTTP/3
2025-04-29 05:54:57,stallRate,157.217000007629,0.266722628966679,TheEmptinessMachine,Westwood,L2A,HTTP/3
2025-04-29 05:54:59,stallRate,159.217000007629,0.263322152804965,TheEmptinessMachine,Westwood,L2A,HTTP/3
2025-04-29 05:55:01,stallRate,161.217000007629,0.260012208991754,TheEmptinessMachine,Westwood,L2A,HTTP/3
2025-04-29 05:55:03,stallRate,163.217000007629,0.256794410333712,TheEmptinessMachine,Westwood,L2A,HTTP/3
2025-04-29 05:55:05,stallRate,165.217000007629,0.253660091263725,TheEmptinessMachine,Westwood,L2A,HTTP/3
2025-04-29 05:55:07,stallRate,167.217000007629,0.250598878823598,TheEmptinessMachine,Westwood,L2A,HTTP/3
2025-04-29 05:55:09,stallRate,169.217000007629,0.247619053070839,TheEmptinessMachine,Westwood,L2A,HTTP/3
2025-04-29 05:55:11,stallRate,171.217000007629,0.24472363786251,TheEmptinessMachine,Westwood,L2A,HTTP/3
2025-04-29 05:55:13,stallRate,173.217000007629,0.241857585995814,TheEmptinessMachine,Westwood,L2A,HTTP/3
2025-04-29 05:55:15,stallRate,175.217000007629,0.239078151032755,TheEmptinessMachine,Westwood,L2A,HTTP/3
2025-04-29 05:55:17,stallRate,177.21799993515,0.236363156321731,TheEmptinessMachine,Westwood,L2A,HTTP/3
2025-04-29 05:55:19,stallRate,179.217000007629,0.233690796409423,TheEmptinessMachine,Westwood,L2A,HTTP/3
2025-04-29 05:55:21,stallRate,181.217000007629,0.231088210744047,TheEmptinessMachine,Westwood,L2A,HTTP/3
2025-04-29 05:55:23,stallRate,183.217000007629,0.228530946890294,TheEmptinessMachine,Westwood,L2A,HTTP/3
2025-04-29 05:55:25,stallRate,185.217000007629,0.226047636222231,TheEmptinessMachine,Westwood,L2A,HTTP/3
2025-04-29 05:55:27,stallRate,187.217000007629,0.223607261525879,TheEmptinessMachine,Westwood,L2A,HTTP/3
2025-04-29 05:55:29,stallRate,189.217000007629,0.221240557442216,TheEmptinessMachine,Westwood,L2A,HTTP/3
2025-04-29 05:55:31,stallRate,191.217000007629,0.218899418421585,TheEmptinessMachine,Westwood,L2A,HTTP/3
2025-04-29 05:55:33,stallRate,193.217000007629,0.216626847595799,TheEmptinessMachine,Westwood,L2A,HTTP/3
2025-04-29 05:55:35,stallRate,195.21799993515,0.214394170626497,TheEmptinessMachine,Westwood,L2A,HTTP/3
2025-04-29 05:56:15,stallRate,1.22800016403198,0.0,TheEmptinessMachine,Westwood,RB,HTTP/1.1
2025-04-29 05:56:17,stallRate,3.21900010108948,0.0,TheEmptinessMachine,Westwood,RB,HTTP/1.1
2025-04-29 05:56:19,stallRate,5.21900010108948,0.0,TheEmptinessMachine,Westwood,RB,HTTP/1.1
2025-04-29 05:56:21,stallRate,7.21900010108948,0.0,TheEmptinessMachine,Westwood,RB,HTTP/1.1
2025-04-29 05:56:23,stallRate,9.21900010108948,0.0,TheEmptinessMachine,Westwood,RB,HTTP/1.1
2025-04-29 05:56:25,stallRate,11.2190001010895,0.0,TheEmptinessMachine,Westwood,RB,HTTP/1.1
2025-04-29 05:56:27,stallRate,13.2190001010895,0.0,TheEmptinessMachine,Westwood,RB,HTTP/1.1
2025-04-29 05:56:29,stallRate,15.2190001010895,0.0,TheEmptinessMachine,Westwood,RB,HTTP/1.1
2025-04-29 05:56:31,stallRate,17.2190001010895,0.0,TheEmptinessMachine,Westwood,RB,HTTP/1.1
2025-04-29 05:56:33,stallRate,19.2190001010895,0.0,TheEmptinessMachine,Westwood,RB,HTTP/1.1
2025-04-29 05:56:35,stallRate,21.2190001010895,0.0,TheEmptinessMachine,Westwood,RB,HTTP/1.1
2025-04-29 05:56:37,stallRate,23.2190001010895,0.0,TheEmptinessMachine,Westwood,RB,HTTP/1.1
2025-04-29 05:56:39,stallRate,25.2200000286102,0.0,TheEmptinessMachine,Westwood,RB,HTTP/1.1
2025-04-29 05:56:41,stallRate,27.2190001010895,0.0,TheEmptinessMachine,Westwood,RB,HTTP/1.1
2025-04-29 05:56:43,stallRate,29.2190001010895,0.0,TheEmptinessMachine,Westwood,RB,HTTP/1.1
2025-04-29 05:56:47,stallRate,33.2200000286102,11.241488767354,TheEmptinessMachine,Westwood,RB,HTTP/1.1
2025-04-29 05:56:49,stallRate,35.2190001010895,10.3320376772783,TheEmptinessMachine,Westwood,RB,HTTP/1.1
2025-04-29 05:56:51,stallRate,37.2190001010895,9.28702036227449,TheEmptinessMachine,Westwood,RB,HTTP/1.1
2025-04-29 05:56:53,stallRate,39.2190001010895,8.54418212582544,TheEmptinessMachine,Westwood,RB,HTTP/1.1
2025-04-29 05:56:55,stallRate,41.2190001010895,7.9167639190594,TheEmptinessMachine,Westwood,RB,HTTP/1.1
2025-04-29 05:56:57,stallRate,43.2190001010895,7.36982269704574,TheEmptinessMachine,Westwood,RB,HTTP/1.1
2025-04-29 05:56:59,stallRate,45.2200000286102,6.90532504013387,TheEmptinessMachine,Westwood,RB,HTTP/1.1
2025-04-29 05:57:01,stallRate,47.2190001010895,6.49736464331807,TheEmptinessMachine,Westwood,RB,HTTP/1.1
2025-04-29 05:57:03,stallRate,49.2190001010895,6.1320093362721,TheEmptinessMachine,Westwood,RB,HTTP/1.1
2025-04-29 05:57:05,stallRate,51.2190001010895,5.80922578410716,TheEmptinessMachine,Westwood,RB,HTTP/1.1
2025-04-29 05:57:07,stallRate,53.2200000286102,5.51782402068011,TheEmptinessMachine,Westwood,RB,HTTP/1.1
2025-04-29 05:57:09,stallRate,55.2190001010895,5.25323139136661,TheEmptinessMachine,Westwood,RB,HTTP/1.1
2025-04-29 05:57:11,stallRate,57.2190001010895,5.01444470307117,TheEmptinessMachine,Westwood,RB,HTTP/1.1
2025-04-29 05:57:13,stallRate,59.2230000495911,4.79665350362557,TheEmptinessMachine,Westwood,RB,HTTP/1.1
2025-04-29 05:57:15,stallRate,61.2190001010895,4.59684327159977,TheEmptinessMachine,Westwood,RB,HTTP/1.1
2025-04-29 05:57:17,stallRate,63.2190001010895,4.41326646274652,TheEmptinessMachine,Westwood,RB,HTTP/1.1
2025-04-29 05:57:19,stallRate,65.2190001010895,4.24402895040903,TheEmptinessMachine,Westwood,RB,HTTP/1.1
2025-04-29 05:57:21,stallRate,67.2190001010895,4.0864759628473,TheEmptinessMachine,Westwood,RB,HTTP/1.1
2025-04-29 05:57:23,stallRate,69.2190001010895,3.94080262747212,TheEmptinessMachine,Westwood,RB,HTTP/1.1
2025-04-29 05:57:25,stallRate,71.2190001010895,3.80456041977286,TheEmptinessMachine,Westwood,RB,HTTP/1.1
2025-04-29 05:57:27,stallRate,73.2190001010895,3.67687072367903,TheEmptinessMachine,Westwood,RB,HTTP/1.1
2025-04-29 05:57:29,stallRate,75.2200000286102,3.55828872184072,TheEmptinessMachine,Westwood,RB,HTTP/1.1
2025-04-29 05:57:31,stallRate,77.2200000286102,3.44676435172244,TheEmptinessMachine,Westwood,RB,HTTP/1.1
2025-04-29 05:57:33,stallRate,79.2190001010895,3.34260505599716,TheEmptinessMachine,Westwood,RB,HTTP/1.1
2025-04-29 05:57:35,stallRate,81.2200000286102,3.24405504143215,TheEmptinessMachine,Westwood,RB,HTTP/1.1
2025-04-29 05:57:37,stallRate,83.2190001010895,3.15181723342705,TheEmptinessMachine,Westwood,RB,HTTP/1.1
2025-04-29 05:57:39,stallRate,85.2190001010895,3.06393982553825,TheEmptinessMachine,Westwood,RB,HTTP/1.1
2025-04-29 05:57:41,stallRate,87.2190001010895,2.98102673229232,TheEmptinessMachine,Westwood,RB,HTTP/1.1
2025-04-29 05:57:43,stallRate,89.2190001010895,2.9022241130702,TheEmptinessMachine,Westwood,RB,HTTP/1.1
2025-04-29 05:57:45,stallRate,91.2190001010895,2.82791924749315,TheEmptinessMachine,Westwood,RB,HTTP/1.1
2025-04-29 05:57:47,stallRate,93.2190001010895,2.75741477487704,TheEmptinessMachine,Westwood,RB,HTTP/1.1
2025-04-29 05:57:49,stallRate,95.2190001010895,2.69004699449903,TheEmptinessMachine,Westwood,RB,HTTP/1.1
2025-04-29 05:57:51,stallRate,97.2190001010895,2.62583304723054,TheEmptinessMachine,Westwood,RB,HTTP/1.1
2025-04-29 05:57:53,stallRate,99.2190001010895,2.56471132409827,TheEmptinessMachine,Westwood,RB,HTTP/1.1
2025-04-29 05:57:55,stallRate,101.219000101089,2.50618970997774,TheEmptinessMachine,Westwood,RB,HTTP/1.1
2025-04-29 05:57:57,stallRate,103.219000101089,2.4510773706294,TheEmptinessMachine,Westwood,RB,HTTP/1.1
2025-04-29 05:57:59,stallRate,105.22000002861,2.39777112018974,TheEmptinessMachine,Westwood,RB,HTTP/1.1
2025-04-29 05:58:01,stallRate,107.219000101089,2.34654370991833,TheEmptinessMachine,Westwood,RB,HTTP/1.1
2025-04-29 05:58:03,stallRate,109.219000101089,2.29763298156554,TheEmptinessMachine,Westwood,RB,HTTP/1.1
2025-04-29 05:58:05,stallRate,111.219000101089,2.25086894598031,TheEmptinessMachine,Westwood,RB,HTTP/1.1
2025-04-29 05:58:07,stallRate,113.219000101089,2.2057570208212,TheEmptinessMachine,Westwood,RB,HTTP/1.1
2025-04-29 05:58:09,stallRate,115.219000101089,2.16239246702307,TheEmptinessMachine,Westwood,RB,HTTP/1.1
2025-04-29 05:58:11,stallRate,117.219000101089,2.12076524389767,TheEmptinessMachine,Westwood,RB,HTTP/1.1
2025-04-29 05:58:13,stallRate,119.22000002861,2.08080871172727,TheEmptinessMachine,Westwood,RB,HTTP/1.1
2025-04-29 05:58:15,stallRate,121.22000002861,2.04218246586715,TheEmptinessMachine,Westwood,RB,HTTP/1.1
2025-04-29 05:58:17,stallRate,123.219000101089,2.00493018033145,TheEmptinessMachine,Westwood,RB,HTTP/1.1
2025-04-29 05:58:19,stallRate,125.219000101089,1.96910077454356,TheEmptinessMachine,Westwood,RB,HTTP/1.1
2025-04-29 05:58:21,stallRate,127.22000002861,1.93441714332051,TheEmptinessMachine,Westwood,RB,HTTP/1.1
2025-04-29 05:58:23,stallRate,129.219000101089,1.90113579907716,TheEmptinessMachine,Westwood,RB,HTTP/1.1
2025-04-29 05:58:25,stallRate,131.219000101089,1.8690225896895,TheEmptinessMachine,Westwood,RB,HTTP/1.1
2025-04-29 05:58:27,stallRate,133.219000101089,1.83785405668145,TheEmptinessMachine,Westwood,RB,HTTP/1.1
2025-04-29 05:58:29,stallRate,135.219000101089,1.80779373357969,TheEmptinessMachine,Westwood,RB,HTTP/1.1
2025-04-29 05:58:31,stallRate,137.219000101089,1.77873901740337,TheEmptinessMachine,Westwood,RB,HTTP/1.1
2025-04-29 05:58:33,stallRate,139.219000101089,1.75044662113127,TheEmptinessMachine,Westwood,RB,HTTP/1.1
2025-04-29 05:58:35,stallRate,141.219000101089,1.72300682235462,TheEmptinessMachine,Westwood,RB,HTTP/1.1
2025-04-29 05:58:37,stallRate,143.219000101089,1.69648504411832,TheEmptinessMachine,Westwood,RB,HTTP/1.1
2025-04-29 05:58:39,stallRate,145.219000101089,1.67067748233826,TheEmptinessMachine,Westwood,RB,HTTP/1.1
2025-04-29 05:58:41,stallRate,147.219000101089,1.64564834282552,TheEmptinessMachine,Westwood,RB,HTTP/1.1
2025-04-29 05:58:43,stallRate,149.219000101089,1.62142748896346,TheEmptinessMachine,Westwood,RB,HTTP/1.1
2025-04-29 05:58:45,stallRate,151.219000101089,1.5980717543128,TheEmptinessMachine,Westwood,RB,HTTP/1.1
2025-04-29 05:58:47,stallRate,153.219000101089,1.57521157273388,TheEmptinessMachine,Westwood,RB,HTTP/1.1
2025-04-29 05:58:49,stallRate,155.219000101089,1.55304154631576,TheEmptinessMachine,Westwood,RB,HTTP/1.1
2025-04-29 05:58:51,stallRate,157.219000101089,1.53139782300708,TheEmptinessMachine,Westwood,RB,HTTP/1.1
2025-04-29 05:58:53,stallRate,159.219000101089,1.51045416589573,TheEmptinessMachine,Westwood,RB,HTTP/1.1
2025-04-29 05:58:55,stallRate,161.219000101089,1.49010388734984,TheEmptinessMachine,Westwood,RB,HTTP/1.1
2025-04-29 05:58:57,stallRate,163.219000101089,1.47028620404337,TheEmptinessMachine,Westwood,RB,HTTP/1.1
2025-04-29 05:58:59,stallRate,165.219000101089,1.45085418505412,TheEmptinessMachine,Westwood,RB,HTTP/1.1
2025-04-29 05:59:01,stallRate,167.219000101089,1.43209554968482,TheEmptinessMachine,Westwood,RB,HTTP/1.1
2025-04-29 05:59:03,stallRate,169.219000101089,1.413755336041,TheEmptinessMachine,Westwood,RB,HTTP/1.1
2025-04-29 05:59:05,stallRate,171.219000101089,1.3958112115158,TheEmptinessMachine,Westwood,RB,HTTP/1.1
2025-04-29 05:59:07,stallRate,173.219000101089,1.37826341622675,TheEmptinessMachine,Westwood,RB,HTTP/1.1
2025-04-29 05:59:09,stallRate,175.219000101089,1.36124800392541,TheEmptinessMachine,Westwood,RB,HTTP/1.1
2025-04-29 05:59:11,stallRate,177.219000101089,1.34460024623576,TheEmptinessMachine,Westwood,RB,HTTP/1.1
2025-04-29 05:59:13,stallRate,179.219000101089,1.32839742537049,TheEmptinessMachine,Westwood,RB,HTTP/1.1
2025-04-29 05:59:15,stallRate,181.219000101089,1.31259642533517,TheEmptinessMachine,Westwood,RB,HTTP/1.1
2025-04-29 05:59:17,stallRate,183.219000101089,1.2971588690599,TheEmptinessMachine,Westwood,RB,HTTP/1.1
2025-04-29 05:59:19,stallRate,185.219000101089,1.28210974120793,TheEmptinessMachine,Westwood,RB,HTTP/1.1
2025-04-29 05:59:21,stallRate,187.22000002861,1.26734530506207,TheEmptinessMachine,Westwood,RB,HTTP/1.1
2025-04-29 05:59:23,stallRate,189.219000101089,1.25290461245082,TheEmptinessMachine,Westwood,RB,HTTP/1.1
2025-04-29 05:59:25,stallRate,191.219000101089,1.2388989453778,TheEmptinessMachine,Westwood,RB,HTTP/1.1
2025-04-29 05:59:27,stallRate,193.219000101089,1.22520329708185,TheEmptinessMachine,Westwood,RB,HTTP/1.1
2025-04-29 05:59:29,stallRate,195.219000101089,1.21168452997688,TheEmptinessMachine,Westwood,RB,HTTP/1.1
2025-04-29 05:59:31,stallRate,197.219000101089,1.19849589336133,TheEmptinessMachine,Westwood,RB,HTTP/1.1
2025-04-29 05:59:33,stallRate,199.219000101089,1.18561380819137,TheEmptinessMachine,Westwood,RB,HTTP/1.1
2025-04-29 05:59:35,stallRate,201.219000101089,1.17299590096232,TheEmptinessMachine,Westwood,RB,HTTP/1.1
2025-04-29 05:59:37,stallRate,203.219000101089,1.16066674905939,TheEmptinessMachine,Westwood,RB,HTTP/1.1
2025-04-29 05:59:39,stallRate,205.219000101089,1.14854385976755,TheEmptinessMachine,Westwood,RB,HTTP/1.1
2025-04-29 05:59:41,stallRate,207.219000101089,1.13672515407223,TheEmptinessMachine,Westwood,RB,HTTP/1.1
2025-04-29 06:00:09,stallRate,1.20099997520447,0.0,TheEmptinessMachine,Westwood,RB,HTTP/2
2025-04-29 06:00:11,stallRate,3.19799995422363,0.0,TheEmptinessMachine,Westwood,RB,HTTP/2
2025-04-29 06:00:13,stallRate,5.19799995422363,0.0,TheEmptinessMachine,Westwood,RB,HTTP/2
2025-04-29 06:00:15,stallRate,7.19799995422363,0.0,TheEmptinessMachine,Westwood,RB,HTTP/2
2025-04-29 06:00:17,stallRate,9.19799995422363,0.0,TheEmptinessMachine,Westwood,RB,HTTP/2
2025-04-29 06:00:19,stallRate,11.1979999542236,0.0,TheEmptinessMachine,Westwood,RB,HTTP/2
2025-04-29 06:00:21,stallRate,13.1979999542236,0.0,TheEmptinessMachine,Westwood,RB,HTTP/2
2025-04-29 06:00:23,stallRate,15.1979999542236,0.0,TheEmptinessMachine,Westwood,RB,HTTP/2
2025-04-29 06:00:25,stallRate,17.1979999542236,0.0,TheEmptinessMachine,Westwood,RB,HTTP/2
2025-04-29 06:00:27,stallRate,19.1979999542236,0.0,TheEmptinessMachine,Westwood,RB,HTTP/2
2025-04-29 06:00:29,stallRate,21.2009999752045,0.0,TheEmptinessMachine,Westwood,RB,HTTP/2
2025-04-29 06:00:31,stallRate,23.1979999542236,0.0,TheEmptinessMachine,Westwood,RB,HTTP/2
2025-04-29 06:00:33,stallRate,25.1989998817444,0.0,TheEmptinessMachine,Westwood,RB,HTTP/2
2025-04-29 06:00:35,stallRate,27.1979999542236,0.0,TheEmptinessMachine,Westwood,RB,HTTP/2
2025-04-29 06:00:37,stallRate,29.1979999542236,0.0,TheEmptinessMachine,Westwood,RB,HTTP/2
2025-04-29 06:00:39,stallRate,31.1979999542236,0.0,TheEmptinessMachine,Westwood,RB,HTTP/2
2025-04-29 06:00:41,stallRate,33.1979999542236,0.0,TheEmptinessMachine,Westwood,RB,HTTP/2
2025-04-29 06:00:43,stallRate,35.1979999542236,0.0,TheEmptinessMachine,Westwood,RB,HTTP/2
2025-04-29 06:00:45,stallRate,37.1979999542236,0.0,TheEmptinessMachine,Westwood,RB,HTTP/2
2025-04-29 06:00:47,stallRate,39.1979999542236,0.0,TheEmptinessMachine,Westwood,RB,HTTP/2
2025-04-29 06:00:49,stallRate,41.1979999542236,0.0,TheEmptinessMachine,Westwood,RB,HTTP/2
2025-04-29 06:00:51,stallRate,43.1979999542236,0.0,TheEmptinessMachine,Westwood,RB,HTTP/2
2025-04-29 06:00:53,stallRate,45.1979999542236,0.0,TheEmptinessMachine,Westwood,RB,HTTP/2
2025-04-29 06:00:55,stallRate,47.1979999542236,0.0,TheEmptinessMachine,Westwood,RB,HTTP/2
2025-04-29 06:00:57,stallRate,49.1979999542236,0.0,TheEmptinessMachine,Westwood,RB,HTTP/2
2025-04-29 06:00:59,stallRate,51.1979999542236,0.0,TheEmptinessMachine,Westwood,RB,HTTP/2
2025-04-29 06:01:01,stallRate,53.1979999542236,0.0,TheEmptinessMachine,Westwood,RB,HTTP/2
2025-04-29 06:01:03,stallRate,55.1979999542236,0.0,TheEmptinessMachine,Westwood,RB,HTTP/2
2025-04-29 06:01:05,stallRate,57.1979999542236,0.0,TheEmptinessMachine,Westwood,RB,HTTP/2
2025-04-29 06:01:07,stallRate,59.1979999542236,0.0,TheEmptinessMachine,Westwood,RB,HTTP/2
2025-04-29 06:01:09,stallRate,61.1979999542236,0.0,TheEmptinessMachine,Westwood,RB,HTTP/2
2025-04-29 06:01:11,stallRate,63.1979999542236,0.0,TheEmptinessMachine,Westwood,RB,HTTP/2
2025-04-29 06:01:13,stallRate,65.1979999542236,0.0,TheEmptinessMachine,Westwood,RB,HTTP/2
2025-04-29 06:01:15,stallRate,67.1979999542236,0.0,TheEmptinessMachine,Westwood,RB,HTTP/2
2025-04-29 06:01:17,stallRate,69.1989998817444,0.0,TheEmptinessMachine,Westwood,RB,HTTP/2
2025-04-29 06:01:19,stallRate,71.1979999542236,0.0,TheEmptinessMachine,Westwood,RB,HTTP/2
2025-04-29 06:01:21,stallRate,73.1979999542236,0.0,TheEmptinessMachine,Westwood,RB,HTTP/2
2025-04-29 06:01:23,stallRate,75.1979999542236,0.0,TheEmptinessMachine,Westwood,RB,HTTP/2
2025-04-29 06:01:25,stallRate,77.1979999542236,0.0,TheEmptinessMachine,Westwood,RB,HTTP/2
2025-04-29 06:01:27,stallRate,79.1979999542236,0.0,TheEmptinessMachine,Westwood,RB,HTTP/2
2025-04-29 06:01:29,stallRate,81.1989998817444,0.0,TheEmptinessMachine,Westwood,RB,HTTP/2
2025-04-29 06:01:31,stallRate,83.1979999542236,0.0,TheEmptinessMachine,Westwood,RB,HTTP/2
2025-04-29 06:01:33,stallRate,85.1979999542236,0.0,TheEmptinessMachine,Westwood,RB,HTTP/2
2025-04-29 06:01:35,stallRate,87.1979999542236,0.0,TheEmptinessMachine,Westwood,RB,HTTP/2
2025-04-29 06:01:37,stallRate,89.1979999542236,0.0,TheEmptinessMachine,Westwood,RB,HTTP/2
2025-04-29 06:01:39,stallRate,91.1979999542236,0.0,TheEmptinessMachine,Westwood,RB,HTTP/2
2025-04-29 06:01:41,stallRate,93.1979999542236,0.0,TheEmptinessMachine,Westwood,RB,HTTP/2
2025-04-29 06:01:43,stallRate,95.1979999542236,0.0,TheEmptinessMachine,Westwood,RB,HTTP/2
2025-04-29 06:01:45,stallRate,97.1979999542236,0.0,TheEmptinessMachine,Westwood,RB,HTTP/2
2025-04-29 06:01:47,stallRate,99.1979999542236,0.0,TheEmptinessMachine,Westwood,RB,HTTP/2
2025-04-29 06:01:49,stallRate,101.197999954224,0.0,TheEmptinessMachine,Westwood,RB,HTTP/2
2025-04-29 06:01:51,stallRate,103.197999954224,0.0,TheEmptinessMachine,Westwood,RB,HTTP/2
2025-04-29 06:01:53,stallRate,105.198999881744,0.0,TheEmptinessMachine,Westwood,RB,HTTP/2
2025-04-29 06:01:55,stallRate,107.197999954224,0.0,TheEmptinessMachine,Westwood,RB,HTTP/2
2025-04-29 06:01:57,stallRate,109.197999954224,0.0,TheEmptinessMachine,Westwood,RB,HTTP/2
2025-04-29 06:01:59,stallRate,111.197999954224,0.0,TheEmptinessMachine,Westwood,RB,HTTP/2
2025-04-29 06:02:01,stallRate,113.197999954224,0.0,TheEmptinessMachine,Westwood,RB,HTTP/2
2025-04-29 06:02:03,stallRate,115.197999954224,0.0,TheEmptinessMachine,Westwood,RB,HTTP/2
2025-04-29 06:02:05,stallRate,117.197999954224,0.0,TheEmptinessMachine,Westwood,RB,HTTP/2
2025-04-29 06:02:07,stallRate,119.197999954224,0.0,TheEmptinessMachine,Westwood,RB,HTTP/2
2025-04-29 06:02:09,stallRate,121.197999954224,0.0,TheEmptinessMachine,Westwood,RB,HTTP/2
2025-04-29 06:02:11,stallRate,123.197999954224,0.0,TheEmptinessMachine,Westwood,RB,HTTP/2
2025-04-29 06:02:13,stallRate,125.197999954224,0.0,TheEmptinessMachine,Westwood,RB,HTTP/2
2025-04-29 06:02:15,stallRate,127.197999954224,0.0,TheEmptinessMachine,Westwood,RB,HTTP/2
2025-04-29 06:02:17,stallRate,129.197999954224,0.0,TheEmptinessMachine,Westwood,RB,HTTP/2
2025-04-29 06:02:19,stallRate,131.197999954224,0.0,TheEmptinessMachine,Westwood,RB,HTTP/2
2025-04-29 06:02:21,stallRate,133.197999954224,0.0,TheEmptinessMachine,Westwood,RB,HTTP/2
2025-04-29 06:02:23,stallRate,135.197999954224,0.0,TheEmptinessMachine,Westwood,RB,HTTP/2
2025-04-29 06:02:25,stallRate,137.197999954224,0.0,TheEmptinessMachine,Westwood,RB,HTTP/2
2025-04-29 06:02:27,stallRate,139.197999954224,0.0,TheEmptinessMachine,Westwood,RB,HTTP/2
2025-04-29 06:02:29,stallRate,141.197999954224,0.0,TheEmptinessMachine,Westwood,RB,HTTP/2
2025-04-29 06:02:31,stallRate,143.197999954224,0.0,TheEmptinessMachine,Westwood,RB,HTTP/2
2025-04-29 06:02:33,stallRate,145.197999954224,0.0,TheEmptinessMachine,Westwood,RB,HTTP/2
2025-04-29 06:02:35,stallRate,147.197999954224,0.0,TheEmptinessMachine,Westwood,RB,HTTP/2
2025-04-29 06:02:37,stallRate,149.198999881744,0.0,TheEmptinessMachine,Westwood,RB,HTTP/2
2025-04-29 06:02:39,stallRate,151.197999954224,0.0,TheEmptinessMachine,Westwood,RB,HTTP/2
2025-04-29 06:02:41,stallRate,153.197999954224,0.0,TheEmptinessMachine,Westwood,RB,HTTP/2
2025-04-29 06:02:43,stallRate,155.197999954224,0.0,TheEmptinessMachine,Westwood,RB,HTTP/2
2025-04-29 06:02:45,stallRate,157.197999954224,0.0,TheEmptinessMachine,Westwood,RB,HTTP/2
2025-04-29 06:02:47,stallRate,159.197999954224,0.0,TheEmptinessMachine,Westwood,RB,HTTP/2
2025-04-29 06:02:49,stallRate,161.197999954224,0.0,TheEmptinessMachine,Westwood,RB,HTTP/2
2025-04-29 06:02:51,stallRate,163.197999954224,0.0,TheEmptinessMachine,Westwood,RB,HTTP/2
2025-04-29 06:02:53,stallRate,165.197999954224,0.0,TheEmptinessMachine,Westwood,RB,HTTP/2
2025-04-29 06:02:55,stallRate,167.197999954224,0.0,TheEmptinessMachine,Westwood,RB,HTTP/2
2025-04-29 06:02:57,stallRate,169.197999954224,0.0,TheEmptinessMachine,Westwood,RB,HTTP/2
2025-04-29 06:02:59,stallRate,171.197999954224,0.0,TheEmptinessMachine,Westwood,RB,HTTP/2
2025-04-29 06:03:01,stallRate,173.197999954224,0.0,TheEmptinessMachine,Westwood,RB,HTTP/2
2025-04-29 06:03:03,stallRate,175.197999954224,0.0,TheEmptinessMachine,Westwood,RB,HTTP/2
2025-04-29 06:03:05,stallRate,177.198999881744,0.0,TheEmptinessMachine,Westwood,RB,HTTP/2
2025-04-29 06:03:07,stallRate,179.197999954224,0.0,TheEmptinessMachine,Westwood,RB,HTTP/2
2025-04-29 06:03:09,stallRate,181.197999954224,0.0,TheEmptinessMachine,Westwood,RB,HTTP/2
2025-04-29 06:03:11,stallRate,183.197999954224,0.0,TheEmptinessMachine,Westwood,RB,HTTP/2
2025-04-29 06:03:13,stallRate,185.207000017166,0.0,TheEmptinessMachine,Westwood,RB,HTTP/2
2025-04-29 06:03:15,stallRate,187.197999954224,0.0,TheEmptinessMachine,Westwood,RB,HTTP/2
2025-04-29 06:03:17,stallRate,189.197999954224,0.0,TheEmptinessMachine,Westwood,RB,HTTP/2
2025-04-29 06:03:19,stallRate,191.197999954224,0.0,TheEmptinessMachine,Westwood,RB,HTTP/2
2025-04-29 06:03:21,stallRate,193.197999954224,0.0,TheEmptinessMachine,Westwood,RB,HTTP/2
2025-04-29 06:03:23,stallRate,195.197999954224,0.0,TheEmptinessMachine,Westwood,RB,HTTP/2
2025-04-29 06:03:25,stallRate,197.198999881744,0.0,TheEmptinessMachine,Westwood,RB,HTTP/2
2025-04-29 06:03:27,stallRate,199.197999954224,0.0,TheEmptinessMachine,Westwood,RB,HTTP/2
2025-04-29 06:03:29,stallRate,201.197999954224,0.0,TheEmptinessMachine,Westwood,RB,HTTP/2
2025-04-29 06:03:31,stallRate,203.197999954224,0.0,TheEmptinessMachine,Westwood,RB,HTTP/2
2025-04-29 06:03:35,stallRate,207.198999881744,0.0,TheEmptinessMachine,Westwood,RB,HTTP/2
2025-04-29 06:03:37,stallRate,209.197999954224,0.0,TheEmptinessMachine,Westwood,RB,HTTP/2
2025-04-29 06:04:03,stallRate,1.22000002861023,0.0,TheEmptinessMachine,Westwood,RB,HTTP/3
2025-04-29 06:04:05,stallRate,3.21799993515015,0.0,TheEmptinessMachine,Westwood,RB,HTTP/3
2025-04-29 06:04:07,stallRate,5.21799993515015,0.0,TheEmptinessMachine,Westwood,RB,HTTP/3
2025-04-29 06:04:09,stallRate,7.21799993515015,0.0,TheEmptinessMachine,Westwood,RB,HTTP/3
2025-04-29 06:04:11,stallRate,9.21700000762939,0.0,TheEmptinessMachine,Westwood,RB,HTTP/3
2025-04-29 06:04:13,stallRate,11.2170000076294,0.0,TheEmptinessMachine,Westwood,RB,HTTP/3
2025-04-29 06:04:17,stallRate,15.2179999351501,15.7285407279304,TheEmptinessMachine,Westwood,RB,HTTP/3
2025-04-29 06:04:19,stallRate,17.2170000076294,13.3472017315107,TheEmptinessMachine,Westwood,RB,HTTP/3
2025-04-29 06:04:21,stallRate,19.2170000076294,11.6868801073796,TheEmptinessMachine,Westwood,RB,HTTP/3
2025-04-29 06:04:23,stallRate,21.2179999351501,10.3459406966556,TheEmptinessMachine,Westwood,RB,HTTP/3
2025-04-29 06:04:25,stallRate,23.2179999351501,9.32993593851695,TheEmptinessMachine,Westwood,RB,HTTP/3
2025-04-29 06:04:27,stallRate,25.2179999351501,8.49257127135484,TheEmptinessMachine,Westwood,RB,HTTP/3
2025-04-29 06:04:29,stallRate,27.2179999351501,7.78712459587192,TheEmptinessMachine,Westwood,RB,HTTP/3
2025-04-29 06:04:31,stallRate,29.2179999351501,7.20135160344305,TheEmptinessMachine,Westwood,RB,HTTP/3
2025-04-29 06:04:33,stallRate,31.2170000076294,6.69571043717301,TheEmptinessMachine,Westwood,RB,HTTP/3
2025-04-29 06:04:35,stallRate,33.2179999351501,6.25271917051238,TheEmptinessMachine,Westwood,RB,HTTP/3
2025-04-29 06:04:37,stallRate,35.2179999351501,5.86638076545716,TheEmptinessMachine,Westwood,RB,HTTP/3
2025-04-29 06:04:39,stallRate,37.2179999351501,5.52603603323224,TheEmptinessMachine,Westwood,RB,HTTP/3
2025-04-29 06:04:41,stallRate,39.2170000076294,5.22517432546069,TheEmptinessMachine,Westwood,RB,HTTP/3
2025-04-29 06:04:43,stallRate,41.2179999351501,4.95492434906207,TheEmptinessMachine,Westwood,RB,HTTP/3
2025-04-29 06:04:45,stallRate,43.2170000076294,4.70997891154488,TheEmptinessMachine,Westwood,RB,HTTP/3
2025-04-29 06:04:47,stallRate,45.2170000076294,4.48757188498328,TheEmptinessMachine,Westwood,RB,HTTP/3
2025-04-29 06:04:49,stallRate,47.2179999351501,4.28580951165638,TheEmptinessMachine,Westwood,RB,HTTP/3
2025-04-29 06:04:51,stallRate,49.2179999351501,4.10080452752905,TheEmptinessMachine,Westwood,RB,HTTP/3
2025-04-29 06:04:53,stallRate,51.2179999351501,3.93203586321867,TheEmptinessMachine,Westwood,RB,HTTP/3
2025-04-29 06:04:55,stallRate,53.2179999351501,3.77685381185258,TheEmptinessMachine,Westwood,RB,HTTP/3
2025-04-29 06:04:57,stallRate,55.2179999351501,3.63277280747445,TheEmptinessMachine,Westwood,RB,HTTP/3
2025-04-29 06:04:59,stallRate,57.2179999351501,3.49984174548836,TheEmptinessMachine,Westwood,RB,HTTP/3
2025-04-29 06:05:01,stallRate,59.2179999351501,3.37567507305939,TheEmptinessMachine,Westwood,RB,HTTP/3
2025-04-29 06:05:03,stallRate,61.2179999351501,3.26029943465348,TheEmptinessMachine,Westwood,RB,HTTP/3
2025-04-29 06:05:05,stallRate,63.2179999351501,3.15212384385485,TheEmptinessMachine,Westwood,RB,HTTP/3
2025-04-29 06:05:07,stallRate,65.2170000076294,3.0514551016465,TheEmptinessMachine,Westwood,RB,HTTP/3
2025-04-29 06:05:09,stallRate,67.2179999351501,2.956606841089,TheEmptinessMachine,Westwood,RB,HTTP/3
2025-04-29 06:05:11,stallRate,69.2170000076294,2.86747086468411,TheEmptinessMachine,Westwood,RB,HTTP/3
2025-04-29 06:05:13,stallRate,71.2179999351501,2.78371740483324,TheEmptinessMachine,Westwood,RB,HTTP/3
2025-04-29 06:05:15,stallRate,73.2179999351501,2.70492536554896,TheEmptinessMachine,Westwood,RB,HTTP/3
2025-04-29 06:05:17,stallRate,75.2170000076294,2.63048226574927,TheEmptinessMachine,Westwood,RB,HTTP/3
2025-04-29 06:05:19,stallRate,77.2170000076294,2.55992118395992,TheEmptinessMachine,Westwood,RB,HTTP/3
2025-04-29 06:05:21,stallRate,79.2179999351501,2.49277888231716,TheEmptinessMachine,Westwood,RB,HTTP/3
2025-04-29 06:05:23,stallRate,81.2170000076294,2.42939756023514,TheEmptinessMachine,Westwood,RB,HTTP/3
2025-04-29 06:05:25,stallRate,83.2179999351501,2.36890649114912,TheEmptinessMachine,Westwood,RB,HTTP/3
2025-04-29 06:05:27,stallRate,85.2179999351501,2.3114944741464,TheEmptinessMachine,Westwood,RB,HTTP/3
2025-04-29 06:05:29,stallRate,87.2170000076294,2.25662281521163,TheEmptinessMachine,Westwood,RB,HTTP/3
2025-04-29 06:05:31,stallRate,89.2170000076294,2.2045686662563,TheEmptinessMachine,Westwood,RB,HTTP/3
2025-04-29 06:05:33,stallRate,91.2179999351501,2.15493396652909,TheEmptinessMachine,Westwood,RB,HTTP/3
2025-04-29 06:05:35,stallRate,93.2170000076294,2.10726614539363,TheEmptinessMachine,Westwood,RB,HTTP/3
2025-04-29 06:05:37,stallRate,95.2179999351501,2.06182151800403,TheEmptinessMachine,Westwood,RB,HTTP/3
2025-04-29 06:05:39,stallRate,97.2170000076294,2.01836538926928,TheEmptinessMachine,Westwood,RB,HTTP/3
2025-04-29 06:05:41,stallRate,99.2179999351501,1.97622144449393,TheEmptinessMachine,Westwood,RB,HTTP/3
2025-04-29 06:05:43,stallRate,101.21799993515,1.93625937696047,TheEmptinessMachine,Westwood,RB,HTTP/3
2025-04-29 06:05:45,stallRate,103.21799993515,1.8977081566671,TheEmptinessMachine,Westwood,RB,HTTP/3
2025-04-29 06:05:47,stallRate,105.217000007629,1.86063346071111,TheEmptinessMachine,Westwood,RB,HTTP/3
2025-04-29 06:05:49,stallRate,107.217000007629,1.82502407940789,TheEmptinessMachine,Westwood,RB,HTTP/3
2025-04-29 06:05:51,stallRate,109.21799993515,1.79061155600604,TheEmptinessMachine,Westwood,RB,HTTP/3
2025-04-29 06:05:53,stallRate,111.21799993515,1.75770846874079,TheEmptinessMachine,Westwood,RB,HTTP/3
2025-04-29 06:05:55,stallRate,113.21799993515,1.72580205383476,TheEmptinessMachine,Westwood,RB,HTTP/3
2025-04-29 06:05:57,stallRate,115.21799993515,1.69512268314862,TheEmptinessMachine,Westwood,RB,HTTP/3
2025-04-29 06:05:59,stallRate,117.21799993515,1.66544093299765,TheEmptinessMachine,Westwood,RB,HTTP/3
2025-04-29 06:06:01,stallRate,119.217000007629,1.63691990352627,TheEmptinessMachine,Westwood,RB,HTTP/3
2025-04-29 06:06:03,stallRate,121.21799993515,1.60939465181531,TheEmptinessMachine,Westwood,RB,HTTP/3
2025-04-29 06:06:05,stallRate,123.21799993515,1.58274379999954,TheEmptinessMachine,Westwood,RB,HTTP/3
2025-04-29 06:06:07,stallRate,125.21799993515,1.55678175316597,TheEmptinessMachine,Westwood,RB,HTTP/3
2025-04-29 06:06:09,stallRate,127.21799993515,1.53174041647371,TheEmptinessMachine,Westwood,RB,HTTP/3
2025-04-29 06:06:11,stallRate,129.21799993515,1.50753238119475,TheEmptinessMachine,Westwood,RB,HTTP/3
2025-04-29 06:06:13,stallRate,131.217000007629,1.48406280363901,TheEmptinessMachine,Westwood,RB,HTTP/3
2025-04-29 06:06:15,stallRate,133.217000007629,1.46137624352908,TheEmptinessMachine,Westwood,RB,HTTP/3
2025-04-29 06:06:17,stallRate,135.217000007629,1.43927970624445,TheEmptinessMachine,Westwood,RB,HTTP/3
2025-04-29 06:06:19,stallRate,137.21799993515,1.41781288511473,TheEmptinessMachine,Westwood,RB,HTTP/3
2025-04-29 06:06:21,stallRate,139.217000007629,1.39703672320913,TheEmptinessMachine,Westwood,RB,HTTP/3
2025-04-29 06:06:23,stallRate,141.21799993515,1.37697706052253,TheEmptinessMachine,Westwood,RB,HTTP/3
2025-04-29 06:06:25,stallRate,143.217000007629,1.3574623656906,TheEmptinessMachine,Westwood,RB,HTTP/3
2025-04-29 06:06:27,stallRate,145.219000101089,1.33837561022331,TheEmptinessMachine,Westwood,RB,HTTP/3
2025-04-29 06:06:29,stallRate,147.21799993515,1.3197426279035,TheEmptinessMachine,Westwood,RB,HTTP/3
2025-04-29 06:06:31,stallRate,149.21799993515,1.30165312130617,TheEmptinessMachine,Westwood,RB,HTTP/3
2025-04-29 06:06:33,stallRate,151.217000007629,1.28410799061348,TheEmptinessMachine,Westwood,RB,HTTP/3
2025-04-29 06:06:35,stallRate,153.21799993515,1.26714082894865,TheEmptinessMachine,Westwood,RB,HTTP/3
2025-04-29 06:06:37,stallRate,155.21799993515,1.25050170069216,TheEmptinessMachine,Westwood,RB,HTTP/3
2025-04-29 06:06:39,stallRate,157.217000007629,1.23432827851847,TheEmptinessMachine,Westwood,RB,HTTP/3
2025-04-29 06:06:41,stallRate,159.21799993515,1.21856562365672,TheEmptinessMachine,Westwood,RB,HTTP/3
2025-04-29 06:06:43,stallRate,161.21799993515,1.20319421501698,TheEmptinessMachine,Westwood,RB,HTTP/3
2025-04-29 06:06:45,stallRate,163.217000007629,1.18814708455933,TheEmptinessMachine,Westwood,RB,HTTP/3
2025-04-29 06:06:47,stallRate,165.219000101089,1.17345521482021,TheEmptinessMachine,Westwood,RB,HTTP/3
2025-04-29 06:06:49,stallRate,167.21799993515,1.15926924116881,TheEmptinessMachine,Westwood,RB,HTTP/3
2025-04-29 06:06:51,stallRate,169.21799993515,1.14543269404755,TheEmptinessMachine,Westwood,RB,HTTP/3
2025-04-29 06:06:53,stallRate,171.217000007629,1.13177944269175,TheEmptinessMachine,Westwood,RB,HTTP/3
2025-04-29 06:06:55,stallRate,173.217000007629,1.11849152596333,TheEmptinessMachine,Westwood,RB,HTTP/3
2025-04-29 06:06:57,stallRate,175.21799993515,1.10554391198099,TheEmptinessMachine,Westwood,RB,HTTP/3
2025-04-29 06:06:59,stallRate,177.217000007629,1.0928191472734,TheEmptinessMachine,Westwood,RB,HTTP/3
2025-04-29 06:07:01,stallRate,179.217000007629,1.08045906104924,TheEmptinessMachine,Westwood,RB,HTTP/3
2025-04-29 06:07:03,stallRate,181.21799993515,1.06833082020693,TheEmptinessMachine,Westwood,RB,HTTP/3
2025-04-29 06:07:05,stallRate,183.21799993515,1.05653631649401,TheEmptinessMachine,Westwood,RB,HTTP/3
2025-04-29 06:07:07,stallRate,185.21799993515,1.04500302513855,TheEmptinessMachine,Westwood,RB,HTTP/3
2025-04-29 06:07:09,stallRate,187.21799993515,1.03366310637391,TheEmptinessMachine,Westwood,RB,HTTP/3
2025-04-29 06:07:11,stallRate,189.21799993515,1.02251313879786,TheEmptinessMachine,Westwood,RB,HTTP/3
2025-04-29 06:07:13,stallRate,191.21799993515,1.01168057639926,TheEmptinessMachine,Westwood,RB,HTTP/3
2025-04-29 06:07:15,stallRate,193.21799993515,1.00103135625477,TheEmptinessMachine,Westwood,RB,HTTP/3
2025-04-29 06:07:17,stallRate,195.21799993515,0.99070043476632,TheEmptinessMachine,Westwood,RB,HTTP/3
2025-04-29 06:07:19,stallRate,197.21799993515,0.980532516669213,TheEmptinessMachine,Westwood,RB,HTTP/3
2025-04-29 06:07:56,stallRate,1.30200004577637,0.0,TheEmptinessMachine,Westwood,Throughput,HTTP/1.1
2025-04-29 06:07:58,stallRate,3.30100011825562,0.0,TheEmptinessMachine,Westwood,Throughput,HTTP/1.1
2025-04-29 06:08:00,stallRate,5.29900002479553,0.0,TheEmptinessMachine,Westwood,Throughput,HTTP/1.1
2025-04-29 06:08:02,stallRate,7.30000019073486,0.0,TheEmptinessMachine,Westwood,Throughput,HTTP/1.1
2025-04-29 06:08:04,stallRate,9.30000019073486,0.0,TheEmptinessMachine,Westwood,Throughput,HTTP/1.1
2025-04-29 06:08:06,stallRate,11.3000001907349,0.0,TheEmptinessMachine,Westwood,Throughput,HTTP/1.1
2025-04-29 06:08:08,stallRate,13.3000001907349,0.0,TheEmptinessMachine,Westwood,Throughput,HTTP/1.1
2025-04-29 06:08:10,stallRate,15.2990000247955,0.0,TheEmptinessMachine,Westwood,Throughput,HTTP/1.1
2025-04-29 06:08:12,stallRate,17.2990000247955,0.0,TheEmptinessMachine,Westwood,Throughput,HTTP/1.1
2025-04-29 06:08:14,stallRate,19.3000001907349,0.0,TheEmptinessMachine,Westwood,Throughput,HTTP/1.1
2025-04-29 06:08:16,stallRate,21.2990000247955,0.0,TheEmptinessMachine,Westwood,Throughput,HTTP/1.1
2025-04-29 06:08:18,stallRate,23.2990000247955,0.0,TheEmptinessMachine,Westwood,Throughput,HTTP/1.1
2025-04-29 06:08:20,stallRate,25.2990000247955,0.0,TheEmptinessMachine,Westwood,Throughput,HTTP/1.1
2025-04-29 06:08:22,stallRate,27.2990000247955,0.0,TheEmptinessMachine,Westwood,Throughput,HTTP/1.1
2025-04-29 06:08:24,stallRate,29.2990000247955,0.0,TheEmptinessMachine,Westwood,Throughput,HTTP/1.1
2025-04-29 06:08:26,stallRate,31.2990000247955,0.0,TheEmptinessMachine,Westwood,Throughput,HTTP/1.1
2025-04-29 06:08:28,stallRate,33.3000001907349,0.0,TheEmptinessMachine,Westwood,Throughput,HTTP/1.1
2025-04-29 06:08:30,stallRate,35.2990000247955,0.0,TheEmptinessMachine,Westwood,Throughput,HTTP/1.1
2025-04-29 06:08:32,stallRate,37.2990000247955,0.0,TheEmptinessMachine,Westwood,Throughput,HTTP/1.1
2025-04-29 06:08:34,stallRate,39.2990000247955,0.0,TheEmptinessMachine,Westwood,Throughput,HTTP/1.1
2025-04-29 06:08:36,stallRate,41.3000001907349,0.0,TheEmptinessMachine,Westwood,Throughput,HTTP/1.1
2025-04-29 06:08:38,stallRate,43.3000001907349,0.0,TheEmptinessMachine,Westwood,Throughput,HTTP/1.1
2025-04-29 06:08:40,stallRate,45.2990000247955,0.0,TheEmptinessMachine,Westwood,Throughput,HTTP/1.1
2025-04-29 06:08:42,stallRate,47.2990000247955,0.0,TheEmptinessMachine,Westwood,Throughput,HTTP/1.1
2025-04-29 06:08:44,stallRate,49.2990000247955,0.0,TheEmptinessMachine,Westwood,Throughput,HTTP/1.1
2025-04-29 06:08:46,stallRate,51.2990000247955,0.0,TheEmptinessMachine,Westwood,Throughput,HTTP/1.1
2025-04-29 06:08:48,stallRate,53.3000001907349,0.0,TheEmptinessMachine,Westwood,Throughput,HTTP/1.1
2025-04-29 06:08:50,stallRate,55.3000001907349,0.0,TheEmptinessMachine,Westwood,Throughput,HTTP/1.1
2025-04-29 06:08:52,stallRate,57.2990000247955,0.0,TheEmptinessMachine,Westwood,Throughput,HTTP/1.1
2025-04-29 06:08:54,stallRate,59.2990000247955,0.0,TheEmptinessMachine,Westwood,Throughput,HTTP/1.1
2025-04-29 06:08:56,stallRate,61.2990000247955,0.0,TheEmptinessMachine,Westwood,Throughput,HTTP/1.1
2025-04-29 06:08:58,stallRate,63.2990000247955,0.0,TheEmptinessMachine,Westwood,Throughput,HTTP/1.1
2025-04-29 06:09:00,stallRate,65.3000001907349,0.0,TheEmptinessMachine,Westwood,Throughput,HTTP/1.1
2025-04-29 06:09:02,stallRate,67.3000001907349,0.0,TheEmptinessMachine,Westwood,Throughput,HTTP/1.1
2025-04-29 06:09:04,stallRate,69.3000001907349,0.0,TheEmptinessMachine,Westwood,Throughput,HTTP/1.1
2025-04-29 06:09:06,stallRate,71.3000001907349,0.0,TheEmptinessMachine,Westwood,Throughput,HTTP/1.1
2025-04-29 06:09:08,stallRate,73.3000001907349,0.0,TheEmptinessMachine,Westwood,Throughput,HTTP/1.1
2025-04-29 06:09:10,stallRate,75.3000001907349,0.0,TheEmptinessMachine,Westwood,Throughput,HTTP/1.1
2025-04-29 06:09:12,stallRate,77.3000001907349,0.0,TheEmptinessMachine,Westwood,Throughput,HTTP/1.1
2025-04-29 06:09:14,stallRate,79.2990000247955,0.0,TheEmptinessMachine,Westwood,Throughput,HTTP/1.1
2025-04-29 06:09:16,stallRate,81.2990000247955,0.0,TheEmptinessMachine,Westwood,Throughput,HTTP/1.1
2025-04-29 06:09:18,stallRate,83.2990000247955,0.0,TheEmptinessMachine,Westwood,Throughput,HTTP/1.1
2025-04-29 06:09:20,stallRate,85.2990000247955,0.0,TheEmptinessMachine,Westwood,Throughput,HTTP/1.1
2025-04-29 06:09:22,stallRate,87.2990000247955,0.0,TheEmptinessMachine,Westwood,Throughput,HTTP/1.1
2025-04-29 06:09:24,stallRate,89.2990000247955,0.0,TheEmptinessMachine,Westwood,Throughput,HTTP/1.1
2025-04-29 06:09:26,stallRate,91.3000001907349,0.0,TheEmptinessMachine,Westwood,Throughput,HTTP/1.1
2025-04-29 06:09:28,stallRate,93.2990000247955,0.0,TheEmptinessMachine,Westwood,Throughput,HTTP/1.1
2025-04-29 06:09:30,stallRate,95.3000001907349,0.0,TheEmptinessMachine,Westwood,Throughput,HTTP/1.1
2025-04-29 06:09:32,stallRate,97.2990000247955,0.0,TheEmptinessMachine,Westwood,Throughput,HTTP/1.1
2025-04-29 06:09:34,stallRate,99.2990000247955,0.0,TheEmptinessMachine,Westwood,Throughput,HTTP/1.1
2025-04-29 06:09:36,stallRate,101.300000190735,0.0,TheEmptinessMachine,Westwood,Throughput,HTTP/1.1
2025-04-29 06:09:38,stallRate,103.299000024796,0.0,TheEmptinessMachine,Westwood,Throughput,HTTP/1.1
2025-04-29 06:09:40,stallRate,105.299000024796,0.0,TheEmptinessMachine,Westwood,Throughput,HTTP/1.1
2025-04-29 06:09:42,stallRate,107.300000190735,0.0,TheEmptinessMachine,Westwood,Throughput,HTTP/1.1
2025-04-29 06:09:44,stallRate,109.300000190735,0.0,TheEmptinessMachine,Westwood,Throughput,HTTP/1.1
2025-04-29 06:09:46,stallRate,111.301000118256,0.0,TheEmptinessMachine,Westwood,Throughput,HTTP/1.1
2025-04-29 06:09:48,stallRate,113.300000190735,0.0,TheEmptinessMachine,Westwood,Throughput,HTTP/1.1
2025-04-29 06:09:50,stallRate,115.299000024796,0.0,TheEmptinessMachine,Westwood,Throughput,HTTP/1.1
2025-04-29 06:09:52,stallRate,117.299000024796,0.0,TheEmptinessMachine,Westwood,Throughput,HTTP/1.1
2025-04-29 06:09:54,stallRate,119.299000024796,0.0,TheEmptinessMachine,Westwood,Throughput,HTTP/1.1
2025-04-29 06:09:56,stallRate,121.300000190735,0.0,TheEmptinessMachine,Westwood,Throughput,HTTP/1.1
2025-04-29 06:09:58,stallRate,123.299000024796,0.0,TheEmptinessMachine,Westwood,Throughput,HTTP/1.1
2025-04-29 06:10:00,stallRate,125.299000024796,0.0,TheEmptinessMachine,Westwood,Throughput,HTTP/1.1
2025-04-29 06:10:02,stallRate,127.299000024796,0.0,TheEmptinessMachine,Westwood,Throughput,HTTP/1.1
2025-04-29 06:10:04,stallRate,129.300000190735,0.0,TheEmptinessMachine,Westwood,Throughput,HTTP/1.1
2025-04-29 06:10:06,stallRate,131.299000024796,0.0,TheEmptinessMachine,Westwood,Throughput,HTTP/1.1
2025-04-29 06:10:08,stallRate,133.299000024796,0.0,TheEmptinessMachine,Westwood,Throughput,HTTP/1.1
2025-04-29 06:10:10,stallRate,135.299000024796,0.0,TheEmptinessMachine,Westwood,Throughput,HTTP/1.1
2025-04-29 06:10:12,stallRate,137.299000024796,0.0,TheEmptinessMachine,Westwood,Throughput,HTTP/1.1
2025-04-29 06:10:14,stallRate,139.299000024796,0.0,TheEmptinessMachine,Westwood,Throughput,HTTP/1.1
2025-04-29 06:10:16,stallRate,141.299000024796,0.0,TheEmptinessMachine,Westwood,Throughput,HTTP/1.1
2025-04-29 06:10:18,stallRate,143.299000024796,0.0,TheEmptinessMachine,Westwood,Throughput,HTTP/1.1
2025-04-29 06:10:20,stallRate,145.299000024796,0.0,TheEmptinessMachine,Westwood,Throughput,HTTP/1.1
2025-04-29 06:10:22,stallRate,147.299000024796,0.0,TheEmptinessMachine,Westwood,Throughput,HTTP/1.1
2025-04-29 06:10:24,stallRate,149.299000024796,0.0,TheEmptinessMachine,Westwood,Throughput,HTTP/1.1
2025-04-29 06:10:26,stallRate,151.299000024796,0.0,TheEmptinessMachine,Westwood,Throughput,HTTP/1.1
2025-04-29 06:10:28,stallRate,153.299000024796,0.0,TheEmptinessMachine,Westwood,Throughput,HTTP/1.1
2025-04-29 06:10:30,stallRate,155.299000024796,0.0,TheEmptinessMachine,Westwood,Throughput,HTTP/1.1
2025-04-29 06:10:32,stallRate,157.299000024796,0.0,TheEmptinessMachine,Westwood,Throughput,HTTP/1.1
2025-04-29 06:10:34,stallRate,159.299000024796,0.0,TheEmptinessMachine,Westwood,Throughput,HTTP/1.1
2025-04-29 06:10:36,stallRate,161.299000024796,0.0,TheEmptinessMachine,Westwood,Throughput,HTTP/1.1
2025-04-29 06:10:38,stallRate,163.300000190735,0.0,TheEmptinessMachine,Westwood,Throughput,HTTP/1.1
2025-04-29 06:10:40,stallRate,165.299000024796,0.0,TheEmptinessMachine,Westwood,Throughput,HTTP/1.1
2025-04-29 06:10:42,stallRate,167.300000190735,0.0,TheEmptinessMachine,Westwood,Throughput,HTTP/1.1
2025-04-29 06:10:44,stallRate,169.299000024796,0.0,TheEmptinessMachine,Westwood,Throughput,HTTP/1.1
2025-04-29 06:10:46,stallRate,171.300000190735,0.0,TheEmptinessMachine,Westwood,Throughput,HTTP/1.1
2025-04-29 06:10:48,stallRate,173.299000024796,0.0,TheEmptinessMachine,Westwood,Throughput,HTTP/1.1
2025-04-29 06:10:50,stallRate,175.299000024796,0.0,TheEmptinessMachine,Westwood,Throughput,HTTP/1.1
2025-04-29 06:10:52,stallRate,177.299000024796,0.0,TheEmptinessMachine,Westwood,Throughput,HTTP/1.1
2025-04-29 06:10:54,stallRate,179.299000024796,0.0,TheEmptinessMachine,Westwood,Throughput,HTTP/1.1
2025-04-29 06:10:56,stallRate,181.299000024796,0.0,TheEmptinessMachine,Westwood,Throughput,HTTP/1.1
2025-04-29 06:10:58,stallRate,183.299000024796,0.0,TheEmptinessMachine,Westwood,Throughput,HTTP/1.1
2025-04-29 06:11:00,stallRate,185.300000190735,0.0,TheEmptinessMachine,Westwood,Throughput,HTTP/1.1
2025-04-29 06:11:02,stallRate,187.299000024796,0.0,TheEmptinessMachine,Westwood,Throughput,HTTP/1.1
2025-04-29 06:11:04,stallRate,189.299000024796,0.0,TheEmptinessMachine,Westwood,Throughput,HTTP/1.1
2025-04-29 06:11:06,stallRate,191.300000190735,0.0,TheEmptinessMachine,Westwood,Throughput,HTTP/1.1
2025-04-29 06:11:08,stallRate,193.300000190735,0.0,TheEmptinessMachine,Westwood,Throughput,HTTP/1.1
2025-04-29 06:11:10,stallRate,195.299000024796,0.0,TheEmptinessMachine,Westwood,Throughput,HTTP/1.1
2025-04-29 06:11:12,stallRate,197.299000024796,0.0,TheEmptinessMachine,Westwood,Throughput,HTTP/1.1
2025-04-29 06:11:14,stallRate,199.300000190735,0.0,TheEmptinessMachine,Westwood,Throughput,HTTP/1.1
2025-04-29 06:11:50,stallRate,1.22000002861023,0.0,TheEmptinessMachine,Westwood,Throughput,HTTP/2
2025-04-29 06:11:52,stallRate,3.21799993515015,0.0,TheEmptinessMachine,Westwood,Throughput,HTTP/2
2025-04-29 06:11:54,stallRate,5.21799993515015,0.0,TheEmptinessMachine,Westwood,Throughput,HTTP/2
2025-04-29 06:11:56,stallRate,7.21799993515015,0.0,TheEmptinessMachine,Westwood,Throughput,HTTP/2
2025-04-29 06:11:58,stallRate,9.21799993515015,0.0,TheEmptinessMachine,Westwood,Throughput,HTTP/2
2025-04-29 06:12:00,stallRate,11.2179999351501,0.0,TheEmptinessMachine,Westwood,Throughput,HTTP/2
2025-04-29 06:12:04,stallRate,15.2200000286102,0.0,TheEmptinessMachine,Westwood,Throughput,HTTP/2
2025-04-29 06:12:06,stallRate,17.2179999351501,0.0,TheEmptinessMachine,Westwood,Throughput,HTTP/2
2025-04-29 06:12:08,stallRate,19.2179999351501,0.0,TheEmptinessMachine,Westwood,Throughput,HTTP/2
2025-04-29 06:12:10,stallRate,21.2179999351501,0.0,TheEmptinessMachine,Westwood,Throughput,HTTP/2
2025-04-29 06:12:12,stallRate,23.2179999351501,0.0,TheEmptinessMachine,Westwood,Throughput,HTTP/2
2025-04-29 06:12:14,stallRate,25.2179999351501,0.0,TheEmptinessMachine,Westwood,Throughput,HTTP/2
2025-04-29 06:12:16,stallRate,27.2179999351501,0.0,TheEmptinessMachine,Westwood,Throughput,HTTP/2
2025-04-29 06:12:18,stallRate,29.2179999351501,0.0,TheEmptinessMachine,Westwood,Throughput,HTTP/2
2025-04-29 06:12:22,stallRate,33.2179999351501,0.0,TheEmptinessMachine,Westwood,Throughput,HTTP/2
2025-04-29 06:12:24,stallRate,35.2179999351501,0.0,TheEmptinessMachine,Westwood,Throughput,HTTP/2
2025-04-29 06:12:26,stallRate,37.2179999351501,0.0,TheEmptinessMachine,Westwood,Throughput,HTTP/2
2025-04-29 06:12:28,stallRate,39.2179999351501,0.0,TheEmptinessMachine,Westwood,Throughput,HTTP/2
2025-04-29 06:12:30,stallRate,41.2179999351501,0.0,TheEmptinessMachine,Westwood,Throughput,HTTP/2
2025-04-29 06:12:32,stallRate,43.2179999351501,0.0,TheEmptinessMachine,Westwood,Throughput,HTTP/2
2025-04-29 06:12:34,stallRate,45.2179999351501,0.0,TheEmptinessMachine,Westwood,Throughput,HTTP/2
2025-04-29 06:12:36,stallRate,47.2179999351501,0.0,TheEmptinessMachine,Westwood,Throughput,HTTP/2
2025-04-29 06:12:38,stallRate,49.2179999351501,0.0,TheEmptinessMachine,Westwood,Throughput,HTTP/2
2025-04-29 06:12:40,stallRate,51.2179999351501,0.0,TheEmptinessMachine,Westwood,Throughput,HTTP/2
2025-04-29 06:12:42,stallRate,53.2179999351501,0.0,TheEmptinessMachine,Westwood,Throughput,HTTP/2
2025-04-29 06:12:44,stallRate,55.2179999351501,0.0,TheEmptinessMachine,Westwood,Throughput,HTTP/2
2025-04-29 06:12:46,stallRate,57.2179999351501,0.0,TheEmptinessMachine,Westwood,Throughput,HTTP/2
2025-04-29 06:12:48,stallRate,59.2179999351501,0.0,TheEmptinessMachine,Westwood,Throughput,HTTP/2
2025-04-29 06:12:50,stallRate,61.2179999351501,0.0,TheEmptinessMachine,Westwood,Throughput,HTTP/2
2025-04-29 06:12:52,stallRate,63.2179999351501,0.0,TheEmptinessMachine,Westwood,Throughput,HTTP/2
2025-04-29 06:12:54,stallRate,65.2179999351501,0.0,TheEmptinessMachine,Westwood,Throughput,HTTP/2
2025-04-29 06:12:56,stallRate,67.2190001010895,0.0,TheEmptinessMachine,Westwood,Throughput,HTTP/2
2025-04-29 06:12:58,stallRate,69.2179999351501,0.0,TheEmptinessMachine,Westwood,Throughput,HTTP/2
2025-04-29 06:13:00,stallRate,71.2179999351501,0.210839969433801,TheEmptinessMachine,Westwood,Throughput,HTTP/2
2025-04-29 06:13:02,stallRate,73.2179999351501,0.292990524797605,TheEmptinessMachine,Westwood,Throughput,HTTP/2
2025-04-29 06:13:04,stallRate,75.2179999351501,0.284022259376217,TheEmptinessMachine,Westwood,Throughput,HTTP/2
2025-04-29 06:13:06,stallRate,77.2179999351501,0.275650349630126,TheEmptinessMachine,Westwood,Throughput,HTTP/2
2025-04-29 06:13:08,stallRate,79.2179999351501,0.267773617187056,TheEmptinessMachine,Westwood,Throughput,HTTP/2
2025-04-29 06:13:10,stallRate,81.2179999351501,0.26031003314979,TheEmptinessMachine,Westwood,Throughput,HTTP/2
2025-04-29 06:13:12,stallRate,83.2179999351501,0.253230797271927,TheEmptinessMachine,Westwood,Throughput,HTTP/2
2025-04-29 06:13:14,stallRate,85.2179999351501,0.246545485951292,TheEmptinessMachine,Westwood,Throughput,HTTP/2
2025-04-29 06:13:16,stallRate,87.2179999351501,0.240206885508362,TheEmptinessMachine,Westwood,Throughput,HTTP/2
2025-04-29 06:13:18,stallRate,89.2179999351501,0.234187154875779,TheEmptinessMachine,Westwood,Throughput,HTTP/2
2025-04-29 06:13:20,stallRate,91.2179999351501,0.228440608760571,TheEmptinessMachine,Westwood,Throughput,HTTP/2
2025-04-29 06:13:22,stallRate,93.2179999351501,0.222998315251169,TheEmptinessMachine,Westwood,Throughput,HTTP/2
2025-04-29 06:13:24,stallRate,95.2179999351501,0.21779059555361,TheEmptinessMachine,Westwood,Throughput,HTTP/2
2025-04-29 06:13:26,stallRate,97.2179999351501,0.212828984845485,TheEmptinessMachine,Westwood,Throughput,HTTP/2
2025-04-29 06:13:28,stallRate,99.2179999351501,0.208113846383374,TheEmptinessMachine,Westwood,Throughput,HTTP/2
2025-04-29 06:13:30,stallRate,101.21799993515,0.203575258878562,TheEmptinessMachine,Westwood,Throughput,HTTP/2
2025-04-29 06:13:32,stallRate,103.21799993515,0.199237156337645,TheEmptinessMachine,Westwood,Throughput,HTTP/2
2025-04-29 06:13:34,stallRate,105.21799993515,0.195063027860088,TheEmptinessMachine,Westwood,Throughput,HTTP/2
2025-04-29 06:13:36,stallRate,107.21799993515,0.191081251879749,TheEmptinessMachine,Westwood,Throughput,HTTP/2
2025-04-29 06:13:38,stallRate,109.21799993515,0.187244595438738,TheEmptinessMachine,Westwood,Throughput,HTTP/2
2025-04-29 06:13:40,stallRate,111.21799993515,0.183559369466572,TheEmptinessMachine,Westwood,Throughput,HTTP/2
2025-04-29 06:13:42,stallRate,113.21799993515,0.180021709190755,TheEmptinessMachine,Westwood,Throughput,HTTP/2
2025-04-29 06:13:44,stallRate,115.21799993515,0.77702483732651,TheEmptinessMachine,Westwood,Throughput,HTTP/2
2025-04-29 06:13:46,stallRate,117.21799993515,0.762617043341043,TheEmptinessMachine,Westwood,Throughput,HTTP/2
2025-04-29 06:13:48,stallRate,119.21799993515,0.748729776471078,TheEmptinessMachine,Westwood,Throughput,HTTP/2
2025-04-29 06:13:50,stallRate,121.21799993515,0.73536014983566,TheEmptinessMachine,Westwood,Throughput,HTTP/2
2025-04-29 06:13:52,stallRate,123.21799993515,0.722300505134756,TheEmptinessMachine,Westwood,Throughput,HTTP/2
2025-04-29 06:13:54,stallRate,125.21799993515,0.709816214087763,TheEmptinessMachine,Westwood,Throughput,HTTP/2
2025-04-29 06:13:56,stallRate,127.219000101089,0.69777908329412,TheEmptinessMachine,Westwood,Throughput,HTTP/2
2025-04-29 06:13:58,stallRate,129.219000101089,0.686125410398999,TheEmptinessMachine,Westwood,Throughput,HTTP/2
2025-04-29 06:14:00,stallRate,131.21799993515,0.674826826814143,TheEmptinessMachine,Westwood,Throughput,HTTP/2
2025-04-29 06:14:02,stallRate,133.21799993515,0.663975714808588,TheEmptinessMachine,Westwood,Throughput,HTTP/2
2025-04-29 06:14:04,stallRate,135.21799993515,0.653442702794617,TheEmptinessMachine,Westwood,Throughput,HTTP/2
2025-04-29 06:14:06,stallRate,137.21799993515,0.643241861334124,TheEmptinessMachine,Westwood,Throughput,HTTP/2
2025-04-29 06:14:08,stallRate,139.21799993515,0.63331580527591,TheEmptinessMachine,Westwood,Throughput,HTTP/2
2025-04-29 06:14:10,stallRate,141.21799993515,0.623678255361159,TheEmptinessMachine,Westwood,Throughput,HTTP/2
2025-04-29 06:14:12,stallRate,143.21799993515,0.614349340653859,TheEmptinessMachine,Westwood,Throughput,HTTP/2
2025-04-29 06:14:14,stallRate,145.21799993515,0.621741134743901,TheEmptinessMachine,Westwood,Throughput,HTTP/2
2025-04-29 06:14:16,stallRate,147.21799993515,0.612697957202697,TheEmptinessMachine,Westwood,Throughput,HTTP/2
2025-04-29 06:14:18,stallRate,149.21799993515,0.668007078399068,TheEmptinessMachine,Westwood,Throughput,HTTP/2
2025-04-29 06:14:20,stallRate,151.21799993515,0.70146501161645,TheEmptinessMachine,Westwood,Throughput,HTTP/2
2025-04-29 06:14:22,stallRate,153.21799993515,0.691759625097854,TheEmptinessMachine,Westwood,Throughput,HTTP/2
2025-04-29 06:14:24,stallRate,155.21799993515,0.722802532632308,TheEmptinessMachine,Westwood,Throughput,HTTP/2
2025-04-29 06:14:26,stallRate,157.21799993515,0.774611077698829,TheEmptinessMachine,Westwood,Throughput,HTTP/2
2025-04-29 06:14:28,stallRate,159.21799993515,0.764267197961435,TheEmptinessMachine,Westwood,Throughput,HTTP/2
2025-04-29 06:14:30,stallRate,161.21799993515,0.919319882248281,TheEmptinessMachine,Westwood,Throughput,HTTP/2
2025-04-29 06:14:32,stallRate,163.21799993515,0.907386555803382,TheEmptinessMachine,Westwood,Throughput,HTTP/2
2025-04-29 06:14:34,stallRate,165.21799993515,0.895713108843042,TheEmptinessMachine,Westwood,Throughput,HTTP/2
2025-04-29 06:14:36,stallRate,167.21799993515,0.942191475631966,TheEmptinessMachine,Westwood,Throughput,HTTP/2
2025-04-29 06:14:38,stallRate,169.21799993515,1.03377507020983,TheEmptinessMachine,Westwood,Throughput,HTTP/2
2025-04-29 06:14:40,stallRate,171.21799993515,1.02101623063295,TheEmptinessMachine,Westwood,Throughput,HTTP/2
2025-04-29 06:14:42,stallRate,173.21799993515,1.00858907395857,TheEmptinessMachine,Westwood,Throughput,HTTP/2
2025-04-29 06:14:44,stallRate,175.219000101089,0.999540156023235,TheEmptinessMachine,Westwood,Throughput,HTTP/2
2025-04-29 06:14:46,stallRate,177.21799993515,0.987555942750521,TheEmptinessMachine,Westwood,Throughput,HTTP/2
2025-04-29 06:14:48,stallRate,179.21799993515,0.975935364802772,TheEmptinessMachine,Westwood,Throughput,HTTP/2
2025-04-29 06:14:50,stallRate,181.21799993515,0.964545478550448,TheEmptinessMachine,Westwood,Throughput,HTTP/2
2025-04-29 06:14:52,stallRate,183.21799993515,0.953512183395465,TheEmptinessMachine,Westwood,Throughput,HTTP/2
2025-04-29 06:14:54,stallRate,185.21799993515,0.997929201601069,TheEmptinessMachine,Westwood,Throughput,HTTP/2
2025-04-29 06:14:56,stallRate,187.21799993515,1.04541515327599,TheEmptinessMachine,Westwood,Throughput,HTTP/2
2025-04-29 06:14:58,stallRate,189.21799993515,1.03366520520621,TheEmptinessMachine,Westwood,Throughput,HTTP/2
2025-04-29 06:15:00,stallRate,191.21799993515,1.0222899985843,TheEmptinessMachine,Westwood,Throughput,HTTP/2
2025-04-29 06:15:02,stallRate,193.219000101089,1.01118946828668,TheEmptinessMachine,Westwood,Throughput,HTTP/2
2025-04-29 06:15:04,stallRate,195.21799993515,1.00029832382009,TheEmptinessMachine,Westwood,Throughput,HTTP/2
2025-04-29 06:15:06,stallRate,197.21799993515,0.989670849758222,TheEmptinessMachine,Westwood,Throughput,HTTP/2
2025-04-29 06:15:10,stallRate,201.21799993515,0.968982920337118,TheEmptinessMachine,Westwood,Throughput,HTTP/2
2025-04-29 06:15:44,stallRate,1.27499985694885,0.0,TheEmptinessMachine,Westwood,Throughput,HTTP/3
2025-04-29 06:15:46,stallRate,3.27300000190735,0.0,TheEmptinessMachine,Westwood,Throughput,HTTP/3
2025-04-29 06:15:48,stallRate,5.2739999294281,0.0,TheEmptinessMachine,Westwood,Throughput,HTTP/3
2025-04-29 06:15:50,stallRate,7.2739999294281,0.0,TheEmptinessMachine,Westwood,Throughput,HTTP/3
2025-04-29 06:15:52,stallRate,9.27300000190735,0.0,TheEmptinessMachine,Westwood,Throughput,HTTP/3
2025-04-29 06:15:53,stallRate,11.2739999294281,0.0,TheEmptinessMachine,Westwood,Throughput,HTTP/3
2025-04-29 06:15:55,stallRate,13.2739999294281,0.0,TheEmptinessMachine,Westwood,Throughput,HTTP/3
2025-04-29 06:15:58,stallRate,15.2739999294281,0.0,TheEmptinessMachine,Westwood,Throughput,HTTP/3
2025-04-29 06:16:00,stallRate,17.2739999294281,0.0,TheEmptinessMachine,Westwood,Throughput,HTTP/3
2025-04-29 06:16:02,stallRate,19.2730000019073,0.0,TheEmptinessMachine,Westwood,Throughput,HTTP/3
2025-04-29 06:16:04,stallRate,21.2739999294281,0.0,TheEmptinessMachine,Westwood,Throughput,HTTP/3
2025-04-29 06:16:06,stallRate,23.2730000019073,0.0,TheEmptinessMachine,Westwood,Throughput,HTTP/3
2025-04-29 06:16:08,stallRate,25.2730000019073,0.0,TheEmptinessMachine,Westwood,Throughput,HTTP/3
2025-04-29 06:16:09,stallRate,27.2739999294281,0.0,TheEmptinessMachine,Westwood,Throughput,HTTP/3
2025-04-29 06:16:12,stallRate,29.2739999294281,0.0,TheEmptinessMachine,Westwood,Throughput,HTTP/3
2025-04-29 06:16:14,stallRate,31.2730000019073,0.0,TheEmptinessMachine,Westwood,Throughput,HTTP/3
2025-04-29 06:16:16,stallRate,33.2739999294281,0.0,TheEmptinessMachine,Westwood,Throughput,HTTP/3
2025-04-29 06:16:18,stallRate,35.2739999294281,0.0,TheEmptinessMachine,Westwood,Throughput,HTTP/3
2025-04-29 06:16:20,stallRate,37.2739999294281,0.0,TheEmptinessMachine,Westwood,Throughput,HTTP/3
2025-04-29 06:16:22,stallRate,39.2739999294281,0.0,TheEmptinessMachine,Westwood,Throughput,HTTP/3
2025-04-29 06:16:24,stallRate,41.2730000019073,0.0,TheEmptinessMachine,Westwood,Throughput,HTTP/3
2025-04-29 06:16:26,stallRate,43.2749998569489,0.0,TheEmptinessMachine,Westwood,Throughput,HTTP/3
2025-04-29 06:16:28,stallRate,45.2739999294281,0.0,TheEmptinessMachine,Westwood,Throughput,HTTP/3
2025-04-29 06:16:30,stallRate,47.2730000019073,0.0,TheEmptinessMachine,Westwood,Throughput,HTTP/3
2025-04-29 06:16:32,stallRate,49.2730000019073,0.0,TheEmptinessMachine,Westwood,Throughput,HTTP/3
2025-04-29 06:16:34,stallRate,51.2730000019073,0.0408191507045978,TheEmptinessMachine,Westwood,Throughput,HTTP/3
2025-04-29 06:16:36,stallRate,53.2739999294281,0.351073860290397,TheEmptinessMachine,Westwood,Throughput,HTTP/3
2025-04-29 06:16:38,stallRate,55.2739999294281,0.335135826773757,TheEmptinessMachine,Westwood,Throughput,HTTP/3
2025-04-29 06:16:40,stallRate,57.2730000019073,0.320521174399862,TheEmptinessMachine,Westwood,Throughput,HTTP/3
2025-04-29 06:16:42,stallRate,59.2739999294281,0.307173733709923,TheEmptinessMachine,Westwood,Throughput,HTTP/3
2025-04-29 06:16:44,stallRate,61.2730000019073,0.294843515411864,TheEmptinessMachine,Westwood,Throughput,HTTP/3
2025-04-29 06:16:46,stallRate,63.2739999294281,0.28344315889452,TheEmptinessMachine,Westwood,Throughput,HTTP/3
2025-04-29 06:16:48,stallRate,65.2739999294281,0.272923982959755,TheEmptinessMachine,Westwood,Throughput,HTTP/3
2025-04-29 06:16:50,stallRate,67.2739999294281,0.263181504664303,TheEmptinessMachine,Westwood,Throughput,HTTP/3
2025-04-29 06:16:52,stallRate,69.2739999294281,0.25412725450085,TheEmptinessMachine,Westwood,Throughput,HTTP/3
2025-04-29 06:16:54,stallRate,71.2730000019073,0.245653555026856,TheEmptinessMachine,Westwood,Throughput,HTTP/3
2025-04-29 06:16:56,stallRate,73.2730000019073,0.237735120763015,TheEmptinessMachine,Westwood,Throughput,HTTP/3
2025-04-29 06:16:58,stallRate,75.2749998569489,0.230232466442595,TheEmptinessMachine,Westwood,Throughput,HTTP/3
2025-04-29 06:17:00,stallRate,77.2739999294281,0.223243439632275,TheEmptinessMachine,Westwood,Throughput,HTTP/3
2025-04-29 06:17:02,stallRate,79.2739999294281,0.216678909075746,TheEmptinessMachine,Westwood,Throughput,HTTP/3
2025-04-29 06:17:04,stallRate,81.2739999294281,0.210494392413829,TheEmptinessMachine,Westwood,Throughput,HTTP/3
2025-04-29 06:17:06,stallRate,83.2739999294281,0.20464339762026,TheEmptinessMachine,Westwood,Throughput,HTTP/3
2025-04-29 06:17:08,stallRate,85.2739999294281,0.199088437344063,TheEmptinessMachine,Westwood,Throughput,HTTP/3
2025-04-29 06:17:10,stallRate,87.2730000019073,0.193859102047169,TheEmptinessMachine,Westwood,Throughput,HTTP/3
2025-04-29 06:17:12,stallRate,89.2739999294281,0.188870587632624,TheEmptinessMachine,Westwood,Throughput,HTTP/3
2025-04-29 06:17:14,stallRate,91.2739999294281,0.18414574905996,TheEmptinessMachine,Westwood,Throughput,HTTP/3
2025-04-29 06:17:16,stallRate,93.2739999294281,0.179676594825227,TheEmptinessMachine,Westwood,Throughput,HTTP/3
2025-04-29 06:17:18,stallRate,95.2730000019073,0.175390242098492,TheEmptinessMachine,Westwood,Throughput,HTTP/3
2025-04-29 06:17:20,stallRate,97.2739999294281,0.171309092648031,TheEmptinessMachine,Westwood,Throughput,HTTP/3
2025-04-29 06:17:22,stallRate,99.2739999294281,0.167413390668235,TheEmptinessMachine,Westwood,Throughput,HTTP/3
2025-04-29 06:17:24,stallRate,101.273000001907,0.163671957234208,TheEmptinessMachine,Westwood,Throughput,HTTP/3
2025-04-29 06:17:26,stallRate,103.273000001907,0.160105331906859,TheEmptinessMachine,Westwood,Throughput,HTTP/3
2025-04-29 06:17:28,stallRate,105.273999929428,0.156694131927305,TheEmptinessMachine,Westwood,Throughput,HTTP/3
2025-04-29 06:17:30,stallRate,107.273999929428,0.153446212204354,TheEmptinessMachine,Westwood,Throughput,HTTP/3
2025-04-29 06:17:32,stallRate,109.273000001907,0.150315113886645,TheEmptinessMachine,Westwood,Throughput,HTTP/3
2025-04-29 06:17:34,stallRate,111.273999929428,0.147292290404442,TheEmptinessMachine,Westwood,Throughput,HTTP/3
2025-04-29 06:17:36,stallRate,113.273999929428,0.144406971337895,TheEmptinessMachine,Westwood,Throughput,HTTP/3
2025-04-29 06:17:37,stallRate,115.273999929428,0.141637782310581,TheEmptinessMachine,Westwood,Throughput,HTTP/3
2025-04-29 06:17:40,stallRate,117.273999929428,0.138960317409079,TheEmptinessMachine,Westwood,Throughput,HTTP/3
2025-04-29 06:17:42,stallRate,119.273000001907,0.13639319229436,TheEmptinessMachine,Westwood,Throughput,HTTP/3
2025-04-29 06:17:44,stallRate,121.273999929428,0.133904570961814,TheEmptinessMachine,Westwood,Throughput,HTTP/3
2025-04-29 06:17:46,stallRate,123.273999929428,0.131505974437133,TheEmptinessMachine,Westwood,Throughput,HTTP/3
2025-04-29 06:17:48,stallRate,125.273999929428,0.129341689463538,TheEmptinessMachine,Westwood,Throughput,HTTP/3
2025-04-29 06:17:50,stallRate,127.273999929428,0.127861815845144,TheEmptinessMachine,Westwood,Throughput,HTTP/3
2025-04-29 06:17:52,stallRate,129.273999929428,0.125725598774032,TheEmptinessMachine,Westwood,Throughput,HTTP/3
2025-04-29 06:17:54,stallRate,131.273999929428,0.123618489893929,TheEmptinessMachine,Westwood,Throughput,HTTP/3
2025-04-29 06:17:56,stallRate,133.273000001907,0.121572435724001,TheEmptinessMachine,Westwood,Throughput,HTTP/3
2025-04-29 06:17:58,stallRate,135.273000001907,0.119593682090924,TheEmptinessMachine,Westwood,Throughput,HTTP/3
2025-04-29 06:18:00,stallRate,137.273999929428,0.11768033135801,TheEmptinessMachine,Westwood,Throughput,HTTP/3
2025-04-29 06:18:02,stallRate,139.273999929428,0.115831447178051,TheEmptinessMachine,Westwood,Throughput,HTTP/3
2025-04-29 06:18:04,stallRate,141.273000001907,0.114033135318595,TheEmptinessMachine,Westwood,Throughput,HTTP/3
2025-04-29 06:18:06,stallRate,143.273999929428,0.11229692699086,TheEmptinessMachine,Westwood,Throughput,HTTP/3
2025-04-29 06:18:08,stallRate,145.273999929428,0.110605819180364,TheEmptinessMachine,Westwood,Throughput,HTTP/3
2025-04-29 06:18:10,stallRate,147.273000001907,0.108972275218295,TheEmptinessMachine,Westwood,Throughput,HTTP/3
2025-04-29 06:18:12,stallRate,149.273999929428,0.107388107757128,TheEmptinessMachine,Westwood,Throughput,HTTP/3
2025-04-29 06:18:14,stallRate,151.276000022888,0.105840325991876,TheEmptinessMachine,Westwood,Throughput,HTTP/3
2025-04-29 06:18:16,stallRate,153.274999856949,0.104336006682031,TheEmptinessMachine,Westwood,Throughput,HTTP/3
2025-04-29 06:18:18,stallRate,155.273999929428,0.102877963504648,TheEmptinessMachine,Westwood,Throughput,HTTP/3
2025-04-29 06:18:20,stallRate,157.273999929428,0.101463808439298,TheEmptinessMachine,Westwood,Throughput,HTTP/3
2025-04-29 06:18:22,stallRate,159.273999929428,0.100081382754508,TheEmptinessMachine,Westwood,Throughput,HTTP/3
2025-04-29 06:18:24,stallRate,161.273999929428,0.0987346437704067,TheEmptinessMachine,Westwood,Throughput,HTTP/3
2025-04-29 06:18:26,stallRate,163.273000001907,0.0981157411816771,TheEmptinessMachine,Westwood,Throughput,HTTP/3
2025-04-29 06:18:28,stallRate,165.273000001907,0.0968210052915155,TheEmptinessMachine,Westwood,Throughput,HTTP/3
2025-04-29 06:18:30,stallRate,167.273000001907,0.0955631813221362,TheEmptinessMachine,Westwood,Throughput,HTTP/3
2025-04-29 06:18:32,stallRate,169.276000022888,0.0943324747953057,TheEmptinessMachine,Westwood,Throughput,HTTP/3
2025-04-29 06:18:34,stallRate,171.273000001907,0.0931363614029874,TheEmptinessMachine,Westwood,Throughput,HTTP/3
2025-04-29 06:18:36,stallRate,173.273999929428,0.0919781316250344,TheEmptinessMachine,Westwood,Throughput,HTTP/3
2025-04-29 06:18:38,stallRate,175.273000001907,0.0908501415565597,TheEmptinessMachine,Westwood,Throughput,HTTP/3
2025-04-29 06:18:40,stallRate,177.273999929428,0.0897374786763642,TheEmptinessMachine,Westwood,Throughput,HTTP/3
2025-04-29 06:18:42,stallRate,179.273999929428,0.0886559213648878,TheEmptinessMachine,Westwood,Throughput,HTTP/3
2025-04-29 06:18:44,stallRate,181.273000001907,0.0876025183802411,TheEmptinessMachine,Westwood,Throughput,HTTP/3
2025-04-29 06:18:46,stallRate,183.273999929428,0.0865733833762227,TheEmptinessMachine,Westwood,Throughput,HTTP/3
2025-04-29 06:18:48,stallRate,185.274999856949,0.0855667047402306,TheEmptinessMachine,Westwood,Throughput,HTTP/3
2025-04-29 06:18:50,stallRate,187.273999929428,0.0845863918522448,TheEmptinessMachine,Westwood,Throughput,HTTP/3
2025-04-29 06:18:52,stallRate,189.273999929428,0.0836236628180674,TheEmptinessMachine,Westwood,Throughput,HTTP/3
2025-04-29 06:18:54,stallRate,191.273999929428,0.082681295085378,TheEmptinessMachine,Westwood,Throughput,HTTP/3
2025-04-29 06:18:56,stallRate,193.273999929428,0.0817622175199293,TheEmptinessMachine,Westwood,Throughput,HTTP/3
2025-04-29 06:18:58,stallRate,195.273999929428,0.08086105954021,TheEmptinessMachine,Westwood,Throughput,HTTP/3
2025-04-29 06:19:00,stallRate,197.273999929428,0.0799840188458793,TheEmptinessMachine,Westwood,Throughput,HTTP/3
2025-04-29 06:19:02,stallRate,199.273999929428,0.0791220250299228,TheEmptinessMachine,Westwood,Throughput,HTTP/3
2025-04-29 06:19:04,stallRate,201.273000001907,0.0782832621026237,TheEmptinessMachine,Westwood,Throughput,HTTP/3
2025-04-29 06:19:05,stallRate,203.273999929428,0.0774621472435155,TheEmptinessMachine,Westwood,Throughput,HTTP/3
2025-04-29 06:19:08,stallRate,205.273999929428,0.0766494181528642,TheEmptinessMachine,Westwood,Throughput,HTTP/3
2025-04-29 06:19:10,stallRate,207.276999950409,0.0758640815821648,TheEmptinessMachine,Westwood,Throughput,HTTP/3
2025-04-29 06:19:44,stallRate,1.2279999256134,0.0,TheEmptinessMachine,HTCP,Dynamic,HTTP/1.1
2025-04-29 06:19:46,stallRate,3.22599983215332,0.0,TheEmptinessMachine,HTCP,Dynamic,HTTP/1.1
2025-04-29 06:19:48,stallRate,5.22599983215332,0.0,TheEmptinessMachine,HTCP,Dynamic,HTTP/1.1
2025-04-29 06:19:50,stallRate,7.22499990463257,0.0,TheEmptinessMachine,HTCP,Dynamic,HTTP/1.1
2025-04-29 06:19:52,stallRate,9.22699999809265,0.0,TheEmptinessMachine,HTCP,Dynamic,HTTP/1.1
2025-04-29 06:19:54,stallRate,11.2259998321533,0.0,TheEmptinessMachine,HTCP,Dynamic,HTTP/1.1
2025-04-29 06:19:56,stallRate,13.2259998321533,0.0,TheEmptinessMachine,HTCP,Dynamic,HTTP/1.1
2025-04-29 06:19:58,stallRate,15.2259998321533,0.0,TheEmptinessMachine,HTCP,Dynamic,HTTP/1.1
2025-04-29 06:20:00,stallRate,17.2259998321533,0.0,TheEmptinessMachine,HTCP,Dynamic,HTTP/1.1
2025-04-29 06:20:02,stallRate,19.2259998321533,0.0,TheEmptinessMachine,HTCP,Dynamic,HTTP/1.1
2025-04-29 06:20:04,stallRate,21.2249999046326,0.0,TheEmptinessMachine,HTCP,Dynamic,HTTP/1.1
2025-04-29 06:20:06,stallRate,23.2259998321533,0.0,TheEmptinessMachine,HTCP,Dynamic,HTTP/1.1
2025-04-29 06:20:08,stallRate,25.2259998321533,0.0,TheEmptinessMachine,HTCP,Dynamic,HTTP/1.1
2025-04-29 06:20:10,stallRate,27.2259998321533,0.0,TheEmptinessMachine,HTCP,Dynamic,HTTP/1.1
2025-04-29 06:20:12,stallRate,29.2259998321533,0.0,TheEmptinessMachine,HTCP,Dynamic,HTTP/1.1
2025-04-29 06:20:14,stallRate,31.2259998321533,0.0,TheEmptinessMachine,HTCP,Dynamic,HTTP/1.1
2025-04-29 06:20:16,stallRate,33.2259998321533,0.0,TheEmptinessMachine,HTCP,Dynamic,HTTP/1.1
2025-04-29 06:20:18,stallRate,35.2259998321533,0.0,TheEmptinessMachine,HTCP,Dynamic,HTTP/1.1
2025-04-29 06:20:20,stallRate,37.2259998321533,0.0,TheEmptinessMachine,HTCP,Dynamic,HTTP/1.1
2025-04-29 06:20:22,stallRate,39.2259998321533,0.0,TheEmptinessMachine,HTCP,Dynamic,HTTP/1.1
2025-04-29 06:20:24,stallRate,41.2259998321533,0.0,TheEmptinessMachine,HTCP,Dynamic,HTTP/1.1
2025-04-29 06:20:26,stallRate,43.2259998321533,0.0,TheEmptinessMachine,HTCP,Dynamic,HTTP/1.1
2025-04-29 06:20:28,stallRate,45.2259998321533,0.0564393702910232,TheEmptinessMachine,HTCP,Dynamic,HTTP/1.1
2025-04-29 06:20:30,stallRate,47.2259998321533,0.0535435588389247,TheEmptinessMachine,HTCP,Dynamic,HTTP/1.1
2025-04-29 06:20:32,stallRate,49.2259998321533,0.0509203946617448,TheEmptinessMachine,HTCP,Dynamic,HTTP/1.1
2025-04-29 06:20:34,stallRate,51.2259998321533,0.437687963052192,TheEmptinessMachine,HTCP,Dynamic,HTTP/1.1
2025-04-29 06:20:36,stallRate,53.2259998321533,0.418206100935265,TheEmptinessMachine,HTCP,Dynamic,HTTP/1.1
2025-04-29 06:20:38,stallRate,55.2259998321533,0.400532112439677,TheEmptinessMachine,HTCP,Dynamic,HTTP/1.1
2025-04-29 06:20:40,stallRate,57.2259998321533,0.556350823165181,TheEmptinessMachine,HTCP,Dynamic,HTTP/1.1
2025-04-29 06:20:42,stallRate,59.2259998321533,0.638925567407909,TheEmptinessMachine,HTCP,Dynamic,HTTP/1.1
2025-04-29 06:20:44,stallRate,61.2259998321533,0.614834039213758,TheEmptinessMachine,HTCP,Dynamic,HTTP/1.1
2025-04-29 06:20:46,stallRate,63.2259998321533,0.748290526753174,TheEmptinessMachine,HTCP,Dynamic,HTTP/1.1
2025-04-29 06:20:48,stallRate,65.2249999046326,0.721966457852432,TheEmptinessMachine,HTCP,Dynamic,HTTP/1.1
2025-04-29 06:20:50,stallRate,67.2259998321533,0.697506867626936,TheEmptinessMachine,HTCP,Dynamic,HTTP/1.1
2025-04-29 06:20:52,stallRate,69.2259998321533,0.898578368749607,TheEmptinessMachine,HTCP,Dynamic,HTTP/1.1
2025-04-29 06:20:54,stallRate,71.2259998321533,1.29338685148738,TheEmptinessMachine,HTCP,Dynamic,HTTP/1.1
2025-04-29 06:20:56,stallRate,73.2259998321533,1.25364529965381,TheEmptinessMachine,HTCP,Dynamic,HTTP/1.1
2025-04-29 06:20:58,stallRate,75.2259998321533,1.56499905566505,TheEmptinessMachine,HTCP,Dynamic,HTTP/1.1
2025-04-29 06:21:00,stallRate,77.2259998321533,1.55708738983969,TheEmptinessMachine,HTCP,Dynamic,HTTP/1.1
2025-04-29 06:21:02,stallRate,79.2249999046326,1.51318178078891,TheEmptinessMachine,HTCP,Dynamic,HTTP/1.1
2025-04-29 06:21:04,stallRate,81.2259998321533,1.59551115838454,TheEmptinessMachine,HTCP,Dynamic,HTTP/1.1
2025-04-29 06:21:06,stallRate,83.2259998321533,1.55293450058543,TheEmptinessMachine,HTCP,Dynamic,HTTP/1.1
2025-04-29 06:21:08,stallRate,85.2259998321533,1.51267495066185,TheEmptinessMachine,HTCP,Dynamic,HTTP/1.1
2025-04-29 06:21:10,stallRate,87.2259998321533,1.47467333012823,TheEmptinessMachine,HTCP,Dynamic,HTTP/1.1
2025-04-29 06:21:12,stallRate,89.2269999980927,1.43823612500876,TheEmptinessMachine,HTCP,Dynamic,HTTP/1.1
2025-04-29 06:21:14,stallRate,91.2259998321533,1.40343802700496,TheEmptinessMachine,HTCP,Dynamic,HTTP/1.1
2025-04-29 06:21:16,stallRate,93.2259998321533,1.37044102744596,TheEmptinessMachine,HTCP,Dynamic,HTTP/1.1
2025-04-29 06:21:18,stallRate,95.2259998321533,1.33888323697938,TheEmptinessMachine,HTCP,Dynamic,HTTP/1.1
2025-04-29 06:21:20,stallRate,97.2259998321533,1.30881270025997,TheEmptinessMachine,HTCP,Dynamic,HTTP/1.1
2025-04-29 06:21:22,stallRate,99.2269999980927,1.28022461478116,TheEmptinessMachine,HTCP,Dynamic,HTTP/1.1
2025-04-29 06:21:24,stallRate,101.226999998093,1.25267056359571,TheEmptinessMachine,HTCP,Dynamic,HTTP/1.1
2025-04-29 06:21:26,stallRate,103.225999832153,1.22633565445939,TheEmptinessMachine,HTCP,Dynamic,HTTP/1.1
2025-04-29 06:21:28,stallRate,105.225999832153,1.20107509979304,TheEmptinessMachine,HTCP,Dynamic,HTTP/1.1
2025-04-29 06:21:30,stallRate,107.225999832153,1.17669659760499,TheEmptinessMachine,HTCP,Dynamic,HTTP/1.1
2025-04-29 06:21:32,stallRate,109.225999832153,1.1533664808225,TheEmptinessMachine,HTCP,Dynamic,HTTP/1.1
2025-04-29 06:21:34,stallRate,111.225999832153,1.13097790599361,TheEmptinessMachine,HTCP,Dynamic,HTTP/1.1
2025-04-29 06:21:36,stallRate,113.225999832153,1.10945299741095,TheEmptinessMachine,HTCP,Dynamic,HTTP/1.1
2025-04-29 06:21:38,stallRate,115.225999832153,1.08877658178777,TheEmptinessMachine,HTCP,Dynamic,HTTP/1.1
2025-04-29 06:21:40,stallRate,117.225999832153,1.06888526712445,TheEmptinessMachine,HTCP,Dynamic,HTTP/1.1
2025-04-29 06:21:42,stallRate,119.225999832153,1.0496498803023,TheEmptinessMachine,HTCP,Dynamic,HTTP/1.1
2025-04-29 06:21:44,stallRate,121.228999853134,1.03097968794313,TheEmptinessMachine,HTCP,Dynamic,HTTP/1.1
2025-04-29 06:21:46,stallRate,123.225999832153,1.01542521394025,TheEmptinessMachine,HTCP,Dynamic,HTTP/1.1
2025-04-29 06:21:48,stallRate,125.225999832153,0.998003633894631,TheEmptinessMachine,HTCP,Dynamic,HTTP/1.1
2025-04-29 06:21:50,stallRate,127.225999832153,0.981223097744209,TheEmptinessMachine,HTCP,Dynamic,HTTP/1.1
2025-04-29 06:21:52,stallRate,129.225999832153,0.96500218536385,TheEmptinessMachine,HTCP,Dynamic,HTTP/1.1
2025-04-29 06:21:54,stallRate,131.225999832153,0.949314990933111,TheEmptinessMachine,HTCP,Dynamic,HTTP/1.1
2025-04-29 06:21:56,stallRate,133.224999904633,0.934169041285569,TheEmptinessMachine,HTCP,Dynamic,HTTP/1.1
2025-04-29 06:21:58,stallRate,135.225999832153,0.919431980419215,TheEmptinessMachine,HTCP,Dynamic,HTTP/1.1
2025-04-29 06:22:00,stallRate,137.225999832153,0.905213470859262,TheEmptinessMachine,HTCP,Dynamic,HTTP/1.1
2025-04-29 06:22:02,stallRate,139.225999832153,0.891371947645999,TheEmptinessMachine,HTCP,Dynamic,HTTP/1.1
2025-04-29 06:22:04,stallRate,141.225999832153,0.878017411581642,TheEmptinessMachine,HTCP,Dynamic,HTTP/1.1
2025-04-29 06:22:06,stallRate,143.225999832153,0.864988178373968,TheEmptinessMachine,HTCP,Dynamic,HTTP/1.1
2025-04-29 06:22:08,stallRate,145.225999832153,0.852370004181847,TheEmptinessMachine,HTCP,Dynamic,HTTP/1.1
2025-04-29 06:22:10,stallRate,147.225999832153,0.840069773331155,TheEmptinessMachine,HTCP,Dynamic,HTTP/1.1
2025-04-29 06:22:12,stallRate,149.225999832153,0.828118130440455,TheEmptinessMachine,HTCP,Dynamic,HTTP/1.1
2025-04-29 06:22:14,stallRate,151.226999998093,0.816594623276583,TheEmptinessMachine,HTCP,Dynamic,HTTP/1.1
2025-04-29 06:22:16,stallRate,153.225999832153,0.80536118898267,TheEmptinessMachine,HTCP,Dynamic,HTTP/1.1
2025-04-29 06:22:18,stallRate,155.225999832153,0.794379425198421,TheEmptinessMachine,HTCP,Dynamic,HTTP/1.1
2025-04-29 06:22:20,stallRate,157.226999998093,0.783715964321945,TheEmptinessMachine,HTCP,Dynamic,HTTP/1.1
2025-04-29 06:22:22,stallRate,159.225999832153,0.773307457646679,TheEmptinessMachine,HTCP,Dynamic,HTTP/1.1
2025-04-29 06:22:24,stallRate,161.224999904633,0.763224015842601,TheEmptinessMachine,HTCP,Dynamic,HTTP/1.1
2025-04-29 06:22:26,stallRate,163.225999832153,0.753411640244906,TheEmptinessMachine,HTCP,Dynamic,HTTP/1.1
2025-04-29 06:22:28,stallRate,165.226999998093,0.743802242820927,TheEmptinessMachine,HTCP,Dynamic,HTTP/1.1
2025-04-29 06:22:30,stallRate,167.225999832153,0.734482930432692,TheEmptinessMachine,HTCP,Dynamic,HTTP/1.1
2025-04-29 06:22:32,stallRate,169.225999832153,0.725396257100233,TheEmptinessMachine,HTCP,Dynamic,HTTP/1.1
2025-04-29 06:22:34,stallRate,171.225999832153,0.716713065162774,TheEmptinessMachine,HTCP,Dynamic,HTTP/1.1
2025-04-29 06:22:36,stallRate,173.225999832153,0.707997531265985,TheEmptinessMachine,HTCP,Dynamic,HTTP/1.1
2025-04-29 06:22:38,stallRate,175.225999832153,0.699516289368542,TheEmptinessMachine,HTCP,Dynamic,HTTP/1.1
2025-04-29 06:22:40,stallRate,177.225999832153,0.691233033037444,TheEmptinessMachine,HTCP,Dynamic,HTTP/1.1
2025-04-29 06:22:42,stallRate,179.225999832153,0.683149033399597,TheEmptinessMachine,HTCP,Dynamic,HTTP/1.1
2025-04-29 06:22:44,stallRate,181.225999832153,0.675225624988407,TheEmptinessMachine,HTCP,Dynamic,HTTP/1.1
2025-04-29 06:22:46,stallRate,183.225999832153,0.667526147299987,TheEmptinessMachine,HTCP,Dynamic,HTTP/1.1
2025-04-29 06:22:48,stallRate,185.225999832153,0.659968152823699,TheEmptinessMachine,HTCP,Dynamic,HTTP/1.1
2025-04-29 06:22:50,stallRate,187.225999832153,0.652596968042288,TheEmptinessMachine,HTCP,Dynamic,HTTP/1.1
2025-04-29 06:22:52,stallRate,189.225999832153,0.645367940806574,TheEmptinessMachine,HTCP,Dynamic,HTTP/1.1
2025-04-29 06:22:54,stallRate,191.225999832153,0.638329887259096,TheEmptinessMachine,HTCP,Dynamic,HTTP/1.1
2025-04-29 06:22:56,stallRate,193.225999832153,0.63141448412359,TheEmptinessMachine,HTCP,Dynamic,HTTP/1.1
2025-04-29 06:22:58,stallRate,195.225999832153,0.624680958013286,TheEmptinessMachine,HTCP,Dynamic,HTTP/1.1
2025-04-29 06:23:00,stallRate,197.225999832153,0.61809695931239,TheEmptinessMachine,HTCP,Dynamic,HTTP/1.1
2025-04-29 06:23:02,stallRate,199.225999832153,0.611578724010948,TheEmptinessMachine,HTCP,Dynamic,HTTP/1.1
2025-04-29 06:23:04,stallRate,201.225999832153,0.605227224379278,TheEmptinessMachine,HTCP,Dynamic,HTTP/1.1
2025-04-29 06:23:37,stallRate,1.21199989318848,0.0,TheEmptinessMachine,HTCP,Dynamic,HTTP/2
2025-04-29 06:23:39,stallRate,3.21099996566772,0.0,TheEmptinessMachine,HTCP,Dynamic,HTTP/2
2025-04-29 06:23:41,stallRate,5.21099996566772,0.0,TheEmptinessMachine,HTCP,Dynamic,HTTP/2
2025-04-29 06:23:43,stallRate,7.20999979972839,0.0,TheEmptinessMachine,HTCP,Dynamic,HTTP/2
2025-04-29 06:23:45,stallRate,9.20999979972839,0.0,TheEmptinessMachine,HTCP,Dynamic,HTTP/2
2025-04-29 06:23:47,stallRate,11.2109999656677,0.0,TheEmptinessMachine,HTCP,Dynamic,HTTP/2
2025-04-29 06:23:49,stallRate,13.2099997997284,0.0,TheEmptinessMachine,HTCP,Dynamic,HTTP/2
2025-04-29 06:23:51,stallRate,15.2099997997284,0.0,TheEmptinessMachine,HTCP,Dynamic,HTTP/2
2025-04-29 06:23:53,stallRate,17.2119998931885,0.0,TheEmptinessMachine,HTCP,Dynamic,HTTP/2
2025-04-29 06:23:55,stallRate,19.2099997997284,0.0,TheEmptinessMachine,HTCP,Dynamic,HTTP/2
2025-04-29 06:23:57,stallRate,21.2099997997284,0.0,TheEmptinessMachine,HTCP,Dynamic,HTTP/2
2025-04-29 06:23:59,stallRate,23.2099997997284,0.0,TheEmptinessMachine,HTCP,Dynamic,HTTP/2
2025-04-29 06:24:01,stallRate,25.2109999656677,0.0,TheEmptinessMachine,HTCP,Dynamic,HTTP/2
2025-04-29 06:24:03,stallRate,27.2109999656677,0.0,TheEmptinessMachine,HTCP,Dynamic,HTTP/2
2025-04-29 06:24:05,stallRate,29.2099997997284,0.0,TheEmptinessMachine,HTCP,Dynamic,HTTP/2
2025-04-29 06:24:07,stallRate,31.2109999656677,0.0,TheEmptinessMachine,HTCP,Dynamic,HTTP/2
2025-04-29 06:24:09,stallRate,33.2109999656677,0.0,TheEmptinessMachine,HTCP,Dynamic,HTTP/2
2025-04-29 06:24:11,stallRate,35.2099997997284,0.0,TheEmptinessMachine,HTCP,Dynamic,HTTP/2
2025-04-29 06:24:13,stallRate,37.2099997997284,0.0,TheEmptinessMachine,HTCP,Dynamic,HTTP/2
2025-04-29 06:24:15,stallRate,39.2099997997284,0.0,TheEmptinessMachine,HTCP,Dynamic,HTTP/2
2025-04-29 06:24:17,stallRate,41.2099997997284,0.0,TheEmptinessMachine,HTCP,Dynamic,HTTP/2
2025-04-29 06:24:19,stallRate,43.2099997997284,0.0,TheEmptinessMachine,HTCP,Dynamic,HTTP/2
2025-04-29 06:24:21,stallRate,45.2109999656677,0.0,TheEmptinessMachine,HTCP,Dynamic,HTTP/2
2025-04-29 06:24:23,stallRate,47.2099997997284,0.0,TheEmptinessMachine,HTCP,Dynamic,HTTP/2
2025-04-29 06:24:25,stallRate,49.2099997997284,0.0,TheEmptinessMachine,HTCP,Dynamic,HTTP/2
2025-04-29 06:24:27,stallRate,51.2099997997284,0.0,TheEmptinessMachine,HTCP,Dynamic,HTTP/2
2025-04-29 06:24:29,stallRate,53.2099997997284,0.0,TheEmptinessMachine,HTCP,Dynamic,HTTP/2
2025-04-29 06:24:31,stallRate,55.2109999656677,0.302799294695663,TheEmptinessMachine,HTCP,Dynamic,HTTP/2
2025-04-29 06:24:33,stallRate,57.2109999656677,0.284219389173883,TheEmptinessMachine,HTCP,Dynamic,HTTP/2
2025-04-29 06:24:35,stallRate,59.2099997997284,0.44994635719776,TheEmptinessMachine,HTCP,Dynamic,HTTP/2
2025-04-29 06:24:37,stallRate,61.2109999656677,0.830058406525877,TheEmptinessMachine,HTCP,Dynamic,HTTP/2
2025-04-29 06:24:39,stallRate,63.2099997997284,0.789306499785375,TheEmptinessMachine,HTCP,Dynamic,HTTP/2
2025-04-29 06:24:41,stallRate,65.2099997997284,1.03172844758671,TheEmptinessMachine,HTCP,Dynamic,HTTP/2
2025-04-29 06:24:43,stallRate,67.2099997997284,1.13965644429398,TheEmptinessMachine,HTCP,Dynamic,HTTP/2
2025-04-29 06:24:45,stallRate,69.2099997997284,1.09144899133646,TheEmptinessMachine,HTCP,Dynamic,HTTP/2
2025-04-29 06:24:47,stallRate,71.2109999656677,1.16861314682176,TheEmptinessMachine,HTCP,Dynamic,HTTP/2
2025-04-29 06:24:49,stallRate,73.2099997997284,1.50808129180611,TheEmptinessMachine,HTCP,Dynamic,HTTP/2
2025-04-29 06:24:51,stallRate,75.2099997997284,1.45111605604282,TheEmptinessMachine,HTCP,Dynamic,HTTP/2
2025-04-29 06:24:53,stallRate,77.2109999656677,1.39865960008265,TheEmptinessMachine,HTCP,Dynamic,HTTP/2
2025-04-29 06:24:55,stallRate,79.2109999656677,1.40237154708024,TheEmptinessMachine,HTCP,Dynamic,HTTP/2
2025-04-29 06:24:57,stallRate,81.2109999656677,1.35495874726941,TheEmptinessMachine,HTCP,Dynamic,HTTP/2
2025-04-29 06:24:59,stallRate,83.2109999656677,1.57291872902558,TheEmptinessMachine,HTCP,Dynamic,HTTP/2
2025-04-29 06:25:01,stallRate,85.2099997997284,1.52308258379141,TheEmptinessMachine,HTCP,Dynamic,HTTP/2
2025-04-29 06:25:03,stallRate,87.2099997997284,1.47607728049076,TheEmptinessMachine,HTCP,Dynamic,HTTP/2
2025-04-29 06:25:05,stallRate,89.2099997997284,1.43223558443325,TheEmptinessMachine,HTCP,Dynamic,HTTP/2
2025-04-29 06:25:07,stallRate,91.2109999656677,1.390753370031,TheEmptinessMachine,HTCP,Dynamic,HTTP/2
2025-04-29 06:25:09,stallRate,93.2099997997284,1.35183967035443,TheEmptinessMachine,HTCP,Dynamic,HTTP/2
2025-04-29 06:25:11,stallRate,95.2099997997284,1.3150646029572,TheEmptinessMachine,HTCP,Dynamic,HTTP/2
2025-04-29 06:25:13,stallRate,97.2099997997284,1.28007421878728,TheEmptinessMachine,HTCP,Dynamic,HTTP/2
2025-04-29 06:25:15,stallRate,99.2109999656677,1.24684268351983,TheEmptinessMachine,HTCP,Dynamic,HTTP/2
2025-04-29 06:25:17,stallRate,101.210999965668,1.21553865260123,TheEmptinessMachine,HTCP,Dynamic,HTTP/2
2025-04-29 06:25:19,stallRate,103.209999799728,1.18562863976485,TheEmptinessMachine,HTCP,Dynamic,HTTP/2
2025-04-29 06:25:21,stallRate,105.210999965668,1.15725771012948,TheEmptinessMachine,HTCP,Dynamic,HTTP/2
2025-04-29 06:25:23,stallRate,107.210999965668,1.13006026956731,TheEmptinessMachine,HTCP,Dynamic,HTTP/2
2025-04-29 06:25:25,stallRate,109.209999799728,1.10401801694966,TheEmptinessMachine,HTCP,Dynamic,HTTP/2
2025-04-29 06:25:27,stallRate,111.209999799728,1.07928303111626,TheEmptinessMachine,HTCP,Dynamic,HTTP/2
2025-04-29 06:25:29,stallRate,113.210999965668,1.05556374917839,TheEmptinessMachine,HTCP,Dynamic,HTTP/2
2025-04-29 06:25:31,stallRate,115.209999799728,1.03293269764568,TheEmptinessMachine,HTCP,Dynamic,HTTP/2
2025-04-29 06:25:33,stallRate,117.209999799728,1.01118018637699,TheEmptinessMachine,HTCP,Dynamic,HTTP/2
2025-04-29 06:25:35,stallRate,119.210999965668,0.990420743522653,TheEmptinessMachine,HTCP,Dynamic,HTTP/2
2025-04-29 06:25:37,stallRate,121.209999799728,0.970541711301487,TheEmptinessMachine,HTCP,Dynamic,HTTP/2
2025-04-29 06:25:39,stallRate,123.210999965668,0.951352812933331,TheEmptinessMachine,HTCP,Dynamic,HTTP/2
2025-04-29 06:25:41,stallRate,125.209999799728,0.932973559923793,TheEmptinessMachine,HTCP,Dynamic,HTTP/2
2025-04-29 06:25:43,stallRate,127.209999799728,0.915204150100456,TheEmptinessMachine,HTCP,Dynamic,HTTP/2
2025-04-29 06:25:45,stallRate,129.21599984169,0.898132609614802,TheEmptinessMachine,HTCP,Dynamic,HTTP/2
2025-04-29 06:25:47,stallRate,131.209999799728,0.969499327789967,TheEmptinessMachine,HTCP,Dynamic,HTTP/2
2025-04-29 06:25:49,stallRate,133.209999799728,1.15056317950481,TheEmptinessMachine,HTCP,Dynamic,HTTP/2
2025-04-29 06:25:51,stallRate,135.210999965668,1.13017584154921,TheEmptinessMachine,HTCP,Dynamic,HTTP/2
2025-04-29 06:25:53,stallRate,137.209999799728,1.13904522345058,TheEmptinessMachine,HTCP,Dynamic,HTTP/2
2025-04-29 06:25:55,stallRate,139.210999965668,1.22783523718216,TheEmptinessMachine,HTCP,Dynamic,HTTP/2
2025-04-29 06:25:57,stallRate,141.210999965668,1.20737346674274,TheEmptinessMachine,HTCP,Dynamic,HTTP/2
2025-04-29 06:25:59,stallRate,143.209999799728,1.26431045572417,TheEmptinessMachine,HTCP,Dynamic,HTTP/2
2025-04-29 06:26:01,stallRate,145.210999965668,1.24380862591101,TheEmptinessMachine,HTCP,Dynamic,HTTP/2
2025-04-29 06:26:03,stallRate,147.209999799728,1.2239885563885,TheEmptinessMachine,HTCP,Dynamic,HTTP/2
2025-04-29 06:26:05,stallRate,149.209999799728,1.20475563552842,TheEmptinessMachine,HTCP,Dynamic,HTTP/2
2025-04-29 06:26:07,stallRate,151.209999799728,1.18614393836845,TheEmptinessMachine,HTCP,Dynamic,HTTP/2
2025-04-29 06:26:09,stallRate,153.209999799728,1.16801472333916,TheEmptinessMachine,HTCP,Dynamic,HTTP/2
2025-04-29 06:26:11,stallRate,155.210999965668,1.15042265105163,TheEmptinessMachine,HTCP,Dynamic,HTTP/2
2025-04-29 06:26:13,stallRate,157.209999799728,1.13340619794074,TheEmptinessMachine,HTCP,Dynamic,HTTP/2
2025-04-29 06:26:15,stallRate,159.210999965668,1.11689110210368,TheEmptinessMachine,HTCP,Dynamic,HTTP/2
2025-04-29 06:26:17,stallRate,161.210999965668,1.10085274758275,TheEmptinessMachine,HTCP,Dynamic,HTTP/2
2025-04-29 06:26:19,stallRate,163.210999965668,1.08530477091064,TheEmptinessMachine,HTCP,Dynamic,HTTP/2
2025-04-29 06:26:21,stallRate,165.209999799728,1.07012677068301,TheEmptinessMachine,HTCP,Dynamic,HTTP/2
2025-04-29 06:26:23,stallRate,167.210999965668,1.05542512474349,TheEmptinessMachine,HTCP,Dynamic,HTTP/2
2025-04-29 06:26:25,stallRate,169.209999799728,1.04106648347309,TheEmptinessMachine,HTCP,Dynamic,HTTP/2
2025-04-29 06:26:27,stallRate,171.209999799728,1.02710437246386,TheEmptinessMachine,HTCP,Dynamic,HTTP/2
2025-04-29 06:26:29,stallRate,173.210999965668,1.01351608226909,TheEmptinessMachine,HTCP,Dynamic,HTTP/2
2025-04-29 06:26:31,stallRate,175.210999965668,1.00023246971132,TheEmptinessMachine,HTCP,Dynamic,HTTP/2
2025-04-29 06:26:33,stallRate,177.209999799728,0.987413826499317,TheEmptinessMachine,HTCP,Dynamic,HTTP/2
2025-04-29 06:26:35,stallRate,179.210999965668,0.974873133097762,TheEmptinessMachine,HTCP,Dynamic,HTTP/2
2025-04-29 06:26:37,stallRate,181.210999965668,0.962599205991926,TheEmptinessMachine,HTCP,Dynamic,HTTP/2
2025-04-29 06:26:39,stallRate,183.210999965668,0.950623131322149,TheEmptinessMachine,HTCP,Dynamic,HTTP/2
2025-04-29 06:26:41,stallRate,185.209999799728,0.938975079144748,TheEmptinessMachine,HTCP,Dynamic,HTTP/2
2025-04-29 06:26:43,stallRate,187.210999965668,0.927635223983002,TheEmptinessMachine,HTCP,Dynamic,HTTP/2
2025-04-29 06:26:45,stallRate,189.209999799728,0.916567358913401,TheEmptinessMachine,HTCP,Dynamic,HTTP/2
2025-04-29 06:26:47,stallRate,191.209999799728,0.905744560049961,TheEmptinessMachine,HTCP,Dynamic,HTTP/2
2025-04-29 06:26:49,stallRate,193.210999965668,0.895133057215631,TheEmptinessMachine,HTCP,Dynamic,HTTP/2
2025-04-29 06:26:51,stallRate,195.210999965668,0.884817648946347,TheEmptinessMachine,HTCP,Dynamic,HTTP/2
2025-04-29 06:26:53,stallRate,197.210999965668,0.874696060379275,TheEmptinessMachine,HTCP,Dynamic,HTTP/2
2025-04-29 06:26:55,stallRate,199.210999965668,0.864830970171098,TheEmptinessMachine,HTCP,Dynamic,HTTP/2
2025-04-29 06:26:57,stallRate,201.210999965668,0.855151127975526,TheEmptinessMachine,HTCP,Dynamic,HTTP/2
2025-04-29 06:27:01,stallRate,205.209999799728,0.8365431746151,TheEmptinessMachine,HTCP,Dynamic,HTTP/2
2025-04-29 06:27:03,stallRate,207.209999799728,0.827456350111311,TheEmptinessMachine,HTCP,Dynamic,HTTP/2
2025-04-29 06:27:13,stallRate,217.209999799728,0.788828041846546,TheEmptinessMachine,HTCP,Dynamic,HTTP/2
2025-04-29 06:27:31,stallRate,1.23300004005432,0.0,TheEmptinessMachine,HTCP,Dynamic,HTTP/3
2025-04-29 06:27:33,stallRate,3.23200011253357,0.0,TheEmptinessMachine,HTCP,Dynamic,HTTP/3
2025-04-29 06:27:35,stallRate,5.23200011253357,0.0,TheEmptinessMachine,HTCP,Dynamic,HTTP/3
2025-04-29 06:27:37,stallRate,7.23200011253357,0.0,TheEmptinessMachine,HTCP,Dynamic,HTTP/3
2025-04-29 06:27:39,stallRate,9.23200011253357,0.0,TheEmptinessMachine,HTCP,Dynamic,HTTP/3
2025-04-29 06:27:41,stallRate,11.2310001850128,1.16120848386711,TheEmptinessMachine,HTCP,Dynamic,HTTP/3
2025-04-29 06:27:43,stallRate,13.2320001125336,0.948887997337382,TheEmptinessMachine,HTCP,Dynamic,HTTP/3
2025-04-29 06:27:45,stallRate,15.2320001125336,1.40414240996381,TheEmptinessMachine,HTCP,Dynamic,HTTP/3
2025-04-29 06:27:47,stallRate,17.2310001850128,2.1680174694986,TheEmptinessMachine,HTCP,Dynamic,HTTP/3
2025-04-29 06:27:49,stallRate,19.2320001125336,1.91209385135387,TheEmptinessMachine,HTCP,Dynamic,HTTP/3
2025-04-29 06:27:51,stallRate,21.2310001850128,1.7052279658875,TheEmptinessMachine,HTCP,Dynamic,HTTP/3
2025-04-29 06:27:53,stallRate,23.2310001850128,1.54452961428338,TheEmptinessMachine,HTCP,Dynamic,HTTP/3
2025-04-29 06:27:55,stallRate,25.2320001125336,1.41186758525987,TheEmptinessMachine,HTCP,Dynamic,HTTP/3
2025-04-29 06:27:57,stallRate,27.2310001850128,1.29917344873244,TheEmptinessMachine,HTCP,Dynamic,HTTP/3
2025-04-29 06:27:59,stallRate,29.2330000400543,1.20425332180185,TheEmptinessMachine,HTCP,Dynamic,HTTP/3
2025-04-29 06:28:01,stallRate,31.2320001125336,1.12244769267889,TheEmptinessMachine,HTCP,Dynamic,HTTP/3
2025-04-29 06:28:03,stallRate,33.2320001125336,1.05057760712413,TheEmptinessMachine,HTCP,Dynamic,HTTP/3
2025-04-29 06:28:05,stallRate,35.2310001850128,0.98770254838578,TheEmptinessMachine,HTCP,Dynamic,HTTP/3
2025-04-29 06:28:07,stallRate,37.2320001125336,0.93198844730765,TheEmptinessMachine,HTCP,Dynamic,HTTP/3
2025-04-29 06:28:09,stallRate,39.2310001850128,0.881955257043201,TheEmptinessMachine,HTCP,Dynamic,HTTP/3
2025-04-29 06:28:11,stallRate,41.2320001125336,0.836968052857602,TheEmptinessMachine,HTCP,Dynamic,HTTP/3
2025-04-29 06:28:13,stallRate,43.2310001850128,0.796231823828214,TheEmptinessMachine,HTCP,Dynamic,HTTP/3
2025-04-29 06:28:15,stallRate,45.2310001850128,0.759498774171152,TheEmptinessMachine,HTCP,Dynamic,HTTP/3
2025-04-29 06:28:17,stallRate,47.2310001850128,0.725943546945494,TheEmptinessMachine,HTCP,Dynamic,HTTP/3
2025-04-29 06:28:19,stallRate,49.2320001125336,0.69529822994499,TheEmptinessMachine,HTCP,Dynamic,HTTP/3
2025-04-29 06:28:21,stallRate,51.2320001125336,0.667208862512714,TheEmptinessMachine,HTCP,Dynamic,HTTP/3
2025-04-29 06:28:23,stallRate,53.2310001850128,0.641245998031518,TheEmptinessMachine,HTCP,Dynamic,HTTP/3
2025-04-29 06:28:25,stallRate,55.2310001850128,0.61726136447104,TheEmptinessMachine,HTCP,Dynamic,HTTP/3
2025-04-29 06:28:27,stallRate,57.2320001125336,0.594980647140092,TheEmptinessMachine,HTCP,Dynamic,HTTP/3
2025-04-29 06:28:29,stallRate,59.2310001850128,0.574254919066664,TheEmptinessMachine,HTCP,Dynamic,HTTP/3
2025-04-29 06:28:31,stallRate,61.2310001850128,0.554946073584202,TheEmptinessMachine,HTCP,Dynamic,HTTP/3
2025-04-29 06:28:33,stallRate,63.2310001850128,0.536647071145928,TheEmptinessMachine,HTCP,Dynamic,HTTP/3
2025-04-29 06:28:35,stallRate,65.2320001125336,0.519702377985967,TheEmptinessMachine,HTCP,Dynamic,HTTP/3
2025-04-29 06:28:37,stallRate,67.2320001125336,0.503928399625998,TheEmptinessMachine,HTCP,Dynamic,HTTP/3
2025-04-29 06:28:39,stallRate,69.2320001125336,0.489023072979918,TheEmptinessMachine,HTCP,Dynamic,HTTP/3
2025-04-29 06:28:41,stallRate,71.2320001125336,0.474891534226646,TheEmptinessMachine,HTCP,Dynamic,HTTP/3
2025-04-29 06:28:43,stallRate,73.2310001850128,0.461503871118776,TheEmptinessMachine,HTCP,Dynamic,HTTP/3
2025-04-29 06:28:45,stallRate,75.2320001125336,0.448960823390527,TheEmptinessMachine,HTCP,Dynamic,HTTP/3
2025-04-29 06:28:47,stallRate,77.2320001125336,0.436993917119973,TheEmptinessMachine,HTCP,Dynamic,HTTP/3
2025-04-29 06:28:49,stallRate,79.2320001125336,0.425680254304645,TheEmptinessMachine,HTCP,Dynamic,HTTP/3
2025-04-29 06:28:51,stallRate,81.2310001850128,0.415011755306577,TheEmptinessMachine,HTCP,Dynamic,HTTP/3
2025-04-29 06:28:53,stallRate,83.2320001125336,0.404792726211209,TheEmptinessMachine,HTCP,Dynamic,HTTP/3
2025-04-29 06:28:55,stallRate,85.2330000400543,0.395083605054683,TheEmptinessMachine,HTCP,Dynamic,HTTP/3
2025-04-29 06:28:57,stallRate,87.2339999675751,0.386225262524973,TheEmptinessMachine,HTCP,Dynamic,HTTP/3
2025-04-29 06:28:59,stallRate,89.2320001125336,0.377982137595785,TheEmptinessMachine,HTCP,Dynamic,HTTP/3
2025-04-29 06:29:01,stallRate,91.2320001125336,0.369519408870322,TheEmptinessMachine,HTCP,Dynamic,HTTP/3
2025-04-29 06:29:03,stallRate,93.2320001125336,0.361396576849805,TheEmptinessMachine,HTCP,Dynamic,HTTP/3
2025-04-29 06:29:05,stallRate,95.2320001125336,0.353610267408334,TheEmptinessMachine,HTCP,Dynamic,HTTP/3
2025-04-29 06:29:07,stallRate,97.2310001850128,0.34621532244379,TheEmptinessMachine,HTCP,Dynamic,HTTP/3
2025-04-29 06:29:09,stallRate,99.2320001125336,0.340841528107712,TheEmptinessMachine,HTCP,Dynamic,HTTP/3
2025-04-29 06:29:11,stallRate,101.231000185013,0.336839478037659,TheEmptinessMachine,HTCP,Dynamic,HTTP/3
2025-04-29 06:29:13,stallRate,103.231000185013,0.330059089698777,TheEmptinessMachine,HTCP,Dynamic,HTTP/3
2025-04-29 06:29:15,stallRate,105.232000112534,0.323583690254669,TheEmptinessMachine,HTCP,Dynamic,HTTP/3
2025-04-29 06:29:17,stallRate,107.232000112534,0.317333502758467,TheEmptinessMachine,HTCP,Dynamic,HTTP/3
2025-04-29 06:29:19,stallRate,109.231000185013,0.311335811591047,TheEmptinessMachine,HTCP,Dynamic,HTTP/3
2025-04-29 06:29:21,stallRate,111.232000112534,0.305592509029054,TheEmptinessMachine,HTCP,Dynamic,HTTP/3
2025-04-29 06:29:23,stallRate,113.232000112534,0.300018877592974,TheEmptinessMachine,HTCP,Dynamic,HTTP/3
2025-04-29 06:29:25,stallRate,115.231000185013,0.294621710644997,TheEmptinessMachine,HTCP,Dynamic,HTTP/3
2025-04-29 06:29:27,stallRate,117.232000112534,0.289462843985665,TheEmptinessMachine,HTCP,Dynamic,HTTP/3
2025-04-29 06:29:29,stallRate,119.231000185013,0.284469823104036,TheEmptinessMachine,HTCP,Dynamic,HTTP/3
2025-04-29 06:29:31,stallRate,121.231000185013,0.279655136386097,TheEmptinessMachine,HTCP,Dynamic,HTTP/3
2025-04-29 06:29:33,stallRate,123.232000112534,0.274952186458314,TheEmptinessMachine,HTCP,Dynamic,HTTP/3
2025-04-29 06:29:35,stallRate,125.232000112534,0.270429665765393,TheEmptinessMachine,HTCP,Dynamic,HTTP/3
2025-04-29 06:29:37,stallRate,127.232000112534,0.266066611720027,TheEmptinessMachine,HTCP,Dynamic,HTTP/3
2025-04-29 06:29:39,stallRate,129.232000112534,0.261827627765635,TheEmptinessMachine,HTCP,Dynamic,HTTP/3
2025-04-29 06:29:41,stallRate,131.232000112534,0.257738651943069,TheEmptinessMachine,HTCP,Dynamic,HTTP/3
2025-04-29 06:29:43,stallRate,133.232000112534,0.253784512411135,TheEmptinessMachine,HTCP,Dynamic,HTTP/3
2025-04-29 06:29:45,stallRate,135.232000112534,0.252358962377775,TheEmptinessMachine,HTCP,Dynamic,HTTP/3
2025-04-29 06:29:47,stallRate,137.231000185013,0.248584510128295,TheEmptinessMachine,HTCP,Dynamic,HTTP/3
2025-04-29 06:29:49,stallRate,139.232000112534,0.244874659236802,TheEmptinessMachine,HTCP,Dynamic,HTTP/3
2025-04-29 06:29:51,stallRate,141.231000185013,0.241295437459217,TheEmptinessMachine,HTCP,Dynamic,HTTP/3
2025-04-29 06:29:53,stallRate,143.231000185013,0.237823608201976,TheEmptinessMachine,HTCP,Dynamic,HTTP/3
2025-04-29 06:29:55,stallRate,145.232000112534,0.234452943322647,TheEmptinessMachine,HTCP,Dynamic,HTTP/3
2025-04-29 06:29:57,stallRate,147.232000112534,0.231140709725766,TheEmptinessMachine,HTCP,Dynamic,HTTP/3
2025-04-29 06:29:59,stallRate,149.232000112534,0.227954037544173,TheEmptinessMachine,HTCP,Dynamic,HTTP/3
2025-04-29 06:30:01,stallRate,151.232000112534,0.224839317895789,TheEmptinessMachine,HTCP,Dynamic,HTTP/3
2025-04-29 06:30:03,stallRate,153.231000185013,0.22180733466052,TheEmptinessMachine,HTCP,Dynamic,HTTP/3
2025-04-29 06:30:05,stallRate,155.231000185013,0.218875235327107,TheEmptinessMachine,HTCP,Dynamic,HTTP/3
2025-04-29 06:30:07,stallRate,157.232000112534,0.216005169693613,TheEmptinessMachine,HTCP,Dynamic,HTTP/3
2025-04-29 06:30:09,stallRate,159.231000185013,0.213195338653063,TheEmptinessMachine,HTCP,Dynamic,HTTP/3
2025-04-29 06:30:11,stallRate,161.232000112534,0.210473777240036,TheEmptinessMachine,HTCP,Dynamic,HTTP/3
2025-04-29 06:30:13,stallRate,163.231000185013,0.207827082213261,TheEmptinessMachine,HTCP,Dynamic,HTTP/3
2025-04-29 06:30:15,stallRate,165.231000185013,0.20521883014246,TheEmptinessMachine,HTCP,Dynamic,HTTP/3
2025-04-29 06:30:17,stallRate,167.232000112534,0.202690457615014,TheEmptinessMachine,HTCP,Dynamic,HTTP/3
2025-04-29 06:30:19,stallRate,169.232000112534,0.200227801231178,TheEmptinessMachine,HTCP,Dynamic,HTTP/3
2025-04-29 06:30:21,stallRate,171.232000112534,0.197859948480079,TheEmptinessMachine,HTCP,Dynamic,HTTP/3
2025-04-29 06:30:23,stallRate,173.231000185013,0.197278720672932,TheEmptinessMachine,HTCP,Dynamic,HTTP/3
2025-04-29 06:30:25,stallRate,175.232000112534,0.194949459219943,TheEmptinessMachine,HTCP,Dynamic,HTTP/3
2025-04-29 06:30:27,stallRate,177.232000112534,0.192664708667883,TheEmptinessMachine,HTCP,Dynamic,HTTP/3
2025-04-29 06:30:29,stallRate,179.232000112534,0.190429683039049,TheEmptinessMachine,HTCP,Dynamic,HTTP/3
2025-04-29 06:30:31,stallRate,181.232000112534,0.188251917561734,TheEmptinessMachine,HTCP,Dynamic,HTTP/3
2025-04-29 06:30:33,stallRate,183.232000112534,0.186128518119098,TheEmptinessMachine,HTCP,Dynamic,HTTP/3
2025-04-29 06:30:35,stallRate,185.232000112534,0.184051440237316,TheEmptinessMachine,HTCP,Dynamic,HTTP/3
2025-04-29 06:30:37,stallRate,187.232000112534,0.18200646703895,TheEmptinessMachine,HTCP,Dynamic,HTTP/3
2025-04-29 06:30:39,stallRate,189.231000185013,0.180019250634777,TheEmptinessMachine,HTCP,Dynamic,HTTP/3
2025-04-29 06:30:41,stallRate,191.232000112534,0.178078650120763,TheEmptinessMachine,HTCP,Dynamic,HTTP/3
2025-04-29 06:30:43,stallRate,193.231000185013,0.176170676077335,TheEmptinessMachine,HTCP,Dynamic,HTTP/3
2025-04-29 06:30:45,stallRate,195.231000185013,0.174301109056709,TheEmptinessMachine,HTCP,Dynamic,HTTP/3
2025-04-29 06:30:47,stallRate,197.232000112534,0.172474596372654,TheEmptinessMachine,HTCP,Dynamic,HTTP/3
2025-04-29 06:30:49,stallRate,199.232000112534,0.170690549950053,TheEmptinessMachine,HTCP,Dynamic,HTTP/3
2025-04-29 06:31:25,stallRate,1.21600008010864,0.0,TheEmptinessMachine,HTCP,Bola,HTTP/1.1
2025-04-29 06:31:27,stallRate,3.21500015258789,0.0,TheEmptinessMachine,HTCP,Bola,HTTP/1.1
2025-04-29 06:31:29,stallRate,5.21600008010864,0.0,TheEmptinessMachine,HTCP,Bola,HTTP/1.1
2025-04-29 06:31:31,stallRate,7.21600008010864,0.0,TheEmptinessMachine,HTCP,Bola,HTTP/1.1
2025-04-29 06:31:33,stallRate,9.21500015258789,0.0,TheEmptinessMachine,HTCP,Bola,HTTP/1.1
2025-04-29 06:31:35,stallRate,11.2160000801086,0.0,TheEmptinessMachine,HTCP,Bola,HTTP/1.1
2025-04-29 06:31:37,stallRate,13.2160000801086,0.0,TheEmptinessMachine,HTCP,Bola,HTTP/1.1
2025-04-29 06:31:39,stallRate,15.2160000801086,0.0,TheEmptinessMachine,HTCP,Bola,HTTP/1.1
2025-04-29 06:31:41,stallRate,17.2160000801086,0.0,TheEmptinessMachine,HTCP,Bola,HTTP/1.1
2025-04-29 06:31:43,stallRate,19.2160000801086,0.0,TheEmptinessMachine,HTCP,Bola,HTTP/1.1
2025-04-29 06:31:45,stallRate,21.2160000801086,0.0,TheEmptinessMachine,HTCP,Bola,HTTP/1.1
2025-04-29 06:31:47,stallRate,23.2160000801086,0.0,TheEmptinessMachine,HTCP,Bola,HTTP/1.1
2025-04-29 06:31:49,stallRate,25.2160000801086,0.0,TheEmptinessMachine,HTCP,Bola,HTTP/1.1
2025-04-29 06:31:51,stallRate,27.2160000801086,0.0,TheEmptinessMachine,HTCP,Bola,HTTP/1.1
2025-04-29 06:31:53,stallRate,29.2160000801086,0.0,TheEmptinessMachine,HTCP,Bola,HTTP/1.1
2025-04-29 06:31:55,stallRate,31.2160000801086,0.0,TheEmptinessMachine,HTCP,Bola,HTTP/1.1
2025-04-29 06:31:57,stallRate,33.2160000801086,0.0,TheEmptinessMachine,HTCP,Bola,HTTP/1.1
2025-04-29 06:31:59,stallRate,35.2160000801086,0.0,TheEmptinessMachine,HTCP,Bola,HTTP/1.1
2025-04-29 06:32:01,stallRate,37.2160000801086,0.0,TheEmptinessMachine,HTCP,Bola,HTTP/1.1
2025-04-29 06:32:03,stallRate,39.2160000801086,0.0,TheEmptinessMachine,HTCP,Bola,HTTP/1.1
2025-04-29 06:32:05,stallRate,41.2160000801086,0.0,TheEmptinessMachine,HTCP,Bola,HTTP/1.1
2025-04-29 06:32:07,stallRate,43.2160000801086,0.0,TheEmptinessMachine,HTCP,Bola,HTTP/1.1
2025-04-29 06:32:09,stallRate,45.2150001525879,0.0,TheEmptinessMachine,HTCP,Bola,HTTP/1.1
2025-04-29 06:32:11,stallRate,47.2160000801086,0.0,TheEmptinessMachine,HTCP,Bola,HTTP/1.1
2025-04-29 06:32:13,stallRate,49.2160000801086,0.0,TheEmptinessMachine,HTCP,Bola,HTTP/1.1
2025-04-29 06:32:15,stallRate,51.2160000801086,0.0,TheEmptinessMachine,HTCP,Bola,HTTP/1.1
2025-04-29 06:32:17,stallRate,53.2150001525879,0.0,TheEmptinessMachine,HTCP,Bola,HTTP/1.1
2025-04-29 06:32:19,stallRate,55.2160000801086,0.0,TheEmptinessMachine,HTCP,Bola,HTTP/1.1
2025-04-29 06:32:21,stallRate,57.2160000801086,0.0,TheEmptinessMachine,HTCP,Bola,HTTP/1.1
2025-04-29 06:32:23,stallRate,59.2160000801086,0.0,TheEmptinessMachine,HTCP,Bola,HTTP/1.1
2025-04-29 06:32:25,stallRate,61.2160000801086,0.0,TheEmptinessMachine,HTCP,Bola,HTTP/1.1
2025-04-29 06:32:27,stallRate,63.2150001525879,0.0,TheEmptinessMachine,HTCP,Bola,HTTP/1.1
2025-04-29 06:32:29,stallRate,65.2160000801086,0.0,TheEmptinessMachine,HTCP,Bola,HTTP/1.1
2025-04-29 06:32:31,stallRate,67.2160000801086,0.0,TheEmptinessMachine,HTCP,Bola,HTTP/1.1
2025-04-29 06:32:33,stallRate,69.2160000801086,0.0,TheEmptinessMachine,HTCP,Bola,HTTP/1.1
2025-04-29 06:32:35,stallRate,71.2150001525879,0.0,TheEmptinessMachine,HTCP,Bola,HTTP/1.1
2025-04-29 06:32:37,stallRate,73.2150001525879,0.0,TheEmptinessMachine,HTCP,Bola,HTTP/1.1
2025-04-29 06:32:39,stallRate,75.2160000801086,0.0,TheEmptinessMachine,HTCP,Bola,HTTP/1.1
2025-04-29 06:32:42,stallRate,77.2170000076294,0.0,TheEmptinessMachine,HTCP,Bola,HTTP/1.1
2025-04-29 06:32:43,stallRate,79.2170000076294,0.0,TheEmptinessMachine,HTCP,Bola,HTTP/1.1
2025-04-29 06:32:45,stallRate,81.2150001525879,0.0,TheEmptinessMachine,HTCP,Bola,HTTP/1.1
2025-04-29 06:32:47,stallRate,83.2160000801086,0.0,TheEmptinessMachine,HTCP,Bola,HTTP/1.1
2025-04-29 06:32:49,stallRate,85.2160000801086,0.0,TheEmptinessMachine,HTCP,Bola,HTTP/1.1
2025-04-29 06:32:51,stallRate,87.2160000801086,0.0,TheEmptinessMachine,HTCP,Bola,HTTP/1.1
2025-04-29 06:32:53,stallRate,89.2160000801086,0.0,TheEmptinessMachine,HTCP,Bola,HTTP/1.1
2025-04-29 06:32:55,stallRate,91.2160000801086,0.0,TheEmptinessMachine,HTCP,Bola,HTTP/1.1
2025-04-29 06:32:57,stallRate,93.2150001525879,0.0,TheEmptinessMachine,HTCP,Bola,HTTP/1.1
2025-04-29 06:32:59,stallRate,95.2150001525879,0.0,TheEmptinessMachine,HTCP,Bola,HTTP/1.1
2025-04-29 06:33:01,stallRate,97.2170000076294,0.0,TheEmptinessMachine,HTCP,Bola,HTTP/1.1
2025-04-29 06:33:03,stallRate,99.2160000801086,0.0,TheEmptinessMachine,HTCP,Bola,HTTP/1.1
2025-04-29 06:33:05,stallRate,101.216000080109,0.0,TheEmptinessMachine,HTCP,Bola,HTTP/1.1
2025-04-29 06:33:07,stallRate,103.216000080109,0.0,TheEmptinessMachine,HTCP,Bola,HTTP/1.1
2025-04-29 06:33:09,stallRate,105.216000080109,0.0,TheEmptinessMachine,HTCP,Bola,HTTP/1.1
2025-04-29 06:33:11,stallRate,107.216000080109,0.0,TheEmptinessMachine,HTCP,Bola,HTTP/1.1
2025-04-29 06:33:13,stallRate,109.216000080109,0.0,TheEmptinessMachine,HTCP,Bola,HTTP/1.1
2025-04-29 06:33:15,stallRate,111.216000080109,0.0,TheEmptinessMachine,HTCP,Bola,HTTP/1.1
2025-04-29 06:33:17,stallRate,113.216000080109,0.0,TheEmptinessMachine,HTCP,Bola,HTTP/1.1
2025-04-29 06:33:19,stallRate,115.216000080109,0.0,TheEmptinessMachine,HTCP,Bola,HTTP/1.1
2025-04-29 06:33:21,stallRate,117.216000080109,0.0,TheEmptinessMachine,HTCP,Bola,HTTP/1.1
2025-04-29 06:33:23,stallRate,119.216000080109,0.0,TheEmptinessMachine,HTCP,Bola,HTTP/1.1
2025-04-29 06:33:25,stallRate,121.215000152588,0.0,TheEmptinessMachine,HTCP,Bola,HTTP/1.1
2025-04-29 06:33:27,stallRate,123.216000080109,0.0,TheEmptinessMachine,HTCP,Bola,HTTP/1.1
2025-04-29 06:33:29,stallRate,125.215000152588,0.0,TheEmptinessMachine,HTCP,Bola,HTTP/1.1
2025-04-29 06:33:31,stallRate,127.216000080109,0.0,TheEmptinessMachine,HTCP,Bola,HTTP/1.1
2025-04-29 06:33:33,stallRate,129.215000152588,0.0,TheEmptinessMachine,HTCP,Bola,HTTP/1.1
2025-04-29 06:33:35,stallRate,131.216000080109,0.0,TheEmptinessMachine,HTCP,Bola,HTTP/1.1
2025-04-29 06:33:37,stallRate,133.216000080109,0.0,TheEmptinessMachine,HTCP,Bola,HTTP/1.1
2025-04-29 06:33:39,stallRate,135.216000080109,0.0,TheEmptinessMachine,HTCP,Bola,HTTP/1.1
2025-04-29 06:33:41,stallRate,137.215000152588,0.0,TheEmptinessMachine,HTCP,Bola,HTTP/1.1
2025-04-29 06:33:43,stallRate,139.215000152588,0.0,TheEmptinessMachine,HTCP,Bola,HTTP/1.1
2025-04-29 06:33:45,stallRate,141.216000080109,0.0,TheEmptinessMachine,HTCP,Bola,HTTP/1.1
2025-04-29 06:33:47,stallRate,143.215000152588,0.0,TheEmptinessMachine,HTCP,Bola,HTTP/1.1
2025-04-29 06:33:49,stallRate,145.217000007629,0.0,TheEmptinessMachine,HTCP,Bola,HTTP/1.1
2025-04-29 06:33:51,stallRate,147.216000080109,0.0,TheEmptinessMachine,HTCP,Bola,HTTP/1.1
2025-04-29 06:33:53,stallRate,149.216000080109,0.0,TheEmptinessMachine,HTCP,Bola,HTTP/1.1
2025-04-29 06:33:55,stallRate,151.216000080109,0.0,TheEmptinessMachine,HTCP,Bola,HTTP/1.1
2025-04-29 06:33:57,stallRate,153.215000152588,0.0,TheEmptinessMachine,HTCP,Bola,HTTP/1.1
2025-04-29 06:33:59,stallRate,155.216000080109,0.0,TheEmptinessMachine,HTCP,Bola,HTTP/1.1
2025-04-29 06:34:01,stallRate,157.215000152588,0.0,TheEmptinessMachine,HTCP,Bola,HTTP/1.1
2025-04-29 06:34:03,stallRate,159.216000080109,0.0,TheEmptinessMachine,HTCP,Bola,HTTP/1.1
2025-04-29 06:34:05,stallRate,161.215000152588,0.0,TheEmptinessMachine,HTCP,Bola,HTTP/1.1
2025-04-29 06:34:07,stallRate,163.216000080109,0.0,TheEmptinessMachine,HTCP,Bola,HTTP/1.1
2025-04-29 06:34:09,stallRate,165.216000080109,0.0,TheEmptinessMachine,HTCP,Bola,HTTP/1.1
2025-04-29 06:34:11,stallRate,167.216000080109,0.0,TheEmptinessMachine,HTCP,Bola,HTTP/1.1
2025-04-29 06:34:13,stallRate,169.216000080109,0.0,TheEmptinessMachine,HTCP,Bola,HTTP/1.1
2025-04-29 06:34:15,stallRate,171.215000152588,0.0,TheEmptinessMachine,HTCP,Bola,HTTP/1.1
2025-04-29 06:34:17,stallRate,173.216000080109,0.0,TheEmptinessMachine,HTCP,Bola,HTTP/1.1
2025-04-29 06:34:19,stallRate,175.216000080109,0.0,TheEmptinessMachine,HTCP,Bola,HTTP/1.1
2025-04-29 06:34:21,stallRate,177.216000080109,0.0,TheEmptinessMachine,HTCP,Bola,HTTP/1.1
2025-04-29 06:34:23,stallRate,179.215000152588,0.0,TheEmptinessMachine,HTCP,Bola,HTTP/1.1
2025-04-29 06:34:25,stallRate,181.217000007629,0.0,TheEmptinessMachine,HTCP,Bola,HTTP/1.1
2025-04-29 06:34:27,stallRate,183.216000080109,0.0,TheEmptinessMachine,HTCP,Bola,HTTP/1.1
2025-04-29 06:34:29,stallRate,185.216000080109,0.0,TheEmptinessMachine,HTCP,Bola,HTTP/1.1
2025-04-29 06:34:31,stallRate,187.216000080109,0.0,TheEmptinessMachine,HTCP,Bola,HTTP/1.1
2025-04-29 06:34:33,stallRate,189.216000080109,0.0,TheEmptinessMachine,HTCP,Bola,HTTP/1.1
2025-04-29 06:34:35,stallRate,191.216000080109,0.0,TheEmptinessMachine,HTCP,Bola,HTTP/1.1
2025-04-29 06:34:37,stallRate,193.216000080109,0.0,TheEmptinessMachine,HTCP,Bola,HTTP/1.1
2025-04-29 06:34:39,stallRate,195.216000080109,0.0,TheEmptinessMachine,HTCP,Bola,HTTP/1.1
2025-04-29 06:34:41,stallRate,197.216000080109,0.0,TheEmptinessMachine,HTCP,Bola,HTTP/1.1
2025-04-29 06:34:43,stallRate,199.215000152588,0.0,TheEmptinessMachine,HTCP,Bola,HTTP/1.1
2025-04-29 06:34:45,stallRate,201.216000080109,0.0,TheEmptinessMachine,HTCP,Bola,HTTP/1.1
2025-04-29 06:34:47,stallRate,203.216000080109,0.0,TheEmptinessMachine,HTCP,Bola,HTTP/1.1
2025-04-29 06:34:49,stallRate,205.216000080109,0.0,TheEmptinessMachine,HTCP,Bola,HTTP/1.1
2025-04-29 06:35:19,stallRate,1.2039999961853,0.0,TheEmptinessMachine,HTCP,Bola,HTTP/2
2025-04-29 06:35:21,stallRate,3.20299983024597,0.0,TheEmptinessMachine,HTCP,Bola,HTTP/2
2025-04-29 06:35:23,stallRate,5.20299983024597,0.0,TheEmptinessMachine,HTCP,Bola,HTTP/2
2025-04-29 06:35:25,stallRate,7.20299983024597,0.0,TheEmptinessMachine,HTCP,Bola,HTTP/2
2025-04-29 06:35:27,stallRate,9.20299983024597,0.0,TheEmptinessMachine,HTCP,Bola,HTTP/2
2025-04-29 06:35:31,stallRate,13.202999830246,60.532579976924,TheEmptinessMachine,HTCP,Bola,HTTP/2
2025-04-29 06:35:33,stallRate,15.202999830246,38.2303042315556,TheEmptinessMachine,HTCP,Bola,HTTP/2
2025-04-29 06:35:35,stallRate,17.202999830246,30.6272979111999,TheEmptinessMachine,HTCP,Bola,HTTP/2
2025-04-29 06:35:37,stallRate,19.202999830246,24.8798048364387,TheEmptinessMachine,HTCP,Bola,HTTP/2
2025-04-29 06:35:39,stallRate,21.202999830246,19.4547643295882,TheEmptinessMachine,HTCP,Bola,HTTP/2
2025-04-29 06:35:41,stallRate,23.2019999027252,16.4297782380929,TheEmptinessMachine,HTCP,Bola,HTTP/2
2025-04-29 06:35:43,stallRate,25.202999830246,14.0875306023354,TheEmptinessMachine,HTCP,Bola,HTTP/2
2025-04-29 06:35:45,stallRate,27.202999830246,11.7610537983268,TheEmptinessMachine,HTCP,Bola,HTTP/2
2025-04-29 06:35:47,stallRate,29.202999830246,10.4060357956335,TheEmptinessMachine,HTCP,Bola,HTTP/2
2025-04-29 06:35:49,stallRate,31.202999830246,9.32403646771777,TheEmptinessMachine,HTCP,Bola,HTTP/2
2025-04-29 06:35:51,stallRate,33.202999830246,8.36025765931175,TheEmptinessMachine,HTCP,Bola,HTTP/2
2025-04-29 06:35:53,stallRate,35.202999830246,7.66735592536951,TheEmptinessMachine,HTCP,Bola,HTTP/2
2025-04-29 06:35:55,stallRate,37.202999830246,7.08512937044374,TheEmptinessMachine,HTCP,Bola,HTTP/2
2025-04-29 06:35:57,stallRate,39.202999830246,6.57642320017,TheEmptinessMachine,HTCP,Bola,HTTP/2
2025-04-29 06:35:59,stallRate,41.202999830246,6.15095297811933,TheEmptinessMachine,HTCP,Bola,HTTP/2
2025-04-29 06:36:01,stallRate,43.202999830246,5.77827587794384,TheEmptinessMachine,HTCP,Bola,HTTP/2
2025-04-29 06:36:03,stallRate,45.202999830246,5.44586633969117,TheEmptinessMachine,HTCP,Bola,HTTP/2
2025-04-29 06:36:05,stallRate,47.202999830246,5.15042556077294,TheEmptinessMachine,HTCP,Bola,HTTP/2
2025-04-29 06:36:07,stallRate,49.202999830246,4.88611420800611,TheEmptinessMachine,HTCP,Bola,HTTP/2
2025-04-29 06:36:09,stallRate,51.202999830246,4.64764681571959,TheEmptinessMachine,HTCP,Bola,HTTP/2
2025-04-29 06:36:11,stallRate,53.202999830246,4.65823329247407,TheEmptinessMachine,HTCP,Bola,HTTP/2
2025-04-29 06:36:13,stallRate,55.202999830246,4.45050088574813,TheEmptinessMachine,HTCP,Bola,HTTP/2
2025-04-29 06:36:15,stallRate,57.202999830246,4.26152533377275,TheEmptinessMachine,HTCP,Bola,HTTP/2
2025-04-29 06:36:17,stallRate,59.2019999027252,4.08824185967231,TheEmptinessMachine,HTCP,Bola,HTTP/2
2025-04-29 06:36:19,stallRate,61.202999830246,3.92857500767175,TheEmptinessMachine,HTCP,Bola,HTTP/2
2025-04-29 06:36:21,stallRate,63.202999830246,3.77937669679027,TheEmptinessMachine,HTCP,Bola,HTTP/2
2025-04-29 06:36:23,stallRate,65.202999830246,3.64172223283806,TheEmptinessMachine,HTCP,Bola,HTTP/2
2025-04-29 06:36:25,stallRate,67.202999830246,3.51340270526591,TheEmptinessMachine,HTCP,Bola,HTTP/2
2025-04-29 06:36:27,stallRate,69.202999830246,3.39557981008639,TheEmptinessMachine,HTCP,Bola,HTTP/2
2025-04-29 06:36:29,stallRate,71.202999830246,3.28427232939755,TheEmptinessMachine,HTCP,Bola,HTTP/2
2025-04-29 06:36:31,stallRate,73.202999830246,3.18014906250392,TheEmptinessMachine,HTCP,Bola,HTTP/2
2025-04-29 06:36:33,stallRate,75.202999830246,3.08188863649738,TheEmptinessMachine,HTCP,Bola,HTTP/2
2025-04-29 06:36:35,stallRate,77.202999830246,2.98956334660591,TheEmptinessMachine,HTCP,Bola,HTTP/2
2025-04-29 06:36:37,stallRate,79.202999830246,2.90287439051682,TheEmptinessMachine,HTCP,Bola,HTTP/2
2025-04-29 06:36:39,stallRate,81.202999830246,2.82125057988109,TheEmptinessMachine,HTCP,Bola,HTTP/2
2025-04-29 06:36:41,stallRate,83.202999830246,2.74397107488631,TheEmptinessMachine,HTCP,Bola,HTTP/2
2025-04-29 06:36:43,stallRate,85.202999830246,2.67093041311757,TheEmptinessMachine,HTCP,Bola,HTTP/2
2025-04-29 06:36:45,stallRate,87.202999830246,2.60174157713584,TheEmptinessMachine,HTCP,Bola,HTTP/2
2025-04-29 06:36:47,stallRate,89.202999830246,2.53590167476876,TheEmptinessMachine,HTCP,Bola,HTTP/2
2025-04-29 06:36:49,stallRate,91.202999830246,2.47304825542953,TheEmptinessMachine,HTCP,Bola,HTTP/2
2025-04-29 06:36:51,stallRate,93.202999830246,2.41352212397021,TheEmptinessMachine,HTCP,Bola,HTTP/2
2025-04-29 06:36:53,stallRate,95.2019999027252,2.35662154302797,TheEmptinessMachine,HTCP,Bola,HTTP/2
2025-04-29 06:36:55,stallRate,97.202999830246,2.30245828570293,TheEmptinessMachine,HTCP,Bola,HTTP/2
2025-04-29 06:36:57,stallRate,99.202999830246,2.25074681266984,TheEmptinessMachine,HTCP,Bola,HTTP/2
2025-04-29 06:36:59,stallRate,101.202999830246,2.20102241402815,TheEmptinessMachine,HTCP,Bola,HTTP/2
2025-04-29 06:37:01,stallRate,103.202999830246,2.15388685021339,TheEmptinessMachine,HTCP,Bola,HTTP/2
2025-04-29 06:37:03,stallRate,105.202999830246,2.1087752864349,TheEmptinessMachine,HTCP,Bola,HTTP/2
2025-04-29 06:37:05,stallRate,107.202999830246,2.06536328345285,TheEmptinessMachine,HTCP,Bola,HTTP/2
2025-04-29 06:37:07,stallRate,109.202999830246,2.02351544756977,TheEmptinessMachine,HTCP,Bola,HTTP/2
2025-04-29 06:37:09,stallRate,111.202999830246,1.98351468782241,TheEmptinessMachine,HTCP,Bola,HTTP/2
2025-04-29 06:37:11,stallRate,113.202999830246,1.94492640674129,TheEmptinessMachine,HTCP,Bola,HTTP/2
2025-04-29 06:37:13,stallRate,115.202999830246,1.9078953609314,TheEmptinessMachine,HTCP,Bola,HTTP/2
2025-04-29 06:37:15,stallRate,117.202999830246,1.87212715466804,TheEmptinessMachine,HTCP,Bola,HTTP/2
2025-04-29 06:37:17,stallRate,119.202999830246,1.84464611769179,TheEmptinessMachine,HTCP,Bola,HTTP/2
2025-04-29 06:37:19,stallRate,121.202999830246,1.82239654024232,TheEmptinessMachine,HTCP,Bola,HTTP/2
2025-04-29 06:37:21,stallRate,123.202999830246,1.79002691224067,TheEmptinessMachine,HTCP,Bola,HTTP/2
2025-04-29 06:37:23,stallRate,125.202999830246,1.75857079182039,TheEmptinessMachine,HTCP,Bola,HTTP/2
2025-04-29 06:37:25,stallRate,127.202999830246,1.72825311122754,TheEmptinessMachine,HTCP,Bola,HTTP/2
2025-04-29 06:37:27,stallRate,129.202999830246,1.69895159539257,TheEmptinessMachine,HTCP,Bola,HTTP/2
2025-04-29 06:37:29,stallRate,131.202999830246,1.67062443366221,TheEmptinessMachine,HTCP,Bola,HTTP/2
2025-04-29 06:37:31,stallRate,133.202999830246,1.64312699140652,TheEmptinessMachine,HTCP,Bola,HTTP/2
2025-04-29 06:37:33,stallRate,135.202999830246,1.61642237362016,TheEmptinessMachine,HTCP,Bola,HTTP/2
2025-04-29 06:37:35,stallRate,137.202999830246,1.5907712902892,TheEmptinessMachine,HTCP,Bola,HTTP/2
2025-04-29 06:37:37,stallRate,139.202999830246,1.56598188287567,TheEmptinessMachine,HTCP,Bola,HTTP/2
2025-04-29 06:37:39,stallRate,141.202999830246,1.54186842017341,TheEmptinessMachine,HTCP,Bola,HTTP/2
2025-04-29 06:37:41,stallRate,143.202999830246,1.51842452237497,TheEmptinessMachine,HTCP,Bola,HTTP/2
2025-04-29 06:37:43,stallRate,145.202999830246,1.49574893919848,TheEmptinessMachine,HTCP,Bola,HTTP/2
2025-04-29 06:37:45,stallRate,147.202999830246,1.47374855227757,TheEmptinessMachine,HTCP,Bola,HTTP/2
2025-04-29 06:37:47,stallRate,149.202999830246,1.45238145679597,TheEmptinessMachine,HTCP,Bola,HTTP/2
2025-04-29 06:37:49,stallRate,151.202999830246,1.43166833636354,TheEmptinessMachine,HTCP,Bola,HTTP/2
2025-04-29 06:37:51,stallRate,153.203999996185,1.4185351186093,TheEmptinessMachine,HTCP,Bola,HTTP/2
2025-04-29 06:37:53,stallRate,155.202999830246,1.40093889201422,TheEmptinessMachine,HTCP,Bola,HTTP/2
2025-04-29 06:37:55,stallRate,157.202999830246,1.38166277334931,TheEmptinessMachine,HTCP,Bola,HTTP/2
2025-04-29 06:37:57,stallRate,159.202999830246,1.36288564528865,TheEmptinessMachine,HTCP,Bola,HTTP/2
2025-04-29 06:37:59,stallRate,161.202999830246,1.34460777646251,TheEmptinessMachine,HTCP,Bola,HTTP/2
2025-04-29 06:38:01,stallRate,163.202999830246,1.32683887037602,TheEmptinessMachine,HTCP,Bola,HTTP/2
2025-04-29 06:38:03,stallRate,165.202999830246,1.30935484030654,TheEmptinessMachine,HTCP,Bola,HTTP/2
2025-04-29 06:38:05,stallRate,167.202999830246,1.29243195667122,TheEmptinessMachine,HTCP,Bola,HTTP/2
2025-04-29 06:38:07,stallRate,169.202999830246,1.27588936166745,TheEmptinessMachine,HTCP,Bola,HTTP/2
2025-04-29 06:38:09,stallRate,171.202999830246,1.25987683659966,TheEmptinessMachine,HTCP,Bola,HTTP/2
2025-04-29 06:38:11,stallRate,173.202999830246,1.24419396593946,TheEmptinessMachine,HTCP,Bola,HTTP/2
2025-04-29 06:38:13,stallRate,175.202999830246,1.22902258549327,TheEmptinessMachine,HTCP,Bola,HTTP/2
2025-04-29 06:38:15,stallRate,177.202999830246,1.21408016378902,TheEmptinessMachine,HTCP,Bola,HTTP/2
2025-04-29 06:38:17,stallRate,179.202999830246,1.19960983696183,TheEmptinessMachine,HTCP,Bola,HTTP/2
2025-04-29 06:38:19,stallRate,181.201999902725,1.18542104203251,TheEmptinessMachine,HTCP,Bola,HTTP/2
2025-04-29 06:38:21,stallRate,183.202999830246,1.1714828420695,TheEmptinessMachine,HTCP,Bola,HTTP/2
2025-04-29 06:38:23,stallRate,185.203999996185,1.15795438940735,TheEmptinessMachine,HTCP,Bola,HTTP/2
2025-04-29 06:38:25,stallRate,187.202999830246,1.144766417048,TheEmptinessMachine,HTCP,Bola,HTTP/2
2025-04-29 06:38:27,stallRate,189.204999923706,1.13769538230057,TheEmptinessMachine,HTCP,Bola,HTTP/2
2025-04-29 06:38:29,stallRate,191.202999830246,1.12692919327634,TheEmptinessMachine,HTCP,Bola,HTTP/2
2025-04-29 06:38:31,stallRate,193.202999830246,1.11436595620077,TheEmptinessMachine,HTCP,Bola,HTTP/2
2025-04-29 06:38:33,stallRate,195.202999830246,1.10213363818277,TheEmptinessMachine,HTCP,Bola,HTTP/2
2025-04-29 06:38:35,stallRate,197.202999830246,1.09018476161005,TheEmptinessMachine,HTCP,Bola,HTTP/2
2025-04-29 06:38:37,stallRate,199.202999830246,1.07843358877946,TheEmptinessMachine,HTCP,Bola,HTTP/2
2025-04-29 06:38:39,stallRate,201.202999830246,1.0668736844731,TheEmptinessMachine,HTCP,Bola,HTTP/2
2025-04-29 06:38:41,stallRate,203.202999830246,1.05558199340954,TheEmptinessMachine,HTCP,Bola,HTTP/2
2025-04-29 06:38:43,stallRate,205.202999830246,1.04456263666566,TheEmptinessMachine,HTCP,Bola,HTTP/2
2025-04-29 06:38:45,stallRate,207.202999830246,1.03384455721877,TheEmptinessMachine,HTCP,Bola,HTTP/2
2025-04-29 06:39:13,stallRate,1.21499991416931,0.0,TheEmptinessMachine,HTCP,Bola,HTTP/3
2025-04-29 06:39:15,stallRate,3.21000003814697,0.0,TheEmptinessMachine,HTCP,Bola,HTTP/3
2025-04-29 06:39:17,stallRate,5.21000003814697,0.0,TheEmptinessMachine,HTCP,Bola,HTTP/3
2025-04-29 06:39:19,stallRate,7.21000003814697,0.0,TheEmptinessMachine,HTCP,Bola,HTTP/3
2025-04-29 06:39:21,stallRate,9.21000003814697,0.0,TheEmptinessMachine,HTCP,Bola,HTTP/3
2025-04-29 06:39:23,stallRate,11.210000038147,0.0,TheEmptinessMachine,HTCP,Bola,HTTP/3
2025-04-29 06:39:25,stallRate,13.210000038147,0.0,TheEmptinessMachine,HTCP,Bola,HTTP/3
2025-04-29 06:39:27,stallRate,15.2089998722076,0.0,TheEmptinessMachine,HTCP,Bola,HTTP/3
2025-04-29 06:39:29,stallRate,17.2089998722076,0.0,TheEmptinessMachine,HTCP,Bola,HTTP/3
2025-04-29 06:39:31,stallRate,19.2089998722076,0.0,TheEmptinessMachine,HTCP,Bola,HTTP/3
2025-04-29 06:39:33,stallRate,21.2089998722076,0.0,TheEmptinessMachine,HTCP,Bola,HTTP/3
2025-04-29 06:39:35,stallRate,23.2089998722076,0.0,TheEmptinessMachine,HTCP,Bola,HTTP/3
2025-04-29 06:39:37,stallRate,25.210000038147,0.0,TheEmptinessMachine,HTCP,Bola,HTTP/3
2025-04-29 06:39:39,stallRate,27.210000038147,0.0,TheEmptinessMachine,HTCP,Bola,HTTP/3
2025-04-29 06:39:41,stallRate,29.210000038147,0.0,TheEmptinessMachine,HTCP,Bola,HTTP/3
2025-04-29 06:39:43,stallRate,31.210000038147,0.0,TheEmptinessMachine,HTCP,Bola,HTTP/3
2025-04-29 06:39:45,stallRate,33.210000038147,0.0,TheEmptinessMachine,HTCP,Bola,HTTP/3
2025-04-29 06:39:47,stallRate,35.210000038147,0.0,TheEmptinessMachine,HTCP,Bola,HTTP/3
2025-04-29 06:39:49,stallRate,37.2089998722076,0.0,TheEmptinessMachine,HTCP,Bola,HTTP/3
2025-04-29 06:39:51,stallRate,39.210000038147,0.0,TheEmptinessMachine,HTCP,Bola,HTTP/3
2025-04-29 06:39:53,stallRate,41.210000038147,0.0,TheEmptinessMachine,HTCP,Bola,HTTP/3
2025-04-29 06:39:55,stallRate,43.210000038147,0.0,TheEmptinessMachine,HTCP,Bola,HTTP/3
2025-04-29 06:39:57,stallRate,45.210000038147,0.0,TheEmptinessMachine,HTCP,Bola,HTTP/3
2025-04-29 06:39:59,stallRate,47.210000038147,0.0,TheEmptinessMachine,HTCP,Bola,HTTP/3
2025-04-29 06:40:01,stallRate,49.210000038147,0.942936860768879,TheEmptinessMachine,HTCP,Bola,HTTP/3
2025-04-29 06:40:03,stallRate,51.2119998931885,0.867156609602608,TheEmptinessMachine,HTCP,Bola,HTTP/3
2025-04-29 06:40:05,stallRate,53.210000038147,0.811962841129164,TheEmptinessMachine,HTCP,Bola,HTTP/3
2025-04-29 06:40:07,stallRate,55.210000038147,0.763802099600665,TheEmptinessMachine,HTCP,Bola,HTTP/3
2025-04-29 06:40:09,stallRate,57.2089998722076,0.720427234402335,TheEmptinessMachine,HTCP,Bola,HTTP/3
2025-04-29 06:40:11,stallRate,59.210000038147,0.682780298997657,TheEmptinessMachine,HTCP,Bola,HTTP/3
2025-04-29 06:40:13,stallRate,61.210000038147,0.649210260971439,TheEmptinessMachine,HTCP,Bola,HTTP/3
2025-04-29 06:40:15,stallRate,63.2089998722076,0.618499534681793,TheEmptinessMachine,HTCP,Bola,HTTP/3
2025-04-29 06:40:17,stallRate,65.210000038147,0.590722036743226,TheEmptinessMachine,HTCP,Bola,HTTP/3
2025-04-29 06:40:19,stallRate,67.210000038147,0.565401856633788,TheEmptinessMachine,HTCP,Bola,HTTP/3
2025-04-29 06:40:21,stallRate,69.210000038147,0.542081164177212,TheEmptinessMachine,HTCP,Bola,HTTP/3
2025-04-29 06:40:23,stallRate,71.210000038147,0.520702962041032,TheEmptinessMachine,HTCP,Bola,HTTP/3
2025-04-29 06:40:25,stallRate,73.210000038147,0.501010758307639,TheEmptinessMachine,HTCP,Bola,HTTP/3
2025-04-29 06:40:27,stallRate,75.210000038147,0.482543693461583,TheEmptinessMachine,HTCP,Bola,HTTP/3
2025-04-29 06:40:29,stallRate,77.210000038147,0.46542960247437,TheEmptinessMachine,HTCP,Bola,HTTP/3
2025-04-29 06:40:31,stallRate,79.210000038147,0.449559546806443,TheEmptinessMachine,HTCP,Bola,HTTP/3
2025-04-29 06:40:33,stallRate,81.2119998931885,0.434662433730888,TheEmptinessMachine,HTCP,Bola,HTTP/3
2025-04-29 06:40:35,stallRate,83.2129998207092,0.420844573889599,TheEmptinessMachine,HTCP,Bola,HTTP/3
2025-04-29 06:40:37,stallRate,85.210000038147,0.40788555626007,TheEmptinessMachine,HTCP,Bola,HTTP/3
2025-04-29 06:40:39,stallRate,87.210000038147,0.395623203236299,TheEmptinessMachine,HTCP,Bola,HTTP/3
2025-04-29 06:40:41,stallRate,89.210000038147,0.384130850449512,TheEmptinessMachine,HTCP,Bola,HTTP/3
2025-04-29 06:40:43,stallRate,91.210000038147,0.373228304008509,TheEmptinessMachine,HTCP,Bola,HTTP/3
2025-04-29 06:40:45,stallRate,93.210000038147,0.362951027947551,TheEmptinessMachine,HTCP,Bola,HTTP/3
2025-04-29 06:40:47,stallRate,95.210000038147,0.353185612925743,TheEmptinessMachine,HTCP,Bola,HTTP/3
2025-04-29 06:40:49,stallRate,97.210000038147,0.343984301365852,TheEmptinessMachine,HTCP,Bola,HTTP/3
2025-04-29 06:40:51,stallRate,99.210000038147,0.335264469400582,TheEmptinessMachine,HTCP,Bola,HTTP/3
2025-04-29 06:40:53,stallRate,101.210000038147,0.326937776954132,TheEmptinessMachine,HTCP,Bola,HTTP/3
2025-04-29 06:40:55,stallRate,103.210999965668,0.318993349478949,TheEmptinessMachine,HTCP,Bola,HTTP/3
2025-04-29 06:40:57,stallRate,105.210000038147,0.311457408146238,TheEmptinessMachine,HTCP,Bola,HTTP/3
2025-04-29 06:40:59,stallRate,107.210000038147,0.304303530981106,TheEmptinessMachine,HTCP,Bola,HTTP/3
2025-04-29 06:41:01,stallRate,109.213999986649,0.297410138965585,TheEmptinessMachine,HTCP,Bola,HTTP/3
2025-04-29 06:41:03,stallRate,111.210000038147,0.292681865930305,TheEmptinessMachine,HTCP,Bola,HTTP/3
2025-04-29 06:41:05,stallRate,113.210000038147,0.286322643328028,TheEmptinessMachine,HTCP,Bola,HTTP/3
2025-04-29 06:41:07,stallRate,115.210000038147,0.280235298957243,TheEmptinessMachine,HTCP,Bola,HTTP/3
2025-04-29 06:41:09,stallRate,117.210000038147,0.274379235462611,TheEmptinessMachine,HTCP,Bola,HTTP/3
2025-04-29 06:41:11,stallRate,119.210000038147,0.268793607873779,TheEmptinessMachine,HTCP,Bola,HTTP/3
2025-04-29 06:41:13,stallRate,121.210000038147,0.263409558328141,TheEmptinessMachine,HTCP,Bola,HTTP/3
2025-04-29 06:41:15,stallRate,123.210000038147,0.258247516670802,TheEmptinessMachine,HTCP,Bola,HTTP/3
2025-04-29 06:41:17,stallRate,125.210000038147,0.253285295317912,TheEmptinessMachine,HTCP,Bola,HTTP/3
2025-04-29 06:41:19,stallRate,127.210000038147,0.248509161943352,TheEmptinessMachine,HTCP,Bola,HTTP/3
2025-04-29 06:41:21,stallRate,129.210000038147,0.243919528179832,TheEmptinessMachine,HTCP,Bola,HTTP/3
2025-04-29 06:41:23,stallRate,131.210000038147,0.23949428550274,TheEmptinessMachine,HTCP,Bola,HTTP/3
2025-04-29 06:41:25,stallRate,133.208999872208,0.235221329523795,TheEmptinessMachine,HTCP,Bola,HTTP/3
2025-04-29 06:41:27,stallRate,135.210000038147,0.23108141700773,TheEmptinessMachine,HTCP,Bola,HTTP/3
2025-04-29 06:41:29,stallRate,137.208999872208,0.227086455269366,TheEmptinessMachine,HTCP,Bola,HTTP/3
2025-04-29 06:41:31,stallRate,139.210000038147,0.223235641434824,TheEmptinessMachine,HTCP,Bola,HTTP/3
2025-04-29 06:41:33,stallRate,141.210000038147,0.219501525114917,TheEmptinessMachine,HTCP,Bola,HTTP/3
2025-04-29 06:41:35,stallRate,143.210000038147,0.215925545594067,TheEmptinessMachine,HTCP,Bola,HTTP/3
2025-04-29 06:41:37,stallRate,145.210999965668,0.212430417046372,TheEmptinessMachine,HTCP,Bola,HTTP/3
2025-04-29 06:41:39,stallRate,147.213999986649,0.209050763554934,TheEmptinessMachine,HTCP,Bola,HTTP/3
2025-04-29 06:41:41,stallRate,149.210000038147,0.205797521590205,TheEmptinessMachine,HTCP,Bola,HTTP/3
2025-04-29 06:41:43,stallRate,151.210000038147,0.202633307108144,TheEmptinessMachine,HTCP,Bola,HTTP/3
2025-04-29 06:41:45,stallRate,153.210000038147,0.199551304159402,TheEmptinessMachine,HTCP,Bola,HTTP/3
2025-04-29 06:41:47,stallRate,155.210000038147,0.196675914315905,TheEmptinessMachine,HTCP,Bola,HTTP/3
2025-04-29 06:41:49,stallRate,157.210000038147,0.193776528861693,TheEmptinessMachine,HTCP,Bola,HTTP/3
2025-04-29 06:41:51,stallRate,159.210000038147,0.192226368572952,TheEmptinessMachine,HTCP,Bola,HTTP/3
2025-04-29 06:41:53,stallRate,161.210000038147,0.189463836253829,TheEmptinessMachine,HTCP,Bola,HTTP/3
2025-04-29 06:41:55,stallRate,163.210000038147,0.186778445095454,TheEmptinessMachine,HTCP,Bola,HTTP/3
2025-04-29 06:41:57,stallRate,165.210000038147,0.184172707729511,TheEmptinessMachine,HTCP,Bola,HTTP/3
2025-04-29 06:41:59,stallRate,167.210000038147,0.181650948884577,TheEmptinessMachine,HTCP,Bola,HTTP/3
2025-04-29 06:42:01,stallRate,169.210000038147,0.180801915987061,TheEmptinessMachine,HTCP,Bola,HTTP/3
2025-04-29 06:42:03,stallRate,171.210000038147,0.178342417617795,TheEmptinessMachine,HTCP,Bola,HTTP/3
2025-04-29 06:42:05,stallRate,173.210000038147,0.175960653515058,TheEmptinessMachine,HTCP,Bola,HTTP/3
2025-04-29 06:42:07,stallRate,175.210000038147,0.173635828956619,TheEmptinessMachine,HTCP,Bola,HTTP/3
2025-04-29 06:42:09,stallRate,177.210000038147,0.171389274827322,TheEmptinessMachine,HTCP,Bola,HTTP/3
2025-04-29 06:42:11,stallRate,179.210000038147,0.169192993085685,TheEmptinessMachine,HTCP,Bola,HTTP/3
2025-04-29 06:42:13,stallRate,181.210000038147,0.167042741051816,TheEmptinessMachine,HTCP,Bola,HTTP/3
2025-04-29 06:42:15,stallRate,183.210000038147,0.16495209140221,TheEmptinessMachine,HTCP,Bola,HTTP/3
2025-04-29 06:42:17,stallRate,185.210000038147,0.162912387282322,TheEmptinessMachine,HTCP,Bola,HTTP/3
2025-04-29 06:42:19,stallRate,187.210999965668,0.160922321000159,TheEmptinessMachine,HTCP,Bola,HTTP/3
2025-04-29 06:42:21,stallRate,189.210000038147,0.158975599127898,TheEmptinessMachine,HTCP,Bola,HTTP/3
2025-04-29 06:42:23,stallRate,191.210000038147,0.157073763591929,TheEmptinessMachine,HTCP,Bola,HTTP/3
2025-04-29 06:42:25,stallRate,193.210000038147,0.155221637323657,TheEmptinessMachine,HTCP,Bola,HTTP/3
2025-04-29 06:42:27,stallRate,195.212999820709,0.153414833114875,TheEmptinessMachine,HTCP,Bola,HTTP/3
2025-04-29 06:42:29,stallRate,197.210000038147,0.151658646005878,TheEmptinessMachine,HTCP,Bola,HTTP/3
2025-04-29 06:42:31,stallRate,199.213999986649,0.149931497806498,TheEmptinessMachine,HTCP,Bola,HTTP/3
2025-04-29 06:42:33,stallRate,201.210000038147,0.148241753506748,TheEmptinessMachine,HTCP,Bola,HTTP/3
2025-04-29 06:42:35,stallRate,203.210000038147,0.146616203465272,TheEmptinessMachine,HTCP,Bola,HTTP/3
2025-04-29 06:43:07,stallRate,1.21599984169006,0.0,TheEmptinessMachine,HTCP,Festive,HTTP/1.1
2025-04-29 06:43:09,stallRate,3.21499991416931,0.0,TheEmptinessMachine,HTCP,Festive,HTTP/1.1
2025-04-29 06:43:11,stallRate,5.21499991416931,0.0,TheEmptinessMachine,HTCP,Festive,HTTP/1.1
2025-04-29 06:43:13,stallRate,7.21399998664856,0.0,TheEmptinessMachine,HTCP,Festive,HTTP/1.1
2025-04-29 06:43:15,stallRate,9.21499991416931,0.0,TheEmptinessMachine,HTCP,Festive,HTTP/1.1
2025-04-29 06:43:17,stallRate,11.2149999141693,0.0,TheEmptinessMachine,HTCP,Festive,HTTP/1.1
2025-04-29 06:43:19,stallRate,13.2149999141693,0.0,TheEmptinessMachine,HTCP,Festive,HTTP/1.1
2025-04-29 06:43:21,stallRate,15.2149999141693,0.0,TheEmptinessMachine,HTCP,Festive,HTTP/1.1
2025-04-29 06:43:23,stallRate,17.2149999141693,0.0,TheEmptinessMachine,HTCP,Festive,HTTP/1.1
2025-04-29 06:43:25,stallRate,19.2149999141693,0.0,TheEmptinessMachine,HTCP,Festive,HTTP/1.1
2025-04-29 06:43:27,stallRate,21.2149999141693,0.0,TheEmptinessMachine,HTCP,Festive,HTTP/1.1
2025-04-29 06:43:29,stallRate,23.2149999141693,0.0,TheEmptinessMachine,HTCP,Festive,HTTP/1.1
2025-04-29 06:43:31,stallRate,25.2149999141693,0.0,TheEmptinessMachine,HTCP,Festive,HTTP/1.1
2025-04-29 06:43:33,stallRate,27.2149999141693,0.0,TheEmptinessMachine,HTCP,Festive,HTTP/1.1
2025-04-29 06:43:35,stallRate,29.2149999141693,0.0,TheEmptinessMachine,HTCP,Festive,HTTP/1.1
2025-04-29 06:43:37,stallRate,31.2149999141693,0.0,TheEmptinessMachine,HTCP,Festive,HTTP/1.1
2025-04-29 06:43:39,stallRate,33.2149999141693,0.0,TheEmptinessMachine,HTCP,Festive,HTTP/1.1
2025-04-29 06:43:41,stallRate,35.2149999141693,0.0,TheEmptinessMachine,HTCP,Festive,HTTP/1.1
2025-04-29 06:43:43,stallRate,37.2149999141693,0.0,TheEmptinessMachine,HTCP,Festive,HTTP/1.1
2025-04-29 06:43:45,stallRate,39.2149999141693,0.0,TheEmptinessMachine,HTCP,Festive,HTTP/1.1
2025-04-29 06:43:47,stallRate,41.2149999141693,0.0,TheEmptinessMachine,HTCP,Festive,HTTP/1.1
2025-04-29 06:43:49,stallRate,43.2149999141693,0.254296853673006,TheEmptinessMachine,HTCP,Festive,HTTP/1.1
2025-04-29 06:43:51,stallRate,45.2149999141693,0.626061093532578,TheEmptinessMachine,HTCP,Festive,HTTP/1.1
2025-04-29 06:43:53,stallRate,47.2149999141693,0.596020283310163,TheEmptinessMachine,HTCP,Festive,HTTP/1.1
2025-04-29 06:43:55,stallRate,49.2149999141693,0.568627554217912,TheEmptinessMachine,HTCP,Festive,HTTP/1.1
2025-04-29 06:43:57,stallRate,51.2149999141693,0.696359911550743,TheEmptinessMachine,HTCP,Festive,HTTP/1.1
2025-04-29 06:43:59,stallRate,53.2149999141693,0.667091149983407,TheEmptinessMachine,HTCP,Festive,HTTP/1.1
2025-04-29 06:44:01,stallRate,55.2149999141693,0.787982301776612,TheEmptinessMachine,HTCP,Festive,HTTP/1.1
2025-04-29 06:44:03,stallRate,57.2149999141693,0.757509516902612,TheEmptinessMachine,HTCP,Festive,HTTP/1.1
2025-04-29 06:44:05,stallRate,59.2159998416901,0.729275567083471,TheEmptinessMachine,HTCP,Festive,HTTP/1.1
2025-04-29 06:44:07,stallRate,61.2149999141693,0.703167205186778,TheEmptinessMachine,HTCP,Festive,HTTP/1.1
2025-04-29 06:44:09,stallRate,63.2149999141693,0.990812025847036,TheEmptinessMachine,HTCP,Festive,HTTP/1.1
2025-04-29 06:44:11,stallRate,65.2149999141693,0.957512225412218,TheEmptinessMachine,HTCP,Festive,HTTP/1.1
2025-04-29 06:44:13,stallRate,67.2149999141693,1.22571114996004,TheEmptinessMachine,HTCP,Festive,HTTP/1.1
2025-04-29 06:44:15,stallRate,69.2149999141693,1.31008847117767,TheEmptinessMachine,HTCP,Festive,HTTP/1.1
2025-04-29 06:44:17,stallRate,71.2149999141693,1.27015507098391,TheEmptinessMachine,HTCP,Festive,HTTP/1.1
2025-04-29 06:44:19,stallRate,73.2139999866486,1.32669060235166,TheEmptinessMachine,HTCP,Festive,HTTP/1.1
2025-04-29 06:44:21,stallRate,75.2149999141693,1.48650605082655,TheEmptinessMachine,HTCP,Festive,HTTP/1.1
2025-04-29 06:44:23,stallRate,77.2149999141693,1.4449288972633,TheEmptinessMachine,HTCP,Festive,HTTP/1.1
2025-04-29 06:44:25,stallRate,79.2149999141693,1.40594170590078,TheEmptinessMachine,HTCP,Festive,HTTP/1.1
2025-04-29 06:44:27,stallRate,81.2149999141693,1.46453059006242,TheEmptinessMachine,HTCP,Festive,HTTP/1.1
2025-04-29 06:44:29,stallRate,83.2149999141693,1.42694348692082,TheEmptinessMachine,HTCP,Festive,HTTP/1.1
2025-04-29 06:44:31,stallRate,85.2219998836517,1.565255268761,TheEmptinessMachine,HTCP,Festive,HTTP/1.1
2025-04-29 06:44:33,stallRate,87.2149999141693,1.60579907474537,TheEmptinessMachine,HTCP,Festive,HTTP/1.1
2025-04-29 06:44:35,stallRate,89.2149999141693,1.56741312266759,TheEmptinessMachine,HTCP,Festive,HTTP/1.1
2025-04-29 06:44:37,stallRate,91.2149999141693,1.53090257456661,TheEmptinessMachine,HTCP,Festive,HTTP/1.1
2025-04-29 06:44:39,stallRate,93.2149999141693,1.6815129602161,TheEmptinessMachine,HTCP,Festive,HTTP/1.1
2025-04-29 06:44:41,stallRate,95.2149999141693,1.6438938569474,TheEmptinessMachine,HTCP,Festive,HTTP/1.1
2025-04-29 06:44:43,stallRate,97.2149999141693,1.70292598068309,TheEmptinessMachine,HTCP,Festive,HTTP/1.1
2025-04-29 06:44:45,stallRate,99.2149999141693,1.70468998240755,TheEmptinessMachine,HTCP,Festive,HTTP/1.1
2025-04-29 06:44:47,stallRate,101.214999914169,1.66898636399978,TheEmptinessMachine,HTCP,Festive,HTTP/1.1
2025-04-29 06:44:49,stallRate,103.21599984169,1.70892195987472,TheEmptinessMachine,HTCP,Festive,HTTP/1.1
2025-04-29 06:44:51,stallRate,105.214999914169,1.87687416554427,TheEmptinessMachine,HTCP,Festive,HTTP/1.1
2025-04-29 06:44:53,stallRate,107.214999914169,1.84002915013773,TheEmptinessMachine,HTCP,Festive,HTTP/1.1
2025-04-29 06:44:55,stallRate,109.214999914169,1.80466523083811,TheEmptinessMachine,HTCP,Festive,HTTP/1.1
2025-04-29 06:44:57,stallRate,111.214999914169,1.77048246598292,TheEmptinessMachine,HTCP,Festive,HTTP/1.1
2025-04-29 06:44:59,stallRate,113.214999914169,1.73749315575951,TheEmptinessMachine,HTCP,Festive,HTTP/1.1
2025-04-29 06:45:01,stallRate,115.21599984169,1.70577975237006,TheEmptinessMachine,HTCP,Festive,HTTP/1.1
2025-04-29 06:45:03,stallRate,117.214999914169,1.67513385693037,TheEmptinessMachine,HTCP,Festive,HTTP/1.1
2025-04-29 06:45:05,stallRate,119.214999914169,1.64572718019938,TheEmptinessMachine,HTCP,Festive,HTTP/1.1
2025-04-29 06:45:07,stallRate,121.214999914169,1.61721564564067,TheEmptinessMachine,HTCP,Festive,HTTP/1.1
2025-04-29 06:45:09,stallRate,123.214999914169,1.58981151500963,TheEmptinessMachine,HTCP,Festive,HTTP/1.1
2025-04-29 06:45:11,stallRate,125.214999914169,1.56333625934918,TheEmptinessMachine,HTCP,Festive,HTTP/1.1
2025-04-29 06:45:13,stallRate,127.214999914169,1.53760344880811,TheEmptinessMachine,HTCP,Festive,HTTP/1.1
2025-04-29 06:45:15,stallRate,129.214999914169,1.51267340400494,TheEmptinessMachine,HTCP,Festive,HTTP/1.1
2025-04-29 06:45:17,stallRate,131.214999914169,1.48859564984148,TheEmptinessMachine,HTCP,Festive,HTTP/1.1
2025-04-29 06:45:19,stallRate,133.214999914169,1.46532978735406,TheEmptinessMachine,HTCP,Festive,HTTP/1.1
2025-04-29 06:45:21,stallRate,135.214999914169,1.44269931300892,TheEmptinessMachine,HTCP,Festive,HTTP/1.1
2025-04-29 06:45:23,stallRate,137.214999914169,1.42083543027275,TheEmptinessMachine,HTCP,Festive,HTTP/1.1
2025-04-29 06:45:25,stallRate,139.214999914169,1.39953449937099,TheEmptinessMachine,HTCP,Festive,HTTP/1.1
2025-04-29 06:45:27,stallRate,141.214999914169,1.50948950849857,TheEmptinessMachine,HTCP,Festive,HTTP/1.1
2025-04-29 06:45:29,stallRate,143.214999914169,1.48767680834731,TheEmptinessMachine,HTCP,Festive,HTTP/1.1
2025-04-29 06:45:31,stallRate,145.214999914169,1.6167189922015,TheEmptinessMachine,HTCP,Festive,HTTP/1.1
2025-04-29 06:45:33,stallRate,147.214999914169,1.64556707369447,TheEmptinessMachine,HTCP,Festive,HTTP/1.1
2025-04-29 06:45:35,stallRate,149.214999914169,1.62249484989156,TheEmptinessMachine,HTCP,Festive,HTTP/1.1
2025-04-29 06:45:37,stallRate,151.214999914169,1.60013597312007,TheEmptinessMachine,HTCP,Festive,HTTP/1.1
2025-04-29 06:45:39,stallRate,153.214999914169,1.57853615527713,TheEmptinessMachine,HTCP,Festive,HTTP/1.1
2025-04-29 06:45:41,stallRate,155.214999914169,1.55741026990023,TheEmptinessMachine,HTCP,Festive,HTTP/1.1
2025-04-29 06:45:43,stallRate,157.214999914169,1.53688391183177,TheEmptinessMachine,HTCP,Festive,HTTP/1.1
2025-04-29 06:45:45,stallRate,159.214999914169,1.51689517481391,TheEmptinessMachine,HTCP,Festive,HTTP/1.1
2025-04-29 06:45:47,stallRate,161.214999914169,1.49732151135383,TheEmptinessMachine,HTCP,Festive,HTTP/1.1
2025-04-29 06:45:49,stallRate,163.214999914169,1.47840791955897,TheEmptinessMachine,HTCP,Festive,HTTP/1.1
2025-04-29 06:45:51,stallRate,165.21599984169,1.45980581977659,TheEmptinessMachine,HTCP,Festive,HTTP/1.1
2025-04-29 06:45:53,stallRate,167.214999914169,1.44184178217205,TheEmptinessMachine,HTCP,Festive,HTTP/1.1
2025-04-29 06:45:55,stallRate,169.214999914169,1.42422531752894,TheEmptinessMachine,HTCP,Festive,HTTP/1.1
2025-04-29 06:45:57,stallRate,171.217000007629,1.40699259870779,TheEmptinessMachine,HTCP,Festive,HTTP/1.1
2025-04-29 06:45:59,stallRate,173.214999914169,1.39032286974491,TheEmptinessMachine,HTCP,Festive,HTTP/1.1
2025-04-29 06:46:01,stallRate,175.214999914169,1.37385869158577,TheEmptinessMachine,HTCP,Festive,HTTP/1.1
2025-04-29 06:46:03,stallRate,177.214999914169,1.35792734386278,TheEmptinessMachine,HTCP,Festive,HTTP/1.1
2025-04-29 06:46:05,stallRate,179.214999914169,1.34222135054155,TheEmptinessMachine,HTCP,Festive,HTTP/1.1
2025-04-29 06:46:07,stallRate,181.214999914169,1.32691271961281,TheEmptinessMachine,HTCP,Festive,HTTP/1.1
2025-04-29 06:46:09,stallRate,183.214999914169,1.31204659305344,TheEmptinessMachine,HTCP,Festive,HTTP/1.1
2025-04-29 06:46:11,stallRate,185.214999914169,1.29741995641884,TheEmptinessMachine,HTCP,Festive,HTTP/1.1
2025-04-29 06:46:13,stallRate,187.213999986649,1.28314696328294,TheEmptinessMachine,HTCP,Festive,HTTP/1.1
2025-04-29 06:46:15,stallRate,189.214999914169,1.26917882627369,TheEmptinessMachine,HTCP,Festive,HTTP/1.1
2025-04-29 06:46:17,stallRate,191.214999914169,1.25551495932777,TheEmptinessMachine,HTCP,Festive,HTTP/1.1
2025-04-29 06:46:19,stallRate,193.219999790192,1.29448224280104,TheEmptinessMachine,HTCP,Festive,HTTP/1.1
2025-04-29 06:46:21,stallRate,195.214999914169,1.34808912794434,TheEmptinessMachine,HTCP,Festive,HTTP/1.1
2025-04-29 06:46:23,stallRate,197.213999986649,1.33409865061709,TheEmptinessMachine,HTCP,Festive,HTTP/1.1
2025-04-29 06:46:25,stallRate,199.213999986649,1.39034123418391,TheEmptinessMachine,HTCP,Festive,HTTP/1.1
2025-04-29 06:47:01,stallRate,1.44700002670288,0.0,TheEmptinessMachine,HTCP,Festive,HTTP/2
2025-04-29 06:47:03,stallRate,3.44700002670288,0.0,TheEmptinessMachine,HTCP,Festive,HTTP/2
2025-04-29 06:47:05,stallRate,5.44600009918213,0.0,TheEmptinessMachine,HTCP,Festive,HTTP/2
2025-04-29 06:47:07,stallRate,7.44600009918213,0.0,TheEmptinessMachine,HTCP,Festive,HTTP/2
2025-04-29 06:47:09,stallRate,9.44600009918213,0.0,TheEmptinessMachine,HTCP,Festive,HTTP/2
2025-04-29 06:47:11,stallRate,11.4460000991821,0.0,TheEmptinessMachine,HTCP,Festive,HTTP/2
2025-04-29 06:47:13,stallRate,13.4470000267029,0.0,TheEmptinessMachine,HTCP,Festive,HTTP/2
2025-04-29 06:47:15,stallRate,15.4460000991821,0.0,TheEmptinessMachine,HTCP,Festive,HTTP/2
2025-04-29 06:47:17,stallRate,17.4470000267029,0.0,TheEmptinessMachine,HTCP,Festive,HTTP/2
2025-04-29 06:47:19,stallRate,19.4460000991821,0.0,TheEmptinessMachine,HTCP,Festive,HTTP/2
2025-04-29 06:47:21,stallRate,21.4460000991821,0.0,TheEmptinessMachine,HTCP,Festive,HTTP/2
2025-04-29 06:47:23,stallRate,23.4460000991821,0.0,TheEmptinessMachine,HTCP,Festive,HTTP/2
2025-04-29 06:47:25,stallRate,25.4470000267029,0.0,TheEmptinessMachine,HTCP,Festive,HTTP/2
2025-04-29 06:47:27,stallRate,27.4460000991821,0.0,TheEmptinessMachine,HTCP,Festive,HTTP/2
2025-04-29 06:47:29,stallRate,29.4470000267029,0.0,TheEmptinessMachine,HTCP,Festive,HTTP/2
2025-04-29 06:47:31,stallRate,31.4460000991821,0.0,TheEmptinessMachine,HTCP,Festive,HTTP/2
2025-04-29 06:47:33,stallRate,33.4460000991821,0.0,TheEmptinessMachine,HTCP,Festive,HTTP/2
2025-04-29 06:47:35,stallRate,35.4460000991821,0.0,TheEmptinessMachine,HTCP,Festive,HTTP/2
2025-04-29 06:47:37,stallRate,37.4470000267029,0.0,TheEmptinessMachine,HTCP,Festive,HTTP/2
2025-04-29 06:47:39,stallRate,39.4460000991821,0.583558469487591,TheEmptinessMachine,HTCP,Festive,HTTP/2
2025-04-29 06:47:41,stallRate,41.4470000267029,0.55287936888721,TheEmptinessMachine,HTCP,Festive,HTTP/2
2025-04-29 06:47:43,stallRate,43.4460000991821,0.525157088647127,TheEmptinessMachine,HTCP,Festive,HTTP/2
2025-04-29 06:47:45,stallRate,45.4460000991821,0.705360907320985,TheEmptinessMachine,HTCP,Festive,HTTP/2
2025-04-29 06:47:47,stallRate,47.4460000991821,0.673209703981277,TheEmptinessMachine,HTCP,Festive,HTTP/2
2025-04-29 06:47:49,stallRate,49.4460000991821,0.862132016147479,TheEmptinessMachine,HTCP,Festive,HTTP/2
2025-04-29 06:47:51,stallRate,51.4470000267029,0.826175628846181,TheEmptinessMachine,HTCP,Festive,HTTP/2
2025-04-29 06:47:53,stallRate,53.4470000267029,0.793124556720809,TheEmptinessMachine,HTCP,Festive,HTTP/2
2025-04-29 06:47:55,stallRate,55.4460000991821,0.762503322845836,TheEmptinessMachine,HTCP,Festive,HTTP/2
2025-04-29 06:47:57,stallRate,57.4460000991821,0.734207861416724,TheEmptinessMachine,HTCP,Festive,HTTP/2
2025-04-29 06:47:59,stallRate,59.4460000991821,0.707966132102055,TheEmptinessMachine,HTCP,Festive,HTTP/2
2025-04-29 06:48:01,stallRate,61.4470000267029,0.683577520115545,TheEmptinessMachine,HTCP,Festive,HTTP/2
2025-04-29 06:48:03,stallRate,63.4470000267029,0.660728380766049,TheEmptinessMachine,HTCP,Festive,HTTP/2
2025-04-29 06:48:05,stallRate,65.4460000991821,0.639458655570275,TheEmptinessMachine,HTCP,Festive,HTTP/2
2025-04-29 06:48:07,stallRate,67.4470000267029,0.61953910980272,TheEmptinessMachine,HTCP,Festive,HTTP/2
2025-04-29 06:48:09,stallRate,69.4460000991821,0.600575051749777,TheEmptinessMachine,HTCP,Festive,HTTP/2
2025-04-29 06:48:11,stallRate,71.4460000991821,0.583008767758597,TheEmptinessMachine,HTCP,Festive,HTTP/2
2025-04-29 06:48:13,stallRate,73.4460000991821,0.566359489648719,TheEmptinessMachine,HTCP,Festive,HTTP/2
2025-04-29 06:48:15,stallRate,75.4460000991821,0.550612791885218,TheEmptinessMachine,HTCP,Festive,HTTP/2
2025-04-29 06:48:17,stallRate,77.4470000267029,0.535728443673385,TheEmptinessMachine,HTCP,Festive,HTTP/2
2025-04-29 06:48:19,stallRate,79.4470000267029,0.521575936890483,TheEmptinessMachine,HTCP,Festive,HTTP/2
2025-04-29 06:48:21,stallRate,81.4460000991821,0.508228837890133,TheEmptinessMachine,HTCP,Festive,HTTP/2
2025-04-29 06:48:23,stallRate,83.4470000267029,1.86957868604722,TheEmptinessMachine,HTCP,Festive,HTTP/2
2025-04-29 06:48:25,stallRate,85.4470000267029,1.82388960640646,TheEmptinessMachine,HTCP,Festive,HTTP/2
2025-04-29 06:48:27,stallRate,87.4470000267029,1.78018424067418,TheEmptinessMachine,HTCP,Festive,HTTP/2
2025-04-29 06:48:29,stallRate,89.4460000991821,1.73884010305111,TheEmptinessMachine,HTCP,Festive,HTTP/2
2025-04-29 06:48:31,stallRate,91.4470000267029,1.79730782565611,TheEmptinessMachine,HTCP,Festive,HTTP/2
2025-04-29 06:48:33,stallRate,93.4460000991821,1.75731968604621,TheEmptinessMachine,HTCP,Festive,HTTP/2
2025-04-29 06:48:35,stallRate,95.4470000267029,1.71919081650197,TheEmptinessMachine,HTCP,Festive,HTTP/2
2025-04-29 06:48:37,stallRate,97.4470000267029,1.68254204820089,TheEmptinessMachine,HTCP,Festive,HTTP/2
2025-04-29 06:48:39,stallRate,99.4460000991821,1.64758033623836,TheEmptinessMachine,HTCP,Festive,HTTP/2
2025-04-29 06:48:41,stallRate,101.446000099182,1.61406510954018,TheEmptinessMachine,HTCP,Festive,HTTP/2
2025-04-29 06:48:43,stallRate,103.446000099182,1.58172832889567,TheEmptinessMachine,HTCP,Festive,HTTP/2
2025-04-29 06:48:45,stallRate,105.446000099182,1.55061907819389,TheEmptinessMachine,HTCP,Festive,HTTP/2
2025-04-29 06:48:47,stallRate,107.447000026703,1.52078174413974,TheEmptinessMachine,HTCP,Festive,HTTP/2
2025-04-29 06:48:49,stallRate,109.446000099182,1.4921465736365,TheEmptinessMachine,HTCP,Festive,HTTP/2
2025-04-29 06:48:51,stallRate,111.446000099182,1.46445034289343,TheEmptinessMachine,HTCP,Festive,HTTP/2
2025-04-29 06:48:53,stallRate,113.446000099182,1.43773503448878,TheEmptinessMachine,HTCP,Festive,HTTP/2
2025-04-29 06:48:55,stallRate,115.446000099182,1.4120497423717,TheEmptinessMachine,HTCP,Festive,HTTP/2
2025-04-29 06:48:57,stallRate,117.446000099182,1.38733167712726,TheEmptinessMachine,HTCP,Festive,HTTP/2
2025-04-29 06:48:59,stallRate,119.447000026703,1.36343009556648,TheEmptinessMachine,HTCP,Festive,HTTP/2
2025-04-29 06:49:01,stallRate,121.446000099182,1.34036493139048,TheEmptinessMachine,HTCP,Festive,HTTP/2
2025-04-29 06:49:03,stallRate,123.447000026703,1.31794542310591,TheEmptinessMachine,HTCP,Festive,HTTP/2
2025-04-29 06:49:05,stallRate,125.446000099182,1.29625768553392,TheEmptinessMachine,HTCP,Festive,HTTP/2
2025-04-29 06:49:07,stallRate,127.446000099182,1.2753359393509,TheEmptinessMachine,HTCP,Festive,HTTP/2
2025-04-29 06:49:09,stallRate,129.447000026703,1.25519971761916,TheEmptinessMachine,HTCP,Festive,HTTP/2
2025-04-29 06:49:11,stallRate,131.447000026703,1.23555985329035,TheEmptinessMachine,HTCP,Festive,HTTP/2
2025-04-29 06:49:13,stallRate,133.446000099182,1.31782153974142,TheEmptinessMachine,HTCP,Festive,HTTP/2
2025-04-29 06:49:15,stallRate,135.446000099182,1.32294743443787,TheEmptinessMachine,HTCP,Festive,HTTP/2
2025-04-29 06:49:17,stallRate,137.446000099182,1.3030955164972,TheEmptinessMachine,HTCP,Festive,HTTP/2
2025-04-29 06:49:19,stallRate,139.446000099182,1.29625445044472,TheEmptinessMachine,HTCP,Festive,HTTP/2
2025-04-29 06:49:23,stallRate,143.446000099182,1.40474342196512,TheEmptinessMachine,HTCP,Festive,HTTP/2
2025-04-29 06:49:25,stallRate,145.446000099182,1.47639372789678,TheEmptinessMachine,HTCP,Festive,HTTP/2
2025-04-29 06:49:29,stallRate,149.446000099182,1.53280178346814,TheEmptinessMachine,HTCP,Festive,HTTP/2
2025-04-29 06:49:31,stallRate,151.446000099182,1.51200175211948,TheEmptinessMachine,HTCP,Festive,HTTP/2
2025-04-29 06:49:33,stallRate,153.446000099182,1.49185757418081,TheEmptinessMachine,HTCP,Festive,HTTP/2
2025-04-29 06:49:35,stallRate,155.446000099182,1.47228869587258,TheEmptinessMachine,HTCP,Festive,HTTP/2
2025-04-29 06:49:37,stallRate,157.446000099182,1.45313272853334,TheEmptinessMachine,HTCP,Festive,HTTP/2
2025-04-29 06:49:39,stallRate,159.447000026703,1.43444954117403,TheEmptinessMachine,HTCP,Festive,HTTP/2
2025-04-29 06:49:41,stallRate,161.447000026703,1.41628014469216,TheEmptinessMachine,HTCP,Festive,HTTP/2
2025-04-29 06:49:43,stallRate,163.446000099182,1.39850692290408,TheEmptinessMachine,HTCP,Festive,HTTP/2
2025-04-29 06:49:45,stallRate,165.446000099182,1.38127484333631,TheEmptinessMachine,HTCP,Festive,HTTP/2
2025-04-29 06:49:47,stallRate,167.447000026703,1.36448225015372,TheEmptinessMachine,HTCP,Festive,HTTP/2
2025-04-29 06:49:49,stallRate,169.447000026703,1.3481136007964,TheEmptinessMachine,HTCP,Festive,HTTP/2
2025-04-29 06:49:51,stallRate,171.447000026703,1.33196422127445,TheEmptinessMachine,HTCP,Festive,HTTP/2
2025-04-29 06:49:53,stallRate,173.446000099182,1.31636188638992,TheEmptinessMachine,HTCP,Festive,HTTP/2
2025-04-29 06:49:55,stallRate,175.447000026703,1.30104693165791,TheEmptinessMachine,HTCP,Festive,HTTP/2
2025-04-29 06:49:57,stallRate,177.446000099182,1.2860931961719,TheEmptinessMachine,HTCP,Festive,HTTP/2
2025-04-29 06:49:59,stallRate,179.446000099182,1.27147386608993,TheEmptinessMachine,HTCP,Festive,HTTP/2
2025-04-29 06:50:03,stallRate,183.447000026703,1.81101363211794,TheEmptinessMachine,HTCP,Festive,HTTP/2
2025-04-29 06:50:05,stallRate,185.446000099182,1.79118740194419,TheEmptinessMachine,HTCP,Festive,HTTP/2
2025-04-29 06:50:07,stallRate,187.446000099182,1.77168971593458,TheEmptinessMachine,HTCP,Festive,HTTP/2
2025-04-29 06:50:11,stallRate,191.446000099182,1.85816447407354,TheEmptinessMachine,HTCP,Festive,HTTP/2
2025-04-29 06:50:13,stallRate,193.447000026703,1.94016853937564,TheEmptinessMachine,HTCP,Festive,HTTP/2
2025-04-29 06:50:17,stallRate,197.447000026703,1.95929273924418,TheEmptinessMachine,HTCP,Festive,HTTP/2
2025-04-29 06:50:54,stallRate,1.20000004768372,0.0,TheEmptinessMachine,HTCP,Festive,HTTP/3
2025-04-29 06:50:57,stallRate,3.19900012016296,0.0,TheEmptinessMachine,HTCP,Festive,HTTP/3
2025-04-29 06:50:58,stallRate,5.19900012016296,0.0,TheEmptinessMachine,HTCP,Festive,HTTP/3
2025-04-29 06:51:00,stallRate,7.19900012016296,0.0,TheEmptinessMachine,HTCP,Festive,HTTP/3
2025-04-29 06:51:02,stallRate,9.19799995422363,0.0,TheEmptinessMachine,HTCP,Festive,HTTP/3
2025-04-29 06:51:04,stallRate,11.1979999542236,0.0,TheEmptinessMachine,HTCP,Festive,HTTP/3
2025-04-29 06:51:06,stallRate,13.1979999542236,0.0,TheEmptinessMachine,HTCP,Festive,HTTP/3
2025-04-29 06:51:08,stallRate,15.199000120163,0.0,TheEmptinessMachine,HTCP,Festive,HTTP/3
2025-04-29 06:51:10,stallRate,17.1979999542236,0.0,TheEmptinessMachine,HTCP,Festive,HTTP/3
2025-04-29 06:51:12,stallRate,19.1979999542236,0.0,TheEmptinessMachine,HTCP,Festive,HTTP/3
2025-04-29 06:51:14,stallRate,21.1979999542236,0.0,TheEmptinessMachine,HTCP,Festive,HTTP/3
2025-04-29 06:51:16,stallRate,23.1979999542236,0.0,TheEmptinessMachine,HTCP,Festive,HTTP/3
2025-04-29 06:51:18,stallRate,25.199000120163,0.0,TheEmptinessMachine,HTCP,Festive,HTTP/3
2025-04-29 06:51:20,stallRate,27.1979999542236,0.0,TheEmptinessMachine,HTCP,Festive,HTTP/3
2025-04-29 06:51:22,stallRate,29.1979999542236,0.0,TheEmptinessMachine,HTCP,Festive,HTTP/3
2025-04-29 06:51:24,stallRate,31.1979999542236,0.0,TheEmptinessMachine,HTCP,Festive,HTTP/3
2025-04-29 06:51:26,stallRate,33.1979999542236,0.0,TheEmptinessMachine,HTCP,Festive,HTTP/3
2025-04-29 06:51:28,stallRate,35.199000120163,0.0,TheEmptinessMachine,HTCP,Festive,HTTP/3
2025-04-29 06:51:30,stallRate,37.1979999542236,0.0,TheEmptinessMachine,HTCP,Festive,HTTP/3
2025-04-29 06:51:32,stallRate,39.1979999542236,0.0,TheEmptinessMachine,HTCP,Festive,HTTP/3
2025-04-29 06:51:34,stallRate,41.199000120163,0.0,TheEmptinessMachine,HTCP,Festive,HTTP/3
2025-04-29 06:51:36,stallRate,43.1979999542236,0.0,TheEmptinessMachine,HTCP,Festive,HTTP/3
2025-04-29 06:51:38,stallRate,45.199000120163,0.0,TheEmptinessMachine,HTCP,Festive,HTTP/3
2025-04-29 06:51:40,stallRate,47.1979999542236,0.0,TheEmptinessMachine,HTCP,Festive,HTTP/3
2025-04-29 06:51:42,stallRate,49.1979999542236,0.0,TheEmptinessMachine,HTCP,Festive,HTTP/3
2025-04-29 06:51:44,stallRate,51.2250001430511,0.0,TheEmptinessMachine,HTCP,Festive,HTTP/3
2025-04-29 06:51:48,stallRate,55.199000120163,0.0,TheEmptinessMachine,HTCP,Festive,HTTP/3
2025-04-29 06:51:50,stallRate,57.1979999542236,0.0,TheEmptinessMachine,HTCP,Festive,HTTP/3
2025-04-29 06:51:52,stallRate,59.199000120163,0.0,TheEmptinessMachine,HTCP,Festive,HTTP/3
2025-04-29 06:51:54,stallRate,61.1979999542236,0.0,TheEmptinessMachine,HTCP,Festive,HTTP/3
2025-04-29 06:51:56,stallRate,63.1979999542236,0.0,TheEmptinessMachine,HTCP,Festive,HTTP/3
2025-04-29 06:51:58,stallRate,65.199000120163,0.0,TheEmptinessMachine,HTCP,Festive,HTTP/3
2025-04-29 06:52:00,stallRate,67.2000000476837,0.0,TheEmptinessMachine,HTCP,Festive,HTTP/3
2025-04-29 06:52:02,stallRate,69.199000120163,0.0,TheEmptinessMachine,HTCP,Festive,HTTP/3
2025-04-29 06:52:04,stallRate,71.199000120163,0.0,TheEmptinessMachine,HTCP,Festive,HTTP/3
2025-04-29 06:52:06,stallRate,73.1979999542236,0.0284718254843192,TheEmptinessMachine,HTCP,Festive,HTTP/3
2025-04-29 06:52:08,stallRate,75.1979999542236,0.0276511931613999,TheEmptinessMachine,HTCP,Festive,HTTP/3
2025-04-29 06:52:10,stallRate,77.199000120163,0.0268747071354972,TheEmptinessMachine,HTCP,Festive,HTTP/3
2025-04-29 06:52:12,stallRate,79.1979999542236,0.0261468680214102,TheEmptinessMachine,HTCP,Festive,HTTP/3
2025-04-29 06:52:14,stallRate,81.199000120163,0.0254516767917554,TheEmptinessMachine,HTCP,Festive,HTTP/3
2025-04-29 06:52:16,stallRate,83.199000120163,0.0247937342115832,TheEmptinessMachine,HTCP,Festive,HTTP/3
2025-04-29 06:52:18,stallRate,85.1979999542236,0.0241677808929858,TheEmptinessMachine,HTCP,Festive,HTTP/3
2025-04-29 06:52:20,stallRate,87.199000120163,0.0235737804520547,TheEmptinessMachine,HTCP,Festive,HTTP/3
2025-04-29 06:52:22,stallRate,89.199000120163,0.0230076159536158,TheEmptinessMachine,HTCP,Festive,HTTP/3
2025-04-29 06:52:24,stallRate,91.199000120163,0.0224690231176998,TheEmptinessMachine,HTCP,Festive,HTTP/3
2025-04-29 06:52:26,stallRate,93.199000120163,0.0219563285436142,TheEmptinessMachine,HTCP,Festive,HTTP/3
2025-04-29 06:52:28,stallRate,95.199000120163,0.0214655669511486,TheEmptinessMachine,HTCP,Festive,HTTP/3
2025-04-29 06:52:30,stallRate,97.199000120163,0.0209970377785052,TheEmptinessMachine,HTCP,Festive,HTTP/3
2025-04-29 06:52:32,stallRate,99.199000120163,0.0205480250325893,TheEmptinessMachine,HTCP,Festive,HTTP/3
2025-04-29 06:52:34,stallRate,101.199000120163,0.0201176813118293,TheEmptinessMachine,HTCP,Festive,HTTP/3
2025-04-29 06:52:36,stallRate,103.197999954224,0.0197033793759787,TheEmptinessMachine,HTCP,Festive,HTTP/3
2025-04-29 06:52:39,stallRate,105.226000070572,0.0193520749925971,TheEmptinessMachine,HTCP,Festive,HTTP/3
2025-04-29 06:52:40,stallRate,107.199000120163,0.0191517217663403,TheEmptinessMachine,HTCP,Festive,HTTP/3
2025-04-29 06:52:42,stallRate,109.197999954224,0.0187670186080078,TheEmptinessMachine,HTCP,Festive,HTTP/3
2025-04-29 06:52:44,stallRate,111.199000120163,0.0183746069603342,TheEmptinessMachine,HTCP,Festive,HTTP/3
2025-04-29 06:52:46,stallRate,113.199000120163,0.0180202144018084,TheEmptinessMachine,HTCP,Festive,HTTP/3
2025-04-29 06:52:48,stallRate,115.197999954224,0.0176862406750637,TheEmptinessMachine,HTCP,Festive,HTTP/3
2025-04-29 06:52:50,stallRate,117.197999954224,0.0173699922808664,TheEmptinessMachine,HTCP,Festive,HTTP/3
2025-04-29 06:52:52,stallRate,119.197999954224,0.0470936701290101,TheEmptinessMachine,HTCP,Festive,HTTP/3
2025-04-29 06:52:54,stallRate,121.197999954224,0.265757935172448,TheEmptinessMachine,HTCP,Festive,HTTP/3
2025-04-29 06:52:56,stallRate,123.197999954224,0.261232176913152,TheEmptinessMachine,HTCP,Festive,HTTP/3
2025-04-29 06:52:58,stallRate,125.197999954224,0.256827121296878,TheEmptinessMachine,HTCP,Festive,HTTP/3
2025-04-29 06:53:00,stallRate,127.199000120163,0.252578868417323,TheEmptinessMachine,HTCP,Festive,HTTP/3
2025-04-29 06:53:02,stallRate,129.197999954224,0.248446509439773,TheEmptinessMachine,HTCP,Festive,HTTP/3
2025-04-29 06:53:04,stallRate,131.199000120163,0.24445074327339,TheEmptinessMachine,HTCP,Festive,HTTP/3
2025-04-29 06:53:06,stallRate,133.199000120163,0.24056831149973,TheEmptinessMachine,HTCP,Festive,HTTP/3
2025-04-29 06:53:08,stallRate,135.199000120163,0.236845929911417,TheEmptinessMachine,HTCP,Festive,HTTP/3
2025-04-29 06:53:10,stallRate,137.199000120163,0.233222038000997,TheEmptinessMachine,HTCP,Festive,HTTP/3
2025-04-29 06:53:12,stallRate,139.197999954224,0.22971335275289,TheEmptinessMachine,HTCP,Festive,HTTP/3
2025-04-29 06:53:14,stallRate,141.197999954224,0.226293496302787,TheEmptinessMachine,HTCP,Festive,HTTP/3
2025-04-29 06:53:16,stallRate,143.197999954224,0.391292899422011,TheEmptinessMachine,HTCP,Festive,HTTP/3
2025-04-29 06:53:18,stallRate,145.197999954224,0.518658624908666,TheEmptinessMachine,HTCP,Festive,HTTP/3
2025-04-29 06:53:20,stallRate,147.197999954224,0.511288115680138,TheEmptinessMachine,HTCP,Festive,HTTP/3
2025-04-29 06:53:22,stallRate,149.200999975204,0.504087922197403,TheEmptinessMachine,HTCP,Festive,HTTP/3
2025-04-29 06:53:24,stallRate,151.199000120163,0.497121576805874,TheEmptinessMachine,HTCP,Festive,HTTP/3
2025-04-29 06:53:26,stallRate,153.197999954224,0.490332367742756,TheEmptinessMachine,HTCP,Festive,HTTP/3
2025-04-29 06:53:28,stallRate,155.199000120163,0.483730667734668,TheEmptinessMachine,HTCP,Festive,HTTP/3
2025-04-29 06:53:30,stallRate,157.199000120163,0.477279737229766,TheEmptinessMachine,HTCP,Festive,HTTP/3
2025-04-29 06:53:32,stallRate,159.197999954224,0.471003641625398,TheEmptinessMachine,HTCP,Festive,HTTP/3
2025-04-29 06:53:34,stallRate,161.203999996185,0.464924359610377,TheEmptinessMachine,HTCP,Festive,HTTP/3
2025-04-29 06:53:36,stallRate,163.197999954224,0.458998622309149,TheEmptinessMachine,HTCP,Festive,HTTP/3
2025-04-29 06:53:38,stallRate,165.199000120163,0.453199905495612,TheEmptinessMachine,HTCP,Festive,HTTP/3
2025-04-29 06:53:40,stallRate,167.197999954224,0.447558138311306,TheEmptinessMachine,HTCP,Festive,HTTP/3
2025-04-29 06:53:42,stallRate,169.197999954224,0.571830821197977,TheEmptinessMachine,HTCP,Festive,HTTP/3
2025-04-29 06:53:44,stallRate,171.199000120163,0.564868627563318,TheEmptinessMachine,HTCP,Festive,HTTP/3
2025-04-29 06:53:46,stallRate,173.197999954224,0.558101608462047,TheEmptinessMachine,HTCP,Festive,HTTP/3
2025-04-29 06:53:48,stallRate,175.197999954224,0.551464755490241,TheEmptinessMachine,HTCP,Festive,HTTP/3
2025-04-29 06:53:50,stallRate,177.197999954224,0.544979859644198,TheEmptinessMachine,HTCP,Festive,HTTP/3
2025-04-29 06:53:52,stallRate,179.199000120163,0.538691569827403,TheEmptinessMachine,HTCP,Festive,HTTP/3
2025-04-29 06:53:54,stallRate,181.197999954224,0.532521796018892,TheEmptinessMachine,HTCP,Festive,HTTP/3
2025-04-29 06:53:56,stallRate,183.197999954224,0.526460470915576,TheEmptinessMachine,HTCP,Festive,HTTP/3
2025-04-29 06:53:58,stallRate,185.199000120163,0.520574285587892,TheEmptinessMachine,HTCP,Festive,HTTP/3
2025-04-29 06:54:00,stallRate,187.199000120163,0.514791115377075,TheEmptinessMachine,HTCP,Festive,HTTP/3
2025-04-29 06:54:02,stallRate,189.197999954224,0.509166049076648,TheEmptinessMachine,HTCP,Festive,HTTP/3
2025-04-29 06:54:04,stallRate,191.197999954224,0.503638346718381,TheEmptinessMachine,HTCP,Festive,HTTP/3
2025-04-29 06:54:06,stallRate,193.199000120163,0.498239244600142,TheEmptinessMachine,HTCP,Festive,HTTP/3
2025-04-29 06:54:08,stallRate,195.199000120163,0.492956391566109,TheEmptinessMachine,HTCP,Festive,HTTP/3
2025-04-29 06:54:10,stallRate,197.197999954224,0.487786450337268,TheEmptinessMachine,HTCP,Festive,HTTP/3
2025-04-29 06:54:12,stallRate,199.199000120163,0.482698961301021,TheEmptinessMachine,HTCP,Festive,HTTP/3
2025-04-29 06:54:14,stallRate,201.197999954224,0.477745171929603,TheEmptinessMachine,HTCP,Festive,HTTP/3
2025-04-29 06:54:48,stallRate,1.22199988365173,0.0,TheEmptinessMachine,HTCP,L2A,HTTP/1.1
2025-04-29 06:54:50,stallRate,3.22099995613098,0.0,TheEmptinessMachine,HTCP,L2A,HTTP/1.1
2025-04-29 06:54:52,stallRate,5.22099995613098,0.0,TheEmptinessMachine,HTCP,L2A,HTTP/1.1
2025-04-29 06:54:54,stallRate,7.22099995613098,0.0,TheEmptinessMachine,HTCP,L2A,HTTP/1.1
2025-04-29 06:54:57,stallRate,9.22099995613098,0.0,TheEmptinessMachine,HTCP,L2A,HTTP/1.1
2025-04-29 06:54:58,stallRate,11.220999956131,0.0,TheEmptinessMachine,HTCP,L2A,HTTP/1.1
2025-04-29 06:55:00,stallRate,13.220999956131,0.0,TheEmptinessMachine,HTCP,L2A,HTTP/1.1
2025-04-29 06:55:02,stallRate,15.220999956131,0.0,TheEmptinessMachine,HTCP,L2A,HTTP/1.1
2025-04-29 06:55:04,stallRate,17.220999956131,0.0,TheEmptinessMachine,HTCP,L2A,HTTP/1.1
2025-04-29 06:55:06,stallRate,19.220999956131,0.0,TheEmptinessMachine,HTCP,L2A,HTTP/1.1
2025-04-29 06:55:08,stallRate,21.220999956131,0.0,TheEmptinessMachine,HTCP,L2A,HTTP/1.1
2025-04-29 06:55:10,stallRate,23.220999956131,0.0,TheEmptinessMachine,HTCP,L2A,HTTP/1.1
2025-04-29 06:55:12,stallRate,25.220999956131,0.675092309089434,TheEmptinessMachine,HTCP,L2A,HTTP/1.1
2025-04-29 06:55:14,stallRate,27.220999956131,1.10981580740663,TheEmptinessMachine,HTCP,L2A,HTTP/1.1
2025-04-29 06:55:16,stallRate,29.220999956131,2.47049864397653,TheEmptinessMachine,HTCP,L2A,HTTP/1.1
2025-04-29 06:55:18,stallRate,31.220999956131,2.25374906928041,TheEmptinessMachine,HTCP,L2A,HTTP/1.1
2025-04-29 06:55:20,stallRate,33.220999956131,2.06666584377094,TheEmptinessMachine,HTCP,L2A,HTTP/1.1
2025-04-29 06:55:22,stallRate,35.2219998836517,1.91582036435036,TheEmptinessMachine,HTCP,L2A,HTTP/1.1
2025-04-29 06:55:24,stallRate,37.220999956131,1.78520805849225,TheEmptinessMachine,HTCP,L2A,HTTP/1.1
2025-04-29 06:55:26,stallRate,39.220999956131,1.67072410177984,TheEmptinessMachine,HTCP,L2A,HTTP/1.1
2025-04-29 06:55:28,stallRate,41.220999956131,1.57159987318208,TheEmptinessMachine,HTCP,L2A,HTTP/1.1
2025-04-29 06:55:30,stallRate,43.220999956131,1.48318287445801,TheEmptinessMachine,HTCP,L2A,HTTP/1.1
2025-04-29 06:55:32,stallRate,45.220999956131,1.40369692890392,TheEmptinessMachine,HTCP,L2A,HTTP/1.1
2025-04-29 06:55:34,stallRate,47.220999956131,1.33285063619922,TheEmptinessMachine,HTCP,L2A,HTTP/1.1
2025-04-29 06:55:36,stallRate,49.220999956131,1.26893620824354,TheEmptinessMachine,HTCP,L2A,HTTP/1.1
2025-04-29 06:55:38,stallRate,51.220999956131,1.21047733546956,TheEmptinessMachine,HTCP,L2A,HTTP/1.1
2025-04-29 06:55:40,stallRate,53.220999956131,1.15717636504846,TheEmptinessMachine,HTCP,L2A,HTTP/1.1
2025-04-29 06:55:42,stallRate,55.220999956131,1.10854932196831,TheEmptinessMachine,HTCP,L2A,HTTP/1.1
2025-04-29 06:55:44,stallRate,57.220999956131,1.06387294251025,TheEmptinessMachine,HTCP,L2A,HTTP/1.1
2025-04-29 06:55:46,stallRate,59.220999956131,1.02263176787213,TheEmptinessMachine,HTCP,L2A,HTTP/1.1
2025-04-29 06:55:48,stallRate,61.220999956131,0.984339520317649,TheEmptinessMachine,HTCP,L2A,HTTP/1.1
2025-04-29 06:55:50,stallRate,63.220999956131,0.949125676013122,TheEmptinessMachine,HTCP,L2A,HTTP/1.1
2025-04-29 06:55:52,stallRate,65.2219998836517,0.9160359439065,TheEmptinessMachine,HTCP,L2A,HTTP/1.1
2025-04-29 06:55:54,stallRate,67.2219998836517,0.885268973219654,TheEmptinessMachine,HTCP,L2A,HTTP/1.1
2025-04-29 06:55:56,stallRate,69.220999956131,0.85651048986982,TheEmptinessMachine,HTCP,L2A,HTTP/1.1
2025-04-29 06:55:58,stallRate,71.220999956131,0.829570028383959,TheEmptinessMachine,HTCP,L2A,HTTP/1.1
2025-04-29 06:56:00,stallRate,73.220999956131,0.804326440510271,TheEmptinessMachine,HTCP,L2A,HTTP/1.1
2025-04-29 06:56:02,stallRate,75.220999956131,2.78038825764173,TheEmptinessMachine,HTCP,L2A,HTTP/1.1
2025-04-29 06:56:04,stallRate,77.220999956131,2.78038825764173,TheEmptinessMachine,HTCP,L2A,HTTP/1.1
2025-04-29 06:56:06,stallRate,79.220999956131,2.7287048585896,TheEmptinessMachine,HTCP,L2A,HTTP/1.1
2025-04-29 06:56:08,stallRate,81.220999956131,2.65013868094188,TheEmptinessMachine,HTCP,L2A,HTTP/1.1
2025-04-29 06:56:10,stallRate,83.220999956131,2.57548253188556,TheEmptinessMachine,HTCP,L2A,HTTP/1.1
2025-04-29 06:56:12,stallRate,85.220999956131,2.5050639104028,TheEmptinessMachine,HTCP,L2A,HTTP/1.1
2025-04-29 06:56:14,stallRate,87.2219998836517,2.58725302010819,TheEmptinessMachine,HTCP,L2A,HTTP/1.1
2025-04-29 06:56:16,stallRate,89.220999956131,2.51979144850347,TheEmptinessMachine,HTCP,L2A,HTTP/1.1
2025-04-29 06:56:18,stallRate,91.220999956131,2.71900425258825,TheEmptinessMachine,HTCP,L2A,HTTP/1.1
2025-04-29 06:56:20,stallRate,93.220999956131,2.91451615318889,TheEmptinessMachine,HTCP,L2A,HTTP/1.1
2025-04-29 06:56:22,stallRate,95.2219998836517,2.84402291796811,TheEmptinessMachine,HTCP,L2A,HTTP/1.1
2025-04-29 06:56:24,stallRate,97.220999956131,2.77709520613901,TheEmptinessMachine,HTCP,L2A,HTTP/1.1
2025-04-29 06:56:26,stallRate,99.220999956131,2.71341258122967,TheEmptinessMachine,HTCP,L2A,HTTP/1.1
2025-04-29 06:56:28,stallRate,101.220999956131,2.65246286611096,TheEmptinessMachine,HTCP,L2A,HTTP/1.1
2025-04-29 06:56:30,stallRate,103.220999956131,2.59433622997407,TheEmptinessMachine,HTCP,L2A,HTTP/1.1
2025-04-29 06:56:32,stallRate,105.220999956131,2.53816071892526,TheEmptinessMachine,HTCP,L2A,HTTP/1.1
2025-04-29 06:56:34,stallRate,107.220999956131,2.48469429994079,TheEmptinessMachine,HTCP,L2A,HTTP/1.1
2025-04-29 06:56:36,stallRate,109.221999883652,2.4338687391302,TheEmptinessMachine,HTCP,L2A,HTTP/1.1
2025-04-29 06:56:38,stallRate,111.220999956131,2.38467536913514,TheEmptinessMachine,HTCP,L2A,HTTP/1.1
2025-04-29 06:56:40,stallRate,113.220999956131,2.33773135412024,TheEmptinessMachine,HTCP,L2A,HTTP/1.1
2025-04-29 06:56:42,stallRate,115.221999883652,2.29235188511691,TheEmptinessMachine,HTCP,L2A,HTTP/1.1
2025-04-29 06:56:44,stallRate,117.220999956131,2.24852512512357,TheEmptinessMachine,HTCP,L2A,HTTP/1.1
2025-04-29 06:56:46,stallRate,119.220999956131,2.20661215919465,TheEmptinessMachine,HTCP,L2A,HTTP/1.1
2025-04-29 06:56:48,stallRate,121.221999883652,2.16603435351158,TheEmptinessMachine,HTCP,L2A,HTTP/1.1
2025-04-29 06:56:50,stallRate,123.220999956131,2.12717418837671,TheEmptinessMachine,HTCP,L2A,HTTP/1.1
2025-04-29 06:56:52,stallRate,125.220999956131,2.08968014564741,TheEmptinessMachine,HTCP,L2A,HTTP/1.1
2025-04-29 06:56:54,stallRate,127.221999883652,2.0533187235365,TheEmptinessMachine,HTCP,L2A,HTTP/1.1
2025-04-29 06:56:56,stallRate,129.220999956131,2.02160275843058,TheEmptinessMachine,HTCP,L2A,HTTP/1.1
2025-04-29 06:56:58,stallRate,131.220999956131,2.2620304930919,TheEmptinessMachine,HTCP,L2A,HTTP/1.1
2025-04-29 06:57:00,stallRate,133.221999883652,2.22469113806612,TheEmptinessMachine,HTCP,L2A,HTTP/1.1
2025-04-29 06:57:02,stallRate,135.220999956131,2.18842103910843,TheEmptinessMachine,HTCP,L2A,HTTP/1.1
2025-04-29 06:57:04,stallRate,137.220999956131,2.15322917842494,TheEmptinessMachine,HTCP,L2A,HTTP/1.1
2025-04-29 06:57:06,stallRate,139.220999956131,2.25510169914631,TheEmptinessMachine,HTCP,L2A,HTTP/1.1
2025-04-29 06:57:08,stallRate,141.220999956131,2.22007952922535,TheEmptinessMachine,HTCP,L2A,HTTP/1.1
2025-04-29 06:57:10,stallRate,143.220999956131,2.1861368194457,TheEmptinessMachine,HTCP,L2A,HTTP/1.1
2025-04-29 06:57:12,stallRate,145.220999956131,2.15308078192225,TheEmptinessMachine,HTCP,L2A,HTTP/1.1
2025-04-29 06:57:14,stallRate,147.220999956131,2.12119494006417,TheEmptinessMachine,HTCP,L2A,HTTP/1.1
2025-04-29 06:57:16,stallRate,149.220999956131,2.09010306110101,TheEmptinessMachine,HTCP,L2A,HTTP/1.1
2025-04-29 06:57:18,stallRate,151.220999956131,2.05998561649673,TheEmptinessMachine,HTCP,L2A,HTTP/1.1
2025-04-29 06:57:20,stallRate,153.220999956131,2.03087973130001,TheEmptinessMachine,HTCP,L2A,HTTP/1.1
2025-04-29 06:57:22,stallRate,155.220999956131,2.0023957432447,TheEmptinessMachine,HTCP,L2A,HTTP/1.1
2025-04-29 06:57:24,stallRate,157.220999956131,1.9747468682377,TheEmptinessMachine,HTCP,L2A,HTTP/1.1
2025-04-29 06:57:26,stallRate,159.220999956131,1.9478497457483,TheEmptinessMachine,HTCP,L2A,HTTP/1.1
2025-04-29 06:57:28,stallRate,161.220999956131,1.92151919450031,TheEmptinessMachine,HTCP,L2A,HTTP/1.1
2025-04-29 06:57:30,stallRate,163.220999956131,1.89598337881375,TheEmptinessMachine,HTCP,L2A,HTTP/1.1
2025-04-29 06:57:32,stallRate,165.221999883652,1.87127516289188,TheEmptinessMachine,HTCP,L2A,HTTP/1.1
2025-04-29 06:57:34,stallRate,167.220999956131,1.84706593869713,TheEmptinessMachine,HTCP,L2A,HTTP/1.1
2025-04-29 06:57:36,stallRate,169.220999956131,1.82350869088577,TheEmptinessMachine,HTCP,L2A,HTTP/1.1
2025-04-29 06:57:38,stallRate,171.220999956131,1.80058201704996,TheEmptinessMachine,HTCP,L2A,HTTP/1.1
2025-04-29 06:57:40,stallRate,173.220999956131,1.77819153684146,TheEmptinessMachine,HTCP,L2A,HTTP/1.1
2025-04-29 06:57:42,stallRate,175.220999956131,1.75637698711508,TheEmptinessMachine,HTCP,L2A,HTTP/1.1
2025-04-29 06:57:44,stallRate,177.220999956131,1.73499088870336,TheEmptinessMachine,HTCP,L2A,HTTP/1.1
2025-04-29 06:57:46,stallRate,179.220999956131,1.71422479483864,TheEmptinessMachine,HTCP,L2A,HTTP/1.1
2025-04-29 06:57:48,stallRate,181.220999956131,1.6939864529923,TheEmptinessMachine,HTCP,L2A,HTTP/1.1
2025-04-29 06:57:50,stallRate,183.220999956131,1.67401085756821,TheEmptinessMachine,HTCP,L2A,HTTP/1.1
2025-04-29 06:57:52,stallRate,185.220999956131,1.7352405751354,TheEmptinessMachine,HTCP,L2A,HTTP/1.1
2025-04-29 06:57:54,stallRate,187.220999956131,1.80324741323621,TheEmptinessMachine,HTCP,L2A,HTTP/1.1
2025-04-29 06:57:56,stallRate,189.220999956131,1.78288911758709,TheEmptinessMachine,HTCP,L2A,HTTP/1.1
2025-04-29 06:57:58,stallRate,191.220999956131,1.76289806949474,TheEmptinessMachine,HTCP,L2A,HTTP/1.1
2025-04-29 06:58:00,stallRate,193.220999956131,1.74339397220124,TheEmptinessMachine,HTCP,L2A,HTTP/1.1
2025-04-29 06:58:02,stallRate,195.220999956131,1.72444520286342,TheEmptinessMachine,HTCP,L2A,HTTP/1.1
2025-04-29 06:58:04,stallRate,197.220999956131,1.70575630640822,TheEmptinessMachine,HTCP,L2A,HTTP/1.1
2025-04-29 06:58:06,stallRate,199.220999956131,1.68750442519467,TheEmptinessMachine,HTCP,L2A,HTTP/1.1
2025-04-29 06:58:08,stallRate,201.220999956131,1.66956079102244,TheEmptinessMachine,HTCP,L2A,HTTP/1.1
2025-04-29 06:58:10,stallRate,203.220999956131,1.65209932685629,TheEmptinessMachine,HTCP,L2A,HTTP/1.1
2025-04-29 06:58:12,stallRate,205.220999956131,1.6349172376395,TheEmptinessMachine,HTCP,L2A,HTTP/1.1
2025-04-29 06:58:42,stallRate,1.22399997711182,0.0,TheEmptinessMachine,HTCP,L2A,HTTP/2
2025-04-29 06:58:44,stallRate,3.22199988365173,0.0,TheEmptinessMachine,HTCP,L2A,HTTP/2
2025-04-29 06:58:46,stallRate,5.22199988365173,0.0,TheEmptinessMachine,HTCP,L2A,HTTP/2
2025-04-29 06:58:48,stallRate,7.22299981117249,0.0,TheEmptinessMachine,HTCP,L2A,HTTP/2
2025-04-29 06:58:50,stallRate,9.22199988365173,0.0,TheEmptinessMachine,HTCP,L2A,HTTP/2
2025-04-29 06:58:53,stallRate,11.2219998836517,0.0,TheEmptinessMachine,HTCP,L2A,HTTP/2
2025-04-29 06:58:56,stallRate,15.2349998950958,13.5915294425172,TheEmptinessMachine,HTCP,L2A,HTTP/2
2025-04-29 06:58:58,stallRate,17.2219998836517,10.3775261931737,TheEmptinessMachine,HTCP,L2A,HTTP/2
2025-04-29 06:59:00,stallRate,19.2229998111725,8.5113593536924,TheEmptinessMachine,HTCP,L2A,HTTP/2
2025-04-29 06:59:02,stallRate,21.2229998111725,6.6689143458806,TheEmptinessMachine,HTCP,L2A,HTTP/2
2025-04-29 06:59:04,stallRate,23.2219998836517,5.62206318876242,TheEmptinessMachine,HTCP,L2A,HTTP/2
2025-04-29 06:59:06,stallRate,25.2219998836517,4.81589323484875,TheEmptinessMachine,HTCP,L2A,HTTP/2
2025-04-29 06:59:08,stallRate,27.2229998111725,3.98752929218125,TheEmptinessMachine,HTCP,L2A,HTTP/2
2025-04-29 06:59:10,stallRate,29.2219998836517,3.51022805753598,TheEmptinessMachine,HTCP,L2A,HTTP/2
2025-04-29 06:59:12,stallRate,31.2229998111725,3.12629266811166,TheEmptinessMachine,HTCP,L2A,HTTP/2
2025-04-29 06:59:14,stallRate,33.2229998111725,2.77095958267276,TheEmptinessMachine,HTCP,L2A,HTTP/2
2025-04-29 06:59:16,stallRate,35.2229998111725,2.79333494631868,TheEmptinessMachine,HTCP,L2A,HTTP/2
2025-04-29 06:59:18,stallRate,37.2229998111725,2.57308444598199,TheEmptinessMachine,HTCP,L2A,HTTP/2
2025-04-29 06:59:20,stallRate,39.2219998836517,2.82064978323073,TheEmptinessMachine,HTCP,L2A,HTTP/2
2025-04-29 06:59:22,stallRate,41.2219998836517,2.67760496030191,TheEmptinessMachine,HTCP,L2A,HTTP/2
2025-04-29 06:59:24,stallRate,43.2229998111725,2.51109222838435,TheEmptinessMachine,HTCP,L2A,HTTP/2
2025-04-29 06:59:26,stallRate,45.2229998111725,2.36312317921359,TheEmptinessMachine,HTCP,L2A,HTTP/2
2025-04-29 06:59:28,stallRate,47.2219998836517,2.2333850855616,TheEmptinessMachine,HTCP,L2A,HTTP/2
2025-04-29 06:59:30,stallRate,49.2219998836517,2.11733198449514,TheEmptinessMachine,HTCP,L2A,HTTP/2
2025-04-29 06:59:32,stallRate,51.2229998111725,2.01219905272355,TheEmptinessMachine,HTCP,L2A,HTTP/2
2025-04-29 06:59:34,stallRate,53.2229998111725,1.91695817407245,TheEmptinessMachine,HTCP,L2A,HTTP/2
2025-04-29 06:59:36,stallRate,55.2229998111725,1.83058246543072,TheEmptinessMachine,HTCP,L2A,HTTP/2
2025-04-29 06:59:38,stallRate,57.2229998111725,1.75208526179518,TheEmptinessMachine,HTCP,L2A,HTTP/2
2025-04-29 06:59:40,stallRate,59.2219998836517,1.67958090394445,TheEmptinessMachine,HTCP,L2A,HTTP/2
2025-04-29 06:59:42,stallRate,61.2229998111725,1.61254400061985,TheEmptinessMachine,HTCP,L2A,HTTP/2
2025-04-29 06:59:44,stallRate,63.2229998111725,1.55122039042451,TheEmptinessMachine,HTCP,L2A,HTTP/2
2025-04-29 06:59:46,stallRate,65.2219998836517,1.49395248951599,TheEmptinessMachine,HTCP,L2A,HTTP/2
2025-04-29 06:59:48,stallRate,67.2229998111725,1.44088886864846,TheEmptinessMachine,HTCP,L2A,HTTP/2
2025-04-29 06:59:50,stallRate,69.2229998111725,1.3915153086208,TheEmptinessMachine,HTCP,L2A,HTTP/2
2025-04-29 06:59:52,stallRate,71.2219998836517,1.3454436843557,TheEmptinessMachine,HTCP,L2A,HTTP/2
2025-04-29 06:59:54,stallRate,73.2219998836517,1.30242695280327,TheEmptinessMachine,HTCP,L2A,HTTP/2
2025-04-29 06:59:56,stallRate,75.2219998836517,1.26205528802486,TheEmptinessMachine,HTCP,L2A,HTTP/2
2025-04-29 06:59:58,stallRate,77.2229998111725,1.35406129806081,TheEmptinessMachine,HTCP,L2A,HTTP/2
2025-04-29 07:00:00,stallRate,79.2219998836517,1.31432992804811,TheEmptinessMachine,HTCP,L2A,HTTP/2
2025-04-29 07:00:02,stallRate,81.2229998111725,1.46208600179549,TheEmptinessMachine,HTCP,L2A,HTTP/2
2025-04-29 07:00:04,stallRate,83.2219998836517,1.42190406742518,TheEmptinessMachine,HTCP,L2A,HTTP/2
2025-04-29 07:00:06,stallRate,85.2219998836517,1.38367942056804,TheEmptinessMachine,HTCP,L2A,HTTP/2
2025-04-29 07:00:08,stallRate,87.2219998836517,1.59745523535077,TheEmptinessMachine,HTCP,L2A,HTTP/2
2025-04-29 07:00:10,stallRate,89.2219998836517,1.67783158637784,TheEmptinessMachine,HTCP,L2A,HTTP/2
2025-04-29 07:00:12,stallRate,91.2219998836517,1.63599271545292,TheEmptinessMachine,HTCP,L2A,HTTP/2
2025-04-29 07:00:14,stallRate,93.2229998111725,1.67539893866972,TheEmptinessMachine,HTCP,L2A,HTTP/2
2025-04-29 07:00:16,stallRate,95.2229998111725,1.82935443805225,TheEmptinessMachine,HTCP,L2A,HTTP/2
2025-04-29 07:00:18,stallRate,97.2219998836517,1.78720410489324,TheEmptinessMachine,HTCP,L2A,HTTP/2
2025-04-29 07:00:20,stallRate,99.2219998836517,1.80942695716607,TheEmptinessMachine,HTCP,L2A,HTTP/2
2025-04-29 07:00:22,stallRate,101.222999811172,1.79670637466558,TheEmptinessMachine,HTCP,L2A,HTTP/2
2025-04-29 07:00:24,stallRate,103.222999811172,1.75781072408751,TheEmptinessMachine,HTCP,L2A,HTTP/2
2025-04-29 07:00:26,stallRate,105.221999883652,1.9435256148026,TheEmptinessMachine,HTCP,L2A,HTTP/2
2025-04-29 07:00:28,stallRate,107.221999883652,1.9029894706187,TheEmptinessMachine,HTCP,L2A,HTTP/2
2025-04-29 07:00:30,stallRate,109.222999811172,1.86445917465375,TheEmptinessMachine,HTCP,L2A,HTTP/2
2025-04-29 07:00:32,stallRate,111.222999811172,1.82737234009271,TheEmptinessMachine,HTCP,L2A,HTTP/2
2025-04-29 07:00:34,stallRate,113.222999811172,1.79178887716174,TheEmptinessMachine,HTCP,L2A,HTTP/2
2025-04-29 07:00:36,stallRate,115.221999883652,1.75741115315854,TheEmptinessMachine,HTCP,L2A,HTTP/2
2025-04-29 07:00:38,stallRate,117.221999883652,1.72445804114053,TheEmptinessMachine,HTCP,L2A,HTTP/2
2025-04-29 07:00:40,stallRate,119.221999883652,1.69240211832558,TheEmptinessMachine,HTCP,L2A,HTTP/2
2025-04-29 07:00:42,stallRate,121.222999811172,1.66162428661383,TheEmptinessMachine,HTCP,L2A,HTTP/2
2025-04-29 07:00:44,stallRate,123.222999811172,1.63215940767199,TheEmptinessMachine,HTCP,L2A,HTTP/2
2025-04-29 07:00:46,stallRate,125.222999811172,1.60357306466759,TheEmptinessMachine,HTCP,L2A,HTTP/2
2025-04-29 07:00:48,stallRate,127.221999883652,1.57603872620278,TheEmptinessMachine,HTCP,L2A,HTTP/2
2025-04-29 07:00:50,stallRate,129.221999883652,1.54957544479934,TheEmptinessMachine,HTCP,L2A,HTTP/2
2025-04-29 07:00:52,stallRate,131.221999883652,1.52379707402768,TheEmptinessMachine,HTCP,L2A,HTTP/2
2025-04-29 07:00:54,stallRate,133.221999883652,1.49891421263021,TheEmptinessMachine,HTCP,L2A,HTTP/2
2025-04-29 07:00:56,stallRate,135.222999811172,1.47480700313799,TheEmptinessMachine,HTCP,L2A,HTTP/2
2025-04-29 07:00:58,stallRate,137.221999883652,1.45147869263432,TheEmptinessMachine,HTCP,L2A,HTTP/2
2025-04-29 07:01:00,stallRate,139.222999811172,1.42878506588531,TheEmptinessMachine,HTCP,L2A,HTTP/2
2025-04-29 07:01:02,stallRate,141.222999811172,1.40690068102077,TheEmptinessMachine,HTCP,L2A,HTTP/2
2025-04-29 07:01:04,stallRate,143.222999811172,1.44844842507001,TheEmptinessMachine,HTCP,L2A,HTTP/2
2025-04-29 07:01:06,stallRate,145.222999811172,1.42677114049356,TheEmptinessMachine,HTCP,L2A,HTTP/2
2025-04-29 07:01:08,stallRate,147.221999883652,1.57171966301989,TheEmptinessMachine,HTCP,L2A,HTTP/2
2025-04-29 07:01:10,stallRate,149.222999811172,1.65497268019712,TheEmptinessMachine,HTCP,L2A,HTTP/2
2025-04-29 07:01:12,stallRate,151.221999883652,1.63147259521841,TheEmptinessMachine,HTCP,L2A,HTTP/2
2025-04-29 07:01:14,stallRate,153.221999883652,1.6607782061409,TheEmptinessMachine,HTCP,L2A,HTTP/2
2025-04-29 07:01:16,stallRate,155.222999811172,1.63771046442653,TheEmptinessMachine,HTCP,L2A,HTTP/2
2025-04-29 07:01:18,stallRate,157.221999883652,1.6154637331579,TheEmptinessMachine,HTCP,L2A,HTTP/2
2025-04-29 07:01:20,stallRate,159.221999883652,1.59365305799653,TheEmptinessMachine,HTCP,L2A,HTTP/2
2025-04-29 07:01:22,stallRate,161.221999883652,1.57244400344529,TheEmptinessMachine,HTCP,L2A,HTTP/2
2025-04-29 07:01:24,stallRate,163.221999883652,1.55172007836108,TheEmptinessMachine,HTCP,L2A,HTTP/2
2025-04-29 07:01:26,stallRate,165.222999811172,1.5316280115639,TheEmptinessMachine,HTCP,L2A,HTTP/2
2025-04-29 07:01:28,stallRate,167.221999883652,1.51210732363117,TheEmptinessMachine,HTCP,L2A,HTTP/2
2025-04-29 07:01:30,stallRate,169.222999811172,1.49309757773522,TheEmptinessMachine,HTCP,L2A,HTTP/2
2025-04-29 07:01:32,stallRate,171.221999883652,1.47446419570024,TheEmptinessMachine,HTCP,L2A,HTTP/2
2025-04-29 07:01:34,stallRate,173.222999811172,1.45624181787847,TheEmptinessMachine,HTCP,L2A,HTTP/2
2025-04-29 07:01:36,stallRate,175.222999811172,1.4385238474941,TheEmptinessMachine,HTCP,L2A,HTTP/2
2025-04-29 07:01:38,stallRate,177.221999883652,1.42123688901397,TheEmptinessMachine,HTCP,L2A,HTTP/2
2025-04-29 07:01:40,stallRate,179.222999811172,1.40426565855772,TheEmptinessMachine,HTCP,L2A,HTTP/2
2025-04-29 07:01:42,stallRate,181.221999883652,1.38775664232468,TheEmptinessMachine,HTCP,L2A,HTTP/2
2025-04-29 07:01:44,stallRate,183.221999883652,1.37173873047193,TheEmptinessMachine,HTCP,L2A,HTTP/2
2025-04-29 07:01:48,stallRate,187.221999883652,2.06145364537823,TheEmptinessMachine,HTCP,L2A,HTTP/2
2025-04-29 07:01:50,stallRate,189.222999811172,2.03827875162841,TheEmptinessMachine,HTCP,L2A,HTTP/2
2025-04-29 07:01:52,stallRate,191.221999883652,2.01572674888127,TheEmptinessMachine,HTCP,L2A,HTTP/2
2025-04-29 07:01:54,stallRate,193.221999883652,1.99357710687565,TheEmptinessMachine,HTCP,L2A,HTTP/2
2025-04-29 07:01:56,stallRate,195.222999811172,1.97201597604221,TheEmptinessMachine,HTCP,L2A,HTTP/2
2025-04-29 07:01:58,stallRate,197.222999811172,1.95081891096482,TheEmptinessMachine,HTCP,L2A,HTTP/2
2025-04-29 07:02:00,stallRate,199.221999883652,1.93011554831115,TheEmptinessMachine,HTCP,L2A,HTTP/2
2025-04-29 07:02:02,stallRate,201.221999883652,1.90984242177068,TheEmptinessMachine,HTCP,L2A,HTTP/2
2025-04-29 07:02:04,stallRate,203.222999811172,1.88998229077334,TheEmptinessMachine,HTCP,L2A,HTTP/2
2025-04-29 07:02:06,stallRate,205.222999811172,1.87058486217773,TheEmptinessMachine,HTCP,L2A,HTTP/2
2025-04-29 07:02:36,stallRate,1.2409999370575,0.0,TheEmptinessMachine,HTCP,L2A,HTTP/3
2025-04-29 07:02:39,stallRate,3.21199989318848,0.0,TheEmptinessMachine,HTCP,L2A,HTTP/3
2025-04-29 07:02:39,stallRate,5.21199989318848,0.0,TheEmptinessMachine,HTCP,L2A,HTTP/3
2025-04-29 07:02:41,stallRate,7.21199989318848,0.0,TheEmptinessMachine,HTCP,L2A,HTTP/3
2025-04-29 07:02:43,stallRate,9.21099996566772,0.0,TheEmptinessMachine,HTCP,L2A,HTTP/3
2025-04-29 07:02:45,stallRate,11.2119998931885,0.0,TheEmptinessMachine,HTCP,L2A,HTTP/3
2025-04-29 07:02:47,stallRate,13.2119998931885,0.0,TheEmptinessMachine,HTCP,L2A,HTTP/3
2025-04-29 07:02:49,stallRate,15.2119998931885,0.0,TheEmptinessMachine,HTCP,L2A,HTTP/3
2025-04-29 07:02:51,stallRate,17.2119998931885,0.0,TheEmptinessMachine,HTCP,L2A,HTTP/3
2025-04-29 07:02:53,stallRate,19.2119998931885,0.0,TheEmptinessMachine,HTCP,L2A,HTTP/3
2025-04-29 07:02:55,stallRate,21.2119998931885,0.0,TheEmptinessMachine,HTCP,L2A,HTTP/3
2025-04-29 07:02:57,stallRate,23.2119998931885,0.0,TheEmptinessMachine,HTCP,L2A,HTTP/3
2025-04-29 07:02:59,stallRate,25.2109999656677,0.0,TheEmptinessMachine,HTCP,L2A,HTTP/3
2025-04-29 07:03:01,stallRate,27.2119998931885,0.0,TheEmptinessMachine,HTCP,L2A,HTTP/3
2025-04-29 07:03:03,stallRate,29.2119998931885,0.0,TheEmptinessMachine,HTCP,L2A,HTTP/3
2025-04-29 07:03:05,stallRate,31.2119998931885,0.0,TheEmptinessMachine,HTCP,L2A,HTTP/3
2025-04-29 07:03:07,stallRate,33.2119998931885,0.0,TheEmptinessMachine,HTCP,L2A,HTTP/3
2025-04-29 07:03:09,stallRate,35.2119998931885,0.0,TheEmptinessMachine,HTCP,L2A,HTTP/3
2025-04-29 07:03:11,stallRate,37.2119998931885,0.0,TheEmptinessMachine,HTCP,L2A,HTTP/3
2025-04-29 07:03:13,stallRate,39.2119998931885,0.438224198223432,TheEmptinessMachine,HTCP,L2A,HTTP/3
2025-04-29 07:03:15,stallRate,41.2119998931885,0.496941006703552,TheEmptinessMachine,HTCP,L2A,HTTP/3
2025-04-29 07:03:17,stallRate,43.2119998931885,0.466275570757061,TheEmptinessMachine,HTCP,L2A,HTTP/3
2025-04-29 07:03:19,stallRate,45.2119998931885,0.81344609080203,TheEmptinessMachine,HTCP,L2A,HTTP/3
2025-04-29 07:03:21,stallRate,47.2119998931885,0.769116073165343,TheEmptinessMachine,HTCP,L2A,HTTP/3
2025-04-29 07:03:23,stallRate,49.2119998931885,0.729213252592708,TheEmptinessMachine,HTCP,L2A,HTTP/3
2025-04-29 07:03:25,stallRate,51.2129998207092,0.693171274800808,TheEmptinessMachine,HTCP,L2A,HTTP/3
2025-04-29 07:03:27,stallRate,53.2119998931885,0.660680928686229,TheEmptinessMachine,HTCP,L2A,HTTP/3
2025-04-29 07:03:29,stallRate,55.2119998931885,0.631162450825585,TheEmptinessMachine,HTCP,L2A,HTTP/3
2025-04-29 07:03:31,stallRate,57.2119998931885,0.604155548968692,TheEmptinessMachine,HTCP,L2A,HTTP/3
2025-04-29 07:03:33,stallRate,59.2119998931885,0.579346768435846,TheEmptinessMachine,HTCP,L2A,HTTP/3
2025-04-29 07:03:35,stallRate,61.2119998931885,0.556411350409035,TheEmptinessMachine,HTCP,L2A,HTTP/3
2025-04-29 07:03:37,stallRate,63.2119998931885,0.535224581654393,TheEmptinessMachine,HTCP,L2A,HTTP/3
2025-04-29 07:03:39,stallRate,65.2109999656677,0.515643348362877,TheEmptinessMachine,HTCP,L2A,HTTP/3
2025-04-29 07:03:41,stallRate,67.2119998931885,0.497483018184548,TheEmptinessMachine,HTCP,L2A,HTTP/3
2025-04-29 07:03:43,stallRate,69.2129998207092,0.480563695076294,TheEmptinessMachine,HTCP,L2A,HTTP/3
2025-04-29 07:03:45,stallRate,71.2119998931885,0.464739796140298,TheEmptinessMachine,HTCP,L2A,HTTP/3
2025-04-29 07:03:47,stallRate,73.2119998931885,0.449944711843894,TheEmptinessMachine,HTCP,L2A,HTTP/3
2025-04-29 07:03:49,stallRate,75.2119998931885,0.436002878976694,TheEmptinessMachine,HTCP,L2A,HTTP/3
2025-04-29 07:03:51,stallRate,77.2119998931885,0.422883656245696,TheEmptinessMachine,HTCP,L2A,HTTP/3
2025-04-29 07:03:53,stallRate,79.2119998931885,0.410562533562955,TheEmptinessMachine,HTCP,L2A,HTTP/3
2025-04-29 07:03:55,stallRate,81.2119998931885,0.451598265256082,TheEmptinessMachine,HTCP,L2A,HTTP/3
2025-04-29 07:03:57,stallRate,83.2109999656677,0.439177373448613,TheEmptinessMachine,HTCP,L2A,HTTP/3
2025-04-29 07:03:59,stallRate,85.2129998207092,0.427356423503436,TheEmptinessMachine,HTCP,L2A,HTTP/3
2025-04-29 07:04:01,stallRate,87.2119998931885,0.443806598707539,TheEmptinessMachine,HTCP,L2A,HTTP/3
2025-04-29 07:04:03,stallRate,89.2119998931885,0.432549179588276,TheEmptinessMachine,HTCP,L2A,HTTP/3
2025-04-29 07:04:05,stallRate,91.2119998931885,0.421799981530139,TheEmptinessMachine,HTCP,L2A,HTTP/3
2025-04-29 07:04:07,stallRate,93.2119998931885,0.515279556877652,TheEmptinessMachine,HTCP,L2A,HTTP/3
2025-04-29 07:04:09,stallRate,95.2119998931885,0.734311935661715,TheEmptinessMachine,HTCP,L2A,HTTP/3
2025-04-29 07:04:11,stallRate,97.2149999141693,0.717246576902513,TheEmptinessMachine,HTCP,L2A,HTTP/3
2025-04-29 07:04:13,stallRate,99.2119998931885,0.749482358794578,TheEmptinessMachine,HTCP,L2A,HTTP/3
2025-04-29 07:04:15,stallRate,101.211999893188,0.754527786948262,TheEmptinessMachine,HTCP,L2A,HTTP/3
2025-04-29 07:04:17,stallRate,103.211999893188,0.738246228386417,TheEmptinessMachine,HTCP,L2A,HTTP/3
2025-04-29 07:04:19,stallRate,105.211999893188,0.815054613199876,TheEmptinessMachine,HTCP,L2A,HTTP/3
2025-04-29 07:04:21,stallRate,107.211999893188,0.798167695745773,TheEmptinessMachine,HTCP,L2A,HTTP/3
2025-04-29 07:04:23,stallRate,109.211999893188,0.782006073684466,TheEmptinessMachine,HTCP,L2A,HTTP/3
2025-04-29 07:04:25,stallRate,111.211999893188,0.766558911680699,TheEmptinessMachine,HTCP,L2A,HTTP/3
2025-04-29 07:04:27,stallRate,113.211999893188,0.751610942722178,TheEmptinessMachine,HTCP,L2A,HTTP/3
2025-04-29 07:04:29,stallRate,115.211999893188,0.73726312508141,TheEmptinessMachine,HTCP,L2A,HTTP/3
2025-04-29 07:04:31,stallRate,117.211999893188,0.723366597072673,TheEmptinessMachine,HTCP,L2A,HTTP/3
2025-04-29 07:04:33,stallRate,119.211999893188,0.710007511247626,TheEmptinessMachine,HTCP,L2A,HTTP/3
2025-04-29 07:04:35,stallRate,121.211999893188,0.697175923458392,TheEmptinessMachine,HTCP,L2A,HTTP/3
2025-04-29 07:04:37,stallRate,123.211999893188,0.684885533013215,TheEmptinessMachine,HTCP,L2A,HTTP/3
2025-04-29 07:04:39,stallRate,125.211999893188,0.672927781375902,TheEmptinessMachine,HTCP,L2A,HTTP/3
2025-04-29 07:04:41,stallRate,127.211999893188,0.661403402885159,TheEmptinessMachine,HTCP,L2A,HTTP/3
2025-04-29 07:04:43,stallRate,129.211999893188,0.650223135565421,TheEmptinessMachine,HTCP,L2A,HTTP/3
2025-04-29 07:04:45,stallRate,131.211999893188,0.639409536570979,TheEmptinessMachine,HTCP,L2A,HTTP/3
2025-04-29 07:04:47,stallRate,133.211999893188,0.628987236652659,TheEmptinessMachine,HTCP,L2A,HTTP/3
2025-04-29 07:04:49,stallRate,135.211999893188,0.618949387753229,TheEmptinessMachine,HTCP,L2A,HTTP/3
2025-04-29 07:04:51,stallRate,137.211999893188,0.609168063824123,TheEmptinessMachine,HTCP,L2A,HTTP/3
2025-04-29 07:04:53,stallRate,139.211999893188,0.599711307042811,TheEmptinessMachine,HTCP,L2A,HTTP/3
2025-04-29 07:04:55,stallRate,141.211999893188,0.590504737386231,TheEmptinessMachine,HTCP,L2A,HTTP/3
2025-04-29 07:04:57,stallRate,143.211999893188,0.581571977373091,TheEmptinessMachine,HTCP,L2A,HTTP/3
2025-04-29 07:04:59,stallRate,145.211999893188,0.572930785149666,TheEmptinessMachine,HTCP,L2A,HTTP/3
2025-04-29 07:05:01,stallRate,147.211999893188,0.564593712964216,TheEmptinessMachine,HTCP,L2A,HTTP/3
2025-04-29 07:05:03,stallRate,149.210999965668,0.556443527355615,TheEmptinessMachine,HTCP,L2A,HTTP/3
2025-04-29 07:05:05,stallRate,151.211999893188,0.548537076069669,TheEmptinessMachine,HTCP,L2A,HTTP/3
2025-04-29 07:05:07,stallRate,153.211999893188,0.540892924431022,TheEmptinessMachine,HTCP,L2A,HTTP/3
2025-04-29 07:05:09,stallRate,155.212999820709,0.533401742204168,TheEmptinessMachine,HTCP,L2A,HTTP/3
2025-04-29 07:05:11,stallRate,157.211999893188,0.526138147023017,TheEmptinessMachine,HTCP,L2A,HTTP/3
2025-04-29 07:05:13,stallRate,159.211999893188,0.519036611013936,TheEmptinessMachine,HTCP,L2A,HTTP/3
2025-04-29 07:05:15,stallRate,161.211999893188,0.512160826436595,TheEmptinessMachine,HTCP,L2A,HTTP/3
2025-04-29 07:05:17,stallRate,163.211999893188,0.505434812757847,TheEmptinessMachine,HTCP,L2A,HTTP/3
2025-04-29 07:05:19,stallRate,165.21799993515,0.498897989486514,TheEmptinessMachine,HTCP,L2A,HTTP/3
2025-04-29 07:05:21,stallRate,167.211999893188,0.492538557831939,TheEmptinessMachine,HTCP,L2A,HTTP/3
2025-04-29 07:05:23,stallRate,169.212999820709,0.486299723098557,TheEmptinessMachine,HTCP,L2A,HTTP/3
2025-04-29 07:05:25,stallRate,171.211999893188,0.48025348521967,TheEmptinessMachine,HTCP,L2A,HTTP/3
2025-04-29 07:05:27,stallRate,173.212999820709,0.474365061872456,TheEmptinessMachine,HTCP,L2A,HTTP/3
2025-04-29 07:05:29,stallRate,175.211999893188,0.468633432784738,TheEmptinessMachine,HTCP,L2A,HTTP/3
2025-04-29 07:05:31,stallRate,177.211999893188,0.463001839215404,TheEmptinessMachine,HTCP,L2A,HTTP/3
2025-04-29 07:05:33,stallRate,179.211999893188,0.457497454892063,TheEmptinessMachine,HTCP,L2A,HTTP/3
2025-04-29 07:05:35,stallRate,181.211999893188,0.452133951851198,TheEmptinessMachine,HTCP,L2A,HTTP/3
2025-04-29 07:05:37,stallRate,183.212999820709,0.446902058943424,TheEmptinessMachine,HTCP,L2A,HTTP/3
2025-04-29 07:05:39,stallRate,185.211999893188,0.441790042799673,TheEmptinessMachine,HTCP,L2A,HTTP/3
2025-04-29 07:05:41,stallRate,187.211999893188,0.436801200152896,TheEmptinessMachine,HTCP,L2A,HTTP/3
2025-04-29 07:05:43,stallRate,189.212999820709,0.431892333544636,TheEmptinessMachine,HTCP,L2A,HTTP/3
2025-04-29 07:05:45,stallRate,191.210999965668,0.427126683377268,TheEmptinessMachine,HTCP,L2A,HTTP/3
2025-04-29 07:05:47,stallRate,193.211999893188,0.422439481643514,TheEmptinessMachine,HTCP,L2A,HTTP/3
2025-04-29 07:05:49,stallRate,195.213999986649,0.417830420764678,TheEmptinessMachine,HTCP,L2A,HTTP/3
2025-04-29 07:05:51,stallRate,197.211999893188,0.413365115684136,TheEmptinessMachine,HTCP,L2A,HTTP/3
2025-04-29 07:05:53,stallRate,199.211999893188,0.408998496928797,TheEmptinessMachine,HTCP,L2A,HTTP/3
2025-04-29 07:06:29,stallRate,1.33299994468689,0.0,TheEmptinessMachine,HTCP,RB,HTTP/1.1
2025-04-29 07:06:31,stallRate,3.33099985122681,0.0,TheEmptinessMachine,HTCP,RB,HTTP/1.1
2025-04-29 07:06:35,stallRate,5.33099985122681,0.0,TheEmptinessMachine,HTCP,RB,HTTP/1.1
2025-04-29 07:06:35,stallRate,7.33099985122681,0.0,TheEmptinessMachine,HTCP,RB,HTTP/1.1
2025-04-29 07:06:37,stallRate,9.33099985122681,0.0,TheEmptinessMachine,HTCP,RB,HTTP/1.1
2025-04-29 07:06:39,stallRate,11.3309998512268,0.0,TheEmptinessMachine,HTCP,RB,HTTP/1.1
2025-04-29 07:06:41,stallRate,13.3309998512268,0.0,TheEmptinessMachine,HTCP,RB,HTTP/1.1
2025-04-29 07:06:43,stallRate,15.3320000171661,0.0,TheEmptinessMachine,HTCP,RB,HTTP/1.1
2025-04-29 07:06:45,stallRate,17.3309998512268,0.0,TheEmptinessMachine,HTCP,RB,HTTP/1.1
2025-04-29 07:06:47,stallRate,19.3320000171661,0.0,TheEmptinessMachine,HTCP,RB,HTTP/1.1
2025-04-29 07:06:49,stallRate,21.3320000171661,0.0,TheEmptinessMachine,HTCP,RB,HTTP/1.1
2025-04-29 07:06:51,stallRate,23.3309998512268,0.0,TheEmptinessMachine,HTCP,RB,HTTP/1.1
2025-04-29 07:06:53,stallRate,25.3320000171661,0.0,TheEmptinessMachine,HTCP,RB,HTTP/1.1
2025-04-29 07:06:55,stallRate,27.3329999446869,0.0,TheEmptinessMachine,HTCP,RB,HTTP/1.1
2025-04-29 07:06:57,stallRate,29.3320000171661,0.0,TheEmptinessMachine,HTCP,RB,HTTP/1.1
2025-04-29 07:07:01,stallRate,33.3309998512268,9.00562663049728,TheEmptinessMachine,HTCP,RB,HTTP/1.1
2025-04-29 07:07:03,stallRate,35.3309998512268,8.32460016459947,TheEmptinessMachine,HTCP,RB,HTTP/1.1
2025-04-29 07:07:05,stallRate,37.3309998512268,7.7418043732277,TheEmptinessMachine,HTCP,RB,HTTP/1.1
2025-04-29 07:07:07,stallRate,39.3339998722076,7.22823212945357,TheEmptinessMachine,HTCP,RB,HTTP/1.1
2025-04-29 07:07:09,stallRate,41.3309998512268,6.78491152049755,TheEmptinessMachine,HTCP,RB,HTTP/1.1
2025-04-29 07:07:11,stallRate,43.3309998512268,6.39361921294741,TheEmptinessMachine,HTCP,RB,HTTP/1.1
2025-04-29 07:07:13,stallRate,45.3320000171661,6.04484714625536,TheEmptinessMachine,HTCP,RB,HTTP/1.1
2025-04-29 07:07:15,stallRate,47.3320000171661,5.73265230394618,TheEmptinessMachine,HTCP,RB,HTTP/1.1
2025-04-29 07:07:17,stallRate,49.3309998512268,5.45027730329267,TheEmptinessMachine,HTCP,RB,HTTP/1.1
2025-04-29 07:07:19,stallRate,51.3309998512268,5.19660581731782,TheEmptinessMachine,HTCP,RB,HTTP/1.1
2025-04-29 07:07:21,stallRate,53.3309998512268,4.96339912314754,TheEmptinessMachine,HTCP,RB,HTTP/1.1
2025-04-29 07:07:23,stallRate,55.3320000171661,4.75201530439,TheEmptinessMachine,HTCP,RB,HTTP/1.1
2025-04-29 07:07:25,stallRate,57.3320000171661,4.55716794980287,TheEmptinessMachine,HTCP,RB,HTTP/1.1
2025-04-29 07:07:27,stallRate,59.3309998512268,4.37708804764219,TheEmptinessMachine,HTCP,RB,HTTP/1.1
2025-04-29 07:07:29,stallRate,61.3309998512268,4.21109157745126,TheEmptinessMachine,HTCP,RB,HTTP/1.1
2025-04-29 07:07:31,stallRate,63.3309998512268,4.05719819818745,TheEmptinessMachine,HTCP,RB,HTTP/1.1
2025-04-29 07:07:33,stallRate,65.3309998512268,3.91417012268082,TheEmptinessMachine,HTCP,RB,HTTP/1.1
2025-04-29 07:07:35,stallRate,67.3309998512268,3.78118534829891,TheEmptinessMachine,HTCP,RB,HTTP/1.1
2025-04-29 07:07:37,stallRate,69.3320000171661,3.65637884537849,TheEmptinessMachine,HTCP,RB,HTTP/1.1
2025-04-29 07:07:39,stallRate,71.3309998512268,3.53940936723812,TheEmptinessMachine,HTCP,RB,HTTP/1.1
2025-04-29 07:07:41,stallRate,73.3309998512268,3.42999273895665,TheEmptinessMachine,HTCP,RB,HTTP/1.1
2025-04-29 07:07:43,stallRate,75.3309998512268,3.32723609800185,TheEmptinessMachine,HTCP,RB,HTTP/1.1
2025-04-29 07:07:45,stallRate,77.3309998512268,3.23043566852508,TheEmptinessMachine,HTCP,RB,HTTP/1.1
2025-04-29 07:07:47,stallRate,79.3309998512268,3.13880321654699,TheEmptinessMachine,HTCP,RB,HTTP/1.1
2025-04-29 07:07:49,stallRate,81.3309998512268,3.05257851315153,TheEmptinessMachine,HTCP,RB,HTTP/1.1
2025-04-29 07:07:51,stallRate,83.3320000171661,2.97070517010178,TheEmptinessMachine,HTCP,RB,HTTP/1.1
2025-04-29 07:07:53,stallRate,85.3320000171661,2.8933788838718,TheEmptinessMachine,HTCP,RB,HTTP/1.1
2025-04-29 07:07:55,stallRate,87.3320000171661,2.82038963094493,TheEmptinessMachine,HTCP,RB,HTTP/1.1
2025-04-29 07:07:57,stallRate,89.3309998512268,2.75044361154437,TheEmptinessMachine,HTCP,RB,HTTP/1.1
2025-04-29 07:07:59,stallRate,91.3309998512268,2.68400681913174,TheEmptinessMachine,HTCP,RB,HTTP/1.1
2025-04-29 07:08:01,stallRate,93.3320000171661,2.620064435033,TheEmptinessMachine,HTCP,RB,HTTP/1.1
2025-04-29 07:08:03,stallRate,95.3320000171661,2.55987294580977,TheEmptinessMachine,HTCP,RB,HTTP/1.1
2025-04-29 07:08:05,stallRate,97.3309998512268,2.50216699698222,TheEmptinessMachine,HTCP,RB,HTTP/1.1
2025-04-29 07:08:07,stallRate,99.3320000171661,2.44694784090661,TheEmptinessMachine,HTCP,RB,HTTP/1.1
2025-04-29 07:08:09,stallRate,101.332000017166,2.39448521646882,TheEmptinessMachine,HTCP,RB,HTTP/1.1
2025-04-29 07:08:11,stallRate,103.330999851227,2.34396374700294,TheEmptinessMachine,HTCP,RB,HTTP/1.1
2025-04-29 07:08:13,stallRate,105.330999851227,2.29544835502182,TheEmptinessMachine,HTCP,RB,HTTP/1.1
2025-04-29 07:08:15,stallRate,107.332000017166,2.24869405689795,TheEmptinessMachine,HTCP,RB,HTTP/1.1
2025-04-29 07:08:17,stallRate,109.332000017166,2.20396814925458,TheEmptinessMachine,HTCP,RB,HTTP/1.1
2025-04-29 07:08:19,stallRate,111.330999851227,2.16132479923102,TheEmptinessMachine,HTCP,RB,HTTP/1.1
2025-04-29 07:08:21,stallRate,113.330999851227,2.12000498175318,TheEmptinessMachine,HTCP,RB,HTTP/1.1
2025-04-29 07:08:23,stallRate,115.332000017166,2.08029864700593,TheEmptinessMachine,HTCP,RB,HTTP/1.1
2025-04-29 07:08:25,stallRate,117.330999851227,2.04207092886161,TheEmptinessMachine,HTCP,RB,HTTP/1.1
2025-04-29 07:08:27,stallRate,119.330999851227,2.00519269222529,TheEmptinessMachine,HTCP,RB,HTTP/1.1
2025-04-29 07:08:29,stallRate,121.332000017166,1.96948944866941,TheEmptinessMachine,HTCP,RB,HTTP/1.1
2025-04-29 07:08:31,stallRate,123.332000017166,1.93522572352661,TheEmptinessMachine,HTCP,RB,HTTP/1.1
2025-04-29 07:08:33,stallRate,125.332000017166,1.90199967655147,TheEmptinessMachine,HTCP,RB,HTTP/1.1
2025-04-29 07:08:35,stallRate,127.332000017166,1.86997482693089,TheEmptinessMachine,HTCP,RB,HTTP/1.1
2025-04-29 07:08:37,stallRate,129.330999851227,1.83902493410278,TheEmptinessMachine,HTCP,RB,HTTP/1.1
2025-04-29 07:08:39,stallRate,131.330999851227,1.80906543860271,TheEmptinessMachine,HTCP,RB,HTTP/1.1
2025-04-29 07:08:41,stallRate,133.330999851227,1.77996697913464,TheEmptinessMachine,HTCP,RB,HTTP/1.1
2025-04-29 07:08:43,stallRate,135.332000017166,1.75178280708358,TheEmptinessMachine,HTCP,RB,HTTP/1.1
2025-04-29 07:08:45,stallRate,137.332000017166,1.72455867955327,TheEmptinessMachine,HTCP,RB,HTTP/1.1
2025-04-29 07:08:47,stallRate,139.330999851227,1.69824422872272,TheEmptinessMachine,HTCP,RB,HTTP/1.1
2025-04-29 07:08:49,stallRate,141.330999851227,1.67271445384729,TheEmptinessMachine,HTCP,RB,HTTP/1.1
2025-04-29 07:08:51,stallRate,143.330999851227,1.64790415975801,TheEmptinessMachine,HTCP,RB,HTTP/1.1
2025-04-29 07:08:53,stallRate,145.332000017166,1.62386392151937,TheEmptinessMachine,HTCP,RB,HTTP/1.1
2025-04-29 07:08:55,stallRate,147.332000017166,1.60039745101512,TheEmptinessMachine,HTCP,RB,HTTP/1.1
2025-04-29 07:08:57,stallRate,149.332000017166,1.57771625096506,TheEmptinessMachine,HTCP,RB,HTTP/1.1
2025-04-29 07:08:59,stallRate,151.330999851227,1.55556817491872,TheEmptinessMachine,HTCP,RB,HTTP/1.1
2025-04-29 07:09:01,stallRate,153.332000017166,1.53411688135339,TheEmptinessMachine,HTCP,RB,HTTP/1.1
2025-04-29 07:09:03,stallRate,155.330999851227,1.51328843370194,TheEmptinessMachine,HTCP,RB,HTTP/1.1
2025-04-29 07:09:05,stallRate,157.330999851227,1.49290795762456,TheEmptinessMachine,HTCP,RB,HTTP/1.1
2025-04-29 07:09:07,stallRate,159.332000017166,1.47295702777524,TheEmptinessMachine,HTCP,RB,HTTP/1.1
2025-04-29 07:09:09,stallRate,161.332000017166,1.45369020456585,TheEmptinessMachine,HTCP,RB,HTTP/1.1
2025-04-29 07:09:11,stallRate,163.330999851227,1.43496494185798,TheEmptinessMachine,HTCP,RB,HTTP/1.1
2025-04-29 07:09:13,stallRate,165.330999851227,1.41662684889393,TheEmptinessMachine,HTCP,RB,HTTP/1.1
2025-04-29 07:09:15,stallRate,167.330999851227,1.39872307205253,TheEmptinessMachine,HTCP,RB,HTTP/1.1
2025-04-29 07:09:17,stallRate,169.330999851227,1.38131399219949,TheEmptinessMachine,HTCP,RB,HTTP/1.1
2025-04-29 07:09:19,stallRate,171.332000017166,1.36443185855055,TheEmptinessMachine,HTCP,RB,HTTP/1.1
2025-04-29 07:09:21,stallRate,173.330999851227,1.34785001349384,TheEmptinessMachine,HTCP,RB,HTTP/1.1
2025-04-29 07:09:23,stallRate,175.330999851227,1.33159816532095,TheEmptinessMachine,HTCP,RB,HTTP/1.1
2025-04-29 07:09:25,stallRate,177.332000017166,1.31582014375514,TheEmptinessMachine,HTCP,RB,HTTP/1.1
2025-04-29 07:09:27,stallRate,179.330999851227,1.30045735893878,TheEmptinessMachine,HTCP,RB,HTTP/1.1
2025-04-29 07:09:29,stallRate,181.332000017166,1.28537443570373,TheEmptinessMachine,HTCP,RB,HTTP/1.1
2025-04-29 07:09:31,stallRate,183.330999851227,1.27062545109894,TheEmptinessMachine,HTCP,RB,HTTP/1.1
2025-04-29 07:09:33,stallRate,185.332000017166,1.25632310013556,TheEmptinessMachine,HTCP,RB,HTTP/1.1
2025-04-29 07:09:35,stallRate,187.330999851227,1.242275442389,TheEmptinessMachine,HTCP,RB,HTTP/1.1
2025-04-29 07:09:37,stallRate,189.330999851227,1.22850765911571,TheEmptinessMachine,HTCP,RB,HTTP/1.1
2025-04-29 07:09:39,stallRate,191.330999851227,1.21506971469289,TheEmptinessMachine,HTCP,RB,HTTP/1.1
2025-04-29 07:09:41,stallRate,193.330999851227,1.20186268470317,TheEmptinessMachine,HTCP,RB,HTTP/1.1
2025-04-29 07:09:43,stallRate,195.330999851227,1.18906588950283,TheEmptinessMachine,HTCP,RB,HTTP/1.1
2025-04-29 07:09:45,stallRate,197.332000017166,1.17648958368185,TheEmptinessMachine,HTCP,RB,HTTP/1.1
2025-04-29 07:09:47,stallRate,199.332000017166,1.16412154332822,TheEmptinessMachine,HTCP,RB,HTTP/1.1
2025-04-29 07:09:49,stallRate,201.332000017166,1.15205581641379,TheEmptinessMachine,HTCP,RB,HTTP/1.1
2025-04-29 07:10:23,stallRate,1.19900012016296,0.0,TheEmptinessMachine,HTCP,RB,HTTP/2
2025-04-29 07:10:25,stallRate,3.19800019264221,0.0,TheEmptinessMachine,HTCP,RB,HTTP/2
2025-04-29 07:10:27,stallRate,5.19800019264221,0.0,TheEmptinessMachine,HTCP,RB,HTTP/2
2025-04-29 07:10:29,stallRate,7.19800019264221,0.0,TheEmptinessMachine,HTCP,RB,HTTP/2
2025-04-29 07:10:31,stallRate,9.19800019264221,0.0,TheEmptinessMachine,HTCP,RB,HTTP/2
2025-04-29 07:10:33,stallRate,11.1980001926422,0.0,TheEmptinessMachine,HTCP,RB,HTTP/2
2025-04-29 07:10:36,stallRate,13.1980001926422,0.0,TheEmptinessMachine,HTCP,RB,HTTP/2
2025-04-29 07:10:37,stallRate,15.1980001926422,0.0,TheEmptinessMachine,HTCP,RB,HTTP/2
2025-04-29 07:10:39,stallRate,17.1980001926422,0.0,TheEmptinessMachine,HTCP,RB,HTTP/2
2025-04-29 07:10:41,stallRate,19.1980001926422,0.0,TheEmptinessMachine,HTCP,RB,HTTP/2
2025-04-29 07:10:43,stallRate,21.1980001926422,0.0,TheEmptinessMachine,HTCP,RB,HTTP/2
2025-04-29 07:10:45,stallRate,23.1980001926422,0.0,TheEmptinessMachine,HTCP,RB,HTTP/2
2025-04-29 07:10:47,stallRate,25.199000120163,0.0,TheEmptinessMachine,HTCP,RB,HTTP/2
2025-04-29 07:10:49,stallRate,27.1980001926422,0.0,TheEmptinessMachine,HTCP,RB,HTTP/2
2025-04-29 07:10:51,stallRate,29.1980001926422,0.0,TheEmptinessMachine,HTCP,RB,HTTP/2
2025-04-29 07:10:53,stallRate,31.1980001926422,0.0,TheEmptinessMachine,HTCP,RB,HTTP/2
2025-04-29 07:10:55,stallRate,33.199000120163,0.0,TheEmptinessMachine,HTCP,RB,HTTP/2
2025-04-29 07:10:57,stallRate,35.1980001926422,0.0,TheEmptinessMachine,HTCP,RB,HTTP/2
2025-04-29 07:10:59,stallRate,37.1980001926422,0.0,TheEmptinessMachine,HTCP,RB,HTTP/2
2025-04-29 07:11:01,stallRate,39.199000120163,0.0,TheEmptinessMachine,HTCP,RB,HTTP/2
2025-04-29 07:11:03,stallRate,41.199000120163,0.0,TheEmptinessMachine,HTCP,RB,HTTP/2
2025-04-29 07:11:05,stallRate,43.199000120163,0.0,TheEmptinessMachine,HTCP,RB,HTTP/2
2025-04-29 07:11:07,stallRate,45.199000120163,0.0,TheEmptinessMachine,HTCP,RB,HTTP/2
2025-04-29 07:11:09,stallRate,47.199000120163,0.0,TheEmptinessMachine,HTCP,RB,HTTP/2
2025-04-29 07:11:11,stallRate,49.1980001926422,0.0,TheEmptinessMachine,HTCP,RB,HTTP/2
2025-04-29 07:11:19,stallRate,57.199000120163,12.7094591932132,TheEmptinessMachine,HTCP,RB,HTTP/2
2025-04-29 07:11:21,stallRate,59.1980001926422,12.0600500919051,TheEmptinessMachine,HTCP,RB,HTTP/2
2025-04-29 07:11:23,stallRate,61.199000120163,11.4748577600822,TheEmptinessMachine,HTCP,RB,HTTP/2
2025-04-29 07:11:25,stallRate,63.1980001926422,10.94131321999,TheEmptinessMachine,HTCP,RB,HTTP/2
2025-04-29 07:11:27,stallRate,65.1980001926422,10.4583231156928,TheEmptinessMachine,HTCP,RB,HTTP/2
2025-04-29 07:11:29,stallRate,67.199000120163,10.0142924564794,TheEmptinessMachine,HTCP,RB,HTTP/2
2025-04-29 07:11:31,stallRate,69.1980001926422,9.60683415602237,TheEmptinessMachine,HTCP,RB,HTTP/2
2025-04-29 07:11:33,stallRate,71.199000120163,9.2315161117433,TheEmptinessMachine,HTCP,RB,HTTP/2
2025-04-29 07:11:35,stallRate,73.2000000476837,8.88314380628955,TheEmptinessMachine,HTCP,RB,HTTP/2
2025-04-29 07:11:37,stallRate,75.199000120163,8.56184211643792,TheEmptinessMachine,HTCP,RB,HTTP/2
2025-04-29 07:11:39,stallRate,77.199000120163,8.26356587792588,TheEmptinessMachine,HTCP,RB,HTTP/2
2025-04-29 07:11:41,stallRate,79.199000120163,7.98571974153447,TheEmptinessMachine,HTCP,RB,HTTP/2
2025-04-29 07:11:43,stallRate,81.1980001926422,7.72465553246166,TheEmptinessMachine,HTCP,RB,HTTP/2
2025-04-29 07:11:45,stallRate,83.199000120163,7.47947687636515,TheEmptinessMachine,HTCP,RB,HTTP/2
2025-04-29 07:11:47,stallRate,85.199000120163,7.24995735183973,TheEmptinessMachine,HTCP,RB,HTTP/2
2025-04-29 07:11:49,stallRate,87.1980001926422,7.03459191095183,TheEmptinessMachine,HTCP,RB,HTTP/2
2025-04-29 07:11:51,stallRate,89.199000120163,6.83135514573355,TheEmptinessMachine,HTCP,RB,HTTP/2
2025-04-29 07:11:53,stallRate,91.1980001926422,6.6388480158156,TheEmptinessMachine,HTCP,RB,HTTP/2
2025-04-29 07:11:55,stallRate,93.199000120163,6.45774126445914,TheEmptinessMachine,HTCP,RB,HTTP/2
2025-04-29 07:11:57,stallRate,95.199000120163,6.28567388122958,TheEmptinessMachine,HTCP,RB,HTTP/2
2025-04-29 07:11:59,stallRate,97.1980001926422,6.12292627860324,TheEmptinessMachine,HTCP,RB,HTTP/2
2025-04-29 07:12:01,stallRate,99.199000120163,5.9692039873843,TheEmptinessMachine,HTCP,RB,HTTP/2
2025-04-29 07:12:03,stallRate,101.201000213623,5.82270101978219,TheEmptinessMachine,HTCP,RB,HTTP/2
2025-04-29 07:12:05,stallRate,103.199000120163,5.68279133268365,TheEmptinessMachine,HTCP,RB,HTTP/2
2025-04-29 07:12:07,stallRate,105.198000192642,5.54907774572012,TheEmptinessMachine,HTCP,RB,HTTP/2
2025-04-29 07:12:09,stallRate,107.198000192642,5.42110083819705,TheEmptinessMachine,HTCP,RB,HTTP/2
2025-04-29 07:12:11,stallRate,109.198000192642,5.29931312680161,TheEmptinessMachine,HTCP,RB,HTTP/2
2025-04-29 07:12:13,stallRate,111.198000192642,5.18376879154599,TheEmptinessMachine,HTCP,RB,HTTP/2
2025-04-29 07:12:15,stallRate,113.198000192642,5.0723895773705,TheEmptinessMachine,HTCP,RB,HTTP/2
2025-04-29 07:12:17,stallRate,115.198000192642,4.96593820513574,TheEmptinessMachine,HTCP,RB,HTTP/2
2025-04-29 07:12:19,stallRate,117.199000120163,4.86386516235117,TheEmptinessMachine,HTCP,RB,HTTP/2
2025-04-29 07:12:21,stallRate,119.199000120163,4.76532137645264,TheEmptinessMachine,HTCP,RB,HTTP/2
2025-04-29 07:12:23,stallRate,121.198000192642,4.6710476623299,TheEmptinessMachine,HTCP,RB,HTTP/2
2025-04-29 07:12:25,stallRate,123.199000120163,4.5805459763975,TheEmptinessMachine,HTCP,RB,HTTP/2
2025-04-29 07:12:27,stallRate,125.199000120163,4.49398463846902,TheEmptinessMachine,HTCP,RB,HTTP/2
2025-04-29 07:12:29,stallRate,127.198000192642,4.41025097754893,TheEmptinessMachine,HTCP,RB,HTTP/2
2025-04-29 07:12:31,stallRate,129.198000192642,4.32942059947585,TheEmptinessMachine,HTCP,RB,HTTP/2
2025-04-29 07:12:33,stallRate,131.199000120163,4.25157299389071,TheEmptinessMachine,HTCP,RB,HTTP/2
2025-04-29 07:12:35,stallRate,133.198000192642,4.17622544382078,TheEmptinessMachine,HTCP,RB,HTTP/2
2025-04-29 07:12:37,stallRate,135.198000192642,4.10362690703171,TheEmptinessMachine,HTCP,RB,HTTP/2
2025-04-29 07:12:39,stallRate,137.199000120163,4.03396626210555,TheEmptinessMachine,HTCP,RB,HTTP/2
2025-04-29 07:12:41,stallRate,139.199000120163,3.96630053769139,TheEmptinessMachine,HTCP,RB,HTTP/2
2025-04-29 07:12:43,stallRate,141.198000192642,3.90074029919808,TheEmptinessMachine,HTCP,RB,HTTP/2
2025-04-29 07:12:45,stallRate,143.198000192642,3.83741725619795,TheEmptinessMachine,HTCP,RB,HTTP/2
2025-04-29 07:12:47,stallRate,145.199000120163,3.77589553702816,TheEmptinessMachine,HTCP,RB,HTTP/2
2025-04-29 07:12:49,stallRate,147.198000192642,3.71664877787768,TheEmptinessMachine,HTCP,RB,HTTP/2
2025-04-29 07:12:51,stallRate,149.198000192642,3.65899928180444,TheEmptinessMachine,HTCP,RB,HTTP/2
2025-04-29 07:12:53,stallRate,151.199000120163,3.6032415030022,TheEmptinessMachine,HTCP,RB,HTTP/2
2025-04-29 07:12:55,stallRate,153.198000192642,3.54916663527283,TheEmptinessMachine,HTCP,RB,HTTP/2
2025-04-29 07:12:57,stallRate,155.198000192642,3.49697542391905,TheEmptinessMachine,HTCP,RB,HTTP/2
2025-04-29 07:12:59,stallRate,157.199000120163,3.4460260772582,TheEmptinessMachine,HTCP,RB,HTTP/2
2025-04-29 07:13:01,stallRate,159.199000120163,3.39646849451538,TheEmptinessMachine,HTCP,RB,HTTP/2
2025-04-29 07:13:03,stallRate,161.198000192642,3.34837754558669,TheEmptinessMachine,HTCP,RB,HTTP/2
2025-04-29 07:13:05,stallRate,163.198000192642,3.30172812899987,TheEmptinessMachine,HTCP,RB,HTTP/2
2025-04-29 07:13:07,stallRate,165.199000120163,3.53367636130167,TheEmptinessMachine,HTCP,RB,HTTP/2
2025-04-29 07:13:09,stallRate,167.199000120163,3.48553301719302,TheEmptinessMachine,HTCP,RB,HTTP/2
2025-04-29 07:13:11,stallRate,169.198000192642,3.43881812202626,TheEmptinessMachine,HTCP,RB,HTTP/2
2025-04-29 07:13:13,stallRate,171.198000192642,3.39318802658408,TheEmptinessMachine,HTCP,RB,HTTP/2
2025-04-29 07:13:15,stallRate,173.199000120163,3.34897006183037,TheEmptinessMachine,HTCP,RB,HTTP/2
2025-04-29 07:13:17,stallRate,175.199000120163,3.30571386657124,TheEmptinessMachine,HTCP,RB,HTTP/2
2025-04-29 07:13:19,stallRate,177.198000192642,3.26379982319508,TheEmptinessMachine,HTCP,RB,HTTP/2
2025-04-29 07:13:21,stallRate,179.198000192642,3.22272599497952,TheEmptinessMachine,HTCP,RB,HTTP/2
2025-04-29 07:13:23,stallRate,181.198000192642,3.18277713288843,TheEmptinessMachine,HTCP,RB,HTTP/2
2025-04-29 07:13:25,stallRate,183.200000047684,3.14380732540214,TheEmptinessMachine,HTCP,RB,HTTP/2
2025-04-29 07:13:27,stallRate,185.199000120163,3.10576810268084,TheEmptinessMachine,HTCP,RB,HTTP/2
2025-04-29 07:13:29,stallRate,187.198000192642,3.06873012384437,TheEmptinessMachine,HTCP,RB,HTTP/2
2025-04-29 07:13:31,stallRate,189.199000120163,3.07557982879152,TheEmptinessMachine,HTCP,RB,HTTP/2
2025-04-29 07:13:33,stallRate,191.199000120163,3.03953393213446,TheEmptinessMachine,HTCP,RB,HTTP/2
2025-04-29 07:13:35,stallRate,193.199000120163,3.00442592434473,TheEmptinessMachine,HTCP,RB,HTTP/2
2025-04-29 07:13:37,stallRate,195.200000047684,2.97012573404821,TheEmptinessMachine,HTCP,RB,HTTP/2
2025-04-29 07:13:39,stallRate,197.198000192642,2.93683219020429,TheEmptinessMachine,HTCP,RB,HTTP/2
2025-04-29 07:13:41,stallRate,199.199000120163,2.90408495134537,TheEmptinessMachine,HTCP,RB,HTTP/2
2025-04-29 07:13:43,stallRate,201.198000192642,2.87200594415006,TheEmptinessMachine,HTCP,RB,HTTP/2
2025-04-29 07:13:55,stallRate,213.198000192642,2.69368781191845,TheEmptinessMachine,HTCP,RB,HTTP/2
2025-04-29 07:14:17,stallRate,1.20800018310547,0.0,TheEmptinessMachine,HTCP,RB,HTTP/3
2025-04-29 07:14:19,stallRate,3.20700001716614,0.0,TheEmptinessMachine,HTCP,RB,HTTP/3
2025-04-29 07:14:21,stallRate,5.20600008964539,0.0,TheEmptinessMachine,HTCP,RB,HTTP/3
2025-04-29 07:14:23,stallRate,7.20600008964539,0.0,TheEmptinessMachine,HTCP,RB,HTTP/3
2025-04-29 07:14:26,stallRate,9.20600008964539,0.0,TheEmptinessMachine,HTCP,RB,HTTP/3
2025-04-29 07:14:27,stallRate,11.2060000896454,0.0,TheEmptinessMachine,HTCP,RB,HTTP/3
2025-04-29 07:14:29,stallRate,13.2060000896454,0.0,TheEmptinessMachine,HTCP,RB,HTTP/3
2025-04-29 07:14:31,stallRate,15.2060000896454,0.0,TheEmptinessMachine,HTCP,RB,HTTP/3
2025-04-29 07:14:33,stallRate,17.2060000896454,0.0,TheEmptinessMachine,HTCP,RB,HTTP/3
2025-04-29 07:14:35,stallRate,19.2070000171661,0.0,TheEmptinessMachine,HTCP,RB,HTTP/3
2025-04-29 07:14:37,stallRate,21.2070000171661,0.0,TheEmptinessMachine,HTCP,RB,HTTP/3
2025-04-29 07:14:39,stallRate,23.2060000896454,0.0,TheEmptinessMachine,HTCP,RB,HTTP/3
2025-04-29 07:14:41,stallRate,25.2060000896454,0.0,TheEmptinessMachine,HTCP,RB,HTTP/3
2025-04-29 07:14:43,stallRate,27.2060000896454,0.0,TheEmptinessMachine,HTCP,RB,HTTP/3
2025-04-29 07:14:45,stallRate,29.2060000896454,0.0,TheEmptinessMachine,HTCP,RB,HTTP/3
2025-04-29 07:14:47,stallRate,31.2060000896454,0.0,TheEmptinessMachine,HTCP,RB,HTTP/3
2025-04-29 07:14:49,stallRate,33.2060000896454,0.0,TheEmptinessMachine,HTCP,RB,HTTP/3
2025-04-29 07:14:51,stallRate,35.2060000896454,0.0,TheEmptinessMachine,HTCP,RB,HTTP/3
2025-04-29 07:14:53,stallRate,37.2070000171661,0.0,TheEmptinessMachine,HTCP,RB,HTTP/3
2025-04-29 07:14:55,stallRate,39.2060000896454,0.0,TheEmptinessMachine,HTCP,RB,HTTP/3
2025-04-29 07:14:59,stallRate,43.2070000171661,5.22645669488272,TheEmptinessMachine,HTCP,RB,HTTP/3
2025-04-29 07:15:01,stallRate,45.2060000896454,4.88930987879496,TheEmptinessMachine,HTCP,RB,HTTP/3
2025-04-29 07:15:03,stallRate,47.2070000171661,4.59888983030111,TheEmptinessMachine,HTCP,RB,HTTP/3
2025-04-29 07:15:05,stallRate,49.2060000896454,4.34197382501168,TheEmptinessMachine,HTCP,RB,HTTP/3
2025-04-29 07:15:07,stallRate,51.2070000171661,4.11168114703556,TheEmptinessMachine,HTCP,RB,HTTP/3
2025-04-29 07:15:09,stallRate,53.2060000896454,3.90560809418189,TheEmptinessMachine,HTCP,RB,HTTP/3
2025-04-29 07:15:11,stallRate,55.2080001831055,3.71825699512731,TheEmptinessMachine,HTCP,RB,HTTP/3
2025-04-29 07:15:13,stallRate,57.2070000171661,3.54922957087912,TheEmptinessMachine,HTCP,RB,HTTP/3
2025-04-29 07:15:15,stallRate,59.2080001831055,3.39497740804823,TheEmptinessMachine,HTCP,RB,HTTP/3
2025-04-29 07:15:17,stallRate,61.2080001831055,3.25304158971199,TheEmptinessMachine,HTCP,RB,HTTP/3
2025-04-29 07:15:19,stallRate,63.2070000171661,3.12235848812888,TheEmptinessMachine,HTCP,RB,HTTP/3
2025-04-29 07:15:21,stallRate,65.2070000171661,3.00193455863819,TheEmptinessMachine,HTCP,RB,HTTP/3
2025-04-29 07:15:23,stallRate,67.2090001106262,2.89002316211748,TheEmptinessMachine,HTCP,RB,HTTP/3
2025-04-29 07:15:25,stallRate,69.2080001831055,2.78691776395753,TheEmptinessMachine,HTCP,RB,HTTP/3
2025-04-29 07:15:27,stallRate,71.2080001831055,2.69092903318795,TheEmptinessMachine,HTCP,RB,HTTP/3
2025-04-29 07:15:29,stallRate,73.2060000896454,2.60154931556159,TheEmptinessMachine,HTCP,RB,HTTP/3
2025-04-29 07:15:31,stallRate,75.2080001831055,2.51730398020572,TheEmptinessMachine,HTCP,RB,HTTP/3
2025-04-29 07:15:33,stallRate,77.2060000896454,2.4383297993457,TheEmptinessMachine,HTCP,RB,HTTP/3
2025-04-29 07:15:35,stallRate,79.2080001831055,2.36423397407882,TheEmptinessMachine,HTCP,RB,HTTP/3
2025-04-29 07:15:37,stallRate,81.2070000171661,2.29458577777394,TheEmptinessMachine,HTCP,RB,HTTP/3
2025-04-29 07:15:39,stallRate,83.2070000171661,2.22896273859019,TheEmptinessMachine,HTCP,RB,HTTP/3
2025-04-29 07:15:41,stallRate,85.2070000171661,2.16707664254778,TheEmptinessMachine,HTCP,RB,HTTP/3
2025-04-29 07:15:43,stallRate,87.2060000896454,2.10833438781786,TheEmptinessMachine,HTCP,RB,HTTP/3
2025-04-29 07:15:45,stallRate,89.2070000171661,2.05257523148906,TheEmptinessMachine,HTCP,RB,HTTP/3
2025-04-29 07:15:47,stallRate,91.2070000171661,1.99987592732402,TheEmptinessMachine,HTCP,RB,HTTP/3
2025-04-29 07:15:49,stallRate,93.2080001831055,1.94981791790054,TheEmptinessMachine,HTCP,RB,HTTP/3
2025-04-29 07:15:51,stallRate,95.2060000896454,1.90225257381248,TheEmptinessMachine,HTCP,RB,HTTP/3
2025-04-29 07:15:53,stallRate,97.2080001831055,1.8569913740338,TheEmptinessMachine,HTCP,RB,HTTP/3
2025-04-29 07:15:55,stallRate,99.2060000896454,1.8138864682918,TheEmptinessMachine,HTCP,RB,HTTP/3
2025-04-29 07:15:57,stallRate,101.206000089645,1.77240402546682,TheEmptinessMachine,HTCP,RB,HTTP/3
2025-04-29 07:15:59,stallRate,103.207000017166,1.73289844112799,TheEmptinessMachine,HTCP,RB,HTTP/3
2025-04-29 07:16:01,stallRate,105.206000089645,1.69516750697124,TheEmptinessMachine,HTCP,RB,HTTP/3
2025-04-29 07:16:03,stallRate,107.206000089645,1.65926007354571,TheEmptinessMachine,HTCP,RB,HTTP/3
2025-04-29 07:16:05,stallRate,109.206000089645,1.62447205570814,TheEmptinessMachine,HTCP,RB,HTTP/3
2025-04-29 07:16:07,stallRate,111.207000017166,1.59127541802609,TheEmptinessMachine,HTCP,RB,HTTP/3
2025-04-29 07:16:09,stallRate,113.206000089645,1.55933875587984,TheEmptinessMachine,HTCP,RB,HTTP/3
2025-04-29 07:16:11,stallRate,115.206000089645,1.52873529692787,TheEmptinessMachine,HTCP,RB,HTTP/3
2025-04-29 07:16:13,stallRate,117.207000017166,1.49932799747726,TheEmptinessMachine,HTCP,RB,HTTP/3
2025-04-29 07:16:15,stallRate,119.206000089645,1.471018804753,TheEmptinessMachine,HTCP,RB,HTTP/3
2025-04-29 07:16:17,stallRate,121.206000089645,1.44381737416726,TheEmptinessMachine,HTCP,RB,HTTP/3
2025-04-29 07:16:19,stallRate,123.206000089645,1.41760546588436,TheEmptinessMachine,HTCP,RB,HTTP/3
2025-04-29 07:16:21,stallRate,125.206000089645,1.39228914394616,TheEmptinessMachine,HTCP,RB,HTTP/3
2025-04-29 07:16:23,stallRate,127.206000089645,1.36791494679584,TheEmptinessMachine,HTCP,RB,HTTP/3
2025-04-29 07:16:25,stallRate,129.206000089645,1.34425763076868,TheEmptinessMachine,HTCP,RB,HTTP/3
2025-04-29 07:16:27,stallRate,131.206000089645,1.32137356650849,TheEmptinessMachine,HTCP,RB,HTTP/3
2025-04-29 07:16:29,stallRate,133.206000089645,1.29931875809243,TheEmptinessMachine,HTCP,RB,HTTP/3
2025-04-29 07:16:31,stallRate,135.206000089645,1.278001709079,TheEmptinessMachine,HTCP,RB,HTTP/3
2025-04-29 07:16:33,stallRate,137.207000017166,1.25737566012212,TheEmptinessMachine,HTCP,RB,HTTP/3
2025-04-29 07:16:35,stallRate,139.206000089645,1.23745314110533,TheEmptinessMachine,HTCP,RB,HTTP/3
2025-04-29 07:16:37,stallRate,141.206000089645,1.21807481012543,TheEmptinessMachine,HTCP,RB,HTTP/3
2025-04-29 07:16:39,stallRate,143.206000089645,1.19937421570506,TheEmptinessMachine,HTCP,RB,HTTP/3
2025-04-29 07:16:41,stallRate,145.206000089645,1.18115182267955,TheEmptinessMachine,HTCP,RB,HTTP/3
2025-04-29 07:16:43,stallRate,147.207000017166,1.16339365326984,TheEmptinessMachine,HTCP,RB,HTTP/3
2025-04-29 07:16:45,stallRate,149.206000089645,1.14629677960008,TheEmptinessMachine,HTCP,RB,HTTP/3
2025-04-29 07:16:47,stallRate,151.207000017166,1.12972276442437,TheEmptinessMachine,HTCP,RB,HTTP/3
2025-04-29 07:16:49,stallRate,153.206000089645,1.11361636466084,TheEmptinessMachine,HTCP,RB,HTTP/3
2025-04-29 07:16:51,stallRate,155.206000089645,1.09792901632779,TheEmptinessMachine,HTCP,RB,HTTP/3
2025-04-29 07:16:53,stallRate,157.206000089645,1.08261827960976,TheEmptinessMachine,HTCP,RB,HTTP/3
2025-04-29 07:16:55,stallRate,159.212000131607,1.06775918783312,TheEmptinessMachine,HTCP,RB,HTTP/3
2025-04-29 07:16:57,stallRate,161.206000089645,1.05333149846222,TheEmptinessMachine,HTCP,RB,HTTP/3
2025-04-29 07:16:59,stallRate,163.206000089645,1.03928258664053,TheEmptinessMachine,HTCP,RB,HTTP/3
2025-04-29 07:17:01,stallRate,165.206000089645,1.02555165537588,TheEmptinessMachine,HTCP,RB,HTTP/3
2025-04-29 07:17:03,stallRate,167.206000089645,1.01217216793283,TheEmptinessMachine,HTCP,RB,HTTP/3
2025-04-29 07:17:05,stallRate,169.206000089645,0.999262174115003,TheEmptinessMachine,HTCP,RB,HTTP/3
2025-04-29 07:17:07,stallRate,171.207000017166,0.98662336460376,TheEmptinessMachine,HTCP,RB,HTTP/3
2025-04-29 07:17:09,stallRate,173.206000089645,0.974253860985889,TheEmptinessMachine,HTCP,RB,HTTP/3
2025-04-29 07:17:11,stallRate,175.207000017166,0.962223525668488,TheEmptinessMachine,HTCP,RB,HTTP/3
2025-04-29 07:17:13,stallRate,177.206000089645,0.950549854372565,TheEmptinessMachine,HTCP,RB,HTTP/3
2025-04-29 07:17:15,stallRate,179.207000017166,0.939073143067633,TheEmptinessMachine,HTCP,RB,HTTP/3
2025-04-29 07:17:17,stallRate,181.206000089645,0.92789681782687,TheEmptinessMachine,HTCP,RB,HTTP/3
2025-04-29 07:17:19,stallRate,183.206000089645,0.916974804226803,TheEmptinessMachine,HTCP,RB,HTTP/3
2025-04-29 07:17:21,stallRate,185.206000089645,0.906310315171765,TheEmptinessMachine,HTCP,RB,HTTP/3
2025-04-29 07:17:23,stallRate,187.206000089645,0.895854424306573,TheEmptinessMachine,HTCP,RB,HTTP/3
2025-04-29 07:17:25,stallRate,189.206000089645,0.885631306076323,TheEmptinessMachine,HTCP,RB,HTTP/3
2025-04-29 07:17:27,stallRate,191.206000089645,0.875721541958437,TheEmptinessMachine,HTCP,RB,HTTP/3
2025-04-29 07:17:29,stallRate,193.206000089645,0.865987974559267,TheEmptinessMachine,HTCP,RB,HTTP/3
2025-04-29 07:17:31,stallRate,195.206000089645,0.856424060686175,TheEmptinessMachine,HTCP,RB,HTTP/3
2025-04-29 07:17:33,stallRate,197.206000089645,0.847071987758486,TheEmptinessMachine,HTCP,RB,HTTP/3
2025-04-29 07:17:35,stallRate,199.207000017166,0.838003615117103,TheEmptinessMachine,HTCP,RB,HTTP/3
2025-04-29 07:17:37,stallRate,201.206000089645,0.829102159645923,TheEmptinessMachine,HTCP,RB,HTTP/3
2025-04-29 07:17:39,stallRate,203.207000017166,0.820346061119536,TheEmptinessMachine,HTCP,RB,HTTP/3
2025-04-29 07:17:41,stallRate,205.207000017166,0.811744158356991,TheEmptinessMachine,HTCP,RB,HTTP/3
2025-04-29 07:18:11,stallRate,1.23099994659424,0.0,TheEmptinessMachine,HTCP,Throughput,HTTP/1.1
2025-04-29 07:18:13,stallRate,3.22099995613098,0.0,TheEmptinessMachine,HTCP,Throughput,HTTP/1.1
2025-04-29 07:18:15,stallRate,5.22099995613098,0.0,TheEmptinessMachine,HTCP,Throughput,HTTP/1.1
2025-04-29 07:18:17,stallRate,7.22099995613098,0.0,TheEmptinessMachine,HTCP,Throughput,HTTP/1.1
2025-04-29 07:18:19,stallRate,9.22099995613098,0.0,TheEmptinessMachine,HTCP,Throughput,HTTP/1.1
2025-04-29 07:18:21,stallRate,11.220999956131,0.0,TheEmptinessMachine,HTCP,Throughput,HTTP/1.1
2025-04-29 07:18:23,stallRate,13.2220001220703,0.0,TheEmptinessMachine,HTCP,Throughput,HTTP/1.1
2025-04-29 07:18:26,stallRate,15.2220001220703,0.0,TheEmptinessMachine,HTCP,Throughput,HTTP/1.1
2025-04-29 07:18:27,stallRate,17.2220001220703,0.0,TheEmptinessMachine,HTCP,Throughput,HTTP/1.1
2025-04-29 07:18:29,stallRate,19.2669999599457,0.0,TheEmptinessMachine,HTCP,Throughput,HTTP/1.1
2025-04-29 07:18:31,stallRate,21.220999956131,0.0,TheEmptinessMachine,HTCP,Throughput,HTTP/1.1
2025-04-29 07:18:33,stallRate,23.220999956131,0.0,TheEmptinessMachine,HTCP,Throughput,HTTP/1.1
2025-04-29 07:18:35,stallRate,25.2220001220703,0.0,TheEmptinessMachine,HTCP,Throughput,HTTP/1.1
2025-04-29 07:18:37,stallRate,27.4070000648499,0.0,TheEmptinessMachine,HTCP,Throughput,HTTP/1.1
2025-04-29 07:18:39,stallRate,29.220999956131,0.0,TheEmptinessMachine,HTCP,Throughput,HTTP/1.1
2025-04-29 07:18:41,stallRate,31.2220001220703,0.0,TheEmptinessMachine,HTCP,Throughput,HTTP/1.1
2025-04-29 07:18:43,stallRate,33.220999956131,0.0,TheEmptinessMachine,HTCP,Throughput,HTTP/1.1
2025-04-29 07:18:45,stallRate,35.220999956131,0.0,TheEmptinessMachine,HTCP,Throughput,HTTP/1.1
2025-04-29 07:18:47,stallRate,37.2220001220703,0.0,TheEmptinessMachine,HTCP,Throughput,HTTP/1.1
2025-04-29 07:18:49,stallRate,39.2220001220703,0.0,TheEmptinessMachine,HTCP,Throughput,HTTP/1.1
2025-04-29 07:18:51,stallRate,41.2220001220703,0.0,TheEmptinessMachine,HTCP,Throughput,HTTP/1.1
2025-04-29 07:18:53,stallRate,43.2220001220703,0.0,TheEmptinessMachine,HTCP,Throughput,HTTP/1.1
2025-04-29 07:18:55,stallRate,45.220999956131,0.0,TheEmptinessMachine,HTCP,Throughput,HTTP/1.1
2025-04-29 07:18:57,stallRate,47.220999956131,0.0,TheEmptinessMachine,HTCP,Throughput,HTTP/1.1
2025-04-29 07:18:59,stallRate,49.2220001220703,0.0,TheEmptinessMachine,HTCP,Throughput,HTTP/1.1
2025-04-29 07:19:01,stallRate,51.220999956131,0.0,TheEmptinessMachine,HTCP,Throughput,HTTP/1.1
2025-04-29 07:19:03,stallRate,53.220999956131,0.0,TheEmptinessMachine,HTCP,Throughput,HTTP/1.1
2025-04-29 07:19:05,stallRate,55.220999956131,0.0,TheEmptinessMachine,HTCP,Throughput,HTTP/1.1
2025-04-29 07:19:07,stallRate,57.220999956131,0.0,TheEmptinessMachine,HTCP,Throughput,HTTP/1.1
2025-04-29 07:19:09,stallRate,59.220999956131,0.0,TheEmptinessMachine,HTCP,Throughput,HTTP/1.1
2025-04-29 07:19:11,stallRate,61.220999956131,0.0,TheEmptinessMachine,HTCP,Throughput,HTTP/1.1
2025-04-29 07:19:13,stallRate,63.220999956131,0.0,TheEmptinessMachine,HTCP,Throughput,HTTP/1.1
2025-04-29 07:19:15,stallRate,65.220999956131,0.0,TheEmptinessMachine,HTCP,Throughput,HTTP/1.1
2025-04-29 07:19:17,stallRate,67.220999956131,0.0,TheEmptinessMachine,HTCP,Throughput,HTTP/1.1
2025-04-29 07:19:19,stallRate,69.2220001220703,0.0,TheEmptinessMachine,HTCP,Throughput,HTTP/1.1
2025-04-29 07:19:21,stallRate,71.2220001220703,0.0,TheEmptinessMachine,HTCP,Throughput,HTTP/1.1
2025-04-29 07:19:23,stallRate,73.220999956131,0.0,TheEmptinessMachine,HTCP,Throughput,HTTP/1.1
2025-04-29 07:19:25,stallRate,75.2220001220703,0.0,TheEmptinessMachine,HTCP,Throughput,HTTP/1.1
2025-04-29 07:19:27,stallRate,77.220999956131,0.0,TheEmptinessMachine,HTCP,Throughput,HTTP/1.1
2025-04-29 07:19:29,stallRate,79.220999956131,0.0,TheEmptinessMachine,HTCP,Throughput,HTTP/1.1
2025-04-29 07:19:31,stallRate,81.220999956131,0.0,TheEmptinessMachine,HTCP,Throughput,HTTP/1.1
2025-04-29 07:19:33,stallRate,83.220999956131,0.0,TheEmptinessMachine,HTCP,Throughput,HTTP/1.1
2025-04-29 07:19:35,stallRate,85.2250001430511,0.0,TheEmptinessMachine,HTCP,Throughput,HTTP/1.1
2025-04-29 07:19:37,stallRate,87.2220001220703,0.0,TheEmptinessMachine,HTCP,Throughput,HTTP/1.1
2025-04-29 07:19:39,stallRate,89.2220001220703,0.0,TheEmptinessMachine,HTCP,Throughput,HTTP/1.1
2025-04-29 07:19:41,stallRate,91.220999956131,0.0,TheEmptinessMachine,HTCP,Throughput,HTTP/1.1
2025-04-29 07:19:43,stallRate,93.2220001220703,0.0,TheEmptinessMachine,HTCP,Throughput,HTTP/1.1
2025-04-29 07:19:45,stallRate,95.2220001220703,0.0,TheEmptinessMachine,HTCP,Throughput,HTTP/1.1
2025-04-29 07:19:47,stallRate,97.2220001220703,0.0,TheEmptinessMachine,HTCP,Throughput,HTTP/1.1
2025-04-29 07:19:49,stallRate,99.2220001220703,0.0,TheEmptinessMachine,HTCP,Throughput,HTTP/1.1
2025-04-29 07:19:51,stallRate,101.220999956131,0.0,TheEmptinessMachine,HTCP,Throughput,HTTP/1.1
2025-04-29 07:19:53,stallRate,103.220999956131,0.0,TheEmptinessMachine,HTCP,Throughput,HTTP/1.1
2025-04-29 07:19:55,stallRate,105.220999956131,0.0,TheEmptinessMachine,HTCP,Throughput,HTTP/1.1
2025-04-29 07:19:57,stallRate,107.220999956131,0.0,TheEmptinessMachine,HTCP,Throughput,HTTP/1.1
2025-04-29 07:19:59,stallRate,109.220999956131,0.0,TheEmptinessMachine,HTCP,Throughput,HTTP/1.1
2025-04-29 07:20:01,stallRate,111.220999956131,0.0,TheEmptinessMachine,HTCP,Throughput,HTTP/1.1
2025-04-29 07:20:03,stallRate,113.22200012207,0.0,TheEmptinessMachine,HTCP,Throughput,HTTP/1.1
2025-04-29 07:20:05,stallRate,115.220999956131,0.0,TheEmptinessMachine,HTCP,Throughput,HTTP/1.1
2025-04-29 07:20:07,stallRate,117.220999956131,0.0,TheEmptinessMachine,HTCP,Throughput,HTTP/1.1
2025-04-29 07:20:09,stallRate,119.220999956131,0.0,TheEmptinessMachine,HTCP,Throughput,HTTP/1.1
2025-04-29 07:20:11,stallRate,121.22200012207,0.0,TheEmptinessMachine,HTCP,Throughput,HTTP/1.1
2025-04-29 07:20:13,stallRate,123.220999956131,0.0,TheEmptinessMachine,HTCP,Throughput,HTTP/1.1
2025-04-29 07:20:15,stallRate,125.220999956131,0.0,TheEmptinessMachine,HTCP,Throughput,HTTP/1.1
2025-04-29 07:20:17,stallRate,127.220999956131,0.0,TheEmptinessMachine,HTCP,Throughput,HTTP/1.1
2025-04-29 07:20:19,stallRate,129.22200012207,0.0,TheEmptinessMachine,HTCP,Throughput,HTTP/1.1
2025-04-29 07:20:21,stallRate,131.22200012207,0.0,TheEmptinessMachine,HTCP,Throughput,HTTP/1.1
2025-04-29 07:20:23,stallRate,133.220999956131,0.0,TheEmptinessMachine,HTCP,Throughput,HTTP/1.1
2025-04-29 07:20:25,stallRate,135.225000143051,0.0,TheEmptinessMachine,HTCP,Throughput,HTTP/1.1
2025-04-29 07:20:27,stallRate,137.22200012207,0.0,TheEmptinessMachine,HTCP,Throughput,HTTP/1.1
2025-04-29 07:20:29,stallRate,139.22200012207,0.0,TheEmptinessMachine,HTCP,Throughput,HTTP/1.1
2025-04-29 07:20:31,stallRate,141.220999956131,0.0,TheEmptinessMachine,HTCP,Throughput,HTTP/1.1
2025-04-29 07:20:33,stallRate,143.220999956131,0.0,TheEmptinessMachine,HTCP,Throughput,HTTP/1.1
2025-04-29 07:20:35,stallRate,145.22200012207,0.0,TheEmptinessMachine,HTCP,Throughput,HTTP/1.1
2025-04-29 07:20:37,stallRate,147.220999956131,0.0,TheEmptinessMachine,HTCP,Throughput,HTTP/1.1
2025-04-29 07:20:39,stallRate,149.220999956131,0.0,TheEmptinessMachine,HTCP,Throughput,HTTP/1.1
2025-04-29 07:20:41,stallRate,151.220999956131,0.0,TheEmptinessMachine,HTCP,Throughput,HTTP/1.1
2025-04-29 07:20:43,stallRate,153.22200012207,0.0,TheEmptinessMachine,HTCP,Throughput,HTTP/1.1
2025-04-29 07:20:45,stallRate,155.220999956131,0.0,TheEmptinessMachine,HTCP,Throughput,HTTP/1.1
2025-04-29 07:20:47,stallRate,157.220999956131,0.0,TheEmptinessMachine,HTCP,Throughput,HTTP/1.1
2025-04-29 07:20:49,stallRate,159.22200012207,0.0,TheEmptinessMachine,HTCP,Throughput,HTTP/1.1
2025-04-29 07:20:51,stallRate,161.240999937057,0.0,TheEmptinessMachine,HTCP,Throughput,HTTP/1.1
2025-04-29 07:20:53,stallRate,163.22200012207,0.0,TheEmptinessMachine,HTCP,Throughput,HTTP/1.1
2025-04-29 07:20:55,stallRate,165.22200012207,0.0,TheEmptinessMachine,HTCP,Throughput,HTTP/1.1
2025-04-29 07:20:57,stallRate,167.22200012207,0.0,TheEmptinessMachine,HTCP,Throughput,HTTP/1.1
2025-04-29 07:20:59,stallRate,169.220999956131,0.0,TheEmptinessMachine,HTCP,Throughput,HTTP/1.1
2025-04-29 07:21:01,stallRate,171.22200012207,0.0,TheEmptinessMachine,HTCP,Throughput,HTTP/1.1
2025-04-29 07:21:03,stallRate,173.220999956131,0.0,TheEmptinessMachine,HTCP,Throughput,HTTP/1.1
2025-04-29 07:21:05,stallRate,175.22200012207,0.0,TheEmptinessMachine,HTCP,Throughput,HTTP/1.1
2025-04-29 07:21:07,stallRate,177.22200012207,0.0,TheEmptinessMachine,HTCP,Throughput,HTTP/1.1
2025-04-29 07:21:09,stallRate,179.22200012207,0.0,TheEmptinessMachine,HTCP,Throughput,HTTP/1.1
2025-04-29 07:21:11,stallRate,181.22200012207,0.0,TheEmptinessMachine,HTCP,Throughput,HTTP/1.1
2025-04-29 07:21:13,stallRate,183.22200012207,0.0,TheEmptinessMachine,HTCP,Throughput,HTTP/1.1
2025-04-29 07:21:15,stallRate,185.22200012207,0.0,TheEmptinessMachine,HTCP,Throughput,HTTP/1.1
2025-04-29 07:21:17,stallRate,187.220999956131,0.0,TheEmptinessMachine,HTCP,Throughput,HTTP/1.1
2025-04-29 07:21:19,stallRate,189.220999956131,0.0,TheEmptinessMachine,HTCP,Throughput,HTTP/1.1
2025-04-29 07:21:21,stallRate,191.220999956131,0.0,TheEmptinessMachine,HTCP,Throughput,HTTP/1.1
2025-04-29 07:21:23,stallRate,193.220999956131,0.0,TheEmptinessMachine,HTCP,Throughput,HTTP/1.1
2025-04-29 07:21:25,stallRate,195.22200012207,0.0,TheEmptinessMachine,HTCP,Throughput,HTTP/1.1
2025-04-29 07:21:27,stallRate,197.220999956131,0.0,TheEmptinessMachine,HTCP,Throughput,HTTP/1.1
2025-04-29 07:21:29,stallRate,199.220999956131,0.0,TheEmptinessMachine,HTCP,Throughput,HTTP/1.1
2025-04-29 07:21:31,stallRate,201.220999956131,0.0,TheEmptinessMachine,HTCP,Throughput,HTTP/1.1
2025-04-29 07:21:35,stallRate,205.22200012207,0.0,TheEmptinessMachine,HTCP,Throughput,HTTP/1.1
2025-04-29 07:21:37,stallRate,207.22200012207,0.0,TheEmptinessMachine,HTCP,Throughput,HTTP/1.1
2025-04-29 07:21:39,stallRate,209.22200012207,0.0,TheEmptinessMachine,HTCP,Throughput,HTTP/1.1
2025-04-29 07:21:45,stallRate,215.22200012207,0.0,TheEmptinessMachine,HTCP,Throughput,HTTP/1.1
2025-04-29 07:22:05,stallRate,1.21500015258789,0.0,TheEmptinessMachine,HTCP,Throughput,HTTP/2
2025-04-29 07:22:07,stallRate,3.21200013160706,0.0,TheEmptinessMachine,HTCP,Throughput,HTTP/2
2025-04-29 07:22:09,stallRate,5.21200013160706,0.0,TheEmptinessMachine,HTCP,Throughput,HTTP/2
2025-04-29 07:22:11,stallRate,7.21300005912781,0.0,TheEmptinessMachine,HTCP,Throughput,HTTP/2
2025-04-29 07:22:21,stallRate,17.2120001316071,268.650373596987,TheEmptinessMachine,HTCP,Throughput,HTTP/2
2025-04-29 07:22:23,stallRate,19.2130000591278,167.187304408089,TheEmptinessMachine,HTCP,Throughput,HTTP/2
2025-04-29 07:22:25,stallRate,21.2120001316071,133.521450364278,TheEmptinessMachine,HTCP,Throughput,HTTP/2
2025-04-29 07:22:27,stallRate,23.2120001316071,108.37310977514,TheEmptinessMachine,HTCP,Throughput,HTTP/2
2025-04-29 07:22:29,stallRate,25.2120001316071,90.1339119986994,TheEmptinessMachine,HTCP,Throughput,HTTP/2
2025-04-29 07:22:31,stallRate,27.2120001316071,72.030717357857,TheEmptinessMachine,HTCP,Throughput,HTTP/2
2025-04-29 07:22:33,stallRate,29.2130000591278,62.042707135607,TheEmptinessMachine,HTCP,Throughput,HTTP/2
2025-04-29 07:22:35,stallRate,31.2130000591278,54.1307562550915,TheEmptinessMachine,HTCP,Throughput,HTTP/2
2025-04-29 07:22:37,stallRate,33.2130000591278,45.886004868099,TheEmptinessMachine,HTCP,Throughput,HTTP/2
2025-04-29 07:22:39,stallRate,35.2130000591278,41.0393271450409,TheEmptinessMachine,HTCP,Throughput,HTTP/2
2025-04-29 07:22:41,stallRate,37.2120001316071,37.0876790473215,TheEmptinessMachine,HTCP,Throughput,HTTP/2
2025-04-29 07:22:43,stallRate,39.2120001316071,33.5144571403472,TheEmptinessMachine,HTCP,Throughput,HTTP/2
2025-04-29 07:22:45,stallRate,41.2120001316071,30.950179465515,TheEmptinessMachine,HTCP,Throughput,HTTP/2
2025-04-29 07:22:47,stallRate,43.2130000591278,28.7650887959979,TheEmptinessMachine,HTCP,Throughput,HTTP/2
2025-04-29 07:22:49,stallRate,45.2130000591278,26.837074431432,TheEmptinessMachine,HTCP,Throughput,HTTP/2
2025-04-29 07:22:51,stallRate,47.2120001316071,25.1956084789571,TheEmptinessMachine,HTCP,Throughput,HTTP/2
2025-04-29 07:22:53,stallRate,49.2120001316071,23.7484258865287,TheEmptinessMachine,HTCP,Throughput,HTTP/2
2025-04-29 07:22:55,stallRate,51.2130000591278,22.4517160200627,TheEmptinessMachine,HTCP,Throughput,HTTP/2
2025-04-29 07:22:57,stallRate,53.2120001316071,21.30052302877,TheEmptinessMachine,HTCP,Throughput,HTTP/2
2025-04-29 07:22:59,stallRate,55.2120001316071,20.2633423383946,TheEmptinessMachine,HTCP,Throughput,HTTP/2
2025-04-29 07:23:01,stallRate,57.2120001316071,19.3180486590761,TheEmptinessMachine,HTCP,Throughput,HTTP/2
2025-04-29 07:23:03,stallRate,59.2120001316071,18.4553253181652,TheEmptinessMachine,HTCP,Throughput,HTTP/2
2025-04-29 07:23:05,stallRate,61.2120001316071,17.6688622582025,TheEmptinessMachine,HTCP,Throughput,HTTP/2
2025-04-29 07:23:07,stallRate,63.2120001316071,16.946751199094,TheEmptinessMachine,HTCP,Throughput,HTTP/2
2025-04-29 07:23:09,stallRate,65.2130000591278,16.2815243998293,TheEmptinessMachine,HTCP,Throughput,HTTP/2
2025-04-29 07:23:11,stallRate,67.2120001316071,15.6680009907073,TheEmptinessMachine,HTCP,Throughput,HTTP/2
2025-04-29 07:23:13,stallRate,69.2120001316071,15.0965969241749,TheEmptinessMachine,HTCP,Throughput,HTTP/2
2025-04-29 07:23:15,stallRate,71.2120001316071,14.5676102657356,TheEmptinessMachine,HTCP,Throughput,HTTP/2
2025-04-29 07:23:17,stallRate,73.2120001316071,14.0749560136412,TheEmptinessMachine,HTCP,Throughput,HTTP/2
2025-04-29 07:23:19,stallRate,75.2130000591278,13.6097096598007,TheEmptinessMachine,HTCP,Throughput,HTTP/2
2025-04-29 07:23:21,stallRate,77.2120001316071,13.1765839869649,TheEmptinessMachine,HTCP,Throughput,HTTP/2
2025-04-29 07:23:23,stallRate,79.2120001316071,12.7690597461134,TheEmptinessMachine,HTCP,Throughput,HTTP/2
2025-04-29 07:23:25,stallRate,81.2120001316071,12.391889393348,TheEmptinessMachine,HTCP,Throughput,HTTP/2
2025-04-29 07:23:27,stallRate,83.2120001316071,12.0323673874331,TheEmptinessMachine,HTCP,Throughput,HTTP/2
2025-04-29 07:23:29,stallRate,85.2120001316071,11.6917142214056,TheEmptinessMachine,HTCP,Throughput,HTTP/2
2025-04-29 07:23:31,stallRate,87.2130000591278,11.3712514527,TheEmptinessMachine,HTCP,Throughput,HTTP/2
2025-04-29 07:23:33,stallRate,89.2120001316071,11.0688313959142,TheEmptinessMachine,HTCP,Throughput,HTTP/2
2025-04-29 07:23:35,stallRate,91.2120001316071,10.780715247554,TheEmptinessMachine,HTCP,Throughput,HTTP/2
2025-04-29 07:23:37,stallRate,93.2120001316071,10.5083148339776,TheEmptinessMachine,HTCP,Throughput,HTTP/2
2025-04-29 07:23:39,stallRate,95.2120001316071,10.2467302441645,TheEmptinessMachine,HTCP,Throughput,HTTP/2
2025-04-29 07:23:41,stallRate,97.2120001316071,9.99872791684376,TheEmptinessMachine,HTCP,Throughput,HTTP/2
2025-04-29 07:23:43,stallRate,99.2120001316071,9.7641107852915,TheEmptinessMachine,HTCP,Throughput,HTTP/2
2025-04-29 07:23:45,stallRate,101.212000131607,9.5392225423215,TheEmptinessMachine,HTCP,Throughput,HTTP/2
2025-04-29 07:23:47,stallRate,103.212000131607,9.32479941422181,TheEmptinessMachine,HTCP,Throughput,HTTP/2
2025-04-29 07:23:49,stallRate,105.213000059128,9.12091491552211,TheEmptinessMachine,HTCP,Throughput,HTTP/2
2025-04-29 07:23:51,stallRate,107.212000131607,8.92451070164935,TheEmptinessMachine,HTCP,Throughput,HTTP/2
2025-04-29 07:23:53,stallRate,109.213000059128,8.73550859012567,TheEmptinessMachine,HTCP,Throughput,HTTP/2
2025-04-29 07:23:55,stallRate,111.212000131607,8.55613702235641,TheEmptinessMachine,HTCP,Throughput,HTTP/2
2025-04-29 07:23:57,stallRate,113.212000131607,8.38343269951758,TheEmptinessMachine,HTCP,Throughput,HTTP/2
2025-04-29 07:23:59,stallRate,115.212000131607,8.21687973572121,TheEmptinessMachine,HTCP,Throughput,HTTP/2
2025-04-29 07:24:01,stallRate,117.212000131607,8.05662750330388,TheEmptinessMachine,HTCP,Throughput,HTTP/2
2025-04-29 07:24:03,stallRate,119.212000131607,7.90294497517866,TheEmptinessMachine,HTCP,Throughput,HTTP/2
2025-04-29 07:24:05,stallRate,121.213000059128,7.75543302727736,TheEmptinessMachine,HTCP,Throughput,HTTP/2
2025-04-29 07:24:07,stallRate,123.213000059128,7.61344887930748,TheEmptinessMachine,HTCP,Throughput,HTTP/2
2025-04-29 07:24:09,stallRate,125.212000131607,7.47633270610802,TheEmptinessMachine,HTCP,Throughput,HTTP/2
2025-04-29 07:24:11,stallRate,127.212000131607,7.34429204305462,TheEmptinessMachine,HTCP,Throughput,HTTP/2
2025-04-29 07:24:13,stallRate,129.213000059128,7.21623188260535,TheEmptinessMachine,HTCP,Throughput,HTTP/2
2025-04-29 07:24:15,stallRate,131.213000059128,7.09764222298531,TheEmptinessMachine,HTCP,Throughput,HTTP/2
2025-04-29 07:24:17,stallRate,133.213999986649,6.99445873409759,TheEmptinessMachine,HTCP,Throughput,HTTP/2
2025-04-29 07:24:19,stallRate,135.213000059128,6.93591833632691,TheEmptinessMachine,HTCP,Throughput,HTTP/2
2025-04-29 07:24:21,stallRate,137.213000059128,6.82178375350169,TheEmptinessMachine,HTCP,Throughput,HTTP/2
2025-04-29 07:24:23,stallRate,139.212000131607,6.71165140093707,TheEmptinessMachine,HTCP,Throughput,HTTP/2
2025-04-29 07:24:25,stallRate,141.212000131607,6.6045713794825,TheEmptinessMachine,HTCP,Throughput,HTTP/2
2025-04-29 07:24:27,stallRate,143.213000059128,6.5007030031406,TheEmptinessMachine,HTCP,Throughput,HTTP/2
2025-04-29 07:24:29,stallRate,145.212000131607,6.40035727173961,TheEmptinessMachine,HTCP,Throughput,HTTP/2
2025-04-29 07:24:31,stallRate,147.212000131607,6.30362623433348,TheEmptinessMachine,HTCP,Throughput,HTTP/2
2025-04-29 07:24:33,stallRate,149.212000131607,6.20918735736987,TheEmptinessMachine,HTCP,Throughput,HTTP/2
2025-04-29 07:24:35,stallRate,151.213000059128,6.1176548201116,TheEmptinessMachine,HTCP,Throughput,HTTP/2
2025-04-29 07:24:37,stallRate,153.213000059128,6.02843668971986,TheEmptinessMachine,HTCP,Throughput,HTTP/2
2025-04-29 07:24:39,stallRate,155.213000059128,5.94224330087475,TheEmptinessMachine,HTCP,Throughput,HTTP/2
2025-04-29 07:24:41,stallRate,157.213000059128,5.85812534380907,TheEmptinessMachine,HTCP,Throughput,HTTP/2
2025-04-29 07:24:43,stallRate,159.212000131607,5.77707318009588,TheEmptinessMachine,HTCP,Throughput,HTTP/2
2025-04-29 07:24:45,stallRate,161.212000131607,5.69740268641811,TheEmptinessMachine,HTCP,Throughput,HTTP/2
2025-04-29 07:24:47,stallRate,163.212000131607,5.62012442009519,TheEmptinessMachine,HTCP,Throughput,HTTP/2
2025-04-29 07:24:49,stallRate,165.212000131607,5.54494571946738,TheEmptinessMachine,HTCP,Throughput,HTTP/2
2025-04-29 07:24:51,stallRate,167.215000152588,5.47172237100828,TheEmptinessMachine,HTCP,Throughput,HTTP/2
2025-04-29 07:24:53,stallRate,169.213000059128,5.44520345164974,TheEmptinessMachine,HTCP,Throughput,HTTP/2
2025-04-29 07:24:55,stallRate,171.213000059128,5.38203856306553,TheEmptinessMachine,HTCP,Throughput,HTTP/2
2025-04-29 07:24:57,stallRate,173.212000131607,5.31306488548783,TheEmptinessMachine,HTCP,Throughput,HTTP/2
2025-04-29 07:24:59,stallRate,175.212000131607,5.24599235500662,TheEmptinessMachine,HTCP,Throughput,HTTP/2
2025-04-29 07:25:01,stallRate,177.213000059128,5.18061796027554,TheEmptinessMachine,HTCP,Throughput,HTTP/2
2025-04-29 07:25:03,stallRate,179.213999986649,5.11671218015259,TheEmptinessMachine,HTCP,Throughput,HTTP/2
2025-04-29 07:25:05,stallRate,181.212000131607,5.05458445386069,TheEmptinessMachine,HTCP,Throughput,HTTP/2
2025-04-29 07:25:07,stallRate,183.212000131607,4.99361459746136,TheEmptinessMachine,HTCP,Throughput,HTTP/2
2025-04-29 07:25:09,stallRate,185.212000131607,4.93400491799053,TheEmptinessMachine,HTCP,Throughput,HTTP/2
2025-04-29 07:25:11,stallRate,187.212000131607,4.87598427245218,TheEmptinessMachine,HTCP,Throughput,HTTP/2
2025-04-29 07:25:13,stallRate,189.212000131607,4.81964624017416,TheEmptinessMachine,HTCP,Throughput,HTTP/2
2025-04-29 07:25:15,stallRate,191.212000131607,4.76421539570394,TheEmptinessMachine,HTCP,Throughput,HTTP/2
2025-04-29 07:25:17,stallRate,193.212000131607,4.7101457834984,TheEmptinessMachine,HTCP,Throughput,HTTP/2
2025-04-29 07:25:19,stallRate,195.213000059128,4.65705338697993,TheEmptinessMachine,HTCP,Throughput,HTTP/2
2025-04-29 07:25:21,stallRate,197.212000131607,4.60513946779258,TheEmptinessMachine,HTCP,Throughput,HTTP/2
2025-04-29 07:25:23,stallRate,199.212000131607,4.55482295067099,TheEmptinessMachine,HTCP,Throughput,HTTP/2
2025-04-29 07:25:25,stallRate,201.213000059128,4.50544754999586,TheEmptinessMachine,HTCP,Throughput,HTTP/2
2025-04-29 07:25:27,stallRate,203.213000059128,4.45720523805558,TheEmptinessMachine,HTCP,Throughput,HTTP/2
2025-04-29 07:25:29,stallRate,205.213000059128,4.41421155997173,TheEmptinessMachine,HTCP,Throughput,HTTP/2
2025-04-29 07:25:31,stallRate,207.213000059128,4.39105099148995,TheEmptinessMachine,HTCP,Throughput,HTTP/2
2025-04-29 07:25:35,stallRate,211.213000059128,4.30028860359851,TheEmptinessMachine,HTCP,Throughput,HTTP/2
2025-04-29 07:25:59,stallRate,1.31000018119812,0.0,TheEmptinessMachine,HTCP,Throughput,HTTP/3
2025-04-29 07:26:01,stallRate,3.30900001525879,0.0,TheEmptinessMachine,HTCP,Throughput,HTTP/3
2025-04-29 07:26:03,stallRate,5.30800008773804,0.0,TheEmptinessMachine,HTCP,Throughput,HTTP/3
2025-04-29 07:26:05,stallRate,7.30800008773804,0.0,TheEmptinessMachine,HTCP,Throughput,HTTP/3
2025-04-29 07:26:07,stallRate,9.31000018119812,0.0,TheEmptinessMachine,HTCP,Throughput,HTTP/3
2025-04-29 07:26:09,stallRate,11.3100001811981,0.0,TheEmptinessMachine,HTCP,Throughput,HTTP/3
2025-04-29 07:26:11,stallRate,13.3090000152588,0.0,TheEmptinessMachine,HTCP,Throughput,HTTP/3
2025-04-29 07:26:13,stallRate,15.3090000152588,1.13530300515107,TheEmptinessMachine,HTCP,Throughput,HTTP/3
2025-04-29 07:26:15,stallRate,17.3090000152588,0.977170534006091,TheEmptinessMachine,HTCP,Throughput,HTTP/3
2025-04-29 07:26:17,stallRate,19.308000087738,0.857390561214539,TheEmptinessMachine,HTCP,Throughput,HTTP/3
2025-04-29 07:26:19,stallRate,21.3090000152588,1.71097705325436,TheEmptinessMachine,HTCP,Throughput,HTTP/3
2025-04-29 07:26:21,stallRate,23.308000087738,1.54403700611105,TheEmptinessMachine,HTCP,Throughput,HTTP/3
2025-04-29 07:26:23,stallRate,25.308000087738,2.30597512902619,TheEmptinessMachine,HTCP,Throughput,HTTP/3
2025-04-29 07:26:25,stallRate,27.3090000152588,2.17575313324651,TheEmptinessMachine,HTCP,Throughput,HTTP/3
2025-04-29 07:26:27,stallRate,29.308000087738,2.01277676664816,TheEmptinessMachine,HTCP,Throughput,HTTP/3
2025-04-29 07:26:29,stallRate,31.3090000152588,1.91796952725535,TheEmptinessMachine,HTCP,Throughput,HTTP/3
2025-04-29 07:26:31,stallRate,33.308000087738,1.79288523322559,TheEmptinessMachine,HTCP,Throughput,HTTP/3
2025-04-29 07:26:33,stallRate,35.308000087738,1.68296468465666,TheEmptinessMachine,HTCP,Throughput,HTTP/3
2025-04-29 07:26:35,stallRate,37.3090000152588,1.58539635326787,TheEmptinessMachine,HTCP,Throughput,HTTP/3
2025-04-29 07:26:37,stallRate,39.3090000152588,1.49900288932125,TheEmptinessMachine,HTCP,Throughput,HTTP/3
2025-04-29 07:26:39,stallRate,41.3090000152588,1.42138116819696,TheEmptinessMachine,HTCP,Throughput,HTTP/3
2025-04-29 07:26:41,stallRate,43.3090000152588,1.35198148942699,TheEmptinessMachine,HTCP,Throughput,HTTP/3
2025-04-29 07:26:43,stallRate,45.308000087738,1.28851698158082,TheEmptinessMachine,HTCP,Throughput,HTTP/3
2025-04-29 07:26:45,stallRate,47.3090000152588,1.23085184386604,TheEmptinessMachine,HTCP,Throughput,HTTP/3
2025-04-29 07:26:47,stallRate,49.3090000152588,1.17824868566979,TheEmptinessMachine,HTCP,Throughput,HTTP/3
2025-04-29 07:26:49,stallRate,51.3090000152588,1.12995772545556,TheEmptinessMachine,HTCP,Throughput,HTTP/3
2025-04-29 07:26:51,stallRate,53.3090000152588,1.08541600693882,TheEmptinessMachine,HTCP,Throughput,HTTP/3
2025-04-29 07:26:53,stallRate,55.3090000152588,1.04410448763384,TheEmptinessMachine,HTCP,Throughput,HTTP/3
2025-04-29 07:26:55,stallRate,57.3090000152588,1.00599822097678,TheEmptinessMachine,HTCP,Throughput,HTTP/3
2025-04-29 07:26:57,stallRate,59.308000087738,0.970634881818009,TheEmptinessMachine,HTCP,Throughput,HTTP/3
2025-04-29 07:26:59,stallRate,61.3090000152588,0.937513251128395,TheEmptinessMachine,HTCP,Throughput,HTTP/3
2025-04-29 07:27:01,stallRate,63.3090000152588,0.906536827355598,TheEmptinessMachine,HTCP,Throughput,HTTP/3
2025-04-29 07:27:03,stallRate,65.3090000152588,0.877617422596864,TheEmptinessMachine,HTCP,Throughput,HTTP/3
2025-04-29 07:27:05,stallRate,67.3090000152588,0.85039072695619,TheEmptinessMachine,HTCP,Throughput,HTTP/3
2025-04-29 07:27:07,stallRate,69.308000087738,0.825061899134385,TheEmptinessMachine,HTCP,Throughput,HTTP/3
2025-04-29 07:27:09,stallRate,71.3090000152588,0.801087930690662,TheEmptinessMachine,HTCP,Throughput,HTTP/3
2025-04-29 07:27:11,stallRate,73.3090000152588,0.778384003238046,TheEmptinessMachine,HTCP,Throughput,HTTP/3
2025-04-29 07:27:13,stallRate,75.3090000152588,0.75683117496499,TheEmptinessMachine,HTCP,Throughput,HTTP/3
2025-04-29 07:27:15,stallRate,77.3090000152588,0.736593289367088,TheEmptinessMachine,HTCP,Throughput,HTTP/3
2025-04-29 07:27:17,stallRate,79.3090000152588,0.717450217130378,TheEmptinessMachine,HTCP,Throughput,HTTP/3
2025-04-29 07:27:19,stallRate,81.308000087738,0.699201602744329,TheEmptinessMachine,HTCP,Throughput,HTTP/3
2025-04-29 07:27:21,stallRate,83.308000087738,0.681817984706544,TheEmptinessMachine,HTCP,Throughput,HTTP/3
2025-04-29 07:27:23,stallRate,85.3090000152588,0.665324668646125,TheEmptinessMachine,HTCP,Throughput,HTTP/3
2025-04-29 07:27:25,stallRate,87.308000087738,0.649647745245089,TheEmptinessMachine,HTCP,Throughput,HTTP/3
2025-04-29 07:27:27,stallRate,89.308000087738,0.634666987072672,TheEmptinessMachine,HTCP,Throughput,HTTP/3
2025-04-29 07:27:29,stallRate,91.3090000152588,0.620383299250859,TheEmptinessMachine,HTCP,Throughput,HTTP/3
2025-04-29 07:27:31,stallRate,93.3090000152588,0.606721026872246,TheEmptinessMachine,HTCP,Throughput,HTTP/3
2025-04-29 07:27:33,stallRate,95.3090000152588,0.593564129648758,TheEmptinessMachine,HTCP,Throughput,HTTP/3
2025-04-29 07:27:35,stallRate,97.3090000152588,0.581090675837543,TheEmptinessMachine,HTCP,Throughput,HTTP/3
2025-04-29 07:27:37,stallRate,99.3090000152588,0.569083258784336,TheEmptinessMachine,HTCP,Throughput,HTTP/3
2025-04-29 07:27:39,stallRate,101.309000015259,0.557525553474802,TheEmptinessMachine,HTCP,Throughput,HTTP/3
2025-04-29 07:27:41,stallRate,103.309000015259,0.547797589398686,TheEmptinessMachine,HTCP,Throughput,HTTP/3
2025-04-29 07:27:43,stallRate,105.309000015259,0.541619784683494,TheEmptinessMachine,HTCP,Throughput,HTTP/3
2025-04-29 07:27:45,stallRate,107.309000015259,0.531562188343047,TheEmptinessMachine,HTCP,Throughput,HTTP/3
2025-04-29 07:27:47,stallRate,109.308000087738,0.521455367813273,TheEmptinessMachine,HTCP,Throughput,HTTP/3
2025-04-29 07:27:49,stallRate,111.308000087738,0.511789084343991,TheEmptinessMachine,HTCP,Throughput,HTTP/3
2025-04-29 07:27:51,stallRate,113.309000015259,0.502424056842399,TheEmptinessMachine,HTCP,Throughput,HTTP/3
2025-04-29 07:27:53,stallRate,115.308000087738,0.493419785836397,TheEmptinessMachine,HTCP,Throughput,HTTP/3
2025-04-29 07:27:55,stallRate,117.309000015259,0.484732455916275,TheEmptinessMachine,HTCP,Throughput,HTTP/3
2025-04-29 07:27:57,stallRate,119.309000015259,0.476345593636842,TheEmptinessMachine,HTCP,Throughput,HTTP/3
2025-04-29 07:27:59,stallRate,121.308000087738,0.468262841353865,TheEmptinessMachine,HTCP,Throughput,HTTP/3
2025-04-29 07:28:01,stallRate,123.309000015259,0.460415703424037,TheEmptinessMachine,HTCP,Throughput,HTTP/3
2025-04-29 07:28:03,stallRate,125.311000108719,0.452852660285336,TheEmptinessMachine,HTCP,Throughput,HTTP/3
2025-04-29 07:28:05,stallRate,127.309000015259,0.445514586187016,TheEmptinessMachine,HTCP,Throughput,HTTP/3
2025-04-29 07:28:07,stallRate,129.310000181198,0.438391101312889,TheEmptinessMachine,HTCP,Throughput,HTTP/3
2025-04-29 07:28:09,stallRate,131.309000015259,0.431552607788769,TheEmptinessMachine,HTCP,Throughput,HTTP/3
2025-04-29 07:28:11,stallRate,133.309000015259,0.424891216113194,TheEmptinessMachine,HTCP,Throughput,HTTP/3
2025-04-29 07:28:13,stallRate,135.309000015259,0.418400078245857,TheEmptinessMachine,HTCP,Throughput,HTTP/3
2025-04-29 07:28:15,stallRate,137.310000181198,0.412139837676918,TheEmptinessMachine,HTCP,Throughput,HTTP/3
2025-04-29 07:28:17,stallRate,139.309000015259,0.407038317528551,TheEmptinessMachine,HTCP,Throughput,HTTP/3
2025-04-29 07:28:19,stallRate,141.309000015259,0.401076023636484,TheEmptinessMachine,HTCP,Throughput,HTTP/3
2025-04-29 07:28:21,stallRate,143.309000015259,0.396287505483956,TheEmptinessMachine,HTCP,Throughput,HTTP/3
2025-04-29 07:28:23,stallRate,145.309000015259,0.39067482825694,TheEmptinessMachine,HTCP,Throughput,HTTP/3
2025-04-29 07:28:25,stallRate,147.309000015259,0.385245615187145,TheEmptinessMachine,HTCP,Throughput,HTTP/3
2025-04-29 07:28:27,stallRate,149.310000181198,0.379888680812382,TheEmptinessMachine,HTCP,Throughput,HTTP/3
2025-04-29 07:28:29,stallRate,151.311000108719,0.374698902910981,TheEmptinessMachine,HTCP,Throughput,HTTP/3
2025-04-29 07:28:31,stallRate,153.309000015259,0.369687237342345,TheEmptinessMachine,HTCP,Throughput,HTTP/3
2025-04-29 07:28:33,stallRate,155.308000087738,0.364807056014636,TheEmptinessMachine,HTCP,Throughput,HTTP/3
2025-04-29 07:28:35,stallRate,157.309000015259,0.360028298761238,TheEmptinessMachine,HTCP,Throughput,HTTP/3
2025-04-29 07:28:37,stallRate,159.309000015259,0.355366848562702,TheEmptinessMachine,HTCP,Throughput,HTTP/3
2025-04-29 07:28:39,stallRate,161.310000181198,0.350833614904924,TheEmptinessMachine,HTCP,Throughput,HTTP/3
2025-04-29 07:28:41,stallRate,163.309000015259,0.346402266875024,TheEmptinessMachine,HTCP,Throughput,HTTP/3
2025-04-29 07:28:43,stallRate,165.309000015259,0.343593880350566,TheEmptinessMachine,HTCP,Throughput,HTTP/3
2025-04-29 07:28:45,stallRate,167.309000015259,0.341022243642621,TheEmptinessMachine,HTCP,Throughput,HTTP/3
2025-04-29 07:28:47,stallRate,169.309000015259,0.336848246541583,TheEmptinessMachine,HTCP,Throughput,HTTP/3
2025-04-29 07:28:49,stallRate,171.309000015259,0.33278247140732,TheEmptinessMachine,HTCP,Throughput,HTTP/3
2025-04-29 07:28:51,stallRate,173.308000087738,0.328808198386825,TheEmptinessMachine,HTCP,Throughput,HTTP/3
2025-04-29 07:28:53,stallRate,175.309000015259,0.324909304369671,TheEmptinessMachine,HTCP,Throughput,HTTP/3
2025-04-29 07:28:55,stallRate,177.309000015259,0.32112352970997,TheEmptinessMachine,HTCP,Throughput,HTTP/3
2025-04-29 07:28:57,stallRate,179.308000087738,0.317411936011237,TheEmptinessMachine,HTCP,Throughput,HTTP/3
2025-04-29 07:28:59,stallRate,181.308000087738,0.313792544592915,TheEmptinessMachine,HTCP,Throughput,HTTP/3
2025-04-29 07:29:01,stallRate,183.308000087738,0.310274252331087,TheEmptinessMachine,HTCP,Throughput,HTTP/3
2025-04-29 07:29:03,stallRate,185.309000015259,0.306809308966158,TheEmptinessMachine,HTCP,Throughput,HTTP/3
2025-04-29 07:29:05,stallRate,187.308000087738,0.303427770535939,TheEmptinessMachine,HTCP,Throughput,HTTP/3
2025-04-29 07:29:07,stallRate,189.309000015259,0.300107080366267,TheEmptinessMachine,HTCP,Throughput,HTTP/3
2025-04-29 07:29:09,stallRate,191.309000015259,0.296876672898828,TheEmptinessMachine,HTCP,Throughput,HTTP/3
2025-04-29 07:29:11,stallRate,193.309000015259,0.293720453653579,TheEmptinessMachine,HTCP,Throughput,HTTP/3
2025-04-29 07:29:13,stallRate,195.309000015259,0.290614484550551,TheEmptinessMachine,HTCP,Throughput,HTTP/3
2025-04-29 07:29:15,stallRate,197.309000015259,0.287584319155743,TheEmptinessMachine,HTCP,Throughput,HTTP/3
2025-04-29 07:29:17,stallRate,199.309000015259,0.284606569844369,TheEmptinessMachine,HTCP,Throughput,HTTP/3
