time,metric,metricTime,metricValue,video,cc,abr,http
2025-05-02 10:53:31,stallRate,4.79200005531311,0.0,TheEmptinessMachine,CUBIC,Dynamic,HTTP/1.1
2025-05-02 10:53:33,stallRate,6.79200005531311,5.15065041454303,TheEmptinessMachine,CUBIC,Dynamic,HTTP/1.1
2025-05-02 10:53:35,stallRate,8.79200005531311,3.2606734353175,TheEmptinessMachine,CUBIC,Dynamic,HTTP/1.1
2025-05-02 10:53:37,stallRate,10.7920000553131,2.39143407030504,TheEmptinessMachine,CUBIC,Dynamic,HTTP/1.1
2025-05-02 10:53:41,stallRate,14.7939999103546,7.57359614690955,TheEmptinessMachine,CUBIC,Dynamic,HTTP/1.1
2025-05-02 10:53:43,stallRate,16.7920000553131,6.45136479995388,TheEmptinessMachine,CUBIC,Dynamic,HTTP/1.1
2025-05-02 10:53:45,stallRate,18.7920000553131,5.61471941254698,TheEmptinessMachine,CUBIC,Dynamic,HTTP/1.1
2025-05-02 10:53:47,stallRate,20.7920000553131,4.97012944353122,TheEmptinessMachine,CUBIC,Dynamic,HTTP/1.1
2025-05-02 10:53:49,stallRate,22.7920000553131,4.45580077690124,TheEmptinessMachine,CUBIC,Dynamic,HTTP/1.1
2025-05-02 10:53:51,stallRate,24.7920000553131,4.03810931960569,TheEmptinessMachine,CUBIC,Dynamic,HTTP/1.1
2025-05-02 10:53:53,stallRate,26.7920000553131,3.69437950632594,TheEmptinessMachine,CUBIC,Dynamic,HTTP/1.1
2025-05-02 10:53:55,stallRate,28.7920000553131,3.40262384139287,TheEmptinessMachine,CUBIC,Dynamic,HTTP/1.1
2025-05-02 10:53:57,stallRate,30.7920000553131,3.15403890242234,TheEmptinessMachine,CUBIC,Dynamic,HTTP/1.1
2025-05-02 10:53:59,stallRate,32.7920000553131,2.93956004735015,TheEmptinessMachine,CUBIC,Dynamic,HTTP/1.1
2025-05-02 10:54:01,stallRate,34.7920000553131,2.75259136071308,TheEmptinessMachine,CUBIC,Dynamic,HTTP/1.1
2025-05-02 10:54:03,stallRate,36.7920000553131,2.58694589472879,TheEmptinessMachine,CUBIC,Dynamic,HTTP/1.1
2025-05-02 10:54:05,stallRate,38.7920000553131,2.44040140970313,TheEmptinessMachine,CUBIC,Dynamic,HTTP/1.1
2025-05-02 10:54:07,stallRate,40.7920000553131,2.31031077925905,TheEmptinessMachine,CUBIC,Dynamic,HTTP/1.1
2025-05-02 10:54:09,stallRate,42.7920000553131,2.19290463167197,TheEmptinessMachine,CUBIC,Dynamic,HTTP/1.1
2025-05-02 10:54:11,stallRate,44.7920000553131,2.08686972072398,TheEmptinessMachine,CUBIC,Dynamic,HTTP/1.1
2025-05-02 10:54:13,stallRate,46.7920000553131,1.99088538491469,TheEmptinessMachine,CUBIC,Dynamic,HTTP/1.1
2025-05-02 10:54:15,stallRate,48.7920000553131,1.90327446851015,TheEmptinessMachine,CUBIC,Dynamic,HTTP/1.1
2025-05-02 10:54:17,stallRate,50.7920000553131,1.8230390168596,TheEmptinessMachine,CUBIC,Dynamic,HTTP/1.1
2025-05-02 10:54:19,stallRate,52.7920000553131,1.7489534730986,TheEmptinessMachine,CUBIC,Dynamic,HTTP/1.1
2025-05-02 10:54:21,stallRate,54.7920000553131,1.68071482674319,TheEmptinessMachine,CUBIC,Dynamic,HTTP/1.1
2025-05-02 10:54:23,stallRate,56.7920000553131,1.6180469456139,TheEmptinessMachine,CUBIC,Dynamic,HTTP/1.1
2025-05-02 10:54:25,stallRate,58.7920000553131,1.55947180231524,TheEmptinessMachine,CUBIC,Dynamic,HTTP/1.1
2025-05-02 10:54:27,stallRate,60.7920000553131,1.50509765262156,TheEmptinessMachine,CUBIC,Dynamic,HTTP/1.1
2025-05-02 10:54:29,stallRate,62.7920000553131,1.45413719772647,TheEmptinessMachine,CUBIC,Dynamic,HTTP/1.1
2025-05-02 10:54:31,stallRate,64.7920000553131,1.40704495123092,TheEmptinessMachine,CUBIC,Dynamic,HTTP/1.1
2025-05-02 10:54:33,stallRate,66.7920000553131,1.3625186357764,TheEmptinessMachine,CUBIC,Dynamic,HTTP/1.1
2025-05-02 10:54:35,stallRate,68.7920000553131,1.32073411457353,TheEmptinessMachine,CUBIC,Dynamic,HTTP/1.1
2025-05-02 10:54:37,stallRate,70.7920000553131,1.28155672001401,TheEmptinessMachine,CUBIC,Dynamic,HTTP/1.1
2025-05-02 10:54:39,stallRate,72.7920000553131,1.24465997125342,TheEmptinessMachine,CUBIC,Dynamic,HTTP/1.1
2025-05-02 10:54:41,stallRate,74.7920000553131,1.20981908378064,TheEmptinessMachine,CUBIC,Dynamic,HTTP/1.1
2025-05-02 10:54:43,stallRate,76.7920000553131,1.17680959046252,TheEmptinessMachine,CUBIC,Dynamic,HTTP/1.1
2025-05-02 10:54:45,stallRate,78.7920000553131,1.14569393499101,TheEmptinessMachine,CUBIC,Dynamic,HTTP/1.1
2025-05-02 10:54:47,stallRate,80.7920000553131,1.11599255674569,TheEmptinessMachine,CUBIC,Dynamic,HTTP/1.1
2025-05-02 10:54:49,stallRate,82.7920000553131,1.08780729795228,TheEmptinessMachine,CUBIC,Dynamic,HTTP/1.1
2025-05-02 10:54:51,stallRate,84.7920000553131,1.06109018364574,TheEmptinessMachine,CUBIC,Dynamic,HTTP/1.1
2025-05-02 10:54:53,stallRate,86.7920000553131,1.03567357966281,TheEmptinessMachine,CUBIC,Dynamic,HTTP/1.1
2025-05-02 10:54:55,stallRate,88.7920000553131,1.0113503293575,TheEmptinessMachine,CUBIC,Dynamic,HTTP/1.1
2025-05-02 10:54:57,stallRate,90.7920000553131,0.988259603077749,TheEmptinessMachine,CUBIC,Dynamic,HTTP/1.1
2025-05-02 10:54:59,stallRate,92.7920000553131,0.966220850999137,TheEmptinessMachine,CUBIC,Dynamic,HTTP/1.1
2025-05-02 10:55:01,stallRate,94.7920000553131,0.944965526641241,TheEmptinessMachine,CUBIC,Dynamic,HTTP/1.1
2025-05-02 10:55:03,stallRate,96.7920000553131,0.924716450399262,TheEmptinessMachine,CUBIC,Dynamic,HTTP/1.1
2025-05-02 10:55:05,stallRate,98.7920000553131,0.905207081464648,TheEmptinessMachine,CUBIC,Dynamic,HTTP/1.1
2025-05-02 10:55:07,stallRate,100.792000055313,0.886739489672412,TheEmptinessMachine,CUBIC,Dynamic,HTTP/1.1
2025-05-02 10:55:09,stallRate,102.792000055313,0.868846983502486,TheEmptinessMachine,CUBIC,Dynamic,HTTP/1.1
2025-05-02 10:55:11,stallRate,104.792000055313,0.851675117352528,TheEmptinessMachine,CUBIC,Dynamic,HTTP/1.1
2025-05-02 10:55:13,stallRate,106.792000055313,0.835140853432922,TheEmptinessMachine,CUBIC,Dynamic,HTTP/1.1
2025-05-02 10:55:15,stallRate,108.792000055313,0.81933319983293,TheEmptinessMachine,CUBIC,Dynamic,HTTP/1.1
2025-05-02 10:55:17,stallRate,110.792000055313,0.804027944747301,TheEmptinessMachine,CUBIC,Dynamic,HTTP/1.1
2025-05-02 10:55:19,stallRate,112.792000055313,0.789378622641809,TheEmptinessMachine,CUBIC,Dynamic,HTTP/1.1
2025-05-02 10:55:21,stallRate,114.792000055313,0.775195016778854,TheEmptinessMachine,CUBIC,Dynamic,HTTP/1.1
2025-05-02 10:55:23,stallRate,116.792000055313,0.761512857283495,TheEmptinessMachine,CUBIC,Dynamic,HTTP/1.1
2025-05-02 10:55:25,stallRate,118.792000055313,0.748330977522924,TheEmptinessMachine,CUBIC,Dynamic,HTTP/1.1
2025-05-02 10:55:27,stallRate,120.792000055313,0.735590440092749,TheEmptinessMachine,CUBIC,Dynamic,HTTP/1.1
2025-05-02 10:55:29,stallRate,122.792000055313,0.723287792856768,TheEmptinessMachine,CUBIC,Dynamic,HTTP/1.1
2025-05-02 10:55:31,stallRate,124.792000055313,0.711404912414654,TheEmptinessMachine,CUBIC,Dynamic,HTTP/1.1
2025-05-02 10:55:33,stallRate,126.792000055313,0.699893257133942,TheEmptinessMachine,CUBIC,Dynamic,HTTP/1.1
2025-05-02 10:55:35,stallRate,128.792999982834,0.688674428380643,TheEmptinessMachine,CUBIC,Dynamic,HTTP/1.1
2025-05-02 10:55:37,stallRate,130.792000055313,0.677889171126697,TheEmptinessMachine,CUBIC,Dynamic,HTTP/1.1
2025-05-02 10:55:39,stallRate,132.792000055313,0.667400091039368,TheEmptinessMachine,CUBIC,Dynamic,HTTP/1.1
2025-05-02 10:55:41,stallRate,134.792000055313,0.657234617157747,TheEmptinessMachine,CUBIC,Dynamic,HTTP/1.1
2025-05-02 10:55:43,stallRate,136.792000055313,0.647386373405811,TheEmptinessMachine,CUBIC,Dynamic,HTTP/1.1
2025-05-02 10:55:45,stallRate,138.792999982834,0.637825113764952,TheEmptinessMachine,CUBIC,Dynamic,HTTP/1.1
2025-05-02 10:55:47,stallRate,140.792000055313,0.628567954917389,TheEmptinessMachine,CUBIC,Dynamic,HTTP/1.1
2025-05-02 10:55:49,stallRate,142.792000055313,0.619541591863167,TheEmptinessMachine,CUBIC,Dynamic,HTTP/1.1
2025-05-02 10:55:51,stallRate,144.792000055313,0.610803730570036,TheEmptinessMachine,CUBIC,Dynamic,HTTP/1.1
2025-05-02 10:55:53,stallRate,146.792000055313,0.602259168672405,TheEmptinessMachine,CUBIC,Dynamic,HTTP/1.1
2025-05-02 10:55:55,stallRate,148.792000055313,0.593910151861943,TheEmptinessMachine,CUBIC,Dynamic,HTTP/1.1
2025-05-02 10:55:57,stallRate,150.792000055313,0.585865315380727,TheEmptinessMachine,CUBIC,Dynamic,HTTP/1.1
2025-05-02 10:55:59,stallRate,152.792000055313,0.578046563456383,TheEmptinessMachine,CUBIC,Dynamic,HTTP/1.1
2025-05-02 10:56:01,stallRate,154.792999982834,0.570371318506102,TheEmptinessMachine,CUBIC,Dynamic,HTTP/1.1
2025-05-02 10:56:03,stallRate,156.792000055313,0.562936348703035,TheEmptinessMachine,CUBIC,Dynamic,HTTP/1.1
2025-05-02 10:56:05,stallRate,158.792000055313,0.555649786579798,TheEmptinessMachine,CUBIC,Dynamic,HTTP/1.1
2025-05-02 10:56:07,stallRate,160.792000055313,0.54863559282771,TheEmptinessMachine,CUBIC,Dynamic,HTTP/1.1
2025-05-02 10:56:09,stallRate,162.792000055313,0.54173222023644,TheEmptinessMachine,CUBIC,Dynamic,HTTP/1.1
2025-05-02 10:56:11,stallRate,164.792000055313,0.535010031511529,TheEmptinessMachine,CUBIC,Dynamic,HTTP/1.1
2025-05-02 10:56:13,stallRate,166.792000055313,0.528487571731627,TheEmptinessMachine,CUBIC,Dynamic,HTTP/1.1
2025-05-02 10:56:15,stallRate,168.792000055313,0.522090576413454,TheEmptinessMachine,CUBIC,Dynamic,HTTP/1.1
2025-05-02 10:56:17,stallRate,170.792000055313,0.515857714773662,TheEmptinessMachine,CUBIC,Dynamic,HTTP/1.1
2025-05-02 10:56:19,stallRate,172.792000055313,0.509724837628979,TheEmptinessMachine,CUBIC,Dynamic,HTTP/1.1
2025-05-02 10:56:21,stallRate,174.792000055313,0.5037994348994,TheEmptinessMachine,CUBIC,Dynamic,HTTP/1.1
2025-05-02 10:56:23,stallRate,176.792000055313,0.497982496787668,TheEmptinessMachine,CUBIC,Dynamic,HTTP/1.1
2025-05-02 10:56:25,stallRate,178.792000055313,0.49230342436213,TheEmptinessMachine,CUBIC,Dynamic,HTTP/1.1
2025-05-02 10:56:27,stallRate,180.792000055313,0.486757299919417,TheEmptinessMachine,CUBIC,Dynamic,HTTP/1.1
2025-05-02 10:56:29,stallRate,182.792000055313,0.481336007833432,TheEmptinessMachine,CUBIC,Dynamic,HTTP/1.1
2025-05-02 10:56:31,stallRate,184.792000055313,0.476015755172623,TheEmptinessMachine,CUBIC,Dynamic,HTTP/1.1
2025-05-02 10:56:33,stallRate,186.792000055313,0.470842017685611,TheEmptinessMachine,CUBIC,Dynamic,HTTP/1.1
2025-05-02 10:56:35,stallRate,188.792000055313,0.465777500032353,TheEmptinessMachine,CUBIC,Dynamic,HTTP/1.1
2025-05-02 10:56:37,stallRate,190.792000055313,0.460780835269769,TheEmptinessMachine,CUBIC,Dynamic,HTTP/1.1
2025-05-02 10:56:39,stallRate,192.792000055313,0.455938753088084,TheEmptinessMachine,CUBIC,Dynamic,HTTP/1.1
2025-05-02 10:56:41,stallRate,194.792000055313,0.451171225871255,TheEmptinessMachine,CUBIC,Dynamic,HTTP/1.1
2025-05-02 10:56:43,stallRate,196.792000055313,0.446499867637245,TheEmptinessMachine,CUBIC,Dynamic,HTTP/1.1
2025-05-02 10:56:45,stallRate,198.792000055313,0.441934887613235,TheEmptinessMachine,CUBIC,Dynamic,HTTP/1.1
2025-05-02 10:56:47,stallRate,200.792000055313,0.437463584748404,TheEmptinessMachine,CUBIC,Dynamic,HTTP/1.1
2025-05-02 10:56:49,stallRate,202.792000055313,0.433069766797091,TheEmptinessMachine,CUBIC,Dynamic,HTTP/1.1
2025-05-02 10:56:51,stallRate,204.792000055313,0.428781853600094,TheEmptinessMachine,CUBIC,Dynamic,HTTP/1.1
2025-05-02 10:56:53,stallRate,206.792000055313,0.424551539790535,TheEmptinessMachine,CUBIC,Dynamic,HTTP/1.1
2025-05-02 10:57:26,stallRate,4.12599992752075,0.0,TheEmptinessMachine,CUBIC,Dynamic,HTTP/2
2025-05-02 10:57:28,stallRate,6.12599992752075,0.0,TheEmptinessMachine,CUBIC,Dynamic,HTTP/2
2025-05-02 10:57:30,stallRate,8.12599992752075,0.0,TheEmptinessMachine,CUBIC,Dynamic,HTTP/2
2025-05-02 10:57:32,stallRate,10.1259999275208,1.55504927722742,TheEmptinessMachine,CUBIC,Dynamic,HTTP/2
2025-05-02 10:57:34,stallRate,12.1259999275208,1.2053972074872,TheEmptinessMachine,CUBIC,Dynamic,HTTP/2
2025-05-02 10:57:36,stallRate,14.1259999275208,8.86488296601232,TheEmptinessMachine,CUBIC,Dynamic,HTTP/2
2025-05-02 10:57:38,stallRate,16.1259999275208,7.32517748615301,TheEmptinessMachine,CUBIC,Dynamic,HTTP/2
2025-05-02 10:57:40,stallRate,18.1259999275208,6.24508508330163,TheEmptinessMachine,CUBIC,Dynamic,HTTP/2
2025-05-02 10:57:42,stallRate,20.1259999275208,5.44364788197686,TheEmptinessMachine,CUBIC,Dynamic,HTTP/2
2025-05-02 10:57:44,stallRate,22.1259999275208,4.82319473753087,TheEmptinessMachine,CUBIC,Dynamic,HTTP/2
2025-05-02 10:57:46,stallRate,24.1259999275208,4.33196843306919,TheEmptinessMachine,CUBIC,Dynamic,HTTP/2
2025-05-02 10:57:48,stallRate,26.1259999275208,3.93156185935953,TheEmptinessMachine,CUBIC,Dynamic,HTTP/2
2025-05-02 10:57:50,stallRate,28.1259999275208,3.59668763296964,TheEmptinessMachine,CUBIC,Dynamic,HTTP/2
2025-05-02 10:57:52,stallRate,30.1259999275208,3.31681268158935,TheEmptinessMachine,CUBIC,Dynamic,HTTP/2
2025-05-02 10:57:54,stallRate,32.1259999275208,3.07581008815523,TheEmptinessMachine,CUBIC,Dynamic,HTTP/2
2025-05-02 10:57:56,stallRate,34.1259999275208,2.86769870263042,TheEmptinessMachine,CUBIC,Dynamic,HTTP/2
2025-05-02 10:57:58,stallRate,36.1259999275208,2.68520201763889,TheEmptinessMachine,CUBIC,Dynamic,HTTP/2
2025-05-02 10:58:00,stallRate,38.1259999275208,2.52486011916028,TheEmptinessMachine,CUBIC,Dynamic,HTTP/2
2025-05-02 10:58:02,stallRate,40.125,2.38298884122027,TheEmptinessMachine,CUBIC,Dynamic,HTTP/2
2025-05-02 10:58:04,stallRate,42.1259999275208,2.25630673990896,TheEmptinessMachine,CUBIC,Dynamic,HTTP/2
2025-05-02 10:58:06,stallRate,44.1259999275208,2.14248278532295,TheEmptinessMachine,CUBIC,Dynamic,HTTP/2
2025-05-02 10:58:08,stallRate,46.1259999275208,2.03942066537649,TheEmptinessMachine,CUBIC,Dynamic,HTTP/2
2025-05-02 10:58:10,stallRate,48.1259999275208,1.94608858325809,TheEmptinessMachine,CUBIC,Dynamic,HTTP/2
2025-05-02 10:58:12,stallRate,50.1259999275208,1.86048317184921,TheEmptinessMachine,CUBIC,Dynamic,HTTP/2
2025-05-02 10:58:14,stallRate,52.1259999275208,1.78256882136857,TheEmptinessMachine,CUBIC,Dynamic,HTTP/2
2025-05-02 10:58:16,stallRate,54.1259999275208,1.71060663228199,TheEmptinessMachine,CUBIC,Dynamic,HTTP/2
2025-05-02 10:58:18,stallRate,56.1259999275208,1.6442163055366,TheEmptinessMachine,CUBIC,Dynamic,HTTP/2
2025-05-02 10:58:20,stallRate,58.1259999275208,1.58312821320968,TheEmptinessMachine,CUBIC,Dynamic,HTTP/2
2025-05-02 10:58:22,stallRate,60.1259999275208,1.5261452833716,TheEmptinessMachine,CUBIC,Dynamic,HTTP/2
2025-05-02 10:58:24,stallRate,62.1259999275208,1.47315181723565,TheEmptinessMachine,CUBIC,Dynamic,HTTP/2
2025-05-02 10:58:26,stallRate,64.1259999275208,1.4233068019445,TheEmptinessMachine,CUBIC,Dynamic,HTTP/2
2025-05-02 10:58:28,stallRate,66.1259999275208,1.37729957316141,TheEmptinessMachine,CUBIC,Dynamic,HTTP/2
2025-05-02 10:58:30,stallRate,68.1259999275208,1.33392001630911,TheEmptinessMachine,CUBIC,Dynamic,HTTP/2
2025-05-02 10:58:32,stallRate,70.1259999275208,1.29300849528957,TheEmptinessMachine,CUBIC,Dynamic,HTTP/2
2025-05-02 10:58:34,stallRate,72.1259999275208,1.25484809164206,TheEmptinessMachine,CUBIC,Dynamic,HTTP/2
2025-05-02 10:58:36,stallRate,74.1259999275208,1.21889800561316,TheEmptinessMachine,CUBIC,Dynamic,HTTP/2
2025-05-02 10:58:38,stallRate,76.1259999275208,1.1847029688261,TheEmptinessMachine,CUBIC,Dynamic,HTTP/2
2025-05-02 10:58:44,stallRate,82.1259999275208,4.90527644200719,TheEmptinessMachine,CUBIC,Dynamic,HTTP/2
2025-05-02 10:58:46,stallRate,84.1259999275208,4.78168677189104,TheEmptinessMachine,CUBIC,Dynamic,HTTP/2
2025-05-02 10:58:48,stallRate,86.1259999275208,4.66420942588876,TheEmptinessMachine,CUBIC,Dynamic,HTTP/2
2025-05-02 10:58:50,stallRate,88.125,5.63550876664338,TheEmptinessMachine,CUBIC,Dynamic,HTTP/2
2025-05-02 10:58:52,stallRate,90.1259999275208,5.61116765052894,TheEmptinessMachine,CUBIC,Dynamic,HTTP/2
2025-05-02 10:58:54,stallRate,92.1259999275208,5.48324887398418,TheEmptinessMachine,CUBIC,Dynamic,HTTP/2
2025-05-02 10:58:56,stallRate,94.1259999275208,6.30760359432539,TheEmptinessMachine,CUBIC,Dynamic,HTTP/2
2025-05-02 10:58:58,stallRate,96.1259999275208,6.17051549787813,TheEmptinessMachine,CUBIC,Dynamic,HTTP/2
2025-05-02 10:59:00,stallRate,98.1259999275208,6.03854656334979,TheEmptinessMachine,CUBIC,Dynamic,HTTP/2
2025-05-02 10:59:02,stallRate,100.125999927521,5.91154351903279,TheEmptinessMachine,CUBIC,Dynamic,HTTP/2
2025-05-02 10:59:04,stallRate,102.125999927521,5.79065458254328,TheEmptinessMachine,CUBIC,Dynamic,HTTP/2
2025-05-02 10:59:06,stallRate,104.125999927521,5.67477342170089,TheEmptinessMachine,CUBIC,Dynamic,HTTP/2
2025-05-02 10:59:08,stallRate,106.125999927521,5.56254559513019,TheEmptinessMachine,CUBIC,Dynamic,HTTP/2
2025-05-02 10:59:10,stallRate,108.125999927521,5.45505562651913,TheEmptinessMachine,CUBIC,Dynamic,HTTP/2
2025-05-02 10:59:12,stallRate,110.125999927521,5.35182220206486,TheEmptinessMachine,CUBIC,Dynamic,HTTP/2
2025-05-02 10:59:14,stallRate,112.125999927521,5.25263767673968,TheEmptinessMachine,CUBIC,Dynamic,HTTP/2
2025-05-02 10:59:16,stallRate,114.125999927521,5.15641595464065,TheEmptinessMachine,CUBIC,Dynamic,HTTP/2
2025-05-02 10:59:18,stallRate,116.125999927521,5.06373099762937,TheEmptinessMachine,CUBIC,Dynamic,HTTP/2
2025-05-02 10:59:20,stallRate,118.125999927521,4.97467655076778,TheEmptinessMachine,CUBIC,Dynamic,HTTP/2
2025-05-02 10:59:22,stallRate,120.125999927521,4.88865483783447,TheEmptinessMachine,CUBIC,Dynamic,HTTP/2
2025-05-02 10:59:24,stallRate,122.125999927521,4.80567236208895,TheEmptinessMachine,CUBIC,Dynamic,HTTP/2
2025-05-02 10:59:26,stallRate,124.125999927521,4.72551056872191,TheEmptinessMachine,CUBIC,Dynamic,HTTP/2
2025-05-02 10:59:28,stallRate,126.125999927521,4.6479421351015,TheEmptinessMachine,CUBIC,Dynamic,HTTP/2
2025-05-02 10:59:30,stallRate,128.125999927521,4.5724439248154,TheEmptinessMachine,CUBIC,Dynamic,HTTP/2
2025-05-02 10:59:32,stallRate,130.125999927521,4.49971434427328,TheEmptinessMachine,CUBIC,Dynamic,HTTP/2
2025-05-02 10:59:34,stallRate,132.125999927521,4.42904433068022,TheEmptinessMachine,CUBIC,Dynamic,HTTP/2
2025-05-02 10:59:36,stallRate,134.125999927521,4.36069573384469,TheEmptinessMachine,CUBIC,Dynamic,HTTP/2
2025-05-02 10:59:38,stallRate,136.125,4.29456698802225,TheEmptinessMachine,CUBIC,Dynamic,HTTP/2
2025-05-02 10:59:40,stallRate,138.125999927521,4.23037612032866,TheEmptinessMachine,CUBIC,Dynamic,HTTP/2
2025-05-02 10:59:42,stallRate,140.125999927521,4.16768313469534,TheEmptinessMachine,CUBIC,Dynamic,HTTP/2
2025-05-02 10:59:44,stallRate,142.125999927521,4.10726955095227,TheEmptinessMachine,CUBIC,Dynamic,HTTP/2
2025-05-02 10:59:50,stallRate,148.125999927521,4.46791419529306,TheEmptinessMachine,CUBIC,Dynamic,HTTP/2
2025-05-02 10:59:52,stallRate,150.125999927521,4.40586543719049,TheEmptinessMachine,CUBIC,Dynamic,HTTP/2
2025-05-02 10:59:54,stallRate,152.125999927521,4.34553141392674,TheEmptinessMachine,CUBIC,Dynamic,HTTP/2
2025-05-02 10:59:56,stallRate,154.125999927521,4.28684505665115,TheEmptinessMachine,CUBIC,Dynamic,HTTP/2
2025-05-02 10:59:58,stallRate,156.125999927521,4.22975566868005,TheEmptinessMachine,CUBIC,Dynamic,HTTP/2
2025-05-02 11:00:00,stallRate,158.125999927521,4.17385084687934,TheEmptinessMachine,CUBIC,Dynamic,HTTP/2
2025-05-02 11:00:02,stallRate,160.125,4.1197734881281,TheEmptinessMachine,CUBIC,Dynamic,HTTP/2
2025-05-02 11:00:04,stallRate,162.125999927521,4.06684941284076,TheEmptinessMachine,CUBIC,Dynamic,HTTP/2
2025-05-02 11:00:06,stallRate,164.125999927521,4.01532384626401,TheEmptinessMachine,CUBIC,Dynamic,HTTP/2
2025-05-02 11:00:08,stallRate,166.125999927521,3.96489698052282,TheEmptinessMachine,CUBIC,Dynamic,HTTP/2
2025-05-02 11:00:10,stallRate,168.125,3.91608094295845,TheEmptinessMachine,CUBIC,Dynamic,HTTP/2
2025-05-02 11:00:12,stallRate,170.125999927521,3.86844014221314,TheEmptinessMachine,CUBIC,Dynamic,HTTP/2
2025-05-02 11:00:14,stallRate,172.125999927521,3.82158802867786,TheEmptinessMachine,CUBIC,Dynamic,HTTP/2
2025-05-02 11:00:16,stallRate,174.125999927521,3.77580822687546,TheEmptinessMachine,CUBIC,Dynamic,HTTP/2
2025-05-02 11:00:18,stallRate,176.125,3.73122418872017,TheEmptinessMachine,CUBIC,Dynamic,HTTP/2
2025-05-02 11:00:20,stallRate,178.126999855042,3.68796862919155,TheEmptinessMachine,CUBIC,Dynamic,HTTP/2
2025-05-02 11:00:22,stallRate,180.125999927521,3.64555533968786,TheEmptinessMachine,CUBIC,Dynamic,HTTP/2
2025-05-02 11:00:24,stallRate,182.125999927521,3.60414171569459,TheEmptinessMachine,CUBIC,Dynamic,HTTP/2
2025-05-02 11:00:26,stallRate,184.125,3.56373552812631,TheEmptinessMachine,CUBIC,Dynamic,HTTP/2
2025-05-02 11:00:28,stallRate,186.125999927521,3.52418437082915,TheEmptinessMachine,CUBIC,Dynamic,HTTP/2
2025-05-02 11:00:30,stallRate,188.125999927521,3.4852777591686,TheEmptinessMachine,CUBIC,Dynamic,HTTP/2
2025-05-02 11:00:32,stallRate,190.125999927521,3.44729595227947,TheEmptinessMachine,CUBIC,Dynamic,HTTP/2
2025-05-02 11:00:34,stallRate,192.125999927521,3.41020667977503,TheEmptinessMachine,CUBIC,Dynamic,HTTP/2
2025-05-02 11:00:36,stallRate,194.125999927521,3.37397503595212,TheEmptinessMachine,CUBIC,Dynamic,HTTP/2
2025-05-02 11:00:38,stallRate,196.125,3.33856461765846,TheEmptinessMachine,CUBIC,Dynamic,HTTP/2
2025-05-02 11:00:40,stallRate,198.125999927521,3.30383405691772,TheEmptinessMachine,CUBIC,Dynamic,HTTP/2
2025-05-02 11:00:42,stallRate,200.125,3.26981490293169,TheEmptinessMachine,CUBIC,Dynamic,HTTP/2
2025-05-02 11:00:44,stallRate,202.125999927521,3.23639860249438,TheEmptinessMachine,CUBIC,Dynamic,HTTP/2
2025-05-02 11:00:46,stallRate,204.125999927521,3.20380985246221,TheEmptinessMachine,CUBIC,Dynamic,HTTP/2
2025-05-02 11:00:48,stallRate,206.125999927521,3.17166206632343,TheEmptinessMachine,CUBIC,Dynamic,HTTP/2
2025-05-02 11:00:50,stallRate,208.125999927521,3.14019131524512,TheEmptinessMachine,CUBIC,Dynamic,HTTP/2
2025-05-02 11:00:52,stallRate,210.125999927521,3.10941915827976,TheEmptinessMachine,CUBIC,Dynamic,HTTP/2
2025-05-02 11:01:33,stallRate,13.6889998912811,0.0,TheEmptinessMachine,CUBIC,Dynamic,HTTP/3
2025-05-02 11:01:35,stallRate,15.6889998912811,0.0,TheEmptinessMachine,CUBIC,Dynamic,HTTP/3
2025-05-02 11:01:37,stallRate,17.6889998912811,0.0,TheEmptinessMachine,CUBIC,Dynamic,HTTP/3
2025-05-02 11:01:39,stallRate,19.6889998912811,0.0,TheEmptinessMachine,CUBIC,Dynamic,HTTP/3
2025-05-02 11:01:41,stallRate,21.6889998912811,0.0,TheEmptinessMachine,CUBIC,Dynamic,HTTP/3
2025-05-02 11:01:43,stallRate,23.6889998912811,0.0,TheEmptinessMachine,CUBIC,Dynamic,HTTP/3
2025-05-02 11:01:45,stallRate,25.6889998912811,0.0,TheEmptinessMachine,CUBIC,Dynamic,HTTP/3
2025-05-02 11:01:47,stallRate,27.6889998912811,0.0,TheEmptinessMachine,CUBIC,Dynamic,HTTP/3
2025-05-02 11:01:49,stallRate,29.6889998912811,0.0,TheEmptinessMachine,CUBIC,Dynamic,HTTP/3
2025-05-02 11:01:51,stallRate,31.6900000572205,0.0,TheEmptinessMachine,CUBIC,Dynamic,HTTP/3
2025-05-02 11:01:53,stallRate,33.6889998912811,0.0,TheEmptinessMachine,CUBIC,Dynamic,HTTP/3
2025-05-02 11:01:55,stallRate,35.6889998912811,0.0,TheEmptinessMachine,CUBIC,Dynamic,HTTP/3
2025-05-02 11:01:57,stallRate,37.6889998912811,0.0,TheEmptinessMachine,CUBIC,Dynamic,HTTP/3
2025-05-02 11:01:59,stallRate,39.6889998912811,0.0,TheEmptinessMachine,CUBIC,Dynamic,HTTP/3
2025-05-02 11:02:01,stallRate,41.6889998912811,0.0,TheEmptinessMachine,CUBIC,Dynamic,HTTP/3
2025-05-02 11:02:03,stallRate,43.6889998912811,0.0,TheEmptinessMachine,CUBIC,Dynamic,HTTP/3
2025-05-02 11:02:05,stallRate,45.6889998912811,0.0,TheEmptinessMachine,CUBIC,Dynamic,HTTP/3
2025-05-02 11:02:07,stallRate,47.6889998912811,0.0,TheEmptinessMachine,CUBIC,Dynamic,HTTP/3
2025-05-02 11:02:09,stallRate,49.6889998912811,0.0,TheEmptinessMachine,CUBIC,Dynamic,HTTP/3
2025-05-02 11:02:11,stallRate,51.6889998912811,0.0,TheEmptinessMachine,CUBIC,Dynamic,HTTP/3
2025-05-02 11:02:13,stallRate,53.6900000572205,0.0,TheEmptinessMachine,CUBIC,Dynamic,HTTP/3
2025-05-02 11:02:15,stallRate,55.6889998912811,0.0,TheEmptinessMachine,CUBIC,Dynamic,HTTP/3
2025-05-02 11:02:19,stallRate,59.6900000572205,2.50034495009739,TheEmptinessMachine,CUBIC,Dynamic,HTTP/3
2025-05-02 11:02:21,stallRate,61.6889998912811,2.39571529375593,TheEmptinessMachine,CUBIC,Dynamic,HTTP/3
2025-05-02 11:02:23,stallRate,63.6900000572205,2.29998178029678,TheEmptinessMachine,CUBIC,Dynamic,HTTP/3
2025-05-02 11:02:25,stallRate,65.6889998912811,2.21115495802696,TheEmptinessMachine,CUBIC,Dynamic,HTTP/3
2025-05-02 11:02:27,stallRate,67.6900000572205,2.12899408991879,TheEmptinessMachine,CUBIC,Dynamic,HTTP/3
2025-05-02 11:02:29,stallRate,69.6889998912811,2.05216302807553,TheEmptinessMachine,CUBIC,Dynamic,HTTP/3
2025-05-02 11:02:31,stallRate,71.6889998912811,1.98111190107255,TheEmptinessMachine,CUBIC,Dynamic,HTTP/3
2025-05-02 11:02:33,stallRate,73.6889998912811,1.9148554368928,TheEmptinessMachine,CUBIC,Dynamic,HTTP/3
2025-05-02 11:02:35,stallRate,75.6900000572205,1.85305675420546,TheEmptinessMachine,CUBIC,Dynamic,HTTP/3
2025-05-02 11:02:37,stallRate,77.6889998912811,1.79509126074774,TheEmptinessMachine,CUBIC,Dynamic,HTTP/3
2025-05-02 11:02:39,stallRate,79.6889998912811,1.74063558126759,TheEmptinessMachine,CUBIC,Dynamic,HTTP/3
2025-05-02 11:02:41,stallRate,81.6889998912811,1.68896678849849,TheEmptinessMachine,CUBIC,Dynamic,HTTP/3
2025-05-02 11:02:43,stallRate,83.6889998912811,1.97088377727677,TheEmptinessMachine,CUBIC,Dynamic,HTTP/3
2025-05-02 11:02:45,stallRate,85.6889998912811,1.91593664123826,TheEmptinessMachine,CUBIC,Dynamic,HTTP/3
2025-05-02 11:02:47,stallRate,87.6889998912811,1.86400378891995,TheEmptinessMachine,CUBIC,Dynamic,HTTP/3
2025-05-02 11:02:49,stallRate,89.6889998912811,1.81456608391173,TheEmptinessMachine,CUBIC,Dynamic,HTTP/3
2025-05-02 11:02:51,stallRate,91.6889998912811,1.76807000545576,TheEmptinessMachine,CUBIC,Dynamic,HTTP/3
2025-05-02 11:02:53,stallRate,93.6889998912811,2.28470176124165,TheEmptinessMachine,CUBIC,Dynamic,HTTP/3
2025-05-02 11:02:57,stallRate,97.6900000572205,3.48950035577141,TheEmptinessMachine,CUBIC,Dynamic,HTTP/3
2025-05-02 11:02:59,stallRate,99.6900000572205,3.40708286756962,TheEmptinessMachine,CUBIC,Dynamic,HTTP/3
2025-05-02 11:03:01,stallRate,101.688999891281,3.32902497726938,TheEmptinessMachine,CUBIC,Dynamic,HTTP/3
2025-05-02 11:03:03,stallRate,103.69000005722,3.25393651869779,TheEmptinessMachine,CUBIC,Dynamic,HTTP/3
2025-05-02 11:03:05,stallRate,105.688999891281,3.18222679106333,TheEmptinessMachine,CUBIC,Dynamic,HTTP/3
2025-05-02 11:03:07,stallRate,107.688999891281,3.11331254498333,TheEmptinessMachine,CUBIC,Dynamic,HTTP/3
2025-05-02 11:03:09,stallRate,109.69000005722,3.04741914901867,TheEmptinessMachine,CUBIC,Dynamic,HTTP/3
2025-05-02 11:03:11,stallRate,111.688999891281,2.98470101910689,TheEmptinessMachine,CUBIC,Dynamic,HTTP/3
2025-05-02 11:03:13,stallRate,113.688999891281,2.92424741215258,TheEmptinessMachine,CUBIC,Dynamic,HTTP/3
2025-05-02 11:03:15,stallRate,115.688999891281,2.8662483879767,TheEmptinessMachine,CUBIC,Dynamic,HTTP/3
2025-05-02 11:03:17,stallRate,117.688999891281,2.81011703312713,TheEmptinessMachine,CUBIC,Dynamic,HTTP/3
2025-05-02 11:03:19,stallRate,119.688999891281,2.75670816992162,TheEmptinessMachine,CUBIC,Dynamic,HTTP/3
2025-05-02 11:03:21,stallRate,121.688999891281,2.70503389845074,TheEmptinessMachine,CUBIC,Dynamic,HTTP/3
2025-05-02 11:03:23,stallRate,123.688999891281,2.65530406958746,TheEmptinessMachine,CUBIC,Dynamic,HTTP/3
2025-05-02 11:03:25,stallRate,125.688999891281,2.60742083245427,TheEmptinessMachine,CUBIC,Dynamic,HTTP/3
2025-05-02 11:03:27,stallRate,127.69000005722,2.56122449243471,TheEmptinessMachine,CUBIC,Dynamic,HTTP/3
2025-05-02 11:03:29,stallRate,129.688999891281,2.51633048996156,TheEmptinessMachine,CUBIC,Dynamic,HTTP/3
2025-05-02 11:03:31,stallRate,131.688999891281,2.47344264593535,TheEmptinessMachine,CUBIC,Dynamic,HTTP/3
2025-05-02 11:03:33,stallRate,133.688999891281,2.43174457499794,TheEmptinessMachine,CUBIC,Dynamic,HTTP/3
2025-05-02 11:03:35,stallRate,135.688999891281,2.39148049780293,TheEmptinessMachine,CUBIC,Dynamic,HTTP/3
2025-05-02 11:03:39,stallRate,139.688999891281,2.67295685710726,TheEmptinessMachine,CUBIC,Dynamic,HTTP/3
2025-05-02 11:03:41,stallRate,141.688999891281,2.63067523742935,TheEmptinessMachine,CUBIC,Dynamic,HTTP/3
2025-05-02 11:03:43,stallRate,143.69000005722,2.589955642468,TheEmptinessMachine,CUBIC,Dynamic,HTTP/3
2025-05-02 11:03:45,stallRate,145.688999891281,2.55051077382417,TheEmptinessMachine,CUBIC,Dynamic,HTTP/3
2025-05-02 11:03:47,stallRate,147.688999891281,2.51191866723927,TheEmptinessMachine,CUBIC,Dynamic,HTTP/3
2025-05-02 11:03:49,stallRate,149.69000005722,2.47481960491597,TheEmptinessMachine,CUBIC,Dynamic,HTTP/3
2025-05-02 11:03:51,stallRate,151.688999891281,2.43861301376503,TheEmptinessMachine,CUBIC,Dynamic,HTTP/3
2025-05-02 11:03:53,stallRate,153.69000005722,2.40344548637069,TheEmptinessMachine,CUBIC,Dynamic,HTTP/3
2025-05-02 11:03:55,stallRate,155.688999891281,2.36933582049325,TheEmptinessMachine,CUBIC,Dynamic,HTTP/3
2025-05-02 11:03:57,stallRate,157.69000005722,2.33616015807347,TheEmptinessMachine,CUBIC,Dynamic,HTTP/3
2025-05-02 11:03:59,stallRate,159.688999891281,2.30368722441106,TheEmptinessMachine,CUBIC,Dynamic,HTTP/3
2025-05-02 11:04:01,stallRate,161.688999891281,2.27227110788663,TheEmptinessMachine,CUBIC,Dynamic,HTTP/3
2025-05-02 11:04:03,stallRate,163.691999912262,2.2416894927323,TheEmptinessMachine,CUBIC,Dynamic,HTTP/3
2025-05-02 11:04:05,stallRate,165.688999891281,2.21208643566478,TheEmptinessMachine,CUBIC,Dynamic,HTTP/3
2025-05-02 11:04:07,stallRate,167.688999891281,2.18302080036019,TheEmptinessMachine,CUBIC,Dynamic,HTTP/3
2025-05-02 11:04:09,stallRate,169.69000005722,2.15492173931048,TheEmptinessMachine,CUBIC,Dynamic,HTTP/3
2025-05-02 11:04:11,stallRate,171.688999891281,2.12743687880419,TheEmptinessMachine,CUBIC,Dynamic,HTTP/3
2025-05-02 11:04:13,stallRate,173.688999891281,2.1006011283847,TheEmptinessMachine,CUBIC,Dynamic,HTTP/3
2025-05-02 11:04:15,stallRate,175.688999891281,2.0744631480522,TheEmptinessMachine,CUBIC,Dynamic,HTTP/3
2025-05-02 11:04:17,stallRate,177.688999891281,2.04879062887686,TheEmptinessMachine,CUBIC,Dynamic,HTTP/3
2025-05-02 11:04:19,stallRate,179.688999891281,2.023888756573,TheEmptinessMachine,CUBIC,Dynamic,HTTP/3
2025-05-02 11:04:21,stallRate,181.69000005722,1.99962821492643,TheEmptinessMachine,CUBIC,Dynamic,HTTP/3
2025-05-02 11:04:23,stallRate,183.69000005722,1.97602680797088,TheEmptinessMachine,CUBIC,Dynamic,HTTP/3
2025-05-02 11:04:25,stallRate,185.688999891281,1.95280689262169,TheEmptinessMachine,CUBIC,Dynamic,HTTP/3
2025-05-02 11:04:27,stallRate,187.69000005722,1.93013394321009,TheEmptinessMachine,CUBIC,Dynamic,HTTP/3
2025-05-02 11:04:29,stallRate,189.688999891281,1.90815692889482,TheEmptinessMachine,CUBIC,Dynamic,HTTP/3
2025-05-02 11:04:31,stallRate,191.688999891281,1.88656571277462,TheEmptinessMachine,CUBIC,Dynamic,HTTP/3
2025-05-02 11:04:33,stallRate,193.688999891281,1.86534784344756,TheEmptinessMachine,CUBIC,Dynamic,HTTP/3
2025-05-02 11:04:35,stallRate,195.69000005722,1.84464480307513,TheEmptinessMachine,CUBIC,Dynamic,HTTP/3
2025-05-02 11:04:37,stallRate,197.688999891281,1.82447166363589,TheEmptinessMachine,CUBIC,Dynamic,HTTP/3
2025-05-02 11:04:39,stallRate,199.69000005722,1.80474131632024,TheEmptinessMachine,CUBIC,Dynamic,HTTP/3
2025-05-02 11:04:41,stallRate,201.688999891281,1.78538812212378,TheEmptinessMachine,CUBIC,Dynamic,HTTP/3
2025-05-02 11:04:43,stallRate,203.688999891281,1.76642231359888,TheEmptinessMachine,CUBIC,Dynamic,HTTP/3
2025-05-02 11:04:45,stallRate,205.688999891281,1.74788913958213,TheEmptinessMachine,CUBIC,Dynamic,HTTP/3
2025-05-02 11:04:47,stallRate,207.69000005722,1.72980403368132,TheEmptinessMachine,CUBIC,Dynamic,HTTP/3
2025-05-02 11:04:49,stallRate,209.69000005722,1.71206766657993,TheEmptinessMachine,CUBIC,Dynamic,HTTP/3
2025-05-02 11:04:51,stallRate,211.688999891281,1.69459716409548,TheEmptinessMachine,CUBIC,Dynamic,HTTP/3
2025-05-02 11:04:53,stallRate,213.688999891281,1.67760792678402,TheEmptinessMachine,CUBIC,Dynamic,HTTP/3
2025-05-02 11:04:55,stallRate,215.688999891281,1.66088640441044,TheEmptinessMachine,CUBIC,Dynamic,HTTP/3
2025-05-02 11:04:57,stallRate,217.688999891281,1.644494620637,TheEmptinessMachine,CUBIC,Dynamic,HTTP/3
2025-05-02 11:05:27,stallRate,8.29100012779236,23.9934700524189,TheEmptinessMachine,CUBIC,Bola,HTTP/1.1
2025-05-02 11:05:29,stallRate,10.2910001277924,17.6954375325524,TheEmptinessMachine,CUBIC,Bola,HTTP/1.1
2025-05-02 11:05:31,stallRate,12.2910001277924,13.9764306305038,TheEmptinessMachine,CUBIC,Bola,HTTP/1.1
2025-05-02 11:05:33,stallRate,14.2910001277924,11.5503016959027,TheEmptinessMachine,CUBIC,Bola,HTTP/1.1
2025-05-02 11:05:35,stallRate,16.2910001277924,9.83929691503428,TheEmptinessMachine,CUBIC,Bola,HTTP/1.1
2025-05-02 11:05:37,stallRate,18.2910001277924,8.5741744863375,TheEmptinessMachine,CUBIC,Bola,HTTP/1.1
2025-05-02 11:05:39,stallRate,20.2910001277924,7.5922720596727,TheEmptinessMachine,CUBIC,Bola,HTTP/1.1
2025-05-02 11:05:43,stallRate,24.2910001277924,11.115266695198,TheEmptinessMachine,CUBIC,Bola,HTTP/1.1
2025-05-02 11:05:45,stallRate,26.2910001277924,10.1692154597855,TheEmptinessMachine,CUBIC,Bola,HTTP/1.1
2025-05-02 11:05:47,stallRate,28.2910001277924,9.36841453479476,TheEmptinessMachine,CUBIC,Bola,HTTP/1.1
2025-05-02 11:05:49,stallRate,30.2910001277924,8.68887534717885,TheEmptinessMachine,CUBIC,Bola,HTTP/1.1
2025-05-02 11:05:51,stallRate,32.2910001277924,8.12055632812833,TheEmptinessMachine,CUBIC,Bola,HTTP/1.1
2025-05-02 11:05:53,stallRate,34.2910001277924,7.60276001414617,TheEmptinessMachine,CUBIC,Bola,HTTP/1.1
2025-05-02 11:05:55,stallRate,36.2910001277924,7.15132256756687,TheEmptinessMachine,CUBIC,Bola,HTTP/1.1
2025-05-02 11:05:57,stallRate,38.2910001277924,7.05502428809172,TheEmptinessMachine,CUBIC,Bola,HTTP/1.1
2025-05-02 11:05:59,stallRate,40.2910001277924,6.67683700901947,TheEmptinessMachine,CUBIC,Bola,HTTP/1.1
2025-05-02 11:06:01,stallRate,42.2910001277924,6.33792296499454,TheEmptinessMachine,CUBIC,Bola,HTTP/1.1
2025-05-02 11:06:03,stallRate,44.2910001277924,6.03405018510994,TheEmptinessMachine,CUBIC,Bola,HTTP/1.1
2025-05-02 11:06:05,stallRate,46.2910001277924,5.75619403362072,TheEmptinessMachine,CUBIC,Bola,HTTP/1.1
2025-05-02 11:06:07,stallRate,48.2910001277924,5.50326968245407,TheEmptinessMachine,CUBIC,Bola,HTTP/1.1
2025-05-02 11:06:09,stallRate,50.2910001277924,5.27052129546467,TheEmptinessMachine,CUBIC,Bola,HTTP/1.1
2025-05-02 11:06:11,stallRate,52.2910001277924,5.05914203524529,TheEmptinessMachine,CUBIC,Bola,HTTP/1.1
2025-05-02 11:06:13,stallRate,54.2910001277924,4.86207133437581,TheEmptinessMachine,CUBIC,Bola,HTTP/1.1
2025-05-02 11:06:15,stallRate,56.2910001277924,4.68001893397294,TheEmptinessMachine,CUBIC,Bola,HTTP/1.1
2025-05-02 11:06:17,stallRate,58.2910001277924,4.51212297388742,TheEmptinessMachine,CUBIC,Bola,HTTP/1.1
2025-05-02 11:06:19,stallRate,60.2910001277924,4.35517714530107,TheEmptinessMachine,CUBIC,Bola,HTTP/1.1
2025-05-02 11:06:21,stallRate,62.2910001277924,4.20879157270419,TheEmptinessMachine,CUBIC,Bola,HTTP/1.1
2025-05-02 11:06:23,stallRate,64.2910001277924,4.07223338278328,TheEmptinessMachine,CUBIC,Bola,HTTP/1.1
2025-05-02 11:06:25,stallRate,66.2910001277924,3.94424162266035,TheEmptinessMachine,CUBIC,Bola,HTTP/1.1
2025-05-02 11:06:27,stallRate,68.2910001277924,3.82325783394788,TheEmptinessMachine,CUBIC,Bola,HTTP/1.1
2025-05-02 11:06:29,stallRate,70.2910001277924,3.71028163234187,TheEmptinessMachine,CUBIC,Bola,HTTP/1.1
2025-05-02 11:06:31,stallRate,72.2910001277924,3.60339415782336,TheEmptinessMachine,CUBIC,Bola,HTTP/1.1
2025-05-02 11:06:33,stallRate,74.2910001277924,3.5025671028853,TheEmptinessMachine,CUBIC,Bola,HTTP/1.1
2025-05-02 11:06:35,stallRate,76.2910001277924,3.40769206261888,TheEmptinessMachine,CUBIC,Bola,HTTP/1.1
2025-05-02 11:06:37,stallRate,78.2910001277924,3.31739132475923,TheEmptinessMachine,CUBIC,Bola,HTTP/1.1
2025-05-02 11:06:39,stallRate,80.2910001277924,3.23185523410204,TheEmptinessMachine,CUBIC,Bola,HTTP/1.1
2025-05-02 11:06:43,stallRate,84.2910001277924,5.52445986150552,TheEmptinessMachine,CUBIC,Bola,HTTP/1.1
2025-05-02 11:06:45,stallRate,86.2910001277924,5.39160645293276,TheEmptinessMachine,CUBIC,Bola,HTTP/1.1
2025-05-02 11:06:47,stallRate,88.2910001277924,5.26558345556347,TheEmptinessMachine,CUBIC,Bola,HTTP/1.1
2025-05-02 11:06:49,stallRate,90.2910001277924,5.14510713956476,TheEmptinessMachine,CUBIC,Bola,HTTP/1.1
2025-05-02 11:06:51,stallRate,92.2910001277924,5.71568349447671,TheEmptinessMachine,CUBIC,Bola,HTTP/1.1
2025-05-02 11:06:53,stallRate,94.2910001277924,5.58992524646093,TheEmptinessMachine,CUBIC,Bola,HTTP/1.1
2025-05-02 11:06:55,stallRate,96.2910001277924,5.47093350081273,TheEmptinessMachine,CUBIC,Bola,HTTP/1.1
2025-05-02 11:06:57,stallRate,98.2910001277924,5.35617963505928,TheEmptinessMachine,CUBIC,Bola,HTTP/1.1
2025-05-02 11:06:59,stallRate,100.291000127792,5.24693098135178,TheEmptinessMachine,CUBIC,Bola,HTTP/1.1
2025-05-02 11:07:01,stallRate,102.291000127792,5.14140810741148,TheEmptinessMachine,CUBIC,Bola,HTTP/1.1
2025-05-02 11:07:03,stallRate,104.291000127792,5.04009250398413,TheEmptinessMachine,CUBIC,Bola,HTTP/1.1
2025-05-02 11:07:05,stallRate,106.291000127792,4.94223805478735,TheEmptinessMachine,CUBIC,Bola,HTTP/1.1
2025-05-02 11:07:07,stallRate,108.291000127792,4.8488186088006,TheEmptinessMachine,CUBIC,Bola,HTTP/1.1
2025-05-02 11:07:09,stallRate,110.293000221252,4.75880597041702,TheEmptinessMachine,CUBIC,Bola,HTTP/1.1
2025-05-02 11:07:11,stallRate,112.291000127792,4.67157268429029,TheEmptinessMachine,CUBIC,Bola,HTTP/1.1
2025-05-02 11:07:13,stallRate,114.292000055313,4.58769066653348,TheEmptinessMachine,CUBIC,Bola,HTTP/1.1
2025-05-02 11:07:15,stallRate,116.291000127792,4.50694012261994,TheEmptinessMachine,CUBIC,Bola,HTTP/1.1
2025-05-02 11:07:17,stallRate,118.291000127792,4.42913304987709,TheEmptinessMachine,CUBIC,Bola,HTTP/1.1
2025-05-02 11:07:19,stallRate,120.291000127792,4.35386658914517,TheEmptinessMachine,CUBIC,Bola,HTTP/1.1
2025-05-02 11:07:21,stallRate,122.291000127792,4.28106232523564,TheEmptinessMachine,CUBIC,Bola,HTTP/1.1
2025-05-02 11:07:23,stallRate,124.291000127792,4.2104344475154,TheEmptinessMachine,CUBIC,Bola,HTTP/1.1
2025-05-02 11:07:25,stallRate,126.291000127792,4.14209440294426,TheEmptinessMachine,CUBIC,Bola,HTTP/1.1
2025-05-02 11:07:27,stallRate,128.291000127792,4.07642084186941,TheEmptinessMachine,CUBIC,Bola,HTTP/1.1
2025-05-02 11:07:29,stallRate,130.291000127792,4.01233236224299,TheEmptinessMachine,CUBIC,Bola,HTTP/1.1
2025-05-02 11:07:31,stallRate,132.291000127792,3.95038508019289,TheEmptinessMachine,CUBIC,Bola,HTTP/1.1
2025-05-02 11:07:33,stallRate,134.291000127792,3.89033032622529,TheEmptinessMachine,CUBIC,Bola,HTTP/1.1
2025-05-02 11:07:35,stallRate,136.291000127792,3.83191117448201,TheEmptinessMachine,CUBIC,Bola,HTTP/1.1
2025-05-02 11:07:37,stallRate,138.291000127792,3.77551043775646,TheEmptinessMachine,CUBIC,Bola,HTTP/1.1
2025-05-02 11:07:39,stallRate,140.291000127792,3.72077453134211,TheEmptinessMachine,CUBIC,Bola,HTTP/1.1
2025-05-02 11:07:41,stallRate,142.291000127792,3.66745320186175,TheEmptinessMachine,CUBIC,Bola,HTTP/1.1
2025-05-02 11:07:43,stallRate,144.291000127792,3.61577947709849,TheEmptinessMachine,CUBIC,Bola,HTTP/1.1
2025-05-02 11:07:45,stallRate,146.291000127792,3.56525253725684,TheEmptinessMachine,CUBIC,Bola,HTTP/1.1
2025-05-02 11:07:47,stallRate,148.291000127792,3.51657357603678,TheEmptinessMachine,CUBIC,Bola,HTTP/1.1
2025-05-02 11:07:49,stallRate,150.291000127792,3.46876692142406,TheEmptinessMachine,CUBIC,Bola,HTTP/1.1
2025-05-02 11:07:51,stallRate,152.291000127792,3.42252087180689,TheEmptinessMachine,CUBIC,Bola,HTTP/1.1
2025-05-02 11:07:53,stallRate,154.291000127792,3.37730307011881,TheEmptinessMachine,CUBIC,Bola,HTTP/1.1
2025-05-02 11:07:55,stallRate,156.291000127792,3.33324643293484,TheEmptinessMachine,CUBIC,Bola,HTTP/1.1
2025-05-02 11:07:57,stallRate,158.291000127792,3.29035217677829,TheEmptinessMachine,CUBIC,Bola,HTTP/1.1
2025-05-02 11:07:59,stallRate,160.291000127792,3.24845193157913,TheEmptinessMachine,CUBIC,Bola,HTTP/1.1
2025-05-02 11:08:01,stallRate,162.291000127792,3.20784491775983,TheEmptinessMachine,CUBIC,Bola,HTTP/1.1
2025-05-02 11:08:03,stallRate,164.291000127792,3.16798592836769,TheEmptinessMachine,CUBIC,Bola,HTTP/1.1
2025-05-02 11:08:05,stallRate,166.291000127792,3.12915846329031,TheEmptinessMachine,CUBIC,Bola,HTTP/1.1
2025-05-02 11:08:07,stallRate,168.291000127792,3.09133467151091,TheEmptinessMachine,CUBIC,Bola,HTTP/1.1
2025-05-02 11:08:09,stallRate,170.291000127792,3.05446680800546,TheEmptinessMachine,CUBIC,Bola,HTTP/1.1
2025-05-02 11:08:11,stallRate,172.291000127792,3.01833909884893,TheEmptinessMachine,CUBIC,Bola,HTTP/1.1
2025-05-02 11:08:13,stallRate,174.291000127792,2.98306481288648,TheEmptinessMachine,CUBIC,Bola,HTTP/1.1
2025-05-02 11:08:15,stallRate,176.291000127792,2.94863904355166,TheEmptinessMachine,CUBIC,Bola,HTTP/1.1
2025-05-02 11:08:17,stallRate,178.291000127792,2.915114973586,TheEmptinessMachine,CUBIC,Bola,HTTP/1.1
2025-05-02 11:08:19,stallRate,180.291000127792,2.8823240630862,TheEmptinessMachine,CUBIC,Bola,HTTP/1.1
2025-05-02 11:08:21,stallRate,182.291000127792,2.85025344379795,TheEmptinessMachine,CUBIC,Bola,HTTP/1.1
2025-05-02 11:08:23,stallRate,184.291000127792,2.81893024962318,TheEmptinessMachine,CUBIC,Bola,HTTP/1.1
2025-05-02 11:08:25,stallRate,186.291000127792,2.78809589144704,TheEmptinessMachine,CUBIC,Bola,HTTP/1.1
2025-05-02 11:08:27,stallRate,188.292000055313,2.75795624857952,TheEmptinessMachine,CUBIC,Bola,HTTP/1.1
2025-05-02 11:08:29,stallRate,190.291000127792,2.72854253975327,TheEmptinessMachine,CUBIC,Bola,HTTP/1.1
2025-05-02 11:08:31,stallRate,192.291000127792,2.69977717697335,TheEmptinessMachine,CUBIC,Bola,HTTP/1.1
2025-05-02 11:08:33,stallRate,194.291000127792,2.67145238890943,TheEmptinessMachine,CUBIC,Bola,HTTP/1.1
2025-05-02 11:08:35,stallRate,196.291000127792,2.64402600682461,TheEmptinessMachine,CUBIC,Bola,HTTP/1.1
2025-05-02 11:08:37,stallRate,198.291000127792,2.61689343890229,TheEmptinessMachine,CUBIC,Bola,HTTP/1.1
2025-05-02 11:08:39,stallRate,200.291000127792,2.5903554796538,TheEmptinessMachine,CUBIC,Bola,HTTP/1.1
2025-05-02 11:08:41,stallRate,202.291000127792,2.56426203922389,TheEmptinessMachine,CUBIC,Bola,HTTP/1.1
2025-05-02 11:08:43,stallRate,204.291000127792,2.53887714479567,TheEmptinessMachine,CUBIC,Bola,HTTP/1.1
2025-05-02 11:08:45,stallRate,206.291000127792,2.51399316941205,TheEmptinessMachine,CUBIC,Bola,HTTP/1.1
2025-05-02 11:09:21,stallRate,2.10500001907349,0.0,TheEmptinessMachine,CUBIC,Bola,HTTP/2
2025-05-02 11:09:23,stallRate,4.10399985313416,0.0,TheEmptinessMachine,CUBIC,Bola,HTTP/2
2025-05-02 11:09:29,stallRate,10.1039998531342,17.6306645348848,TheEmptinessMachine,CUBIC,Bola,HTTP/2
2025-05-02 11:09:33,stallRate,14.1039998531342,11.6659823202955,TheEmptinessMachine,CUBIC,Bola,HTTP/2
2025-05-02 11:09:35,stallRate,16.1039998531342,9.98269696230191,TheEmptinessMachine,CUBIC,Bola,HTTP/2
2025-05-02 11:09:37,stallRate,18.1039998531342,8.71561959558518,TheEmptinessMachine,CUBIC,Bola,HTTP/2
2025-05-02 11:09:39,stallRate,20.1039998531342,7.73422278264605,TheEmptinessMachine,CUBIC,Bola,HTTP/2
2025-05-02 11:09:41,stallRate,22.1039998531342,6.95690386975021,TheEmptinessMachine,CUBIC,Bola,HTTP/2
2025-05-02 11:09:43,stallRate,24.1039998531342,6.31875205749517,TheEmptinessMachine,CUBIC,Bola,HTTP/2
2025-05-02 11:09:45,stallRate,26.1039998531342,5.78826928368138,TheEmptinessMachine,CUBIC,Bola,HTTP/2
2025-05-02 11:09:47,stallRate,28.1039998531342,5.34037909133137,TheEmptinessMachine,CUBIC,Bola,HTTP/2
2025-05-02 11:09:49,stallRate,30.1039998531342,4.95677956679436,TheEmptinessMachine,CUBIC,Bola,HTTP/2
2025-05-02 11:09:53,stallRate,34.1039998531342,4.33387706246622,TheEmptinessMachine,CUBIC,Bola,HTTP/2
2025-05-02 11:09:55,stallRate,36.1039998531342,4.07661025483012,TheEmptinessMachine,CUBIC,Bola,HTTP/2
2025-05-02 11:09:57,stallRate,38.1039998531342,3.84855590008134,TheEmptinessMachine,CUBIC,Bola,HTTP/2
2025-05-02 11:09:59,stallRate,40.1039998531342,3.64564244504536,TheEmptinessMachine,CUBIC,Bola,HTTP/2
2025-05-02 11:10:01,stallRate,42.1039998531342,3.46245814087763,TheEmptinessMachine,CUBIC,Bola,HTTP/2
2025-05-02 11:10:03,stallRate,44.1039998531342,3.29678812183751,TheEmptinessMachine,CUBIC,Bola,HTTP/2
2025-05-02 11:10:05,stallRate,46.1039998531342,3.1465074772134,TheEmptinessMachine,CUBIC,Bola,HTTP/2
2025-05-02 11:10:07,stallRate,48.1039998531342,4.00280264858451,TheEmptinessMachine,CUBIC,Bola,HTTP/2
2025-05-02 11:10:09,stallRate,50.1039998531342,3.83462170861244,TheEmptinessMachine,CUBIC,Bola,HTTP/2
2025-05-02 11:10:11,stallRate,52.1039998531342,3.68011496201404,TheEmptinessMachine,CUBIC,Bola,HTTP/2
2025-05-02 11:10:13,stallRate,54.1039998531342,3.68924725552848,TheEmptinessMachine,CUBIC,Bola,HTTP/2
2025-05-02 11:10:15,stallRate,56.1039998531342,3.55222706008005,TheEmptinessMachine,CUBIC,Bola,HTTP/2
2025-05-02 11:10:17,stallRate,58.1039998531342,3.4246404883153,TheEmptinessMachine,CUBIC,Bola,HTTP/2
2025-05-02 11:10:19,stallRate,60.1029999256134,3.30592622039023,TheEmptinessMachine,CUBIC,Bola,HTTP/2
2025-05-02 11:10:21,stallRate,62.1039998531342,3.1946687420983,TheEmptinessMachine,CUBIC,Bola,HTTP/2
2025-05-02 11:10:23,stallRate,64.1039998531342,3.09194684778727,TheEmptinessMachine,CUBIC,Bola,HTTP/2
2025-05-02 11:10:25,stallRate,66.1039998531342,2.99473525768704,TheEmptinessMachine,CUBIC,Bola,HTTP/2
2025-05-02 11:10:27,stallRate,68.1039998531342,2.9035990311157,TheEmptinessMachine,CUBIC,Bola,HTTP/2
2025-05-02 11:10:29,stallRate,70.1039998531342,2.81839396461192,TheEmptinessMachine,CUBIC,Bola,HTTP/2
2025-05-02 11:10:31,stallRate,72.1039998531342,2.73762894784452,TheEmptinessMachine,CUBIC,Bola,HTTP/2
2025-05-02 11:10:33,stallRate,74.1039998531342,2.66137460893625,TheEmptinessMachine,CUBIC,Bola,HTTP/2
2025-05-02 11:10:35,stallRate,76.1039998531342,2.58941928879221,TheEmptinessMachine,CUBIC,Bola,HTTP/2
2025-05-02 11:10:37,stallRate,78.1039998531342,2.52121248456373,TheEmptinessMachine,CUBIC,Bola,HTTP/2
2025-05-02 11:10:39,stallRate,80.1039998531342,2.45649161690354,TheEmptinessMachine,CUBIC,Bola,HTTP/2
2025-05-02 11:10:41,stallRate,82.1039998531342,2.39507092221292,TheEmptinessMachine,CUBIC,Bola,HTTP/2
2025-05-02 11:10:43,stallRate,84.1029999256134,2.33628471708725,TheEmptinessMachine,CUBIC,Bola,HTTP/2
2025-05-02 11:10:45,stallRate,86.1039998531342,2.28069605745682,TheEmptinessMachine,CUBIC,Bola,HTTP/2
2025-05-02 11:10:47,stallRate,88.1039998531342,2.22752213858314,TheEmptinessMachine,CUBIC,Bola,HTTP/2
2025-05-02 11:10:49,stallRate,90.1039998531342,2.1766786662535,TheEmptinessMachine,CUBIC,Bola,HTTP/2
2025-05-02 11:10:51,stallRate,92.1039998531342,2.12846886110306,TheEmptinessMachine,CUBIC,Bola,HTTP/2
2025-05-02 11:10:53,stallRate,94.1039998531342,2.08200983408177,TheEmptinessMachine,CUBIC,Bola,HTTP/2
2025-05-02 11:10:55,stallRate,96.1029999256134,2.03762936969229,TheEmptinessMachine,CUBIC,Bola,HTTP/2
2025-05-02 11:10:57,stallRate,98.1039998531342,1.99488024863093,TheEmptinessMachine,CUBIC,Bola,HTTP/2
2025-05-02 11:10:59,stallRate,100.103999853134,1.95417959550563,TheEmptinessMachine,CUBIC,Bola,HTTP/2
2025-05-02 11:11:01,stallRate,102.103999853134,1.91497375776185,TheEmptinessMachine,CUBIC,Bola,HTTP/2
2025-05-02 11:11:03,stallRate,104.103999853134,1.87731541443384,TheEmptinessMachine,CUBIC,Bola,HTTP/2
2025-05-02 11:11:05,stallRate,106.103999853134,1.84119514638028,TheEmptinessMachine,CUBIC,Bola,HTTP/2
2025-05-02 11:11:07,stallRate,108.103999853134,1.80641980175938,TheEmptinessMachine,CUBIC,Bola,HTTP/2
2025-05-02 11:11:09,stallRate,110.103999853134,1.77297954281507,TheEmptinessMachine,CUBIC,Bola,HTTP/2
2025-05-02 11:11:11,stallRate,112.103999853134,1.74064516825772,TheEmptinessMachine,CUBIC,Bola,HTTP/2
2025-05-02 11:11:13,stallRate,114.102999925613,1.70961804217043,TheEmptinessMachine,CUBIC,Bola,HTTP/2
2025-05-02 11:11:15,stallRate,116.103999853134,1.67947913135688,TheEmptinessMachine,CUBIC,Bola,HTTP/2
2025-05-02 11:11:17,stallRate,118.103999853134,1.65026654885006,TheEmptinessMachine,CUBIC,Bola,HTTP/2
2025-05-02 11:11:19,stallRate,120.103999853134,1.62214322564912,TheEmptinessMachine,CUBIC,Bola,HTTP/2
2025-05-02 11:11:21,stallRate,122.103999853134,1.59503221254038,TheEmptinessMachine,CUBIC,Bola,HTTP/2
2025-05-02 11:11:23,stallRate,124.102999925613,1.56882325124444,TheEmptinessMachine,CUBIC,Bola,HTTP/2
2025-05-02 11:11:25,stallRate,126.103999853134,1.54355921913843,TheEmptinessMachine,CUBIC,Bola,HTTP/2
2025-05-02 11:11:27,stallRate,128.103999853134,1.51894088373561,TheEmptinessMachine,CUBIC,Bola,HTTP/2
2025-05-02 11:11:29,stallRate,130.103999853134,1.49527515029521,TheEmptinessMachine,CUBIC,Bola,HTTP/2
2025-05-02 11:11:31,stallRate,132.102999925613,1.47222541343358,TheEmptinessMachine,CUBIC,Bola,HTTP/2
2025-05-02 11:11:33,stallRate,134.103999853134,1.44986640600464,TheEmptinessMachine,CUBIC,Bola,HTTP/2
2025-05-02 11:11:35,stallRate,136.103999853134,1.4282291284829,TheEmptinessMachine,CUBIC,Bola,HTTP/2
2025-05-02 11:11:37,stallRate,138.103999853134,1.407228754965,TheEmptinessMachine,CUBIC,Bola,HTTP/2
2025-05-02 11:11:39,stallRate,140.103999853134,1.38684720287691,TheEmptinessMachine,CUBIC,Bola,HTTP/2
2025-05-02 11:11:41,stallRate,142.103999853134,1.36698210041573,TheEmptinessMachine,CUBIC,Bola,HTTP/2
2025-05-02 11:11:43,stallRate,144.103999853134,1.34776905634021,TheEmptinessMachine,CUBIC,Bola,HTTP/2
2025-05-02 11:11:45,stallRate,146.103999853134,1.32897306547927,TheEmptinessMachine,CUBIC,Bola,HTTP/2
2025-05-02 11:11:47,stallRate,148.103999853134,1.31070350616611,TheEmptinessMachine,CUBIC,Bola,HTTP/2
2025-05-02 11:11:49,stallRate,150.103999853134,1.29287311511669,TheEmptinessMachine,CUBIC,Bola,HTTP/2
2025-05-02 11:11:51,stallRate,152.103999853134,1.2755620397453,TheEmptinessMachine,CUBIC,Bola,HTTP/2
2025-05-02 11:11:53,stallRate,154.103999853134,1.25882420543245,TheEmptinessMachine,CUBIC,Bola,HTTP/2
2025-05-02 11:11:55,stallRate,156.103999853134,1.24245868869638,TheEmptinessMachine,CUBIC,Bola,HTTP/2
2025-05-02 11:11:57,stallRate,158.102999925613,1.22651536382339,TheEmptinessMachine,CUBIC,Bola,HTTP/2
2025-05-02 11:11:59,stallRate,160.102999925613,1.21095393341562,TheEmptinessMachine,CUBIC,Bola,HTTP/2
2025-05-02 11:12:01,stallRate,162.103999853134,1.19584775005447,TheEmptinessMachine,CUBIC,Bola,HTTP/2
2025-05-02 11:12:03,stallRate,164.103999853134,1.1810270533197,TheEmptinessMachine,CUBIC,Bola,HTTP/2
2025-05-02 11:12:05,stallRate,166.103999853134,1.16663465826451,TheEmptinessMachine,CUBIC,Bola,HTTP/2
2025-05-02 11:12:07,stallRate,168.103999853134,1.15255027205326,TheEmptinessMachine,CUBIC,Bola,HTTP/2
2025-05-02 11:12:09,stallRate,170.103999853134,1.13880518742165,TheEmptinessMachine,CUBIC,Bola,HTTP/2
2025-05-02 11:12:11,stallRate,172.103999853134,1.12529977545484,TheEmptinessMachine,CUBIC,Bola,HTTP/2
2025-05-02 11:12:13,stallRate,174.103999853134,1.11219205819117,TheEmptinessMachine,CUBIC,Bola,HTTP/2
2025-05-02 11:12:15,stallRate,176.103999853134,1.09940445055426,TheEmptinessMachine,CUBIC,Bola,HTTP/2
2025-05-02 11:12:17,stallRate,178.103999853134,1.08694340663224,TheEmptinessMachine,CUBIC,Bola,HTTP/2
2025-05-02 11:12:19,stallRate,180.103999853134,1.07466477065347,TheEmptinessMachine,CUBIC,Bola,HTTP/2
2025-05-02 11:12:21,stallRate,182.103999853134,1.06268440958282,TheEmptinessMachine,CUBIC,Bola,HTTP/2
2025-05-02 11:12:23,stallRate,184.103999853134,1.05100915842804,TheEmptinessMachine,CUBIC,Bola,HTTP/2
2025-05-02 11:12:25,stallRate,186.103999853134,1.03959211269173,TheEmptinessMachine,CUBIC,Bola,HTTP/2
2025-05-02 11:12:27,stallRate,188.103999853134,1.02842015085875,TheEmptinessMachine,CUBIC,Bola,HTTP/2
2025-05-02 11:12:29,stallRate,190.103999853134,1.01740998686926,TheEmptinessMachine,CUBIC,Bola,HTTP/2
2025-05-02 11:12:31,stallRate,192.102999925613,1.00674493151833,TheEmptinessMachine,CUBIC,Bola,HTTP/2
2025-05-02 11:12:35,stallRate,196.102999925613,0.985958833329514,TheEmptinessMachine,CUBIC,Bola,HTTP/2
2025-05-02 11:12:37,stallRate,198.103999853134,0.975901808757229,TheEmptinessMachine,CUBIC,Bola,HTTP/2
2025-05-02 11:12:39,stallRate,200.103999853134,0.966051453534492,TheEmptinessMachine,CUBIC,Bola,HTTP/2
2025-05-02 11:12:41,stallRate,202.103999853134,0.956320756213804,TheEmptinessMachine,CUBIC,Bola,HTTP/2
2025-05-02 11:12:45,stallRate,206.103999853134,0.937490987508372,TheEmptinessMachine,CUBIC,Bola,HTTP/2
2025-05-02 11:13:21,stallRate,6.09899997711182,0.0,TheEmptinessMachine,CUBIC,Bola,HTTP/3
2025-05-02 11:13:23,stallRate,8.09899997711182,0.0,TheEmptinessMachine,CUBIC,Bola,HTTP/3
2025-05-02 11:13:25,stallRate,10.0989999771118,0.0,TheEmptinessMachine,CUBIC,Bola,HTTP/3
2025-05-02 11:13:27,stallRate,12.0989999771118,0.0,TheEmptinessMachine,CUBIC,Bola,HTTP/3
2025-05-02 11:13:31,stallRate,16.0989999771118,17.9790202625805,TheEmptinessMachine,CUBIC,Bola,HTTP/3
2025-05-02 11:13:41,stallRate,26.0989999771118,11.9219248686145,TheEmptinessMachine,CUBIC,Bola,HTTP/3
2025-05-02 11:13:43,stallRate,28.0989999771118,10.695979205637,TheEmptinessMachine,CUBIC,Bola,HTTP/3
2025-05-02 11:13:45,stallRate,30.0989999771118,9.69847653747374,TheEmptinessMachine,CUBIC,Bola,HTTP/3
2025-05-02 11:13:47,stallRate,32.0989999771118,8.87158426542888,TheEmptinessMachine,CUBIC,Bola,HTTP/3
2025-05-02 11:13:49,stallRate,34.0989999771118,8.17233599103633,TheEmptinessMachine,CUBIC,Bola,HTTP/3
2025-05-02 11:13:51,stallRate,36.0989999771118,7.57800225563367,TheEmptinessMachine,CUBIC,Bola,HTTP/3
2025-05-02 11:13:53,stallRate,38.0999999046326,7.06117149593654,TheEmptinessMachine,CUBIC,Bola,HTTP/3
2025-05-02 11:13:57,stallRate,42.0999999046326,9.12422506868282,TheEmptinessMachine,CUBIC,Bola,HTTP/3
2025-05-02 11:13:59,stallRate,44.0989999771118,8.59689823668942,TheEmptinessMachine,CUBIC,Bola,HTTP/3
2025-05-02 11:14:01,stallRate,46.0989999771118,8.12542933389514,TheEmptinessMachine,CUBIC,Bola,HTTP/3
2025-05-02 11:14:03,stallRate,48.0999999046326,7.7028221846715,TheEmptinessMachine,CUBIC,Bola,HTTP/3
2025-05-02 11:14:05,stallRate,50.0989999771118,7.32283222654952,TheEmptinessMachine,CUBIC,Bola,HTTP/3
2025-05-02 11:14:07,stallRate,52.0989999771118,6.97941935713145,TheEmptinessMachine,CUBIC,Bola,HTTP/3
2025-05-02 11:14:09,stallRate,54.0989999771118,6.6648837201208,TheEmptinessMachine,CUBIC,Bola,HTTP/3
2025-05-02 11:14:11,stallRate,56.0989999771118,6.37949585910166,TheEmptinessMachine,CUBIC,Bola,HTTP/3
2025-05-02 11:14:13,stallRate,58.0989999771118,6.11699726403592,TheEmptinessMachine,CUBIC,Bola,HTTP/3
2025-05-02 11:14:15,stallRate,60.0989999771118,5.87468845909368,TheEmptinessMachine,CUBIC,Bola,HTTP/3
2025-05-02 11:14:17,stallRate,62.0989999771118,5.65114478254868,TheEmptinessMachine,CUBIC,Bola,HTTP/3
2025-05-02 11:14:19,stallRate,64.0989999771118,5.44441507713377,TheEmptinessMachine,CUBIC,Bola,HTTP/3
2025-05-02 11:14:21,stallRate,66.0989999771118,5.25221452935266,TheEmptinessMachine,CUBIC,Bola,HTTP/3
2025-05-02 11:14:25,stallRate,70.0989999771118,4.90615778719335,TheEmptinessMachine,CUBIC,Bola,HTTP/3
2025-05-02 11:14:27,stallRate,72.0989999771118,4.74864113712965,TheEmptinessMachine,CUBIC,Bola,HTTP/3
2025-05-02 11:14:29,stallRate,74.0999999046326,4.60120201775535,TheEmptinessMachine,CUBIC,Bola,HTTP/3
2025-05-02 11:14:33,stallRate,78.0989999771118,4.3331705412841,TheEmptinessMachine,CUBIC,Bola,HTTP/3
2025-05-02 11:14:35,stallRate,80.0999999046326,4.20965889745944,TheEmptinessMachine,CUBIC,Bola,HTTP/3
2025-05-02 11:14:37,stallRate,82.0989999771118,4.09392243923816,TheEmptinessMachine,CUBIC,Bola,HTTP/3
2025-05-02 11:14:39,stallRate,84.0989999771118,3.98400712139165,TheEmptinessMachine,CUBIC,Bola,HTTP/3
2025-05-02 11:14:41,stallRate,86.0989999771118,3.87985924133529,TheEmptinessMachine,CUBIC,Bola,HTTP/3
2025-05-02 11:14:47,stallRate,92.0989999771118,3.59834204041535,TheEmptinessMachine,CUBIC,Bola,HTTP/3
2025-05-02 11:14:49,stallRate,94.0989999771118,3.51342861799682,TheEmptinessMachine,CUBIC,Bola,HTTP/3
2025-05-02 11:14:51,stallRate,96.0989999771118,3.43241619148474,TheEmptinessMachine,CUBIC,Bola,HTTP/3
2025-05-02 11:14:53,stallRate,98.0989999771118,3.35458233579687,TheEmptinessMachine,CUBIC,Bola,HTTP/3
2025-05-02 11:14:55,stallRate,100.098999977112,3.28028029752073,TheEmptinessMachine,CUBIC,Bola,HTTP/3
2025-05-02 11:14:59,stallRate,104.098999977112,5.59223388622574,TheEmptinessMachine,CUBIC,Bola,HTTP/3
2025-05-02 11:15:01,stallRate,106.098999977112,5.47612221510048,TheEmptinessMachine,CUBIC,Bola,HTTP/3
2025-05-02 11:15:03,stallRate,108.098999977112,5.36477081018693,TheEmptinessMachine,CUBIC,Bola,HTTP/3
2025-05-02 11:15:05,stallRate,110.099999904633,5.25856225633181,TheEmptinessMachine,CUBIC,Bola,HTTP/3
2025-05-02 11:15:07,stallRate,112.098999977112,5.15588374569898,TheEmptinessMachine,CUBIC,Bola,HTTP/3
2025-05-02 11:15:09,stallRate,114.098999977112,5.05731461157297,TheEmptinessMachine,CUBIC,Bola,HTTP/3
2025-05-02 11:15:11,stallRate,116.098999977112,4.9624457252656,TheEmptinessMachine,CUBIC,Bola,HTTP/3
2025-05-02 11:15:13,stallRate,118.098999977112,4.87127035368722,TheEmptinessMachine,CUBIC,Bola,HTTP/3
2025-05-02 11:15:15,stallRate,120.098999977112,4.78280743089952,TheEmptinessMachine,CUBIC,Bola,HTTP/3
2025-05-02 11:15:17,stallRate,122.098999977112,4.69760351823832,TheEmptinessMachine,CUBIC,Bola,HTTP/3
2025-05-02 11:15:19,stallRate,124.099999904633,4.61552005239104,TheEmptinessMachine,CUBIC,Bola,HTTP/3
2025-05-02 11:15:21,stallRate,126.098999977112,4.53645438615023,TheEmptinessMachine,CUBIC,Bola,HTTP/3
2025-05-02 11:15:23,stallRate,128.099999904633,4.45957657317858,TheEmptinessMachine,CUBIC,Bola,HTTP/3
2025-05-02 11:15:25,stallRate,130.098999977112,4.38584048956948,TheEmptinessMachine,CUBIC,Bola,HTTP/3
2025-05-02 11:15:27,stallRate,132.098999977112,4.31413446151327,TheEmptinessMachine,CUBIC,Bola,HTTP/3
2025-05-02 11:15:29,stallRate,134.098999977112,4.24486911218923,TheEmptinessMachine,CUBIC,Bola,HTTP/3
2025-05-02 11:15:31,stallRate,136.098999977112,4.1775660768301,TheEmptinessMachine,CUBIC,Bola,HTTP/3
2025-05-02 11:15:33,stallRate,138.098999977112,4.11278657005885,TheEmptinessMachine,CUBIC,Bola,HTTP/3
2025-05-02 11:15:35,stallRate,140.098999977112,4.04998402992548,TheEmptinessMachine,CUBIC,Bola,HTTP/3
2025-05-02 11:15:37,stallRate,142.099999904633,3.98861353503621,TheEmptinessMachine,CUBIC,Bola,HTTP/3
2025-05-02 11:15:39,stallRate,144.098999977112,3.92933092835507,TheEmptinessMachine,CUBIC,Bola,HTTP/3
2025-05-02 11:15:41,stallRate,146.098999977112,3.87150531644384,TheEmptinessMachine,CUBIC,Bola,HTTP/3
2025-05-02 11:15:43,stallRate,148.099999904633,3.81595399785488,TheEmptinessMachine,CUBIC,Bola,HTTP/3
2025-05-02 11:15:45,stallRate,150.098999977112,3.76152536159124,TheEmptinessMachine,CUBIC,Bola,HTTP/3
2025-05-02 11:15:47,stallRate,152.098999977112,3.74225881960579,TheEmptinessMachine,CUBIC,Bola,HTTP/3
2025-05-02 11:15:49,stallRate,154.098999977112,3.69069220968708,TheEmptinessMachine,CUBIC,Bola,HTTP/3
2025-05-02 11:15:51,stallRate,156.098999977112,3.64029856856254,TheEmptinessMachine,CUBIC,Bola,HTTP/3
2025-05-02 11:15:53,stallRate,158.099999904633,3.59131625318023,TheEmptinessMachine,CUBIC,Bola,HTTP/3
2025-05-02 11:15:55,stallRate,160.098999977112,3.54354592541814,TheEmptinessMachine,CUBIC,Bola,HTTP/3
2025-05-02 11:15:57,stallRate,162.098999977112,3.49722669730946,TheEmptinessMachine,CUBIC,Bola,HTTP/3
2025-05-02 11:15:59,stallRate,164.098999977112,3.45184598897582,TheEmptinessMachine,CUBIC,Bola,HTTP/3
2025-05-02 11:16:01,stallRate,166.099999904633,3.40791129629869,TheEmptinessMachine,CUBIC,Bola,HTTP/3
2025-05-02 11:16:03,stallRate,168.098999977112,3.36490087262472,TheEmptinessMachine,CUBIC,Bola,HTTP/3
2025-05-02 11:16:05,stallRate,170.098999977112,3.32293432360786,TheEmptinessMachine,CUBIC,Bola,HTTP/3
2025-05-02 11:16:07,stallRate,172.098999977112,3.28190146810738,TheEmptinessMachine,CUBIC,Bola,HTTP/3
2025-05-02 11:16:09,stallRate,174.099999904633,3.24189791571831,TheEmptinessMachine,CUBIC,Bola,HTTP/3
2025-05-02 11:16:11,stallRate,176.098999977112,3.20293925425109,TheEmptinessMachine,CUBIC,Bola,HTTP/3
2025-05-02 11:16:13,stallRate,178.098999977112,3.16502334344983,TheEmptinessMachine,CUBIC,Bola,HTTP/3
2025-05-02 11:16:15,stallRate,180.098999977112,3.12777775839224,TheEmptinessMachine,CUBIC,Bola,HTTP/3
2025-05-02 11:16:17,stallRate,182.098999977112,3.09143759300098,TheEmptinessMachine,CUBIC,Bola,HTTP/3
2025-05-02 11:16:19,stallRate,184.098999977112,3.05606134533204,TheEmptinessMachine,CUBIC,Bola,HTTP/3
2025-05-02 11:16:21,stallRate,186.098999977112,3.0214745319274,TheEmptinessMachine,CUBIC,Bola,HTTP/3
2025-05-02 11:16:23,stallRate,188.098999977112,2.98769121577754,TheEmptinessMachine,CUBIC,Bola,HTTP/3
2025-05-02 11:16:25,stallRate,190.098999977112,2.95440548614361,TheEmptinessMachine,CUBIC,Bola,HTTP/3
2025-05-02 11:16:27,stallRate,192.098999977112,2.92218870051097,TheEmptinessMachine,CUBIC,Bola,HTTP/3
2025-05-02 11:16:29,stallRate,194.098999977112,2.89048043232986,TheEmptinessMachine,CUBIC,Bola,HTTP/3
2025-05-02 11:16:31,stallRate,196.098999977112,2.85951932179349,TheEmptinessMachine,CUBIC,Bola,HTTP/3
2025-05-02 11:16:33,stallRate,198.098999977112,2.82921764812543,TheEmptinessMachine,CUBIC,Bola,HTTP/3
2025-05-02 11:16:35,stallRate,200.098999977112,2.79955967761922,TheEmptinessMachine,CUBIC,Bola,HTTP/3
2025-05-02 11:16:37,stallRate,202.098999977112,2.77042887196046,TheEmptinessMachine,CUBIC,Bola,HTTP/3
2025-05-02 11:16:39,stallRate,204.098999977112,2.74189129978454,TheEmptinessMachine,CUBIC,Bola,HTTP/3
2025-05-02 11:16:41,stallRate,206.098999977112,2.71414189816111,TheEmptinessMachine,CUBIC,Bola,HTTP/3
2025-05-02 11:16:43,stallRate,208.098999977112,2.68674679489219,TheEmptinessMachine,CUBIC,Bola,HTTP/3
2025-05-02 11:16:45,stallRate,210.099999904633,2.65997364680436,TheEmptinessMachine,CUBIC,Bola,HTTP/3
2025-05-02 11:16:47,stallRate,212.098999977112,3.01928791523529,TheEmptinessMachine,CUBIC,Bola,HTTP/3
2025-05-02 11:17:17,stallRate,4.30999994277954,0.0,TheEmptinessMachine,CUBIC,Festive,HTTP/1.1
2025-05-02 11:17:19,stallRate,6.30900001525879,0.0,TheEmptinessMachine,CUBIC,Festive,HTTP/1.1
2025-05-02 11:17:21,stallRate,8.30900001525879,0.0,TheEmptinessMachine,CUBIC,Festive,HTTP/1.1
2025-05-02 11:17:27,stallRate,14.3090000152588,56.8558272958814,TheEmptinessMachine,CUBIC,Festive,HTTP/1.1
2025-05-02 11:17:29,stallRate,16.3090000152588,47.5392749559426,TheEmptinessMachine,CUBIC,Festive,HTTP/1.1
2025-05-02 11:17:33,stallRate,20.3090000152588,42.5033837585038,TheEmptinessMachine,CUBIC,Festive,HTTP/1.1
2025-05-02 11:17:35,stallRate,22.3139998912811,41.4123436114742,TheEmptinessMachine,CUBIC,Festive,HTTP/1.1
2025-05-02 11:17:37,stallRate,24.3090000152588,40.1854358159088,TheEmptinessMachine,CUBIC,Festive,HTTP/1.1
2025-05-02 11:17:39,stallRate,26.3099999427795,36.4293931883318,TheEmptinessMachine,CUBIC,Festive,HTTP/1.1
2025-05-02 11:17:41,stallRate,28.3099999427795,33.3203042485444,TheEmptinessMachine,CUBIC,Festive,HTTP/1.1
2025-05-02 11:17:45,stallRate,32.3090000152588,30.2765171810282,TheEmptinessMachine,CUBIC,Festive,HTTP/1.1
2025-05-02 11:17:47,stallRate,34.3099999427795,28.2287689175908,TheEmptinessMachine,CUBIC,Festive,HTTP/1.1
2025-05-02 11:17:51,stallRate,38.3090000152588,29.4206213544871,TheEmptinessMachine,CUBIC,Festive,HTTP/1.1
2025-05-02 11:17:53,stallRate,40.3090000152588,28.9963552305755,TheEmptinessMachine,CUBIC,Festive,HTTP/1.1
2025-05-02 11:17:55,stallRate,42.3090000152588,27.4469279012652,TheEmptinessMachine,CUBIC,Festive,HTTP/1.1
2025-05-02 11:17:57,stallRate,44.3090000152588,26.0545983644468,TheEmptinessMachine,CUBIC,Festive,HTTP/1.1
2025-05-02 11:17:59,stallRate,46.3099999427795,24.7874504925216,TheEmptinessMachine,CUBIC,Festive,HTTP/1.1
2025-05-02 11:18:01,stallRate,48.3090000152588,23.6507961935374,TheEmptinessMachine,CUBIC,Festive,HTTP/1.1
2025-05-02 11:18:03,stallRate,50.3090000152588,22.6070756301314,TheEmptinessMachine,CUBIC,Festive,HTTP/1.1
2025-05-02 11:18:05,stallRate,52.3090000152588,21.9587517991698,TheEmptinessMachine,CUBIC,Festive,HTTP/1.1
2025-05-02 11:18:07,stallRate,54.3090000152588,21.0717731447806,TheEmptinessMachine,CUBIC,Festive,HTTP/1.1
2025-05-02 11:18:09,stallRate,56.3090000152588,20.2536583503021,TheEmptinessMachine,CUBIC,Festive,HTTP/1.1
2025-05-02 11:18:11,stallRate,58.3099999427795,19.4913425271331,TheEmptinessMachine,CUBIC,Festive,HTTP/1.1
2025-05-02 11:18:13,stallRate,60.3090000152588,18.7874960888835,TheEmptinessMachine,CUBIC,Festive,HTTP/1.1
2025-05-02 11:18:15,stallRate,62.3090000152588,18.915870443953,TheEmptinessMachine,CUBIC,Festive,HTTP/1.1
2025-05-02 11:18:17,stallRate,64.3090000152588,18.280785466083,TheEmptinessMachine,CUBIC,Festive,HTTP/1.1
2025-05-02 11:18:19,stallRate,66.3090000152588,17.7289851074513,TheEmptinessMachine,CUBIC,Festive,HTTP/1.1
2025-05-02 11:18:21,stallRate,68.3099999427795,17.1682000543174,TheEmptinessMachine,CUBIC,Festive,HTTP/1.1
2025-05-02 11:18:23,stallRate,70.3090000152588,16.6407281392185,TheEmptinessMachine,CUBIC,Festive,HTTP/1.1
2025-05-02 11:18:25,stallRate,72.3090000152588,18.0895282447678,TheEmptinessMachine,CUBIC,Festive,HTTP/1.1
2025-05-02 11:18:27,stallRate,74.3090000152588,17.8518859820665,TheEmptinessMachine,CUBIC,Festive,HTTP/1.1
2025-05-02 11:18:29,stallRate,76.3099999427795,17.3524861412399,TheEmptinessMachine,CUBIC,Festive,HTTP/1.1
2025-05-02 11:18:31,stallRate,78.3090000152588,17.0148747973007,TheEmptinessMachine,CUBIC,Festive,HTTP/1.1
2025-05-02 11:18:33,stallRate,80.3090000152588,16.5624236152519,TheEmptinessMachine,CUBIC,Festive,HTTP/1.1
2025-05-02 11:18:35,stallRate,82.3090000152588,16.1334900791659,TheEmptinessMachine,CUBIC,Festive,HTTP/1.1
2025-05-02 11:18:37,stallRate,84.3099999427795,15.7249637395886,TheEmptinessMachine,CUBIC,Festive,HTTP/1.1
2025-05-02 11:18:39,stallRate,86.3090000152588,15.3375759474203,TheEmptinessMachine,CUBIC,Festive,HTTP/1.1
2025-05-02 11:18:41,stallRate,88.3090000152588,14.971353811035,TheEmptinessMachine,CUBIC,Festive,HTTP/1.1
2025-05-02 11:18:43,stallRate,90.3090000152588,14.6206637052537,TheEmptinessMachine,CUBIC,Festive,HTTP/1.1
2025-05-02 11:18:45,stallRate,92.3090000152588,14.2863399162886,TheEmptinessMachine,CUBIC,Festive,HTTP/1.1
2025-05-02 11:18:47,stallRate,94.3090000152588,13.967589176189,TheEmptinessMachine,CUBIC,Festive,HTTP/1.1
2025-05-02 11:18:49,stallRate,96.3090000152588,13.6624215344279,TheEmptinessMachine,CUBIC,Festive,HTTP/1.1
2025-05-02 11:18:51,stallRate,98.3099999427795,13.3686609630714,TheEmptinessMachine,CUBIC,Festive,HTTP/1.1
2025-05-02 11:18:53,stallRate,100.309000015259,13.0904023179422,TheEmptinessMachine,CUBIC,Festive,HTTP/1.1
2025-05-02 11:18:55,stallRate,102.309000015259,12.8208829965083,TheEmptinessMachine,CUBIC,Festive,HTTP/1.1
2025-05-02 11:18:57,stallRate,104.309000015259,12.5623974462274,TheEmptinessMachine,CUBIC,Festive,HTTP/1.1
2025-05-02 11:18:59,stallRate,106.309000015259,12.3138002067427,TheEmptinessMachine,CUBIC,Festive,HTTP/1.1
2025-05-02 11:19:01,stallRate,108.309000015259,12.0762461260238,TheEmptinessMachine,CUBIC,Festive,HTTP/1.1
2025-05-02 11:19:03,stallRate,110.309000015259,11.8465589894491,TheEmptinessMachine,CUBIC,Festive,HTTP/1.1
2025-05-02 11:19:05,stallRate,112.30999994278,11.6266462111475,TheEmptinessMachine,CUBIC,Festive,HTTP/1.1
2025-05-02 11:19:07,stallRate,114.309000015259,11.413974689071,TheEmptinessMachine,CUBIC,Festive,HTTP/1.1
2025-05-02 11:19:09,stallRate,116.309000015259,11.2089883866587,TheEmptinessMachine,CUBIC,Festive,HTTP/1.1
2025-05-02 11:19:11,stallRate,118.30999994278,11.0104500569992,TheEmptinessMachine,CUBIC,Festive,HTTP/1.1
2025-05-02 11:19:13,stallRate,120.309000015259,10.8201409638891,TheEmptinessMachine,CUBIC,Festive,HTTP/1.1
2025-05-02 11:19:15,stallRate,122.30999994278,10.6363910601891,TheEmptinessMachine,CUBIC,Festive,HTTP/1.1
2025-05-02 11:19:19,stallRate,126.309000015259,10.5267650776059,TheEmptinessMachine,CUBIC,Festive,HTTP/1.1
2025-05-02 11:19:21,stallRate,128.30999994278,10.356267967373,TheEmptinessMachine,CUBIC,Festive,HTTP/1.1
2025-05-02 11:19:23,stallRate,130.30999994278,10.1915838733662,TheEmptinessMachine,CUBIC,Festive,HTTP/1.1
2025-05-02 11:19:25,stallRate,132.309000015259,10.0309927187123,TheEmptinessMachine,CUBIC,Festive,HTTP/1.1
2025-05-02 11:19:27,stallRate,134.309000015259,10.0725325852408,TheEmptinessMachine,CUBIC,Festive,HTTP/1.1
2025-05-02 11:19:29,stallRate,136.309000015259,9.91937071661184,TheEmptinessMachine,CUBIC,Festive,HTTP/1.1
2025-05-02 11:19:31,stallRate,138.309000015259,9.77087407916192,TheEmptinessMachine,CUBIC,Festive,HTTP/1.1
2025-05-02 11:19:35,stallRate,142.309000015259,10.1561932115545,TheEmptinessMachine,CUBIC,Festive,HTTP/1.1
2025-05-02 11:19:37,stallRate,144.309000015259,10.0112479739646,TheEmptinessMachine,CUBIC,Festive,HTTP/1.1
2025-05-02 11:19:39,stallRate,146.309000015259,9.86953650375894,TheEmptinessMachine,CUBIC,Festive,HTTP/1.1
2025-05-02 11:19:41,stallRate,148.309000015259,9.73115188042985,TheEmptinessMachine,CUBIC,Festive,HTTP/1.1
2025-05-02 11:19:43,stallRate,150.309000015259,9.59683325399975,TheEmptinessMachine,CUBIC,Festive,HTTP/1.1
2025-05-02 11:19:45,stallRate,152.309000015259,9.46649893511758,TheEmptinessMachine,CUBIC,Festive,HTTP/1.1
2025-05-02 11:19:47,stallRate,154.309000015259,9.33962482247625,TheEmptinessMachine,CUBIC,Festive,HTTP/1.1
2025-05-02 11:19:49,stallRate,156.309000015259,9.21664472569823,TheEmptinessMachine,CUBIC,Festive,HTTP/1.1
2025-05-02 11:19:51,stallRate,158.30999994278,9.0960822099546,TheEmptinessMachine,CUBIC,Festive,HTTP/1.1
2025-05-02 11:19:53,stallRate,160.309000015259,8.97898028224343,TheEmptinessMachine,CUBIC,Festive,HTTP/1.1
2025-05-02 11:19:55,stallRate,162.309000015259,8.86500062875124,TheEmptinessMachine,CUBIC,Festive,HTTP/1.1
2025-05-02 11:19:57,stallRate,164.309000015259,8.75389701890035,TheEmptinessMachine,CUBIC,Festive,HTTP/1.1
2025-05-02 11:19:59,stallRate,166.309000015259,8.64524817476235,TheEmptinessMachine,CUBIC,Festive,HTTP/1.1
2025-05-02 11:20:01,stallRate,168.309000015259,8.53981360199014,TheEmptinessMachine,CUBIC,Festive,HTTP/1.1
2025-05-02 11:20:03,stallRate,170.309000015259,8.43696570785762,TheEmptinessMachine,CUBIC,Festive,HTTP/1.1
2025-05-02 11:20:05,stallRate,172.309000015259,8.33568429291957,TheEmptinessMachine,CUBIC,Festive,HTTP/1.1
2025-05-02 11:20:07,stallRate,174.30999994278,8.23726077527781,TheEmptinessMachine,CUBIC,Festive,HTTP/1.1
2025-05-02 11:20:09,stallRate,176.309000015259,8.14128676936797,TheEmptinessMachine,CUBIC,Festive,HTTP/1.1
2025-05-02 11:20:11,stallRate,178.309000015259,8.04762985197825,TheEmptinessMachine,CUBIC,Festive,HTTP/1.1
2025-05-02 11:20:13,stallRate,180.309000015259,7.95548532125689,TheEmptinessMachine,CUBIC,Festive,HTTP/1.1
2025-05-02 11:20:15,stallRate,182.309000015259,7.86560448021435,TheEmptinessMachine,CUBIC,Festive,HTTP/1.1
2025-05-02 11:20:17,stallRate,184.30999994278,7.77830559101558,TheEmptinessMachine,CUBIC,Festive,HTTP/1.1
2025-05-02 11:20:19,stallRate,186.309000015259,7.69256082211966,TheEmptinessMachine,CUBIC,Festive,HTTP/1.1
2025-05-02 11:20:21,stallRate,188.309000015259,7.60868373928181,TheEmptinessMachine,CUBIC,Festive,HTTP/1.1
2025-05-02 11:20:23,stallRate,190.309000015259,7.52680322073419,TheEmptinessMachine,CUBIC,Festive,HTTP/1.1
2025-05-02 11:20:25,stallRate,192.309000015259,8.15991137990662,TheEmptinessMachine,CUBIC,Festive,HTTP/1.1
2025-05-02 11:20:29,stallRate,196.30999994278,8.88734391030845,TheEmptinessMachine,CUBIC,Festive,HTTP/1.1
2025-05-02 11:20:31,stallRate,198.30999994278,9.18884263735489,TheEmptinessMachine,CUBIC,Festive,HTTP/1.1
2025-05-02 11:20:33,stallRate,200.309000015259,9.09487383912349,TheEmptinessMachine,CUBIC,Festive,HTTP/1.1
2025-05-02 11:20:35,stallRate,202.309000015259,9.00287581187223,TheEmptinessMachine,CUBIC,Festive,HTTP/1.1
2025-05-02 11:20:37,stallRate,204.309000015259,8.91273237396312,TheEmptinessMachine,CUBIC,Festive,HTTP/1.1
2025-05-02 11:20:39,stallRate,206.309000015259,8.87269444336604,TheEmptinessMachine,CUBIC,Festive,HTTP/1.1
2025-05-02 11:20:41,stallRate,208.309000015259,8.78524028932411,TheEmptinessMachine,CUBIC,Festive,HTTP/1.1
2025-05-02 11:21:14,stallRate,4.10800004005432,0.0,TheEmptinessMachine,CUBIC,Festive,HTTP/2
2025-05-02 11:21:16,stallRate,6.10800004005432,0.0,TheEmptinessMachine,CUBIC,Festive,HTTP/2
2025-05-02 11:21:18,stallRate,8.10800004005432,0.0,TheEmptinessMachine,CUBIC,Festive,HTTP/2
2025-05-02 11:21:24,stallRate,14.1080000400543,35.2211414661604,TheEmptinessMachine,CUBIC,Festive,HTTP/2
2025-05-02 11:21:26,stallRate,16.1080000400543,32.1900770889938,TheEmptinessMachine,CUBIC,Festive,HTTP/2
2025-05-02 11:21:30,stallRate,20.1080000400543,38.7688744069823,TheEmptinessMachine,CUBIC,Festive,HTTP/2
2025-05-02 11:21:32,stallRate,22.1080000400543,34.4612661025831,TheEmptinessMachine,CUBIC,Festive,HTTP/2
2025-05-02 11:21:42,stallRate,32.1080000400543,45.3582716664553,TheEmptinessMachine,CUBIC,Festive,HTTP/2
2025-05-02 11:21:44,stallRate,34.1080000400543,41.7105536605028,TheEmptinessMachine,CUBIC,Festive,HTTP/2
2025-05-02 11:21:46,stallRate,36.1080000400543,38.5905893448615,TheEmptinessMachine,CUBIC,Festive,HTTP/2
2025-05-02 11:21:48,stallRate,38.1070001125336,35.9071549950139,TheEmptinessMachine,CUBIC,Festive,HTTP/2
2025-05-02 11:21:50,stallRate,40.1080000400543,33.5781678380455,TheEmptinessMachine,CUBIC,Festive,HTTP/2
2025-05-02 11:21:56,stallRate,46.1080000400543,39.1248551655398,TheEmptinessMachine,CUBIC,Festive,HTTP/2
2025-05-02 11:21:58,stallRate,48.1080000400543,37.0857738748246,TheEmptinessMachine,CUBIC,Festive,HTTP/2
2025-05-02 11:22:00,stallRate,50.1080000400543,35.2363786654469,TheEmptinessMachine,CUBIC,Festive,HTTP/2
2025-05-02 11:22:02,stallRate,52.1080000400543,37.3550310928293,TheEmptinessMachine,CUBIC,Festive,HTTP/2
2025-05-02 11:22:04,stallRate,54.1080000400543,35.6672318456854,TheEmptinessMachine,CUBIC,Festive,HTTP/2
2025-05-02 11:22:06,stallRate,56.1080000400543,34.1260711955401,TheEmptinessMachine,CUBIC,Festive,HTTP/2
2025-05-02 11:22:08,stallRate,58.1090002059937,32.7146371504499,TheEmptinessMachine,CUBIC,Festive,HTTP/2
2025-05-02 11:22:10,stallRate,60.1080000400543,31.413512468878,TheEmptinessMachine,CUBIC,Festive,HTTP/2
2025-05-02 11:22:12,stallRate,62.1080000400543,30.2133452659642,TheEmptinessMachine,CUBIC,Festive,HTTP/2
2025-05-02 11:22:14,stallRate,64.1080000400543,29.4671415113686,TheEmptinessMachine,CUBIC,Festive,HTTP/2
2025-05-02 11:22:16,stallRate,66.1080000400543,28.4241757131565,TheEmptinessMachine,CUBIC,Festive,HTTP/2
2025-05-02 11:22:18,stallRate,68.1080000400543,27.7361515565953,TheEmptinessMachine,CUBIC,Festive,HTTP/2
2025-05-02 11:22:20,stallRate,70.1080000400543,26.8303064787796,TheEmptinessMachine,CUBIC,Festive,HTTP/2
2025-05-02 11:22:22,stallRate,72.1080000400543,25.9640680124109,TheEmptinessMachine,CUBIC,Festive,HTTP/2
2025-05-02 11:22:24,stallRate,74.1080000400543,25.157909526251,TheEmptinessMachine,CUBIC,Festive,HTTP/2
2025-05-02 11:22:26,stallRate,76.1080000400543,24.3981544306521,TheEmptinessMachine,CUBIC,Festive,HTTP/2
2025-05-02 11:22:28,stallRate,78.1080000400543,23.6817171560557,TheEmptinessMachine,CUBIC,Festive,HTTP/2
2025-05-02 11:22:30,stallRate,80.1080000400543,23.007238773719,TheEmptinessMachine,CUBIC,Festive,HTTP/2
2025-05-02 11:22:32,stallRate,82.1080000400543,22.37140426219,TheEmptinessMachine,CUBIC,Festive,HTTP/2
2025-05-02 11:22:34,stallRate,84.1080000400543,21.7697239322015,TheEmptinessMachine,CUBIC,Festive,HTTP/2
2025-05-02 11:22:36,stallRate,86.1080000400543,21.1961330150498,TheEmptinessMachine,CUBIC,Festive,HTTP/2
2025-05-02 11:22:38,stallRate,88.1070001125336,20.6503297939935,TheEmptinessMachine,CUBIC,Festive,HTTP/2
2025-05-02 11:22:40,stallRate,90.1080000400543,20.1362164036996,TheEmptinessMachine,CUBIC,Festive,HTTP/2
2025-05-02 11:22:42,stallRate,92.1080000400543,19.648104516733,TheEmptinessMachine,CUBIC,Festive,HTTP/2
2025-05-02 11:22:44,stallRate,94.1080000400543,19.1796287764357,TheEmptinessMachine,CUBIC,Festive,HTTP/2
2025-05-02 11:22:46,stallRate,96.1080000400543,18.734833541943,TheEmptinessMachine,CUBIC,Festive,HTTP/2
2025-05-02 11:22:48,stallRate,98.1080000400543,18.310339110956,TheEmptinessMachine,CUBIC,Festive,HTTP/2
2025-05-02 11:22:50,stallRate,100.108000040054,17.9059114760141,TheEmptinessMachine,CUBIC,Festive,HTTP/2
2025-05-02 11:22:52,stallRate,102.108000040054,17.5160842019928,TheEmptinessMachine,CUBIC,Festive,HTTP/2
2025-05-02 11:22:54,stallRate,104.107000112534,17.1436533567394,TheEmptinessMachine,CUBIC,Festive,HTTP/2
2025-05-02 11:22:56,stallRate,106.108000040054,16.788757164401,TheEmptinessMachine,CUBIC,Festive,HTTP/2
2025-05-02 11:22:58,stallRate,108.108000040054,16.4468411044706,TheEmptinessMachine,CUBIC,Festive,HTTP/2
2025-05-02 11:23:00,stallRate,110.108000040054,16.1187963225163,TheEmptinessMachine,CUBIC,Festive,HTTP/2
2025-05-02 11:23:02,stallRate,112.108000040054,15.8040849140106,TheEmptinessMachine,CUBIC,Festive,HTTP/2
2025-05-02 11:23:04,stallRate,114.108000040054,15.501331303624,TheEmptinessMachine,CUBIC,Festive,HTTP/2
2025-05-02 11:23:06,stallRate,116.108000040054,15.2083442431871,TheEmptinessMachine,CUBIC,Festive,HTTP/2
2025-05-02 11:23:08,stallRate,118.108000040054,14.9280918657593,TheEmptinessMachine,CUBIC,Festive,HTTP/2
2025-05-02 11:23:10,stallRate,120.108000040054,14.6568736252207,TheEmptinessMachine,CUBIC,Festive,HTTP/2
2025-05-02 11:23:12,stallRate,122.108000040054,14.3956339279392,TheEmptinessMachine,CUBIC,Festive,HTTP/2
2025-05-02 11:23:14,stallRate,124.108000040054,14.142563217066,TheEmptinessMachine,CUBIC,Festive,HTTP/2
2025-05-02 11:23:16,stallRate,126.108000040054,13.8999908314885,TheEmptinessMachine,CUBIC,Festive,HTTP/2
2025-05-02 11:23:18,stallRate,128.108000040054,13.6655791919859,TheEmptinessMachine,CUBIC,Festive,HTTP/2
2025-05-02 11:23:20,stallRate,130.108000040054,13.4372395713662,TheEmptinessMachine,CUBIC,Festive,HTTP/2
2025-05-02 11:23:22,stallRate,132.108000040054,13.2186426241848,TheEmptinessMachine,CUBIC,Festive,HTTP/2
2025-05-02 11:23:28,stallRate,138.108000040054,15.9356736684859,TheEmptinessMachine,CUBIC,Festive,HTTP/2
2025-05-02 11:23:34,stallRate,144.108000040054,17.6873573080801,TheEmptinessMachine,CUBIC,Festive,HTTP/2
2025-05-02 11:23:36,stallRate,146.108000040054,17.4277808688334,TheEmptinessMachine,CUBIC,Festive,HTTP/2
2025-05-02 11:23:38,stallRate,148.108000040054,17.1762591162797,TheEmptinessMachine,CUBIC,Festive,HTTP/2
2025-05-02 11:23:40,stallRate,150.108000040054,16.9301114961124,TheEmptinessMachine,CUBIC,Festive,HTTP/2
2025-05-02 11:23:42,stallRate,152.107000112534,16.6927851590144,TheEmptinessMachine,CUBIC,Festive,HTTP/2
2025-05-02 11:23:44,stallRate,154.109000205994,16.4611852508349,TheEmptinessMachine,CUBIC,Festive,HTTP/2
2025-05-02 11:23:46,stallRate,156.108000040054,16.2357289136729,TheEmptinessMachine,CUBIC,Festive,HTTP/2
2025-05-02 11:23:48,stallRate,158.108000040054,16.0176734757305,TheEmptinessMachine,CUBIC,Festive,HTTP/2
2025-05-02 11:23:50,stallRate,160.108000040054,15.803872121428,TheEmptinessMachine,CUBIC,Festive,HTTP/2
2025-05-02 11:23:52,stallRate,162.108000040054,15.5961860058594,TheEmptinessMachine,CUBIC,Festive,HTTP/2
2025-05-02 11:23:54,stallRate,164.108000040054,15.3941004986871,TheEmptinessMachine,CUBIC,Festive,HTTP/2
2025-05-02 11:23:56,stallRate,166.108000040054,15.1973586314493,TheEmptinessMachine,CUBIC,Festive,HTTP/2
2025-05-02 11:23:58,stallRate,168.108000040054,15.0044902453814,TheEmptinessMachine,CUBIC,Festive,HTTP/2
2025-05-02 11:24:00,stallRate,170.108000040054,14.8166449594349,TheEmptinessMachine,CUBIC,Festive,HTTP/2
2025-05-02 11:24:02,stallRate,172.108000040054,14.6339374380155,TheEmptinessMachine,CUBIC,Festive,HTTP/2
2025-05-02 11:24:04,stallRate,174.108000040054,14.4557157542955,TheEmptinessMachine,CUBIC,Festive,HTTP/2
2025-05-02 11:24:06,stallRate,176.108000040054,14.2819728602394,TheEmptinessMachine,CUBIC,Festive,HTTP/2
2025-05-02 11:24:08,stallRate,178.108000040054,14.3511759226893,TheEmptinessMachine,CUBIC,Festive,HTTP/2
2025-05-02 11:24:12,stallRate,182.109000205994,15.4932281274722,TheEmptinessMachine,CUBIC,Festive,HTTP/2
2025-05-02 11:24:14,stallRate,184.108000040054,15.8601321860329,TheEmptinessMachine,CUBIC,Festive,HTTP/2
2025-05-02 11:24:22,stallRate,192.108000040054,15.5614428085563,TheEmptinessMachine,CUBIC,Festive,HTTP/2
2025-05-02 11:24:26,stallRate,196.108000040054,15.686603987421,TheEmptinessMachine,CUBIC,Festive,HTTP/2
2025-05-02 11:24:28,stallRate,198.108000040054,15.661081870882,TheEmptinessMachine,CUBIC,Festive,HTTP/2
2025-05-02 11:24:30,stallRate,200.108000040054,15.4913494619353,TheEmptinessMachine,CUBIC,Festive,HTTP/2
2025-05-02 11:24:32,stallRate,202.108000040054,15.3261275585024,TheEmptinessMachine,CUBIC,Festive,HTTP/2
2025-05-02 11:24:34,stallRate,204.108000040054,15.163513727808,TheEmptinessMachine,CUBIC,Festive,HTTP/2
2025-05-02 11:24:36,stallRate,206.108000040054,15.0045145796448,TheEmptinessMachine,CUBIC,Festive,HTTP/2
2025-05-02 11:24:38,stallRate,208.108000040054,14.8483839085835,TheEmptinessMachine,CUBIC,Festive,HTTP/2
2025-05-02 11:24:40,stallRate,210.108000040054,14.6962716309266,TheEmptinessMachine,CUBIC,Festive,HTTP/2
2025-05-02 11:24:42,stallRate,212.108000040054,14.5463356407322,TheEmptinessMachine,CUBIC,Festive,HTTP/2
2025-05-02 11:24:44,stallRate,214.108000040054,14.4003853036399,TheEmptinessMachine,CUBIC,Festive,HTTP/2
2025-05-02 11:24:46,stallRate,216.108000040054,14.2567149294362,TheEmptinessMachine,CUBIC,Festive,HTTP/2
2025-05-02 11:24:48,stallRate,218.108000040054,14.1159157061955,TheEmptinessMachine,CUBIC,Festive,HTTP/2
2025-05-02 11:25:12,stallRate,4.12199997901917,0.0,TheEmptinessMachine,CUBIC,Festive,HTTP/3
2025-05-02 11:25:14,stallRate,6.12100005149841,0.0,TheEmptinessMachine,CUBIC,Festive,HTTP/3
2025-05-02 11:25:16,stallRate,8.12100005149841,26.644570464519,TheEmptinessMachine,CUBIC,Festive,HTTP/3
2025-05-02 11:25:20,stallRate,12.1210000514984,21.93685880581,TheEmptinessMachine,CUBIC,Festive,HTTP/3
2025-05-02 11:25:22,stallRate,14.1210000514984,17.8872876615824,TheEmptinessMachine,CUBIC,Festive,HTTP/3
2025-05-02 11:25:24,stallRate,16.1210000514984,15.0397218527012,TheEmptinessMachine,CUBIC,Festive,HTTP/3
2025-05-02 11:25:26,stallRate,18.1210000514984,12.9803750496974,TheEmptinessMachine,CUBIC,Festive,HTTP/3
2025-05-02 11:25:30,stallRate,22.1210000514984,13.2244674861961,TheEmptinessMachine,CUBIC,Festive,HTTP/3
2025-05-02 11:25:32,stallRate,24.1210000514984,11.904150936312,TheEmptinessMachine,CUBIC,Festive,HTTP/3
2025-05-02 11:25:34,stallRate,26.1210000514984,10.8239457523551,TheEmptinessMachine,CUBIC,Festive,HTTP/3
2025-05-02 11:25:36,stallRate,28.1210000514984,9.92455319920934,TheEmptinessMachine,CUBIC,Festive,HTTP/3
2025-05-02 11:25:38,stallRate,30.1210000514984,9.16445131799344,TheEmptinessMachine,CUBIC,Festive,HTTP/3
2025-05-02 11:25:40,stallRate,32.1210000514984,8.51275193511581,TheEmptinessMachine,CUBIC,Festive,HTTP/3
2025-05-02 11:25:42,stallRate,34.1210000514984,7.94814134938197,TheEmptinessMachine,CUBIC,Festive,HTTP/3
2025-05-02 11:25:44,stallRate,36.1210000514984,7.45299361199913,TheEmptinessMachine,CUBIC,Festive,HTTP/3
2025-05-02 11:25:46,stallRate,38.1210000514984,7.01384583182974,TheEmptinessMachine,CUBIC,Festive,HTTP/3
2025-05-02 11:25:48,stallRate,40.1210000514984,6.62387521071725,TheEmptinessMachine,CUBIC,Festive,HTTP/3
2025-05-02 11:25:50,stallRate,42.1210000514984,6.27619231962639,TheEmptinessMachine,CUBIC,Festive,HTTP/3
2025-05-02 11:25:52,stallRate,44.1210000514984,5.96320731683274,TheEmptinessMachine,CUBIC,Festive,HTTP/3
2025-05-02 11:25:54,stallRate,46.1280000209808,5.67957379556104,TheEmptinessMachine,CUBIC,Festive,HTTP/3
2025-05-02 11:25:58,stallRate,50.1210000514984,6.48870275738386,TheEmptinessMachine,CUBIC,Festive,HTTP/3
2025-05-02 11:26:00,stallRate,52.1210000514984,6.66803199739139,TheEmptinessMachine,CUBIC,Festive,HTTP/3
2025-05-02 11:26:02,stallRate,54.1210000514984,6.40030154077482,TheEmptinessMachine,CUBIC,Festive,HTTP/3
2025-05-02 11:26:04,stallRate,56.1210000514984,6.15332893696278,TheEmptinessMachine,CUBIC,Festive,HTTP/3
2025-05-02 11:26:06,stallRate,58.1210000514984,5.92389907378724,TheEmptinessMachine,CUBIC,Festive,HTTP/3
2025-05-02 11:26:08,stallRate,60.1219999790192,5.71229916782136,TheEmptinessMachine,CUBIC,Festive,HTTP/3
2025-05-02 11:26:10,stallRate,62.1210000514984,5.51556233960514,TheEmptinessMachine,CUBIC,Festive,HTTP/3
2025-05-02 11:26:12,stallRate,64.1210000514984,5.3314190721194,TheEmptinessMachine,CUBIC,Festive,HTTP/3
2025-05-02 11:26:14,stallRate,66.1210000514984,5.15965627660123,TheEmptinessMachine,CUBIC,Festive,HTTP/3
2025-05-02 11:26:16,stallRate,68.1219999790192,4.99765381576861,TheEmptinessMachine,CUBIC,Festive,HTTP/3
2025-05-02 11:26:18,stallRate,70.1219999790192,4.84560265096455,TheEmptinessMachine,CUBIC,Festive,HTTP/3
2025-05-02 11:26:20,stallRate,72.1210000514984,4.70294672375817,TheEmptinessMachine,CUBIC,Festive,HTTP/3
2025-05-02 11:26:22,stallRate,74.1210000514984,4.56834900652497,TheEmptinessMachine,CUBIC,Festive,HTTP/3
2025-05-02 11:26:24,stallRate,76.1210000514984,4.44091881759483,TheEmptinessMachine,CUBIC,Festive,HTTP/3
2025-05-02 11:26:26,stallRate,78.1210000514984,4.32041278902369,TheEmptinessMachine,CUBIC,Festive,HTTP/3
2025-05-02 11:26:28,stallRate,80.1210000514984,4.20712071585488,TheEmptinessMachine,CUBIC,Festive,HTTP/3
2025-05-02 11:26:30,stallRate,82.1219999790192,4.09882893214065,TheEmptinessMachine,CUBIC,Festive,HTTP/3
2025-05-02 11:26:32,stallRate,84.1210000514984,5.03094258744825,TheEmptinessMachine,CUBIC,Festive,HTTP/3
2025-05-02 11:26:34,stallRate,86.1210000514984,4.97921555589526,TheEmptinessMachine,CUBIC,Festive,HTTP/3
2025-05-02 11:26:36,stallRate,88.1210000514984,4.8603861181109,TheEmptinessMachine,CUBIC,Festive,HTTP/3
2025-05-02 11:26:38,stallRate,90.1210000514984,4.746617621396,TheEmptinessMachine,CUBIC,Festive,HTTP/3
2025-05-02 11:26:40,stallRate,92.1210000514984,4.63889612332752,TheEmptinessMachine,CUBIC,Festive,HTTP/3
2025-05-02 11:26:42,stallRate,94.1210000514984,4.53528741237367,TheEmptinessMachine,CUBIC,Festive,HTTP/3
2025-05-02 11:26:44,stallRate,96.1210000514984,4.43654685424676,TheEmptinessMachine,CUBIC,Festive,HTTP/3
2025-05-02 11:26:46,stallRate,98.1210000514984,4.34206338249175,TheEmptinessMachine,CUBIC,Festive,HTTP/3
2025-05-02 11:26:48,stallRate,100.121000051498,4.25172601780674,TheEmptinessMachine,CUBIC,Festive,HTTP/3
2025-05-02 11:26:50,stallRate,102.121000051498,4.16498070977784,TheEmptinessMachine,CUBIC,Festive,HTTP/3
2025-05-02 11:26:52,stallRate,104.121999979019,4.08167485657334,TheEmptinessMachine,CUBIC,Festive,HTTP/3
2025-05-02 11:26:54,stallRate,106.121000051498,4.00136085166235,TheEmptinessMachine,CUBIC,Festive,HTTP/3
2025-05-02 11:26:56,stallRate,108.121000051498,3.92414165795346,TheEmptinessMachine,CUBIC,Festive,HTTP/3
2025-05-02 11:26:58,stallRate,110.121000051498,3.85041015437035,TheEmptinessMachine,CUBIC,Festive,HTTP/3
2025-05-02 11:27:00,stallRate,112.121000051498,3.77885076461072,TheEmptinessMachine,CUBIC,Festive,HTTP/3
2025-05-02 11:27:02,stallRate,114.121000051498,3.71008771732264,TheEmptinessMachine,CUBIC,Festive,HTTP/3
2025-05-02 11:27:04,stallRate,116.121999979019,3.64380713641931,TheEmptinessMachine,CUBIC,Festive,HTTP/3
2025-05-02 11:27:06,stallRate,118.121000051498,3.57998081136741,TheEmptinessMachine,CUBIC,Festive,HTTP/3
2025-05-02 11:27:08,stallRate,120.121000051498,3.51826235858952,TheEmptinessMachine,CUBIC,Festive,HTTP/3
2025-05-02 11:27:10,stallRate,122.121000051498,3.45864295419301,TheEmptinessMachine,CUBIC,Festive,HTTP/3
2025-05-02 11:27:12,stallRate,124.121000051498,3.40076973211045,TheEmptinessMachine,CUBIC,Festive,HTTP/3
2025-05-02 11:27:14,stallRate,126.121000051498,3.34481674823383,TheEmptinessMachine,CUBIC,Festive,HTTP/3
2025-05-02 11:27:16,stallRate,128.121000051498,3.29106046307042,TheEmptinessMachine,CUBIC,Festive,HTTP/3
2025-05-02 11:27:18,stallRate,130.121000051498,3.23865056541462,TheEmptinessMachine,CUBIC,Festive,HTTP/3
2025-05-02 11:27:20,stallRate,132.121000051498,3.18771988280829,TheEmptinessMachine,CUBIC,Festive,HTTP/3
2025-05-02 11:27:22,stallRate,134.121000051498,3.13842406652839,TheEmptinessMachine,CUBIC,Festive,HTTP/3
2025-05-02 11:27:24,stallRate,136.121000051498,3.09100295711127,TheEmptinessMachine,CUBIC,Festive,HTTP/3
2025-05-02 11:27:26,stallRate,138.121000051498,3.04479303780826,TheEmptinessMachine,CUBIC,Festive,HTTP/3
2025-05-02 11:27:28,stallRate,140.121000051498,2.99999064888503,TheEmptinessMachine,CUBIC,Festive,HTTP/3
2025-05-02 11:27:30,stallRate,142.121000051498,2.95615122930261,TheEmptinessMachine,CUBIC,Festive,HTTP/3
2025-05-02 11:27:32,stallRate,144.121000051498,2.91407658245578,TheEmptinessMachine,CUBIC,Festive,HTTP/3
2025-05-02 11:27:34,stallRate,146.121000051498,2.87295263055939,TheEmptinessMachine,CUBIC,Festive,HTTP/3
2025-05-02 11:27:36,stallRate,148.121000051498,2.83300940694359,TheEmptinessMachine,CUBIC,Festive,HTTP/3
2025-05-02 11:27:38,stallRate,150.121000051498,2.79418325536377,TheEmptinessMachine,CUBIC,Festive,HTTP/3
2025-05-02 11:27:42,stallRate,154.121000051498,3.06432318109474,TheEmptinessMachine,CUBIC,Festive,HTTP/3
2025-05-02 11:27:44,stallRate,156.121000051498,3.02392234330421,TheEmptinessMachine,CUBIC,Festive,HTTP/3
2025-05-02 11:27:46,stallRate,158.121000051498,2.98460755733731,TheEmptinessMachine,CUBIC,Festive,HTTP/3
2025-05-02 11:27:48,stallRate,160.121000051498,2.94626470585036,TheEmptinessMachine,CUBIC,Festive,HTTP/3
2025-05-02 11:27:50,stallRate,162.121000051498,3.01303304646627,TheEmptinessMachine,CUBIC,Festive,HTTP/3
2025-05-02 11:27:52,stallRate,164.121999979019,2.97571114880701,TheEmptinessMachine,CUBIC,Festive,HTTP/3
2025-05-02 11:27:54,stallRate,166.121000051498,2.93910368782991,TheEmptinessMachine,CUBIC,Festive,HTTP/3
2025-05-02 11:27:56,stallRate,168.121000051498,2.90316110018816,TheEmptinessMachine,CUBIC,Festive,HTTP/3
2025-05-02 11:27:58,stallRate,170.121000051498,2.86829160746952,TheEmptinessMachine,CUBIC,Festive,HTTP/3
2025-05-02 11:28:00,stallRate,172.121000051498,2.83390567474427,TheEmptinessMachine,CUBIC,Festive,HTTP/3
2025-05-02 11:28:02,stallRate,174.121000051498,2.80051918336576,TheEmptinessMachine,CUBIC,Festive,HTTP/3
2025-05-02 11:28:04,stallRate,176.121000051498,2.76774157026509,TheEmptinessMachine,CUBIC,Festive,HTTP/3
2025-05-02 11:28:06,stallRate,178.121000051498,2.7359487436874,TheEmptinessMachine,CUBIC,Festive,HTTP/3
2025-05-02 11:28:08,stallRate,180.121000051498,2.70479439694955,TheEmptinessMachine,CUBIC,Festive,HTTP/3
2025-05-02 11:28:10,stallRate,182.121000051498,2.67433935051306,TheEmptinessMachine,CUBIC,Festive,HTTP/3
2025-05-02 11:28:12,stallRate,184.121000051498,2.64447355183199,TheEmptinessMachine,CUBIC,Festive,HTTP/3
2025-05-02 11:28:14,stallRate,186.121000051498,2.61547560582651,TheEmptinessMachine,CUBIC,Festive,HTTP/3
2025-05-02 11:28:16,stallRate,188.121000051498,2.58712610034684,TheEmptinessMachine,CUBIC,Festive,HTTP/3
2025-05-02 11:28:18,stallRate,190.121000051498,2.55913460105786,TheEmptinessMachine,CUBIC,Festive,HTTP/3
2025-05-02 11:28:20,stallRate,192.121000051498,2.53187396553406,TheEmptinessMachine,CUBIC,Festive,HTTP/3
2025-05-02 11:28:22,stallRate,194.121000051498,2.50520217773746,TheEmptinessMachine,CUBIC,Festive,HTTP/3
2025-05-02 11:28:24,stallRate,196.121000051498,2.47902821305908,TheEmptinessMachine,CUBIC,Festive,HTTP/3
2025-05-02 11:28:26,stallRate,198.121000051498,2.45337524440399,TheEmptinessMachine,CUBIC,Festive,HTTP/3
2025-05-02 11:28:28,stallRate,200.121000051498,2.42843946532461,TheEmptinessMachine,CUBIC,Festive,HTTP/3
2025-05-02 11:28:30,stallRate,202.121000051498,2.40385658516913,TheEmptinessMachine,CUBIC,Festive,HTTP/3
2025-05-02 11:28:32,stallRate,204.121000051498,2.37981130674278,TheEmptinessMachine,CUBIC,Festive,HTTP/3
2025-05-02 11:28:34,stallRate,206.121000051498,2.43263220083356,TheEmptinessMachine,CUBIC,Festive,HTTP/3
2025-05-02 11:28:36,stallRate,208.121000051498,2.4088366784871,TheEmptinessMachine,CUBIC,Festive,HTTP/3
2025-05-02 11:29:11,stallRate,6.29800009727478,0.0,TheEmptinessMachine,CUBIC,L2A,HTTP/1.1
2025-05-02 11:29:19,stallRate,14.2980000972748,1.16371763034328,TheEmptinessMachine,CUBIC,L2A,HTTP/1.1
2025-05-02 11:29:21,stallRate,16.2980000972748,0.972502133423651,TheEmptinessMachine,CUBIC,L2A,HTTP/1.1
2025-05-02 11:29:23,stallRate,18.2980000972748,9.30545832912213,TheEmptinessMachine,CUBIC,L2A,HTTP/1.1
2025-05-02 11:29:27,stallRate,22.2980000972748,12.0909907048229,TheEmptinessMachine,CUBIC,L2A,HTTP/1.1
2025-05-02 11:29:29,stallRate,24.2980000972748,11.3875759761706,TheEmptinessMachine,CUBIC,L2A,HTTP/1.1
2025-05-02 11:29:31,stallRate,26.2980000972748,10.3566916176253,TheEmptinessMachine,CUBIC,L2A,HTTP/1.1
2025-05-02 11:29:33,stallRate,28.2980000972748,9.49781386605915,TheEmptinessMachine,CUBIC,L2A,HTTP/1.1
2025-05-02 11:29:35,stallRate,30.2980000972748,8.85127822565843,TheEmptinessMachine,CUBIC,L2A,HTTP/1.1
2025-05-02 11:29:37,stallRate,32.2980000972748,8.22188292659287,TheEmptinessMachine,CUBIC,L2A,HTTP/1.1
2025-05-02 11:29:39,stallRate,34.2980000972748,7.67612156560654,TheEmptinessMachine,CUBIC,L2A,HTTP/1.1
2025-05-02 11:29:43,stallRate,38.2980000972748,6.77222112953895,TheEmptinessMachine,CUBIC,L2A,HTTP/1.1
2025-05-02 11:29:45,stallRate,40.2980000972748,6.39833563655583,TheEmptinessMachine,CUBIC,L2A,HTTP/1.1
2025-05-02 11:29:47,stallRate,42.2980000972748,6.06200462474863,TheEmptinessMachine,CUBIC,L2A,HTTP/1.1
2025-05-02 11:29:49,stallRate,44.2980000972748,5.75962477140867,TheEmptinessMachine,CUBIC,L2A,HTTP/1.1
2025-05-02 11:29:51,stallRate,46.2980000972748,5.48631843890349,TheEmptinessMachine,CUBIC,L2A,HTTP/1.1
2025-05-02 11:29:53,stallRate,48.2980000972748,5.23778158221482,TheEmptinessMachine,CUBIC,L2A,HTTP/1.1
2025-05-02 11:29:55,stallRate,50.2980000972748,5.00937548793513,TheEmptinessMachine,CUBIC,L2A,HTTP/1.1
2025-05-02 11:29:57,stallRate,52.2990000247955,4.80029715233738,TheEmptinessMachine,CUBIC,L2A,HTTP/1.1
2025-05-02 11:29:59,stallRate,54.2980000972748,4.60877257957592,TheEmptinessMachine,CUBIC,L2A,HTTP/1.1
2025-05-02 11:30:01,stallRate,56.2980000972748,4.4319392688175,TheEmptinessMachine,CUBIC,L2A,HTTP/1.1
2025-05-02 11:30:03,stallRate,58.2980000972748,4.26767698010495,TheEmptinessMachine,CUBIC,L2A,HTTP/1.1
2025-05-02 11:30:05,stallRate,60.2980000972748,4.11515904121778,TheEmptinessMachine,CUBIC,L2A,HTTP/1.1
2025-05-02 11:30:07,stallRate,62.2980000972748,3.97420440107349,TheEmptinessMachine,CUBIC,L2A,HTTP/1.1
2025-05-02 11:30:09,stallRate,64.2980000972748,3.84172021969978,TheEmptinessMachine,CUBIC,L2A,HTTP/1.1
2025-05-02 11:30:11,stallRate,66.2990000247955,3.71790102225471,TheEmptinessMachine,CUBIC,L2A,HTTP/1.1
2025-05-02 11:30:13,stallRate,68.2980000972748,3.60202491416537,TheEmptinessMachine,CUBIC,L2A,HTTP/1.1
2025-05-02 11:30:17,stallRate,72.2980000972748,3.38979867500263,TheEmptinessMachine,CUBIC,L2A,HTTP/1.1
2025-05-02 11:30:19,stallRate,74.2980000972748,3.29300416453231,TheEmptinessMachine,CUBIC,L2A,HTTP/1.1
2025-05-02 11:30:21,stallRate,76.2980000972748,3.20182111338042,TheEmptinessMachine,CUBIC,L2A,HTTP/1.1
2025-05-02 11:30:23,stallRate,78.2980000972748,3.11551622161948,TheEmptinessMachine,CUBIC,L2A,HTTP/1.1
2025-05-02 11:30:25,stallRate,80.2980000972748,3.03369349310974,TheEmptinessMachine,CUBIC,L2A,HTTP/1.1
2025-05-02 11:30:27,stallRate,82.2980000972748,2.95621893329402,TheEmptinessMachine,CUBIC,L2A,HTTP/1.1
2025-05-02 11:30:29,stallRate,84.2980000972748,2.88209929815203,TheEmptinessMachine,CUBIC,L2A,HTTP/1.1
2025-05-02 11:30:31,stallRate,86.2980000972748,2.81209037177237,TheEmptinessMachine,CUBIC,L2A,HTTP/1.1
2025-05-02 11:30:33,stallRate,88.2980000972748,2.74520243802248,TheEmptinessMachine,CUBIC,L2A,HTTP/1.1
2025-05-02 11:30:35,stallRate,90.2980000972748,2.68131097512733,TheEmptinessMachine,CUBIC,L2A,HTTP/1.1
2025-05-02 11:30:37,stallRate,92.2980000972748,2.62077647660111,TheEmptinessMachine,CUBIC,L2A,HTTP/1.1
2025-05-02 11:30:39,stallRate,94.2980000972748,2.56247426063437,TheEmptinessMachine,CUBIC,L2A,HTTP/1.1
2025-05-02 11:30:41,stallRate,96.2980000972748,2.50681926793496,TheEmptinessMachine,CUBIC,L2A,HTTP/1.1
2025-05-02 11:30:45,stallRate,100.298000097275,2.40263847437658,TheEmptinessMachine,CUBIC,L2A,HTTP/1.1
2025-05-02 11:30:47,stallRate,102.298000097275,2.35345109517718,TheEmptinessMachine,CUBIC,L2A,HTTP/1.1
2025-05-02 11:30:49,stallRate,104.298000097275,2.30655980518213,TheEmptinessMachine,CUBIC,L2A,HTTP/1.1
2025-05-02 11:30:51,stallRate,106.298000097275,2.26137184065712,TheEmptinessMachine,CUBIC,L2A,HTTP/1.1
2025-05-02 11:30:53,stallRate,108.298000097275,2.21784193655963,TheEmptinessMachine,CUBIC,L2A,HTTP/1.1
2025-05-02 11:30:55,stallRate,110.298000097275,2.17624718167734,TheEmptinessMachine,CUBIC,L2A,HTTP/1.1
2025-05-02 11:30:57,stallRate,112.298000097275,2.13589414292309,TheEmptinessMachine,CUBIC,L2A,HTTP/1.1
2025-05-02 11:30:59,stallRate,114.298000097275,2.09709125852377,TheEmptinessMachine,CUBIC,L2A,HTTP/1.1
2025-05-02 11:31:01,stallRate,116.298000097275,2.05970886367957,TheEmptinessMachine,CUBIC,L2A,HTTP/1.1
2025-05-02 11:31:03,stallRate,118.298000097275,2.02345085718536,TheEmptinessMachine,CUBIC,L2A,HTTP/1.1
2025-05-02 11:31:05,stallRate,120.298000097275,1.98869786668234,TheEmptinessMachine,CUBIC,L2A,HTTP/1.1
2025-05-02 11:31:07,stallRate,122.298000097275,1.95512286676682,TheEmptinessMachine,CUBIC,L2A,HTTP/1.1
2025-05-02 11:31:09,stallRate,124.298000097275,1.92240117100149,TheEmptinessMachine,CUBIC,L2A,HTTP/1.1
2025-05-02 11:31:11,stallRate,126.298000097275,1.89104570834649,TheEmptinessMachine,CUBIC,L2A,HTTP/1.1
2025-05-02 11:31:13,stallRate,128.298000097275,1.86053521326391,TheEmptinessMachine,CUBIC,L2A,HTTP/1.1
2025-05-02 11:31:15,stallRate,130.298000097275,1.83100382675223,TheEmptinessMachine,CUBIC,L2A,HTTP/1.1
2025-05-02 11:31:17,stallRate,132.298000097275,1.80227469346615,TheEmptinessMachine,CUBIC,L2A,HTTP/1.1
2025-05-02 11:31:21,stallRate,136.298000097275,1.74777151195138,TheEmptinessMachine,CUBIC,L2A,HTTP/1.1
2025-05-02 11:31:23,stallRate,138.298000097275,1.72164935556877,TheEmptinessMachine,CUBIC,L2A,HTTP/1.1
2025-05-02 11:31:25,stallRate,140.298000097275,1.69634153698294,TheEmptinessMachine,CUBIC,L2A,HTTP/1.1
2025-05-02 11:31:27,stallRate,142.298000097275,1.67179722423499,TheEmptinessMachine,CUBIC,L2A,HTTP/1.1
2025-05-02 11:31:29,stallRate,144.298000097275,1.64797502197509,TheEmptinessMachine,CUBIC,L2A,HTTP/1.1
2025-05-02 11:31:31,stallRate,146.298000097275,1.6246802768861,TheEmptinessMachine,CUBIC,L2A,HTTP/1.1
2025-05-02 11:31:33,stallRate,148.298000097275,1.60225793282382,TheEmptinessMachine,CUBIC,L2A,HTTP/1.1
2025-05-02 11:31:35,stallRate,150.298000097275,1.58026247787709,TheEmptinessMachine,CUBIC,L2A,HTTP/1.1
2025-05-02 11:31:37,stallRate,152.298000097275,1.55888122863173,TheEmptinessMachine,CUBIC,L2A,HTTP/1.1
2025-05-02 11:31:39,stallRate,154.298000097275,1.53818276577805,TheEmptinessMachine,CUBIC,L2A,HTTP/1.1
2025-05-02 11:31:41,stallRate,156.298000097275,1.51794449400153,TheEmptinessMachine,CUBIC,L2A,HTTP/1.1
2025-05-02 11:31:43,stallRate,158.298000097275,1.49835937848304,TheEmptinessMachine,CUBIC,L2A,HTTP/1.1
2025-05-02 11:31:45,stallRate,160.298000097275,1.47911539643048,TheEmptinessMachine,CUBIC,L2A,HTTP/1.1
2025-05-02 11:31:47,stallRate,162.298000097275,1.46040790979445,TheEmptinessMachine,CUBIC,L2A,HTTP/1.1
2025-05-02 11:31:49,stallRate,164.298000097275,1.44215992604931,TheEmptinessMachine,CUBIC,L2A,HTTP/1.1
2025-05-02 11:31:51,stallRate,166.298000097275,1.42440958679078,TheEmptinessMachine,CUBIC,L2A,HTTP/1.1
2025-05-02 11:31:55,stallRate,170.298000097275,1.39015598719802,TheEmptinessMachine,CUBIC,L2A,HTTP/1.1
2025-05-02 11:31:57,stallRate,172.298000097275,1.37349290436497,TheEmptinessMachine,CUBIC,L2A,HTTP/1.1
2025-05-02 11:31:59,stallRate,174.298000097275,1.3573351330076,TheEmptinessMachine,CUBIC,L2A,HTTP/1.1
2025-05-02 11:32:01,stallRate,176.298000097275,1.34147467954264,TheEmptinessMachine,CUBIC,L2A,HTTP/1.1
2025-05-02 11:32:03,stallRate,178.299000024796,1.32615516342206,TheEmptinessMachine,CUBIC,L2A,HTTP/1.1
2025-05-02 11:32:05,stallRate,180.298000097275,1.31104374390483,TheEmptinessMachine,CUBIC,L2A,HTTP/1.1
2025-05-02 11:32:07,stallRate,182.298000097275,1.29629094771753,TheEmptinessMachine,CUBIC,L2A,HTTP/1.1
2025-05-02 11:32:09,stallRate,184.298000097275,1.28196068175295,TheEmptinessMachine,CUBIC,L2A,HTTP/1.1
2025-05-02 11:32:11,stallRate,186.298000097275,1.2678708524293,TheEmptinessMachine,CUBIC,L2A,HTTP/1.1
2025-05-02 11:32:13,stallRate,188.298000097275,1.25417928519138,TheEmptinessMachine,CUBIC,L2A,HTTP/1.1
2025-05-02 11:32:15,stallRate,190.298000097275,1.24067882210326,TheEmptinessMachine,CUBIC,L2A,HTTP/1.1
2025-05-02 11:32:17,stallRate,192.298000097275,1.22741308931511,TheEmptinessMachine,CUBIC,L2A,HTTP/1.1
2025-05-02 11:32:19,stallRate,194.298000097275,1.21452439682209,TheEmptinessMachine,CUBIC,L2A,HTTP/1.1
2025-05-02 11:32:21,stallRate,196.298000097275,1.20187042237881,TheEmptinessMachine,CUBIC,L2A,HTTP/1.1
2025-05-02 11:32:23,stallRate,198.298000097275,1.18952935624959,TheEmptinessMachine,CUBIC,L2A,HTTP/1.1
2025-05-02 11:32:25,stallRate,200.298000097275,1.17744199526359,TheEmptinessMachine,CUBIC,L2A,HTTP/1.1
2025-05-02 11:32:27,stallRate,202.298000097275,1.1654857057304,TheEmptinessMachine,CUBIC,L2A,HTTP/1.1
2025-05-02 11:32:29,stallRate,204.298000097275,1.1538306107315,TheEmptinessMachine,CUBIC,L2A,HTTP/1.1
2025-05-02 11:32:31,stallRate,206.298000097275,1.14241723221446,TheEmptinessMachine,CUBIC,L2A,HTTP/1.1
2025-05-02 11:33:12,stallRate,8.11199998855591,8.46504650850409,TheEmptinessMachine,CUBIC,L2A,HTTP/2
2025-05-02 11:33:14,stallRate,10.1119999885559,12.2845350357967,TheEmptinessMachine,CUBIC,L2A,HTTP/2
2025-05-02 11:33:16,stallRate,12.1119999885559,9.79321543645822,TheEmptinessMachine,CUBIC,L2A,HTTP/2
2025-05-02 11:33:18,stallRate,14.1110000610352,8.14241888761638,TheEmptinessMachine,CUBIC,L2A,HTTP/2
2025-05-02 11:33:20,stallRate,16.1119999885559,6.96573030245651,TheEmptinessMachine,CUBIC,L2A,HTTP/2
2025-05-02 11:33:36,stallRate,32.1110000610352,44.5832701095271,TheEmptinessMachine,CUBIC,L2A,HTTP/2
2025-05-02 11:33:38,stallRate,34.1119999885559,42.0867928489123,TheEmptinessMachine,CUBIC,L2A,HTTP/2
2025-05-02 11:33:40,stallRate,36.1119999885559,38.6226221990905,TheEmptinessMachine,CUBIC,L2A,HTTP/2
2025-05-02 11:33:42,stallRate,38.1119999885559,37.9028625617368,TheEmptinessMachine,CUBIC,L2A,HTTP/2
2025-05-02 11:33:46,stallRate,42.1110000610352,33.5758022153584,TheEmptinessMachine,CUBIC,L2A,HTTP/2
2025-05-02 11:33:48,stallRate,44.1119999885559,32.7330826681973,TheEmptinessMachine,CUBIC,L2A,HTTP/2
2025-05-02 11:33:50,stallRate,46.1119999885559,30.9963561328215,TheEmptinessMachine,CUBIC,L2A,HTTP/2
2025-05-02 11:33:52,stallRate,48.1119999885559,29.2407583604338,TheEmptinessMachine,CUBIC,L2A,HTTP/2
2025-05-02 11:33:54,stallRate,50.1119999885559,27.6654198111048,TheEmptinessMachine,CUBIC,L2A,HTTP/2
2025-05-02 11:33:56,stallRate,52.1119999885559,26.2650828040357,TheEmptinessMachine,CUBIC,L2A,HTTP/2
2025-05-02 11:33:58,stallRate,54.1110000610352,24.9888058277847,TheEmptinessMachine,CUBIC,L2A,HTTP/2
2025-05-02 11:34:00,stallRate,56.1110000610352,23.8321923026853,TheEmptinessMachine,CUBIC,L2A,HTTP/2
2025-05-02 11:34:02,stallRate,58.1110000610352,22.7836134418679,TheEmptinessMachine,CUBIC,L2A,HTTP/2
2025-05-02 11:34:04,stallRate,60.1119999885559,21.8190342604064,TheEmptinessMachine,CUBIC,L2A,HTTP/2
2025-05-02 11:34:06,stallRate,62.1119999885559,20.9333134836867,TheEmptinessMachine,CUBIC,L2A,HTTP/2
2025-05-02 11:34:08,stallRate,64.1119999885559,20.115325823938,TheEmptinessMachine,CUBIC,L2A,HTTP/2
2025-05-02 11:34:10,stallRate,66.1119999885559,19.362632131142,TheEmptinessMachine,CUBIC,L2A,HTTP/2
2025-05-02 11:34:12,stallRate,68.1119999885559,18.6602222149141,TheEmptinessMachine,CUBIC,L2A,HTTP/2
2025-05-02 11:34:14,stallRate,70.1119999885559,18.0073577625704,TheEmptinessMachine,CUBIC,L2A,HTTP/2
2025-05-02 11:34:16,stallRate,72.1119999885559,17.3999126610316,TheEmptinessMachine,CUBIC,L2A,HTTP/2
2025-05-02 11:34:18,stallRate,74.1119999885559,17.7108580791124,TheEmptinessMachine,CUBIC,L2A,HTTP/2
2025-05-02 11:34:20,stallRate,76.1119999885559,17.1505901061439,TheEmptinessMachine,CUBIC,L2A,HTTP/2
2025-05-02 11:34:22,stallRate,78.1110000610352,16.6263584696133,TheEmptinessMachine,CUBIC,L2A,HTTP/2
2025-05-02 11:34:24,stallRate,80.1119999885559,16.2421258697815,TheEmptinessMachine,CUBIC,L2A,HTTP/2
2025-05-02 11:34:28,stallRate,84.1119999885559,16.9872394949681,TheEmptinessMachine,CUBIC,L2A,HTTP/2
2025-05-02 11:34:30,stallRate,86.1119999885559,17.1571827092097,TheEmptinessMachine,CUBIC,L2A,HTTP/2
2025-05-02 11:34:32,stallRate,88.1119999885559,16.7017713441173,TheEmptinessMachine,CUBIC,L2A,HTTP/2
2025-05-02 11:34:34,stallRate,90.1119999885559,16.6143300347115,TheEmptinessMachine,CUBIC,L2A,HTTP/2
2025-05-02 11:34:36,stallRate,92.1119999885559,16.1949395694146,TheEmptinessMachine,CUBIC,L2A,HTTP/2
2025-05-02 11:34:38,stallRate,94.1110000610352,15.7966002610448,TheEmptinessMachine,CUBIC,L2A,HTTP/2
2025-05-02 11:34:40,stallRate,96.1119999885559,15.4179524770633,TheEmptinessMachine,CUBIC,L2A,HTTP/2
2025-05-02 11:34:42,stallRate,98.1110000610352,15.0548950451911,TheEmptinessMachine,CUBIC,L2A,HTTP/2
2025-05-02 11:34:44,stallRate,100.111999988556,14.7088589995153,TheEmptinessMachine,CUBIC,L2A,HTTP/2
2025-05-02 11:34:46,stallRate,102.111999988556,14.3795103883917,TheEmptinessMachine,CUBIC,L2A,HTTP/2
2025-05-02 11:34:48,stallRate,104.111999988556,14.0647903307171,TheEmptinessMachine,CUBIC,L2A,HTTP/2
2025-05-02 11:34:50,stallRate,106.111000061035,13.7613605673009,TheEmptinessMachine,CUBIC,L2A,HTTP/2
2025-05-02 11:34:54,stallRate,110.111999988556,13.1952544667324,TheEmptinessMachine,CUBIC,L2A,HTTP/2
2025-05-02 11:34:56,stallRate,112.111000061035,12.9303502975388,TheEmptinessMachine,CUBIC,L2A,HTTP/2
2025-05-02 11:34:58,stallRate,114.111000061035,12.6754527034205,TheEmptinessMachine,CUBIC,L2A,HTTP/2
2025-05-02 11:35:00,stallRate,116.111999988556,12.4302802723989,TheEmptinessMachine,CUBIC,L2A,HTTP/2
2025-05-02 11:35:02,stallRate,118.111999988556,12.1934860697037,TheEmptinessMachine,CUBIC,L2A,HTTP/2
2025-05-02 11:35:04,stallRate,120.111999988556,11.9656282199871,TheEmptinessMachine,CUBIC,L2A,HTTP/2
2025-05-02 11:35:06,stallRate,122.111000061035,11.7478223167774,TheEmptinessMachine,CUBIC,L2A,HTTP/2
2025-05-02 11:35:08,stallRate,124.111999988556,11.536208471279,TheEmptinessMachine,CUBIC,L2A,HTTP/2
2025-05-02 11:35:10,stallRate,126.111999988556,11.3325918503097,TheEmptinessMachine,CUBIC,L2A,HTTP/2
2025-05-02 11:35:12,stallRate,128.111000061035,11.1362197937584,TheEmptinessMachine,CUBIC,L2A,HTTP/2
2025-05-02 11:35:14,stallRate,130.111999988556,10.9466153076462,TheEmptinessMachine,CUBIC,L2A,HTTP/2
2025-05-02 11:35:16,stallRate,132.111999988556,10.7633756762474,TheEmptinessMachine,CUBIC,L2A,HTTP/2
2025-05-02 11:35:18,stallRate,134.111999988556,10.5862096750797,TheEmptinessMachine,CUBIC,L2A,HTTP/2
2025-05-02 11:35:20,stallRate,136.111000061035,10.4149209774716,TheEmptinessMachine,CUBIC,L2A,HTTP/2
2025-05-02 11:35:22,stallRate,138.111999988556,10.2488309189953,TheEmptinessMachine,CUBIC,L2A,HTTP/2
2025-05-02 11:35:24,stallRate,140.111999988556,10.0880644531181,TheEmptinessMachine,CUBIC,L2A,HTTP/2
2025-05-02 11:35:30,stallRate,146.111999988556,9.63359783564051,TheEmptinessMachine,CUBIC,L2A,HTTP/2
2025-05-02 11:35:32,stallRate,148.111000061035,9.49003676333748,TheEmptinessMachine,CUBIC,L2A,HTTP/2
2025-05-02 11:35:34,stallRate,150.111999988556,9.3520202368598,TheEmptinessMachine,CUBIC,L2A,HTTP/2
2025-05-02 11:35:36,stallRate,152.111999988556,9.21811914887192,TheEmptinessMachine,CUBIC,L2A,HTTP/2
2025-05-02 11:35:38,stallRate,154.111000061035,9.08695768836893,TheEmptinessMachine,CUBIC,L2A,HTTP/2
2025-05-02 11:35:40,stallRate,156.111000061035,8.96006366608124,TheEmptinessMachine,CUBIC,L2A,HTTP/2
2025-05-02 11:35:42,stallRate,158.111999988556,8.83679408992512,TheEmptinessMachine,CUBIC,L2A,HTTP/2
2025-05-02 11:35:46,stallRate,162.111999988556,8.60045708559065,TheEmptinessMachine,CUBIC,L2A,HTTP/2
2025-05-02 11:35:48,stallRate,164.111000061035,8.48699688261904,TheEmptinessMachine,CUBIC,L2A,HTTP/2
2025-05-02 11:35:50,stallRate,166.111999988556,8.3765528507027,TheEmptinessMachine,CUBIC,L2A,HTTP/2
2025-05-02 11:35:52,stallRate,168.111000061035,8.2688069070654,TheEmptinessMachine,CUBIC,L2A,HTTP/2
2025-05-02 11:35:56,stallRate,172.111999988556,8.18819821820198,TheEmptinessMachine,CUBIC,L2A,HTTP/2
2025-05-02 11:35:58,stallRate,174.111999988556,8.08657136871381,TheEmptinessMachine,CUBIC,L2A,HTTP/2
2025-05-02 11:36:00,stallRate,176.111999988556,7.98691424752705,TheEmptinessMachine,CUBIC,L2A,HTTP/2
2025-05-02 11:36:02,stallRate,178.111999988556,7.89089258843082,TheEmptinessMachine,CUBIC,L2A,HTTP/2
2025-05-02 11:36:04,stallRate,180.111999988556,7.79622352912391,TheEmptinessMachine,CUBIC,L2A,HTTP/2
2025-05-02 11:36:06,stallRate,182.111999988556,7.70401105192357,TheEmptinessMachine,CUBIC,L2A,HTTP/2
2025-05-02 11:36:08,stallRate,184.111999988556,8.36806490052167,TheEmptinessMachine,CUBIC,L2A,HTTP/2
2025-05-02 11:36:10,stallRate,186.111000061035,8.49514032249421,TheEmptinessMachine,CUBIC,L2A,HTTP/2
2025-05-02 11:36:12,stallRate,188.111999988556,8.39778361577927,TheEmptinessMachine,CUBIC,L2A,HTTP/2
2025-05-02 11:36:14,stallRate,190.111999988556,8.30330569273779,TheEmptinessMachine,CUBIC,L2A,HTTP/2
2025-05-02 11:36:16,stallRate,192.111999988556,8.21051486213277,TheEmptinessMachine,CUBIC,L2A,HTTP/2
2025-05-02 11:36:18,stallRate,194.111999988556,8.11987202884463,TheEmptinessMachine,CUBIC,L2A,HTTP/2
2025-05-02 11:36:20,stallRate,196.111999988556,8.03137197086911,TheEmptinessMachine,CUBIC,L2A,HTTP/2
2025-05-02 11:36:22,stallRate,198.111000061035,7.94482482094616,TheEmptinessMachine,CUBIC,L2A,HTTP/2
2025-05-02 11:36:24,stallRate,200.111999988556,7.86006327608364,TheEmptinessMachine,CUBIC,L2A,HTTP/2
2025-05-02 11:36:26,stallRate,202.111000061035,7.77695211063522,TheEmptinessMachine,CUBIC,L2A,HTTP/2
2025-05-02 11:36:28,stallRate,204.111999988556,7.69588786337236,TheEmptinessMachine,CUBIC,L2A,HTTP/2
2025-05-02 11:36:30,stallRate,206.111999988556,7.61602295895558,TheEmptinessMachine,CUBIC,L2A,HTTP/2
2025-05-02 11:36:32,stallRate,208.111999988556,7.53852689452923,TheEmptinessMachine,CUBIC,L2A,HTTP/2
2025-05-02 11:36:34,stallRate,210.111999988556,7.46191852602434,TheEmptinessMachine,CUBIC,L2A,HTTP/2
2025-05-02 11:36:36,stallRate,212.111000061035,7.38691229967464,TheEmptinessMachine,CUBIC,L2A,HTTP/2
2025-05-02 11:37:07,stallRate,4.09899997711182,0.0,TheEmptinessMachine,CUBIC,L2A,HTTP/3
2025-05-02 11:37:09,stallRate,6.09899997711182,0.0,TheEmptinessMachine,CUBIC,L2A,HTTP/3
2025-05-02 11:37:11,stallRate,8.09899997711182,3.50896343613929,TheEmptinessMachine,CUBIC,L2A,HTTP/3
2025-05-02 11:37:13,stallRate,10.0989999771118,9.17627901885785,TheEmptinessMachine,CUBIC,L2A,HTTP/3
2025-05-02 11:37:15,stallRate,12.0980000495911,7.13455680879201,TheEmptinessMachine,CUBIC,L2A,HTTP/3
2025-05-02 11:37:19,stallRate,16.0989999771118,35.4896369114024,TheEmptinessMachine,CUBIC,L2A,HTTP/3
2025-05-02 11:37:29,stallRate,26.0989999771118,24.4704863084593,TheEmptinessMachine,CUBIC,L2A,HTTP/3
2025-05-02 11:37:31,stallRate,28.0989999771118,22.4659877831358,TheEmptinessMachine,CUBIC,L2A,HTTP/3
2025-05-02 11:37:33,stallRate,30.0989999771118,20.7633238454938,TheEmptinessMachine,CUBIC,L2A,HTTP/3
2025-05-02 11:37:35,stallRate,32.0989999771118,19.3007469110764,TheEmptinessMachine,CUBIC,L2A,HTTP/3
2025-05-02 11:37:37,stallRate,34.0989999771118,18.0311395389113,TheEmptinessMachine,CUBIC,L2A,HTTP/3
2025-05-02 11:37:39,stallRate,36.0989999771118,16.9127733983358,TheEmptinessMachine,CUBIC,L2A,HTTP/3
2025-05-02 11:37:41,stallRate,38.0980000495911,15.9255432948448,TheEmptinessMachine,CUBIC,L2A,HTTP/3
2025-05-02 11:37:45,stallRate,42.0989999771118,14.2669705636559,TheEmptinessMachine,CUBIC,L2A,HTTP/3
2025-05-02 11:37:47,stallRate,44.0999999046326,13.5597743251873,TheEmptinessMachine,CUBIC,L2A,HTTP/3
2025-05-02 11:37:49,stallRate,46.0989999771118,12.9206459798056,TheEmptinessMachine,CUBIC,L2A,HTTP/3
2025-05-02 11:37:51,stallRate,48.0989999771118,12.3389306334048,TheEmptinessMachine,CUBIC,L2A,HTTP/3
2025-05-02 11:37:53,stallRate,50.0989999771118,11.804335250435,TheEmptinessMachine,CUBIC,L2A,HTTP/3
2025-05-02 11:37:55,stallRate,52.0989999771118,11.3191343355974,TheEmptinessMachine,CUBIC,L2A,HTTP/3
2025-05-02 11:37:57,stallRate,54.0989999771118,10.8680703584376,TheEmptinessMachine,CUBIC,L2A,HTTP/3
2025-05-02 11:37:59,stallRate,56.0989999771118,10.4520472383716,TheEmptinessMachine,CUBIC,L2A,HTTP/3
2025-05-02 11:38:01,stallRate,58.0989999771118,10.0734546213489,TheEmptinessMachine,CUBIC,L2A,HTTP/3
2025-05-02 11:38:03,stallRate,60.0989999771118,9.72049190723616,TheEmptinessMachine,CUBIC,L2A,HTTP/3
2025-05-02 11:38:05,stallRate,62.0989999771118,9.38999264537054,TheEmptinessMachine,CUBIC,L2A,HTTP/3
2025-05-02 11:38:07,stallRate,64.0989999771118,9.2777886216071,TheEmptinessMachine,CUBIC,L2A,HTTP/3
2025-05-02 11:38:09,stallRate,66.0989999771118,8.97906260241982,TheEmptinessMachine,CUBIC,L2A,HTTP/3
2025-05-02 11:38:13,stallRate,70.0989999771118,8.48734812534333,TheEmptinessMachine,CUBIC,L2A,HTTP/3
2025-05-02 11:38:15,stallRate,72.0989999771118,8.2381860076219,TheEmptinessMachine,CUBIC,L2A,HTTP/3
2025-05-02 11:38:17,stallRate,74.0989999771118,9.09038200958612,TheEmptinessMachine,CUBIC,L2A,HTTP/3
2025-05-02 11:38:21,stallRate,78.0989999771118,8.97414472770349,TheEmptinessMachine,CUBIC,L2A,HTTP/3
2025-05-02 11:38:25,stallRate,82.0989999771118,9.81609719986853,TheEmptinessMachine,CUBIC,L2A,HTTP/3
2025-05-02 11:38:27,stallRate,84.0989999771118,9.56748263222022,TheEmptinessMachine,CUBIC,L2A,HTTP/3
2025-05-02 11:38:29,stallRate,86.0989999771118,9.33128589842154,TheEmptinessMachine,CUBIC,L2A,HTTP/3
2025-05-02 11:38:35,stallRate,92.0989999771118,11.4133801104835,TheEmptinessMachine,CUBIC,L2A,HTTP/3
2025-05-02 11:38:37,stallRate,94.0989999771118,11.5754129977557,TheEmptinessMachine,CUBIC,L2A,HTTP/3
2025-05-02 11:38:39,stallRate,96.0989999771118,11.3202053574515,TheEmptinessMachine,CUBIC,L2A,HTTP/3
2025-05-02 11:38:41,stallRate,98.0989999771118,11.0747719722597,TheEmptinessMachine,CUBIC,L2A,HTTP/3
2025-05-02 11:38:43,stallRate,100.098999977112,10.8411927354794,TheEmptinessMachine,CUBIC,L2A,HTTP/3
2025-05-02 11:38:47,stallRate,104.098999977112,11.1492311629287,TheEmptinessMachine,CUBIC,L2A,HTTP/3
2025-05-02 11:38:49,stallRate,106.098999977112,10.9281449674751,TheEmptinessMachine,CUBIC,L2A,HTTP/3
2025-05-02 11:38:51,stallRate,108.098999977112,11.8776086138924,TheEmptinessMachine,CUBIC,L2A,HTTP/3
2025-05-02 11:38:53,stallRate,110.098999977112,11.8776086138924,TheEmptinessMachine,CUBIC,L2A,HTTP/3
2025-05-02 11:38:55,stallRate,112.098999977112,11.6531121234917,TheEmptinessMachine,CUBIC,L2A,HTTP/3
2025-05-02 11:38:57,stallRate,114.098999977112,11.4301059412398,TheEmptinessMachine,CUBIC,L2A,HTTP/3
2025-05-02 11:38:59,stallRate,116.098999977112,11.2154329716374,TheEmptinessMachine,CUBIC,L2A,HTTP/3
2025-05-02 11:39:01,stallRate,118.098000049591,11.0089654461502,TheEmptinessMachine,CUBIC,L2A,HTTP/3
2025-05-02 11:39:03,stallRate,120.098999977112,10.8098178097737,TheEmptinessMachine,CUBIC,L2A,HTTP/3
2025-05-02 11:39:05,stallRate,122.098999977112,10.6166160438285,TheEmptinessMachine,CUBIC,L2A,HTTP/3
2025-05-02 11:39:07,stallRate,124.098999977112,10.4320486314803,TheEmptinessMachine,CUBIC,L2A,HTTP/3
2025-05-02 11:39:09,stallRate,126.099999904633,10.2522595245812,TheEmptinessMachine,CUBIC,L2A,HTTP/3
2025-05-02 11:39:11,stallRate,128.098999977112,10.0799161605698,TheEmptinessMachine,CUBIC,L2A,HTTP/3
2025-05-02 11:39:13,stallRate,130.098999977112,9.91252650281363,TheEmptinessMachine,CUBIC,L2A,HTTP/3
2025-05-02 11:39:15,stallRate,132.098999977112,9.75038116408452,TheEmptinessMachine,CUBIC,L2A,HTTP/3
2025-05-02 11:39:17,stallRate,134.098999977112,9.59352742524073,TheEmptinessMachine,CUBIC,L2A,HTTP/3
2025-05-02 11:39:19,stallRate,136.098999977112,9.44195805291765,TheEmptinessMachine,CUBIC,L2A,HTTP/3
2025-05-02 11:39:23,stallRate,140.098999977112,9.15211870339776,TheEmptinessMachine,CUBIC,L2A,HTTP/3
2025-05-02 11:39:25,stallRate,142.098999977112,9.01384455265243,TheEmptinessMachine,CUBIC,L2A,HTTP/3
2025-05-02 11:39:27,stallRate,144.098999977112,8.87951557291563,TheEmptinessMachine,CUBIC,L2A,HTTP/3
2025-05-02 11:39:29,stallRate,146.098999977112,8.74923832248937,TheEmptinessMachine,CUBIC,L2A,HTTP/3
2025-05-02 11:39:31,stallRate,148.098999977112,8.62303048674906,TheEmptinessMachine,CUBIC,L2A,HTTP/3
2025-05-02 11:39:33,stallRate,150.098999977112,8.49969669854774,TheEmptinessMachine,CUBIC,L2A,HTTP/3
2025-05-02 11:39:35,stallRate,152.098999977112,8.3799640116945,TheEmptinessMachine,CUBIC,L2A,HTTP/3
2025-05-02 11:39:37,stallRate,154.098000049591,8.26444193259384,TheEmptinessMachine,CUBIC,L2A,HTTP/3
2025-05-02 11:39:39,stallRate,156.099999904633,8.15144174479989,TheEmptinessMachine,CUBIC,L2A,HTTP/3
2025-05-02 11:39:41,stallRate,158.098999977112,8.04166113042517,TheEmptinessMachine,CUBIC,L2A,HTTP/3
2025-05-02 11:39:43,stallRate,160.098999977112,7.9348808132604,TheEmptinessMachine,CUBIC,L2A,HTTP/3
2025-05-02 11:39:45,stallRate,162.098999977112,7.83036565453353,TheEmptinessMachine,CUBIC,L2A,HTTP/3
2025-05-02 11:39:47,stallRate,164.098999977112,7.7292791891274,TheEmptinessMachine,CUBIC,L2A,HTTP/3
2025-05-02 11:39:49,stallRate,166.098999977112,7.63046322734011,TheEmptinessMachine,CUBIC,L2A,HTTP/3
2025-05-02 11:39:51,stallRate,168.098999977112,7.53396343470766,TheEmptinessMachine,CUBIC,L2A,HTTP/3
2025-05-02 11:39:53,stallRate,170.098999977112,7.43993614082272,TheEmptinessMachine,CUBIC,L2A,HTTP/3
2025-05-02 11:39:55,stallRate,172.098999977112,7.34850590350319,TheEmptinessMachine,CUBIC,L2A,HTTP/3
2025-05-02 11:39:57,stallRate,174.098999977112,7.2587587396126,TheEmptinessMachine,CUBIC,L2A,HTTP/3
2025-05-02 11:39:59,stallRate,176.098000049591,7.17130819115527,TheEmptinessMachine,CUBIC,L2A,HTTP/3
2025-05-02 11:40:01,stallRate,178.098999977112,7.08614411601989,TheEmptinessMachine,CUBIC,L2A,HTTP/3
2025-05-02 11:40:03,stallRate,180.098999977112,7.00307068500968,TheEmptinessMachine,CUBIC,L2A,HTTP/3
2025-05-02 11:40:05,stallRate,182.098999977112,6.92195934967666,TheEmptinessMachine,CUBIC,L2A,HTTP/3
2025-05-02 11:40:07,stallRate,184.098999977112,6.84284367593055,TheEmptinessMachine,CUBIC,L2A,HTTP/3
2025-05-02 11:40:09,stallRate,186.098999977112,6.76496731636629,TheEmptinessMachine,CUBIC,L2A,HTTP/3
2025-05-02 11:40:11,stallRate,188.098999977112,6.6889065023064,TheEmptinessMachine,CUBIC,L2A,HTTP/3
2025-05-02 11:40:13,stallRate,190.099999904633,6.61502865482262,TheEmptinessMachine,CUBIC,L2A,HTTP/3
2025-05-02 11:40:15,stallRate,192.098999977112,6.54251417077549,TheEmptinessMachine,CUBIC,L2A,HTTP/3
2025-05-02 11:40:17,stallRate,194.098999977112,6.47199699352018,TheEmptinessMachine,CUBIC,L2A,HTTP/3
2025-05-02 11:40:19,stallRate,196.098999977112,6.40237775029163,TheEmptinessMachine,CUBIC,L2A,HTTP/3
2025-05-02 11:40:21,stallRate,198.098999977112,6.33407609762373,TheEmptinessMachine,CUBIC,L2A,HTTP/3
2025-05-02 11:40:23,stallRate,200.098999977112,6.26773811863543,TheEmptinessMachine,CUBIC,L2A,HTTP/3
2025-05-02 11:40:25,stallRate,202.098999977112,6.202594654561,TheEmptinessMachine,CUBIC,L2A,HTTP/3
2025-05-02 11:40:27,stallRate,204.098999977112,6.13864757499115,TheEmptinessMachine,CUBIC,L2A,HTTP/3
2025-05-02 11:40:29,stallRate,206.098999977112,6.0761074810472,TheEmptinessMachine,CUBIC,L2A,HTTP/3
2025-05-02 11:40:31,stallRate,208.098999977112,6.0149995226675,TheEmptinessMachine,CUBIC,L2A,HTTP/3
2025-05-02 11:40:33,stallRate,210.098999977112,5.95470931257235,TheEmptinessMachine,CUBIC,L2A,HTTP/3
2025-05-02 11:40:35,stallRate,212.098999977112,5.8957430052875,TheEmptinessMachine,CUBIC,L2A,HTTP/3
2025-05-02 11:41:08,stallRate,4.30599999427795,0.0,TheEmptinessMachine,CUBIC,RB,HTTP/1.1
2025-05-02 11:41:10,stallRate,6.30599999427795,0.0,TheEmptinessMachine,CUBIC,RB,HTTP/1.1
2025-05-02 11:41:12,stallRate,8.3050000667572,0.0,TheEmptinessMachine,CUBIC,RB,HTTP/1.1
2025-05-02 11:41:14,stallRate,10.305999994278,0.0,TheEmptinessMachine,CUBIC,RB,HTTP/1.1
2025-05-02 11:41:34,stallRate,30.3050000667572,125.00550508435,TheEmptinessMachine,CUBIC,RB,HTTP/1.1
2025-05-02 11:41:36,stallRate,32.305999994278,109.327434834359,TheEmptinessMachine,CUBIC,RB,HTTP/1.1
2025-05-02 11:41:38,stallRate,34.3050000667572,97.116662116273,TheEmptinessMachine,CUBIC,RB,HTTP/1.1
2025-05-02 11:41:40,stallRate,36.305999994278,87.4119514642389,TheEmptinessMachine,CUBIC,RB,HTTP/1.1
2025-05-02 11:41:42,stallRate,38.305999994278,79.4088033314141,TheEmptinessMachine,CUBIC,RB,HTTP/1.1
2025-05-02 11:41:44,stallRate,40.305999994278,72.7565375920086,TheEmptinessMachine,CUBIC,RB,HTTP/1.1
2025-05-02 11:41:46,stallRate,42.305999994278,67.1443049581135,TheEmptinessMachine,CUBIC,RB,HTTP/1.1
2025-05-02 11:41:48,stallRate,44.305999994278,62.337831424151,TheEmptinessMachine,CUBIC,RB,HTTP/1.1
2025-05-02 11:41:50,stallRate,46.305999994278,58.1771156417216,TheEmptinessMachine,CUBIC,RB,HTTP/1.1
2025-05-02 11:41:52,stallRate,48.305999994278,54.5103527715349,TheEmptinessMachine,CUBIC,RB,HTTP/1.1
2025-05-02 11:41:54,stallRate,50.305999994278,51.3114745283387,TheEmptinessMachine,CUBIC,RB,HTTP/1.1
2025-05-02 11:41:56,stallRate,52.305999994278,48.452182317806,TheEmptinessMachine,CUBIC,RB,HTTP/1.1
2025-05-02 11:41:58,stallRate,54.305999994278,45.8973052114494,TheEmptinessMachine,CUBIC,RB,HTTP/1.1
2025-05-02 11:42:00,stallRate,56.305999994278,43.5867872712629,TheEmptinessMachine,CUBIC,RB,HTTP/1.1
2025-05-02 11:42:02,stallRate,58.305999994278,41.5150930028343,TheEmptinessMachine,CUBIC,RB,HTTP/1.1
2025-05-02 11:42:04,stallRate,60.305999994278,39.624792610369,TheEmptinessMachine,CUBIC,RB,HTTP/1.1
2025-05-02 11:42:06,stallRate,62.3050000667572,37.9064140957064,TheEmptinessMachine,CUBIC,RB,HTTP/1.1
2025-05-02 11:42:08,stallRate,64.305999994278,36.3213222678601,TheEmptinessMachine,CUBIC,RB,HTTP/1.1
2025-05-02 11:42:10,stallRate,66.305999994278,34.8711995690721,TheEmptinessMachine,CUBIC,RB,HTTP/1.1
2025-05-02 11:42:12,stallRate,68.305999994278,33.5270540855328,TheEmptinessMachine,CUBIC,RB,HTTP/1.1
2025-05-02 11:42:14,stallRate,70.305999994278,32.2828179145367,TheEmptinessMachine,CUBIC,RB,HTTP/1.1
2025-05-02 11:42:16,stallRate,72.305999994278,31.1291584962252,TheEmptinessMachine,CUBIC,RB,HTTP/1.1
2025-05-02 11:42:18,stallRate,74.305999994278,30.0558184916295,TheEmptinessMachine,CUBIC,RB,HTTP/1.1
2025-05-02 11:42:20,stallRate,76.305999994278,29.0534645898061,TheEmptinessMachine,CUBIC,RB,HTTP/1.1
2025-05-02 11:42:22,stallRate,78.305999994278,28.1087178516082,TheEmptinessMachine,CUBIC,RB,HTTP/1.1
2025-05-02 11:42:24,stallRate,80.3050000667572,27.2289079969133,TheEmptinessMachine,CUBIC,RB,HTTP/1.1
2025-05-02 11:42:26,stallRate,82.305999994278,26.4027096395341,TheEmptinessMachine,CUBIC,RB,HTTP/1.1
2025-05-02 11:42:28,stallRate,84.305999994278,25.6275261240934,TheEmptinessMachine,CUBIC,RB,HTTP/1.1
2025-05-02 11:42:30,stallRate,86.3050000667572,24.8918578768234,TheEmptinessMachine,CUBIC,RB,HTTP/1.1
2025-05-02 11:42:32,stallRate,88.3050000667572,24.1976469785702,TheEmptinessMachine,CUBIC,RB,HTTP/1.1
2025-05-02 11:42:34,stallRate,90.305999994278,23.5455913986437,TheEmptinessMachine,CUBIC,RB,HTTP/1.1
2025-05-02 11:42:36,stallRate,92.305999994278,22.9249868177054,TheEmptinessMachine,CUBIC,RB,HTTP/1.1
2025-05-02 11:42:38,stallRate,94.305999994278,22.3367594276893,TheEmptinessMachine,CUBIC,RB,HTTP/1.1
2025-05-02 11:42:40,stallRate,96.305999994278,21.7791189917507,TheEmptinessMachine,CUBIC,RB,HTTP/1.1
2025-05-02 11:42:42,stallRate,98.305999994278,21.2479433717658,TheEmptinessMachine,CUBIC,RB,HTTP/1.1
2025-05-02 11:42:44,stallRate,100.305999994278,20.7396462268126,TheEmptinessMachine,CUBIC,RB,HTTP/1.1
2025-05-02 11:42:46,stallRate,102.305999994278,20.260017158047,TheEmptinessMachine,CUBIC,RB,HTTP/1.1
2025-05-02 11:42:48,stallRate,104.305999994278,19.797991971597,TheEmptinessMachine,CUBIC,RB,HTTP/1.1
2025-05-02 11:42:50,stallRate,106.305999994278,19.3566358176835,TheEmptinessMachine,CUBIC,RB,HTTP/1.1
2025-05-02 11:42:52,stallRate,108.305999994278,18.9341006816879,TheEmptinessMachine,CUBIC,RB,HTTP/1.1
2025-05-02 11:42:54,stallRate,110.305999994278,18.5320533808987,TheEmptinessMachine,CUBIC,RB,HTTP/1.1
2025-05-02 11:42:56,stallRate,112.305999994278,18.144600292299,TheEmptinessMachine,CUBIC,RB,HTTP/1.1
2025-05-02 11:42:58,stallRate,114.305999994278,17.7926720533858,TheEmptinessMachine,CUBIC,RB,HTTP/1.1
2025-05-02 11:43:00,stallRate,116.305999994278,17.437159589215,TheEmptinessMachine,CUBIC,RB,HTTP/1.1
2025-05-02 11:43:02,stallRate,118.305000066757,17.0944978781573,TheEmptinessMachine,CUBIC,RB,HTTP/1.1
2025-05-02 11:43:04,stallRate,120.305999994278,16.7658926570789,TheEmptinessMachine,CUBIC,RB,HTTP/1.1
2025-05-02 11:43:06,stallRate,122.305999994278,16.4485128175587,TheEmptinessMachine,CUBIC,RB,HTTP/1.1
2025-05-02 11:43:08,stallRate,124.305999994278,16.1428729075516,TheEmptinessMachine,CUBIC,RB,HTTP/1.1
2025-05-02 11:43:10,stallRate,126.305999994278,15.8486958139245,TheEmptinessMachine,CUBIC,RB,HTTP/1.1
2025-05-02 11:43:12,stallRate,128.305999994278,15.5655683407475,TheEmptinessMachine,CUBIC,RB,HTTP/1.1
2025-05-02 11:43:14,stallRate,130.305999994278,15.2924150461185,TheEmptinessMachine,CUBIC,RB,HTTP/1.1
2025-05-02 11:43:16,stallRate,132.305999994278,15.0288655825276,TheEmptinessMachine,CUBIC,RB,HTTP/1.1
2025-05-02 11:43:18,stallRate,134.305999994278,14.7744885165076,TheEmptinessMachine,CUBIC,RB,HTTP/1.1
2025-05-02 11:43:20,stallRate,136.305999994278,14.5284021700865,TheEmptinessMachine,CUBIC,RB,HTTP/1.1
2025-05-02 11:43:22,stallRate,138.305999994278,14.2888066539697,TheEmptinessMachine,CUBIC,RB,HTTP/1.1
2025-05-02 11:43:24,stallRate,140.305999994278,14.058456890314,TheEmptinessMachine,CUBIC,RB,HTTP/1.1
2025-05-02 11:43:26,stallRate,142.305999994278,13.8347866009459,TheEmptinessMachine,CUBIC,RB,HTTP/1.1
2025-05-02 11:43:28,stallRate,144.305999994278,13.6181683968147,TheEmptinessMachine,CUBIC,RB,HTTP/1.1
2025-05-02 11:43:30,stallRate,146.305999994278,13.4082927909095,TheEmptinessMachine,CUBIC,RB,HTTP/1.1
2025-05-02 11:43:32,stallRate,148.305999994278,13.2052609564873,TheEmptinessMachine,CUBIC,RB,HTTP/1.1
2025-05-02 11:43:34,stallRate,150.305999994278,13.0082030716977,TheEmptinessMachine,CUBIC,RB,HTTP/1.1
2025-05-02 11:43:36,stallRate,152.305999994278,12.8171102412414,TheEmptinessMachine,CUBIC,RB,HTTP/1.1
2025-05-02 11:43:38,stallRate,154.305999994278,12.6304153884277,TheEmptinessMachine,CUBIC,RB,HTTP/1.1
2025-05-02 11:43:40,stallRate,156.305000066757,12.4492796089052,TheEmptinessMachine,CUBIC,RB,HTTP/1.1
2025-05-02 11:43:44,stallRate,160.305999994278,13.5266423890303,TheEmptinessMachine,CUBIC,RB,HTTP/1.1
2025-05-02 11:43:46,stallRate,162.305000066757,13.3413918284622,TheEmptinessMachine,CUBIC,RB,HTTP/1.1
2025-05-02 11:43:48,stallRate,164.305999994278,13.1610951061415,TheEmptinessMachine,CUBIC,RB,HTTP/1.1
2025-05-02 11:43:50,stallRate,166.305999994278,12.9858803742276,TheEmptinessMachine,CUBIC,RB,HTTP/1.1
2025-05-02 11:43:52,stallRate,168.305999994278,12.8141433407202,TheEmptinessMachine,CUBIC,RB,HTTP/1.1
2025-05-02 11:43:54,stallRate,170.305999994278,12.6471255029256,TheEmptinessMachine,CUBIC,RB,HTTP/1.1
2025-05-02 11:43:56,stallRate,172.305999994278,12.4840699887158,TheEmptinessMachine,CUBIC,RB,HTTP/1.1
2025-05-02 11:43:58,stallRate,174.305000066757,12.3262909824676,TheEmptinessMachine,CUBIC,RB,HTTP/1.1
2025-05-02 11:44:00,stallRate,176.305999994278,12.1715962628433,TheEmptinessMachine,CUBIC,RB,HTTP/1.1
2025-05-02 11:44:02,stallRate,178.305999994278,12.0218537109392,TheEmptinessMachine,CUBIC,RB,HTTP/1.1
2025-05-02 11:44:04,stallRate,180.305999994278,11.874915753818,TheEmptinessMachine,CUBIC,RB,HTTP/1.1
2025-05-02 11:44:06,stallRate,182.305999994278,11.731655462663,TheEmptinessMachine,CUBIC,RB,HTTP/1.1
2025-05-02 11:44:10,stallRate,186.305999994278,12.620895020726,TheEmptinessMachine,CUBIC,RB,HTTP/1.1
2025-05-02 11:44:12,stallRate,188.305999994278,12.4733151976838,TheEmptinessMachine,CUBIC,RB,HTTP/1.1
2025-05-02 11:44:14,stallRate,190.305999994278,12.3307165101528,TheEmptinessMachine,CUBIC,RB,HTTP/1.1
2025-05-02 11:44:16,stallRate,192.305000066757,12.1900822393326,TheEmptinessMachine,CUBIC,RB,HTTP/1.1
2025-05-02 11:44:18,stallRate,194.305999994278,12.0527010012064,TheEmptinessMachine,CUBIC,RB,HTTP/1.1
2025-05-02 11:44:20,stallRate,196.305999994278,11.9192004472678,TheEmptinessMachine,CUBIC,RB,HTTP/1.1
2025-05-02 11:44:22,stallRate,198.305999994278,11.7879375343,TheEmptinessMachine,CUBIC,RB,HTTP/1.1
2025-05-02 11:44:24,stallRate,200.305999994278,11.6589946257139,TheEmptinessMachine,CUBIC,RB,HTTP/1.1
2025-05-02 11:44:26,stallRate,202.305999994278,11.5337564519157,TheEmptinessMachine,CUBIC,RB,HTTP/1.1
2025-05-02 11:44:28,stallRate,204.308000087738,11.4106608090892,TheEmptinessMachine,CUBIC,RB,HTTP/1.1
2025-05-02 11:44:30,stallRate,206.305999994278,11.2904565327441,TheEmptinessMachine,CUBIC,RB,HTTP/1.1
2025-05-02 11:44:32,stallRate,208.305999994278,11.1723362220538,TheEmptinessMachine,CUBIC,RB,HTTP/1.1
2025-05-02 11:44:34,stallRate,210.305999994278,11.0567622573001,TheEmptinessMachine,CUBIC,RB,HTTP/1.1
2025-05-02 11:44:36,stallRate,212.305999994278,10.9437672432376,TheEmptinessMachine,CUBIC,RB,HTTP/1.1
2025-05-02 11:44:38,stallRate,214.305999994278,10.8333552613399,TheEmptinessMachine,CUBIC,RB,HTTP/1.1
2025-05-02 11:44:40,stallRate,216.305000066757,10.7245183752218,TheEmptinessMachine,CUBIC,RB,HTTP/1.1
2025-05-02 11:44:44,stallRate,220.305000066757,10.5150510119912,TheEmptinessMachine,CUBIC,RB,HTTP/1.1
2025-05-02 11:45:09,stallRate,4.10999989509583,0.0,TheEmptinessMachine,CUBIC,RB,HTTP/2
2025-05-02 11:45:11,stallRate,6.10999989509583,0.0,TheEmptinessMachine,CUBIC,RB,HTTP/2
2025-05-02 11:45:47,stallRate,42.1099998950958,231.498975146369,TheEmptinessMachine,CUBIC,RB,HTTP/2
2025-05-02 11:45:49,stallRate,44.1099998950958,201.034994881928,TheEmptinessMachine,CUBIC,RB,HTTP/2
2025-05-02 11:45:51,stallRate,46.1099998950958,177.843120117774,TheEmptinessMachine,CUBIC,RB,HTTP/2
2025-05-02 11:45:53,stallRate,48.1099998950958,159.655733868362,TheEmptinessMachine,CUBIC,RB,HTTP/2
2025-05-02 11:45:55,stallRate,50.1099998950958,144.829652103053,TheEmptinessMachine,CUBIC,RB,HTTP/2
2025-05-02 11:45:57,stallRate,52.1110000610352,132.390845368674,TheEmptinessMachine,CUBIC,RB,HTTP/2
2025-05-02 11:45:59,stallRate,54.1099998950958,121.996816425885,TheEmptinessMachine,CUBIC,RB,HTTP/2
2025-05-02 11:46:01,stallRate,56.1099998950958,113.051394362324,TheEmptinessMachine,CUBIC,RB,HTTP/2
2025-05-02 11:46:09,stallRate,64.1099998950958,100.232986315921,TheEmptinessMachine,CUBIC,RB,HTTP/2
2025-05-02 11:46:11,stallRate,66.1099998950958,94.3350358097768,TheEmptinessMachine,CUBIC,RB,HTTP/2
2025-05-02 11:46:13,stallRate,68.1099998950958,89.0771731681916,TheEmptinessMachine,CUBIC,RB,HTTP/2
2025-05-02 11:46:15,stallRate,70.1099998950958,84.3980097973083,TheEmptinessMachine,CUBIC,RB,HTTP/2
2025-05-02 11:46:17,stallRate,72.1099998950958,80.1590471741874,TheEmptinessMachine,CUBIC,RB,HTTP/2
2025-05-02 11:46:19,stallRate,74.1099998950958,76.3466638980128,TheEmptinessMachine,CUBIC,RB,HTTP/2
2025-05-02 11:46:21,stallRate,76.1099998950958,72.8689646160863,TheEmptinessMachine,CUBIC,RB,HTTP/2
2025-05-02 11:46:23,stallRate,78.1099998950958,69.695233603928,TheEmptinessMachine,CUBIC,RB,HTTP/2
2025-05-02 11:46:25,stallRate,80.1110000610352,66.7878936272832,TheEmptinessMachine,CUBIC,RB,HTTP/2
2025-05-02 11:46:27,stallRate,82.1099998950958,64.1154514389318,TheEmptinessMachine,CUBIC,RB,HTTP/2
2025-05-02 11:46:29,stallRate,84.1099998950958,61.6499756735048,TheEmptinessMachine,CUBIC,RB,HTTP/2
2025-05-02 11:46:33,stallRate,88.1099998950958,60.043557310919,TheEmptinessMachine,CUBIC,RB,HTTP/2
2025-05-02 11:46:35,stallRate,90.1110000610352,57.9632093646124,TheEmptinessMachine,CUBIC,RB,HTTP/2
2025-05-02 11:46:37,stallRate,92.1099998950958,56.0348802045005,TheEmptinessMachine,CUBIC,RB,HTTP/2
2025-05-02 11:46:39,stallRate,94.1099998950958,54.2233367493053,TheEmptinessMachine,CUBIC,RB,HTTP/2
2025-05-02 11:46:41,stallRate,96.1099998950958,52.525341569784,TheEmptinessMachine,CUBIC,RB,HTTP/2
2025-05-02 11:46:43,stallRate,98.1110000610352,50.9187416706529,TheEmptinessMachine,CUBIC,RB,HTTP/2
2025-05-02 11:46:45,stallRate,100.109999895096,49.4185211435912,TheEmptinessMachine,CUBIC,RB,HTTP/2
2025-05-02 11:46:47,stallRate,102.109999895096,48.0054553880879,TheEmptinessMachine,CUBIC,RB,HTTP/2
2025-05-02 11:46:49,stallRate,104.109999895096,46.6743670194349,TheEmptinessMachine,CUBIC,RB,HTTP/2
2025-05-02 11:46:51,stallRate,106.109999895096,45.4136458221976,TheEmptinessMachine,CUBIC,RB,HTTP/2
2025-05-02 11:46:53,stallRate,108.111000061035,44.2124476008345,TheEmptinessMachine,CUBIC,RB,HTTP/2
2025-05-02 11:46:55,stallRate,110.109999895096,43.0859615649246,TheEmptinessMachine,CUBIC,RB,HTTP/2
2025-05-02 11:46:57,stallRate,112.109999895096,42.004392692119,TheEmptinessMachine,CUBIC,RB,HTTP/2
2025-05-02 11:46:59,stallRate,114.109999895096,40.9836301538372,TheEmptinessMachine,CUBIC,RB,HTTP/2
2025-05-02 11:47:01,stallRate,116.109999895096,40.0034603284345,TheEmptinessMachine,CUBIC,RB,HTTP/2
2025-05-02 11:47:03,stallRate,118.109999895096,39.073124272316,TheEmptinessMachine,CUBIC,RB,HTTP/2
2025-05-02 11:47:05,stallRate,120.109999895096,38.1846420756658,TheEmptinessMachine,CUBIC,RB,HTTP/2
2025-05-02 11:47:07,stallRate,122.109999895096,37.3380348896506,TheEmptinessMachine,CUBIC,RB,HTTP/2
2025-05-02 11:47:09,stallRate,124.109999895096,36.5224276615892,TheEmptinessMachine,CUBIC,RB,HTTP/2
2025-05-02 11:47:11,stallRate,126.109999895096,35.7473930497788,TheEmptinessMachine,CUBIC,RB,HTTP/2
2025-05-02 11:47:13,stallRate,128.111000061035,35.0016057832152,TheEmptinessMachine,CUBIC,RB,HTTP/2
2025-05-02 11:47:15,stallRate,130.109999895096,34.2859705611294,TheEmptinessMachine,CUBIC,RB,HTTP/2
2025-05-02 11:47:17,stallRate,132.109999895096,33.6035364506114,TheEmptinessMachine,CUBIC,RB,HTTP/2
2025-05-02 11:47:19,stallRate,134.109999895096,32.9426184920539,TheEmptinessMachine,CUBIC,RB,HTTP/2
2025-05-02 11:47:33,stallRate,148.109999895096,35.1215068962899,TheEmptinessMachine,CUBIC,RB,HTTP/2
2025-05-02 11:47:35,stallRate,150.111000061035,34.4847260836375,TheEmptinessMachine,CUBIC,RB,HTTP/2
2025-05-02 11:47:37,stallRate,152.109999895096,33.8754200297929,TheEmptinessMachine,CUBIC,RB,HTTP/2
2025-05-02 11:47:39,stallRate,154.109999895096,33.2841929980008,TheEmptinessMachine,CUBIC,RB,HTTP/2
2025-05-02 11:47:41,stallRate,156.109999895096,32.7136465056507,TheEmptinessMachine,CUBIC,RB,HTTP/2
2025-05-02 11:47:43,stallRate,158.109999895096,32.163091091027,TheEmptinessMachine,CUBIC,RB,HTTP/2
2025-05-02 11:47:45,stallRate,160.109999895096,31.6310298674744,TheEmptinessMachine,CUBIC,RB,HTTP/2
2025-05-02 11:47:47,stallRate,162.109999895096,31.1165433583582,TheEmptinessMachine,CUBIC,RB,HTTP/2
2025-05-02 11:47:49,stallRate,164.109999895096,30.6142762470777,TheEmptinessMachine,CUBIC,RB,HTTP/2
2025-05-02 11:47:51,stallRate,166.109999895096,30.1305130879475,TheEmptinessMachine,CUBIC,RB,HTTP/2
2025-05-02 11:47:53,stallRate,168.109999895096,29.6624266504711,TheEmptinessMachine,CUBIC,RB,HTTP/2
2025-05-02 11:47:55,stallRate,170.109999895096,29.2098936660841,TheEmptinessMachine,CUBIC,RB,HTTP/2
2025-05-02 11:47:57,stallRate,172.109999895096,28.7678222174729,TheEmptinessMachine,CUBIC,RB,HTTP/2
2025-05-02 11:47:59,stallRate,174.109999895096,28.3396442923567,TheEmptinessMachine,CUBIC,RB,HTTP/2
2025-05-02 11:48:01,stallRate,176.111000061035,27.9268880556363,TheEmptinessMachine,CUBIC,RB,HTTP/2
2025-05-02 11:48:03,stallRate,178.109999895096,27.5242518414037,TheEmptinessMachine,CUBIC,RB,HTTP/2
2025-05-02 11:48:05,stallRate,180.111000061035,27.1352493996029,TheEmptinessMachine,CUBIC,RB,HTTP/2
2025-05-02 11:48:07,stallRate,182.109999895096,26.7545891589763,TheEmptinessMachine,CUBIC,RB,HTTP/2
2025-05-02 11:48:09,stallRate,184.109999895096,26.3850595329938,TheEmptinessMachine,CUBIC,RB,HTTP/2
2025-05-02 11:48:11,stallRate,186.109999895096,26.0258868086551,TheEmptinessMachine,CUBIC,RB,HTTP/2
2025-05-02 11:48:13,stallRate,188.109999895096,25.6765271852163,TheEmptinessMachine,CUBIC,RB,HTTP/2
2025-05-02 11:48:15,stallRate,190.109999895096,25.3345510683543,TheEmptinessMachine,CUBIC,RB,HTTP/2
2025-05-02 11:48:17,stallRate,192.109999895096,25.0020510165044,TheEmptinessMachine,CUBIC,RB,HTTP/2
2025-05-02 11:48:19,stallRate,194.111000061035,24.6787989314048,TheEmptinessMachine,CUBIC,RB,HTTP/2
2025-05-02 11:48:21,stallRate,196.111000061035,24.363972697188,TheEmptinessMachine,CUBIC,RB,HTTP/2
2025-05-02 11:48:23,stallRate,198.109999895096,24.0557479990251,TheEmptinessMachine,CUBIC,RB,HTTP/2
2025-05-02 11:48:25,stallRate,200.109999895096,23.757415183817,TheEmptinessMachine,CUBIC,RB,HTTP/2
2025-05-02 11:48:27,stallRate,202.109999895096,23.4650963953917,TheEmptinessMachine,CUBIC,RB,HTTP/2
2025-05-02 11:48:29,stallRate,204.111000061035,23.179933593388,TheEmptinessMachine,CUBIC,RB,HTTP/2
2025-05-02 11:48:31,stallRate,206.111000061035,22.9022412735307,TheEmptinessMachine,CUBIC,RB,HTTP/2
2025-05-02 11:48:33,stallRate,208.111000061035,22.6312630965817,TheEmptinessMachine,CUBIC,RB,HTTP/2
2025-05-02 11:48:35,stallRate,210.111000061035,22.8521357137469,TheEmptinessMachine,CUBIC,RB,HTTP/2
2025-05-02 11:48:37,stallRate,212.109999895096,22.5873670756846,TheEmptinessMachine,CUBIC,RB,HTTP/2
2025-05-02 11:48:39,stallRate,214.109999895096,22.3290202377685,TheEmptinessMachine,CUBIC,RB,HTTP/2
2025-05-02 11:48:41,stallRate,216.109999895096,22.0765980609678,TheEmptinessMachine,CUBIC,RB,HTTP/2
2025-05-02 11:49:13,stallRate,8.11399984359741,0.0,TheEmptinessMachine,CUBIC,RB,HTTP/3
2025-05-02 11:49:15,stallRate,10.1109998226166,0.0,TheEmptinessMachine,CUBIC,RB,HTTP/3
2025-05-02 11:49:17,stallRate,12.1109998226166,0.0,TheEmptinessMachine,CUBIC,RB,HTTP/3
2025-05-02 11:49:19,stallRate,14.1119999885559,0.0,TheEmptinessMachine,CUBIC,RB,HTTP/3
2025-05-02 11:49:21,stallRate,16.1119999885559,0.0,TheEmptinessMachine,CUBIC,RB,HTTP/3
2025-05-02 11:49:23,stallRate,18.1109998226166,0.0,TheEmptinessMachine,CUBIC,RB,HTTP/3
2025-05-02 11:49:29,stallRate,24.1109998226166,0.0,TheEmptinessMachine,CUBIC,RB,HTTP/3
2025-05-02 11:49:31,stallRate,26.1109998226166,0.0,TheEmptinessMachine,CUBIC,RB,HTTP/3
2025-05-02 11:49:35,stallRate,30.1109998226166,0.0,TheEmptinessMachine,CUBIC,RB,HTTP/3
2025-05-02 11:49:37,stallRate,32.1109998226166,0.0,TheEmptinessMachine,CUBIC,RB,HTTP/3
2025-05-02 11:49:39,stallRate,34.1109998226166,0.0,TheEmptinessMachine,CUBIC,RB,HTTP/3
2025-05-02 11:49:41,stallRate,36.1119999885559,0.0,TheEmptinessMachine,CUBIC,RB,HTTP/3
2025-05-02 11:49:43,stallRate,38.1119999885559,0.0,TheEmptinessMachine,CUBIC,RB,HTTP/3
2025-05-02 11:49:47,stallRate,42.1119999885559,5.02534909651035,TheEmptinessMachine,CUBIC,RB,HTTP/3
2025-05-02 11:49:49,stallRate,44.1109998226166,4.74547542357818,TheEmptinessMachine,CUBIC,RB,HTTP/3
2025-05-02 11:49:51,stallRate,46.1119999885559,4.49351792470396,TheEmptinessMachine,CUBIC,RB,HTTP/3
2025-05-02 11:49:53,stallRate,48.1119999885559,4.26742074046133,TheEmptinessMachine,CUBIC,RB,HTTP/3
2025-05-02 11:49:55,stallRate,50.1119999885559,4.06194890309882,TheEmptinessMachine,CUBIC,RB,HTTP/3
2025-05-02 11:49:57,stallRate,52.1109998226166,3.87733708110736,TheEmptinessMachine,CUBIC,RB,HTTP/3
2025-05-02 11:49:59,stallRate,54.1119999885559,3.7072545821397,TheEmptinessMachine,CUBIC,RB,HTTP/3
2025-05-02 11:50:01,stallRate,56.1119999885559,3.55156422788748,TheEmptinessMachine,CUBIC,RB,HTTP/3
2025-05-02 11:50:03,stallRate,58.1119999885559,3.40882424890526,TheEmptinessMachine,CUBIC,RB,HTTP/3
2025-05-02 11:50:05,stallRate,60.1119999885559,3.27719722084888,TheEmptinessMachine,CUBIC,RB,HTTP/3
2025-05-02 11:50:07,stallRate,62.1109998226166,3.15537039128084,TheEmptinessMachine,CUBIC,RB,HTTP/3
2025-05-02 11:50:09,stallRate,64.1109998226166,3.04245190283314,TheEmptinessMachine,CUBIC,RB,HTTP/3
2025-05-02 11:50:11,stallRate,66.1119999885559,2.93661441902893,TheEmptinessMachine,CUBIC,RB,HTTP/3
2025-05-02 11:50:13,stallRate,68.1119999885559,2.83802593932865,TheEmptinessMachine,CUBIC,RB,HTTP/3
2025-05-02 11:50:15,stallRate,70.1119999885559,2.74637194776082,TheEmptinessMachine,CUBIC,RB,HTTP/3
2025-05-02 11:50:17,stallRate,72.1119999885559,2.66012768649717,TheEmptinessMachine,CUBIC,RB,HTTP/3
2025-05-02 11:50:19,stallRate,74.1119999885559,2.57968743176609,TheEmptinessMachine,CUBIC,RB,HTTP/3
2025-05-02 11:50:21,stallRate,76.1119999885559,2.50337861684893,TheEmptinessMachine,CUBIC,RB,HTTP/3
2025-05-02 11:50:23,stallRate,78.1109998226166,2.43158489085812,TheEmptinessMachine,CUBIC,RB,HTTP/3
2025-05-02 11:50:25,stallRate,80.1119999885559,2.36383939384884,TheEmptinessMachine,CUBIC,RB,HTTP/3
2025-05-02 11:50:29,stallRate,84.1119999885559,2.23885952103337,TheEmptinessMachine,CUBIC,RB,HTTP/3
2025-05-02 11:50:31,stallRate,86.1109998226166,2.1814316286486,TheEmptinessMachine,CUBIC,RB,HTTP/3
2025-05-02 11:50:33,stallRate,88.1109998226166,2.12668243947222,TheEmptinessMachine,CUBIC,RB,HTTP/3
2025-05-02 11:50:35,stallRate,90.1119999885559,2.07457786044766,TheEmptinessMachine,CUBIC,RB,HTTP/3
2025-05-02 11:50:37,stallRate,92.1109998226166,2.0250065455182,TheEmptinessMachine,CUBIC,RB,HTTP/3
2025-05-02 11:50:39,stallRate,94.1109998226166,1.977809832299,TheEmptinessMachine,CUBIC,RB,HTTP/3
2025-05-02 11:50:41,stallRate,96.1119999885559,1.9327682310223,TheEmptinessMachine,CUBIC,RB,HTTP/3
2025-05-02 11:50:43,stallRate,98.1109998226166,1.88950509329627,TheEmptinessMachine,CUBIC,RB,HTTP/3
2025-05-02 11:50:45,stallRate,100.111999988556,1.84794530962242,TheEmptinessMachine,CUBIC,RB,HTTP/3
2025-05-02 11:50:47,stallRate,102.111999988556,1.80858544943722,TheEmptinessMachine,CUBIC,RB,HTTP/3
2025-05-02 11:50:49,stallRate,104.111999988556,1.7709098031579,TheEmptinessMachine,CUBIC,RB,HTTP/3
2025-05-02 11:50:55,stallRate,110.111999988556,4.28691204748878,TheEmptinessMachine,CUBIC,RB,HTTP/3
2025-05-02 11:50:57,stallRate,112.111999988556,4.2045590542624,TheEmptinessMachine,CUBIC,RB,HTTP/3
2025-05-02 11:50:59,stallRate,114.110999822617,4.12516739907845,TheEmptinessMachine,CUBIC,RB,HTTP/3
2025-05-02 11:51:01,stallRate,116.111999988556,4.04867172160799,TheEmptinessMachine,CUBIC,RB,HTTP/3
2025-05-02 11:51:03,stallRate,118.111999988556,3.9750615242293,TheEmptinessMachine,CUBIC,RB,HTTP/3
2025-05-02 11:51:05,stallRate,120.110999822617,3.90402952550001,TheEmptinessMachine,CUBIC,RB,HTTP/3
2025-05-02 11:51:07,stallRate,122.110999822617,3.83544863346614,TheEmptinessMachine,CUBIC,RB,HTTP/3
2025-05-02 11:51:09,stallRate,124.110999822617,3.76868004233955,TheEmptinessMachine,CUBIC,RB,HTTP/3
2025-05-02 11:51:11,stallRate,126.110999822617,3.70460087499386,TheEmptinessMachine,CUBIC,RB,HTTP/3
2025-05-02 11:51:13,stallRate,128.111999988556,3.64271025774177,TheEmptinessMachine,CUBIC,RB,HTTP/3
2025-05-02 11:51:15,stallRate,130.111999988556,3.5830190835947,TheEmptinessMachine,CUBIC,RB,HTTP/3
2025-05-02 11:51:17,stallRate,132.111999988556,3.52483206664,TheEmptinessMachine,CUBIC,RB,HTTP/3
2025-05-02 11:51:19,stallRate,134.110999822617,3.46896386722397,TheEmptinessMachine,CUBIC,RB,HTTP/3
2025-05-02 11:51:21,stallRate,136.110999822617,3.41467071204869,TheEmptinessMachine,CUBIC,RB,HTTP/3
2025-05-02 11:51:23,stallRate,138.110999822617,3.36190201235869,TheEmptinessMachine,CUBIC,RB,HTTP/3
2025-05-02 11:51:25,stallRate,140.110999822617,3.3108337126093,TheEmptinessMachine,CUBIC,RB,HTTP/3
2025-05-02 11:51:27,stallRate,142.111999988556,3.26120397864814,TheEmptinessMachine,CUBIC,RB,HTTP/3
2025-05-02 11:51:29,stallRate,144.110999822617,3.56758618679815,TheEmptinessMachine,CUBIC,RB,HTTP/3
2025-05-02 11:51:31,stallRate,146.111999988556,3.5155917227772,TheEmptinessMachine,CUBIC,RB,HTTP/3
2025-05-02 11:51:33,stallRate,148.111999988556,3.46520536145134,TheEmptinessMachine,CUBIC,RB,HTTP/3
2025-05-02 11:51:35,stallRate,150.111999988556,3.41632460588929,TheEmptinessMachine,CUBIC,RB,HTTP/3
2025-05-02 11:51:37,stallRate,152.111999988556,3.36886294567118,TheEmptinessMachine,CUBIC,RB,HTTP/3
2025-05-02 11:51:39,stallRate,154.111999988556,3.32247776730647,TheEmptinessMachine,CUBIC,RB,HTTP/3
2025-05-02 11:51:41,stallRate,156.111999988556,3.27765303952747,TheEmptinessMachine,CUBIC,RB,HTTP/3
2025-05-02 11:51:43,stallRate,158.111999988556,3.234024171979,TheEmptinessMachine,CUBIC,RB,HTTP/3
2025-05-02 11:51:47,stallRate,162.111999988556,3.95890720879732,TheEmptinessMachine,CUBIC,RB,HTTP/3
2025-05-02 11:51:49,stallRate,164.111999988556,3.90792034386284,TheEmptinessMachine,CUBIC,RB,HTTP/3
2025-05-02 11:51:51,stallRate,166.111999988556,3.85825102623627,TheEmptinessMachine,CUBIC,RB,HTTP/3
2025-05-02 11:51:53,stallRate,168.110999822617,3.8099662698326,TheEmptinessMachine,CUBIC,RB,HTTP/3
2025-05-02 11:51:55,stallRate,170.110999822617,3.7628776729821,TheEmptinessMachine,CUBIC,RB,HTTP/3
2025-05-02 11:51:57,stallRate,172.110999822617,3.71677993483795,TheEmptinessMachine,CUBIC,RB,HTTP/3
2025-05-02 11:51:59,stallRate,174.111999988556,3.67182241508286,TheEmptinessMachine,CUBIC,RB,HTTP/3
2025-05-02 11:52:01,stallRate,176.111999988556,3.62824256213255,TheEmptinessMachine,CUBIC,RB,HTTP/3
2025-05-02 11:52:03,stallRate,178.110999822617,3.58541150338733,TheEmptinessMachine,CUBIC,RB,HTTP/3
2025-05-02 11:52:05,stallRate,180.111999988556,3.54365922214646,TheEmptinessMachine,CUBIC,RB,HTTP/3
2025-05-02 11:52:07,stallRate,182.111999988556,3.50266875160352,TheEmptinessMachine,CUBIC,RB,HTTP/3
2025-05-02 11:52:09,stallRate,184.110999822617,3.46305992068874,TheEmptinessMachine,CUBIC,RB,HTTP/3
2025-05-02 11:52:11,stallRate,186.110999822617,3.42398605570158,TheEmptinessMachine,CUBIC,RB,HTTP/3
2025-05-02 11:52:13,stallRate,188.110999822617,3.38605113751923,TheEmptinessMachine,CUBIC,RB,HTTP/3
2025-05-02 11:52:15,stallRate,190.110999822617,3.34881320103853,TheEmptinessMachine,CUBIC,RB,HTTP/3
2025-05-02 11:52:17,stallRate,192.110999822617,3.31229360467191,TheEmptinessMachine,CUBIC,RB,HTTP/3
2025-05-02 11:52:19,stallRate,194.110999822617,3.27661491026611,TheEmptinessMachine,CUBIC,RB,HTTP/3
2025-05-02 11:52:21,stallRate,196.111999988556,3.24176262295814,TheEmptinessMachine,CUBIC,RB,HTTP/3
2025-05-02 11:52:23,stallRate,198.111999988556,3.217916293521,TheEmptinessMachine,CUBIC,RB,HTTP/3
2025-05-02 11:52:25,stallRate,200.111999988556,3.1843944615364,TheEmptinessMachine,CUBIC,RB,HTTP/3
2025-05-02 11:52:27,stallRate,202.111999988556,3.19482414886215,TheEmptinessMachine,CUBIC,RB,HTTP/3
2025-05-02 11:52:29,stallRate,204.111999988556,3.16226615172596,TheEmptinessMachine,CUBIC,RB,HTTP/3
2025-05-02 11:52:31,stallRate,206.110999822617,3.13038319729489,TheEmptinessMachine,CUBIC,RB,HTTP/3
2025-05-02 11:52:33,stallRate,208.111999988556,3.09883653377136,TheEmptinessMachine,CUBIC,RB,HTTP/3
2025-05-02 11:52:35,stallRate,210.111999988556,3.06808768889068,TheEmptinessMachine,CUBIC,RB,HTTP/3
2025-05-02 11:52:37,stallRate,212.111999988556,3.03797155052214,TheEmptinessMachine,CUBIC,RB,HTTP/3
2025-05-02 11:53:15,stallRate,4.5479998588562,0.0,TheEmptinessMachine,CUBIC,Throughput,HTTP/1.1
2025-05-02 11:53:17,stallRate,6.5479998588562,0.0,TheEmptinessMachine,CUBIC,Throughput,HTTP/1.1
2025-05-02 11:53:19,stallRate,8.5479998588562,0.0,TheEmptinessMachine,CUBIC,Throughput,HTTP/1.1
2025-05-02 11:53:25,stallRate,14.5490000247955,25.2768287922317,TheEmptinessMachine,CUBIC,Throughput,HTTP/1.1
2025-05-02 11:53:27,stallRate,16.5479998588562,24.3734534449737,TheEmptinessMachine,CUBIC,Throughput,HTTP/1.1
2025-05-02 11:53:31,stallRate,20.5479998588562,19.3353783413191,TheEmptinessMachine,CUBIC,Throughput,HTTP/1.1
2025-05-02 11:53:33,stallRate,22.5479998588562,17.3658802817072,TheEmptinessMachine,CUBIC,Throughput,HTTP/1.1
2025-05-02 11:53:35,stallRate,24.5479998588562,15.7521264837414,TheEmptinessMachine,CUBIC,Throughput,HTTP/1.1
2025-05-02 11:53:37,stallRate,26.5479998588562,21.9847668827358,TheEmptinessMachine,CUBIC,Throughput,HTTP/1.1
2025-05-02 11:53:39,stallRate,28.5479998588562,20.2641185402639,TheEmptinessMachine,CUBIC,Throughput,HTTP/1.1
2025-05-02 11:53:41,stallRate,30.5479998588562,18.8054003313556,TheEmptinessMachine,CUBIC,Throughput,HTTP/1.1
2025-05-02 11:53:43,stallRate,32.5479998588562,17.5339007856517,TheEmptinessMachine,CUBIC,Throughput,HTTP/1.1
2025-05-02 11:53:45,stallRate,34.5479998588562,16.4306154913472,TheEmptinessMachine,CUBIC,Throughput,HTTP/1.1
2025-05-02 11:53:47,stallRate,36.5479998588562,15.4524758482959,TheEmptinessMachine,CUBIC,Throughput,HTTP/1.1
2025-05-02 11:53:49,stallRate,38.5479998588562,14.5839675366965,TheEmptinessMachine,CUBIC,Throughput,HTTP/1.1
2025-05-02 11:53:51,stallRate,40.5479998588562,13.811657667884,TheEmptinessMachine,CUBIC,Throughput,HTTP/1.1
2025-05-02 11:53:53,stallRate,42.5479998588562,13.1141628220909,TheEmptinessMachine,CUBIC,Throughput,HTTP/1.1
2025-05-02 11:53:55,stallRate,44.5479998588562,12.4839724019684,TheEmptinessMachine,CUBIC,Throughput,HTTP/1.1
2025-05-02 11:53:57,stallRate,46.5479998588562,11.909887499608,TheEmptinessMachine,CUBIC,Throughput,HTTP/1.1
2025-05-02 11:53:59,stallRate,48.5490000247955,11.3891297489766,TheEmptinessMachine,CUBIC,Throughput,HTTP/1.1
2025-05-02 11:54:01,stallRate,50.5479998588562,10.9094538229842,TheEmptinessMachine,CUBIC,Throughput,HTTP/1.1
2025-05-02 11:54:03,stallRate,52.5479998588562,10.4727110962043,TheEmptinessMachine,CUBIC,Throughput,HTTP/1.1
2025-05-02 11:54:05,stallRate,54.5479998588562,12.0649868775056,TheEmptinessMachine,CUBIC,Throughput,HTTP/1.1
2025-05-02 11:54:07,stallRate,56.5479998588562,11.8545688077065,TheEmptinessMachine,CUBIC,Throughput,HTTP/1.1
2025-05-02 11:54:09,stallRate,58.5479998588562,11.4298162187286,TheEmptinessMachine,CUBIC,Throughput,HTTP/1.1
2025-05-02 11:54:11,stallRate,60.5479998588562,11.0328906188198,TheEmptinessMachine,CUBIC,Throughput,HTTP/1.1
2025-05-02 11:54:13,stallRate,62.5479998588562,10.6626308970373,TheEmptinessMachine,CUBIC,Throughput,HTTP/1.1
2025-05-02 11:54:15,stallRate,64.5479998588562,10.3168503285647,TheEmptinessMachine,CUBIC,Throughput,HTTP/1.1
2025-05-02 11:54:17,stallRate,66.5479998588562,9.99311198429337,TheEmptinessMachine,CUBIC,Throughput,HTTP/1.1
2025-05-02 11:54:19,stallRate,68.5479998588562,9.68723306799467,TheEmptinessMachine,CUBIC,Throughput,HTTP/1.1
2025-05-02 11:54:21,stallRate,70.5479998588562,9.40225755924869,TheEmptinessMachine,CUBIC,Throughput,HTTP/1.1
2025-05-02 11:54:23,stallRate,72.5479998588562,9.13133229081622,TheEmptinessMachine,CUBIC,Throughput,HTTP/1.1
2025-05-02 11:54:25,stallRate,74.5479998588562,8.87582714459052,TheEmptinessMachine,CUBIC,Throughput,HTTP/1.1
2025-05-02 11:54:27,stallRate,76.5479998588562,8.63459571134775,TheEmptinessMachine,CUBIC,Throughput,HTTP/1.1
2025-05-02 11:54:29,stallRate,78.5479998588562,8.40646878905113,TheEmptinessMachine,CUBIC,Throughput,HTTP/1.1
2025-05-02 11:54:31,stallRate,80.5479998588562,8.18881594394048,TheEmptinessMachine,CUBIC,Throughput,HTTP/1.1
2025-05-02 11:54:33,stallRate,82.5490000247955,7.9835853387327,TheEmptinessMachine,CUBIC,Throughput,HTTP/1.1
2025-05-02 11:54:35,stallRate,84.5479998588562,7.78768246661789,TheEmptinessMachine,CUBIC,Throughput,HTTP/1.1
2025-05-02 11:54:37,stallRate,86.5479998588562,7.60128191245599,TheEmptinessMachine,CUBIC,Throughput,HTTP/1.1
2025-05-02 11:54:39,stallRate,88.5479998588562,7.42396088612665,TheEmptinessMachine,CUBIC,Throughput,HTTP/1.1
2025-05-02 11:54:41,stallRate,90.5479998588562,7.2547102154296,TheEmptinessMachine,CUBIC,Throughput,HTTP/1.1
2025-05-02 11:54:43,stallRate,92.5479998588562,7.09298332157556,TheEmptinessMachine,CUBIC,Throughput,HTTP/1.1
2025-05-02 11:54:45,stallRate,94.5479998588562,6.93714224550718,TheEmptinessMachine,CUBIC,Throughput,HTTP/1.1
2025-05-02 11:54:47,stallRate,96.5479998588562,6.78962644355375,TheEmptinessMachine,CUBIC,Throughput,HTTP/1.1
2025-05-02 11:54:49,stallRate,98.5479998588562,6.6474554987235,TheEmptinessMachine,CUBIC,Throughput,HTTP/1.1
2025-05-02 11:54:51,stallRate,100.547999858856,6.51112723645875,TheEmptinessMachine,CUBIC,Throughput,HTTP/1.1
2025-05-02 11:54:53,stallRate,102.547999858856,6.37977905021484,TheEmptinessMachine,CUBIC,Throughput,HTTP/1.1
2025-05-02 11:54:55,stallRate,104.547999858856,6.25454991605722,TheEmptinessMachine,CUBIC,Throughput,HTTP/1.1
2025-05-02 11:54:57,stallRate,106.547999858856,6.13386242345665,TheEmptinessMachine,CUBIC,Throughput,HTTP/1.1
2025-05-02 11:54:59,stallRate,108.547999858856,6.01743036855147,TheEmptinessMachine,CUBIC,Throughput,HTTP/1.1
2025-05-02 11:55:01,stallRate,110.547999858856,5.90624875722281,TheEmptinessMachine,CUBIC,Throughput,HTTP/1.1
2025-05-02 11:55:03,stallRate,112.547999858856,5.79830109004475,TheEmptinessMachine,CUBIC,Throughput,HTTP/1.1
2025-05-02 11:55:05,stallRate,114.547999858856,5.69439402816305,TheEmptinessMachine,CUBIC,Throughput,HTTP/1.1
2025-05-02 11:55:07,stallRate,116.547999858856,5.59364335944895,TheEmptinessMachine,CUBIC,Throughput,HTTP/1.1
2025-05-02 11:55:09,stallRate,118.547999858856,5.49712133122547,TheEmptinessMachine,CUBIC,Throughput,HTTP/1.1
2025-05-02 11:55:11,stallRate,120.547999858856,5.40351689149819,TheEmptinessMachine,CUBIC,Throughput,HTTP/1.1
2025-05-02 11:55:13,stallRate,122.547999858856,5.31305504908186,TheEmptinessMachine,CUBIC,Throughput,HTTP/1.1
2025-05-02 11:55:15,stallRate,124.547999858856,5.22581795262543,TheEmptinessMachine,CUBIC,Throughput,HTTP/1.1
2025-05-02 11:55:17,stallRate,126.547999858856,5.1413699921378,TheEmptinessMachine,CUBIC,Throughput,HTTP/1.1
2025-05-02 11:55:19,stallRate,128.547999858856,5.05915209736785,TheEmptinessMachine,CUBIC,Throughput,HTTP/1.1
2025-05-02 11:55:21,stallRate,130.547999858856,4.9803421361976,TheEmptinessMachine,CUBIC,Throughput,HTTP/1.1
2025-05-02 11:55:23,stallRate,132.547999858856,4.90329005886749,TheEmptinessMachine,CUBIC,Throughput,HTTP/1.1
2025-05-02 11:55:25,stallRate,134.547999858856,4.82864468348596,TheEmptinessMachine,CUBIC,Throughput,HTTP/1.1
2025-05-02 11:55:27,stallRate,136.547999858856,4.75667716704564,TheEmptinessMachine,CUBIC,Throughput,HTTP/1.1
2025-05-02 11:55:29,stallRate,138.547999858856,4.68643434456995,TheEmptinessMachine,CUBIC,Throughput,HTTP/1.1
2025-05-02 11:55:31,stallRate,140.547999858856,4.61833611154576,TheEmptinessMachine,CUBIC,Throughput,HTTP/1.1
2025-05-02 11:55:33,stallRate,142.547999858856,4.552303483744,TheEmptinessMachine,CUBIC,Throughput,HTTP/1.1
2025-05-02 11:55:35,stallRate,144.547999858856,4.48809837348683,TheEmptinessMachine,CUBIC,Throughput,HTTP/1.1
2025-05-02 11:55:37,stallRate,146.547999858856,4.42529875183766,TheEmptinessMachine,CUBIC,Throughput,HTTP/1.1
2025-05-02 11:55:39,stallRate,148.547999858856,4.36491338290589,TheEmptinessMachine,CUBIC,Throughput,HTTP/1.1
2025-05-02 11:55:41,stallRate,150.549000024796,4.3055789011534,TheEmptinessMachine,CUBIC,Throughput,HTTP/1.1
2025-05-02 11:55:43,stallRate,152.547999858856,4.2479058009472,TheEmptinessMachine,CUBIC,Throughput,HTTP/1.1
2025-05-02 11:55:45,stallRate,154.547999858856,4.19210331598251,TheEmptinessMachine,CUBIC,Throughput,HTTP/1.1
2025-05-02 11:55:47,stallRate,156.547999858856,4.13750894935134,TheEmptinessMachine,CUBIC,Throughput,HTTP/1.1
2025-05-02 11:55:49,stallRate,158.547999858856,4.08434211266359,TheEmptinessMachine,CUBIC,Throughput,HTTP/1.1
2025-05-02 11:55:51,stallRate,160.547999858856,4.03210610797659,TheEmptinessMachine,CUBIC,Throughput,HTTP/1.1
2025-05-02 11:55:53,stallRate,162.547999858856,3.98182491313091,TheEmptinessMachine,CUBIC,Throughput,HTTP/1.1
2025-05-02 11:55:55,stallRate,164.547999858856,3.93247918387356,TheEmptinessMachine,CUBIC,Throughput,HTTP/1.1
2025-05-02 11:55:57,stallRate,166.547999858856,3.8841618050276,TheEmptinessMachine,CUBIC,Throughput,HTTP/1.1
2025-05-02 11:55:59,stallRate,168.547999858856,3.83709362454133,TheEmptinessMachine,CUBIC,Throughput,HTTP/1.1
2025-05-02 11:56:01,stallRate,170.547999858856,3.79126031041814,TheEmptinessMachine,CUBIC,Throughput,HTTP/1.1
2025-05-02 11:56:03,stallRate,172.547999858856,3.7466511790573,TheEmptinessMachine,CUBIC,Throughput,HTTP/1.1
2025-05-02 11:56:05,stallRate,174.547999858856,3.70304803190534,TheEmptinessMachine,CUBIC,Throughput,HTTP/1.1
2025-05-02 11:56:07,stallRate,176.547999858856,3.66018486968215,TheEmptinessMachine,CUBIC,Throughput,HTTP/1.1
2025-05-02 11:56:09,stallRate,178.547999858856,3.61878714931389,TheEmptinessMachine,CUBIC,Throughput,HTTP/1.1
2025-05-02 11:56:11,stallRate,180.547999858856,3.68718144765798,TheEmptinessMachine,CUBIC,Throughput,HTTP/1.1
2025-05-02 11:56:13,stallRate,182.547999858856,3.64604823878459,TheEmptinessMachine,CUBIC,Throughput,HTTP/1.1
2025-05-02 11:56:15,stallRate,184.547999858856,3.60589956891854,TheEmptinessMachine,CUBIC,Throughput,HTTP/1.1
2025-05-02 11:56:17,stallRate,186.547999858856,3.56667684097248,TheEmptinessMachine,CUBIC,Throughput,HTTP/1.1
2025-05-02 11:56:19,stallRate,188.547999858856,3.52830566474629,TheEmptinessMachine,CUBIC,Throughput,HTTP/1.1
2025-05-02 11:56:21,stallRate,190.547999858856,3.49065777192375,TheEmptinessMachine,CUBIC,Throughput,HTTP/1.1
2025-05-02 11:56:23,stallRate,192.547999858856,3.96850545508691,TheEmptinessMachine,CUBIC,Throughput,HTTP/1.1
2025-05-02 11:56:25,stallRate,194.547999858856,3.92696468263863,TheEmptinessMachine,CUBIC,Throughput,HTTP/1.1
2025-05-02 11:56:27,stallRate,196.547999858856,3.8865444151735,TheEmptinessMachine,CUBIC,Throughput,HTTP/1.1
2025-05-02 11:56:29,stallRate,198.547999858856,4.05055161731513,TheEmptinessMachine,CUBIC,Throughput,HTTP/1.1
2025-05-02 11:56:31,stallRate,200.553999900818,4.009407977385,TheEmptinessMachine,CUBIC,Throughput,HTTP/1.1
2025-05-02 11:56:33,stallRate,202.547999858856,3.96940007632722,TheEmptinessMachine,CUBIC,Throughput,HTTP/1.1
2025-05-02 11:56:35,stallRate,204.547999858856,3.95720649260648,TheEmptinessMachine,CUBIC,Throughput,HTTP/1.1
2025-05-02 11:56:37,stallRate,206.547999858856,3.91837277713455,TheEmptinessMachine,CUBIC,Throughput,HTTP/1.1
2025-05-02 11:57:16,stallRate,4.10500001907349,0.0,TheEmptinessMachine,CUBIC,Throughput,HTTP/2
2025-05-02 11:57:20,stallRate,8.10500001907349,15.5950818026274,TheEmptinessMachine,CUBIC,Throughput,HTTP/2
2025-05-02 11:57:26,stallRate,14.1079998016357,25.4073101507552,TheEmptinessMachine,CUBIC,Throughput,HTTP/2
2025-05-02 11:57:30,stallRate,18.1050000190735,21.5530430770623,TheEmptinessMachine,CUBIC,Throughput,HTTP/2
2025-05-02 11:57:32,stallRate,20.1050000190735,20.0281191143969,TheEmptinessMachine,CUBIC,Throughput,HTTP/2
2025-05-02 11:57:34,stallRate,22.1050000190735,17.8893233353335,TheEmptinessMachine,CUBIC,Throughput,HTTP/2
2025-05-02 11:57:36,stallRate,24.1050000190735,16.1684008117795,TheEmptinessMachine,CUBIC,Throughput,HTTP/2
2025-05-02 11:57:40,stallRate,28.1050000190735,13.5647211935661,TheEmptinessMachine,CUBIC,Throughput,HTTP/2
2025-05-02 11:57:42,stallRate,30.1050000190735,12.551605582162,TheEmptinessMachine,CUBIC,Throughput,HTTP/2
2025-05-02 11:57:46,stallRate,34.1050000190735,15.4940150508792,TheEmptinessMachine,CUBIC,Throughput,HTTP/2
2025-05-02 11:57:56,stallRate,44.1050000190735,12.1910302788455,TheEmptinessMachine,CUBIC,Throughput,HTTP/2
2025-05-02 11:57:58,stallRate,46.1050000190735,11.5863781981427,TheEmptinessMachine,CUBIC,Throughput,HTTP/2
2025-05-02 11:58:00,stallRate,48.1050000190735,13.2713544253372,TheEmptinessMachine,CUBIC,Throughput,HTTP/2
2025-05-02 11:58:02,stallRate,50.1050000190735,12.6602597314558,TheEmptinessMachine,CUBIC,Throughput,HTTP/2
2025-05-02 11:58:04,stallRate,52.1050000190735,14.7975549381587,TheEmptinessMachine,CUBIC,Throughput,HTTP/2
2025-05-02 11:58:08,stallRate,56.1050000190735,15.4946995820976,TheEmptinessMachine,CUBIC,Throughput,HTTP/2
2025-05-02 11:58:10,stallRate,58.1050000190735,16.4103202622872,TheEmptinessMachine,CUBIC,Throughput,HTTP/2
2025-05-02 11:58:14,stallRate,62.1050000190735,16.4157819262163,TheEmptinessMachine,CUBIC,Throughput,HTTP/2
2025-05-02 11:58:18,stallRate,66.1050000190735,15.310072532393,TheEmptinessMachine,CUBIC,Throughput,HTTP/2
2025-05-02 11:58:20,stallRate,68.1050000190735,14.8128956149774,TheEmptinessMachine,CUBIC,Throughput,HTTP/2
2025-05-02 11:58:22,stallRate,70.1050000190735,14.3478923979126,TheEmptinessMachine,CUBIC,Throughput,HTTP/2
2025-05-02 11:58:24,stallRate,72.1050000190735,13.910611614399,TheEmptinessMachine,CUBIC,Throughput,HTTP/2
2025-05-02 11:58:26,stallRate,74.1050000190735,13.4995087025096,TheEmptinessMachine,CUBIC,Throughput,HTTP/2
2025-05-02 11:58:28,stallRate,76.1050000190735,13.1085747217509,TheEmptinessMachine,CUBIC,Throughput,HTTP/2
2025-05-02 11:58:30,stallRate,78.1050000190735,12.743755344581,TheEmptinessMachine,CUBIC,Throughput,HTTP/2
2025-05-02 11:58:32,stallRate,80.1050000190735,12.3967463351628,TheEmptinessMachine,CUBIC,Throughput,HTTP/2
2025-05-02 11:58:34,stallRate,82.1050000190735,12.0685830511258,TheEmptinessMachine,CUBIC,Throughput,HTTP/2
2025-05-02 11:58:36,stallRate,84.1050000190735,11.7576588917828,TheEmptinessMachine,CUBIC,Throughput,HTTP/2
2025-05-02 11:58:38,stallRate,86.1050000190735,11.4623576292052,TheEmptinessMachine,CUBIC,Throughput,HTTP/2
2025-05-02 11:58:40,stallRate,88.1050000190735,11.1803834208105,TheEmptinessMachine,CUBIC,Throughput,HTTP/2
2025-05-02 11:58:42,stallRate,90.1050000190735,10.9135819391068,TheEmptinessMachine,CUBIC,Throughput,HTTP/2
2025-05-02 11:58:44,stallRate,92.1050000190735,10.6593520373835,TheEmptinessMachine,CUBIC,Throughput,HTTP/2
2025-05-02 11:58:46,stallRate,94.1050000190735,10.4144621153948,TheEmptinessMachine,CUBIC,Throughput,HTTP/2
2025-05-02 11:58:48,stallRate,96.1050000190735,10.1830938586277,TheEmptinessMachine,CUBIC,Throughput,HTTP/2
2025-05-02 11:58:50,stallRate,98.1050000190735,9.96051248034244,TheEmptinessMachine,CUBIC,Throughput,HTTP/2
2025-05-02 11:58:52,stallRate,100.105000019073,9.74744893459143,TheEmptinessMachine,CUBIC,Throughput,HTTP/2
2025-05-02 11:58:54,stallRate,102.105000019073,9.54347241391798,TheEmptinessMachine,CUBIC,Throughput,HTTP/2
2025-05-02 11:58:56,stallRate,104.105000019073,9.34810865129258,TheEmptinessMachine,CUBIC,Throughput,HTTP/2
2025-05-02 11:58:58,stallRate,106.105000019073,9.15968074544447,TheEmptinessMachine,CUBIC,Throughput,HTTP/2
2025-05-02 11:59:00,stallRate,108.105000019073,8.978851512842,TheEmptinessMachine,CUBIC,Throughput,HTTP/2
2025-05-02 11:59:02,stallRate,110.105000019073,8.80513091874587,TheEmptinessMachine,CUBIC,Throughput,HTTP/2
2025-05-02 11:59:04,stallRate,112.105000019073,8.63856118770561,TheEmptinessMachine,CUBIC,Throughput,HTTP/2
2025-05-02 11:59:06,stallRate,114.105000019073,8.80466851053565,TheEmptinessMachine,CUBIC,Throughput,HTTP/2
2025-05-02 11:59:08,stallRate,116.105000019073,8.64318219600882,TheEmptinessMachine,CUBIC,Throughput,HTTP/2
2025-05-02 11:59:10,stallRate,118.105000019073,8.74289813983333,TheEmptinessMachine,CUBIC,Throughput,HTTP/2
2025-05-02 11:59:16,stallRate,124.105000019073,8.45073668195242,TheEmptinessMachine,CUBIC,Throughput,HTTP/2
2025-05-02 11:59:18,stallRate,126.105000019073,8.30995745505523,TheEmptinessMachine,CUBIC,Throughput,HTTP/2
2025-05-02 11:59:20,stallRate,128.105000019073,8.17293769406,TheEmptinessMachine,CUBIC,Throughput,HTTP/2
2025-05-02 11:59:22,stallRate,130.105000019073,8.04043199341234,TheEmptinessMachine,CUBIC,Throughput,HTTP/2
2025-05-02 11:59:24,stallRate,132.105000019073,7.9115287100814,TheEmptinessMachine,CUBIC,Throughput,HTTP/2
2025-05-02 11:59:26,stallRate,134.105000019073,7.78704451826177,TheEmptinessMachine,CUBIC,Throughput,HTTP/2
2025-05-02 11:59:28,stallRate,136.105000019073,7.66718985356085,TheEmptinessMachine,CUBIC,Throughput,HTTP/2
2025-05-02 11:59:30,stallRate,138.105000019073,7.55047995476035,TheEmptinessMachine,CUBIC,Throughput,HTTP/2
2025-05-02 11:59:32,stallRate,140.105000019073,7.43730190807397,TheEmptinessMachine,CUBIC,Throughput,HTTP/2
2025-05-02 11:59:34,stallRate,142.105000019073,7.32774203258478,TheEmptinessMachine,CUBIC,Throughput,HTTP/2
2025-05-02 11:59:36,stallRate,144.105000019073,7.22127930200123,TheEmptinessMachine,CUBIC,Throughput,HTTP/2
2025-05-02 11:59:38,stallRate,146.105000019073,7.11725668174403,TheEmptinessMachine,CUBIC,Throughput,HTTP/2
2025-05-02 11:59:40,stallRate,148.105000019073,7.01725033223497,TheEmptinessMachine,CUBIC,Throughput,HTTP/2
2025-05-02 11:59:42,stallRate,150.105000019073,6.91916219471956,TheEmptinessMachine,CUBIC,Throughput,HTTP/2
2025-05-02 11:59:44,stallRate,152.105000019073,6.82386031549754,TheEmptinessMachine,CUBIC,Throughput,HTTP/2
2025-05-02 11:59:46,stallRate,154.105000019073,6.73167863260217,TheEmptinessMachine,CUBIC,Throughput,HTTP/2
2025-05-02 11:59:48,stallRate,156.105000019073,6.6415807241834,TheEmptinessMachine,CUBIC,Throughput,HTTP/2
2025-05-02 11:59:50,stallRate,158.105000019073,6.55391213435682,TheEmptinessMachine,CUBIC,Throughput,HTTP/2
2025-05-02 11:59:52,stallRate,160.105000019073,6.46865996522423,TheEmptinessMachine,CUBIC,Throughput,HTTP/2
2025-05-02 11:59:54,stallRate,162.105000019073,6.38552869407053,TheEmptinessMachine,CUBIC,Throughput,HTTP/2
2025-05-02 11:59:56,stallRate,164.105000019073,6.30407199633941,TheEmptinessMachine,CUBIC,Throughput,HTTP/2
2025-05-02 11:59:58,stallRate,166.105000019073,6.2252006830078,TheEmptinessMachine,CUBIC,Throughput,HTTP/2
2025-05-02 12:00:00,stallRate,168.105000019073,6.14800762665225,TheEmptinessMachine,CUBIC,Throughput,HTTP/2
2025-05-02 12:00:04,stallRate,172.105000019073,6.09182453609012,TheEmptinessMachine,CUBIC,Throughput,HTTP/2
2025-05-02 12:00:06,stallRate,174.105000019073,6.01886343303752,TheEmptinessMachine,CUBIC,Throughput,HTTP/2
2025-05-02 12:00:08,stallRate,176.105000019073,5.94777065341276,TheEmptinessMachine,CUBIC,Throughput,HTTP/2
2025-05-02 12:00:10,stallRate,178.105000019073,5.87854166978113,TheEmptinessMachine,CUBIC,Throughput,HTTP/2
2025-05-02 12:00:12,stallRate,180.105000019073,5.81048763896135,TheEmptinessMachine,CUBIC,Throughput,HTTP/2
2025-05-02 12:00:14,stallRate,182.105000019073,5.74450594099054,TheEmptinessMachine,CUBIC,Throughput,HTTP/2
2025-05-02 12:00:16,stallRate,184.105000019073,5.67980634034049,TheEmptinessMachine,CUBIC,Throughput,HTTP/2
2025-05-02 12:00:18,stallRate,186.105000019073,5.61674745954364,TheEmptinessMachine,CUBIC,Throughput,HTTP/2
2025-05-02 12:00:20,stallRate,188.105000019073,5.55507600013654,TheEmptinessMachine,CUBIC,Throughput,HTTP/2
2025-05-02 12:00:22,stallRate,190.105000019073,5.49424751112907,TheEmptinessMachine,CUBIC,Throughput,HTTP/2
2025-05-02 12:00:24,stallRate,192.105000019073,5.43495605333237,TheEmptinessMachine,CUBIC,Throughput,HTTP/2
2025-05-02 12:00:26,stallRate,194.105000019073,5.37700456604583,TheEmptinessMachine,CUBIC,Throughput,HTTP/2
2025-05-02 12:00:28,stallRate,196.105000019073,5.32038845657059,TheEmptinessMachine,CUBIC,Throughput,HTTP/2
2025-05-02 12:00:30,stallRate,198.105000019073,5.2645912942847,TheEmptinessMachine,CUBIC,Throughput,HTTP/2
2025-05-02 12:00:32,stallRate,200.105000019073,5.2099930584599,TheEmptinessMachine,CUBIC,Throughput,HTTP/2
2025-05-02 12:00:34,stallRate,202.105000019073,5.15688464081855,TheEmptinessMachine,CUBIC,Throughput,HTTP/2
2025-05-02 12:00:36,stallRate,204.105000019073,5.10461842522166,TheEmptinessMachine,CUBIC,Throughput,HTTP/2
2025-05-02 12:00:38,stallRate,206.105000019073,5.05373766903934,TheEmptinessMachine,CUBIC,Throughput,HTTP/2
2025-05-02 12:00:40,stallRate,208.105000019073,5.0034585851077,TheEmptinessMachine,CUBIC,Throughput,HTTP/2
2025-05-02 12:01:16,stallRate,6.11399984359741,0.0,TheEmptinessMachine,CUBIC,Throughput,HTTP/3
2025-05-02 12:01:18,stallRate,8.11399984359741,0.0,TheEmptinessMachine,CUBIC,Throughput,HTTP/3
2025-05-02 12:01:20,stallRate,10.1139998435974,0.0,TheEmptinessMachine,CUBIC,Throughput,HTTP/3
2025-05-02 12:01:22,stallRate,12.1139998435974,0.0,TheEmptinessMachine,CUBIC,Throughput,HTTP/3
2025-05-02 12:01:24,stallRate,14.1129999160767,0.0,TheEmptinessMachine,CUBIC,Throughput,HTTP/3
2025-05-02 12:01:26,stallRate,16.1139998435974,0.0,TheEmptinessMachine,CUBIC,Throughput,HTTP/3
2025-05-02 12:01:28,stallRate,18.1139998435974,0.0,TheEmptinessMachine,CUBIC,Throughput,HTTP/3
2025-05-02 12:01:30,stallRate,20.1139998435974,0.0,TheEmptinessMachine,CUBIC,Throughput,HTTP/3
2025-05-02 12:01:32,stallRate,22.1139998435974,0.0,TheEmptinessMachine,CUBIC,Throughput,HTTP/3
2025-05-02 12:01:34,stallRate,24.1129999160767,0.0,TheEmptinessMachine,CUBIC,Throughput,HTTP/3
2025-05-02 12:01:36,stallRate,26.1139998435974,0.0,TheEmptinessMachine,CUBIC,Throughput,HTTP/3
2025-05-02 12:01:38,stallRate,28.1139998435974,0.0,TheEmptinessMachine,CUBIC,Throughput,HTTP/3
2025-05-02 12:01:40,stallRate,30.1139998435974,0.0,TheEmptinessMachine,CUBIC,Throughput,HTTP/3
2025-05-02 12:01:42,stallRate,32.1139998435974,0.0,TheEmptinessMachine,CUBIC,Throughput,HTTP/3
2025-05-02 12:01:44,stallRate,34.1139998435974,0.0,TheEmptinessMachine,CUBIC,Throughput,HTTP/3
2025-05-02 12:01:46,stallRate,36.1139998435974,0.0,TheEmptinessMachine,CUBIC,Throughput,HTTP/3
2025-05-02 12:01:48,stallRate,38.1129999160767,0.0,TheEmptinessMachine,CUBIC,Throughput,HTTP/3
2025-05-02 12:01:50,stallRate,40.1139998435974,0.0,TheEmptinessMachine,CUBIC,Throughput,HTTP/3
2025-05-02 12:01:52,stallRate,42.1129999160767,0.0,TheEmptinessMachine,CUBIC,Throughput,HTTP/3
2025-05-02 12:01:54,stallRate,44.1139998435974,0.0,TheEmptinessMachine,CUBIC,Throughput,HTTP/3
2025-05-02 12:01:56,stallRate,46.1139998435974,0.0,TheEmptinessMachine,CUBIC,Throughput,HTTP/3
2025-05-02 12:01:58,stallRate,48.1139998435974,0.0,TheEmptinessMachine,CUBIC,Throughput,HTTP/3
2025-05-02 12:02:00,stallRate,50.1139998435974,0.0,TheEmptinessMachine,CUBIC,Throughput,HTTP/3
2025-05-02 12:02:02,stallRate,52.1139998435974,0.0,TheEmptinessMachine,CUBIC,Throughput,HTTP/3
2025-05-02 12:02:04,stallRate,54.1139998435974,0.0,TheEmptinessMachine,CUBIC,Throughput,HTTP/3
2025-05-02 12:02:06,stallRate,56.1129999160767,0.0,TheEmptinessMachine,CUBIC,Throughput,HTTP/3
2025-05-02 12:02:08,stallRate,58.1139998435974,0.0,TheEmptinessMachine,CUBIC,Throughput,HTTP/3
2025-05-02 12:02:10,stallRate,60.1139998435974,0.0,TheEmptinessMachine,CUBIC,Throughput,HTTP/3
2025-05-02 12:02:12,stallRate,62.1139998435974,0.0,TheEmptinessMachine,CUBIC,Throughput,HTTP/3
2025-05-02 12:02:14,stallRate,64.1139998435974,0.0,TheEmptinessMachine,CUBIC,Throughput,HTTP/3
2025-05-02 12:02:16,stallRate,66.1129999160767,0.0,TheEmptinessMachine,CUBIC,Throughput,HTTP/3
2025-05-02 12:02:18,stallRate,68.1139998435974,0.0,TheEmptinessMachine,CUBIC,Throughput,HTTP/3
2025-05-02 12:02:20,stallRate,70.1139998435974,0.0,TheEmptinessMachine,CUBIC,Throughput,HTTP/3
2025-05-02 12:02:22,stallRate,72.1139998435974,0.0,TheEmptinessMachine,CUBIC,Throughput,HTTP/3
2025-05-02 12:02:24,stallRate,74.1139998435974,0.0,TheEmptinessMachine,CUBIC,Throughput,HTTP/3
2025-05-02 12:02:26,stallRate,76.1129999160767,0.0,TheEmptinessMachine,CUBIC,Throughput,HTTP/3
2025-05-02 12:02:28,stallRate,78.1139998435974,0.0,TheEmptinessMachine,CUBIC,Throughput,HTTP/3
2025-05-02 12:02:30,stallRate,80.1139998435974,0.0,TheEmptinessMachine,CUBIC,Throughput,HTTP/3
2025-05-02 12:02:32,stallRate,82.1139998435974,0.0,TheEmptinessMachine,CUBIC,Throughput,HTTP/3
2025-05-02 12:02:34,stallRate,84.1139998435974,0.0,TheEmptinessMachine,CUBIC,Throughput,HTTP/3
2025-05-02 12:02:36,stallRate,86.1139998435974,0.0,TheEmptinessMachine,CUBIC,Throughput,HTTP/3
2025-05-02 12:02:38,stallRate,88.1139998435974,0.0,TheEmptinessMachine,CUBIC,Throughput,HTTP/3
2025-05-02 12:02:40,stallRate,90.1139998435974,0.0,TheEmptinessMachine,CUBIC,Throughput,HTTP/3
2025-05-02 12:02:42,stallRate,92.1139998435974,0.0,TheEmptinessMachine,CUBIC,Throughput,HTTP/3
2025-05-02 12:02:44,stallRate,94.1129999160767,0.0,TheEmptinessMachine,CUBIC,Throughput,HTTP/3
2025-05-02 12:02:46,stallRate,96.1139998435974,0.0,TheEmptinessMachine,CUBIC,Throughput,HTTP/3
2025-05-02 12:02:48,stallRate,98.1129999160767,0.0,TheEmptinessMachine,CUBIC,Throughput,HTTP/3
2025-05-02 12:02:50,stallRate,100.113999843597,0.0,TheEmptinessMachine,CUBIC,Throughput,HTTP/3
2025-05-02 12:02:52,stallRate,102.113999843597,0.0,TheEmptinessMachine,CUBIC,Throughput,HTTP/3
2025-05-02 12:02:54,stallRate,104.113999843597,0.0,TheEmptinessMachine,CUBIC,Throughput,HTTP/3
2025-05-02 12:02:56,stallRate,106.112999916077,0.0,TheEmptinessMachine,CUBIC,Throughput,HTTP/3
2025-05-02 12:02:58,stallRate,108.113999843597,0.0,TheEmptinessMachine,CUBIC,Throughput,HTTP/3
2025-05-02 12:03:00,stallRate,110.113999843597,0.0,TheEmptinessMachine,CUBIC,Throughput,HTTP/3
2025-05-02 12:03:02,stallRate,112.113999843597,0.0,TheEmptinessMachine,CUBIC,Throughput,HTTP/3
2025-05-02 12:03:04,stallRate,114.113999843597,0.0,TheEmptinessMachine,CUBIC,Throughput,HTTP/3
2025-05-02 12:03:06,stallRate,116.113999843597,0.0,TheEmptinessMachine,CUBIC,Throughput,HTTP/3
2025-05-02 12:03:08,stallRate,118.113999843597,0.0,TheEmptinessMachine,CUBIC,Throughput,HTTP/3
2025-05-02 12:03:10,stallRate,120.113999843597,0.0,TheEmptinessMachine,CUBIC,Throughput,HTTP/3
2025-05-02 12:03:12,stallRate,122.113999843597,0.0,TheEmptinessMachine,CUBIC,Throughput,HTTP/3
2025-05-02 12:03:14,stallRate,124.113999843597,0.0,TheEmptinessMachine,CUBIC,Throughput,HTTP/3
2025-05-02 12:03:16,stallRate,126.113999843597,0.0,TheEmptinessMachine,CUBIC,Throughput,HTTP/3
2025-05-02 12:03:18,stallRate,128.113999843597,0.0,TheEmptinessMachine,CUBIC,Throughput,HTTP/3
2025-05-02 12:03:20,stallRate,130.113999843597,0.0,TheEmptinessMachine,CUBIC,Throughput,HTTP/3
2025-05-02 12:03:22,stallRate,132.113999843597,0.0,TheEmptinessMachine,CUBIC,Throughput,HTTP/3
2025-05-02 12:03:24,stallRate,134.112999916077,0.0,TheEmptinessMachine,CUBIC,Throughput,HTTP/3
2025-05-02 12:03:26,stallRate,136.112999916077,0.0,TheEmptinessMachine,CUBIC,Throughput,HTTP/3
2025-05-02 12:03:28,stallRate,138.113999843597,0.0,TheEmptinessMachine,CUBIC,Throughput,HTTP/3
2025-05-02 12:03:30,stallRate,140.113999843597,0.0,TheEmptinessMachine,CUBIC,Throughput,HTTP/3
2025-05-02 12:03:32,stallRate,142.112999916077,0.0,TheEmptinessMachine,CUBIC,Throughput,HTTP/3
2025-05-02 12:03:34,stallRate,144.113999843597,0.0,TheEmptinessMachine,CUBIC,Throughput,HTTP/3
2025-05-02 12:03:36,stallRate,146.112999916077,0.0,TheEmptinessMachine,CUBIC,Throughput,HTTP/3
2025-05-02 12:03:38,stallRate,148.113999843597,0.0,TheEmptinessMachine,CUBIC,Throughput,HTTP/3
2025-05-02 12:03:40,stallRate,150.112999916077,0.0,TheEmptinessMachine,CUBIC,Throughput,HTTP/3
2025-05-02 12:03:42,stallRate,152.113999843597,0.0,TheEmptinessMachine,CUBIC,Throughput,HTTP/3
2025-05-02 12:03:44,stallRate,154.113999843597,0.0,TheEmptinessMachine,CUBIC,Throughput,HTTP/3
2025-05-02 12:03:46,stallRate,156.113999843597,0.0,TheEmptinessMachine,CUBIC,Throughput,HTTP/3
2025-05-02 12:03:48,stallRate,158.112999916077,0.0,TheEmptinessMachine,CUBIC,Throughput,HTTP/3
2025-05-02 12:03:50,stallRate,160.113999843597,0.0,TheEmptinessMachine,CUBIC,Throughput,HTTP/3
2025-05-02 12:03:52,stallRate,162.113999843597,0.0,TheEmptinessMachine,CUBIC,Throughput,HTTP/3
2025-05-02 12:03:54,stallRate,164.113999843597,0.0,TheEmptinessMachine,CUBIC,Throughput,HTTP/3
2025-05-02 12:03:56,stallRate,166.112999916077,0.0,TheEmptinessMachine,CUBIC,Throughput,HTTP/3
2025-05-02 12:03:58,stallRate,168.113999843597,0.0,TheEmptinessMachine,CUBIC,Throughput,HTTP/3
2025-05-02 12:04:00,stallRate,170.113999843597,0.0,TheEmptinessMachine,CUBIC,Throughput,HTTP/3
2025-05-02 12:04:02,stallRate,172.113999843597,0.0,TheEmptinessMachine,CUBIC,Throughput,HTTP/3
2025-05-02 12:04:04,stallRate,174.113999843597,0.0,TheEmptinessMachine,CUBIC,Throughput,HTTP/3
2025-05-02 12:04:06,stallRate,176.113999843597,0.0,TheEmptinessMachine,CUBIC,Throughput,HTTP/3
2025-05-02 12:04:08,stallRate,178.112999916077,0.0,TheEmptinessMachine,CUBIC,Throughput,HTTP/3
2025-05-02 12:04:10,stallRate,180.112999916077,0.0,TheEmptinessMachine,CUBIC,Throughput,HTTP/3
2025-05-02 12:04:12,stallRate,182.112999916077,0.0,TheEmptinessMachine,CUBIC,Throughput,HTTP/3
2025-05-02 12:04:14,stallRate,184.113999843597,0.0,TheEmptinessMachine,CUBIC,Throughput,HTTP/3
2025-05-02 12:04:16,stallRate,186.113999843597,0.0,TheEmptinessMachine,CUBIC,Throughput,HTTP/3
2025-05-02 12:04:18,stallRate,188.113999843597,0.0,TheEmptinessMachine,CUBIC,Throughput,HTTP/3
2025-05-02 12:04:20,stallRate,190.112999916077,0.42729951349387,TheEmptinessMachine,CUBIC,Throughput,HTTP/3
2025-05-02 12:04:22,stallRate,192.113999843597,0.422688473799536,TheEmptinessMachine,CUBIC,Throughput,HTTP/3
2025-05-02 12:04:24,stallRate,194.113999843597,1.28557557012357,TheEmptinessMachine,CUBIC,Throughput,HTTP/3
2025-05-02 12:04:26,stallRate,196.113999843597,1.27189881909585,TheEmptinessMachine,CUBIC,Throughput,HTTP/3
2025-05-02 12:04:28,stallRate,198.113999843597,1.49163696018317,TheEmptinessMachine,CUBIC,Throughput,HTTP/3
2025-05-02 12:04:30,stallRate,200.113999843597,1.47604665667793,TheEmptinessMachine,CUBIC,Throughput,HTTP/3
2025-05-02 12:04:32,stallRate,202.113999843597,1.46081815563855,TheEmptinessMachine,CUBIC,Throughput,HTTP/3
2025-05-02 12:04:34,stallRate,204.113999843597,1.44588646748464,TheEmptinessMachine,CUBIC,Throughput,HTTP/3
2025-05-02 12:04:36,stallRate,206.113999843597,1.431169943397,TheEmptinessMachine,CUBIC,Throughput,HTTP/3
2025-05-02 12:04:38,stallRate,208.113999843597,1.41690721776672,TheEmptinessMachine,CUBIC,Throughput,HTTP/3
2025-05-02 12:04:40,stallRate,210.113999843597,1.40279964991858,TheEmptinessMachine,CUBIC,Throughput,HTTP/3
2025-05-02 12:04:42,stallRate,212.113999843597,1.38905810792256,TheEmptinessMachine,CUBIC,Throughput,HTTP/3
2025-05-02 12:05:22,stallRate,4.50100016593933,0.0,TheEmptinessMachine,BBR,Dynamic,HTTP/1.1
2025-05-02 12:05:24,stallRate,6.50100016593933,0.0,TheEmptinessMachine,BBR,Dynamic,HTTP/1.1
2025-05-02 12:05:26,stallRate,8.5,25.232605525819,TheEmptinessMachine,BBR,Dynamic,HTTP/1.1
2025-05-02 12:05:28,stallRate,10.5,17.0237626862395,TheEmptinessMachine,BBR,Dynamic,HTTP/1.1
2025-05-02 12:05:30,stallRate,12.5010001659393,13.9707106730501,TheEmptinessMachine,BBR,Dynamic,HTTP/1.1
2025-05-02 12:05:32,stallRate,14.5,11.2222784365128,TheEmptinessMachine,BBR,Dynamic,HTTP/1.1
2025-05-02 12:05:34,stallRate,16.5010001659393,9.36420856924746,TheEmptinessMachine,BBR,Dynamic,HTTP/1.1
2025-05-02 12:05:36,stallRate,18.5010001659393,8.02894823240765,TheEmptinessMachine,BBR,Dynamic,HTTP/1.1
2025-05-02 12:05:38,stallRate,20.5010001659393,7.03376794879043,TheEmptinessMachine,BBR,Dynamic,HTTP/1.1
2025-05-02 12:05:40,stallRate,22.5,6.26012095409346,TheEmptinessMachine,BBR,Dynamic,HTTP/1.1
2025-05-02 12:05:42,stallRate,24.5010001659393,5.63735645055959,TheEmptinessMachine,BBR,Dynamic,HTTP/1.1
2025-05-02 12:05:44,stallRate,26.5,5.12823508503985,TheEmptinessMachine,BBR,Dynamic,HTTP/1.1
2025-05-02 12:05:46,stallRate,28.5,4.69962608425623,TheEmptinessMachine,BBR,Dynamic,HTTP/1.1
2025-05-02 12:05:48,stallRate,30.5,4.34102633316875,TheEmptinessMachine,BBR,Dynamic,HTTP/1.1
2025-05-02 12:05:50,stallRate,32.5,4.03132396217366,TheEmptinessMachine,BBR,Dynamic,HTTP/1.1
2025-05-02 12:05:52,stallRate,34.5,3.76306845582574,TheEmptinessMachine,BBR,Dynamic,HTTP/1.1
2025-05-02 12:05:54,stallRate,36.5,3.52853896237336,TheEmptinessMachine,BBR,Dynamic,HTTP/1.1
2025-05-02 12:05:56,stallRate,38.5010001659393,3.32178195301497,TheEmptinessMachine,BBR,Dynamic,HTTP/1.1
2025-05-02 12:05:58,stallRate,40.5010001659393,3.13705793938558,TheEmptinessMachine,BBR,Dynamic,HTTP/1.1
2025-05-02 12:06:00,stallRate,42.5,2.97285203528427,TheEmptinessMachine,BBR,Dynamic,HTTP/1.1
2025-05-02 12:06:02,stallRate,44.5,2.82506724712298,TheEmptinessMachine,BBR,Dynamic,HTTP/1.1
2025-05-02 12:06:04,stallRate,46.5010001659393,2.69073580264183,TheEmptinessMachine,BBR,Dynamic,HTTP/1.1
2025-05-02 12:06:06,stallRate,48.5,2.56910226033871,TheEmptinessMachine,BBR,Dynamic,HTTP/1.1
2025-05-02 12:06:08,stallRate,50.5,2.45727833420087,TheEmptinessMachine,BBR,Dynamic,HTTP/1.1
2025-05-02 12:06:10,stallRate,52.5,2.35479061960264,TheEmptinessMachine,BBR,Dynamic,HTTP/1.1
2025-05-02 12:06:12,stallRate,54.5010001659393,2.26070382969242,TheEmptinessMachine,BBR,Dynamic,HTTP/1.1
2025-05-02 12:06:14,stallRate,56.5,2.17397444952255,TheEmptinessMachine,BBR,Dynamic,HTTP/1.1
2025-05-02 12:06:16,stallRate,58.5010001659393,2.09343302972788,TheEmptinessMachine,BBR,Dynamic,HTTP/1.1
2025-05-02 12:06:18,stallRate,60.5,2.01901792225615,TheEmptinessMachine,BBR,Dynamic,HTTP/1.1
2025-05-02 12:06:20,stallRate,62.5,1.94923536199595,TheEmptinessMachine,BBR,Dynamic,HTTP/1.1
2025-05-02 12:06:22,stallRate,64.5,1.88474690633391,TheEmptinessMachine,BBR,Dynamic,HTTP/1.1
2025-05-02 12:06:24,stallRate,66.5010001659393,1.82387600644988,TheEmptinessMachine,BBR,Dynamic,HTTP/1.1
2025-05-02 12:06:26,stallRate,68.5,2.52475573724561,TheEmptinessMachine,BBR,Dynamic,HTTP/1.1
2025-05-02 12:06:28,stallRate,70.5010001659393,2.7280307868915,TheEmptinessMachine,BBR,Dynamic,HTTP/1.1
2025-05-02 12:06:30,stallRate,72.5010001659393,2.64784146010219,TheEmptinessMachine,BBR,Dynamic,HTTP/1.1
2025-05-02 12:06:32,stallRate,74.5,2.57229155250243,TheEmptinessMachine,BBR,Dynamic,HTTP/1.1
2025-05-02 12:06:34,stallRate,76.5010001659393,2.5010074734806,TheEmptinessMachine,BBR,Dynamic,HTTP/1.1
2025-05-02 12:06:36,stallRate,78.5010001659393,3.31631011765927,TheEmptinessMachine,BBR,Dynamic,HTTP/1.1
2025-05-02 12:06:38,stallRate,80.5,3.61950447830204,TheEmptinessMachine,BBR,Dynamic,HTTP/1.1
2025-05-02 12:06:40,stallRate,82.5,3.5269685355023,TheEmptinessMachine,BBR,Dynamic,HTTP/1.1
2025-05-02 12:06:42,stallRate,84.5,3.43847937343452,TheEmptinessMachine,BBR,Dynamic,HTTP/1.1
2025-05-02 12:06:44,stallRate,86.5030000209808,3.35485617477061,TheEmptinessMachine,BBR,Dynamic,HTTP/1.1
2025-05-02 12:06:46,stallRate,88.5,3.27512627285881,TheEmptinessMachine,BBR,Dynamic,HTTP/1.1
2025-05-02 12:06:48,stallRate,90.5,3.19888100322493,TheEmptinessMachine,BBR,Dynamic,HTTP/1.1
2025-05-02 12:06:50,stallRate,92.5,3.12614121478233,TheEmptinessMachine,BBR,Dynamic,HTTP/1.1
2025-05-02 12:06:52,stallRate,94.5,3.05682113374225,TheEmptinessMachine,BBR,Dynamic,HTTP/1.1
2025-05-02 12:06:54,stallRate,96.5,2.99050462961837,TheEmptinessMachine,BBR,Dynamic,HTTP/1.1
2025-05-02 12:06:56,stallRate,98.5,2.92702248945138,TheEmptinessMachine,BBR,Dynamic,HTTP/1.1
2025-05-02 12:06:58,stallRate,100.501000165939,2.86588035735548,TheEmptinessMachine,BBR,Dynamic,HTTP/1.1
2025-05-02 12:07:00,stallRate,102.5,2.80762334428563,TheEmptinessMachine,BBR,Dynamic,HTTP/1.1
2025-05-02 12:07:02,stallRate,104.5,2.75167769763227,TheEmptinessMachine,BBR,Dynamic,HTTP/1.1
2025-05-02 12:07:04,stallRate,106.5,2.697469221609,TheEmptinessMachine,BBR,Dynamic,HTTP/1.1
2025-05-02 12:07:06,stallRate,108.5,2.6458534791597,TheEmptinessMachine,BBR,Dynamic,HTTP/1.1
2025-05-02 12:07:08,stallRate,110.5,2.59588838290115,TheEmptinessMachine,BBR,Dynamic,HTTP/1.1
2025-05-02 12:07:10,stallRate,112.5,2.54780034099454,TheEmptinessMachine,BBR,Dynamic,HTTP/1.1
2025-05-02 12:07:12,stallRate,114.5,2.50127878807939,TheEmptinessMachine,BBR,Dynamic,HTTP/1.1
2025-05-02 12:07:14,stallRate,116.5,2.45674326580214,TheEmptinessMachine,BBR,Dynamic,HTTP/1.1
2025-05-02 12:07:16,stallRate,118.501000165939,2.41365460427221,TheEmptinessMachine,BBR,Dynamic,HTTP/1.1
2025-05-02 12:07:18,stallRate,120.501000165939,2.37199315113122,TheEmptinessMachine,BBR,Dynamic,HTTP/1.1
2025-05-02 12:07:20,stallRate,122.501000165939,2.33178236683576,TheEmptinessMachine,BBR,Dynamic,HTTP/1.1
2025-05-02 12:07:22,stallRate,124.5,2.29299594443429,TheEmptinessMachine,BBR,Dynamic,HTTP/1.1
2025-05-02 12:07:24,stallRate,126.5,2.25549914279516,TheEmptinessMachine,BBR,Dynamic,HTTP/1.1
2025-05-02 12:07:26,stallRate,128.5,2.21898556546587,TheEmptinessMachine,BBR,Dynamic,HTTP/1.1
2025-05-02 12:07:28,stallRate,130.5,2.18399227484215,TheEmptinessMachine,BBR,Dynamic,HTTP/1.1
2025-05-02 12:07:30,stallRate,132.5,2.14979351528182,TheEmptinessMachine,BBR,Dynamic,HTTP/1.1
2025-05-02 12:07:32,stallRate,134.5,2.11687198812978,TheEmptinessMachine,BBR,Dynamic,HTTP/1.1
2025-05-02 12:07:34,stallRate,136.5,2.084823875624,TheEmptinessMachine,BBR,Dynamic,HTTP/1.1
2025-05-02 12:07:36,stallRate,138.5,2.05383821909929,TheEmptinessMachine,BBR,Dynamic,HTTP/1.1
2025-05-02 12:07:38,stallRate,140.501000165939,2.02357432492776,TheEmptinessMachine,BBR,Dynamic,HTTP/1.1
2025-05-02 12:07:40,stallRate,142.5,1.9943626027314,TheEmptinessMachine,BBR,Dynamic,HTTP/1.1
2025-05-02 12:07:42,stallRate,144.501000165939,1.96600612340897,TheEmptinessMachine,BBR,Dynamic,HTTP/1.1
2025-05-02 12:07:44,stallRate,146.5,1.9382567850923,TheEmptinessMachine,BBR,Dynamic,HTTP/1.1
2025-05-02 12:07:46,stallRate,148.5,1.91127678195839,TheEmptinessMachine,BBR,Dynamic,HTTP/1.1
2025-05-02 12:07:48,stallRate,150.501000165939,1.88511073522387,TheEmptinessMachine,BBR,Dynamic,HTTP/1.1
2025-05-02 12:07:50,stallRate,152.501000165939,1.85966903996872,TheEmptinessMachine,BBR,Dynamic,HTTP/1.1
2025-05-02 12:07:52,stallRate,154.5,1.83492591901479,TheEmptinessMachine,BBR,Dynamic,HTTP/1.1
2025-05-02 12:07:54,stallRate,156.501000165939,1.81081104398604,TheEmptinessMachine,BBR,Dynamic,HTTP/1.1
2025-05-02 12:07:56,stallRate,158.501000165939,1.78721038138492,TheEmptinessMachine,BBR,Dynamic,HTTP/1.1
2025-05-02 12:07:58,stallRate,160.501000165939,1.76435645451887,TheEmptinessMachine,BBR,Dynamic,HTTP/1.1
2025-05-02 12:08:00,stallRate,162.501000165939,1.74198745643775,TheEmptinessMachine,BBR,Dynamic,HTTP/1.1
2025-05-02 12:08:02,stallRate,164.5,1.72019898886387,TheEmptinessMachine,BBR,Dynamic,HTTP/1.1
2025-05-02 12:08:04,stallRate,166.501000165939,1.69887738095448,TheEmptinessMachine,BBR,Dynamic,HTTP/1.1
2025-05-02 12:08:06,stallRate,168.5,1.6780979232397,TheEmptinessMachine,BBR,Dynamic,HTTP/1.1
2025-05-02 12:08:08,stallRate,170.501000165939,1.6578589411635,TheEmptinessMachine,BBR,Dynamic,HTTP/1.1
2025-05-02 12:08:10,stallRate,172.501000165939,1.6381699972964,TheEmptinessMachine,BBR,Dynamic,HTTP/1.1
2025-05-02 12:08:12,stallRate,174.5,1.61893061476707,TheEmptinessMachine,BBR,Dynamic,HTTP/1.1
2025-05-02 12:08:14,stallRate,176.501000165939,1.60001418552416,TheEmptinessMachine,BBR,Dynamic,HTTP/1.1
2025-05-02 12:08:16,stallRate,178.5,1.58205114118102,TheEmptinessMachine,BBR,Dynamic,HTTP/1.1
2025-05-02 12:08:18,stallRate,180.501000165939,1.56434607344127,TheEmptinessMachine,BBR,Dynamic,HTTP/1.1
2025-05-02 12:08:20,stallRate,182.501000165939,1.54694990001556,TheEmptinessMachine,BBR,Dynamic,HTTP/1.1
2025-05-02 12:08:22,stallRate,184.5,1.52975223024798,TheEmptinessMachine,BBR,Dynamic,HTTP/1.1
2025-05-02 12:08:24,stallRate,186.5,1.51301770575402,TheEmptinessMachine,BBR,Dynamic,HTTP/1.1
2025-05-02 12:08:26,stallRate,188.501000165939,1.49652203390005,TheEmptinessMachine,BBR,Dynamic,HTTP/1.1
2025-05-02 12:08:28,stallRate,190.5,1.48042904433318,TheEmptinessMachine,BBR,Dynamic,HTTP/1.1
2025-05-02 12:08:30,stallRate,192.5,1.46464832423908,TheEmptinessMachine,BBR,Dynamic,HTTP/1.1
2025-05-02 12:08:32,stallRate,194.5,1.44922544177129,TheEmptinessMachine,BBR,Dynamic,HTTP/1.1
2025-05-02 12:08:34,stallRate,196.501000165939,1.43416904640448,TheEmptinessMachine,BBR,Dynamic,HTTP/1.1
2025-05-02 12:08:36,stallRate,198.5,1.4193785804096,TheEmptinessMachine,BBR,Dynamic,HTTP/1.1
2025-05-02 12:08:38,stallRate,200.5,1.40488513521093,TheEmptinessMachine,BBR,Dynamic,HTTP/1.1
2025-05-02 12:08:40,stallRate,202.5,1.39070292374975,TheEmptinessMachine,BBR,Dynamic,HTTP/1.1
2025-05-02 12:08:42,stallRate,204.5,1.37673213736948,TheEmptinessMachine,BBR,Dynamic,HTTP/1.1
2025-05-02 12:08:44,stallRate,206.5,1.3630601854672,TheEmptinessMachine,BBR,Dynamic,HTTP/1.1
2025-05-02 12:08:46,stallRate,208.5,1.34973590580993,TheEmptinessMachine,BBR,Dynamic,HTTP/1.1
2025-05-02 12:09:19,stallRate,2.10899996757507,0.0,TheEmptinessMachine,BBR,Dynamic,HTTP/2
2025-05-02 12:09:21,stallRate,4.10899996757507,0.0,TheEmptinessMachine,BBR,Dynamic,HTTP/2
2025-05-02 12:09:23,stallRate,6.10899996757507,0.0,TheEmptinessMachine,BBR,Dynamic,HTTP/2
2025-05-02 12:09:25,stallRate,8.10899996757507,0.0,TheEmptinessMachine,BBR,Dynamic,HTTP/2
2025-05-02 12:09:37,stallRate,20.1089999675751,42.9087903349524,TheEmptinessMachine,BBR,Dynamic,HTTP/2
2025-05-02 12:09:39,stallRate,22.1089999675751,42.8695513101842,TheEmptinessMachine,BBR,Dynamic,HTTP/2
2025-05-02 12:09:41,stallRate,24.1089999675751,38.859884854466,TheEmptinessMachine,BBR,Dynamic,HTTP/2
2025-05-02 12:09:43,stallRate,26.1089999675751,35.557338161854,TheEmptinessMachine,BBR,Dynamic,HTTP/2
2025-05-02 12:09:45,stallRate,28.1089999675751,32.755984252111,TheEmptinessMachine,BBR,Dynamic,HTTP/2
2025-05-02 12:09:47,stallRate,30.1089999675751,30.371316719614,TheEmptinessMachine,BBR,Dynamic,HTTP/2
2025-05-02 12:09:49,stallRate,32.1089999675751,28.3002978338843,TheEmptinessMachine,BBR,Dynamic,HTTP/2
2025-05-02 12:09:51,stallRate,34.1089999675751,26.5073892552343,TheEmptinessMachine,BBR,Dynamic,HTTP/2
2025-05-02 12:09:53,stallRate,36.1079998016357,24.9222724692162,TheEmptinessMachine,BBR,Dynamic,HTTP/2
2025-05-02 12:09:55,stallRate,38.1089999675751,23.532373285811,TheEmptinessMachine,BBR,Dynamic,HTTP/2
2025-05-02 12:09:57,stallRate,40.1089999675751,22.2742093669919,TheEmptinessMachine,BBR,Dynamic,HTTP/2
2025-05-02 12:09:59,stallRate,42.1089999675751,21.1491138983523,TheEmptinessMachine,BBR,Dynamic,HTTP/2
2025-05-02 12:10:01,stallRate,44.1089999675751,20.1316276164257,TheEmptinessMachine,BBR,Dynamic,HTTP/2
2025-05-02 12:10:03,stallRate,46.1089999675751,19.2022088835627,TheEmptinessMachine,BBR,Dynamic,HTTP/2
2025-05-02 12:10:05,stallRate,48.1089999675751,18.3555243960736,TheEmptinessMachine,BBR,Dynamic,HTTP/2
2025-05-02 12:10:07,stallRate,50.1089999675751,17.5813200649614,TheEmptinessMachine,BBR,Dynamic,HTTP/2
2025-05-02 12:10:09,stallRate,52.1089999675751,16.8711817984171,TheEmptinessMachine,BBR,Dynamic,HTTP/2
2025-05-02 12:10:11,stallRate,54.1089999675751,16.2160980735597,TheEmptinessMachine,BBR,Dynamic,HTTP/2
2025-05-02 12:10:13,stallRate,56.1089999675751,15.6069340818075,TheEmptinessMachine,BBR,Dynamic,HTTP/2
2025-05-02 12:10:15,stallRate,58.1089999675751,15.0448682343756,TheEmptinessMachine,BBR,Dynamic,HTTP/2
2025-05-02 12:10:17,stallRate,60.1089999675751,14.5236358719248,TheEmptinessMachine,BBR,Dynamic,HTTP/2
2025-05-02 12:10:19,stallRate,62.1089999675751,14.0342652906987,TheEmptinessMachine,BBR,Dynamic,HTTP/2
2025-05-02 12:10:21,stallRate,64.1089999675751,13.5773351519902,TheEmptinessMachine,BBR,Dynamic,HTTP/2
2025-05-02 12:10:23,stallRate,66.1089999675751,13.1497945107165,TheEmptinessMachine,BBR,Dynamic,HTTP/2
2025-05-02 12:10:25,stallRate,68.1089999675751,12.746173586201,TheEmptinessMachine,BBR,Dynamic,HTTP/2
2025-05-02 12:10:27,stallRate,70.1089999675751,12.3688124766997,TheEmptinessMachine,BBR,Dynamic,HTTP/2
2025-05-02 12:10:29,stallRate,72.1089999675751,12.0121845588792,TheEmptinessMachine,BBR,Dynamic,HTTP/2
2025-05-02 12:10:31,stallRate,74.1089999675751,11.6759636582294,TheEmptinessMachine,BBR,Dynamic,HTTP/2
2025-05-02 12:10:33,stallRate,76.1089999675751,12.2552623341142,TheEmptinessMachine,BBR,Dynamic,HTTP/2
2025-05-02 12:10:35,stallRate,78.1089999675751,11.9309784292446,TheEmptinessMachine,BBR,Dynamic,HTTP/2
2025-05-02 12:10:37,stallRate,80.1089999675751,11.6233470446086,TheEmptinessMachine,BBR,Dynamic,HTTP/2
2025-05-02 12:10:39,stallRate,82.1089999675751,12.0197681452556,TheEmptinessMachine,BBR,Dynamic,HTTP/2
2025-05-02 12:10:41,stallRate,84.1089999675751,11.7235626392358,TheEmptinessMachine,BBR,Dynamic,HTTP/2
2025-05-02 12:10:43,stallRate,86.1089999675751,11.4435360719889,TheEmptinessMachine,BBR,Dynamic,HTTP/2
2025-05-02 12:10:45,stallRate,88.1079998016357,11.1747283891565,TheEmptinessMachine,BBR,Dynamic,HTTP/2
2025-05-02 12:10:47,stallRate,90.1089999675751,10.9190855968704,TheEmptinessMachine,BBR,Dynamic,HTTP/2
2025-05-02 12:10:49,stallRate,92.1089999675751,10.675219277569,TheEmptinessMachine,BBR,Dynamic,HTTP/2
2025-05-02 12:10:51,stallRate,94.1089999675751,10.4414753416154,TheEmptinessMachine,BBR,Dynamic,HTTP/2
2025-05-02 12:10:53,stallRate,96.1089999675751,10.2175246056631,TheEmptinessMachine,BBR,Dynamic,HTTP/2
2025-05-02 12:10:55,stallRate,98.1089999675751,10.0044313338921,TheEmptinessMachine,BBR,Dynamic,HTTP/2
2025-05-02 12:10:57,stallRate,100.108999967575,9.79861686032549,TheEmptinessMachine,BBR,Dynamic,HTTP/2
2025-05-02 12:10:59,stallRate,102.108999967575,9.60159230252222,TheEmptinessMachine,BBR,Dynamic,HTTP/2
2025-05-02 12:11:01,stallRate,104.108999967575,9.41240079207146,TheEmptinessMachine,BBR,Dynamic,HTTP/2
2025-05-02 12:11:03,stallRate,106.108999967575,9.23021290710383,TheEmptinessMachine,BBR,Dynamic,HTTP/2
2025-05-02 12:11:05,stallRate,108.108999967575,9.05574591352136,TheEmptinessMachine,BBR,Dynamic,HTTP/2
2025-05-02 12:11:07,stallRate,110.108999967575,8.88671746885687,TheEmptinessMachine,BBR,Dynamic,HTTP/2
2025-05-02 12:11:09,stallRate,112.107999801636,8.72473562523676,TheEmptinessMachine,BBR,Dynamic,HTTP/2
2025-05-02 12:11:11,stallRate,114.108999967575,8.56890848442418,TheEmptinessMachine,BBR,Dynamic,HTTP/2
2025-05-02 12:11:13,stallRate,116.108999967575,8.41762755980969,TheEmptinessMachine,BBR,Dynamic,HTTP/2
2025-05-02 12:11:15,stallRate,118.108999967575,8.27222260284999,TheEmptinessMachine,BBR,Dynamic,HTTP/2
2025-05-02 12:11:17,stallRate,120.109999895096,8.13114803724653,TheEmptinessMachine,BBR,Dynamic,HTTP/2
2025-05-02 12:11:19,stallRate,122.108999967575,7.99430804565202,TheEmptinessMachine,BBR,Dynamic,HTTP/2
2025-05-02 12:11:21,stallRate,124.108999967575,7.86272786948683,TheEmptinessMachine,BBR,Dynamic,HTTP/2
2025-05-02 12:11:23,stallRate,126.108999967575,7.73516296241986,TheEmptinessMachine,BBR,Dynamic,HTTP/2
2025-05-02 12:11:25,stallRate,128.108999967575,7.61184951175512,TheEmptinessMachine,BBR,Dynamic,HTTP/2
2025-05-02 12:11:27,stallRate,130.108999967575,7.49200782602753,TheEmptinessMachine,BBR,Dynamic,HTTP/2
2025-05-02 12:11:29,stallRate,132.108999967575,7.3766296341939,TheEmptinessMachine,BBR,Dynamic,HTTP/2
2025-05-02 12:11:31,stallRate,134.108999967575,7.26417108943145,TheEmptinessMachine,BBR,Dynamic,HTTP/2
2025-05-02 12:11:33,stallRate,136.108999967575,7.15565827296668,TheEmptinessMachine,BBR,Dynamic,HTTP/2
2025-05-02 12:11:35,stallRate,138.108999967575,7.04991552984811,TheEmptinessMachine,BBR,Dynamic,HTTP/2
2025-05-02 12:11:37,stallRate,140.108999967575,6.94676629172808,TheEmptinessMachine,BBR,Dynamic,HTTP/2
2025-05-02 12:11:39,stallRate,142.108999967575,6.84724793165539,TheEmptinessMachine,BBR,Dynamic,HTTP/2
2025-05-02 12:11:41,stallRate,144.108999967575,6.75086139057445,TheEmptinessMachine,BBR,Dynamic,HTTP/2
2025-05-02 12:11:43,stallRate,146.108999967575,6.65658775552573,TheEmptinessMachine,BBR,Dynamic,HTTP/2
2025-05-02 12:11:45,stallRate,148.108999967575,6.56499789982755,TheEmptinessMachine,BBR,Dynamic,HTTP/2
2025-05-02 12:11:47,stallRate,150.108999967575,6.47602903291029,TheEmptinessMachine,BBR,Dynamic,HTTP/2
2025-05-02 12:11:49,stallRate,152.108999967575,6.38944197975726,TheEmptinessMachine,BBR,Dynamic,HTTP/2
2025-05-02 12:11:51,stallRate,154.108999967575,6.30531681047358,TheEmptinessMachine,BBR,Dynamic,HTTP/2
2025-05-02 12:11:53,stallRate,156.108999967575,6.22324596777581,TheEmptinessMachine,BBR,Dynamic,HTTP/2
2025-05-02 12:11:55,stallRate,158.108999967575,6.14332247952343,TheEmptinessMachine,BBR,Dynamic,HTTP/2
2025-05-02 12:11:57,stallRate,160.108999967575,6.06518494107577,TheEmptinessMachine,BBR,Dynamic,HTTP/2
2025-05-02 12:11:59,stallRate,162.107999801636,5.98894657775514,TheEmptinessMachine,BBR,Dynamic,HTTP/2
2025-05-02 12:12:01,stallRate,164.108999967575,5.91509253747095,TheEmptinessMachine,BBR,Dynamic,HTTP/2
2025-05-02 12:12:03,stallRate,166.108999967575,5.8425154481822,TheEmptinessMachine,BBR,Dynamic,HTTP/2
2025-05-02 12:12:05,stallRate,168.108999967575,5.77191121169901,TheEmptinessMachine,BBR,Dynamic,HTTP/2
2025-05-02 12:12:07,stallRate,170.108999967575,5.7030372006281,TheEmptinessMachine,BBR,Dynamic,HTTP/2
2025-05-02 12:12:09,stallRate,172.108999967575,5.63528847206213,TheEmptinessMachine,BBR,Dynamic,HTTP/2
2025-05-02 12:12:11,stallRate,174.108999967575,5.56948687995223,TheEmptinessMachine,BBR,Dynamic,HTTP/2
2025-05-02 12:12:13,stallRate,176.108999967575,5.50530673259676,TheEmptinessMachine,BBR,Dynamic,HTTP/2
2025-05-02 12:12:15,stallRate,178.108999967575,5.44253005163963,TheEmptinessMachine,BBR,Dynamic,HTTP/2
2025-05-02 12:12:17,stallRate,180.108999967575,5.38103370773775,TheEmptinessMachine,BBR,Dynamic,HTTP/2
2025-05-02 12:12:19,stallRate,182.108999967575,5.32099732531551,TheEmptinessMachine,BBR,Dynamic,HTTP/2
2025-05-02 12:12:21,stallRate,184.108999967575,5.26247192416934,TheEmptinessMachine,BBR,Dynamic,HTTP/2
2025-05-02 12:12:23,stallRate,186.108999967575,5.20485613362903,TheEmptinessMachine,BBR,Dynamic,HTTP/2
2025-05-02 12:12:25,stallRate,188.108999967575,5.14892169536726,TheEmptinessMachine,BBR,Dynamic,HTTP/2
2025-05-02 12:12:27,stallRate,190.108999967575,5.09412282310885,TheEmptinessMachine,BBR,Dynamic,HTTP/2
2025-05-02 12:12:29,stallRate,192.108999967575,5.04026185064806,TheEmptinessMachine,BBR,Dynamic,HTTP/2
2025-05-02 12:12:31,stallRate,194.108999967575,4.98787204195948,TheEmptinessMachine,BBR,Dynamic,HTTP/2
2025-05-02 12:12:37,stallRate,200.108999967575,6.50517807820557,TheEmptinessMachine,BBR,Dynamic,HTTP/2
2025-05-02 12:12:41,stallRate,204.108999967575,7.32462360534756,TheEmptinessMachine,BBR,Dynamic,HTTP/2
2025-05-02 12:12:43,stallRate,206.108999967575,7.25266736627143,TheEmptinessMachine,BBR,Dynamic,HTTP/2
2025-05-02 12:13:20,stallRate,6.11300015449524,0.0,TheEmptinessMachine,BBR,Dynamic,HTTP/3
2025-05-02 12:13:22,stallRate,8.11300015449524,0.0,TheEmptinessMachine,BBR,Dynamic,HTTP/3
2025-05-02 12:13:30,stallRate,16.1130001544952,13.1344069290944,TheEmptinessMachine,BBR,Dynamic,HTTP/3
2025-05-02 12:13:32,stallRate,18.1130001544952,10.5091483079957,TheEmptinessMachine,BBR,Dynamic,HTTP/3
2025-05-02 12:13:34,stallRate,20.1130001544952,8.75958276061661,TheEmptinessMachine,BBR,Dynamic,HTTP/3
2025-05-02 12:13:36,stallRate,22.1130001544952,7.5040238642937,TheEmptinessMachine,BBR,Dynamic,HTTP/3
2025-05-02 12:13:38,stallRate,24.1130001544952,6.56448089107129,TheEmptinessMachine,BBR,Dynamic,HTTP/3
2025-05-02 12:13:40,stallRate,26.1130001544952,5.83424660836379,TheEmptinessMachine,BBR,Dynamic,HTTP/3
2025-05-02 12:13:42,stallRate,28.1130001544952,5.25209285679204,TheEmptinessMachine,BBR,Dynamic,HTTP/3
2025-05-02 12:13:44,stallRate,30.1130001544952,4.77528927911337,TheEmptinessMachine,BBR,Dynamic,HTTP/3
2025-05-02 12:13:46,stallRate,32.1130001544952,4.37795468248905,TheEmptinessMachine,BBR,Dynamic,HTTP/3
2025-05-02 12:13:48,stallRate,34.1130001544952,4.04190169296383,TheEmptinessMachine,BBR,Dynamic,HTTP/3
2025-05-02 12:13:50,stallRate,36.1130001544952,3.75200308098616,TheEmptinessMachine,BBR,Dynamic,HTTP/3
2025-05-02 12:13:52,stallRate,38.1130001544952,3.50265035624785,TheEmptinessMachine,BBR,Dynamic,HTTP/3
2025-05-02 12:13:54,stallRate,40.1130001544952,3.2835566463168,TheEmptinessMachine,BBR,Dynamic,HTTP/3
2025-05-02 12:13:56,stallRate,42.1130001544952,3.08998737083306,TheEmptinessMachine,BBR,Dynamic,HTTP/3
2025-05-02 12:13:58,stallRate,44.1130001544952,2.91918396513808,TheEmptinessMachine,BBR,Dynamic,HTTP/3
2025-05-02 12:14:00,stallRate,46.1130001544952,2.76518587927199,TheEmptinessMachine,BBR,Dynamic,HTTP/3
2025-05-02 12:14:02,stallRate,48.1130001544952,2.62688234996177,TheEmptinessMachine,BBR,Dynamic,HTTP/3
2025-05-02 12:14:04,stallRate,50.1130001544952,2.50182649563595,TheEmptinessMachine,BBR,Dynamic,HTTP/3
2025-05-02 12:14:06,stallRate,52.1130001544952,2.38838404414535,TheEmptinessMachine,BBR,Dynamic,HTTP/3
2025-05-02 12:14:08,stallRate,54.1130001544952,2.28412598773917,TheEmptinessMachine,BBR,Dynamic,HTTP/3
2025-05-02 12:14:10,stallRate,56.1130001544952,2.18918380214603,TheEmptinessMachine,BBR,Dynamic,HTTP/3
2025-05-02 12:14:12,stallRate,58.1130001544952,2.10126653525852,TheEmptinessMachine,BBR,Dynamic,HTTP/3
2025-05-02 12:14:14,stallRate,60.1130001544952,2.02042109366402,TheEmptinessMachine,BBR,Dynamic,HTTP/3
2025-05-02 12:14:16,stallRate,62.1130001544952,1.94561493635772,TheEmptinessMachine,BBR,Dynamic,HTTP/3
2025-05-02 12:14:18,stallRate,64.1130001544952,1.87626012073341,TheEmptinessMachine,BBR,Dynamic,HTTP/3
2025-05-02 12:14:20,stallRate,66.1130001544952,1.81130179652035,TheEmptinessMachine,BBR,Dynamic,HTTP/3
2025-05-02 12:14:22,stallRate,68.1130001544952,1.75076488506596,TheEmptinessMachine,BBR,Dynamic,HTTP/3
2025-05-02 12:14:24,stallRate,70.1130001544952,1.69429680924851,TheEmptinessMachine,BBR,Dynamic,HTTP/3
2025-05-02 12:14:26,stallRate,72.1130001544952,1.64137698424172,TheEmptinessMachine,BBR,Dynamic,HTTP/3
2025-05-02 12:14:28,stallRate,74.1130001544952,1.59169846330568,TheEmptinessMachine,BBR,Dynamic,HTTP/3
2025-05-02 12:14:30,stallRate,76.1130001544952,1.54460440623225,TheEmptinessMachine,BBR,Dynamic,HTTP/3
2025-05-02 12:14:32,stallRate,78.1150000095367,1.5003832490925,TheEmptinessMachine,BBR,Dynamic,HTTP/3
2025-05-02 12:14:34,stallRate,80.1130001544952,1.45875824034622,TheEmptinessMachine,BBR,Dynamic,HTTP/3
2025-05-02 12:14:36,stallRate,82.1130001544952,1.41944834627467,TheEmptinessMachine,BBR,Dynamic,HTTP/3
2025-05-02 12:14:38,stallRate,84.1130001544952,1.38194117884602,TheEmptinessMachine,BBR,Dynamic,HTTP/3
2025-05-02 12:14:40,stallRate,86.1130001544952,1.34661384876228,TheEmptinessMachine,BBR,Dynamic,HTTP/3
2025-05-02 12:14:42,stallRate,88.1130001544952,1.31297815352422,TheEmptinessMachine,BBR,Dynamic,HTTP/3
2025-05-02 12:14:44,stallRate,90.1130001544952,1.28089310923993,TheEmptinessMachine,BBR,Dynamic,HTTP/3
2025-05-02 12:14:46,stallRate,92.1130001544952,1.25056710784602,TheEmptinessMachine,BBR,Dynamic,HTTP/3
2025-05-02 12:14:48,stallRate,94.1130001544952,1.22141171302139,TheEmptinessMachine,BBR,Dynamic,HTTP/3
2025-05-02 12:14:50,stallRate,96.1130001544952,1.19366762896688,TheEmptinessMachine,BBR,Dynamic,HTTP/3
2025-05-02 12:14:52,stallRate,98.1130001544952,1.16716149887858,TheEmptinessMachine,BBR,Dynamic,HTTP/3
2025-05-02 12:14:54,stallRate,100.113000154495,1.14185452490737,TheEmptinessMachine,BBR,Dynamic,HTTP/3
2025-05-02 12:14:56,stallRate,102.113000154495,1.11744564505168,TheEmptinessMachine,BBR,Dynamic,HTTP/3
2025-05-02 12:14:58,stallRate,104.113000154495,1.09410657419158,TheEmptinessMachine,BBR,Dynamic,HTTP/3
2025-05-02 12:15:00,stallRate,106.113000154495,1.0718705575739,TheEmptinessMachine,BBR,Dynamic,HTTP/3
2025-05-02 12:15:02,stallRate,108.113000154495,1.05042346060625,TheEmptinessMachine,BBR,Dynamic,HTTP/3
2025-05-02 12:15:04,stallRate,110.113000154495,1.02982380002556,TheEmptinessMachine,BBR,Dynamic,HTTP/3
2025-05-02 12:15:06,stallRate,112.113000154495,1.01005620831754,TheEmptinessMachine,BBR,Dynamic,HTTP/3
2025-05-02 12:15:08,stallRate,114.113000154495,0.991029756469565,TheEmptinessMachine,BBR,Dynamic,HTTP/3
2025-05-02 12:15:10,stallRate,116.113000154495,0.972601231214147,TheEmptinessMachine,BBR,Dynamic,HTTP/3
2025-05-02 12:15:12,stallRate,118.113000154495,0.954927088791261,TheEmptinessMachine,BBR,Dynamic,HTTP/3
2025-05-02 12:15:14,stallRate,120.113000154495,0.937855205639257,TheEmptinessMachine,BBR,Dynamic,HTTP/3
2025-05-02 12:15:16,stallRate,122.113000154495,0.921401118956135,TheEmptinessMachine,BBR,Dynamic,HTTP/3
2025-05-02 12:15:18,stallRate,124.113000154495,0.90554584744735,TheEmptinessMachine,BBR,Dynamic,HTTP/3
2025-05-02 12:15:20,stallRate,126.113000154495,0.890223628084536,TheEmptinessMachine,BBR,Dynamic,HTTP/3
2025-05-02 12:15:22,stallRate,128.113000154495,0.875412582955058,TheEmptinessMachine,BBR,Dynamic,HTTP/3
2025-05-02 12:15:24,stallRate,130.113000154495,0.86110041276444,TheEmptinessMachine,BBR,Dynamic,HTTP/3
2025-05-02 12:15:26,stallRate,132.113000154495,0.84722526285713,TheEmptinessMachine,BBR,Dynamic,HTTP/3
2025-05-02 12:15:28,stallRate,134.113000154495,0.833790496557436,TheEmptinessMachine,BBR,Dynamic,HTTP/3
2025-05-02 12:15:30,stallRate,136.113000154495,0.820722815334152,TheEmptinessMachine,BBR,Dynamic,HTTP/3
2025-05-02 12:15:32,stallRate,138.113000154495,0.808068530404954,TheEmptinessMachine,BBR,Dynamic,HTTP/3
2025-05-02 12:15:34,stallRate,140.113000154495,0.795878992588123,TheEmptinessMachine,BBR,Dynamic,HTTP/3
2025-05-02 12:15:36,stallRate,142.113000154495,0.783975435686727,TheEmptinessMachine,BBR,Dynamic,HTTP/3
2025-05-02 12:15:38,stallRate,144.113000154495,0.772449290149561,TheEmptinessMachine,BBR,Dynamic,HTTP/3
2025-05-02 12:15:40,stallRate,146.113000154495,0.761258997785063,TheEmptinessMachine,BBR,Dynamic,HTTP/3
2025-05-02 12:15:42,stallRate,148.113000154495,0.750402639320364,TheEmptinessMachine,BBR,Dynamic,HTTP/3
2025-05-02 12:15:44,stallRate,150.113000154495,0.73985385685964,TheEmptinessMachine,BBR,Dynamic,HTTP/3
2025-05-02 12:15:46,stallRate,152.113000154495,0.729592803261645,TheEmptinessMachine,BBR,Dynamic,HTTP/3
2025-05-02 12:15:48,stallRate,154.113000154495,0.719565425570712,TheEmptinessMachine,BBR,Dynamic,HTTP/3
2025-05-02 12:15:50,stallRate,156.113000154495,0.709868619046249,TheEmptinessMachine,BBR,Dynamic,HTTP/3
2025-05-02 12:15:52,stallRate,158.113000154495,0.700434991800059,TheEmptinessMachine,BBR,Dynamic,HTTP/3
2025-05-02 12:15:54,stallRate,160.113000154495,0.691167954440643,TheEmptinessMachine,BBR,Dynamic,HTTP/3
2025-05-02 12:15:56,stallRate,162.113000154495,0.682180318558608,TheEmptinessMachine,BBR,Dynamic,HTTP/3
2025-05-02 12:15:58,stallRate,164.113000154495,0.673439043906901,TheEmptinessMachine,BBR,Dynamic,HTTP/3
2025-05-02 12:16:00,stallRate,166.113000154495,0.664931090344253,TheEmptinessMachine,BBR,Dynamic,HTTP/3
2025-05-02 12:16:02,stallRate,168.113000154495,0.6565853210968,TheEmptinessMachine,BBR,Dynamic,HTTP/3
2025-05-02 12:16:04,stallRate,170.113000154495,0.648453661287808,TheEmptinessMachine,BBR,Dynamic,HTTP/3
2025-05-02 12:16:06,stallRate,172.113000154495,0.640475206524017,TheEmptinessMachine,BBR,Dynamic,HTTP/3
2025-05-02 12:16:08,stallRate,174.113000154495,0.632792856660374,TheEmptinessMachine,BBR,Dynamic,HTTP/3
2025-05-02 12:16:10,stallRate,176.113000154495,0.625248137554596,TheEmptinessMachine,BBR,Dynamic,HTTP/3
2025-05-02 12:16:12,stallRate,178.113000154495,0.617932024739143,TheEmptinessMachine,BBR,Dynamic,HTTP/3
2025-05-02 12:16:14,stallRate,180.113000154495,0.610743192179128,TheEmptinessMachine,BBR,Dynamic,HTTP/3
2025-05-02 12:16:16,stallRate,182.113000154495,0.603720527163709,TheEmptinessMachine,BBR,Dynamic,HTTP/3
2025-05-02 12:16:18,stallRate,184.113000154495,0.596894429766295,TheEmptinessMachine,BBR,Dynamic,HTTP/3
2025-05-02 12:16:20,stallRate,186.113000154495,0.590182664774279,TheEmptinessMachine,BBR,Dynamic,HTTP/3
2025-05-02 12:16:22,stallRate,188.113000154495,0.583628143693052,TheEmptinessMachine,BBR,Dynamic,HTTP/3
2025-05-02 12:16:24,stallRate,190.118000030518,0.57720829119963,TheEmptinessMachine,BBR,Dynamic,HTTP/3
2025-05-02 12:16:26,stallRate,192.113000154495,0.570959642127972,TheEmptinessMachine,BBR,Dynamic,HTTP/3
2025-05-02 12:16:30,stallRate,196.113000154495,1.88122326053399,TheEmptinessMachine,BBR,Dynamic,HTTP/3
2025-05-02 12:16:32,stallRate,198.113000154495,1.86251231110253,TheEmptinessMachine,BBR,Dynamic,HTTP/3
2025-05-02 12:16:36,stallRate,202.113000154495,2.35602091948019,TheEmptinessMachine,BBR,Dynamic,HTTP/3
2025-05-02 12:16:42,stallRate,208.113000154495,2.45335263272594,TheEmptinessMachine,BBR,Dynamic,HTTP/3
2025-05-02 12:16:44,stallRate,210.113000154495,2.43716324050042,TheEmptinessMachine,BBR,Dynamic,HTTP/3
2025-05-02 12:16:46,stallRate,212.113000154495,2.41265436978323,TheEmptinessMachine,BBR,Dynamic,HTTP/3
2025-05-02 12:16:48,stallRate,214.113000154495,2.38855972413708,TheEmptinessMachine,BBR,Dynamic,HTTP/3
2025-05-02 12:16:50,stallRate,216.113000154495,2.36501295937517,TheEmptinessMachine,BBR,Dynamic,HTTP/3
2025-05-02 12:17:21,stallRate,6.85599994659424,0.0,TheEmptinessMachine,BBR,Bola,HTTP/1.1
2025-05-02 12:17:23,stallRate,8.85599994659424,0.0,TheEmptinessMachine,BBR,Bola,HTTP/1.1
2025-05-02 12:17:25,stallRate,10.8559999465942,0.0,TheEmptinessMachine,BBR,Bola,HTTP/1.1
2025-05-02 12:17:27,stallRate,12.8559999465942,0.0,TheEmptinessMachine,BBR,Bola,HTTP/1.1
2025-05-02 12:17:29,stallRate,14.8559999465942,0.0,TheEmptinessMachine,BBR,Bola,HTTP/1.1
2025-05-02 12:17:31,stallRate,16.8559999465942,0.0,TheEmptinessMachine,BBR,Bola,HTTP/1.1
2025-05-02 12:17:33,stallRate,18.8559999465942,0.0,TheEmptinessMachine,BBR,Bola,HTTP/1.1
2025-05-02 12:17:35,stallRate,20.8559999465942,0.0,TheEmptinessMachine,BBR,Bola,HTTP/1.1
2025-05-02 12:17:37,stallRate,22.8559999465942,0.0,TheEmptinessMachine,BBR,Bola,HTTP/1.1
2025-05-02 12:17:39,stallRate,24.8559999465942,0.0,TheEmptinessMachine,BBR,Bola,HTTP/1.1
2025-05-02 12:17:41,stallRate,26.8559999465942,0.0,TheEmptinessMachine,BBR,Bola,HTTP/1.1
2025-05-02 12:17:43,stallRate,28.8559999465942,0.0,TheEmptinessMachine,BBR,Bola,HTTP/1.1
2025-05-02 12:17:45,stallRate,30.8559999465942,0.0,TheEmptinessMachine,BBR,Bola,HTTP/1.1
2025-05-02 12:17:47,stallRate,32.8559999465942,0.0,TheEmptinessMachine,BBR,Bola,HTTP/1.1
2025-05-02 12:17:49,stallRate,34.8559999465942,0.0,TheEmptinessMachine,BBR,Bola,HTTP/1.1
2025-05-02 12:17:51,stallRate,36.8559999465942,0.0,TheEmptinessMachine,BBR,Bola,HTTP/1.1
2025-05-02 12:17:53,stallRate,38.8559999465942,0.0,TheEmptinessMachine,BBR,Bola,HTTP/1.1
2025-05-02 12:17:55,stallRate,40.8559999465942,0.0,TheEmptinessMachine,BBR,Bola,HTTP/1.1
2025-05-02 12:17:57,stallRate,42.8559999465942,0.0,TheEmptinessMachine,BBR,Bola,HTTP/1.1
2025-05-02 12:17:59,stallRate,44.8559999465942,0.0,TheEmptinessMachine,BBR,Bola,HTTP/1.1
2025-05-02 12:18:01,stallRate,46.8559999465942,0.0,TheEmptinessMachine,BBR,Bola,HTTP/1.1
2025-05-02 12:18:03,stallRate,48.8559999465942,0.0,TheEmptinessMachine,BBR,Bola,HTTP/1.1
2025-05-02 12:18:05,stallRate,50.8559999465942,0.0,TheEmptinessMachine,BBR,Bola,HTTP/1.1
2025-05-02 12:18:07,stallRate,52.8559999465942,0.0,TheEmptinessMachine,BBR,Bola,HTTP/1.1
2025-05-02 12:18:09,stallRate,54.8559999465942,0.0,TheEmptinessMachine,BBR,Bola,HTTP/1.1
2025-05-02 12:18:11,stallRate,56.8559999465942,0.0,TheEmptinessMachine,BBR,Bola,HTTP/1.1
2025-05-02 12:18:13,stallRate,58.8559999465942,0.0,TheEmptinessMachine,BBR,Bola,HTTP/1.1
2025-05-02 12:18:15,stallRate,60.8559999465942,0.0,TheEmptinessMachine,BBR,Bola,HTTP/1.1
2025-05-02 12:18:17,stallRate,62.8559999465942,0.0,TheEmptinessMachine,BBR,Bola,HTTP/1.1
2025-05-02 12:18:19,stallRate,64.8559999465942,0.0,TheEmptinessMachine,BBR,Bola,HTTP/1.1
2025-05-02 12:18:21,stallRate,66.8559999465942,0.0,TheEmptinessMachine,BBR,Bola,HTTP/1.1
2025-05-02 12:18:23,stallRate,68.8559999465942,0.0,TheEmptinessMachine,BBR,Bola,HTTP/1.1
2025-05-02 12:18:25,stallRate,70.8559999465942,1.58732967143437,TheEmptinessMachine,BBR,Bola,HTTP/1.1
2025-05-02 12:18:27,stallRate,72.8559999465942,1.53947225956319,TheEmptinessMachine,BBR,Bola,HTTP/1.1
2025-05-02 12:18:29,stallRate,74.8559999465942,1.49446299240368,TheEmptinessMachine,BBR,Bola,HTTP/1.1
2025-05-02 12:18:31,stallRate,76.8559999465942,1.45212465801249,TheEmptinessMachine,BBR,Bola,HTTP/1.1
2025-05-02 12:18:33,stallRate,78.8559999465942,1.41211045367681,TheEmptinessMachine,BBR,Bola,HTTP/1.1
2025-05-02 12:18:35,stallRate,80.8559999465942,1.37425051007704,TheEmptinessMachine,BBR,Bola,HTTP/1.1
2025-05-02 12:18:37,stallRate,82.8559999465942,1.33839123918799,TheEmptinessMachine,BBR,Bola,HTTP/1.1
2025-05-02 12:18:39,stallRate,84.8559999465942,1.30412790483807,TheEmptinessMachine,BBR,Bola,HTTP/1.1
2025-05-02 12:18:41,stallRate,86.8559999465942,1.27163697940924,TheEmptinessMachine,BBR,Bola,HTTP/1.1
2025-05-02 12:18:43,stallRate,88.8559999465942,1.24092972981973,TheEmptinessMachine,BBR,Bola,HTTP/1.1
2025-05-02 12:18:45,stallRate,90.8559999465942,1.21151201278396,TheEmptinessMachine,BBR,Bola,HTTP/1.1
2025-05-02 12:18:47,stallRate,92.8559999465942,1.18349431247872,TheEmptinessMachine,BBR,Bola,HTTP/1.1
2025-05-02 12:18:49,stallRate,94.8559999465942,1.15654152731023,TheEmptinessMachine,BBR,Bola,HTTP/1.1
2025-05-02 12:18:51,stallRate,96.8559999465942,1.13109359727561,TheEmptinessMachine,BBR,Bola,HTTP/1.1
2025-05-02 12:18:53,stallRate,98.8559999465942,1.10658085481578,TheEmptinessMachine,BBR,Bola,HTTP/1.1
2025-05-02 12:18:55,stallRate,100.855999946594,1.08315731979988,TheEmptinessMachine,BBR,Bola,HTTP/1.1
2025-05-02 12:18:57,stallRate,102.855999946594,1.06072232701292,TheEmptinessMachine,BBR,Bola,HTTP/1.1
2025-05-02 12:18:59,stallRate,104.855999946594,1.03920703168939,TheEmptinessMachine,BBR,Bola,HTTP/1.1
2025-05-02 12:19:01,stallRate,106.855999946594,1.01856491872088,TheEmptinessMachine,BBR,Bola,HTTP/1.1
2025-05-02 12:19:03,stallRate,108.855999946594,0.99871895696992,TheEmptinessMachine,BBR,Bola,HTTP/1.1
2025-05-02 12:19:05,stallRate,110.855999946594,0.979631542315134,TheEmptinessMachine,BBR,Bola,HTTP/1.1
2025-05-02 12:19:07,stallRate,112.855999946594,0.961104605660369,TheEmptinessMachine,BBR,Bola,HTTP/1.1
2025-05-02 12:19:09,stallRate,114.855999946594,0.943262914465201,TheEmptinessMachine,BBR,Bola,HTTP/1.1
2025-05-02 12:19:11,stallRate,116.855999946594,0.926218651950415,TheEmptinessMachine,BBR,Bola,HTTP/1.1
2025-05-02 12:19:13,stallRate,118.855999946594,0.909753997238298,TheEmptinessMachine,BBR,Bola,HTTP/1.1
2025-05-02 12:19:15,stallRate,120.855999946594,0.893831310336678,TheEmptinessMachine,BBR,Bola,HTTP/1.1
2025-05-02 12:19:17,stallRate,122.855999946594,0.878560183774911,TheEmptinessMachine,BBR,Bola,HTTP/1.1
2025-05-02 12:19:19,stallRate,124.855999946594,0.863699984191338,TheEmptinessMachine,BBR,Bola,HTTP/1.1
2025-05-02 12:19:21,stallRate,126.855999946594,0.84945245735216,TheEmptinessMachine,BBR,Bola,HTTP/1.1
2025-05-02 12:19:23,stallRate,128.855999946594,0.835565173761718,TheEmptinessMachine,BBR,Bola,HTTP/1.1
2025-05-02 12:19:25,stallRate,130.855999946594,0.822129166804756,TheEmptinessMachine,BBR,Bola,HTTP/1.1
2025-05-02 12:19:27,stallRate,132.855999946594,0.809068536819928,TheEmptinessMachine,BBR,Bola,HTTP/1.1
2025-05-02 12:19:29,stallRate,134.855999946594,0.796434792000568,TheEmptinessMachine,BBR,Bola,HTTP/1.1
2025-05-02 12:19:31,stallRate,136.855999946594,0.784269978744631,TheEmptinessMachine,BBR,Bola,HTTP/1.1
2025-05-02 12:19:33,stallRate,138.855999946594,0.772421618687594,TheEmptinessMachine,BBR,Bola,HTTP/1.1
2025-05-02 12:19:35,stallRate,140.855999946594,0.760938658875459,TheEmptinessMachine,BBR,Bola,HTTP/1.1
2025-05-02 12:19:37,stallRate,142.855999946594,0.749805078328962,TheEmptinessMachine,BBR,Bola,HTTP/1.1
2025-05-02 12:19:39,stallRate,144.855999946594,0.738991793211876,TheEmptinessMachine,BBR,Bola,HTTP/1.1
2025-05-02 12:19:41,stallRate,146.855999946594,0.72842572007564,TheEmptinessMachine,BBR,Bola,HTTP/1.1
2025-05-02 12:19:43,stallRate,148.855999946594,0.71826443588006,TheEmptinessMachine,BBR,Bola,HTTP/1.1
2025-05-02 12:19:45,stallRate,150.855999946594,0.708295621297772,TheEmptinessMachine,BBR,Bola,HTTP/1.1
2025-05-02 12:19:47,stallRate,152.855999946594,0.698602823692375,TheEmptinessMachine,BBR,Bola,HTTP/1.1
2025-05-02 12:19:49,stallRate,154.855999946594,0.689196410960818,TheEmptinessMachine,BBR,Bola,HTTP/1.1
2025-05-02 12:19:51,stallRate,156.855999946594,0.680045322323845,TheEmptinessMachine,BBR,Bola,HTTP/1.1
2025-05-02 12:19:53,stallRate,158.855999946594,0.671133464040168,TheEmptinessMachine,BBR,Bola,HTTP/1.1
2025-05-02 12:19:55,stallRate,160.855999946594,0.662433053691053,TheEmptinessMachine,BBR,Bola,HTTP/1.1
2025-05-02 12:19:57,stallRate,162.855999946594,0.653994730933116,TheEmptinessMachine,BBR,Bola,HTTP/1.1
2025-05-02 12:19:59,stallRate,164.855999946594,0.645718690587833,TheEmptinessMachine,BBR,Bola,HTTP/1.1
2025-05-02 12:20:01,stallRate,166.855999946594,0.637649076108179,TheEmptinessMachine,BBR,Bola,HTTP/1.1
2025-05-02 12:20:03,stallRate,168.855999946594,0.629760291976791,TheEmptinessMachine,BBR,Bola,HTTP/1.1
2025-05-02 12:20:05,stallRate,170.855999946594,0.622123174266085,TheEmptinessMachine,BBR,Bola,HTTP/1.1
2025-05-02 12:20:07,stallRate,172.855999946594,0.614651050643068,TheEmptinessMachine,BBR,Bola,HTTP/1.1
2025-05-02 12:20:09,stallRate,174.855999946594,0.607342777284774,TheEmptinessMachine,BBR,Bola,HTTP/1.1
2025-05-02 12:20:11,stallRate,176.855999946594,0.60021638535146,TheEmptinessMachine,BBR,Bola,HTTP/1.1
2025-05-02 12:20:13,stallRate,178.855999946594,0.593272758566337,TheEmptinessMachine,BBR,Bola,HTTP/1.1
2025-05-02 12:20:15,stallRate,180.855999946594,0.586442195423792,TheEmptinessMachine,BBR,Bola,HTTP/1.1
2025-05-02 12:20:17,stallRate,182.855999946594,0.579776087869722,TheEmptinessMachine,BBR,Bola,HTTP/1.1
2025-05-02 12:20:19,stallRate,184.855999946594,0.573307835021889,TheEmptinessMachine,BBR,Bola,HTTP/1.1
2025-05-02 12:20:21,stallRate,186.855999946594,0.566951342723297,TheEmptinessMachine,BBR,Bola,HTTP/1.1
2025-05-02 12:20:23,stallRate,188.855999946594,0.560776920484455,TheEmptinessMachine,BBR,Bola,HTTP/1.1
2025-05-02 12:20:25,stallRate,190.855999946594,0.554686087052287,TheEmptinessMachine,BBR,Bola,HTTP/1.1
2025-05-02 12:20:27,stallRate,192.855999946594,0.548739931264004,TheEmptinessMachine,BBR,Bola,HTTP/1.1
2025-05-02 12:20:29,stallRate,194.855999946594,0.542888388473352,TheEmptinessMachine,BBR,Bola,HTTP/1.1
2025-05-02 12:20:31,stallRate,196.855999946594,0.537197672482821,TheEmptinessMachine,BBR,Bola,HTTP/1.1
2025-05-02 12:20:33,stallRate,198.855999946594,0.531608035333082,TheEmptinessMachine,BBR,Bola,HTTP/1.1
2025-05-02 12:20:35,stallRate,200.855999946594,0.526139299507933,TheEmptinessMachine,BBR,Bola,HTTP/1.1
2025-05-02 12:20:37,stallRate,202.855999946594,0.520791978137831,TheEmptinessMachine,BBR,Bola,HTTP/1.1
2025-05-02 12:20:41,stallRate,206.855999946594,0.839326790363659,TheEmptinessMachine,BBR,Bola,HTTP/1.1
2025-05-02 12:20:43,stallRate,208.855999946594,0.831026610177249,TheEmptinessMachine,BBR,Bola,HTTP/1.1
2025-05-02 12:21:22,stallRate,4.09599995613098,0.0,TheEmptinessMachine,BBR,Bola,HTTP/2
2025-05-02 12:21:26,stallRate,8.09599995613098,5.82561140151265,TheEmptinessMachine,BBR,Bola,HTTP/2
2025-05-02 12:21:28,stallRate,10.0950000286102,4.2024174795664,TheEmptinessMachine,BBR,Bola,HTTP/2
2025-05-02 12:21:30,stallRate,12.0950000286102,3.27636995313346,TheEmptinessMachine,BBR,Bola,HTTP/2
2025-05-02 12:21:32,stallRate,14.0950000286102,2.68504201451457,TheEmptinessMachine,BBR,Bola,HTTP/2
2025-05-02 12:21:34,stallRate,16.095999956131,2.27533239516336,TheEmptinessMachine,BBR,Bola,HTTP/2
2025-05-02 12:21:38,stallRate,20.0950000286102,1.74260029525243,TheEmptinessMachine,BBR,Bola,HTTP/2
2025-05-02 12:21:40,stallRate,22.0950000286102,1.55925653328487,TheEmptinessMachine,BBR,Bola,HTTP/2
2025-05-02 12:21:42,stallRate,24.0950000286102,1.41083977811745,TheEmptinessMachine,BBR,Bola,HTTP/2
2025-05-02 12:21:46,stallRate,28.0950000286102,1.18596068525687,TheEmptinessMachine,BBR,Bola,HTTP/2
2025-05-02 12:21:48,stallRate,30.0950000286102,1.09831984956853,TheEmptinessMachine,BBR,Bola,HTTP/2
2025-05-02 12:21:50,stallRate,32.0950000286102,1.02237305660766,TheEmptinessMachine,BBR,Bola,HTTP/2
2025-05-02 12:21:52,stallRate,34.0950000286102,0.956933696848873,TheEmptinessMachine,BBR,Bola,HTTP/2
2025-05-02 12:21:54,stallRate,36.0950000286102,0.898894901461778,TheEmptinessMachine,BBR,Bola,HTTP/2
2025-05-02 12:21:56,stallRate,38.0950000286102,0.847549493751353,TheEmptinessMachine,BBR,Bola,HTTP/2
2025-05-02 12:21:58,stallRate,40.0950000286102,0.801833236844643,TheEmptinessMachine,BBR,Bola,HTTP/2
2025-05-02 12:22:00,stallRate,42.0950000286102,0.760817312627392,TheEmptinessMachine,BBR,Bola,HTTP/2
2025-05-02 12:22:02,stallRate,44.0950000286102,0.723814682607636,TheEmptinessMachine,BBR,Bola,HTTP/2
2025-05-02 12:22:04,stallRate,46.095999956131,0.690275753110926,TheEmptinessMachine,BBR,Bola,HTTP/2
2025-05-02 12:22:10,stallRate,52.0950000286102,5.77523312286675,TheEmptinessMachine,BBR,Bola,HTTP/2
2025-05-02 12:22:14,stallRate,56.0950000286102,10.8941328306146,TheEmptinessMachine,BBR,Bola,HTTP/2
2025-05-02 12:22:20,stallRate,62.095999956131,10.2219498892985,TheEmptinessMachine,BBR,Bola,HTTP/2
2025-05-02 12:22:22,stallRate,64.0950000286102,9.88547017160479,TheEmptinessMachine,BBR,Bola,HTTP/2
2025-05-02 12:22:24,stallRate,66.0950000286102,9.57016314792371,TheEmptinessMachine,BBR,Bola,HTTP/2
2025-05-02 12:22:26,stallRate,68.0950000286102,9.27672163407393,TheEmptinessMachine,BBR,Bola,HTTP/2
2025-05-02 12:22:28,stallRate,70.0950000286102,9.00015857529233,TheEmptinessMachine,BBR,Bola,HTTP/2
2025-05-02 12:22:30,stallRate,72.0950000286102,8.73897534284137,TheEmptinessMachine,BBR,Bola,HTTP/2
2025-05-02 12:22:32,stallRate,74.0950000286102,8.49301572050823,TheEmptinessMachine,BBR,Bola,HTTP/2
2025-05-02 12:22:34,stallRate,76.095999956131,8.26121216918974,TheEmptinessMachine,BBR,Bola,HTTP/2
2025-05-02 12:22:36,stallRate,78.095999956131,8.04152496299683,TheEmptinessMachine,BBR,Bola,HTTP/2
2025-05-02 12:22:38,stallRate,80.0950000286102,7.83318479048145,TheEmptinessMachine,BBR,Bola,HTTP/2
2025-05-02 12:22:40,stallRate,82.0950000286102,7.63568982814891,TheEmptinessMachine,BBR,Bola,HTTP/2
2025-05-02 12:22:44,stallRate,86.0950000286102,7.26797441315849,TheEmptinessMachine,BBR,Bola,HTTP/2
2025-05-02 12:22:46,stallRate,88.0950000286102,7.09697343442097,TheEmptinessMachine,BBR,Bola,HTTP/2
2025-05-02 12:22:48,stallRate,90.0950000286102,6.93366913873438,TheEmptinessMachine,BBR,Bola,HTTP/2
2025-05-02 12:22:50,stallRate,92.0950000286102,6.77785439503303,TheEmptinessMachine,BBR,Bola,HTTP/2
2025-05-02 12:22:52,stallRate,94.095999956131,6.6292439694863,TheEmptinessMachine,BBR,Bola,HTTP/2
2025-05-02 12:22:54,stallRate,96.0950000286102,6.48612366572822,TheEmptinessMachine,BBR,Bola,HTTP/2
2025-05-02 12:22:56,stallRate,98.0950000286102,6.34932655015932,TheEmptinessMachine,BBR,Bola,HTTP/2
2025-05-02 12:22:58,stallRate,100.095999956131,6.21783812832134,TheEmptinessMachine,BBR,Bola,HTTP/2
2025-05-02 12:23:00,stallRate,102.09500002861,6.09257682383374,TheEmptinessMachine,BBR,Bola,HTTP/2
2025-05-02 12:23:02,stallRate,104.09500002861,5.97243643573311,TheEmptinessMachine,BBR,Bola,HTTP/2
2025-05-02 12:23:04,stallRate,106.09500002861,5.85604460341281,TheEmptinessMachine,BBR,Bola,HTTP/2
2025-05-02 12:23:06,stallRate,108.09500002861,5.74454907531335,TheEmptinessMachine,BBR,Bola,HTTP/2
2025-05-02 12:23:08,stallRate,110.09500002861,5.6366187722302,TheEmptinessMachine,BBR,Bola,HTTP/2
2025-05-02 12:23:10,stallRate,112.09500002861,5.53403149227684,TheEmptinessMachine,BBR,Bola,HTTP/2
2025-05-02 12:23:14,stallRate,116.09500002861,5.33790005813171,TheEmptinessMachine,BBR,Bola,HTTP/2
2025-05-02 12:23:18,stallRate,120.09500002861,5.15572819485345,TheEmptinessMachine,BBR,Bola,HTTP/2
2025-05-02 12:23:20,stallRate,122.095999956131,5.06928118857773,TheEmptinessMachine,BBR,Bola,HTTP/2
2025-05-02 12:23:22,stallRate,124.09500002861,4.98548965808519,TheEmptinessMachine,BBR,Bola,HTTP/2
2025-05-02 12:23:24,stallRate,126.095999956131,4.90472174497862,TheEmptinessMachine,BBR,Bola,HTTP/2
2025-05-02 12:23:26,stallRate,128.09500002861,4.82609606790728,TheEmptinessMachine,BBR,Bola,HTTP/2
2025-05-02 12:23:28,stallRate,130.09500002861,4.74997163088636,TheEmptinessMachine,BBR,Bola,HTTP/2
2025-05-02 12:23:30,stallRate,132.09500002861,4.67644430215579,TheEmptinessMachine,BBR,Bola,HTTP/2
2025-05-02 12:23:32,stallRate,134.095999956131,4.60513412033894,TheEmptinessMachine,BBR,Bola,HTTP/2
2025-05-02 12:23:34,stallRate,136.095999956131,4.53572883035916,TheEmptinessMachine,BBR,Bola,HTTP/2
2025-05-02 12:23:36,stallRate,138.09500002861,4.46880141039996,TheEmptinessMachine,BBR,Bola,HTTP/2
2025-05-02 12:23:38,stallRate,140.095999956131,4.40380876037759,TheEmptinessMachine,BBR,Bola,HTTP/2
2025-05-02 12:23:40,stallRate,142.095999956131,4.34014247935211,TheEmptinessMachine,BBR,Bola,HTTP/2
2025-05-02 12:23:42,stallRate,144.09500002861,4.27859938870988,TheEmptinessMachine,BBR,Bola,HTTP/2
2025-05-02 12:23:44,stallRate,146.09500002861,4.21847283647814,TheEmptinessMachine,BBR,Bola,HTTP/2
2025-05-02 12:23:46,stallRate,148.09500002861,4.16036747461351,TheEmptinessMachine,BBR,Bola,HTTP/2
2025-05-02 12:23:48,stallRate,150.09500002861,4.10372225885904,TheEmptinessMachine,BBR,Bola,HTTP/2
2025-05-02 12:23:50,stallRate,152.09500002861,4.04866873147027,TheEmptinessMachine,BBR,Bola,HTTP/2
2025-05-02 12:23:52,stallRate,154.09500002861,3.99521113046199,TheEmptinessMachine,BBR,Bola,HTTP/2
2025-05-02 12:23:54,stallRate,156.09500002861,3.94306770350313,TheEmptinessMachine,BBR,Bola,HTTP/2
2025-05-02 12:23:56,stallRate,158.09500002861,3.89230556583218,TheEmptinessMachine,BBR,Bola,HTTP/2
2025-05-02 12:23:58,stallRate,160.09500002861,3.84289192720834,TheEmptinessMachine,BBR,Bola,HTTP/2
2025-05-02 12:24:00,stallRate,162.09500002861,3.79438378879142,TheEmptinessMachine,BBR,Bola,HTTP/2
2025-05-02 12:24:02,stallRate,164.09500002861,3.7471244309241,TheEmptinessMachine,BBR,Bola,HTTP/2
2025-05-02 12:24:04,stallRate,166.09500002861,3.70093539605795,TheEmptinessMachine,BBR,Bola,HTTP/2
2025-05-02 12:24:08,stallRate,170.09500002861,3.61243866043095,TheEmptinessMachine,BBR,Bola,HTTP/2
2025-05-02 12:24:10,stallRate,172.09500002861,3.56964937003311,TheEmptinessMachine,BBR,Bola,HTTP/2
2025-05-02 12:24:12,stallRate,174.09500002861,3.52793760215164,TheEmptinessMachine,BBR,Bola,HTTP/2
2025-05-02 12:24:14,stallRate,176.095999956131,3.48720864796871,TheEmptinessMachine,BBR,Bola,HTTP/2
2025-05-02 12:24:16,stallRate,178.09500002861,3.44747553550799,TheEmptinessMachine,BBR,Bola,HTTP/2
2025-05-02 12:24:18,stallRate,180.09500002861,3.40838546634262,TheEmptinessMachine,BBR,Bola,HTTP/2
2025-05-02 12:24:20,stallRate,182.09500002861,3.370230485179,TheEmptinessMachine,BBR,Bola,HTTP/2
2025-05-02 12:24:22,stallRate,184.09500002861,3.33316171180916,TheEmptinessMachine,BBR,Bola,HTTP/2
2025-05-02 12:24:24,stallRate,186.09500002861,3.29670948717603,TheEmptinessMachine,BBR,Bola,HTTP/2
2025-05-02 12:24:26,stallRate,188.09500002861,3.26110495997567,TheEmptinessMachine,BBR,Bola,HTTP/2
2025-05-02 12:24:28,stallRate,190.09500002861,3.22632387143344,TheEmptinessMachine,BBR,Bola,HTTP/2
2025-05-02 12:24:30,stallRate,192.09500002861,3.19225164660271,TheEmptinessMachine,BBR,Bola,HTTP/2
2025-05-02 12:24:32,stallRate,194.09500002861,3.15869653414235,TheEmptinessMachine,BBR,Bola,HTTP/2
2025-05-02 12:24:34,stallRate,196.09500002861,3.12606161438953,TheEmptinessMachine,BBR,Bola,HTTP/2
2025-05-02 12:24:36,stallRate,198.09500002861,3.09397390861511,TheEmptinessMachine,BBR,Bola,HTTP/2
2025-05-02 12:24:38,stallRate,200.09500002861,3.06255858667408,TheEmptinessMachine,BBR,Bola,HTTP/2
2025-05-02 12:24:40,stallRate,202.09500002861,3.03165976745114,TheEmptinessMachine,BBR,Bola,HTTP/2
2025-05-02 12:24:42,stallRate,204.09500002861,3.00159538819957,TheEmptinessMachine,BBR,Bola,HTTP/2
2025-05-02 12:24:44,stallRate,206.09500002861,2.9721400770987,TheEmptinessMachine,BBR,Bola,HTTP/2
2025-05-02 12:25:24,stallRate,4.1029999256134,0.0,TheEmptinessMachine,BBR,Bola,HTTP/3
2025-05-02 12:25:26,stallRate,6.1029999256134,0.0,TheEmptinessMachine,BBR,Bola,HTTP/3
2025-05-02 12:25:32,stallRate,12.1029999256134,29.4610130069552,TheEmptinessMachine,BBR,Bola,HTTP/3
2025-05-02 12:25:34,stallRate,14.1019999980927,24.1191278162304,TheEmptinessMachine,BBR,Bola,HTTP/3
2025-05-02 12:25:38,stallRate,18.1019999980927,21.0491729930945,TheEmptinessMachine,BBR,Bola,HTTP/3
2025-05-02 12:25:40,stallRate,20.1029999256134,19.1541162449855,TheEmptinessMachine,BBR,Bola,HTTP/3
2025-05-02 12:25:42,stallRate,22.1029999256134,17.1509010418693,TheEmptinessMachine,BBR,Bola,HTTP/3
2025-05-02 12:25:44,stallRate,24.1029999256134,15.5134882200373,TheEmptinessMachine,BBR,Bola,HTTP/3
2025-05-02 12:25:46,stallRate,26.1029999256134,14.3296792665312,TheEmptinessMachine,BBR,Bola,HTTP/3
2025-05-02 12:25:48,stallRate,28.1029999256134,13.1875672377608,TheEmptinessMachine,BBR,Bola,HTTP/3
2025-05-02 12:25:50,stallRate,30.1029999256134,12.2098979101053,TheEmptinessMachine,BBR,Bola,HTTP/3
2025-05-02 12:25:52,stallRate,32.1029999256134,11.3678437354232,TheEmptinessMachine,BBR,Bola,HTTP/3
2025-05-02 12:25:54,stallRate,34.1029999256134,10.628650491994,TheEmptinessMachine,BBR,Bola,HTTP/3
2025-05-02 12:25:56,stallRate,36.1029999256134,9.98743865274795,TheEmptinessMachine,BBR,Bola,HTTP/3
2025-05-02 12:25:58,stallRate,38.1029999256134,9.4158965938896,TheEmptinessMachine,BBR,Bola,HTTP/3
2025-05-02 12:26:00,stallRate,40.1029999256134,8.90677939248862,TheEmptinessMachine,BBR,Bola,HTTP/3
2025-05-02 12:26:02,stallRate,42.1029999256134,8.45043001778602,TheEmptinessMachine,BBR,Bola,HTTP/3
2025-05-02 12:26:04,stallRate,44.1019999980927,8.03881627618664,TheEmptinessMachine,BBR,Bola,HTTP/3
2025-05-02 12:26:06,stallRate,46.1029999256134,7.66440170919561,TheEmptinessMachine,BBR,Bola,HTTP/3
2025-05-02 12:26:08,stallRate,48.1019999980927,7.32476745186002,TheEmptinessMachine,BBR,Bola,HTTP/3
2025-05-02 12:26:10,stallRate,50.1019999980927,7.01217453496528,TheEmptinessMachine,BBR,Bola,HTTP/3
2025-05-02 12:26:12,stallRate,52.1029999256134,6.72542826139497,TheEmptinessMachine,BBR,Bola,HTTP/3
2025-05-02 12:26:14,stallRate,54.1019999980927,6.46182419467026,TheEmptinessMachine,BBR,Bola,HTTP/3
2025-05-02 12:26:16,stallRate,56.1029999256134,6.21808543020363,TheEmptinessMachine,BBR,Bola,HTTP/3
2025-05-02 12:26:18,stallRate,58.1029999256134,5.99248725791236,TheEmptinessMachine,BBR,Bola,HTTP/3
2025-05-02 12:26:20,stallRate,60.1029999256134,5.78257134390637,TheEmptinessMachine,BBR,Bola,HTTP/3
2025-05-02 12:26:22,stallRate,62.1019999980927,5.58688151729735,TheEmptinessMachine,BBR,Bola,HTTP/3
2025-05-02 12:26:24,stallRate,64.1019999980927,5.40238282304211,TheEmptinessMachine,BBR,Bola,HTTP/3
2025-05-02 12:26:26,stallRate,66.1029999256134,5.23166816580376,TheEmptinessMachine,BBR,Bola,HTTP/3
2025-05-02 12:26:28,stallRate,68.1029999256134,5.07047482539439,TheEmptinessMachine,BBR,Bola,HTTP/3
2025-05-02 12:26:32,stallRate,72.1039998531342,4.77571758632273,TheEmptinessMachine,BBR,Bola,HTTP/3
2025-05-02 12:26:34,stallRate,74.1029999256134,4.64160706803641,TheEmptinessMachine,BBR,Bola,HTTP/3
2025-05-02 12:26:36,stallRate,76.1029999256134,4.51412153610377,TheEmptinessMachine,BBR,Bola,HTTP/3
2025-05-02 12:26:38,stallRate,78.1029999256134,4.39371720520917,TheEmptinessMachine,BBR,Bola,HTTP/3
2025-05-02 12:26:40,stallRate,80.1029999256134,4.27964799871542,TheEmptinessMachine,BBR,Bola,HTTP/3
2025-05-02 12:26:42,stallRate,82.1019999980927,4.17162999371993,TheEmptinessMachine,BBR,Bola,HTTP/3
2025-05-02 12:26:44,stallRate,84.1029999256134,4.06875546961637,TheEmptinessMachine,BBR,Bola,HTTP/3
2025-05-02 12:26:46,stallRate,86.1019999980927,3.97083160547017,TheEmptinessMachine,BBR,Bola,HTTP/3
2025-05-02 12:26:48,stallRate,88.1019999980927,3.87710263034556,TheEmptinessMachine,BBR,Bola,HTTP/3
2025-05-02 12:26:50,stallRate,90.1029999256134,3.78774505294174,TheEmptinessMachine,BBR,Bola,HTTP/3
2025-05-02 12:26:52,stallRate,92.1019999980927,3.70300299710248,TheEmptinessMachine,BBR,Bola,HTTP/3
2025-05-02 12:26:54,stallRate,94.1029999256134,3.62141805760674,TheEmptinessMachine,BBR,Bola,HTTP/3
2025-05-02 12:26:56,stallRate,96.1029999256134,3.54398426763234,TheEmptinessMachine,BBR,Bola,HTTP/3
2025-05-02 12:26:58,stallRate,98.1029999256134,3.46931761939005,TheEmptinessMachine,BBR,Bola,HTTP/3
2025-05-02 12:27:00,stallRate,100.101999998093,3.39772307153534,TheEmptinessMachine,BBR,Bola,HTTP/3
2025-05-02 12:27:02,stallRate,102.102999925613,3.32907982680583,TheEmptinessMachine,BBR,Bola,HTTP/3
2025-05-02 12:27:04,stallRate,104.101999998093,3.26324668293544,TheEmptinessMachine,BBR,Bola,HTTP/3
2025-05-02 12:27:06,stallRate,106.102999925613,3.1996807200071,TheEmptinessMachine,BBR,Bola,HTTP/3
2025-05-02 12:27:08,stallRate,108.102999925613,3.13859763173983,TheEmptinessMachine,BBR,Bola,HTTP/3
2025-05-02 12:27:10,stallRate,110.101999998093,3.07986089890273,TheEmptinessMachine,BBR,Bola,HTTP/3
2025-05-02 12:27:12,stallRate,112.101999998093,3.02344977020777,TheEmptinessMachine,BBR,Bola,HTTP/3
2025-05-02 12:27:14,stallRate,114.102999925613,2.96903448345133,TheEmptinessMachine,BBR,Bola,HTTP/3
2025-05-02 12:27:16,stallRate,116.101999998093,2.91654221752029,TheEmptinessMachine,BBR,Bola,HTTP/3
2025-05-02 12:27:18,stallRate,118.102999925613,2.86590750293668,TheEmptinessMachine,BBR,Bola,HTTP/3
2025-05-02 12:27:20,stallRate,120.101999998093,2.81676643974329,TheEmptinessMachine,BBR,Bola,HTTP/3
2025-05-02 12:27:22,stallRate,122.101999998093,2.76930558563506,TheEmptinessMachine,BBR,Bola,HTTP/3
2025-05-02 12:27:24,stallRate,124.102999925613,2.72351951707162,TheEmptinessMachine,BBR,Bola,HTTP/3
2025-05-02 12:27:26,stallRate,126.101999998093,2.67928598944142,TheEmptinessMachine,BBR,Bola,HTTP/3
2025-05-02 12:27:28,stallRate,128.102999925613,2.63622871654672,TheEmptinessMachine,BBR,Bola,HTTP/3
2025-05-02 12:27:30,stallRate,130.102999925613,2.59461948026352,TheEmptinessMachine,BBR,Bola,HTTP/3
2025-05-02 12:27:32,stallRate,132.102999925613,2.55438255178441,TheEmptinessMachine,BBR,Bola,HTTP/3
2025-05-02 12:27:34,stallRate,134.102999925613,2.51543214900749,TheEmptinessMachine,BBR,Bola,HTTP/3
2025-05-02 12:27:36,stallRate,136.103999853134,2.47751486199655,TheEmptinessMachine,BBR,Bola,HTTP/3
2025-05-02 12:27:38,stallRate,138.101999998093,2.44096525831485,TheEmptinessMachine,BBR,Bola,HTTP/3
2025-05-02 12:27:40,stallRate,140.102999925613,2.40544408146863,TheEmptinessMachine,BBR,Bola,HTTP/3
2025-05-02 12:27:42,stallRate,142.101999998093,2.37067140543737,TheEmptinessMachine,BBR,Bola,HTTP/3
2025-05-02 12:27:44,stallRate,144.101999998093,2.33702965269093,TheEmptinessMachine,BBR,Bola,HTTP/3
2025-05-02 12:27:46,stallRate,146.101999998093,2.30435933189778,TheEmptinessMachine,BBR,Bola,HTTP/3
2025-05-02 12:27:48,stallRate,148.102999925613,2.27263338315247,TheEmptinessMachine,BBR,Bola,HTTP/3
2025-05-02 12:27:50,stallRate,150.101999998093,2.24160076278618,TheEmptinessMachine,BBR,Bola,HTTP/3
2025-05-02 12:27:52,stallRate,152.101999998093,2.21143477667138,TheEmptinessMachine,BBR,Bola,HTTP/3
2025-05-02 12:27:54,stallRate,154.102999925613,2.18224785314662,TheEmptinessMachine,BBR,Bola,HTTP/3
2025-05-02 12:27:56,stallRate,156.102999925613,2.15370658732692,TheEmptinessMachine,BBR,Bola,HTTP/3
2025-05-02 12:27:58,stallRate,158.101999998093,2.12593621690615,TheEmptinessMachine,BBR,Bola,HTTP/3
2025-05-02 12:28:00,stallRate,160.101999998093,2.09881532909988,TheEmptinessMachine,BBR,Bola,HTTP/3
2025-05-02 12:28:02,stallRate,162.101999998093,2.07248291759296,TheEmptinessMachine,BBR,Bola,HTTP/3
2025-05-02 12:28:04,stallRate,164.102999925613,2.0466632848017,TheEmptinessMachine,BBR,Bola,HTTP/3
2025-05-02 12:28:06,stallRate,166.102999925613,2.02150112167535,TheEmptinessMachine,BBR,Bola,HTTP/3
2025-05-02 12:28:08,stallRate,168.102999925613,1.99687651513969,TheEmptinessMachine,BBR,Bola,HTTP/3
2025-05-02 12:28:10,stallRate,170.102999925613,1.97287715053034,TheEmptinessMachine,BBR,Bola,HTTP/3
2025-05-02 12:28:12,stallRate,172.101999998093,1.94963809539013,TheEmptinessMachine,BBR,Bola,HTTP/3
2025-05-02 12:28:14,stallRate,174.102999925613,1.92682381175914,TheEmptinessMachine,BBR,Bola,HTTP/3
2025-05-02 12:28:16,stallRate,176.101999998093,1.90456175256481,TheEmptinessMachine,BBR,Bola,HTTP/3
2025-05-02 12:28:18,stallRate,178.102999925613,1.88284042523453,TheEmptinessMachine,BBR,Bola,HTTP/3
2025-05-02 12:28:20,stallRate,180.101999998093,1.86160839659425,TheEmptinessMachine,BBR,Bola,HTTP/3
2025-05-02 12:28:22,stallRate,182.102999925613,1.84085084858028,TheEmptinessMachine,BBR,Bola,HTTP/3
2025-05-02 12:28:24,stallRate,184.102999925613,1.82045590598901,TheEmptinessMachine,BBR,Bola,HTTP/3
2025-05-02 12:28:26,stallRate,186.102999925613,2.01305345307326,TheEmptinessMachine,BBR,Bola,HTTP/3
2025-05-02 12:28:28,stallRate,188.101999998093,1.99128668019766,TheEmptinessMachine,BBR,Bola,HTTP/3
2025-05-02 12:28:30,stallRate,190.102999925613,1.96983324117061,TheEmptinessMachine,BBR,Bola,HTTP/3
2025-05-02 12:28:32,stallRate,192.102999925613,1.94907344224648,TheEmptinessMachine,BBR,Bola,HTTP/3
2025-05-02 12:28:34,stallRate,194.102999925613,1.92864372711834,TheEmptinessMachine,BBR,Bola,HTTP/3
2025-05-02 12:28:36,stallRate,196.101999998093,2.34347121008023,TheEmptinessMachine,BBR,Bola,HTTP/3
2025-05-02 12:28:38,stallRate,198.101999998093,2.31932807326086,TheEmptinessMachine,BBR,Bola,HTTP/3
2025-05-02 12:28:40,stallRate,200.102999925613,2.29570121260876,TheEmptinessMachine,BBR,Bola,HTTP/3
2025-05-02 12:28:42,stallRate,202.102999925613,2.27273888392528,TheEmptinessMachine,BBR,Bola,HTTP/3
2025-05-02 12:29:27,stallRate,2.7960000038147,0.0,TheEmptinessMachine,BBR,Festive,HTTP/1.1
2025-05-02 12:29:29,stallRate,4.79500007629395,0.0,TheEmptinessMachine,BBR,Festive,HTTP/1.1
2025-05-02 12:29:31,stallRate,6.7960000038147,0.0,TheEmptinessMachine,BBR,Festive,HTTP/1.1
2025-05-02 12:29:35,stallRate,10.7950000762939,24.5523576555769,TheEmptinessMachine,BBR,Festive,HTTP/1.1
2025-05-02 12:29:37,stallRate,12.7950000762939,24.0841917311263,TheEmptinessMachine,BBR,Festive,HTTP/1.1
2025-05-02 12:29:39,stallRate,14.7950000762939,20.1297855715102,TheEmptinessMachine,BBR,Festive,HTTP/1.1
2025-05-02 12:29:41,stallRate,16.7950000762939,19.0569005097412,TheEmptinessMachine,BBR,Festive,HTTP/1.1
2025-05-02 12:29:45,stallRate,20.7950000762939,21.0088493530414,TheEmptinessMachine,BBR,Festive,HTTP/1.1
2025-05-02 12:29:47,stallRate,22.7950000762939,20.5273543134603,TheEmptinessMachine,BBR,Festive,HTTP/1.1
2025-05-02 12:29:51,stallRate,26.7950000762939,19.2051921031395,TheEmptinessMachine,BBR,Festive,HTTP/1.1
2025-05-02 12:29:53,stallRate,28.7950000762939,19.424281180612,TheEmptinessMachine,BBR,Festive,HTTP/1.1
2025-05-02 12:30:01,stallRate,36.7950000762939,27.8666960923311,TheEmptinessMachine,BBR,Festive,HTTP/1.1
2025-05-02 12:30:03,stallRate,38.7950000762939,30.9572365405287,TheEmptinessMachine,BBR,Festive,HTTP/1.1
2025-05-02 12:30:05,stallRate,40.7950000762939,29.9073664788898,TheEmptinessMachine,BBR,Festive,HTTP/1.1
2025-05-02 12:30:07,stallRate,42.7950000762939,28.4197197330484,TheEmptinessMachine,BBR,Festive,HTTP/1.1
2025-05-02 12:30:09,stallRate,44.7950000762939,27.0740084471516,TheEmptinessMachine,BBR,Festive,HTTP/1.1
2025-05-02 12:30:11,stallRate,46.7950000762939,25.8466769747879,TheEmptinessMachine,BBR,Festive,HTTP/1.1
2025-05-02 12:30:13,stallRate,48.7950000762939,24.7308186041809,TheEmptinessMachine,BBR,Festive,HTTP/1.1
2025-05-02 12:30:15,stallRate,50.7950000762939,23.7011849460326,TheEmptinessMachine,BBR,Festive,HTTP/1.1
2025-05-02 12:30:17,stallRate,52.7950000762939,22.7541445376954,TheEmptinessMachine,BBR,Festive,HTTP/1.1
2025-05-02 12:30:19,stallRate,54.7950000762939,21.8822008255511,TheEmptinessMachine,BBR,Festive,HTTP/1.1
2025-05-02 12:30:21,stallRate,56.7950000762939,21.0754412661702,TheEmptinessMachine,BBR,Festive,HTTP/1.1
2025-05-02 12:30:23,stallRate,58.7950000762939,20.3229732477055,TheEmptinessMachine,BBR,Festive,HTTP/1.1
2025-05-02 12:30:25,stallRate,60.7950000762939,19.6261794757182,TheEmptinessMachine,BBR,Festive,HTTP/1.1
2025-05-02 12:30:27,stallRate,62.7950000762939,18.9761203530908,TheEmptinessMachine,BBR,Festive,HTTP/1.1
2025-05-02 12:30:29,stallRate,64.7950000762939,18.3626241396592,TheEmptinessMachine,BBR,Festive,HTTP/1.1
2025-05-02 12:30:31,stallRate,66.7950000762939,17.789917182383,TheEmptinessMachine,BBR,Festive,HTTP/1.1
2025-05-02 12:30:33,stallRate,68.7950000762939,17.2524430161179,TheEmptinessMachine,BBR,Festive,HTTP/1.1
2025-05-02 12:30:35,stallRate,70.7950000762939,16.7476141862343,TheEmptinessMachine,BBR,Festive,HTTP/1.1
2025-05-02 12:30:37,stallRate,72.7950000762939,17.2678401419733,TheEmptinessMachine,BBR,Festive,HTTP/1.1
2025-05-02 12:30:39,stallRate,74.7950000762939,16.7880034872062,TheEmptinessMachine,BBR,Festive,HTTP/1.1
2025-05-02 12:30:41,stallRate,76.7950000762939,16.335488701841,TheEmptinessMachine,BBR,Festive,HTTP/1.1
2025-05-02 12:30:43,stallRate,78.7950000762939,15.9070679006976,TheEmptinessMachine,BBR,Festive,HTTP/1.1
2025-05-02 12:30:45,stallRate,80.7950000762939,15.4982568432873,TheEmptinessMachine,BBR,Festive,HTTP/1.1
2025-05-02 12:30:47,stallRate,82.7950000762939,15.1106746551388,TheEmptinessMachine,BBR,Festive,HTTP/1.1
2025-05-02 12:30:49,stallRate,84.7950000762939,14.7430373748429,TheEmptinessMachine,BBR,Festive,HTTP/1.1
2025-05-02 12:30:51,stallRate,86.7950000762939,14.3932362286533,TheEmptinessMachine,BBR,Festive,HTTP/1.1
2025-05-02 12:30:53,stallRate,88.7950000762939,14.7693652224226,TheEmptinessMachine,BBR,Festive,HTTP/1.1
2025-05-02 12:30:55,stallRate,90.7950000762939,14.435369429598,TheEmptinessMachine,BBR,Festive,HTTP/1.1
2025-05-02 12:30:57,stallRate,92.7950000762939,14.1164281807171,TheEmptinessMachine,BBR,Festive,HTTP/1.1
2025-05-02 12:31:01,stallRate,96.7950000762939,16.1487901124331,TheEmptinessMachine,BBR,Festive,HTTP/1.1
2025-05-02 12:31:03,stallRate,98.7950000762939,16.8451829677734,TheEmptinessMachine,BBR,Festive,HTTP/1.1
2025-05-02 12:31:05,stallRate,100.795000076294,16.9644287797664,TheEmptinessMachine,BBR,Festive,HTTP/1.1
2025-05-02 12:31:07,stallRate,102.795000076294,16.6241983221703,TheEmptinessMachine,BBR,Festive,HTTP/1.1
2025-05-02 12:31:09,stallRate,104.795000076294,17.2751074740377,TheEmptinessMachine,BBR,Festive,HTTP/1.1
2025-05-02 12:31:13,stallRate,108.795000076294,17.120653790357,TheEmptinessMachine,BBR,Festive,HTTP/1.1
2025-05-02 12:31:15,stallRate,110.795000076294,17.10211962159,TheEmptinessMachine,BBR,Festive,HTTP/1.1
2025-05-02 12:31:17,stallRate,112.795000076294,16.7921668636001,TheEmptinessMachine,BBR,Festive,HTTP/1.1
2025-05-02 12:31:19,stallRate,114.795000076294,16.4933278177146,TheEmptinessMachine,BBR,Festive,HTTP/1.1
2025-05-02 12:31:21,stallRate,116.795000076294,16.2032721835262,TheEmptinessMachine,BBR,Festive,HTTP/1.1
2025-05-02 12:31:23,stallRate,118.795000076294,15.9236812338525,TheEmptinessMachine,BBR,Festive,HTTP/1.1
2025-05-02 12:31:25,stallRate,120.795000076294,15.6541532539874,TheEmptinessMachine,BBR,Festive,HTTP/1.1
2025-05-02 12:31:27,stallRate,122.795000076294,15.3939982289789,TheEmptinessMachine,BBR,Festive,HTTP/1.1
2025-05-02 12:31:29,stallRate,124.795000076294,15.1414906973894,TheEmptinessMachine,BBR,Festive,HTTP/1.1
2025-05-02 12:31:31,stallRate,126.795000076294,14.8984925763353,TheEmptinessMachine,BBR,Festive,HTTP/1.1
2025-05-02 12:31:33,stallRate,128.795000076294,14.6617703552575,TheEmptinessMachine,BBR,Festive,HTTP/1.1
2025-05-02 12:31:35,stallRate,130.795000076294,14.4340562175949,TheEmptinessMachine,BBR,Festive,HTTP/1.1
2025-05-02 12:31:37,stallRate,132.795000076294,14.2121103213592,TheEmptinessMachine,BBR,Festive,HTTP/1.1
2025-05-02 12:31:39,stallRate,134.795000076294,13.9970285527883,TheEmptinessMachine,BBR,Festive,HTTP/1.1
2025-05-02 12:31:41,stallRate,136.795000076294,13.7874560139626,TheEmptinessMachine,BBR,Festive,HTTP/1.1
2025-05-02 12:31:43,stallRate,138.795000076294,13.5855960092128,TheEmptinessMachine,BBR,Festive,HTTP/1.1
2025-05-02 12:31:45,stallRate,140.795000076294,13.3896436914499,TheEmptinessMachine,BBR,Festive,HTTP/1.1
2025-05-02 12:31:47,stallRate,142.795000076294,13.1987228469557,TheEmptinessMachine,BBR,Festive,HTTP/1.1
2025-05-02 12:31:49,stallRate,144.795000076294,13.0137331127651,TheEmptinessMachine,BBR,Festive,HTTP/1.1
2025-05-02 12:31:51,stallRate,146.795000076294,12.8327105361913,TheEmptinessMachine,BBR,Festive,HTTP/1.1
2025-05-02 12:31:53,stallRate,148.795000076294,12.6567371885457,TheEmptinessMachine,BBR,Festive,HTTP/1.1
2025-05-02 12:31:55,stallRate,150.795000076294,12.4849185396934,TheEmptinessMachine,BBR,Festive,HTTP/1.1
2025-05-02 12:31:57,stallRate,152.795000076294,12.3191264546622,TheEmptinessMachine,BBR,Festive,HTTP/1.1
2025-05-02 12:31:59,stallRate,154.795000076294,12.1572547399483,TheEmptinessMachine,BBR,Festive,HTTP/1.1
2025-05-02 12:32:01,stallRate,156.795000076294,11.9993532142051,TheEmptinessMachine,BBR,Festive,HTTP/1.1
2025-05-02 12:32:03,stallRate,158.795000076294,11.8456275514173,TheEmptinessMachine,BBR,Festive,HTTP/1.1
2025-05-02 12:32:05,stallRate,160.795000076294,11.6956529993447,TheEmptinessMachine,BBR,Festive,HTTP/1.1
2025-05-02 12:32:07,stallRate,162.795000076294,11.5492371208024,TheEmptinessMachine,BBR,Festive,HTTP/1.1
2025-05-02 12:32:09,stallRate,164.795000076294,11.4066647471086,TheEmptinessMachine,BBR,Festive,HTTP/1.1
2025-05-02 12:32:11,stallRate,166.795000076294,11.2671345360722,TheEmptinessMachine,BBR,Festive,HTTP/1.1
2025-05-02 12:32:13,stallRate,168.795000076294,11.1311470089555,TheEmptinessMachine,BBR,Festive,HTTP/1.1
2025-05-02 12:32:15,stallRate,170.795000076294,10.9986936469117,TheEmptinessMachine,BBR,Festive,HTTP/1.1
2025-05-02 12:32:17,stallRate,172.795000076294,10.8697887327923,TheEmptinessMachine,BBR,Festive,HTTP/1.1
2025-05-02 12:32:19,stallRate,174.795000076294,10.7436759869178,TheEmptinessMachine,BBR,Festive,HTTP/1.1
2025-05-02 12:32:21,stallRate,176.795000076294,10.7436767795919,TheEmptinessMachine,BBR,Festive,HTTP/1.1
2025-05-02 12:32:23,stallRate,178.795000076294,10.6221607739519,TheEmptinessMachine,BBR,Festive,HTTP/1.1
2025-05-02 12:32:25,stallRate,180.795000076294,10.5027296432954,TheEmptinessMachine,BBR,Festive,HTTP/1.1
2025-05-02 12:32:27,stallRate,182.795000076294,10.9128753362038,TheEmptinessMachine,BBR,Festive,HTTP/1.1
2025-05-02 12:32:29,stallRate,184.795000076294,10.793719407742,TheEmptinessMachine,BBR,Festive,HTTP/1.1
2025-05-02 12:32:31,stallRate,186.795000076294,10.6765133953619,TheEmptinessMachine,BBR,Festive,HTTP/1.1
2025-05-02 12:32:33,stallRate,188.796000003815,10.8238381483401,TheEmptinessMachine,BBR,Festive,HTTP/1.1
2025-05-02 12:32:35,stallRate,190.795000076294,10.7080298433493,TheEmptinessMachine,BBR,Festive,HTTP/1.1
2025-05-02 12:32:37,stallRate,192.795000076294,10.9730900936306,TheEmptinessMachine,BBR,Festive,HTTP/1.1
2025-05-02 12:32:41,stallRate,196.795000076294,11.1980307096884,TheEmptinessMachine,BBR,Festive,HTTP/1.1
2025-05-02 12:32:43,stallRate,198.795000076294,11.3136278513161,TheEmptinessMachine,BBR,Festive,HTTP/1.1
2025-05-02 12:32:45,stallRate,200.795000076294,11.1991541650825,TheEmptinessMachine,BBR,Festive,HTTP/1.1
2025-05-02 12:32:47,stallRate,202.795000076294,11.0878301697503,TheEmptinessMachine,BBR,Festive,HTTP/1.1
2025-05-02 12:32:49,stallRate,204.795000076294,10.9780842748413,TheEmptinessMachine,BBR,Festive,HTTP/1.1
2025-05-02 12:33:30,stallRate,4.10400009155273,0.0,TheEmptinessMachine,BBR,Festive,HTTP/2
2025-05-02 12:33:32,stallRate,6.10400009155273,0.0,TheEmptinessMachine,BBR,Festive,HTTP/2
2025-05-02 12:33:34,stallRate,8.10400009155273,0.0,TheEmptinessMachine,BBR,Festive,HTTP/2
2025-05-02 12:33:40,stallRate,14.1040000915527,38.0078248026667,TheEmptinessMachine,BBR,Festive,HTTP/2
2025-05-02 12:33:46,stallRate,20.103000164032,50.8180638195125,TheEmptinessMachine,BBR,Festive,HTTP/2
2025-05-02 12:33:50,stallRate,24.1040000915527,43.0230201995011,TheEmptinessMachine,BBR,Festive,HTTP/2
2025-05-02 12:33:52,stallRate,26.1040000915527,40.7865058195698,TheEmptinessMachine,BBR,Festive,HTTP/2
2025-05-02 12:33:54,stallRate,28.1040000915527,37.4851925762477,TheEmptinessMachine,BBR,Festive,HTTP/2
2025-05-02 12:33:56,stallRate,30.1040000915527,37.5903469103294,TheEmptinessMachine,BBR,Festive,HTTP/2
2025-05-02 12:33:58,stallRate,32.1040000915527,35.0212082562905,TheEmptinessMachine,BBR,Festive,HTTP/2
2025-05-02 12:34:00,stallRate,34.1040000915527,32.7643435807599,TheEmptinessMachine,BBR,Festive,HTTP/2
2025-05-02 12:34:02,stallRate,36.1040000915527,30.7630490828988,TheEmptinessMachine,BBR,Festive,HTTP/2
2025-05-02 12:34:04,stallRate,38.1040000915527,28.994054353231,TheEmptinessMachine,BBR,Festive,HTTP/2
2025-05-02 12:34:06,stallRate,40.1040000915527,27.4122034998528,TheEmptinessMachine,BBR,Festive,HTTP/2
2025-05-02 12:34:08,stallRate,42.1040000915527,26.0044291727439,TheEmptinessMachine,BBR,Festive,HTTP/2
2025-05-02 12:34:10,stallRate,44.103000164032,24.7350651454778,TheEmptinessMachine,BBR,Festive,HTTP/2
2025-05-02 12:34:12,stallRate,46.103000164032,23.575436049465,TheEmptinessMachine,BBR,Festive,HTTP/2
2025-05-02 12:34:14,stallRate,48.1040000915527,22.5228783920006,TheEmptinessMachine,BBR,Festive,HTTP/2
2025-05-02 12:34:16,stallRate,50.1040000915527,21.561856190229,TheEmptinessMachine,BBR,Festive,HTTP/2
2025-05-02 12:34:18,stallRate,52.1040000915527,20.6816194746212,TheEmptinessMachine,BBR,Festive,HTTP/2
2025-05-02 12:34:20,stallRate,54.1040000915527,19.8649959536516,TheEmptinessMachine,BBR,Festive,HTTP/2
2025-05-02 12:34:22,stallRate,56.1040000915527,19.1112294576996,TheEmptinessMachine,BBR,Festive,HTTP/2
2025-05-02 12:34:24,stallRate,58.1040000915527,18.4174656901502,TheEmptinessMachine,BBR,Festive,HTTP/2
2025-05-02 12:34:26,stallRate,60.1040000915527,17.7693003765248,TheEmptinessMachine,BBR,Festive,HTTP/2
2025-05-02 12:34:28,stallRate,62.103000164032,17.1657559130519,TheEmptinessMachine,BBR,Festive,HTTP/2
2025-05-02 12:34:30,stallRate,64.1040000915527,16.5972476506053,TheEmptinessMachine,BBR,Festive,HTTP/2
2025-05-02 12:34:32,stallRate,66.1040000915527,16.0716039658738,TheEmptinessMachine,BBR,Festive,HTTP/2
2025-05-02 12:34:34,stallRate,68.1040000915527,15.5752209871386,TheEmptinessMachine,BBR,Festive,HTTP/2
2025-05-02 12:34:36,stallRate,70.1040000915527,15.1092035087883,TheEmptinessMachine,BBR,Festive,HTTP/2
2025-05-02 12:34:38,stallRate,72.1040000915527,14.6681625066334,TheEmptinessMachine,BBR,Festive,HTTP/2
2025-05-02 12:34:40,stallRate,74.1040000915527,14.25300961701,TheEmptinessMachine,BBR,Festive,HTTP/2
2025-05-02 12:34:42,stallRate,76.1040000915527,14.2021296964792,TheEmptinessMachine,BBR,Festive,HTTP/2
2025-05-02 12:34:44,stallRate,78.1040000915527,13.8229253895303,TheEmptinessMachine,BBR,Festive,HTTP/2
2025-05-02 12:34:46,stallRate,80.1040000915527,13.4618108131877,TheEmptinessMachine,BBR,Festive,HTTP/2
2025-05-02 12:34:48,stallRate,82.1040000915527,13.1199150909368,TheEmptinessMachine,BBR,Festive,HTTP/2
2025-05-02 12:34:50,stallRate,84.1040000915527,12.7956035475722,TheEmptinessMachine,BBR,Festive,HTTP/2
2025-05-02 12:34:52,stallRate,86.103000164032,13.4944520165689,TheEmptinessMachine,BBR,Festive,HTTP/2
2025-05-02 12:34:54,stallRate,88.1040000915527,13.1758072236135,TheEmptinessMachine,BBR,Festive,HTTP/2
2025-05-02 12:34:56,stallRate,90.1040000915527,12.8717976219482,TheEmptinessMachine,BBR,Festive,HTTP/2
2025-05-02 12:34:58,stallRate,92.1040000915527,12.5818910256107,TheEmptinessMachine,BBR,Festive,HTTP/2
2025-05-02 12:35:00,stallRate,94.1040000915527,12.3045124576206,TheEmptinessMachine,BBR,Festive,HTTP/2
2025-05-02 12:35:02,stallRate,96.1040000915527,12.040392029619,TheEmptinessMachine,BBR,Festive,HTTP/2
2025-05-02 12:35:04,stallRate,98.1040000915527,11.7858937035368,TheEmptinessMachine,BBR,Festive,HTTP/2
2025-05-02 12:35:06,stallRate,100.104000091553,11.5423431876907,TheEmptinessMachine,BBR,Festive,HTTP/2
2025-05-02 12:35:08,stallRate,102.103000164032,11.3090510399047,TheEmptinessMachine,BBR,Festive,HTTP/2
2025-05-02 12:35:10,stallRate,104.104000091553,11.0851805421446,TheEmptinessMachine,BBR,Festive,HTTP/2
2025-05-02 12:35:12,stallRate,106.104000091553,10.8692332226067,TheEmptinessMachine,BBR,Festive,HTTP/2
2025-05-02 12:35:14,stallRate,108.104000091553,10.6614400923274,TheEmptinessMachine,BBR,Festive,HTTP/2
2025-05-02 12:35:16,stallRate,110.104000091553,10.4629350816086,TheEmptinessMachine,BBR,Festive,HTTP/2
2025-05-02 12:35:18,stallRate,112.104000091553,10.2704955310808,TheEmptinessMachine,BBR,Festive,HTTP/2
2025-05-02 12:35:20,stallRate,114.104000091553,10.0853659625618,TheEmptinessMachine,BBR,Festive,HTTP/2
2025-05-02 12:35:22,stallRate,116.104000091553,9.90580400892103,TheEmptinessMachine,BBR,Festive,HTTP/2
2025-05-02 12:35:24,stallRate,118.103000164032,9.73451686752366,TheEmptinessMachine,BBR,Festive,HTTP/2
2025-05-02 12:35:26,stallRate,120.104000091553,9.56746806527476,TheEmptinessMachine,BBR,Festive,HTTP/2
2025-05-02 12:35:28,stallRate,122.104000091553,9.40624571643693,TheEmptinessMachine,BBR,Festive,HTTP/2
2025-05-02 12:35:30,stallRate,124.104000091553,9.25002416393633,TheEmptinessMachine,BBR,Festive,HTTP/2
2025-05-02 12:35:32,stallRate,126.103000164032,9.09992653661154,TheEmptinessMachine,BBR,Festive,HTTP/2
2025-05-02 12:35:34,stallRate,128.104000091553,8.95373229101507,TheEmptinessMachine,BBR,Festive,HTTP/2
2025-05-02 12:35:36,stallRate,130.103000164032,8.81240518227465,TheEmptinessMachine,BBR,Festive,HTTP/2
2025-05-02 12:35:38,stallRate,132.104000091553,8.67489536163765,TheEmptinessMachine,BBR,Festive,HTTP/2
2025-05-02 12:35:40,stallRate,134.104000091553,8.54274455886038,TheEmptinessMachine,BBR,Festive,HTTP/2
2025-05-02 12:35:42,stallRate,136.104000091553,8.67027911465502,TheEmptinessMachine,BBR,Festive,HTTP/2
2025-05-02 12:35:44,stallRate,138.104000091553,8.5420395140791,TheEmptinessMachine,BBR,Festive,HTTP/2
2025-05-02 12:35:48,stallRate,142.104000091553,9.52500589657748,TheEmptinessMachine,BBR,Festive,HTTP/2
2025-05-02 12:35:50,stallRate,144.104000091553,9.46295301417426,TheEmptinessMachine,BBR,Festive,HTTP/2
2025-05-02 12:35:52,stallRate,146.104000091553,9.32836208137888,TheEmptinessMachine,BBR,Festive,HTTP/2
2025-05-02 12:35:54,stallRate,148.104000091553,9.19908384612959,TheEmptinessMachine,BBR,Festive,HTTP/2
2025-05-02 12:35:56,stallRate,150.104000091553,9.61926141995992,TheEmptinessMachine,BBR,Festive,HTTP/2
2025-05-02 12:35:58,stallRate,152.105000019073,9.48849302428675,TheEmptinessMachine,BBR,Festive,HTTP/2
2025-05-02 12:36:00,stallRate,154.104000091553,9.67810463033321,TheEmptinessMachine,BBR,Festive,HTTP/2
2025-05-02 12:36:02,stallRate,156.104000091553,9.55021275115972,TheEmptinessMachine,BBR,Festive,HTTP/2
2025-05-02 12:36:04,stallRate,158.104000091553,9.42573904723085,TheEmptinessMachine,BBR,Festive,HTTP/2
2025-05-02 12:36:06,stallRate,160.104000091553,9.30459280824508,TheEmptinessMachine,BBR,Festive,HTTP/2
2025-05-02 12:36:08,stallRate,162.104000091553,9.18654515032953,TheEmptinessMachine,BBR,Festive,HTTP/2
2025-05-02 12:36:10,stallRate,164.103000164032,9.07081501647738,TheEmptinessMachine,BBR,Festive,HTTP/2
2025-05-02 12:36:12,stallRate,166.105000019073,8.95802150747013,TheEmptinessMachine,BBR,Festive,HTTP/2
2025-05-02 12:36:16,stallRate,170.104000091553,8.96072158202069,TheEmptinessMachine,BBR,Festive,HTTP/2
2025-05-02 12:36:18,stallRate,172.104000091553,9.01138363216389,TheEmptinessMachine,BBR,Festive,HTTP/2
2025-05-02 12:36:20,stallRate,174.104000091553,8.90476859508901,TheEmptinessMachine,BBR,Festive,HTTP/2
2025-05-02 12:36:22,stallRate,176.104000091553,8.80141482658292,TheEmptinessMachine,BBR,Festive,HTTP/2
2025-05-02 12:36:26,stallRate,180.104000091553,8.88673405101311,TheEmptinessMachine,BBR,Festive,HTTP/2
2025-05-02 12:36:28,stallRate,182.104000091553,8.82834968307605,TheEmptinessMachine,BBR,Festive,HTTP/2
2025-05-02 12:36:30,stallRate,184.104000091553,8.74587656133905,TheEmptinessMachine,BBR,Festive,HTTP/2
2025-05-02 12:36:32,stallRate,186.104000091553,8.65019220011098,TheEmptinessMachine,BBR,Festive,HTTP/2
2025-05-02 12:36:34,stallRate,188.104000091553,8.55581514914255,TheEmptinessMachine,BBR,Festive,HTTP/2
2025-05-02 12:36:36,stallRate,190.104000091553,8.46368790271834,TheEmptinessMachine,BBR,Festive,HTTP/2
2025-05-02 12:36:38,stallRate,192.104000091553,8.63040466306938,TheEmptinessMachine,BBR,Festive,HTTP/2
2025-05-02 12:36:40,stallRate,194.104000091553,8.53887881195615,TheEmptinessMachine,BBR,Festive,HTTP/2
2025-05-02 12:36:42,stallRate,196.104000091553,8.45020381682684,TheEmptinessMachine,BBR,Festive,HTTP/2
2025-05-02 12:36:44,stallRate,198.104000091553,8.36256188522784,TheEmptinessMachine,BBR,Festive,HTTP/2
2025-05-02 12:36:46,stallRate,200.104000091553,8.27674088901341,TheEmptinessMachine,BBR,Festive,HTTP/2
2025-05-02 12:36:48,stallRate,202.103000164032,8.19323386580684,TheEmptinessMachine,BBR,Festive,HTTP/2
2025-05-02 12:36:50,stallRate,204.104000091553,8.11097736009057,TheEmptinessMachine,BBR,Festive,HTTP/2
2025-05-02 12:36:52,stallRate,206.104000091553,8.03045799696225,TheEmptinessMachine,BBR,Festive,HTTP/2
2025-05-02 12:36:54,stallRate,208.104000091553,7.95159921588469,TheEmptinessMachine,BBR,Festive,HTTP/2
2025-05-02 12:37:31,stallRate,8.10099983215332,0.0,TheEmptinessMachine,BBR,Festive,HTTP/3
2025-05-02 12:37:33,stallRate,10.1009998321533,0.0,TheEmptinessMachine,BBR,Festive,HTTP/3
2025-05-02 12:37:35,stallRate,12.1019999980927,0.0,TheEmptinessMachine,BBR,Festive,HTTP/3
2025-05-02 12:37:39,stallRate,16.1009998321533,12.9661612049892,TheEmptinessMachine,BBR,Festive,HTTP/3
2025-05-02 12:37:41,stallRate,18.1009998321533,10.5464316499205,TheEmptinessMachine,BBR,Festive,HTTP/3
2025-05-02 12:37:43,stallRate,20.1009998321533,8.87855918491834,TheEmptinessMachine,BBR,Festive,HTTP/3
2025-05-02 12:37:45,stallRate,22.1009998321533,7.66665752868739,TheEmptinessMachine,BBR,Festive,HTTP/3
2025-05-02 12:37:47,stallRate,24.1009998321533,6.7476972595952,TheEmptinessMachine,BBR,Festive,HTTP/3
2025-05-02 12:37:49,stallRate,26.1009998321533,6.02639887064623,TheEmptinessMachine,BBR,Festive,HTTP/3
2025-05-02 12:37:51,stallRate,28.1009998321533,5.44223658037381,TheEmptinessMachine,BBR,Festive,HTTP/3
2025-05-02 12:37:53,stallRate,30.1009998321533,4.96137276322295,TheEmptinessMachine,BBR,Festive,HTTP/3
2025-05-02 12:37:55,stallRate,32.1009998321533,4.56137780031478,TheEmptinessMachine,BBR,Festive,HTTP/3
2025-05-02 12:37:57,stallRate,34.1009998321533,4.21895309778943,TheEmptinessMachine,BBR,Festive,HTTP/3
2025-05-02 12:37:59,stallRate,36.1009998321533,3.92326633204723,TheEmptinessMachine,BBR,Festive,HTTP/3
2025-05-02 12:38:01,stallRate,38.1009998321533,3.66687159583338,TheEmptinessMachine,BBR,Festive,HTTP/3
2025-05-02 12:38:03,stallRate,40.1009998321533,5.85913282593489,TheEmptinessMachine,BBR,Festive,HTTP/3
2025-05-02 12:38:05,stallRate,42.1009998321533,6.26487715702921,TheEmptinessMachine,BBR,Festive,HTTP/3
2025-05-02 12:38:07,stallRate,44.1009998321533,5.92358721061113,TheEmptinessMachine,BBR,Festive,HTTP/3
2025-05-02 12:38:09,stallRate,46.1009998321533,5.61811727120983,TheEmptinessMachine,BBR,Festive,HTTP/3
2025-05-02 12:38:11,stallRate,48.1009998321533,5.34226352433655,TheEmptinessMachine,BBR,Festive,HTTP/3
2025-05-02 12:38:13,stallRate,50.1009998321533,5.09090121597985,TheEmptinessMachine,BBR,Festive,HTTP/3
2025-05-02 12:38:15,stallRate,52.1009998321533,4.8644587567166,TheEmptinessMachine,BBR,Festive,HTTP/3
2025-05-02 12:38:17,stallRate,54.1009998321533,4.6553937611391,TheEmptinessMachine,BBR,Festive,HTTP/3
2025-05-02 12:38:19,stallRate,56.1009998321533,4.46378440047496,TheEmptinessMachine,BBR,Festive,HTTP/3
2025-05-02 12:38:21,stallRate,58.1009998321533,4.2867944463992,TheEmptinessMachine,BBR,Festive,HTTP/3
2025-05-02 12:38:23,stallRate,60.1009998321533,4.1245630781064,TheEmptinessMachine,BBR,Festive,HTTP/3
2025-05-02 12:38:25,stallRate,62.1009998321533,3.97415712995005,TheEmptinessMachine,BBR,Festive,HTTP/3
2025-05-02 12:38:27,stallRate,64.1009998321533,3.83341353662361,TheEmptinessMachine,BBR,Festive,HTTP/3
2025-05-02 12:38:29,stallRate,66.1009998321533,3.70275952378084,TheEmptinessMachine,BBR,Festive,HTTP/3
2025-05-02 12:38:31,stallRate,68.1009998321533,3.58085818357085,TheEmptinessMachine,BBR,Festive,HTTP/3
2025-05-02 12:38:33,stallRate,70.1009998321533,3.46690539166652,TheEmptinessMachine,BBR,Festive,HTTP/3
2025-05-02 12:38:35,stallRate,72.1009998321533,3.35930886700862,TheEmptinessMachine,BBR,Festive,HTTP/3
2025-05-02 12:38:37,stallRate,74.1009998321533,3.25835517684726,TheEmptinessMachine,BBR,Festive,HTTP/3
2025-05-02 12:38:39,stallRate,76.1009998321533,3.16356187040074,TheEmptinessMachine,BBR,Festive,HTTP/3
2025-05-02 12:38:41,stallRate,78.1009998321533,3.07413039947855,TheEmptinessMachine,BBR,Festive,HTTP/3
2025-05-02 12:38:43,stallRate,80.1009998321533,2.98919488370759,TheEmptinessMachine,BBR,Festive,HTTP/3
2025-05-02 12:38:45,stallRate,82.1009998321533,2.909417556195,TheEmptinessMachine,BBR,Festive,HTTP/3
2025-05-02 12:38:47,stallRate,84.1009998321533,2.83345981227852,TheEmptinessMachine,BBR,Festive,HTTP/3
2025-05-02 12:38:49,stallRate,86.1009998321533,2.76139870398846,TheEmptinessMachine,BBR,Festive,HTTP/3
2025-05-02 12:38:51,stallRate,88.1009998321533,2.6930909449382,TheEmptinessMachine,BBR,Festive,HTTP/3
2025-05-02 12:38:53,stallRate,90.1009998321533,2.62807329082924,TheEmptinessMachine,BBR,Festive,HTTP/3
2025-05-02 12:38:55,stallRate,92.1009998321533,2.56611019675454,TheEmptinessMachine,BBR,Festive,HTTP/3
2025-05-02 12:38:57,stallRate,94.1009998321533,2.50686398196127,TheEmptinessMachine,BBR,Festive,HTTP/3
2025-05-02 12:38:59,stallRate,96.1009998321533,2.45053634232733,TheEmptinessMachine,BBR,Festive,HTTP/3
2025-05-02 12:39:01,stallRate,98.1009998321533,2.39635493311167,TheEmptinessMachine,BBR,Festive,HTTP/3
2025-05-02 12:39:03,stallRate,100.100999832153,2.34451492287702,TheEmptinessMachine,BBR,Festive,HTTP/3
2025-05-02 12:39:05,stallRate,102.100999832153,2.29503646838402,TheEmptinessMachine,BBR,Festive,HTTP/3
2025-05-02 12:39:07,stallRate,104.100999832153,2.2476360498209,TheEmptinessMachine,BBR,Festive,HTTP/3
2025-05-02 12:39:09,stallRate,106.100999832153,2.57515558330266,TheEmptinessMachine,BBR,Festive,HTTP/3
2025-05-02 12:39:11,stallRate,108.100999832153,2.52416551727361,TheEmptinessMachine,BBR,Festive,HTTP/3
2025-05-02 12:39:13,stallRate,110.100999832153,2.47491507509979,TheEmptinessMachine,BBR,Festive,HTTP/3
2025-05-02 12:39:19,stallRate,116.100999832153,2.41892510283443,TheEmptinessMachine,BBR,Festive,HTTP/3
2025-05-02 12:39:21,stallRate,118.100999832153,2.37535093883408,TheEmptinessMachine,BBR,Festive,HTTP/3
2025-05-02 12:39:23,stallRate,120.100999832153,2.33309236296683,TheEmptinessMachine,BBR,Festive,HTTP/3
2025-05-02 12:39:25,stallRate,122.100999832153,2.29234440359893,TheEmptinessMachine,BBR,Festive,HTTP/3
2025-05-02 12:39:27,stallRate,124.100999832153,2.25309321908633,TheEmptinessMachine,BBR,Festive,HTTP/3
2025-05-02 12:39:29,stallRate,126.100999832153,2.21513413110116,TheEmptinessMachine,BBR,Festive,HTTP/3
2025-05-02 12:39:31,stallRate,128.100999832153,2.17822762377939,TheEmptinessMachine,BBR,Festive,HTTP/3
2025-05-02 12:39:33,stallRate,130.100999832153,2.14256480605059,TheEmptinessMachine,BBR,Festive,HTTP/3
2025-05-02 12:39:35,stallRate,132.100999832153,2.10797386759866,TheEmptinessMachine,BBR,Festive,HTTP/3
2025-05-02 12:39:37,stallRate,134.100999832153,2.07454891485048,TheEmptinessMachine,BBR,Festive,HTTP/3
2025-05-02 12:39:39,stallRate,136.100999832153,2.0424200273951,TheEmptinessMachine,BBR,Festive,HTTP/3
2025-05-02 12:39:41,stallRate,138.100999832153,2.01109280340998,TheEmptinessMachine,BBR,Festive,HTTP/3
2025-05-02 12:39:43,stallRate,140.100999832153,1.98075526563846,TheEmptinessMachine,BBR,Festive,HTTP/3
2025-05-02 12:39:45,stallRate,142.100999832153,1.95139291647559,TheEmptinessMachine,BBR,Festive,HTTP/3
2025-05-02 12:39:47,stallRate,144.100999832153,1.92285004722812,TheEmptinessMachine,BBR,Festive,HTTP/3
2025-05-02 12:39:49,stallRate,146.100999832153,1.89495520898232,TheEmptinessMachine,BBR,Festive,HTTP/3
2025-05-02 12:39:51,stallRate,148.100999832153,1.86807530321866,TheEmptinessMachine,BBR,Festive,HTTP/3
2025-05-02 12:39:53,stallRate,150.100999832153,1.84183324828273,TheEmptinessMachine,BBR,Festive,HTTP/3
2025-05-02 12:39:55,stallRate,152.100999832153,1.81633112833547,TheEmptinessMachine,BBR,Festive,HTTP/3
2025-05-02 12:39:57,stallRate,154.100999832153,1.7914350548008,TheEmptinessMachine,BBR,Festive,HTTP/3
2025-05-02 12:39:59,stallRate,156.100999832153,1.76738894625841,TheEmptinessMachine,BBR,Festive,HTTP/3
2025-05-02 12:40:01,stallRate,158.100999832153,1.74399398188849,TheEmptinessMachine,BBR,Festive,HTTP/3
2025-05-02 12:40:03,stallRate,160.100999832153,1.7210082069282,TheEmptinessMachine,BBR,Festive,HTTP/3
2025-05-02 12:40:05,stallRate,162.100999832153,1.69873133131162,TheEmptinessMachine,BBR,Festive,HTTP/3
2025-05-02 12:40:07,stallRate,164.100999832153,1.67703640539927,TheEmptinessMachine,BBR,Festive,HTTP/3
2025-05-02 12:40:09,stallRate,166.100999832153,1.6558208845012,TheEmptinessMachine,BBR,Festive,HTTP/3
2025-05-02 12:40:11,stallRate,168.100999832153,1.63524343410022,TheEmptinessMachine,BBR,Festive,HTTP/3
2025-05-02 12:40:13,stallRate,170.100999832153,1.61519527836162,TheEmptinessMachine,BBR,Festive,HTTP/3
2025-05-02 12:40:15,stallRate,172.100999832153,1.59546867783506,TheEmptinessMachine,BBR,Festive,HTTP/3
2025-05-02 12:40:17,stallRate,174.100999832153,1.57629006955693,TheEmptinessMachine,BBR,Festive,HTTP/3
2025-05-02 12:40:19,stallRate,176.100999832153,1.55748403794166,TheEmptinessMachine,BBR,Festive,HTTP/3
2025-05-02 12:40:21,stallRate,178.100999832153,1.53926903781745,TheEmptinessMachine,BBR,Festive,HTTP/3
2025-05-02 12:40:23,stallRate,180.100999832153,1.52139137757765,TheEmptinessMachine,BBR,Festive,HTTP/3
2025-05-02 12:40:25,stallRate,182.100999832153,1.50396163541899,TheEmptinessMachine,BBR,Festive,HTTP/3
2025-05-02 12:40:27,stallRate,184.100999832153,1.48694652085889,TheEmptinessMachine,BBR,Festive,HTTP/3
2025-05-02 12:40:29,stallRate,186.100999832153,1.47031469966476,TheEmptinessMachine,BBR,Festive,HTTP/3
2025-05-02 12:40:31,stallRate,188.100999832153,1.45405812684421,TheEmptinessMachine,BBR,Festive,HTTP/3
2025-05-02 12:40:33,stallRate,190.100999832153,1.43811876815047,TheEmptinessMachine,BBR,Festive,HTTP/3
2025-05-02 12:40:35,stallRate,192.100999832153,1.42257970796921,TheEmptinessMachine,BBR,Festive,HTTP/3
2025-05-02 12:40:37,stallRate,194.100999832153,1.40728523294179,TheEmptinessMachine,BBR,Festive,HTTP/3
2025-05-02 12:40:39,stallRate,196.100999832153,1.39232792565201,TheEmptinessMachine,BBR,Festive,HTTP/3
2025-05-02 12:40:41,stallRate,198.100999832153,1.37763783911413,TheEmptinessMachine,BBR,Festive,HTTP/3
2025-05-02 12:40:43,stallRate,200.100999832153,1.36327825398776,TheEmptinessMachine,BBR,Festive,HTTP/3
2025-05-02 12:40:45,stallRate,202.100999832153,1.34932293494129,TheEmptinessMachine,BBR,Festive,HTTP/3
2025-05-02 12:40:47,stallRate,204.100999832153,1.33558593664429,TheEmptinessMachine,BBR,Festive,HTTP/3
2025-05-02 12:40:49,stallRate,206.100999832153,1.32221193454474,TheEmptinessMachine,BBR,Festive,HTTP/3
2025-05-02 12:40:51,stallRate,208.100999832153,1.30901162587252,TheEmptinessMachine,BBR,Festive,HTTP/3
2025-05-02 12:40:53,stallRate,210.100999832153,1.29609315715598,TheEmptinessMachine,BBR,Festive,HTTP/3
2025-05-02 12:41:29,stallRate,4.29399991035461,0.0,TheEmptinessMachine,BBR,L2A,HTTP/1.1
2025-05-02 12:41:33,stallRate,8.29399991035461,37.9324729332036,TheEmptinessMachine,BBR,L2A,HTTP/1.1
2025-05-02 12:41:39,stallRate,14.2939999103546,59.7950522653505,TheEmptinessMachine,BBR,L2A,HTTP/1.1
2025-05-02 12:41:41,stallRate,16.2939999103546,50.1126862662247,TheEmptinessMachine,BBR,L2A,HTTP/1.1
2025-05-02 12:41:43,stallRate,18.2939999103546,47.8443796209449,TheEmptinessMachine,BBR,L2A,HTTP/1.1
2025-05-02 12:41:45,stallRate,20.2939999103546,41.9852092049671,TheEmptinessMachine,BBR,L2A,HTTP/1.1
2025-05-02 12:41:47,stallRate,22.2939999103546,37.4076074835606,TheEmptinessMachine,BBR,L2A,HTTP/1.1
2025-05-02 12:41:49,stallRate,24.2939999103546,33.7083257443365,TheEmptinessMachine,BBR,L2A,HTTP/1.1
2025-05-02 12:41:51,stallRate,26.2939999103546,31.3156809996783,TheEmptinessMachine,BBR,L2A,HTTP/1.1
2025-05-02 12:41:53,stallRate,28.2939999103546,28.7474848108677,TheEmptinessMachine,BBR,L2A,HTTP/1.1
2025-05-02 12:41:55,stallRate,30.2939999103546,26.5611913060132,TheEmptinessMachine,BBR,L2A,HTTP/1.1
2025-05-02 12:42:01,stallRate,36.2939999103546,21.6246248055562,TheEmptinessMachine,BBR,L2A,HTTP/1.1
2025-05-02 12:42:03,stallRate,38.2939999103546,20.3618127629425,TheEmptinessMachine,BBR,L2A,HTTP/1.1
2025-05-02 12:42:05,stallRate,40.2939999103546,19.2451056073504,TheEmptinessMachine,BBR,L2A,HTTP/1.1
2025-05-02 12:42:07,stallRate,42.2939999103546,18.2397674768438,TheEmptinessMachine,BBR,L2A,HTTP/1.1
2025-05-02 12:42:09,stallRate,44.2939999103546,17.3347367578601,TheEmptinessMachine,BBR,L2A,HTTP/1.1
2025-05-02 12:42:11,stallRate,46.2939999103546,16.5169403341448,TheEmptinessMachine,BBR,L2A,HTTP/1.1
2025-05-02 12:42:13,stallRate,48.2939999103546,15.7724966563722,TheEmptinessMachine,BBR,L2A,HTTP/1.1
2025-05-02 12:42:15,stallRate,50.2939999103546,15.0886036083242,TheEmptinessMachine,BBR,L2A,HTTP/1.1
2025-05-02 12:42:17,stallRate,52.2939999103546,14.4674069942279,TheEmptinessMachine,BBR,L2A,HTTP/1.1
2025-05-02 12:42:19,stallRate,54.2939999103546,13.8906163874631,TheEmptinessMachine,BBR,L2A,HTTP/1.1
2025-05-02 12:42:21,stallRate,56.2939999103546,13.358554444527,TheEmptinessMachine,BBR,L2A,HTTP/1.1
2025-05-02 12:42:23,stallRate,58.2939999103546,12.8685139842225,TheEmptinessMachine,BBR,L2A,HTTP/1.1
2025-05-02 12:42:25,stallRate,60.2939999103546,12.4109870139175,TheEmptinessMachine,BBR,L2A,HTTP/1.1
2025-05-02 12:42:27,stallRate,62.2939999103546,11.9853126422837,TheEmptinessMachine,BBR,L2A,HTTP/1.1
2025-05-02 12:42:33,stallRate,68.2939999103546,10.8660488762701,TheEmptinessMachine,BBR,L2A,HTTP/1.1
2025-05-02 12:42:35,stallRate,70.2939999103546,10.5376458703548,TheEmptinessMachine,BBR,L2A,HTTP/1.1
2025-05-02 12:42:37,stallRate,72.2939999103546,10.2292876800298,TheEmptinessMachine,BBR,L2A,HTTP/1.1
2025-05-02 12:42:39,stallRate,74.2939999103546,9.93851837198839,TheEmptinessMachine,BBR,L2A,HTTP/1.1
2025-05-02 12:42:41,stallRate,76.2939999103546,9.66342150660035,TheEmptinessMachine,BBR,L2A,HTTP/1.1
2025-05-02 12:42:43,stallRate,78.2939999103546,9.40413496079351,TheEmptinessMachine,BBR,L2A,HTTP/1.1
2025-05-02 12:42:45,stallRate,80.2939999103546,9.15701206411926,TheEmptinessMachine,BBR,L2A,HTTP/1.1
2025-05-02 12:42:47,stallRate,82.2939999103546,8.92262400868316,TheEmptinessMachine,BBR,L2A,HTTP/1.1
2025-05-02 12:42:49,stallRate,84.2939999103546,8.70061628433688,TheEmptinessMachine,BBR,L2A,HTTP/1.1
2025-05-02 12:42:51,stallRate,86.2939999103546,8.48943037263416,TheEmptinessMachine,BBR,L2A,HTTP/1.1
2025-05-02 12:42:53,stallRate,88.2939999103546,8.28745762364881,TheEmptinessMachine,BBR,L2A,HTTP/1.1
2025-05-02 12:42:55,stallRate,90.2939999103546,8.09591992484096,TheEmptinessMachine,BBR,L2A,HTTP/1.1
2025-05-02 12:42:57,stallRate,92.2939999103546,7.91319745979096,TheEmptinessMachine,BBR,L2A,HTTP/1.1
2025-05-02 12:42:59,stallRate,94.2939999103546,7.73714356643082,TheEmptinessMachine,BBR,L2A,HTTP/1.1
2025-05-02 12:43:01,stallRate,96.2939999103546,7.57041230263422,TheEmptinessMachine,BBR,L2A,HTTP/1.1
2025-05-02 12:43:05,stallRate,100.296999931335,7.72616599713615,TheEmptinessMachine,BBR,L2A,HTTP/1.1
2025-05-02 12:43:07,stallRate,102.293999910355,7.60426107347704,TheEmptinessMachine,BBR,L2A,HTTP/1.1
2025-05-02 12:43:09,stallRate,104.293999910355,7.45216436261072,TheEmptinessMachine,BBR,L2A,HTTP/1.1
2025-05-02 12:43:11,stallRate,106.293999910355,7.30655421277237,TheEmptinessMachine,BBR,L2A,HTTP/1.1
2025-05-02 12:43:13,stallRate,108.293999910355,7.16664697374367,TheEmptinessMachine,BBR,L2A,HTTP/1.1
2025-05-02 12:43:15,stallRate,110.293999910355,7.03125330471104,TheEmptinessMachine,BBR,L2A,HTTP/1.1
2025-05-02 12:43:17,stallRate,112.293999910355,6.90233182085682,TheEmptinessMachine,BBR,L2A,HTTP/1.1
2025-05-02 12:43:19,stallRate,114.293999910355,6.7768635427063,TheEmptinessMachine,BBR,L2A,HTTP/1.1
2025-05-02 12:43:21,stallRate,116.293999910355,6.65596814606328,TheEmptinessMachine,BBR,L2A,HTTP/1.1
2025-05-02 12:43:23,stallRate,118.293999910355,6.53956501028237,TheEmptinessMachine,BBR,L2A,HTTP/1.1
2025-05-02 12:43:25,stallRate,120.293999910355,6.42720145239593,TheEmptinessMachine,BBR,L2A,HTTP/1.1
2025-05-02 12:43:27,stallRate,122.293999910355,6.31875019075856,TheEmptinessMachine,BBR,L2A,HTTP/1.1
2025-05-02 12:43:29,stallRate,124.293999910355,6.21399129944475,TheEmptinessMachine,BBR,L2A,HTTP/1.1
2025-05-02 12:43:31,stallRate,126.293999910355,6.11257061249526,TheEmptinessMachine,BBR,L2A,HTTP/1.1
2025-05-02 12:43:33,stallRate,128.293999910355,6.01376334625138,TheEmptinessMachine,BBR,L2A,HTTP/1.1
2025-05-02 12:43:35,stallRate,130.293999910355,5.91874909568494,TheEmptinessMachine,BBR,L2A,HTTP/1.1
2025-05-02 12:43:37,stallRate,132.293999910355,5.82633354225107,TheEmptinessMachine,BBR,L2A,HTTP/1.1
2025-05-02 12:43:39,stallRate,134.293999910355,5.73689826709454,TheEmptinessMachine,BBR,L2A,HTTP/1.1
2025-05-02 12:43:41,stallRate,136.293999910355,5.65017962320346,TheEmptinessMachine,BBR,L2A,HTTP/1.1
2025-05-02 12:43:43,stallRate,138.293999910355,5.56614501225232,TheEmptinessMachine,BBR,L2A,HTTP/1.1
2025-05-02 12:43:45,stallRate,140.293999910355,5.48458681897104,TheEmptinessMachine,BBR,L2A,HTTP/1.1
2025-05-02 12:43:47,stallRate,142.293999910355,5.40513839244773,TheEmptinessMachine,BBR,L2A,HTTP/1.1
2025-05-02 12:43:51,stallRate,146.293999910355,5.25295249854709,TheEmptinessMachine,BBR,L2A,HTTP/1.1
2025-05-02 12:43:55,stallRate,150.293999910355,5.10920995388006,TheEmptinessMachine,BBR,L2A,HTTP/1.1
2025-05-02 12:43:57,stallRate,152.293999910355,5.04056317406519,TheEmptinessMachine,BBR,L2A,HTTP/1.1
2025-05-02 12:43:59,stallRate,154.293999910355,4.97321174717236,TheEmptinessMachine,BBR,L2A,HTTP/1.1
2025-05-02 12:44:01,stallRate,156.293999910355,4.90790476048717,TheEmptinessMachine,BBR,L2A,HTTP/1.1
2025-05-02 12:44:03,stallRate,158.293999910355,4.87938931066622,TheEmptinessMachine,BBR,L2A,HTTP/1.1
2025-05-02 12:44:05,stallRate,160.293999910355,4.81733477601521,TheEmptinessMachine,BBR,L2A,HTTP/1.1
2025-05-02 12:44:07,stallRate,162.293999910355,4.75633730034095,TheEmptinessMachine,BBR,L2A,HTTP/1.1
2025-05-02 12:44:11,stallRate,166.293999910355,4.9151021902866,TheEmptinessMachine,BBR,L2A,HTTP/1.1
2025-05-02 12:44:13,stallRate,168.293999910355,4.8552596028971,TheEmptinessMachine,BBR,L2A,HTTP/1.1
2025-05-02 12:44:15,stallRate,170.293999910355,4.79688123489971,TheEmptinessMachine,BBR,L2A,HTTP/1.1
2025-05-02 12:44:17,stallRate,172.293999910355,4.73948451201686,TheEmptinessMachine,BBR,L2A,HTTP/1.1
2025-05-02 12:44:19,stallRate,174.293999910355,4.68406272938312,TheEmptinessMachine,BBR,L2A,HTTP/1.1
2025-05-02 12:44:21,stallRate,176.293999910355,4.62963667058899,TheEmptinessMachine,BBR,L2A,HTTP/1.1
2025-05-02 12:44:23,stallRate,178.293999910355,4.5765376382963,TheEmptinessMachine,BBR,L2A,HTTP/1.1
2025-05-02 12:44:25,stallRate,180.293999910355,4.52436419732438,TheEmptinessMachine,BBR,L2A,HTTP/1.1
2025-05-02 12:44:27,stallRate,182.293999910355,4.47347089449546,TheEmptinessMachine,BBR,L2A,HTTP/1.1
2025-05-02 12:44:29,stallRate,184.293999910355,4.42388975339341,TheEmptinessMachine,BBR,L2A,HTTP/1.1
2025-05-02 12:44:31,stallRate,186.293999910355,4.37541757791222,TheEmptinessMachine,BBR,L2A,HTTP/1.1
2025-05-02 12:44:33,stallRate,188.293999910355,4.32772330290624,TheEmptinessMachine,BBR,L2A,HTTP/1.1
2025-05-02 12:44:35,stallRate,190.293999910355,4.28160188363024,TheEmptinessMachine,BBR,L2A,HTTP/1.1
2025-05-02 12:44:37,stallRate,192.293999910355,4.23600662405831,TheEmptinessMachine,BBR,L2A,HTTP/1.1
2025-05-02 12:44:39,stallRate,194.293999910355,4.19140761824447,TheEmptinessMachine,BBR,L2A,HTTP/1.1
2025-05-02 12:44:41,stallRate,196.293999910355,4.14782623122955,TheEmptinessMachine,BBR,L2A,HTTP/1.1
2025-05-02 12:44:43,stallRate,198.293999910355,4.1051889187744,TheEmptinessMachine,BBR,L2A,HTTP/1.1
2025-05-02 12:44:45,stallRate,200.293999910355,4.06343345160997,TheEmptinessMachine,BBR,L2A,HTTP/1.1
2025-05-02 12:44:47,stallRate,202.293999910355,4.02244322788964,TheEmptinessMachine,BBR,L2A,HTTP/1.1
2025-05-02 12:44:49,stallRate,204.293999910355,3.9824109546228,TheEmptinessMachine,BBR,L2A,HTTP/1.1
2025-05-02 12:44:51,stallRate,206.293999910355,3.94293281014211,TheEmptinessMachine,BBR,L2A,HTTP/1.1
2025-05-02 12:45:23,stallRate,2.08899998664856,0.0,TheEmptinessMachine,BBR,L2A,HTTP/2
2025-05-02 12:45:25,stallRate,4.08799982070923,0.0,TheEmptinessMachine,BBR,L2A,HTTP/2
2025-05-02 12:45:27,stallRate,6.08799982070923,20.3027742697439,TheEmptinessMachine,BBR,L2A,HTTP/2
2025-05-02 12:45:29,stallRate,8.08699989318848,13.4061021570042,TheEmptinessMachine,BBR,L2A,HTTP/2
2025-05-02 12:45:31,stallRate,10.0869998931885,15.1951793201472,TheEmptinessMachine,BBR,L2A,HTTP/2
2025-05-02 12:45:35,stallRate,14.0879998207092,18.4745844694916,TheEmptinessMachine,BBR,L2A,HTTP/2
2025-05-02 12:45:37,stallRate,16.0889999866486,15.5418418523133,TheEmptinessMachine,BBR,L2A,HTTP/2
2025-05-02 12:45:39,stallRate,18.0869998931885,13.4334907104172,TheEmptinessMachine,BBR,L2A,HTTP/2
2025-05-02 12:45:41,stallRate,20.0869998931885,14.4827330416158,TheEmptinessMachine,BBR,L2A,HTTP/2
2025-05-02 12:45:43,stallRate,22.0869998931885,13.166496478665,TheEmptinessMachine,BBR,L2A,HTTP/2
2025-05-02 12:45:47,stallRate,26.0879998207092,20.5488836475966,TheEmptinessMachine,BBR,L2A,HTTP/2
2025-05-02 12:45:49,stallRate,28.0869998931885,20.2508872576183,TheEmptinessMachine,BBR,L2A,HTTP/2
2025-05-02 12:45:53,stallRate,32.0879998207092,22.572307599812,TheEmptinessMachine,BBR,L2A,HTTP/2
2025-05-02 12:45:55,stallRate,34.0869998931885,22.2738494860576,TheEmptinessMachine,BBR,L2A,HTTP/2
2025-05-02 12:45:57,stallRate,36.0869998931885,20.8306844199193,TheEmptinessMachine,BBR,L2A,HTTP/2
2025-05-02 12:45:59,stallRate,38.0869998931885,20.0815543202968,TheEmptinessMachine,BBR,L2A,HTTP/2
2025-05-02 12:46:03,stallRate,42.0879998207092,19.3034092910442,TheEmptinessMachine,BBR,L2A,HTTP/2
2025-05-02 12:46:09,stallRate,48.0879998207092,22.7597893009459,TheEmptinessMachine,BBR,L2A,HTTP/2
2025-05-02 12:46:11,stallRate,50.0869998931885,21.8646626853463,TheEmptinessMachine,BBR,L2A,HTTP/2
2025-05-02 12:46:13,stallRate,52.0869998931885,20.9336043429337,TheEmptinessMachine,BBR,L2A,HTTP/2
2025-05-02 12:46:15,stallRate,54.0869998931885,20.073337419111,TheEmptinessMachine,BBR,L2A,HTTP/2
2025-05-02 12:46:17,stallRate,56.0869998931885,19.2862609607402,TheEmptinessMachine,BBR,L2A,HTTP/2
2025-05-02 12:46:19,stallRate,58.0869998931885,18.5564162118131,TheEmptinessMachine,BBR,L2A,HTTP/2
2025-05-02 12:46:21,stallRate,60.0869998931885,17.8788563640497,TheEmptinessMachine,BBR,L2A,HTTP/2
2025-05-02 12:46:23,stallRate,62.0879998207092,17.2492635561508,TheEmptinessMachine,BBR,L2A,HTTP/2
2025-05-02 12:46:25,stallRate,64.0879998207092,16.6639755103544,TheEmptinessMachine,BBR,L2A,HTTP/2
2025-05-02 12:46:27,stallRate,66.0869998931885,16.1176397001869,TheEmptinessMachine,BBR,L2A,HTTP/2
2025-05-02 12:46:29,stallRate,68.0879998207092,15.6026748492004,TheEmptinessMachine,BBR,L2A,HTTP/2
2025-05-02 12:46:31,stallRate,70.0869998931885,15.1226645398069,TheEmptinessMachine,BBR,L2A,HTTP/2
2025-05-02 12:46:33,stallRate,72.0869998931885,14.6696875178783,TheEmptinessMachine,BBR,L2A,HTTP/2
2025-05-02 12:46:35,stallRate,74.0869998931885,14.2433444566768,TheEmptinessMachine,BBR,L2A,HTTP/2
2025-05-02 12:46:37,stallRate,76.0879998207092,13.8419368954429,TheEmptinessMachine,BBR,L2A,HTTP/2
2025-05-02 12:46:39,stallRate,78.0869998931885,13.4621814829941,TheEmptinessMachine,BBR,L2A,HTTP/2
2025-05-02 12:46:41,stallRate,80.0869998931885,13.1012951229774,TheEmptinessMachine,BBR,L2A,HTTP/2
2025-05-02 12:46:43,stallRate,82.0869998931885,12.8074113173849,TheEmptinessMachine,BBR,L2A,HTTP/2
2025-05-02 12:46:45,stallRate,84.0869998931885,12.4827775976736,TheEmptinessMachine,BBR,L2A,HTTP/2
2025-05-02 12:46:47,stallRate,86.0889999866486,12.174177040158,TheEmptinessMachine,BBR,L2A,HTTP/2
2025-05-02 12:46:49,stallRate,88.0869998931885,12.5770296260818,TheEmptinessMachine,BBR,L2A,HTTP/2
2025-05-02 12:46:51,stallRate,90.0869998931885,12.31927036585,TheEmptinessMachine,BBR,L2A,HTTP/2
2025-05-02 12:46:53,stallRate,92.0869998931885,12.0366335411508,TheEmptinessMachine,BBR,L2A,HTTP/2
2025-05-02 12:46:55,stallRate,94.0879998207092,11.764241389349,TheEmptinessMachine,BBR,L2A,HTTP/2
2025-05-02 12:46:57,stallRate,96.0869998931885,11.5066707457882,TheEmptinessMachine,BBR,L2A,HTTP/2
2025-05-02 12:46:59,stallRate,98.0879998207092,11.2585261924009,TheEmptinessMachine,BBR,L2A,HTTP/2
2025-05-02 12:47:01,stallRate,100.087999820709,11.0209239639079,TheEmptinessMachine,BBR,L2A,HTTP/2
2025-05-02 12:47:03,stallRate,102.086999893188,10.7935948718401,TheEmptinessMachine,BBR,L2A,HTTP/2
2025-05-02 12:47:05,stallRate,104.087999820709,10.5754885903147,TheEmptinessMachine,BBR,L2A,HTTP/2
2025-05-02 12:47:07,stallRate,106.086999893188,10.3651753473245,TheEmptinessMachine,BBR,L2A,HTTP/2
2025-05-02 12:47:09,stallRate,108.086999893188,10.1641971011635,TheEmptinessMachine,BBR,L2A,HTTP/2
2025-05-02 12:47:11,stallRate,110.086999893188,9.97098188228087,TheEmptinessMachine,BBR,L2A,HTTP/2
2025-05-02 12:47:13,stallRate,112.086999893188,9.7833733606437,TheEmptinessMachine,BBR,L2A,HTTP/2
2025-05-02 12:47:15,stallRate,114.087999820709,9.60453478045185,TheEmptinessMachine,BBR,L2A,HTTP/2
2025-05-02 12:47:17,stallRate,116.086999893188,9.43104612936649,TheEmptinessMachine,BBR,L2A,HTTP/2
2025-05-02 12:47:19,stallRate,118.086999893188,9.26376697548265,TheEmptinessMachine,BBR,L2A,HTTP/2
2025-05-02 12:47:21,stallRate,120.086999893188,9.1017958782347,TheEmptinessMachine,BBR,L2A,HTTP/2
2025-05-02 12:47:23,stallRate,122.086999893188,8.94554960774144,TheEmptinessMachine,BBR,L2A,HTTP/2
2025-05-02 12:47:25,stallRate,124.086999893188,8.79557158071223,TheEmptinessMachine,BBR,L2A,HTTP/2
2025-05-02 12:47:27,stallRate,126.086999893188,8.64996358406492,TheEmptinessMachine,BBR,L2A,HTTP/2
2025-05-02 12:47:29,stallRate,128.086999893188,8.50835425882129,TheEmptinessMachine,BBR,L2A,HTTP/2
2025-05-02 12:47:31,stallRate,130.086999893188,8.37243032217035,TheEmptinessMachine,BBR,L2A,HTTP/2
2025-05-02 12:47:33,stallRate,132.087999820709,8.24015031485868,TheEmptinessMachine,BBR,L2A,HTTP/2
2025-05-02 12:47:35,stallRate,134.086999893188,8.11219160424535,TheEmptinessMachine,BBR,L2A,HTTP/2
2025-05-02 12:47:37,stallRate,136.086999893188,7.98844928984439,TheEmptinessMachine,BBR,L2A,HTTP/2
2025-05-02 12:47:39,stallRate,138.086999893188,7.86833211049267,TheEmptinessMachine,BBR,L2A,HTTP/2
2025-05-02 12:47:41,stallRate,140.087999820709,7.7517806597527,TheEmptinessMachine,BBR,L2A,HTTP/2
2025-05-02 12:47:43,stallRate,142.086999893188,7.63786924950721,TheEmptinessMachine,BBR,L2A,HTTP/2
2025-05-02 12:47:45,stallRate,144.086999893188,7.52778467670934,TheEmptinessMachine,BBR,L2A,HTTP/2
2025-05-02 12:47:47,stallRate,146.087999820709,7.42087116354904,TheEmptinessMachine,BBR,L2A,HTTP/2
2025-05-02 12:47:49,stallRate,148.086999893188,7.31730885572414,TheEmptinessMachine,BBR,L2A,HTTP/2
2025-05-02 12:47:51,stallRate,150.086999893188,7.21588810801726,TheEmptinessMachine,BBR,L2A,HTTP/2
2025-05-02 12:47:53,stallRate,152.086999893188,7.11797589148551,TheEmptinessMachine,BBR,L2A,HTTP/2
2025-05-02 12:47:55,stallRate,154.087999820709,7.02235817902715,TheEmptinessMachine,BBR,L2A,HTTP/2
2025-05-02 12:47:57,stallRate,156.086999893188,6.92913946920813,TheEmptinessMachine,BBR,L2A,HTTP/2
2025-05-02 12:47:59,stallRate,158.086999893188,6.8384584000916,TheEmptinessMachine,BBR,L2A,HTTP/2
2025-05-02 12:48:01,stallRate,160.087999820709,6.93306725882609,TheEmptinessMachine,BBR,L2A,HTTP/2
2025-05-02 12:48:03,stallRate,162.087999820709,6.93306725882609,TheEmptinessMachine,BBR,L2A,HTTP/2
2025-05-02 12:48:05,stallRate,164.087999820709,6.93306725882609,TheEmptinessMachine,BBR,L2A,HTTP/2
2025-05-02 12:48:07,stallRate,166.086999893188,6.85898324254836,TheEmptinessMachine,BBR,L2A,HTTP/2
2025-05-02 12:48:09,stallRate,168.086999893188,6.77203011549646,TheEmptinessMachine,BBR,L2A,HTTP/2
2025-05-02 12:48:11,stallRate,170.086999893188,6.68728464544253,TheEmptinessMachine,BBR,L2A,HTTP/2
2025-05-02 12:48:13,stallRate,172.086999893188,6.60405828197266,TheEmptinessMachine,BBR,L2A,HTTP/2
2025-05-02 12:48:15,stallRate,174.086999893188,6.52329565472576,TheEmptinessMachine,BBR,L2A,HTTP/2
2025-05-02 12:48:17,stallRate,176.086999893188,6.44453289282524,TheEmptinessMachine,BBR,L2A,HTTP/2
2025-05-02 12:48:19,stallRate,178.087999820709,6.36788488443037,TheEmptinessMachine,BBR,L2A,HTTP/2
2025-05-02 12:48:21,stallRate,180.086999893188,6.29294777153085,TheEmptinessMachine,BBR,L2A,HTTP/2
2025-05-02 12:48:23,stallRate,182.086999893188,6.56609350089637,TheEmptinessMachine,BBR,L2A,HTTP/2
2025-05-02 12:48:25,stallRate,184.087999820709,6.77311083632886,TheEmptinessMachine,BBR,L2A,HTTP/2
2025-05-02 12:48:27,stallRate,186.086999893188,6.69590643470682,TheEmptinessMachine,BBR,L2A,HTTP/2
2025-05-02 12:48:29,stallRate,188.086999893188,6.62097781531142,TheEmptinessMachine,BBR,L2A,HTTP/2
2025-05-02 12:48:31,stallRate,190.087999820709,6.54709746885718,TheEmptinessMachine,BBR,L2A,HTTP/2
2025-05-02 12:48:33,stallRate,192.087999820709,6.47506205317264,TheEmptinessMachine,BBR,L2A,HTTP/2
2025-05-02 12:48:35,stallRate,194.087999820709,6.4042223182674,TheEmptinessMachine,BBR,L2A,HTTP/2
2025-05-02 12:48:39,stallRate,198.086999893188,6.77125165006176,TheEmptinessMachine,BBR,L2A,HTTP/2
2025-05-02 12:48:41,stallRate,200.086999893188,6.71183851733877,TheEmptinessMachine,BBR,L2A,HTTP/2
2025-05-02 12:48:43,stallRate,202.086999893188,6.6408944200055,TheEmptinessMachine,BBR,L2A,HTTP/2
2025-05-02 12:48:45,stallRate,204.087999820709,6.57147465605915,TheEmptinessMachine,BBR,L2A,HTTP/2
2025-05-02 12:48:47,stallRate,206.086999893188,6.56954232482708,TheEmptinessMachine,BBR,L2A,HTTP/2
2025-05-02 12:48:49,stallRate,208.087999820709,6.50174924193552,TheEmptinessMachine,BBR,L2A,HTTP/2
2025-05-02 12:48:51,stallRate,210.087999820709,6.43573125910874,TheEmptinessMachine,BBR,L2A,HTTP/2
2025-05-02 12:48:53,stallRate,212.087999820709,6.37073481068111,TheEmptinessMachine,BBR,L2A,HTTP/2
2025-05-02 12:48:55,stallRate,214.087999820709,6.30780875620637,TheEmptinessMachine,BBR,L2A,HTTP/2
2025-05-02 12:48:57,stallRate,216.086999893188,6.24552632138527,TheEmptinessMachine,BBR,L2A,HTTP/2
2025-05-02 12:49:24,stallRate,4.11699986457825,0.0,TheEmptinessMachine,BBR,L2A,HTTP/3
2025-05-02 12:49:26,stallRate,6.1159999370575,0.0,TheEmptinessMachine,BBR,L2A,HTTP/3
2025-05-02 12:49:32,stallRate,12.1159999370575,88.3384675120129,TheEmptinessMachine,BBR,L2A,HTTP/3
2025-05-02 12:49:34,stallRate,14.1159999370575,68.8470980405047,TheEmptinessMachine,BBR,L2A,HTTP/3
2025-05-02 12:49:36,stallRate,16.1159999370575,55.2276427570726,TheEmptinessMachine,BBR,L2A,HTTP/3
2025-05-02 12:49:38,stallRate,18.1159999370575,46.1185984898754,TheEmptinessMachine,BBR,L2A,HTTP/3
2025-05-02 12:49:40,stallRate,20.1159999370575,39.5953400352055,TheEmptinessMachine,BBR,L2A,HTTP/3
2025-05-02 12:49:42,stallRate,22.1159999370575,34.6928337214063,TheEmptinessMachine,BBR,L2A,HTTP/3
2025-05-02 12:49:44,stallRate,24.1159999370575,30.845902024642,TheEmptinessMachine,BBR,L2A,HTTP/3
2025-05-02 12:49:46,stallRate,26.1159999370575,27.7741290968524,TheEmptinessMachine,BBR,L2A,HTTP/3
2025-05-02 12:49:48,stallRate,28.1159999370575,25.264316667144,TheEmptinessMachine,BBR,L2A,HTTP/3
2025-05-02 12:49:50,stallRate,30.1159999370575,23.1717531518402,TheEmptinessMachine,BBR,L2A,HTTP/3
2025-05-02 12:49:52,stallRate,32.1159999370575,21.3996460853523,TheEmptinessMachine,BBR,L2A,HTTP/3
2025-05-02 12:49:54,stallRate,34.1159999370575,19.881325706006,TheEmptinessMachine,BBR,L2A,HTTP/3
2025-05-02 12:49:56,stallRate,36.1159999370575,18.5577870773745,TheEmptinessMachine,BBR,L2A,HTTP/3
2025-05-02 12:50:02,stallRate,42.1159999370575,25.9315283090874,TheEmptinessMachine,BBR,L2A,HTTP/3
2025-05-02 12:50:04,stallRate,44.1159999370575,24.8670249152227,TheEmptinessMachine,BBR,L2A,HTTP/3
2025-05-02 12:50:06,stallRate,46.1159999370575,23.6294209390582,TheEmptinessMachine,BBR,L2A,HTTP/3
2025-05-02 12:50:10,stallRate,50.1159999370575,27.4061486356574,TheEmptinessMachine,BBR,L2A,HTTP/3
2025-05-02 12:50:12,stallRate,52.1159999370575,26.2208199838784,TheEmptinessMachine,BBR,L2A,HTTP/3
2025-05-02 12:50:14,stallRate,54.1159999370575,25.129332123141,TheEmptinessMachine,BBR,L2A,HTTP/3
2025-05-02 12:50:16,stallRate,56.1159999370575,24.1259816630829,TheEmptinessMachine,BBR,L2A,HTTP/3
2025-05-02 12:50:18,stallRate,58.1159999370575,23.2010301521034,TheEmptinessMachine,BBR,L2A,HTTP/3
2025-05-02 12:50:20,stallRate,60.1159999370575,22.3445372601882,TheEmptinessMachine,BBR,L2A,HTTP/3
2025-05-02 12:50:22,stallRate,62.1159999370575,21.5489195706418,TheEmptinessMachine,BBR,L2A,HTTP/3
2025-05-02 12:50:24,stallRate,64.1159999370575,20.8065803858587,TheEmptinessMachine,BBR,L2A,HTTP/3
2025-05-02 12:50:26,stallRate,66.1159999370575,20.1167213496956,TheEmptinessMachine,BBR,L2A,HTTP/3
2025-05-02 12:50:28,stallRate,68.1159999370575,19.4671543243303,TheEmptinessMachine,BBR,L2A,HTTP/3
2025-05-02 12:50:30,stallRate,70.1159999370575,18.8549843590328,TheEmptinessMachine,BBR,L2A,HTTP/3
2025-05-02 12:50:32,stallRate,72.1159999370575,18.2861502560121,TheEmptinessMachine,BBR,L2A,HTTP/3
2025-05-02 12:50:34,stallRate,74.1159999370575,17.7508520068696,TheEmptinessMachine,BBR,L2A,HTTP/3
2025-05-02 12:50:36,stallRate,76.1159999370575,17.2422514202049,TheEmptinessMachine,BBR,L2A,HTTP/3
2025-05-02 12:50:38,stallRate,78.1159999370575,16.7638290653714,TheEmptinessMachine,BBR,L2A,HTTP/3
2025-05-02 12:50:40,stallRate,80.1159999370575,16.3118588947676,TheEmptinessMachine,BBR,L2A,HTTP/3
2025-05-02 12:50:42,stallRate,82.1159999370575,15.8845498709044,TheEmptinessMachine,BBR,L2A,HTTP/3
2025-05-02 12:50:44,stallRate,84.1159999370575,15.4763637425099,TheEmptinessMachine,BBR,L2A,HTTP/3
2025-05-02 12:50:46,stallRate,86.1159999370575,15.0911592916372,TheEmptinessMachine,BBR,L2A,HTTP/3
2025-05-02 12:50:48,stallRate,88.1159999370575,14.7238599120922,TheEmptinessMachine,BBR,L2A,HTTP/3
2025-05-02 12:50:50,stallRate,90.1159999370575,14.3732966895029,TheEmptinessMachine,BBR,L2A,HTTP/3
2025-05-02 12:50:54,stallRate,94.1159999370575,15.9815102822683,TheEmptinessMachine,BBR,L2A,HTTP/3
2025-05-02 12:50:56,stallRate,96.1159999370575,15.6269997641045,TheEmptinessMachine,BBR,L2A,HTTP/3
2025-05-02 12:50:58,stallRate,98.1159999370575,15.2881766157686,TheEmptinessMachine,BBR,L2A,HTTP/3
2025-05-02 12:51:00,stallRate,100.115999937057,14.9638213278144,TheEmptinessMachine,BBR,L2A,HTTP/3
2025-05-02 12:51:02,stallRate,102.115999937057,14.6511518826933,TheEmptinessMachine,BBR,L2A,HTTP/3
2025-05-02 12:51:04,stallRate,104.115999937057,14.3517936809592,TheEmptinessMachine,BBR,L2A,HTTP/3
2025-05-02 12:51:06,stallRate,106.115999937057,14.0651090162294,TheEmptinessMachine,BBR,L2A,HTTP/3
2025-05-02 12:51:08,stallRate,108.115999937057,13.7898226844663,TheEmptinessMachine,BBR,L2A,HTTP/3
2025-05-02 12:51:10,stallRate,110.115999937057,13.5253377516232,TheEmptinessMachine,BBR,L2A,HTTP/3
2025-05-02 12:51:12,stallRate,112.115999937057,13.2703411189828,TheEmptinessMachine,BBR,L2A,HTTP/3
2025-05-02 12:51:14,stallRate,114.115999937057,13.0257565047781,TheEmptinessMachine,BBR,L2A,HTTP/3
2025-05-02 12:51:16,stallRate,116.115999937057,12.7884988172569,TheEmptinessMachine,BBR,L2A,HTTP/3
2025-05-02 12:51:18,stallRate,118.115999937057,12.5587683558076,TheEmptinessMachine,BBR,L2A,HTTP/3
2025-05-02 12:51:20,stallRate,120.115999937057,12.3390864762862,TheEmptinessMachine,BBR,L2A,HTTP/3
2025-05-02 12:51:22,stallRate,122.115999937057,12.1272342547145,TheEmptinessMachine,BBR,L2A,HTTP/3
2025-05-02 12:51:24,stallRate,124.115999937057,11.9208957302755,TheEmptinessMachine,BBR,L2A,HTTP/3
2025-05-02 12:51:26,stallRate,126.115999937057,11.7223867081833,TheEmptinessMachine,BBR,L2A,HTTP/3
2025-05-02 12:51:28,stallRate,128.115999937057,11.5305105538181,TheEmptinessMachine,BBR,L2A,HTTP/3
2025-05-02 12:51:30,stallRate,130.115999937057,11.3451024235564,TheEmptinessMachine,BBR,L2A,HTTP/3
2025-05-02 12:51:32,stallRate,132.115999937057,11.1646254087203,TheEmptinessMachine,BBR,L2A,HTTP/3
2025-05-02 12:51:34,stallRate,134.115999937057,10.9899274472619,TheEmptinessMachine,BBR,L2A,HTTP/3
2025-05-02 12:51:36,stallRate,136.115999937057,10.821822475221,TheEmptinessMachine,BBR,L2A,HTTP/3
2025-05-02 12:51:38,stallRate,138.115999937057,10.6578705816125,TheEmptinessMachine,BBR,L2A,HTTP/3
2025-05-02 12:51:40,stallRate,140.115999937057,10.4990347588393,TheEmptinessMachine,BBR,L2A,HTTP/3
2025-05-02 12:51:42,stallRate,142.115999937057,10.344532283252,TheEmptinessMachine,BBR,L2A,HTTP/3
2025-05-02 12:51:44,stallRate,144.115999937057,10.1952318563891,TheEmptinessMachine,BBR,L2A,HTTP/3
2025-05-02 12:51:46,stallRate,146.115999937057,10.0491893934052,TheEmptinessMachine,BBR,L2A,HTTP/3
2025-05-02 12:51:50,stallRate,150.115999937057,10.7526249884764,TheEmptinessMachine,BBR,L2A,HTTP/3
2025-05-02 12:51:52,stallRate,152.115999937057,10.6056157644745,TheEmptinessMachine,BBR,L2A,HTTP/3
2025-05-02 12:51:54,stallRate,154.115999937057,10.462027773129,TheEmptinessMachine,BBR,L2A,HTTP/3
2025-05-02 12:51:56,stallRate,156.115999937057,10.3230702208072,TheEmptinessMachine,BBR,L2A,HTTP/3
2025-05-02 12:51:58,stallRate,158.115999937057,10.1878760347409,TheEmptinessMachine,BBR,L2A,HTTP/3
2025-05-02 12:52:00,stallRate,160.116999864578,10.0549803873711,TheEmptinessMachine,BBR,L2A,HTTP/3
2025-05-02 12:52:02,stallRate,162.115999937057,9.92688602976916,TheEmptinessMachine,BBR,L2A,HTTP/3
2025-05-02 12:52:04,stallRate,164.115999937057,9.80121977376218,TheEmptinessMachine,BBR,L2A,HTTP/3
2025-05-02 12:52:06,stallRate,166.115999937057,9.67876186994643,TheEmptinessMachine,BBR,L2A,HTTP/3
2025-05-02 12:52:08,stallRate,168.115000009537,9.55878861876037,TheEmptinessMachine,BBR,L2A,HTTP/3
2025-05-02 12:52:10,stallRate,170.115999937057,9.44195320813071,TheEmptinessMachine,BBR,L2A,HTTP/3
2025-05-02 12:52:12,stallRate,172.115999937057,9.32776547526373,TheEmptinessMachine,BBR,L2A,HTTP/3
2025-05-02 12:52:14,stallRate,174.115999937057,9.24562668567298,TheEmptinessMachine,BBR,L2A,HTTP/3
2025-05-02 12:52:16,stallRate,176.115999937057,9.13739408429456,TheEmptinessMachine,BBR,L2A,HTTP/3
2025-05-02 12:52:18,stallRate,178.115999937057,9.03114816064696,TheEmptinessMachine,BBR,L2A,HTTP/3
2025-05-02 12:52:20,stallRate,180.115999937057,8.92685380133494,TheEmptinessMachine,BBR,L2A,HTTP/3
2025-05-02 12:52:22,stallRate,182.115999937057,8.82577350615284,TheEmptinessMachine,BBR,L2A,HTTP/3
2025-05-02 12:52:24,stallRate,184.115999937057,8.72672231803722,TheEmptinessMachine,BBR,L2A,HTTP/3
2025-05-02 12:52:26,stallRate,186.115999937057,8.62964257954292,TheEmptinessMachine,BBR,L2A,HTTP/3
2025-05-02 12:52:28,stallRate,188.115999937057,8.53542653885737,TheEmptinessMachine,BBR,L2A,HTTP/3
2025-05-02 12:52:30,stallRate,190.115999937057,8.44258023692524,TheEmptinessMachine,BBR,L2A,HTTP/3
2025-05-02 12:52:32,stallRate,192.115999937057,8.35182511945336,TheEmptinessMachine,BBR,L2A,HTTP/3
2025-05-02 12:52:34,stallRate,194.115999937057,8.26258934439604,TheEmptinessMachine,BBR,L2A,HTTP/3
2025-05-02 12:52:36,stallRate,196.115999937057,8.17618227558336,TheEmptinessMachine,BBR,L2A,HTTP/3
2025-05-02 12:52:40,stallRate,200.115999937057,9.11459381022851,TheEmptinessMachine,BBR,L2A,HTTP/3
2025-05-02 12:52:42,stallRate,202.115999937057,9.02172654836028,TheEmptinessMachine,BBR,L2A,HTTP/3
2025-05-02 12:52:50,stallRate,210.115999937057,9.14418903979898,TheEmptinessMachine,BBR,L2A,HTTP/3
2025-05-02 12:53:23,stallRate,4.29299998283386,0.0,TheEmptinessMachine,BBR,RB,HTTP/1.1
2025-05-02 12:53:25,stallRate,6.29299998283386,0.0,TheEmptinessMachine,BBR,RB,HTTP/1.1
2025-05-02 12:53:27,stallRate,8.29299998283386,0.0,TheEmptinessMachine,BBR,RB,HTTP/1.1
2025-05-02 12:53:33,stallRate,14.2929999828339,0.0,TheEmptinessMachine,BBR,RB,HTTP/1.1
2025-05-02 12:53:39,stallRate,20.2929999828339,0.0,TheEmptinessMachine,BBR,RB,HTTP/1.1
2025-05-02 12:53:41,stallRate,22.2929999828339,0.0,TheEmptinessMachine,BBR,RB,HTTP/1.1
2025-05-02 12:53:43,stallRate,24.2929999828339,0.0,TheEmptinessMachine,BBR,RB,HTTP/1.1
2025-05-02 12:53:45,stallRate,26.2929999828339,0.0,TheEmptinessMachine,BBR,RB,HTTP/1.1
2025-05-02 12:53:47,stallRate,28.2929999828339,0.500300180205353,TheEmptinessMachine,BBR,RB,HTTP/1.1
2025-05-02 12:53:49,stallRate,30.2929999828339,0.464267532097097,TheEmptinessMachine,BBR,RB,HTTP/1.1
2025-05-02 12:53:51,stallRate,32.2929999828339,0.432876114788721,TheEmptinessMachine,BBR,RB,HTTP/1.1
2025-05-02 12:53:53,stallRate,34.2929999828339,0.405646171268713,TheEmptinessMachine,BBR,RB,HTTP/1.1
2025-05-02 12:53:55,stallRate,36.2929999828339,0.381532756575237,TheEmptinessMachine,BBR,RB,HTTP/1.1
2025-05-02 12:53:57,stallRate,38.2929999828339,0.360141903029896,TheEmptinessMachine,BBR,RB,HTTP/1.1
2025-05-02 12:53:59,stallRate,40.2929999828339,0.34094004128279,TheEmptinessMachine,BBR,RB,HTTP/1.1
2025-05-02 12:54:01,stallRate,42.2929999828339,0.323717267091814,TheEmptinessMachine,BBR,RB,HTTP/1.1
2025-05-02 12:54:03,stallRate,44.2929999828339,0.30826865292217,TheEmptinessMachine,BBR,RB,HTTP/1.1
2025-05-02 12:54:05,stallRate,46.2950000762939,0.294121295055512,TheEmptinessMachine,BBR,RB,HTTP/1.1
2025-05-02 12:54:07,stallRate,48.2929999828339,0.281259279058699,TheEmptinessMachine,BBR,RB,HTTP/1.1
2025-05-02 12:54:09,stallRate,50.2929999828339,0.269477289941726,TheEmptinessMachine,BBR,RB,HTTP/1.1
2025-05-02 12:54:11,stallRate,52.2929999828339,0.258664703228235,TheEmptinessMachine,BBR,RB,HTTP/1.1
2025-05-02 12:54:13,stallRate,54.2929999828339,0.248616896194566,TheEmptinessMachine,BBR,RB,HTTP/1.1
2025-05-02 12:54:15,stallRate,56.2929999828339,0.239389205323407,TheEmptinessMachine,BBR,RB,HTTP/1.1
2025-05-02 12:54:17,stallRate,58.2929999828339,0.230790020450978,TheEmptinessMachine,BBR,RB,HTTP/1.1
2025-05-02 12:54:19,stallRate,60.2929999828339,0.222775441889161,TheEmptinessMachine,BBR,RB,HTTP/1.1
2025-05-02 12:54:21,stallRate,62.2929999828339,0.215306402653678,TheEmptinessMachine,BBR,RB,HTTP/1.1
2025-05-02 12:54:23,stallRate,64.2929999828339,0.20833770206479,TheEmptinessMachine,BBR,RB,HTTP/1.1
2025-05-02 12:54:25,stallRate,66.2929999828339,0.201805318152576,TheEmptinessMachine,BBR,RB,HTTP/1.1
2025-05-02 12:54:27,stallRate,68.2929999828339,0.195636220836471,TheEmptinessMachine,BBR,RB,HTTP/1.1
2025-05-02 12:54:29,stallRate,70.2929999828339,0.18988919349713,TheEmptinessMachine,BBR,RB,HTTP/1.1
2025-05-02 12:54:31,stallRate,72.2929999828339,0.184425584365231,TheEmptinessMachine,BBR,RB,HTTP/1.1
2025-05-02 12:54:33,stallRate,74.2929999828339,0.179271765078415,TheEmptinessMachine,BBR,RB,HTTP/1.1
2025-05-02 12:54:35,stallRate,76.2929999828339,0.8205958083243,TheEmptinessMachine,BBR,RB,HTTP/1.1
2025-05-02 12:54:37,stallRate,78.2929999828339,0.798952799873878,TheEmptinessMachine,BBR,RB,HTTP/1.1
2025-05-02 12:54:39,stallRate,80.2929999828339,0.778325324802367,TheEmptinessMachine,BBR,RB,HTTP/1.1
2025-05-02 12:54:41,stallRate,82.2929999828339,0.758874410752191,TheEmptinessMachine,BBR,RB,HTTP/1.1
2025-05-02 12:54:43,stallRate,84.2929999828339,0.740272585337349,TheEmptinessMachine,BBR,RB,HTTP/1.1
2025-05-02 12:54:45,stallRate,86.2929999828339,0.722574240064217,TheEmptinessMachine,BBR,RB,HTTP/1.1
2025-05-02 12:54:47,stallRate,88.2929999828339,0.705740190264526,TheEmptinessMachine,BBR,RB,HTTP/1.1
2025-05-02 12:54:49,stallRate,90.2929999828339,0.689660737492234,TheEmptinessMachine,BBR,RB,HTTP/1.1
2025-05-02 12:54:51,stallRate,92.2929999828339,0.674297484067356,TheEmptinessMachine,BBR,RB,HTTP/1.1
2025-05-02 12:54:53,stallRate,94.2929999828339,0.659626081546618,TheEmptinessMachine,BBR,RB,HTTP/1.1
2025-05-02 12:54:55,stallRate,96.2929999828339,0.645564477994161,TheEmptinessMachine,BBR,RB,HTTP/1.1
2025-05-02 12:54:57,stallRate,98.2929999828339,0.632015859452516,TheEmptinessMachine,BBR,RB,HTTP/1.1
2025-05-02 12:54:59,stallRate,100.292999982834,0.619155160268097,TheEmptinessMachine,BBR,RB,HTTP/1.1
2025-05-02 12:55:01,stallRate,102.292999982834,0.606698717345907,TheEmptinessMachine,BBR,RB,HTTP/1.1
2025-05-02 12:55:03,stallRate,104.292999982834,0.59474687273709,TheEmptinessMachine,BBR,RB,HTTP/1.1
2025-05-02 12:55:05,stallRate,106.292999982834,0.583313349456095,TheEmptinessMachine,BBR,RB,HTTP/1.1
2025-05-02 12:55:07,stallRate,108.292999982834,0.572263855881288,TheEmptinessMachine,BBR,RB,HTTP/1.1
2025-05-02 12:55:09,stallRate,110.292999982834,0.561634881860325,TheEmptinessMachine,BBR,RB,HTTP/1.1
2025-05-02 12:55:11,stallRate,112.292999982834,0.551377269986686,TheEmptinessMachine,BBR,RB,HTTP/1.1
2025-05-02 12:55:13,stallRate,114.292999982834,0.541537808553312,TheEmptinessMachine,BBR,RB,HTTP/1.1
2025-05-02 12:55:15,stallRate,116.292999982834,0.53197700498824,TheEmptinessMachine,BBR,RB,HTTP/1.1
2025-05-02 12:55:17,stallRate,118.292999982834,0.522798102446754,TheEmptinessMachine,BBR,RB,HTTP/1.1
2025-05-02 12:55:19,stallRate,120.292999982834,0.513904433164625,TheEmptinessMachine,BBR,RB,HTTP/1.1
2025-05-02 12:55:21,stallRate,122.292999982834,0.505314650565121,TheEmptinessMachine,BBR,RB,HTTP/1.1
2025-05-02 12:55:23,stallRate,124.292999982834,0.496989526224393,TheEmptinessMachine,BBR,RB,HTTP/1.1
2025-05-02 12:55:25,stallRate,126.292999982834,0.488977055258936,TheEmptinessMachine,BBR,RB,HTTP/1.1
2025-05-02 12:55:27,stallRate,128.292999982834,0.481216607678467,TheEmptinessMachine,BBR,RB,HTTP/1.1
2025-05-02 12:55:29,stallRate,130.292999982834,0.47370112981781,TheEmptinessMachine,BBR,RB,HTTP/1.1
2025-05-02 12:55:31,stallRate,132.292999982834,0.466366148700296,TheEmptinessMachine,BBR,RB,HTTP/1.1
2025-05-02 12:55:33,stallRate,134.292999982834,0.459263447632956,TheEmptinessMachine,BBR,RB,HTTP/1.1
2025-05-02 12:55:35,stallRate,136.292999982834,0.452418494468071,TheEmptinessMachine,BBR,RB,HTTP/1.1
2025-05-02 12:55:37,stallRate,138.299000024796,0.445722324283429,TheEmptinessMachine,BBR,RB,HTTP/1.1
2025-05-02 12:55:39,stallRate,140.292999982834,0.43926829856347,TheEmptinessMachine,BBR,RB,HTTP/1.1
2025-05-02 12:55:41,stallRate,142.292999982834,0.432962782789344,TheEmptinessMachine,BBR,RB,HTTP/1.1
2025-05-02 12:55:43,stallRate,144.292999982834,0.426873653653307,TheEmptinessMachine,BBR,RB,HTTP/1.1
2025-05-02 12:55:45,stallRate,146.292999982834,0.420947644872692,TheEmptinessMachine,BBR,RB,HTTP/1.1
2025-05-02 12:55:47,stallRate,148.292999982834,0.415155043069773,TheEmptinessMachine,BBR,RB,HTTP/1.1
2025-05-02 12:55:49,stallRate,150.294000148773,0.409549338911451,TheEmptinessMachine,BBR,RB,HTTP/1.1
2025-05-02 12:55:51,stallRate,152.292999982834,0.404098261038863,TheEmptinessMachine,BBR,RB,HTTP/1.1
2025-05-02 12:55:53,stallRate,154.292999982834,0.398770313736476,TheEmptinessMachine,BBR,RB,HTTP/1.1
2025-05-02 12:55:55,stallRate,156.292999982834,0.393568285121444,TheEmptinessMachine,BBR,RB,HTTP/1.1
2025-05-02 12:55:57,stallRate,158.292999982834,0.388505801640146,TheEmptinessMachine,BBR,RB,HTTP/1.1
2025-05-02 12:55:59,stallRate,160.292999982834,0.383576898129491,TheEmptinessMachine,BBR,RB,HTTP/1.1
2025-05-02 12:56:01,stallRate,162.292999982834,0.378752635023222,TheEmptinessMachine,BBR,RB,HTTP/1.1
2025-05-02 12:56:03,stallRate,164.292999982834,0.374079480954549,TheEmptinessMachine,BBR,RB,HTTP/1.1
2025-05-02 12:56:05,stallRate,166.292999982834,0.369494311395833,TheEmptinessMachine,BBR,RB,HTTP/1.1
2025-05-02 12:56:07,stallRate,168.292999982834,0.365033856751618,TheEmptinessMachine,BBR,RB,HTTP/1.1
2025-05-02 12:56:09,stallRate,170.292999982834,0.360682864384108,TheEmptinessMachine,BBR,RB,HTTP/1.1
2025-05-02 12:56:11,stallRate,172.292999982834,0.356420129567251,TheEmptinessMachine,BBR,RB,HTTP/1.1
2025-05-02 12:56:13,stallRate,174.292999982834,0.352259002364381,TheEmptinessMachine,BBR,RB,HTTP/1.1
2025-05-02 12:56:15,stallRate,176.292999982834,0.348199962822434,TheEmptinessMachine,BBR,RB,HTTP/1.1
2025-05-02 12:56:17,stallRate,178.292999982834,0.344222675569981,TheEmptinessMachine,BBR,RB,HTTP/1.1
2025-05-02 12:56:19,stallRate,180.292999982834,0.340357371822065,TheEmptinessMachine,BBR,RB,HTTP/1.1
2025-05-02 12:56:21,stallRate,182.292999982834,0.336560247397255,TheEmptinessMachine,BBR,RB,HTTP/1.1
2025-05-02 12:56:23,stallRate,184.292999982834,0.33285318391637,TheEmptinessMachine,BBR,RB,HTTP/1.1
2025-05-02 12:56:25,stallRate,186.294000148773,0.329229293402637,TheEmptinessMachine,BBR,RB,HTTP/1.1
2025-05-02 12:56:27,stallRate,188.292999982834,0.325689891953642,TheEmptinessMachine,BBR,RB,HTTP/1.1
2025-05-02 12:56:29,stallRate,190.292999982834,0.322217749988898,TheEmptinessMachine,BBR,RB,HTTP/1.1
2025-05-02 12:56:31,stallRate,192.294000148773,0.318810826887502,TheEmptinessMachine,BBR,RB,HTTP/1.1
2025-05-02 12:56:33,stallRate,194.292999982834,0.315482230588299,TheEmptinessMachine,BBR,RB,HTTP/1.1
2025-05-02 12:56:35,stallRate,196.292999982834,0.312228677260643,TheEmptinessMachine,BBR,RB,HTTP/1.1
2025-05-02 12:56:37,stallRate,198.292999982834,0.30903965250656,TheEmptinessMachine,BBR,RB,HTTP/1.1
2025-05-02 12:56:39,stallRate,200.292999982834,0.305917757092436,TheEmptinessMachine,BBR,RB,HTTP/1.1
2025-05-02 12:56:41,stallRate,202.292999982834,0.302845810428992,TheEmptinessMachine,BBR,RB,HTTP/1.1
2025-05-02 12:56:43,stallRate,204.292999982834,0.299853004980847,TheEmptinessMachine,BBR,RB,HTTP/1.1
2025-05-02 12:56:45,stallRate,206.292999982834,0.296900931712057,TheEmptinessMachine,BBR,RB,HTTP/1.1
2025-05-02 12:57:28,stallRate,6.09999990463257,0.0,TheEmptinessMachine,BBR,RB,HTTP/2
2025-05-02 12:57:30,stallRate,8.09999990463257,0.0,TheEmptinessMachine,BBR,RB,HTTP/2
2025-05-02 12:57:32,stallRate,10.0999999046326,0.0,TheEmptinessMachine,BBR,RB,HTTP/2
2025-05-02 12:57:34,stallRate,12.0999999046326,0.0,TheEmptinessMachine,BBR,RB,HTTP/2
2025-05-02 12:57:58,stallRate,36.0999999046326,168.50110539448,TheEmptinessMachine,BBR,RB,HTTP/2
2025-05-02 12:58:00,stallRate,38.0999999046326,147.145562411758,TheEmptinessMachine,BBR,RB,HTTP/2
2025-05-02 12:58:02,stallRate,40.0999999046326,130.743609871107,TheEmptinessMachine,BBR,RB,HTTP/2
2025-05-02 12:58:04,stallRate,42.0999999046326,117.907894424595,TheEmptinessMachine,BBR,RB,HTTP/2
2025-05-02 12:58:06,stallRate,44.0999999046326,107.124161728071,TheEmptinessMachine,BBR,RB,HTTP/2
2025-05-02 12:58:08,stallRate,46.0999999046326,98.2019385017001,TheEmptinessMachine,BBR,RB,HTTP/2
2025-05-02 12:58:10,stallRate,48.0999999046326,90.6664361895105,TheEmptinessMachine,BBR,RB,HTTP/2
2025-05-02 12:58:12,stallRate,50.1040000915527,84.1635331395426,TheEmptinessMachine,BBR,RB,HTTP/2
2025-05-02 12:58:14,stallRate,52.0999999046326,78.5465642300061,TheEmptinessMachine,BBR,RB,HTTP/2
2025-05-02 12:58:16,stallRate,54.0999999046326,73.6071381213812,TheEmptinessMachine,BBR,RB,HTTP/2
2025-05-02 12:58:18,stallRate,56.0999999046326,69.2733262058457,TheEmptinessMachine,BBR,RB,HTTP/2
2025-05-02 12:58:20,stallRate,58.0999999046326,65.3954629753402,TheEmptinessMachine,BBR,RB,HTTP/2
2025-05-02 12:58:24,stallRate,62.0999999046326,62.3044682008602,TheEmptinessMachine,BBR,RB,HTTP/2
2025-05-02 12:58:26,stallRate,64.0999999046326,59.325433028317,TheEmptinessMachine,BBR,RB,HTTP/2
2025-05-02 12:58:28,stallRate,66.0999999046326,56.6206348372615,TheEmptinessMachine,BBR,RB,HTTP/2
2025-05-02 12:58:32,stallRate,70.0999999046326,51.8803170178064,TheEmptinessMachine,BBR,RB,HTTP/2
2025-05-02 12:58:34,stallRate,72.0999999046326,49.8034820168696,TheEmptinessMachine,BBR,RB,HTTP/2
2025-05-02 12:58:36,stallRate,74.1010000705719,47.8783161768525,TheEmptinessMachine,BBR,RB,HTTP/2
2025-05-02 12:58:38,stallRate,76.0999999046326,46.100462997911,TheEmptinessMachine,BBR,RB,HTTP/2
2025-05-02 12:58:40,stallRate,78.0999999046326,44.4423377041189,TheEmptinessMachine,BBR,RB,HTTP/2
2025-05-02 12:58:42,stallRate,80.0999999046326,42.9099960161087,TheEmptinessMachine,BBR,RB,HTTP/2
2025-05-02 12:58:44,stallRate,82.0999999046326,41.4809811986923,TheEmptinessMachine,BBR,RB,HTTP/2
2025-05-02 12:58:46,stallRate,84.0999999046326,40.133047245356,TheEmptinessMachine,BBR,RB,HTTP/2
2025-05-02 12:58:48,stallRate,86.0999999046326,38.8759612415055,TheEmptinessMachine,BBR,RB,HTTP/2
2025-05-02 12:58:50,stallRate,88.0999999046326,37.6885851551088,TheEmptinessMachine,BBR,RB,HTTP/2
2025-05-02 12:58:52,stallRate,90.0999999046326,36.586071951362,TheEmptinessMachine,BBR,RB,HTTP/2
2025-05-02 12:58:54,stallRate,92.0999999046326,35.5359319092952,TheEmptinessMachine,BBR,RB,HTTP/2
2025-05-02 12:58:56,stallRate,94.0999999046326,34.5510263863605,TheEmptinessMachine,BBR,RB,HTTP/2
2025-05-02 12:58:58,stallRate,96.0999999046326,33.6157154683404,TheEmptinessMachine,BBR,RB,HTTP/2
2025-05-02 12:59:00,stallRate,98.0999999046326,32.7275934793721,TheEmptinessMachine,BBR,RB,HTTP/2
2025-05-02 12:59:02,stallRate,100.099999904633,31.8917262226665,TheEmptinessMachine,BBR,RB,HTTP/2
2025-05-02 12:59:04,stallRate,102.099999904633,31.0912739135849,TheEmptinessMachine,BBR,RB,HTTP/2
2025-05-02 12:59:06,stallRate,104.099999904633,30.3314659431992,TheEmptinessMachine,BBR,RB,HTTP/2
2025-05-02 12:59:08,stallRate,106.099999904633,29.6046074234425,TheEmptinessMachine,BBR,RB,HTTP/2
2025-05-02 12:59:10,stallRate,108.099999904633,28.9191166631821,TheEmptinessMachine,BBR,RB,HTTP/2
2025-05-02 12:59:12,stallRate,110.099999904633,28.2588556038105,TheEmptinessMachine,BBR,RB,HTTP/2
2025-05-02 12:59:14,stallRate,112.099999904633,27.6286432232793,TheEmptinessMachine,BBR,RB,HTTP/2
2025-05-02 12:59:16,stallRate,114.099999904633,27.0272299769971,TheEmptinessMachine,BBR,RB,HTTP/2
2025-05-02 12:59:18,stallRate,116.099999904633,26.4520166806196,TheEmptinessMachine,BBR,RB,HTTP/2
2025-05-02 12:59:20,stallRate,118.099999904633,25.897491946605,TheEmptinessMachine,BBR,RB,HTTP/2
2025-05-02 12:59:22,stallRate,120.099999904633,25.3700880202686,TheEmptinessMachine,BBR,RB,HTTP/2
2025-05-02 12:59:24,stallRate,122.099999904633,24.8616581467312,TheEmptinessMachine,BBR,RB,HTTP/2
2025-05-02 12:59:26,stallRate,124.099999904633,24.3732140816314,TheEmptinessMachine,BBR,RB,HTTP/2
2025-05-02 12:59:28,stallRate,126.099999904633,23.9042918302321,TheEmptinessMachine,BBR,RB,HTTP/2
2025-05-02 12:59:30,stallRate,128.099999904633,23.4531992216624,TheEmptinessMachine,BBR,RB,HTTP/2
2025-05-02 12:59:32,stallRate,130.099999904633,23.0189363725418,TheEmptinessMachine,BBR,RB,HTTP/2
2025-05-02 12:59:34,stallRate,132.099999904633,22.5993572060717,TheEmptinessMachine,BBR,RB,HTTP/2
2025-05-02 12:59:36,stallRate,134.099999904633,22.1965394804861,TheEmptinessMachine,BBR,RB,HTTP/2
2025-05-02 12:59:38,stallRate,136.099999904633,21.805573284662,TheEmptinessMachine,BBR,RB,HTTP/2
2025-05-02 12:59:40,stallRate,138.099999904633,21.4318289745297,TheEmptinessMachine,BBR,RB,HTTP/2
2025-05-02 12:59:42,stallRate,140.099999904633,21.0672425052215,TheEmptinessMachine,BBR,RB,HTTP/2
2025-05-02 12:59:44,stallRate,142.099999904633,20.7169238320422,TheEmptinessMachine,BBR,RB,HTTP/2
2025-05-02 12:59:46,stallRate,144.099999904633,20.3766711507446,TheEmptinessMachine,BBR,RB,HTTP/2
2025-05-02 12:59:48,stallRate,146.099999904633,20.0489693303425,TheEmptinessMachine,BBR,RB,HTTP/2
2025-05-02 12:59:50,stallRate,148.099999904633,19.731513118536,TheEmptinessMachine,BBR,RB,HTTP/2
2025-05-02 12:59:52,stallRate,150.099999904633,19.4208859586273,TheEmptinessMachine,BBR,RB,HTTP/2
2025-05-02 12:59:54,stallRate,152.099999904633,19.1215745804022,TheEmptinessMachine,BBR,RB,HTTP/2
2025-05-02 12:59:56,stallRate,154.099999904633,18.8316584040377,TheEmptinessMachine,BBR,RB,HTTP/2
2025-05-02 12:59:58,stallRate,156.099999904633,18.5506394702997,TheEmptinessMachine,BBR,RB,HTTP/2
2025-05-02 13:00:00,stallRate,158.099999904633,18.2763743716999,TheEmptinessMachine,BBR,RB,HTTP/2
2025-05-02 13:00:02,stallRate,160.099999904633,18.0119407995123,TheEmptinessMachine,BBR,RB,HTTP/2
2025-05-02 13:00:04,stallRate,162.099999904633,17.7545901815444,TheEmptinessMachine,BBR,RB,HTTP/2
2025-05-02 13:00:06,stallRate,164.099999904633,17.5037651609191,TheEmptinessMachine,BBR,RB,HTTP/2
2025-05-02 13:00:08,stallRate,166.099999904633,17.258865670072,TheEmptinessMachine,BBR,RB,HTTP/2
2025-05-02 13:00:10,stallRate,168.099999904633,17.0226694834849,TheEmptinessMachine,BBR,RB,HTTP/2
2025-05-02 13:00:12,stallRate,170.099999904633,16.7920441431877,TheEmptinessMachine,BBR,RB,HTTP/2
2025-05-02 13:00:14,stallRate,172.099999904633,16.5676927221658,TheEmptinessMachine,BBR,RB,HTTP/2
2025-05-02 13:00:16,stallRate,174.099999904633,16.3499564195615,TheEmptinessMachine,BBR,RB,HTTP/2
2025-05-02 13:00:18,stallRate,176.099999904633,16.1376486989987,TheEmptinessMachine,BBR,RB,HTTP/2
2025-05-02 13:00:20,stallRate,178.099999904633,15.9308695377753,TheEmptinessMachine,BBR,RB,HTTP/2
2025-05-02 13:00:22,stallRate,180.099999904633,15.7287171854051,TheEmptinessMachine,BBR,RB,HTTP/2
2025-05-02 13:00:24,stallRate,182.099999904633,15.5325723446298,TheEmptinessMachine,BBR,RB,HTTP/2
2025-05-02 13:00:26,stallRate,184.099999904633,15.3400533514917,TheEmptinessMachine,BBR,RB,HTTP/2
2025-05-02 13:00:28,stallRate,186.099999904633,15.1533409264903,TheEmptinessMachine,BBR,RB,HTTP/2
2025-05-02 13:00:30,stallRate,188.099999904633,14.9703370448471,TheEmptinessMachine,BBR,RB,HTTP/2
2025-05-02 13:00:32,stallRate,190.099999904633,14.7919213312372,TheEmptinessMachine,BBR,RB,HTTP/2
2025-05-02 13:00:34,stallRate,192.099999904633,14.6170313108747,TheEmptinessMachine,BBR,RB,HTTP/2
2025-05-02 13:00:36,stallRate,194.099999904633,14.4473426296225,TheEmptinessMachine,BBR,RB,HTTP/2
2025-05-02 13:00:38,stallRate,196.099999904633,14.2816942775,TheEmptinessMachine,BBR,RB,HTTP/2
2025-05-02 13:00:40,stallRate,198.099999904633,14.1199822282468,TheEmptinessMachine,BBR,RB,HTTP/2
2025-05-02 13:00:42,stallRate,200.101000070572,13.9614680107208,TheEmptinessMachine,BBR,RB,HTTP/2
2025-05-02 13:00:44,stallRate,202.099999904633,13.8055871257149,TheEmptinessMachine,BBR,RB,HTTP/2
2025-05-02 13:00:46,stallRate,204.099999904633,13.6537844980812,TheEmptinessMachine,BBR,RB,HTTP/2
2025-05-02 13:00:48,stallRate,206.099999904633,13.5051012507658,TheEmptinessMachine,BBR,RB,HTTP/2
2025-05-02 13:00:50,stallRate,208.099999904633,13.3597644150549,TheEmptinessMachine,BBR,RB,HTTP/2
2025-05-02 13:00:52,stallRate,210.099999904633,13.2177332252228,TheEmptinessMachine,BBR,RB,HTTP/2
2025-05-02 13:00:54,stallRate,212.099999904633,13.0787011879435,TheEmptinessMachine,BBR,RB,HTTP/2
2025-05-02 13:00:56,stallRate,214.099999904633,12.941751478819,TheEmptinessMachine,BBR,RB,HTTP/2
2025-05-02 13:01:02,stallRate,220.099999904633,12.5492420510556,TheEmptinessMachine,BBR,RB,HTTP/2
2025-05-02 13:01:27,stallRate,4.10199999809265,0.0,TheEmptinessMachine,BBR,RB,HTTP/3
2025-05-02 13:01:29,stallRate,6.1010000705719,0.0,TheEmptinessMachine,BBR,RB,HTTP/3
2025-05-02 13:01:31,stallRate,8.1010000705719,0.0,TheEmptinessMachine,BBR,RB,HTTP/3
2025-05-02 13:01:33,stallRate,10.1010000705719,0.0,TheEmptinessMachine,BBR,RB,HTTP/3
2025-05-02 13:01:35,stallRate,12.1010000705719,0.0,TheEmptinessMachine,BBR,RB,HTTP/3
2025-05-02 13:01:39,stallRate,16.1010000705719,0.0,TheEmptinessMachine,BBR,RB,HTTP/3
2025-05-02 13:01:41,stallRate,18.1010000705719,0.0,TheEmptinessMachine,BBR,RB,HTTP/3
2025-05-02 13:01:43,stallRate,20.1010000705719,2.53197916019815,TheEmptinessMachine,BBR,RB,HTTP/3
2025-05-02 13:01:45,stallRate,22.1019999980927,2.24935975148348,TheEmptinessMachine,BBR,RB,HTTP/3
2025-05-02 13:01:47,stallRate,24.1010000705719,2.02322472554259,TheEmptinessMachine,BBR,RB,HTTP/3
2025-05-02 13:01:49,stallRate,26.1010000705719,1.83949446769048,TheEmptinessMachine,BBR,RB,HTTP/3
2025-05-02 13:01:51,stallRate,28.1010000705719,1.68538828409238,TheEmptinessMachine,BBR,RB,HTTP/3
2025-05-02 13:01:53,stallRate,30.1010000705719,1.55535187884484,TheEmptinessMachine,BBR,RB,HTTP/3
2025-05-02 13:01:55,stallRate,32.1010000705719,1.44397922066958,TheEmptinessMachine,BBR,RB,HTTP/3
2025-05-02 13:01:57,stallRate,34.1010000705719,1.34768796856035,TheEmptinessMachine,BBR,RB,HTTP/3
2025-05-02 13:01:59,stallRate,36.1010000705719,1.26289781609659,TheEmptinessMachine,BBR,RB,HTTP/3
2025-05-02 13:02:01,stallRate,38.1010000705719,1.18866360544827,TheEmptinessMachine,BBR,RB,HTTP/3
2025-05-02 13:02:03,stallRate,40.1010000705719,1.12247121394109,TheEmptinessMachine,BBR,RB,HTTP/3
2025-05-02 13:02:05,stallRate,42.1010000705719,1.06345878450008,TheEmptinessMachine,BBR,RB,HTTP/3
2025-05-02 13:02:07,stallRate,44.1010000705719,1.01006311830574,TheEmptinessMachine,BBR,RB,HTTP/3
2025-05-02 13:02:09,stallRate,46.1019999980927,0.961779435534783,TheEmptinessMachine,BBR,RB,HTTP/3
2025-05-02 13:02:11,stallRate,48.1010000705719,0.918030610650331,TheEmptinessMachine,BBR,RB,HTTP/3
2025-05-02 13:02:13,stallRate,50.1010000705719,0.878076808541353,TheEmptinessMachine,BBR,RB,HTTP/3
2025-05-02 13:02:15,stallRate,52.1010000705719,2.54714498397209,TheEmptinessMachine,BBR,RB,HTTP/3
2025-05-02 13:02:17,stallRate,54.1010000705719,2.44964368757068,TheEmptinessMachine,BBR,RB,HTTP/3
2025-05-02 13:02:27,stallRate,64.1010000705719,3.90119559035802,TheEmptinessMachine,BBR,RB,HTTP/3
2025-05-02 13:02:29,stallRate,66.1010000705719,3.76263636629228,TheEmptinessMachine,BBR,RB,HTTP/3
2025-05-02 13:02:31,stallRate,68.1010000705719,3.6336222971529,TheEmptinessMachine,BBR,RB,HTTP/3
2025-05-02 13:02:35,stallRate,72.1010000705719,3.39988501218855,TheEmptinessMachine,BBR,RB,HTTP/3
2025-05-02 13:02:37,stallRate,74.1010000705719,3.29337119832339,TheEmptinessMachine,BBR,RB,HTTP/3
2025-05-02 13:02:39,stallRate,76.1010000705719,3.19387076511539,TheEmptinessMachine,BBR,RB,HTTP/3
2025-05-02 13:02:41,stallRate,78.1010000705719,3.09994406075477,TheEmptinessMachine,BBR,RB,HTTP/3
2025-05-02 13:02:43,stallRate,80.1010000705719,3.01137025753741,TheEmptinessMachine,BBR,RB,HTTP/3
2025-05-02 13:02:45,stallRate,82.1010000705719,2.92808692723167,TheEmptinessMachine,BBR,RB,HTTP/3
2025-05-02 13:02:47,stallRate,84.1010000705719,2.84893511629595,TheEmptinessMachine,BBR,RB,HTTP/3
2025-05-02 13:02:49,stallRate,86.1010000705719,2.77361635759023,TheEmptinessMachine,BBR,RB,HTTP/3
2025-05-02 13:02:51,stallRate,88.1010000705719,2.70288714555531,TheEmptinessMachine,BBR,RB,HTTP/3
2025-05-02 13:02:53,stallRate,90.1010000705719,2.63510343608739,TheEmptinessMachine,BBR,RB,HTTP/3
2025-05-02 13:02:55,stallRate,92.1010000705719,2.57111450986264,TheEmptinessMachine,BBR,RB,HTTP/3
2025-05-02 13:02:57,stallRate,94.1010000705719,2.50994969879943,TheEmptinessMachine,BBR,RB,HTTP/3
2025-05-02 13:03:07,stallRate,104.101000070572,3.60042419734833,TheEmptinessMachine,BBR,RB,HTTP/3
2025-05-02 13:03:09,stallRate,106.101000070572,3.56360867941068,TheEmptinessMachine,BBR,RB,HTTP/3
2025-05-02 13:03:11,stallRate,108.101000070572,3.48516501363336,TheEmptinessMachine,BBR,RB,HTTP/3
2025-05-02 13:03:13,stallRate,110.101000070572,3.41016146319828,TheEmptinessMachine,BBR,RB,HTTP/3
2025-05-02 13:03:15,stallRate,112.101000070572,3.33798395833071,TheEmptinessMachine,BBR,RB,HTTP/3
2025-05-02 13:03:17,stallRate,114.101000070572,3.26919831403418,TheEmptinessMachine,BBR,RB,HTTP/3
2025-05-02 13:03:19,stallRate,116.101000070572,3.20325966692802,TheEmptinessMachine,BBR,RB,HTTP/3
2025-05-02 13:03:21,stallRate,118.101000070572,3.13971827457497,TheEmptinessMachine,BBR,RB,HTTP/3
2025-05-02 13:03:23,stallRate,120.101000070572,3.0784915077541,TheEmptinessMachine,BBR,RB,HTTP/3
2025-05-02 13:03:25,stallRate,122.101000070572,3.01966901590989,TheEmptinessMachine,BBR,RB,HTTP/3
2025-05-02 13:03:27,stallRate,124.101000070572,2.96286323234848,TheEmptinessMachine,BBR,RB,HTTP/3
2025-05-02 13:03:29,stallRate,126.101000070572,2.90854262887326,TheEmptinessMachine,BBR,RB,HTTP/3
2025-05-02 13:03:31,stallRate,128.101000070572,2.85624378544692,TheEmptinessMachine,BBR,RB,HTTP/3
2025-05-02 13:03:33,stallRate,130.101000070572,2.80534219910254,TheEmptinessMachine,BBR,RB,HTTP/3
2025-05-02 13:03:35,stallRate,132.101000070572,2.75645411073384,TheEmptinessMachine,BBR,RB,HTTP/3
2025-05-02 13:03:37,stallRate,134.101000070572,2.70928920249065,TheEmptinessMachine,BBR,RB,HTTP/3
2025-05-02 13:03:39,stallRate,136.101000070572,2.6637987821663,TheEmptinessMachine,BBR,RB,HTTP/3
2025-05-02 13:03:41,stallRate,138.101000070572,2.61974599521733,TheEmptinessMachine,BBR,RB,HTTP/3
2025-05-02 13:03:43,stallRate,140.101000070572,2.57715047535931,TheEmptinessMachine,BBR,RB,HTTP/3
2025-05-02 13:03:45,stallRate,142.101000070572,2.53594711761007,TheEmptinessMachine,BBR,RB,HTTP/3
2025-05-02 13:03:47,stallRate,144.101000070572,2.49601721769443,TheEmptinessMachine,BBR,RB,HTTP/3
2025-05-02 13:03:49,stallRate,146.101000070572,2.45730329688134,TheEmptinessMachine,BBR,RB,HTTP/3
2025-05-02 13:03:51,stallRate,148.101000070572,2.4197694199651,TheEmptinessMachine,BBR,RB,HTTP/3
2025-05-02 13:03:53,stallRate,150.101000070572,2.38319983709061,TheEmptinessMachine,BBR,RB,HTTP/3
2025-05-02 13:03:55,stallRate,152.101000070572,2.34774030268563,TheEmptinessMachine,BBR,RB,HTTP/3
2025-05-02 13:03:57,stallRate,154.101000070572,2.63526914630155,TheEmptinessMachine,BBR,RB,HTTP/3
2025-05-02 13:03:59,stallRate,156.101000070572,2.59727299931668,TheEmptinessMachine,BBR,RB,HTTP/3
2025-05-02 13:04:01,stallRate,158.101000070572,2.56038933525688,TheEmptinessMachine,BBR,RB,HTTP/3
2025-05-02 13:04:03,stallRate,160.101000070572,2.52459734830199,TheEmptinessMachine,BBR,RB,HTTP/3
2025-05-02 13:04:05,stallRate,162.101000070572,2.48955897847772,TheEmptinessMachine,BBR,RB,HTTP/3
2025-05-02 13:04:07,stallRate,164.101000070572,2.45574852859943,TheEmptinessMachine,BBR,RB,HTTP/3
2025-05-02 13:04:09,stallRate,166.101000070572,2.42308587561529,TheEmptinessMachine,BBR,RB,HTTP/3
2025-05-02 13:04:11,stallRate,168.101000070572,2.39114547050275,TheEmptinessMachine,BBR,RB,HTTP/3
2025-05-02 13:04:13,stallRate,170.101000070572,2.35997031826171,TheEmptinessMachine,BBR,RB,HTTP/3
2025-05-02 13:04:15,stallRate,172.101000070572,2.32926208147234,TheEmptinessMachine,BBR,RB,HTTP/3
2025-05-02 13:04:17,stallRate,174.101000070572,2.29969316064625,TheEmptinessMachine,BBR,RB,HTTP/3
2025-05-02 13:04:19,stallRate,176.101000070572,2.27067615513787,TheEmptinessMachine,BBR,RB,HTTP/3
2025-05-02 13:04:21,stallRate,178.101000070572,2.24238285559199,TheEmptinessMachine,BBR,RB,HTTP/3
2025-05-02 13:04:23,stallRate,180.101000070572,2.21483835405861,TheEmptinessMachine,BBR,RB,HTTP/3
2025-05-02 13:04:25,stallRate,182.101000070572,2.18799910427591,TheEmptinessMachine,BBR,RB,HTTP/3
2025-05-02 13:04:27,stallRate,184.101000070572,2.16179322778382,TheEmptinessMachine,BBR,RB,HTTP/3
2025-05-02 13:04:29,stallRate,186.101000070572,2.13621512161464,TheEmptinessMachine,BBR,RB,HTTP/3
2025-05-02 13:04:31,stallRate,188.101000070572,2.11123177699434,TheEmptinessMachine,BBR,RB,HTTP/3
2025-05-02 13:04:33,stallRate,190.101000070572,2.08683572167728,TheEmptinessMachine,BBR,RB,HTTP/3
2025-05-02 13:04:35,stallRate,192.101000070572,2.06298798782498,TheEmptinessMachine,BBR,RB,HTTP/3
2025-05-02 13:04:37,stallRate,194.101000070572,2.03966339087073,TheEmptinessMachine,BBR,RB,HTTP/3
2025-05-02 13:04:39,stallRate,196.101000070572,2.01675942212709,TheEmptinessMachine,BBR,RB,HTTP/3
2025-05-02 13:04:41,stallRate,198.101000070572,1.9943886226899,TheEmptinessMachine,BBR,RB,HTTP/3
2025-05-02 13:04:43,stallRate,200.101000070572,1.97266665010524,TheEmptinessMachine,BBR,RB,HTTP/3
2025-05-02 13:04:45,stallRate,202.101000070572,1.95125014170319,TheEmptinessMachine,BBR,RB,HTTP/3
2025-05-02 13:04:47,stallRate,204.101000070572,1.93035755912125,TheEmptinessMachine,BBR,RB,HTTP/3
2025-05-02 13:04:49,stallRate,206.101000070572,1.90991879289271,TheEmptinessMachine,BBR,RB,HTTP/3
2025-05-02 13:04:51,stallRate,208.101000070572,1.88993811119902,TheEmptinessMachine,BBR,RB,HTTP/3
2025-05-02 13:04:53,stallRate,210.101000070572,1.87034559979008,TheEmptinessMachine,BBR,RB,HTTP/3
2025-05-02 13:04:55,stallRate,212.101000070572,1.85116639419173,TheEmptinessMachine,BBR,RB,HTTP/3
2025-05-02 13:04:57,stallRate,214.101000070572,1.83238177157149,TheEmptinessMachine,BBR,RB,HTTP/3
2025-05-02 13:04:59,stallRate,216.101000070572,1.81398250445904,TheEmptinessMachine,BBR,RB,HTTP/3
2025-05-02 13:05:01,stallRate,218.101000070572,1.79593186903933,TheEmptinessMachine,BBR,RB,HTTP/3
2025-05-02 13:05:03,stallRate,220.101000070572,1.77824672671548,TheEmptinessMachine,BBR,RB,HTTP/3
2025-05-02 13:05:27,stallRate,4.31699991226196,0.0,TheEmptinessMachine,BBR,Throughput,HTTP/1.1
2025-05-02 13:05:31,stallRate,8.31699991226196,5.32223659975804,TheEmptinessMachine,BBR,Throughput,HTTP/1.1
2025-05-02 13:05:37,stallRate,14.316999912262,44.6958732399343,TheEmptinessMachine,BBR,Throughput,HTTP/1.1
2025-05-02 13:05:39,stallRate,16.316999912262,37.3678103706103,TheEmptinessMachine,BBR,Throughput,HTTP/1.1
2025-05-02 13:05:41,stallRate,18.316999912262,32.1172570891138,TheEmptinessMachine,BBR,Throughput,HTTP/1.1
2025-05-02 13:05:43,stallRate,20.316999912262,28.1367424042066,TheEmptinessMachine,BBR,Throughput,HTTP/1.1
2025-05-02 13:05:45,stallRate,22.316999912262,25.0341770789219,TheEmptinessMachine,BBR,Throughput,HTTP/1.1
2025-05-02 13:05:47,stallRate,24.316999912262,22.5562964731484,TheEmptinessMachine,BBR,Throughput,HTTP/1.1
2025-05-02 13:05:49,stallRate,26.316999912262,20.5249003777697,TheEmptinessMachine,BBR,Throughput,HTTP/1.1
2025-05-02 13:05:51,stallRate,28.316999912262,18.8255360600803,TheEmptinessMachine,BBR,Throughput,HTTP/1.1
2025-05-02 13:05:53,stallRate,30.316999912262,17.3915550703115,TheEmptinessMachine,BBR,Throughput,HTTP/1.1
2025-05-02 13:05:55,stallRate,32.316999912262,16.1539447238412,TheEmptinessMachine,BBR,Throughput,HTTP/1.1
2025-05-02 13:05:57,stallRate,34.316999912262,15.0902641301998,TheEmptinessMachine,BBR,Throughput,HTTP/1.1
2025-05-02 13:05:59,stallRate,36.316999912262,14.149635696342,TheEmptinessMachine,BBR,Throughput,HTTP/1.1
2025-05-02 13:06:01,stallRate,38.316999912262,13.3245327416465,TheEmptinessMachine,BBR,Throughput,HTTP/1.1
2025-05-02 13:06:05,stallRate,42.316999912262,18.129394602717,TheEmptinessMachine,BBR,Throughput,HTTP/1.1
2025-05-02 13:06:07,stallRate,44.316999912262,17.2314430282545,TheEmptinessMachine,BBR,Throughput,HTTP/1.1
2025-05-02 13:06:09,stallRate,46.316999912262,16.4121135335778,TheEmptinessMachine,BBR,Throughput,HTTP/1.1
2025-05-02 13:06:11,stallRate,48.316999912262,15.6689906324818,TheEmptinessMachine,BBR,Throughput,HTTP/1.1
2025-05-02 13:06:13,stallRate,50.316999912262,14.9907905410569,TheEmptinessMachine,BBR,Throughput,HTTP/1.1
2025-05-02 13:06:15,stallRate,52.316999912262,14.3692071936629,TheEmptinessMachine,BBR,Throughput,HTTP/1.1
2025-05-02 13:06:17,stallRate,54.316999912262,13.7938467570803,TheEmptinessMachine,BBR,Throughput,HTTP/1.1
2025-05-02 13:06:19,stallRate,56.316999912262,13.2668398961586,TheEmptinessMachine,BBR,Throughput,HTTP/1.1
2025-05-02 13:06:21,stallRate,58.316999912262,12.7768854214406,TheEmptinessMachine,BBR,Throughput,HTTP/1.1
2025-05-02 13:06:23,stallRate,60.316999912262,12.3208739080199,TheEmptinessMachine,BBR,Throughput,HTTP/1.1
2025-05-02 13:06:25,stallRate,62.316999912262,11.894712808917,TheEmptinessMachine,BBR,Throughput,HTTP/1.1
2025-05-02 13:06:27,stallRate,64.316999912262,11.5017343377828,TheEmptinessMachine,BBR,Throughput,HTTP/1.1
2025-05-02 13:06:29,stallRate,66.316999912262,11.1307074151287,TheEmptinessMachine,BBR,Throughput,HTTP/1.1
2025-05-02 13:06:31,stallRate,68.316999912262,10.7830902171089,TheEmptinessMachine,BBR,Throughput,HTTP/1.1
2025-05-02 13:06:33,stallRate,70.316999912262,10.4588138555351,TheEmptinessMachine,BBR,Throughput,HTTP/1.1
2025-05-02 13:06:35,stallRate,72.316999912262,10.1518631874798,TheEmptinessMachine,BBR,Throughput,HTTP/1.1
2025-05-02 13:06:37,stallRate,74.3180000782013,9.862692636873,TheEmptinessMachine,BBR,Throughput,HTTP/1.1
2025-05-02 13:06:39,stallRate,76.316999912262,9.58980273609134,TheEmptinessMachine,BBR,Throughput,HTTP/1.1
2025-05-02 13:06:41,stallRate,78.3180000782013,9.33152507030049,TheEmptinessMachine,BBR,Throughput,HTTP/1.1
2025-05-02 13:06:43,stallRate,80.316999912262,9.08692664733485,TheEmptinessMachine,BBR,Throughput,HTTP/1.1
2025-05-02 13:06:45,stallRate,82.316999912262,8.85493626984058,TheEmptinessMachine,BBR,Throughput,HTTP/1.1
2025-05-02 13:06:47,stallRate,84.316999912262,8.63304975689531,TheEmptinessMachine,BBR,Throughput,HTTP/1.1
2025-05-02 13:06:49,stallRate,86.316999912262,8.42355738749533,TheEmptinessMachine,BBR,Throughput,HTTP/1.1
2025-05-02 13:06:51,stallRate,88.316999912262,8.22327720487941,TheEmptinessMachine,BBR,Throughput,HTTP/1.1
2025-05-02 13:06:53,stallRate,90.316999912262,8.03193022300243,TheEmptinessMachine,BBR,Throughput,HTTP/1.1
2025-05-02 13:06:55,stallRate,92.316999912262,7.85070266662361,TheEmptinessMachine,BBR,Throughput,HTTP/1.1
2025-05-02 13:06:57,stallRate,94.316999912262,7.67615185914254,TheEmptinessMachine,BBR,Throughput,HTTP/1.1
2025-05-02 13:06:59,stallRate,96.316999912262,7.50962419094833,TheEmptinessMachine,BBR,Throughput,HTTP/1.1
2025-05-02 13:07:01,stallRate,98.316999912262,7.35013081270071,TheEmptinessMachine,BBR,Throughput,HTTP/1.1
2025-05-02 13:07:03,stallRate,100.316999912262,7.19756076037669,TheEmptinessMachine,BBR,Throughput,HTTP/1.1
2025-05-02 13:07:05,stallRate,102.316999912262,7.05107126605616,TheEmptinessMachine,BBR,Throughput,HTTP/1.1
2025-05-02 13:07:07,stallRate,104.316999912262,6.91055204124402,TheEmptinessMachine,BBR,Throughput,HTTP/1.1
2025-05-02 13:07:09,stallRate,106.316999912262,6.77541759479246,TheEmptinessMachine,BBR,Throughput,HTTP/1.1
2025-05-02 13:07:11,stallRate,108.316999912262,6.64547312441723,TheEmptinessMachine,BBR,Throughput,HTTP/1.1
2025-05-02 13:07:13,stallRate,110.316999912262,6.51978398837716,TheEmptinessMachine,BBR,Throughput,HTTP/1.1
2025-05-02 13:07:15,stallRate,112.316999912262,7.39240084270248,TheEmptinessMachine,BBR,Throughput,HTTP/1.1
2025-05-02 13:07:17,stallRate,114.316999912262,7.25774033964759,TheEmptinessMachine,BBR,Throughput,HTTP/1.1
2025-05-02 13:07:19,stallRate,116.316999912262,7.12809814024395,TheEmptinessMachine,BBR,Throughput,HTTP/1.1
2025-05-02 13:07:21,stallRate,118.316999912262,7.00368548169783,TheEmptinessMachine,BBR,Throughput,HTTP/1.1
2025-05-02 13:07:23,stallRate,120.316999912262,6.88304859134398,TheEmptinessMachine,BBR,Throughput,HTTP/1.1
2025-05-02 13:07:25,stallRate,122.316999912262,6.76648058211735,TheEmptinessMachine,BBR,Throughput,HTTP/1.1
2025-05-02 13:07:27,stallRate,124.316999912262,6.65402027573771,TheEmptinessMachine,BBR,Throughput,HTTP/1.1
2025-05-02 13:07:29,stallRate,126.316999912262,6.54525286975415,TheEmptinessMachine,BBR,Throughput,HTTP/1.1
2025-05-02 13:07:31,stallRate,128.318000078201,6.43933209240138,TheEmptinessMachine,BBR,Throughput,HTTP/1.1
2025-05-02 13:07:33,stallRate,130.316999912262,6.33783217183503,TheEmptinessMachine,BBR,Throughput,HTTP/1.1
2025-05-02 13:07:35,stallRate,132.316999912262,6.23860600433534,TheEmptinessMachine,BBR,Throughput,HTTP/1.1
2025-05-02 13:07:37,stallRate,134.316999912262,6.14253909803054,TheEmptinessMachine,BBR,Throughput,HTTP/1.1
2025-05-02 13:07:39,stallRate,136.316999912262,6.04903614462107,TheEmptinessMachine,BBR,Throughput,HTTP/1.1
2025-05-02 13:07:41,stallRate,138.318000078201,5.95903977231154,TheEmptinessMachine,BBR,Throughput,HTTP/1.1
2025-05-02 13:07:43,stallRate,140.316999912262,5.87179019650053,TheEmptinessMachine,BBR,Throughput,HTTP/1.1
2025-05-02 13:07:45,stallRate,142.316999912262,5.78682310555278,TheEmptinessMachine,BBR,Throughput,HTTP/1.1
2025-05-02 13:07:47,stallRate,144.316999912262,5.70448325852728,TheEmptinessMachine,BBR,Throughput,HTTP/1.1
2025-05-02 13:07:49,stallRate,146.316999912262,5.62399931997906,TheEmptinessMachine,BBR,Throughput,HTTP/1.1
2025-05-02 13:07:51,stallRate,148.316999912262,5.54622089202698,TheEmptinessMachine,BBR,Throughput,HTTP/1.1
2025-05-02 13:07:53,stallRate,150.316999912262,5.47023864476012,TheEmptinessMachine,BBR,Throughput,HTTP/1.1
2025-05-02 13:07:55,stallRate,152.316999912262,5.39632011592995,TheEmptinessMachine,BBR,Throughput,HTTP/1.1
2025-05-02 13:07:57,stallRate,154.316999912262,5.32451018122099,TheEmptinessMachine,BBR,Throughput,HTTP/1.1
2025-05-02 13:07:59,stallRate,156.316999912262,5.25500778122256,TheEmptinessMachine,BBR,Throughput,HTTP/1.1
2025-05-02 13:08:01,stallRate,158.316999912262,5.18680243461351,TheEmptinessMachine,BBR,Throughput,HTTP/1.1
2025-05-02 13:08:03,stallRate,160.316999912262,5.12086665723922,TheEmptinessMachine,BBR,Throughput,HTTP/1.1
2025-05-02 13:08:05,stallRate,162.316999912262,5.05598215522085,TheEmptinessMachine,BBR,Throughput,HTTP/1.1
2025-05-02 13:08:07,stallRate,164.316999912262,4.99310679508257,TheEmptinessMachine,BBR,Throughput,HTTP/1.1
2025-05-02 13:08:09,stallRate,166.316999912262,4.93144511955754,TheEmptinessMachine,BBR,Throughput,HTTP/1.1
2025-05-02 13:08:11,stallRate,168.316999912262,4.87122272694537,TheEmptinessMachine,BBR,Throughput,HTTP/1.1
2025-05-02 13:08:13,stallRate,170.316999912262,4.81254876415535,TheEmptinessMachine,BBR,Throughput,HTTP/1.1
2025-05-02 13:08:15,stallRate,172.316999912262,4.75483191789511,TheEmptinessMachine,BBR,Throughput,HTTP/1.1
2025-05-02 13:08:17,stallRate,174.318000078201,4.69914012639868,TheEmptinessMachine,BBR,Throughput,HTTP/1.1
2025-05-02 13:08:19,stallRate,176.316999912262,4.64447126740934,TheEmptinessMachine,BBR,Throughput,HTTP/1.1
2025-05-02 13:08:21,stallRate,178.316999912262,4.59141121887987,TheEmptinessMachine,BBR,Throughput,HTTP/1.1
2025-05-02 13:08:23,stallRate,180.316999912262,4.53922994207146,TheEmptinessMachine,BBR,Throughput,HTTP/1.1
2025-05-02 13:08:25,stallRate,182.316999912262,4.4882288913326,TheEmptinessMachine,BBR,Throughput,HTTP/1.1
2025-05-02 13:08:27,stallRate,184.316999912262,4.43843543994119,TheEmptinessMachine,BBR,Throughput,HTTP/1.1
2025-05-02 13:08:29,stallRate,186.316999912262,4.38975795607493,TheEmptinessMachine,BBR,Throughput,HTTP/1.1
2025-05-02 13:08:31,stallRate,188.316999912262,4.34213255154854,TheEmptinessMachine,BBR,Throughput,HTTP/1.1
2025-05-02 13:08:33,stallRate,190.316999912262,4.29556664567697,TheEmptinessMachine,BBR,Throughput,HTTP/1.1
2025-05-02 13:08:35,stallRate,192.316999912262,4.24970402554806,TheEmptinessMachine,BBR,Throughput,HTTP/1.1
2025-05-02 13:08:37,stallRate,194.316999912262,4.20487881309292,TheEmptinessMachine,BBR,Throughput,HTTP/1.1
2025-05-02 13:08:39,stallRate,196.316999912262,4.16132636606497,TheEmptinessMachine,BBR,Throughput,HTTP/1.1
2025-05-02 13:08:41,stallRate,198.318000078201,4.11838526093045,TheEmptinessMachine,BBR,Throughput,HTTP/1.1
2025-05-02 13:08:43,stallRate,200.316999912262,4.07637437289114,TheEmptinessMachine,BBR,Throughput,HTTP/1.1
2025-05-02 13:08:45,stallRate,202.316999912262,4.03525258044602,TheEmptinessMachine,BBR,Throughput,HTTP/1.1
2025-05-02 13:08:47,stallRate,204.316999912262,3.99519482594019,TheEmptinessMachine,BBR,Throughput,HTTP/1.1
2025-05-02 13:08:49,stallRate,206.316999912262,3.95565850517902,TheEmptinessMachine,BBR,Throughput,HTTP/1.1
2025-05-02 13:08:51,stallRate,208.316999912262,3.9168612627706,TheEmptinessMachine,BBR,Throughput,HTTP/1.1
2025-05-02 13:09:27,stallRate,6.29900002479553,0.0,TheEmptinessMachine,BBR,Throughput,HTTP/2
2025-05-02 13:09:29,stallRate,8.29900002479553,0.0,TheEmptinessMachine,BBR,Throughput,HTTP/2
2025-05-02 13:09:31,stallRate,10.2990000247955,0.0,TheEmptinessMachine,BBR,Throughput,HTTP/2
2025-05-02 13:09:33,stallRate,12.2990000247955,0.0,TheEmptinessMachine,BBR,Throughput,HTTP/2
2025-05-02 13:09:35,stallRate,14.2990000247955,0.0,TheEmptinessMachine,BBR,Throughput,HTTP/2
2025-05-02 13:09:37,stallRate,16.2990000247955,0.0,TheEmptinessMachine,BBR,Throughput,HTTP/2
2025-05-02 13:09:39,stallRate,18.2990000247955,0.0,TheEmptinessMachine,BBR,Throughput,HTTP/2
2025-05-02 13:09:41,stallRate,20.2990000247955,0.0,TheEmptinessMachine,BBR,Throughput,HTTP/2
2025-05-02 13:09:43,stallRate,22.2990000247955,0.0,TheEmptinessMachine,BBR,Throughput,HTTP/2
2025-05-02 13:09:45,stallRate,24.2990000247955,0.0,TheEmptinessMachine,BBR,Throughput,HTTP/2
2025-05-02 13:09:47,stallRate,26.2990000247955,0.0,TheEmptinessMachine,BBR,Throughput,HTTP/2
2025-05-02 13:09:49,stallRate,28.2990000247955,0.0,TheEmptinessMachine,BBR,Throughput,HTTP/2
2025-05-02 13:09:51,stallRate,30.2990000247955,0.0,TheEmptinessMachine,BBR,Throughput,HTTP/2
2025-05-02 13:09:53,stallRate,32.2990000247955,0.0,TheEmptinessMachine,BBR,Throughput,HTTP/2
2025-05-02 13:09:55,stallRate,34.2990000247955,0.0,TheEmptinessMachine,BBR,Throughput,HTTP/2
2025-05-02 13:09:57,stallRate,36.2990000247955,0.0,TheEmptinessMachine,BBR,Throughput,HTTP/2
2025-05-02 13:09:59,stallRate,38.2990000247955,0.0,TheEmptinessMachine,BBR,Throughput,HTTP/2
2025-05-02 13:10:01,stallRate,40.2990000247955,0.0,TheEmptinessMachine,BBR,Throughput,HTTP/2
2025-05-02 13:10:03,stallRate,42.2990000247955,0.0,TheEmptinessMachine,BBR,Throughput,HTTP/2
2025-05-02 13:10:05,stallRate,44.2990000247955,0.0,TheEmptinessMachine,BBR,Throughput,HTTP/2
2025-05-02 13:10:07,stallRate,46.2990000247955,0.0,TheEmptinessMachine,BBR,Throughput,HTTP/2
2025-05-02 13:10:09,stallRate,48.2990000247955,0.0,TheEmptinessMachine,BBR,Throughput,HTTP/2
2025-05-02 13:10:11,stallRate,50.2990000247955,0.0,TheEmptinessMachine,BBR,Throughput,HTTP/2
2025-05-02 13:10:13,stallRate,52.2990000247955,0.0,TheEmptinessMachine,BBR,Throughput,HTTP/2
2025-05-02 13:10:15,stallRate,54.2990000247955,0.0,TheEmptinessMachine,BBR,Throughput,HTTP/2
2025-05-02 13:10:17,stallRate,56.2990000247955,0.0,TheEmptinessMachine,BBR,Throughput,HTTP/2
2025-05-02 13:10:19,stallRate,58.2990000247955,0.0,TheEmptinessMachine,BBR,Throughput,HTTP/2
2025-05-02 13:10:21,stallRate,60.2990000247955,0.0,TheEmptinessMachine,BBR,Throughput,HTTP/2
2025-05-02 13:10:23,stallRate,62.2990000247955,0.0,TheEmptinessMachine,BBR,Throughput,HTTP/2
2025-05-02 13:10:25,stallRate,64.2990000247955,0.0,TheEmptinessMachine,BBR,Throughput,HTTP/2
2025-05-02 13:10:27,stallRate,66.2990000247955,0.0,TheEmptinessMachine,BBR,Throughput,HTTP/2
2025-05-02 13:10:29,stallRate,68.2990000247955,0.0,TheEmptinessMachine,BBR,Throughput,HTTP/2
2025-05-02 13:10:31,stallRate,70.2990000247955,0.0,TheEmptinessMachine,BBR,Throughput,HTTP/2
2025-05-02 13:10:33,stallRate,72.2990000247955,0.0,TheEmptinessMachine,BBR,Throughput,HTTP/2
2025-05-02 13:10:35,stallRate,74.2990000247955,0.0,TheEmptinessMachine,BBR,Throughput,HTTP/2
2025-05-02 13:10:37,stallRate,76.2990000247955,0.0,TheEmptinessMachine,BBR,Throughput,HTTP/2
2025-05-02 13:10:39,stallRate,78.2990000247955,0.0,TheEmptinessMachine,BBR,Throughput,HTTP/2
2025-05-02 13:10:41,stallRate,80.2990000247955,0.0,TheEmptinessMachine,BBR,Throughput,HTTP/2
2025-05-02 13:10:43,stallRate,82.2990000247955,0.0,TheEmptinessMachine,BBR,Throughput,HTTP/2
2025-05-02 13:10:45,stallRate,84.2990000247955,0.0,TheEmptinessMachine,BBR,Throughput,HTTP/2
2025-05-02 13:10:47,stallRate,86.2990000247955,0.0,TheEmptinessMachine,BBR,Throughput,HTTP/2
2025-05-02 13:10:49,stallRate,88.2990000247955,0.0,TheEmptinessMachine,BBR,Throughput,HTTP/2
2025-05-02 13:10:51,stallRate,90.2990000247955,0.0,TheEmptinessMachine,BBR,Throughput,HTTP/2
2025-05-02 13:10:53,stallRate,92.2990000247955,0.0,TheEmptinessMachine,BBR,Throughput,HTTP/2
2025-05-02 13:10:55,stallRate,94.2990000247955,0.0,TheEmptinessMachine,BBR,Throughput,HTTP/2
2025-05-02 13:10:57,stallRate,96.2990000247955,0.0,TheEmptinessMachine,BBR,Throughput,HTTP/2
2025-05-02 13:10:59,stallRate,98.2990000247955,0.0,TheEmptinessMachine,BBR,Throughput,HTTP/2
2025-05-02 13:11:01,stallRate,100.299000024796,0.0,TheEmptinessMachine,BBR,Throughput,HTTP/2
2025-05-02 13:11:03,stallRate,102.299000024796,0.0,TheEmptinessMachine,BBR,Throughput,HTTP/2
2025-05-02 13:11:05,stallRate,104.299000024796,0.0,TheEmptinessMachine,BBR,Throughput,HTTP/2
2025-05-02 13:11:07,stallRate,106.299000024796,0.0,TheEmptinessMachine,BBR,Throughput,HTTP/2
2025-05-02 13:11:09,stallRate,108.299000024796,0.0,TheEmptinessMachine,BBR,Throughput,HTTP/2
2025-05-02 13:11:11,stallRate,110.299000024796,0.0,TheEmptinessMachine,BBR,Throughput,HTTP/2
2025-05-02 13:11:13,stallRate,112.299000024796,0.0,TheEmptinessMachine,BBR,Throughput,HTTP/2
2025-05-02 13:11:15,stallRate,114.299000024796,0.0,TheEmptinessMachine,BBR,Throughput,HTTP/2
2025-05-02 13:11:17,stallRate,116.299000024796,0.0,TheEmptinessMachine,BBR,Throughput,HTTP/2
2025-05-02 13:11:19,stallRate,118.299000024796,0.0,TheEmptinessMachine,BBR,Throughput,HTTP/2
2025-05-02 13:11:21,stallRate,120.299000024796,0.0,TheEmptinessMachine,BBR,Throughput,HTTP/2
2025-05-02 13:11:23,stallRate,122.299000024796,0.0,TheEmptinessMachine,BBR,Throughput,HTTP/2
2025-05-02 13:11:25,stallRate,124.299000024796,0.0,TheEmptinessMachine,BBR,Throughput,HTTP/2
2025-05-02 13:11:27,stallRate,126.299000024796,0.0,TheEmptinessMachine,BBR,Throughput,HTTP/2
2025-05-02 13:11:29,stallRate,128.299000024796,0.0,TheEmptinessMachine,BBR,Throughput,HTTP/2
2025-05-02 13:11:31,stallRate,130.299000024796,0.0,TheEmptinessMachine,BBR,Throughput,HTTP/2
2025-05-02 13:11:33,stallRate,132.299000024796,0.0,TheEmptinessMachine,BBR,Throughput,HTTP/2
2025-05-02 13:11:35,stallRate,134.299000024796,0.0,TheEmptinessMachine,BBR,Throughput,HTTP/2
2025-05-02 13:11:39,stallRate,138.299000024796,0.0,TheEmptinessMachine,BBR,Throughput,HTTP/2
2025-05-02 13:11:41,stallRate,140.299000024796,0.0,TheEmptinessMachine,BBR,Throughput,HTTP/2
2025-05-02 13:11:43,stallRate,142.299000024796,0.0,TheEmptinessMachine,BBR,Throughput,HTTP/2
2025-05-02 13:11:45,stallRate,144.299000024796,0.0,TheEmptinessMachine,BBR,Throughput,HTTP/2
2025-05-02 13:11:47,stallRate,146.299000024796,0.0,TheEmptinessMachine,BBR,Throughput,HTTP/2
2025-05-02 13:11:49,stallRate,148.299000024796,0.0,TheEmptinessMachine,BBR,Throughput,HTTP/2
2025-05-02 13:11:51,stallRate,150.299000024796,0.0,TheEmptinessMachine,BBR,Throughput,HTTP/2
2025-05-02 13:11:53,stallRate,152.299000024796,0.0,TheEmptinessMachine,BBR,Throughput,HTTP/2
2025-05-02 13:11:55,stallRate,154.299000024796,0.0,TheEmptinessMachine,BBR,Throughput,HTTP/2
2025-05-02 13:11:59,stallRate,158.299000024796,1.13484184680196,TheEmptinessMachine,BBR,Throughput,HTTP/2
2025-05-02 13:12:01,stallRate,160.299000024796,1.41813575364625,TheEmptinessMachine,BBR,Throughput,HTTP/2
2025-05-02 13:12:03,stallRate,162.299000024796,1.40013626697199,TheEmptinessMachine,BBR,Throughput,HTTP/2
2025-05-02 13:12:05,stallRate,164.299000024796,1.38259141682891,TheEmptinessMachine,BBR,Throughput,HTTP/2
2025-05-02 13:12:07,stallRate,166.299000024796,1.36551321662191,TheEmptinessMachine,BBR,Throughput,HTTP/2
2025-05-02 13:12:09,stallRate,168.299000024796,1.34885020564923,TheEmptinessMachine,BBR,Throughput,HTTP/2
2025-05-02 13:12:13,stallRate,172.299000024796,2.75116790795891,TheEmptinessMachine,BBR,Throughput,HTTP/2
2025-05-02 13:12:15,stallRate,174.299000024796,2.71865282627197,TheEmptinessMachine,BBR,Throughput,HTTP/2
2025-05-02 13:12:17,stallRate,176.299000024796,2.68675922456729,TheEmptinessMachine,BBR,Throughput,HTTP/2
2025-05-02 13:12:19,stallRate,178.299000024796,2.70311084062668,TheEmptinessMachine,BBR,Throughput,HTTP/2
2025-05-02 13:12:21,stallRate,180.299000024796,2.67221364628489,TheEmptinessMachine,BBR,Throughput,HTTP/2
2025-05-02 13:12:23,stallRate,182.299000024796,2.91707373185953,TheEmptinessMachine,BBR,Throughput,HTTP/2
2025-05-02 13:12:29,stallRate,188.299000024796,4.58684425210575,TheEmptinessMachine,BBR,Throughput,HTTP/2
2025-05-02 13:12:31,stallRate,190.299000024796,4.53728127026972,TheEmptinessMachine,BBR,Throughput,HTTP/2
2025-05-02 13:12:33,stallRate,192.299000024796,4.48890360769008,TheEmptinessMachine,BBR,Throughput,HTTP/2
2025-05-02 13:12:35,stallRate,194.299000024796,4.48000775368225,TheEmptinessMachine,BBR,Throughput,HTTP/2
2025-05-02 13:12:37,stallRate,196.299000024796,4.4330484247282,TheEmptinessMachine,BBR,Throughput,HTTP/2
2025-05-02 13:12:39,stallRate,198.299000024796,4.38709417547763,TheEmptinessMachine,BBR,Throughput,HTTP/2
2025-05-02 13:12:41,stallRate,200.299000024796,4.34242529230512,TheEmptinessMachine,BBR,Throughput,HTTP/2
2025-05-02 13:12:43,stallRate,202.299000024796,4.29833038171024,TheEmptinessMachine,BBR,Throughput,HTTP/2
2025-05-02 13:12:45,stallRate,204.299000024796,4.25547771444406,TheEmptinessMachine,BBR,Throughput,HTTP/2
2025-05-02 13:12:47,stallRate,206.299000024796,4.21320124521017,TheEmptinessMachine,BBR,Throughput,HTTP/2
2025-05-02 13:13:22,stallRate,4.10500001907349,0.0,TheEmptinessMachine,BBR,Throughput,HTTP/3
2025-05-02 13:13:32,stallRate,14.1050000190735,15.9400219165822,TheEmptinessMachine,BBR,Throughput,HTTP/3
2025-05-02 13:13:36,stallRate,18.1050000190735,10.0723960721919,TheEmptinessMachine,BBR,Throughput,HTTP/3
2025-05-02 13:13:38,stallRate,20.1050000190735,8.50264515386447,TheEmptinessMachine,BBR,Throughput,HTTP/3
2025-05-02 13:13:40,stallRate,22.1050000190735,7.35623842145296,TheEmptinessMachine,BBR,Throughput,HTTP/3
2025-05-02 13:13:42,stallRate,24.1039998531342,6.47891059214194,TheEmptinessMachine,BBR,Throughput,HTTP/3
2025-05-02 13:13:46,stallRate,28.1050000190735,5.23711053134078,TheEmptinessMachine,BBR,Throughput,HTTP/3
2025-05-02 13:13:48,stallRate,30.1039998531342,5.90435251773614,TheEmptinessMachine,BBR,Throughput,HTTP/3
2025-05-02 13:13:52,stallRate,34.1050000190735,5.28482003788026,TheEmptinessMachine,BBR,Throughput,HTTP/3
2025-05-02 13:13:54,stallRate,36.1039998531342,4.91752898653008,TheEmptinessMachine,BBR,Throughput,HTTP/3
2025-05-02 13:13:56,stallRate,38.1039998531342,4.59630688412923,TheEmptinessMachine,BBR,Throughput,HTTP/3
2025-05-02 13:14:02,stallRate,44.1050000190735,16.7995717102973,TheEmptinessMachine,BBR,Throughput,HTTP/3
2025-05-02 13:14:04,stallRate,46.1050000190735,15.9074057226932,TheEmptinessMachine,BBR,Throughput,HTTP/3
2025-05-02 13:14:06,stallRate,48.1050000190735,15.1052239343293,TheEmptinessMachine,BBR,Throughput,HTTP/3
2025-05-02 13:14:08,stallRate,50.1050000190735,14.3805238978843,TheEmptinessMachine,BBR,Throughput,HTTP/3
2025-05-02 13:14:10,stallRate,52.1050000190735,13.7230821641934,TheEmptinessMachine,BBR,Throughput,HTTP/3
2025-05-02 13:14:14,stallRate,56.1050000190735,12.5667110696248,TheEmptinessMachine,BBR,Throughput,HTTP/3
2025-05-02 13:14:16,stallRate,58.1050000190735,12.0602998520003,TheEmptinessMachine,BBR,Throughput,HTTP/3
2025-05-02 13:14:20,stallRate,62.1050000190735,11.1623984819486,TheEmptinessMachine,BBR,Throughput,HTTP/3
2025-05-02 13:14:24,stallRate,66.1050000190735,10.388425796532,TheEmptinessMachine,BBR,Throughput,HTTP/3
2025-05-02 13:14:26,stallRate,68.1050000190735,10.0390322426182,TheEmptinessMachine,BBR,Throughput,HTTP/3
2025-05-02 13:14:28,stallRate,70.1050000190735,9.71556854319536,TheEmptinessMachine,BBR,Throughput,HTTP/3
2025-05-02 13:14:30,stallRate,72.1050000190735,9.40916723939993,TheEmptinessMachine,BBR,Throughput,HTTP/3
2025-05-02 13:14:32,stallRate,74.1039998531342,9.12352446907503,TheEmptinessMachine,BBR,Throughput,HTTP/3
2025-05-02 13:14:34,stallRate,76.1050000190735,8.85379324461668,TheEmptinessMachine,BBR,Throughput,HTTP/3
2025-05-02 13:14:36,stallRate,78.1050000190735,8.59897938002209,TheEmptinessMachine,BBR,Throughput,HTTP/3
2025-05-02 13:14:38,stallRate,80.1050000190735,8.3601276853476,TheEmptinessMachine,BBR,Throughput,HTTP/3
2025-05-02 13:14:40,stallRate,82.1080000400543,8.13196160818373,TheEmptinessMachine,BBR,Throughput,HTTP/3
2025-05-02 13:14:42,stallRate,84.1050000190735,7.91732617237576,TheEmptinessMachine,BBR,Throughput,HTTP/3
2025-05-02 13:14:44,stallRate,86.1039998531342,7.71219089470665,TheEmptinessMachine,BBR,Throughput,HTTP/3
2025-05-02 13:14:46,stallRate,88.1050000190735,7.51953053377737,TheEmptinessMachine,BBR,Throughput,HTTP/3
2025-05-02 13:14:48,stallRate,90.1050000190735,7.33472986696581,TheEmptinessMachine,BBR,Throughput,HTTP/3
2025-05-02 13:14:50,stallRate,92.1039998531342,7.1590393280422,TheEmptinessMachine,BBR,Throughput,HTTP/3
2025-05-02 13:14:52,stallRate,94.1050000190735,6.99114097995388,TheEmptinessMachine,BBR,Throughput,HTTP/3
2025-05-02 13:14:54,stallRate,96.1050000190735,6.83212897397658,TheEmptinessMachine,BBR,Throughput,HTTP/3
2025-05-02 13:14:56,stallRate,98.1050000190735,6.67913008758192,TheEmptinessMachine,BBR,Throughput,HTTP/3
2025-05-02 13:14:58,stallRate,100.105000019073,6.53440570290134,TheEmptinessMachine,BBR,Throughput,HTTP/3
2025-05-02 13:15:00,stallRate,102.105000019073,6.39443423431025,TheEmptinessMachine,BBR,Throughput,HTTP/3
2025-05-02 13:15:02,stallRate,104.103999853134,6.26049644506723,TheEmptinessMachine,BBR,Throughput,HTTP/3
2025-05-02 13:15:04,stallRate,106.105000019073,6.13276365272858,TheEmptinessMachine,BBR,Throughput,HTTP/3
2025-05-02 13:15:06,stallRate,108.103999853134,6.00959957369234,TheEmptinessMachine,BBR,Throughput,HTTP/3
2025-05-02 13:15:08,stallRate,110.105000019073,5.89198036009621,TheEmptinessMachine,BBR,Throughput,HTTP/3
2025-05-02 13:15:10,stallRate,112.103999853134,5.77799559782584,TheEmptinessMachine,BBR,Throughput,HTTP/3
2025-05-02 13:15:12,stallRate,114.103999853134,5.66921496252391,TheEmptinessMachine,BBR,Throughput,HTTP/3
2025-05-02 13:15:14,stallRate,116.105000019073,5.5637478060242,TheEmptinessMachine,BBR,Throughput,HTTP/3
2025-05-02 13:15:16,stallRate,118.105000019073,5.46210383656891,TheEmptinessMachine,BBR,Throughput,HTTP/3
2025-05-02 13:15:18,stallRate,120.103999853134,5.36377783767569,TheEmptinessMachine,BBR,Throughput,HTTP/3
2025-05-02 13:15:22,stallRate,124.105000019073,6.51407536859358,TheEmptinessMachine,BBR,Throughput,HTTP/3
2025-05-02 13:15:24,stallRate,126.105000019073,6.40310683588815,TheEmptinessMachine,BBR,Throughput,HTTP/3
2025-05-02 13:15:26,stallRate,128.105000019073,6.2959920691533,TheEmptinessMachine,BBR,Throughput,HTTP/3
2025-05-02 13:15:28,stallRate,130.103999853134,6.19266051885361,TheEmptinessMachine,BBR,Throughput,HTTP/3
2025-05-02 13:15:30,stallRate,132.105000019073,6.09197317363796,TheEmptinessMachine,BBR,Throughput,HTTP/3
2025-05-02 13:15:32,stallRate,134.105000019073,5.9946914176269,TheEmptinessMachine,BBR,Throughput,HTTP/3
2025-05-02 13:15:34,stallRate,136.105000019073,5.90078772652234,TheEmptinessMachine,BBR,Throughput,HTTP/3
2025-05-02 13:15:36,stallRate,138.103999853134,5.80984461244542,TheEmptinessMachine,BBR,Throughput,HTTP/3
2025-05-02 13:15:38,stallRate,140.105000019073,5.72163064962998,TheEmptinessMachine,BBR,Throughput,HTTP/3
2025-05-02 13:15:40,stallRate,142.105000019073,5.63592669861653,TheEmptinessMachine,BBR,Throughput,HTTP/3
2025-05-02 13:15:42,stallRate,144.103999853134,5.55310276469575,TheEmptinessMachine,BBR,Throughput,HTTP/3
2025-05-02 13:15:44,stallRate,146.105000019073,5.47260175614472,TheEmptinessMachine,BBR,Throughput,HTTP/3
2025-05-02 13:15:46,stallRate,148.105000019073,5.3941248313572,TheEmptinessMachine,BBR,Throughput,HTTP/3
2025-05-02 13:15:48,stallRate,150.105000019073,5.3177897976579,TheEmptinessMachine,BBR,Throughput,HTTP/3
2025-05-02 13:15:50,stallRate,152.103999853134,5.24363132823046,TheEmptinessMachine,BBR,Throughput,HTTP/3
2025-05-02 13:15:52,stallRate,154.105000019073,5.17191479632578,TheEmptinessMachine,BBR,Throughput,HTTP/3
2025-05-02 13:15:54,stallRate,156.105000019073,5.10179481206527,TheEmptinessMachine,BBR,Throughput,HTTP/3
2025-05-02 13:15:56,stallRate,158.105000019073,5.03359441121469,TheEmptinessMachine,BBR,Throughput,HTTP/3
2025-05-02 13:15:58,stallRate,160.105000019073,4.96732469972075,TheEmptinessMachine,BBR,Throughput,HTTP/3
2025-05-02 13:16:00,stallRate,162.105000019073,4.90272372056121,TheEmptinessMachine,BBR,Throughput,HTTP/3
2025-05-02 13:16:02,stallRate,164.105000019073,4.83944018309094,TheEmptinessMachine,BBR,Throughput,HTTP/3
2025-05-02 13:16:04,stallRate,166.103999853134,4.77783941320555,TheEmptinessMachine,BBR,Throughput,HTTP/3
2025-05-02 13:16:06,stallRate,168.103999853134,4.71798165175514,TheEmptinessMachine,BBR,Throughput,HTTP/3
2025-05-02 13:16:10,stallRate,172.105000019073,4.60251107686147,TheEmptinessMachine,BBR,Throughput,HTTP/3
2025-05-02 13:16:12,stallRate,174.105000019073,4.54679480654162,TheEmptinessMachine,BBR,Throughput,HTTP/3
2025-05-02 13:16:14,stallRate,176.103999853134,4.49250683084166,TheEmptinessMachine,BBR,Throughput,HTTP/3
2025-05-02 13:16:16,stallRate,178.105000019073,4.43945636839921,TheEmptinessMachine,BBR,Throughput,HTTP/3
2025-05-02 13:16:18,stallRate,180.105000019073,4.38785675275313,TheEmptinessMachine,BBR,Throughput,HTTP/3
2025-05-02 13:16:20,stallRate,182.105000019073,4.33718631907697,TheEmptinessMachine,BBR,Throughput,HTTP/3
2025-05-02 13:16:22,stallRate,184.105000019073,4.28816750696902,TheEmptinessMachine,BBR,Throughput,HTTP/3
2025-05-02 13:16:24,stallRate,186.105000019073,4.23973359172121,TheEmptinessMachine,BBR,Throughput,HTTP/3
2025-05-02 13:16:26,stallRate,188.103999853134,4.1924537630058,TheEmptinessMachine,BBR,Throughput,HTTP/3
2025-05-02 13:16:28,stallRate,190.105000019073,4.14647084733015,TheEmptinessMachine,BBR,Throughput,HTTP/3
2025-05-02 13:16:30,stallRate,192.105000019073,4.30100191844136,TheEmptinessMachine,BBR,Throughput,HTTP/3
2025-05-02 13:16:34,stallRate,196.105000019073,4.3993076569074,TheEmptinessMachine,BBR,Throughput,HTTP/3
2025-05-02 13:16:36,stallRate,198.105000019073,4.35279316151281,TheEmptinessMachine,BBR,Throughput,HTTP/3
2025-05-02 13:16:38,stallRate,200.105000019073,4.30754402484134,TheEmptinessMachine,BBR,Throughput,HTTP/3
2025-05-02 13:16:40,stallRate,202.105000019073,4.71396504660723,TheEmptinessMachine,BBR,Throughput,HTTP/3
2025-05-02 13:16:44,stallRate,206.105000019073,4.77327521790283,TheEmptinessMachine,BBR,Throughput,HTTP/3
2025-05-02 13:16:46,stallRate,208.105000019073,4.72523416515745,TheEmptinessMachine,BBR,Throughput,HTTP/3
2025-05-02 13:17:28,stallRate,4.29299998283386,0.0,TheEmptinessMachine,Westwood,Dynamic,HTTP/1.1
2025-05-02 13:17:30,stallRate,6.29299998283386,0.736523330181885,TheEmptinessMachine,Westwood,Dynamic,HTTP/1.1
2025-05-02 13:17:32,stallRate,8.29299998283386,0.472003169693861,TheEmptinessMachine,Westwood,Dynamic,HTTP/1.1
2025-05-02 13:17:38,stallRate,14.2929999828339,24.076738573675,TheEmptinessMachine,Westwood,Dynamic,HTTP/1.1
2025-05-02 13:17:44,stallRate,20.2929999828339,30.9619972995604,TheEmptinessMachine,Westwood,Dynamic,HTTP/1.1
2025-05-02 13:17:46,stallRate,22.2929999828339,27.7779228843835,TheEmptinessMachine,Westwood,Dynamic,HTTP/1.1
2025-05-02 13:17:48,stallRate,24.2929999828339,25.1914954135176,TheEmptinessMachine,Westwood,Dynamic,HTTP/1.1
2025-05-02 13:17:50,stallRate,26.2929999828339,27.2721618317625,TheEmptinessMachine,Westwood,Dynamic,HTTP/1.1
2025-05-02 13:17:52,stallRate,28.2929999828339,25.1347717523884,TheEmptinessMachine,Westwood,Dynamic,HTTP/1.1
2025-05-02 13:17:54,stallRate,30.2929999828339,23.3081877822715,TheEmptinessMachine,Westwood,Dynamic,HTTP/1.1
2025-05-02 13:17:56,stallRate,32.2929999828339,21.7183837123338,TheEmptinessMachine,Westwood,Dynamic,HTTP/1.1
2025-05-02 13:17:58,stallRate,34.2929999828339,20.3405183057006,TheEmptinessMachine,Westwood,Dynamic,HTTP/1.1
2025-05-02 13:18:00,stallRate,36.2929999828339,19.1234824582825,TheEmptinessMachine,Westwood,Dynamic,HTTP/1.1
2025-05-02 13:18:02,stallRate,38.2920000553131,18.0437788458272,TheEmptinessMachine,Westwood,Dynamic,HTTP/1.1
2025-05-02 13:18:04,stallRate,40.2920000553131,17.084081616118,TheEmptinessMachine,Westwood,Dynamic,HTTP/1.1
2025-05-02 13:18:06,stallRate,42.2929999828339,16.2181207705147,TheEmptinessMachine,Westwood,Dynamic,HTTP/1.1
2025-05-02 13:18:08,stallRate,44.2929999828339,15.4358294494741,TheEmptinessMachine,Westwood,Dynamic,HTTP/1.1
2025-05-02 13:18:10,stallRate,46.2929999828339,14.7260800723099,TheEmptinessMachine,Westwood,Dynamic,HTTP/1.1
2025-05-02 13:18:12,stallRate,48.2929999828339,14.0790859174406,TheEmptinessMachine,Westwood,Dynamic,HTTP/1.1
2025-05-02 13:18:14,stallRate,50.2929999828339,13.4832598485625,TheEmptinessMachine,Westwood,Dynamic,HTTP/1.1
2025-05-02 13:18:16,stallRate,52.2920000553131,12.9412143614259,TheEmptinessMachine,Westwood,Dynamic,HTTP/1.1
2025-05-02 13:18:18,stallRate,54.2929999828339,12.4366451397754,TheEmptinessMachine,Westwood,Dynamic,HTTP/1.1
2025-05-02 13:18:20,stallRate,56.2929999828339,11.9705312526481,TheEmptinessMachine,Westwood,Dynamic,HTTP/1.1
2025-05-02 13:18:22,stallRate,58.2929999828339,11.538953007886,TheEmptinessMachine,Westwood,Dynamic,HTTP/1.1
2025-05-02 13:18:24,stallRate,60.2920000553131,11.1377286025779,TheEmptinessMachine,Westwood,Dynamic,HTTP/1.1
2025-05-02 13:18:26,stallRate,62.2929999828339,10.7632768948079,TheEmptinessMachine,Westwood,Dynamic,HTTP/1.1
2025-05-02 13:18:28,stallRate,64.2929999828339,10.4139397292495,TheEmptinessMachine,Westwood,Dynamic,HTTP/1.1
2025-05-02 13:18:30,stallRate,66.2929999828339,10.0842920253187,TheEmptinessMachine,Westwood,Dynamic,HTTP/1.1
2025-05-02 13:18:32,stallRate,68.2929999828339,9.77537600157797,TheEmptinessMachine,Westwood,Dynamic,HTTP/1.1
2025-05-02 13:18:34,stallRate,70.2929999828339,9.48642026744229,TheEmptinessMachine,Westwood,Dynamic,HTTP/1.1
2025-05-02 13:18:36,stallRate,72.2929999828339,9.21303725599236,TheEmptinessMachine,Westwood,Dynamic,HTTP/1.1
2025-05-02 13:18:38,stallRate,74.2929999828339,8.95519366014574,TheEmptinessMachine,Westwood,Dynamic,HTTP/1.1
2025-05-02 13:18:40,stallRate,76.2920000553131,9.47801248260955,TheEmptinessMachine,Westwood,Dynamic,HTTP/1.1
2025-05-02 13:18:42,stallRate,78.2929999828339,9.22699056829082,TheEmptinessMachine,Westwood,Dynamic,HTTP/1.1
2025-05-02 13:18:44,stallRate,80.2929999828339,8.98772947466498,TheEmptinessMachine,Westwood,Dynamic,HTTP/1.1
2025-05-02 13:18:46,stallRate,82.2920000553131,8.76294432287568,TheEmptinessMachine,Westwood,Dynamic,HTTP/1.1
2025-05-02 13:18:48,stallRate,84.2929999828339,8.5470307694937,TheEmptinessMachine,Westwood,Dynamic,HTTP/1.1
2025-05-02 13:18:50,stallRate,86.2929999828339,8.34176506560812,TheEmptinessMachine,Westwood,Dynamic,HTTP/1.1
2025-05-02 13:18:52,stallRate,88.2920000553131,8.14554059342675,TheEmptinessMachine,Westwood,Dynamic,HTTP/1.1
2025-05-02 13:18:54,stallRate,90.2929999828339,7.95970080067151,TheEmptinessMachine,Westwood,Dynamic,HTTP/1.1
2025-05-02 13:18:56,stallRate,92.2929999828339,7.78223988854615,TheEmptinessMachine,Westwood,Dynamic,HTTP/1.1
2025-05-02 13:18:58,stallRate,94.2929999828339,7.61126557166455,TheEmptinessMachine,Westwood,Dynamic,HTTP/1.1
2025-05-02 13:19:00,stallRate,96.2929999828339,7.4492066706316,TheEmptinessMachine,Westwood,Dynamic,HTTP/1.1
2025-05-02 13:19:02,stallRate,98.2929999828339,7.29298495964725,TheEmptinessMachine,Westwood,Dynamic,HTTP/1.1
2025-05-02 13:19:04,stallRate,100.292999982834,7.1431870085478,TheEmptinessMachine,Westwood,Dynamic,HTTP/1.1
2025-05-02 13:19:06,stallRate,102.292999982834,6.99959664536519,TheEmptinessMachine,Westwood,Dynamic,HTTP/1.1
2025-05-02 13:19:08,stallRate,104.292000055313,6.86188353126057,TheEmptinessMachine,Westwood,Dynamic,HTTP/1.1
2025-05-02 13:19:10,stallRate,106.292999982834,6.72957044374659,TheEmptinessMachine,Westwood,Dynamic,HTTP/1.1
2025-05-02 13:19:12,stallRate,108.292999982834,6.60204629132003,TheEmptinessMachine,Westwood,Dynamic,HTTP/1.1
2025-05-02 13:19:14,stallRate,110.292999982834,6.47944296870187,TheEmptinessMachine,Westwood,Dynamic,HTTP/1.1
2025-05-02 13:19:16,stallRate,112.292999982834,6.36086333015322,TheEmptinessMachine,Westwood,Dynamic,HTTP/1.1
2025-05-02 13:19:18,stallRate,114.292999982834,6.24708292516162,TheEmptinessMachine,Westwood,Dynamic,HTTP/1.1
2025-05-02 13:19:20,stallRate,116.292999982834,6.13653961912656,TheEmptinessMachine,Westwood,Dynamic,HTTP/1.1
2025-05-02 13:19:22,stallRate,118.292999982834,6.03036494853813,TheEmptinessMachine,Westwood,Dynamic,HTTP/1.1
2025-05-02 13:19:24,stallRate,120.292999982834,5.92757306082796,TheEmptinessMachine,Westwood,Dynamic,HTTP/1.1
2025-05-02 13:19:26,stallRate,122.292999982834,5.82831229504094,TheEmptinessMachine,Westwood,Dynamic,HTTP/1.1
2025-05-02 13:19:28,stallRate,124.292999982834,5.73244663640375,TheEmptinessMachine,Westwood,Dynamic,HTTP/1.1
2025-05-02 13:19:30,stallRate,126.292999982834,5.63972344553811,TheEmptinessMachine,Westwood,Dynamic,HTTP/1.1
2025-05-02 13:19:32,stallRate,128.292999982834,5.54942193847303,TheEmptinessMachine,Westwood,Dynamic,HTTP/1.1
2025-05-02 13:19:34,stallRate,130.292999982834,5.46253433424661,TheEmptinessMachine,Westwood,Dynamic,HTTP/1.1
2025-05-02 13:19:36,stallRate,132.292000055313,5.37797655629047,TheEmptinessMachine,Westwood,Dynamic,HTTP/1.1
2025-05-02 13:19:38,stallRate,134.292000055313,5.29614421270934,TheEmptinessMachine,Westwood,Dynamic,HTTP/1.1
2025-05-02 13:19:40,stallRate,136.292999982834,5.21642856289669,TheEmptinessMachine,Westwood,Dynamic,HTTP/1.1
2025-05-02 13:19:42,stallRate,138.292999982834,5.13962547289355,TheEmptinessMachine,Westwood,Dynamic,HTTP/1.1
2025-05-02 13:19:44,stallRate,140.292999982834,5.06505564084645,TheEmptinessMachine,Westwood,Dynamic,HTTP/1.1
2025-05-02 13:19:46,stallRate,142.292999982834,4.992078815937,TheEmptinessMachine,Westwood,Dynamic,HTTP/1.1
2025-05-02 13:19:48,stallRate,144.292999982834,4.92149152639131,TheEmptinessMachine,Westwood,Dynamic,HTTP/1.1
2025-05-02 13:19:50,stallRate,146.292999982834,4.8529059667504,TheEmptinessMachine,Westwood,Dynamic,HTTP/1.1
2025-05-02 13:19:52,stallRate,148.292000055313,4.78600597021657,TheEmptinessMachine,Westwood,Dynamic,HTTP/1.1
2025-05-02 13:19:54,stallRate,150.292000055313,4.72130677761539,TheEmptinessMachine,Westwood,Dynamic,HTTP/1.1
2025-05-02 13:19:56,stallRate,152.292000055313,4.65835518018323,TheEmptinessMachine,Westwood,Dynamic,HTTP/1.1
2025-05-02 13:19:58,stallRate,154.292999982834,4.59654484057595,TheEmptinessMachine,Westwood,Dynamic,HTTP/1.1
2025-05-02 13:20:00,stallRate,156.292999982834,4.53691814568444,TheEmptinessMachine,Westwood,Dynamic,HTTP/1.1
2025-05-02 13:20:02,stallRate,158.292999982834,4.47848197757303,TheEmptinessMachine,Westwood,Dynamic,HTTP/1.1
2025-05-02 13:20:04,stallRate,160.292999982834,4.42154716221784,TheEmptinessMachine,Westwood,Dynamic,HTTP/1.1
2025-05-02 13:20:06,stallRate,162.292999982834,4.36612220556779,TheEmptinessMachine,Westwood,Dynamic,HTTP/1.1
2025-05-02 13:20:08,stallRate,164.292999982834,4.31204288646053,TheEmptinessMachine,Westwood,Dynamic,HTTP/1.1
2025-05-02 13:20:10,stallRate,166.292999982834,4.25895328789816,TheEmptinessMachine,Westwood,Dynamic,HTTP/1.1
2025-05-02 13:20:12,stallRate,168.292999982834,4.20742224816816,TheEmptinessMachine,Westwood,Dynamic,HTTP/1.1
2025-05-02 13:20:14,stallRate,170.292999982834,4.15688338175964,TheEmptinessMachine,Westwood,Dynamic,HTTP/1.1
2025-05-02 13:20:16,stallRate,172.292999982834,4.10814474665159,TheEmptinessMachine,Westwood,Dynamic,HTTP/1.1
2025-05-02 13:20:18,stallRate,174.292999982834,4.06006606137207,TheEmptinessMachine,Westwood,Dynamic,HTTP/1.1
2025-05-02 13:20:20,stallRate,176.292999982834,4.01342592298544,TheEmptinessMachine,Westwood,Dynamic,HTTP/1.1
2025-05-02 13:20:22,stallRate,178.292999982834,3.96774763663611,TheEmptinessMachine,Westwood,Dynamic,HTTP/1.1
2025-05-02 13:20:24,stallRate,180.292999982834,3.92318725136018,TheEmptinessMachine,Westwood,Dynamic,HTTP/1.1
2025-05-02 13:20:26,stallRate,182.292999982834,3.8793694236589,TheEmptinessMachine,Westwood,Dynamic,HTTP/1.1
2025-05-02 13:20:28,stallRate,184.292999982834,3.8365794972298,TheEmptinessMachine,Westwood,Dynamic,HTTP/1.1
2025-05-02 13:20:30,stallRate,186.292999982834,3.79478629176763,TheEmptinessMachine,Westwood,Dynamic,HTTP/1.1
2025-05-02 13:20:32,stallRate,188.292999982834,3.75389128512066,TheEmptinessMachine,Westwood,Dynamic,HTTP/1.1
2025-05-02 13:20:34,stallRate,190.292999982834,3.71393983969051,TheEmptinessMachine,Westwood,Dynamic,HTTP/1.1
2025-05-02 13:20:36,stallRate,192.292999982834,3.67479665041376,TheEmptinessMachine,Westwood,Dynamic,HTTP/1.1
2025-05-02 13:20:38,stallRate,194.292999982834,3.63647262603357,TheEmptinessMachine,Westwood,Dynamic,HTTP/1.1
2025-05-02 13:20:40,stallRate,196.292999982834,3.70843574287664,TheEmptinessMachine,Westwood,Dynamic,HTTP/1.1
2025-05-02 13:20:42,stallRate,198.292999982834,3.67061241855311,TheEmptinessMachine,Westwood,Dynamic,HTTP/1.1
2025-05-02 13:20:44,stallRate,200.292999982834,3.63332543048717,TheEmptinessMachine,Westwood,Dynamic,HTTP/1.1
2025-05-02 13:20:46,stallRate,202.292999982834,3.59680540013555,TheEmptinessMachine,Westwood,Dynamic,HTTP/1.1
2025-05-02 13:20:48,stallRate,204.292999982834,3.56109910008791,TheEmptinessMachine,Westwood,Dynamic,HTTP/1.1
2025-05-02 13:20:50,stallRate,206.292999982834,3.52612583236303,TheEmptinessMachine,Westwood,Dynamic,HTTP/1.1
2025-05-02 13:21:30,stallRate,4.13800001144409,0.0,TheEmptinessMachine,Westwood,Dynamic,HTTP/2
2025-05-02 13:21:32,stallRate,6.13800001144409,2.13270023066836,TheEmptinessMachine,Westwood,Dynamic,HTTP/2
2025-05-02 13:21:34,stallRate,8.13800001144409,1.30632848418123,TheEmptinessMachine,Westwood,Dynamic,HTTP/2
2025-05-02 13:21:38,stallRate,12.1380000114441,46.6061928169795,TheEmptinessMachine,Westwood,Dynamic,HTTP/2
2025-05-02 13:21:40,stallRate,14.1380000114441,36.6148621717909,TheEmptinessMachine,Westwood,Dynamic,HTTP/2
2025-05-02 13:21:42,stallRate,16.1380000114441,29.0286274404419,TheEmptinessMachine,Westwood,Dynamic,HTTP/2
2025-05-02 13:21:44,stallRate,18.1380000114441,24.0551619046427,TheEmptinessMachine,Westwood,Dynamic,HTTP/2
2025-05-02 13:21:46,stallRate,20.1380000114441,20.5375290898288,TheEmptinessMachine,Westwood,Dynamic,HTTP/2
2025-05-02 13:21:48,stallRate,22.1380000114441,17.9221978996223,TheEmptinessMachine,Westwood,Dynamic,HTTP/2
2025-05-02 13:21:50,stallRate,24.1380000114441,15.8846658865211,TheEmptinessMachine,Westwood,Dynamic,HTTP/2
2025-05-02 13:21:52,stallRate,26.1380000114441,14.2743004211734,TheEmptinessMachine,Westwood,Dynamic,HTTP/2
2025-05-02 13:21:54,stallRate,28.1380000114441,12.9517260359092,TheEmptinessMachine,Westwood,Dynamic,HTTP/2
2025-05-02 13:21:56,stallRate,30.1380000114441,11.8573587908137,TheEmptinessMachine,Westwood,Dynamic,HTTP/2
2025-05-02 13:21:58,stallRate,32.1380000114441,10.9284669953222,TheEmptinessMachine,Westwood,Dynamic,HTTP/2
2025-05-02 13:22:00,stallRate,34.1380000114441,10.1437735544173,TheEmptinessMachine,Westwood,Dynamic,HTTP/2
2025-05-02 13:22:02,stallRate,36.1380000114441,9.45815029940452,TheEmptinessMachine,Westwood,Dynamic,HTTP/2
2025-05-02 13:22:04,stallRate,38.1380000114441,8.86320726155196,TheEmptinessMachine,Westwood,Dynamic,HTTP/2
2025-05-02 13:22:06,stallRate,40.1380000114441,8.33670549743225,TheEmptinessMachine,Westwood,Dynamic,HTTP/2
2025-05-02 13:22:08,stallRate,42.1380000114441,7.86840564754634,TheEmptinessMachine,Westwood,Dynamic,HTTP/2
2025-05-02 13:22:10,stallRate,44.1380000114441,7.45049043091949,TheEmptinessMachine,Westwood,Dynamic,HTTP/2
2025-05-02 13:22:12,stallRate,46.1380000114441,7.07551096740588,TheEmptinessMachine,Westwood,Dynamic,HTTP/2
2025-05-02 13:22:14,stallRate,48.1380000114441,6.73619755096415,TheEmptinessMachine,Westwood,Dynamic,HTTP/2
2025-05-02 13:22:16,stallRate,50.1380000114441,6.42630959773295,TheEmptinessMachine,Westwood,Dynamic,HTTP/2
2025-05-02 13:22:18,stallRate,52.1380000114441,6.1467668000839,TheEmptinessMachine,Westwood,Dynamic,HTTP/2
2025-05-02 13:22:20,stallRate,54.1380000114441,5.88812289393033,TheEmptinessMachine,Westwood,Dynamic,HTTP/2
2025-05-02 13:22:22,stallRate,56.1380000114441,5.65199016903251,TheEmptinessMachine,Westwood,Dynamic,HTTP/2
2025-05-02 13:22:24,stallRate,58.1380000114441,5.43319424768917,TheEmptinessMachine,Westwood,Dynamic,HTTP/2
2025-05-02 13:22:26,stallRate,60.1380000114441,5.23036687090407,TheEmptinessMachine,Westwood,Dynamic,HTTP/2
2025-05-02 13:22:28,stallRate,62.1380000114441,5.04335653357907,TheEmptinessMachine,Westwood,Dynamic,HTTP/2
2025-05-02 13:22:30,stallRate,64.1380000114441,5.62965677231953,TheEmptinessMachine,Westwood,Dynamic,HTTP/2
2025-05-02 13:22:32,stallRate,66.1380000114441,5.44206337263312,TheEmptinessMachine,Westwood,Dynamic,HTTP/2
2025-05-02 13:22:34,stallRate,68.1380000114441,7.72211343778634,TheEmptinessMachine,Westwood,Dynamic,HTTP/2
2025-05-02 13:22:36,stallRate,70.1380000114441,7.94817545220054,TheEmptinessMachine,Westwood,Dynamic,HTTP/2
2025-05-02 13:22:38,stallRate,72.1380000114441,7.70660710588956,TheEmptinessMachine,Westwood,Dynamic,HTTP/2
2025-05-02 13:22:40,stallRate,74.1380000114441,7.51905333606874,TheEmptinessMachine,Westwood,Dynamic,HTTP/2
2025-05-02 13:22:42,stallRate,76.1380000114441,7.30211628335473,TheEmptinessMachine,Westwood,Dynamic,HTTP/2
2025-05-02 13:22:44,stallRate,78.1380000114441,7.09926279108932,TheEmptinessMachine,Westwood,Dynamic,HTTP/2
2025-05-02 13:22:46,stallRate,80.1380000114441,6.90627237970991,TheEmptinessMachine,Westwood,Dynamic,HTTP/2
2025-05-02 13:22:48,stallRate,82.1380000114441,6.72365921386492,TheEmptinessMachine,Westwood,Dynamic,HTTP/2
2025-05-02 13:22:50,stallRate,84.1380000114441,6.54968364799273,TheEmptinessMachine,Westwood,Dynamic,HTTP/2
2025-05-02 13:22:52,stallRate,86.1380000114441,6.38568150140596,TheEmptinessMachine,Westwood,Dynamic,HTTP/2
2025-05-02 13:22:54,stallRate,88.1380000114441,6.22929618265917,TheEmptinessMachine,Westwood,Dynamic,HTTP/2
2025-05-02 13:22:56,stallRate,90.1380000114441,6.0800936263939,TheEmptinessMachine,Westwood,Dynamic,HTTP/2
2025-05-02 13:22:58,stallRate,92.1380000114441,5.93803297457642,TheEmptinessMachine,Westwood,Dynamic,HTTP/2
2025-05-02 13:23:00,stallRate,94.1380000114441,5.8028050204241,TheEmptinessMachine,Westwood,Dynamic,HTTP/2
2025-05-02 13:23:02,stallRate,96.1380000114441,5.67355024068039,TheEmptinessMachine,Westwood,Dynamic,HTTP/2
2025-05-02 13:23:04,stallRate,98.1380000114441,5.5492136298401,TheEmptinessMachine,Westwood,Dynamic,HTTP/2
2025-05-02 13:23:06,stallRate,100.138000011444,5.43101505517555,TheEmptinessMachine,Westwood,Dynamic,HTTP/2
2025-05-02 13:23:08,stallRate,102.138000011444,5.55955717132107,TheEmptinessMachine,Westwood,Dynamic,HTTP/2
2025-05-02 13:23:12,stallRate,106.138000011444,6.54110951559926,TheEmptinessMachine,Westwood,Dynamic,HTTP/2
2025-05-02 13:23:16,stallRate,110.138000011444,6.49126129519814,TheEmptinessMachine,Westwood,Dynamic,HTTP/2
2025-05-02 13:23:18,stallRate,112.138000011444,7.14066512921054,TheEmptinessMachine,Westwood,Dynamic,HTTP/2
2025-05-02 13:23:20,stallRate,114.138000011444,7.00619829389453,TheEmptinessMachine,Westwood,Dynamic,HTTP/2
2025-05-02 13:23:22,stallRate,116.138000011444,7.10855956406473,TheEmptinessMachine,Westwood,Dynamic,HTTP/2
2025-05-02 13:23:24,stallRate,118.138000011444,6.97999755177632,TheEmptinessMachine,Westwood,Dynamic,HTTP/2
2025-05-02 13:23:26,stallRate,120.138000011444,6.8561593466115,TheEmptinessMachine,Westwood,Dynamic,HTTP/2
2025-05-02 13:23:28,stallRate,122.138000011444,6.73660143609381,TheEmptinessMachine,Westwood,Dynamic,HTTP/2
2025-05-02 13:23:30,stallRate,124.138000011444,6.62031969415914,TheEmptinessMachine,Westwood,Dynamic,HTTP/2
2025-05-02 13:23:32,stallRate,126.138000011444,6.50858580147957,TheEmptinessMachine,Westwood,Dynamic,HTTP/2
2025-05-02 13:23:34,stallRate,128.138000011444,6.40010579182969,TheEmptinessMachine,Westwood,Dynamic,HTTP/2
2025-05-02 13:23:36,stallRate,130.138000011444,6.29640000795995,TheEmptinessMachine,Westwood,Dynamic,HTTP/2
2025-05-02 13:23:38,stallRate,132.138000011444,6.19507378992913,TheEmptinessMachine,Westwood,Dynamic,HTTP/2
2025-05-02 13:23:40,stallRate,134.138000011444,6.09703670456159,TheEmptinessMachine,Westwood,Dynamic,HTTP/2
2025-05-02 13:23:42,stallRate,136.138000011444,6.00271218387131,TheEmptinessMachine,Westwood,Dynamic,HTTP/2
2025-05-02 13:23:44,stallRate,138.138000011444,5.91073648177709,TheEmptinessMachine,Westwood,Dynamic,HTTP/2
2025-05-02 13:23:46,stallRate,140.138000011444,5.82161675188906,TheEmptinessMachine,Westwood,Dynamic,HTTP/2
2025-05-02 13:23:48,stallRate,142.138000011444,5.73497931804715,TheEmptinessMachine,Westwood,Dynamic,HTTP/2
2025-05-02 13:23:50,stallRate,144.138000011444,5.65128452688771,TheEmptinessMachine,Westwood,Dynamic,HTTP/2
2025-05-02 13:23:52,stallRate,146.138000011444,5.56945924607292,TheEmptinessMachine,Westwood,Dynamic,HTTP/2
2025-05-02 13:23:54,stallRate,148.138000011444,5.49012567254012,TheEmptinessMachine,Westwood,Dynamic,HTTP/2
2025-05-02 13:23:56,stallRate,150.138000011444,5.41317453866061,TheEmptinessMachine,Westwood,Dynamic,HTTP/2
2025-05-02 13:23:58,stallRate,152.138000011444,5.33839820769372,TheEmptinessMachine,Westwood,Dynamic,HTTP/2
2025-05-02 13:24:00,stallRate,154.138000011444,5.26506155287349,TheEmptinessMachine,Westwood,Dynamic,HTTP/2
2025-05-02 13:24:02,stallRate,156.138000011444,5.19454176834448,TheEmptinessMachine,Westwood,Dynamic,HTTP/2
2025-05-02 13:24:04,stallRate,158.138000011444,5.12548719256195,TheEmptinessMachine,Westwood,Dynamic,HTTP/2
2025-05-02 13:24:06,stallRate,160.138000011444,5.05822487890118,TheEmptinessMachine,Westwood,Dynamic,HTTP/2
2025-05-02 13:24:08,stallRate,162.138000011444,4.99251268855817,TheEmptinessMachine,Westwood,Dynamic,HTTP/2
2025-05-02 13:24:10,stallRate,164.138000011444,4.92857966576523,TheEmptinessMachine,Westwood,Dynamic,HTTP/2
2025-05-02 13:24:12,stallRate,166.138000011444,4.86674237890288,TheEmptinessMachine,Westwood,Dynamic,HTTP/2
2025-05-02 13:24:14,stallRate,168.138000011444,4.80607818460919,TheEmptinessMachine,Westwood,Dynamic,HTTP/2
2025-05-02 13:24:16,stallRate,170.138000011444,4.74699029072043,TheEmptinessMachine,Westwood,Dynamic,HTTP/2
2025-05-02 13:24:18,stallRate,172.138000011444,4.6889266586517,TheEmptinessMachine,Westwood,Dynamic,HTTP/2
2025-05-02 13:24:20,stallRate,174.138000011444,4.63292178936239,TheEmptinessMachine,Westwood,Dynamic,HTTP/2
2025-05-02 13:24:22,stallRate,176.138000011444,4.57789984876363,TheEmptinessMachine,Westwood,Dynamic,HTTP/2
2025-05-02 13:24:24,stallRate,178.138000011444,4.52426467921389,TheEmptinessMachine,Westwood,Dynamic,HTTP/2
2025-05-02 13:24:26,stallRate,180.138000011444,4.4719163628234,TheEmptinessMachine,Westwood,Dynamic,HTTP/2
2025-05-02 13:24:28,stallRate,182.138000011444,4.42077678887835,TheEmptinessMachine,Westwood,Dynamic,HTTP/2
2025-05-02 13:24:30,stallRate,184.138000011444,4.37057450918703,TheEmptinessMachine,Westwood,Dynamic,HTTP/2
2025-05-02 13:24:32,stallRate,186.138000011444,4.32180783754639,TheEmptinessMachine,Westwood,Dynamic,HTTP/2
2025-05-02 13:24:34,stallRate,188.138000011444,4.27412640962342,TheEmptinessMachine,Westwood,Dynamic,HTTP/2
2025-05-02 13:24:36,stallRate,190.138000011444,4.22708915754724,TheEmptinessMachine,Westwood,Dynamic,HTTP/2
2025-05-02 13:24:38,stallRate,192.138000011444,4.18124610003521,TheEmptinessMachine,Westwood,Dynamic,HTTP/2
2025-05-02 13:24:40,stallRate,194.138000011444,4.13646826798981,TheEmptinessMachine,Westwood,Dynamic,HTTP/2
2025-05-02 13:24:42,stallRate,196.138000011444,4.09271294744868,TheEmptinessMachine,Westwood,Dynamic,HTTP/2
2025-05-02 13:24:44,stallRate,198.138999938965,4.04959570802128,TheEmptinessMachine,Westwood,Dynamic,HTTP/2
2025-05-02 13:24:46,stallRate,200.138000011444,4.00743294410151,TheEmptinessMachine,Westwood,Dynamic,HTTP/2
2025-05-02 13:24:48,stallRate,202.138000011444,3.96626019295821,TheEmptinessMachine,Westwood,Dynamic,HTTP/2
2025-05-02 13:24:50,stallRate,204.138000011444,3.92595933481804,TheEmptinessMachine,Westwood,Dynamic,HTTP/2
2025-05-02 13:24:52,stallRate,206.138000011444,3.88646877517874,TheEmptinessMachine,Westwood,Dynamic,HTTP/2
2025-05-02 13:24:54,stallRate,208.138000011444,3.84785314254179,TheEmptinessMachine,Westwood,Dynamic,HTTP/2
2025-05-02 13:24:56,stallRate,210.138000011444,3.80971848311698,TheEmptinessMachine,Westwood,Dynamic,HTTP/2
2025-05-02 13:25:30,stallRate,8.09299993515015,0.0,TheEmptinessMachine,Westwood,Dynamic,HTTP/3
2025-05-02 13:25:34,stallRate,12.0939998626709,0.0,TheEmptinessMachine,Westwood,Dynamic,HTTP/3
2025-05-02 13:25:36,stallRate,14.0939998626709,0.0,TheEmptinessMachine,Westwood,Dynamic,HTTP/3
2025-05-02 13:25:40,stallRate,18.0939998626709,0.0,TheEmptinessMachine,Westwood,Dynamic,HTTP/3
2025-05-02 13:25:42,stallRate,20.0939998626709,0.0,TheEmptinessMachine,Westwood,Dynamic,HTTP/3
2025-05-02 13:25:44,stallRate,22.0939998626709,0.0,TheEmptinessMachine,Westwood,Dynamic,HTTP/3
2025-05-02 13:25:46,stallRate,24.0939998626709,0.0,TheEmptinessMachine,Westwood,Dynamic,HTTP/3
2025-05-02 13:25:48,stallRate,26.0939998626709,3.05621113950615,TheEmptinessMachine,Westwood,Dynamic,HTTP/3
2025-05-02 13:25:50,stallRate,28.0929999351501,2.81030164101347,TheEmptinessMachine,Westwood,Dynamic,HTTP/3
2025-05-02 13:25:52,stallRate,30.0939998626709,2.65437394174538,TheEmptinessMachine,Westwood,Dynamic,HTTP/3
2025-05-02 13:25:56,stallRate,34.0939998626709,6.40693417997364,TheEmptinessMachine,Westwood,Dynamic,HTTP/3
2025-05-02 13:25:58,stallRate,36.0939998626709,6.12035041735874,TheEmptinessMachine,Westwood,Dynamic,HTTP/3
2025-05-02 13:26:00,stallRate,38.0939998626709,6.13277243122092,TheEmptinessMachine,Westwood,Dynamic,HTTP/3
2025-05-02 13:26:14,stallRate,52.0939998626709,13.019148548048,TheEmptinessMachine,Westwood,Dynamic,HTTP/3
2025-05-02 13:26:18,stallRate,56.0939998626709,12.0017913926902,TheEmptinessMachine,Westwood,Dynamic,HTTP/3
2025-05-02 13:26:22,stallRate,60.0939998626709,11.1356584230721,TheEmptinessMachine,Westwood,Dynamic,HTTP/3
2025-05-02 13:26:28,stallRate,66.0939998626709,10.0445821403972,TheEmptinessMachine,Westwood,Dynamic,HTTP/3
2025-05-02 13:26:32,stallRate,70.0939998626709,9.42911295885672,TheEmptinessMachine,Westwood,Dynamic,HTTP/3
2025-05-02 13:26:34,stallRate,72.0939998626709,9.14933757124036,TheEmptinessMachine,Westwood,Dynamic,HTTP/3
2025-05-02 13:26:38,stallRate,76.0939998626709,8.63776704749554,TheEmptinessMachine,Westwood,Dynamic,HTTP/3
2025-05-02 13:26:40,stallRate,78.0939998626709,8.40208361265746,TheEmptinessMachine,Westwood,Dynamic,HTTP/3
2025-05-02 13:26:42,stallRate,80.0939998626709,8.17920595563004,TheEmptinessMachine,Westwood,Dynamic,HTTP/3
2025-05-02 13:26:44,stallRate,82.0939998626709,7.96907752142421,TheEmptinessMachine,Westwood,Dynamic,HTTP/3
2025-05-02 13:26:46,stallRate,84.0939998626709,7.76800403948352,TheEmptinessMachine,Westwood,Dynamic,HTTP/3
2025-05-02 13:26:48,stallRate,86.0939998626709,7.57688006828882,TheEmptinessMachine,Westwood,Dynamic,HTTP/3
2025-05-02 13:26:50,stallRate,88.0939998626709,7.39495574930507,TheEmptinessMachine,Westwood,Dynamic,HTTP/3
2025-05-02 13:26:52,stallRate,90.0939998626709,7.22174011869665,TheEmptinessMachine,Westwood,Dynamic,HTTP/3
2025-05-02 13:26:54,stallRate,92.0939998626709,7.05649161679504,TheEmptinessMachine,Westwood,Dynamic,HTTP/3
2025-05-02 13:26:56,stallRate,94.0939998626709,6.89719918961676,TheEmptinessMachine,Westwood,Dynamic,HTTP/3
2025-05-02 13:26:58,stallRate,96.0939998626709,6.7468117608327,TheEmptinessMachine,Westwood,Dynamic,HTTP/3
2025-05-02 13:27:00,stallRate,98.0929999351501,6.60201543798433,TheEmptinessMachine,Westwood,Dynamic,HTTP/3
2025-05-02 13:27:02,stallRate,100.093999862671,6.46406252012293,TheEmptinessMachine,Westwood,Dynamic,HTTP/3
2025-05-02 13:27:04,stallRate,102.09299993515,6.33113037097566,TheEmptinessMachine,Westwood,Dynamic,HTTP/3
2025-05-02 13:27:06,stallRate,104.093999862671,6.20354442640381,TheEmptinessMachine,Westwood,Dynamic,HTTP/3
2025-05-02 13:27:08,stallRate,106.093999862671,6.08115123520553,TheEmptinessMachine,Westwood,Dynamic,HTTP/3
2025-05-02 13:27:10,stallRate,108.093999862671,5.96349334339186,TheEmptinessMachine,Westwood,Dynamic,HTTP/3
2025-05-02 13:27:12,stallRate,110.093999862671,5.85037776617842,TheEmptinessMachine,Westwood,Dynamic,HTTP/3
2025-05-02 13:27:14,stallRate,112.093999862671,5.74156228507265,TheEmptinessMachine,Westwood,Dynamic,HTTP/3
2025-05-02 13:27:16,stallRate,114.093999862671,5.63664516468537,TheEmptinessMachine,Westwood,Dynamic,HTTP/3
2025-05-02 13:27:18,stallRate,116.09299993515,5.53547825965324,TheEmptinessMachine,Westwood,Dynamic,HTTP/3
2025-05-02 13:27:20,stallRate,118.093999862671,5.43796031552762,TheEmptinessMachine,Westwood,Dynamic,HTTP/3
2025-05-02 13:27:22,stallRate,120.093999862671,5.34323988618197,TheEmptinessMachine,Westwood,Dynamic,HTTP/3
2025-05-02 13:27:24,stallRate,122.093999862671,5.25189660862681,TheEmptinessMachine,Westwood,Dynamic,HTTP/3
2025-05-02 13:27:26,stallRate,124.093999862671,5.16375191531184,TheEmptinessMachine,Westwood,Dynamic,HTTP/3
2025-05-02 13:27:28,stallRate,126.09299993515,5.07871195270882,TheEmptinessMachine,Westwood,Dynamic,HTTP/3
2025-05-02 13:27:30,stallRate,128.093999862671,4.99644637523071,TheEmptinessMachine,Westwood,Dynamic,HTTP/3
2025-05-02 13:27:32,stallRate,130.093999862671,4.91684892175869,TheEmptinessMachine,Westwood,Dynamic,HTTP/3
2025-05-02 13:27:34,stallRate,132.093999862671,4.83970582274649,TheEmptinessMachine,Westwood,Dynamic,HTTP/3
2025-05-02 13:27:38,stallRate,136.09299993515,4.69251528997041,TheEmptinessMachine,Westwood,Dynamic,HTTP/3
2025-05-02 13:27:44,stallRate,142.093999862671,4.48710224083206,TheEmptinessMachine,Westwood,Dynamic,HTTP/3
2025-05-02 13:27:46,stallRate,144.093999862671,4.4229444570773,TheEmptinessMachine,Westwood,Dynamic,HTTP/3
2025-05-02 13:27:48,stallRate,146.093999862671,4.36017744872366,TheEmptinessMachine,Westwood,Dynamic,HTTP/3
2025-05-02 13:27:50,stallRate,148.093999862671,4.29929598270804,TheEmptinessMachine,Westwood,Dynamic,HTTP/3
2025-05-02 13:27:52,stallRate,150.093999862671,4.24015478619973,TheEmptinessMachine,Westwood,Dynamic,HTTP/3
2025-05-02 13:27:54,stallRate,152.093999862671,4.18265749503721,TheEmptinessMachine,Westwood,Dynamic,HTTP/3
2025-05-02 13:27:56,stallRate,154.093999862671,4.12643615006692,TheEmptinessMachine,Westwood,Dynamic,HTTP/3
2025-05-02 13:27:58,stallRate,156.093999862671,4.07205466456586,TheEmptinessMachine,Westwood,Dynamic,HTTP/3
2025-05-02 13:28:00,stallRate,158.093999862671,4.01910786123217,TheEmptinessMachine,Westwood,Dynamic,HTTP/3
2025-05-02 13:28:02,stallRate,160.093999862671,3.96735833327803,TheEmptinessMachine,Westwood,Dynamic,HTTP/3
2025-05-02 13:28:04,stallRate,162.093999862671,3.91678378152434,TheEmptinessMachine,Westwood,Dynamic,HTTP/3
2025-05-02 13:28:06,stallRate,164.093999862671,3.86754033454915,TheEmptinessMachine,Westwood,Dynamic,HTTP/3
2025-05-02 13:28:08,stallRate,166.093999862671,3.81958652975741,TheEmptinessMachine,Westwood,Dynamic,HTTP/3
2025-05-02 13:28:10,stallRate,168.09299993515,3.77282079448888,TheEmptinessMachine,Westwood,Dynamic,HTTP/3
2025-05-02 13:28:12,stallRate,170.093999862671,3.72721666571274,TheEmptinessMachine,Westwood,Dynamic,HTTP/3
2025-05-02 13:28:14,stallRate,172.093999862671,3.68234715018844,TheEmptinessMachine,Westwood,Dynamic,HTTP/3
2025-05-02 13:28:16,stallRate,174.093999862671,3.63880371327055,TheEmptinessMachine,Westwood,Dynamic,HTTP/3
2025-05-02 13:28:22,stallRate,180.093999862671,4.22802351700738,TheEmptinessMachine,Westwood,Dynamic,HTTP/3
2025-05-02 13:28:24,stallRate,182.093999862671,4.17970680788531,TheEmptinessMachine,Westwood,Dynamic,HTTP/3
2025-05-02 13:28:26,stallRate,184.09299993515,4.13275634601443,TheEmptinessMachine,Westwood,Dynamic,HTTP/3
2025-05-02 13:28:28,stallRate,186.093999862671,4.08662594487823,TheEmptinessMachine,Westwood,Dynamic,HTTP/3
2025-05-02 13:28:30,stallRate,188.093999862671,4.04181268495344,TheEmptinessMachine,Westwood,Dynamic,HTTP/3
2025-05-02 13:28:32,stallRate,190.09299993515,3.99763533826926,TheEmptinessMachine,Westwood,Dynamic,HTTP/3
2025-05-02 13:28:34,stallRate,192.093999862671,3.95472383583052,TheEmptinessMachine,Westwood,Dynamic,HTTP/3
2025-05-02 13:28:36,stallRate,194.093999862671,3.91246324631051,TheEmptinessMachine,Westwood,Dynamic,HTTP/3
2025-05-02 13:28:38,stallRate,196.093999862671,3.87107244476261,TheEmptinessMachine,Westwood,Dynamic,HTTP/3
2025-05-02 13:28:40,stallRate,198.093999862671,3.83060406607803,TheEmptinessMachine,Westwood,Dynamic,HTTP/3
2025-05-02 13:28:42,stallRate,200.093999862671,3.79101043476638,TheEmptinessMachine,Westwood,Dynamic,HTTP/3
2025-05-02 13:28:44,stallRate,202.093999862671,3.75225872940182,TheEmptinessMachine,Westwood,Dynamic,HTTP/3
2025-05-02 13:28:46,stallRate,204.093999862671,3.71427502144546,TheEmptinessMachine,Westwood,Dynamic,HTTP/3
2025-05-02 13:28:48,stallRate,206.093999862671,3.67706228982451,TheEmptinessMachine,Westwood,Dynamic,HTTP/3
2025-05-02 13:29:33,stallRate,8.29999995231628,20.4340316316981,TheEmptinessMachine,Westwood,Bola,HTTP/1.1
2025-05-02 13:29:35,stallRate,10.2999999523163,15.1884468314657,TheEmptinessMachine,Westwood,Bola,HTTP/1.1
2025-05-02 13:29:39,stallRate,14.2990000247955,10.0118116980248,TheEmptinessMachine,Westwood,Bola,HTTP/1.1
2025-05-02 13:29:41,stallRate,16.2999999523163,8.54915781041495,TheEmptinessMachine,Westwood,Bola,HTTP/1.1
2025-05-02 13:29:45,stallRate,20.2999999523163,6.61399186872584,TheEmptinessMachine,Westwood,Bola,HTTP/1.1
2025-05-02 13:29:47,stallRate,22.2990000247955,5.94710192534431,TheEmptinessMachine,Westwood,Bola,HTTP/1.1
2025-05-02 13:29:49,stallRate,24.2999999523163,5.39719542889665,TheEmptinessMachine,Westwood,Bola,HTTP/1.1
2025-05-02 13:29:51,stallRate,26.2999999523163,5.15339246211892,TheEmptinessMachine,Westwood,Bola,HTTP/1.1
2025-05-02 13:29:53,stallRate,28.2999999523163,4.75276817652454,TheEmptinessMachine,Westwood,Bola,HTTP/1.1
2025-05-02 13:29:55,stallRate,30.2999999523163,4.41010720136263,TheEmptinessMachine,Westwood,Bola,HTTP/1.1
2025-05-02 13:29:57,stallRate,32.2999999523163,5.38284354613223,TheEmptinessMachine,Westwood,Bola,HTTP/1.1
2025-05-02 13:29:59,stallRate,34.2990000247955,5.04257619124127,TheEmptinessMachine,Westwood,Bola,HTTP/1.1
2025-05-02 13:30:01,stallRate,36.2999999523163,4.74350295843158,TheEmptinessMachine,Westwood,Bola,HTTP/1.1
2025-05-02 13:30:03,stallRate,38.2999999523163,4.4781968779534,TheEmptinessMachine,Westwood,Bola,HTTP/1.1
2025-05-02 13:30:05,stallRate,40.2999999523163,4.24021009738621,TheEmptinessMachine,Westwood,Bola,HTTP/1.1
2025-05-02 13:30:07,stallRate,42.2990000247955,4.02631029373836,TheEmptinessMachine,Westwood,Bola,HTTP/1.1
2025-05-02 13:30:09,stallRate,44.2990000247955,3.83324533629887,TheEmptinessMachine,Westwood,Bola,HTTP/1.1
2025-05-02 13:30:11,stallRate,46.2999999523163,3.65833386696732,TheEmptinessMachine,Westwood,Bola,HTTP/1.1
2025-05-02 13:30:13,stallRate,48.2990000247955,3.49851355588505,TheEmptinessMachine,Westwood,Bola,HTTP/1.1
2025-05-02 13:30:15,stallRate,50.2990000247955,3.35132074606602,TheEmptinessMachine,Westwood,Bola,HTTP/1.1
2025-05-02 13:30:17,stallRate,52.2999999523163,3.21740409383382,TheEmptinessMachine,Westwood,Bola,HTTP/1.1
2025-05-02 13:30:19,stallRate,54.2999999523163,3.09267060372834,TheEmptinessMachine,Westwood,Bola,HTTP/1.1
2025-05-02 13:30:21,stallRate,56.2999999523163,2.97795842346537,TheEmptinessMachine,Westwood,Bola,HTTP/1.1
2025-05-02 13:30:23,stallRate,58.2999999523163,2.8710334160067,TheEmptinessMachine,Westwood,Bola,HTTP/1.1
2025-05-02 13:30:25,stallRate,60.2999999523163,2.7713743655284,TheEmptinessMachine,Westwood,Bola,HTTP/1.1
2025-05-02 13:30:27,stallRate,62.2999999523163,2.67901558587658,TheEmptinessMachine,Westwood,Bola,HTTP/1.1
2025-05-02 13:30:29,stallRate,64.2999999523163,2.59197189618563,TheEmptinessMachine,Westwood,Bola,HTTP/1.1
2025-05-02 13:30:31,stallRate,66.2999999523163,2.51063292036091,TheEmptinessMachine,Westwood,Bola,HTTP/1.1
2025-05-02 13:30:33,stallRate,68.2990000247955,2.43430499560469,TheEmptinessMachine,Westwood,Bola,HTTP/1.1
2025-05-02 13:30:35,stallRate,70.2990000247955,2.36215264835135,TheEmptinessMachine,Westwood,Bola,HTTP/1.1
2025-05-02 13:30:37,stallRate,72.2999999523163,2.29420363389663,TheEmptinessMachine,Westwood,Bola,HTTP/1.1
2025-05-02 13:30:39,stallRate,74.2999999523163,2.23018493182539,TheEmptinessMachine,Westwood,Bola,HTTP/1.1
2025-05-02 13:30:41,stallRate,76.2999999523163,2.16979003801884,TheEmptinessMachine,Westwood,Bola,HTTP/1.1
2025-05-02 13:30:43,stallRate,78.2999999523163,2.11251956514898,TheEmptinessMachine,Westwood,Bola,HTTP/1.1
2025-05-02 13:30:45,stallRate,80.2990000247955,2.05792376988289,TheEmptinessMachine,Westwood,Bola,HTTP/1.1
2025-05-02 13:30:47,stallRate,82.2990000247955,2.00645761641292,TheEmptinessMachine,Westwood,Bola,HTTP/1.1
2025-05-02 13:30:49,stallRate,84.2990000247955,1.95729783652924,TheEmptinessMachine,Westwood,Bola,HTTP/1.1
2025-05-02 13:30:51,stallRate,86.2999999523163,1.91049727219118,TheEmptinessMachine,Westwood,Bola,HTTP/1.1
2025-05-02 13:30:53,stallRate,88.2999999523163,1.86615762887527,TheEmptinessMachine,Westwood,Bola,HTTP/1.1
2025-05-02 13:30:55,stallRate,90.2999999523163,1.82359719711762,TheEmptinessMachine,Westwood,Bola,HTTP/1.1
2025-05-02 13:30:57,stallRate,92.2990000247955,1.78320322831322,TheEmptinessMachine,Westwood,Bola,HTTP/1.1
2025-05-02 13:30:59,stallRate,94.2999999523163,1.74419356326058,TheEmptinessMachine,Westwood,Bola,HTTP/1.1
2025-05-02 13:31:01,stallRate,96.2999999523163,1.70697593336456,TheEmptinessMachine,Westwood,Bola,HTTP/1.1
2025-05-02 13:31:03,stallRate,98.2999999523163,1.67112383656531,TheEmptinessMachine,Westwood,Bola,HTTP/1.1
2025-05-02 13:31:05,stallRate,100.299999952316,1.63710039882688,TheEmptinessMachine,Westwood,Bola,HTTP/1.1
2025-05-02 13:31:07,stallRate,102.299999952316,1.60417107186269,TheEmptinessMachine,Westwood,Bola,HTTP/1.1
2025-05-02 13:31:09,stallRate,104.299999952316,1.57257526037969,TheEmptinessMachine,Westwood,Bola,HTTP/1.1
2025-05-02 13:31:11,stallRate,106.299000024796,1.54226944816088,TheEmptinessMachine,Westwood,Bola,HTTP/1.1
2025-05-02 13:31:13,stallRate,108.299999952316,1.5131100153475,TheEmptinessMachine,Westwood,Bola,HTTP/1.1
2025-05-02 13:31:15,stallRate,110.299000024796,1.48506820274717,TheEmptinessMachine,Westwood,Bola,HTTP/1.1
2025-05-02 13:31:17,stallRate,112.299999952316,1.45796643493535,TheEmptinessMachine,Westwood,Bola,HTTP/1.1
2025-05-02 13:31:19,stallRate,114.299999952316,1.43181364740067,TheEmptinessMachine,Westwood,Bola,HTTP/1.1
2025-05-02 13:31:21,stallRate,116.299999952316,1.40658567504507,TheEmptinessMachine,Westwood,Bola,HTTP/1.1
2025-05-02 13:31:23,stallRate,118.299999952316,1.38229751597849,TheEmptinessMachine,Westwood,Bola,HTTP/1.1
2025-05-02 13:31:25,stallRate,120.299000024796,1.35884442472101,TheEmptinessMachine,Westwood,Bola,HTTP/1.1
2025-05-02 13:31:27,stallRate,122.299000024796,1.33617532867598,TheEmptinessMachine,Westwood,Bola,HTTP/1.1
2025-05-02 13:31:29,stallRate,124.299000024796,1.31426575873348,TheEmptinessMachine,Westwood,Bola,HTTP/1.1
2025-05-02 13:31:31,stallRate,126.299000024796,1.29305272127311,TheEmptinessMachine,Westwood,Bola,HTTP/1.1
2025-05-02 13:31:33,stallRate,128.299999952316,1.27239180880062,TheEmptinessMachine,Westwood,Bola,HTTP/1.1
2025-05-02 13:31:35,stallRate,130.299999952316,1.25251134351216,TheEmptinessMachine,Westwood,Bola,HTTP/1.1
2025-05-02 13:31:37,stallRate,132.299999952316,1.23316021647184,TheEmptinessMachine,Westwood,Bola,HTTP/1.1
2025-05-02 13:31:39,stallRate,134.299999952316,1.21442235185179,TheEmptinessMachine,Westwood,Bola,HTTP/1.1
2025-05-02 13:31:41,stallRate,136.299999952316,1.19634006500468,TheEmptinessMachine,Westwood,Bola,HTTP/1.1
2025-05-02 13:31:43,stallRate,138.299999952316,1.17869276667128,TheEmptinessMachine,Westwood,Bola,HTTP/1.1
2025-05-02 13:31:45,stallRate,140.299000024796,1.16158760871974,TheEmptinessMachine,Westwood,Bola,HTTP/1.1
2025-05-02 13:31:47,stallRate,142.299000024796,1.46797213778683,TheEmptinessMachine,Westwood,Bola,HTTP/1.1
2025-05-02 13:31:49,stallRate,144.299999952316,1.44728468617145,TheEmptinessMachine,Westwood,Bola,HTTP/1.1
2025-05-02 13:31:51,stallRate,146.299999952316,1.42717348975274,TheEmptinessMachine,Westwood,Bola,HTTP/1.1
2025-05-02 13:31:53,stallRate,148.299999952316,1.70344954612213,TheEmptinessMachine,Westwood,Bola,HTTP/1.1
2025-05-02 13:31:55,stallRate,150.299999952316,1.68029891645536,TheEmptinessMachine,Westwood,Bola,HTTP/1.1
2025-05-02 13:31:57,stallRate,152.299000024796,1.65793079841958,TheEmptinessMachine,Westwood,Bola,HTTP/1.1
2025-05-02 13:31:59,stallRate,154.299000024796,1.63605280120922,TheEmptinessMachine,Westwood,Bola,HTTP/1.1
2025-05-02 13:32:03,stallRate,158.299999952316,1.59409952741991,TheEmptinessMachine,Westwood,Bola,HTTP/1.1
2025-05-02 13:32:05,stallRate,160.299999952316,1.57384022125304,TheEmptinessMachine,Westwood,Bola,HTTP/1.1
2025-05-02 13:32:07,stallRate,162.299999952316,1.55412968093325,TheEmptinessMachine,Westwood,Bola,HTTP/1.1
2025-05-02 13:32:09,stallRate,164.299000024796,1.53492988647511,TheEmptinessMachine,Westwood,Bola,HTTP/1.1
2025-05-02 13:32:11,stallRate,166.299999952316,1.51610564928524,TheEmptinessMachine,Westwood,Bola,HTTP/1.1
2025-05-02 13:32:13,stallRate,168.299000024796,1.49777190531564,TheEmptinessMachine,Westwood,Bola,HTTP/1.1
2025-05-02 13:32:17,stallRate,172.299000024796,1.46247736411608,TheEmptinessMachine,Westwood,Bola,HTTP/1.1
2025-05-02 13:32:19,stallRate,174.299999952316,1.44546418065031,TheEmptinessMachine,Westwood,Bola,HTTP/1.1
2025-05-02 13:32:21,stallRate,176.299999952316,1.42874190917913,TheEmptinessMachine,Westwood,Bola,HTTP/1.1
2025-05-02 13:32:23,stallRate,178.299999952316,1.41243766244719,TheEmptinessMachine,Westwood,Bola,HTTP/1.1
2025-05-02 13:32:25,stallRate,180.299000024796,1.39654704759059,TheEmptinessMachine,Westwood,Bola,HTTP/1.1
2025-05-02 13:32:27,stallRate,182.299000024796,1.38102022478662,TheEmptinessMachine,Westwood,Bola,HTTP/1.1
2025-05-02 13:32:31,stallRate,186.299999952316,1.35087032700091,TheEmptinessMachine,Westwood,Bola,HTTP/1.1
2025-05-02 13:32:33,stallRate,188.299000024796,1.33631190951629,TheEmptinessMachine,Westwood,Bola,HTTP/1.1
2025-05-02 13:32:35,stallRate,190.299000024796,1.32210398867102,TheEmptinessMachine,Westwood,Bola,HTTP/1.1
2025-05-02 13:32:37,stallRate,192.299000024796,1.3081764620699,TheEmptinessMachine,Westwood,Bola,HTTP/1.1
2025-05-02 13:32:39,stallRate,194.299999952316,1.29446780995017,TheEmptinessMachine,Westwood,Bola,HTTP/1.1
2025-05-02 13:32:41,stallRate,196.299999952316,1.28119408998427,TheEmptinessMachine,Westwood,Bola,HTTP/1.1
2025-05-02 13:32:43,stallRate,198.299999952316,1.26806314380345,TheEmptinessMachine,Westwood,Bola,HTTP/1.1
2025-05-02 13:32:45,stallRate,200.299999952316,1.25520954644211,TheEmptinessMachine,Westwood,Bola,HTTP/1.1
2025-05-02 13:32:47,stallRate,202.299999952316,1.24269437388961,TheEmptinessMachine,Westwood,Bola,HTTP/1.1
2025-05-02 13:32:49,stallRate,204.299000024796,1.23036977327357,TheEmptinessMachine,Westwood,Bola,HTTP/1.1
2025-05-02 13:32:51,stallRate,206.299999952316,1.21829072621389,TheEmptinessMachine,Westwood,Bola,HTTP/1.1
2025-05-02 13:33:25,stallRate,4.09200000762939,0.0,TheEmptinessMachine,Westwood,Bola,HTTP/2
2025-05-02 13:33:27,stallRate,6.09200000762939,0.0,TheEmptinessMachine,Westwood,Bola,HTTP/2
2025-05-02 13:33:29,stallRate,8.09200000762939,27.5583660992428,TheEmptinessMachine,Westwood,Bola,HTTP/2
2025-05-02 13:33:31,stallRate,10.0920000076294,19.1510242311537,TheEmptinessMachine,Westwood,Bola,HTTP/2
2025-05-02 13:33:33,stallRate,12.0920000076294,14.6295484919983,TheEmptinessMachine,Westwood,Bola,HTTP/2
2025-05-02 13:33:35,stallRate,14.0920000076294,11.8359135491245,TheEmptinessMachine,Westwood,Bola,HTTP/2
2025-05-02 13:33:37,stallRate,16.0920000076294,10.4326884507952,TheEmptinessMachine,Westwood,Bola,HTTP/2
2025-05-02 13:33:39,stallRate,18.0920000076294,8.99059937192702,TheEmptinessMachine,Westwood,Bola,HTTP/2
2025-05-02 13:33:41,stallRate,20.0920000076294,7.89371504110311,TheEmptinessMachine,Westwood,Bola,HTTP/2
2025-05-02 13:33:43,stallRate,22.0920000076294,7.04321486591703,TheEmptinessMachine,Westwood,Bola,HTTP/2
2025-05-02 13:33:45,stallRate,24.0920000076294,6.35217367309212,TheEmptinessMachine,Westwood,Bola,HTTP/2
2025-05-02 13:33:47,stallRate,26.0920000076294,5.78545364325052,TheEmptinessMachine,Westwood,Bola,HTTP/2
2025-05-02 13:33:49,stallRate,28.0920000076294,5.31402258779873,TheEmptinessMachine,Westwood,Bola,HTTP/2
2025-05-02 13:33:51,stallRate,30.0920000076294,4.91207473429362,TheEmptinessMachine,Westwood,Bola,HTTP/2
2025-05-02 13:33:53,stallRate,32.0920000076294,4.56674663360214,TheEmptinessMachine,Westwood,Bola,HTTP/2
2025-05-02 13:33:55,stallRate,34.0920000076294,4.26733539152955,TheEmptinessMachine,Westwood,Bola,HTTP/2
2025-05-02 13:33:57,stallRate,36.0920000076294,4.00322700219711,TheEmptinessMachine,Westwood,Bola,HTTP/2
2025-05-02 13:33:59,stallRate,38.0920000076294,3.77025737569924,TheEmptinessMachine,Westwood,Bola,HTTP/2
2025-05-02 13:34:01,stallRate,40.0920000076294,3.56406408796317,TheEmptinessMachine,Westwood,Bola,HTTP/2
2025-05-02 13:34:03,stallRate,42.0920000076294,3.37859104114753,TheEmptinessMachine,Westwood,Bola,HTTP/2
2025-05-02 13:34:05,stallRate,44.0920000076294,3.21256136642064,TheEmptinessMachine,Westwood,Bola,HTTP/2
2025-05-02 13:34:07,stallRate,46.0920000076294,3.06085068979152,TheEmptinessMachine,Westwood,Bola,HTTP/2
2025-05-02 13:34:09,stallRate,48.0920000076294,2.92317546726209,TheEmptinessMachine,Westwood,Bola,HTTP/2
2025-05-02 13:34:11,stallRate,50.0920000076294,2.79672431438883,TheEmptinessMachine,Westwood,Bola,HTTP/2
2025-05-02 13:34:13,stallRate,52.0920000076294,2.6809480964553,TheEmptinessMachine,Westwood,Bola,HTTP/2
2025-05-02 13:34:17,stallRate,56.0920000076294,2.47661449818065,TheEmptinessMachine,Westwood,Bola,HTTP/2
2025-05-02 13:34:19,stallRate,58.0920000076294,2.38547988252406,TheEmptinessMachine,Westwood,Bola,HTTP/2
2025-05-02 13:34:21,stallRate,60.0920000076294,2.30124314482715,TheEmptinessMachine,Westwood,Bola,HTTP/2
2025-05-02 13:34:23,stallRate,62.0920000076294,2.222771971543,TheEmptinessMachine,Westwood,Bola,HTTP/2
2025-05-02 13:34:25,stallRate,64.0929999351501,2.14888933391925,TheEmptinessMachine,Westwood,Bola,HTTP/2
2025-05-02 13:34:27,stallRate,66.0920000076294,2.08006492664599,TheEmptinessMachine,Westwood,Bola,HTTP/2
2025-05-02 13:34:29,stallRate,68.0920000076294,2.01556757192631,TheEmptinessMachine,Westwood,Bola,HTTP/2
2025-05-02 13:34:31,stallRate,70.0920000076294,1.95504158420921,TheEmptinessMachine,Westwood,Bola,HTTP/2
2025-05-02 13:34:33,stallRate,72.0920000076294,1.89768871530734,TheEmptinessMachine,Westwood,Bola,HTTP/2
2025-05-02 13:34:35,stallRate,74.0920000076294,1.84367943014897,TheEmptinessMachine,Westwood,Bola,HTTP/2
2025-05-02 13:34:37,stallRate,76.0920000076294,1.79300107176689,TheEmptinessMachine,Westwood,Bola,HTTP/2
2025-05-02 13:34:39,stallRate,78.0920000076294,1.74478570519151,TheEmptinessMachine,Westwood,Bola,HTTP/2
2025-05-02 13:34:41,stallRate,80.0920000076294,1.69914147906656,TheEmptinessMachine,Westwood,Bola,HTTP/2
2025-05-02 13:34:43,stallRate,82.0920000076294,1.65579271929774,TheEmptinessMachine,Westwood,Bola,HTTP/2
2025-05-02 13:34:45,stallRate,84.0920000076294,1.61452370444917,TheEmptinessMachine,Westwood,Bola,HTTP/2
2025-05-02 13:34:47,stallRate,86.0920000076294,1.57529668375061,TheEmptinessMachine,Westwood,Bola,HTTP/2
2025-05-02 13:34:49,stallRate,88.0920000076294,1.53805591917578,TheEmptinessMachine,Westwood,Bola,HTTP/2
2025-05-02 13:34:51,stallRate,90.0920000076294,1.5025284560642,TheEmptinessMachine,Westwood,Bola,HTTP/2
2025-05-02 13:34:53,stallRate,92.0920000076294,1.46861276602866,TheEmptinessMachine,Westwood,Bola,HTTP/2
2025-05-02 13:34:55,stallRate,94.0920000076294,1.43623177840983,TheEmptinessMachine,Westwood,Bola,HTTP/2
2025-05-02 13:34:57,stallRate,96.0920000076294,1.40522644001401,TheEmptinessMachine,Westwood,Bola,HTTP/2
2025-05-02 13:34:59,stallRate,98.0939998626709,1.37533228736306,TheEmptinessMachine,Westwood,Bola,HTTP/2
2025-05-02 13:35:01,stallRate,100.092000007629,1.34699471980018,TheEmptinessMachine,Westwood,Bola,HTTP/2
2025-05-02 13:35:03,stallRate,102.092000007629,1.319557731281,TheEmptinessMachine,Westwood,Bola,HTTP/2
2025-05-02 13:35:05,stallRate,104.092000007629,1.29338277487569,TheEmptinessMachine,Westwood,Bola,HTTP/2
2025-05-02 13:35:07,stallRate,106.092000007629,1.26814834584249,TheEmptinessMachine,Westwood,Bola,HTTP/2
2025-05-02 13:35:09,stallRate,108.092000007629,1.24381024252285,TheEmptinessMachine,Westwood,Bola,HTTP/2
2025-05-02 13:35:11,stallRate,110.092000007629,1.22057008355436,TheEmptinessMachine,Westwood,Bola,HTTP/2
2025-05-02 13:35:13,stallRate,112.092000007629,1.19800816860407,TheEmptinessMachine,Westwood,Bola,HTTP/2
2025-05-02 13:35:15,stallRate,114.092000007629,1.17644116060522,TheEmptinessMachine,Westwood,Bola,HTTP/2
2025-05-02 13:35:17,stallRate,116.092000007629,1.15550280918455,TheEmptinessMachine,Westwood,Bola,HTTP/2
2025-05-02 13:35:19,stallRate,118.092000007629,1.13528829251644,TheEmptinessMachine,Westwood,Bola,HTTP/2
2025-05-02 13:35:21,stallRate,120.092000007629,1.11579721533274,TheEmptinessMachine,Westwood,Bola,HTTP/2
2025-05-02 13:35:23,stallRate,122.092000007629,1.09699205805538,TheEmptinessMachine,Westwood,Bola,HTTP/2
2025-05-02 13:35:25,stallRate,124.092000007629,1.0786356457669,TheEmptinessMachine,Westwood,Bola,HTTP/2
2025-05-02 13:35:27,stallRate,126.092000007629,1.06110467102071,TheEmptinessMachine,Westwood,Bola,HTTP/2
2025-05-02 13:35:29,stallRate,128.092000007629,1.0440305499968,TheEmptinessMachine,Westwood,Bola,HTTP/2
2025-05-02 13:35:31,stallRate,130.092000007629,1.02759500118018,TheEmptinessMachine,Westwood,Bola,HTTP/2
2025-05-02 13:35:33,stallRate,132.092000007629,1.01157546631476,TheEmptinessMachine,Westwood,Bola,HTTP/2
2025-05-02 13:35:35,stallRate,134.092000007629,0.996059404789945,TheEmptinessMachine,Westwood,Bola,HTTP/2
2025-05-02 13:35:37,stallRate,136.092000007629,0.980953792312842,TheEmptinessMachine,Westwood,Bola,HTTP/2
2025-05-02 13:35:39,stallRate,138.092000007629,0.966392482993249,TheEmptinessMachine,Westwood,Bola,HTTP/2
2025-05-02 13:35:41,stallRate,140.092000007629,0.952272418369475,TheEmptinessMachine,Westwood,Bola,HTTP/2
2025-05-02 13:35:43,stallRate,142.092000007629,0.938451641882918,TheEmptinessMachine,Westwood,Bola,HTTP/2
2025-05-02 13:35:45,stallRate,144.092000007629,0.925156558849328,TheEmptinessMachine,Westwood,Bola,HTTP/2
2025-05-02 13:35:47,stallRate,146.092000007629,0.91214799629718,TheEmptinessMachine,Westwood,Bola,HTTP/2
2025-05-02 13:35:49,stallRate,148.092000007629,0.899573940362743,TheEmptinessMachine,Westwood,Bola,HTTP/2
2025-05-02 13:35:51,stallRate,150.092000007629,0.887275242317978,TheEmptinessMachine,Westwood,Bola,HTTP/2
2025-05-02 13:35:53,stallRate,152.092000007629,0.875322472783883,TheEmptinessMachine,Westwood,Bola,HTTP/2
2025-05-02 13:35:55,stallRate,154.092000007629,0.863688370706787,TheEmptinessMachine,Westwood,Bola,HTTP/2
2025-05-02 13:35:57,stallRate,156.092000007629,0.852373867074165,TheEmptinessMachine,Westwood,Bola,HTTP/2
2025-05-02 13:35:59,stallRate,158.092000007629,0.841289902914971,TheEmptinessMachine,Westwood,Bola,HTTP/2
2025-05-02 13:36:01,stallRate,160.092000007629,0.83059438697002,TheEmptinessMachine,Westwood,Bola,HTTP/2
2025-05-02 13:36:03,stallRate,162.092000007629,0.820083776929036,TheEmptinessMachine,Westwood,Bola,HTTP/2
2025-05-02 13:36:05,stallRate,164.092000007629,0.809840006322361,TheEmptinessMachine,Westwood,Bola,HTTP/2
2025-05-02 13:36:07,stallRate,166.092000007629,0.799908986075389,TheEmptinessMachine,Westwood,Bola,HTTP/2
2025-05-02 13:36:09,stallRate,168.092000007629,0.790227793036429,TheEmptinessMachine,Westwood,Bola,HTTP/2
2025-05-02 13:36:11,stallRate,170.092000007629,0.780773228974991,TheEmptinessMachine,Westwood,Bola,HTTP/2
2025-05-02 13:36:13,stallRate,172.092000007629,0.771455535163537,TheEmptinessMachine,Westwood,Bola,HTTP/2
2025-05-02 13:36:15,stallRate,174.092000007629,0.762400932871593,TheEmptinessMachine,Westwood,Bola,HTTP/2
2025-05-02 13:36:17,stallRate,176.092000007629,0.753501460737897,TheEmptinessMachine,Westwood,Bola,HTTP/2
2025-05-02 13:36:19,stallRate,178.092000007629,0.744835008264659,TheEmptinessMachine,Westwood,Bola,HTTP/2
2025-05-02 13:36:21,stallRate,180.092000007629,0.736393192734458,TheEmptinessMachine,Westwood,Bola,HTTP/2
2025-05-02 13:36:23,stallRate,182.092000007629,0.728143934033369,TheEmptinessMachine,Westwood,Bola,HTTP/2
2025-05-02 13:36:25,stallRate,184.092000007629,0.720056554514177,TheEmptinessMachine,Westwood,Bola,HTTP/2
2025-05-02 13:36:27,stallRate,186.092000007629,0.712186291298263,TheEmptinessMachine,Westwood,Bola,HTTP/2
2025-05-02 13:36:29,stallRate,188.092000007629,0.704485423968584,TheEmptinessMachine,Westwood,Bola,HTTP/2
2025-05-02 13:36:31,stallRate,190.092000007629,0.696896871697211,TheEmptinessMachine,Westwood,Bola,HTTP/2
2025-05-02 13:36:33,stallRate,192.092000007629,0.689494584453121,TheEmptinessMachine,Westwood,Bola,HTTP/2
2025-05-02 13:36:35,stallRate,194.092000007629,0.682258888996767,TheEmptinessMachine,Westwood,Bola,HTTP/2
2025-05-02 13:36:37,stallRate,196.092000007629,0.675186198413891,TheEmptinessMachine,Westwood,Bola,HTTP/2
2025-05-02 13:36:39,stallRate,198.092000007629,0.668251969056716,TheEmptinessMachine,Westwood,Bola,HTTP/2
2025-05-02 13:36:41,stallRate,200.092000007629,0.661456801689317,TheEmptinessMachine,Westwood,Bola,HTTP/2
2025-05-02 13:36:43,stallRate,202.092000007629,0.654743962097274,TheEmptinessMachine,Westwood,Bola,HTTP/2
2025-05-02 13:36:45,stallRate,204.092000007629,0.648242576615283,TheEmptinessMachine,Westwood,Bola,HTTP/2
2025-05-02 13:36:47,stallRate,206.092000007629,0.641825757037791,TheEmptinessMachine,Westwood,Bola,HTTP/2
2025-05-02 13:37:32,stallRate,9.54399991035461,0.0,TheEmptinessMachine,Westwood,Bola,HTTP/3
2025-05-02 13:37:34,stallRate,11.5439999103546,0.0,TheEmptinessMachine,Westwood,Bola,HTTP/3
2025-05-02 13:37:36,stallRate,13.5439999103546,0.0,TheEmptinessMachine,Westwood,Bola,HTTP/3
2025-05-02 13:37:38,stallRate,15.5439999103546,0.0,TheEmptinessMachine,Westwood,Bola,HTTP/3
2025-05-02 13:37:40,stallRate,17.5439999103546,0.0,TheEmptinessMachine,Westwood,Bola,HTTP/3
2025-05-02 13:37:42,stallRate,19.5439999103546,0.0,TheEmptinessMachine,Westwood,Bola,HTTP/3
2025-05-02 13:37:44,stallRate,21.5439999103546,0.0,TheEmptinessMachine,Westwood,Bola,HTTP/3
2025-05-02 13:37:46,stallRate,23.5439999103546,0.0,TheEmptinessMachine,Westwood,Bola,HTTP/3
2025-05-02 13:37:48,stallRate,25.5439999103546,0.0,TheEmptinessMachine,Westwood,Bola,HTTP/3
2025-05-02 13:37:50,stallRate,27.5439999103546,0.0,TheEmptinessMachine,Westwood,Bola,HTTP/3
2025-05-02 13:37:54,stallRate,31.5439999103546,4.66137946604408,TheEmptinessMachine,Westwood,Bola,HTTP/3
2025-05-02 13:37:56,stallRate,33.5439999103546,4.30313330634644,TheEmptinessMachine,Westwood,Bola,HTTP/3
2025-05-02 13:37:58,stallRate,35.5439999103546,3.96509283785745,TheEmptinessMachine,Westwood,Bola,HTTP/3
2025-05-02 13:38:00,stallRate,37.5439999103546,3.67508265297243,TheEmptinessMachine,Westwood,Bola,HTTP/3
2025-05-02 13:38:02,stallRate,39.5439999103546,4.70105237485088,TheEmptinessMachine,Westwood,Bola,HTTP/3
2025-05-02 13:38:04,stallRate,41.5439999103546,4.40214303409593,TheEmptinessMachine,Westwood,Bola,HTTP/3
2025-05-02 13:38:06,stallRate,43.5439999103546,4.13902639834975,TheEmptinessMachine,Westwood,Bola,HTTP/3
2025-05-02 13:38:08,stallRate,45.5439999103546,3.90579289067649,TheEmptinessMachine,Westwood,Bola,HTTP/3
2025-05-02 13:38:10,stallRate,47.5439999103546,3.6970496820483,TheEmptinessMachine,Westwood,Bola,HTTP/3
2025-05-02 13:38:12,stallRate,49.5439999103546,3.51009103315335,TheEmptinessMachine,Westwood,Bola,HTTP/3
2025-05-02 13:38:14,stallRate,51.5439999103546,3.34023582959505,TheEmptinessMachine,Westwood,Bola,HTTP/3
2025-05-02 13:38:16,stallRate,53.5439999103546,3.18688828616094,TheEmptinessMachine,Westwood,Bola,HTTP/3
2025-05-02 13:38:18,stallRate,55.5439999103546,3.0464595462777,TheEmptinessMachine,Westwood,Bola,HTTP/3
2025-05-02 13:38:20,stallRate,57.5439999103546,2.91796719955625,TheEmptinessMachine,Westwood,Bola,HTTP/3
2025-05-02 13:38:22,stallRate,59.5439999103546,2.80003324239197,TheEmptinessMachine,Westwood,Bola,HTTP/3
2025-05-02 13:38:24,stallRate,61.5439999103546,2.69125105339969,TheEmptinessMachine,Westwood,Bola,HTTP/3
2025-05-02 13:38:26,stallRate,63.5450000762939,2.59063936696295,TheEmptinessMachine,Westwood,Bola,HTTP/3
2025-05-02 13:38:28,stallRate,65.5439999103546,2.49709450832516,TheEmptinessMachine,Westwood,Bola,HTTP/3
2025-05-02 13:38:30,stallRate,67.5439999103546,2.41039585252759,TheEmptinessMachine,Westwood,Bola,HTTP/3
2025-05-02 13:38:32,stallRate,69.5439999103546,2.32899199038799,TheEmptinessMachine,Westwood,Bola,HTTP/3
2025-05-02 13:38:34,stallRate,71.5439999103546,2.2536996372014,TheEmptinessMachine,Westwood,Bola,HTTP/3
2025-05-02 13:38:36,stallRate,73.5439999103546,2.18247259297919,TheEmptinessMachine,Westwood,Bola,HTTP/3
2025-05-02 13:38:38,stallRate,75.5439999103546,2.11564587577182,TheEmptinessMachine,Westwood,Bola,HTTP/3
2025-05-02 13:38:40,stallRate,77.5439999103546,2.05286570736213,TheEmptinessMachine,Westwood,Bola,HTTP/3
2025-05-02 13:38:42,stallRate,79.5439999103546,1.99380172882445,TheEmptinessMachine,Westwood,Bola,HTTP/3
2025-05-02 13:38:44,stallRate,81.5439999103546,1.93771607607294,TheEmptinessMachine,Westwood,Bola,HTTP/3
2025-05-02 13:38:46,stallRate,83.5439999103546,1.88504045652608,TheEmptinessMachine,Westwood,Bola,HTTP/3
2025-05-02 13:38:48,stallRate,85.5439999103546,1.83500714730859,TheEmptinessMachine,Westwood,Bola,HTTP/3
2025-05-02 13:38:50,stallRate,87.5439999103546,1.78758654896109,TheEmptinessMachine,Westwood,Bola,HTTP/3
2025-05-02 13:38:52,stallRate,89.5439999103546,1.74264264362975,TheEmptinessMachine,Westwood,Bola,HTTP/3
2025-05-02 13:38:54,stallRate,91.5439999103546,1.69988930632925,TheEmptinessMachine,Westwood,Bola,HTTP/3
2025-05-02 13:38:56,stallRate,93.5439999103546,1.65921156585586,TheEmptinessMachine,Westwood,Bola,HTTP/3
2025-05-02 13:38:58,stallRate,95.5439999103546,1.62032874950645,TheEmptinessMachine,Westwood,Bola,HTTP/3
2025-05-02 13:39:00,stallRate,97.5510001182556,1.58326054736564,TheEmptinessMachine,Westwood,Bola,HTTP/3
2025-05-02 13:39:02,stallRate,99.5439999103546,1.54785765080477,TheEmptinessMachine,Westwood,Bola,HTTP/3
2025-05-02 13:39:04,stallRate,101.543999910355,1.51421464407276,TheEmptinessMachine,Westwood,Bola,HTTP/3
2025-05-02 13:39:06,stallRate,103.543999910355,1.48172743022001,TheEmptinessMachine,Westwood,Bola,HTTP/3
2025-05-02 13:39:08,stallRate,105.543999910355,1.4506224338915,TheEmptinessMachine,Westwood,Bola,HTTP/3
2025-05-02 13:39:10,stallRate,107.543999910355,1.42092931378806,TheEmptinessMachine,Westwood,Bola,HTTP/3
2025-05-02 13:39:12,stallRate,109.543999910355,1.39232886476276,TheEmptinessMachine,Westwood,Bola,HTTP/3
2025-05-02 13:39:14,stallRate,111.543999910355,1.36503818181149,TheEmptinessMachine,Westwood,Bola,HTTP/3
2025-05-02 13:39:16,stallRate,113.543999910355,1.33856684175308,TheEmptinessMachine,Westwood,Bola,HTTP/3
2025-05-02 13:39:18,stallRate,115.543999910355,1.31316680146864,TheEmptinessMachine,Westwood,Bola,HTTP/3
2025-05-02 13:39:20,stallRate,117.543999910355,1.28873308312238,TheEmptinessMachine,Westwood,Bola,HTTP/3
2025-05-02 13:39:22,stallRate,119.543999910355,1.265215051801,TheEmptinessMachine,Westwood,Bola,HTTP/3
2025-05-02 13:39:24,stallRate,121.543999910355,1.24253027945428,TheEmptinessMachine,Westwood,Bola,HTTP/3
2025-05-02 13:39:26,stallRate,123.543999910355,1.22064160041253,TheEmptinessMachine,Westwood,Bola,HTTP/3
2025-05-02 13:39:28,stallRate,125.543999910355,1.19943398776988,TheEmptinessMachine,Westwood,Bola,HTTP/3
2025-05-02 13:39:30,stallRate,127.543999910355,1.17906654324761,TheEmptinessMachine,Westwood,Bola,HTTP/3
2025-05-02 13:39:32,stallRate,129.542999982834,1.15937552716501,TheEmptinessMachine,Westwood,Bola,HTTP/3
2025-05-02 13:39:34,stallRate,131.543999910355,1.14017325778557,TheEmptinessMachine,Westwood,Bola,HTTP/3
2025-05-02 13:39:36,stallRate,133.543999910355,1.12168662929588,TheEmptinessMachine,Westwood,Bola,HTTP/3
2025-05-02 13:39:38,stallRate,135.543999910355,1.10379989968342,TheEmptinessMachine,Westwood,Bola,HTTP/3
2025-05-02 13:39:40,stallRate,137.543999910355,1.08642083631429,TheEmptinessMachine,Westwood,Bola,HTTP/3
2025-05-02 13:39:42,stallRate,139.543999910355,1.06959110997746,TheEmptinessMachine,Westwood,Bola,HTTP/3
2025-05-02 13:39:44,stallRate,141.543999910355,1.05339984078709,TheEmptinessMachine,Westwood,Bola,HTTP/3
2025-05-02 13:39:46,stallRate,143.542999982834,1.03758327961431,TheEmptinessMachine,Westwood,Bola,HTTP/3
2025-05-02 13:39:48,stallRate,145.543999910355,1.02225156122616,TheEmptinessMachine,Westwood,Bola,HTTP/3
2025-05-02 13:39:50,stallRate,147.543999910355,1.00738337088539,TheEmptinessMachine,Westwood,Bola,HTTP/3
2025-05-02 13:39:52,stallRate,149.543999910355,1.6798721780929,TheEmptinessMachine,Westwood,Bola,HTTP/3
2025-05-02 13:39:54,stallRate,151.542999982834,1.65615600481117,TheEmptinessMachine,Westwood,Bola,HTTP/3
2025-05-02 13:39:56,stallRate,153.543999910355,1.98002532898067,TheEmptinessMachine,Westwood,Bola,HTTP/3
2025-05-02 13:39:58,stallRate,155.543999910355,1.95274733445882,TheEmptinessMachine,Westwood,Bola,HTTP/3
2025-05-02 13:40:00,stallRate,157.543999910355,1.92621298980365,TheEmptinessMachine,Westwood,Bola,HTTP/3
2025-05-02 13:40:02,stallRate,159.543999910355,1.90037550209207,TheEmptinessMachine,Westwood,Bola,HTTP/3
2025-05-02 13:40:04,stallRate,161.543999910355,1.87525479399341,TheEmptinessMachine,Westwood,Bola,HTTP/3
2025-05-02 13:40:06,stallRate,163.543999910355,1.85076504731724,TheEmptinessMachine,Westwood,Bola,HTTP/3
2025-05-02 13:40:08,stallRate,165.543999910355,1.82677086096164,TheEmptinessMachine,Westwood,Bola,HTTP/3
2025-05-02 13:40:10,stallRate,167.543999910355,1.8034003989224,TheEmptinessMachine,Westwood,Bola,HTTP/3
2025-05-02 13:40:12,stallRate,169.543999910355,1.78057863096799,TheEmptinessMachine,Westwood,Bola,HTTP/3
2025-05-02 13:40:14,stallRate,171.543999910355,1.75837116365378,TheEmptinessMachine,Westwood,Bola,HTTP/3
2025-05-02 13:40:16,stallRate,173.543999910355,1.73687904705606,TheEmptinessMachine,Westwood,Bola,HTTP/3
2025-05-02 13:40:18,stallRate,175.543999910355,1.71578931226328,TheEmptinessMachine,Westwood,Bola,HTTP/3
2025-05-02 13:40:20,stallRate,177.543999910355,1.695353978846,TheEmptinessMachine,Westwood,Bola,HTTP/3
2025-05-02 13:40:22,stallRate,179.543999910355,1.6752545989849,TheEmptinessMachine,Westwood,Bola,HTTP/3
2025-05-02 13:40:24,stallRate,181.543999910355,1.65565421369716,TheEmptinessMachine,Westwood,Bola,HTTP/3
2025-05-02 13:40:26,stallRate,183.543999910355,1.63651305515799,TheEmptinessMachine,Westwood,Bola,HTTP/3
2025-05-02 13:40:28,stallRate,185.543999910355,1.61784163739614,TheEmptinessMachine,Westwood,Bola,HTTP/3
2025-05-02 13:40:30,stallRate,187.542999982834,1.599583542883,TheEmptinessMachine,Westwood,Bola,HTTP/3
2025-05-02 13:40:32,stallRate,189.542999982834,1.58173313705034,TheEmptinessMachine,Westwood,Bola,HTTP/3
2025-05-02 13:40:34,stallRate,191.543999910355,1.56426687073454,TheEmptinessMachine,Westwood,Bola,HTTP/3
2025-05-02 13:40:36,stallRate,193.543999910355,1.54719533912619,TheEmptinessMachine,Westwood,Bola,HTTP/3
2025-05-02 13:40:38,stallRate,195.543999910355,1.53038419019874,TheEmptinessMachine,Westwood,Bola,HTTP/3
2025-05-02 13:40:40,stallRate,197.543999910355,1.51402936596809,TheEmptinessMachine,Westwood,Bola,HTTP/3
2025-05-02 13:40:42,stallRate,199.543999910355,1.49797881081985,TheEmptinessMachine,Westwood,Bola,HTTP/3
2025-05-02 13:40:44,stallRate,201.543999910355,1.4822721112011,TheEmptinessMachine,Westwood,Bola,HTTP/3
2025-05-02 13:40:46,stallRate,203.543999910355,1.46699690681342,TheEmptinessMachine,Westwood,Bola,HTTP/3
2025-05-02 13:40:48,stallRate,205.543999910355,1.4519344265101,TheEmptinessMachine,Westwood,Bola,HTTP/3
2025-05-02 13:40:50,stallRate,207.543999910355,1.43718501506818,TheEmptinessMachine,Westwood,Bola,HTTP/3
2025-05-02 13:40:52,stallRate,209.543999910355,1.42274369681305,TheEmptinessMachine,Westwood,Bola,HTTP/3
2025-05-02 13:40:54,stallRate,211.543999910355,1.40860237975272,TheEmptinessMachine,Westwood,Bola,HTTP/3
2025-05-02 13:40:56,stallRate,213.543999910355,1.39473053841354,TheEmptinessMachine,Westwood,Bola,HTTP/3
2025-05-02 13:41:28,stallRate,4.30499982833862,0.0,TheEmptinessMachine,Westwood,Festive,HTTP/1.1
2025-05-02 13:41:32,stallRate,8.30499982833862,39.1759493380011,TheEmptinessMachine,Westwood,Festive,HTTP/1.1
2025-05-02 13:41:34,stallRate,10.3049998283386,42.7256435990734,TheEmptinessMachine,Westwood,Festive,HTTP/1.1
2025-05-02 13:41:36,stallRate,12.3049998283386,33.2998675647924,TheEmptinessMachine,Westwood,Festive,HTTP/1.1
2025-05-02 13:41:38,stallRate,14.3049998283386,27.2805087737113,TheEmptinessMachine,Westwood,Festive,HTTP/1.1
2025-05-02 13:41:42,stallRate,18.3049998283386,36.8536149581981,TheEmptinessMachine,Westwood,Festive,HTTP/1.1
2025-05-02 13:41:44,stallRate,20.3049998283386,36.7917079434559,TheEmptinessMachine,Westwood,Festive,HTTP/1.1
2025-05-02 13:41:46,stallRate,22.3049998283386,33.1687746874371,TheEmptinessMachine,Westwood,Festive,HTTP/1.1
2025-05-02 13:41:48,stallRate,24.3049998283386,30.027233341933,TheEmptinessMachine,Westwood,Festive,HTTP/1.1
2025-05-02 13:41:50,stallRate,26.3049998283386,27.4296504412789,TheEmptinessMachine,Westwood,Festive,HTTP/1.1
2025-05-02 13:41:52,stallRate,28.3049998283386,25.2267407220272,TheEmptinessMachine,Westwood,Festive,HTTP/1.1
2025-05-02 13:41:54,stallRate,30.3049998283386,23.3591288624686,TheEmptinessMachine,Westwood,Festive,HTTP/1.1
2025-05-02 13:41:56,stallRate,32.3049998283386,22.2161765950036,TheEmptinessMachine,Westwood,Festive,HTTP/1.1
2025-05-02 13:41:58,stallRate,34.3049998283386,20.7887343354641,TheEmptinessMachine,Westwood,Festive,HTTP/1.1
2025-05-02 13:42:00,stallRate,36.3049998283386,19.5248731810878,TheEmptinessMachine,Westwood,Festive,HTTP/1.1
2025-05-02 13:42:02,stallRate,38.3049998283386,18.4079343976777,TheEmptinessMachine,Westwood,Festive,HTTP/1.1
2025-05-02 13:42:04,stallRate,40.3049998283386,17.4179085408164,TheEmptinessMachine,Westwood,Festive,HTTP/1.1
2025-05-02 13:42:06,stallRate,42.3049998283386,16.525417414709,TheEmptinessMachine,Westwood,Festive,HTTP/1.1
2025-05-02 13:42:10,stallRate,46.3049998283386,16.0454519464412,TheEmptinessMachine,Westwood,Festive,HTTP/1.1
2025-05-02 13:42:12,stallRate,48.3049998283386,15.3368386370357,TheEmptinessMachine,Westwood,Festive,HTTP/1.1
2025-05-02 13:42:14,stallRate,50.3049998283386,14.6873316635874,TheEmptinessMachine,Westwood,Festive,HTTP/1.1
2025-05-02 13:42:16,stallRate,52.3049998283386,14.0891549575359,TheEmptinessMachine,Westwood,Festive,HTTP/1.1
2025-05-02 13:42:18,stallRate,54.3049998283386,13.5377702454359,TheEmptinessMachine,Westwood,Festive,HTTP/1.1
2025-05-02 13:42:20,stallRate,56.3049998283386,13.0278205884939,TheEmptinessMachine,Westwood,Festive,HTTP/1.1
2025-05-02 13:42:22,stallRate,58.3049998283386,12.5546016037175,TheEmptinessMachine,Westwood,Festive,HTTP/1.1
2025-05-02 13:42:24,stallRate,60.3049998283386,12.1146656600233,TheEmptinessMachine,Westwood,Festive,HTTP/1.1
2025-05-02 13:42:26,stallRate,62.3049998283386,11.7047883888176,TheEmptinessMachine,Westwood,Festive,HTTP/1.1
2025-05-02 13:42:28,stallRate,64.3049998283386,11.3214989575743,TheEmptinessMachine,Westwood,Festive,HTTP/1.1
2025-05-02 13:42:30,stallRate,66.3049998283386,10.9625644238415,TheEmptinessMachine,Westwood,Festive,HTTP/1.1
2025-05-02 13:42:32,stallRate,68.3049998283386,10.6254202030698,TheEmptinessMachine,Westwood,Festive,HTTP/1.1
2025-05-02 13:42:34,stallRate,70.3049998283386,10.3071668755354,TheEmptinessMachine,Westwood,Festive,HTTP/1.1
2025-05-02 13:42:36,stallRate,72.3049998283386,10.0076139008915,TheEmptinessMachine,Westwood,Festive,HTTP/1.1
2025-05-02 13:42:38,stallRate,74.3049998283386,9.72531378391168,TheEmptinessMachine,Westwood,Festive,HTTP/1.1
2025-05-02 13:42:40,stallRate,76.3049998283386,9.67235445082238,TheEmptinessMachine,Westwood,Festive,HTTP/1.1
2025-05-02 13:42:42,stallRate,78.3049998283386,9.41475993457614,TheEmptinessMachine,Westwood,Festive,HTTP/1.1
2025-05-02 13:42:44,stallRate,80.3049998283386,9.83909210890041,TheEmptinessMachine,Westwood,Festive,HTTP/1.1
2025-05-02 13:42:46,stallRate,82.3049998283386,10.0138854840816,TheEmptinessMachine,Westwood,Festive,HTTP/1.1
2025-05-02 13:42:48,stallRate,84.3049998283386,9.76710687545252,TheEmptinessMachine,Westwood,Festive,HTTP/1.1
2025-05-02 13:42:50,stallRate,86.3049998283386,9.80045851041886,TheEmptinessMachine,Westwood,Festive,HTTP/1.1
2025-05-02 13:42:52,stallRate,88.3049998283386,9.56906633106967,TheEmptinessMachine,Westwood,Festive,HTTP/1.1
2025-05-02 13:42:54,stallRate,90.3049998283386,9.34969686382126,TheEmptinessMachine,Westwood,Festive,HTTP/1.1
2025-05-02 13:42:56,stallRate,92.3049998283386,9.13899545279145,TheEmptinessMachine,Westwood,Festive,HTTP/1.1
2025-05-02 13:42:58,stallRate,94.3049998283386,8.93773786544586,TheEmptinessMachine,Westwood,Festive,HTTP/1.1
2025-05-02 13:43:00,stallRate,96.3049998283386,8.74451780841156,TheEmptinessMachine,Westwood,Festive,HTTP/1.1
2025-05-02 13:43:02,stallRate,98.3049998283386,8.56071395034142,TheEmptinessMachine,Westwood,Festive,HTTP/1.1
2025-05-02 13:43:04,stallRate,100.304999828339,8.38437012976656,TheEmptinessMachine,Westwood,Festive,HTTP/1.1
2025-05-02 13:43:06,stallRate,102.304999828339,8.21562454037447,TheEmptinessMachine,Westwood,Festive,HTTP/1.1
2025-05-02 13:43:08,stallRate,104.304999828339,8.05355492027008,TheEmptinessMachine,Westwood,Festive,HTTP/1.1
2025-05-02 13:43:10,stallRate,106.304999828339,7.89633138056359,TheEmptinessMachine,Westwood,Festive,HTTP/1.1
2025-05-02 13:43:12,stallRate,108.304999828339,7.74673127381281,TheEmptinessMachine,Westwood,Festive,HTTP/1.1
2025-05-02 13:43:14,stallRate,110.304999828339,7.60182579849565,TheEmptinessMachine,Westwood,Festive,HTTP/1.1
2025-05-02 13:43:16,stallRate,112.304999828339,7.46212615271112,TheEmptinessMachine,Westwood,Festive,HTTP/1.1
2025-05-02 13:43:18,stallRate,114.304999828339,7.32773712645282,TheEmptinessMachine,Westwood,Festive,HTTP/1.1
2025-05-02 13:43:20,stallRate,116.304999828339,7.19820375182429,TheEmptinessMachine,Westwood,Festive,HTTP/1.1
2025-05-02 13:43:22,stallRate,118.304999828339,7.07259052633934,TheEmptinessMachine,Westwood,Festive,HTTP/1.1
2025-05-02 13:43:24,stallRate,120.305999994278,6.95200363294364,TheEmptinessMachine,Westwood,Festive,HTTP/1.1
2025-05-02 13:43:26,stallRate,122.304999828339,6.83556948468069,TheEmptinessMachine,Westwood,Festive,HTTP/1.1
2025-05-02 13:43:28,stallRate,124.304999828339,6.72255200961586,TheEmptinessMachine,Westwood,Festive,HTTP/1.1
2025-05-02 13:43:30,stallRate,126.304999828339,6.61360943327479,TheEmptinessMachine,Westwood,Festive,HTTP/1.1
2025-05-02 13:43:32,stallRate,128.304999828339,6.5074223096755,TheEmptinessMachine,Westwood,Festive,HTTP/1.1
2025-05-02 13:43:34,stallRate,130.304999828339,6.40556257876558,TheEmptinessMachine,Westwood,Festive,HTTP/1.1
2025-05-02 13:43:36,stallRate,132.305999994278,6.30595178619345,TheEmptinessMachine,Westwood,Festive,HTTP/1.1
2025-05-02 13:43:38,stallRate,134.304999828339,6.20949159701922,TheEmptinessMachine,Westwood,Festive,HTTP/1.1
2025-05-02 13:43:40,stallRate,136.304999828339,6.11601191585697,TheEmptinessMachine,Westwood,Festive,HTTP/1.1
2025-05-02 13:43:42,stallRate,138.304999828339,6.02546609448383,TheEmptinessMachine,Westwood,Festive,HTTP/1.1
2025-05-02 13:43:44,stallRate,140.304999828339,6.01758796471528,TheEmptinessMachine,Westwood,Festive,HTTP/1.1
2025-05-02 13:43:46,stallRate,142.304999828339,6.40273827330991,TheEmptinessMachine,Westwood,Festive,HTTP/1.1
2025-05-02 13:43:48,stallRate,144.304999828339,6.31198242416725,TheEmptinessMachine,Westwood,Festive,HTTP/1.1
2025-05-02 13:43:50,stallRate,146.304999828339,6.22382142974463,TheEmptinessMachine,Westwood,Festive,HTTP/1.1
2025-05-02 13:43:54,stallRate,150.304999828339,6.45008673565356,TheEmptinessMachine,Westwood,Festive,HTTP/1.1
2025-05-02 13:43:56,stallRate,152.304999828339,6.63199681154392,TheEmptinessMachine,Westwood,Festive,HTTP/1.1
2025-05-02 13:43:58,stallRate,154.304999828339,6.54366392563688,TheEmptinessMachine,Westwood,Festive,HTTP/1.1
2025-05-02 13:44:00,stallRate,156.304999828339,6.45805736474957,TheEmptinessMachine,Westwood,Festive,HTTP/1.1
2025-05-02 13:44:02,stallRate,158.304999828339,6.37468883651585,TheEmptinessMachine,Westwood,Festive,HTTP/1.1
2025-05-02 13:44:04,stallRate,160.304999828339,6.29363071399598,TheEmptinessMachine,Westwood,Festive,HTTP/1.1
2025-05-02 13:44:06,stallRate,162.304999828339,6.21454363886786,TheEmptinessMachine,Westwood,Festive,HTTP/1.1
2025-05-02 13:44:08,stallRate,164.304999828339,6.13742782152004,TheEmptinessMachine,Westwood,Festive,HTTP/1.1
2025-05-02 13:44:10,stallRate,166.304999828339,6.06187968377161,TheEmptinessMachine,Westwood,Festive,HTTP/1.1
2025-05-02 13:44:12,stallRate,168.304999828339,5.98821755165063,TheEmptinessMachine,Westwood,Festive,HTTP/1.1
2025-05-02 13:44:14,stallRate,170.304999828339,5.9201894239617,TheEmptinessMachine,Westwood,Festive,HTTP/1.1
2025-05-02 13:44:16,stallRate,172.304999828339,5.85024247986166,TheEmptinessMachine,Westwood,Festive,HTTP/1.1
2025-05-02 13:44:18,stallRate,174.304999828339,5.78185376489632,TheEmptinessMachine,Westwood,Festive,HTTP/1.1
2025-05-02 13:44:20,stallRate,176.304999828339,5.71471403663214,TheEmptinessMachine,Westwood,Festive,HTTP/1.1
2025-05-02 13:44:22,stallRate,178.304999828339,5.64947677278855,TheEmptinessMachine,Westwood,Festive,HTTP/1.1
2025-05-02 13:44:24,stallRate,180.304999828339,5.58554275104771,TheEmptinessMachine,Westwood,Festive,HTTP/1.1
2025-05-02 13:44:26,stallRate,182.304999828339,5.52309200967594,TheEmptinessMachine,Westwood,Festive,HTTP/1.1
2025-05-02 13:44:30,stallRate,186.304999828339,5.4024151481511,TheEmptinessMachine,Westwood,Festive,HTTP/1.1
2025-05-02 13:44:32,stallRate,188.304999828339,5.34414771753154,TheEmptinessMachine,Westwood,Festive,HTTP/1.1
2025-05-02 13:44:34,stallRate,190.304999828339,5.28716250821296,TheEmptinessMachine,Westwood,Festive,HTTP/1.1
2025-05-02 13:44:36,stallRate,192.304999828339,5.23130161325329,TheEmptinessMachine,Westwood,Festive,HTTP/1.1
2025-05-02 13:44:38,stallRate,194.305999994278,5.17656368184766,TheEmptinessMachine,Westwood,Festive,HTTP/1.1
2025-05-02 13:44:40,stallRate,196.304999828339,5.12302954446066,TheEmptinessMachine,Westwood,Festive,HTTP/1.1
2025-05-02 13:44:42,stallRate,198.304999828339,5.07053155702609,TheEmptinessMachine,Westwood,Festive,HTTP/1.1
2025-05-02 13:44:44,stallRate,200.304999828339,5.01917392156395,TheEmptinessMachine,Westwood,Festive,HTTP/1.1
2025-05-02 13:44:46,stallRate,202.304999828339,4.96861436676905,TheEmptinessMachine,Westwood,Festive,HTTP/1.1
2025-05-02 13:44:48,stallRate,204.304999828339,4.91929353666794,TheEmptinessMachine,Westwood,Festive,HTTP/1.1
2025-05-02 13:44:50,stallRate,206.304999828339,4.87096562565565,TheEmptinessMachine,Westwood,Festive,HTTP/1.1
2025-05-02 13:45:32,stallRate,4.09400010108948,0.0,TheEmptinessMachine,Westwood,Festive,HTTP/2
2025-05-02 13:45:34,stallRate,6.09400010108948,0.0,TheEmptinessMachine,Westwood,Festive,HTTP/2
2025-05-02 13:45:36,stallRate,8.09400010108948,0.0,TheEmptinessMachine,Westwood,Festive,HTTP/2
2025-05-02 13:45:42,stallRate,14.0940001010895,28.0835338835244,TheEmptinessMachine,Westwood,Festive,HTTP/2
2025-05-02 13:45:46,stallRate,18.0940001010895,39.716732767938,TheEmptinessMachine,Westwood,Festive,HTTP/2
2025-05-02 13:45:52,stallRate,24.0940001010895,47.7090203406699,TheEmptinessMachine,Westwood,Festive,HTTP/2
2025-05-02 13:45:54,stallRate,26.0940001010895,47.3027205458757,TheEmptinessMachine,Westwood,Festive,HTTP/2
2025-05-02 13:45:56,stallRate,28.0929999351501,45.8918468526439,TheEmptinessMachine,Westwood,Festive,HTTP/2
2025-05-02 13:45:58,stallRate,30.0940001010895,42.5540636273532,TheEmptinessMachine,Westwood,Festive,HTTP/2
2025-05-02 13:46:00,stallRate,32.0940001010895,41.7683955534837,TheEmptinessMachine,Westwood,Festive,HTTP/2
2025-05-02 13:46:02,stallRate,34.0940001010895,39.377709506997,TheEmptinessMachine,Westwood,Festive,HTTP/2
2025-05-02 13:46:04,stallRate,36.0940001010895,37.0319252506124,TheEmptinessMachine,Westwood,Festive,HTTP/2
2025-05-02 13:46:06,stallRate,38.0940001010895,34.9511627900456,TheEmptinessMachine,Westwood,Festive,HTTP/2
2025-05-02 13:46:08,stallRate,40.0929999351501,33.0944759966536,TheEmptinessMachine,Westwood,Festive,HTTP/2
2025-05-02 13:46:10,stallRate,42.0929999351501,31.4232944652605,TheEmptinessMachine,Westwood,Festive,HTTP/2
2025-05-02 13:46:12,stallRate,44.0940001010895,29.9136493680599,TheEmptinessMachine,Westwood,Festive,HTTP/2
2025-05-02 13:46:14,stallRate,46.0940001010895,28.5379038779703,TheEmptinessMachine,Westwood,Festive,HTTP/2
2025-05-02 13:46:16,stallRate,48.0940001010895,27.2886823925479,TheEmptinessMachine,Westwood,Festive,HTTP/2
2025-05-02 13:46:18,stallRate,50.0940001010895,26.137481517053,TheEmptinessMachine,Westwood,Festive,HTTP/2
2025-05-02 13:46:20,stallRate,52.0929999351501,25.0800696776699,TheEmptinessMachine,Westwood,Festive,HTTP/2
2025-05-02 13:46:22,stallRate,54.0929999351501,24.1075855419308,TheEmptinessMachine,Westwood,Festive,HTTP/2
2025-05-02 13:46:24,stallRate,56.0929999351501,23.2078967331257,TheEmptinessMachine,Westwood,Festive,HTTP/2
2025-05-02 13:46:26,stallRate,58.0940001010895,22.3702579470679,TheEmptinessMachine,Westwood,Festive,HTTP/2
2025-05-02 13:46:28,stallRate,60.0940001010895,21.5912240643369,TheEmptinessMachine,Westwood,Festive,HTTP/2
2025-05-02 13:46:30,stallRate,62.0940001010895,20.8657097023061,TheEmptinessMachine,Westwood,Festive,HTTP/2
2025-05-02 13:46:32,stallRate,64.0929999351501,20.1892985768493,TheEmptinessMachine,Westwood,Festive,HTTP/2
2025-05-02 13:46:34,stallRate,66.0940001010895,19.5549850962044,TheEmptinessMachine,Westwood,Festive,HTTP/2
2025-05-02 13:46:36,stallRate,68.0940001010895,18.9560049840799,TheEmptinessMachine,Westwood,Festive,HTTP/2
2025-05-02 13:46:38,stallRate,70.0940001010895,18.3964967541442,TheEmptinessMachine,Westwood,Festive,HTTP/2
2025-05-02 13:46:40,stallRate,72.0940001010895,17.8667463228796,TheEmptinessMachine,Westwood,Festive,HTTP/2
2025-05-02 13:46:42,stallRate,74.0940001010895,17.367168994854,TheEmptinessMachine,Westwood,Festive,HTTP/2
2025-05-02 13:46:44,stallRate,76.0929999351501,16.8975395180245,TheEmptinessMachine,Westwood,Festive,HTTP/2
2025-05-02 13:46:46,stallRate,78.0940001010895,16.4501594520823,TheEmptinessMachine,Westwood,Festive,HTTP/2
2025-05-02 13:46:48,stallRate,80.0929999351501,16.0284443750215,TheEmptinessMachine,Westwood,Festive,HTTP/2
2025-05-02 13:46:50,stallRate,82.0940001010895,15.6246116644651,TheEmptinessMachine,Westwood,Festive,HTTP/2
2025-05-02 13:46:54,stallRate,86.0940001010895,15.6844181407581,TheEmptinessMachine,Westwood,Festive,HTTP/2
2025-05-02 13:46:58,stallRate,90.0940001010895,15.2918030172397,TheEmptinessMachine,Westwood,Festive,HTTP/2
2025-05-02 13:47:06,stallRate,98.0929999351501,15.8250776833751,TheEmptinessMachine,Westwood,Festive,HTTP/2
2025-05-02 13:47:12,stallRate,104.094000101089,18.5652892572622,TheEmptinessMachine,Westwood,Festive,HTTP/2
2025-05-02 13:47:16,stallRate,108.09299993515,19.8789760824471,TheEmptinessMachine,Westwood,Festive,HTTP/2
2025-05-02 13:47:18,stallRate,110.09299993515,20.3762620732943,TheEmptinessMachine,Westwood,Festive,HTTP/2
2025-05-02 13:47:24,stallRate,116.094000101089,19.6396197302207,TheEmptinessMachine,Westwood,Festive,HTTP/2
2025-05-02 13:47:26,stallRate,118.09299993515,19.6396197302207,TheEmptinessMachine,Westwood,Festive,HTTP/2
2025-05-02 13:47:28,stallRate,120.094000101089,19.3033810528666,TheEmptinessMachine,Westwood,Festive,HTTP/2
2025-05-02 13:47:30,stallRate,122.094000101089,18.9648247387763,TheEmptinessMachine,Westwood,Festive,HTTP/2
2025-05-02 13:47:32,stallRate,124.094000101089,18.6362019317495,TheEmptinessMachine,Westwood,Festive,HTTP/2
2025-05-02 13:47:34,stallRate,126.094000101089,18.3189782570325,TheEmptinessMachine,Westwood,Festive,HTTP/2
2025-05-02 13:47:36,stallRate,128.094000101089,18.0147802765364,TheEmptinessMachine,Westwood,Festive,HTTP/2
2025-05-02 13:47:38,stallRate,130.09299993515,17.7184639941123,TheEmptinessMachine,Westwood,Festive,HTTP/2
2025-05-02 13:47:40,stallRate,132.094000101089,17.4322002047511,TheEmptinessMachine,Westwood,Festive,HTTP/2
2025-05-02 13:47:42,stallRate,134.09299993515,17.1554228257414,TheEmptinessMachine,Westwood,Festive,HTTP/2
2025-05-02 13:47:44,stallRate,136.09299993515,16.8875927439527,TheEmptinessMachine,Westwood,Festive,HTTP/2
2025-05-02 13:47:46,stallRate,138.09299993515,16.6278719592348,TheEmptinessMachine,Westwood,Festive,HTTP/2
2025-05-02 13:47:48,stallRate,140.094000101089,16.37576128088,TheEmptinessMachine,Westwood,Festive,HTTP/2
2025-05-02 13:47:50,stallRate,142.094000101089,16.8447878679271,TheEmptinessMachine,Westwood,Festive,HTTP/2
2025-05-02 13:47:52,stallRate,144.094000101089,16.598672221966,TheEmptinessMachine,Westwood,Festive,HTTP/2
2025-05-02 13:47:54,stallRate,146.09299993515,16.3576481787518,TheEmptinessMachine,Westwood,Festive,HTTP/2
2025-05-02 13:47:58,stallRate,150.094000101089,17.234671768567,TheEmptinessMachine,Westwood,Festive,HTTP/2
2025-05-02 13:48:00,stallRate,152.094000101089,17.1465482597701,TheEmptinessMachine,Westwood,Festive,HTTP/2
2025-05-02 13:48:02,stallRate,154.09299993515,16.9026724394419,TheEmptinessMachine,Westwood,Festive,HTTP/2
2025-05-02 13:48:04,stallRate,156.094000101089,16.6668126017361,TheEmptinessMachine,Westwood,Festive,HTTP/2
2025-05-02 13:48:06,stallRate,158.09299993515,16.4377761260903,TheEmptinessMachine,Westwood,Festive,HTTP/2
2025-05-02 13:48:08,stallRate,160.094000101089,16.2129029402658,TheEmptinessMachine,Westwood,Festive,HTTP/2
2025-05-02 13:48:10,stallRate,162.094000101089,15.9951644594783,TheEmptinessMachine,Westwood,Festive,HTTP/2
2025-05-02 13:48:12,stallRate,164.09299993515,15.7820340494149,TheEmptinessMachine,Westwood,Festive,HTTP/2
2025-05-02 13:48:14,stallRate,166.094000101089,15.5769062454147,TheEmptinessMachine,Westwood,Festive,HTTP/2
2025-05-02 13:48:16,stallRate,168.094000101089,15.375219155992,TheEmptinessMachine,Westwood,Festive,HTTP/2
2025-05-02 13:48:18,stallRate,170.094000101089,15.1788591442171,TheEmptinessMachine,Westwood,Festive,HTTP/2
2025-05-02 13:48:20,stallRate,172.094000101089,14.9879990557572,TheEmptinessMachine,Westwood,Festive,HTTP/2
2025-05-02 13:48:22,stallRate,174.094000101089,14.8019670610044,TheEmptinessMachine,Westwood,Festive,HTTP/2
2025-05-02 13:48:24,stallRate,176.09299993515,14.620631029675,TheEmptinessMachine,Westwood,Festive,HTTP/2
2025-05-02 13:48:26,stallRate,178.09299993515,14.4430927611294,TheEmptinessMachine,Westwood,Festive,HTTP/2
2025-05-02 13:48:28,stallRate,180.09299993515,14.270782164024,TheEmptinessMachine,Westwood,Festive,HTTP/2
2025-05-02 13:48:30,stallRate,182.094000101089,14.1022762134297,TheEmptinessMachine,Westwood,Festive,HTTP/2
2025-05-02 13:48:32,stallRate,184.094000101089,13.9378910545278,TheEmptinessMachine,Westwood,Festive,HTTP/2
2025-05-02 13:48:34,stallRate,186.094000101089,13.7769829128714,TheEmptinessMachine,Westwood,Festive,HTTP/2
2025-05-02 13:48:36,stallRate,188.094000101089,13.619808760312,TheEmptinessMachine,Westwood,Festive,HTTP/2
2025-05-02 13:48:38,stallRate,190.09299993515,13.4655664375959,TheEmptinessMachine,Westwood,Festive,HTTP/2
2025-05-02 13:48:40,stallRate,192.094000101089,13.3155169725725,TheEmptinessMachine,Westwood,Festive,HTTP/2
2025-05-02 13:48:42,stallRate,194.094000101089,13.1678080974407,TheEmptinessMachine,Westwood,Festive,HTTP/2
2025-05-02 13:48:44,stallRate,196.094000101089,13.0247810281977,TheEmptinessMachine,Westwood,Festive,HTTP/2
2025-05-02 13:48:46,stallRate,198.094000101089,12.8835397213534,TheEmptinessMachine,Westwood,Festive,HTTP/2
2025-05-02 13:48:48,stallRate,200.09299993515,12.8774807475912,TheEmptinessMachine,Westwood,Festive,HTTP/2
2025-05-02 13:48:50,stallRate,202.094000101089,12.8276216558855,TheEmptinessMachine,Westwood,Festive,HTTP/2
2025-05-02 13:48:52,stallRate,204.094000101089,12.6931738291208,TheEmptinessMachine,Westwood,Festive,HTTP/2
2025-05-02 13:48:54,stallRate,206.09299993515,12.5624179808975,TheEmptinessMachine,Westwood,Festive,HTTP/2
2025-05-02 13:48:56,stallRate,208.09299993515,12.4331746509804,TheEmptinessMachine,Westwood,Festive,HTTP/2
2025-05-02 13:48:58,stallRate,210.094000101089,12.3069219428686,TheEmptinessMachine,Westwood,Festive,HTTP/2
2025-05-02 13:49:00,stallRate,212.094000101089,12.5049170785184,TheEmptinessMachine,Westwood,Festive,HTTP/2
2025-05-02 13:49:02,stallRate,214.094000101089,12.3807358880092,TheEmptinessMachine,Westwood,Festive,HTTP/2
2025-05-02 13:49:04,stallRate,216.09299993515,12.25887465699,TheEmptinessMachine,Westwood,Festive,HTTP/2
2025-05-02 13:49:33,stallRate,4.11100006103516,0.0,TheEmptinessMachine,Westwood,Festive,HTTP/3
2025-05-02 13:49:41,stallRate,12.1110000610352,6.48868333763697,TheEmptinessMachine,Westwood,Festive,HTTP/3
2025-05-02 13:49:43,stallRate,14.1110000610352,5.06137798923603,TheEmptinessMachine,Westwood,Festive,HTTP/3
2025-05-02 13:49:51,stallRate,22.1110000610352,2.69371256229861,TheEmptinessMachine,Westwood,Festive,HTTP/3
2025-05-02 13:49:53,stallRate,24.1110000610352,2.41241545910955,TheEmptinessMachine,Westwood,Festive,HTTP/3
2025-05-02 13:49:57,stallRate,28.1110000610352,3.14298787968863,TheEmptinessMachine,Westwood,Festive,HTTP/3
2025-05-02 13:50:01,stallRate,32.1110000610352,7.94684602633283,TheEmptinessMachine,Westwood,Festive,HTTP/3
2025-05-02 13:50:03,stallRate,34.1110000610352,7.37663324003326,TheEmptinessMachine,Westwood,Festive,HTTP/3
2025-05-02 13:50:11,stallRate,42.1110000610352,7.00527362017112,TheEmptinessMachine,Westwood,Festive,HTTP/3
2025-05-02 13:50:13,stallRate,44.1110000610352,6.61777681491664,TheEmptinessMachine,Westwood,Festive,HTTP/3
2025-05-02 13:50:15,stallRate,46.1110000610352,6.26798780194629,TheEmptinessMachine,Westwood,Festive,HTTP/3
2025-05-02 13:50:17,stallRate,48.1110000610352,5.95410865250661,TheEmptinessMachine,Westwood,Festive,HTTP/3
2025-05-02 13:50:19,stallRate,50.1110000610352,5.66898125923004,TheEmptinessMachine,Westwood,Festive,HTTP/3
2025-05-02 13:50:21,stallRate,52.1119999885559,5.41245368101204,TheEmptinessMachine,Westwood,Festive,HTTP/3
2025-05-02 13:50:23,stallRate,54.1110000610352,5.17631981959499,TheEmptinessMachine,Westwood,Festive,HTTP/3
2025-05-02 13:50:25,stallRate,56.1119999885559,4.95990676463324,TheEmptinessMachine,Westwood,Festive,HTTP/3
2025-05-02 13:50:27,stallRate,58.1110000610352,4.76218167945116,TheEmptinessMachine,Westwood,Festive,HTTP/3
2025-05-02 13:50:29,stallRate,60.1110000610352,4.57877037742567,TheEmptinessMachine,Westwood,Festive,HTTP/3
2025-05-02 13:50:31,stallRate,62.1110000610352,4.40911581784267,TheEmptinessMachine,Westwood,Festive,HTTP/3
2025-05-02 13:50:33,stallRate,64.1110000610352,4.25173334208066,TheEmptinessMachine,Westwood,Festive,HTTP/3
2025-05-02 13:50:35,stallRate,66.1110000610352,4.10441492664558,TheEmptinessMachine,Westwood,Festive,HTTP/3
2025-05-02 13:50:37,stallRate,68.1110000610352,3.96798903710637,TheEmptinessMachine,Westwood,Festive,HTTP/3
2025-05-02 13:50:39,stallRate,70.1110000610352,3.83986367370155,TheEmptinessMachine,Westwood,Festive,HTTP/3
2025-05-02 13:50:41,stallRate,72.1110000610352,3.71955962855985,TheEmptinessMachine,Westwood,Festive,HTTP/3
2025-05-02 13:50:43,stallRate,74.1110000610352,3.60672368827818,TheEmptinessMachine,Westwood,Festive,HTTP/3
2025-05-02 13:50:45,stallRate,76.1110000610352,3.50034513695806,TheEmptinessMachine,Westwood,Festive,HTTP/3
2025-05-02 13:50:47,stallRate,78.1119999885559,3.40053715062542,TheEmptinessMachine,Westwood,Festive,HTTP/3
2025-05-02 13:50:49,stallRate,80.1110000610352,3.30576619765763,TheEmptinessMachine,Westwood,Festive,HTTP/3
2025-05-02 13:50:51,stallRate,82.1110000610352,3.21670481934574,TheEmptinessMachine,Westwood,Festive,HTTP/3
2025-05-02 13:50:53,stallRate,84.1110000610352,3.13190741928451,TheEmptinessMachine,Westwood,Festive,HTTP/3
2025-05-02 13:50:55,stallRate,86.1119999885559,3.05145563459294,TheEmptinessMachine,Westwood,Festive,HTTP/3
2025-05-02 13:50:57,stallRate,88.1110000610352,2.97550823143679,TheEmptinessMachine,Westwood,Festive,HTTP/3
2025-05-02 13:50:59,stallRate,90.1110000610352,2.90289003864543,TheEmptinessMachine,Westwood,Festive,HTTP/3
2025-05-02 13:51:01,stallRate,92.1110000610352,2.83375366765534,TheEmptinessMachine,Westwood,Festive,HTTP/3
2025-05-02 13:51:03,stallRate,94.1110000610352,2.76790261961622,TheEmptinessMachine,Westwood,Festive,HTTP/3
2025-05-02 13:51:05,stallRate,96.1110000610352,2.70506288784593,TheEmptinessMachine,Westwood,Festive,HTTP/3
2025-05-02 13:51:07,stallRate,98.1110000610352,2.64467300715856,TheEmptinessMachine,Westwood,Festive,HTTP/3
2025-05-02 13:51:09,stallRate,100.111000061035,2.587283535648,TheEmptinessMachine,Westwood,Festive,HTTP/3
2025-05-02 13:51:11,stallRate,102.111000061035,2.53211406218435,TheEmptinessMachine,Westwood,Festive,HTTP/3
2025-05-02 13:51:13,stallRate,104.111000061035,2.78675947272474,TheEmptinessMachine,Westwood,Festive,HTTP/3
2025-05-02 13:51:15,stallRate,106.111000061035,2.72941129438853,TheEmptinessMachine,Westwood,Festive,HTTP/3
2025-05-02 13:51:17,stallRate,108.111000061035,2.67503991429283,TheEmptinessMachine,Westwood,Festive,HTTP/3
2025-05-02 13:51:19,stallRate,110.111000061035,2.62246738114577,TheEmptinessMachine,Westwood,Festive,HTTP/3
2025-05-02 13:51:21,stallRate,112.111000061035,2.57203477196575,TheEmptinessMachine,Westwood,Festive,HTTP/3
2025-05-02 13:51:23,stallRate,114.111000061035,2.5235265972776,TheEmptinessMachine,Westwood,Festive,HTTP/3
2025-05-02 13:51:25,stallRate,116.111000061035,2.47682282888344,TheEmptinessMachine,Westwood,Festive,HTTP/3
2025-05-02 13:51:27,stallRate,118.111000061035,2.43164448669645,TheEmptinessMachine,Westwood,Festive,HTTP/3
2025-05-02 13:51:29,stallRate,120.111999988556,2.3883324202753,TheEmptinessMachine,Westwood,Festive,HTTP/3
2025-05-02 13:51:31,stallRate,122.111000061035,2.3465695335895,TheEmptinessMachine,Westwood,Festive,HTTP/3
2025-05-02 13:51:33,stallRate,124.111000061035,2.30588483581915,TheEmptinessMachine,Westwood,Festive,HTTP/3
2025-05-02 13:51:35,stallRate,126.111000061035,2.26699490247349,TheEmptinessMachine,Westwood,Festive,HTTP/3
2025-05-02 13:51:37,stallRate,128.111000061035,2.22915205989028,TheEmptinessMachine,Westwood,Festive,HTTP/3
2025-05-02 13:51:39,stallRate,130.111000061035,2.19275570978022,TheEmptinessMachine,Westwood,Festive,HTTP/3
2025-05-02 13:51:41,stallRate,132.111000061035,2.15733728250039,TheEmptinessMachine,Westwood,Festive,HTTP/3
2025-05-02 13:51:43,stallRate,134.111000061035,2.12305915429449,TheEmptinessMachine,Westwood,Festive,HTTP/3
2025-05-02 13:51:45,stallRate,136.111000061035,2.09001579887063,TheEmptinessMachine,Westwood,Festive,HTTP/3
2025-05-02 13:51:47,stallRate,138.111000061035,2.05785064658298,TheEmptinessMachine,Westwood,Festive,HTTP/3
2025-05-02 13:51:49,stallRate,140.111000061035,2.02664864186043,TheEmptinessMachine,Westwood,Festive,HTTP/3
2025-05-02 13:51:55,stallRate,146.111000061035,1.93845419337882,TheEmptinessMachine,Westwood,Festive,HTTP/3
2025-05-02 13:51:57,stallRate,148.111000061035,1.91080703947715,TheEmptinessMachine,Westwood,Festive,HTTP/3
2025-05-02 13:51:59,stallRate,150.111000061035,1.88384795881894,TheEmptinessMachine,Westwood,Festive,HTTP/3
2025-05-02 13:52:01,stallRate,152.111000061035,1.85766252655202,TheEmptinessMachine,Westwood,Festive,HTTP/3
2025-05-02 13:52:03,stallRate,154.111000061035,1.83208362428394,TheEmptinessMachine,Westwood,Festive,HTTP/3
2025-05-02 13:52:05,stallRate,156.111000061035,1.80737790283864,TheEmptinessMachine,Westwood,Festive,HTTP/3
2025-05-02 13:52:07,stallRate,158.111000061035,1.78335499263665,TheEmptinessMachine,Westwood,Festive,HTTP/3
2025-05-02 13:52:09,stallRate,160.111000061035,1.75990171379061,TheEmptinessMachine,Westwood,Festive,HTTP/3
2025-05-02 13:52:11,stallRate,162.111000061035,1.73698531102896,TheEmptinessMachine,Westwood,Festive,HTTP/3
2025-05-02 13:52:13,stallRate,164.111000061035,1.71468678171237,TheEmptinessMachine,Westwood,Festive,HTTP/3
2025-05-02 13:52:15,stallRate,166.111000061035,1.69287050700386,TheEmptinessMachine,Westwood,Festive,HTTP/3
2025-05-02 13:52:17,stallRate,168.111000061035,1.67164751783305,TheEmptinessMachine,Westwood,Festive,HTTP/3
2025-05-02 13:52:21,stallRate,172.111000061035,1.63091266106787,TheEmptinessMachine,Westwood,Festive,HTTP/3
2025-05-02 13:52:23,stallRate,174.111000061035,1.61126474821076,TheEmptinessMachine,Westwood,Festive,HTTP/3
2025-05-02 13:52:25,stallRate,176.111000061035,1.59198026430308,TheEmptinessMachine,Westwood,Festive,HTTP/3
2025-05-02 13:52:27,stallRate,178.111000061035,1.57335535234496,TheEmptinessMachine,Westwood,Festive,HTTP/3
2025-05-02 13:52:29,stallRate,180.111000061035,1.55499826013695,TheEmptinessMachine,Westwood,Festive,HTTP/3
2025-05-02 13:52:31,stallRate,182.111000061035,1.53709581518273,TheEmptinessMachine,Westwood,Festive,HTTP/3
2025-05-02 13:52:33,stallRate,184.111000061035,1.51969819865289,TheEmptinessMachine,Westwood,Festive,HTTP/3
2025-05-02 13:52:35,stallRate,186.111000061035,1.50260458532275,TheEmptinessMachine,Westwood,Festive,HTTP/3
2025-05-02 13:52:37,stallRate,188.111000061035,1.48600415499943,TheEmptinessMachine,Westwood,Festive,HTTP/3
2025-05-02 13:52:39,stallRate,190.111000061035,1.46964422372768,TheEmptinessMachine,Westwood,Festive,HTTP/3
2025-05-02 13:52:41,stallRate,192.111000061035,1.4537558834402,TheEmptinessMachine,Westwood,Festive,HTTP/3
2025-05-02 13:52:43,stallRate,194.111000061035,1.43810663570506,TheEmptinessMachine,Westwood,Festive,HTTP/3
2025-05-02 13:52:45,stallRate,196.111000061035,1.42286989959219,TheEmptinessMachine,Westwood,Festive,HTTP/3
2025-05-02 13:52:47,stallRate,198.111000061035,1.40787853488134,TheEmptinessMachine,Westwood,Festive,HTTP/3
2025-05-02 13:52:49,stallRate,200.111000061035,1.39319822993354,TheEmptinessMachine,Westwood,Festive,HTTP/3
2025-05-02 13:52:51,stallRate,202.111000061035,1.3788891434347,TheEmptinessMachine,Westwood,Festive,HTTP/3
2025-05-02 13:52:53,stallRate,204.111000061035,1.36480869932674,TheEmptinessMachine,Westwood,Festive,HTTP/3
2025-05-02 13:52:55,stallRate,206.111000061035,1.35102468358743,TheEmptinessMachine,Westwood,Festive,HTTP/3
2025-05-02 13:52:57,stallRate,208.111000061035,1.33751694819968,TheEmptinessMachine,Westwood,Festive,HTTP/3
2025-05-02 13:52:59,stallRate,210.111000061035,1.32421144471305,TheEmptinessMachine,Westwood,Festive,HTTP/3
2025-05-02 13:53:01,stallRate,212.111000061035,1.3111885213623,TheEmptinessMachine,Westwood,Festive,HTTP/3
2025-05-02 13:53:30,stallRate,4.30199980735779,0.0,TheEmptinessMachine,Westwood,L2A,HTTP/1.1
2025-05-02 13:53:34,stallRate,8.30199980735779,12.5417752509897,TheEmptinessMachine,Westwood,L2A,HTTP/1.1
2025-05-02 13:53:36,stallRate,10.3019998073578,14.231193775961,TheEmptinessMachine,Westwood,L2A,HTTP/1.1
2025-05-02 13:53:40,stallRate,14.3019998073578,13.0647991113033,TheEmptinessMachine,Westwood,L2A,HTTP/1.1
2025-05-02 13:53:42,stallRate,16.3019998073578,11.0979401728657,TheEmptinessMachine,Westwood,L2A,HTTP/1.1
2025-05-02 13:53:44,stallRate,18.3019998073578,9.64402136358827,TheEmptinessMachine,Westwood,L2A,HTTP/1.1
2025-05-02 13:53:46,stallRate,20.3019998073578,15.2183990779322,TheEmptinessMachine,Westwood,L2A,HTTP/1.1
2025-05-02 13:53:48,stallRate,22.3029999732971,16.0222799685758,TheEmptinessMachine,Westwood,L2A,HTTP/1.1
2025-05-02 13:53:50,stallRate,24.3019998073578,14.5108121635155,TheEmptinessMachine,Westwood,L2A,HTTP/1.1
2025-05-02 13:53:52,stallRate,26.3019998073578,13.2618041194643,TheEmptinessMachine,Westwood,L2A,HTTP/1.1
2025-05-02 13:53:54,stallRate,28.3019998073578,12.212402630848,TheEmptinessMachine,Westwood,L2A,HTTP/1.1
2025-05-02 13:53:56,stallRate,30.3019998073578,11.3179557876205,TheEmptinessMachine,Westwood,L2A,HTTP/1.1
2025-05-02 13:53:58,stallRate,32.3019998073578,10.5408530630022,TheEmptinessMachine,Westwood,L2A,HTTP/1.1
2025-05-02 13:54:00,stallRate,34.3019998073578,9.87051178569338,TheEmptinessMachine,Westwood,L2A,HTTP/1.1
2025-05-02 13:54:02,stallRate,36.3019998073578,9.27466108485621,TheEmptinessMachine,Westwood,L2A,HTTP/1.1
2025-05-02 13:54:04,stallRate,38.3019998073578,8.75042388032055,TheEmptinessMachine,Westwood,L2A,HTTP/1.1
2025-05-02 13:54:06,stallRate,40.3019998073578,8.28046834820501,TheEmptinessMachine,Westwood,L2A,HTTP/1.1
2025-05-02 13:54:08,stallRate,42.3019998073578,7.85750086114832,TheEmptinessMachine,Westwood,L2A,HTTP/1.1
2025-05-02 13:54:10,stallRate,44.3019998073578,7.47848163028123,TheEmptinessMachine,Westwood,L2A,HTTP/1.1
2025-05-02 13:54:12,stallRate,46.3019998073578,7.13167800104749,TheEmptinessMachine,Westwood,L2A,HTTP/1.1
2025-05-02 13:54:14,stallRate,48.3019998073578,6.81645659305814,TheEmptinessMachine,Westwood,L2A,HTTP/1.1
2025-05-02 13:54:16,stallRate,50.3019998073578,6.52625398239815,TheEmptinessMachine,Westwood,L2A,HTTP/1.1
2025-05-02 13:54:18,stallRate,52.3019998073578,6.26266461137311,TheEmptinessMachine,Westwood,L2A,HTTP/1.1
2025-05-02 13:54:20,stallRate,54.3019998073578,6.01768342066199,TheEmptinessMachine,Westwood,L2A,HTTP/1.1
2025-05-02 13:54:22,stallRate,56.3019998073578,5.79122150297532,TheEmptinessMachine,Westwood,L2A,HTTP/1.1
2025-05-02 13:54:24,stallRate,58.3019998073578,5.58225954427998,TheEmptinessMachine,Westwood,L2A,HTTP/1.1
2025-05-02 13:54:26,stallRate,60.3019998073578,5.38715496532212,TheEmptinessMachine,Westwood,L2A,HTTP/1.1
2025-05-02 13:54:28,stallRate,62.3019998073578,5.20532854896508,TheEmptinessMachine,Westwood,L2A,HTTP/1.1
2025-05-02 13:54:30,stallRate,64.3019998073578,5.03500476994953,TheEmptinessMachine,Westwood,L2A,HTTP/1.1
2025-05-02 13:54:34,stallRate,68.3019998073578,5.95680520809859,TheEmptinessMachine,Westwood,L2A,HTTP/1.1
2025-05-02 13:54:36,stallRate,70.3019998073578,6.75465535473767,TheEmptinessMachine,Westwood,L2A,HTTP/1.1
2025-05-02 13:54:38,stallRate,72.3019998073578,6.55998584249557,TheEmptinessMachine,Westwood,L2A,HTTP/1.1
2025-05-02 13:54:40,stallRate,74.3019998073578,6.37627522383763,TheEmptinessMachine,Westwood,L2A,HTTP/1.1
2025-05-02 13:54:42,stallRate,76.3019998073578,6.20230394564421,TheEmptinessMachine,Westwood,L2A,HTTP/1.1
2025-05-02 13:54:44,stallRate,78.3019998073578,6.03804530087862,TheEmptinessMachine,Westwood,L2A,HTTP/1.1
2025-05-02 13:54:46,stallRate,80.3019998073578,6.73633390049756,TheEmptinessMachine,Westwood,L2A,HTTP/1.1
2025-05-02 13:54:48,stallRate,82.3019998073578,7.33493352934584,TheEmptinessMachine,Westwood,L2A,HTTP/1.1
2025-05-02 13:54:50,stallRate,84.3019998073578,7.15382428269182,TheEmptinessMachine,Westwood,L2A,HTTP/1.1
2025-05-02 13:54:52,stallRate,86.3019998073578,7.77330698457643,TheEmptinessMachine,Westwood,L2A,HTTP/1.1
2025-05-02 13:54:54,stallRate,88.3019998073578,7.59080069893258,TheEmptinessMachine,Westwood,L2A,HTTP/1.1
2025-05-02 13:54:56,stallRate,90.3019998073578,7.41741127048886,TheEmptinessMachine,Westwood,L2A,HTTP/1.1
2025-05-02 13:54:58,stallRate,92.3019998073578,7.25188087547227,TheEmptinessMachine,Westwood,L2A,HTTP/1.1
2025-05-02 13:55:00,stallRate,94.3019998073578,7.09197028557864,TheEmptinessMachine,Westwood,L2A,HTTP/1.1
2025-05-02 13:55:02,stallRate,96.3019998073578,6.94053585604678,TheEmptinessMachine,Westwood,L2A,HTTP/1.1
2025-05-02 13:55:04,stallRate,98.3019998073578,6.79456246069129,TheEmptinessMachine,Westwood,L2A,HTTP/1.1
2025-05-02 13:55:06,stallRate,100.301999807358,6.65460568139895,TheEmptinessMachine,Westwood,L2A,HTTP/1.1
2025-05-02 13:55:08,stallRate,102.301999807358,6.51981504608607,TheEmptinessMachine,Westwood,L2A,HTTP/1.1
2025-05-02 13:55:10,stallRate,104.301999807358,6.39132942544085,TheEmptinessMachine,Westwood,L2A,HTTP/1.1
2025-05-02 13:55:12,stallRate,106.301999807358,6.26754536413995,TheEmptinessMachine,Westwood,L2A,HTTP/1.1
2025-05-02 13:55:14,stallRate,108.302999973297,6.1482064156504,TheEmptinessMachine,Westwood,L2A,HTTP/1.1
2025-05-02 13:55:16,stallRate,110.301999807358,6.03411325910987,TheEmptinessMachine,Westwood,L2A,HTTP/1.1
2025-05-02 13:55:18,stallRate,112.301999807358,5.92344360684034,TheEmptinessMachine,Westwood,L2A,HTTP/1.1
2025-05-02 13:55:20,stallRate,114.301999807358,5.8175956064524,TheEmptinessMachine,Westwood,L2A,HTTP/1.1
2025-05-02 13:55:22,stallRate,116.301999807358,5.71473699089945,TheEmptinessMachine,Westwood,L2A,HTTP/1.1
2025-05-02 13:55:24,stallRate,118.301999807358,5.61536077205095,TheEmptinessMachine,Westwood,L2A,HTTP/1.1
2025-05-02 13:55:26,stallRate,120.301999807358,5.51962875997493,TheEmptinessMachine,Westwood,L2A,HTTP/1.1
2025-05-02 13:55:28,stallRate,122.301999807358,5.42715894532552,TheEmptinessMachine,Westwood,L2A,HTTP/1.1
2025-05-02 13:55:30,stallRate,124.302999973297,5.33696927465842,TheEmptinessMachine,Westwood,L2A,HTTP/1.1
2025-05-02 13:55:32,stallRate,126.301999807358,5.25073593561679,TheEmptinessMachine,Westwood,L2A,HTTP/1.1
2025-05-02 13:55:34,stallRate,128.301999807358,5.16673186307142,TheEmptinessMachine,Westwood,L2A,HTTP/1.1
2025-05-02 13:55:36,stallRate,130.301999807358,5.08620046996839,TheEmptinessMachine,Westwood,L2A,HTTP/1.1
2025-05-02 13:55:38,stallRate,132.301999807358,5.00728978501023,TheEmptinessMachine,Westwood,L2A,HTTP/1.1
2025-05-02 13:55:40,stallRate,134.301999807358,4.93080615410555,TheEmptinessMachine,Westwood,L2A,HTTP/1.1
2025-05-02 13:55:42,stallRate,136.301999807358,4.85672557251539,TheEmptinessMachine,Westwood,L2A,HTTP/1.1
2025-05-02 13:55:44,stallRate,138.301999807358,4.78493040095682,TheEmptinessMachine,Westwood,L2A,HTTP/1.1
2025-05-02 13:55:46,stallRate,140.301999807358,4.71531446513532,TheEmptinessMachine,Westwood,L2A,HTTP/1.1
2025-05-02 13:55:50,stallRate,144.301999807358,5.44082736452836,TheEmptinessMachine,Westwood,L2A,HTTP/1.1
2025-05-02 13:55:52,stallRate,146.301999807358,5.36475259162467,TheEmptinessMachine,Westwood,L2A,HTTP/1.1
2025-05-02 13:55:54,stallRate,148.301999807358,5.2912430606303,TheEmptinessMachine,Westwood,L2A,HTTP/1.1
2025-05-02 13:55:56,stallRate,150.301999807358,5.21927723140359,TheEmptinessMachine,Westwood,L2A,HTTP/1.1
2025-05-02 13:55:58,stallRate,152.301999807358,5.15710239945883,TheEmptinessMachine,Westwood,L2A,HTTP/1.1
2025-05-02 13:56:02,stallRate,156.301999807358,5.59268470327705,TheEmptinessMachine,Westwood,L2A,HTTP/1.1
2025-05-02 13:56:04,stallRate,158.301999807358,5.73979456132748,TheEmptinessMachine,Westwood,L2A,HTTP/1.1
2025-05-02 13:56:06,stallRate,160.301999807358,5.6669701914165,TheEmptinessMachine,Westwood,L2A,HTTP/1.1
2025-05-02 13:56:08,stallRate,162.301999807358,5.59551493754402,TheEmptinessMachine,Westwood,L2A,HTTP/1.1
2025-05-02 13:56:10,stallRate,164.301999807358,5.52628727166644,TheEmptinessMachine,Westwood,L2A,HTTP/1.1
2025-05-02 13:56:12,stallRate,166.301999807358,5.45853888351219,TheEmptinessMachine,Westwood,L2A,HTTP/1.1
2025-05-02 13:56:14,stallRate,168.301999807358,5.39233507073391,TheEmptinessMachine,Westwood,L2A,HTTP/1.1
2025-05-02 13:56:16,stallRate,170.301999807358,5.32780644506366,TheEmptinessMachine,Westwood,L2A,HTTP/1.1
2025-05-02 13:56:18,stallRate,172.301999807358,5.26431780415389,TheEmptinessMachine,Westwood,L2A,HTTP/1.1
2025-05-02 13:56:20,stallRate,174.301999807358,5.20309309983523,TheEmptinessMachine,Westwood,L2A,HTTP/1.1
2025-05-02 13:56:22,stallRate,176.301999807358,5.142928955714,TheEmptinessMachine,Westwood,L2A,HTTP/1.1
2025-05-02 13:56:24,stallRate,178.301999807358,5.0842399422314,TheEmptinessMachine,Westwood,L2A,HTTP/1.1
2025-05-02 13:56:26,stallRate,180.301999807358,5.02687614847502,TheEmptinessMachine,Westwood,L2A,HTTP/1.1
2025-05-02 13:56:28,stallRate,182.301999807358,4.97084582457712,TheEmptinessMachine,Westwood,L2A,HTTP/1.1
2025-05-02 13:56:30,stallRate,184.301999807358,4.91584824430428,TheEmptinessMachine,Westwood,L2A,HTTP/1.1
2025-05-02 13:56:32,stallRate,186.301999807358,4.86206248785479,TheEmptinessMachine,Westwood,L2A,HTTP/1.1
2025-05-02 13:56:34,stallRate,188.301999807358,4.80979254268453,TheEmptinessMachine,Westwood,L2A,HTTP/1.1
2025-05-02 13:56:36,stallRate,190.301999807358,4.7583075290173,TheEmptinessMachine,Westwood,L2A,HTTP/1.1
2025-05-02 13:56:38,stallRate,192.301999807358,4.70801165907112,TheEmptinessMachine,Westwood,L2A,HTTP/1.1
2025-05-02 13:56:40,stallRate,194.301999807358,4.65849969118272,TheEmptinessMachine,Westwood,L2A,HTTP/1.1
2025-05-02 13:56:42,stallRate,196.301999807358,4.61057865637245,TheEmptinessMachine,Westwood,L2A,HTTP/1.1
2025-05-02 13:56:44,stallRate,198.301999807358,4.56320632857614,TheEmptinessMachine,Westwood,L2A,HTTP/1.1
2025-05-02 13:56:46,stallRate,200.301999807358,4.51684343405437,TheEmptinessMachine,Westwood,L2A,HTTP/1.1
2025-05-02 13:56:48,stallRate,202.301999807358,4.63662091965688,TheEmptinessMachine,Westwood,L2A,HTTP/1.1
2025-05-02 13:56:50,stallRate,204.301999807358,4.59050813097028,TheEmptinessMachine,Westwood,L2A,HTTP/1.1
2025-05-02 13:56:52,stallRate,206.301999807358,4.54534207659616,TheEmptinessMachine,Westwood,L2A,HTTP/1.1
2025-05-02 13:57:33,stallRate,8.0939998626709,0.0,TheEmptinessMachine,Westwood,L2A,HTTP/2
2025-05-02 13:57:37,stallRate,12.0939998626709,0.0,TheEmptinessMachine,Westwood,L2A,HTTP/2
2025-05-02 13:57:39,stallRate,14.0939998626709,0.0,TheEmptinessMachine,Westwood,L2A,HTTP/2
2025-05-02 13:57:43,stallRate,18.0939998626709,4.77461125855184,TheEmptinessMachine,Westwood,L2A,HTTP/2
2025-05-02 13:57:45,stallRate,20.0939998626709,4.12426971849337,TheEmptinessMachine,Westwood,L2A,HTTP/2
2025-05-02 13:57:47,stallRate,22.0939998626709,3.62986092750162,TheEmptinessMachine,Westwood,L2A,HTTP/2
2025-05-02 13:57:49,stallRate,24.0939998626709,3.24190172273368,TheEmptinessMachine,Westwood,L2A,HTTP/2
2025-05-02 13:57:51,stallRate,26.0939998626709,5.3851114663658,TheEmptinessMachine,Westwood,L2A,HTTP/2
2025-05-02 13:57:53,stallRate,28.0939998626709,7.33170715502294,TheEmptinessMachine,Westwood,L2A,HTTP/2
2025-05-02 13:57:55,stallRate,30.0939998626709,6.73967278166326,TheEmptinessMachine,Westwood,L2A,HTTP/2
2025-05-02 13:57:59,stallRate,34.0939998626709,6.69660803940025,TheEmptinessMachine,Westwood,L2A,HTTP/2
2025-05-02 13:58:01,stallRate,36.0939998626709,6.26054537501383,TheEmptinessMachine,Westwood,L2A,HTTP/2
2025-05-02 13:58:03,stallRate,38.0939998626709,9.38113465584581,TheEmptinessMachine,Westwood,L2A,HTTP/2
2025-05-02 13:58:11,stallRate,46.0939998626709,9.69783902089182,TheEmptinessMachine,Westwood,L2A,HTTP/2
2025-05-02 13:58:17,stallRate,52.0939998626709,18.1129898399494,TheEmptinessMachine,Westwood,L2A,HTTP/2
2025-05-02 13:58:21,stallRate,56.0939998626709,18.272114173667,TheEmptinessMachine,Westwood,L2A,HTTP/2
2025-05-02 13:58:25,stallRate,60.0939998626709,18.6950354991254,TheEmptinessMachine,Westwood,L2A,HTTP/2
2025-05-02 13:58:31,stallRate,66.0939998626709,23.4275872547226,TheEmptinessMachine,Westwood,L2A,HTTP/2
2025-05-02 13:58:35,stallRate,70.0939998626709,23.5259624222085,TheEmptinessMachine,Westwood,L2A,HTTP/2
2025-05-02 13:58:37,stallRate,72.0939998626709,24.4794197339506,TheEmptinessMachine,Westwood,L2A,HTTP/2
2025-05-02 13:58:41,stallRate,76.0939998626709,24.4757426880386,TheEmptinessMachine,Westwood,L2A,HTTP/2
2025-05-02 13:58:43,stallRate,78.0939998626709,24.9405325152726,TheEmptinessMachine,Westwood,L2A,HTTP/2
2025-05-02 13:58:45,stallRate,80.0939998626709,24.2468729766706,TheEmptinessMachine,Westwood,L2A,HTTP/2
2025-05-02 13:58:47,stallRate,82.0939998626709,23.5956017028618,TheEmptinessMachine,Westwood,L2A,HTTP/2
2025-05-02 13:58:49,stallRate,84.0939998626709,22.97575147195,TheEmptinessMachine,Westwood,L2A,HTTP/2
2025-05-02 13:58:51,stallRate,86.0939998626709,22.3877197413698,TheEmptinessMachine,Westwood,L2A,HTTP/2
2025-05-02 13:58:53,stallRate,88.0939998626709,21.830388481517,TheEmptinessMachine,Westwood,L2A,HTTP/2
2025-05-02 13:58:55,stallRate,90.0939998626709,21.300181338997,TheEmptinessMachine,Westwood,L2A,HTTP/2
2025-05-02 13:58:57,stallRate,92.0939998626709,20.7922128984562,TheEmptinessMachine,Westwood,L2A,HTTP/2
2025-05-02 13:58:59,stallRate,94.0939998626709,20.3110054697101,TheEmptinessMachine,Westwood,L2A,HTTP/2
2025-05-02 13:59:01,stallRate,96.0939998626709,19.8501502186164,TheEmptinessMachine,Westwood,L2A,HTTP/2
2025-05-02 13:59:03,stallRate,98.0939998626709,19.410036358633,TheEmptinessMachine,Westwood,L2A,HTTP/2
2025-05-02 13:59:05,stallRate,100.093999862671,18.9895117003452,TheEmptinessMachine,Westwood,L2A,HTTP/2
2025-05-02 13:59:07,stallRate,102.093999862671,18.5867595750381,TheEmptinessMachine,Westwood,L2A,HTTP/2
2025-05-02 13:59:09,stallRate,104.093999862671,18.2011287983737,TheEmptinessMachine,Westwood,L2A,HTTP/2
2025-05-02 13:59:11,stallRate,106.093999862671,17.8280699242918,TheEmptinessMachine,Westwood,L2A,HTTP/2
2025-05-02 13:59:13,stallRate,108.093999862671,17.4738373108495,TheEmptinessMachine,Westwood,L2A,HTTP/2
2025-05-02 13:59:15,stallRate,110.093999862671,17.1314156583805,TheEmptinessMachine,Westwood,L2A,HTTP/2
2025-05-02 13:59:17,stallRate,112.093999862671,16.8025099988248,TheEmptinessMachine,Westwood,L2A,HTTP/2
2025-05-02 13:59:19,stallRate,114.093999862671,16.4862658370342,TheEmptinessMachine,Westwood,L2A,HTTP/2
2025-05-02 13:59:21,stallRate,116.093999862671,16.1820980327316,TheEmptinessMachine,Westwood,L2A,HTTP/2
2025-05-02 13:59:23,stallRate,118.093999862671,15.8891892017949,TheEmptinessMachine,Westwood,L2A,HTTP/2
2025-05-02 13:59:25,stallRate,120.093999862671,15.6064750012025,TheEmptinessMachine,Westwood,L2A,HTTP/2
2025-05-02 13:59:27,stallRate,122.093999862671,15.3336607160257,TheEmptinessMachine,Westwood,L2A,HTTP/2
2025-05-02 13:59:29,stallRate,124.093999862671,15.0702971536786,TheEmptinessMachine,Westwood,L2A,HTTP/2
2025-05-02 13:59:31,stallRate,126.093999862671,14.8157941333969,TheEmptinessMachine,Westwood,L2A,HTTP/2
2025-05-02 13:59:33,stallRate,128.093999862671,14.5682788506718,TheEmptinessMachine,Westwood,L2A,HTTP/2
2025-05-02 13:59:35,stallRate,130.093999862671,14.3299610203426,TheEmptinessMachine,Westwood,L2A,HTTP/2
2025-05-02 13:59:37,stallRate,132.093999862671,14.1038745129004,TheEmptinessMachine,Westwood,L2A,HTTP/2
2025-05-02 13:59:41,stallRate,136.093999862671,14.2606254850965,TheEmptinessMachine,Westwood,L2A,HTTP/2
2025-05-02 13:59:47,stallRate,142.093999862671,15.9608113537092,TheEmptinessMachine,Westwood,L2A,HTTP/2
2025-05-02 13:59:49,stallRate,144.093999862671,15.7245588035322,TheEmptinessMachine,Westwood,L2A,HTTP/2
2025-05-02 13:59:51,stallRate,146.093999862671,15.4953366649878,TheEmptinessMachine,Westwood,L2A,HTTP/2
2025-05-02 13:59:53,stallRate,148.093999862671,15.2753995482295,TheEmptinessMachine,Westwood,L2A,HTTP/2
2025-05-02 13:59:55,stallRate,150.093999862671,15.0591093425371,TheEmptinessMachine,Westwood,L2A,HTTP/2
2025-05-02 13:59:57,stallRate,152.093999862671,14.8490528973652,TheEmptinessMachine,Westwood,L2A,HTTP/2
2025-05-02 13:59:59,stallRate,154.093999862671,14.6430804148123,TheEmptinessMachine,Westwood,L2A,HTTP/2
2025-05-02 14:00:01,stallRate,156.093999862671,14.4443768741195,TheEmptinessMachine,Westwood,L2A,HTTP/2
2025-05-02 14:00:03,stallRate,158.093999862671,14.251293902675,TheEmptinessMachine,Westwood,L2A,HTTP/2
2025-05-02 14:00:05,stallRate,160.093999862671,14.0639377744598,TheEmptinessMachine,Westwood,L2A,HTTP/2
2025-05-02 14:00:07,stallRate,162.093999862671,13.879928235079,TheEmptinessMachine,Westwood,L2A,HTTP/2
2025-05-02 14:00:09,stallRate,164.093999862671,13.7020796816181,TheEmptinessMachine,Westwood,L2A,HTTP/2
2025-05-02 14:00:11,stallRate,166.093999862671,13.528360404157,TheEmptinessMachine,Westwood,L2A,HTTP/2
2025-05-02 14:00:15,stallRate,170.093999862671,13.1930527830231,TheEmptinessMachine,Westwood,L2A,HTTP/2
2025-05-02 14:00:17,stallRate,172.093999862671,13.0320643027143,TheEmptinessMachine,Westwood,L2A,HTTP/2
2025-05-02 14:00:19,stallRate,174.093999862671,12.8749107580489,TheEmptinessMachine,Westwood,L2A,HTTP/2
2025-05-02 14:00:25,stallRate,180.093999862671,12.4242046438424,TheEmptinessMachine,Westwood,L2A,HTTP/2
2025-05-02 14:00:27,stallRate,182.093999862671,12.2810034381834,TheEmptinessMachine,Westwood,L2A,HTTP/2
2025-05-02 14:00:29,stallRate,184.093999862671,12.1407206371074,TheEmptinessMachine,Westwood,L2A,HTTP/2
2025-05-02 14:00:31,stallRate,186.093999862671,12.0044004347233,TheEmptinessMachine,Westwood,L2A,HTTP/2
2025-05-02 14:00:33,stallRate,188.093999862671,11.8702957018697,TheEmptinessMachine,Westwood,L2A,HTTP/2
2025-05-02 14:00:35,stallRate,190.093999862671,11.7404720841534,TheEmptinessMachine,Westwood,L2A,HTTP/2
2025-05-02 14:00:37,stallRate,192.093999862671,11.6121161345267,TheEmptinessMachine,Westwood,L2A,HTTP/2
2025-05-02 14:00:39,stallRate,194.093999862671,11.4867665631757,TheEmptinessMachine,Westwood,L2A,HTTP/2
2025-05-02 14:00:41,stallRate,196.093999862671,11.3643484927249,TheEmptinessMachine,Westwood,L2A,HTTP/2
2025-05-02 14:00:43,stallRate,198.09299993515,11.2446200254341,TheEmptinessMachine,Westwood,L2A,HTTP/2
2025-05-02 14:00:45,stallRate,200.093999862671,11.1273435299102,TheEmptinessMachine,Westwood,L2A,HTTP/2
2025-05-02 14:00:47,stallRate,202.093999862671,11.0116745649966,TheEmptinessMachine,Westwood,L2A,HTTP/2
2025-05-02 14:00:49,stallRate,204.093999862671,10.8996448305774,TheEmptinessMachine,Westwood,L2A,HTTP/2
2025-05-02 14:00:51,stallRate,206.093999862671,10.7892009660019,TheEmptinessMachine,Westwood,L2A,HTTP/2
2025-05-02 14:01:36,stallRate,10.8919999599457,0.0,TheEmptinessMachine,Westwood,L2A,HTTP/3
2025-05-02 14:01:44,stallRate,18.8919999599457,58.1280509413239,TheEmptinessMachine,Westwood,L2A,HTTP/3
2025-05-02 14:01:46,stallRate,20.8919999599457,46.2429718905727,TheEmptinessMachine,Westwood,L2A,HTTP/3
2025-05-02 14:01:48,stallRate,22.8919999599457,38.4225618472871,TheEmptinessMachine,Westwood,L2A,HTTP/3
2025-05-02 14:01:50,stallRate,24.8919999599457,32.8681984331581,TheEmptinessMachine,Westwood,L2A,HTTP/3
2025-05-02 14:01:52,stallRate,26.8919999599457,28.7052145708307,TheEmptinessMachine,Westwood,L2A,HTTP/3
2025-05-02 14:01:54,stallRate,28.8919999599457,25.4766034352399,TheEmptinessMachine,Westwood,L2A,HTTP/3
2025-05-02 14:01:56,stallRate,30.8919999599457,24.1882760364336,TheEmptinessMachine,Westwood,L2A,HTTP/3
2025-05-02 14:02:00,stallRate,34.8919999599457,20.2528391590782,TheEmptinessMachine,Westwood,L2A,HTTP/3
2025-05-02 14:02:02,stallRate,36.8919999599457,19.2483773879629,TheEmptinessMachine,Westwood,L2A,HTTP/3
2025-05-02 14:02:04,stallRate,38.8919999599457,17.8722832890954,TheEmptinessMachine,Westwood,L2A,HTTP/3
2025-05-02 14:02:06,stallRate,40.8919999599457,16.6700116213201,TheEmptinessMachine,Westwood,L2A,HTTP/3
2025-05-02 14:02:08,stallRate,42.8919999599457,17.2626149002174,TheEmptinessMachine,Westwood,L2A,HTTP/3
2025-05-02 14:02:10,stallRate,44.8919999599457,16.2453971606251,TheEmptinessMachine,Westwood,L2A,HTTP/3
2025-05-02 14:02:12,stallRate,46.8929998874664,17.0346546602425,TheEmptinessMachine,Westwood,L2A,HTTP/3
2025-05-02 14:02:14,stallRate,48.8919999599457,16.1219802831793,TheEmptinessMachine,Westwood,L2A,HTTP/3
2025-05-02 14:02:16,stallRate,50.8919999599457,16.0048267775126,TheEmptinessMachine,Westwood,L2A,HTTP/3
2025-05-02 14:02:18,stallRate,52.8919999599457,15.2276279943738,TheEmptinessMachine,Westwood,L2A,HTTP/3
2025-05-02 14:02:20,stallRate,54.8919999599457,14.5183742088124,TheEmptinessMachine,Westwood,L2A,HTTP/3
2025-05-02 14:02:22,stallRate,56.8919999599457,13.8764010661949,TheEmptinessMachine,Westwood,L2A,HTTP/3
2025-05-02 14:02:24,stallRate,58.8919999599457,13.2859054780307,TheEmptinessMachine,Westwood,L2A,HTTP/3
2025-05-02 14:02:26,stallRate,60.8919999599457,12.7439648412498,TheEmptinessMachine,Westwood,L2A,HTTP/3
2025-05-02 14:02:28,stallRate,62.8919999599457,12.2428848955606,TheEmptinessMachine,Westwood,L2A,HTTP/3
2025-05-02 14:02:30,stallRate,64.896999835968,11.7817040335964,TheEmptinessMachine,Westwood,L2A,HTTP/3
2025-05-02 14:02:32,stallRate,66.8919999599457,11.3560067369596,TheEmptinessMachine,Westwood,L2A,HTTP/3
2025-05-02 14:02:34,stallRate,68.8919999599457,10.9562520462972,TheEmptinessMachine,Westwood,L2A,HTTP/3
2025-05-02 14:02:36,stallRate,70.8919999599457,10.5830978551753,TheEmptinessMachine,Westwood,L2A,HTTP/3
2025-05-02 14:02:38,stallRate,72.8919999599457,10.2370796642992,TheEmptinessMachine,Westwood,L2A,HTTP/3
2025-05-02 14:02:40,stallRate,74.8919999599457,9.91261829541506,TheEmptinessMachine,Westwood,L2A,HTTP/3
2025-05-02 14:02:42,stallRate,76.8919999599457,9.60914998311475,TheEmptinessMachine,Westwood,L2A,HTTP/3
2025-05-02 14:02:44,stallRate,78.8919999599457,9.32369976058331,TheEmptinessMachine,Westwood,L2A,HTTP/3
2025-05-02 14:02:46,stallRate,80.8919999599457,9.05241898152109,TheEmptinessMachine,Westwood,L2A,HTTP/3
2025-05-02 14:02:48,stallRate,82.8919999599457,8.79755772196252,TheEmptinessMachine,Westwood,L2A,HTTP/3
2025-05-02 14:02:50,stallRate,84.8929998874664,8.55688054647853,TheEmptinessMachine,Westwood,L2A,HTTP/3
2025-05-02 14:02:52,stallRate,86.8919999599457,8.32952708426016,TheEmptinessMachine,Westwood,L2A,HTTP/3
2025-05-02 14:02:54,stallRate,88.8919999599457,8.11239199019087,TheEmptinessMachine,Westwood,L2A,HTTP/3
2025-05-02 14:02:56,stallRate,90.8919999599457,7.90780376855759,TheEmptinessMachine,Westwood,L2A,HTTP/3
2025-05-02 14:02:58,stallRate,92.8919999599457,7.71297571871519,TheEmptinessMachine,Westwood,L2A,HTTP/3
2025-05-02 14:03:00,stallRate,94.8919999599457,7.52802703342945,TheEmptinessMachine,Westwood,L2A,HTTP/3
2025-05-02 14:03:02,stallRate,96.8919999599457,7.35154121568979,TheEmptinessMachine,Westwood,L2A,HTTP/3
2025-05-02 14:03:04,stallRate,98.8919999599457,7.18190475940634,TheEmptinessMachine,Westwood,L2A,HTTP/3
2025-05-02 14:03:06,stallRate,100.891999959946,7.02146918260616,TheEmptinessMachine,Westwood,L2A,HTTP/3
2025-05-02 14:03:08,stallRate,102.891999959946,6.8670547728231,TheEmptinessMachine,Westwood,L2A,HTTP/3
2025-05-02 14:03:10,stallRate,104.891999959946,6.71935947631682,TheEmptinessMachine,Westwood,L2A,HTTP/3
2025-05-02 14:03:12,stallRate,106.891999959946,6.57808876655048,TheEmptinessMachine,Westwood,L2A,HTTP/3
2025-05-02 14:03:14,stallRate,108.891999959946,6.44272306536023,TheEmptinessMachine,Westwood,L2A,HTTP/3
2025-05-02 14:03:16,stallRate,110.891999959946,6.31285870726408,TheEmptinessMachine,Westwood,L2A,HTTP/3
2025-05-02 14:03:18,stallRate,112.891999959946,6.18819687759791,TheEmptinessMachine,Westwood,L2A,HTTP/3
2025-05-02 14:03:20,stallRate,114.891999959946,6.06761704500938,TheEmptinessMachine,Westwood,L2A,HTTP/3
2025-05-02 14:03:22,stallRate,116.891999959946,5.95280242433599,TheEmptinessMachine,Westwood,L2A,HTTP/3
2025-05-02 14:03:24,stallRate,118.891999959946,5.84119030780963,TheEmptinessMachine,Westwood,L2A,HTTP/3
2025-05-02 14:03:26,stallRate,120.891999959946,5.73390284255207,TheEmptinessMachine,Westwood,L2A,HTTP/3
2025-05-02 14:03:28,stallRate,122.891999959946,5.63062388033992,TheEmptinessMachine,Westwood,L2A,HTTP/3
2025-05-02 14:03:30,stallRate,124.891999959946,5.53112726528896,TheEmptinessMachine,Westwood,L2A,HTTP/3
2025-05-02 14:03:32,stallRate,126.891999959946,5.43507141657428,TheEmptinessMachine,Westwood,L2A,HTTP/3
2025-05-02 14:03:34,stallRate,128.891999959946,5.34211792655655,TheEmptinessMachine,Westwood,L2A,HTTP/3
2025-05-02 14:03:36,stallRate,130.891999959946,5.25269113898896,TheEmptinessMachine,Westwood,L2A,HTTP/3
2025-05-02 14:03:38,stallRate,132.891999959946,5.16566823175536,TheEmptinessMachine,Westwood,L2A,HTTP/3
2025-05-02 14:03:40,stallRate,134.891999959946,5.0819477709754,TheEmptinessMachine,Westwood,L2A,HTTP/3
2025-05-02 14:03:42,stallRate,136.891999959946,5.00060998587318,TheEmptinessMachine,Westwood,L2A,HTTP/3
2025-05-02 14:03:44,stallRate,138.891999959946,4.92185360926562,TheEmptinessMachine,Westwood,L2A,HTTP/3
2025-05-02 14:03:46,stallRate,140.891999959946,4.84592768255778,TheEmptinessMachine,Westwood,L2A,HTTP/3
2025-05-02 14:03:48,stallRate,142.891999959946,4.77190894452611,TheEmptinessMachine,Westwood,L2A,HTTP/3
2025-05-02 14:03:50,stallRate,144.891999959946,4.70061641055271,TheEmptinessMachine,Westwood,L2A,HTTP/3
2025-05-02 14:03:52,stallRate,146.891999959946,4.63083762564431,TheEmptinessMachine,Westwood,L2A,HTTP/3
2025-05-02 14:03:54,stallRate,148.891999959946,4.56324424876698,TheEmptinessMachine,Westwood,L2A,HTTP/3
2025-05-02 14:03:56,stallRate,150.891999959946,4.49728455558619,TheEmptinessMachine,Westwood,L2A,HTTP/3
2025-05-02 14:03:58,stallRate,152.891999959946,4.43327915978042,TheEmptinessMachine,Westwood,L2A,HTTP/3
2025-05-02 14:04:00,stallRate,154.891999959946,4.55986664236064,TheEmptinessMachine,Westwood,L2A,HTTP/3
2025-05-02 14:04:02,stallRate,156.891999959946,4.49705095189896,TheEmptinessMachine,Westwood,L2A,HTTP/3
2025-05-02 14:04:04,stallRate,158.891999959946,4.43551889619675,TheEmptinessMachine,Westwood,L2A,HTTP/3
2025-05-02 14:04:06,stallRate,160.891999959946,4.43093181463011,TheEmptinessMachine,Westwood,L2A,HTTP/3
2025-05-02 14:04:08,stallRate,162.891999959946,4.37219425475735,TheEmptinessMachine,Westwood,L2A,HTTP/3
2025-05-02 14:04:10,stallRate,164.892999887466,4.31502708762214,TheEmptinessMachine,Westwood,L2A,HTTP/3
2025-05-02 14:04:12,stallRate,166.891999959946,4.33762349838085,TheEmptinessMachine,Westwood,L2A,HTTP/3
2025-05-02 14:04:14,stallRate,168.891999959946,4.29962489977123,TheEmptinessMachine,Westwood,L2A,HTTP/3
2025-05-02 14:04:16,stallRate,170.891999959946,4.24501140547171,TheEmptinessMachine,Westwood,L2A,HTTP/3
2025-05-02 14:04:18,stallRate,172.891999959946,4.19175177228513,TheEmptinessMachine,Westwood,L2A,HTTP/3
2025-05-02 14:04:20,stallRate,174.891999959946,4.14683389686869,TheEmptinessMachine,Westwood,L2A,HTTP/3
2025-05-02 14:04:22,stallRate,176.891999959946,4.09622936222122,TheEmptinessMachine,Westwood,L2A,HTTP/3
2025-05-02 14:04:24,stallRate,178.891999959946,4.04675829413319,TheEmptinessMachine,Westwood,L2A,HTTP/3
2025-05-02 14:04:26,stallRate,180.891999959946,3.99818055316392,TheEmptinessMachine,Westwood,L2A,HTTP/3
2025-05-02 14:04:28,stallRate,182.891999959946,3.95125175563533,TheEmptinessMachine,Westwood,L2A,HTTP/3
2025-05-02 14:04:30,stallRate,184.891999959946,3.90500147469266,TheEmptinessMachine,Westwood,L2A,HTTP/3
2025-05-02 14:04:32,stallRate,186.891999959946,3.85986299754055,TheEmptinessMachine,Westwood,L2A,HTTP/3
2025-05-02 14:04:34,stallRate,188.891999959946,3.81602264528876,TheEmptinessMachine,Westwood,L2A,HTTP/3
2025-05-02 14:04:36,stallRate,190.891999959946,3.77296811998414,TheEmptinessMachine,Westwood,L2A,HTTP/3
2025-05-02 14:04:38,stallRate,192.891999959946,3.73116299856299,TheEmptinessMachine,Westwood,L2A,HTTP/3
2025-05-02 14:04:40,stallRate,194.891999959946,3.68989057381739,TheEmptinessMachine,Westwood,L2A,HTTP/3
2025-05-02 14:04:42,stallRate,196.891999959946,3.64988520352693,TheEmptinessMachine,Westwood,L2A,HTTP/3
2025-05-02 14:04:44,stallRate,198.891999959946,3.61047515508721,TheEmptinessMachine,Westwood,L2A,HTTP/3
2025-05-02 14:04:46,stallRate,200.891999959946,3.57210135175848,TheEmptinessMachine,Westwood,L2A,HTTP/3
2025-05-02 14:04:48,stallRate,202.891999959946,3.53432721604115,TheEmptinessMachine,Westwood,L2A,HTTP/3
2025-05-02 14:04:50,stallRate,204.891999959946,3.49739078306681,TheEmptinessMachine,Westwood,L2A,HTTP/3
2025-05-02 14:04:52,stallRate,206.891999959946,3.46121281940026,TheEmptinessMachine,Westwood,L2A,HTTP/3
2025-05-02 14:04:54,stallRate,208.891999959946,3.42582375889431,TheEmptinessMachine,Westwood,L2A,HTTP/3
2025-05-02 14:04:56,stallRate,210.891999959946,3.39114605248023,TheEmptinessMachine,Westwood,L2A,HTTP/3
2025-05-02 14:04:58,stallRate,212.891999959946,3.357215090839,TheEmptinessMachine,Westwood,L2A,HTTP/3
2025-05-02 14:05:00,stallRate,214.891999959946,3.32392015057444,TheEmptinessMachine,Westwood,L2A,HTTP/3
2025-05-02 14:05:02,stallRate,216.891999959946,3.29126955442085,TheEmptinessMachine,Westwood,L2A,HTTP/3
2025-05-02 14:05:27,stallRate,4.28800010681152,0.0,TheEmptinessMachine,Westwood,RB,HTTP/1.1
2025-05-02 14:05:29,stallRate,6.28800010681152,0.0,TheEmptinessMachine,Westwood,RB,HTTP/1.1
2025-05-02 14:05:31,stallRate,8.28800010681152,0.0,TheEmptinessMachine,Westwood,RB,HTTP/1.1
2025-05-02 14:05:33,stallRate,10.2880001068115,0.0,TheEmptinessMachine,Westwood,RB,HTTP/1.1
2025-05-02 14:05:35,stallRate,12.2880001068115,0.0,TheEmptinessMachine,Westwood,RB,HTTP/1.1
2025-05-02 14:05:37,stallRate,14.2880001068115,0.0,TheEmptinessMachine,Westwood,RB,HTTP/1.1
2025-05-02 14:05:39,stallRate,16.2880001068115,0.0,TheEmptinessMachine,Westwood,RB,HTTP/1.1
2025-05-02 14:05:41,stallRate,18.2880001068115,0.0,TheEmptinessMachine,Westwood,RB,HTTP/1.1
2025-05-02 14:05:43,stallRate,20.2880001068115,0.0,TheEmptinessMachine,Westwood,RB,HTTP/1.1
2025-05-02 14:05:45,stallRate,22.2880001068115,0.0,TheEmptinessMachine,Westwood,RB,HTTP/1.1
2025-05-02 14:05:47,stallRate,24.2880001068115,0.0,TheEmptinessMachine,Westwood,RB,HTTP/1.1
2025-05-02 14:05:49,stallRate,26.2880001068115,0.0,TheEmptinessMachine,Westwood,RB,HTTP/1.1
2025-05-02 14:05:51,stallRate,28.2880001068115,0.0,TheEmptinessMachine,Westwood,RB,HTTP/1.1
2025-05-02 14:05:53,stallRate,30.2880001068115,0.0,TheEmptinessMachine,Westwood,RB,HTTP/1.1
2025-05-02 14:05:55,stallRate,32.2880001068115,0.0,TheEmptinessMachine,Westwood,RB,HTTP/1.1
2025-05-02 14:05:57,stallRate,34.2880001068115,0.0,TheEmptinessMachine,Westwood,RB,HTTP/1.1
2025-05-02 14:05:59,stallRate,36.2880001068115,0.0,TheEmptinessMachine,Westwood,RB,HTTP/1.1
2025-05-02 14:06:01,stallRate,38.2880001068115,0.0,TheEmptinessMachine,Westwood,RB,HTTP/1.1
2025-05-02 14:06:03,stallRate,40.2880001068115,0.0,TheEmptinessMachine,Westwood,RB,HTTP/1.1
2025-05-02 14:06:07,stallRate,44.2880001068115,2.39106549754559,TheEmptinessMachine,Westwood,RB,HTTP/1.1
2025-05-02 14:06:09,stallRate,46.2880001068115,4.75940524978696,TheEmptinessMachine,Westwood,RB,HTTP/1.1
2025-05-02 14:06:11,stallRate,48.2880001068115,4.5426401243392,TheEmptinessMachine,Westwood,RB,HTTP/1.1
2025-05-02 14:06:13,stallRate,50.2880001068115,4.34477803589784,TheEmptinessMachine,Westwood,RB,HTTP/1.1
2025-05-02 14:06:15,stallRate,52.2890000343323,4.16353194462835,TheEmptinessMachine,Westwood,RB,HTTP/1.1
2025-05-02 14:06:17,stallRate,54.2880001068115,3.99575737907562,TheEmptinessMachine,Westwood,RB,HTTP/1.1
2025-05-02 14:06:19,stallRate,56.2880001068115,3.84122748455258,TheEmptinessMachine,Westwood,RB,HTTP/1.1
2025-05-02 14:06:21,stallRate,58.2880001068115,3.69898221718358,TheEmptinessMachine,Westwood,RB,HTTP/1.1
2025-05-02 14:06:23,stallRate,60.2880001068115,3.56635771191876,TheEmptinessMachine,Westwood,RB,HTTP/1.1
2025-05-02 14:06:29,stallRate,66.2880001068115,8.77374119151818,TheEmptinessMachine,Westwood,RB,HTTP/1.1
2025-05-02 14:06:31,stallRate,68.2880001068115,8.49898039999765,TheEmptinessMachine,Westwood,RB,HTTP/1.1
2025-05-02 14:06:33,stallRate,70.2880001068115,8.24152748143793,TheEmptinessMachine,Westwood,RB,HTTP/1.1
2025-05-02 14:06:35,stallRate,72.2880001068115,7.99875240059209,TheEmptinessMachine,Westwood,RB,HTTP/1.1
2025-05-02 14:06:37,stallRate,74.2880001068115,7.77014940956231,TheEmptinessMachine,Westwood,RB,HTTP/1.1
2025-05-02 14:06:39,stallRate,76.2880001068115,7.55404653376703,TheEmptinessMachine,Westwood,RB,HTTP/1.1
2025-05-02 14:06:41,stallRate,78.2880001068115,7.34974691124096,TheEmptinessMachine,Westwood,RB,HTTP/1.1
2025-05-02 14:06:43,stallRate,80.2880001068115,7.15618540958755,TheEmptinessMachine,Westwood,RB,HTTP/1.1
2025-05-02 14:06:45,stallRate,82.2880001068115,6.97244569557645,TheEmptinessMachine,Westwood,RB,HTTP/1.1
2025-05-02 14:06:49,stallRate,86.2880001068115,9.14141113066483,TheEmptinessMachine,Westwood,RB,HTTP/1.1
2025-05-02 14:06:51,stallRate,88.2880001068115,8.92448775681387,TheEmptinessMachine,Westwood,RB,HTTP/1.1
2025-05-02 14:06:53,stallRate,90.2880001068115,8.7157381360336,TheEmptinessMachine,Westwood,RB,HTTP/1.1
2025-05-02 14:06:55,stallRate,92.2880001068115,8.51795377632589,TheEmptinessMachine,Westwood,RB,HTTP/1.1
2025-05-02 14:06:57,stallRate,94.2880001068115,8.3281437122951,TheEmptinessMachine,Westwood,RB,HTTP/1.1
2025-05-02 14:06:59,stallRate,96.2880001068115,8.14641223207943,TheEmptinessMachine,Westwood,RB,HTTP/1.1
2025-05-02 14:07:01,stallRate,98.2880001068115,7.97355706658434,TheEmptinessMachine,Westwood,RB,HTTP/1.1
2025-05-02 14:07:03,stallRate,100.288000106812,7.80673254736175,TheEmptinessMachine,Westwood,RB,HTTP/1.1
2025-05-02 14:07:05,stallRate,102.288000106812,7.64714936258695,TheEmptinessMachine,Westwood,RB,HTTP/1.1
2025-05-02 14:07:07,stallRate,104.288000106812,7.49409024655841,TheEmptinessMachine,Westwood,RB,HTTP/1.1
2025-05-02 14:07:09,stallRate,106.288000106812,7.34629318618213,TheEmptinessMachine,Westwood,RB,HTTP/1.1
2025-05-02 14:07:11,stallRate,108.288000106812,7.20519201274513,TheEmptinessMachine,Westwood,RB,HTTP/1.1
2025-05-02 14:07:13,stallRate,110.288000106812,7.06943350914045,TheEmptinessMachine,Westwood,RB,HTTP/1.1
2025-05-02 14:07:15,stallRate,112.288000106812,6.93833175413454,TheEmptinessMachine,Westwood,RB,HTTP/1.1
2025-05-02 14:07:17,stallRate,114.288000106812,6.81236458307638,TheEmptinessMachine,Westwood,RB,HTTP/1.1
2025-05-02 14:07:19,stallRate,116.288000106812,6.69014601309683,TheEmptinessMachine,Westwood,RB,HTTP/1.1
2025-05-02 14:07:21,stallRate,118.288000106812,6.57334941927582,TheEmptinessMachine,Westwood,RB,HTTP/1.1
2025-05-02 14:07:23,stallRate,120.288000106812,6.45949732370741,TheEmptinessMachine,Westwood,RB,HTTP/1.1
2025-05-02 14:07:25,stallRate,122.288000106812,6.34954944378633,TheEmptinessMachine,Westwood,RB,HTTP/1.1
2025-05-02 14:07:27,stallRate,124.288000106812,6.24388683603153,TheEmptinessMachine,Westwood,RB,HTTP/1.1
2025-05-02 14:07:29,stallRate,126.288000106812,6.14128222237129,TheEmptinessMachine,Westwood,RB,HTTP/1.1
2025-05-02 14:07:31,stallRate,128.288000106812,6.04259471912819,TheEmptinessMachine,Westwood,RB,HTTP/1.1
2025-05-02 14:07:33,stallRate,130.288000106812,5.94628370898883,TheEmptinessMachine,Westwood,RB,HTTP/1.1
2025-05-02 14:07:35,stallRate,132.288000106812,5.85323667103634,TheEmptinessMachine,Westwood,RB,HTTP/1.1
2025-05-02 14:07:37,stallRate,134.288000106812,5.76255127023424,TheEmptinessMachine,Westwood,RB,HTTP/1.1
2025-05-02 14:07:39,stallRate,136.288000106812,5.67554084399105,TheEmptinessMachine,Westwood,RB,HTTP/1.1
2025-05-02 14:07:41,stallRate,138.288000106812,5.5904411293649,TheEmptinessMachine,Westwood,RB,HTTP/1.1
2025-05-02 14:07:43,stallRate,140.288000106812,5.50792600173983,TheEmptinessMachine,Westwood,RB,HTTP/1.1
2025-05-02 14:07:45,stallRate,142.288000106812,5.42828512153119,TheEmptinessMachine,Westwood,RB,HTTP/1.1
2025-05-02 14:07:47,stallRate,144.288000106812,5.35055158476252,TheEmptinessMachine,Westwood,RB,HTTP/1.1
2025-05-02 14:07:49,stallRate,146.288000106812,5.27555754749009,TheEmptinessMachine,Westwood,RB,HTTP/1.1
2025-05-02 14:07:51,stallRate,148.288000106812,5.20203711355068,TheEmptinessMachine,Westwood,RB,HTTP/1.1
2025-05-02 14:07:53,stallRate,150.288000106812,5.13070310815906,TheEmptinessMachine,Westwood,RB,HTTP/1.1
2025-05-02 14:07:55,stallRate,152.288000106812,5.0612947298104,TheEmptinessMachine,Westwood,RB,HTTP/1.1
2025-05-02 14:07:57,stallRate,154.288000106812,4.99348825641185,TheEmptinessMachine,Westwood,RB,HTTP/1.1
2025-05-02 14:07:59,stallRate,156.288000106812,4.9275115091709,TheEmptinessMachine,Westwood,RB,HTTP/1.1
2025-05-02 14:08:01,stallRate,158.288000106812,4.86338162701458,TheEmptinessMachine,Westwood,RB,HTTP/1.1
2025-05-02 14:08:03,stallRate,160.288000106812,4.80102540686671,TheEmptinessMachine,Westwood,RB,HTTP/1.1
2025-05-02 14:08:05,stallRate,162.288000106812,4.74025006495208,TheEmptinessMachine,Westwood,RB,HTTP/1.1
2025-05-02 14:08:07,stallRate,164.288000106812,4.6806848243091,TheEmptinessMachine,Westwood,RB,HTTP/1.1
2025-05-02 14:08:09,stallRate,166.286999940872,4.62297774697741,TheEmptinessMachine,Westwood,RB,HTTP/1.1
2025-05-02 14:08:11,stallRate,168.288000106812,4.56641973887029,TheEmptinessMachine,Westwood,RB,HTTP/1.1
2025-05-02 14:08:13,stallRate,170.288000106812,4.51130676298097,TheEmptinessMachine,Westwood,RB,HTTP/1.1
2025-05-02 14:08:15,stallRate,172.294000148773,4.45714151899418,TheEmptinessMachine,Westwood,RB,HTTP/1.1
2025-05-02 14:08:17,stallRate,174.288000106812,4.40491030177455,TheEmptinessMachine,Westwood,RB,HTTP/1.1
2025-05-02 14:08:19,stallRate,176.288000106812,4.35379958274776,TheEmptinessMachine,Westwood,RB,HTTP/1.1
2025-05-02 14:08:21,stallRate,178.288000106812,4.30345327573918,TheEmptinessMachine,Westwood,RB,HTTP/1.1
2025-05-02 14:08:23,stallRate,180.288000106812,4.25474438653521,TheEmptinessMachine,Westwood,RB,HTTP/1.1
2025-05-02 14:08:25,stallRate,182.288000106812,4.20681059732473,TheEmptinessMachine,Westwood,RB,HTTP/1.1
2025-05-02 14:08:27,stallRate,184.288000106812,4.16025078890794,TheEmptinessMachine,Westwood,RB,HTTP/1.1
2025-05-02 14:08:29,stallRate,186.288000106812,4.11445721384609,TheEmptinessMachine,Westwood,RB,HTTP/1.1
2025-05-02 14:08:31,stallRate,188.288000106812,4.06966400365636,TheEmptinessMachine,Westwood,RB,HTTP/1.1
2025-05-02 14:08:33,stallRate,190.288000106812,4.02600704837023,TheEmptinessMachine,Westwood,RB,HTTP/1.1
2025-05-02 14:08:35,stallRate,192.288000106812,3.98310939613856,TheEmptinessMachine,Westwood,RB,HTTP/1.1
2025-05-02 14:08:37,stallRate,194.288000106812,3.94088820172279,TheEmptinessMachine,Westwood,RB,HTTP/1.1
2025-05-02 14:08:39,stallRate,196.288000106812,3.90001350758758,TheEmptinessMachine,Westwood,RB,HTTP/1.1
2025-05-02 14:08:41,stallRate,198.288000106812,3.85961671122482,TheEmptinessMachine,Westwood,RB,HTTP/1.1
2025-05-02 14:08:43,stallRate,200.288000106812,3.82011067965494,TheEmptinessMachine,Westwood,RB,HTTP/1.1
2025-05-02 14:08:45,stallRate,202.288000106812,3.78162650622036,TheEmptinessMachine,Westwood,RB,HTTP/1.1
2025-05-02 14:08:47,stallRate,204.288000106812,3.74374722028571,TheEmptinessMachine,Westwood,RB,HTTP/1.1
2025-05-02 14:08:49,stallRate,206.288000106812,3.70686882024568,TheEmptinessMachine,Westwood,RB,HTTP/1.1
2025-05-02 14:08:51,stallRate,208.288000106812,3.67039767167038,TheEmptinessMachine,Westwood,RB,HTTP/1.1
2025-05-02 14:09:30,stallRate,7.86500000953674,0.0,TheEmptinessMachine,Westwood,RB,HTTP/2
2025-05-02 14:09:32,stallRate,9.86500000953674,0.0,TheEmptinessMachine,Westwood,RB,HTTP/2
2025-05-02 14:09:34,stallRate,11.8650000095367,0.0,TheEmptinessMachine,Westwood,RB,HTTP/2
2025-05-02 14:09:36,stallRate,13.8650000095367,0.0,TheEmptinessMachine,Westwood,RB,HTTP/2
2025-05-02 14:09:38,stallRate,15.8650000095367,0.0,TheEmptinessMachine,Westwood,RB,HTTP/2
2025-05-02 14:09:40,stallRate,17.8650000095367,0.0,TheEmptinessMachine,Westwood,RB,HTTP/2
2025-05-02 14:09:42,stallRate,19.8650000095367,0.0,TheEmptinessMachine,Westwood,RB,HTTP/2
2025-05-02 14:09:44,stallRate,21.8650000095367,0.0,TheEmptinessMachine,Westwood,RB,HTTP/2
2025-05-02 14:09:46,stallRate,23.8650000095367,0.0,TheEmptinessMachine,Westwood,RB,HTTP/2
2025-05-02 14:09:48,stallRate,25.8650000095367,0.0,TheEmptinessMachine,Westwood,RB,HTTP/2
2025-05-02 14:09:50,stallRate,27.8650000095367,0.0,TheEmptinessMachine,Westwood,RB,HTTP/2
2025-05-02 14:09:52,stallRate,29.8650000095367,0.0,TheEmptinessMachine,Westwood,RB,HTTP/2
2025-05-02 14:09:54,stallRate,31.8639998435974,0.0,TheEmptinessMachine,Westwood,RB,HTTP/2
2025-05-02 14:09:56,stallRate,33.8650000095367,0.0,TheEmptinessMachine,Westwood,RB,HTTP/2
2025-05-02 14:09:58,stallRate,35.8650000095367,0.0,TheEmptinessMachine,Westwood,RB,HTTP/2
2025-05-02 14:10:00,stallRate,37.8650000095367,0.0,TheEmptinessMachine,Westwood,RB,HTTP/2
2025-05-02 14:10:02,stallRate,39.8650000095367,0.0,TheEmptinessMachine,Westwood,RB,HTTP/2
2025-05-02 14:10:04,stallRate,41.8650000095367,0.0,TheEmptinessMachine,Westwood,RB,HTTP/2
2025-05-02 14:10:06,stallRate,43.8650000095367,0.0,TheEmptinessMachine,Westwood,RB,HTTP/2
2025-05-02 14:10:08,stallRate,45.8650000095367,0.0,TheEmptinessMachine,Westwood,RB,HTTP/2
2025-05-02 14:10:10,stallRate,47.8650000095367,0.0,TheEmptinessMachine,Westwood,RB,HTTP/2
2025-05-02 14:10:12,stallRate,49.8650000095367,0.0,TheEmptinessMachine,Westwood,RB,HTTP/2
2025-05-02 14:10:14,stallRate,51.8650000095367,0.0,TheEmptinessMachine,Westwood,RB,HTTP/2
2025-05-02 14:10:16,stallRate,53.8650000095367,0.142792655700348,TheEmptinessMachine,Westwood,RB,HTTP/2
2025-05-02 14:10:18,stallRate,55.8639998435974,0.137023098157248,TheEmptinessMachine,Westwood,RB,HTTP/2
2025-05-02 14:10:20,stallRate,57.8650000095367,0.131687715311391,TheEmptinessMachine,Westwood,RB,HTTP/2
2025-05-02 14:10:22,stallRate,59.8650000095367,0.12675505972713,TheEmptinessMachine,Westwood,RB,HTTP/2
2025-05-02 14:10:24,stallRate,61.8650000095367,0.122204105834439,TheEmptinessMachine,Westwood,RB,HTTP/2
2025-05-02 14:10:26,stallRate,63.8650000095367,0.117944710849494,TheEmptinessMachine,Westwood,RB,HTTP/2
2025-05-02 14:10:28,stallRate,65.8639998435974,0.113976595283462,TheEmptinessMachine,Westwood,RB,HTTP/2
2025-05-02 14:10:30,stallRate,67.8639998435974,0.110269800370258,TheEmptinessMachine,Westwood,RB,HTTP/2
2025-05-02 14:10:32,stallRate,69.8650000095367,0.106796501273622,TheEmptinessMachine,Westwood,RB,HTTP/2
2025-05-02 14:10:34,stallRate,71.8650000095367,0.103515989524958,TheEmptinessMachine,Westwood,RB,HTTP/2
2025-05-02 14:10:36,stallRate,73.8650000095367,0.100438390288914,TheEmptinessMachine,Westwood,RB,HTTP/2
2025-05-02 14:10:38,stallRate,75.8650000095367,0.0975461540516278,TheEmptinessMachine,Westwood,RB,HTTP/2
2025-05-02 14:10:40,stallRate,77.8650000095367,0.0948179008620789,TheEmptinessMachine,Westwood,RB,HTTP/2
2025-05-02 14:10:42,stallRate,79.8650000095367,0.0922315717519716,TheEmptinessMachine,Westwood,RB,HTTP/2
2025-05-02 14:10:44,stallRate,81.8650000095367,0.089794464396237,TheEmptinessMachine,Westwood,RB,HTTP/2
2025-05-02 14:10:46,stallRate,83.8639998435974,0.0874688461951255,TheEmptinessMachine,Westwood,RB,HTTP/2
2025-05-02 14:10:48,stallRate,85.8650000095367,0.0852617783720175,TheEmptinessMachine,Westwood,RB,HTTP/2
2025-05-02 14:10:50,stallRate,87.8639998435974,0.083167851654719,TheEmptinessMachine,Westwood,RB,HTTP/2
2025-05-02 14:10:52,stallRate,89.8650000095367,0.0811748386949706,TheEmptinessMachine,Westwood,RB,HTTP/2
2025-05-02 14:10:54,stallRate,91.8650000095367,0.0792705665108392,TheEmptinessMachine,Westwood,RB,HTTP/2
2025-05-02 14:10:56,stallRate,93.8650000095367,0.0774517938103338,TheEmptinessMachine,Westwood,RB,HTTP/2
2025-05-02 14:10:58,stallRate,95.8650000095367,0.0757286757648197,TheEmptinessMachine,Westwood,RB,HTTP/2
2025-05-02 14:11:00,stallRate,97.8650000095367,0.0740695489029686,TheEmptinessMachine,Westwood,RB,HTTP/2
2025-05-02 14:11:02,stallRate,99.8650000095367,0.0724843886454535,TheEmptinessMachine,Westwood,RB,HTTP/2
2025-05-02 14:11:04,stallRate,101.863999843597,0.0709664522617568,TheEmptinessMachine,Westwood,RB,HTTP/2
2025-05-02 14:11:06,stallRate,103.865000009537,0.0695130166877451,TheEmptinessMachine,Westwood,RB,HTTP/2
2025-05-02 14:11:08,stallRate,105.865000009537,0.0681093284021102,TheEmptinessMachine,Westwood,RB,HTTP/2
2025-05-02 14:11:10,stallRate,107.865000009537,0.0667708140015921,TheEmptinessMachine,Westwood,RB,HTTP/2
2025-05-02 14:11:12,stallRate,109.865000009537,0.0654790331258981,TheEmptinessMachine,Westwood,RB,HTTP/2
2025-05-02 14:11:14,stallRate,111.865000009537,0.0642347598943898,TheEmptinessMachine,Westwood,RB,HTTP/2
2025-05-02 14:11:16,stallRate,113.863999843597,0.0630316484383509,TheEmptinessMachine,Westwood,RB,HTTP/2
2025-05-02 14:11:18,stallRate,115.865000009537,0.0618860438855439,TheEmptinessMachine,Westwood,RB,HTTP/2
2025-05-02 14:11:20,stallRate,117.865000009537,0.0607712164864563,TheEmptinessMachine,Westwood,RB,HTTP/2
2025-05-02 14:11:22,stallRate,119.865000009537,0.0596975086795829,TheEmptinessMachine,Westwood,RB,HTTP/2
2025-05-02 14:11:24,stallRate,121.865000009537,0.0586673387290434,TheEmptinessMachine,Westwood,RB,HTTP/2
2025-05-02 14:11:26,stallRate,123.865000009537,0.0576681463877191,TheEmptinessMachine,Westwood,RB,HTTP/2
2025-05-02 14:11:28,stallRate,125.865000009537,0.0567081467071396,TheEmptinessMachine,Westwood,RB,HTTP/2
2025-05-02 14:11:30,stallRate,127.865000009537,0.0557727291538434,TheEmptinessMachine,Westwood,RB,HTTP/2
2025-05-02 14:11:32,stallRate,129.865000009537,0.0548695456370519,TheEmptinessMachine,Westwood,RB,HTTP/2
2025-05-02 14:11:34,stallRate,131.863999843597,0.053990046662314,TheEmptinessMachine,Westwood,RB,HTTP/2
2025-05-02 14:11:36,stallRate,133.865000009537,0.0531472628660613,TheEmptinessMachine,Westwood,RB,HTTP/2
2025-05-02 14:11:40,stallRate,137.865000009537,0.625181824587589,TheEmptinessMachine,Westwood,RB,HTTP/2
2025-05-02 14:11:42,stallRate,139.865000009537,0.615841852010334,TheEmptinessMachine,Westwood,RB,HTTP/2
2025-05-02 14:11:44,stallRate,141.865000009537,0.606749115504798,TheEmptinessMachine,Westwood,RB,HTTP/2
2025-05-02 14:11:46,stallRate,143.865000009537,0.597920159374728,TheEmptinessMachine,Westwood,RB,HTTP/2
2025-05-02 14:11:48,stallRate,145.865000009537,0.589356937075095,TheEmptinessMachine,Westwood,RB,HTTP/2
2025-05-02 14:11:50,stallRate,147.865000009537,0.581031710544622,TheEmptinessMachine,Westwood,RB,HTTP/2
2025-05-02 14:11:52,stallRate,149.865000009537,0.572893657219293,TheEmptinessMachine,Westwood,RB,HTTP/2
2025-05-02 14:11:54,stallRate,151.865000009537,0.565064918383533,TheEmptinessMachine,Westwood,RB,HTTP/2
2025-05-02 14:11:56,stallRate,153.865000009537,0.557379788768792,TheEmptinessMachine,Westwood,RB,HTTP/2
2025-05-02 14:11:58,stallRate,155.865000009537,0.549945776533556,TheEmptinessMachine,Westwood,RB,HTTP/2
2025-05-02 14:12:00,stallRate,157.863999843597,0.542654889831449,TheEmptinessMachine,Westwood,RB,HTTP/2
2025-05-02 14:12:02,stallRate,159.865000009537,0.535581567827044,TheEmptinessMachine,Westwood,RB,HTTP/2
2025-05-02 14:12:04,stallRate,161.865000009537,0.528695223299313,TheEmptinessMachine,Westwood,RB,HTTP/2
2025-05-02 14:12:06,stallRate,163.863999843597,0.521990637075602,TheEmptinessMachine,Westwood,RB,HTTP/2
2025-05-02 14:12:08,stallRate,165.865000009537,0.515413358233223,TheEmptinessMachine,Westwood,RB,HTTP/2
2025-05-02 14:12:10,stallRate,167.865000009537,0.509048611857572,TheEmptinessMachine,Westwood,RB,HTTP/2
2025-05-02 14:12:12,stallRate,169.865000009537,0.502815894109155,TheEmptinessMachine,Westwood,RB,HTTP/2
2025-05-02 14:12:14,stallRate,171.865000009537,0.496724794565622,TheEmptinessMachine,Westwood,RB,HTTP/2
2025-05-02 14:12:16,stallRate,173.865000009537,0.490786261263224,TheEmptinessMachine,Westwood,RB,HTTP/2
2025-05-02 14:12:18,stallRate,175.865000009537,0.484983018733501,TheEmptinessMachine,Westwood,RB,HTTP/2
2025-05-02 14:12:20,stallRate,177.865000009537,0.479340785216422,TheEmptinessMachine,Westwood,RB,HTTP/2
2025-05-02 14:12:22,stallRate,179.865000009537,0.473796465254662,TheEmptinessMachine,Westwood,RB,HTTP/2
2025-05-02 14:12:24,stallRate,181.865000009537,0.468434246346775,TheEmptinessMachine,Westwood,RB,HTTP/2
2025-05-02 14:12:26,stallRate,183.865000009537,0.463139201238818,TheEmptinessMachine,Westwood,RB,HTTP/2
2025-05-02 14:12:28,stallRate,185.865000009537,0.457966501714738,TheEmptinessMachine,Westwood,RB,HTTP/2
2025-05-02 14:12:30,stallRate,187.865000009537,0.452935481624346,TheEmptinessMachine,Westwood,RB,HTTP/2
2025-05-02 14:12:40,stallRate,197.865000009537,2.13440496242094,TheEmptinessMachine,Westwood,RB,HTTP/2
2025-05-02 14:12:42,stallRate,199.865000009537,2.11231201285552,TheEmptinessMachine,Westwood,RB,HTTP/2
2025-05-02 14:12:44,stallRate,201.865000009537,2.08998881103801,TheEmptinessMachine,Westwood,RB,HTTP/2
2025-05-02 14:12:46,stallRate,203.865000009537,2.06814673072787,TheEmptinessMachine,Westwood,RB,HTTP/2
2025-05-02 14:12:48,stallRate,205.863999843597,2.04679701405418,TheEmptinessMachine,Westwood,RB,HTTP/2
2025-05-02 14:12:50,stallRate,207.865000009537,2.02589560808677,TheEmptinessMachine,Westwood,RB,HTTP/2
2025-05-02 14:12:52,stallRate,209.865000009537,2.00531976521773,TheEmptinessMachine,Westwood,RB,HTTP/2
2025-05-02 14:12:54,stallRate,211.865000009537,1.98537706955515,TheEmptinessMachine,Westwood,RB,HTTP/2
2025-05-02 14:12:56,stallRate,213.863999843597,1.96564908943595,TheEmptinessMachine,Westwood,RB,HTTP/2
2025-05-02 14:12:58,stallRate,215.865000009537,1.94630443400996,TheEmptinessMachine,Westwood,RB,HTTP/2
2025-05-02 14:13:28,stallRate,8.09700012207031,0.0,TheEmptinessMachine,Westwood,RB,HTTP/3
2025-05-02 14:13:30,stallRate,10.0980000495911,0.0,TheEmptinessMachine,Westwood,RB,HTTP/3
2025-05-02 14:13:32,stallRate,12.0970001220703,0.0,TheEmptinessMachine,Westwood,RB,HTTP/3
2025-05-02 14:13:34,stallRate,14.0980000495911,0.0,TheEmptinessMachine,Westwood,RB,HTTP/3
2025-05-02 14:13:36,stallRate,16.0980000495911,0.0,TheEmptinessMachine,Westwood,RB,HTTP/3
2025-05-02 14:13:40,stallRate,20.0980000495911,0.0,TheEmptinessMachine,Westwood,RB,HTTP/3
2025-05-02 14:13:42,stallRate,22.0980000495911,0.0,TheEmptinessMachine,Westwood,RB,HTTP/3
2025-05-02 14:13:44,stallRate,24.0980000495911,0.0,TheEmptinessMachine,Westwood,RB,HTTP/3
2025-05-02 14:13:46,stallRate,26.0980000495911,0.47488178997491,TheEmptinessMachine,Westwood,RB,HTTP/3
2025-05-02 14:13:48,stallRate,28.0970001220703,0.431760409950934,TheEmptinessMachine,Westwood,RB,HTTP/3
2025-05-02 14:13:50,stallRate,30.0980000495911,0.3957318551843,TheEmptinessMachine,Westwood,RB,HTTP/3
2025-05-02 14:13:52,stallRate,32.0980000495911,0.365310177694921,TheEmptinessMachine,Westwood,RB,HTTP/3
2025-05-02 14:13:54,stallRate,34.0970001220703,0.339205718537487,TheEmptinessMachine,Westwood,RB,HTTP/3
2025-05-02 14:13:56,stallRate,36.0970001220703,0.316686527327896,TheEmptinessMachine,Westwood,RB,HTTP/3
2025-05-02 14:13:58,stallRate,38.0970001220703,0.296841945305346,TheEmptinessMachine,Westwood,RB,HTTP/3
2025-05-02 14:14:00,stallRate,40.0970001220703,0.279279009331406,TheEmptinessMachine,Westwood,RB,HTTP/3
2025-05-02 14:14:02,stallRate,42.0970001220703,0.26372881486517,TheEmptinessMachine,Westwood,RB,HTTP/3
2025-05-02 14:14:04,stallRate,44.0970001220703,0.249918728160237,TheEmptinessMachine,Westwood,RB,HTTP/3
2025-05-02 14:14:06,stallRate,46.0970001220703,0.23742130409916,TheEmptinessMachine,Westwood,RB,HTTP/3
2025-05-02 14:14:08,stallRate,48.0980000495911,0.226127651447891,TheEmptinessMachine,Westwood,RB,HTTP/3
2025-05-02 14:14:10,stallRate,50.0980000495911,0.215869348321098,TheEmptinessMachine,Westwood,RB,HTTP/3
2025-05-02 14:14:12,stallRate,52.0970001220703,0.206518620188036,TheEmptinessMachine,Westwood,RB,HTTP/3
2025-05-02 14:14:14,stallRate,54.0970001220703,0.197886541169253,TheEmptinessMachine,Westwood,RB,HTTP/3
2025-05-02 14:14:16,stallRate,56.0970001220703,0.189959753639755,TheEmptinessMachine,Westwood,RB,HTTP/3
2025-05-02 14:14:18,stallRate,58.0980000495911,0.182689333601847,TheEmptinessMachine,Westwood,RB,HTTP/3
2025-05-02 14:14:20,stallRate,60.0980000495911,0.175923627631481,TheEmptinessMachine,Westwood,RB,HTTP/3
2025-05-02 14:14:22,stallRate,62.0980000495911,0.169649981203984,TheEmptinessMachine,Westwood,RB,HTTP/3
2025-05-02 14:14:24,stallRate,64.0980000495911,0.163816192647414,TheEmptinessMachine,Westwood,RB,HTTP/3
2025-05-02 14:14:26,stallRate,66.0970001220703,0.158368594624314,TheEmptinessMachine,Westwood,RB,HTTP/3
2025-05-02 14:14:28,stallRate,68.0970001220703,0.153239949529962,TheEmptinessMachine,Westwood,RB,HTTP/3
2025-05-02 14:14:30,stallRate,70.0970001220703,0.148442926964709,TheEmptinessMachine,Westwood,RB,HTTP/3
2025-05-02 14:14:32,stallRate,72.0970001220703,0.143924756689538,TheEmptinessMachine,Westwood,RB,HTTP/3
2025-05-02 14:14:34,stallRate,74.0970001220703,0.139704606835772,TheEmptinessMachine,Westwood,RB,HTTP/3
2025-05-02 14:14:36,stallRate,76.0980000495911,0.135717900315809,TheEmptinessMachine,Westwood,RB,HTTP/3
2025-05-02 14:14:38,stallRate,78.0970001220703,0.131944699006175,TheEmptinessMachine,Westwood,RB,HTTP/3
2025-05-02 14:14:40,stallRate,80.0970001220703,0.128379634556932,TheEmptinessMachine,Westwood,RB,HTTP/3
2025-05-02 14:14:42,stallRate,82.0970001220703,0.125010249238978,TheEmptinessMachine,Westwood,RB,HTTP/3
2025-05-02 14:14:44,stallRate,84.0980000495911,0.121812169137869,TheEmptinessMachine,Westwood,RB,HTTP/3
2025-05-02 14:14:46,stallRate,86.0970001220703,0.118775219256927,TheEmptinessMachine,Westwood,RB,HTTP/3
2025-05-02 14:14:54,stallRate,94.0980000495911,0.121397294781314,TheEmptinessMachine,Westwood,RB,HTTP/3
2025-05-02 14:14:56,stallRate,96.0970001220703,0.118639921445944,TheEmptinessMachine,Westwood,RB,HTTP/3
2025-05-02 14:14:58,stallRate,98.0980000495911,0.116006174772571,TheEmptinessMachine,Westwood,RB,HTTP/3
2025-05-02 14:15:00,stallRate,100.09700012207,0.113492713896486,TheEmptinessMachine,Westwood,RB,HTTP/3
2025-05-02 14:15:02,stallRate,102.098000049591,0.111070531300345,TheEmptinessMachine,Westwood,RB,HTTP/3
2025-05-02 14:15:04,stallRate,104.098000049591,0.108752858744594,TheEmptinessMachine,Westwood,RB,HTTP/3
2025-05-02 14:15:06,stallRate,106.09700012207,0.106543649098263,TheEmptinessMachine,Westwood,RB,HTTP/3
2025-05-02 14:15:08,stallRate,108.098000049591,0.104413268163754,TheEmptinessMachine,Westwood,RB,HTTP/3
2025-05-02 14:15:10,stallRate,110.09700012207,0.10236906030796,TheEmptinessMachine,Westwood,RB,HTTP/3
2025-05-02 14:15:12,stallRate,112.098000049591,0.100399283002171,TheEmptinessMachine,Westwood,RB,HTTP/3
2025-05-02 14:15:14,stallRate,114.09700012207,0.0985123255401313,TheEmptinessMachine,Westwood,RB,HTTP/3
2025-05-02 14:15:16,stallRate,116.09700012207,0.0966843906397676,TheEmptinessMachine,Westwood,RB,HTTP/3
2025-05-02 14:15:18,stallRate,118.09700012207,0.094934687827633,TheEmptinessMachine,Westwood,RB,HTTP/3
2025-05-02 14:15:20,stallRate,120.098000049591,0.0932383039450086,TheEmptinessMachine,Westwood,RB,HTTP/3
2025-05-02 14:15:22,stallRate,122.09700012207,0.293185918235361,TheEmptinessMachine,Westwood,RB,HTTP/3
2025-05-02 14:15:24,stallRate,124.09700012207,0.288112339501213,TheEmptinessMachine,Westwood,RB,HTTP/3
2025-05-02 14:15:26,stallRate,126.098000049591,0.283219177627042,TheEmptinessMachine,Westwood,RB,HTTP/3
2025-05-02 14:15:28,stallRate,128.09700012207,0.278525057330064,TheEmptinessMachine,Westwood,RB,HTTP/3
2025-05-02 14:15:30,stallRate,130.09700012207,0.273952863893484,TheEmptinessMachine,Westwood,RB,HTTP/3
2025-05-02 14:15:32,stallRate,132.09700012207,0.269541095931659,TheEmptinessMachine,Westwood,RB,HTTP/3
2025-05-02 14:15:34,stallRate,134.09700012207,0.265245335139216,TheEmptinessMachine,Westwood,RB,HTTP/3
2025-05-02 14:15:36,stallRate,136.098000049591,0.261130170226214,TheEmptinessMachine,Westwood,RB,HTTP/3
2025-05-02 14:15:38,stallRate,138.09700012207,0.257105821560694,TheEmptinessMachine,Westwood,RB,HTTP/3
2025-05-02 14:15:40,stallRate,140.09700012207,0.253207918571029,TheEmptinessMachine,Westwood,RB,HTTP/3
2025-05-02 14:15:42,stallRate,142.09700012207,0.249420108014658,TheEmptinessMachine,Westwood,RB,HTTP/3
2025-05-02 14:15:44,stallRate,144.09700012207,0.245763157909207,TheEmptinessMachine,Westwood,RB,HTTP/3
2025-05-02 14:15:46,stallRate,146.098000049591,0.242193647516444,TheEmptinessMachine,Westwood,RB,HTTP/3
2025-05-02 14:15:48,stallRate,148.09700012207,0.23873275654775,TheEmptinessMachine,Westwood,RB,HTTP/3
2025-05-02 14:15:50,stallRate,150.09700012207,0.235376072096371,TheEmptinessMachine,Westwood,RB,HTTP/3
2025-05-02 14:15:52,stallRate,152.098000049591,0.232112704672562,TheEmptinessMachine,Westwood,RB,HTTP/3
2025-05-02 14:15:54,stallRate,154.098000049591,0.228928881075802,TheEmptinessMachine,Westwood,RB,HTTP/3
2025-05-02 14:15:56,stallRate,156.098000049591,0.225830728166556,TheEmptinessMachine,Westwood,RB,HTTP/3
2025-05-02 14:15:58,stallRate,158.098000049591,0.222835984477998,TheEmptinessMachine,Westwood,RB,HTTP/3
2025-05-02 14:16:00,stallRate,160.09700012207,0.219902446281403,TheEmptinessMachine,Westwood,RB,HTTP/3
2025-05-02 14:16:10,stallRate,170.09700012207,4.4717809679205,TheEmptinessMachine,Westwood,RB,HTTP/3
2025-05-02 14:16:12,stallRate,172.09700012207,4.41598678956538,TheEmptinessMachine,Westwood,RB,HTTP/3
2025-05-02 14:16:14,stallRate,174.09700012207,4.36159426025756,TheEmptinessMachine,Westwood,RB,HTTP/3
2025-05-02 14:16:16,stallRate,176.09700012207,4.30832777586471,TheEmptinessMachine,Westwood,RB,HTTP/3
2025-05-02 14:16:18,stallRate,178.098000049591,4.25699667828767,TheEmptinessMachine,Westwood,RB,HTTP/3
2025-05-02 14:16:20,stallRate,180.09700012207,4.20644689748011,TheEmptinessMachine,Westwood,RB,HTTP/3
2025-05-02 14:16:22,stallRate,182.098000049591,4.15709478153042,TheEmptinessMachine,Westwood,RB,HTTP/3
2025-05-02 14:16:24,stallRate,184.09700012207,4.10882152207336,TheEmptinessMachine,Westwood,RB,HTTP/3
2025-05-02 14:16:26,stallRate,186.098000049591,4.06195001168916,TheEmptinessMachine,Westwood,RB,HTTP/3
2025-05-02 14:16:28,stallRate,188.09700012207,4.01618446014412,TheEmptinessMachine,Westwood,RB,HTTP/3
2025-05-02 14:16:30,stallRate,190.09700012207,3.97108204339172,TheEmptinessMachine,Westwood,RB,HTTP/3
2025-05-02 14:16:32,stallRate,192.09700012207,3.92715737271042,TheEmptinessMachine,Westwood,RB,HTTP/3
2025-05-02 14:16:34,stallRate,194.09700012207,3.88423990804344,TheEmptinessMachine,Westwood,RB,HTTP/3
2025-05-02 14:16:36,stallRate,196.09700012207,3.84233683742142,TheEmptinessMachine,Westwood,RB,HTTP/3
2025-05-02 14:16:38,stallRate,198.09700012207,3.80104972816518,TheEmptinessMachine,Westwood,RB,HTTP/3
2025-05-02 14:16:40,stallRate,200.09700012207,3.76094808875269,TheEmptinessMachine,Westwood,RB,HTTP/3
2025-05-02 14:16:42,stallRate,202.09700012207,3.72156179148791,TheEmptinessMachine,Westwood,RB,HTTP/3
2025-05-02 14:16:44,stallRate,204.09700012207,3.68289136010295,TheEmptinessMachine,Westwood,RB,HTTP/3
2025-05-02 14:16:46,stallRate,206.09700012207,3.64529737652184,TheEmptinessMachine,Westwood,RB,HTTP/3
2025-05-02 14:16:48,stallRate,208.098999977112,3.60830136109297,TheEmptinessMachine,Westwood,RB,HTTP/3
2025-05-02 14:16:50,stallRate,210.09700012207,3.57199951447561,TheEmptinessMachine,Westwood,RB,HTTP/3
2025-05-02 14:17:26,stallRate,4.29500007629395,0.0,TheEmptinessMachine,Westwood,Throughput,HTTP/1.1
2025-05-02 14:17:28,stallRate,6.29500007629395,0.0,TheEmptinessMachine,Westwood,Throughput,HTTP/1.1
2025-05-02 14:17:30,stallRate,8.29500007629395,17.2059485306181,TheEmptinessMachine,Westwood,Throughput,HTTP/1.1
2025-05-02 14:17:32,stallRate,10.2950000762939,11.9209731632858,TheEmptinessMachine,Westwood,Throughput,HTTP/1.1
2025-05-02 14:17:34,stallRate,12.2950000762939,9.10123049354575,TheEmptinessMachine,Westwood,Throughput,HTTP/1.1
2025-05-02 14:17:36,stallRate,14.2950000762939,7.35964088347736,TheEmptinessMachine,Westwood,Throughput,HTTP/1.1
2025-05-02 14:17:38,stallRate,16.2950000762939,6.17080383879185,TheEmptinessMachine,Westwood,Throughput,HTTP/1.1
2025-05-02 14:17:40,stallRate,18.2950000762939,5.31585639679232,TheEmptinessMachine,Westwood,Throughput,HTTP/1.1
2025-05-02 14:17:42,stallRate,20.2950000762939,4.66944035601697,TheEmptinessMachine,Westwood,Throughput,HTTP/1.1
2025-05-02 14:17:44,stallRate,22.2950000762939,4.16164672540232,TheEmptinessMachine,Westwood,Throughput,HTTP/1.1
2025-05-02 14:17:46,stallRate,24.2950000762939,3.75356863293041,TheEmptinessMachine,Westwood,Throughput,HTTP/1.1
2025-05-02 14:17:48,stallRate,26.2950000762939,3.41891197173857,TheEmptinessMachine,Westwood,Throughput,HTTP/1.1
2025-05-02 14:17:50,stallRate,28.2950000762939,3.13758332901053,TheEmptinessMachine,Westwood,Throughput,HTTP/1.1
2025-05-02 14:17:52,stallRate,30.2950000762939,2.90137481268214,TheEmptinessMachine,Westwood,Throughput,HTTP/1.1
2025-05-02 14:17:54,stallRate,32.2950000762939,2.69726941447476,TheEmptinessMachine,Westwood,Throughput,HTTP/1.1
2025-05-02 14:17:56,stallRate,34.2950000762939,2.52187229977767,TheEmptinessMachine,Westwood,Throughput,HTTP/1.1
2025-05-02 14:17:58,stallRate,36.2950000762939,2.3659712202572,TheEmptinessMachine,Westwood,Throughput,HTTP/1.1
2025-05-02 14:18:00,stallRate,38.2950000762939,2.22845010083534,TheEmptinessMachine,Westwood,Throughput,HTTP/1.1
2025-05-02 14:18:02,stallRate,40.2950000762939,2.10618164317401,TheEmptinessMachine,Westwood,Throughput,HTTP/1.1
2025-05-02 14:18:04,stallRate,42.2950000762939,1.99673780715833,TheEmptinessMachine,Westwood,Throughput,HTTP/1.1
2025-05-02 14:18:06,stallRate,44.2950000762939,1.8980936291529,TheEmptinessMachine,Westwood,Throughput,HTTP/1.1
2025-05-02 14:18:08,stallRate,46.2950000762939,1.80807690825734,TheEmptinessMachine,Westwood,Throughput,HTTP/1.1
2025-05-02 14:18:10,stallRate,48.2950000762939,1.72711278357339,TheEmptinessMachine,Westwood,Throughput,HTTP/1.1
2025-05-02 14:18:12,stallRate,50.2950000762939,1.65265923980718,TheEmptinessMachine,Westwood,Throughput,HTTP/1.1
2025-05-02 14:18:14,stallRate,52.2950000762939,1.58402770481737,TheEmptinessMachine,Westwood,Throughput,HTTP/1.1
2025-05-02 14:18:16,stallRate,54.2950000762939,1.52104227587204,TheEmptinessMachine,Westwood,Throughput,HTTP/1.1
2025-05-02 14:18:18,stallRate,56.2950000762939,1.46334454814697,TheEmptinessMachine,Westwood,Throughput,HTTP/1.1
2025-05-02 14:18:20,stallRate,58.2950000762939,1.40951848103166,TheEmptinessMachine,Westwood,Throughput,HTTP/1.1
2025-05-02 14:18:22,stallRate,60.2950000762939,1.35960630469216,TheEmptinessMachine,Westwood,Throughput,HTTP/1.1
2025-05-02 14:18:24,stallRate,62.2950000762939,1.31286730635307,TheEmptinessMachine,Westwood,Throughput,HTTP/1.1
2025-05-02 14:18:26,stallRate,64.2950000762939,1.26933818613564,TheEmptinessMachine,Westwood,Throughput,HTTP/1.1
2025-05-02 14:18:28,stallRate,66.2950000762939,1.22871173437307,TheEmptinessMachine,Westwood,Throughput,HTTP/1.1
2025-05-02 14:18:30,stallRate,68.2950000762939,1.19061566556852,TheEmptinessMachine,Westwood,Throughput,HTTP/1.1
2025-05-02 14:18:32,stallRate,70.2950000762939,1.15472115363657,TheEmptinessMachine,Westwood,Throughput,HTTP/1.1
2025-05-02 14:18:34,stallRate,72.2950000762939,1.12109957792313,TheEmptinessMachine,Westwood,Throughput,HTTP/1.1
2025-05-02 14:18:36,stallRate,74.2950000762939,1.0893656061359,TheEmptinessMachine,Westwood,Throughput,HTTP/1.1
2025-05-02 14:18:38,stallRate,76.2950000762939,1.05916953241973,TheEmptinessMachine,Westwood,Throughput,HTTP/1.1
2025-05-02 14:18:40,stallRate,78.2950000762939,1.03072593740299,TheEmptinessMachine,Westwood,Throughput,HTTP/1.1
2025-05-02 14:18:42,stallRate,80.2950000762939,1.00378566483285,TheEmptinessMachine,Westwood,Throughput,HTTP/1.1
2025-05-02 14:18:44,stallRate,82.2950000762939,0.978250415055516,TheEmptinessMachine,Westwood,Throughput,HTTP/1.1
2025-05-02 14:18:46,stallRate,84.2950000762939,0.953842789275341,TheEmptinessMachine,Westwood,Throughput,HTTP/1.1
2025-05-02 14:18:48,stallRate,86.2950000762939,1.7362349488764,TheEmptinessMachine,Westwood,Throughput,HTTP/1.1
2025-05-02 14:18:50,stallRate,88.2950000762939,1.69515993496418,TheEmptinessMachine,Westwood,Throughput,HTTP/1.1
2025-05-02 14:18:52,stallRate,90.2950000762939,1.65597937666778,TheEmptinessMachine,Westwood,Throughput,HTTP/1.1
2025-05-02 14:18:54,stallRate,92.2950000762939,1.61837979003074,TheEmptinessMachine,Westwood,Throughput,HTTP/1.1
2025-05-02 14:18:56,stallRate,94.2950000762939,1.58252972454205,TheEmptinessMachine,Westwood,Throughput,HTTP/1.1
2025-05-02 14:18:58,stallRate,96.2950000762939,1.54830733627438,TheEmptinessMachine,Westwood,Throughput,HTTP/1.1
2025-05-02 14:19:00,stallRate,98.2950000762939,1.51556296776897,TheEmptinessMachine,Westwood,Throughput,HTTP/1.1
2025-05-02 14:19:02,stallRate,100.295000076294,1.48407649481057,TheEmptinessMachine,Westwood,Throughput,HTTP/1.1
2025-05-02 14:19:04,stallRate,102.296000003815,1.45385142967695,TheEmptinessMachine,Westwood,Throughput,HTTP/1.1
2025-05-02 14:19:06,stallRate,104.295000076294,1.42506927837611,TheEmptinessMachine,Westwood,Throughput,HTTP/1.1
2025-05-02 14:19:08,stallRate,106.295000076294,1.39721352666125,TheEmptinessMachine,Westwood,Throughput,HTTP/1.1
2025-05-02 14:19:10,stallRate,108.295000076294,1.80298903097616,TheEmptinessMachine,Westwood,Throughput,HTTP/1.1
2025-05-02 14:19:12,stallRate,110.295000076294,1.76916610563219,TheEmptinessMachine,Westwood,Throughput,HTTP/1.1
2025-05-02 14:19:14,stallRate,112.295000076294,1.73661466633352,TheEmptinessMachine,Westwood,Throughput,HTTP/1.1
2025-05-02 14:19:16,stallRate,114.295000076294,1.70507096037759,TheEmptinessMachine,Westwood,Throughput,HTTP/1.1
2025-05-02 14:19:18,stallRate,116.295000076294,1.67468314095135,TheEmptinessMachine,Westwood,Throughput,HTTP/1.1
2025-05-02 14:19:20,stallRate,118.295000076294,1.64555041786537,TheEmptinessMachine,Westwood,Throughput,HTTP/1.1
2025-05-02 14:19:22,stallRate,120.295000076294,1.61727694912816,TheEmptinessMachine,Westwood,Throughput,HTTP/1.1
2025-05-02 14:19:24,stallRate,122.295000076294,1.58999388388414,TheEmptinessMachine,Westwood,Throughput,HTTP/1.1
2025-05-02 14:19:26,stallRate,124.295000076294,2.23514488043789,TheEmptinessMachine,Westwood,Throughput,HTTP/1.1
2025-05-02 14:19:30,stallRate,128.295000076294,2.32464457217205,TheEmptinessMachine,Westwood,Throughput,HTTP/1.1
2025-05-02 14:19:32,stallRate,130.293999910355,2.28802101898129,TheEmptinessMachine,Westwood,Throughput,HTTP/1.1
2025-05-02 14:19:34,stallRate,132.295000076294,2.25236813184482,TheEmptinessMachine,Westwood,Throughput,HTTP/1.1
2025-05-02 14:19:36,stallRate,134.295000076294,2.21783564694139,TheEmptinessMachine,Westwood,Throughput,HTTP/1.1
2025-05-02 14:19:38,stallRate,136.295000076294,2.1841971618617,TheEmptinessMachine,Westwood,Throughput,HTTP/1.1
2025-05-02 14:19:40,stallRate,138.295000076294,2.15181174506634,TheEmptinessMachine,Westwood,Throughput,HTTP/1.1
2025-05-02 14:19:42,stallRate,140.295000076294,2.12038254941278,TheEmptinessMachine,Westwood,Throughput,HTTP/1.1
2025-05-02 14:19:44,stallRate,142.295000076294,2.08959760979571,TheEmptinessMachine,Westwood,Throughput,HTTP/1.1
2025-05-02 14:19:46,stallRate,144.295000076294,2.05967262398497,TheEmptinessMachine,Westwood,Throughput,HTTP/1.1
2025-05-02 14:19:48,stallRate,146.295000076294,2.03065403421049,TheEmptinessMachine,Westwood,Throughput,HTTP/1.1
2025-05-02 14:19:50,stallRate,148.295000076294,2.00270105655635,TheEmptinessMachine,Westwood,Throughput,HTTP/1.1
2025-05-02 14:19:52,stallRate,150.295000076294,1.97533734865323,TheEmptinessMachine,Westwood,Throughput,HTTP/1.1
2025-05-02 14:19:54,stallRate,152.295000076294,1.94873274241809,TheEmptinessMachine,Westwood,Throughput,HTTP/1.1
2025-05-02 14:19:56,stallRate,154.295000076294,1.92289552543746,TheEmptinessMachine,Westwood,Throughput,HTTP/1.1
2025-05-02 14:19:58,stallRate,156.295000076294,1.8977210567301,TheEmptinessMachine,Westwood,Throughput,HTTP/1.1
2025-05-02 14:20:00,stallRate,158.295000076294,1.87304381977659,TheEmptinessMachine,Westwood,Throughput,HTTP/1.1
2025-05-02 14:20:02,stallRate,160.295000076294,1.84928778808268,TheEmptinessMachine,Westwood,Throughput,HTTP/1.1
2025-05-02 14:20:04,stallRate,162.295000076294,1.82589269824268,TheEmptinessMachine,Westwood,Throughput,HTTP/1.1
2025-05-02 14:20:06,stallRate,164.295000076294,1.80309940287523,TheEmptinessMachine,Westwood,Throughput,HTTP/1.1
2025-05-02 14:20:08,stallRate,166.295000076294,1.78078264979699,TheEmptinessMachine,Westwood,Throughput,HTTP/1.1
2025-05-02 14:20:10,stallRate,168.295000076294,1.75906420181868,TheEmptinessMachine,Westwood,Throughput,HTTP/1.1
2025-05-02 14:20:12,stallRate,170.295000076294,1.73803994501573,TheEmptinessMachine,Westwood,Throughput,HTTP/1.1
2025-05-02 14:20:14,stallRate,172.295000076294,1.71738878793954,TheEmptinessMachine,Westwood,Throughput,HTTP/1.1
2025-05-02 14:20:16,stallRate,174.295000076294,1.69712780332247,TheEmptinessMachine,Westwood,Throughput,HTTP/1.1
2025-05-02 14:20:18,stallRate,176.295000076294,1.67750347524677,TheEmptinessMachine,Westwood,Throughput,HTTP/1.1
2025-05-02 14:20:20,stallRate,178.295000076294,1.65828610263908,TheEmptinessMachine,Westwood,Throughput,HTTP/1.1
2025-05-02 14:20:22,stallRate,180.295000076294,1.63946518991183,TheEmptinessMachine,Westwood,Throughput,HTTP/1.1
2025-05-02 14:20:24,stallRate,182.295000076294,1.62119462207345,TheEmptinessMachine,Westwood,Throughput,HTTP/1.1
2025-05-02 14:20:26,stallRate,184.295000076294,1.60320082652815,TheEmptinessMachine,Westwood,Throughput,HTTP/1.1
2025-05-02 14:20:28,stallRate,186.295000076294,1.58564427087088,TheEmptinessMachine,Westwood,Throughput,HTTP/1.1
2025-05-02 14:20:30,stallRate,188.295000076294,1.56836260281121,TheEmptinessMachine,Westwood,Throughput,HTTP/1.1
2025-05-02 14:20:32,stallRate,190.295000076294,1.55165347688545,TheEmptinessMachine,Westwood,Throughput,HTTP/1.1
2025-05-02 14:20:34,stallRate,192.295000076294,1.53514411496188,TheEmptinessMachine,Westwood,Throughput,HTTP/1.1
2025-05-02 14:20:36,stallRate,194.295000076294,1.51899136201667,TheEmptinessMachine,Westwood,Throughput,HTTP/1.1
2025-05-02 14:20:38,stallRate,196.295000076294,1.50313214876935,TheEmptinessMachine,Westwood,Throughput,HTTP/1.1
2025-05-02 14:20:40,stallRate,198.295000076294,1.4877192029562,TheEmptinessMachine,Westwood,Throughput,HTTP/1.1
2025-05-02 14:20:42,stallRate,200.295000076294,1.47262709184893,TheEmptinessMachine,Westwood,Throughput,HTTP/1.1
2025-05-02 14:20:44,stallRate,202.295000076294,1.45772959614671,TheEmptinessMachine,Westwood,Throughput,HTTP/1.1
2025-05-02 14:20:46,stallRate,204.295000076294,1.44326123211484,TheEmptinessMachine,Westwood,Throughput,HTTP/1.1
2025-05-02 14:20:48,stallRate,206.295000076294,1.4289974094563,TheEmptinessMachine,Westwood,Throughput,HTTP/1.1
2025-05-02 14:21:21,stallRate,2.10400009155273,0.0,TheEmptinessMachine,Westwood,Throughput,HTTP/2
2025-05-02 14:21:23,stallRate,4.10199999809265,0.0,TheEmptinessMachine,Westwood,Throughput,HTTP/2
2025-05-02 14:21:29,stallRate,10.1019999980927,49.5448186074891,TheEmptinessMachine,Westwood,Throughput,HTTP/2
2025-05-02 14:21:33,stallRate,14.103000164032,43.5983192452884,TheEmptinessMachine,Westwood,Throughput,HTTP/2
2025-05-02 14:21:37,stallRate,18.1019999980927,53.2536570106042,TheEmptinessMachine,Westwood,Throughput,HTTP/2
2025-05-02 14:21:39,stallRate,20.1019999980927,51.6652001298903,TheEmptinessMachine,Westwood,Throughput,HTTP/2
2025-05-02 14:21:41,stallRate,22.103000164032,46.8088481405344,TheEmptinessMachine,Westwood,Throughput,HTTP/2
2025-05-02 14:21:43,stallRate,24.103000164032,41.6702533306115,TheEmptinessMachine,Westwood,Throughput,HTTP/2
2025-05-02 14:21:45,stallRate,26.103000164032,40.5363203478523,TheEmptinessMachine,Westwood,Throughput,HTTP/2
2025-05-02 14:21:47,stallRate,28.1019999980927,39.0871543678181,TheEmptinessMachine,Westwood,Throughput,HTTP/2
2025-05-02 14:21:49,stallRate,30.1019999980927,35.8705798770315,TheEmptinessMachine,Westwood,Throughput,HTTP/2
2025-05-02 14:21:51,stallRate,32.103000164032,34.8509910109049,TheEmptinessMachine,Westwood,Throughput,HTTP/2
2025-05-02 14:21:55,stallRate,36.1019999980927,30.9802613260556,TheEmptinessMachine,Westwood,Throughput,HTTP/2
2025-05-02 14:21:57,stallRate,38.1019999980927,29.7237404263939,TheEmptinessMachine,Westwood,Throughput,HTTP/2
2025-05-02 14:21:59,stallRate,40.103000164032,27.987315094232,TheEmptinessMachine,Westwood,Throughput,HTTP/2
2025-05-02 14:22:01,stallRate,42.1019999980927,27.7002267345375,TheEmptinessMachine,Westwood,Throughput,HTTP/2
2025-05-02 14:22:03,stallRate,44.1019999980927,26.2405625488336,TheEmptinessMachine,Westwood,Throughput,HTTP/2
2025-05-02 14:22:05,stallRate,46.1019999980927,24.920317931642,TheEmptinessMachine,Westwood,Throughput,HTTP/2
2025-05-02 14:22:07,stallRate,48.103000164032,23.7278378746806,TheEmptinessMachine,Westwood,Throughput,HTTP/2
2025-05-02 14:22:09,stallRate,50.1019999980927,22.6397300350262,TheEmptinessMachine,Westwood,Throughput,HTTP/2
2025-05-02 14:22:11,stallRate,52.103000164032,21.6588184760527,TheEmptinessMachine,Westwood,Throughput,HTTP/2
2025-05-02 14:22:13,stallRate,54.103000164032,20.7520524738423,TheEmptinessMachine,Westwood,Throughput,HTTP/2
2025-05-02 14:22:15,stallRate,56.1019999980927,19.9191193830718,TheEmptinessMachine,Westwood,Throughput,HTTP/2
2025-05-02 14:22:17,stallRate,58.1019999980927,19.1525534715053,TheEmptinessMachine,Westwood,Throughput,HTTP/2
2025-05-02 14:22:19,stallRate,60.103000164032,18.438372326323,TheEmptinessMachine,Westwood,Throughput,HTTP/2
2025-05-02 14:22:21,stallRate,62.1019999980927,17.7811812254326,TheEmptinessMachine,Westwood,Throughput,HTTP/2
2025-05-02 14:22:23,stallRate,64.1019999980927,17.1677102469982,TheEmptinessMachine,Westwood,Throughput,HTTP/2
2025-05-02 14:22:25,stallRate,66.103000164032,16.5967673528975,TheEmptinessMachine,Westwood,Throughput,HTTP/2
2025-05-02 14:22:27,stallRate,68.103000164032,16.0596279783058,TheEmptinessMachine,Westwood,Throughput,HTTP/2
2025-05-02 14:22:29,stallRate,70.1019999980927,15.5566142064512,TheEmptinessMachine,Westwood,Throughput,HTTP/2
2025-05-02 14:22:31,stallRate,72.103000164032,15.0849371194021,TheEmptinessMachine,Westwood,Throughput,HTTP/2
2025-05-02 14:22:33,stallRate,74.1019999980927,14.6410043574667,TheEmptinessMachine,Westwood,Throughput,HTTP/2
2025-05-02 14:22:35,stallRate,76.1019999980927,14.2217884101445,TheEmptinessMachine,Westwood,Throughput,HTTP/2
2025-05-02 14:22:37,stallRate,78.1019999980927,13.8252659712403,TheEmptinessMachine,Westwood,Throughput,HTTP/2
2025-05-02 14:22:39,stallRate,80.1019999980927,13.4506604114761,TheEmptinessMachine,Westwood,Throughput,HTTP/2
2025-05-02 14:22:41,stallRate,82.1019999980927,13.0979409293153,TheEmptinessMachine,Westwood,Throughput,HTTP/2
2025-05-02 14:22:43,stallRate,84.1019999980927,12.7616128618326,TheEmptinessMachine,Westwood,Throughput,HTTP/2
2025-05-02 14:22:45,stallRate,86.103000164032,12.442244266392,TheEmptinessMachine,Westwood,Throughput,HTTP/2
2025-05-02 14:22:47,stallRate,88.1019999980927,12.1373803585906,TheEmptinessMachine,Westwood,Throughput,HTTP/2
2025-05-02 14:22:49,stallRate,90.1019999980927,11.8473294372096,TheEmptinessMachine,Westwood,Throughput,HTTP/2
2025-05-02 14:22:51,stallRate,92.1019999980927,11.5711896420452,TheEmptinessMachine,Westwood,Throughput,HTTP/2
2025-05-02 14:22:53,stallRate,94.103000164032,11.3087205969534,TheEmptinessMachine,Westwood,Throughput,HTTP/2
2025-05-02 14:22:55,stallRate,96.103000164032,11.057596961837,TheEmptinessMachine,Westwood,Throughput,HTTP/2
2025-05-02 14:22:57,stallRate,98.1019999980927,10.8174950712468,TheEmptinessMachine,Westwood,Throughput,HTTP/2
2025-05-02 14:22:59,stallRate,100.101999998093,10.5869089538354,TheEmptinessMachine,Westwood,Throughput,HTTP/2
2025-05-02 14:23:01,stallRate,102.103000164032,10.3667091245468,TheEmptinessMachine,Westwood,Throughput,HTTP/2
2025-05-02 14:23:03,stallRate,104.103000164032,10.1543943691967,TheEmptinessMachine,Westwood,Throughput,HTTP/2
2025-05-02 14:23:05,stallRate,106.103000164032,9.95145751768719,TheEmptinessMachine,Westwood,Throughput,HTTP/2
2025-05-02 14:23:07,stallRate,108.101999998093,9.756023204944,TheEmptinessMachine,Westwood,Throughput,HTTP/2
2025-05-02 14:23:09,stallRate,110.101999998093,9.56712793220006,TheEmptinessMachine,Westwood,Throughput,HTTP/2
2025-05-02 14:23:11,stallRate,112.101999998093,9.38650654922619,TheEmptinessMachine,Westwood,Throughput,HTTP/2
2025-05-02 14:23:13,stallRate,114.101999998093,9.21327743103419,TheEmptinessMachine,Westwood,Throughput,HTTP/2
2025-05-02 14:23:15,stallRate,116.101999998093,9.04628203319208,TheEmptinessMachine,Westwood,Throughput,HTTP/2
2025-05-02 14:23:17,stallRate,118.101999998093,8.88390652416187,TheEmptinessMachine,Westwood,Throughput,HTTP/2
2025-05-02 14:23:19,stallRate,120.103000164032,8.72782884138302,TheEmptinessMachine,Westwood,Throughput,HTTP/2
2025-05-02 14:23:21,stallRate,122.101999998093,8.57737033918165,TheEmptinessMachine,Westwood,Throughput,HTTP/2
2025-05-02 14:23:23,stallRate,124.101999998093,8.43220968083075,TheEmptinessMachine,Westwood,Throughput,HTTP/2
2025-05-02 14:23:25,stallRate,126.103000164032,8.2917451578261,TheEmptinessMachine,Westwood,Throughput,HTTP/2
2025-05-02 14:23:27,stallRate,128.101999998093,8.15513255727825,TheEmptinessMachine,Westwood,Throughput,HTTP/2
2025-05-02 14:23:29,stallRate,130.101999998093,8.02363280583496,TheEmptinessMachine,Westwood,Throughput,HTTP/2
2025-05-02 14:23:31,stallRate,132.101999998093,7.8960381805384,TheEmptinessMachine,Westwood,Throughput,HTTP/2
2025-05-02 14:23:33,stallRate,134.101999998093,7.77256214516498,TheEmptinessMachine,Westwood,Throughput,HTTP/2
2025-05-02 14:23:35,stallRate,136.101999998093,7.65318202505387,TheEmptinessMachine,Westwood,Throughput,HTTP/2
2025-05-02 14:23:37,stallRate,138.101999998093,7.53665658996736,TheEmptinessMachine,Westwood,Throughput,HTTP/2
2025-05-02 14:23:39,stallRate,140.101999998093,7.42450362030134,TheEmptinessMachine,Westwood,Throughput,HTTP/2
2025-05-02 14:23:41,stallRate,142.103000164032,7.31485907973078,TheEmptinessMachine,Westwood,Throughput,HTTP/2
2025-05-02 14:23:43,stallRate,144.103000164032,7.20815820062683,TheEmptinessMachine,Westwood,Throughput,HTTP/2
2025-05-02 14:23:45,stallRate,146.103000164032,7.10539961753268,TheEmptinessMachine,Westwood,Throughput,HTTP/2
2025-05-02 14:23:47,stallRate,148.101999998093,7.00537591126616,TheEmptinessMachine,Westwood,Throughput,HTTP/2
2025-05-02 14:23:49,stallRate,150.103000164032,6.90835974454875,TheEmptinessMachine,Westwood,Throughput,HTTP/2
2025-05-02 14:23:51,stallRate,152.101999998093,6.81354554085982,TheEmptinessMachine,Westwood,Throughput,HTTP/2
2025-05-02 14:23:53,stallRate,154.103000164032,6.72086176449509,TheEmptinessMachine,Westwood,Throughput,HTTP/2
2025-05-02 14:23:55,stallRate,156.101999998093,6.63139635101015,TheEmptinessMachine,Westwood,Throughput,HTTP/2
2025-05-02 14:23:57,stallRate,158.101999998093,6.54434886990957,TheEmptinessMachine,Westwood,Throughput,HTTP/2
2025-05-02 14:23:59,stallRate,160.103000164032,6.4593889236677,TheEmptinessMachine,Westwood,Throughput,HTTP/2
2025-05-02 14:24:01,stallRate,162.101999998093,6.37640576728441,TheEmptinessMachine,Westwood,Throughput,HTTP/2
2025-05-02 14:24:03,stallRate,164.103000164032,6.29554781854427,TheEmptinessMachine,Westwood,Throughput,HTTP/2
2025-05-02 14:24:05,stallRate,166.101999998093,6.21662108576844,TheEmptinessMachine,Westwood,Throughput,HTTP/2
2025-05-02 14:24:07,stallRate,168.101999998093,6.14009329771341,TheEmptinessMachine,Westwood,Throughput,HTTP/2
2025-05-02 14:24:09,stallRate,170.101999998093,6.06493928249921,TheEmptinessMachine,Westwood,Throughput,HTTP/2
2025-05-02 14:24:11,stallRate,172.101999998093,5.99134727746544,TheEmptinessMachine,Westwood,Throughput,HTTP/2
2025-05-02 14:24:13,stallRate,174.101999998093,5.91974097404707,TheEmptinessMachine,Westwood,Throughput,HTTP/2
2025-05-02 14:24:15,stallRate,176.101999998093,5.84995779959864,TheEmptinessMachine,Westwood,Throughput,HTTP/2
2025-05-02 14:24:17,stallRate,178.101999998093,5.78214349025643,TheEmptinessMachine,Westwood,Throughput,HTTP/2
2025-05-02 14:24:19,stallRate,180.103000164032,5.899124748526,TheEmptinessMachine,Westwood,Throughput,HTTP/2
2025-05-02 14:24:21,stallRate,182.101999998093,5.87980537104172,TheEmptinessMachine,Westwood,Throughput,HTTP/2
2025-05-02 14:24:23,stallRate,184.101999998093,5.81271789290436,TheEmptinessMachine,Westwood,Throughput,HTTP/2
2025-05-02 14:24:25,stallRate,186.101999998093,5.74703623995195,TheEmptinessMachine,Westwood,Throughput,HTTP/2
2025-05-02 14:24:27,stallRate,188.101999998093,5.6829490903085,TheEmptinessMachine,Westwood,Throughput,HTTP/2
2025-05-02 14:24:29,stallRate,190.101999998093,5.62015290621017,TheEmptinessMachine,Westwood,Throughput,HTTP/2
2025-05-02 14:24:31,stallRate,192.101999998093,5.55904932394384,TheEmptinessMachine,Westwood,Throughput,HTTP/2
2025-05-02 14:24:33,stallRate,194.101999998093,5.49891425323539,TheEmptinessMachine,Westwood,Throughput,HTTP/2
2025-05-02 14:24:35,stallRate,196.101999998093,5.44038078012935,TheEmptinessMachine,Westwood,Throughput,HTTP/2
2025-05-02 14:24:37,stallRate,198.101999998093,5.38287168635719,TheEmptinessMachine,Westwood,Throughput,HTTP/2
2025-05-02 14:24:39,stallRate,200.103000164032,5.32663169894534,TheEmptinessMachine,Westwood,Throughput,HTTP/2
2025-05-02 14:24:41,stallRate,202.103000164032,5.27169535811935,TheEmptinessMachine,Westwood,Throughput,HTTP/2
2025-05-02 14:24:43,stallRate,204.101999998093,5.2175507820449,TheEmptinessMachine,Westwood,Throughput,HTTP/2
2025-05-02 14:24:45,stallRate,206.101999998093,5.16487195912313,TheEmptinessMachine,Westwood,Throughput,HTTP/2
2025-05-02 14:24:47,stallRate,208.101999998093,5.11290343464713,TheEmptinessMachine,Westwood,Throughput,HTTP/2
2025-05-02 14:24:49,stallRate,210.101999998093,5.06185442412067,TheEmptinessMachine,Westwood,Throughput,HTTP/2
2025-05-02 14:24:51,stallRate,212.103000164032,5.01218497836789,TheEmptinessMachine,Westwood,Throughput,HTTP/2
2025-05-02 14:25:27,stallRate,10.7620000839233,0.0,TheEmptinessMachine,Westwood,Throughput,HTTP/3
2025-05-02 14:25:29,stallRate,12.7620000839233,0.0,TheEmptinessMachine,Westwood,Throughput,HTTP/3
2025-05-02 14:25:31,stallRate,14.7620000839233,0.0,TheEmptinessMachine,Westwood,Throughput,HTTP/3
2025-05-02 14:25:33,stallRate,16.7620000839233,0.0,TheEmptinessMachine,Westwood,Throughput,HTTP/3
2025-05-02 14:25:35,stallRate,18.7620000839233,0.0,TheEmptinessMachine,Westwood,Throughput,HTTP/3
2025-05-02 14:25:37,stallRate,20.7620000839233,0.0,TheEmptinessMachine,Westwood,Throughput,HTTP/3
2025-05-02 14:25:39,stallRate,22.7620000839233,0.0,TheEmptinessMachine,Westwood,Throughput,HTTP/3
2025-05-02 14:25:41,stallRate,24.7620000839233,0.0,TheEmptinessMachine,Westwood,Throughput,HTTP/3
2025-05-02 14:25:43,stallRate,26.7620000839233,0.0,TheEmptinessMachine,Westwood,Throughput,HTTP/3
2025-05-02 14:25:45,stallRate,28.7620000839233,0.0,TheEmptinessMachine,Westwood,Throughput,HTTP/3
2025-05-02 14:25:47,stallRate,30.7620000839233,0.0,TheEmptinessMachine,Westwood,Throughput,HTTP/3
2025-05-02 14:25:49,stallRate,32.7620000839233,0.0,TheEmptinessMachine,Westwood,Throughput,HTTP/3
2025-05-02 14:25:53,stallRate,36.7620000839233,0.504161669260139,TheEmptinessMachine,Westwood,Throughput,HTTP/3
2025-05-02 14:25:55,stallRate,38.7620000839233,2.00576137780152,TheEmptinessMachine,Westwood,Throughput,HTTP/3
2025-05-02 14:25:57,stallRate,40.7620000839233,1.87659915823867,TheEmptinessMachine,Westwood,Throughput,HTTP/3
2025-05-02 14:25:59,stallRate,42.7620000839233,1.76370389063834,TheEmptinessMachine,Westwood,Throughput,HTTP/3
2025-05-02 14:26:01,stallRate,44.7620000839233,1.66368451930121,TheEmptinessMachine,Westwood,Throughput,HTTP/3
2025-05-02 14:26:03,stallRate,46.7620000839233,1.57374802118226,TheEmptinessMachine,Westwood,Throughput,HTTP/3
2025-05-02 14:26:05,stallRate,48.7620000839233,1.49335439887268,TheEmptinessMachine,Westwood,Throughput,HTTP/3
2025-05-02 14:26:07,stallRate,50.7620000839233,1.42084166130888,TheEmptinessMachine,Westwood,Throughput,HTTP/3
2025-05-02 14:26:09,stallRate,52.7620000839233,1.35517331516822,TheEmptinessMachine,Westwood,Throughput,HTTP/3
2025-05-02 14:26:11,stallRate,54.7620000839233,1.29490907848049,TheEmptinessMachine,Westwood,Throughput,HTTP/3
2025-05-02 14:26:13,stallRate,56.7620000839233,1.23984792556521,TheEmptinessMachine,Westwood,Throughput,HTTP/3
2025-05-02 14:26:15,stallRate,58.7620000839233,1.18944326140558,TheEmptinessMachine,Westwood,Throughput,HTTP/3
2025-05-02 14:26:17,stallRate,60.7620000839233,1.14297744328414,TheEmptinessMachine,Westwood,Throughput,HTTP/3
2025-05-02 14:26:19,stallRate,62.7620000839233,1.10004632454225,TheEmptinessMachine,Westwood,Throughput,HTTP/3
2025-05-02 14:26:21,stallRate,64.7620000839233,1.06014956864541,TheEmptinessMachine,Westwood,Throughput,HTTP/3
2025-05-02 14:26:23,stallRate,66.7620000839233,1.02319179090266,TheEmptinessMachine,Westwood,Throughput,HTTP/3
2025-05-02 14:26:25,stallRate,68.7620000839233,0.988496217971935,TheEmptinessMachine,Westwood,Throughput,HTTP/3
2025-05-02 14:26:27,stallRate,70.7620000839233,0.956098752364233,TheEmptinessMachine,Westwood,Throughput,HTTP/3
2025-05-02 14:26:29,stallRate,72.7620000839233,0.925847559549735,TheEmptinessMachine,Westwood,Throughput,HTTP/3
2025-05-02 14:26:31,stallRate,74.7620000839233,0.897474616744489,TheEmptinessMachine,Westwood,Throughput,HTTP/3
2025-05-02 14:26:33,stallRate,76.7620000839233,0.87068917361946,TheEmptinessMachine,Westwood,Throughput,HTTP/3
2025-05-02 14:26:35,stallRate,78.7620000839233,0.845567372563847,TheEmptinessMachine,Westwood,Throughput,HTTP/3
2025-05-02 14:26:37,stallRate,80.7620000839233,0.821757148000065,TheEmptinessMachine,Westwood,Throughput,HTTP/3
2025-05-02 14:26:39,stallRate,82.7620000839233,0.799272869388251,TheEmptinessMachine,Westwood,Throughput,HTTP/3
2025-05-02 14:26:41,stallRate,84.7620000839233,0.778007047408112,TheEmptinessMachine,Westwood,Throughput,HTTP/3
2025-05-02 14:26:43,stallRate,86.7620000839233,0.757870733411108,TheEmptinessMachine,Westwood,Throughput,HTTP/3
2025-05-02 14:26:45,stallRate,88.7620000839233,0.738670934076152,TheEmptinessMachine,Westwood,Throughput,HTTP/3
2025-05-02 14:26:47,stallRate,90.7620000839233,0.720529913235435,TheEmptinessMachine,Westwood,Throughput,HTTP/3
2025-05-02 14:26:49,stallRate,92.7620000839233,0.703259789985321,TheEmptinessMachine,Westwood,Throughput,HTTP/3
2025-05-02 14:26:51,stallRate,94.7620000839233,0.686666707335976,TheEmptinessMachine,Westwood,Throughput,HTTP/3
2025-05-02 14:26:53,stallRate,96.7620000839233,0.670908562890718,TheEmptinessMachine,Westwood,Throughput,HTTP/3
2025-05-02 14:26:55,stallRate,98.7620000839233,0.655874715886462,TheEmptinessMachine,Westwood,Throughput,HTTP/3
2025-05-02 14:26:57,stallRate,100.762000083923,0.641511120985844,TheEmptinessMachine,Westwood,Throughput,HTTP/3
2025-05-02 14:26:59,stallRate,102.762000083923,0.627687501559552,TheEmptinessMachine,Westwood,Throughput,HTTP/3
2025-05-02 14:27:01,stallRate,104.762000083923,0.614468247974094,TheEmptinessMachine,Westwood,Throughput,HTTP/3
2025-05-02 14:27:03,stallRate,106.762000083923,0.601874770299826,TheEmptinessMachine,Westwood,Throughput,HTTP/3
2025-05-02 14:27:05,stallRate,108.762000083923,0.589720635494286,TheEmptinessMachine,Westwood,Throughput,HTTP/3
2025-05-02 14:27:07,stallRate,110.762000083923,0.578074379611029,TheEmptinessMachine,Westwood,Throughput,HTTP/3
2025-05-02 14:27:09,stallRate,112.762000083923,0.566795106673813,TheEmptinessMachine,Westwood,Throughput,HTTP/3
2025-05-02 14:27:11,stallRate,114.762000083923,0.556007677885167,TheEmptinessMachine,Westwood,Throughput,HTTP/3
2025-05-02 14:27:13,stallRate,116.762000083923,0.545637287555533,TheEmptinessMachine,Westwood,Throughput,HTTP/3
2025-05-02 14:27:15,stallRate,118.762000083923,0.53567137354912,TheEmptinessMachine,Westwood,Throughput,HTTP/3
2025-05-02 14:27:17,stallRate,120.762000083923,0.52605117331915,TheEmptinessMachine,Westwood,Throughput,HTTP/3
2025-05-02 14:27:19,stallRate,122.762000083923,0.516767881146979,TheEmptinessMachine,Westwood,Throughput,HTTP/3
2025-05-02 14:27:21,stallRate,124.762000083923,0.507783065623309,TheEmptinessMachine,Westwood,Throughput,HTTP/3
2025-05-02 14:27:23,stallRate,126.762000083923,0.499146990070874,TheEmptinessMachine,Westwood,Throughput,HTTP/3
2025-05-02 14:27:25,stallRate,128.762000083923,0.490749866390651,TheEmptinessMachine,Westwood,Throughput,HTTP/3
2025-05-02 14:27:27,stallRate,130.762000083923,0.482630768305931,TheEmptinessMachine,Westwood,Throughput,HTTP/3
2025-05-02 14:27:29,stallRate,132.762000083923,0.474799770261385,TheEmptinessMachine,Westwood,Throughput,HTTP/3
2025-05-02 14:27:31,stallRate,134.762000083923,0.467223915680746,TheEmptinessMachine,Westwood,Throughput,HTTP/3
2025-05-02 14:27:33,stallRate,136.762000083923,0.459854682109199,TheEmptinessMachine,Westwood,Throughput,HTTP/3
2025-05-02 14:27:35,stallRate,138.762000083923,0.452755139167392,TheEmptinessMachine,Westwood,Throughput,HTTP/3
2025-05-02 14:27:37,stallRate,140.762000083923,0.445877806908214,TheEmptinessMachine,Westwood,Throughput,HTTP/3
2025-05-02 14:27:39,stallRate,142.762000083923,0.439147637008795,TheEmptinessMachine,Westwood,Throughput,HTTP/3
2025-05-02 14:27:41,stallRate,144.762000083923,0.432647903951709,TheEmptinessMachine,Westwood,Throughput,HTTP/3
2025-05-02 14:27:43,stallRate,146.762000083923,0.426304160228999,TheEmptinessMachine,Westwood,Throughput,HTTP/3
2025-05-02 14:27:45,stallRate,148.762000083923,0.420214041302809,TheEmptinessMachine,Westwood,Throughput,HTTP/3
2025-05-02 14:27:47,stallRate,150.762000083923,0.414248078610766,TheEmptinessMachine,Westwood,Throughput,HTTP/3
2025-05-02 14:27:49,stallRate,152.762000083923,0.408448896081509,TheEmptinessMachine,Westwood,Throughput,HTTP/3
2025-05-02 14:27:51,stallRate,154.762000083923,0.40284867081469,TheEmptinessMachine,Westwood,Throughput,HTTP/3
2025-05-02 14:27:53,stallRate,156.762000083923,0.397372124490178,TheEmptinessMachine,Westwood,Throughput,HTTP/3
2025-05-02 14:27:55,stallRate,158.762000083923,0.39201471022459,TheEmptinessMachine,Westwood,Throughput,HTTP/3
2025-05-02 14:27:57,stallRate,160.762000083923,0.386836779886448,TheEmptinessMachine,Westwood,Throughput,HTTP/3
2025-05-02 14:27:59,stallRate,162.762000083923,0.381808248777421,TheEmptinessMachine,Westwood,Throughput,HTTP/3
2025-05-02 14:28:01,stallRate,164.762000083923,0.37687725945731,TheEmptinessMachine,Westwood,Throughput,HTTP/3
2025-05-02 14:28:03,stallRate,166.762000083923,0.372075793697339,TheEmptinessMachine,Westwood,Throughput,HTTP/3
2025-05-02 14:28:05,stallRate,168.760999917984,0.367402798779672,TheEmptinessMachine,Westwood,Throughput,HTTP/3
2025-05-02 14:28:07,stallRate,170.762000083923,0.362850116038655,TheEmptinessMachine,Westwood,Throughput,HTTP/3
2025-05-02 14:28:09,stallRate,172.762000083923,0.358374177043339,TheEmptinessMachine,Westwood,Throughput,HTTP/3
2025-05-02 14:28:11,stallRate,174.762000083923,0.354032108088961,TheEmptinessMachine,Westwood,Throughput,HTTP/3
2025-05-02 14:28:13,stallRate,176.762000083923,0.349772731093553,TheEmptinessMachine,Westwood,Throughput,HTTP/3
2025-05-02 14:28:15,stallRate,178.762000083923,0.345667549513715,TheEmptinessMachine,Westwood,Throughput,HTTP/3
2025-05-02 14:28:17,stallRate,180.762000083923,0.341615635711625,TheEmptinessMachine,Westwood,Throughput,HTTP/3
2025-05-02 14:28:19,stallRate,182.762000083923,0.337666659574903,TheEmptinessMachine,Westwood,Throughput,HTTP/3
2025-05-02 14:28:21,stallRate,184.762000083923,0.333814261602029,TheEmptinessMachine,Westwood,Throughput,HTTP/3
2025-05-02 14:28:23,stallRate,186.762000083923,0.330051567304307,TheEmptinessMachine,Westwood,Throughput,HTTP/3
2025-05-02 14:28:25,stallRate,188.762000083923,0.326374969058244,TheEmptinessMachine,Westwood,Throughput,HTTP/3
2025-05-02 14:28:27,stallRate,190.762000083923,0.322750359259315,TheEmptinessMachine,Westwood,Throughput,HTTP/3
2025-05-02 14:28:29,stallRate,192.762000083923,0.31920304946887,TheEmptinessMachine,Westwood,Throughput,HTTP/3
2025-05-02 14:28:31,stallRate,194.762000083923,0.315762989746641,TheEmptinessMachine,Westwood,Throughput,HTTP/3
2025-05-02 14:28:33,stallRate,196.762000083923,0.312391623218999,TheEmptinessMachine,Westwood,Throughput,HTTP/3
2025-05-02 14:28:35,stallRate,198.762000083923,0.309082120768369,TheEmptinessMachine,Westwood,Throughput,HTTP/3
2025-05-02 14:28:37,stallRate,200.762000083923,0.305867089985205,TheEmptinessMachine,Westwood,Throughput,HTTP/3
2025-05-02 14:28:39,stallRate,202.762000083923,0.695403187431588,TheEmptinessMachine,Westwood,Throughput,HTTP/3
2025-05-02 14:28:41,stallRate,204.762000083923,0.688286025910965,TheEmptinessMachine,Westwood,Throughput,HTTP/3
2025-05-02 14:28:43,stallRate,206.762000083923,0.681269649981435,TheEmptinessMachine,Westwood,Throughput,HTTP/3
2025-05-02 14:28:45,stallRate,208.762000083923,0.67447680317513,TheEmptinessMachine,Westwood,Throughput,HTTP/3
2025-05-02 14:28:47,stallRate,210.762000083923,0.667754005878315,TheEmptinessMachine,Westwood,Throughput,HTTP/3
2025-05-02 14:28:49,stallRate,212.762000083923,0.661168740191684,TheEmptinessMachine,Westwood,Throughput,HTTP/3
2025-05-02 14:29:26,stallRate,4.29999995231628,0.0,TheEmptinessMachine,HTCP,Dynamic,HTTP/1.1
2025-05-02 14:29:30,stallRate,8.29999995231628,38.9434319863971,TheEmptinessMachine,HTCP,Dynamic,HTTP/1.1
2025-05-02 14:29:32,stallRate,10.2999999523163,36.684524475146,TheEmptinessMachine,HTCP,Dynamic,HTTP/1.1
2025-05-02 14:29:36,stallRate,14.2999999523163,29.8061437061849,TheEmptinessMachine,HTCP,Dynamic,HTTP/1.1
2025-05-02 14:29:38,stallRate,16.2999999523163,28.3441353658651,TheEmptinessMachine,HTCP,Dynamic,HTTP/1.1
2025-05-02 14:29:42,stallRate,20.2999999523163,24.0369205959689,TheEmptinessMachine,HTCP,Dynamic,HTTP/1.1
2025-05-02 14:29:44,stallRate,22.2999999523163,21.5815411673044,TheEmptinessMachine,HTCP,Dynamic,HTTP/1.1
2025-05-02 14:29:46,stallRate,24.2999999523163,19.5811052169189,TheEmptinessMachine,HTCP,Dynamic,HTTP/1.1
2025-05-02 14:29:48,stallRate,26.2999999523163,17.9326799158061,TheEmptinessMachine,HTCP,Dynamic,HTTP/1.1
2025-05-02 14:29:50,stallRate,28.2999999523163,16.5310238267168,TheEmptinessMachine,HTCP,Dynamic,HTTP/1.1
2025-05-02 14:29:52,stallRate,30.2999999523163,15.3348096309747,TheEmptinessMachine,HTCP,Dynamic,HTTP/1.1
2025-05-02 14:29:54,stallRate,32.2999999523163,14.2945338809234,TheEmptinessMachine,HTCP,Dynamic,HTTP/1.1
2025-05-02 14:29:56,stallRate,34.2999999523163,13.3936173128487,TheEmptinessMachine,HTCP,Dynamic,HTTP/1.1
2025-05-02 14:29:58,stallRate,36.2999999523163,12.5963831160784,TheEmptinessMachine,HTCP,Dynamic,HTTP/1.1
2025-05-02 14:30:00,stallRate,38.2999999523163,11.8893669434711,TheEmptinessMachine,HTCP,Dynamic,HTTP/1.1
2025-05-02 14:30:02,stallRate,40.2999999523163,11.2607605702384,TheEmptinessMachine,HTCP,Dynamic,HTTP/1.1
2025-05-02 14:30:04,stallRate,42.2999999523163,10.6925507056109,TheEmptinessMachine,HTCP,Dynamic,HTTP/1.1
2025-05-02 14:30:06,stallRate,44.2999999523163,10.1792737777855,TheEmptinessMachine,HTCP,Dynamic,HTTP/1.1
2025-05-02 14:30:08,stallRate,46.2999999523163,9.71310885712372,TheEmptinessMachine,HTCP,Dynamic,HTTP/1.1
2025-05-02 14:30:10,stallRate,48.2999999523163,9.28793359290133,TheEmptinessMachine,HTCP,Dynamic,HTTP/1.1
2025-05-02 14:30:12,stallRate,50.2999999523163,8.89623304111368,TheEmptinessMachine,HTCP,Dynamic,HTTP/1.1
2025-05-02 14:30:14,stallRate,52.2999999523163,8.53679065967115,TheEmptinessMachine,HTCP,Dynamic,HTTP/1.1
2025-05-02 14:30:16,stallRate,54.2999999523163,8.20608141649584,TheEmptinessMachine,HTCP,Dynamic,HTTP/1.1
2025-05-02 14:30:18,stallRate,56.2999999523163,7.9004396840713,TheEmptinessMachine,HTCP,Dynamic,HTTP/1.1
2025-05-02 14:30:20,stallRate,58.2999999523163,7.61712617602718,TheEmptinessMachine,HTCP,Dynamic,HTTP/1.1
2025-05-02 14:30:22,stallRate,60.2999999523163,7.35329590726901,TheEmptinessMachine,HTCP,Dynamic,HTTP/1.1
2025-05-02 14:30:24,stallRate,62.2999999523163,7.10550374020322,TheEmptinessMachine,HTCP,Dynamic,HTTP/1.1
2025-05-02 14:30:26,stallRate,64.2999999523163,6.87558556316497,TheEmptinessMachine,HTCP,Dynamic,HTTP/1.1
2025-05-02 14:30:28,stallRate,66.2999999523163,6.65923226478242,TheEmptinessMachine,HTCP,Dynamic,HTTP/1.1
2025-05-02 14:30:30,stallRate,68.2999999523163,6.45622233404095,TheEmptinessMachine,HTCP,Dynamic,HTTP/1.1
2025-05-02 14:30:32,stallRate,70.2999999523163,6.26543156251045,TheEmptinessMachine,HTCP,Dynamic,HTTP/1.1
2025-05-02 14:30:34,stallRate,72.2999999523163,6.08567129283959,TheEmptinessMachine,HTCP,Dynamic,HTTP/1.1
2025-05-02 14:30:36,stallRate,74.2999999523163,5.9160266687754,TheEmptinessMachine,HTCP,Dynamic,HTTP/1.1
2025-05-02 14:30:38,stallRate,76.2999999523163,5.75432516432488,TheEmptinessMachine,HTCP,Dynamic,HTTP/1.1
2025-05-02 14:30:40,stallRate,78.2999999523163,5.60284961083382,TheEmptinessMachine,HTCP,Dynamic,HTTP/1.1
2025-05-02 14:30:42,stallRate,80.2999999523163,5.4583409633364,TheEmptinessMachine,HTCP,Dynamic,HTTP/1.1
2025-05-02 14:30:44,stallRate,82.2999999523163,5.32120471118666,TheEmptinessMachine,HTCP,Dynamic,HTTP/1.1
2025-05-02 14:30:46,stallRate,84.2999999523163,5.19028789305049,TheEmptinessMachine,HTCP,Dynamic,HTTP/1.1
2025-05-02 14:30:48,stallRate,86.2999999523163,5.26296608365167,TheEmptinessMachine,HTCP,Dynamic,HTTP/1.1
2025-05-02 14:30:50,stallRate,88.2999999523163,5.88344180073024,TheEmptinessMachine,HTCP,Dynamic,HTTP/1.1
2025-05-02 14:30:52,stallRate,90.2999999523163,5.74911333049215,TheEmptinessMachine,HTCP,Dynamic,HTTP/1.1
2025-05-02 14:30:54,stallRate,92.2999999523163,5.80590802803859,TheEmptinessMachine,HTCP,Dynamic,HTTP/1.1
2025-05-02 14:30:56,stallRate,94.2999999523163,5.67904491111144,TheEmptinessMachine,HTCP,Dynamic,HTTP/1.1
2025-05-02 14:30:58,stallRate,96.2999999523163,5.55807901497532,TheEmptinessMachine,HTCP,Dynamic,HTTP/1.1
2025-05-02 14:31:00,stallRate,98.2999999523163,5.44155971256908,TheEmptinessMachine,HTCP,Dynamic,HTTP/1.1
2025-05-02 14:31:02,stallRate,100.299999952316,5.32985640372299,TheEmptinessMachine,HTCP,Dynamic,HTTP/1.1
2025-05-02 14:31:04,stallRate,102.299999952316,5.22293441241003,TheEmptinessMachine,HTCP,Dynamic,HTTP/1.1
2025-05-02 14:31:06,stallRate,104.299999952316,5.12031127765074,TheEmptinessMachine,HTCP,Dynamic,HTTP/1.1
2025-05-02 14:31:08,stallRate,106.299999952316,5.02093421214722,TheEmptinessMachine,HTCP,Dynamic,HTTP/1.1
2025-05-02 14:31:10,stallRate,108.299999952316,4.92631420896477,TheEmptinessMachine,HTCP,Dynamic,HTTP/1.1
2025-05-02 14:31:12,stallRate,110.299999952316,4.83471360008323,TheEmptinessMachine,HTCP,Dynamic,HTTP/1.1
2025-05-02 14:31:14,stallRate,112.299999952316,4.74652666146778,TheEmptinessMachine,HTCP,Dynamic,HTTP/1.1
2025-05-02 14:31:16,stallRate,114.299999952316,4.66159721531362,TheEmptinessMachine,HTCP,Dynamic,HTTP/1.1
2025-05-02 14:31:18,stallRate,116.299999952316,4.57963697862169,TheEmptinessMachine,HTCP,Dynamic,HTTP/1.1
2025-05-02 14:31:20,stallRate,118.299999952316,4.50023179635334,TheEmptinessMachine,HTCP,Dynamic,HTTP/1.1
2025-05-02 14:31:22,stallRate,120.299999952316,4.42355067839261,TheEmptinessMachine,HTCP,Dynamic,HTTP/1.1
2025-05-02 14:31:24,stallRate,122.299999952316,4.34994444878842,TheEmptinessMachine,HTCP,Dynamic,HTTP/1.1
2025-05-02 14:31:26,stallRate,124.299999952316,4.27827436575824,TheEmptinessMachine,HTCP,Dynamic,HTTP/1.1
2025-05-02 14:31:28,stallRate,126.299999952316,4.20909315201043,TheEmptinessMachine,HTCP,Dynamic,HTTP/1.1
2025-05-02 14:31:30,stallRate,128.299999952316,4.14214591293034,TheEmptinessMachine,HTCP,Dynamic,HTTP/1.1
2025-05-02 14:31:32,stallRate,130.299999952316,4.0773854865197,TheEmptinessMachine,HTCP,Dynamic,HTTP/1.1
2025-05-02 14:31:34,stallRate,132.299999952316,4.01459722982835,TheEmptinessMachine,HTCP,Dynamic,HTTP/1.1
2025-05-02 14:31:36,stallRate,134.299999952316,3.95370529408512,TheEmptinessMachine,HTCP,Dynamic,HTTP/1.1
2025-05-02 14:31:38,stallRate,136.299999952316,3.89435031641557,TheEmptinessMachine,HTCP,Dynamic,HTTP/1.1
2025-05-02 14:31:40,stallRate,138.299999952316,3.83676057129306,TheEmptinessMachine,HTCP,Dynamic,HTTP/1.1
2025-05-02 14:31:42,stallRate,140.299999952316,3.78128476765779,TheEmptinessMachine,HTCP,Dynamic,HTTP/1.1
2025-05-02 14:31:44,stallRate,142.299999952316,3.7270216637857,TheEmptinessMachine,HTCP,Dynamic,HTTP/1.1
2025-05-02 14:31:46,stallRate,144.299999952316,3.67441518261061,TheEmptinessMachine,HTCP,Dynamic,HTTP/1.1
2025-05-02 14:31:48,stallRate,146.299999952316,3.62297622386214,TheEmptinessMachine,HTCP,Dynamic,HTTP/1.1
2025-05-02 14:31:50,stallRate,148.299999952316,3.57336139299373,TheEmptinessMachine,HTCP,Dynamic,HTTP/1.1
2025-05-02 14:31:52,stallRate,150.299999952316,3.52490442566591,TheEmptinessMachine,HTCP,Dynamic,HTTP/1.1
2025-05-02 14:31:54,stallRate,152.299999952316,3.47776876578925,TheEmptinessMachine,HTCP,Dynamic,HTTP/1.1
2025-05-02 14:31:56,stallRate,154.299999952316,3.43193999902522,TheEmptinessMachine,HTCP,Dynamic,HTTP/1.1
2025-05-02 14:31:58,stallRate,156.299999952316,3.38733861990535,TheEmptinessMachine,HTCP,Dynamic,HTTP/1.1
2025-05-02 14:32:00,stallRate,158.299999952316,3.34362570024509,TheEmptinessMachine,HTCP,Dynamic,HTTP/1.1
2025-05-02 14:32:02,stallRate,160.299999952316,3.30148547296708,TheEmptinessMachine,HTCP,Dynamic,HTTP/1.1
2025-05-02 14:32:04,stallRate,162.299999952316,3.26000286938159,TheEmptinessMachine,HTCP,Dynamic,HTTP/1.1
2025-05-02 14:32:06,stallRate,164.299999952316,3.21960581253139,TheEmptinessMachine,HTCP,Dynamic,HTTP/1.1
2025-05-02 14:32:08,stallRate,166.299999952316,3.18026728928375,TheEmptinessMachine,HTCP,Dynamic,HTTP/1.1
2025-05-02 14:32:10,stallRate,168.299999952316,3.14188535157886,TheEmptinessMachine,HTCP,Dynamic,HTTP/1.1
2025-05-02 14:32:12,stallRate,170.299999952316,3.10446184898768,TheEmptinessMachine,HTCP,Dynamic,HTTP/1.1
2025-05-02 14:32:14,stallRate,172.299999952316,3.06761570736509,TheEmptinessMachine,HTCP,Dynamic,HTTP/1.1
2025-05-02 14:32:16,stallRate,174.299999952316,3.03185073795698,TheEmptinessMachine,HTCP,Dynamic,HTTP/1.1
2025-05-02 14:32:18,stallRate,176.299999952316,2.99692589182306,TheEmptinessMachine,HTCP,Dynamic,HTTP/1.1
2025-05-02 14:32:20,stallRate,178.299999952316,2.96290940170468,TheEmptinessMachine,HTCP,Dynamic,HTTP/1.1
2025-05-02 14:32:22,stallRate,180.299999952316,2.929429600174,TheEmptinessMachine,HTCP,Dynamic,HTTP/1.1
2025-05-02 14:32:24,stallRate,182.300999879837,2.89672411001868,TheEmptinessMachine,HTCP,Dynamic,HTTP/1.1
2025-05-02 14:32:26,stallRate,184.299999952316,2.86499077643314,TheEmptinessMachine,HTCP,Dynamic,HTTP/1.1
2025-05-02 14:32:28,stallRate,186.299999952316,2.83377329681082,TheEmptinessMachine,HTCP,Dynamic,HTTP/1.1
2025-05-02 14:32:30,stallRate,188.299999952316,2.80326859526931,TheEmptinessMachine,HTCP,Dynamic,HTTP/1.1
2025-05-02 14:32:32,stallRate,190.299999952316,2.77346510016913,TheEmptinessMachine,HTCP,Dynamic,HTTP/1.1
2025-05-02 14:32:34,stallRate,192.299999952316,2.74424768993504,TheEmptinessMachine,HTCP,Dynamic,HTTP/1.1
2025-05-02 14:32:36,stallRate,194.299999952316,2.71549847661059,TheEmptinessMachine,HTCP,Dynamic,HTTP/1.1
2025-05-02 14:32:38,stallRate,196.299999952316,2.68737847505482,TheEmptinessMachine,HTCP,Dynamic,HTTP/1.1
2025-05-02 14:32:40,stallRate,198.299999952316,2.65990134037011,TheEmptinessMachine,HTCP,Dynamic,HTTP/1.1
2025-05-02 14:32:42,stallRate,200.299999952316,2.63302044814694,TheEmptinessMachine,HTCP,Dynamic,HTTP/1.1
2025-05-02 14:32:44,stallRate,202.299999952316,2.60647822110593,TheEmptinessMachine,HTCP,Dynamic,HTTP/1.1
2025-05-02 14:32:46,stallRate,204.299999952316,2.58074912525011,TheEmptinessMachine,HTCP,Dynamic,HTTP/1.1
2025-05-02 14:32:48,stallRate,206.299999952316,2.55536348081542,TheEmptinessMachine,HTCP,Dynamic,HTTP/1.1
2025-05-02 14:33:32,stallRate,8.09800004959106,30.4372806221287,TheEmptinessMachine,HTCP,Dynamic,HTTP/2
2025-05-02 14:33:34,stallRate,10.0980000495911,38.5767324646623,TheEmptinessMachine,HTCP,Dynamic,HTTP/2
2025-05-02 14:33:38,stallRate,14.0980000495911,31.6980128471547,TheEmptinessMachine,HTCP,Dynamic,HTTP/2
2025-05-02 14:33:40,stallRate,16.0980000495911,28.0405548102619,TheEmptinessMachine,HTCP,Dynamic,HTTP/2
2025-05-02 14:33:44,stallRate,20.0969998836517,25.2431057995463,TheEmptinessMachine,HTCP,Dynamic,HTTP/2
2025-05-02 14:33:46,stallRate,22.0980000495911,26.2053303610331,TheEmptinessMachine,HTCP,Dynamic,HTTP/2
2025-05-02 14:33:48,stallRate,24.0980000495911,23.7829701560623,TheEmptinessMachine,HTCP,Dynamic,HTTP/2
2025-05-02 14:33:50,stallRate,26.0980000495911,22.0591637606148,TheEmptinessMachine,HTCP,Dynamic,HTTP/2
2025-05-02 14:33:52,stallRate,28.0980000495911,20.3386498889567,TheEmptinessMachine,HTCP,Dynamic,HTTP/2
2025-05-02 14:33:54,stallRate,30.0980000495911,18.8714349558998,TheEmptinessMachine,HTCP,Dynamic,HTTP/2
2025-05-02 14:33:58,stallRate,34.0980000495911,16.4933778164377,TheEmptinessMachine,HTCP,Dynamic,HTTP/2
2025-05-02 14:34:00,stallRate,36.0969998836517,15.5125726767522,TheEmptinessMachine,HTCP,Dynamic,HTTP/2
2025-05-02 14:34:02,stallRate,38.0980000495911,14.6425000778016,TheEmptinessMachine,HTCP,Dynamic,HTTP/2
2025-05-02 14:34:04,stallRate,40.0969998836517,13.869676392408,TheEmptinessMachine,HTCP,Dynamic,HTTP/2
2025-05-02 14:34:06,stallRate,42.0980000495911,13.1706606947561,TheEmptinessMachine,HTCP,Dynamic,HTTP/2
2025-05-02 14:34:08,stallRate,44.0969998836517,12.5401335020149,TheEmptinessMachine,HTCP,Dynamic,HTTP/2
2025-05-02 14:34:10,stallRate,46.0980000495911,11.9625767917343,TheEmptinessMachine,HTCP,Dynamic,HTTP/2
2025-05-02 14:34:12,stallRate,48.0980000495911,11.4415676042087,TheEmptinessMachine,HTCP,Dynamic,HTTP/2
2025-05-02 14:34:14,stallRate,50.0969998836517,10.9616499054188,TheEmptinessMachine,HTCP,Dynamic,HTTP/2
2025-05-02 14:34:16,stallRate,52.0980000495911,10.5231449735493,TheEmptinessMachine,HTCP,Dynamic,HTTP/2
2025-05-02 14:34:18,stallRate,54.0980000495911,10.1160758598808,TheEmptinessMachine,HTCP,Dynamic,HTTP/2
2025-05-02 14:34:20,stallRate,56.0980000495911,9.73930282042778,TheEmptinessMachine,HTCP,Dynamic,HTTP/2
2025-05-02 14:34:22,stallRate,58.0980000495911,9.38827314504226,TheEmptinessMachine,HTCP,Dynamic,HTTP/2
2025-05-02 14:34:24,stallRate,60.0980000495911,9.06220074974461,TheEmptinessMachine,HTCP,Dynamic,HTTP/2
2025-05-02 14:34:26,stallRate,62.0980000495911,8.76028458963436,TheEmptinessMachine,HTCP,Dynamic,HTTP/2
2025-05-02 14:34:28,stallRate,64.0969998836517,8.47590222908443,TheEmptinessMachine,HTCP,Dynamic,HTTP/2
2025-05-02 14:34:30,stallRate,66.0980000495911,8.21001695089759,TheEmptinessMachine,HTCP,Dynamic,HTTP/2
2025-05-02 14:34:32,stallRate,68.0969998836517,7.95902027790805,TheEmptinessMachine,HTCP,Dynamic,HTTP/2
2025-05-02 14:34:34,stallRate,70.0969998836517,7.72462164875645,TheEmptinessMachine,HTCP,Dynamic,HTTP/2
2025-05-02 14:34:36,stallRate,72.0980000495911,7.50274690355943,TheEmptinessMachine,HTCP,Dynamic,HTTP/2
2025-05-02 14:34:38,stallRate,74.0969998836517,7.29354304295277,TheEmptinessMachine,HTCP,Dynamic,HTTP/2
2025-05-02 14:34:40,stallRate,76.0969998836517,7.09422023860815,TheEmptinessMachine,HTCP,Dynamic,HTTP/2
2025-05-02 14:34:42,stallRate,78.0969998836517,6.90766387821049,TheEmptinessMachine,HTCP,Dynamic,HTTP/2
2025-05-02 14:34:44,stallRate,80.0980000495911,6.72969784479971,TheEmptinessMachine,HTCP,Dynamic,HTTP/2
2025-05-02 14:34:46,stallRate,82.0980000495911,6.56099797827614,TheEmptinessMachine,HTCP,Dynamic,HTTP/2
2025-05-02 14:34:48,stallRate,84.0969998836517,6.40067715807979,TheEmptinessMachine,HTCP,Dynamic,HTTP/2
2025-05-02 14:34:50,stallRate,86.0980000495911,6.24797795653988,TheEmptinessMachine,HTCP,Dynamic,HTTP/2
2025-05-02 14:34:52,stallRate,88.0969998836517,6.10192577890825,TheEmptinessMachine,HTCP,Dynamic,HTTP/2
2025-05-02 14:34:54,stallRate,90.0980000495911,5.96328718260672,TheEmptinessMachine,HTCP,Dynamic,HTTP/2
2025-05-02 14:34:56,stallRate,92.0980000495911,5.83085072811437,TheEmptinessMachine,HTCP,Dynamic,HTTP/2
2025-05-02 14:34:58,stallRate,94.0969998836517,5.70372543630415,TheEmptinessMachine,HTCP,Dynamic,HTTP/2
2025-05-02 14:35:00,stallRate,96.0980000495911,5.58246765598537,TheEmptinessMachine,HTCP,Dynamic,HTTP/2
2025-05-02 14:35:02,stallRate,98.0969998836517,5.46552649869469,TheEmptinessMachine,HTCP,Dynamic,HTTP/2
2025-05-02 14:35:04,stallRate,100.098000049591,5.35340363109971,TheEmptinessMachine,HTCP,Dynamic,HTTP/2
2025-05-02 14:35:06,stallRate,102.096999883652,5.2460894592956,TheEmptinessMachine,HTCP,Dynamic,HTTP/2
2025-05-02 14:35:08,stallRate,104.096999883652,5.14310169912912,TheEmptinessMachine,HTCP,Dynamic,HTTP/2
2025-05-02 14:35:10,stallRate,106.096999883652,5.04365478534997,TheEmptinessMachine,HTCP,Dynamic,HTTP/2
2025-05-02 14:35:12,stallRate,108.098000049591,4.94850654317041,TheEmptinessMachine,HTCP,Dynamic,HTTP/2
2025-05-02 14:35:14,stallRate,110.098000049591,4.85696437444398,TheEmptinessMachine,HTCP,Dynamic,HTTP/2
2025-05-02 14:35:16,stallRate,112.096999883652,4.76802918073822,TheEmptinessMachine,HTCP,Dynamic,HTTP/2
2025-05-02 14:35:18,stallRate,114.098000049591,4.68311999818653,TheEmptinessMachine,HTCP,Dynamic,HTTP/2
2025-05-02 14:35:20,stallRate,116.098000049591,4.60064796739905,TheEmptinessMachine,HTCP,Dynamic,HTTP/2
2025-05-02 14:35:22,stallRate,118.096999883652,4.52110506621584,TheEmptinessMachine,HTCP,Dynamic,HTTP/2
2025-05-02 14:35:24,stallRate,120.098000049591,4.44435900525386,TheEmptinessMachine,HTCP,Dynamic,HTTP/2
2025-05-02 14:35:26,stallRate,122.096999883652,4.37023927462464,TheEmptinessMachine,HTCP,Dynamic,HTTP/2
2025-05-02 14:35:28,stallRate,124.096999883652,4.29819712610346,TheEmptinessMachine,HTCP,Dynamic,HTTP/2
2025-05-02 14:35:32,stallRate,128.098000049591,4.49227571175539,TheEmptinessMachine,HTCP,Dynamic,HTTP/2
2025-05-02 14:35:38,stallRate,134.098000049591,7.22657526180664,TheEmptinessMachine,HTCP,Dynamic,HTTP/2
2025-05-02 14:35:40,stallRate,136.098000049591,7.49390413310128,TheEmptinessMachine,HTCP,Dynamic,HTTP/2
2025-05-02 14:35:44,stallRate,140.098000049591,7.51759892459921,TheEmptinessMachine,HTCP,Dynamic,HTTP/2
2025-05-02 14:35:46,stallRate,142.098000049591,7.43180848488963,TheEmptinessMachine,HTCP,Dynamic,HTTP/2
2025-05-02 14:35:48,stallRate,144.096999883652,7.32719874599118,TheEmptinessMachine,HTCP,Dynamic,HTTP/2
2025-05-02 14:35:50,stallRate,146.098000049591,7.61789772454802,TheEmptinessMachine,HTCP,Dynamic,HTTP/2
2025-05-02 14:36:00,stallRate,156.098000049591,7.12120487889068,TheEmptinessMachine,HTCP,Dynamic,HTTP/2
2025-05-02 14:36:02,stallRate,158.098000049591,7.02982760718933,TheEmptinessMachine,HTCP,Dynamic,HTTP/2
2025-05-02 14:36:06,stallRate,162.098000049591,6.85382909307759,TheEmptinessMachine,HTCP,Dynamic,HTTP/2
2025-05-02 14:36:08,stallRate,164.098000049591,6.76850841453568,TheEmptinessMachine,HTCP,Dynamic,HTTP/2
2025-05-02 14:36:12,stallRate,168.096999883652,6.60449891086112,TheEmptinessMachine,HTCP,Dynamic,HTTP/2
2025-05-02 14:36:14,stallRate,170.098000049591,6.52557336129427,TheEmptinessMachine,HTCP,Dynamic,HTTP/2
2025-05-02 14:36:16,stallRate,172.098000049591,6.44829738771558,TheEmptinessMachine,HTCP,Dynamic,HTTP/2
2025-05-02 14:36:18,stallRate,174.098000049591,6.373269845512,TheEmptinessMachine,HTCP,Dynamic,HTTP/2
2025-05-02 14:36:20,stallRate,176.096999883652,6.29995572797017,TheEmptinessMachine,HTCP,Dynamic,HTTP/2
2025-05-02 14:36:22,stallRate,178.096999883652,6.22774981465705,TheEmptinessMachine,HTCP,Dynamic,HTTP/2
2025-05-02 14:36:24,stallRate,180.098000049591,6.15748453823142,TheEmptinessMachine,HTCP,Dynamic,HTTP/2
2025-05-02 14:36:26,stallRate,182.098000049591,6.08885778076823,TheEmptinessMachine,HTCP,Dynamic,HTTP/2
2025-05-02 14:36:28,stallRate,184.096999883652,6.02184910226739,TheEmptinessMachine,HTCP,Dynamic,HTTP/2
2025-05-02 14:36:30,stallRate,186.096999883652,5.95590642664,TheEmptinessMachine,HTCP,Dynamic,HTTP/2
2025-05-02 14:36:32,stallRate,188.098000049591,5.8918486418473,TheEmptinessMachine,HTCP,Dynamic,HTTP/2
2025-05-02 14:36:34,stallRate,190.096999883652,5.82874099786656,TheEmptinessMachine,HTCP,Dynamic,HTTP/2
2025-05-02 14:36:36,stallRate,192.096999883652,5.76712668793766,TheEmptinessMachine,HTCP,Dynamic,HTTP/2
2025-05-02 14:36:38,stallRate,194.096999883652,5.70687817199022,TheEmptinessMachine,HTCP,Dynamic,HTTP/2
2025-05-02 14:36:40,stallRate,196.096999883652,5.64799885721315,TheEmptinessMachine,HTCP,Dynamic,HTTP/2
2025-05-02 14:36:42,stallRate,198.098000049591,5.58992945598555,TheEmptinessMachine,HTCP,Dynamic,HTTP/2
2025-05-02 14:36:44,stallRate,200.096999883652,5.53311343111615,TheEmptinessMachine,HTCP,Dynamic,HTTP/2
2025-05-02 14:36:46,stallRate,202.098000049591,5.47781406412214,TheEmptinessMachine,HTCP,Dynamic,HTTP/2
2025-05-02 14:36:48,stallRate,204.096999883652,5.4234132278889,TheEmptinessMachine,HTCP,Dynamic,HTTP/2
2025-05-02 14:36:50,stallRate,206.098000049591,5.37039332524049,TheEmptinessMachine,HTCP,Dynamic,HTTP/2
2025-05-02 14:37:30,stallRate,4.09500002861023,0.0,TheEmptinessMachine,HTCP,Dynamic,HTTP/3
2025-05-02 14:37:34,stallRate,8.0939998626709,42.3858502067601,TheEmptinessMachine,HTCP,Dynamic,HTTP/3
2025-05-02 14:37:38,stallRate,12.0939998626709,51.300104568406,TheEmptinessMachine,HTCP,Dynamic,HTTP/3
2025-05-02 14:37:40,stallRate,14.0939998626709,48.6204530507116,TheEmptinessMachine,HTCP,Dynamic,HTTP/3
2025-05-02 14:37:44,stallRate,18.0939998626709,49.8525624524887,TheEmptinessMachine,HTCP,Dynamic,HTTP/3
2025-05-02 14:37:46,stallRate,20.0939998626709,43.9953963182366,TheEmptinessMachine,HTCP,Dynamic,HTTP/3
2025-05-02 14:37:48,stallRate,22.0939998626709,39.3569448590443,TheEmptinessMachine,HTCP,Dynamic,HTTP/3
2025-05-02 14:37:50,stallRate,24.0939998626709,35.6061381398898,TheEmptinessMachine,HTCP,Dynamic,HTTP/3
2025-05-02 14:37:52,stallRate,26.0939998626709,32.5332282017781,TheEmptinessMachine,HTCP,Dynamic,HTTP/3
2025-05-02 14:37:54,stallRate,28.0939998626709,29.933122201268,TheEmptinessMachine,HTCP,Dynamic,HTTP/3
2025-05-02 14:37:56,stallRate,30.0939998626709,27.7203755125799,TheEmptinessMachine,HTCP,Dynamic,HTTP/3
2025-05-02 14:38:00,stallRate,34.0939998626709,24.1545852935257,TheEmptinessMachine,HTCP,Dynamic,HTTP/3
2025-05-02 14:38:02,stallRate,36.0939998626709,22.6868458191636,TheEmptinessMachine,HTCP,Dynamic,HTTP/3
2025-05-02 14:38:04,stallRate,38.0939998626709,21.3893633840083,TheEmptinessMachine,HTCP,Dynamic,HTTP/3
2025-05-02 14:38:12,stallRate,46.0939998626709,17.420969724148,TheEmptinessMachine,HTCP,Dynamic,HTTP/3
2025-05-02 14:38:18,stallRate,52.0939998626709,15.2881449517995,TheEmptinessMachine,HTCP,Dynamic,HTTP/3
2025-05-02 14:38:22,stallRate,56.0939998626709,14.1341785635798,TheEmptinessMachine,HTCP,Dynamic,HTTP/3
2025-05-02 14:38:26,stallRate,60.0939998626709,13.1401697094668,TheEmptinessMachine,HTCP,Dynamic,HTTP/3
2025-05-02 14:38:32,stallRate,66.0939998626709,12.152200358985,TheEmptinessMachine,HTCP,Dynamic,HTTP/3
2025-05-02 14:38:36,stallRate,70.0939998626709,11.4281785977067,TheEmptinessMachine,HTCP,Dynamic,HTTP/3
2025-05-02 14:38:38,stallRate,72.0939998626709,11.0966729635514,TheEmptinessMachine,HTCP,Dynamic,HTTP/3
2025-05-02 14:38:42,stallRate,76.095999956131,10.4904872421219,TheEmptinessMachine,HTCP,Dynamic,HTTP/3
2025-05-02 14:38:44,stallRate,78.0939998626709,10.2110475427785,TheEmptinessMachine,HTCP,Dynamic,HTTP/3
2025-05-02 14:38:46,stallRate,80.0939998626709,9.94637227655551,TheEmptinessMachine,HTCP,Dynamic,HTTP/3
2025-05-02 14:38:48,stallRate,82.0939998626709,9.69526703690798,TheEmptinessMachine,HTCP,Dynamic,HTTP/3
2025-05-02 14:38:50,stallRate,84.0939998626709,9.45509591151715,TheEmptinessMachine,HTCP,Dynamic,HTTP/3
2025-05-02 14:38:52,stallRate,86.0939998626709,9.22682891570749,TheEmptinessMachine,HTCP,Dynamic,HTTP/3
2025-05-02 14:38:54,stallRate,88.0939998626709,9.01071412504776,TheEmptinessMachine,HTCP,Dynamic,HTTP/3
2025-05-02 14:38:56,stallRate,90.0939998626709,8.80356640282291,TheEmptinessMachine,HTCP,Dynamic,HTTP/3
2025-05-02 14:38:58,stallRate,92.0939998626709,8.60583536652543,TheEmptinessMachine,HTCP,Dynamic,HTTP/3
2025-05-02 14:39:00,stallRate,94.0939998626709,8.41721778780623,TheEmptinessMachine,HTCP,Dynamic,HTTP/3
2025-05-02 14:39:02,stallRate,96.0939998626709,8.23655003999115,TheEmptinessMachine,HTCP,Dynamic,HTTP/3
2025-05-02 14:39:04,stallRate,98.0939998626709,8.06356789647615,TheEmptinessMachine,HTCP,Dynamic,HTTP/3
2025-05-02 14:39:06,stallRate,100.093999862671,7.89767502950964,TheEmptinessMachine,HTCP,Dynamic,HTTP/3
2025-05-02 14:39:08,stallRate,102.093999862671,7.7376073135907,TheEmptinessMachine,HTCP,Dynamic,HTTP/3
2025-05-02 14:39:10,stallRate,104.093999862671,7.58406974817073,TheEmptinessMachine,HTCP,Dynamic,HTTP/3
2025-05-02 14:39:12,stallRate,106.093999862671,7.4373945876152,TheEmptinessMachine,HTCP,Dynamic,HTTP/3
2025-05-02 14:39:14,stallRate,108.093999862671,7.29562027581547,TheEmptinessMachine,HTCP,Dynamic,HTTP/3
2025-05-02 14:39:16,stallRate,110.093999862671,7.16016393159505,TheEmptinessMachine,HTCP,Dynamic,HTTP/3
2025-05-02 14:39:18,stallRate,112.093999862671,7.02861306537019,TheEmptinessMachine,HTCP,Dynamic,HTTP/3
2025-05-02 14:39:20,stallRate,114.093999862671,6.90206498259278,TheEmptinessMachine,HTCP,Dynamic,HTTP/3
2025-05-02 14:39:22,stallRate,116.093999862671,6.78001428869861,TheEmptinessMachine,HTCP,Dynamic,HTTP/3
2025-05-02 14:39:24,stallRate,118.093999862671,6.66241666348327,TheEmptinessMachine,HTCP,Dynamic,HTTP/3
2025-05-02 14:39:26,stallRate,120.093999862671,6.5487674156492,TheEmptinessMachine,HTCP,Dynamic,HTTP/3
2025-05-02 14:39:28,stallRate,122.093999862671,6.43889433175557,TheEmptinessMachine,HTCP,Dynamic,HTTP/3
2025-05-02 14:39:30,stallRate,124.093999862671,6.33228766108926,TheEmptinessMachine,HTCP,Dynamic,HTTP/3
2025-05-02 14:39:32,stallRate,126.093999862671,6.22970379719778,TheEmptinessMachine,HTCP,Dynamic,HTTP/3
2025-05-02 14:39:34,stallRate,128.093999862671,6.12971779693646,TheEmptinessMachine,HTCP,Dynamic,HTTP/3
2025-05-02 14:39:36,stallRate,130.093999862671,6.03297062341226,TheEmptinessMachine,HTCP,Dynamic,HTTP/3
2025-05-02 14:39:38,stallRate,132.093999862671,5.93950934037503,TheEmptinessMachine,HTCP,Dynamic,HTTP/3
2025-05-02 14:39:42,stallRate,136.093999862671,5.76077824650197,TheEmptinessMachine,HTCP,Dynamic,HTTP/3
2025-05-02 14:39:48,stallRate,142.093999862671,5.51230235171283,TheEmptinessMachine,HTCP,Dynamic,HTTP/3
2025-05-02 14:39:50,stallRate,144.093999862671,5.43454200006182,TheEmptinessMachine,HTCP,Dynamic,HTTP/3
2025-05-02 14:39:52,stallRate,146.093999862671,5.3584328919994,TheEmptinessMachine,HTCP,Dynamic,HTTP/3
2025-05-02 14:39:54,stallRate,148.093999862671,5.28447572713441,TheEmptinessMachine,HTCP,Dynamic,HTTP/3
2025-05-02 14:39:56,stallRate,150.093999862671,5.21226821873585,TheEmptinessMachine,HTCP,Dynamic,HTTP/3
2025-05-02 14:39:58,stallRate,152.093999862671,5.14247277367496,TheEmptinessMachine,HTCP,Dynamic,HTTP/3
2025-05-02 14:40:00,stallRate,154.093999862671,5.07439634724965,TheEmptinessMachine,HTCP,Dynamic,HTTP/3
2025-05-02 14:40:02,stallRate,156.093999862671,5.00795589740974,TheEmptinessMachine,HTCP,Dynamic,HTTP/3
2025-05-02 14:40:04,stallRate,158.093999862671,4.94366572810921,TheEmptinessMachine,HTCP,Dynamic,HTTP/3
2025-05-02 14:40:06,stallRate,160.093999862671,4.88059296077555,TheEmptinessMachine,HTCP,Dynamic,HTTP/3
2025-05-02 14:40:08,stallRate,162.093999862671,4.81922259698507,TheEmptinessMachine,HTCP,Dynamic,HTTP/3
2025-05-02 14:40:10,stallRate,164.093999862671,4.75907055594076,TheEmptinessMachine,HTCP,Dynamic,HTTP/3
2025-05-02 14:40:12,stallRate,166.093999862671,4.70107168446846,TheEmptinessMachine,HTCP,Dynamic,HTTP/3
2025-05-02 14:40:16,stallRate,170.093999862671,4.7858492467913,TheEmptinessMachine,HTCP,Dynamic,HTTP/3
2025-05-02 14:40:18,stallRate,172.093999862671,4.72915762872715,TheEmptinessMachine,HTCP,Dynamic,HTTP/3
2025-05-02 14:40:20,stallRate,174.093999862671,4.67381915761785,TheEmptinessMachine,HTCP,Dynamic,HTTP/3
2025-05-02 14:40:26,stallRate,180.093999862671,4.51533623432601,TheEmptinessMachine,HTCP,Dynamic,HTTP/3
2025-05-02 14:40:28,stallRate,182.093999862671,4.46466626796087,TheEmptinessMachine,HTCP,Dynamic,HTTP/3
2025-05-02 14:40:30,stallRate,184.093999862671,4.41556692623911,TheEmptinessMachine,HTCP,Dynamic,HTTP/3
2025-05-02 14:40:32,stallRate,186.093999862671,4.38804444195615,TheEmptinessMachine,HTCP,Dynamic,HTTP/3
2025-05-02 14:40:34,stallRate,188.093999862671,4.34045866093662,TheEmptinessMachine,HTCP,Dynamic,HTTP/3
2025-05-02 14:40:36,stallRate,190.093999862671,4.2939385796727,TheEmptinessMachine,HTCP,Dynamic,HTTP/3
2025-05-02 14:40:38,stallRate,192.093999862671,4.24848437329788,TheEmptinessMachine,HTCP,Dynamic,HTTP/3
2025-05-02 14:40:40,stallRate,194.093999862671,4.20400514991772,TheEmptinessMachine,HTCP,Dynamic,HTTP/3
2025-05-02 14:40:42,stallRate,196.093999862671,4.16010178957002,TheEmptinessMachine,HTCP,Dynamic,HTTP/3
2025-05-02 14:40:44,stallRate,198.093999862671,4.11755763513887,TheEmptinessMachine,HTCP,Dynamic,HTTP/3
2025-05-02 14:40:46,stallRate,200.093999862671,4.07566020063397,TheEmptinessMachine,HTCP,Dynamic,HTTP/3
2025-05-02 14:40:48,stallRate,202.093999862671,4.03463012065798,TheEmptinessMachine,HTCP,Dynamic,HTTP/3
2025-05-02 14:40:50,stallRate,204.093999862671,3.99447384201582,TheEmptinessMachine,HTCP,Dynamic,HTTP/3
2025-05-02 14:40:52,stallRate,206.093999862671,3.95509984622506,TheEmptinessMachine,HTCP,Dynamic,HTTP/3
2025-05-02 14:41:36,stallRate,8.29100012779236,0.0,TheEmptinessMachine,HTCP,Bola,HTTP/1.1
2025-05-02 14:41:38,stallRate,10.2910001277924,0.0,TheEmptinessMachine,HTCP,Bola,HTTP/1.1
2025-05-02 14:41:40,stallRate,12.2910001277924,0.0,TheEmptinessMachine,HTCP,Bola,HTTP/1.1
2025-05-02 14:41:41,stallRate,14.2910001277924,0.0,TheEmptinessMachine,HTCP,Bola,HTTP/1.1
2025-05-02 14:41:44,stallRate,16.2910001277924,0.0,TheEmptinessMachine,HTCP,Bola,HTTP/1.1
2025-05-02 14:41:45,stallRate,18.2910001277924,0.0,TheEmptinessMachine,HTCP,Bola,HTTP/1.1
2025-05-02 14:41:47,stallRate,20.2910001277924,0.0,TheEmptinessMachine,HTCP,Bola,HTTP/1.1
2025-05-02 14:41:52,stallRate,24.2910001277924,0.0,TheEmptinessMachine,HTCP,Bola,HTTP/1.1
2025-05-02 14:41:54,stallRate,26.2910001277924,0.0,TheEmptinessMachine,HTCP,Bola,HTTP/1.1
2025-05-02 14:41:56,stallRate,28.2910001277924,0.0,TheEmptinessMachine,HTCP,Bola,HTTP/1.1
2025-05-02 14:41:58,stallRate,30.2910001277924,0.0,TheEmptinessMachine,HTCP,Bola,HTTP/1.1
2025-05-02 14:41:59,stallRate,32.2910001277924,0.0,TheEmptinessMachine,HTCP,Bola,HTTP/1.1
2025-05-02 14:42:02,stallRate,34.2910001277924,0.0,TheEmptinessMachine,HTCP,Bola,HTTP/1.1
2025-05-02 14:42:04,stallRate,36.2910001277924,0.0,TheEmptinessMachine,HTCP,Bola,HTTP/1.1
2025-05-02 14:42:06,stallRate,38.2910001277924,0.0,TheEmptinessMachine,HTCP,Bola,HTTP/1.1
2025-05-02 14:42:08,stallRate,40.2910001277924,0.0,TheEmptinessMachine,HTCP,Bola,HTTP/1.1
2025-05-02 14:42:10,stallRate,42.2910001277924,0.0,TheEmptinessMachine,HTCP,Bola,HTTP/1.1
2025-05-02 14:42:11,stallRate,44.2910001277924,0.0,TheEmptinessMachine,HTCP,Bola,HTTP/1.1
2025-05-02 14:42:13,stallRate,46.2910001277924,0.0,TheEmptinessMachine,HTCP,Bola,HTTP/1.1
2025-05-02 14:42:16,stallRate,48.2910001277924,0.0,TheEmptinessMachine,HTCP,Bola,HTTP/1.1
2025-05-02 14:42:18,stallRate,50.2910001277924,0.0,TheEmptinessMachine,HTCP,Bola,HTTP/1.1
2025-05-02 14:42:20,stallRate,52.2910001277924,0.0,TheEmptinessMachine,HTCP,Bola,HTTP/1.1
2025-05-02 14:42:22,stallRate,54.2910001277924,0.0,TheEmptinessMachine,HTCP,Bola,HTTP/1.1
2025-05-02 14:42:24,stallRate,56.2910001277924,0.0,TheEmptinessMachine,HTCP,Bola,HTTP/1.1
2025-05-02 14:42:25,stallRate,58.2910001277924,0.0,TheEmptinessMachine,HTCP,Bola,HTTP/1.1
2025-05-02 14:42:28,stallRate,60.2910001277924,0.0,TheEmptinessMachine,HTCP,Bola,HTTP/1.1
2025-05-02 14:42:29,stallRate,62.2910001277924,0.0,TheEmptinessMachine,HTCP,Bola,HTTP/1.1
2025-05-02 14:42:31,stallRate,64.2910001277924,0.0,TheEmptinessMachine,HTCP,Bola,HTTP/1.1
2025-05-02 14:42:34,stallRate,66.2910001277924,0.0,TheEmptinessMachine,HTCP,Bola,HTTP/1.1
2025-05-02 14:42:35,stallRate,68.2910001277924,0.0,TheEmptinessMachine,HTCP,Bola,HTTP/1.1
2025-05-02 14:42:37,stallRate,70.2910001277924,0.0,TheEmptinessMachine,HTCP,Bola,HTTP/1.1
2025-05-02 14:42:39,stallRate,72.2910001277924,0.0,TheEmptinessMachine,HTCP,Bola,HTTP/1.1
2025-05-02 14:42:41,stallRate,74.2910001277924,0.0,TheEmptinessMachine,HTCP,Bola,HTTP/1.1
2025-05-02 14:42:43,stallRate,76.2910001277924,0.0,TheEmptinessMachine,HTCP,Bola,HTTP/1.1
2025-05-02 14:42:45,stallRate,78.2910001277924,0.0,TheEmptinessMachine,HTCP,Bola,HTTP/1.1
2025-05-02 14:42:48,stallRate,80.2910001277924,0.0,TheEmptinessMachine,HTCP,Bola,HTTP/1.1
2025-05-02 14:42:52,stallRate,84.2910001277924,0.0,TheEmptinessMachine,HTCP,Bola,HTTP/1.1
2025-05-02 14:42:53,stallRate,86.2910001277924,0.0,TheEmptinessMachine,HTCP,Bola,HTTP/1.1
2025-05-02 14:42:55,stallRate,88.2910001277924,0.0,TheEmptinessMachine,HTCP,Bola,HTTP/1.1
2025-05-02 14:42:58,stallRate,90.2910001277924,0.0,TheEmptinessMachine,HTCP,Bola,HTTP/1.1
2025-05-02 14:42:59,stallRate,92.2910001277924,0.0,TheEmptinessMachine,HTCP,Bola,HTTP/1.1
2025-05-02 14:43:01,stallRate,94.2910001277924,0.0,TheEmptinessMachine,HTCP,Bola,HTTP/1.1
2025-05-02 14:43:04,stallRate,96.2910001277924,0.0,TheEmptinessMachine,HTCP,Bola,HTTP/1.1
2025-05-02 14:43:06,stallRate,98.2910001277924,0.0,TheEmptinessMachine,HTCP,Bola,HTTP/1.1
2025-05-02 14:43:08,stallRate,100.291000127792,0.0,TheEmptinessMachine,HTCP,Bola,HTTP/1.1
2025-05-02 14:43:09,stallRate,102.291000127792,0.0,TheEmptinessMachine,HTCP,Bola,HTTP/1.1
2025-05-02 14:43:12,stallRate,104.291000127792,0.0,TheEmptinessMachine,HTCP,Bola,HTTP/1.1
2025-05-02 14:43:13,stallRate,106.291000127792,0.0,TheEmptinessMachine,HTCP,Bola,HTTP/1.1
2025-05-02 14:43:16,stallRate,108.291000127792,0.0,TheEmptinessMachine,HTCP,Bola,HTTP/1.1
2025-05-02 14:43:18,stallRate,110.291000127792,0.0,TheEmptinessMachine,HTCP,Bola,HTTP/1.1
2025-05-02 14:43:20,stallRate,112.291000127792,0.0,TheEmptinessMachine,HTCP,Bola,HTTP/1.1
2025-05-02 14:43:21,stallRate,114.291000127792,0.0,TheEmptinessMachine,HTCP,Bola,HTTP/1.1
2025-05-02 14:43:23,stallRate,116.292000055313,0.0,TheEmptinessMachine,HTCP,Bola,HTTP/1.1
2025-05-02 14:43:26,stallRate,118.291000127792,0.0,TheEmptinessMachine,HTCP,Bola,HTTP/1.1
2025-05-02 14:43:27,stallRate,120.291000127792,0.0,TheEmptinessMachine,HTCP,Bola,HTTP/1.1
2025-05-02 14:43:29,stallRate,122.291000127792,0.0,TheEmptinessMachine,HTCP,Bola,HTTP/1.1
2025-05-02 14:43:32,stallRate,124.291000127792,0.0,TheEmptinessMachine,HTCP,Bola,HTTP/1.1
2025-05-02 14:43:34,stallRate,126.291000127792,0.0,TheEmptinessMachine,HTCP,Bola,HTTP/1.1
2025-05-02 14:43:36,stallRate,128.291000127792,0.0,TheEmptinessMachine,HTCP,Bola,HTTP/1.1
2025-05-02 14:43:37,stallRate,130.291000127792,0.0,TheEmptinessMachine,HTCP,Bola,HTTP/1.1
2025-05-02 14:43:40,stallRate,132.291000127792,0.0,TheEmptinessMachine,HTCP,Bola,HTTP/1.1
2025-05-02 14:43:42,stallRate,134.291000127792,0.0,TheEmptinessMachine,HTCP,Bola,HTTP/1.1
2025-05-02 14:43:44,stallRate,136.291000127792,0.0,TheEmptinessMachine,HTCP,Bola,HTTP/1.1
2025-05-02 14:43:46,stallRate,138.291000127792,1.00248442645939,TheEmptinessMachine,HTCP,Bola,HTTP/1.1
2025-05-02 14:43:48,stallRate,140.291000127792,0.987728353107446,TheEmptinessMachine,HTCP,Bola,HTTP/1.1
2025-05-02 14:43:50,stallRate,142.291000127792,0.973362446499927,TheEmptinessMachine,HTCP,Bola,HTTP/1.1
2025-05-02 14:43:52,stallRate,144.291000127792,0.959384959863966,TheEmptinessMachine,HTCP,Bola,HTTP/1.1
2025-05-02 14:43:53,stallRate,146.291000127792,0.945897836263505,TheEmptinessMachine,HTCP,Bola,HTTP/1.1
2025-05-02 14:43:55,stallRate,148.291000127792,0.932699303288218,TheEmptinessMachine,HTCP,Bola,HTTP/1.1
2025-05-02 14:43:58,stallRate,150.291000127792,1.02584485771983,TheEmptinessMachine,HTCP,Bola,HTTP/1.1
2025-05-02 14:44:00,stallRate,152.291000127792,1.01195065329977,TheEmptinessMachine,HTCP,Bola,HTTP/1.1
2025-05-02 14:44:02,stallRate,154.291000127792,0.998443267020539,TheEmptinessMachine,HTCP,Bola,HTTP/1.1
2025-05-02 14:44:04,stallRate,156.291000127792,0.985286560328116,TheEmptinessMachine,HTCP,Bola,HTTP/1.1
2025-05-02 14:44:06,stallRate,158.291000127792,0.972465567179457,TheEmptinessMachine,HTCP,Bola,HTTP/1.1
2025-05-02 14:44:08,stallRate,160.291000127792,0.959989399868664,TheEmptinessMachine,HTCP,Bola,HTTP/1.1
2025-05-02 14:44:09,stallRate,162.291000127792,0.947822141520596,TheEmptinessMachine,HTCP,Bola,HTTP/1.1
2025-05-02 14:44:11,stallRate,164.291000127792,0.935886393206179,TheEmptinessMachine,HTCP,Bola,HTTP/1.1
2025-05-02 14:44:13,stallRate,166.291000127792,0.924253850141984,TheEmptinessMachine,HTCP,Bola,HTTP/1.1
2025-05-02 14:44:16,stallRate,168.291000127792,0.912949387969424,TheEmptinessMachine,HTCP,Bola,HTTP/1.1
2025-05-02 14:44:18,stallRate,170.291000127792,0.901932615300166,TheEmptinessMachine,HTCP,Bola,HTTP/1.1
2025-05-02 14:44:20,stallRate,172.291000127792,0.891131239261092,TheEmptinessMachine,HTCP,Bola,HTTP/1.1
2025-05-02 14:44:22,stallRate,174.291000127792,0.880594496569482,TheEmptinessMachine,HTCP,Bola,HTTP/1.1
2025-05-02 14:44:23,stallRate,176.291000127792,0.870379631648593,TheEmptinessMachine,HTCP,Bola,HTTP/1.1
2025-05-02 14:44:25,stallRate,178.291000127792,0.860335094142046,TheEmptinessMachine,HTCP,Bola,HTTP/1.1
2025-05-02 14:44:27,stallRate,180.291000127792,0.850584141537512,TheEmptinessMachine,HTCP,Bola,HTTP/1.1
2025-05-02 14:44:30,stallRate,182.291000127792,0.8409982023237,TheEmptinessMachine,HTCP,Bola,HTTP/1.1
2025-05-02 14:44:31,stallRate,184.291000127792,0.831621834843583,TheEmptinessMachine,HTCP,Bola,HTTP/1.1
2025-05-02 14:44:33,stallRate,186.291000127792,0.822467608887724,TheEmptinessMachine,HTCP,Bola,HTTP/1.1
2025-05-02 14:44:36,stallRate,188.291000127792,0.813509399514752,TheEmptinessMachine,HTCP,Bola,HTTP/1.1
2025-05-02 14:44:38,stallRate,190.291000127792,0.804758264763989,TheEmptinessMachine,HTCP,Bola,HTTP/1.1
2025-05-02 14:44:39,stallRate,192.292000055313,0.796183721070337,TheEmptinessMachine,HTCP,Bola,HTTP/1.1
2025-05-02 14:44:42,stallRate,194.291000127792,0.787803703344581,TheEmptinessMachine,HTCP,Bola,HTTP/1.1
2025-05-02 14:44:44,stallRate,196.291000127792,0.779558247476665,TheEmptinessMachine,HTCP,Bola,HTTP/1.1
2025-05-02 14:44:46,stallRate,198.291000127792,0.771529697099067,TheEmptinessMachine,HTCP,Bola,HTTP/1.1
2025-05-02 14:44:48,stallRate,200.291000127792,0.763613297150493,TheEmptinessMachine,HTCP,Bola,HTTP/1.1
2025-05-02 14:44:49,stallRate,202.291000127792,0.75593632961527,TheEmptinessMachine,HTCP,Bola,HTTP/1.1
2025-05-02 14:44:51,stallRate,204.292000055313,0.748335123813463,TheEmptinessMachine,HTCP,Bola,HTTP/1.1
2025-05-02 14:44:53,stallRate,206.291000127792,0.740940076003897,TheEmptinessMachine,HTCP,Bola,HTTP/1.1
2025-05-02 14:45:32,stallRate,8.35999989509583,0.0,TheEmptinessMachine,HTCP,Bola,HTTP/2
2025-05-02 14:45:34,stallRate,10.3599998950958,0.0,TheEmptinessMachine,HTCP,Bola,HTTP/2
2025-05-02 14:45:36,stallRate,12.3599998950958,0.0,TheEmptinessMachine,HTCP,Bola,HTTP/2
2025-05-02 14:45:38,stallRate,14.3599998950958,0.0,TheEmptinessMachine,HTCP,Bola,HTTP/2
2025-05-02 14:45:40,stallRate,16.3599998950958,0.0,TheEmptinessMachine,HTCP,Bola,HTTP/2
2025-05-02 14:45:42,stallRate,18.3599998950958,0.0,TheEmptinessMachine,HTCP,Bola,HTTP/2
2025-05-02 14:45:44,stallRate,20.3599998950958,0.0,TheEmptinessMachine,HTCP,Bola,HTTP/2
2025-05-02 14:45:46,stallRate,22.3599998950958,0.0,TheEmptinessMachine,HTCP,Bola,HTTP/2
2025-05-02 14:45:48,stallRate,24.3599998950958,0.0,TheEmptinessMachine,HTCP,Bola,HTTP/2
2025-05-02 14:45:50,stallRate,26.3599998950958,0.0,TheEmptinessMachine,HTCP,Bola,HTTP/2
2025-05-02 14:45:52,stallRate,28.3599998950958,0.0,TheEmptinessMachine,HTCP,Bola,HTTP/2
2025-05-02 14:45:54,stallRate,30.3599998950958,0.0,TheEmptinessMachine,HTCP,Bola,HTTP/2
2025-05-02 14:45:56,stallRate,32.3599998950958,0.0,TheEmptinessMachine,HTCP,Bola,HTTP/2
2025-05-02 14:45:58,stallRate,34.3599998950958,0.0,TheEmptinessMachine,HTCP,Bola,HTTP/2
2025-05-02 14:46:00,stallRate,36.3599998950958,0.0,TheEmptinessMachine,HTCP,Bola,HTTP/2
2025-05-02 14:46:02,stallRate,38.3599998950958,0.0,TheEmptinessMachine,HTCP,Bola,HTTP/2
2025-05-02 14:46:04,stallRate,40.3599998950958,0.0,TheEmptinessMachine,HTCP,Bola,HTTP/2
2025-05-02 14:46:06,stallRate,42.3599998950958,0.0,TheEmptinessMachine,HTCP,Bola,HTTP/2
2025-05-02 14:46:08,stallRate,44.3599998950958,0.0,TheEmptinessMachine,HTCP,Bola,HTTP/2
2025-05-02 14:46:10,stallRate,46.3599998950958,0.0,TheEmptinessMachine,HTCP,Bola,HTTP/2
2025-05-02 14:46:12,stallRate,48.3599998950958,0.0,TheEmptinessMachine,HTCP,Bola,HTTP/2
2025-05-02 14:46:14,stallRate,50.3599998950958,0.0,TheEmptinessMachine,HTCP,Bola,HTTP/2
2025-05-02 14:46:16,stallRate,52.3599998950958,0.0,TheEmptinessMachine,HTCP,Bola,HTTP/2
2025-05-02 14:46:18,stallRate,54.3599998950958,0.0,TheEmptinessMachine,HTCP,Bola,HTTP/2
2025-05-02 14:46:20,stallRate,56.3599998950958,0.0,TheEmptinessMachine,HTCP,Bola,HTTP/2
2025-05-02 14:46:22,stallRate,58.3599998950958,0.0,TheEmptinessMachine,HTCP,Bola,HTTP/2
2025-05-02 14:46:24,stallRate,60.3599998950958,0.0,TheEmptinessMachine,HTCP,Bola,HTTP/2
2025-05-02 14:46:26,stallRate,62.3599998950958,0.0,TheEmptinessMachine,HTCP,Bola,HTTP/2
2025-05-02 14:46:28,stallRate,64.3599998950958,0.0,TheEmptinessMachine,HTCP,Bola,HTTP/2
2025-05-02 14:46:30,stallRate,66.3599998950958,0.0,TheEmptinessMachine,HTCP,Bola,HTTP/2
2025-05-02 14:46:32,stallRate,68.3599998950958,0.0,TheEmptinessMachine,HTCP,Bola,HTTP/2
2025-05-02 14:46:34,stallRate,70.3599998950958,0.0,TheEmptinessMachine,HTCP,Bola,HTTP/2
2025-05-02 14:46:36,stallRate,72.3599998950958,0.0,TheEmptinessMachine,HTCP,Bola,HTTP/2
2025-05-02 14:46:38,stallRate,74.3599998950958,0.0,TheEmptinessMachine,HTCP,Bola,HTTP/2
2025-05-02 14:46:40,stallRate,76.3599998950958,0.0,TheEmptinessMachine,HTCP,Bola,HTTP/2
2025-05-02 14:46:42,stallRate,78.3610000610352,0.0,TheEmptinessMachine,HTCP,Bola,HTTP/2
2025-05-02 14:46:44,stallRate,80.3599998950958,0.0,TheEmptinessMachine,HTCP,Bola,HTTP/2
2025-05-02 14:46:46,stallRate,82.3599998950958,0.0,TheEmptinessMachine,HTCP,Bola,HTTP/2
2025-05-02 14:46:48,stallRate,84.3599998950958,0.0,TheEmptinessMachine,HTCP,Bola,HTTP/2
2025-05-02 14:46:50,stallRate,86.3599998950958,0.0,TheEmptinessMachine,HTCP,Bola,HTTP/2
2025-05-02 14:46:52,stallRate,88.3599998950958,0.0,TheEmptinessMachine,HTCP,Bola,HTTP/2
2025-05-02 14:46:54,stallRate,90.3599998950958,0.0,TheEmptinessMachine,HTCP,Bola,HTTP/2
2025-05-02 14:46:56,stallRate,92.3599998950958,0.0,TheEmptinessMachine,HTCP,Bola,HTTP/2
2025-05-02 14:46:58,stallRate,94.3599998950958,0.0,TheEmptinessMachine,HTCP,Bola,HTTP/2
2025-05-02 14:47:00,stallRate,96.3599998950958,0.0,TheEmptinessMachine,HTCP,Bola,HTTP/2
2025-05-02 14:47:02,stallRate,98.3599998950958,0.0,TheEmptinessMachine,HTCP,Bola,HTTP/2
2025-05-02 14:47:04,stallRate,100.359999895096,0.0736010502005663,TheEmptinessMachine,HTCP,Bola,HTTP/2
2025-05-02 14:47:06,stallRate,102.359999895096,0.0720397763755426,TheEmptinessMachine,HTCP,Bola,HTTP/2
2025-05-02 14:47:08,stallRate,104.359999895096,0.0705520800559613,TheEmptinessMachine,HTCP,Bola,HTTP/2
2025-05-02 14:47:10,stallRate,106.359999895096,0.0691117442001931,TheEmptinessMachine,HTCP,Bola,HTTP/2
2025-05-02 14:47:12,stallRate,108.359999895096,0.0677335806764895,TheEmptinessMachine,HTCP,Bola,HTTP/2
2025-05-02 14:47:14,stallRate,110.359999895096,0.0664020891940878,TheEmptinessMachine,HTCP,Bola,HTTP/2
2025-05-02 14:47:18,stallRate,114.359999895096,0.882173086698969,TheEmptinessMachine,HTCP,Bola,HTTP/2
2025-05-02 14:47:20,stallRate,116.359999895096,0.865840464175663,TheEmptinessMachine,HTCP,Bola,HTTP/2
2025-05-02 14:47:22,stallRate,118.361000061035,0.850192684362353,TheEmptinessMachine,HTCP,Bola,HTTP/2
2025-05-02 14:47:24,stallRate,120.359999895096,0.835047046849345,TheEmptinessMachine,HTCP,Bola,HTTP/2
2025-05-02 14:47:26,stallRate,122.359999895096,0.820524354965343,TheEmptinessMachine,HTCP,Bola,HTTP/2
2025-05-02 14:47:28,stallRate,124.359999895096,0.806377429494841,TheEmptinessMachine,HTCP,Bola,HTTP/2
2025-05-02 14:47:30,stallRate,126.358999967575,0.79282582766141,TheEmptinessMachine,HTCP,Bola,HTTP/2
2025-05-02 14:47:32,stallRate,128.359999895096,0.779629770599883,TheEmptinessMachine,HTCP,Bola,HTTP/2
2025-05-02 14:47:34,stallRate,130.359999895096,0.766864722662446,TheEmptinessMachine,HTCP,Bola,HTTP/2
2025-05-02 14:47:36,stallRate,132.359999895096,0.754530909609655,TheEmptinessMachine,HTCP,Bola,HTTP/2
2025-05-02 14:47:38,stallRate,134.359999895096,0.742596964110852,TheEmptinessMachine,HTCP,Bola,HTTP/2
2025-05-02 14:47:40,stallRate,136.359999895096,0.731045129659246,TheEmptinessMachine,HTCP,Bola,HTTP/2
2025-05-02 14:47:42,stallRate,138.359999895096,0.719840418662079,TheEmptinessMachine,HTCP,Bola,HTTP/2
2025-05-02 14:47:44,stallRate,140.359999895096,0.708974823119099,TheEmptinessMachine,HTCP,Bola,HTTP/2
2025-05-02 14:47:46,stallRate,142.359999895096,0.698396832218748,TheEmptinessMachine,HTCP,Bola,HTTP/2
2025-05-02 14:47:48,stallRate,144.359999895096,0.688178233500247,TheEmptinessMachine,HTCP,Bola,HTTP/2
2025-05-02 14:47:50,stallRate,146.359999895096,0.678186902608884,TheEmptinessMachine,HTCP,Bola,HTTP/2
2025-05-02 14:47:52,stallRate,148.359999895096,0.668581413076448,TheEmptinessMachine,HTCP,Bola,HTTP/2
2025-05-02 14:47:54,stallRate,150.359999895096,0.975875348863364,TheEmptinessMachine,HTCP,Bola,HTTP/2
2025-05-02 14:47:56,stallRate,152.359999895096,0.962325980613565,TheEmptinessMachine,HTCP,Bola,HTTP/2
2025-05-02 14:47:58,stallRate,154.361000061035,1.13062483166052,TheEmptinessMachine,HTCP,Bola,HTTP/2
2025-05-02 14:48:00,stallRate,156.359999895096,1.11540411476431,TheEmptinessMachine,HTCP,Bola,HTTP/2
2025-05-02 14:48:02,stallRate,158.359999895096,1.10057716708492,TheEmptinessMachine,HTCP,Bola,HTTP/2
2025-05-02 14:48:04,stallRate,160.359999895096,1.08609846428912,TheEmptinessMachine,HTCP,Bola,HTTP/2
2025-05-02 14:48:06,stallRate,162.359999895096,1.0720607134724,TheEmptinessMachine,HTCP,Bola,HTTP/2
2025-05-02 14:48:08,stallRate,164.359999895096,1.05829981474754,TheEmptinessMachine,HTCP,Bola,HTTP/2
2025-05-02 14:48:10,stallRate,166.359999895096,1.04494586743218,TheEmptinessMachine,HTCP,Bola,HTTP/2
2025-05-02 14:48:12,stallRate,168.359999895096,1.03189520371903,TheEmptinessMachine,HTCP,Bola,HTTP/2
2025-05-02 14:48:14,stallRate,170.359999895096,1.01916582850102,TheEmptinessMachine,HTCP,Bola,HTTP/2
2025-05-02 14:48:16,stallRate,172.359999895096,1.00666344836415,TheEmptinessMachine,HTCP,Bola,HTTP/2
2025-05-02 14:48:18,stallRate,174.359999895096,0.994541953757769,TheEmptinessMachine,HTCP,Bola,HTTP/2
2025-05-02 14:48:20,stallRate,176.359999895096,0.982722425313336,TheEmptinessMachine,HTCP,Bola,HTTP/2
2025-05-02 14:48:22,stallRate,178.359999895096,0.97120967585139,TheEmptinessMachine,HTCP,Bola,HTTP/2
2025-05-02 14:48:24,stallRate,180.359999895096,0.95988619467578,TheEmptinessMachine,HTCP,Bola,HTTP/2
2025-05-02 14:48:26,stallRate,182.359999895096,0.948909606016753,TheEmptinessMachine,HTCP,Bola,HTTP/2
2025-05-02 14:48:28,stallRate,184.359999895096,0.93814553444836,TheEmptinessMachine,HTCP,Bola,HTTP/2
2025-05-02 14:48:30,stallRate,186.359999895096,0.927660537330731,TheEmptinessMachine,HTCP,Bola,HTTP/2
2025-05-02 14:48:32,stallRate,188.359999895096,0.917411846433612,TheEmptinessMachine,HTCP,Bola,HTTP/2
2025-05-02 14:48:34,stallRate,190.359999895096,0.907297688345819,TheEmptinessMachine,HTCP,Bola,HTTP/2
2025-05-02 14:48:38,stallRate,194.359999895096,2.30611800793165,TheEmptinessMachine,HTCP,Bola,HTTP/2
2025-05-02 14:48:40,stallRate,196.359999895096,2.28166306420157,TheEmptinessMachine,HTCP,Bola,HTTP/2
2025-05-02 14:48:42,stallRate,198.359999895096,2.25760112580007,TheEmptinessMachine,HTCP,Bola,HTTP/2
2025-05-02 14:48:44,stallRate,200.359999895096,2.23418420477678,TheEmptinessMachine,HTCP,Bola,HTTP/2
2025-05-02 14:48:46,stallRate,202.359999895096,2.21119262904961,TheEmptinessMachine,HTCP,Bola,HTTP/2
2025-05-02 14:48:48,stallRate,204.359999895096,2.18862381053284,TheEmptinessMachine,HTCP,Bola,HTTP/2
2025-05-02 14:48:50,stallRate,206.359999895096,2.16654094955067,TheEmptinessMachine,HTCP,Bola,HTTP/2
2025-05-02 14:48:52,stallRate,208.359999895096,2.14485576763291,TheEmptinessMachine,HTCP,Bola,HTTP/2
2025-05-02 14:48:54,stallRate,210.359999895096,2.12370946594829,TheEmptinessMachine,HTCP,Bola,HTTP/2
2025-05-02 14:49:29,stallRate,4.10500001907349,0.0,TheEmptinessMachine,HTCP,Bola,HTTP/3
2025-05-02 14:49:35,stallRate,10.1060001850128,37.2955034137074,TheEmptinessMachine,HTCP,Bola,HTTP/3
2025-05-02 14:49:39,stallRate,14.1060001850128,30.6674743632578,TheEmptinessMachine,HTCP,Bola,HTTP/3
2025-05-02 14:49:43,stallRate,18.1060001850128,22.2773925245599,TheEmptinessMachine,HTCP,Bola,HTTP/3
2025-05-02 14:49:45,stallRate,20.1050000190735,19.6005112628909,TheEmptinessMachine,HTCP,Bola,HTTP/3
2025-05-02 14:49:47,stallRate,22.1060001850128,17.4902021332935,TheEmptinessMachine,HTCP,Bola,HTTP/3
2025-05-02 14:49:49,stallRate,24.1050000190735,15.7905190846435,TheEmptinessMachine,HTCP,Bola,HTTP/3
2025-05-02 14:49:53,stallRate,28.1060001850128,25.0691293979414,TheEmptinessMachine,HTCP,Bola,HTTP/3
2025-05-02 14:49:55,stallRate,30.1060001850128,24.0685156526801,TheEmptinessMachine,HTCP,Bola,HTTP/3
2025-05-02 14:49:57,stallRate,32.1060001850128,22.378196014543,TheEmptinessMachine,HTCP,Bola,HTTP/3
2025-05-02 14:49:59,stallRate,34.1060001850128,20.9216897262668,TheEmptinessMachine,HTCP,Bola,HTTP/3
2025-05-02 14:50:05,stallRate,40.1060001850128,17.5413986826674,TheEmptinessMachine,HTCP,Bola,HTTP/3
2025-05-02 14:50:07,stallRate,42.1060001850128,16.6343101871175,TheEmptinessMachine,HTCP,Bola,HTTP/3
2025-05-02 14:50:09,stallRate,44.1050000190735,15.8169053392989,TheEmptinessMachine,HTCP,Bola,HTTP/3
2025-05-02 14:50:11,stallRate,46.1050000190735,15.0763737256541,TheEmptinessMachine,HTCP,Bola,HTTP/3
2025-05-02 14:50:13,stallRate,48.1050000190735,14.401679615578,TheEmptinessMachine,HTCP,Bola,HTTP/3
2025-05-02 14:50:15,stallRate,50.1060001850128,13.7813245344812,TheEmptinessMachine,HTCP,Bola,HTTP/3
2025-05-02 14:50:17,stallRate,52.1050000190735,13.2178014910338,TheEmptinessMachine,HTCP,Bola,HTTP/3
2025-05-02 14:50:19,stallRate,54.1060001850128,12.693970263707,TheEmptinessMachine,HTCP,Bola,HTTP/3
2025-05-02 14:50:21,stallRate,56.1060001850128,12.2131721953015,TheEmptinessMachine,HTCP,Bola,HTTP/3
2025-05-02 14:50:23,stallRate,58.1060001850128,11.7658749273267,TheEmptinessMachine,HTCP,Bola,HTTP/3
2025-05-02 14:50:25,stallRate,60.1060001850128,11.3494614686698,TheEmptinessMachine,HTCP,Bola,HTTP/3
2025-05-02 14:50:27,stallRate,62.1050000190735,10.9641009641473,TheEmptinessMachine,HTCP,Bola,HTTP/3
2025-05-02 14:50:31,stallRate,66.1050000190735,14.3409757248732,TheEmptinessMachine,HTCP,Bola,HTTP/3
2025-05-02 14:50:33,stallRate,68.1060001850128,14.4971621960041,TheEmptinessMachine,HTCP,Bola,HTTP/3
2025-05-02 14:50:35,stallRate,70.1050000190735,14.4768807433013,TheEmptinessMachine,HTCP,Bola,HTTP/3
2025-05-02 14:50:37,stallRate,72.1050000190735,14.0541849064731,TheEmptinessMachine,HTCP,Bola,HTTP/3
2025-05-02 14:50:39,stallRate,74.1050000190735,13.6561087039614,TheEmptinessMachine,HTCP,Bola,HTTP/3
2025-05-02 14:50:43,stallRate,78.1060001850128,15.0033384380696,TheEmptinessMachine,HTCP,Bola,HTTP/3
2025-05-02 14:50:47,stallRate,82.1060001850128,15.4655844879462,TheEmptinessMachine,HTCP,Bola,HTTP/3
2025-05-02 14:50:49,stallRate,84.1050000190735,15.0780621379503,TheEmptinessMachine,HTCP,Bola,HTTP/3
2025-05-02 14:50:51,stallRate,86.1060001850128,14.7092749233561,TheEmptinessMachine,HTCP,Bola,HTTP/3
2025-05-02 14:50:53,stallRate,88.1050000190735,14.3600818990263,TheEmptinessMachine,HTCP,Bola,HTTP/3
2025-05-02 14:50:55,stallRate,90.1050000190735,14.0252946128559,TheEmptinessMachine,HTCP,Bola,HTTP/3
2025-05-02 14:50:57,stallRate,92.1060001850128,13.7058465617095,TheEmptinessMachine,HTCP,Bola,HTTP/3
2025-05-02 14:50:59,stallRate,94.1050000190735,13.4010625420027,TheEmptinessMachine,HTCP,Bola,HTTP/3
2025-05-02 14:51:01,stallRate,96.1050000190735,13.1096455015546,TheEmptinessMachine,HTCP,Bola,HTTP/3
2025-05-02 14:51:03,stallRate,98.1050000190735,12.8290647739898,TheEmptinessMachine,HTCP,Bola,HTTP/3
2025-05-02 14:51:05,stallRate,100.106000185013,12.5626344116,TheEmptinessMachine,HTCP,Bola,HTTP/3
2025-05-02 14:51:07,stallRate,102.105000019073,12.3052500249515,TheEmptinessMachine,HTCP,Bola,HTTP/3
2025-05-02 14:51:09,stallRate,104.105000019073,12.0581734244008,TheEmptinessMachine,HTCP,Bola,HTTP/3
2025-05-02 14:51:11,stallRate,106.106000185013,11.8221515286165,TheEmptinessMachine,HTCP,Bola,HTTP/3
2025-05-02 14:51:13,stallRate,108.106000185013,11.5941641448287,TheEmptinessMachine,HTCP,Bola,HTTP/3
2025-05-02 14:51:15,stallRate,110.105000019073,11.3751212186987,TheEmptinessMachine,HTCP,Bola,HTTP/3
2025-05-02 14:51:17,stallRate,112.106000185013,11.1644843879455,TheEmptinessMachine,HTCP,Bola,HTTP/3
2025-05-02 14:51:19,stallRate,114.106000185013,10.9614431756672,TheEmptinessMachine,HTCP,Bola,HTTP/3
2025-05-02 14:51:21,stallRate,116.105000019073,10.7645142454171,TheEmptinessMachine,HTCP,Bola,HTTP/3
2025-05-02 14:51:23,stallRate,118.105000019073,10.5747971546746,TheEmptinessMachine,HTCP,Bola,HTTP/3
2025-05-02 14:51:27,stallRate,122.106000185013,10.2159519704564,TheEmptinessMachine,HTCP,Bola,HTTP/3
2025-05-02 14:51:29,stallRate,124.106000185013,10.0449190224147,TheEmptinessMachine,HTCP,Bola,HTTP/3
2025-05-02 14:51:31,stallRate,126.105000019073,9.88054747359,TheEmptinessMachine,HTCP,Bola,HTTP/3
2025-05-02 14:51:33,stallRate,128.105000019073,9.72055977129224,TheEmptinessMachine,HTCP,Bola,HTTP/3
2025-05-02 14:51:35,stallRate,130.105000019073,9.56588428441534,TheEmptinessMachine,HTCP,Bola,HTTP/3
2025-05-02 14:51:37,stallRate,132.105000019073,9.41537665152238,TheEmptinessMachine,HTCP,Bola,HTTP/3
2025-05-02 14:51:39,stallRate,134.105000019073,9.27075073540948,TheEmptinessMachine,HTCP,Bola,HTTP/3
2025-05-02 14:51:41,stallRate,136.106000185013,9.13014716480196,TheEmptinessMachine,HTCP,Bola,HTTP/3
2025-05-02 14:51:43,stallRate,138.105000019073,8.99341098348689,TheEmptinessMachine,HTCP,Bola,HTTP/3
2025-05-02 14:51:45,stallRate,140.105000019073,8.86171969260525,TheEmptinessMachine,HTCP,Bola,HTTP/3
2025-05-02 14:51:47,stallRate,142.105000019073,8.73336490197149,TheEmptinessMachine,HTCP,Bola,HTTP/3
2025-05-02 14:51:49,stallRate,144.105000019073,8.62072824192619,TheEmptinessMachine,HTCP,Bola,HTTP/3
2025-05-02 14:51:51,stallRate,146.105000019073,8.4990053584239,TheEmptinessMachine,HTCP,Bola,HTTP/3
2025-05-02 14:51:53,stallRate,148.106000185013,8.38104202755805,TheEmptinessMachine,HTCP,Bola,HTTP/3
2025-05-02 14:51:55,stallRate,150.106000185013,8.26562126760153,TheEmptinessMachine,HTCP,Bola,HTTP/3
2025-05-02 14:51:57,stallRate,152.106000185013,8.15418053342213,TheEmptinessMachine,HTCP,Bola,HTTP/3
2025-05-02 14:51:59,stallRate,154.106000185013,8.04530921110363,TheEmptinessMachine,HTCP,Bola,HTTP/3
2025-05-02 14:52:01,stallRate,156.105000019073,7.93914749093822,TheEmptinessMachine,HTCP,Bola,HTTP/3
2025-05-02 14:52:03,stallRate,158.105000019073,7.83649721744018,TheEmptinessMachine,HTCP,Bola,HTTP/3
2025-05-02 14:52:05,stallRate,160.105000019073,7.73568313131478,TheEmptinessMachine,HTCP,Bola,HTTP/3
2025-05-02 14:52:07,stallRate,162.105000019073,7.63816296190728,TheEmptinessMachine,HTCP,Bola,HTTP/3
2025-05-02 14:52:09,stallRate,164.106000185013,7.54249465631493,TheEmptinessMachine,HTCP,Bola,HTTP/3
2025-05-02 14:52:11,stallRate,166.105000019073,7.44918027079086,TheEmptinessMachine,HTCP,Bola,HTTP/3
2025-05-02 14:52:13,stallRate,168.106000185013,7.35776939975749,TheEmptinessMachine,HTCP,Bola,HTTP/3
2025-05-02 14:52:17,stallRate,172.106000185013,7.18244662518884,TheEmptinessMachine,HTCP,Bola,HTTP/3
2025-05-02 14:52:19,stallRate,174.105000019073,7.09782538015547,TheEmptinessMachine,HTCP,Bola,HTTP/3
2025-05-02 14:52:21,stallRate,176.106000185013,7.01566934923974,TheEmptinessMachine,HTCP,Bola,HTTP/3
2025-05-02 14:52:23,stallRate,178.106000185013,6.93480334921798,TheEmptinessMachine,HTCP,Bola,HTTP/3
2025-05-02 14:52:25,stallRate,180.105000019073,6.85597145933246,TheEmptinessMachine,HTCP,Bola,HTTP/3
2025-05-02 14:52:27,stallRate,182.105000019073,6.77893661880556,TheEmptinessMachine,HTCP,Bola,HTTP/3
2025-05-02 14:52:29,stallRate,184.105000019073,6.70366872586124,TheEmptinessMachine,HTCP,Bola,HTTP/3
2025-05-02 14:52:31,stallRate,186.106000185013,6.63004301180135,TheEmptinessMachine,HTCP,Bola,HTTP/3
2025-05-02 14:52:33,stallRate,188.105000019073,6.55805045325854,TheEmptinessMachine,HTCP,Bola,HTTP/3
2025-05-02 14:52:35,stallRate,190.105000019073,6.48762389540829,TheEmptinessMachine,HTCP,Bola,HTTP/3
2025-05-02 14:52:37,stallRate,192.106000185013,6.41860967635152,TheEmptinessMachine,HTCP,Bola,HTTP/3
2025-05-02 14:52:39,stallRate,194.106000185013,6.35069886962741,TheEmptinessMachine,HTCP,Bola,HTTP/3
2025-05-02 14:52:41,stallRate,196.106000185013,6.28486850294465,TheEmptinessMachine,HTCP,Bola,HTTP/3
2025-05-02 14:52:43,stallRate,198.105000019073,6.21982925710193,TheEmptinessMachine,HTCP,Bola,HTTP/3
2025-05-02 14:52:45,stallRate,200.105000019073,6.15614037605741,TheEmptinessMachine,HTCP,Bola,HTTP/3
2025-05-02 14:52:47,stallRate,202.106000185013,6.09410369921996,TheEmptinessMachine,HTCP,Bola,HTTP/3
2025-05-02 14:52:49,stallRate,204.105000019073,6.03306173450829,TheEmptinessMachine,HTCP,Bola,HTTP/3
2025-05-02 14:52:51,stallRate,206.106000185013,5.97359666121032,TheEmptinessMachine,HTCP,Bola,HTTP/3
2025-05-02 14:52:53,stallRate,208.105000019073,5.91502547860947,TheEmptinessMachine,HTCP,Bola,HTTP/3
2025-05-02 14:53:32,stallRate,4.29399991035461,0.0,TheEmptinessMachine,HTCP,Festive,HTTP/1.1
2025-05-02 14:53:36,stallRate,8.29399991035461,0.0,TheEmptinessMachine,HTCP,Festive,HTTP/1.1
2025-05-02 14:53:42,stallRate,14.2939999103546,16.8682300977476,TheEmptinessMachine,HTCP,Festive,HTTP/1.1
2025-05-02 14:53:44,stallRate,16.2939999103546,14.3656497889936,TheEmptinessMachine,HTCP,Festive,HTTP/1.1
2025-05-02 14:53:46,stallRate,18.2939999103546,12.5140652638696,TheEmptinessMachine,HTCP,Festive,HTTP/1.1
2025-05-02 14:53:48,stallRate,20.2939999103546,11.0767420782711,TheEmptinessMachine,HTCP,Festive,HTTP/1.1
2025-05-02 14:53:50,stallRate,22.2939999103546,10.1984521569557,TheEmptinessMachine,HTCP,Festive,HTTP/1.1
2025-05-02 14:53:52,stallRate,24.2939999103546,9.24650511279822,TheEmptinessMachine,HTCP,Festive,HTTP/1.1
2025-05-02 14:53:54,stallRate,26.2939999103546,8.45765589928632,TheEmptinessMachine,HTCP,Festive,HTTP/1.1
2025-05-02 14:53:56,stallRate,28.2939999103546,7.79150037232766,TheEmptinessMachine,HTCP,Festive,HTTP/1.1
2025-05-02 14:53:58,stallRate,30.2939999103546,7.22523958998315,TheEmptinessMachine,HTCP,Festive,HTTP/1.1
2025-05-02 14:54:04,stallRate,36.2939999103546,12.9215284809456,TheEmptinessMachine,HTCP,Festive,HTTP/1.1
2025-05-02 14:54:06,stallRate,38.2939999103546,13.0836039781251,TheEmptinessMachine,HTCP,Festive,HTTP/1.1
2025-05-02 14:54:08,stallRate,40.2939999103546,12.3854881092737,TheEmptinessMachine,HTCP,Festive,HTTP/1.1
2025-05-02 14:54:10,stallRate,42.2939999103546,12.8607989621395,TheEmptinessMachine,HTCP,Festive,HTTP/1.1
2025-05-02 14:54:12,stallRate,44.2939999103546,12.2414352756769,TheEmptinessMachine,HTCP,Festive,HTTP/1.1
2025-05-02 14:54:14,stallRate,46.2939999103546,11.677098833928,TheEmptinessMachine,HTCP,Festive,HTTP/1.1
2025-05-02 14:54:16,stallRate,48.2939999103546,11.1648543192397,TheEmptinessMachine,HTCP,Festive,HTTP/1.1
2025-05-02 14:54:18,stallRate,50.2939999103546,10.6928644349085,TheEmptinessMachine,HTCP,Festive,HTTP/1.1
2025-05-02 14:54:20,stallRate,52.2939999103546,10.2618714953643,TheEmptinessMachine,HTCP,Festive,HTTP/1.1
2025-05-02 14:54:22,stallRate,54.2939999103546,9.86249175435655,TheEmptinessMachine,HTCP,Festive,HTTP/1.1
2025-05-02 14:54:24,stallRate,56.2939999103546,9.49337663211727,TheEmptinessMachine,HTCP,Festive,HTTP/1.1
2025-05-02 14:54:26,stallRate,58.2939999103546,9.15266764600809,TheEmptinessMachine,HTCP,Festive,HTTP/1.1
2025-05-02 14:54:28,stallRate,60.2939999103546,8.83390194749533,TheEmptinessMachine,HTCP,Festive,HTTP/1.1
2025-05-02 14:54:30,stallRate,62.2939999103546,8.53661044363383,TheEmptinessMachine,HTCP,Festive,HTTP/1.1
2025-05-02 14:54:36,stallRate,68.2939999103546,13.4297855921275,TheEmptinessMachine,HTCP,Festive,HTTP/1.1
2025-05-02 14:54:38,stallRate,70.2939999103546,13.5036931964665,TheEmptinessMachine,HTCP,Festive,HTTP/1.1
2025-05-02 14:54:40,stallRate,72.2939999103546,13.1164568255781,TheEmptinessMachine,HTCP,Festive,HTTP/1.1
2025-05-02 14:54:42,stallRate,74.2939999103546,12.7507980201617,TheEmptinessMachine,HTCP,Festive,HTTP/1.1
2025-05-02 14:54:44,stallRate,76.2939999103546,12.4015103642948,TheEmptinessMachine,HTCP,Festive,HTTP/1.1
2025-05-02 14:54:46,stallRate,78.2939999103546,12.0744126383687,TheEmptinessMachine,HTCP,Festive,HTTP/1.1
2025-05-02 14:54:48,stallRate,80.2939999103546,12.6519673918363,TheEmptinessMachine,HTCP,Festive,HTTP/1.1
2025-05-02 14:54:50,stallRate,82.2939999103546,12.3330702074311,TheEmptinessMachine,HTCP,Festive,HTTP/1.1
2025-05-02 14:54:52,stallRate,84.2939999103546,12.0302079501382,TheEmptinessMachine,HTCP,Festive,HTTP/1.1
2025-05-02 14:54:54,stallRate,86.2939999103546,11.7422389504047,TheEmptinessMachine,HTCP,Festive,HTTP/1.1
2025-05-02 14:54:56,stallRate,88.2939999103546,11.9423805141287,TheEmptinessMachine,HTCP,Festive,HTTP/1.1
2025-05-02 14:54:58,stallRate,90.2939999103546,11.6686713110176,TheEmptinessMachine,HTCP,Festive,HTTP/1.1
2025-05-02 14:55:00,stallRate,92.2939999103546,11.5813381993896,TheEmptinessMachine,HTCP,Festive,HTTP/1.1
2025-05-02 14:55:02,stallRate,94.2939999103546,11.327522380177,TheEmptinessMachine,HTCP,Festive,HTTP/1.1
2025-05-02 14:55:04,stallRate,96.2939999103546,11.0851314601602,TheEmptinessMachine,HTCP,Festive,HTTP/1.1
2025-05-02 14:55:08,stallRate,100.293999910355,10.6307461260712,TheEmptinessMachine,HTCP,Festive,HTTP/1.1
2025-05-02 14:55:10,stallRate,102.293999910355,10.4171938632755,TheEmptinessMachine,HTCP,Festive,HTTP/1.1
2025-05-02 14:55:12,stallRate,104.293999910355,10.2122701566172,TheEmptinessMachine,HTCP,Festive,HTTP/1.1
2025-05-02 14:55:14,stallRate,106.293999910355,10.0151333959264,TheEmptinessMachine,HTCP,Festive,HTTP/1.1
2025-05-02 14:55:16,stallRate,108.293999910355,9.82539159926922,TheEmptinessMachine,HTCP,Festive,HTTP/1.1
2025-05-02 14:55:18,stallRate,110.293999910355,9.64273612868176,TheEmptinessMachine,HTCP,Festive,HTTP/1.1
2025-05-02 14:55:20,stallRate,112.293999910355,9.46682336813448,TheEmptinessMachine,HTCP,Festive,HTTP/1.1
2025-05-02 14:55:22,stallRate,114.293999910355,9.29706752416341,TheEmptinessMachine,HTCP,Festive,HTTP/1.1
2025-05-02 14:55:24,stallRate,116.293999910355,9.1324223705617,TheEmptinessMachine,HTCP,Festive,HTTP/1.1
2025-05-02 14:55:26,stallRate,118.293999910355,8.97502144647674,TheEmptinessMachine,HTCP,Festive,HTTP/1.1
2025-05-02 14:55:28,stallRate,120.293999910355,8.82169951285993,TheEmptinessMachine,HTCP,Festive,HTTP/1.1
2025-05-02 14:55:30,stallRate,122.293999910355,8.67363564089042,TheEmptinessMachine,HTCP,Festive,HTTP/1.1
2025-05-02 14:55:32,stallRate,124.293999910355,8.53127014723278,TheEmptinessMachine,HTCP,Festive,HTTP/1.1
2025-05-02 14:55:34,stallRate,126.293999910355,8.39293628029557,TheEmptinessMachine,HTCP,Festive,HTTP/1.1
2025-05-02 14:55:36,stallRate,128.293999910355,8.25988229229811,TheEmptinessMachine,HTCP,Festive,HTTP/1.1
2025-05-02 14:55:38,stallRate,130.293999910355,8.12989277426335,TheEmptinessMachine,HTCP,Festive,HTTP/1.1
2025-05-02 14:55:40,stallRate,132.293999910355,8.00427183998191,TheEmptinessMachine,HTCP,Festive,HTTP/1.1
2025-05-02 14:55:42,stallRate,134.293999910355,7.88262243977984,TheEmptinessMachine,HTCP,Festive,HTTP/1.1
2025-05-02 14:55:44,stallRate,136.293999910355,7.76404336806737,TheEmptinessMachine,HTCP,Festive,HTTP/1.1
2025-05-02 14:55:46,stallRate,138.293999910355,7.64967259049167,TheEmptinessMachine,HTCP,Festive,HTTP/1.1
2025-05-02 14:55:48,stallRate,140.293999910355,7.53868342348366,TheEmptinessMachine,HTCP,Festive,HTTP/1.1
2025-05-02 14:55:50,stallRate,142.293999910355,7.42996397124898,TheEmptinessMachine,HTCP,Festive,HTTP/1.1
2025-05-02 14:55:54,stallRate,146.293999910355,7.53687034927797,TheEmptinessMachine,HTCP,Festive,HTTP/1.1
2025-05-02 14:55:58,stallRate,150.293999910355,8.22981660806474,TheEmptinessMachine,HTCP,Festive,HTTP/1.1
2025-05-02 14:56:00,stallRate,152.293999910355,8.86081044699411,TheEmptinessMachine,HTCP,Festive,HTTP/1.1
2025-05-02 14:56:02,stallRate,154.295000076294,9.03771616108729,TheEmptinessMachine,HTCP,Festive,HTTP/1.1
2025-05-02 14:56:04,stallRate,156.293999910355,8.91991462339846,TheEmptinessMachine,HTCP,Festive,HTTP/1.1
2025-05-02 14:56:06,stallRate,158.293999910355,9.29905239171395,TheEmptinessMachine,HTCP,Festive,HTTP/1.1
2025-05-02 14:56:08,stallRate,160.293999910355,9.1804852098436,TheEmptinessMachine,HTCP,Festive,HTTP/1.1
2025-05-02 14:56:10,stallRate,162.293999910355,9.06567838407091,TheEmptinessMachine,HTCP,Festive,HTTP/1.1
2025-05-02 14:56:14,stallRate,166.293999910355,8.84314944650649,TheEmptinessMachine,HTCP,Festive,HTTP/1.1
2025-05-02 14:56:16,stallRate,168.293999910355,8.73561423270855,TheEmptinessMachine,HTCP,Festive,HTTP/1.1
2025-05-02 14:56:18,stallRate,170.293999910355,8.63089986142961,TheEmptinessMachine,HTCP,Festive,HTTP/1.1
2025-05-02 14:56:20,stallRate,172.293999910355,8.52944022721491,TheEmptinessMachine,HTCP,Festive,HTTP/1.1
2025-05-02 14:56:22,stallRate,174.293999910355,8.42984233545938,TheEmptinessMachine,HTCP,Festive,HTTP/1.1
2025-05-02 14:56:24,stallRate,176.293999910355,8.33318293177457,TheEmptinessMachine,HTCP,Festive,HTTP/1.1
2025-05-02 14:56:26,stallRate,178.293999910355,8.23801686474712,TheEmptinessMachine,HTCP,Festive,HTTP/1.1
2025-05-02 14:56:28,stallRate,180.293999910355,8.14467444614206,TheEmptinessMachine,HTCP,Festive,HTTP/1.1
2025-05-02 14:56:30,stallRate,182.293999910355,8.05406020927158,TheEmptinessMachine,HTCP,Festive,HTTP/1.1
2025-05-02 14:56:32,stallRate,184.293999910355,7.96522429410697,TheEmptinessMachine,HTCP,Festive,HTTP/1.1
2025-05-02 14:56:34,stallRate,186.293999910355,7.87823664321104,TheEmptinessMachine,HTCP,Festive,HTTP/1.1
2025-05-02 14:56:36,stallRate,188.293999910355,7.79369939771154,TheEmptinessMachine,HTCP,Festive,HTTP/1.1
2025-05-02 14:56:38,stallRate,190.293999910355,7.71076080943486,TheEmptinessMachine,HTCP,Festive,HTTP/1.1
2025-05-02 14:56:40,stallRate,192.293999910355,7.62969463666237,TheEmptinessMachine,HTCP,Festive,HTTP/1.1
2025-05-02 14:56:42,stallRate,194.293999910355,7.54976619815483,TheEmptinessMachine,HTCP,Festive,HTTP/1.1
2025-05-02 14:56:44,stallRate,196.293999910355,7.47148922094285,TheEmptinessMachine,HTCP,Festive,HTTP/1.1
2025-05-02 14:56:46,stallRate,198.293999910355,7.39499679207392,TheEmptinessMachine,HTCP,Festive,HTTP/1.1
2025-05-02 14:56:48,stallRate,200.293999910355,7.32012755545583,TheEmptinessMachine,HTCP,Festive,HTTP/1.1
2025-05-02 14:56:50,stallRate,202.293999910355,7.24648604471216,TheEmptinessMachine,HTCP,Festive,HTTP/1.1
2025-05-02 14:56:52,stallRate,204.293999910355,7.17472871296316,TheEmptinessMachine,HTCP,Festive,HTTP/1.1
2025-05-02 14:56:54,stallRate,206.293999910355,7.10438059499398,TheEmptinessMachine,HTCP,Festive,HTTP/1.1
2025-05-02 14:57:32,stallRate,6.29800009727478,0.0,TheEmptinessMachine,HTCP,Festive,HTTP/2
2025-05-02 14:57:40,stallRate,14.2980000972748,17.65990119601,TheEmptinessMachine,HTCP,Festive,HTTP/2
2025-05-02 14:57:42,stallRate,16.2990000247955,14.1004270815922,TheEmptinessMachine,HTCP,Festive,HTTP/2
2025-05-02 14:57:44,stallRate,18.2980000972748,11.7338965980951,TheEmptinessMachine,HTCP,Festive,HTTP/2
2025-05-02 14:57:46,stallRate,20.2990000247955,10.0469446281983,TheEmptinessMachine,HTCP,Festive,HTTP/2
2025-05-02 14:57:48,stallRate,22.2990000247955,8.77878742050109,TheEmptinessMachine,HTCP,Festive,HTTP/2
2025-05-02 14:57:50,stallRate,24.2990000247955,7.79483031959343,TheEmptinessMachine,HTCP,Festive,HTTP/2
2025-05-02 14:57:52,stallRate,26.2990000247955,7.01508390643349,TheEmptinessMachine,HTCP,Festive,HTTP/2
2025-05-02 14:57:54,stallRate,28.2980000972748,6.37320518350152,TheEmptinessMachine,HTCP,Festive,HTTP/2
2025-05-02 14:57:56,stallRate,30.2980000972748,5.83978171824439,TheEmptinessMachine,HTCP,Festive,HTTP/2
2025-05-02 14:57:58,stallRate,32.2980000972748,8.41088665385336,TheEmptinessMachine,HTCP,Festive,HTTP/2
2025-05-02 14:58:00,stallRate,34.2980000972748,7.80907758365777,TheEmptinessMachine,HTCP,Festive,HTTP/2
2025-05-02 14:58:04,stallRate,38.2980000972748,15.6819419788005,TheEmptinessMachine,HTCP,Festive,HTTP/2
2025-05-02 14:58:06,stallRate,40.2990000247955,14.759807913282,TheEmptinessMachine,HTCP,Festive,HTTP/2
2025-05-02 14:58:08,stallRate,42.2980000972748,13.9369712188057,TheEmptinessMachine,HTCP,Festive,HTTP/2
2025-05-02 14:58:10,stallRate,44.2990000247955,13.2057767550771,TheEmptinessMachine,HTCP,Festive,HTTP/2
2025-05-02 14:58:12,stallRate,46.2980000972748,12.5423187601668,TheEmptinessMachine,HTCP,Festive,HTTP/2
2025-05-02 14:58:14,stallRate,48.2980000972748,11.9437122646782,TheEmptinessMachine,HTCP,Festive,HTTP/2
2025-05-02 14:58:16,stallRate,50.2990000247955,11.399553167819,TheEmptinessMachine,HTCP,Festive,HTTP/2
2025-05-02 14:58:18,stallRate,52.2980000972748,10.9039292443955,TheEmptinessMachine,HTCP,Festive,HTTP/2
2025-05-02 14:58:20,stallRate,54.2990000247955,10.4464559473531,TheEmptinessMachine,HTCP,Festive,HTTP/2
2025-05-02 14:58:22,stallRate,56.2980000972748,10.0266969526125,TheEmptinessMachine,HTCP,Festive,HTTP/2
2025-05-02 14:58:24,stallRate,58.2980000972748,9.64164992312855,TheEmptinessMachine,HTCP,Festive,HTTP/2
2025-05-02 14:58:26,stallRate,60.2990000247955,9.28351104575405,TheEmptinessMachine,HTCP,Festive,HTTP/2
2025-05-02 14:58:28,stallRate,62.2980000972748,8.95120574231636,TheEmptinessMachine,HTCP,Festive,HTTP/2
2025-05-02 14:58:30,stallRate,64.2980000972748,8.64416406238653,TheEmptinessMachine,HTCP,Festive,HTTP/2
2025-05-02 14:58:32,stallRate,66.2990000247955,8.35542473703419,TheEmptinessMachine,HTCP,Festive,HTTP/2
2025-05-02 14:58:34,stallRate,68.2980000972748,8.08543325383726,TheEmptinessMachine,HTCP,Festive,HTTP/2
2025-05-02 14:58:38,stallRate,72.2980000972748,11.3783361140119,TheEmptinessMachine,HTCP,Festive,HTTP/2
2025-05-02 14:58:40,stallRate,74.2980000972748,11.0435860542532,TheEmptinessMachine,HTCP,Festive,HTTP/2
2025-05-02 14:58:42,stallRate,76.2980000972748,10.7252005635284,TheEmptinessMachine,HTCP,Festive,HTTP/2
2025-05-02 14:58:44,stallRate,78.2980000972748,10.4278389735202,TheEmptinessMachine,HTCP,Festive,HTTP/2
2025-05-02 14:58:46,stallRate,80.2980000972748,10.1452500589181,TheEmptinessMachine,HTCP,Festive,HTTP/2
2025-05-02 14:58:48,stallRate,82.2980000972748,9.87908796196681,TheEmptinessMachine,HTCP,Festive,HTTP/2
2025-05-02 14:58:50,stallRate,84.2990000247955,9.62503159329176,TheEmptinessMachine,HTCP,Festive,HTTP/2
2025-05-02 14:58:52,stallRate,86.2990000247955,9.3839121124352,TheEmptinessMachine,HTCP,Festive,HTTP/2
2025-05-02 14:58:54,stallRate,88.2980000972748,9.15491843944196,TheEmptinessMachine,HTCP,Festive,HTTP/2
2025-05-02 14:58:56,stallRate,90.2980000972748,8.93689559342462,TheEmptinessMachine,HTCP,Festive,HTTP/2
2025-05-02 14:58:58,stallRate,92.2980000972748,8.72891429686351,TheEmptinessMachine,HTCP,Festive,HTTP/2
2025-05-02 14:59:00,stallRate,94.2980000972748,8.53066164084513,TheEmptinessMachine,HTCP,Festive,HTTP/2
2025-05-02 14:59:02,stallRate,96.2980000972748,9.73126205235251,TheEmptinessMachine,HTCP,Festive,HTTP/2
2025-05-02 14:59:06,stallRate,100.298000097275,11.6217129636939,TheEmptinessMachine,HTCP,Festive,HTTP/2
2025-05-02 14:59:08,stallRate,102.299000024796,12.4315561737267,TheEmptinessMachine,HTCP,Festive,HTTP/2
2025-05-02 14:59:10,stallRate,104.298000097275,12.1788204408056,TheEmptinessMachine,HTCP,Festive,HTTP/2
2025-05-02 14:59:12,stallRate,106.298000097275,11.9342439222452,TheEmptinessMachine,HTCP,Festive,HTTP/2
2025-05-02 14:59:14,stallRate,108.299000024796,12.1446630417967,TheEmptinessMachine,HTCP,Festive,HTTP/2
2025-05-02 14:59:16,stallRate,110.30999994278,11.9105813650849,TheEmptinessMachine,HTCP,Festive,HTTP/2
2025-05-02 14:59:18,stallRate,112.298000097275,11.6908640601961,TheEmptinessMachine,HTCP,Festive,HTTP/2
2025-05-02 14:59:20,stallRate,114.299000024796,11.475809376219,TheEmptinessMachine,HTCP,Festive,HTTP/2
2025-05-02 14:59:22,stallRate,116.298000097275,11.2680350736625,TheEmptinessMachine,HTCP,Festive,HTTP/2
2025-05-02 14:59:24,stallRate,118.298000097275,11.0930491020676,TheEmptinessMachine,HTCP,Festive,HTTP/2
2025-05-02 14:59:26,stallRate,120.298000097275,10.9105311200722,TheEmptinessMachine,HTCP,Festive,HTTP/2
2025-05-02 14:59:28,stallRate,122.299000024796,10.7284031879728,TheEmptinessMachine,HTCP,Festive,HTTP/2
2025-05-02 14:59:30,stallRate,124.298000097275,10.5453483093057,TheEmptinessMachine,HTCP,Festive,HTTP/2
2025-05-02 14:59:32,stallRate,126.299000024796,10.3692002715215,TheEmptinessMachine,HTCP,Festive,HTTP/2
2025-05-02 14:59:34,stallRate,128.298000097275,10.1981419480644,TheEmptinessMachine,HTCP,Festive,HTTP/2
2025-05-02 14:59:36,stallRate,130.298000097275,10.0297951540364,TheEmptinessMachine,HTCP,Festive,HTTP/2
2025-05-02 14:59:38,stallRate,132.298000097275,9.86978854448537,TheEmptinessMachine,HTCP,Festive,HTTP/2
2025-05-02 14:59:44,stallRate,138.298000097275,12.8842841213348,TheEmptinessMachine,HTCP,Festive,HTTP/2
2025-05-02 14:59:46,stallRate,140.298000097275,12.6888514111865,TheEmptinessMachine,HTCP,Festive,HTTP/2
2025-05-02 14:59:48,stallRate,142.299000024796,12.4998668844297,TheEmptinessMachine,HTCP,Festive,HTTP/2
2025-05-02 14:59:50,stallRate,144.298000097275,12.3163004541933,TheEmptinessMachine,HTCP,Festive,HTTP/2
2025-05-02 14:59:52,stallRate,146.299000024796,12.1380744548451,TheEmptinessMachine,HTCP,Festive,HTTP/2
2025-05-02 14:59:54,stallRate,148.298000097275,11.9654371445736,TheEmptinessMachine,HTCP,Festive,HTTP/2
2025-05-02 14:59:56,stallRate,150.299000024796,11.7975007493816,TheEmptinessMachine,HTCP,Festive,HTTP/2
2025-05-02 14:59:58,stallRate,152.298000097275,11.6343990681622,TheEmptinessMachine,HTCP,Festive,HTTP/2
2025-05-02 15:00:00,stallRate,154.299000024796,11.9621871891041,TheEmptinessMachine,HTCP,Festive,HTTP/2
2025-05-02 15:00:02,stallRate,156.298000097275,11.8003152897188,TheEmptinessMachine,HTCP,Festive,HTTP/2
2025-05-02 15:00:04,stallRate,158.298000097275,11.6438706140405,TheEmptinessMachine,HTCP,Festive,HTTP/2
2025-05-02 15:00:06,stallRate,160.299000024796,11.4903550449207,TheEmptinessMachine,HTCP,Festive,HTTP/2
2025-05-02 15:00:08,stallRate,162.298000097275,11.4163572067678,TheEmptinessMachine,HTCP,Festive,HTTP/2
2025-05-02 15:00:10,stallRate,164.299000024796,11.2701791295744,TheEmptinessMachine,HTCP,Festive,HTTP/2
2025-05-02 15:00:12,stallRate,166.298000097275,11.5443034555524,TheEmptinessMachine,HTCP,Festive,HTTP/2
2025-05-02 15:00:18,stallRate,172.298000097275,11.2672689658371,TheEmptinessMachine,HTCP,Festive,HTTP/2
2025-05-02 15:00:20,stallRate,174.298000097275,11.131647992663,TheEmptinessMachine,HTCP,Festive,HTTP/2
2025-05-02 15:00:22,stallRate,176.299000024796,10.9993484421002,TheEmptinessMachine,HTCP,Festive,HTTP/2
2025-05-02 15:00:24,stallRate,178.298000097275,10.8704510119905,TheEmptinessMachine,HTCP,Festive,HTTP/2
2025-05-02 15:00:26,stallRate,180.298000097275,10.7443287631731,TheEmptinessMachine,HTCP,Festive,HTTP/2
2025-05-02 15:00:28,stallRate,182.298000097275,10.6211206018347,TheEmptinessMachine,HTCP,Festive,HTTP/2
2025-05-02 15:00:30,stallRate,184.298000097275,10.50042975913,TheEmptinessMachine,HTCP,Festive,HTTP/2
2025-05-02 15:00:34,stallRate,188.298000097275,10.2667947272185,TheEmptinessMachine,HTCP,Festive,HTTP/2
2025-05-02 15:00:36,stallRate,190.298000097275,10.1545360338437,TheEmptinessMachine,HTCP,Festive,HTTP/2
2025-05-02 15:00:38,stallRate,192.298000097275,10.0448645145058,TheEmptinessMachine,HTCP,Festive,HTTP/2
2025-05-02 15:00:40,stallRate,194.299000024796,9.93675343146445,TheEmptinessMachine,HTCP,Festive,HTTP/2
2025-05-02 15:00:42,stallRate,196.298000097275,9.83136267604099,TheEmptinessMachine,HTCP,Festive,HTTP/2
2025-05-02 15:00:44,stallRate,198.298000097275,9.72841637095043,TheEmptinessMachine,HTCP,Festive,HTTP/2
2025-05-02 15:00:46,stallRate,200.298000097275,9.62695953337604,TheEmptinessMachine,HTCP,Festive,HTTP/2
2025-05-02 15:00:48,stallRate,202.298000097275,9.52811348668489,TheEmptinessMachine,HTCP,Festive,HTTP/2
2025-05-02 15:00:50,stallRate,204.298000097275,9.43085607096011,TheEmptinessMachine,HTCP,Festive,HTTP/2
2025-05-02 15:00:52,stallRate,206.298000097275,9.33555702283329,TheEmptinessMachine,HTCP,Festive,HTTP/2
2025-05-02 15:01:33,stallRate,4.1029999256134,0.0,TheEmptinessMachine,HTCP,Festive,HTTP/3
2025-05-02 15:01:41,stallRate,12.1029999256134,95.2749516259909,TheEmptinessMachine,HTCP,Festive,HTTP/3
2025-05-02 15:01:43,stallRate,14.1019999980927,73.0131283319255,TheEmptinessMachine,HTCP,Festive,HTTP/3
2025-05-02 15:01:45,stallRate,16.1029999256134,58.711835255657,TheEmptinessMachine,HTCP,Festive,HTTP/3
2025-05-02 15:01:47,stallRate,18.1029999256134,49.1299771138765,TheEmptinessMachine,HTCP,Festive,HTTP/3
2025-05-02 15:01:49,stallRate,20.1029999256134,42.1996205720349,TheEmptinessMachine,HTCP,Festive,HTTP/3
2025-05-02 15:01:51,stallRate,22.1029999256134,36.9974823743257,TheEmptinessMachine,HTCP,Festive,HTTP/3
2025-05-02 15:01:53,stallRate,24.1029999256134,32.9330070487797,TheEmptinessMachine,HTCP,Festive,HTTP/3
2025-05-02 15:01:55,stallRate,26.1029999256134,29.6737427967689,TheEmptinessMachine,HTCP,Festive,HTTP/3
2025-05-02 15:01:57,stallRate,28.1029999256134,26.9923810184899,TheEmptinessMachine,HTCP,Festive,HTTP/3
2025-05-02 15:01:59,stallRate,30.1029999256134,24.7706454176881,TheEmptinessMachine,HTCP,Festive,HTTP/3
2025-05-02 15:02:01,stallRate,32.1029999256134,22.8769599637614,TheEmptinessMachine,HTCP,Festive,HTTP/3
2025-05-02 15:02:03,stallRate,34.1029999256134,21.2534721616274,TheEmptinessMachine,HTCP,Festive,HTTP/3
2025-05-02 15:02:05,stallRate,36.1029999256134,19.8482035468643,TheEmptinessMachine,HTCP,Festive,HTTP/3
2025-05-02 15:02:07,stallRate,38.1029999256134,20.9308755816938,TheEmptinessMachine,HTCP,Festive,HTTP/3
2025-05-02 15:02:09,stallRate,40.1029999256134,19.7054827706649,TheEmptinessMachine,HTCP,Festive,HTTP/3
2025-05-02 15:02:11,stallRate,42.1029999256134,18.6152226364604,TheEmptinessMachine,HTCP,Festive,HTTP/3
2025-05-02 15:02:13,stallRate,44.1029999256134,17.6407744878635,TheEmptinessMachine,HTCP,Festive,HTTP/3
2025-05-02 15:02:15,stallRate,46.1029999256134,16.7659500520173,TheEmptinessMachine,HTCP,Festive,HTTP/3
2025-05-02 15:02:17,stallRate,48.1029999256134,15.9728029471551,TheEmptinessMachine,HTCP,Festive,HTTP/3
2025-05-02 15:02:19,stallRate,50.1029999256134,15.2476964017315,TheEmptinessMachine,HTCP,Festive,HTTP/3
2025-05-02 15:02:21,stallRate,52.1029999256134,14.5923845539321,TheEmptinessMachine,HTCP,Festive,HTTP/3
2025-05-02 15:02:23,stallRate,54.1029999256134,13.9856692963575,TheEmptinessMachine,HTCP,Festive,HTTP/3
2025-05-02 15:02:25,stallRate,56.1039998531342,13.4273380535753,TheEmptinessMachine,HTCP,Festive,HTTP/3
2025-05-02 15:02:27,stallRate,58.1029999256134,12.9155740283206,TheEmptinessMachine,HTCP,Festive,HTTP/3
2025-05-02 15:02:29,stallRate,60.1029999256134,12.4391236417577,TheEmptinessMachine,HTCP,Festive,HTTP/3
2025-05-02 15:02:31,stallRate,62.1029999256134,11.9994367245791,TheEmptinessMachine,HTCP,Festive,HTTP/3
2025-05-02 15:02:33,stallRate,64.1029999256134,11.586266299017,TheEmptinessMachine,HTCP,Festive,HTTP/3
2025-05-02 15:02:35,stallRate,66.1029999256134,11.2017670773431,TheEmptinessMachine,HTCP,Festive,HTTP/3
2025-05-02 15:02:37,stallRate,68.1029999256134,10.8418600185134,TheEmptinessMachine,HTCP,Festive,HTTP/3
2025-05-02 15:02:43,stallRate,74.1029999256134,10.1013633896005,TheEmptinessMachine,HTCP,Festive,HTTP/3
2025-05-02 15:02:45,stallRate,76.1029999256134,9.80803135269595,TheEmptinessMachine,HTCP,Festive,HTTP/3
2025-05-02 15:02:47,stallRate,78.1039998531342,9.5328315494931,TheEmptinessMachine,HTCP,Festive,HTTP/3
2025-05-02 15:02:49,stallRate,80.1029999256134,9.27303227122781,TheEmptinessMachine,HTCP,Festive,HTTP/3
2025-05-02 15:02:51,stallRate,82.1029999256134,9.02484514117982,TheEmptinessMachine,HTCP,Festive,HTTP/3
2025-05-02 15:02:53,stallRate,84.1029999256134,8.79075638473798,TheEmptinessMachine,HTCP,Festive,HTTP/3
2025-05-02 15:02:55,stallRate,86.1029999256134,8.56849784248497,TheEmptinessMachine,HTCP,Festive,HTTP/3
2025-05-02 15:02:57,stallRate,88.1029999256134,8.35658958926984,TheEmptinessMachine,HTCP,Festive,HTTP/3
2025-05-02 15:02:59,stallRate,90.1029999256134,8.15610840680799,TheEmptinessMachine,HTCP,Festive,HTTP/3
2025-05-02 15:03:01,stallRate,92.1029999256134,7.96511132199218,TheEmptinessMachine,HTCP,Festive,HTTP/3
2025-05-02 15:03:03,stallRate,94.1029999256134,7.78121277706785,TheEmptinessMachine,HTCP,Festive,HTTP/3
2025-05-02 15:03:05,stallRate,96.1029999256134,7.60747575636943,TheEmptinessMachine,HTCP,Festive,HTTP/3
2025-05-02 15:03:07,stallRate,98.1029999256134,7.4403134465466,TheEmptinessMachine,HTCP,Festive,HTTP/3
2025-05-02 15:03:09,stallRate,100.102999925613,7.28043288498071,TheEmptinessMachine,HTCP,Festive,HTTP/3
2025-05-02 15:03:11,stallRate,102.102999925613,7.12742222823929,TheEmptinessMachine,HTCP,Festive,HTTP/3
2025-05-02 15:03:13,stallRate,104.102999925613,6.98085045790881,TheEmptinessMachine,HTCP,Festive,HTTP/3
2025-05-02 15:03:15,stallRate,106.102999925613,6.84032050590678,TheEmptinessMachine,HTCP,Festive,HTTP/3
2025-05-02 15:03:17,stallRate,108.102999925613,6.70527003946917,TheEmptinessMachine,HTCP,Festive,HTTP/3
2025-05-02 15:03:19,stallRate,110.102999925613,6.57535226078283,TheEmptinessMachine,HTCP,Festive,HTTP/3
2025-05-02 15:03:21,stallRate,112.102999925613,6.45001344313866,TheEmptinessMachine,HTCP,Festive,HTTP/3
2025-05-02 15:03:23,stallRate,114.102999925613,6.32992168516934,TheEmptinessMachine,HTCP,Festive,HTTP/3
2025-05-02 15:03:25,stallRate,116.102999925613,6.21352699769072,TheEmptinessMachine,HTCP,Festive,HTTP/3
2025-05-02 15:03:27,stallRate,118.102999925613,6.10139007243967,TheEmptinessMachine,HTCP,Festive,HTTP/3
2025-05-02 15:03:29,stallRate,120.102999925613,5.99355387788775,TheEmptinessMachine,HTCP,Festive,HTTP/3
2025-05-02 15:03:31,stallRate,122.102999925613,5.88952330809474,TheEmptinessMachine,HTCP,Festive,HTTP/3
2025-05-02 15:03:33,stallRate,124.102999925613,5.78917850388719,TheEmptinessMachine,HTCP,Festive,HTTP/3
2025-05-02 15:03:35,stallRate,126.102999925613,5.6921686797364,TheEmptinessMachine,HTCP,Festive,HTTP/3
2025-05-02 15:03:37,stallRate,128.102999925613,5.59833253581011,TheEmptinessMachine,HTCP,Festive,HTTP/3
2025-05-02 15:03:39,stallRate,130.102999925613,5.50673074247975,TheEmptinessMachine,HTCP,Festive,HTTP/3
2025-05-02 15:03:41,stallRate,132.102999925613,5.41910802378618,TheEmptinessMachine,HTCP,Festive,HTTP/3
2025-05-02 15:03:43,stallRate,134.102999925613,5.33370918806198,TheEmptinessMachine,HTCP,Festive,HTTP/3
2025-05-02 15:03:45,stallRate,136.102999925613,5.25104446575359,TheEmptinessMachine,HTCP,Festive,HTTP/3
2025-05-02 15:03:47,stallRate,138.102999925613,5.17097383371291,TheEmptinessMachine,HTCP,Festive,HTTP/3
2025-05-02 15:03:49,stallRate,140.102999925613,5.09336223959167,TheEmptinessMachine,HTCP,Festive,HTTP/3
2025-05-02 15:03:51,stallRate,142.102999925613,5.01775383968161,TheEmptinessMachine,HTCP,Festive,HTTP/3
2025-05-02 15:03:53,stallRate,144.102999925613,4.9447687718609,TheEmptinessMachine,HTCP,Festive,HTTP/3
2025-05-02 15:03:55,stallRate,146.102999925613,4.87355706365553,TheEmptinessMachine,HTCP,Festive,HTTP/3
2025-05-02 15:03:57,stallRate,148.102999925613,4.80473641129857,TheEmptinessMachine,HTCP,Festive,HTTP/3
2025-05-02 15:03:59,stallRate,150.102999925613,4.7374982721117,TheEmptinessMachine,HTCP,Festive,HTTP/3
2025-05-02 15:04:01,stallRate,152.102999925613,4.67220694868911,TheEmptinessMachine,HTCP,Festive,HTTP/3
2025-05-02 15:04:03,stallRate,154.102999925613,4.60872153708207,TheEmptinessMachine,HTCP,Festive,HTTP/3
2025-05-02 15:04:05,stallRate,156.102999925613,4.54697774768226,TheEmptinessMachine,HTCP,Festive,HTTP/3
2025-05-02 15:04:07,stallRate,158.102999925613,4.48687854988748,TheEmptinessMachine,HTCP,Festive,HTTP/3
2025-05-02 15:04:09,stallRate,160.102999925613,4.42786311524632,TheEmptinessMachine,HTCP,Festive,HTTP/3
2025-05-02 15:04:11,stallRate,162.102999925613,4.37099180423321,TheEmptinessMachine,HTCP,Festive,HTTP/3
2025-05-02 15:04:13,stallRate,164.102999925613,4.31526975804633,TheEmptinessMachine,HTCP,Festive,HTTP/3
2025-05-02 15:04:15,stallRate,166.102999925613,4.26099363208619,TheEmptinessMachine,HTCP,Festive,HTTP/3
2025-05-02 15:04:17,stallRate,168.102999925613,4.20783384461784,TheEmptinessMachine,HTCP,Festive,HTTP/3
2025-05-02 15:04:19,stallRate,170.102999925613,4.15605923035786,TheEmptinessMachine,HTCP,Festive,HTTP/3
2025-05-02 15:04:21,stallRate,172.102999925613,4.10571783096904,TheEmptinessMachine,HTCP,Festive,HTTP/3
2025-05-02 15:04:23,stallRate,174.102999925613,4.05663945691356,TheEmptinessMachine,HTCP,Festive,HTTP/3
2025-05-02 15:04:25,stallRate,176.102999925613,4.00872905478589,TheEmptinessMachine,HTCP,Festive,HTTP/3
2025-05-02 15:04:27,stallRate,178.103999853134,3.9617941275569,TheEmptinessMachine,HTCP,Festive,HTTP/3
2025-05-02 15:04:29,stallRate,180.102999925613,3.91620362270001,TheEmptinessMachine,HTCP,Festive,HTTP/3
2025-05-02 15:04:31,stallRate,182.102999925613,3.87135721540163,TheEmptinessMachine,HTCP,Festive,HTTP/3
2025-05-02 15:04:33,stallRate,184.102999925613,3.82792647376368,TheEmptinessMachine,HTCP,Festive,HTTP/3
2025-05-02 15:04:35,stallRate,186.102999925613,3.78508378000375,TheEmptinessMachine,HTCP,Festive,HTTP/3
2025-05-02 15:04:37,stallRate,188.102999925613,3.74344816249375,TheEmptinessMachine,HTCP,Festive,HTTP/3
2025-05-02 15:04:39,stallRate,190.102999925613,3.70255723859187,TheEmptinessMachine,HTCP,Festive,HTTP/3
2025-05-02 15:04:41,stallRate,192.102999925613,3.66246436191095,TheEmptinessMachine,HTCP,Festive,HTTP/3
2025-05-02 15:04:43,stallRate,194.102999925613,3.62352323706923,TheEmptinessMachine,HTCP,Festive,HTTP/3
2025-05-02 15:04:45,stallRate,196.102999925613,3.58511293455024,TheEmptinessMachine,HTCP,Festive,HTTP/3
2025-05-02 15:04:47,stallRate,198.101999998093,3.54760445465008,TheEmptinessMachine,HTCP,Festive,HTTP/3
2025-05-02 15:04:49,stallRate,200.102999925613,3.51086806542749,TheEmptinessMachine,HTCP,Festive,HTTP/3
2025-05-02 15:04:51,stallRate,202.102999925613,3.47494229669294,TheEmptinessMachine,HTCP,Festive,HTTP/3
2025-05-02 15:05:35,stallRate,4.3050000667572,0.0,TheEmptinessMachine,HTCP,L2A,HTTP/1.1
2025-05-02 15:05:37,stallRate,6.3050000667572,17.2924032925861,TheEmptinessMachine,HTCP,L2A,HTTP/1.1
2025-05-02 15:05:39,stallRate,8.30400013923645,11.2796786226981,TheEmptinessMachine,HTCP,L2A,HTTP/1.1
2025-05-02 15:05:45,stallRate,14.3050000667572,28.454523827959,TheEmptinessMachine,HTCP,L2A,HTTP/1.1
2025-05-02 15:05:51,stallRate,20.3040001392365,32.8965109405163,TheEmptinessMachine,HTCP,L2A,HTTP/1.1
2025-05-02 15:05:53,stallRate,22.3040001392365,34.4637611880223,TheEmptinessMachine,HTCP,L2A,HTTP/1.1
2025-05-02 15:05:55,stallRate,24.3050000667572,31.277249320051,TheEmptinessMachine,HTCP,L2A,HTTP/1.1
2025-05-02 15:05:57,stallRate,26.3040001392365,29.1357521880717,TheEmptinessMachine,HTCP,L2A,HTTP/1.1
2025-05-02 15:05:59,stallRate,28.3050000667572,26.860466578993,TheEmptinessMachine,HTCP,L2A,HTTP/1.1
2025-05-02 15:06:01,stallRate,30.3040001392365,24.9190617443568,TheEmptinessMachine,HTCP,L2A,HTTP/1.1
2025-05-02 15:06:03,stallRate,32.3050000667572,23.2404597324428,TheEmptinessMachine,HTCP,L2A,HTTP/1.1
2025-05-02 15:06:05,stallRate,34.3050000667572,21.7677960950654,TheEmptinessMachine,HTCP,L2A,HTTP/1.1
2025-05-02 15:06:07,stallRate,36.3040001392365,20.4719564580132,TheEmptinessMachine,HTCP,L2A,HTTP/1.1
2025-05-02 15:06:09,stallRate,38.3040001392365,20.5988961736633,TheEmptinessMachine,HTCP,L2A,HTTP/1.1
2025-05-02 15:06:11,stallRate,40.3050000667572,19.5037629745398,TheEmptinessMachine,HTCP,L2A,HTTP/1.1
2025-05-02 15:06:13,stallRate,42.3050000667572,18.5206043869678,TheEmptinessMachine,HTCP,L2A,HTTP/1.1
2025-05-02 15:06:15,stallRate,44.3050000667572,17.6326185955735,TheEmptinessMachine,HTCP,L2A,HTTP/1.1
2025-05-02 15:06:17,stallRate,46.3040001392365,16.8267717950235,TheEmptinessMachine,HTCP,L2A,HTTP/1.1
2025-05-02 15:06:19,stallRate,48.3050000667572,16.0867433081449,TheEmptinessMachine,HTCP,L2A,HTTP/1.1
2025-05-02 15:06:21,stallRate,50.3050000667572,15.4135239369446,TheEmptinessMachine,HTCP,L2A,HTTP/1.1
2025-05-02 15:06:23,stallRate,52.3050000667572,14.7905138013447,TheEmptinessMachine,HTCP,L2A,HTTP/1.1
2025-05-02 15:06:25,stallRate,54.3040001392365,14.2180699598396,TheEmptinessMachine,HTCP,L2A,HTTP/1.1
2025-05-02 15:06:27,stallRate,56.3050000667572,13.6884941426773,TheEmptinessMachine,HTCP,L2A,HTTP/1.1
2025-05-02 15:06:29,stallRate,58.3040001392365,13.1981120252192,TheEmptinessMachine,HTCP,L2A,HTTP/1.1
2025-05-02 15:06:31,stallRate,60.3040001392365,12.7383223152841,TheEmptinessMachine,HTCP,L2A,HTTP/1.1
2025-05-02 15:06:33,stallRate,62.3050000667572,12.3102647658952,TheEmptinessMachine,HTCP,L2A,HTTP/1.1
2025-05-02 15:06:35,stallRate,64.3050000667572,11.9126372377259,TheEmptinessMachine,HTCP,L2A,HTTP/1.1
2025-05-02 15:06:37,stallRate,66.3040001392365,11.5382904322438,TheEmptinessMachine,HTCP,L2A,HTTP/1.1
2025-05-02 15:06:39,stallRate,68.3050000667572,11.1888183790114,TheEmptinessMachine,HTCP,L2A,HTTP/1.1
2025-05-02 15:06:41,stallRate,70.3040001392365,10.8577168705289,TheEmptinessMachine,HTCP,L2A,HTTP/1.1
2025-05-02 15:06:43,stallRate,72.3040001392365,10.5461152247044,TheEmptinessMachine,HTCP,L2A,HTTP/1.1
2025-05-02 15:06:45,stallRate,74.3050000667572,10.2502922171342,TheEmptinessMachine,HTCP,L2A,HTTP/1.1
2025-05-02 15:06:47,stallRate,76.3050000667572,9.97101023987616,TheEmptinessMachine,HTCP,L2A,HTTP/1.1
2025-05-02 15:06:49,stallRate,78.3040001392365,9.70754065027814,TheEmptinessMachine,HTCP,L2A,HTTP/1.1
2025-05-02 15:06:51,stallRate,80.3040001392365,9.45783981549386,TheEmptinessMachine,HTCP,L2A,HTTP/1.1
2025-05-02 15:06:53,stallRate,82.3050000667572,9.94930164090234,TheEmptinessMachine,HTCP,L2A,HTTP/1.1
2025-05-02 15:06:57,stallRate,86.3040001392365,10.1096814111648,TheEmptinessMachine,HTCP,L2A,HTTP/1.1
2025-05-02 15:06:59,stallRate,88.3050000667572,9.98582822041989,TheEmptinessMachine,HTCP,L2A,HTTP/1.1
2025-05-02 15:07:01,stallRate,90.3050000667572,9.75743591635213,TheEmptinessMachine,HTCP,L2A,HTTP/1.1
2025-05-02 15:07:03,stallRate,92.3040001392365,9.53941522273165,TheEmptinessMachine,HTCP,L2A,HTTP/1.1
2025-05-02 15:07:05,stallRate,94.3050000667572,9.33136362015867,TheEmptinessMachine,HTCP,L2A,HTTP/1.1
2025-05-02 15:07:07,stallRate,96.305999994278,9.13217970031023,TheEmptinessMachine,HTCP,L2A,HTTP/1.1
2025-05-02 15:07:09,stallRate,98.3050000667572,8.94057387964885,TheEmptinessMachine,HTCP,L2A,HTTP/1.1
2025-05-02 15:07:11,stallRate,100.305000066757,8.75795266542459,TheEmptinessMachine,HTCP,L2A,HTTP/1.1
2025-05-02 15:07:13,stallRate,102.304000139236,8.58204547692381,TheEmptinessMachine,HTCP,L2A,HTTP/1.1
2025-05-02 15:07:15,stallRate,104.304000139236,8.41316351285314,TheEmptinessMachine,HTCP,L2A,HTTP/1.1
2025-05-02 15:07:17,stallRate,106.304000139236,8.2517005087908,TheEmptinessMachine,HTCP,L2A,HTTP/1.1
2025-05-02 15:07:19,stallRate,108.305000066757,8.09544437439915,TheEmptinessMachine,HTCP,L2A,HTTP/1.1
2025-05-02 15:07:21,stallRate,110.305000066757,7.94592370350538,TheEmptinessMachine,HTCP,L2A,HTTP/1.1
2025-05-02 15:07:23,stallRate,112.304000139236,7.80069246986657,TheEmptinessMachine,HTCP,L2A,HTTP/1.1
2025-05-02 15:07:25,stallRate,114.304000139236,7.66103081071936,TheEmptinessMachine,HTCP,L2A,HTTP/1.1
2025-05-02 15:07:27,stallRate,116.305000066757,7.52633585723784,TheEmptinessMachine,HTCP,L2A,HTTP/1.1
2025-05-02 15:07:29,stallRate,118.305000066757,7.39643213832189,TheEmptinessMachine,HTCP,L2A,HTTP/1.1
2025-05-02 15:07:31,stallRate,120.304000139236,7.2702347263079,TheEmptinessMachine,HTCP,L2A,HTTP/1.1
2025-05-02 15:07:33,stallRate,122.304000139236,7.14913888916666,TheEmptinessMachine,HTCP,L2A,HTTP/1.1
2025-05-02 15:07:35,stallRate,124.304000139236,7.03112433626503,TheEmptinessMachine,HTCP,L2A,HTTP/1.1
2025-05-02 15:07:37,stallRate,126.305000066757,6.91798725176349,TheEmptinessMachine,HTCP,L2A,HTTP/1.1
2025-05-02 15:07:39,stallRate,128.305000066757,6.80778244046021,TheEmptinessMachine,HTCP,L2A,HTTP/1.1
2025-05-02 15:07:41,stallRate,130.305000066757,6.70105222891356,TheEmptinessMachine,HTCP,L2A,HTTP/1.1
2025-05-02 15:07:43,stallRate,132.305000066757,6.59779291460071,TheEmptinessMachine,HTCP,L2A,HTTP/1.1
2025-05-02 15:07:45,stallRate,134.304000139236,6.49766344741674,TheEmptinessMachine,HTCP,L2A,HTTP/1.1
2025-05-02 15:07:47,stallRate,136.304000139236,6.40016580596889,TheEmptinessMachine,HTCP,L2A,HTTP/1.1
2025-05-02 15:07:49,stallRate,138.305000066757,6.30609743464785,TheEmptinessMachine,HTCP,L2A,HTTP/1.1
2025-05-02 15:07:51,stallRate,140.305000066757,6.21421649725619,TheEmptinessMachine,HTCP,L2A,HTTP/1.1
2025-05-02 15:07:53,stallRate,142.304000139236,6.59270464798647,TheEmptinessMachine,HTCP,L2A,HTTP/1.1
2025-05-02 15:07:57,stallRate,146.305000066757,6.86790311688192,TheEmptinessMachine,HTCP,L2A,HTTP/1.1
2025-05-02 15:08:01,stallRate,150.304000139236,7.35118374186144,TheEmptinessMachine,HTCP,L2A,HTTP/1.1
2025-05-02 15:08:03,stallRate,152.304000139236,7.31185753388234,TheEmptinessMachine,HTCP,L2A,HTTP/1.1
2025-05-02 15:08:05,stallRate,154.304000139236,7.21518324771925,TheEmptinessMachine,HTCP,L2A,HTTP/1.1
2025-05-02 15:08:07,stallRate,156.304000139236,7.12123081059246,TheEmptinessMachine,HTCP,L2A,HTTP/1.1
2025-05-02 15:08:09,stallRate,158.305000066757,7.02977175900715,TheEmptinessMachine,HTCP,L2A,HTTP/1.1
2025-05-02 15:08:11,stallRate,160.304000139236,6.94073348366074,TheEmptinessMachine,HTCP,L2A,HTTP/1.1
2025-05-02 15:08:13,stallRate,162.305000066757,6.85341667827635,TheEmptinessMachine,HTCP,L2A,HTTP/1.1
2025-05-02 15:08:15,stallRate,164.304000139236,6.7689095310796,TheEmptinessMachine,HTCP,L2A,HTTP/1.1
2025-05-02 15:08:17,stallRate,166.304000139236,6.68614426943394,TheEmptinessMachine,HTCP,L2A,HTTP/1.1
2025-05-02 15:08:19,stallRate,168.304000139236,6.60529789929481,TheEmptinessMachine,HTCP,L2A,HTTP/1.1
2025-05-02 15:08:21,stallRate,170.304000139236,6.52597306890088,TheEmptinessMachine,HTCP,L2A,HTTP/1.1
2025-05-02 15:08:23,stallRate,172.304000139236,6.44871937103185,TheEmptinessMachine,HTCP,L2A,HTTP/1.1
2025-05-02 15:08:25,stallRate,174.304000139236,6.37359797043275,TheEmptinessMachine,HTCP,L2A,HTTP/1.1
2025-05-02 15:08:27,stallRate,176.305000066757,6.30023607743667,TheEmptinessMachine,HTCP,L2A,HTTP/1.1
2025-05-02 15:08:29,stallRate,178.304000139236,6.22877714377442,TheEmptinessMachine,HTCP,L2A,HTTP/1.1
2025-05-02 15:08:31,stallRate,180.305000066757,6.15870242379249,TheEmptinessMachine,HTCP,L2A,HTTP/1.1
2025-05-02 15:08:33,stallRate,182.304000139236,6.09032327219543,TheEmptinessMachine,HTCP,L2A,HTTP/1.1
2025-05-02 15:08:35,stallRate,184.304000139236,6.02319193804634,TheEmptinessMachine,HTCP,L2A,HTTP/1.1
2025-05-02 15:08:37,stallRate,186.304000139236,5.95781181665945,TheEmptinessMachine,HTCP,L2A,HTTP/1.1
2025-05-02 15:08:39,stallRate,188.305000066757,5.89340324249221,TheEmptinessMachine,HTCP,L2A,HTTP/1.1
2025-05-02 15:08:41,stallRate,190.305000066757,5.83103104397306,TheEmptinessMachine,HTCP,L2A,HTTP/1.1
2025-05-02 15:08:43,stallRate,192.305000066757,5.76938157322596,TheEmptinessMachine,HTCP,L2A,HTTP/1.1
2025-05-02 15:08:45,stallRate,194.305000066757,5.7090611309901,TheEmptinessMachine,HTCP,L2A,HTTP/1.1
2025-05-02 15:08:47,stallRate,196.304000139236,5.65006755263042,TheEmptinessMachine,HTCP,L2A,HTTP/1.1
2025-05-02 15:08:49,stallRate,198.305000066757,5.59237563963276,TheEmptinessMachine,HTCP,L2A,HTTP/1.1
2025-05-02 15:08:51,stallRate,200.304000139236,5.53553415432215,TheEmptinessMachine,HTCP,L2A,HTTP/1.1
2025-05-02 15:08:53,stallRate,202.305000066757,5.48024606336756,TheEmptinessMachine,HTCP,L2A,HTTP/1.1
2025-05-02 15:08:55,stallRate,204.305000066757,5.58351675355271,TheEmptinessMachine,HTCP,L2A,HTTP/1.1
2025-05-02 15:08:57,stallRate,206.304000139236,5.52862894671302,TheEmptinessMachine,HTCP,L2A,HTTP/1.1
2025-05-02 15:09:33,stallRate,2.09599995613098,0.0,TheEmptinessMachine,HTCP,L2A,HTTP/2
2025-05-02 15:09:35,stallRate,4.09500002861023,0.0,TheEmptinessMachine,HTCP,L2A,HTTP/2
2025-05-02 15:09:39,stallRate,8.09500002861023,44.0296457986528,TheEmptinessMachine,HTCP,L2A,HTTP/2
2025-05-02 15:09:41,stallRate,10.0950000286102,43.1771968980095,TheEmptinessMachine,HTCP,L2A,HTTP/2
2025-05-02 15:09:43,stallRate,12.0950000286102,36.0235247170602,TheEmptinessMachine,HTCP,L2A,HTTP/2
2025-05-02 15:09:45,stallRate,14.095999956131,29.957694519001,TheEmptinessMachine,HTCP,L2A,HTTP/2
2025-05-02 15:09:51,stallRate,20.0950000286102,52.7277245777619,TheEmptinessMachine,HTCP,L2A,HTTP/2
2025-05-02 15:09:53,stallRate,22.0950000286102,46.9326387789252,TheEmptinessMachine,HTCP,L2A,HTTP/2
2025-05-02 15:09:55,stallRate,24.0950000286102,45.2316615415991,TheEmptinessMachine,HTCP,L2A,HTTP/2
2025-05-02 15:09:59,stallRate,28.095999956131,39.2570169150561,TheEmptinessMachine,HTCP,L2A,HTTP/2
2025-05-02 15:10:01,stallRate,30.0950000286102,36.4164001244522,TheEmptinessMachine,HTCP,L2A,HTTP/2
2025-05-02 15:10:03,stallRate,32.0950000286102,33.8275943841494,TheEmptinessMachine,HTCP,L2A,HTTP/2
2025-05-02 15:10:05,stallRate,34.095999956131,31.595072533901,TheEmptinessMachine,HTCP,L2A,HTTP/2
2025-05-02 15:10:07,stallRate,36.0950000286102,29.6327639950332,TheEmptinessMachine,HTCP,L2A,HTTP/2
2025-05-02 15:10:09,stallRate,38.0950000286102,27.8996480019233,TheEmptinessMachine,HTCP,L2A,HTTP/2
2025-05-02 15:10:11,stallRate,40.0950000286102,26.3602188023857,TheEmptinessMachine,HTCP,L2A,HTTP/2
2025-05-02 15:10:13,stallRate,42.0950000286102,24.9831246804093,TheEmptinessMachine,HTCP,L2A,HTTP/2
2025-05-02 15:10:15,stallRate,44.095999956131,23.7427232916747,TheEmptinessMachine,HTCP,L2A,HTTP/2
2025-05-02 15:10:17,stallRate,46.0950000286102,22.6165621530141,TheEmptinessMachine,HTCP,L2A,HTTP/2
2025-05-02 15:10:23,stallRate,52.0950000286102,19.8086715778612,TheEmptinessMachine,HTCP,L2A,HTTP/2
2025-05-02 15:10:27,stallRate,56.0950000286102,18.2875486157461,TheEmptinessMachine,HTCP,L2A,HTTP/2
2025-05-02 15:10:33,stallRate,62.0950000286102,23.5993033220887,TheEmptinessMachine,HTCP,L2A,HTTP/2
2025-05-02 15:10:35,stallRate,64.0950000286102,22.8410385326148,TheEmptinessMachine,HTCP,L2A,HTTP/2
2025-05-02 15:10:37,stallRate,66.0950000286102,22.1036406410688,TheEmptinessMachine,HTCP,L2A,HTTP/2
2025-05-02 15:10:39,stallRate,68.0950000286102,21.4168931911084,TheEmptinessMachine,HTCP,L2A,HTTP/2
2025-05-02 15:10:41,stallRate,70.0950000286102,20.7686684798881,TheEmptinessMachine,HTCP,L2A,HTTP/2
2025-05-02 15:10:43,stallRate,72.0950000286102,20.157997495271,TheEmptinessMachine,HTCP,L2A,HTTP/2
2025-05-02 15:10:45,stallRate,74.0950000286102,19.5827210929361,TheEmptinessMachine,HTCP,L2A,HTTP/2
2025-05-02 15:10:47,stallRate,76.0950000286102,19.0403056103659,TheEmptinessMachine,HTCP,L2A,HTTP/2
2025-05-02 15:10:49,stallRate,78.0950000286102,18.5268715045023,TheEmptinessMachine,HTCP,L2A,HTTP/2
2025-05-02 15:10:51,stallRate,80.0950000286102,18.0379480674509,TheEmptinessMachine,HTCP,L2A,HTTP/2
2025-05-02 15:10:53,stallRate,82.0950000286102,17.577456742624,TheEmptinessMachine,HTCP,L2A,HTTP/2
2025-05-02 15:10:57,stallRate,86.0980000495911,16.7195374329633,TheEmptinessMachine,HTCP,L2A,HTTP/2
2025-05-02 15:10:59,stallRate,88.0950000286102,16.3209956675029,TheEmptinessMachine,HTCP,L2A,HTTP/2
2025-05-02 15:11:01,stallRate,90.0950000286102,15.94304430456,TheEmptinessMachine,HTCP,L2A,HTTP/2
2025-05-02 15:11:03,stallRate,92.0950000286102,15.5801373332353,TheEmptinessMachine,HTCP,L2A,HTTP/2
2025-05-02 15:11:05,stallRate,94.0950000286102,15.2339852631247,TheEmptinessMachine,HTCP,L2A,HTTP/2
2025-05-02 15:11:07,stallRate,96.095999956131,14.9034052731185,TheEmptinessMachine,HTCP,L2A,HTTP/2
2025-05-02 15:11:09,stallRate,98.0950000286102,14.5871448792016,TheEmptinessMachine,HTCP,L2A,HTTP/2
2025-05-02 15:11:11,stallRate,100.09500002861,14.2842565081879,TheEmptinessMachine,HTCP,L2A,HTTP/2
2025-05-02 15:11:13,stallRate,102.09500002861,13.9934214933041,TheEmptinessMachine,HTCP,L2A,HTTP/2
2025-05-02 15:11:15,stallRate,104.09500002861,13.7144122981995,TheEmptinessMachine,HTCP,L2A,HTTP/2
2025-05-02 15:11:17,stallRate,106.09500002861,13.4440303739669,TheEmptinessMachine,HTCP,L2A,HTTP/2
2025-05-02 15:11:19,stallRate,108.09500002861,13.1867347965366,TheEmptinessMachine,HTCP,L2A,HTTP/2
2025-05-02 15:11:21,stallRate,110.09500002861,12.9380249910195,TheEmptinessMachine,HTCP,L2A,HTTP/2
2025-05-02 15:11:23,stallRate,112.09500002861,12.6985466723352,TheEmptinessMachine,HTCP,L2A,HTTP/2
2025-05-02 15:11:27,stallRate,116.09500002861,12.8234233706739,TheEmptinessMachine,HTCP,L2A,HTTP/2
2025-05-02 15:11:31,stallRate,120.098000049591,13.8942742869319,TheEmptinessMachine,HTCP,L2A,HTTP/2
2025-05-02 15:11:33,stallRate,122.09500002861,13.7736998782259,TheEmptinessMachine,HTCP,L2A,HTTP/2
2025-05-02 15:11:35,stallRate,124.09500002861,13.7572457138854,TheEmptinessMachine,HTCP,L2A,HTTP/2
2025-05-02 15:11:37,stallRate,126.09500002861,13.5332221581814,TheEmptinessMachine,HTCP,L2A,HTTP/2
2025-05-02 15:11:39,stallRate,128.09500002861,13.3150200735148,TheEmptinessMachine,HTCP,L2A,HTTP/2
2025-05-02 15:11:41,stallRate,130.09500002861,13.1036715395057,TheEmptinessMachine,HTCP,L2A,HTTP/2
2025-05-02 15:11:43,stallRate,132.09500002861,12.8981620464768,TheEmptinessMachine,HTCP,L2A,HTTP/2
2025-05-02 15:11:45,stallRate,134.09500002861,12.700500773003,TheEmptinessMachine,HTCP,L2A,HTTP/2
2025-05-02 15:11:47,stallRate,136.095999956131,12.5081471667056,TheEmptinessMachine,HTCP,L2A,HTTP/2
2025-05-02 15:11:49,stallRate,138.09500002861,12.3222776603019,TheEmptinessMachine,HTCP,L2A,HTTP/2
2025-05-02 15:11:51,stallRate,140.09500002861,12.1418876489762,TheEmptinessMachine,HTCP,L2A,HTTP/2
2025-05-02 15:11:53,stallRate,142.09500002861,11.9651659957317,TheEmptinessMachine,HTCP,L2A,HTTP/2
2025-05-02 15:11:55,stallRate,144.09500002861,11.7952136117024,TheEmptinessMachine,HTCP,L2A,HTTP/2
2025-05-02 15:11:57,stallRate,146.09500002861,11.6289389230076,TheEmptinessMachine,HTCP,L2A,HTTP/2
2025-05-02 15:11:59,stallRate,148.09500002861,11.4674623986418,TheEmptinessMachine,HTCP,L2A,HTTP/2
2025-05-02 15:12:01,stallRate,150.09500002861,11.3097090207947,TheEmptinessMachine,HTCP,L2A,HTTP/2
2025-05-02 15:12:03,stallRate,152.09500002861,11.15744427965,TheEmptinessMachine,HTCP,L2A,HTTP/2
2025-05-02 15:12:05,stallRate,154.09500002861,11.0087330575622,TheEmptinessMachine,HTCP,L2A,HTTP/2
2025-05-02 15:12:07,stallRate,156.09500002861,10.8637581304114,TheEmptinessMachine,HTCP,L2A,HTTP/2
2025-05-02 15:12:09,stallRate,158.09500002861,10.7227222703393,TheEmptinessMachine,HTCP,L2A,HTTP/2
2025-05-02 15:12:11,stallRate,160.09500002861,10.5855858291067,TheEmptinessMachine,HTCP,L2A,HTTP/2
2025-05-02 15:12:13,stallRate,162.09500002861,10.4519326808523,TheEmptinessMachine,HTCP,L2A,HTTP/2
2025-05-02 15:12:15,stallRate,164.09500002861,10.3215823041098,TheEmptinessMachine,HTCP,L2A,HTTP/2
2025-05-02 15:12:17,stallRate,166.09500002861,10.1939288560466,TheEmptinessMachine,HTCP,L2A,HTTP/2
2025-05-02 15:12:19,stallRate,168.09500002861,10.0693433624903,TheEmptinessMachine,HTCP,L2A,HTTP/2
2025-05-02 15:12:21,stallRate,170.09500002861,9.94872714064157,TheEmptinessMachine,HTCP,L2A,HTTP/2
2025-05-02 15:12:23,stallRate,172.09500002861,9.83016008440365,TheEmptinessMachine,HTCP,L2A,HTTP/2
2025-05-02 15:12:25,stallRate,174.09500002861,9.71464361492923,TheEmptinessMachine,HTCP,L2A,HTTP/2
2025-05-02 15:12:27,stallRate,176.09500002861,9.60178947662126,TheEmptinessMachine,HTCP,L2A,HTTP/2
2025-05-02 15:12:29,stallRate,178.09500002861,9.49113147544943,TheEmptinessMachine,HTCP,L2A,HTTP/2
2025-05-02 15:12:31,stallRate,180.09500002861,9.38305087683526,TheEmptinessMachine,HTCP,L2A,HTTP/2
2025-05-02 15:12:33,stallRate,182.09500002861,9.27759910772338,TheEmptinessMachine,HTCP,L2A,HTTP/2
2025-05-02 15:12:35,stallRate,184.09500002861,9.17471467935608,TheEmptinessMachine,HTCP,L2A,HTTP/2
2025-05-02 15:12:37,stallRate,186.09500002861,9.07408987677251,TheEmptinessMachine,HTCP,L2A,HTTP/2
2025-05-02 15:12:39,stallRate,188.09500002861,8.97569318325258,TheEmptinessMachine,HTCP,L2A,HTTP/2
2025-05-02 15:12:41,stallRate,190.09500002861,8.87950615882067,TheEmptinessMachine,HTCP,L2A,HTTP/2
2025-05-02 15:12:43,stallRate,192.09500002861,8.78523808008241,TheEmptinessMachine,HTCP,L2A,HTTP/2
2025-05-02 15:12:45,stallRate,194.09500002861,8.6929689537972,TheEmptinessMachine,HTCP,L2A,HTTP/2
2025-05-02 15:12:47,stallRate,196.09500002861,8.60215642937724,TheEmptinessMachine,HTCP,L2A,HTTP/2
2025-05-02 15:12:49,stallRate,198.09500002861,8.51375875072895,TheEmptinessMachine,HTCP,L2A,HTTP/2
2025-05-02 15:12:51,stallRate,200.09500002861,8.4272151148838,TheEmptinessMachine,HTCP,L2A,HTTP/2
2025-05-02 15:12:53,stallRate,202.09500002861,8.341685903613,TheEmptinessMachine,HTCP,L2A,HTTP/2
2025-05-02 15:12:55,stallRate,204.09500002861,8.72461740271389,TheEmptinessMachine,HTCP,L2A,HTTP/2
2025-05-02 15:12:57,stallRate,206.09500002861,8.63828619455667,TheEmptinessMachine,HTCP,L2A,HTTP/2
2025-05-02 15:13:37,stallRate,4.09300017356873,0.0,TheEmptinessMachine,HTCP,L2A,HTTP/3
2025-05-02 15:13:41,stallRate,8.09300017356873,17.3698560995985,TheEmptinessMachine,HTCP,L2A,HTTP/3
2025-05-02 15:13:47,stallRate,14.0930001735687,50.5073517714755,TheEmptinessMachine,HTCP,L2A,HTTP/3
2025-05-02 15:13:49,stallRate,16.0930001735687,48.5453952500873,TheEmptinessMachine,HTCP,L2A,HTTP/3
2025-05-02 15:13:51,stallRate,18.0930001735687,41.9809980747745,TheEmptinessMachine,HTCP,L2A,HTTP/3
2025-05-02 15:13:53,stallRate,20.0930001735687,36.8332380462798,TheEmptinessMachine,HTCP,L2A,HTTP/3
2025-05-02 15:13:55,stallRate,22.0930001735687,32.7928787103276,TheEmptinessMachine,HTCP,L2A,HTTP/3
2025-05-02 15:13:57,stallRate,24.0930001735687,29.5504579108255,TheEmptinessMachine,HTCP,L2A,HTTP/3
2025-05-02 15:13:59,stallRate,26.0930001735687,26.9122116973667,TheEmptinessMachine,HTCP,L2A,HTTP/3
2025-05-02 15:14:01,stallRate,28.0930001735687,24.6917727178656,TheEmptinessMachine,HTCP,L2A,HTTP/3
2025-05-02 15:14:03,stallRate,30.0930001735687,25.6230485398825,TheEmptinessMachine,HTCP,L2A,HTTP/3
2025-05-02 15:14:07,stallRate,34.0930001735687,23.6252647428557,TheEmptinessMachine,HTCP,L2A,HTTP/3
2025-05-02 15:14:11,stallRate,38.0930001735687,27.9834408819656,TheEmptinessMachine,HTCP,L2A,HTTP/3
2025-05-02 15:14:13,stallRate,40.0930001735687,26.4394233431966,TheEmptinessMachine,HTCP,L2A,HTTP/3
2025-05-02 15:14:15,stallRate,42.0930001735687,25.0591853307344,TheEmptinessMachine,HTCP,L2A,HTTP/3
2025-05-02 15:14:17,stallRate,44.0930001735687,23.8160878665991,TheEmptinessMachine,HTCP,L2A,HTTP/3
2025-05-02 15:14:19,stallRate,46.0930001735687,22.686963169745,TheEmptinessMachine,HTCP,L2A,HTTP/3
2025-05-02 15:14:21,stallRate,48.0930001735687,21.664418493925,TheEmptinessMachine,HTCP,L2A,HTTP/3
2025-05-02 15:14:23,stallRate,50.0930001735687,20.7253566642258,TheEmptinessMachine,HTCP,L2A,HTTP/3
2025-05-02 15:14:25,stallRate,52.0930001735687,19.8714174284179,TheEmptinessMachine,HTCP,L2A,HTTP/3
2025-05-02 15:14:27,stallRate,54.0930001735687,19.0790249383119,TheEmptinessMachine,HTCP,L2A,HTTP/3
2025-05-02 15:14:29,stallRate,56.0930001735687,18.3473822802658,TheEmptinessMachine,HTCP,L2A,HTTP/3
2025-05-02 15:14:31,stallRate,58.0930001735687,17.6730690914275,TheEmptinessMachine,HTCP,L2A,HTTP/3
2025-05-02 15:14:33,stallRate,60.0930001735687,17.0448045886004,TheEmptinessMachine,HTCP,L2A,HTTP/3
2025-05-02 15:14:35,stallRate,62.0930001735687,17.1952814522557,TheEmptinessMachine,HTCP,L2A,HTTP/3
2025-05-02 15:14:39,stallRate,66.0930001735687,16.2982441169327,TheEmptinessMachine,HTCP,L2A,HTTP/3
2025-05-02 15:14:41,stallRate,68.0930001735687,15.7916525208445,TheEmptinessMachine,HTCP,L2A,HTTP/3
2025-05-02 15:14:43,stallRate,70.0930001735687,15.3137863804459,TheEmptinessMachine,HTCP,L2A,HTTP/3
2025-05-02 15:14:45,stallRate,72.0930001735687,14.8634722657,TheEmptinessMachine,HTCP,L2A,HTTP/3
2025-05-02 15:14:47,stallRate,74.0930001735687,14.4394622172495,TheEmptinessMachine,HTCP,L2A,HTTP/3
2025-05-02 15:14:49,stallRate,76.0930001735687,14.0397912633461,TheEmptinessMachine,HTCP,L2A,HTTP/3
2025-05-02 15:14:51,stallRate,78.0930001735687,13.6614869614108,TheEmptinessMachine,HTCP,L2A,HTTP/3
2025-05-02 15:14:53,stallRate,80.0930001735687,13.3032303352044,TheEmptinessMachine,HTCP,L2A,HTTP/3
2025-05-02 15:14:55,stallRate,82.0930001735687,12.9635795492281,TheEmptinessMachine,HTCP,L2A,HTTP/3
2025-05-02 15:14:57,stallRate,84.0930001735687,12.6405335370347,TheEmptinessMachine,HTCP,L2A,HTTP/3
2025-05-02 15:14:59,stallRate,86.0930001735687,12.3330529189019,TheEmptinessMachine,HTCP,L2A,HTTP/3
2025-05-02 15:15:01,stallRate,88.0930001735687,12.0404115903839,TheEmptinessMachine,HTCP,L2A,HTTP/3
2025-05-02 15:15:03,stallRate,90.0930001735687,12.5263167096886,TheEmptinessMachine,HTCP,L2A,HTTP/3
2025-05-02 15:15:07,stallRate,94.0930001735687,12.3472559537254,TheEmptinessMachine,HTCP,L2A,HTTP/3
2025-05-02 15:15:09,stallRate,96.0930001735687,12.0787504243181,TheEmptinessMachine,HTCP,L2A,HTTP/3
2025-05-02 15:15:11,stallRate,98.0930001735687,11.8201466970083,TheEmptinessMachine,HTCP,L2A,HTTP/3
2025-05-02 15:15:13,stallRate,100.093000173569,11.5746398482637,TheEmptinessMachine,HTCP,L2A,HTTP/3
2025-05-02 15:15:15,stallRate,102.093000173569,11.3373484625322,TheEmptinessMachine,HTCP,L2A,HTTP/3
2025-05-02 15:15:17,stallRate,104.093000173569,11.1109740826018,TheEmptinessMachine,HTCP,L2A,HTTP/3
2025-05-02 15:15:19,stallRate,106.093000173569,10.8927989105591,TheEmptinessMachine,HTCP,L2A,HTTP/3
2025-05-02 15:15:21,stallRate,108.093000173569,10.683628489613,TheEmptinessMachine,HTCP,L2A,HTTP/3
2025-05-02 15:15:23,stallRate,110.093000173569,10.4812326717353,TheEmptinessMachine,HTCP,L2A,HTTP/3
2025-05-02 15:15:25,stallRate,112.093000173569,10.2864507786203,TheEmptinessMachine,HTCP,L2A,HTTP/3
2025-05-02 15:15:27,stallRate,114.093000173569,10.099196141429,TheEmptinessMachine,HTCP,L2A,HTTP/3
2025-05-02 15:15:29,stallRate,116.093000173569,9.91866406643926,TheEmptinessMachine,HTCP,L2A,HTTP/3
2025-05-02 15:15:31,stallRate,118.093000173569,9.74471771187241,TheEmptinessMachine,HTCP,L2A,HTTP/3
2025-05-02 15:15:33,stallRate,120.093000173569,9.57665240560268,TheEmptinessMachine,HTCP,L2A,HTTP/3
2025-05-02 15:15:35,stallRate,122.093000173569,9.41439375193293,TheEmptinessMachine,HTCP,L2A,HTTP/3
2025-05-02 15:15:37,stallRate,124.093000173569,9.25606034979496,TheEmptinessMachine,HTCP,L2A,HTTP/3
2025-05-02 15:15:39,stallRate,126.093000173569,9.10477212521445,TheEmptinessMachine,HTCP,L2A,HTTP/3
2025-05-02 15:15:41,stallRate,128.093000173569,8.95747418998432,TheEmptinessMachine,HTCP,L2A,HTTP/3
2025-05-02 15:15:43,stallRate,130.093000173569,8.81501962471644,TheEmptinessMachine,HTCP,L2A,HTTP/3
2025-05-02 15:15:45,stallRate,132.093000173569,8.67636143210603,TheEmptinessMachine,HTCP,L2A,HTTP/3
2025-05-02 15:15:47,stallRate,134.093000173569,8.54309825517179,TheEmptinessMachine,HTCP,L2A,HTTP/3
2025-05-02 15:15:49,stallRate,136.093000173569,8.41347188307729,TheEmptinessMachine,HTCP,L2A,HTTP/3
2025-05-02 15:15:51,stallRate,138.093000173569,8.28810422245701,TheEmptinessMachine,HTCP,L2A,HTTP/3
2025-05-02 15:15:53,stallRate,140.093000173569,8.16652039341119,TheEmptinessMachine,HTCP,L2A,HTTP/3
2025-05-02 15:15:55,stallRate,142.093000173569,8.04846522770491,TheEmptinessMachine,HTCP,L2A,HTTP/3
2025-05-02 15:15:57,stallRate,144.093000173569,7.93354594119377,TheEmptinessMachine,HTCP,L2A,HTTP/3
2025-05-02 15:15:59,stallRate,146.093000173569,7.82182152213606,TheEmptinessMachine,HTCP,L2A,HTTP/3
2025-05-02 15:16:01,stallRate,148.093000173569,7.71312267822117,TheEmptinessMachine,HTCP,L2A,HTTP/3
2025-05-02 15:16:03,stallRate,150.093000173569,7.6069534593005,TheEmptinessMachine,HTCP,L2A,HTTP/3
2025-05-02 15:16:05,stallRate,152.093000173569,7.50373393611054,TheEmptinessMachine,HTCP,L2A,HTTP/3
2025-05-02 15:16:07,stallRate,154.093000173569,7.40341858601784,TheEmptinessMachine,HTCP,L2A,HTTP/3
2025-05-02 15:16:09,stallRate,156.093000173569,7.30595188110432,TheEmptinessMachine,HTCP,L2A,HTTP/3
2025-05-02 15:16:11,stallRate,158.093000173569,7.2110809753061,TheEmptinessMachine,HTCP,L2A,HTTP/3
2025-05-02 15:16:13,stallRate,160.093000173569,7.11876904035064,TheEmptinessMachine,HTCP,L2A,HTTP/3
2025-05-02 15:16:15,stallRate,162.093000173569,7.02863892431917,TheEmptinessMachine,HTCP,L2A,HTTP/3
2025-05-02 15:16:17,stallRate,164.093000173569,6.94082497697294,TheEmptinessMachine,HTCP,L2A,HTTP/3
2025-05-02 15:16:19,stallRate,166.093000173569,6.85474939563071,TheEmptinessMachine,HTCP,L2A,HTTP/3
2025-05-02 15:16:21,stallRate,168.093000173569,6.77078751026499,TheEmptinessMachine,HTCP,L2A,HTTP/3
2025-05-02 15:16:23,stallRate,170.093000173569,6.68903148530531,TheEmptinessMachine,HTCP,L2A,HTTP/3
2025-05-02 15:16:25,stallRate,172.093000173569,6.60916127946506,TheEmptinessMachine,HTCP,L2A,HTTP/3
2025-05-02 15:16:27,stallRate,174.093000173569,6.53153884302132,TheEmptinessMachine,HTCP,L2A,HTTP/3
2025-05-02 15:16:29,stallRate,176.093000173569,6.45521883949472,TheEmptinessMachine,HTCP,L2A,HTTP/3
2025-05-02 15:16:31,stallRate,178.093000173569,6.3814500211838,TheEmptinessMachine,HTCP,L2A,HTTP/3
2025-05-02 15:16:33,stallRate,180.093000173569,6.3086647865868,TheEmptinessMachine,HTCP,L2A,HTTP/3
2025-05-02 15:16:35,stallRate,182.093000173569,6.23800163991994,TheEmptinessMachine,HTCP,L2A,HTTP/3
2025-05-02 15:16:37,stallRate,184.093000173569,6.1683203532368,TheEmptinessMachine,HTCP,L2A,HTTP/3
2025-05-02 15:16:39,stallRate,186.093000173569,6.10044945361907,TheEmptinessMachine,HTCP,L2A,HTTP/3
2025-05-02 15:16:41,stallRate,188.093000173569,6.0337184869348,TheEmptinessMachine,HTCP,L2A,HTTP/3
2025-05-02 15:16:43,stallRate,190.093000173569,5.9691540826724,TheEmptinessMachine,HTCP,L2A,HTTP/3
2025-05-02 15:16:45,stallRate,192.093000173569,5.90532136952718,TheEmptinessMachine,HTCP,L2A,HTTP/3
2025-05-02 15:16:47,stallRate,194.093000173569,5.84301030992578,TheEmptinessMachine,HTCP,L2A,HTTP/3
2025-05-02 15:16:49,stallRate,196.093000173569,5.7821296120862,TheEmptinessMachine,HTCP,L2A,HTTP/3
2025-05-02 15:16:51,stallRate,198.093000173569,5.72250702088145,TheEmptinessMachine,HTCP,L2A,HTTP/3
2025-05-02 15:16:53,stallRate,200.093000173569,5.66409477678346,TheEmptinessMachine,HTCP,L2A,HTTP/3
2025-05-02 15:16:55,stallRate,202.093000173569,5.60676648951882,TheEmptinessMachine,HTCP,L2A,HTTP/3
2025-05-02 15:16:57,stallRate,204.093000173569,5.55081665036842,TheEmptinessMachine,HTCP,L2A,HTTP/3
2025-05-02 15:16:59,stallRate,206.093000173569,5.49562184363429,TheEmptinessMachine,HTCP,L2A,HTTP/3
2025-05-02 15:17:01,stallRate,208.093000173569,5.44182871048531,TheEmptinessMachine,HTCP,L2A,HTTP/3
2025-05-02 15:17:35,stallRate,4.29999995231628,0.0,TheEmptinessMachine,HTCP,RB,HTTP/1.1
2025-05-02 15:17:39,stallRate,8.29999995231628,0.0,TheEmptinessMachine,HTCP,RB,HTTP/1.1
2025-05-02 15:17:41,stallRate,10.2990000247955,0.0,TheEmptinessMachine,HTCP,RB,HTTP/1.1
2025-05-02 15:17:43,stallRate,12.2990000247955,0.0,TheEmptinessMachine,HTCP,RB,HTTP/1.1
2025-05-02 15:17:45,stallRate,14.2990000247955,7.64846623377418,TheEmptinessMachine,HTCP,RB,HTTP/1.1
2025-05-02 15:17:47,stallRate,16.2999999523163,6.48585688241907,TheEmptinessMachine,HTCP,RB,HTTP/1.1
2025-05-02 15:17:51,stallRate,20.2999999523163,4.96828157673291,TheEmptinessMachine,HTCP,RB,HTTP/1.1
2025-05-02 15:17:53,stallRate,22.2999999523163,4.44990711267558,TheEmptinessMachine,HTCP,RB,HTTP/1.1
2025-05-02 15:17:55,stallRate,24.2999999523163,4.02794236059111,TheEmptinessMachine,HTCP,RB,HTTP/1.1
2025-05-02 15:17:57,stallRate,26.2990000247955,3.67932722022193,TheEmptinessMachine,HTCP,RB,HTTP/1.1
2025-05-02 15:17:59,stallRate,28.2990000247955,3.38401739272256,TheEmptinessMachine,HTCP,RB,HTTP/1.1
2025-05-02 15:18:01,stallRate,30.2999999523163,3.13550943570292,TheEmptinessMachine,HTCP,RB,HTTP/1.1
2025-05-02 15:18:03,stallRate,32.2999999523163,2.91987638908433,TheEmptinessMachine,HTCP,RB,HTTP/1.1
2025-05-02 15:18:05,stallRate,34.2990000247955,2.73232225065843,TheEmptinessMachine,HTCP,RB,HTTP/1.1
2025-05-02 15:18:07,stallRate,36.2999999523163,2.56737678757131,TheEmptinessMachine,HTCP,RB,HTTP/1.1
2025-05-02 15:18:09,stallRate,38.2990000247955,2.42141808779576,TheEmptinessMachine,HTCP,RB,HTTP/1.1
2025-05-02 15:18:11,stallRate,40.2990000247955,2.29065529830486,TheEmptinessMachine,HTCP,RB,HTTP/1.1
2025-05-02 15:18:13,stallRate,42.2999999523163,2.17387424431711,TheEmptinessMachine,HTCP,RB,HTTP/1.1
2025-05-02 15:18:15,stallRate,44.2990000247955,2.06855262979258,TheEmptinessMachine,HTCP,RB,HTTP/1.1
2025-05-02 15:18:17,stallRate,46.2999999523163,1.97214332964428,TheEmptinessMachine,HTCP,RB,HTTP/1.1
2025-05-02 15:18:19,stallRate,48.2990000247955,1.88516211492016,TheEmptinessMachine,HTCP,RB,HTTP/1.1
2025-05-02 15:18:21,stallRate,50.2999999523163,1.80502796417741,TheEmptinessMachine,HTCP,RB,HTTP/1.1
2025-05-02 15:18:23,stallRate,52.2990000247955,1.73150389591127,TheEmptinessMachine,HTCP,RB,HTTP/1.1
2025-05-02 15:18:25,stallRate,54.2999999523163,1.66379781873867,TheEmptinessMachine,HTCP,RB,HTTP/1.1
2025-05-02 15:18:27,stallRate,56.2999999523163,1.60122261403596,TheEmptinessMachine,HTCP,RB,HTTP/1.1
2025-05-02 15:18:29,stallRate,58.2990000247955,1.54322907675271,TheEmptinessMachine,HTCP,RB,HTTP/1.1
2025-05-02 15:18:31,stallRate,60.2999999523163,1.48924907023894,TheEmptinessMachine,HTCP,RB,HTTP/1.1
2025-05-02 15:18:33,stallRate,62.2999999523163,1.43868065325658,TheEmptinessMachine,HTCP,RB,HTTP/1.1
2025-05-02 15:18:35,stallRate,64.2990000247955,1.39171091696831,TheEmptinessMachine,HTCP,RB,HTTP/1.1
2025-05-02 15:18:37,stallRate,66.2999999523163,1.34752312395509,TheEmptinessMachine,HTCP,RB,HTTP/1.1
2025-05-02 15:18:39,stallRate,68.2999999523163,1.30610646638287,TheEmptinessMachine,HTCP,RB,HTTP/1.1
2025-05-02 15:18:41,stallRate,70.2990000247955,1.26721475790602,TheEmptinessMachine,HTCP,RB,HTTP/1.1
2025-05-02 15:18:43,stallRate,72.2999999523163,1.23057725999697,TheEmptinessMachine,HTCP,RB,HTTP/1.1
2025-05-02 15:18:45,stallRate,74.2990000247955,1.19600239739783,TheEmptinessMachine,HTCP,RB,HTTP/1.1
2025-05-02 15:18:47,stallRate,76.2999999523163,1.16323439390695,TheEmptinessMachine,HTCP,RB,HTTP/1.1
2025-05-02 15:18:49,stallRate,78.2999999523163,1.13236388823144,TheEmptinessMachine,HTCP,RB,HTTP/1.1
2025-05-02 15:18:51,stallRate,80.2999999523163,1.10289304128857,TheEmptinessMachine,HTCP,RB,HTTP/1.1
2025-05-02 15:18:53,stallRate,82.2990000247955,1.07520019343249,TheEmptinessMachine,HTCP,RB,HTTP/1.1
2025-05-02 15:18:55,stallRate,84.2999999523163,1.04863635392898,TheEmptinessMachine,HTCP,RB,HTTP/1.1
2025-05-02 15:18:57,stallRate,86.2999999523163,1.0233632105491,TheEmptinessMachine,HTCP,RB,HTTP/1.1
2025-05-02 15:18:59,stallRate,88.2999999523163,0.99938572029571,TheEmptinessMachine,HTCP,RB,HTTP/1.1
2025-05-02 15:19:01,stallRate,90.2990000247955,0.976430740983795,TheEmptinessMachine,HTCP,RB,HTTP/1.1
2025-05-02 15:19:03,stallRate,92.2990000247955,0.954655690595098,TheEmptinessMachine,HTCP,RB,HTTP/1.1
2025-05-02 15:19:05,stallRate,94.2999999523163,0.933643906531238,TheEmptinessMachine,HTCP,RB,HTTP/1.1
2025-05-02 15:19:07,stallRate,96.2999999523163,0.913591302540835,TheEmptinessMachine,HTCP,RB,HTTP/1.1
2025-05-02 15:19:09,stallRate,98.2999999523163,0.894397430347093,TheEmptinessMachine,HTCP,RB,HTTP/1.1
2025-05-02 15:19:11,stallRate,100.299999952316,0.876009741092121,TheEmptinessMachine,HTCP,RB,HTTP/1.1
2025-05-02 15:19:13,stallRate,102.299999952316,0.858358626379734,TheEmptinessMachine,HTCP,RB,HTTP/1.1
2025-05-02 15:19:15,stallRate,104.299000024796,0.841395025502792,TheEmptinessMachine,HTCP,RB,HTTP/1.1
2025-05-02 15:19:17,stallRate,106.299000024796,0.825041615953315,TheEmptinessMachine,HTCP,RB,HTTP/1.1
2025-05-02 15:19:19,stallRate,108.299999952316,0.809386012181236,TheEmptinessMachine,HTCP,RB,HTTP/1.1
2025-05-02 15:19:21,stallRate,110.299000024796,0.794224904067263,TheEmptinessMachine,HTCP,RB,HTTP/1.1
2025-05-02 15:19:23,stallRate,112.299999952316,0.779750210036443,TheEmptinessMachine,HTCP,RB,HTTP/1.1
2025-05-02 15:19:25,stallRate,114.299000024796,0.765676143020712,TheEmptinessMachine,HTCP,RB,HTTP/1.1
2025-05-02 15:19:27,stallRate,116.299999952316,0.752098379528272,TheEmptinessMachine,HTCP,RB,HTTP/1.1
2025-05-02 15:19:29,stallRate,118.299999952316,0.739071553403657,TheEmptinessMachine,HTCP,RB,HTTP/1.1
2025-05-02 15:19:31,stallRate,120.299999952316,0.72644150730763,TheEmptinessMachine,HTCP,RB,HTTP/1.1
2025-05-02 15:19:33,stallRate,122.299999952316,0.714243338177788,TheEmptinessMachine,HTCP,RB,HTTP/1.1
2025-05-02 15:19:35,stallRate,124.299000024796,0.702467658402756,TheEmptinessMachine,HTCP,RB,HTTP/1.1
2025-05-02 15:19:37,stallRate,126.299000024796,0.691066899712517,TheEmptinessMachine,HTCP,RB,HTTP/1.1
2025-05-02 15:19:39,stallRate,128.299000024796,0.679969793999812,TheEmptinessMachine,HTCP,RB,HTTP/1.1
2025-05-02 15:19:41,stallRate,130.299999952316,0.669328418800868,TheEmptinessMachine,HTCP,RB,HTTP/1.1
2025-05-02 15:19:43,stallRate,132.299000024796,0.658927731595696,TheEmptinessMachine,HTCP,RB,HTTP/1.1
2025-05-02 15:19:45,stallRate,134.299000024796,0.648845694166052,TheEmptinessMachine,HTCP,RB,HTTP/1.1
2025-05-02 15:19:47,stallRate,136.299999952316,0.63912924125942,TheEmptinessMachine,HTCP,RB,HTTP/1.1
2025-05-02 15:19:49,stallRate,138.299000024796,0.629662139936039,TheEmptinessMachine,HTCP,RB,HTTP/1.1
2025-05-02 15:19:51,stallRate,140.299999952316,0.620420626383832,TheEmptinessMachine,HTCP,RB,HTTP/1.1
2025-05-02 15:19:53,stallRate,142.299999952316,0.611510467882392,TheEmptinessMachine,HTCP,RB,HTTP/1.1
2025-05-02 15:19:55,stallRate,144.299999952316,0.602829329532871,TheEmptinessMachine,HTCP,RB,HTTP/1.1
2025-05-02 15:19:57,stallRate,146.299999952316,0.594396163121396,TheEmptinessMachine,HTCP,RB,HTTP/1.1
2025-05-02 15:19:59,stallRate,148.299000024796,0.586246454394446,TheEmptinessMachine,HTCP,RB,HTTP/1.1
2025-05-02 15:20:01,stallRate,150.299000024796,0.578264289989427,TheEmptinessMachine,HTCP,RB,HTTP/1.1
2025-05-02 15:20:03,stallRate,152.299000024796,0.570514514434225,TheEmptinessMachine,HTCP,RB,HTTP/1.1
2025-05-02 15:20:05,stallRate,154.299999952316,0.562973683081676,TheEmptinessMachine,HTCP,RB,HTTP/1.1
2025-05-02 15:20:07,stallRate,156.299999952316,0.555623425523276,TheEmptinessMachine,HTCP,RB,HTTP/1.1
2025-05-02 15:20:09,stallRate,158.299000024796,0.548428516364088,TheEmptinessMachine,HTCP,RB,HTTP/1.1
2025-05-02 15:20:11,stallRate,160.299999952316,0.541421616998836,TheEmptinessMachine,HTCP,RB,HTTP/1.1
2025-05-02 15:20:13,stallRate,162.299999952316,0.53461659947364,TheEmptinessMachine,HTCP,RB,HTTP/1.1
2025-05-02 15:20:15,stallRate,164.299999952316,0.527982358840132,TheEmptinessMachine,HTCP,RB,HTTP/1.1
2025-05-02 15:20:17,stallRate,166.299000024796,0.52149620940843,TheEmptinessMachine,HTCP,RB,HTTP/1.1
2025-05-02 15:20:19,stallRate,168.299000024796,0.515161795267152,TheEmptinessMachine,HTCP,RB,HTTP/1.1
2025-05-02 15:20:23,stallRate,172.299000024796,0.502991575268042,TheEmptinessMachine,HTCP,RB,HTTP/1.1
2025-05-02 15:20:25,stallRate,174.299000024796,0.497113536489776,TheEmptinessMachine,HTCP,RB,HTTP/1.1
2025-05-02 15:20:27,stallRate,176.299999952316,0.491339606436182,TheEmptinessMachine,HTCP,RB,HTTP/1.1
2025-05-02 15:20:29,stallRate,178.299999952316,0.48576152839469,TheEmptinessMachine,HTCP,RB,HTTP/1.1
2025-05-02 15:20:31,stallRate,180.299999952316,0.48025657921935,TheEmptinessMachine,HTCP,RB,HTTP/1.1
2025-05-02 15:20:33,stallRate,182.299000024796,0.474915745935117,TheEmptinessMachine,HTCP,RB,HTTP/1.1
2025-05-02 15:20:35,stallRate,184.299999952316,0.469671805835343,TheEmptinessMachine,HTCP,RB,HTTP/1.1
2025-05-02 15:20:37,stallRate,186.299999952316,0.464532467923561,TheEmptinessMachine,HTCP,RB,HTTP/1.1
2025-05-02 15:20:39,stallRate,188.299999952316,0.459507160680382,TheEmptinessMachine,HTCP,RB,HTTP/1.1
2025-05-02 15:20:41,stallRate,190.299999952316,0.454602972795157,TheEmptinessMachine,HTCP,RB,HTTP/1.1
2025-05-02 15:20:43,stallRate,192.299000024796,0.449774404213527,TheEmptinessMachine,HTCP,RB,HTTP/1.1
2025-05-02 15:20:45,stallRate,194.299000024796,0.445052258263239,TheEmptinessMachine,HTCP,RB,HTTP/1.1
2025-05-02 15:20:47,stallRate,196.299999952316,0.440444868656235,TheEmptinessMachine,HTCP,RB,HTTP/1.1
2025-05-02 15:20:49,stallRate,198.299999952316,0.435934139238928,TheEmptinessMachine,HTCP,RB,HTTP/1.1
2025-05-02 15:20:51,stallRate,200.299999952316,0.431517731707197,TheEmptinessMachine,HTCP,RB,HTTP/1.1
2025-05-02 15:20:53,stallRate,202.299999952316,0.427194142748003,TheEmptinessMachine,HTCP,RB,HTTP/1.1
2025-05-02 15:20:55,stallRate,204.299999952316,0.422952618789135,TheEmptinessMachine,HTCP,RB,HTTP/1.1
2025-05-02 15:20:57,stallRate,206.299999952316,0.418769810106884,TheEmptinessMachine,HTCP,RB,HTTP/1.1
2025-05-02 15:21:37,stallRate,4.09699988365173,0.0,TheEmptinessMachine,HTCP,RB,HTTP/2
2025-05-02 15:21:39,stallRate,6.09699988365173,0.0,TheEmptinessMachine,HTCP,RB,HTTP/2
2025-05-02 15:21:41,stallRate,8.09699988365173,0.0,TheEmptinessMachine,HTCP,RB,HTTP/2
2025-05-02 15:21:43,stallRate,10.0969998836517,0.0,TheEmptinessMachine,HTCP,RB,HTTP/2
2025-05-02 15:22:09,stallRate,36.0969998836517,2.29633823247093,TheEmptinessMachine,HTCP,RB,HTTP/2
2025-05-02 15:22:11,stallRate,38.0969998836517,2.00797892658342,TheEmptinessMachine,HTCP,RB,HTTP/2
2025-05-02 15:22:13,stallRate,40.0969998836517,1.78966113297404,TheEmptinessMachine,HTCP,RB,HTTP/2
2025-05-02 15:22:15,stallRate,42.0969998836517,1.61201497585425,TheEmptinessMachine,HTCP,RB,HTTP/2
2025-05-02 15:22:17,stallRate,44.0969998836517,1.46547194277468,TheEmptinessMachine,HTCP,RB,HTTP/2
2025-05-02 15:22:19,stallRate,46.0969998836517,1.34357577351618,TheEmptinessMachine,HTCP,RB,HTTP/2
2025-05-02 15:22:21,stallRate,48.0969998836517,1.24029610393803,TheEmptinessMachine,HTCP,RB,HTTP/2
2025-05-02 15:22:23,stallRate,50.0969998836517,1.15183804647175,TheEmptinessMachine,HTCP,RB,HTTP/2
2025-05-02 15:22:25,stallRate,52.0969998836517,1.07490400627895,TheEmptinessMachine,HTCP,RB,HTTP/2
2025-05-02 15:22:27,stallRate,54.095999956131,1.00793177123415,TheEmptinessMachine,HTCP,RB,HTTP/2
2025-05-02 15:22:29,stallRate,56.0969998836517,0.948842729542329,TheEmptinessMachine,HTCP,RB,HTTP/2
2025-05-02 15:22:31,stallRate,58.0969998836517,0.895900679402164,TheEmptinessMachine,HTCP,RB,HTTP/2
2025-05-02 15:22:33,stallRate,60.095999956131,0.848738240459656,TheEmptinessMachine,HTCP,RB,HTTP/2
2025-05-02 15:22:35,stallRate,62.095999956131,0.806315835033811,TheEmptinessMachine,HTCP,RB,HTTP/2
2025-05-02 15:22:37,stallRate,64.0969998836517,0.768010718748662,TheEmptinessMachine,HTCP,RB,HTTP/2
2025-05-02 15:22:39,stallRate,66.0969998836517,0.733155647771443,TheEmptinessMachine,HTCP,RB,HTTP/2
2025-05-02 15:22:41,stallRate,68.0969998836517,0.7013278367751,TheEmptinessMachine,HTCP,RB,HTTP/2
2025-05-02 15:22:43,stallRate,70.0969998836517,0.671918227001232,TheEmptinessMachine,HTCP,RB,HTTP/2
2025-05-02 15:22:45,stallRate,72.0969998836517,0.645166051982732,TheEmptinessMachine,HTCP,RB,HTTP/2
2025-05-02 15:22:47,stallRate,74.0969998836517,0.620324220543831,TheEmptinessMachine,HTCP,RB,HTTP/2
2025-05-02 15:22:49,stallRate,76.0969998836517,0.597342341065357,TheEmptinessMachine,HTCP,RB,HTTP/2
2025-05-02 15:22:51,stallRate,78.0969998836517,0.576020065674677,TheEmptinessMachine,HTCP,RB,HTTP/2
2025-05-02 15:22:53,stallRate,80.095999956131,0.556186394234535,TheEmptinessMachine,HTCP,RB,HTTP/2
2025-05-02 15:22:55,stallRate,82.0969998836517,0.537598244494303,TheEmptinessMachine,HTCP,RB,HTTP/2
2025-05-02 15:22:57,stallRate,84.0969998836517,0.52030787687091,TheEmptinessMachine,HTCP,RB,HTTP/2
2025-05-02 15:22:59,stallRate,86.0969998836517,0.50409399853713,TheEmptinessMachine,HTCP,RB,HTTP/2
2025-05-02 15:23:01,stallRate,88.0969998836517,0.488737150089148,TheEmptinessMachine,HTCP,RB,HTTP/2
2025-05-02 15:23:03,stallRate,90.0969998836517,0.474358882877105,TheEmptinessMachine,HTCP,RB,HTTP/2
2025-05-02 15:23:05,stallRate,92.0969998836517,0.460803861805758,TheEmptinessMachine,HTCP,RB,HTTP/2
2025-05-02 15:23:07,stallRate,94.0969998836517,0.448036613164545,TheEmptinessMachine,HTCP,RB,HTTP/2
2025-05-02 15:23:09,stallRate,96.095999956131,0.435948744354114,TheEmptinessMachine,HTCP,RB,HTTP/2
2025-05-02 15:23:11,stallRate,98.0969998836517,0.424494160119043,TheEmptinessMachine,HTCP,RB,HTTP/2
2025-05-02 15:23:13,stallRate,100.095999956131,0.413629696727417,TheEmptinessMachine,HTCP,RB,HTTP/2
2025-05-02 15:23:15,stallRate,102.096999883652,0.403301594381995,TheEmptinessMachine,HTCP,RB,HTTP/2
2025-05-02 15:23:17,stallRate,104.096999883652,0.393477722502206,TheEmptinessMachine,HTCP,RB,HTTP/2
2025-05-02 15:23:19,stallRate,106.096999883652,0.384090212015661,TheEmptinessMachine,HTCP,RB,HTTP/2
2025-05-02 15:23:21,stallRate,108.095999956131,0.375179943431215,TheEmptinessMachine,HTCP,RB,HTTP/2
2025-05-02 15:23:23,stallRate,110.095999956131,0.366627219410268,TheEmptinessMachine,HTCP,RB,HTTP/2
2025-05-02 15:23:25,stallRate,112.095999956131,0.358462209954926,TheEmptinessMachine,HTCP,RB,HTTP/2
2025-05-02 15:23:27,stallRate,114.096999883652,0.350673621596116,TheEmptinessMachine,HTCP,RB,HTTP/2
2025-05-02 15:23:29,stallRate,116.095999956131,0.343219459226999,TheEmptinessMachine,HTCP,RB,HTTP/2
2025-05-02 15:23:31,stallRate,118.096999883652,0.336024070394529,TheEmptinessMachine,HTCP,RB,HTTP/2
2025-05-02 15:23:33,stallRate,120.096999883652,0.329199041312788,TheEmptinessMachine,HTCP,RB,HTTP/2
2025-05-02 15:23:35,stallRate,122.096999883652,0.32260288887363,TheEmptinessMachine,HTCP,RB,HTTP/2
2025-05-02 15:23:41,stallRate,128.096999883652,5.43094463494341,TheEmptinessMachine,HTCP,RB,HTTP/2
2025-05-02 15:23:43,stallRate,130.096999883652,5.33047040838832,TheEmptinessMachine,HTCP,RB,HTTP/2
2025-05-02 15:23:45,stallRate,132.096999883652,5.2336295853927,TheEmptinessMachine,HTCP,RB,HTTP/2
2025-05-02 15:23:47,stallRate,134.096999883652,5.14024153944378,TheEmptinessMachine,HTCP,RB,HTTP/2
2025-05-02 15:23:49,stallRate,136.096999883652,5.04985498056487,TheEmptinessMachine,HTCP,RB,HTTP/2
2025-05-02 15:23:51,stallRate,138.096999883652,4.96243925315137,TheEmptinessMachine,HTCP,RB,HTTP/2
2025-05-02 15:23:53,stallRate,140.096999883652,4.87813607104838,TheEmptinessMachine,HTCP,RB,HTTP/2
2025-05-02 15:23:55,stallRate,142.096999883652,4.79638053764351,TheEmptinessMachine,HTCP,RB,HTTP/2
2025-05-02 15:23:57,stallRate,144.096999883652,4.71789571873923,TheEmptinessMachine,HTCP,RB,HTTP/2
2025-05-02 15:23:59,stallRate,146.096999883652,4.64189853380218,TheEmptinessMachine,HTCP,RB,HTTP/2
2025-05-02 15:24:29,stallRate,176.096999883652,8.63594068307806,TheEmptinessMachine,HTCP,RB,HTTP/2
2025-05-02 15:24:31,stallRate,178.095999956131,8.50415054657899,TheEmptinessMachine,HTCP,RB,HTTP/2
2025-05-02 15:24:33,stallRate,180.096999883652,8.37751421613383,TheEmptinessMachine,HTCP,RB,HTTP/2
2025-05-02 15:24:35,stallRate,182.096999883652,8.25716712550889,TheEmptinessMachine,HTCP,RB,HTTP/2
2025-05-02 15:24:37,stallRate,184.096999883652,8.13785969784962,TheEmptinessMachine,HTCP,RB,HTTP/2
2025-05-02 15:24:39,stallRate,186.096999883652,8.02193956827158,TheEmptinessMachine,HTCP,RB,HTTP/2
2025-05-02 15:24:41,stallRate,188.095999956131,7.90950420167443,TheEmptinessMachine,HTCP,RB,HTTP/2
2025-05-02 15:24:43,stallRate,190.096999883652,7.80001319571225,TheEmptinessMachine,HTCP,RB,HTTP/2
2025-05-02 15:24:45,stallRate,192.096999883652,7.69359740877494,TheEmptinessMachine,HTCP,RB,HTTP/2
2025-05-02 15:24:47,stallRate,194.096999883652,7.58975099380292,TheEmptinessMachine,HTCP,RB,HTTP/2
2025-05-02 15:24:49,stallRate,196.096999883652,7.48844625467824,TheEmptinessMachine,HTCP,RB,HTTP/2
2025-05-02 15:24:51,stallRate,198.096999883652,7.38995996171694,TheEmptinessMachine,HTCP,RB,HTTP/2
2025-05-02 15:24:53,stallRate,200.096999883652,7.29423597300235,TheEmptinessMachine,HTCP,RB,HTTP/2
2025-05-02 15:24:55,stallRate,202.096999883652,7.20094874564278,TheEmptinessMachine,HTCP,RB,HTTP/2
2025-05-02 15:24:57,stallRate,204.096999883652,7.11010624528231,TheEmptinessMachine,HTCP,RB,HTTP/2
2025-05-02 15:24:59,stallRate,206.096999883652,7.02161282305698,TheEmptinessMachine,HTCP,RB,HTTP/2
2025-05-02 15:25:11,stallRate,218.096999883652,6.95082189867914,TheEmptinessMachine,HTCP,RB,HTTP/2
2025-05-02 15:25:41,stallRate,4.11700010299683,0.0,TheEmptinessMachine,HTCP,RB,HTTP/3
2025-05-02 15:25:43,stallRate,6.11700010299683,0.0,TheEmptinessMachine,HTCP,RB,HTTP/3
2025-05-02 15:25:45,stallRate,8.11700010299683,0.0,TheEmptinessMachine,HTCP,RB,HTTP/3
2025-05-02 15:25:47,stallRate,10.1170001029968,0.0,TheEmptinessMachine,HTCP,RB,HTTP/3
2025-05-02 15:25:49,stallRate,12.1170001029968,0.0,TheEmptinessMachine,HTCP,RB,HTTP/3
2025-05-02 15:25:51,stallRate,14.1170001029968,0.0,TheEmptinessMachine,HTCP,RB,HTTP/3
2025-05-02 15:25:53,stallRate,16.1170001029968,0.0,TheEmptinessMachine,HTCP,RB,HTTP/3
2025-05-02 15:25:55,stallRate,18.1170001029968,0.0,TheEmptinessMachine,HTCP,RB,HTTP/3
2025-05-02 15:25:57,stallRate,20.1170001029968,3.68744846091014,TheEmptinessMachine,HTCP,RB,HTTP/3
2025-05-02 15:25:59,stallRate,22.1170001029968,3.3038467734747,TheEmptinessMachine,HTCP,RB,HTTP/3
2025-05-02 15:26:01,stallRate,24.1170001029968,2.99217915470248,TheEmptinessMachine,HTCP,RB,HTTP/3
2025-05-02 15:26:03,stallRate,26.1170001029968,2.73441333635654,TheEmptinessMachine,HTCP,RB,HTTP/3
2025-05-02 15:26:05,stallRate,28.1170001029968,2.5180129337776,TheEmptinessMachine,HTCP,RB,HTTP/3
2025-05-02 15:26:07,stallRate,30.1170001029968,2.33320051544481,TheEmptinessMachine,HTCP,RB,HTTP/3
2025-05-02 15:26:09,stallRate,32.1170001029968,2.17288662035383,TheEmptinessMachine,HTCP,RB,HTTP/3
2025-05-02 15:26:11,stallRate,34.1170001029968,2.03410311493019,TheEmptinessMachine,HTCP,RB,HTTP/3
2025-05-02 15:26:13,stallRate,36.1170001029968,1.91157489829617,TheEmptinessMachine,HTCP,RB,HTTP/3
2025-05-02 15:26:15,stallRate,38.1170001029968,1.80296056835982,TheEmptinessMachine,HTCP,RB,HTTP/3
2025-05-02 15:26:17,stallRate,40.1170001029968,1.70572168859467,TheEmptinessMachine,HTCP,RB,HTTP/3
2025-05-02 15:26:19,stallRate,42.1170001029968,1.61902550534235,TheEmptinessMachine,HTCP,RB,HTTP/3
2025-05-02 15:26:21,stallRate,44.1170001029968,1.54069842605453,TheEmptinessMachine,HTCP,RB,HTTP/3
2025-05-02 15:26:23,stallRate,46.1170001029968,1.4691254557986,TheEmptinessMachine,HTCP,RB,HTTP/3
2025-05-02 15:26:25,stallRate,48.1170001029968,1.40452618529321,TheEmptinessMachine,HTCP,RB,HTTP/3
2025-05-02 15:26:27,stallRate,50.1170001029968,1.34499224099278,TheEmptinessMachine,HTCP,RB,HTTP/3
2025-05-02 15:26:29,stallRate,52.1170001029968,1.29032016292613,TheEmptinessMachine,HTCP,RB,HTTP/3
2025-05-02 15:26:31,stallRate,54.1170001029968,1.24001202034095,TheEmptinessMachine,HTCP,RB,HTTP/3
2025-05-02 15:26:33,stallRate,56.1170001029968,1.19348898582978,TheEmptinessMachine,HTCP,RB,HTTP/3
2025-05-02 15:26:35,stallRate,58.1170001029968,2.62295241269677,TheEmptinessMachine,HTCP,RB,HTTP/3
2025-05-02 15:26:37,stallRate,60.1170001029968,2.53102251588106,TheEmptinessMachine,HTCP,RB,HTTP/3
2025-05-02 15:26:39,stallRate,62.1170001029968,2.44600375905822,TheEmptinessMachine,HTCP,RB,HTTP/3
2025-05-02 15:26:41,stallRate,64.1170001029968,2.36597067182473,TheEmptinessMachine,HTCP,RB,HTTP/3
2025-05-02 15:26:43,stallRate,66.1170001029968,2.29115333309924,TheEmptinessMachine,HTCP,RB,HTTP/3
2025-05-02 15:26:45,stallRate,68.1170001029968,2.22095939306804,TheEmptinessMachine,HTCP,RB,HTTP/3
2025-05-02 15:26:47,stallRate,70.1170001029968,2.15503223964096,TheEmptinessMachine,HTCP,RB,HTTP/3
2025-05-02 15:26:49,stallRate,72.1170001029968,2.09288340741894,TheEmptinessMachine,HTCP,RB,HTTP/3
2025-05-02 15:26:51,stallRate,74.1170001029968,2.03422936819295,TheEmptinessMachine,HTCP,RB,HTTP/3
2025-05-02 15:26:53,stallRate,76.1170001029968,1.97856067728051,TheEmptinessMachine,HTCP,RB,HTTP/3
2025-05-02 15:26:55,stallRate,78.1170001029968,1.92612907540063,TheEmptinessMachine,HTCP,RB,HTTP/3
2025-05-02 15:26:57,stallRate,80.1170001029968,1.87608802414958,TheEmptinessMachine,HTCP,RB,HTTP/3
2025-05-02 15:26:59,stallRate,82.1170001029968,1.82859647017371,TheEmptinessMachine,HTCP,RB,HTTP/3
2025-05-02 15:27:01,stallRate,84.1170001029968,1.78359534439284,TheEmptinessMachine,HTCP,RB,HTTP/3
2025-05-02 15:27:03,stallRate,86.1170001029968,1.74078973281712,TheEmptinessMachine,HTCP,RB,HTTP/3
2025-05-02 15:27:05,stallRate,88.1170001029968,1.69982696573274,TheEmptinessMachine,HTCP,RB,HTTP/3
2025-05-02 15:27:07,stallRate,90.1170001029968,1.66096214705727,TheEmptinessMachine,HTCP,RB,HTTP/3
2025-05-02 15:27:09,stallRate,92.1170001029968,1.62385994045863,TheEmptinessMachine,HTCP,RB,HTTP/3
2025-05-02 15:27:11,stallRate,94.1170001029968,1.58809269699371,TheEmptinessMachine,HTCP,RB,HTTP/3
2025-05-02 15:27:13,stallRate,96.1170001029968,1.55418138331365,TheEmptinessMachine,HTCP,RB,HTTP/3
2025-05-02 15:27:15,stallRate,98.1170001029968,1.52150412683224,TheEmptinessMachine,HTCP,RB,HTTP/3
2025-05-02 15:27:17,stallRate,100.117000102997,1.49019490034818,TheEmptinessMachine,HTCP,RB,HTTP/3
2025-05-02 15:27:19,stallRate,102.115999937057,1.46019179587542,TheEmptinessMachine,HTCP,RB,HTTP/3
2025-05-02 15:27:21,stallRate,104.117000102997,1.43137042801953,TheEmptinessMachine,HTCP,RB,HTTP/3
2025-05-02 15:27:23,stallRate,106.117000102997,1.40353803502259,TheEmptinessMachine,HTCP,RB,HTTP/3
2025-05-02 15:27:25,stallRate,108.117000102997,1.37694154362062,TheEmptinessMachine,HTCP,RB,HTTP/3
2025-05-02 15:27:27,stallRate,110.117000102997,1.35134268313842,TheEmptinessMachine,HTCP,RB,HTTP/3
2025-05-02 15:27:29,stallRate,112.117000102997,1.32646704591787,TheEmptinessMachine,HTCP,RB,HTTP/3
2025-05-02 15:27:31,stallRate,114.117000102997,1.30259191284586,TheEmptinessMachine,HTCP,RB,HTTP/3
2025-05-02 15:27:33,stallRate,116.117000102997,1.27958389635334,TheEmptinessMachine,HTCP,RB,HTTP/3
2025-05-02 15:27:35,stallRate,118.117000102997,1.25743315184655,TheEmptinessMachine,HTCP,RB,HTTP/3
2025-05-02 15:27:37,stallRate,120.117000102997,1.23600758032181,TheEmptinessMachine,HTCP,RB,HTTP/3
2025-05-02 15:27:39,stallRate,122.117000102997,1.21530984020989,TheEmptinessMachine,HTCP,RB,HTTP/3
2025-05-02 15:27:41,stallRate,124.117000102997,1.1951930994013,TheEmptinessMachine,HTCP,RB,HTTP/3
2025-05-02 15:27:43,stallRate,126.117000102997,1.17585824506442,TheEmptinessMachine,HTCP,RB,HTTP/3
2025-05-02 15:27:45,stallRate,128.117000102997,1.1571329724714,TheEmptinessMachine,HTCP,RB,HTTP/3
2025-05-02 15:27:47,stallRate,130.117000102997,1.13885182195402,TheEmptinessMachine,HTCP,RB,HTTP/3
2025-05-02 15:27:49,stallRate,132.117000102997,1.12111774952891,TheEmptinessMachine,HTCP,RB,HTTP/3
2025-05-02 15:27:51,stallRate,134.115999937057,1.1040631088225,TheEmptinessMachine,HTCP,RB,HTTP/3
2025-05-02 15:27:53,stallRate,136.117000102997,1.08757520716341,TheEmptinessMachine,HTCP,RB,HTTP/3
2025-05-02 15:27:55,stallRate,138.117000102997,1.07152858833234,TheEmptinessMachine,HTCP,RB,HTTP/3
2025-05-02 15:27:57,stallRate,140.117000102997,1.05594623189026,TheEmptinessMachine,HTCP,RB,HTTP/3
2025-05-02 15:27:59,stallRate,142.117000102997,1.04067527505925,TheEmptinessMachine,HTCP,RB,HTTP/3
2025-05-02 15:28:01,stallRate,144.117000102997,1.02600557380869,TheEmptinessMachine,HTCP,RB,HTTP/3
2025-05-02 15:28:03,stallRate,146.117000102997,1.01166345479381,TheEmptinessMachine,HTCP,RB,HTTP/3
2025-05-02 15:28:05,stallRate,148.118000030518,0.997711436224025,TheEmptinessMachine,HTCP,RB,HTTP/3
2025-05-02 15:28:07,stallRate,150.117000102997,0.98417398384357,TheEmptinessMachine,HTCP,RB,HTTP/3
2025-05-02 15:28:09,stallRate,152.117000102997,0.970987845726391,TheEmptinessMachine,HTCP,RB,HTTP/3
2025-05-02 15:28:11,stallRate,154.117000102997,0.958121347829653,TheEmptinessMachine,HTCP,RB,HTTP/3
2025-05-02 15:28:13,stallRate,156.117000102997,0.945654326967965,TheEmptinessMachine,HTCP,RB,HTTP/3
2025-05-02 15:28:15,stallRate,158.117000102997,0.933507112459592,TheEmptinessMachine,HTCP,RB,HTTP/3
2025-05-02 15:28:17,stallRate,160.117000102997,0.921570004798169,TheEmptinessMachine,HTCP,RB,HTTP/3
2025-05-02 15:28:27,stallRate,170.117000102997,6.07999518399481,TheEmptinessMachine,HTCP,RB,HTTP/3
2025-05-02 15:28:29,stallRate,172.117000102997,6.00673144345527,TheEmptinessMachine,HTCP,RB,HTTP/3
2025-05-02 15:28:31,stallRate,174.117000102997,5.93510482979841,TheEmptinessMachine,HTCP,RB,HTTP/3
2025-05-02 15:28:33,stallRate,176.117000102997,5.86482784390048,TheEmptinessMachine,HTCP,RB,HTTP/3
2025-05-02 15:28:35,stallRate,178.117000102997,5.79634730192838,TheEmptinessMachine,HTCP,RB,HTTP/3
2025-05-02 15:28:37,stallRate,180.117000102997,5.7292282887939,TheEmptinessMachine,HTCP,RB,HTTP/3
2025-05-02 15:28:39,stallRate,182.117000102997,5.66415158783804,TheEmptinessMachine,HTCP,RB,HTTP/3
2025-05-02 15:28:41,stallRate,184.117000102997,5.60047038853608,TheEmptinessMachine,HTCP,RB,HTTP/3
2025-05-02 15:28:43,stallRate,186.117000102997,5.53800835524242,TheEmptinessMachine,HTCP,RB,HTTP/3
2025-05-02 15:28:45,stallRate,188.117000102997,5.47735827270468,TheEmptinessMachine,HTCP,RB,HTTP/3
2025-05-02 15:28:47,stallRate,190.117000102997,5.41761229586521,TheEmptinessMachine,HTCP,RB,HTTP/3
2025-05-02 15:28:49,stallRate,192.117000102997,5.35928101239077,TheEmptinessMachine,HTCP,RB,HTTP/3
2025-05-02 15:28:51,stallRate,194.117000102997,5.30222797222608,TheEmptinessMachine,HTCP,RB,HTTP/3
2025-05-02 15:28:53,stallRate,196.117000102997,5.24646394435095,TheEmptinessMachine,HTCP,RB,HTTP/3
2025-05-02 15:28:55,stallRate,198.117000102997,5.19146565849725,TheEmptinessMachine,HTCP,RB,HTTP/3
2025-05-02 15:28:57,stallRate,200.117000102997,5.13802808703348,TheEmptinessMachine,HTCP,RB,HTTP/3
2025-05-02 15:28:59,stallRate,202.117000102997,5.08529688460287,TheEmptinessMachine,HTCP,RB,HTTP/3
2025-05-02 15:29:01,stallRate,204.117000102997,5.03380437601799,TheEmptinessMachine,HTCP,RB,HTTP/3
2025-05-02 15:29:03,stallRate,206.117000102997,5.64876700298316,TheEmptinessMachine,HTCP,RB,HTTP/3
2025-05-02 15:29:05,stallRate,208.117000102997,5.59289481588828,TheEmptinessMachine,HTCP,RB,HTTP/3
2025-05-02 15:29:07,stallRate,210.117000102997,5.53772794806589,TheEmptinessMachine,HTCP,RB,HTTP/3
2025-05-02 15:29:37,stallRate,4.30299997329712,0.0,TheEmptinessMachine,HTCP,Throughput,HTTP/1.1
2025-05-02 15:29:39,stallRate,6.30299997329712,8.73763690683528,TheEmptinessMachine,HTCP,Throughput,HTTP/1.1
2025-05-02 15:29:41,stallRate,8.30200004577637,5.60440322745579,TheEmptinessMachine,HTCP,Throughput,HTTP/1.1
2025-05-02 15:29:43,stallRate,10.3029999732971,10.9832655656648,TheEmptinessMachine,HTCP,Throughput,HTTP/1.1
2025-05-02 15:29:45,stallRate,12.3020000457764,8.68166150974755,TheEmptinessMachine,HTCP,Throughput,HTTP/1.1
2025-05-02 15:29:47,stallRate,14.3029999732971,7.1776862450346,TheEmptinessMachine,HTCP,Throughput,HTTP/1.1
2025-05-02 15:29:51,stallRate,18.3020000457764,15.9525679503204,TheEmptinessMachine,HTCP,Throughput,HTTP/1.1
2025-05-02 15:29:53,stallRate,20.3020000457764,14.125617905951,TheEmptinessMachine,HTCP,Throughput,HTTP/1.1
2025-05-02 15:29:55,stallRate,22.3020000457764,12.6753544449611,TheEmptinessMachine,HTCP,Throughput,HTTP/1.1
2025-05-02 15:29:57,stallRate,24.3029999732971,11.4975018660736,TheEmptinessMachine,HTCP,Throughput,HTTP/1.1
2025-05-02 15:29:59,stallRate,26.3020000457764,10.5202635005621,TheEmptinessMachine,HTCP,Throughput,HTTP/1.1
2025-05-02 15:30:01,stallRate,28.3020000457764,9.69485967411301,TheEmptinessMachine,HTCP,Throughput,HTTP/1.1
2025-05-02 15:30:03,stallRate,30.3020000457764,8.99236262740418,TheEmptinessMachine,HTCP,Throughput,HTTP/1.1
2025-05-02 15:30:05,stallRate,32.3029999732971,8.38111050564543,TheEmptinessMachine,HTCP,Throughput,HTTP/1.1
2025-05-02 15:30:07,stallRate,34.3029999732971,7.84785563562256,TheEmptinessMachine,HTCP,Throughput,HTTP/1.1
2025-05-02 15:30:09,stallRate,36.3020000457764,7.37985752394408,TheEmptinessMachine,HTCP,Throughput,HTTP/1.1
2025-05-02 15:30:11,stallRate,38.3029999732971,6.96471613880234,TheEmptinessMachine,HTCP,Throughput,HTTP/1.1
2025-05-02 15:30:13,stallRate,40.3020000457764,6.59259634888189,TheEmptinessMachine,HTCP,Throughput,HTTP/1.1
2025-05-02 15:30:16,stallRate,42.4110000133514,6.24026050203377,TheEmptinessMachine,HTCP,Throughput,HTTP/1.1
2025-05-02 15:30:17,stallRate,44.3029999732971,5.9634224049693,TheEmptinessMachine,HTCP,Throughput,HTTP/1.1
2025-05-02 15:30:19,stallRate,46.3029999732971,5.6952792902451,TheEmptinessMachine,HTCP,Throughput,HTTP/1.1
2025-05-02 15:30:21,stallRate,48.3020000457764,5.4462317447176,TheEmptinessMachine,HTCP,Throughput,HTTP/1.1
2025-05-02 15:30:23,stallRate,50.3029999732971,5.21752312969405,TheEmptinessMachine,HTCP,Throughput,HTTP/1.1
2025-05-02 15:30:25,stallRate,52.3029999732971,5.00613695190595,TheEmptinessMachine,HTCP,Throughput,HTTP/1.1
2025-05-02 15:30:27,stallRate,54.3020000457764,4.81072118022355,TheEmptinessMachine,HTCP,Throughput,HTTP/1.1
2025-05-02 15:30:29,stallRate,56.3020000457764,4.62999944919968,TheEmptinessMachine,HTCP,Throughput,HTTP/1.1
2025-05-02 15:30:31,stallRate,58.3029999732971,4.46313334771117,TheEmptinessMachine,HTCP,Throughput,HTTP/1.1
2025-05-02 15:30:33,stallRate,60.3020000457764,4.30760333244861,TheEmptinessMachine,HTCP,Throughput,HTTP/1.1
2025-05-02 15:30:35,stallRate,62.3020000457764,4.16266376043612,TheEmptinessMachine,HTCP,Throughput,HTTP/1.1
2025-05-02 15:30:37,stallRate,64.3020000457764,4.02718235444557,TheEmptinessMachine,HTCP,Throughput,HTTP/1.1
2025-05-02 15:30:39,stallRate,66.3020000457764,3.9003500562424,TheEmptinessMachine,HTCP,Throughput,HTTP/1.1
2025-05-02 15:30:41,stallRate,68.3029999732971,3.78057840797857,TheEmptinessMachine,HTCP,Throughput,HTTP/1.1
2025-05-02 15:30:43,stallRate,70.3020000457764,3.66865673724733,TheEmptinessMachine,HTCP,Throughput,HTTP/1.1
2025-05-02 15:30:45,stallRate,72.3029999732971,3.56284625391924,TheEmptinessMachine,HTCP,Throughput,HTTP/1.1
2025-05-02 15:30:47,stallRate,74.3029999732971,3.46303446265845,TheEmptinessMachine,HTCP,Throughput,HTTP/1.1
2025-05-02 15:30:49,stallRate,76.3020000457764,3.36888937456495,TheEmptinessMachine,HTCP,Throughput,HTTP/1.1
2025-05-02 15:30:51,stallRate,78.3029999732971,3.27963384630227,TheEmptinessMachine,HTCP,Throughput,HTTP/1.1
2025-05-02 15:30:53,stallRate,80.3029999732971,3.19455339205906,TheEmptinessMachine,HTCP,Throughput,HTTP/1.1
2025-05-02 15:30:55,stallRate,82.3029999732971,3.11435150083345,TheEmptinessMachine,HTCP,Throughput,HTTP/1.1
2025-05-02 15:30:57,stallRate,84.3020000457764,3.05359317431343,TheEmptinessMachine,HTCP,Throughput,HTTP/1.1
2025-05-02 15:30:59,stallRate,86.3029999732971,2.98223389388197,TheEmptinessMachine,HTCP,Throughput,HTTP/1.1
2025-05-02 15:31:01,stallRate,88.3020000457764,2.91907405327417,TheEmptinessMachine,HTCP,Throughput,HTTP/1.1
2025-05-02 15:31:03,stallRate,90.3020000457764,2.85371470906834,TheEmptinessMachine,HTCP,Throughput,HTTP/1.1
2025-05-02 15:31:05,stallRate,92.3020000457764,2.79018484016052,TheEmptinessMachine,HTCP,Throughput,HTTP/1.1
2025-05-02 15:31:07,stallRate,94.3029999732971,2.72681014152654,TheEmptinessMachine,HTCP,Throughput,HTTP/1.1
2025-05-02 15:31:09,stallRate,96.3029999732971,2.6680341981401,TheEmptinessMachine,HTCP,Throughput,HTTP/1.1
2025-05-02 15:31:11,stallRate,98.3020000457764,2.61163497103416,TheEmptinessMachine,HTCP,Throughput,HTTP/1.1
2025-05-02 15:31:13,stallRate,100.302000045776,2.55685707434874,TheEmptinessMachine,HTCP,Throughput,HTTP/1.1
2025-05-02 15:31:15,stallRate,102.302000045776,2.50477838278388,TheEmptinessMachine,HTCP,Throughput,HTTP/1.1
2025-05-02 15:31:17,stallRate,104.302000045776,2.45512317125297,TheEmptinessMachine,HTCP,Throughput,HTTP/1.1
2025-05-02 15:31:19,stallRate,106.302000045776,2.40710744275871,TheEmptinessMachine,HTCP,Throughput,HTTP/1.1
2025-05-02 15:31:21,stallRate,108.302000045776,2.36130800491324,TheEmptinessMachine,HTCP,Throughput,HTTP/1.1
2025-05-02 15:31:23,stallRate,110.302000045776,2.31719682740249,TheEmptinessMachine,HTCP,Throughput,HTTP/1.1
2025-05-02 15:31:25,stallRate,112.302000045776,2.27452571014999,TheEmptinessMachine,HTCP,Throughput,HTTP/1.1
2025-05-02 15:31:27,stallRate,114.302000045776,2.23360106727628,TheEmptinessMachine,HTCP,Throughput,HTTP/1.1
2025-05-02 15:31:29,stallRate,116.302000045776,2.19386401635141,TheEmptinessMachine,HTCP,Throughput,HTTP/1.1
2025-05-02 15:31:31,stallRate,118.302999973297,2.15547837492208,TheEmptinessMachine,HTCP,Throughput,HTTP/1.1
2025-05-02 15:31:33,stallRate,120.302000045776,2.11855576698879,TheEmptinessMachine,HTCP,Throughput,HTTP/1.1
2025-05-02 15:31:35,stallRate,122.302999973297,2.08293462501355,TheEmptinessMachine,HTCP,Throughput,HTTP/1.1
2025-05-02 15:31:37,stallRate,124.302000045776,2.04851940255816,TheEmptinessMachine,HTCP,Throughput,HTTP/1.1
2025-05-02 15:31:39,stallRate,126.302000045776,2.0151817417856,TheEmptinessMachine,HTCP,Throughput,HTTP/1.1
2025-05-02 15:31:41,stallRate,128.302000045776,1.98274944123543,TheEmptinessMachine,HTCP,Throughput,HTTP/1.1
2025-05-02 15:31:43,stallRate,130.302999973297,1.95164433106174,TheEmptinessMachine,HTCP,Throughput,HTTP/1.1
2025-05-02 15:31:45,stallRate,132.302000045776,1.92123199595636,TheEmptinessMachine,HTCP,Throughput,HTTP/1.1
2025-05-02 15:31:47,stallRate,134.302999973297,1.89177871261977,TheEmptinessMachine,HTCP,Throughput,HTTP/1.1
2025-05-02 15:31:49,stallRate,136.302000045776,1.86327370809617,TheEmptinessMachine,HTCP,Throughput,HTTP/1.1
2025-05-02 15:31:51,stallRate,138.302000045776,1.83565731028394,TheEmptinessMachine,HTCP,Throughput,HTTP/1.1
2025-05-02 15:31:53,stallRate,140.302000045776,1.80886084235914,TheEmptinessMachine,HTCP,Throughput,HTTP/1.1
2025-05-02 15:31:55,stallRate,142.302000045776,1.78284554418877,TheEmptinessMachine,HTCP,Throughput,HTTP/1.1
2025-05-02 15:31:57,stallRate,144.302000045776,1.75741615316145,TheEmptinessMachine,HTCP,Throughput,HTTP/1.1
2025-05-02 15:31:59,stallRate,146.302000045776,1.73287028966792,TheEmptinessMachine,HTCP,Throughput,HTTP/1.1
2025-05-02 15:32:01,stallRate,148.302000045776,1.70892945187387,TheEmptinessMachine,HTCP,Throughput,HTTP/1.1
2025-05-02 15:32:03,stallRate,150.302000045776,1.68558766682023,TheEmptinessMachine,HTCP,Throughput,HTTP/1.1
2025-05-02 15:32:05,stallRate,152.302000045776,1.66305270803249,TheEmptinessMachine,HTCP,Throughput,HTTP/1.1
2025-05-02 15:32:07,stallRate,154.302999973297,1.6409432789513,TheEmptinessMachine,HTCP,Throughput,HTTP/1.1
2025-05-02 15:32:09,stallRate,156.302000045776,1.61958658109647,TheEmptinessMachine,HTCP,Throughput,HTTP/1.1
2025-05-02 15:32:11,stallRate,158.302999973297,1.59861727058135,TheEmptinessMachine,HTCP,Throughput,HTTP/1.1
2025-05-02 15:32:13,stallRate,160.302000045776,1.57832184708474,TheEmptinessMachine,HTCP,Throughput,HTTP/1.1
2025-05-02 15:32:15,stallRate,162.302000045776,1.55842955344226,TheEmptinessMachine,HTCP,Throughput,HTTP/1.1
2025-05-02 15:32:17,stallRate,164.302000045776,1.53902599716899,TheEmptinessMachine,HTCP,Throughput,HTTP/1.1
2025-05-02 15:32:19,stallRate,166.302000045776,1.52001057590971,TheEmptinessMachine,HTCP,Throughput,HTTP/1.1
2025-05-02 15:32:21,stallRate,168.302000045776,1.50150030717188,TheEmptinessMachine,HTCP,Throughput,HTTP/1.1
2025-05-02 15:32:23,stallRate,170.302000045776,1.48337103724841,TheEmptinessMachine,HTCP,Throughput,HTTP/1.1
2025-05-02 15:32:25,stallRate,172.302999973297,1.46582066938595,TheEmptinessMachine,HTCP,Throughput,HTTP/1.1
2025-05-02 15:32:27,stallRate,174.302000045776,1.44861909353147,TheEmptinessMachine,HTCP,Throughput,HTTP/1.1
2025-05-02 15:32:29,stallRate,176.302000045776,1.4318395582354,TheEmptinessMachine,HTCP,Throughput,HTTP/1.1
2025-05-02 15:32:31,stallRate,178.302000045776,1.4154039607917,TheEmptinessMachine,HTCP,Throughput,HTTP/1.1
2025-05-02 15:32:33,stallRate,180.302999973297,1.39943338723411,TheEmptinessMachine,HTCP,Throughput,HTTP/1.1
2025-05-02 15:32:35,stallRate,182.302000045776,1.38382224065196,TheEmptinessMachine,HTCP,Throughput,HTTP/1.1
2025-05-02 15:32:37,stallRate,184.302999973297,1.36844139043065,TheEmptinessMachine,HTCP,Throughput,HTTP/1.1
2025-05-02 15:32:39,stallRate,186.302000045776,1.35354573224325,TheEmptinessMachine,HTCP,Throughput,HTTP/1.1
2025-05-02 15:32:41,stallRate,188.302000045776,1.33887992162935,TheEmptinessMachine,HTCP,Throughput,HTTP/1.1
2025-05-02 15:32:43,stallRate,190.302000045776,1.32453599532325,TheEmptinessMachine,HTCP,Throughput,HTTP/1.1
2025-05-02 15:32:45,stallRate,192.302999973297,1.3105114179135,TheEmptinessMachine,HTCP,Throughput,HTTP/1.1
2025-05-02 15:32:47,stallRate,194.302999973297,1.2967903285217,TheEmptinessMachine,HTCP,Throughput,HTTP/1.1
2025-05-02 15:32:49,stallRate,196.302999973297,1.28325041957793,TheEmptinessMachine,HTCP,Throughput,HTTP/1.1
2025-05-02 15:32:51,stallRate,198.302000045776,1.2701312178041,TheEmptinessMachine,HTCP,Throughput,HTTP/1.1
2025-05-02 15:32:53,stallRate,200.302000045776,1.25721011010159,TheEmptinessMachine,HTCP,Throughput,HTTP/1.1
2025-05-02 15:32:55,stallRate,202.302999973297,1.24455400813958,TheEmptinessMachine,HTCP,Throughput,HTTP/1.1
2025-05-02 15:32:57,stallRate,204.302000045776,1.23210063272985,TheEmptinessMachine,HTCP,Throughput,HTTP/1.1
2025-05-02 15:32:59,stallRate,206.302999973297,1.21997548860263,TheEmptinessMachine,HTCP,Throughput,HTTP/1.1
2025-05-02 15:33:36,stallRate,2.12999987602234,0.0,TheEmptinessMachine,HTCP,Throughput,HTTP/2
2025-05-02 15:33:38,stallRate,4.12899994850159,0.0,TheEmptinessMachine,HTCP,Throughput,HTTP/2
2025-05-02 15:33:40,stallRate,6.12899994850159,0.0,TheEmptinessMachine,HTCP,Throughput,HTTP/2
2025-05-02 15:33:42,stallRate,8.12899994850159,0.0,TheEmptinessMachine,HTCP,Throughput,HTTP/2
2025-05-02 15:33:54,stallRate,20.1289999485016,78.8760217510598,TheEmptinessMachine,HTCP,Throughput,HTTP/2
2025-05-02 15:33:56,stallRate,22.1289999485016,65.5646145399749,TheEmptinessMachine,HTCP,Throughput,HTTP/2
2025-05-02 15:33:58,stallRate,24.1289999485016,70.7438350352068,TheEmptinessMachine,HTCP,Throughput,HTTP/2
2025-05-02 15:34:00,stallRate,26.1299998760223,62.0838629180474,TheEmptinessMachine,HTCP,Throughput,HTTP/2
2025-05-02 15:34:02,stallRate,28.1289999485016,57.2787757940751,TheEmptinessMachine,HTCP,Throughput,HTTP/2
2025-05-02 15:34:04,stallRate,30.1289999485016,51.0507697327483,TheEmptinessMachine,HTCP,Throughput,HTTP/2
2025-05-02 15:34:10,stallRate,36.1289999485016,53.1972826658581,TheEmptinessMachine,HTCP,Throughput,HTTP/2
2025-05-02 15:34:12,stallRate,38.1289999485016,50.5152728620277,TheEmptinessMachine,HTCP,Throughput,HTTP/2
2025-05-02 15:34:16,stallRate,42.1289999485016,44.7293735767053,TheEmptinessMachine,HTCP,Throughput,HTTP/2
2025-05-02 15:34:18,stallRate,44.1289999485016,42.4758371641315,TheEmptinessMachine,HTCP,Throughput,HTTP/2
2025-05-02 15:34:20,stallRate,46.1289999485016,40.0096480496461,TheEmptinessMachine,HTCP,Throughput,HTTP/2
2025-05-02 15:34:22,stallRate,48.1289999485016,37.8121821011344,TheEmptinessMachine,HTCP,Throughput,HTTP/2
2025-05-02 15:34:24,stallRate,50.1289999485016,35.8339568720267,TheEmptinessMachine,HTCP,Throughput,HTTP/2
2025-05-02 15:34:26,stallRate,52.1289999485016,34.0628683871761,TheEmptinessMachine,HTCP,Throughput,HTTP/2
2025-05-02 15:34:28,stallRate,54.1289999485016,32.4550546649218,TheEmptinessMachine,HTCP,Throughput,HTTP/2
2025-05-02 15:34:30,stallRate,56.1289999485016,30.9909994675377,TheEmptinessMachine,HTCP,Throughput,HTTP/2
2025-05-02 15:34:32,stallRate,58.1289999485016,29.6614691153975,TheEmptinessMachine,HTCP,Throughput,HTTP/2
2025-05-02 15:34:34,stallRate,60.1289999485016,28.435079490332,TheEmptinessMachine,HTCP,Throughput,HTTP/2
2025-05-02 15:34:36,stallRate,62.1289999485016,27.3063395280761,TheEmptinessMachine,HTCP,Throughput,HTTP/2
2025-05-02 15:34:38,stallRate,64.1289999485016,26.2650039523698,TheEmptinessMachine,HTCP,Throughput,HTTP/2
2025-05-02 15:34:40,stallRate,66.1289999485016,25.3003380037043,TheEmptinessMachine,HTCP,Throughput,HTTP/2
2025-05-02 15:34:42,stallRate,68.1289999485016,24.3990190191117,TheEmptinessMachine,HTCP,Throughput,HTTP/2
2025-05-02 15:34:44,stallRate,70.1289999485016,23.56477331717,TheEmptinessMachine,HTCP,Throughput,HTTP/2
2025-05-02 15:34:46,stallRate,72.1289999485016,22.7830376834304,TheEmptinessMachine,HTCP,Throughput,HTTP/2
2025-05-02 15:34:48,stallRate,74.1289999485016,22.0522798596058,TheEmptinessMachine,HTCP,Throughput,HTTP/2
2025-05-02 15:34:50,stallRate,76.1289999485016,21.3677002050189,TheEmptinessMachine,HTCP,Throughput,HTTP/2
2025-05-02 15:34:52,stallRate,78.1289999485016,20.7241849066812,TheEmptinessMachine,HTCP,Throughput,HTTP/2
2025-05-02 15:34:54,stallRate,80.1289999485016,20.1157798218023,TheEmptinessMachine,HTCP,Throughput,HTTP/2
2025-05-02 15:34:56,stallRate,82.1289999485016,19.5426357540862,TheEmptinessMachine,HTCP,Throughput,HTTP/2
2025-05-02 15:34:58,stallRate,84.1289999485016,19.0028475671573,TheEmptinessMachine,HTCP,Throughput,HTTP/2
2025-05-02 15:35:00,stallRate,86.1289999485016,18.4922960791975,TheEmptinessMachine,HTCP,Throughput,HTTP/2
2025-05-02 15:35:02,stallRate,88.1289999485016,18.0070701061309,TheEmptinessMachine,HTCP,Throughput,HTTP/2
2025-05-02 15:35:04,stallRate,90.1289999485016,17.5489447390982,TheEmptinessMachine,HTCP,Throughput,HTTP/2
2025-05-02 15:35:06,stallRate,92.1289999485016,17.114001472945,TheEmptinessMachine,HTCP,Throughput,HTTP/2
2025-05-02 15:35:08,stallRate,94.1289999485016,16.6986561466551,TheEmptinessMachine,HTCP,Throughput,HTTP/2
2025-05-02 15:35:10,stallRate,96.1289999485016,16.3043351988298,TheEmptinessMachine,HTCP,Throughput,HTTP/2
2025-05-02 15:35:12,stallRate,98.1289999485016,15.9258888202807,TheEmptinessMachine,HTCP,Throughput,HTTP/2
2025-05-02 15:35:14,stallRate,100.128999948502,15.5644365062317,TheEmptinessMachine,HTCP,Throughput,HTTP/2
2025-05-02 15:35:16,stallRate,102.128999948502,15.2199839474024,TheEmptinessMachine,HTCP,Throughput,HTTP/2
2025-05-02 15:35:18,stallRate,104.128999948502,14.8908963964789,TheEmptinessMachine,HTCP,Throughput,HTTP/2
2025-05-02 15:35:20,stallRate,106.128999948502,14.5761551762982,TheEmptinessMachine,HTCP,Throughput,HTTP/2
2025-05-02 15:35:22,stallRate,108.128999948502,14.2739389756447,TheEmptinessMachine,HTCP,Throughput,HTTP/2
2025-05-02 15:35:24,stallRate,110.128999948502,13.9842138287371,TheEmptinessMachine,HTCP,Throughput,HTTP/2
2025-05-02 15:35:26,stallRate,112.128999948502,13.7036781998846,TheEmptinessMachine,HTCP,Throughput,HTTP/2
2025-05-02 15:35:28,stallRate,114.128999948502,13.4373425803718,TheEmptinessMachine,HTCP,Throughput,HTTP/2
2025-05-02 15:35:30,stallRate,116.128999948502,13.1795009462372,TheEmptinessMachine,HTCP,Throughput,HTTP/2
2025-05-02 15:35:32,stallRate,118.128999948502,12.9317165749591,TheEmptinessMachine,HTCP,Throughput,HTTP/2
2025-05-02 15:35:34,stallRate,120.128999948502,12.6933328319163,TheEmptinessMachine,HTCP,Throughput,HTTP/2
2025-05-02 15:35:36,stallRate,122.128999948502,12.4636391315298,TheEmptinessMachine,HTCP,Throughput,HTTP/2
2025-05-02 15:35:38,stallRate,124.128999948502,12.2410721726151,TheEmptinessMachine,HTCP,Throughput,HTTP/2
2025-05-02 15:35:40,stallRate,126.128999948502,12.0277180952093,TheEmptinessMachine,HTCP,Throughput,HTTP/2
2025-05-02 15:35:42,stallRate,128.128999948502,11.8216242348925,TheEmptinessMachine,HTCP,Throughput,HTTP/2
2025-05-02 15:35:44,stallRate,130.128999948502,11.6210329139177,TheEmptinessMachine,HTCP,Throughput,HTTP/2
2025-05-02 15:35:46,stallRate,132.128999948502,11.427829358363,TheEmptinessMachine,HTCP,Throughput,HTTP/2
2025-05-02 15:35:48,stallRate,134.128999948502,11.2410653554296,TheEmptinessMachine,HTCP,Throughput,HTTP/2
2025-05-02 15:35:50,stallRate,136.128999948502,11.0608089094951,TheEmptinessMachine,HTCP,Throughput,HTTP/2
2025-05-02 15:35:52,stallRate,138.128999948502,10.8860294724822,TheEmptinessMachine,HTCP,Throughput,HTTP/2
2025-05-02 15:35:54,stallRate,140.128999948502,10.7166507099268,TheEmptinessMachine,HTCP,Throughput,HTTP/2
2025-05-02 15:35:56,stallRate,142.128999948502,10.5517819260152,TheEmptinessMachine,HTCP,Throughput,HTTP/2
2025-05-02 15:35:58,stallRate,144.132999897003,10.3916585007221,TheEmptinessMachine,HTCP,Throughput,HTTP/2
2025-05-02 15:36:00,stallRate,146.128999948502,10.237159549718,TheEmptinessMachine,HTCP,Throughput,HTTP/2
2025-05-02 15:36:02,stallRate,148.128999948502,10.0873209543999,TheEmptinessMachine,HTCP,Throughput,HTTP/2
2025-05-02 15:36:04,stallRate,150.128999948502,9.94088903829267,TheEmptinessMachine,HTCP,Throughput,HTTP/2
2025-05-02 15:36:06,stallRate,152.128999948502,9.79967544164203,TheEmptinessMachine,HTCP,Throughput,HTTP/2
2025-05-02 15:36:08,stallRate,154.128999948502,9.66204269419748,TheEmptinessMachine,HTCP,Throughput,HTTP/2
2025-05-02 15:36:10,stallRate,156.128999948502,9.52796580491655,TheEmptinessMachine,HTCP,Throughput,HTTP/2
2025-05-02 15:36:12,stallRate,158.128999948502,9.39849772151322,TheEmptinessMachine,HTCP,Throughput,HTTP/2
2025-05-02 15:36:14,stallRate,160.128999948502,9.27154202607522,TheEmptinessMachine,HTCP,Throughput,HTTP/2
2025-05-02 15:36:16,stallRate,162.128999948502,9.14820375918832,TheEmptinessMachine,HTCP,Throughput,HTTP/2
2025-05-02 15:36:18,stallRate,164.128999948502,9.02824299289134,TheEmptinessMachine,HTCP,Throughput,HTTP/2
2025-05-02 15:36:20,stallRate,166.128999948502,8.91151505604953,TheEmptinessMachine,HTCP,Throughput,HTTP/2
2025-05-02 15:36:22,stallRate,168.128999948502,8.7971140344433,TheEmptinessMachine,HTCP,Throughput,HTTP/2
2025-05-02 15:36:24,stallRate,170.128999948502,8.68568068127679,TheEmptinessMachine,HTCP,Throughput,HTTP/2
2025-05-02 15:36:26,stallRate,172.128999948502,8.57683443980748,TheEmptinessMachine,HTCP,Throughput,HTTP/2
2025-05-02 15:36:28,stallRate,174.128999948502,8.4708358658888,TheEmptinessMachine,HTCP,Throughput,HTTP/2
2025-05-02 15:36:30,stallRate,176.128999948502,8.36829273049378,TheEmptinessMachine,HTCP,Throughput,HTTP/2
2025-05-02 15:36:32,stallRate,178.128999948502,8.26755010620788,TheEmptinessMachine,HTCP,Throughput,HTTP/2
2025-05-02 15:36:34,stallRate,180.128999948502,8.16939316572803,TheEmptinessMachine,HTCP,Throughput,HTTP/2
2025-05-02 15:36:36,stallRate,182.128999948502,8.07305957424556,TheEmptinessMachine,HTCP,Throughput,HTTP/2
2025-05-02 15:36:38,stallRate,184.128999948502,7.97918224210223,TheEmptinessMachine,HTCP,Throughput,HTTP/2
2025-05-02 15:36:40,stallRate,186.128999948502,7.88773467928419,TheEmptinessMachine,HTCP,Throughput,HTTP/2
2025-05-02 15:36:42,stallRate,188.128999948502,7.79842825881893,TheEmptinessMachine,HTCP,Throughput,HTTP/2
2025-05-02 15:36:44,stallRate,190.128999948502,7.71132712009066,TheEmptinessMachine,HTCP,Throughput,HTTP/2
2025-05-02 15:36:46,stallRate,192.128999948502,7.62596199064206,TheEmptinessMachine,HTCP,Throughput,HTTP/2
2025-05-02 15:36:48,stallRate,194.128999948502,7.54249504070809,TheEmptinessMachine,HTCP,Throughput,HTTP/2
2025-05-02 15:36:50,stallRate,196.128999948502,7.46088466689004,TheEmptinessMachine,HTCP,Throughput,HTTP/2
2025-05-02 15:36:52,stallRate,198.128999948502,7.38053113582715,TheEmptinessMachine,HTCP,Throughput,HTTP/2
2025-05-02 15:36:54,stallRate,200.128999948502,7.30190419418138,TheEmptinessMachine,HTCP,Throughput,HTTP/2
2025-05-02 15:36:56,stallRate,202.128999948502,7.22546702452663,TheEmptinessMachine,HTCP,Throughput,HTTP/2
2025-05-02 15:36:58,stallRate,204.128999948502,7.15032759372571,TheEmptinessMachine,HTCP,Throughput,HTTP/2
2025-05-02 15:37:00,stallRate,206.128999948502,7.07677844877329,TheEmptinessMachine,HTCP,Throughput,HTTP/2
2025-05-02 15:37:02,stallRate,208.128999948502,7.00455987374732,TheEmptinessMachine,HTCP,Throughput,HTTP/2
2025-05-02 15:37:04,stallRate,210.128999948502,6.9341728312444,TheEmptinessMachine,HTCP,Throughput,HTTP/2
2025-05-02 15:37:06,stallRate,212.128999948502,6.86476975367631,TheEmptinessMachine,HTCP,Throughput,HTTP/2
2025-05-02 15:37:08,stallRate,214.128999948502,6.79680542429139,TheEmptinessMachine,HTCP,Throughput,HTTP/2
2025-05-02 15:37:37,stallRate,4.10000014305115,0.0,TheEmptinessMachine,HTCP,Throughput,HTTP/3
2025-05-02 15:37:43,stallRate,10.1000001430511,41.0580514581008,TheEmptinessMachine,HTCP,Throughput,HTTP/3
2025-05-02 15:37:45,stallRate,12.1000001430511,32.1152955999366,TheEmptinessMachine,HTCP,Throughput,HTTP/3
2025-05-02 15:37:47,stallRate,14.1000001430511,26.3730168472488,TheEmptinessMachine,HTCP,Throughput,HTTP/3
2025-05-02 15:37:49,stallRate,16.1000001430511,22.3842591930845,TheEmptinessMachine,HTCP,Throughput,HTTP/3
2025-05-02 15:37:51,stallRate,18.1000001430511,19.4398722776076,TheEmptinessMachine,HTCP,Throughput,HTTP/3
2025-05-02 15:37:53,stallRate,20.1000001430511,17.1671851342711,TheEmptinessMachine,HTCP,Throughput,HTTP/3
2025-05-02 15:37:55,stallRate,22.1000001430511,15.38877037455,TheEmptinessMachine,HTCP,Throughput,HTTP/3
2025-05-02 15:37:57,stallRate,24.1000001430511,13.9322615306042,TheEmptinessMachine,HTCP,Throughput,HTTP/3
2025-05-02 15:37:59,stallRate,26.1010000705719,12.7343622796315,TheEmptinessMachine,HTCP,Throughput,HTTP/3
2025-05-02 15:38:01,stallRate,28.1000001430511,11.7229627510727,TheEmptinessMachine,HTCP,Throughput,HTTP/3
2025-05-02 15:38:03,stallRate,30.1000001430511,10.8588205194979,TheEmptinessMachine,HTCP,Throughput,HTTP/3
2025-05-02 15:38:05,stallRate,32.1000001430511,10.1182237593059,TheEmptinessMachine,HTCP,Throughput,HTTP/3
2025-05-02 15:38:07,stallRate,34.1000001430511,9.46724195715594,TheEmptinessMachine,HTCP,Throughput,HTTP/3
2025-05-02 15:38:09,stallRate,36.1000001430511,8.8963000140705,TheEmptinessMachine,HTCP,Throughput,HTTP/3
2025-05-02 15:38:11,stallRate,38.1000001430511,8.3878975285827,TheEmptinessMachine,HTCP,Throughput,HTTP/3
2025-05-02 15:38:13,stallRate,40.1000001430511,7.93702108555857,TheEmptinessMachine,HTCP,Throughput,HTTP/3
2025-05-02 15:38:15,stallRate,42.1000001430511,7.53151957534709,TheEmptinessMachine,HTCP,Throughput,HTTP/3
2025-05-02 15:38:17,stallRate,44.1000001430511,7.16545237776129,TheEmptinessMachine,HTCP,Throughput,HTTP/3
2025-05-02 15:38:19,stallRate,46.1000001430511,6.83432833497261,TheEmptinessMachine,HTCP,Throughput,HTTP/3
2025-05-02 15:38:21,stallRate,48.1000001430511,6.53230982366737,TheEmptinessMachine,HTCP,Throughput,HTTP/3
2025-05-02 15:38:23,stallRate,50.1000001430511,6.25428165440619,TheEmptinessMachine,HTCP,Throughput,HTTP/3
2025-05-02 15:38:25,stallRate,52.1000001430511,6.00060031587341,TheEmptinessMachine,HTCP,Throughput,HTTP/3
2025-05-02 15:38:27,stallRate,54.1000001430511,5.76585499512135,TheEmptinessMachine,HTCP,Throughput,HTTP/3
2025-05-02 15:38:29,stallRate,56.1000001430511,5.54888240527202,TheEmptinessMachine,HTCP,Throughput,HTTP/3
2025-05-02 15:38:31,stallRate,58.1000001430511,5.34798058351682,TheEmptinessMachine,HTCP,Throughput,HTTP/3
2025-05-02 15:38:33,stallRate,60.1000001430511,5.16112887393057,TheEmptinessMachine,HTCP,Throughput,HTTP/3
2025-05-02 15:38:35,stallRate,62.1000001430511,4.9869975396001,TheEmptinessMachine,HTCP,Throughput,HTTP/3
2025-05-02 15:38:37,stallRate,64.1000001430511,4.82370934373633,TheEmptinessMachine,HTCP,Throughput,HTTP/3
2025-05-02 15:38:45,stallRate,72.1000001430511,12.7042884228918,TheEmptinessMachine,HTCP,Throughput,HTTP/3
2025-05-02 15:38:47,stallRate,74.1000001430511,12.3358320347169,TheEmptinessMachine,HTCP,Throughput,HTTP/3
2025-05-02 15:38:49,stallRate,76.1010000705719,11.9876107169959,TheEmptinessMachine,HTCP,Throughput,HTTP/3
2025-05-02 15:38:51,stallRate,78.1000001430511,11.6603469857547,TheEmptinessMachine,HTCP,Throughput,HTTP/3
2025-05-02 15:38:53,stallRate,80.1000001430511,11.348645624198,TheEmptinessMachine,HTCP,Throughput,HTTP/3
2025-05-02 15:38:55,stallRate,82.1000001430511,11.0533583296553,TheEmptinessMachine,HTCP,Throughput,HTTP/3
2025-05-02 15:38:57,stallRate,84.1000001430511,10.7738559962015,TheEmptinessMachine,HTCP,Throughput,HTTP/3
2025-05-02 15:38:59,stallRate,86.1000001430511,10.5083093284382,TheEmptinessMachine,HTCP,Throughput,HTTP/3
2025-05-02 15:39:01,stallRate,88.1000001430511,10.254648047855,TheEmptinessMachine,HTCP,Throughput,HTTP/3
2025-05-02 15:39:03,stallRate,90.1000001430511,10.0141379690709,TheEmptinessMachine,HTCP,Throughput,HTTP/3
2025-05-02 15:39:05,stallRate,92.1000001430511,9.78486248968595,TheEmptinessMachine,HTCP,Throughput,HTTP/3
2025-05-02 15:39:07,stallRate,94.1000001430511,9.56402645326742,TheEmptinessMachine,HTCP,Throughput,HTTP/3
2025-05-02 15:39:09,stallRate,96.1000001430511,9.35501119527288,TheEmptinessMachine,HTCP,Throughput,HTTP/3
2025-05-02 15:39:11,stallRate,98.1000001430511,9.15376110433412,TheEmptinessMachine,HTCP,Throughput,HTTP/3
2025-05-02 15:39:13,stallRate,100.100000143051,8.96105991093239,TheEmptinessMachine,HTCP,Throughput,HTTP/3
2025-05-02 15:39:15,stallRate,102.100000143051,8.77657932303666,TheEmptinessMachine,HTCP,Throughput,HTTP/3
2025-05-02 15:39:17,stallRate,104.100000143051,8.59948740502563,TheEmptinessMachine,HTCP,Throughput,HTTP/3
2025-05-02 15:39:19,stallRate,106.100000143051,8.42880114963577,TheEmptinessMachine,HTCP,Throughput,HTTP/3
2025-05-02 15:39:21,stallRate,108.100000143051,8.26577653847505,TheEmptinessMachine,HTCP,Throughput,HTTP/3
2025-05-02 15:39:23,stallRate,110.100000143051,8.10893511173386,TheEmptinessMachine,HTCP,Throughput,HTTP/3
2025-05-02 15:39:25,stallRate,112.100000143051,7.95658132119275,TheEmptinessMachine,HTCP,Throughput,HTTP/3
2025-05-02 15:39:27,stallRate,114.100000143051,7.8113972138862,TheEmptinessMachine,HTCP,Throughput,HTTP/3
2025-05-02 15:39:29,stallRate,116.100000143051,7.67054944805419,TheEmptinessMachine,HTCP,Throughput,HTTP/3
2025-05-02 15:39:31,stallRate,118.100000143051,7.53475101116475,TheEmptinessMachine,HTCP,Throughput,HTTP/3
2025-05-02 15:39:33,stallRate,120.100000143051,7.40386332072812,TheEmptinessMachine,HTCP,Throughput,HTTP/3
2025-05-02 15:39:35,stallRate,122.100000143051,7.27746306964886,TheEmptinessMachine,HTCP,Throughput,HTTP/3
2025-05-02 15:39:37,stallRate,124.100000143051,7.15490863296854,TheEmptinessMachine,HTCP,Throughput,HTTP/3
2025-05-02 15:39:39,stallRate,126.100000143051,7.0363628350552,TheEmptinessMachine,HTCP,Throughput,HTTP/3
2025-05-02 15:39:41,stallRate,128.100000143051,6.92253933412267,TheEmptinessMachine,HTCP,Throughput,HTTP/3
2025-05-02 15:39:43,stallRate,130.100000143051,6.81158996124149,TheEmptinessMachine,HTCP,Throughput,HTTP/3
2025-05-02 15:39:45,stallRate,132.101000070572,6.70373606304297,TheEmptinessMachine,HTCP,Throughput,HTTP/3
2025-05-02 15:39:47,stallRate,134.100000143051,6.60011287487232,TheEmptinessMachine,HTCP,Throughput,HTTP/3
2025-05-02 15:39:49,stallRate,136.100000143051,6.49938727868925,TheEmptinessMachine,HTCP,Throughput,HTTP/3
2025-05-02 15:39:51,stallRate,138.100000143051,6.40158499110385,TheEmptinessMachine,HTCP,Throughput,HTTP/3
2025-05-02 15:39:53,stallRate,140.100000143051,6.30673185642048,TheEmptinessMachine,HTCP,Throughput,HTTP/3
2025-05-02 15:39:55,stallRate,142.100000143051,6.2148226641505,TheEmptinessMachine,HTCP,Throughput,HTTP/3
2025-05-02 15:39:57,stallRate,144.100000143051,6.12555021141504,TheEmptinessMachine,HTCP,Throughput,HTTP/3
2025-05-02 15:39:59,stallRate,146.100000143051,6.03883410039707,TheEmptinessMachine,HTCP,Throughput,HTTP/3
2025-05-02 15:40:01,stallRate,148.100000143051,5.95463727015876,TheEmptinessMachine,HTCP,Throughput,HTTP/3
2025-05-02 15:40:03,stallRate,150.100000143051,5.87216040539006,TheEmptinessMachine,HTCP,Throughput,HTTP/3
2025-05-02 15:40:05,stallRate,152.100000143051,5.79258728919351,TheEmptinessMachine,HTCP,Throughput,HTTP/3
2025-05-02 15:40:07,stallRate,154.100000143051,5.71485445051249,TheEmptinessMachine,HTCP,Throughput,HTTP/3
2025-05-02 15:40:09,stallRate,156.100000143051,5.63904677317641,TheEmptinessMachine,HTCP,Throughput,HTTP/3
2025-05-02 15:40:11,stallRate,158.100000143051,5.56571268894257,TheEmptinessMachine,HTCP,Throughput,HTTP/3
2025-05-02 15:40:13,stallRate,160.100000143051,5.49374825810891,TheEmptinessMachine,HTCP,Throughput,HTTP/3
2025-05-02 15:40:15,stallRate,162.100000143051,5.42379184933881,TheEmptinessMachine,HTCP,Throughput,HTTP/3
2025-05-02 15:40:17,stallRate,164.100000143051,5.35565432526892,TheEmptinessMachine,HTCP,Throughput,HTTP/3
2025-05-02 15:40:19,stallRate,166.100000143051,5.28922717138385,TheEmptinessMachine,HTCP,Throughput,HTTP/3
2025-05-02 15:40:21,stallRate,168.100000143051,5.22413176458574,TheEmptinessMachine,HTCP,Throughput,HTTP/3
2025-05-02 15:40:23,stallRate,170.100000143051,5.16066419644326,TheEmptinessMachine,HTCP,Throughput,HTTP/3
2025-05-02 15:40:25,stallRate,172.100000143051,5.09885684205202,TheEmptinessMachine,HTCP,Throughput,HTTP/3
2025-05-02 15:40:27,stallRate,174.100000143051,5.03859581886216,TheEmptinessMachine,HTCP,Throughput,HTTP/3
2025-05-02 15:40:29,stallRate,176.100000143051,5.40533155781565,TheEmptinessMachine,HTCP,Throughput,HTTP/3
2025-05-02 15:40:31,stallRate,178.100000143051,5.34246091630328,TheEmptinessMachine,HTCP,Throughput,HTTP/3
2025-05-02 15:40:33,stallRate,180.100000143051,5.2813579980019,TheEmptinessMachine,HTCP,Throughput,HTTP/3
2025-05-02 15:40:35,stallRate,182.100000143051,5.48918936460023,TheEmptinessMachine,HTCP,Throughput,HTTP/3
2025-05-02 15:40:37,stallRate,184.100000143051,5.42772540543742,TheEmptinessMachine,HTCP,Throughput,HTTP/3
2025-05-02 15:40:39,stallRate,186.100000143051,5.36795372044994,TheEmptinessMachine,HTCP,Throughput,HTTP/3
2025-05-02 15:40:41,stallRate,188.100000143051,5.30948253089124,TheEmptinessMachine,HTCP,Throughput,HTTP/3
2025-05-02 15:40:43,stallRate,190.100000143051,5.25184960753653,TheEmptinessMachine,HTCP,Throughput,HTTP/3
2025-05-02 15:40:45,stallRate,192.100000143051,5.19601086170277,TheEmptinessMachine,HTCP,Throughput,HTTP/3
2025-05-02 15:40:47,stallRate,194.100000143051,5.14097673601108,TheEmptinessMachine,HTCP,Throughput,HTTP/3
2025-05-02 15:40:49,stallRate,196.100000143051,5.08710336604771,TheEmptinessMachine,HTCP,Throughput,HTTP/3
2025-05-02 15:40:51,stallRate,198.100000143051,5.03414826410038,TheEmptinessMachine,HTCP,Throughput,HTTP/3
2025-05-02 15:40:53,stallRate,200.100000143051,4.98267990946834,TheEmptinessMachine,HTCP,Throughput,HTTP/3
2025-05-02 15:40:55,stallRate,202.100000143051,4.93210445473067,TheEmptinessMachine,HTCP,Throughput,HTTP/3
2025-05-02 15:40:57,stallRate,204.100000143051,4.88274429906997,TheEmptinessMachine,HTCP,Throughput,HTTP/3
2025-05-02 15:40:59,stallRate,206.100000143051,4.83436415471763,TheEmptinessMachine,HTCP,Throughput,HTTP/3
2025-05-02 15:41:01,stallRate,208.100000143051,4.78651027291727,TheEmptinessMachine,HTCP,Throughput,HTTP/3
