time,metric,metricTime,metricValue,video,cc,abr,http
2025-04-30 22:05:28,stallRate,4.29999995231628,0.0,TheEmptinessMachine,CUBIC,Dynamic,HTTP/1.1
2025-04-30 22:05:36,stallRate,12.2999999523163,41.2051056000613,TheEmptinessMachine,CUBIC,Dynamic,HTTP/1.1
2025-04-30 22:05:38,stallRate,14.2999999523163,33.9264507879412,TheEmptinessMachine,CUBIC,Dynamic,HTTP/1.1
2025-04-30 22:05:44,stallRate,20.2999999523163,38.8791953744494,TheEmptinessMachine,CUBIC,Dynamic,HTTP/1.1
2025-04-30 22:05:50,stallRate,26.3010001182556,28.8471253263847,TheEmptinessMachine,CUBIC,Dynamic,HTTP/1.1
2025-04-30 22:05:52,stallRate,28.2999999523163,26.5724399873737,TheEmptinessMachine,CUBIC,Dynamic,HTTP/1.1
2025-04-30 22:05:56,stallRate,32.2999999523163,22.9432146802755,TheEmptinessMachine,CUBIC,Dynamic,HTTP/1.1
2025-04-30 22:05:58,stallRate,34.2999999523163,21.4793739971204,TheEmptinessMachine,CUBIC,Dynamic,HTTP/1.1
2025-04-30 22:06:00,stallRate,36.2999999523163,20.1847957049497,TheEmptinessMachine,CUBIC,Dynamic,HTTP/1.1
2025-04-30 22:06:02,stallRate,38.2999999523163,19.0333934117714,TheEmptinessMachine,CUBIC,Dynamic,HTTP/1.1
2025-04-30 22:06:04,stallRate,40.2999999523163,18.0155492687239,TheEmptinessMachine,CUBIC,Dynamic,HTTP/1.1
2025-04-30 22:06:12,stallRate,48.2999999523163,17.3258183913306,TheEmptinessMachine,CUBIC,Dynamic,HTTP/1.1
2025-04-30 22:06:14,stallRate,50.2999999523163,16.5924953830676,TheEmptinessMachine,CUBIC,Dynamic,HTTP/1.1
2025-04-30 22:06:16,stallRate,52.2999999523163,16.2111332340167,TheEmptinessMachine,CUBIC,Dynamic,HTTP/1.1
2025-04-30 22:06:18,stallRate,54.2999999523163,15.5762227957699,TheEmptinessMachine,CUBIC,Dynamic,HTTP/1.1
2025-04-30 22:06:20,stallRate,56.2999999523163,14.9909577530921,TheEmptinessMachine,CUBIC,Dynamic,HTTP/1.1
2025-04-30 22:06:22,stallRate,58.2999999523163,15.8842706719263,TheEmptinessMachine,CUBIC,Dynamic,HTTP/1.1
2025-04-30 22:06:26,stallRate,62.2999999523163,16.91243450873,TheEmptinessMachine,CUBIC,Dynamic,HTTP/1.1
2025-04-30 22:06:32,stallRate,68.2999999523163,19.772858379268,TheEmptinessMachine,CUBIC,Dynamic,HTTP/1.1
2025-04-30 22:06:34,stallRate,70.2999999523163,19.1833697710259,TheEmptinessMachine,CUBIC,Dynamic,HTTP/1.1
2025-04-30 22:06:36,stallRate,72.2999999523163,18.630538774203,TheEmptinessMachine,CUBIC,Dynamic,HTTP/1.1
2025-04-30 22:06:38,stallRate,74.2999999523163,18.1065832417931,TheEmptinessMachine,CUBIC,Dynamic,HTTP/1.1
2025-04-30 22:06:40,stallRate,76.2999999523163,17.6132330372597,TheEmptinessMachine,CUBIC,Dynamic,HTTP/1.1
2025-04-30 22:06:42,stallRate,78.2999999523163,17.1441517948541,TheEmptinessMachine,CUBIC,Dynamic,HTTP/1.1
2025-04-30 22:06:44,stallRate,80.2999999523163,16.7003316542742,TheEmptinessMachine,CUBIC,Dynamic,HTTP/1.1
2025-04-30 22:06:46,stallRate,82.2999999523163,16.2774641433502,TheEmptinessMachine,CUBIC,Dynamic,HTTP/1.1
2025-04-30 22:06:48,stallRate,84.2999999523163,15.8775732081918,TheEmptinessMachine,CUBIC,Dynamic,HTTP/1.1
2025-04-30 22:06:50,stallRate,86.2999999523163,15.4952349525015,TheEmptinessMachine,CUBIC,Dynamic,HTTP/1.1
2025-04-30 22:06:52,stallRate,88.2999999523163,15.1308215204033,TheEmptinessMachine,CUBIC,Dynamic,HTTP/1.1
2025-04-30 22:06:54,stallRate,90.2999999523163,14.7839495875914,TheEmptinessMachine,CUBIC,Dynamic,HTTP/1.1
2025-04-30 22:06:56,stallRate,92.2999999523163,14.4534314908187,TheEmptinessMachine,CUBIC,Dynamic,HTTP/1.1
2025-04-30 22:06:58,stallRate,94.2999999523163,14.1361667868615,TheEmptinessMachine,CUBIC,Dynamic,HTTP/1.1
2025-04-30 22:07:00,stallRate,96.2999999523163,13.8337378285761,TheEmptinessMachine,CUBIC,Dynamic,HTTP/1.1
2025-04-30 22:07:02,stallRate,98.2999999523163,13.54441715181,TheEmptinessMachine,CUBIC,Dynamic,HTTP/1.1
2025-04-30 22:07:04,stallRate,100.299999952316,13.2655291120388,TheEmptinessMachine,CUBIC,Dynamic,HTTP/1.1
2025-04-30 22:07:06,stallRate,102.299999952316,12.9988158929874,TheEmptinessMachine,CUBIC,Dynamic,HTTP/1.1
2025-04-30 22:07:08,stallRate,104.299999952316,12.7415234569426,TheEmptinessMachine,CUBIC,Dynamic,HTTP/1.1
2025-04-30 22:07:10,stallRate,106.299999952316,12.494421121604,TheEmptinessMachine,CUBIC,Dynamic,HTTP/1.1
2025-04-30 22:07:12,stallRate,108.299999952316,12.2569484745089,TheEmptinessMachine,CUBIC,Dynamic,HTTP/1.1
2025-04-30 22:07:14,stallRate,110.299999952316,12.0274600727066,TheEmptinessMachine,CUBIC,Dynamic,HTTP/1.1
2025-04-30 22:07:16,stallRate,112.299999952316,11.8064071040778,TheEmptinessMachine,CUBIC,Dynamic,HTTP/1.1
2025-04-30 22:07:18,stallRate,114.299999952316,11.5940756075874,TheEmptinessMachine,CUBIC,Dynamic,HTTP/1.1
2025-04-30 22:07:20,stallRate,116.299999952316,11.3897547498398,TheEmptinessMachine,CUBIC,Dynamic,HTTP/1.1
2025-04-30 22:07:22,stallRate,118.299999952316,11.1936522138678,TheEmptinessMachine,CUBIC,Dynamic,HTTP/1.1
2025-04-30 22:07:24,stallRate,120.299999952316,11.0025732945979,TheEmptinessMachine,CUBIC,Dynamic,HTTP/1.1
2025-04-30 22:07:26,stallRate,122.299999952316,10.8182897506376,TheEmptinessMachine,CUBIC,Dynamic,HTTP/1.1
2025-04-30 22:07:28,stallRate,124.299999952316,10.6382255794478,TheEmptinessMachine,CUBIC,Dynamic,HTTP/1.1
2025-04-30 22:07:30,stallRate,126.299999952316,10.4662318241382,TheEmptinessMachine,CUBIC,Dynamic,HTTP/1.1
2025-04-30 22:07:32,stallRate,128.299999952316,10.2990758368989,TheEmptinessMachine,CUBIC,Dynamic,HTTP/1.1
2025-04-30 22:07:34,stallRate,130.299999952316,10.1378912754012,TheEmptinessMachine,CUBIC,Dynamic,HTTP/1.1
2025-04-30 22:07:36,stallRate,132.299999952316,9.98075450249667,TheEmptinessMachine,CUBIC,Dynamic,HTTP/1.1
2025-04-30 22:07:38,stallRate,134.299999952316,9.82874912358059,TheEmptinessMachine,CUBIC,Dynamic,HTTP/1.1
2025-04-30 22:07:40,stallRate,136.299999952316,9.68072082890814,TheEmptinessMachine,CUBIC,Dynamic,HTTP/1.1
2025-04-30 22:07:42,stallRate,138.299999952316,9.53784016362933,TheEmptinessMachine,CUBIC,Dynamic,HTTP/1.1
2025-04-30 22:07:44,stallRate,140.299999952316,9.39848891359356,TheEmptinessMachine,CUBIC,Dynamic,HTTP/1.1
2025-04-30 22:07:46,stallRate,142.299999952316,9.26388479808958,TheEmptinessMachine,CUBIC,Dynamic,HTTP/1.1
2025-04-30 22:07:48,stallRate,144.299999952316,9.13319911542664,TheEmptinessMachine,CUBIC,Dynamic,HTTP/1.1
2025-04-30 22:07:50,stallRate,146.299999952316,9.00547844035607,TheEmptinessMachine,CUBIC,Dynamic,HTTP/1.1
2025-04-30 22:07:52,stallRate,148.299999952316,8.88115860018049,TheEmptinessMachine,CUBIC,Dynamic,HTTP/1.1
2025-04-30 22:07:54,stallRate,150.299999952316,8.7604867175618,TheEmptinessMachine,CUBIC,Dynamic,HTTP/1.1
2025-04-30 22:07:56,stallRate,152.299999952316,8.64331795773644,TheEmptinessMachine,CUBIC,Dynamic,HTTP/1.1
2025-04-30 22:07:58,stallRate,154.299999952316,8.52883046524749,TheEmptinessMachine,CUBIC,Dynamic,HTTP/1.1
2025-04-30 22:08:00,stallRate,156.299999952316,8.41776620278708,TheEmptinessMachine,CUBIC,Dynamic,HTTP/1.1
2025-04-30 22:08:02,stallRate,158.299999952316,8.30910212910696,TheEmptinessMachine,CUBIC,Dynamic,HTTP/1.1
2025-04-30 22:08:04,stallRate,160.299999952316,8.20372091323349,TheEmptinessMachine,CUBIC,Dynamic,HTTP/1.1
2025-04-30 22:08:06,stallRate,162.299999952316,8.10050084387564,TheEmptinessMachine,CUBIC,Dynamic,HTTP/1.1
2025-04-30 22:08:08,stallRate,164.299999952316,8.0001015122086,TheEmptinessMachine,CUBIC,Dynamic,HTTP/1.1
2025-04-30 22:08:10,stallRate,166.299999952316,7.90176802787957,TheEmptinessMachine,CUBIC,Dynamic,HTTP/1.1
2025-04-30 22:08:12,stallRate,168.299999952316,7.80634989724745,TheEmptinessMachine,CUBIC,Dynamic,HTTP/1.1
2025-04-30 22:08:14,stallRate,170.299999952316,7.71280855256082,TheEmptinessMachine,CUBIC,Dynamic,HTTP/1.1
2025-04-30 22:08:16,stallRate,172.303999900818,7.6217831490135,TheEmptinessMachine,CUBIC,Dynamic,HTTP/1.1
2025-04-30 22:08:18,stallRate,174.299999952316,7.53327024024496,TheEmptinessMachine,CUBIC,Dynamic,HTTP/1.1
2025-04-30 22:08:20,stallRate,176.299999952316,7.44618774987613,TheEmptinessMachine,CUBIC,Dynamic,HTTP/1.1
2025-04-30 22:08:22,stallRate,178.299999952316,7.36068299013403,TheEmptinessMachine,CUBIC,Dynamic,HTTP/1.1
2025-04-30 22:08:24,stallRate,180.299999952316,7.27727749633927,TheEmptinessMachine,CUBIC,Dynamic,HTTP/1.1
2025-04-30 22:08:26,stallRate,182.299999952316,7.1964998840035,TheEmptinessMachine,CUBIC,Dynamic,HTTP/1.1
2025-04-30 22:08:28,stallRate,184.299999952316,7.11727793139152,TheEmptinessMachine,CUBIC,Dynamic,HTTP/1.1
2025-04-30 22:08:30,stallRate,186.299999952316,7.03938981034309,TheEmptinessMachine,CUBIC,Dynamic,HTTP/1.1
2025-04-30 22:08:32,stallRate,188.299999952316,6.96338967715681,TheEmptinessMachine,CUBIC,Dynamic,HTTP/1.1
2025-04-30 22:08:34,stallRate,190.299999952316,6.88902881933705,TheEmptinessMachine,CUBIC,Dynamic,HTTP/1.1
2025-04-30 22:08:36,stallRate,192.299999952316,6.81585978475014,TheEmptinessMachine,CUBIC,Dynamic,HTTP/1.1
2025-04-30 22:08:38,stallRate,194.299999952316,6.74488851491443,TheEmptinessMachine,CUBIC,Dynamic,HTTP/1.1
2025-04-30 22:08:40,stallRate,196.299999952316,6.67520840123525,TheEmptinessMachine,CUBIC,Dynamic,HTTP/1.1
2025-04-30 22:09:23,stallRate,2.10800004005432,0.0,TheEmptinessMachine,CUBIC,Dynamic,HTTP/2
2025-04-30 22:09:25,stallRate,4.10599994659424,0.0,TheEmptinessMachine,CUBIC,Dynamic,HTTP/2
2025-04-30 22:09:27,stallRate,6.10700011253357,0.0,TheEmptinessMachine,CUBIC,Dynamic,HTTP/2
2025-04-30 22:09:29,stallRate,8.10599994659424,0.0,TheEmptinessMachine,CUBIC,Dynamic,HTTP/2
2025-04-30 22:09:31,stallRate,10.1059999465942,0.0,TheEmptinessMachine,CUBIC,Dynamic,HTTP/2
2025-04-30 22:09:33,stallRate,12.1070001125336,0.0,TheEmptinessMachine,CUBIC,Dynamic,HTTP/2
2025-04-30 22:09:35,stallRate,14.1070001125336,0.0,TheEmptinessMachine,CUBIC,Dynamic,HTTP/2
2025-04-30 22:09:37,stallRate,16.1070001125336,0.0,TheEmptinessMachine,CUBIC,Dynamic,HTTP/2
2025-04-30 22:09:41,stallRate,20.1059999465942,0.0,TheEmptinessMachine,CUBIC,Dynamic,HTTP/2
2025-04-30 22:09:43,stallRate,22.1070001125336,0.0,TheEmptinessMachine,CUBIC,Dynamic,HTTP/2
2025-04-30 22:09:45,stallRate,24.1059999465942,0.0,TheEmptinessMachine,CUBIC,Dynamic,HTTP/2
2025-04-30 22:09:49,stallRate,28.1070001125336,0.0,TheEmptinessMachine,CUBIC,Dynamic,HTTP/2
2025-04-30 22:09:51,stallRate,30.1070001125336,0.903912703763092,TheEmptinessMachine,CUBIC,Dynamic,HTTP/2
2025-04-30 22:09:53,stallRate,32.1070001125336,0.834198699096072,TheEmptinessMachine,CUBIC,Dynamic,HTTP/2
2025-04-30 22:09:55,stallRate,34.1059999465942,3.7813213632402,TheEmptinessMachine,CUBIC,Dynamic,HTTP/2
2025-04-30 22:09:57,stallRate,36.1070001125336,3.53146541620505,TheEmptinessMachine,CUBIC,Dynamic,HTTP/2
2025-04-30 22:09:59,stallRate,38.1059999465942,3.30112559157886,TheEmptinessMachine,CUBIC,Dynamic,HTTP/2
2025-04-30 22:10:01,stallRate,40.1070001125336,3.09885427802885,TheEmptinessMachine,CUBIC,Dynamic,HTTP/2
2025-04-30 22:10:03,stallRate,42.1070001125336,2.9201288087825,TheEmptinessMachine,CUBIC,Dynamic,HTTP/2
2025-04-30 22:10:05,stallRate,44.1070001125336,2.76122096868399,TheEmptinessMachine,CUBIC,Dynamic,HTTP/2
2025-04-30 22:10:07,stallRate,46.1059999465942,2.6181171586917,TheEmptinessMachine,CUBIC,Dynamic,HTTP/2
2025-04-30 22:10:09,stallRate,48.1070001125336,2.48962629071904,TheEmptinessMachine,CUBIC,Dynamic,HTTP/2
2025-04-30 22:10:11,stallRate,50.1070001125336,2.37267397734932,TheEmptinessMachine,CUBIC,Dynamic,HTTP/2
2025-04-30 22:10:13,stallRate,52.1059999465942,2.26617513003177,TheEmptinessMachine,CUBIC,Dynamic,HTTP/2
2025-04-30 22:10:15,stallRate,54.1070001125336,2.16901891910718,TheEmptinessMachine,CUBIC,Dynamic,HTTP/2
2025-04-30 22:10:17,stallRate,56.1070001125336,2.08008031828931,TheEmptinessMachine,CUBIC,Dynamic,HTTP/2
2025-04-30 22:10:19,stallRate,58.1070001125336,1.99787135818606,TheEmptinessMachine,CUBIC,Dynamic,HTTP/2
2025-04-30 22:10:21,stallRate,60.1070001125336,1.92173512998246,TheEmptinessMachine,CUBIC,Dynamic,HTTP/2
2025-04-30 22:10:23,stallRate,62.1070001125336,1.85140888231091,TheEmptinessMachine,CUBIC,Dynamic,HTTP/2
2025-04-30 22:10:25,stallRate,64.1070001125336,1.78645630003162,TheEmptinessMachine,CUBIC,Dynamic,HTTP/2
2025-04-30 22:10:27,stallRate,66.1059999465942,1.72583371213179,TheEmptinessMachine,CUBIC,Dynamic,HTTP/2
2025-04-30 22:10:31,stallRate,70.1070001125336,1.61555557710184,TheEmptinessMachine,CUBIC,Dynamic,HTTP/2
2025-04-30 22:10:33,stallRate,72.1070001125336,1.56559418182937,TheEmptinessMachine,CUBIC,Dynamic,HTTP/2
2025-04-30 22:10:35,stallRate,74.1070001125336,1.51870859812442,TheEmptinessMachine,CUBIC,Dynamic,HTTP/2
2025-04-30 22:10:37,stallRate,76.1070001125336,1.47434952248424,TheEmptinessMachine,CUBIC,Dynamic,HTTP/2
2025-04-30 22:10:39,stallRate,78.1070001125336,1.43270561354655,TheEmptinessMachine,CUBIC,Dynamic,HTTP/2
2025-04-30 22:10:41,stallRate,80.1070001125336,1.3931792377895,TheEmptinessMachine,CUBIC,Dynamic,HTTP/2
2025-04-30 22:10:43,stallRate,82.1070001125336,1.35574564954295,TheEmptinessMachine,CUBIC,Dynamic,HTTP/2
2025-04-30 22:10:45,stallRate,84.1070001125336,1.32036670535758,TheEmptinessMachine,CUBIC,Dynamic,HTTP/2
2025-04-30 22:10:47,stallRate,86.1059999465942,1.28687668254953,TheEmptinessMachine,CUBIC,Dynamic,HTTP/2
2025-04-30 22:10:49,stallRate,88.1070001125336,1.2550409769229,TheEmptinessMachine,CUBIC,Dynamic,HTTP/2
2025-04-30 22:10:51,stallRate,90.1059999465942,1.22470729309614,TheEmptinessMachine,CUBIC,Dynamic,HTTP/2
2025-04-30 22:10:53,stallRate,92.1070001125336,1.19568420251226,TheEmptinessMachine,CUBIC,Dynamic,HTTP/2
2025-04-30 22:10:55,stallRate,94.1070001125336,1.16805267585478,TheEmptinessMachine,CUBIC,Dynamic,HTTP/2
2025-04-30 22:10:57,stallRate,96.1070001125336,1.14169638625622,TheEmptinessMachine,CUBIC,Dynamic,HTTP/2
2025-04-30 22:10:59,stallRate,98.1070001125336,1.11654756919158,TheEmptinessMachine,CUBIC,Dynamic,HTTP/2
2025-04-30 22:11:01,stallRate,100.107000112534,1.0923908057966,TheEmptinessMachine,CUBIC,Dynamic,HTTP/2
2025-04-30 22:11:03,stallRate,102.107000112534,1.06936344713329,TheEmptinessMachine,CUBIC,Dynamic,HTTP/2
2025-04-30 22:11:05,stallRate,104.107000112534,1.04732577887436,TheEmptinessMachine,CUBIC,Dynamic,HTTP/2
2025-04-30 22:11:07,stallRate,106.107000112534,1.02613643394865,TheEmptinessMachine,CUBIC,Dynamic,HTTP/2
2025-04-30 22:11:09,stallRate,108.107000112534,1.00576278330351,TheEmptinessMachine,CUBIC,Dynamic,HTTP/2
2025-04-30 22:11:11,stallRate,110.107000112534,0.986104988757954,TheEmptinessMachine,CUBIC,Dynamic,HTTP/2
2025-04-30 22:11:13,stallRate,112.107000112534,0.967183639693586,TheEmptinessMachine,CUBIC,Dynamic,HTTP/2
2025-04-30 22:11:15,stallRate,114.107000112534,0.94893766696463,TheEmptinessMachine,CUBIC,Dynamic,HTTP/2
2025-04-30 22:11:17,stallRate,116.107000112534,0.931538628427774,TheEmptinessMachine,CUBIC,Dynamic,HTTP/2
2025-04-30 22:11:19,stallRate,118.107000112534,0.914645925330485,TheEmptinessMachine,CUBIC,Dynamic,HTTP/2
2025-04-30 22:11:21,stallRate,120.107000112534,0.898484765763361,TheEmptinessMachine,CUBIC,Dynamic,HTTP/2
2025-04-30 22:11:23,stallRate,122.105999946594,0.882818332872464,TheEmptinessMachine,CUBIC,Dynamic,HTTP/2
2025-04-30 22:11:25,stallRate,124.107000112534,0.867753880082156,TheEmptinessMachine,CUBIC,Dynamic,HTTP/2
2025-04-30 22:11:27,stallRate,126.107000112534,0.853108718742384,TheEmptinessMachine,CUBIC,Dynamic,HTTP/2
2025-04-30 22:11:29,stallRate,128.105999946594,0.83897864797428,TheEmptinessMachine,CUBIC,Dynamic,HTTP/2
2025-04-30 22:11:31,stallRate,130.107000112534,0.825295392658573,TheEmptinessMachine,CUBIC,Dynamic,HTTP/2
2025-04-30 22:11:33,stallRate,132.107000112534,0.812057820868804,TheEmptinessMachine,CUBIC,Dynamic,HTTP/2
2025-04-30 22:11:35,stallRate,134.105999946594,0.799267525761944,TheEmptinessMachine,CUBIC,Dynamic,HTTP/2
2025-04-30 22:11:37,stallRate,136.107000112534,0.786818447579081,TheEmptinessMachine,CUBIC,Dynamic,HTTP/2
2025-04-30 22:11:39,stallRate,138.107000112534,0.77480556709466,TheEmptinessMachine,CUBIC,Dynamic,HTTP/2
2025-04-30 22:11:41,stallRate,140.105999946594,0.763100848358066,TheEmptinessMachine,CUBIC,Dynamic,HTTP/2
2025-04-30 22:11:43,stallRate,142.107000112534,0.751732899173303,TheEmptinessMachine,CUBIC,Dynamic,HTTP/2
2025-04-30 22:11:45,stallRate,144.107000112534,0.74072716314991,TheEmptinessMachine,CUBIC,Dynamic,HTTP/2
2025-04-30 22:11:47,stallRate,146.107000112534,0.730002605172491,TheEmptinessMachine,CUBIC,Dynamic,HTTP/2
2025-04-30 22:11:49,stallRate,148.107000112534,0.719648103673516,TheEmptinessMachine,CUBIC,Dynamic,HTTP/2
2025-04-30 22:11:51,stallRate,150.105999946594,0.709541222485429,TheEmptinessMachine,CUBIC,Dynamic,HTTP/2
2025-04-30 22:11:53,stallRate,152.107000112534,0.69973399049476,TheEmptinessMachine,CUBIC,Dynamic,HTTP/2
2025-04-30 22:11:55,stallRate,154.107000112534,0.690166460822516,TheEmptinessMachine,CUBIC,Dynamic,HTTP/2
2025-04-30 22:11:57,stallRate,156.105999946594,0.680903017181235,TheEmptinessMachine,CUBIC,Dynamic,HTTP/2
2025-04-30 22:11:59,stallRate,158.107000112534,0.671843375961741,TheEmptinessMachine,CUBIC,Dynamic,HTTP/2
2025-04-30 22:12:01,stallRate,160.107000112534,0.663100670270725,TheEmptinessMachine,CUBIC,Dynamic,HTTP/2
2025-04-30 22:12:03,stallRate,162.105999946594,0.654494863904035,TheEmptinessMachine,CUBIC,Dynamic,HTTP/2
2025-04-30 22:12:05,stallRate,164.107000112534,0.646130850013006,TheEmptinessMachine,CUBIC,Dynamic,HTTP/2
2025-04-30 22:12:07,stallRate,166.107000112534,0.638026280614433,TheEmptinessMachine,CUBIC,Dynamic,HTTP/2
2025-04-30 22:12:09,stallRate,168.107000112534,0.630117353715713,TheEmptinessMachine,CUBIC,Dynamic,HTTP/2
2025-04-30 22:12:11,stallRate,170.105999946594,0.622317875588814,TheEmptinessMachine,CUBIC,Dynamic,HTTP/2
2025-04-30 22:12:13,stallRate,172.105999946594,0.614808862139003,TheEmptinessMachine,CUBIC,Dynamic,HTTP/2
2025-04-30 22:12:15,stallRate,174.107000112534,0.60742573066071,TheEmptinessMachine,CUBIC,Dynamic,HTTP/2
2025-04-30 22:12:17,stallRate,176.107000112534,0.600231928011255,TheEmptinessMachine,CUBIC,Dynamic,HTTP/2
2025-04-30 22:12:19,stallRate,178.107000112534,0.593137735659411,TheEmptinessMachine,CUBIC,Dynamic,HTTP/2
2025-04-30 22:12:21,stallRate,180.107000112534,0.586255309995696,TheEmptinessMachine,CUBIC,Dynamic,HTTP/2
2025-04-30 22:12:23,stallRate,182.107000112534,0.579551972839983,TheEmptinessMachine,CUBIC,Dynamic,HTTP/2
2025-04-30 22:12:25,stallRate,184.107000112534,0.573015509266144,TheEmptinessMachine,CUBIC,Dynamic,HTTP/2
2025-04-30 22:12:27,stallRate,186.107000112534,0.566605009361391,TheEmptinessMachine,CUBIC,Dynamic,HTTP/2
2025-04-30 22:12:29,stallRate,188.107000112534,0.560345328161882,TheEmptinessMachine,CUBIC,Dynamic,HTTP/2
2025-04-30 22:12:31,stallRate,190.107000112534,0.554193327110462,TheEmptinessMachine,CUBIC,Dynamic,HTTP/2
2025-04-30 22:12:33,stallRate,192.107000112534,0.861198710056615,TheEmptinessMachine,CUBIC,Dynamic,HTTP/2
2025-04-30 22:12:35,stallRate,194.107000112534,0.881047469017477,TheEmptinessMachine,CUBIC,Dynamic,HTTP/2
2025-04-30 22:12:37,stallRate,196.107000112534,0.881047469017477,TheEmptinessMachine,CUBIC,Dynamic,HTTP/2
2025-04-30 22:12:39,stallRate,198.107000112534,0.879664231515132,TheEmptinessMachine,CUBIC,Dynamic,HTTP/2
2025-04-30 22:12:41,stallRate,200.105999946594,0.870348404607357,TheEmptinessMachine,CUBIC,Dynamic,HTTP/2
2025-04-30 22:12:43,stallRate,202.105999946594,0.861217581132524,TheEmptinessMachine,CUBIC,Dynamic,HTTP/2
2025-04-30 22:12:45,stallRate,204.105999946594,0.852263177570547,TheEmptinessMachine,CUBIC,Dynamic,HTTP/2
2025-04-30 22:12:47,stallRate,206.107000112534,0.843509315550792,TheEmptinessMachine,CUBIC,Dynamic,HTTP/2
2025-04-30 22:13:26,stallRate,6.09999990463257,0.0,TheEmptinessMachine,CUBIC,Dynamic,HTTP/3
2025-04-30 22:13:28,stallRate,8.14599990844727,0.0,TheEmptinessMachine,CUBIC,Dynamic,HTTP/3
2025-04-30 22:13:30,stallRate,10.0999999046326,20.7143847937617,TheEmptinessMachine,CUBIC,Dynamic,HTTP/3
2025-04-30 22:13:34,stallRate,14.0999999046326,10.7093982307585,TheEmptinessMachine,CUBIC,Dynamic,HTTP/3
2025-04-30 22:13:36,stallRate,16.0989999771118,8.1029963364543,TheEmptinessMachine,CUBIC,Dynamic,HTTP/3
2025-04-30 22:13:38,stallRate,18.0999999046326,6.64507920538759,TheEmptinessMachine,CUBIC,Dynamic,HTTP/3
2025-04-30 22:13:40,stallRate,20.0989999771118,5.62364576394141,TheEmptinessMachine,CUBIC,Dynamic,HTTP/3
2025-04-30 22:13:42,stallRate,22.0999999046326,4.80983302082501,TheEmptinessMachine,CUBIC,Dynamic,HTTP/3
2025-04-30 22:13:44,stallRate,24.0989999771118,4.25097182084315,TheEmptinessMachine,CUBIC,Dynamic,HTTP/3
2025-04-30 22:13:46,stallRate,26.0999999046326,3.80925383831299,TheEmptinessMachine,CUBIC,Dynamic,HTTP/3
2025-04-30 22:13:48,stallRate,28.0999999046326,3.44389729962084,TheEmptinessMachine,CUBIC,Dynamic,HTTP/3
2025-04-30 22:13:50,stallRate,30.0989999771118,3.15030609263321,TheEmptinessMachine,CUBIC,Dynamic,HTTP/3
2025-04-30 22:13:56,stallRate,36.0989999771118,19.7644598143153,TheEmptinessMachine,CUBIC,Dynamic,HTTP/3
2025-04-30 22:13:58,stallRate,38.0989999771118,18.447640247548,TheEmptinessMachine,CUBIC,Dynamic,HTTP/3
2025-04-30 22:14:00,stallRate,40.0989999771118,17.2944194067724,TheEmptinessMachine,CUBIC,Dynamic,HTTP/3
2025-04-30 22:14:02,stallRate,42.0989999771118,16.2783535275765,TheEmptinessMachine,CUBIC,Dynamic,HTTP/3
2025-04-30 22:14:04,stallRate,44.0989999771118,15.3717606353037,TheEmptinessMachine,CUBIC,Dynamic,HTTP/3
2025-04-30 22:14:06,stallRate,46.0989999771118,14.5647916321503,TheEmptinessMachine,CUBIC,Dynamic,HTTP/3
2025-04-30 22:14:08,stallRate,48.0999999046326,13.8395021466704,TheEmptinessMachine,CUBIC,Dynamic,HTTP/3
2025-04-30 22:14:10,stallRate,50.0989999771118,13.1802109590419,TheEmptinessMachine,CUBIC,Dynamic,HTTP/3
2025-04-30 22:14:12,stallRate,52.0999999046326,12.5831020911749,TheEmptinessMachine,CUBIC,Dynamic,HTTP/3
2025-04-30 22:14:14,stallRate,54.0989999771118,12.0354901940486,TheEmptinessMachine,CUBIC,Dynamic,HTTP/3
2025-04-30 22:14:16,stallRate,56.0989999771118,11.534440362273,TheEmptinessMachine,CUBIC,Dynamic,HTTP/3
2025-04-30 22:14:18,stallRate,58.0989999771118,11.0715586792869,TheEmptinessMachine,CUBIC,Dynamic,HTTP/3
2025-04-30 22:14:20,stallRate,60.0999999046326,10.6467701965523,TheEmptinessMachine,CUBIC,Dynamic,HTTP/3
2025-04-30 22:14:22,stallRate,62.0999999046326,10.2540880348599,TheEmptinessMachine,CUBIC,Dynamic,HTTP/3
2025-04-30 22:14:24,stallRate,64.0989999771118,9.88768145748708,TheEmptinessMachine,CUBIC,Dynamic,HTTP/3
2025-04-30 22:14:26,stallRate,66.0989999771118,9.54584114633182,TheEmptinessMachine,CUBIC,Dynamic,HTTP/3
2025-04-30 22:14:28,stallRate,68.0999999046326,9.22769965642945,TheEmptinessMachine,CUBIC,Dynamic,HTTP/3
2025-04-30 22:14:30,stallRate,70.0999999046326,8.93023255214605,TheEmptinessMachine,CUBIC,Dynamic,HTTP/3
2025-04-30 22:14:32,stallRate,72.0989999771118,8.65149429939971,TheEmptinessMachine,CUBIC,Dynamic,HTTP/3
2025-04-30 22:14:34,stallRate,74.0989999771118,8.39013197378014,TheEmptinessMachine,CUBIC,Dynamic,HTTP/3
2025-04-30 22:14:36,stallRate,76.0989999771118,8.14309360355489,TheEmptinessMachine,CUBIC,Dynamic,HTTP/3
2025-04-30 22:14:38,stallRate,78.0989999771118,7.90984560816232,TheEmptinessMachine,CUBIC,Dynamic,HTTP/3
2025-04-30 22:14:40,stallRate,80.0989999771118,7.69149182883019,TheEmptinessMachine,CUBIC,Dynamic,HTTP/3
2025-04-30 22:14:42,stallRate,82.0999999046326,7.48287194022167,TheEmptinessMachine,CUBIC,Dynamic,HTTP/3
2025-04-30 22:14:44,stallRate,84.0989999771118,7.28591570954666,TheEmptinessMachine,CUBIC,Dynamic,HTTP/3
2025-04-30 22:14:46,stallRate,86.0989999771118,7.09841432441608,TheEmptinessMachine,CUBIC,Dynamic,HTTP/3
2025-04-30 22:14:48,stallRate,88.0989999771118,6.92057049727077,TheEmptinessMachine,CUBIC,Dynamic,HTTP/3
2025-04-30 22:14:50,stallRate,90.0989999771118,6.7517829023886,TheEmptinessMachine,CUBIC,Dynamic,HTTP/3
2025-04-30 22:14:52,stallRate,92.0989999771118,6.59143700501887,TheEmptinessMachine,CUBIC,Dynamic,HTTP/3
2025-04-30 22:14:54,stallRate,94.0999999046326,6.43939778327301,TheEmptinessMachine,CUBIC,Dynamic,HTTP/3
2025-04-30 22:14:56,stallRate,96.0989999771118,6.2938442824088,TheEmptinessMachine,CUBIC,Dynamic,HTTP/3
2025-04-30 22:14:58,stallRate,98.0989999771118,6.15392497484084,TheEmptinessMachine,CUBIC,Dynamic,HTTP/3
2025-04-30 22:15:00,stallRate,100.098999977112,6.01976859973749,TheEmptinessMachine,CUBIC,Dynamic,HTTP/3
2025-04-30 22:15:02,stallRate,102.098999977112,5.89097995973944,TheEmptinessMachine,CUBIC,Dynamic,HTTP/3
2025-04-30 22:15:04,stallRate,104.098999977112,5.768024360293,TheEmptinessMachine,CUBIC,Dynamic,HTTP/3
2025-04-30 22:15:10,stallRate,110.098999977112,5.42910021629078,TheEmptinessMachine,CUBIC,Dynamic,HTTP/3
2025-04-30 22:15:12,stallRate,112.098999977112,5.32461090485636,TheEmptinessMachine,CUBIC,Dynamic,HTTP/3
2025-04-30 22:15:24,stallRate,124.098999977112,10.0377378887879,TheEmptinessMachine,CUBIC,Dynamic,HTTP/3
2025-04-30 22:15:26,stallRate,126.098999977112,9.86773550742116,TheEmptinessMachine,CUBIC,Dynamic,HTTP/3
2025-04-30 22:15:30,stallRate,130.098999977112,10.1279372605918,TheEmptinessMachine,CUBIC,Dynamic,HTTP/3
2025-04-30 22:15:32,stallRate,132.098999977112,9.96497334848559,TheEmptinessMachine,CUBIC,Dynamic,HTTP/3
2025-04-30 22:15:34,stallRate,134.098999977112,9.80648276194648,TheEmptinessMachine,CUBIC,Dynamic,HTTP/3
2025-04-30 22:15:36,stallRate,136.099999904633,9.65219303699971,TheEmptinessMachine,CUBIC,Dynamic,HTTP/3
2025-04-30 22:15:48,stallRate,148.098999977112,11.9230737251943,TheEmptinessMachine,CUBIC,Dynamic,HTTP/3
2025-04-30 22:15:50,stallRate,150.098999977112,11.7539341175715,TheEmptinessMachine,CUBIC,Dynamic,HTTP/3
2025-04-30 22:15:52,stallRate,152.098999977112,12.4082216110604,TheEmptinessMachine,CUBIC,Dynamic,HTTP/3
2025-04-30 22:15:56,stallRate,156.098999977112,12.120982426917,TheEmptinessMachine,CUBIC,Dynamic,HTTP/3
2025-04-30 22:15:58,stallRate,158.098999977112,12.3490391946518,TheEmptinessMachine,CUBIC,Dynamic,HTTP/3
2025-04-30 22:16:00,stallRate,160.099999904633,12.2755537155373,TheEmptinessMachine,CUBIC,Dynamic,HTTP/3
2025-04-30 22:16:02,stallRate,162.098999977112,12.111723606026,TheEmptinessMachine,CUBIC,Dynamic,HTTP/3
2025-04-30 22:16:04,stallRate,164.098999977112,11.9515923260476,TheEmptinessMachine,CUBIC,Dynamic,HTTP/3
2025-04-30 22:16:06,stallRate,166.098999977112,11.7971161309152,TheEmptinessMachine,CUBIC,Dynamic,HTTP/3
2025-04-30 22:16:08,stallRate,168.099999904633,11.645949202778,TheEmptinessMachine,CUBIC,Dynamic,HTTP/3
2025-04-30 22:16:10,stallRate,170.098999977112,11.49796608937,TheEmptinessMachine,CUBIC,Dynamic,HTTP/3
2025-04-30 22:16:12,stallRate,172.098999977112,11.3548990447,TheEmptinessMachine,CUBIC,Dynamic,HTTP/3
2025-04-30 22:16:14,stallRate,174.098999977112,11.2140143874974,TheEmptinessMachine,CUBIC,Dynamic,HTTP/3
2025-04-30 22:16:16,stallRate,176.098999977112,11.0769488875174,TheEmptinessMachine,CUBIC,Dynamic,HTTP/3
2025-04-30 22:16:18,stallRate,178.099999904633,10.9438983717936,TheEmptinessMachine,CUBIC,Dynamic,HTTP/3
2025-04-30 22:16:20,stallRate,180.099999904633,10.8132743003857,TheEmptinessMachine,CUBIC,Dynamic,HTTP/3
2025-04-30 22:16:22,stallRate,182.099999904633,10.6859772252951,TheEmptinessMachine,CUBIC,Dynamic,HTTP/3
2025-04-30 22:16:24,stallRate,184.099999904633,10.5611240574782,TheEmptinessMachine,CUBIC,Dynamic,HTTP/3
2025-04-30 22:16:26,stallRate,186.098999977112,10.4398653725528,TheEmptinessMachine,CUBIC,Dynamic,HTTP/3
2025-04-30 22:16:28,stallRate,188.098999977112,10.3208530612981,TheEmptinessMachine,CUBIC,Dynamic,HTTP/3
2025-04-30 22:16:30,stallRate,190.099999904633,10.2050660486535,TheEmptinessMachine,CUBIC,Dynamic,HTTP/3
2025-04-30 22:16:32,stallRate,192.098999977112,10.092001596076,TheEmptinessMachine,CUBIC,Dynamic,HTTP/3
2025-04-30 22:16:34,stallRate,194.099999904633,9.98080824530534,TheEmptinessMachine,CUBIC,Dynamic,HTTP/3
2025-04-30 22:16:36,stallRate,196.098999977112,9.87248095763299,TheEmptinessMachine,CUBIC,Dynamic,HTTP/3
2025-04-30 22:16:38,stallRate,198.098999977112,9.76600614401576,TheEmptinessMachine,CUBIC,Dynamic,HTTP/3
2025-04-30 22:16:42,stallRate,202.099999904633,9.55930073066467,TheEmptinessMachine,CUBIC,Dynamic,HTTP/3
2025-04-30 22:17:24,stallRate,6.53600001335144,0.0,TheEmptinessMachine,CUBIC,Bola,HTTP/1.1
2025-04-30 22:17:26,stallRate,8.53499984741211,0.0,TheEmptinessMachine,CUBIC,Bola,HTTP/1.1
2025-04-30 22:17:28,stallRate,10.5360000133514,0.0,TheEmptinessMachine,CUBIC,Bola,HTTP/1.1
2025-04-30 22:17:30,stallRate,12.5349998474121,0.0,TheEmptinessMachine,CUBIC,Bola,HTTP/1.1
2025-04-30 22:17:32,stallRate,14.5349998474121,0.0,TheEmptinessMachine,CUBIC,Bola,HTTP/1.1
2025-04-30 22:17:34,stallRate,16.5360000133514,0.0,TheEmptinessMachine,CUBIC,Bola,HTTP/1.1
2025-04-30 22:17:36,stallRate,18.5349998474121,0.0,TheEmptinessMachine,CUBIC,Bola,HTTP/1.1
2025-04-30 22:17:38,stallRate,20.5349998474121,0.0,TheEmptinessMachine,CUBIC,Bola,HTTP/1.1
2025-04-30 22:17:40,stallRate,22.5349998474121,0.0,TheEmptinessMachine,CUBIC,Bola,HTTP/1.1
2025-04-30 22:17:42,stallRate,24.5349998474121,0.0,TheEmptinessMachine,CUBIC,Bola,HTTP/1.1
2025-04-30 22:17:44,stallRate,26.5349998474121,0.0,TheEmptinessMachine,CUBIC,Bola,HTTP/1.1
2025-04-30 22:17:46,stallRate,28.5349998474121,0.0,TheEmptinessMachine,CUBIC,Bola,HTTP/1.1
2025-04-30 22:17:48,stallRate,30.5349998474121,0.0,TheEmptinessMachine,CUBIC,Bola,HTTP/1.1
2025-04-30 22:17:50,stallRate,32.5349998474121,0.0,TheEmptinessMachine,CUBIC,Bola,HTTP/1.1
2025-04-30 22:17:52,stallRate,34.5360000133514,0.0,TheEmptinessMachine,CUBIC,Bola,HTTP/1.1
2025-04-30 22:17:54,stallRate,36.5349998474121,0.0,TheEmptinessMachine,CUBIC,Bola,HTTP/1.1
2025-04-30 22:17:56,stallRate,38.5349998474121,4.40773838579148,TheEmptinessMachine,CUBIC,Bola,HTTP/1.1
2025-04-30 22:17:58,stallRate,40.5360000133514,5.35688771048757,TheEmptinessMachine,CUBIC,Bola,HTTP/1.1
2025-04-30 22:18:00,stallRate,42.5349998474121,5.05591878226178,TheEmptinessMachine,CUBIC,Bola,HTTP/1.1
2025-04-30 22:18:02,stallRate,44.5360000133514,4.78595246161686,TheEmptinessMachine,CUBIC,Bola,HTTP/1.1
2025-04-30 22:18:04,stallRate,46.5349998474121,4.54446565412615,TheEmptinessMachine,CUBIC,Bola,HTTP/1.1
2025-04-30 22:18:06,stallRate,48.5360000133514,4.32529988439736,TheEmptinessMachine,CUBIC,Bola,HTTP/1.1
2025-04-30 22:18:08,stallRate,50.5349998474121,4.1268744561551,TheEmptinessMachine,CUBIC,Bola,HTTP/1.1
2025-04-30 22:18:10,stallRate,52.5349998474121,3.94675495900736,TheEmptinessMachine,CUBIC,Bola,HTTP/1.1
2025-04-30 22:18:12,stallRate,54.5349998474121,3.78056762169757,TheEmptinessMachine,CUBIC,Bola,HTTP/1.1
2025-04-30 22:18:14,stallRate,56.5349998474121,3.62814333491453,TheEmptinessMachine,CUBIC,Bola,HTTP/1.1
2025-04-30 22:18:16,stallRate,58.5349998474121,3.48691580463358,TheEmptinessMachine,CUBIC,Bola,HTTP/1.1
2025-04-30 22:18:18,stallRate,60.5349998474121,3.35629573957452,TheEmptinessMachine,CUBIC,Bola,HTTP/1.1
2025-04-30 22:18:20,stallRate,62.5349998474121,3.23544986382273,TheEmptinessMachine,CUBIC,Bola,HTTP/1.1
2025-04-30 22:18:22,stallRate,64.5349998474121,3.12326242363399,TheEmptinessMachine,CUBIC,Bola,HTTP/1.1
2025-04-30 22:18:24,stallRate,66.5349998474121,3.01842964404779,TheEmptinessMachine,CUBIC,Bola,HTTP/1.1
2025-04-30 22:18:26,stallRate,68.5349998474121,2.92058664857092,TheEmptinessMachine,CUBIC,Bola,HTTP/1.1
2025-04-30 22:18:28,stallRate,70.5349998474121,2.8288127915797,TheEmptinessMachine,CUBIC,Bola,HTTP/1.1
2025-04-30 22:18:30,stallRate,72.5360000133514,2.74207897775192,TheEmptinessMachine,CUBIC,Bola,HTTP/1.1
2025-04-30 22:18:32,stallRate,74.5360000133514,2.66080528891621,TheEmptinessMachine,CUBIC,Bola,HTTP/1.1
2025-04-30 22:18:34,stallRate,76.5349998474121,2.5843064030392,TheEmptinessMachine,CUBIC,Bola,HTTP/1.1
2025-04-30 22:18:36,stallRate,78.5349998474121,2.51250404276032,TheEmptinessMachine,CUBIC,Bola,HTTP/1.1
2025-04-30 22:18:38,stallRate,80.5349998474121,4.46802487879426,TheEmptinessMachine,CUBIC,Bola,HTTP/1.1
2025-04-30 22:18:40,stallRate,82.5349998474121,4.34967444268986,TheEmptinessMachine,CUBIC,Bola,HTTP/1.1
2025-04-30 22:18:42,stallRate,84.5349998474121,4.23751729882228,TheEmptinessMachine,CUBIC,Bola,HTTP/1.1
2025-04-30 22:18:44,stallRate,86.5349998474121,4.13123483511795,TheEmptinessMachine,CUBIC,Bola,HTTP/1.1
2025-04-30 22:18:46,stallRate,88.5360000133514,4.24925705128519,TheEmptinessMachine,CUBIC,Bola,HTTP/1.1
2025-04-30 22:18:48,stallRate,90.5349998474121,4.14763875404208,TheEmptinessMachine,CUBIC,Bola,HTTP/1.1
2025-04-30 22:18:50,stallRate,92.5349998474121,4.05034337109724,TheEmptinessMachine,CUBIC,Bola,HTTP/1.1
2025-04-30 22:18:52,stallRate,94.5349998474121,3.95796487582041,TheEmptinessMachine,CUBIC,Bola,HTTP/1.1
2025-04-30 22:18:54,stallRate,96.5349998474121,3.86939204711938,TheEmptinessMachine,CUBIC,Bola,HTTP/1.1
2025-04-30 22:18:56,stallRate,98.5349998474121,3.7849024340439,TheEmptinessMachine,CUBIC,Bola,HTTP/1.1
2025-04-30 22:18:58,stallRate,100.534999847412,3.70375998804699,TheEmptinessMachine,CUBIC,Bola,HTTP/1.1
2025-04-30 22:19:00,stallRate,102.534999847412,3.62643107709447,TheEmptinessMachine,CUBIC,Bola,HTTP/1.1
2025-04-30 22:19:02,stallRate,104.534999847412,3.5523835948493,TheEmptinessMachine,CUBIC,Bola,HTTP/1.1
2025-04-30 22:19:04,stallRate,106.534999847412,3.48056353774219,TheEmptinessMachine,CUBIC,Bola,HTTP/1.1
2025-04-30 22:19:06,stallRate,108.534999847412,3.4119330529728,TheEmptinessMachine,CUBIC,Bola,HTTP/1.1
2025-04-30 22:19:08,stallRate,110.534999847412,3.34616578949312,TheEmptinessMachine,CUBIC,Bola,HTTP/1.1
2025-04-30 22:19:10,stallRate,112.534999847412,3.28291964079976,TheEmptinessMachine,CUBIC,Bola,HTTP/1.1
2025-04-30 22:19:12,stallRate,114.534999847412,3.22192817334901,TheEmptinessMachine,CUBIC,Bola,HTTP/1.1
2025-04-30 22:19:14,stallRate,116.534999847412,3.16295270016114,TheEmptinessMachine,CUBIC,Bola,HTTP/1.1
2025-04-30 22:19:16,stallRate,118.534999847412,3.10636615579437,TheEmptinessMachine,CUBIC,Bola,HTTP/1.1
2025-04-30 22:19:18,stallRate,120.536000013351,3.05152972443541,TheEmptinessMachine,CUBIC,Bola,HTTP/1.1
2025-04-30 22:19:20,stallRate,122.534999847412,2.9987339678556,TheEmptinessMachine,CUBIC,Bola,HTTP/1.1
2025-04-30 22:19:22,stallRate,124.534999847412,2.9477327693236,TheEmptinessMachine,CUBIC,Bola,HTTP/1.1
2025-04-30 22:19:24,stallRate,126.534999847412,2.8984460751146,TheEmptinessMachine,CUBIC,Bola,HTTP/1.1
2025-04-30 22:19:26,stallRate,128.534999847412,2.85089736840882,TheEmptinessMachine,CUBIC,Bola,HTTP/1.1
2025-04-30 22:19:28,stallRate,130.534999847412,2.80467755181963,TheEmptinessMachine,CUBIC,Bola,HTTP/1.1
2025-04-30 22:19:30,stallRate,132.534999847412,2.76010602622572,TheEmptinessMachine,CUBIC,Bola,HTTP/1.1
2025-04-30 22:19:32,stallRate,134.534999847412,2.71673592342105,TheEmptinessMachine,CUBIC,Bola,HTTP/1.1
2025-04-30 22:19:34,stallRate,136.534999847412,2.67491926249603,TheEmptinessMachine,CUBIC,Bola,HTTP/1.1
2025-04-30 22:19:36,stallRate,138.534999847412,2.63418673954643,TheEmptinessMachine,CUBIC,Bola,HTTP/1.1
2025-04-30 22:19:38,stallRate,140.534999847412,2.59475367414828,TheEmptinessMachine,CUBIC,Bola,HTTP/1.1
2025-04-30 22:19:40,stallRate,142.536000013351,2.55633485030795,TheEmptinessMachine,CUBIC,Bola,HTTP/1.1
2025-04-30 22:19:42,stallRate,144.534999847412,2.519045003624,TheEmptinessMachine,CUBIC,Bola,HTTP/1.1
2025-04-30 22:19:44,stallRate,146.534999847412,2.48315014215982,TheEmptinessMachine,CUBIC,Bola,HTTP/1.1
2025-04-30 22:19:46,stallRate,148.534999847412,2.44813976484669,TheEmptinessMachine,CUBIC,Bola,HTTP/1.1
2025-04-30 22:19:48,stallRate,150.534999847412,2.41396034003797,TheEmptinessMachine,CUBIC,Bola,HTTP/1.1
2025-04-30 22:19:50,stallRate,152.534999847412,2.38079150184459,TheEmptinessMachine,CUBIC,Bola,HTTP/1.1
2025-04-30 22:19:52,stallRate,154.534999847412,2.34840109405126,TheEmptinessMachine,CUBIC,Bola,HTTP/1.1
2025-04-30 22:19:54,stallRate,156.534999847412,2.31688157112347,TheEmptinessMachine,CUBIC,Bola,HTTP/1.1
2025-04-30 22:19:56,stallRate,158.534999847412,2.28629099886244,TheEmptinessMachine,CUBIC,Bola,HTTP/1.1
2025-04-30 22:19:58,stallRate,160.536000013351,2.25669781718912,TheEmptinessMachine,CUBIC,Bola,HTTP/1.1
2025-04-30 22:20:00,stallRate,162.536000013351,2.22781790471228,TheEmptinessMachine,CUBIC,Bola,HTTP/1.1
2025-04-30 22:20:02,stallRate,164.536999940872,2.19949905086706,TheEmptinessMachine,CUBIC,Bola,HTTP/1.1
2025-04-30 22:20:04,stallRate,166.534999847412,2.17178711364541,TheEmptinessMachine,CUBIC,Bola,HTTP/1.1
2025-04-30 22:20:06,stallRate,168.534999847412,2.14494212625803,TheEmptinessMachine,CUBIC,Bola,HTTP/1.1
2025-04-30 22:20:08,stallRate,170.534999847412,2.11864805690446,TheEmptinessMachine,CUBIC,Bola,HTTP/1.1
2025-04-30 22:20:10,stallRate,172.536000013351,2.09322307297039,TheEmptinessMachine,CUBIC,Bola,HTTP/1.1
2025-04-30 22:20:12,stallRate,174.534999847412,2.06829893449578,TheEmptinessMachine,CUBIC,Bola,HTTP/1.1
2025-04-30 22:20:14,stallRate,176.534999847412,2.04383617853534,TheEmptinessMachine,CUBIC,Bola,HTTP/1.1
2025-04-30 22:20:16,stallRate,178.534999847412,2.02006304913522,TheEmptinessMachine,CUBIC,Bola,HTTP/1.1
2025-04-30 22:20:18,stallRate,180.534999847412,1.99674207881326,TheEmptinessMachine,CUBIC,Bola,HTTP/1.1
2025-04-30 22:20:20,stallRate,182.534999847412,1.97386876152182,TheEmptinessMachine,CUBIC,Bola,HTTP/1.1
2025-04-30 22:20:22,stallRate,184.536000013351,1.95172081213441,TheEmptinessMachine,CUBIC,Bola,HTTP/1.1
2025-04-30 22:20:24,stallRate,186.534999847412,1.93002849510403,TheEmptinessMachine,CUBIC,Bola,HTTP/1.1
2025-04-30 22:20:26,stallRate,188.534999847412,1.9087116375923,TheEmptinessMachine,CUBIC,Bola,HTTP/1.1
2025-04-30 22:20:28,stallRate,190.536000013351,1.88784332450037,TheEmptinessMachine,CUBIC,Bola,HTTP/1.1
2025-04-30 22:20:30,stallRate,192.534999847412,1.86760634185812,TheEmptinessMachine,CUBIC,Bola,HTTP/1.1
2025-04-30 22:20:32,stallRate,194.534999847412,2.03888515403026,TheEmptinessMachine,CUBIC,Bola,HTTP/1.1
2025-04-30 22:20:34,stallRate,196.534999847412,2.01735051206516,TheEmptinessMachine,CUBIC,Bola,HTTP/1.1
2025-04-30 22:20:36,stallRate,198.534999847412,1.99628749927885,TheEmptinessMachine,CUBIC,Bola,HTTP/1.1
2025-04-30 22:20:38,stallRate,200.534999847412,1.97570867653629,TheEmptinessMachine,CUBIC,Bola,HTTP/1.1
2025-04-30 22:21:28,stallRate,8.71600008010864,0.0,TheEmptinessMachine,CUBIC,Bola,HTTP/2
2025-04-30 22:21:30,stallRate,10.7160000801086,0.0,TheEmptinessMachine,CUBIC,Bola,HTTP/2
2025-04-30 22:21:32,stallRate,12.7160000801086,0.0,TheEmptinessMachine,CUBIC,Bola,HTTP/2
2025-04-30 22:21:34,stallRate,14.7160000801086,0.0,TheEmptinessMachine,CUBIC,Bola,HTTP/2
2025-04-30 22:21:36,stallRate,16.7160000801086,0.0,TheEmptinessMachine,CUBIC,Bola,HTTP/2
2025-04-30 22:21:38,stallRate,18.7160000801086,0.0,TheEmptinessMachine,CUBIC,Bola,HTTP/2
2025-04-30 22:21:40,stallRate,20.7160000801086,0.0,TheEmptinessMachine,CUBIC,Bola,HTTP/2
2025-04-30 22:21:42,stallRate,22.7170000076294,0.0,TheEmptinessMachine,CUBIC,Bola,HTTP/2
2025-04-30 22:21:44,stallRate,24.7170000076294,0.0,TheEmptinessMachine,CUBIC,Bola,HTTP/2
2025-04-30 22:21:46,stallRate,26.7160000801086,0.0,TheEmptinessMachine,CUBIC,Bola,HTTP/2
2025-04-30 22:21:48,stallRate,28.7160000801086,0.0,TheEmptinessMachine,CUBIC,Bola,HTTP/2
2025-04-30 22:21:50,stallRate,30.7160000801086,0.0,TheEmptinessMachine,CUBIC,Bola,HTTP/2
2025-04-30 22:21:52,stallRate,32.7160000801086,0.0,TheEmptinessMachine,CUBIC,Bola,HTTP/2
2025-04-30 22:21:54,stallRate,34.7160000801086,0.0,TheEmptinessMachine,CUBIC,Bola,HTTP/2
2025-04-30 22:21:56,stallRate,36.7160000801086,0.0,TheEmptinessMachine,CUBIC,Bola,HTTP/2
2025-04-30 22:21:58,stallRate,38.7160000801086,0.0,TheEmptinessMachine,CUBIC,Bola,HTTP/2
2025-04-30 22:22:00,stallRate,40.7160000801086,0.0,TheEmptinessMachine,CUBIC,Bola,HTTP/2
2025-04-30 22:22:02,stallRate,42.7160000801086,0.0,TheEmptinessMachine,CUBIC,Bola,HTTP/2
2025-04-30 22:22:04,stallRate,44.7160000801086,0.0,TheEmptinessMachine,CUBIC,Bola,HTTP/2
2025-04-30 22:22:06,stallRate,46.7170000076294,0.0,TheEmptinessMachine,CUBIC,Bola,HTTP/2
2025-04-30 22:22:08,stallRate,48.7160000801086,0.0,TheEmptinessMachine,CUBIC,Bola,HTTP/2
2025-04-30 22:22:10,stallRate,50.7160000801086,0.0,TheEmptinessMachine,CUBIC,Bola,HTTP/2
2025-04-30 22:22:12,stallRate,52.7160000801086,0.0,TheEmptinessMachine,CUBIC,Bola,HTTP/2
2025-04-30 22:22:14,stallRate,54.7160000801086,0.0,TheEmptinessMachine,CUBIC,Bola,HTTP/2
2025-04-30 22:22:16,stallRate,56.7160000801086,0.0,TheEmptinessMachine,CUBIC,Bola,HTTP/2
2025-04-30 22:22:18,stallRate,58.7160000801086,0.0,TheEmptinessMachine,CUBIC,Bola,HTTP/2
2025-04-30 22:22:20,stallRate,60.7160000801086,0.0,TheEmptinessMachine,CUBIC,Bola,HTTP/2
2025-04-30 22:22:22,stallRate,62.7160000801086,0.0,TheEmptinessMachine,CUBIC,Bola,HTTP/2
2025-04-30 22:22:24,stallRate,64.7160000801086,0.0,TheEmptinessMachine,CUBIC,Bola,HTTP/2
2025-04-30 22:22:26,stallRate,66.7160000801086,0.0,TheEmptinessMachine,CUBIC,Bola,HTTP/2
2025-04-30 22:22:30,stallRate,70.7160000801086,4.40818168047666,TheEmptinessMachine,CUBIC,Bola,HTTP/2
2025-04-30 22:22:32,stallRate,72.7160000801086,4.90478980444339,TheEmptinessMachine,CUBIC,Bola,HTTP/2
2025-04-30 22:22:38,stallRate,78.7160000801086,9.11523312548515,TheEmptinessMachine,CUBIC,Bola,HTTP/2
2025-04-30 22:22:40,stallRate,80.7160000801086,8.95906258616131,TheEmptinessMachine,CUBIC,Bola,HTTP/2
2025-04-30 22:22:42,stallRate,82.7160000801086,8.71920267580907,TheEmptinessMachine,CUBIC,Bola,HTTP/2
2025-04-30 22:22:44,stallRate,84.7160000801086,8.4931168468077,TheEmptinessMachine,CUBIC,Bola,HTTP/2
2025-04-30 22:22:46,stallRate,86.7160000801086,8.27761302178128,TheEmptinessMachine,CUBIC,Bola,HTTP/2
2025-04-30 22:22:48,stallRate,88.7160000801086,8.07279117564969,TheEmptinessMachine,CUBIC,Bola,HTTP/2
2025-04-30 22:22:50,stallRate,90.7160000801086,7.87824217983399,TheEmptinessMachine,CUBIC,Bola,HTTP/2
2025-04-30 22:22:52,stallRate,92.7160000801086,7.69323563296936,TheEmptinessMachine,CUBIC,Bola,HTTP/2
2025-04-30 22:22:54,stallRate,94.7160000801086,7.51609548133271,TheEmptinessMachine,CUBIC,Bola,HTTP/2
2025-04-30 22:22:56,stallRate,96.7160000801086,7.34759035224815,TheEmptinessMachine,CUBIC,Bola,HTTP/2
2025-04-30 22:22:58,stallRate,98.7160000801086,7.18574194913605,TheEmptinessMachine,CUBIC,Bola,HTTP/2
2025-04-30 22:23:00,stallRate,100.716000080109,7.03085994185546,TheEmptinessMachine,CUBIC,Bola,HTTP/2
2025-04-30 22:23:02,stallRate,102.716000080109,6.88355496237778,TheEmptinessMachine,CUBIC,Bola,HTTP/2
2025-04-30 22:23:04,stallRate,104.716000080109,6.7416627622446,TheEmptinessMachine,CUBIC,Bola,HTTP/2
2025-04-30 22:23:06,stallRate,106.716000080109,6.60524697984375,TheEmptinessMachine,CUBIC,Bola,HTTP/2
2025-04-30 22:23:08,stallRate,108.716000080109,6.47442838471118,TheEmptinessMachine,CUBIC,Bola,HTTP/2
2025-04-30 22:23:10,stallRate,110.716000080109,6.34896864584059,TheEmptinessMachine,CUBIC,Bola,HTTP/2
2025-04-30 22:23:12,stallRate,112.716000080109,6.22778271262315,TheEmptinessMachine,CUBIC,Bola,HTTP/2
2025-04-30 22:23:14,stallRate,114.716000080109,6.11161092583188,TheEmptinessMachine,CUBIC,Bola,HTTP/2
2025-04-30 22:23:16,stallRate,116.716000080109,5.9992082604983,TheEmptinessMachine,CUBIC,Bola,HTTP/2
2025-04-30 22:23:18,stallRate,118.716000080109,5.89134967021202,TheEmptinessMachine,CUBIC,Bola,HTTP/2
2025-04-30 22:23:20,stallRate,120.716000080109,5.78681144112424,TheEmptinessMachine,CUBIC,Bola,HTTP/2
2025-04-30 22:23:22,stallRate,122.716000080109,5.68620470375648,TheEmptinessMachine,CUBIC,Bola,HTTP/2
2025-04-30 22:23:24,stallRate,124.717000007629,5.58866973570486,TheEmptinessMachine,CUBIC,Bola,HTTP/2
2025-04-30 22:23:26,stallRate,126.716000080109,5.49493508612343,TheEmptinessMachine,CUBIC,Bola,HTTP/2
2025-04-30 22:23:28,stallRate,128.716000080109,5.40387919419561,TheEmptinessMachine,CUBIC,Bola,HTTP/2
2025-04-30 22:23:30,stallRate,130.716000080109,5.31624588223525,TheEmptinessMachine,CUBIC,Bola,HTTP/2
2025-04-30 22:23:32,stallRate,132.716000080109,5.23100087877221,TheEmptinessMachine,CUBIC,Bola,HTTP/2
2025-04-30 22:23:34,stallRate,134.716000080109,5.67026675077352,TheEmptinessMachine,CUBIC,Bola,HTTP/2
2025-04-30 22:23:38,stallRate,138.716000080109,5.70298915545954,TheEmptinessMachine,CUBIC,Bola,HTTP/2
2025-04-30 22:23:40,stallRate,140.716000080109,5.61702259240395,TheEmptinessMachine,CUBIC,Bola,HTTP/2
2025-04-30 22:23:42,stallRate,142.716000080109,5.53402680797543,TheEmptinessMachine,CUBIC,Bola,HTTP/2
2025-04-30 22:23:44,stallRate,144.716000080109,5.4572401511606,TheEmptinessMachine,CUBIC,Bola,HTTP/2
2025-04-30 22:23:46,stallRate,146.716000080109,5.37874985183633,TheEmptinessMachine,CUBIC,Bola,HTTP/2
2025-04-30 22:23:48,stallRate,148.716000080109,5.30260545600458,TheEmptinessMachine,CUBIC,Bola,HTTP/2
2025-04-30 22:23:50,stallRate,150.716000080109,5.22887314177732,TheEmptinessMachine,CUBIC,Bola,HTTP/2
2025-04-30 22:23:52,stallRate,152.716000080109,5.15634294193616,TheEmptinessMachine,CUBIC,Bola,HTTP/2
2025-04-30 22:23:54,stallRate,154.716000080109,5.08605667356831,TheEmptinessMachine,CUBIC,Bola,HTTP/2
2025-04-30 22:23:56,stallRate,156.717000007629,5.01792643528872,TheEmptinessMachine,CUBIC,Bola,HTTP/2
2025-04-30 22:23:58,stallRate,158.716000080109,5.5798359731486,TheEmptinessMachine,CUBIC,Bola,HTTP/2
2025-04-30 22:24:00,stallRate,160.716000080109,5.50678317228072,TheEmptinessMachine,CUBIC,Bola,HTTP/2
2025-04-30 22:24:02,stallRate,162.716000080109,5.43591631585432,TheEmptinessMachine,CUBIC,Bola,HTTP/2
2025-04-30 22:24:04,stallRate,164.716000080109,5.36650916283585,TheEmptinessMachine,CUBIC,Bola,HTTP/2
2025-04-30 22:24:08,stallRate,168.716000080109,5.56681235570502,TheEmptinessMachine,CUBIC,Bola,HTTP/2
2025-04-30 22:24:10,stallRate,170.716000080109,5.498637947302,TheEmptinessMachine,CUBIC,Bola,HTTP/2
2025-04-30 22:24:12,stallRate,172.716000080109,5.43149621918227,TheEmptinessMachine,CUBIC,Bola,HTTP/2
2025-04-30 22:24:14,stallRate,174.716000080109,5.3663428152647,TheEmptinessMachine,CUBIC,Bola,HTTP/2
2025-04-30 22:24:16,stallRate,176.716000080109,5.7159302162474,TheEmptinessMachine,CUBIC,Bola,HTTP/2
2025-04-30 22:24:18,stallRate,178.716000080109,5.64957958128276,TheEmptinessMachine,CUBIC,Bola,HTTP/2
2025-04-30 22:24:20,stallRate,180.716000080109,5.58422531303923,TheEmptinessMachine,CUBIC,Bola,HTTP/2
2025-04-30 22:24:22,stallRate,182.716000080109,5.72921251495475,TheEmptinessMachine,CUBIC,Bola,HTTP/2
2025-04-30 22:24:24,stallRate,184.716000080109,5.66450056173881,TheEmptinessMachine,CUBIC,Bola,HTTP/2
2025-04-30 22:24:26,stallRate,186.716000080109,5.60141337456638,TheEmptinessMachine,CUBIC,Bola,HTTP/2
2025-04-30 22:24:28,stallRate,188.716000080109,5.53942468689814,TheEmptinessMachine,CUBIC,Bola,HTTP/2
2025-04-30 22:24:30,stallRate,190.716000080109,5.47873145985137,TheEmptinessMachine,CUBIC,Bola,HTTP/2
2025-04-30 22:24:32,stallRate,192.716000080109,5.41950031770649,TheEmptinessMachine,CUBIC,Bola,HTTP/2
2025-04-30 22:24:34,stallRate,194.716000080109,5.36164954049465,TheEmptinessMachine,CUBIC,Bola,HTTP/2
2025-04-30 22:24:36,stallRate,196.716000080109,5.30480571856407,TheEmptinessMachine,CUBIC,Bola,HTTP/2
2025-04-30 22:24:38,stallRate,198.716000080109,5.24909104217555,TheEmptinessMachine,CUBIC,Bola,HTTP/2
2025-04-30 22:24:40,stallRate,200.716000080109,5.19465996954144,TheEmptinessMachine,CUBIC,Bola,HTTP/2
2025-04-30 22:25:30,stallRate,10.0989999771118,0.0,TheEmptinessMachine,CUBIC,Bola,HTTP/3
2025-04-30 22:25:32,stallRate,12.0980000495911,0.0,TheEmptinessMachine,CUBIC,Bola,HTTP/3
2025-04-30 22:25:34,stallRate,14.0980000495911,0.0,TheEmptinessMachine,CUBIC,Bola,HTTP/3
2025-04-30 22:25:36,stallRate,16.0980000495911,0.0,TheEmptinessMachine,CUBIC,Bola,HTTP/3
2025-04-30 22:25:38,stallRate,18.0980000495911,0.0,TheEmptinessMachine,CUBIC,Bola,HTTP/3
2025-04-30 22:25:40,stallRate,20.0980000495911,0.0,TheEmptinessMachine,CUBIC,Bola,HTTP/3
2025-04-30 22:25:44,stallRate,24.0980000495911,0.0,TheEmptinessMachine,CUBIC,Bola,HTTP/3
2025-04-30 22:25:46,stallRate,26.0989999771118,0.0,TheEmptinessMachine,CUBIC,Bola,HTTP/3
2025-04-30 22:25:50,stallRate,30.0989999771118,0.0,TheEmptinessMachine,CUBIC,Bola,HTTP/3
2025-04-30 22:25:52,stallRate,32.0980000495911,0.0,TheEmptinessMachine,CUBIC,Bola,HTTP/3
2025-04-30 22:25:54,stallRate,34.0980000495911,0.0,TheEmptinessMachine,CUBIC,Bola,HTTP/3
2025-04-30 22:25:56,stallRate,36.0989999771118,0.0,TheEmptinessMachine,CUBIC,Bola,HTTP/3
2025-04-30 22:25:58,stallRate,38.0980000495911,0.0,TheEmptinessMachine,CUBIC,Bola,HTTP/3
2025-04-30 22:26:00,stallRate,40.0989999771118,2.17805287396076,TheEmptinessMachine,CUBIC,Bola,HTTP/3
2025-04-30 22:26:04,stallRate,44.0989999771118,3.14349743336914,TheEmptinessMachine,CUBIC,Bola,HTTP/3
2025-04-30 22:26:06,stallRate,46.0989999771118,3.1934014292905,TheEmptinessMachine,CUBIC,Bola,HTTP/3
2025-04-30 22:26:10,stallRate,50.0980000495911,3.59517817848486,TheEmptinessMachine,CUBIC,Bola,HTTP/3
2025-04-30 22:26:12,stallRate,52.0980000495911,3.67291902048841,TheEmptinessMachine,CUBIC,Bola,HTTP/3
2025-04-30 22:26:16,stallRate,56.0989999771118,3.95992514991251,TheEmptinessMachine,CUBIC,Bola,HTTP/3
2025-04-30 22:26:18,stallRate,58.0980000495911,3.88259696828312,TheEmptinessMachine,CUBIC,Bola,HTTP/3
2025-04-30 22:26:20,stallRate,60.0989999771118,3.73058619744,TheEmptinessMachine,CUBIC,Bola,HTTP/3
2025-04-30 22:26:22,stallRate,62.0980000495911,3.5903577448946,TheEmptinessMachine,CUBIC,Bola,HTTP/3
2025-04-30 22:26:24,stallRate,64.0980000495911,3.45905750995932,TheEmptinessMachine,CUBIC,Bola,HTTP/3
2025-04-30 22:26:26,stallRate,66.0980000495911,3.33836237100507,TheEmptinessMachine,CUBIC,Bola,HTTP/3
2025-04-30 22:26:28,stallRate,68.0980000495911,3.22595163287806,TheEmptinessMachine,CUBIC,Bola,HTTP/3
2025-04-30 22:26:30,stallRate,70.0980000495911,3.11979862987421,TheEmptinessMachine,CUBIC,Bola,HTTP/3
2025-04-30 22:26:32,stallRate,72.0980000495911,3.02078963492266,TheEmptinessMachine,CUBIC,Bola,HTTP/3
2025-04-30 22:26:34,stallRate,74.0989999771118,2.92806871537775,TheEmptinessMachine,CUBIC,Bola,HTTP/3
2025-04-30 22:26:36,stallRate,76.0980000495911,2.84089752619734,TheEmptinessMachine,CUBIC,Bola,HTTP/3
2025-04-30 22:26:38,stallRate,78.0989999771118,2.75866810311288,TheEmptinessMachine,CUBIC,Bola,HTTP/3
2025-04-30 22:26:40,stallRate,80.0989999771118,2.68076966512833,TheEmptinessMachine,CUBIC,Bola,HTTP/3
2025-04-30 22:26:42,stallRate,82.0980000495911,2.60780666883588,TheEmptinessMachine,CUBIC,Bola,HTTP/3
2025-04-30 22:26:44,stallRate,84.0980000495911,2.53807350043842,TheEmptinessMachine,CUBIC,Bola,HTTP/3
2025-04-30 22:26:46,stallRate,86.0989999771118,2.4721495523355,TheEmptinessMachine,CUBIC,Bola,HTTP/3
2025-04-30 22:26:48,stallRate,88.0980000495911,2.40959540045394,TheEmptinessMachine,CUBIC,Bola,HTTP/3
2025-04-30 22:26:50,stallRate,90.0980000495911,2.35016318844239,TheEmptinessMachine,CUBIC,Bola,HTTP/3
2025-04-30 22:26:52,stallRate,92.0980000495911,2.29372220440835,TheEmptinessMachine,CUBIC,Bola,HTTP/3
2025-04-30 22:26:54,stallRate,94.0980000495911,2.23970650487555,TheEmptinessMachine,CUBIC,Bola,HTTP/3
2025-04-30 22:26:56,stallRate,96.0980000495911,2.18809205436379,TheEmptinessMachine,CUBIC,Bola,HTTP/3
2025-04-30 22:26:58,stallRate,98.0989999771118,2.13894127840853,TheEmptinessMachine,CUBIC,Bola,HTTP/3
2025-04-30 22:27:00,stallRate,100.098999977112,2.09223997724912,TheEmptinessMachine,CUBIC,Bola,HTTP/3
2025-04-30 22:27:02,stallRate,102.098000049591,2.04723514779414,TheEmptinessMachine,CUBIC,Bola,HTTP/3
2025-04-30 22:27:04,stallRate,104.098000049591,2.00394477981744,TheEmptinessMachine,CUBIC,Bola,HTTP/3
2025-04-30 22:27:06,stallRate,106.098000049591,1.96268856109316,TheEmptinessMachine,CUBIC,Bola,HTTP/3
2025-04-30 22:27:08,stallRate,108.098000049591,1.92318959237766,TheEmptinessMachine,CUBIC,Bola,HTTP/3
2025-04-30 22:27:10,stallRate,110.098999977112,1.88530065162508,TheEmptinessMachine,CUBIC,Bola,HTTP/3
2025-04-30 22:27:12,stallRate,112.098000049591,1.84869719537632,TheEmptinessMachine,CUBIC,Bola,HTTP/3
2025-04-30 22:27:16,stallRate,116.098000049591,1.77951274770562,TheEmptinessMachine,CUBIC,Bola,HTTP/3
2025-04-30 22:27:18,stallRate,118.098000049591,1.74676223702021,TheEmptinessMachine,CUBIC,Bola,HTTP/3
2025-04-30 22:27:22,stallRate,122.098000049591,1.68495125917028,TheEmptinessMachine,CUBIC,Bola,HTTP/3
2025-04-30 22:27:24,stallRate,124.098000049591,1.65575793166927,TheEmptinessMachine,CUBIC,Bola,HTTP/3
2025-04-30 22:27:26,stallRate,126.098999977112,1.6274130432329,TheEmptinessMachine,CUBIC,Bola,HTTP/3
2025-04-30 22:27:28,stallRate,128.098000049591,1.60009108055966,TheEmptinessMachine,CUBIC,Bola,HTTP/3
2025-04-30 22:27:30,stallRate,130.098999977112,1.57357468901229,TheEmptinessMachine,CUBIC,Bola,HTTP/3
2025-04-30 22:27:32,stallRate,132.098000049591,1.54806587727466,TheEmptinessMachine,CUBIC,Bola,HTTP/3
2025-04-30 22:27:34,stallRate,134.098000049591,1.52341166363133,TheEmptinessMachine,CUBIC,Bola,HTTP/3
2025-04-30 22:27:36,stallRate,136.098000049591,1.90105977904746,TheEmptinessMachine,CUBIC,Bola,HTTP/3
2025-04-30 22:27:38,stallRate,138.098000049591,1.87146490205722,TheEmptinessMachine,CUBIC,Bola,HTTP/3
2025-04-30 22:27:40,stallRate,140.098000049591,2.56287338949122,TheEmptinessMachine,CUBIC,Bola,HTTP/3
2025-04-30 22:27:42,stallRate,142.098000049591,2.56177837782472,TheEmptinessMachine,CUBIC,Bola,HTTP/3
2025-04-30 22:27:46,stallRate,146.099999904633,2.48704414945749,TheEmptinessMachine,CUBIC,Bola,HTTP/3
2025-04-30 22:27:48,stallRate,148.098000049591,2.45152081807155,TheEmptinessMachine,CUBIC,Bola,HTTP/3
2025-04-30 22:27:50,stallRate,150.098000049591,2.41662770864382,TheEmptinessMachine,CUBIC,Bola,HTTP/3
2025-04-30 22:27:52,stallRate,152.098000049591,2.38300628178724,TheEmptinessMachine,CUBIC,Bola,HTTP/3
2025-04-30 22:27:54,stallRate,154.098000049591,2.35018339200447,TheEmptinessMachine,CUBIC,Bola,HTTP/3
2025-04-30 22:27:56,stallRate,156.098000049591,2.31814725995888,TheEmptinessMachine,CUBIC,Bola,HTTP/3
2025-04-30 22:27:58,stallRate,158.098000049591,2.28704199814343,TheEmptinessMachine,CUBIC,Bola,HTTP/3
2025-04-30 22:28:00,stallRate,160.098999977112,2.25665316009384,TheEmptinessMachine,CUBIC,Bola,HTTP/3
2025-04-30 22:28:02,stallRate,162.098000049591,2.22722081832379,TheEmptinessMachine,CUBIC,Bola,HTTP/3
2025-04-30 22:28:04,stallRate,164.098000049591,2.19860389975034,TheEmptinessMachine,CUBIC,Bola,HTTP/3
2025-04-30 22:28:06,stallRate,166.098000049591,2.17043027591831,TheEmptinessMachine,CUBIC,Bola,HTTP/3
2025-04-30 22:28:08,stallRate,168.098000049591,2.14309645711156,TheEmptinessMachine,CUBIC,Bola,HTTP/3
2025-04-30 22:28:10,stallRate,170.098000049591,2.11652694263734,TheEmptinessMachine,CUBIC,Bola,HTTP/3
2025-04-30 22:28:12,stallRate,172.098000049591,2.09061900965931,TheEmptinessMachine,CUBIC,Bola,HTTP/3
2025-04-30 22:28:16,stallRate,176.098000049591,2.44392700062231,TheEmptinessMachine,CUBIC,Bola,HTTP/3
2025-04-30 22:28:18,stallRate,178.098000049591,2.41508505981451,TheEmptinessMachine,CUBIC,Bola,HTTP/3
2025-04-30 22:28:20,stallRate,180.098999977112,2.38695439018878,TheEmptinessMachine,CUBIC,Bola,HTTP/3
2025-04-30 22:28:22,stallRate,182.098000049591,2.35934309893065,TheEmptinessMachine,CUBIC,Bola,HTTP/3
2025-04-30 22:28:24,stallRate,184.098999977112,2.33222535636519,TheEmptinessMachine,CUBIC,Bola,HTTP/3
2025-04-30 22:28:26,stallRate,186.098000049591,2.30577440770379,TheEmptinessMachine,CUBIC,Bola,HTTP/3
2025-04-30 22:28:28,stallRate,188.098000049591,2.28015266519163,TheEmptinessMachine,CUBIC,Bola,HTTP/3
2025-04-30 22:28:30,stallRate,190.098999977112,2.25502122330528,TheEmptinessMachine,CUBIC,Bola,HTTP/3
2025-04-30 22:28:34,stallRate,194.098000049591,2.51125538081254,TheEmptinessMachine,CUBIC,Bola,HTTP/3
2025-04-30 22:28:36,stallRate,196.098000049591,3.0311835240442,TheEmptinessMachine,CUBIC,Bola,HTTP/3
2025-04-30 22:28:38,stallRate,198.098000049591,3.00158789823514,TheEmptinessMachine,CUBIC,Bola,HTTP/3
2025-04-30 22:28:40,stallRate,200.098000049591,2.96977663918447,TheEmptinessMachine,CUBIC,Bola,HTTP/3
2025-04-30 22:28:42,stallRate,202.098000049591,2.93876237728925,TheEmptinessMachine,CUBIC,Bola,HTTP/3
2025-04-30 22:28:44,stallRate,204.098000049591,2.90838344814475,TheEmptinessMachine,CUBIC,Bola,HTTP/3
2025-04-30 22:29:22,stallRate,4.49399995803833,0.0,TheEmptinessMachine,CUBIC,Festive,HTTP/1.1
2025-04-30 22:29:24,stallRate,6.49399995803833,0.0,TheEmptinessMachine,CUBIC,Festive,HTTP/1.1
2025-04-30 22:29:26,stallRate,8.49399995803833,0.0,TheEmptinessMachine,CUBIC,Festive,HTTP/1.1
2025-04-30 22:29:28,stallRate,10.4990000724792,0.0,TheEmptinessMachine,CUBIC,Festive,HTTP/1.1
2025-04-30 22:29:30,stallRate,12.4939999580383,7.1800728242253,TheEmptinessMachine,CUBIC,Festive,HTTP/1.1
2025-04-30 22:29:32,stallRate,14.4939999580383,5.77461336312799,TheEmptinessMachine,CUBIC,Festive,HTTP/1.1
2025-04-30 22:29:34,stallRate,16.4939999580383,17.1865237519894,TheEmptinessMachine,CUBIC,Festive,HTTP/1.1
2025-04-30 22:29:36,stallRate,18.4939999580383,14.5432570074457,TheEmptinessMachine,CUBIC,Festive,HTTP/1.1
2025-04-30 22:29:40,stallRate,22.4939999580383,16.1574355230529,TheEmptinessMachine,CUBIC,Festive,HTTP/1.1
2025-04-30 22:29:42,stallRate,24.4939999580383,14.4520303860436,TheEmptinessMachine,CUBIC,Festive,HTTP/1.1
2025-04-30 22:29:46,stallRate,28.4939999580383,16.5661976511374,TheEmptinessMachine,CUBIC,Festive,HTTP/1.1
2025-04-30 22:29:48,stallRate,30.4939999580383,15.252383727653,TheEmptinessMachine,CUBIC,Festive,HTTP/1.1
2025-04-30 22:29:52,stallRate,34.4939999580383,16.3710246864188,TheEmptinessMachine,CUBIC,Festive,HTTP/1.1
2025-04-30 22:29:54,stallRate,36.4939999580383,15.3277296986049,TheEmptinessMachine,CUBIC,Festive,HTTP/1.1
2025-04-30 22:29:58,stallRate,40.4939999580383,18.7198232424584,TheEmptinessMachine,CUBIC,Festive,HTTP/1.1
2025-04-30 22:30:00,stallRate,42.4939999580383,19.0600190281078,TheEmptinessMachine,CUBIC,Festive,HTTP/1.1
2025-04-30 22:30:02,stallRate,44.4939999580383,18.8593235095782,TheEmptinessMachine,CUBIC,Festive,HTTP/1.1
2025-04-30 22:30:04,stallRate,46.4939999580383,17.9445713096978,TheEmptinessMachine,CUBIC,Festive,HTTP/1.1
2025-04-30 22:30:06,stallRate,48.4939999580383,17.4090931676881,TheEmptinessMachine,CUBIC,Festive,HTTP/1.1
2025-04-30 22:30:08,stallRate,50.4939999580383,16.6442427962503,TheEmptinessMachine,CUBIC,Festive,HTTP/1.1
2025-04-30 22:30:10,stallRate,52.4939999580383,15.9372434704641,TheEmptinessMachine,CUBIC,Festive,HTTP/1.1
2025-04-30 22:30:12,stallRate,54.4939999580383,15.2941822308652,TheEmptinessMachine,CUBIC,Festive,HTTP/1.1
2025-04-30 22:30:14,stallRate,56.4939999580383,14.6987984504267,TheEmptinessMachine,CUBIC,Festive,HTTP/1.1
2025-04-30 22:30:16,stallRate,58.4939999580383,14.1474125118343,TheEmptinessMachine,CUBIC,Festive,HTTP/1.1
2025-04-30 22:30:18,stallRate,60.4939999580383,13.636312162187,TheEmptinessMachine,CUBIC,Festive,HTTP/1.1
2025-04-30 22:30:20,stallRate,62.4939999580383,13.162080030138,TheEmptinessMachine,CUBIC,Festive,HTTP/1.1
2025-04-30 22:30:22,stallRate,64.4939999580383,12.7179188639177,TheEmptinessMachine,CUBIC,Festive,HTTP/1.1
2025-04-30 22:30:24,stallRate,66.4939999580383,12.3044099382318,TheEmptinessMachine,CUBIC,Festive,HTTP/1.1
2025-04-30 22:30:26,stallRate,68.4939999580383,11.9176215659104,TheEmptinessMachine,CUBIC,Festive,HTTP/1.1
2025-04-30 22:30:28,stallRate,70.4939999580383,11.5506020430299,TheEmptinessMachine,CUBIC,Festive,HTTP/1.1
2025-04-30 22:30:30,stallRate,72.4939999580383,11.2071745391732,TheEmptinessMachine,CUBIC,Festive,HTTP/1.1
2025-04-30 22:30:32,stallRate,74.4939999580383,10.8845735385843,TheEmptinessMachine,CUBIC,Festive,HTTP/1.1
2025-04-30 22:30:34,stallRate,76.4939999580383,10.5800726144615,TheEmptinessMachine,CUBIC,Festive,HTTP/1.1
2025-04-30 22:30:36,stallRate,78.4939999580383,10.2918572571554,TheEmptinessMachine,CUBIC,Festive,HTTP/1.1
2025-04-30 22:30:38,stallRate,80.4939999580383,10.017830573421,TheEmptinessMachine,CUBIC,Festive,HTTP/1.1
2025-04-30 22:30:40,stallRate,82.4939999580383,9.75801881390789,TheEmptinessMachine,CUBIC,Festive,HTTP/1.1
2025-04-30 22:30:42,stallRate,84.4939999580383,9.51335894788626,TheEmptinessMachine,CUBIC,Festive,HTTP/1.1
2025-04-30 22:30:44,stallRate,86.4939999580383,9.27969548643696,TheEmptinessMachine,CUBIC,Festive,HTTP/1.1
2025-04-30 22:30:46,stallRate,88.4939999580383,9.05693018539139,TheEmptinessMachine,CUBIC,Festive,HTTP/1.1
2025-04-30 22:30:48,stallRate,90.4939999580383,8.84477892701008,TheEmptinessMachine,CUBIC,Festive,HTTP/1.1
2025-04-30 22:30:50,stallRate,92.4939999580383,8.64165046147363,TheEmptinessMachine,CUBIC,Festive,HTTP/1.1
2025-04-30 22:30:52,stallRate,94.4939999580383,8.44859034840802,TheEmptinessMachine,CUBIC,Festive,HTTP/1.1
2025-04-30 22:30:54,stallRate,96.4939999580383,8.2642953641268,TheEmptinessMachine,CUBIC,Festive,HTTP/1.1
2025-04-30 22:30:56,stallRate,98.4939999580383,8.08807239264449,TheEmptinessMachine,CUBIC,Festive,HTTP/1.1
2025-04-30 22:30:58,stallRate,100.493999958038,7.91667830558059,TheEmptinessMachine,CUBIC,Festive,HTTP/1.1
2025-04-30 22:31:00,stallRate,102.493999958038,7.75410252831451,TheEmptinessMachine,CUBIC,Festive,HTTP/1.1
2025-04-30 22:31:02,stallRate,104.493999958038,7.59841444222589,TheEmptinessMachine,CUBIC,Festive,HTTP/1.1
2025-04-30 22:31:04,stallRate,106.493999958038,7.4489245355397,TheEmptinessMachine,CUBIC,Festive,HTTP/1.1
2025-04-30 22:31:06,stallRate,108.493999958038,7.30410645935579,TheEmptinessMachine,CUBIC,Festive,HTTP/1.1
2025-04-30 22:31:08,stallRate,110.493999958038,7.16528024124518,TheEmptinessMachine,CUBIC,Festive,HTTP/1.1
2025-04-30 22:31:10,stallRate,112.493999958038,7.03199302090842,TheEmptinessMachine,CUBIC,Festive,HTTP/1.1
2025-04-30 22:31:12,stallRate,114.493999958038,6.90341670984824,TheEmptinessMachine,CUBIC,Festive,HTTP/1.1
2025-04-30 22:31:14,stallRate,116.493999958038,6.7796401357023,TheEmptinessMachine,CUBIC,Festive,HTTP/1.1
2025-04-30 22:31:16,stallRate,118.493999958038,6.66040203134379,TheEmptinessMachine,CUBIC,Festive,HTTP/1.1
2025-04-30 22:31:18,stallRate,120.493999958038,7.3085506522906,TheEmptinessMachine,CUBIC,Festive,HTTP/1.1
2025-04-30 22:31:20,stallRate,122.493999958038,7.18426867310264,TheEmptinessMachine,CUBIC,Festive,HTTP/1.1
2025-04-30 22:31:22,stallRate,124.493999958038,7.06354325270228,TheEmptinessMachine,CUBIC,Festive,HTTP/1.1
2025-04-30 22:31:24,stallRate,126.493999958038,6.94673087834949,TheEmptinessMachine,CUBIC,Festive,HTTP/1.1
2025-04-30 22:31:28,stallRate,130.493999958038,7.40493704162989,TheEmptinessMachine,CUBIC,Festive,HTTP/1.1
2025-04-30 22:31:30,stallRate,132.493999958038,7.46699995573264,TheEmptinessMachine,CUBIC,Festive,HTTP/1.1
2025-04-30 22:31:32,stallRate,134.493999958038,7.51001872409093,TheEmptinessMachine,CUBIC,Festive,HTTP/1.1
2025-04-30 22:31:34,stallRate,136.495000123978,7.39512814533978,TheEmptinessMachine,CUBIC,Festive,HTTP/1.1
2025-04-30 22:31:36,stallRate,138.493999958038,7.28418184011177,TheEmptinessMachine,CUBIC,Festive,HTTP/1.1
2025-04-30 22:31:38,stallRate,140.493999958038,7.17676265362338,TheEmptinessMachine,CUBIC,Festive,HTTP/1.1
2025-04-30 22:31:40,stallRate,142.493999958038,7.07311896792971,TheEmptinessMachine,CUBIC,Festive,HTTP/1.1
2025-04-30 22:31:42,stallRate,144.493999958038,6.97154811728996,TheEmptinessMachine,CUBIC,Festive,HTTP/1.1
2025-04-30 22:31:44,stallRate,146.493999958038,6.87302177165905,TheEmptinessMachine,CUBIC,Festive,HTTP/1.1
2025-04-30 22:31:46,stallRate,148.493999958038,6.77681074353926,TheEmptinessMachine,CUBIC,Festive,HTTP/1.1
2025-04-30 22:31:48,stallRate,150.493999958038,6.68375869612629,TheEmptinessMachine,CUBIC,Festive,HTTP/1.1
2025-04-30 22:31:50,stallRate,152.493999958038,6.59287374649431,TheEmptinessMachine,CUBIC,Festive,HTTP/1.1
2025-04-30 22:31:52,stallRate,154.493999958038,6.5047960920093,TheEmptinessMachine,CUBIC,Festive,HTTP/1.1
2025-04-30 22:31:54,stallRate,156.493999958038,6.41867359663932,TheEmptinessMachine,CUBIC,Festive,HTTP/1.1
2025-04-30 22:31:56,stallRate,158.493999958038,6.33498399843991,TheEmptinessMachine,CUBIC,Festive,HTTP/1.1
2025-04-30 22:31:58,stallRate,160.493999958038,6.25319060366726,TheEmptinessMachine,CUBIC,Festive,HTTP/1.1
2025-04-30 22:32:00,stallRate,162.493999958038,6.17390131724434,TheEmptinessMachine,CUBIC,Festive,HTTP/1.1
2025-04-30 22:32:02,stallRate,164.493999958038,6.09623464455784,TheEmptinessMachine,CUBIC,Festive,HTTP/1.1
2025-04-30 22:32:04,stallRate,166.493999958038,6.02087343539721,TheEmptinessMachine,CUBIC,Festive,HTTP/1.1
2025-04-30 22:32:06,stallRate,168.493999958038,5.9470299688351,TheEmptinessMachine,CUBIC,Festive,HTTP/1.1
2025-04-30 22:32:08,stallRate,170.493999958038,5.87512107125641,TheEmptinessMachine,CUBIC,Festive,HTTP/1.1
2025-04-30 22:32:10,stallRate,172.493999958038,5.80495146776475,TheEmptinessMachine,CUBIC,Festive,HTTP/1.1
2025-04-30 22:32:12,stallRate,174.495000123978,5.73640374564984,TheEmptinessMachine,CUBIC,Festive,HTTP/1.1
2025-04-30 22:32:14,stallRate,176.493999958038,5.66966114634842,TheEmptinessMachine,CUBIC,Festive,HTTP/1.1
2025-04-30 22:32:16,stallRate,178.493999958038,5.6041354130795,TheEmptinessMachine,CUBIC,Festive,HTTP/1.1
2025-04-30 22:32:18,stallRate,180.493999958038,5.540380153689,TheEmptinessMachine,CUBIC,Festive,HTTP/1.1
2025-04-30 22:32:20,stallRate,182.495000123978,5.47774468604986,TheEmptinessMachine,CUBIC,Festive,HTTP/1.1
2025-04-30 22:32:22,stallRate,184.493999958038,5.41681945074353,TheEmptinessMachine,CUBIC,Festive,HTTP/1.1
2025-04-30 22:32:24,stallRate,186.493999958038,5.35696298992239,TheEmptinessMachine,CUBIC,Festive,HTTP/1.1
2025-04-30 22:32:26,stallRate,188.493999958038,5.29854448072308,TheEmptinessMachine,CUBIC,Festive,HTTP/1.1
2025-04-30 22:32:28,stallRate,190.493999958038,5.24118571160459,TheEmptinessMachine,CUBIC,Festive,HTTP/1.1
2025-04-30 22:32:30,stallRate,192.493999958038,5.18504117008886,TheEmptinessMachine,CUBIC,Festive,HTTP/1.1
2025-04-30 22:32:32,stallRate,194.493999958038,5.13027043260871,TheEmptinessMachine,CUBIC,Festive,HTTP/1.1
2025-04-30 22:32:34,stallRate,196.493999958038,5.07697443320891,TheEmptinessMachine,CUBIC,Festive,HTTP/1.1
2025-04-30 22:32:36,stallRate,198.493999958038,5.02439385206444,TheEmptinessMachine,CUBIC,Festive,HTTP/1.1
2025-04-30 22:33:24,stallRate,8.7189998626709,0.0,TheEmptinessMachine,CUBIC,Festive,HTTP/2
2025-04-30 22:33:26,stallRate,10.7189998626709,0.0,TheEmptinessMachine,CUBIC,Festive,HTTP/2
2025-04-30 22:33:28,stallRate,12.7189998626709,0.0,TheEmptinessMachine,CUBIC,Festive,HTTP/2
2025-04-30 22:33:30,stallRate,14.7189998626709,0.0,TheEmptinessMachine,CUBIC,Festive,HTTP/2
2025-04-30 22:33:32,stallRate,16.7189998626709,0.0,TheEmptinessMachine,CUBIC,Festive,HTTP/2
2025-04-30 22:33:34,stallRate,18.7189998626709,0.0,TheEmptinessMachine,CUBIC,Festive,HTTP/2
2025-04-30 22:33:36,stallRate,20.7189998626709,0.0,TheEmptinessMachine,CUBIC,Festive,HTTP/2
2025-04-30 22:33:38,stallRate,22.7189998626709,0.0,TheEmptinessMachine,CUBIC,Festive,HTTP/2
2025-04-30 22:33:40,stallRate,24.7189998626709,0.0,TheEmptinessMachine,CUBIC,Festive,HTTP/2
2025-04-30 22:33:42,stallRate,26.7189998626709,0.0,TheEmptinessMachine,CUBIC,Festive,HTTP/2
2025-04-30 22:33:44,stallRate,28.7189998626709,0.0,TheEmptinessMachine,CUBIC,Festive,HTTP/2
2025-04-30 22:33:46,stallRate,30.7189998626709,2.69141423349769,TheEmptinessMachine,CUBIC,Festive,HTTP/2
2025-04-30 22:33:50,stallRate,34.7189998626709,4.2016929850003,TheEmptinessMachine,CUBIC,Festive,HTTP/2
2025-04-30 22:33:52,stallRate,36.7189998626709,3.90014944549117,TheEmptinessMachine,CUBIC,Festive,HTTP/2
2025-04-30 22:33:54,stallRate,38.7189998626709,3.63956308276965,TheEmptinessMachine,CUBIC,Festive,HTTP/2
2025-04-30 22:33:56,stallRate,40.7189998626709,3.41182813216509,TheEmptinessMachine,CUBIC,Festive,HTTP/2
2025-04-30 22:34:02,stallRate,46.7189998626709,15.288765545818,TheEmptinessMachine,CUBIC,Festive,HTTP/2
2025-04-30 22:34:04,stallRate,48.7189998626709,14.4975742894953,TheEmptinessMachine,CUBIC,Festive,HTTP/2
2025-04-30 22:34:06,stallRate,50.7189998626709,13.8766325461204,TheEmptinessMachine,CUBIC,Festive,HTTP/2
2025-04-30 22:34:08,stallRate,52.7189998626709,13.2266591262504,TheEmptinessMachine,CUBIC,Festive,HTTP/2
2025-04-30 22:34:10,stallRate,54.7189998626709,12.6360224356943,TheEmptinessMachine,CUBIC,Festive,HTTP/2
2025-04-30 22:34:12,stallRate,56.7189998626709,12.0931436038381,TheEmptinessMachine,CUBIC,Festive,HTTP/2
2025-04-30 22:34:14,stallRate,58.7189998626709,11.5971750957342,TheEmptinessMachine,CUBIC,Festive,HTTP/2
2025-04-30 22:34:16,stallRate,60.7189998626709,11.1382465102187,TheEmptinessMachine,CUBIC,Festive,HTTP/2
2025-04-30 22:34:18,stallRate,62.7189998626709,10.7128378904866,TheEmptinessMachine,CUBIC,Festive,HTTP/2
2025-04-30 22:34:20,stallRate,64.7189998626709,10.3208940995187,TheEmptinessMachine,CUBIC,Festive,HTTP/2
2025-04-30 22:34:22,stallRate,66.7189998626709,9.9556306848026,TheEmptinessMachine,CUBIC,Festive,HTTP/2
2025-04-30 22:34:24,stallRate,68.7189998626709,9.61624525944571,TheEmptinessMachine,CUBIC,Festive,HTTP/2
2025-04-30 22:34:26,stallRate,70.7189998626709,9.29826086430861,TheEmptinessMachine,CUBIC,Festive,HTTP/2
2025-04-30 22:34:28,stallRate,72.7189998626709,9.00201965587858,TheEmptinessMachine,CUBIC,Festive,HTTP/2
2025-04-30 22:34:30,stallRate,74.7189998626709,8.72287439045708,TheEmptinessMachine,CUBIC,Festive,HTTP/2
2025-04-30 22:34:32,stallRate,76.7189998626709,8.46342181820395,TheEmptinessMachine,CUBIC,Festive,HTTP/2
2025-04-30 22:34:34,stallRate,78.7199997901917,8.21597933607102,TheEmptinessMachine,CUBIC,Festive,HTTP/2
2025-04-30 22:34:36,stallRate,80.7189998626709,7.9844485545086,TheEmptinessMachine,CUBIC,Festive,HTTP/2
2025-04-30 22:34:40,stallRate,84.7189998626709,9.70061707557422,TheEmptinessMachine,CUBIC,Festive,HTTP/2
2025-04-30 22:34:42,stallRate,86.7189998626709,10.2292475832987,TheEmptinessMachine,CUBIC,Festive,HTTP/2
2025-04-30 22:34:44,stallRate,88.7189998626709,9.96771168942507,TheEmptinessMachine,CUBIC,Festive,HTTP/2
2025-04-30 22:34:46,stallRate,90.7189998626709,9.7195548948385,TheEmptinessMachine,CUBIC,Festive,HTTP/2
2025-04-30 22:34:48,stallRate,92.7189998626709,9.89648503876344,TheEmptinessMachine,CUBIC,Festive,HTTP/2
2025-04-30 22:34:50,stallRate,94.7189998626709,9.77485449135139,TheEmptinessMachine,CUBIC,Festive,HTTP/2
2025-04-30 22:34:52,stallRate,96.7189998626709,9.54896467065905,TheEmptinessMachine,CUBIC,Festive,HTTP/2
2025-04-30 22:34:54,stallRate,98.7189998626709,9.33241800861923,TheEmptinessMachine,CUBIC,Festive,HTTP/2
2025-04-30 22:34:56,stallRate,100.718999862671,9.12669243738624,TheEmptinessMachine,CUBIC,Festive,HTTP/2
2025-04-30 22:34:58,stallRate,102.718999862671,8.93029197437361,TheEmptinessMachine,CUBIC,Festive,HTTP/2
2025-04-30 22:35:00,stallRate,104.718999862671,8.74137299094845,TheEmptinessMachine,CUBIC,Festive,HTTP/2
2025-04-30 22:35:02,stallRate,106.718999862671,8.56006080145458,TheEmptinessMachine,CUBIC,Festive,HTTP/2
2025-04-30 22:35:04,stallRate,108.718999862671,8.38743491261803,TheEmptinessMachine,CUBIC,Festive,HTTP/2
2025-04-30 22:35:06,stallRate,110.718999862671,8.22082271961307,TheEmptinessMachine,CUBIC,Festive,HTTP/2
2025-04-30 22:35:08,stallRate,112.718999862671,8.06039001527046,TheEmptinessMachine,CUBIC,Festive,HTTP/2
2025-04-30 22:35:10,stallRate,114.718999862671,7.90632079722851,TheEmptinessMachine,CUBIC,Festive,HTTP/2
2025-04-30 22:35:12,stallRate,116.718999862671,7.75753289018134,TheEmptinessMachine,CUBIC,Festive,HTTP/2
2025-04-30 22:35:14,stallRate,118.719999790192,7.61421712233493,TheEmptinessMachine,CUBIC,Festive,HTTP/2
2025-04-30 22:35:16,stallRate,120.718999862671,7.47731142882712,TheEmptinessMachine,CUBIC,Festive,HTTP/2
2025-04-30 22:35:18,stallRate,122.718999862671,7.34541786908944,TheEmptinessMachine,CUBIC,Festive,HTTP/2
2025-04-30 22:35:20,stallRate,124.718999862671,7.21619481902494,TheEmptinessMachine,CUBIC,Festive,HTTP/2
2025-04-30 22:35:22,stallRate,126.718999862671,7.09254612332017,TheEmptinessMachine,CUBIC,Festive,HTTP/2
2025-04-30 22:35:24,stallRate,128.718999862671,6.97334111188546,TheEmptinessMachine,CUBIC,Festive,HTTP/2
2025-04-30 22:35:26,stallRate,130.718999862671,6.85864193152378,TheEmptinessMachine,CUBIC,Festive,HTTP/2
2025-04-30 22:35:28,stallRate,132.720999956131,6.74657390642852,TheEmptinessMachine,CUBIC,Festive,HTTP/2
2025-04-30 22:35:30,stallRate,134.718999862671,6.63785169396766,TheEmptinessMachine,CUBIC,Festive,HTTP/2
2025-04-30 22:35:32,stallRate,136.718999862671,6.53301102095612,TheEmptinessMachine,CUBIC,Festive,HTTP/2
2025-04-30 22:35:34,stallRate,138.718999862671,6.43173003609766,TheEmptinessMachine,CUBIC,Festive,HTTP/2
2025-04-30 22:35:40,stallRate,144.718999862671,9.70228414979047,TheEmptinessMachine,CUBIC,Festive,HTTP/2
2025-04-30 22:35:44,stallRate,148.718999862671,9.81696760806367,TheEmptinessMachine,CUBIC,Festive,HTTP/2
2025-04-30 22:35:46,stallRate,150.718999862671,9.76520054477439,TheEmptinessMachine,CUBIC,Festive,HTTP/2
2025-04-30 22:35:48,stallRate,152.718999862671,9.62626393825814,TheEmptinessMachine,CUBIC,Festive,HTTP/2
2025-04-30 22:35:50,stallRate,154.718999862671,9.49084999046049,TheEmptinessMachine,CUBIC,Festive,HTTP/2
2025-04-30 22:35:52,stallRate,156.718999862671,9.35984638690852,TheEmptinessMachine,CUBIC,Festive,HTTP/2
2025-04-30 22:35:54,stallRate,158.718999862671,9.23270420329258,TheEmptinessMachine,CUBIC,Festive,HTTP/2
2025-04-30 22:35:56,stallRate,160.718999862671,9.10838275688914,TheEmptinessMachine,CUBIC,Festive,HTTP/2
2025-04-30 22:35:58,stallRate,162.718999862671,8.9877360510606,TheEmptinessMachine,CUBIC,Festive,HTTP/2
2025-04-30 22:36:00,stallRate,164.718999862671,8.87042576915605,TheEmptinessMachine,CUBIC,Festive,HTTP/2
2025-04-30 22:36:02,stallRate,166.718999862671,8.75546491326918,TheEmptinessMachine,CUBIC,Festive,HTTP/2
2025-04-30 22:36:04,stallRate,168.718999862671,8.64334356518067,TheEmptinessMachine,CUBIC,Festive,HTTP/2
2025-04-30 22:36:06,stallRate,170.718999862671,8.53367990628145,TheEmptinessMachine,CUBIC,Festive,HTTP/2
2025-04-30 22:36:08,stallRate,172.718999862671,8.42748439331563,TheEmptinessMachine,CUBIC,Festive,HTTP/2
2025-04-30 22:36:10,stallRate,174.718999862671,8.32418000476747,TheEmptinessMachine,CUBIC,Festive,HTTP/2
2025-04-30 22:36:12,stallRate,176.718999862671,8.2229092468764,TheEmptinessMachine,CUBIC,Festive,HTTP/2
2025-04-30 22:36:14,stallRate,178.718999862671,8.12490128977809,TheEmptinessMachine,CUBIC,Festive,HTTP/2
2025-04-30 22:36:18,stallRate,182.718999862671,8.26311962633696,TheEmptinessMachine,CUBIC,Festive,HTTP/2
2025-04-30 22:36:20,stallRate,184.718999862671,8.16700102438286,TheEmptinessMachine,CUBIC,Festive,HTTP/2
2025-04-30 22:36:22,stallRate,186.718999862671,8.07363433984647,TheEmptinessMachine,CUBIC,Festive,HTTP/2
2025-04-30 22:36:24,stallRate,188.718999862671,7.98254240962622,TheEmptinessMachine,CUBIC,Festive,HTTP/2
2025-04-30 22:36:26,stallRate,190.718999862671,7.89310140640762,TheEmptinessMachine,CUBIC,Festive,HTTP/2
2025-04-30 22:36:30,stallRate,194.718999862671,8.37093358536889,TheEmptinessMachine,CUBIC,Festive,HTTP/2
2025-04-30 22:36:32,stallRate,196.718999862671,8.51343857720229,TheEmptinessMachine,CUBIC,Festive,HTTP/2
2025-04-30 22:36:34,stallRate,198.718999862671,8.42221672260277,TheEmptinessMachine,CUBIC,Festive,HTTP/2
2025-04-30 22:36:36,stallRate,200.718999862671,8.33313345475462,TheEmptinessMachine,CUBIC,Festive,HTTP/2
2025-04-30 22:36:38,stallRate,202.718999862671,8.24591180361088,TheEmptinessMachine,CUBIC,Festive,HTTP/2
2025-04-30 22:36:40,stallRate,204.718999862671,8.16037661495511,TheEmptinessMachine,CUBIC,Festive,HTTP/2
2025-04-30 22:36:42,stallRate,206.718999862671,8.07622895461919,TheEmptinessMachine,CUBIC,Festive,HTTP/2
2025-04-30 22:37:29,stallRate,10.0940001010895,0.0,TheEmptinessMachine,CUBIC,Festive,HTTP/3
2025-04-30 22:37:31,stallRate,12.0940001010895,0.0,TheEmptinessMachine,CUBIC,Festive,HTTP/3
2025-04-30 22:37:33,stallRate,14.0940001010895,0.0,TheEmptinessMachine,CUBIC,Festive,HTTP/3
2025-04-30 22:37:35,stallRate,16.0940001010895,0.0,TheEmptinessMachine,CUBIC,Festive,HTTP/3
2025-04-30 22:37:39,stallRate,20.0940001010895,12.9653150110313,TheEmptinessMachine,CUBIC,Festive,HTTP/3
2025-04-30 22:37:41,stallRate,22.0940001010895,12.9085015404814,TheEmptinessMachine,CUBIC,Festive,HTTP/3
2025-04-30 22:37:45,stallRate,26.0940001010895,10.3331249378284,TheEmptinessMachine,CUBIC,Festive,HTTP/3
2025-04-30 22:37:47,stallRate,28.0940001010895,9.32761105397841,TheEmptinessMachine,CUBIC,Festive,HTTP/3
2025-04-30 22:37:49,stallRate,30.0940001010895,8.1813512254022,TheEmptinessMachine,CUBIC,Festive,HTTP/3
2025-04-30 22:37:51,stallRate,32.0940001010895,7.34639459739329,TheEmptinessMachine,CUBIC,Festive,HTTP/3
2025-04-30 22:37:53,stallRate,34.0950000286102,8.21916860322332,TheEmptinessMachine,CUBIC,Festive,HTTP/3
2025-04-30 22:37:55,stallRate,36.0940001010895,7.50888827827426,TheEmptinessMachine,CUBIC,Festive,HTTP/3
2025-04-30 22:37:59,stallRate,40.0950000286102,9.660531289469,TheEmptinessMachine,CUBIC,Festive,HTTP/3
2025-04-30 22:38:01,stallRate,42.0940001010895,8.99699872347967,TheEmptinessMachine,CUBIC,Festive,HTTP/3
2025-04-30 22:38:05,stallRate,46.0940001010895,10.1778250856057,TheEmptinessMachine,CUBIC,Festive,HTTP/3
2025-04-30 22:38:07,stallRate,48.0940001010895,9.5899448230765,TheEmptinessMachine,CUBIC,Festive,HTTP/3
2025-04-30 22:38:09,stallRate,50.0940001010895,9.0616338492657,TheEmptinessMachine,CUBIC,Festive,HTTP/3
2025-04-30 22:38:11,stallRate,52.0940001010895,8.59076775186568,TheEmptinessMachine,CUBIC,Festive,HTTP/3
2025-04-30 22:38:13,stallRate,54.0940001010895,8.16611856510326,TheEmptinessMachine,CUBIC,Festive,HTTP/3
2025-04-30 22:38:15,stallRate,56.0940001010895,7.77869461845072,TheEmptinessMachine,CUBIC,Festive,HTTP/3
2025-04-30 22:38:17,stallRate,58.0940001010895,7.43075287810828,TheEmptinessMachine,CUBIC,Festive,HTTP/3
2025-04-30 22:38:19,stallRate,60.0940001010895,7.10789740905653,TheEmptinessMachine,CUBIC,Festive,HTTP/3
2025-04-30 22:38:21,stallRate,62.0940001010895,6.81632901323816,TheEmptinessMachine,CUBIC,Festive,HTTP/3
2025-04-30 22:38:23,stallRate,64.0940001010895,6.54710357945194,TheEmptinessMachine,CUBIC,Festive,HTTP/3
2025-04-30 22:38:25,stallRate,66.0940001010895,6.29464690189149,TheEmptinessMachine,CUBIC,Festive,HTTP/3
2025-04-30 22:38:27,stallRate,68.0940001010895,6.06433039481316,TheEmptinessMachine,CUBIC,Festive,HTTP/3
2025-04-30 22:38:29,stallRate,70.0940001010895,5.84749167848694,TheEmptinessMachine,CUBIC,Festive,HTTP/3
2025-04-30 22:38:31,stallRate,72.0940001010895,5.64926382557417,TheEmptinessMachine,CUBIC,Festive,HTTP/3
2025-04-30 22:38:33,stallRate,74.0940001010895,5.4635055043058,TheEmptinessMachine,CUBIC,Festive,HTTP/3
2025-04-30 22:38:35,stallRate,76.0940001010895,5.28679175908527,TheEmptinessMachine,CUBIC,Festive,HTTP/3
2025-04-30 22:38:37,stallRate,78.0940001010895,5.12373943247543,TheEmptinessMachine,CUBIC,Festive,HTTP/3
2025-04-30 22:38:39,stallRate,80.0940001010895,4.96981860698716,TheEmptinessMachine,CUBIC,Festive,HTTP/3
2025-04-30 22:38:41,stallRate,82.0940001010895,4.82375893042281,TheEmptinessMachine,CUBIC,Festive,HTTP/3
2025-04-30 22:38:43,stallRate,84.0940001010895,4.68743571016858,TheEmptinessMachine,CUBIC,Festive,HTTP/3
2025-04-30 22:38:45,stallRate,86.0940001010895,4.55722271213637,TheEmptinessMachine,CUBIC,Festive,HTTP/3
2025-04-30 22:38:47,stallRate,88.0940001010895,4.43558542488112,TheEmptinessMachine,CUBIC,Festive,HTTP/3
2025-04-30 22:38:49,stallRate,90.0940001010895,4.31980494031669,TheEmptinessMachine,CUBIC,Festive,HTTP/3
2025-04-30 22:38:51,stallRate,92.0940001010895,4.20851299770194,TheEmptinessMachine,CUBIC,Festive,HTTP/3
2025-04-30 22:38:53,stallRate,94.0940001010895,4.10430629188463,TheEmptinessMachine,CUBIC,Festive,HTTP/3
2025-04-30 22:38:55,stallRate,96.0940001010895,4.45527495934366,TheEmptinessMachine,CUBIC,Festive,HTTP/3
2025-04-30 22:38:57,stallRate,98.0940001010895,4.35015423368081,TheEmptinessMachine,CUBIC,Festive,HTTP/3
2025-04-30 22:38:59,stallRate,100.094000101089,4.25024828792638,TheEmptinessMachine,CUBIC,Festive,HTTP/3
2025-04-30 22:39:03,stallRate,104.094000101089,7.44976423269774,TheEmptinessMachine,CUBIC,Festive,HTTP/3
2025-04-30 22:39:05,stallRate,106.094000101089,7.28919099057115,TheEmptinessMachine,CUBIC,Festive,HTTP/3
2025-04-30 22:39:07,stallRate,108.094000101089,7.36782022823912,TheEmptinessMachine,CUBIC,Festive,HTTP/3
2025-04-30 22:39:11,stallRate,112.094000101089,8.13952965581323,TheEmptinessMachine,CUBIC,Festive,HTTP/3
2025-04-30 22:39:13,stallRate,114.094000101089,7.99540072841988,TheEmptinessMachine,CUBIC,Festive,HTTP/3
2025-04-30 22:39:15,stallRate,116.094000101089,7.83580063107079,TheEmptinessMachine,CUBIC,Festive,HTTP/3
2025-04-30 22:39:17,stallRate,118.09500002861,7.68028244477582,TheEmptinessMachine,CUBIC,Festive,HTTP/3
2025-04-30 22:39:19,stallRate,120.094000101089,7.53308904632686,TheEmptinessMachine,CUBIC,Festive,HTTP/3
2025-04-30 22:39:21,stallRate,122.094000101089,7.39048828018477,TheEmptinessMachine,CUBIC,Festive,HTTP/3
2025-04-30 22:39:23,stallRate,124.094000101089,7.25306240360678,TheEmptinessMachine,CUBIC,Festive,HTTP/3
2025-04-30 22:39:25,stallRate,126.094000101089,7.12072530502342,TheEmptinessMachine,CUBIC,Festive,HTTP/3
2025-04-30 22:39:27,stallRate,128.094000101089,6.99226277286701,TheEmptinessMachine,CUBIC,Festive,HTTP/3
2025-04-30 22:39:29,stallRate,130.094000101089,6.86988282741392,TheEmptinessMachine,CUBIC,Festive,HTTP/3
2025-04-30 22:39:31,stallRate,132.094000101089,6.75132536334969,TheEmptinessMachine,CUBIC,Festive,HTTP/3
2025-04-30 22:39:33,stallRate,134.094000101089,6.63591440081789,TheEmptinessMachine,CUBIC,Festive,HTTP/3
2025-04-30 22:39:35,stallRate,136.094000101089,6.52515189827164,TheEmptinessMachine,CUBIC,Festive,HTTP/3
2025-04-30 22:39:37,stallRate,138.094000101089,7.8213418222138,TheEmptinessMachine,CUBIC,Festive,HTTP/3
2025-04-30 22:39:41,stallRate,142.094000101089,8.32762312864138,TheEmptinessMachine,CUBIC,Festive,HTTP/3
2025-04-30 22:39:43,stallRate,144.094000101089,8.27331455256417,TheEmptinessMachine,CUBIC,Festive,HTTP/3
2025-04-30 22:39:45,stallRate,146.094000101089,8.14159645476776,TheEmptinessMachine,CUBIC,Festive,HTTP/3
2025-04-30 22:39:47,stallRate,148.094000101089,8.013193214845,TheEmptinessMachine,CUBIC,Festive,HTTP/3
2025-04-30 22:39:53,stallRate,154.094000101089,9.98356559266212,TheEmptinessMachine,CUBIC,Festive,HTTP/3
2025-04-30 22:39:55,stallRate,156.094000101089,9.89852245515591,TheEmptinessMachine,CUBIC,Festive,HTTP/3
2025-04-30 22:39:57,stallRate,158.094000101089,9.74922574897716,TheEmptinessMachine,CUBIC,Festive,HTTP/3
2025-04-30 22:39:59,stallRate,160.094000101089,9.60218749021277,TheEmptinessMachine,CUBIC,Festive,HTTP/3
2025-04-30 22:40:01,stallRate,162.094000101089,9.46252115206916,TheEmptinessMachine,CUBIC,Festive,HTTP/3
2025-04-30 22:40:03,stallRate,164.094000101089,9.32402898115778,TheEmptinessMachine,CUBIC,Festive,HTTP/3
2025-04-30 22:40:05,stallRate,166.094000101089,9.19104893526919,TheEmptinessMachine,CUBIC,Festive,HTTP/3
2025-04-30 22:40:07,stallRate,168.094000101089,9.06290824457137,TheEmptinessMachine,CUBIC,Festive,HTTP/3
2025-04-30 22:40:09,stallRate,170.094000101089,8.93674062527931,TheEmptinessMachine,CUBIC,Festive,HTTP/3
2025-04-30 22:40:11,stallRate,172.094000101089,8.81458882253641,TheEmptinessMachine,CUBIC,Festive,HTTP/3
2025-04-30 22:40:13,stallRate,174.09500002861,8.69568701422864,TheEmptinessMachine,CUBIC,Festive,HTTP/3
2025-04-30 22:40:15,stallRate,176.094000101089,8.57891036398838,TheEmptinessMachine,CUBIC,Festive,HTTP/3
2025-04-30 22:40:17,stallRate,178.094000101089,8.46671774370505,TheEmptinessMachine,CUBIC,Festive,HTTP/3
2025-04-30 22:40:19,stallRate,180.094000101089,8.35525131504327,TheEmptinessMachine,CUBIC,Festive,HTTP/3
2025-04-30 22:40:21,stallRate,182.094000101089,8.2484184714975,TheEmptinessMachine,CUBIC,Festive,HTTP/3
2025-04-30 22:40:23,stallRate,184.094000101089,8.14461865869301,TheEmptinessMachine,CUBIC,Festive,HTTP/3
2025-04-30 22:40:25,stallRate,186.094000101089,8.04286166591969,TheEmptinessMachine,CUBIC,Festive,HTTP/3
2025-04-30 22:40:27,stallRate,188.094000101089,7.94401590891039,TheEmptinessMachine,CUBIC,Festive,HTTP/3
2025-04-30 22:40:29,stallRate,190.094000101089,7.84662301707856,TheEmptinessMachine,CUBIC,Festive,HTTP/3
2025-04-30 22:40:31,stallRate,192.094000101089,7.75215725609696,TheEmptinessMachine,CUBIC,Festive,HTTP/3
2025-04-30 22:40:33,stallRate,194.094000101089,7.66425476081985,TheEmptinessMachine,CUBIC,Festive,HTTP/3
2025-04-30 22:40:35,stallRate,196.094000101089,8.45122544197253,TheEmptinessMachine,CUBIC,Festive,HTTP/3
2025-04-30 22:40:37,stallRate,198.094000101089,8.42542165133532,TheEmptinessMachine,CUBIC,Festive,HTTP/3
2025-04-30 22:40:39,stallRate,200.094000101089,8.32673352496238,TheEmptinessMachine,CUBIC,Festive,HTTP/3
2025-04-30 22:40:41,stallRate,202.094000101089,8.22948347408212,TheEmptinessMachine,CUBIC,Festive,HTTP/3
2025-04-30 22:40:43,stallRate,204.09500002861,8.13553830316232,TheEmptinessMachine,CUBIC,Festive,HTTP/3
2025-04-30 22:40:45,stallRate,206.094000101089,8.04279885454829,TheEmptinessMachine,CUBIC,Festive,HTTP/3
2025-04-30 22:40:47,stallRate,208.094000101089,7.95327011212713,TheEmptinessMachine,CUBIC,Festive,HTTP/3
2025-04-30 22:40:49,stallRate,210.094000101089,7.86540566410139,TheEmptinessMachine,CUBIC,Festive,HTTP/3
2025-04-30 22:40:51,stallRate,212.094000101089,7.77877673120871,TheEmptinessMachine,CUBIC,Festive,HTTP/3
2025-04-30 22:40:53,stallRate,214.094000101089,7.69459847752792,TheEmptinessMachine,CUBIC,Festive,HTTP/3
2025-04-30 22:40:55,stallRate,216.094000101089,7.61157093941481,TheEmptinessMachine,CUBIC,Festive,HTTP/3
2025-04-30 22:40:57,stallRate,218.094000101089,7.53074084070168,TheEmptinessMachine,CUBIC,Festive,HTTP/3
2025-04-30 22:40:59,stallRate,220.094000101089,7.45222048338337,TheEmptinessMachine,CUBIC,Festive,HTTP/3
2025-04-30 22:41:20,stallRate,4.88900017738342,0.0,TheEmptinessMachine,CUBIC,L2A,HTTP/1.1
2025-04-30 22:41:22,stallRate,6.88900017738342,0.0,TheEmptinessMachine,CUBIC,L2A,HTTP/1.1
2025-04-30 22:41:24,stallRate,8.88800001144409,0.0,TheEmptinessMachine,CUBIC,L2A,HTTP/1.1
2025-04-30 22:41:26,stallRate,10.8880000114441,0.0,TheEmptinessMachine,CUBIC,L2A,HTTP/1.1
2025-04-30 22:41:38,stallRate,22.8890001773834,69.2470817659159,TheEmptinessMachine,CUBIC,L2A,HTTP/1.1
2025-04-30 22:41:40,stallRate,24.8880000114441,66.4328270047243,TheEmptinessMachine,CUBIC,L2A,HTTP/1.1
2025-04-30 22:41:44,stallRate,28.8880000114441,55.5524044824721,TheEmptinessMachine,CUBIC,L2A,HTTP/1.1
2025-04-30 22:41:46,stallRate,30.8880000114441,50.9099810534164,TheEmptinessMachine,CUBIC,L2A,HTTP/1.1
2025-04-30 22:41:48,stallRate,32.8880000114441,46.7077367663239,TheEmptinessMachine,CUBIC,L2A,HTTP/1.1
2025-04-30 22:41:50,stallRate,34.8880000114441,43.1309153599601,TheEmptinessMachine,CUBIC,L2A,HTTP/1.1
2025-04-30 22:41:52,stallRate,36.8880000114441,40.0848335346308,TheEmptinessMachine,CUBIC,L2A,HTTP/1.1
2025-04-30 22:41:54,stallRate,38.8890001773834,37.4295151737999,TheEmptinessMachine,CUBIC,L2A,HTTP/1.1
2025-04-30 22:41:56,stallRate,40.8880000114441,35.1011587178024,TheEmptinessMachine,CUBIC,L2A,HTTP/1.1
2025-04-30 22:41:58,stallRate,42.8880000114441,33.0659169931484,TheEmptinessMachine,CUBIC,L2A,HTTP/1.1
2025-04-30 22:42:00,stallRate,44.8890001773834,31.2568539695744,TheEmptinessMachine,CUBIC,L2A,HTTP/1.1
2025-04-30 22:42:02,stallRate,46.8880000114441,29.6114097673975,TheEmptinessMachine,CUBIC,L2A,HTTP/1.1
2025-04-30 22:42:04,stallRate,48.8880000114441,28.1442480326081,TheEmptinessMachine,CUBIC,L2A,HTTP/1.1
2025-04-30 22:42:06,stallRate,50.8880000114441,26.8186964342949,TheEmptinessMachine,CUBIC,L2A,HTTP/1.1
2025-04-30 22:42:08,stallRate,52.8880000114441,25.6076754561029,TheEmptinessMachine,CUBIC,L2A,HTTP/1.1
2025-04-30 22:42:10,stallRate,54.8880000114441,24.4994515487521,TheEmptinessMachine,CUBIC,L2A,HTTP/1.1
2025-04-30 22:42:12,stallRate,56.8880000114441,23.4914330040816,TheEmptinessMachine,CUBIC,L2A,HTTP/1.1
2025-04-30 22:42:14,stallRate,58.8890001773834,22.5596377933694,TheEmptinessMachine,CUBIC,L2A,HTTP/1.1
2025-04-30 22:42:16,stallRate,60.8890001773834,21.6952269029508,TheEmptinessMachine,CUBIC,L2A,HTTP/1.1
2025-04-30 22:42:18,stallRate,62.8880000114441,20.8922503630829,TheEmptinessMachine,CUBIC,L2A,HTTP/1.1
2025-04-30 22:42:20,stallRate,64.8880000114441,20.1574222357258,TheEmptinessMachine,CUBIC,L2A,HTTP/1.1
2025-04-30 22:42:22,stallRate,66.8880000114441,19.4662149040898,TheEmptinessMachine,CUBIC,L2A,HTTP/1.1
2025-04-30 22:42:24,stallRate,68.8880000114441,18.8181264060437,TheEmptinessMachine,CUBIC,L2A,HTTP/1.1
2025-04-30 22:42:26,stallRate,70.8880000114441,18.2147878206617,TheEmptinessMachine,CUBIC,L2A,HTTP/1.1
2025-04-30 22:42:28,stallRate,72.8880000114441,17.6473349033667,TheEmptinessMachine,CUBIC,L2A,HTTP/1.1
2025-04-30 22:42:30,stallRate,74.8890001773834,17.1122302897312,TheEmptinessMachine,CUBIC,L2A,HTTP/1.1
2025-04-30 22:42:32,stallRate,76.8890001773834,16.6163046724896,TheEmptinessMachine,CUBIC,L2A,HTTP/1.1
2025-04-30 22:42:34,stallRate,78.8880000114441,16.1439369155428,TheEmptinessMachine,CUBIC,L2A,HTTP/1.1
2025-04-30 22:42:36,stallRate,80.8890001773834,15.6980849370313,TheEmptinessMachine,CUBIC,L2A,HTTP/1.1
2025-04-30 22:42:38,stallRate,82.8880000114441,15.2747121070287,TheEmptinessMachine,CUBIC,L2A,HTTP/1.1
2025-04-30 22:42:40,stallRate,84.8890001773834,14.8730747954285,TheEmptinessMachine,CUBIC,L2A,HTTP/1.1
2025-04-30 22:42:42,stallRate,86.8880000114441,14.4954770662263,TheEmptinessMachine,CUBIC,L2A,HTTP/1.1
2025-04-30 22:42:44,stallRate,88.8880000114441,14.1351062418294,TheEmptinessMachine,CUBIC,L2A,HTTP/1.1
2025-04-30 22:42:46,stallRate,90.8880000114441,13.7909604270593,TheEmptinessMachine,CUBIC,L2A,HTTP/1.1
2025-04-30 22:42:48,stallRate,92.8880000114441,13.4639765351977,TheEmptinessMachine,CUBIC,L2A,HTTP/1.1
2025-04-30 22:42:50,stallRate,94.8890001773834,13.1510652560795,TheEmptinessMachine,CUBIC,L2A,HTTP/1.1
2025-04-30 22:42:52,stallRate,96.8890001773834,12.8539732761681,TheEmptinessMachine,CUBIC,L2A,HTTP/1.1
2025-04-30 22:42:54,stallRate,98.8890001773834,12.5704518286602,TheEmptinessMachine,CUBIC,L2A,HTTP/1.1
2025-04-30 22:42:56,stallRate,100.888000011444,12.2979118404652,TheEmptinessMachine,CUBIC,L2A,HTTP/1.1
2025-04-30 22:42:58,stallRate,102.888000011444,12.037868283636,TheEmptinessMachine,CUBIC,L2A,HTTP/1.1
2025-04-30 22:43:00,stallRate,104.888000011444,11.7875497257642,TheEmptinessMachine,CUBIC,L2A,HTTP/1.1
2025-04-30 22:43:02,stallRate,106.889000177383,11.5470573653172,TheEmptinessMachine,CUBIC,L2A,HTTP/1.1
2025-04-30 22:43:04,stallRate,108.888000011444,11.3155792319601,TheEmptinessMachine,CUBIC,L2A,HTTP/1.1
2025-04-30 22:43:06,stallRate,110.889000177383,11.0938890778262,TheEmptinessMachine,CUBIC,L2A,HTTP/1.1
2025-04-30 22:43:08,stallRate,112.889000177383,10.8823464667282,TheEmptinessMachine,CUBIC,L2A,HTTP/1.1
2025-04-30 22:43:10,stallRate,114.888000011444,10.6774459279203,TheEmptinessMachine,CUBIC,L2A,HTTP/1.1
2025-04-30 22:43:12,stallRate,116.889000177383,10.4804359811077,TheEmptinessMachine,CUBIC,L2A,HTTP/1.1
2025-04-30 22:43:14,stallRate,118.888000011444,10.2910317257218,TheEmptinessMachine,CUBIC,L2A,HTTP/1.1
2025-04-30 22:43:16,stallRate,120.888000011444,10.1079464843286,TheEmptinessMachine,CUBIC,L2A,HTTP/1.1
2025-04-30 22:43:18,stallRate,122.889000177383,9.9315272648219,TheEmptinessMachine,CUBIC,L2A,HTTP/1.1
2025-04-30 22:43:20,stallRate,124.889000177383,9.76036068552009,TheEmptinessMachine,CUBIC,L2A,HTTP/1.1
2025-04-30 22:43:22,stallRate,126.888000011444,9.59482469921438,TheEmptinessMachine,CUBIC,L2A,HTTP/1.1
2025-04-30 22:43:24,stallRate,128.888000011444,9.43527885945403,TheEmptinessMachine,CUBIC,L2A,HTTP/1.1
2025-04-30 22:43:26,stallRate,130.889000177383,9.28188909337657,TheEmptinessMachine,CUBIC,L2A,HTTP/1.1
2025-04-30 22:43:28,stallRate,132.889000177383,9.13244410828722,TheEmptinessMachine,CUBIC,L2A,HTTP/1.1
2025-04-30 22:43:30,stallRate,134.888000011444,8.98803933172395,TheEmptinessMachine,CUBIC,L2A,HTTP/1.1
2025-04-30 22:43:32,stallRate,136.888000011444,8.84801100289996,TheEmptinessMachine,CUBIC,L2A,HTTP/1.1
2025-04-30 22:43:34,stallRate,138.888000011444,8.71230412592674,TheEmptinessMachine,CUBIC,L2A,HTTP/1.1
2025-04-30 22:43:36,stallRate,140.888000011444,8.58018861543986,TheEmptinessMachine,CUBIC,L2A,HTTP/1.1
2025-04-30 22:43:38,stallRate,142.888000011444,8.4527064545608,TheEmptinessMachine,CUBIC,L2A,HTTP/1.1
2025-04-30 22:43:40,stallRate,144.888000011444,8.88235849889655,TheEmptinessMachine,CUBIC,L2A,HTTP/1.1
2025-04-30 22:43:44,stallRate,148.888000011444,9.41958011741658,TheEmptinessMachine,CUBIC,L2A,HTTP/1.1
2025-04-30 22:43:48,stallRate,152.888000011444,10.7334578238137,TheEmptinessMachine,CUBIC,L2A,HTTP/1.1
2025-04-30 22:43:50,stallRate,154.888000011444,10.5863368677911,TheEmptinessMachine,CUBIC,L2A,HTTP/1.1
2025-04-30 22:43:52,stallRate,156.888000011444,10.4435421574354,TheEmptinessMachine,CUBIC,L2A,HTTP/1.1
2025-04-30 22:43:54,stallRate,158.889000177383,10.3048770101423,TheEmptinessMachine,CUBIC,L2A,HTTP/1.1
2025-04-30 22:43:56,stallRate,160.888000011444,10.1698795361451,TheEmptinessMachine,CUBIC,L2A,HTTP/1.1
2025-04-30 22:43:58,stallRate,162.888000011444,10.038223177865,TheEmptinessMachine,CUBIC,L2A,HTTP/1.1
2025-04-30 22:44:00,stallRate,164.888000011444,9.9101924865532,TheEmptinessMachine,CUBIC,L2A,HTTP/1.1
2025-04-30 22:44:02,stallRate,166.889000177383,9.78519150772592,TheEmptinessMachine,CUBIC,L2A,HTTP/1.1
2025-04-30 22:44:04,stallRate,168.888000011444,9.66325362972857,TheEmptinessMachine,CUBIC,L2A,HTTP/1.1
2025-04-30 22:44:06,stallRate,170.888000011444,9.54383430044281,TheEmptinessMachine,CUBIC,L2A,HTTP/1.1
2025-04-30 22:44:08,stallRate,172.888000011444,9.42724379752814,TheEmptinessMachine,CUBIC,L2A,HTTP/1.1
2025-04-30 22:44:10,stallRate,174.889000177383,9.31445241832818,TheEmptinessMachine,CUBIC,L2A,HTTP/1.1
2025-04-30 22:44:12,stallRate,176.889000177383,9.20382390623908,TheEmptinessMachine,CUBIC,L2A,HTTP/1.1
2025-04-30 22:44:14,stallRate,178.888000011444,9.09585769084113,TheEmptinessMachine,CUBIC,L2A,HTTP/1.1
2025-04-30 22:44:16,stallRate,180.888000011444,8.99031832761525,TheEmptinessMachine,CUBIC,L2A,HTTP/1.1
2025-04-30 22:44:18,stallRate,182.888000011444,8.88677585415213,TheEmptinessMachine,CUBIC,L2A,HTTP/1.1
2025-04-30 22:44:20,stallRate,184.888000011444,8.78612738003729,TheEmptinessMachine,CUBIC,L2A,HTTP/1.1
2025-04-30 22:44:22,stallRate,186.888000011444,8.68738230976424,TheEmptinessMachine,CUBIC,L2A,HTTP/1.1
2025-04-30 22:44:24,stallRate,188.889000177383,8.5910753435772,TheEmptinessMachine,CUBIC,L2A,HTTP/1.1
2025-04-30 22:44:26,stallRate,190.888000011444,8.49657332003098,TheEmptinessMachine,CUBIC,L2A,HTTP/1.1
2025-04-30 22:44:28,stallRate,192.888000011444,8.404619543085,TheEmptinessMachine,CUBIC,L2A,HTTP/1.1
2025-04-30 22:44:30,stallRate,194.889000177383,8.3147438428376,TheEmptinessMachine,CUBIC,L2A,HTTP/1.1
2025-04-30 22:44:32,stallRate,196.888000011444,8.22591119125627,TheEmptinessMachine,CUBIC,L2A,HTTP/1.1
2025-04-30 22:44:34,stallRate,198.889000177383,8.13933556525162,TheEmptinessMachine,CUBIC,L2A,HTTP/1.1
2025-04-30 22:44:36,stallRate,200.889000177383,8.05481730156449,TheEmptinessMachine,CUBIC,L2A,HTTP/1.1
2025-04-30 22:44:38,stallRate,202.888000011444,7.97212269088849,TheEmptinessMachine,CUBIC,L2A,HTTP/1.1
2025-04-30 22:45:17,stallRate,2.09099984169006,0.0,TheEmptinessMachine,CUBIC,L2A,HTTP/2
2025-04-30 22:45:19,stallRate,4.09099984169006,0.0,TheEmptinessMachine,CUBIC,L2A,HTTP/2
2025-04-30 22:45:21,stallRate,6.08999991416931,0.0,TheEmptinessMachine,CUBIC,L2A,HTTP/2
2025-04-30 22:45:23,stallRate,8.09099984169006,0.0,TheEmptinessMachine,CUBIC,L2A,HTTP/2
2025-04-30 22:45:25,stallRate,10.0899999141693,0.0,TheEmptinessMachine,CUBIC,L2A,HTTP/2
2025-04-30 22:45:31,stallRate,16.0899999141693,35.6296021357603,TheEmptinessMachine,CUBIC,L2A,HTTP/2
2025-04-30 22:45:33,stallRate,18.0899999141693,35.0850870859176,TheEmptinessMachine,CUBIC,L2A,HTTP/2
2025-04-30 22:45:41,stallRate,26.0899999141693,43.6682281409642,TheEmptinessMachine,CUBIC,L2A,HTTP/2
2025-04-30 22:45:43,stallRate,28.0909998416901,40.1751735533821,TheEmptinessMachine,CUBIC,L2A,HTTP/2
2025-04-30 22:45:47,stallRate,32.0899999141693,39.7617880626132,TheEmptinessMachine,CUBIC,L2A,HTTP/2
2025-04-30 22:45:49,stallRate,34.0909998416901,38.4982186300252,TheEmptinessMachine,CUBIC,L2A,HTTP/2
2025-04-30 22:45:51,stallRate,36.0899999141693,37.967034162613,TheEmptinessMachine,CUBIC,L2A,HTTP/2
2025-04-30 22:45:53,stallRate,38.0899999141693,35.6115972643916,TheEmptinessMachine,CUBIC,L2A,HTTP/2
2025-04-30 22:45:55,stallRate,40.0899999141693,34.6184948247426,TheEmptinessMachine,CUBIC,L2A,HTTP/2
2025-04-30 22:45:57,stallRate,42.0899999141693,32.7239976897569,TheEmptinessMachine,CUBIC,L2A,HTTP/2
2025-04-30 22:45:59,stallRate,44.0899999141693,31.0187951578543,TheEmptinessMachine,CUBIC,L2A,HTTP/2
2025-04-30 22:46:01,stallRate,46.0899999141693,29.4802496447229,TheEmptinessMachine,CUBIC,L2A,HTTP/2
2025-04-30 22:46:03,stallRate,48.0909998416901,28.0904158270868,TheEmptinessMachine,CUBIC,L2A,HTTP/2
2025-04-30 22:46:05,stallRate,50.0899999141693,26.8293216468268,TheEmptinessMachine,CUBIC,L2A,HTTP/2
2025-04-30 22:46:07,stallRate,52.0909998416901,25.6718828741736,TheEmptinessMachine,CUBIC,L2A,HTTP/2
2025-04-30 22:46:09,stallRate,54.0899999141693,24.6142691527522,TheEmptinessMachine,CUBIC,L2A,HTTP/2
2025-04-30 22:46:11,stallRate,56.0899999141693,23.6362100321362,TheEmptinessMachine,CUBIC,L2A,HTTP/2
2025-04-30 22:46:13,stallRate,58.0899999141693,22.737176243436,TheEmptinessMachine,CUBIC,L2A,HTTP/2
2025-04-30 22:46:15,stallRate,60.0909998416901,21.9000582620986,TheEmptinessMachine,CUBIC,L2A,HTTP/2
2025-04-30 22:46:17,stallRate,62.0899999141693,21.1246823181522,TheEmptinessMachine,CUBIC,L2A,HTTP/2
2025-04-30 22:46:19,stallRate,64.0899999141693,20.3994690829658,TheEmptinessMachine,CUBIC,L2A,HTTP/2
2025-04-30 22:46:21,stallRate,66.0899999141693,19.7258338596134,TheEmptinessMachine,CUBIC,L2A,HTTP/2
2025-04-30 22:46:23,stallRate,68.0909998416901,19.0926842169553,TheEmptinessMachine,CUBIC,L2A,HTTP/2
2025-04-30 22:46:25,stallRate,70.0899999141693,18.4987927051978,TheEmptinessMachine,CUBIC,L2A,HTTP/2
2025-04-30 22:46:27,stallRate,72.0899999141693,17.9418453520211,TheEmptinessMachine,CUBIC,L2A,HTTP/2
2025-04-30 22:46:29,stallRate,74.0899999141693,17.418719194522,TheEmptinessMachine,CUBIC,L2A,HTTP/2
2025-04-30 22:46:31,stallRate,76.0899999141693,17.3700897324822,TheEmptinessMachine,CUBIC,L2A,HTTP/2
2025-04-30 22:46:33,stallRate,78.0899999141693,17.2578660891134,TheEmptinessMachine,CUBIC,L2A,HTTP/2
2025-04-30 22:46:35,stallRate,80.0899999141693,16.792656367664,TheEmptinessMachine,CUBIC,L2A,HTTP/2
2025-04-30 22:46:37,stallRate,82.0899999141693,16.351741999554,TheEmptinessMachine,CUBIC,L2A,HTTP/2
2025-04-30 22:46:41,stallRate,86.0899999141693,15.5504701841005,TheEmptinessMachine,CUBIC,L2A,HTTP/2
2025-04-30 22:46:43,stallRate,88.0899999141693,15.9299514429372,TheEmptinessMachine,CUBIC,L2A,HTTP/2
2025-04-30 22:46:47,stallRate,92.0899999141693,16.3466617321005,TheEmptinessMachine,CUBIC,L2A,HTTP/2
2025-04-30 22:46:49,stallRate,94.0899999141693,17.3442134387752,TheEmptinessMachine,CUBIC,L2A,HTTP/2
2025-04-30 22:46:55,stallRate,100.089999914169,16.9203591652649,TheEmptinessMachine,CUBIC,L2A,HTTP/2
2025-04-30 22:46:57,stallRate,102.089999914169,16.5681003450785,TheEmptinessMachine,CUBIC,L2A,HTTP/2
2025-04-30 22:46:59,stallRate,104.089999914169,17.3667740186942,TheEmptinessMachine,CUBIC,L2A,HTTP/2
2025-04-30 22:47:01,stallRate,106.089999914169,18.0265952630586,TheEmptinessMachine,CUBIC,L2A,HTTP/2
2025-04-30 22:47:05,stallRate,110.089999914169,17.7484055488256,TheEmptinessMachine,CUBIC,L2A,HTTP/2
2025-04-30 22:47:07,stallRate,112.089999914169,17.9685632754106,TheEmptinessMachine,CUBIC,L2A,HTTP/2
2025-04-30 22:47:09,stallRate,114.089999914169,17.6374620671766,TheEmptinessMachine,CUBIC,L2A,HTTP/2
2025-04-30 22:47:11,stallRate,116.09099984169,17.3165541180569,TheEmptinessMachine,CUBIC,L2A,HTTP/2
2025-04-30 22:47:13,stallRate,118.089999914169,17.0067181695785,TheEmptinessMachine,CUBIC,L2A,HTTP/2
2025-04-30 22:47:15,stallRate,120.089999914169,16.7067608701963,TheEmptinessMachine,CUBIC,L2A,HTTP/2
2025-04-30 22:47:17,stallRate,122.089999914169,16.4182598043937,TheEmptinessMachine,CUBIC,L2A,HTTP/2
2025-04-30 22:47:19,stallRate,124.089999914169,16.1415551424594,TheEmptinessMachine,CUBIC,L2A,HTTP/2
2025-04-30 22:47:21,stallRate,126.089999914169,15.8737472908146,TheEmptinessMachine,CUBIC,L2A,HTTP/2
2025-04-30 22:47:23,stallRate,128.089999914169,15.6133247405478,TheEmptinessMachine,CUBIC,L2A,HTTP/2
2025-04-30 22:47:25,stallRate,130.09099984169,15.3608227317749,TheEmptinessMachine,CUBIC,L2A,HTTP/2
2025-04-30 22:47:27,stallRate,132.09099984169,15.1169605559912,TheEmptinessMachine,CUBIC,L2A,HTTP/2
2025-04-30 22:47:29,stallRate,134.089999914169,14.8799753755947,TheEmptinessMachine,CUBIC,L2A,HTTP/2
2025-04-30 22:47:31,stallRate,136.089999914169,14.6516720231754,TheEmptinessMachine,CUBIC,L2A,HTTP/2
2025-04-30 22:47:33,stallRate,138.089999914169,14.4293095827955,TheEmptinessMachine,CUBIC,L2A,HTTP/2
2025-04-30 22:47:35,stallRate,140.089999914169,14.2153595790366,TheEmptinessMachine,CUBIC,L2A,HTTP/2
2025-04-30 22:47:37,stallRate,142.089999914169,14.0057964073651,TheEmptinessMachine,CUBIC,L2A,HTTP/2
2025-04-30 22:47:39,stallRate,144.089999914169,13.802755183101,TheEmptinessMachine,CUBIC,L2A,HTTP/2
2025-04-30 22:47:41,stallRate,146.089999914169,13.604852300208,TheEmptinessMachine,CUBIC,L2A,HTTP/2
2025-04-30 22:47:43,stallRate,148.089999914169,13.4136479517175,TheEmptinessMachine,CUBIC,L2A,HTTP/2
2025-04-30 22:47:45,stallRate,150.089999914169,13.2280284995186,TheEmptinessMachine,CUBIC,L2A,HTTP/2
2025-04-30 22:47:47,stallRate,152.09099984169,13.0465861645095,TheEmptinessMachine,CUBIC,L2A,HTTP/2
2025-04-30 22:47:51,stallRate,156.09099984169,13.8843983376099,TheEmptinessMachine,CUBIC,L2A,HTTP/2
2025-04-30 22:47:53,stallRate,158.089999914169,13.7018686691049,TheEmptinessMachine,CUBIC,L2A,HTTP/2
2025-04-30 22:47:55,stallRate,160.089999914169,13.6087490648764,TheEmptinessMachine,CUBIC,L2A,HTTP/2
2025-04-30 22:47:57,stallRate,162.089999914169,13.434433049127,TheEmptinessMachine,CUBIC,L2A,HTTP/2
2025-04-30 22:47:59,stallRate,164.089999914169,13.2991928370681,TheEmptinessMachine,CUBIC,L2A,HTTP/2
2025-04-30 22:48:01,stallRate,166.089999914169,13.4938749288571,TheEmptinessMachine,CUBIC,L2A,HTTP/2
2025-04-30 22:48:03,stallRate,168.089999914169,13.3278955960235,TheEmptinessMachine,CUBIC,L2A,HTTP/2
2025-04-30 22:48:05,stallRate,170.089999914169,13.1651343889873,TheEmptinessMachine,CUBIC,L2A,HTTP/2
2025-04-30 22:48:07,stallRate,172.089999914169,13.0064124619851,TheEmptinessMachine,CUBIC,L2A,HTTP/2
2025-04-30 22:48:09,stallRate,174.089999914169,12.8516133015871,TheEmptinessMachine,CUBIC,L2A,HTTP/2
2025-04-30 22:48:11,stallRate,176.089999914169,12.7007098967211,TheEmptinessMachine,CUBIC,L2A,HTTP/2
2025-04-30 22:48:13,stallRate,178.09099984169,12.5526139428046,TheEmptinessMachine,CUBIC,L2A,HTTP/2
2025-04-30 22:48:15,stallRate,180.089999914169,12.4087116676079,TheEmptinessMachine,CUBIC,L2A,HTTP/2
2025-04-30 22:48:17,stallRate,182.089999914169,12.2674268840227,TheEmptinessMachine,CUBIC,L2A,HTTP/2
2025-04-30 22:48:19,stallRate,184.089999914169,12.1299874565423,TheEmptinessMachine,CUBIC,L2A,HTTP/2
2025-04-30 22:48:21,stallRate,186.09099984169,11.9949390595038,TheEmptinessMachine,CUBIC,L2A,HTTP/2
2025-04-30 22:48:23,stallRate,188.089999914169,11.863212256019,TheEmptinessMachine,CUBIC,L2A,HTTP/2
2025-04-30 22:48:25,stallRate,190.089999914169,11.7338674576762,TheEmptinessMachine,CUBIC,L2A,HTTP/2
2025-04-30 22:48:27,stallRate,192.089999914169,11.6079908661648,TheEmptinessMachine,CUBIC,L2A,HTTP/2
2025-04-30 22:48:29,stallRate,194.089999914169,11.484959543076,TheEmptinessMachine,CUBIC,L2A,HTTP/2
2025-04-30 22:48:31,stallRate,196.089999914169,11.505044187042,TheEmptinessMachine,CUBIC,L2A,HTTP/2
2025-04-30 22:48:35,stallRate,200.089999914169,11.4149352730797,TheEmptinessMachine,CUBIC,L2A,HTTP/2
2025-04-30 22:49:23,stallRate,8.22399997711182,0.0,TheEmptinessMachine,CUBIC,L2A,HTTP/3
2025-04-30 22:49:25,stallRate,10.2249999046326,0.0,TheEmptinessMachine,CUBIC,L2A,HTTP/3
2025-04-30 22:49:27,stallRate,12.2249999046326,0.0,TheEmptinessMachine,CUBIC,L2A,HTTP/3
2025-04-30 22:49:29,stallRate,14.2249999046326,0.0,TheEmptinessMachine,CUBIC,L2A,HTTP/3
2025-04-30 22:49:31,stallRate,16.2249999046326,0.0,TheEmptinessMachine,CUBIC,L2A,HTTP/3
2025-04-30 22:49:33,stallRate,18.2239999771118,0.0,TheEmptinessMachine,CUBIC,L2A,HTTP/3
2025-04-30 22:49:35,stallRate,20.2249999046326,0.0,TheEmptinessMachine,CUBIC,L2A,HTTP/3
2025-04-30 22:49:37,stallRate,22.2239999771118,0.0,TheEmptinessMachine,CUBIC,L2A,HTTP/3
2025-04-30 22:49:39,stallRate,24.2239999771118,0.0,TheEmptinessMachine,CUBIC,L2A,HTTP/3
2025-04-30 22:49:45,stallRate,30.2239999771118,9.71086049129281,TheEmptinessMachine,CUBIC,L2A,HTTP/3
2025-04-30 22:49:47,stallRate,32.2239999771118,11.6522949417995,TheEmptinessMachine,CUBIC,L2A,HTTP/3
2025-04-30 22:49:51,stallRate,36.2249999046326,10.2094550710236,TheEmptinessMachine,CUBIC,L2A,HTTP/3
2025-04-30 22:49:53,stallRate,38.2249999046326,10.8273295116219,TheEmptinessMachine,CUBIC,L2A,HTTP/3
2025-04-30 22:49:57,stallRate,42.2249999046326,10.0224539285949,TheEmptinessMachine,CUBIC,L2A,HTTP/3
2025-04-30 22:49:59,stallRate,44.2249999046326,9.48049961506029,TheEmptinessMachine,CUBIC,L2A,HTTP/3
2025-04-30 22:50:01,stallRate,46.2239999771118,8.9923260071822,TheEmptinessMachine,CUBIC,L2A,HTTP/3
2025-04-30 22:50:03,stallRate,48.2249999046326,8.55125286381153,TheEmptinessMachine,CUBIC,L2A,HTTP/3
2025-04-30 22:50:05,stallRate,50.2249999046326,8.15488981932821,TheEmptinessMachine,CUBIC,L2A,HTTP/3
2025-04-30 22:50:07,stallRate,52.2239999771118,7.79237824668265,TheEmptinessMachine,CUBIC,L2A,HTTP/3
2025-04-30 22:50:09,stallRate,54.2239999771118,7.4594328721213,TheEmptinessMachine,CUBIC,L2A,HTTP/3
2025-04-30 22:50:11,stallRate,56.2239999771118,7.15272432891229,TheEmptinessMachine,CUBIC,L2A,HTTP/3
2025-04-30 22:50:13,stallRate,58.2249999046326,6.8718499643934,TheEmptinessMachine,CUBIC,L2A,HTTP/3
2025-04-30 22:50:15,stallRate,60.2239999771118,6.61157268390348,TheEmptinessMachine,CUBIC,L2A,HTTP/3
2025-04-30 22:50:17,stallRate,62.2249999046326,6.37086886217739,TheEmptinessMachine,CUBIC,L2A,HTTP/3
2025-04-30 22:50:19,stallRate,64.2249999046326,6.14727474045199,TheEmptinessMachine,CUBIC,L2A,HTTP/3
2025-04-30 22:50:21,stallRate,66.2239999771118,5.9387263218712,TheEmptinessMachine,CUBIC,L2A,HTTP/3
2025-04-30 22:50:23,stallRate,68.2239999771118,5.74422676733642,TheEmptinessMachine,CUBIC,L2A,HTTP/3
2025-04-30 22:50:25,stallRate,70.2249999046326,5.5612804056714,TheEmptinessMachine,CUBIC,L2A,HTTP/3
2025-04-30 22:50:27,stallRate,72.2239999771118,5.39036141520181,TheEmptinessMachine,CUBIC,L2A,HTTP/3
2025-04-30 22:50:29,stallRate,74.2249999046326,5.22890869109808,TheEmptinessMachine,CUBIC,L2A,HTTP/3
2025-04-30 22:50:31,stallRate,76.2249999046326,5.07754704145979,TheEmptinessMachine,CUBIC,L2A,HTTP/3
2025-04-30 22:50:33,stallRate,78.2239999771118,4.9340963329776,TheEmptinessMachine,CUBIC,L2A,HTTP/3
2025-04-30 22:50:35,stallRate,80.2239999771118,4.79880660802077,TheEmptinessMachine,CUBIC,L2A,HTTP/3
2025-04-30 22:50:37,stallRate,82.2249999046326,4.67025893882105,TheEmptinessMachine,CUBIC,L2A,HTTP/3
2025-04-30 22:50:39,stallRate,84.2249999046326,4.54907379168495,TheEmptinessMachine,CUBIC,L2A,HTTP/3
2025-04-30 22:50:41,stallRate,86.2239999771118,4.43423341740694,TheEmptinessMachine,CUBIC,L2A,HTTP/3
2025-04-30 22:50:43,stallRate,88.2239999771118,4.32487451835895,TheEmptinessMachine,CUBIC,L2A,HTTP/3
2025-04-30 22:50:45,stallRate,90.2249999046326,4.2206348094155,TheEmptinessMachine,CUBIC,L2A,HTTP/3
2025-04-30 22:50:47,stallRate,92.2239999771118,4.12092030600447,TheEmptinessMachine,CUBIC,L2A,HTTP/3
2025-04-30 22:50:49,stallRate,94.2249999046326,4.02623216882623,TheEmptinessMachine,CUBIC,L2A,HTTP/3
2025-04-30 22:50:51,stallRate,96.2239999771118,3.93547583086312,TheEmptinessMachine,CUBIC,L2A,HTTP/3
2025-04-30 22:50:53,stallRate,98.2249999046326,3.8484063333188,TheEmptinessMachine,CUBIC,L2A,HTTP/3
2025-04-30 22:50:55,stallRate,100.223999977112,3.76638798003211,TheEmptinessMachine,CUBIC,L2A,HTTP/3
2025-04-30 22:50:57,stallRate,102.223999977112,3.6870210253834,TheEmptinessMachine,CUBIC,L2A,HTTP/3
2025-04-30 22:50:59,stallRate,104.223999977112,3.61060591785339,TheEmptinessMachine,CUBIC,L2A,HTTP/3
2025-04-30 22:51:01,stallRate,106.223999977112,3.53790999008886,TheEmptinessMachine,CUBIC,L2A,HTTP/3
2025-04-30 22:51:03,stallRate,108.223999977112,3.54529967069759,TheEmptinessMachine,CUBIC,L2A,HTTP/3
2025-04-30 22:51:11,stallRate,116.223999977112,4.15933310692253,TheEmptinessMachine,CUBIC,L2A,HTTP/3
2025-04-30 22:51:13,stallRate,118.223999977112,4.08261784576107,TheEmptinessMachine,CUBIC,L2A,HTTP/3
2025-04-30 22:51:15,stallRate,120.223999977112,4.00870016688261,TheEmptinessMachine,CUBIC,L2A,HTTP/3
2025-04-30 22:51:17,stallRate,122.223999977112,3.93707575085883,TheEmptinessMachine,CUBIC,L2A,HTTP/3
2025-04-30 22:51:19,stallRate,124.223999977112,3.86761037916307,TheEmptinessMachine,CUBIC,L2A,HTTP/3
2025-04-30 22:51:21,stallRate,126.224999904633,3.80105302757235,TheEmptinessMachine,CUBIC,L2A,HTTP/3
2025-04-30 22:51:23,stallRate,128.223999977112,3.73652349110021,TheEmptinessMachine,CUBIC,L2A,HTTP/3
2025-04-30 22:51:25,stallRate,130.224999904633,3.67445401786782,TheEmptinessMachine,CUBIC,L2A,HTTP/3
2025-04-30 22:51:27,stallRate,132.223999977112,3.6141352031775,TheEmptinessMachine,CUBIC,L2A,HTTP/3
2025-04-30 22:51:29,stallRate,134.224999904633,3.55588827705212,TheEmptinessMachine,CUBIC,L2A,HTTP/3
2025-04-30 22:51:31,stallRate,136.224999904633,3.49980744674911,TheEmptinessMachine,CUBIC,L2A,HTTP/3
2025-04-30 22:51:33,stallRate,138.224999904633,3.44508886455267,TheEmptinessMachine,CUBIC,L2A,HTTP/3
2025-04-30 22:51:35,stallRate,140.224999904633,3.39215031400119,TheEmptinessMachine,CUBIC,L2A,HTTP/3
2025-04-30 22:51:37,stallRate,142.224999904633,3.34077778781664,TheEmptinessMachine,CUBIC,L2A,HTTP/3
2025-04-30 22:51:39,stallRate,144.223999977112,3.29096490460011,TheEmptinessMachine,CUBIC,L2A,HTTP/3
2025-04-30 22:51:41,stallRate,146.224999904633,3.24240996688034,TheEmptinessMachine,CUBIC,L2A,HTTP/3
2025-04-30 22:51:43,stallRate,148.223999977112,3.19554907580183,TheEmptinessMachine,CUBIC,L2A,HTTP/3
2025-04-30 22:51:45,stallRate,150.223999977112,3.14982967796728,TheEmptinessMachine,CUBIC,L2A,HTTP/3
2025-04-30 22:51:47,stallRate,152.223999977112,3.10550561682407,TheEmptinessMachine,CUBIC,L2A,HTTP/3
2025-04-30 22:51:49,stallRate,154.223999977112,3.0626595472293,TheEmptinessMachine,CUBIC,L2A,HTTP/3
2025-04-30 22:51:51,stallRate,156.223999977112,3.02067212191571,TheEmptinessMachine,CUBIC,L2A,HTTP/3
2025-04-30 22:51:53,stallRate,158.224999904633,2.97964887460857,TheEmptinessMachine,CUBIC,L2A,HTTP/3
2025-04-30 22:51:55,stallRate,160.223999977112,2.93996522247566,TheEmptinessMachine,CUBIC,L2A,HTTP/3
2025-04-30 22:51:57,stallRate,162.223999977112,2.90120460918015,TheEmptinessMachine,CUBIC,L2A,HTTP/3
2025-04-30 22:51:59,stallRate,164.224999904633,2.86354943856924,TheEmptinessMachine,CUBIC,L2A,HTTP/3
2025-04-30 22:52:01,stallRate,166.223999977112,2.82693564566502,TheEmptinessMachine,CUBIC,L2A,HTTP/3
2025-04-30 22:52:03,stallRate,168.224999904633,2.79137879948015,TheEmptinessMachine,CUBIC,L2A,HTTP/3
2025-04-30 22:52:05,stallRate,170.223999977112,2.75651644449957,TheEmptinessMachine,CUBIC,L2A,HTTP/3
2025-04-30 22:52:07,stallRate,172.223999977112,2.72229832840545,TheEmptinessMachine,CUBIC,L2A,HTTP/3
2025-04-30 22:52:09,stallRate,174.223999977112,2.6891636846135,TheEmptinessMachine,CUBIC,L2A,HTTP/3
2025-04-30 22:52:11,stallRate,176.223999977112,2.65669736250624,TheEmptinessMachine,CUBIC,L2A,HTTP/3
2025-04-30 22:52:13,stallRate,178.223999977112,2.6251647355109,TheEmptinessMachine,CUBIC,L2A,HTTP/3
2025-04-30 22:52:15,stallRate,180.224999904633,2.59422815371998,TheEmptinessMachine,CUBIC,L2A,HTTP/3
2025-04-30 22:52:17,stallRate,182.223999977112,2.5640884668818,TheEmptinessMachine,CUBIC,L2A,HTTP/3
2025-04-30 22:52:19,stallRate,184.224999904633,2.5346293396125,TheEmptinessMachine,CUBIC,L2A,HTTP/3
2025-04-30 22:52:21,stallRate,186.224999904633,2.50585531186139,TheEmptinessMachine,CUBIC,L2A,HTTP/3
2025-04-30 22:52:23,stallRate,188.223999977112,2.47779409236293,TheEmptinessMachine,CUBIC,L2A,HTTP/3
2025-04-30 22:52:25,stallRate,190.224999904633,2.45032037777647,TheEmptinessMachine,CUBIC,L2A,HTTP/3
2025-04-30 22:52:27,stallRate,192.224999904633,2.42342383852191,TheEmptinessMachine,CUBIC,L2A,HTTP/3
2025-04-30 22:52:29,stallRate,194.223999977112,2.39700838316227,TheEmptinessMachine,CUBIC,L2A,HTTP/3
2025-04-30 22:52:31,stallRate,196.223999977112,2.37119329127824,TheEmptinessMachine,CUBIC,L2A,HTTP/3
2025-04-30 22:52:33,stallRate,198.223999977112,2.57098348308855,TheEmptinessMachine,CUBIC,L2A,HTTP/3
2025-04-30 22:52:35,stallRate,200.230999946594,3.03293738933313,TheEmptinessMachine,CUBIC,L2A,HTTP/3
2025-04-30 22:52:37,stallRate,202.223999977112,3.00242490030031,TheEmptinessMachine,CUBIC,L2A,HTTP/3
2025-04-30 22:52:39,stallRate,204.223999977112,2.97120682995968,TheEmptinessMachine,CUBIC,L2A,HTTP/3
2025-04-30 22:53:18,stallRate,4.31800007820129,0.0,TheEmptinessMachine,CUBIC,RB,HTTP/1.1
2025-04-30 22:53:20,stallRate,6.31800007820129,0.0,TheEmptinessMachine,CUBIC,RB,HTTP/1.1
2025-04-30 22:53:24,stallRate,10.3170001506805,0.0,TheEmptinessMachine,CUBIC,RB,HTTP/1.1
2025-04-30 22:53:26,stallRate,12.3180000782013,0.0,TheEmptinessMachine,CUBIC,RB,HTTP/1.1
2025-04-30 22:53:50,stallRate,36.3180000782013,149.349461318552,TheEmptinessMachine,CUBIC,RB,HTTP/1.1
2025-04-30 22:53:52,stallRate,38.3180000782013,135.395971710276,TheEmptinessMachine,CUBIC,RB,HTTP/1.1
2025-04-30 22:53:54,stallRate,40.3180000782013,123.734205163273,TheEmptinessMachine,CUBIC,RB,HTTP/1.1
2025-04-30 22:53:56,stallRate,42.3170001506805,114.066015032719,TheEmptinessMachine,CUBIC,RB,HTTP/1.1
2025-04-30 22:53:58,stallRate,44.3170001506805,105.252271288729,TheEmptinessMachine,CUBIC,RB,HTTP/1.1
2025-04-30 22:54:00,stallRate,46.3170001506805,96.7108208585987,TheEmptinessMachine,CUBIC,RB,HTTP/1.1
2025-04-30 22:54:02,stallRate,48.3180000782013,87.7741316275553,TheEmptinessMachine,CUBIC,RB,HTTP/1.1
2025-04-30 22:54:04,stallRate,50.3180000782013,80.9150482670754,TheEmptinessMachine,CUBIC,RB,HTTP/1.1
2025-04-30 22:54:06,stallRate,52.3170001506805,74.994274812501,TheEmptinessMachine,CUBIC,RB,HTTP/1.1
2025-04-30 22:54:08,stallRate,54.3180000782013,69.4142416747366,TheEmptinessMachine,CUBIC,RB,HTTP/1.1
2025-04-30 22:54:10,stallRate,56.3170001506805,65.0064529958424,TheEmptinessMachine,CUBIC,RB,HTTP/1.1
2025-04-30 22:54:12,stallRate,58.3170001506805,61.1329228989952,TheEmptinessMachine,CUBIC,RB,HTTP/1.1
2025-04-30 22:54:14,stallRate,60.3180000782013,57.6417660469417,TheEmptinessMachine,CUBIC,RB,HTTP/1.1
2025-04-30 22:54:16,stallRate,62.3170001506805,54.6000475741881,TheEmptinessMachine,CUBIC,RB,HTTP/1.1
2025-04-30 22:54:18,stallRate,64.3180000782013,51.8678334937396,TheEmptinessMachine,CUBIC,RB,HTTP/1.1
2025-04-30 22:54:20,stallRate,66.3180000782013,49.3836262474875,TheEmptinessMachine,CUBIC,RB,HTTP/1.1
2025-04-30 22:54:22,stallRate,68.3180000782013,47.143149706746,TheEmptinessMachine,CUBIC,RB,HTTP/1.1
2025-04-30 22:54:24,stallRate,70.3170001506805,45.0898008424807,TheEmptinessMachine,CUBIC,RB,HTTP/1.1
2025-04-30 22:54:26,stallRate,72.3170001506805,43.2151143861578,TheEmptinessMachine,CUBIC,RB,HTTP/1.1
2025-04-30 22:54:28,stallRate,74.3170001506805,41.486467592503,TheEmptinessMachine,CUBIC,RB,HTTP/1.1
2025-04-30 22:54:32,stallRate,78.3180000782013,43.4991748999998,TheEmptinessMachine,CUBIC,RB,HTTP/1.1
2025-04-30 22:54:34,stallRate,80.3180000782013,41.9513640884666,TheEmptinessMachine,CUBIC,RB,HTTP/1.1
2025-04-30 22:54:36,stallRate,82.3170001506805,40.5040061145654,TheEmptinessMachine,CUBIC,RB,HTTP/1.1
2025-04-30 22:54:38,stallRate,84.3170001506805,39.1528815764403,TheEmptinessMachine,CUBIC,RB,HTTP/1.1
2025-04-30 22:54:40,stallRate,86.3170001506805,37.8919338361443,TheEmptinessMachine,CUBIC,RB,HTTP/1.1
2025-04-30 22:54:42,stallRate,88.3170001506805,36.712658100895,TheEmptinessMachine,CUBIC,RB,HTTP/1.1
2025-04-30 22:54:44,stallRate,90.3170001506805,35.6107748271236,TheEmptinessMachine,CUBIC,RB,HTTP/1.1
2025-04-30 22:54:46,stallRate,92.3180000782013,34.5643080713455,TheEmptinessMachine,CUBIC,RB,HTTP/1.1
2025-04-30 22:54:48,stallRate,94.3180000782013,33.5792384688305,TheEmptinessMachine,CUBIC,RB,HTTP/1.1
2025-04-30 22:55:00,stallRate,106.320000171661,43.630764847872,TheEmptinessMachine,CUBIC,RB,HTTP/1.1
2025-04-30 22:55:02,stallRate,108.317000150681,42.5107782947826,TheEmptinessMachine,CUBIC,RB,HTTP/1.1
2025-04-30 22:55:04,stallRate,110.317000150681,41.4381931425796,TheEmptinessMachine,CUBIC,RB,HTTP/1.1
2025-04-30 22:55:06,stallRate,112.318000078201,40.4218597018045,TheEmptinessMachine,CUBIC,RB,HTTP/1.1
2025-04-30 22:55:08,stallRate,114.317000150681,39.4609692219367,TheEmptinessMachine,CUBIC,RB,HTTP/1.1
2025-04-30 22:55:10,stallRate,116.317000150681,38.5436915994825,TheEmptinessMachine,CUBIC,RB,HTTP/1.1
2025-04-30 22:55:12,stallRate,118.317000150681,37.6636178510699,TheEmptinessMachine,CUBIC,RB,HTTP/1.1
2025-04-30 22:55:14,stallRate,120.317000150681,36.8214487035218,TheEmptinessMachine,CUBIC,RB,HTTP/1.1
2025-04-30 22:55:16,stallRate,122.317000150681,36.0179453561621,TheEmptinessMachine,CUBIC,RB,HTTP/1.1
2025-04-30 22:55:18,stallRate,124.318000078201,35.2458197706524,TheEmptinessMachine,CUBIC,RB,HTTP/1.1
2025-04-30 22:55:20,stallRate,126.317000150681,34.5135464823316,TheEmptinessMachine,CUBIC,RB,HTTP/1.1
2025-04-30 22:55:22,stallRate,128.317000150681,33.8082085329388,TheEmptinessMachine,CUBIC,RB,HTTP/1.1
2025-04-30 22:55:24,stallRate,130.317000150681,33.1281172989337,TheEmptinessMachine,CUBIC,RB,HTTP/1.1
2025-04-30 22:55:26,stallRate,132.317000150681,32.4743850361047,TheEmptinessMachine,CUBIC,RB,HTTP/1.1
2025-04-30 22:55:28,stallRate,134.317000150681,31.8476101806709,TheEmptinessMachine,CUBIC,RB,HTTP/1.1
2025-04-30 22:55:30,stallRate,136.317000150681,31.2425889307522,TheEmptinessMachine,CUBIC,RB,HTTP/1.1
2025-04-30 22:55:32,stallRate,138.317000150681,30.6637761410642,TheEmptinessMachine,CUBIC,RB,HTTP/1.1
2025-04-30 22:55:34,stallRate,140.318000078201,30.106442621167,TheEmptinessMachine,CUBIC,RB,HTTP/1.1
2025-04-30 22:55:36,stallRate,142.317000150681,29.5665440520822,TheEmptinessMachine,CUBIC,RB,HTTP/1.1
2025-04-30 22:55:38,stallRate,144.318000078201,29.0450860588864,TheEmptinessMachine,CUBIC,RB,HTTP/1.1
2025-04-30 22:55:40,stallRate,146.317000150681,28.5430007136554,TheEmptinessMachine,CUBIC,RB,HTTP/1.1
2025-04-30 22:55:42,stallRate,148.317000150681,28.0589345376955,TheEmptinessMachine,CUBIC,RB,HTTP/1.1
2025-04-30 22:55:44,stallRate,150.318000078201,27.5906829203761,TheEmptinessMachine,CUBIC,RB,HTTP/1.1
2025-04-30 22:55:46,stallRate,152.317000150681,27.1350478968234,TheEmptinessMachine,CUBIC,RB,HTTP/1.1
2025-04-30 22:55:48,stallRate,154.317000150681,26.6981323072013,TheEmptinessMachine,CUBIC,RB,HTTP/1.1
2025-04-30 22:55:50,stallRate,156.318000078201,26.2736663276865,TheEmptinessMachine,CUBIC,RB,HTTP/1.1
2025-04-30 22:55:52,stallRate,158.317000150681,25.8610776605072,TheEmptinessMachine,CUBIC,RB,HTTP/1.1
2025-04-30 22:55:54,stallRate,160.317000150681,25.462293324184,TheEmptinessMachine,CUBIC,RB,HTTP/1.1
2025-04-30 22:55:56,stallRate,162.317000150681,25.0756390195805,TheEmptinessMachine,CUBIC,RB,HTTP/1.1
2025-04-30 22:55:58,stallRate,164.318000078201,24.7005315268766,TheEmptinessMachine,CUBIC,RB,HTTP/1.1
2025-04-30 22:56:00,stallRate,166.317000150681,24.33742088083,TheEmptinessMachine,CUBIC,RB,HTTP/1.1
2025-04-30 22:56:02,stallRate,168.317000150681,23.9827083243593,TheEmptinessMachine,CUBIC,RB,HTTP/1.1
2025-04-30 22:56:04,stallRate,170.318000078201,23.6400773311317,TheEmptinessMachine,CUBIC,RB,HTTP/1.1
2025-04-30 22:56:06,stallRate,172.318000078201,23.3079127163189,TheEmptinessMachine,CUBIC,RB,HTTP/1.1
2025-04-30 22:56:08,stallRate,174.318000078201,22.9831970035498,TheEmptinessMachine,CUBIC,RB,HTTP/1.1
2025-04-30 22:56:10,stallRate,176.317000150681,22.6666862997073,TheEmptinessMachine,CUBIC,RB,HTTP/1.1
2025-04-30 22:56:12,stallRate,178.317000150681,22.3596782094855,TheEmptinessMachine,CUBIC,RB,HTTP/1.1
2025-04-30 22:56:14,stallRate,180.317000150681,22.0597851363639,TheEmptinessMachine,CUBIC,RB,HTTP/1.1
2025-04-30 22:56:16,stallRate,182.318000078201,21.7694278110117,TheEmptinessMachine,CUBIC,RB,HTTP/1.1
2025-04-30 22:56:18,stallRate,184.318000078201,21.4871728979425,TheEmptinessMachine,CUBIC,RB,HTTP/1.1
2025-04-30 22:56:20,stallRate,186.317000150681,21.209369840611,TheEmptinessMachine,CUBIC,RB,HTTP/1.1
2025-04-30 22:56:22,stallRate,188.317000150681,20.9414912459833,TheEmptinessMachine,CUBIC,RB,HTTP/1.1
2025-04-30 22:56:34,stallRate,200.318000078201,25.5520432445571,TheEmptinessMachine,CUBIC,RB,HTTP/1.1
2025-04-30 22:56:36,stallRate,202.318000078201,25.2455254785054,TheEmptinessMachine,CUBIC,RB,HTTP/1.1
2025-04-30 22:56:50,stallRate,216.318000078201,23.2812830348126,TheEmptinessMachine,CUBIC,RB,HTTP/1.1
2025-04-30 22:56:54,stallRate,220.318000078201,22.773847457492,TheEmptinessMachine,CUBIC,RB,HTTP/1.1
2025-04-30 22:57:17,stallRate,4.09599995613098,0.0,TheEmptinessMachine,CUBIC,RB,HTTP/2
2025-04-30 22:57:19,stallRate,6.09599995613098,0.0,TheEmptinessMachine,CUBIC,RB,HTTP/2
2025-04-30 22:57:25,stallRate,12.095999956131,110.840904489224,TheEmptinessMachine,CUBIC,RB,HTTP/2
2025-04-30 22:57:27,stallRate,14.095999956131,87.5055490406663,TheEmptinessMachine,CUBIC,RB,HTTP/2
2025-04-30 22:57:29,stallRate,16.095999956131,66.1393730576903,TheEmptinessMachine,CUBIC,RB,HTTP/2
2025-04-30 22:57:31,stallRate,18.095999956131,53.8999300181758,TheEmptinessMachine,CUBIC,RB,HTTP/2
2025-04-30 22:57:33,stallRate,20.095999956131,45.3401096987909,TheEmptinessMachine,CUBIC,RB,HTTP/2
2025-04-30 22:57:35,stallRate,22.095999956131,38.3853642150695,TheEmptinessMachine,CUBIC,RB,HTTP/2
2025-04-30 22:57:37,stallRate,24.095999956131,33.7783770493807,TheEmptinessMachine,CUBIC,RB,HTTP/2
2025-04-30 22:57:39,stallRate,26.095999956131,30.1572147301061,TheEmptinessMachine,CUBIC,RB,HTTP/2
2025-04-30 22:57:41,stallRate,28.095999956131,27.5133214165572,TheEmptinessMachine,CUBIC,RB,HTTP/2
2025-04-30 22:57:43,stallRate,30.095999956131,29.7670629930403,TheEmptinessMachine,CUBIC,RB,HTTP/2
2025-04-30 22:57:45,stallRate,32.095999956131,27.2575555251823,TheEmptinessMachine,CUBIC,RB,HTTP/2
2025-04-30 22:57:47,stallRate,34.095999956131,25.134594385922,TheEmptinessMachine,CUBIC,RB,HTTP/2
2025-04-30 22:57:49,stallRate,36.095999956131,23.3298833115898,TheEmptinessMachine,CUBIC,RB,HTTP/2
2025-04-30 22:57:51,stallRate,38.095999956131,21.7706380331265,TheEmptinessMachine,CUBIC,RB,HTTP/2
2025-04-30 22:57:53,stallRate,40.095999956131,20.3997728260653,TheEmptinessMachine,CUBIC,RB,HTTP/2
2025-04-30 22:57:55,stallRate,42.095999956131,19.1941287092559,TheEmptinessMachine,CUBIC,RB,HTTP/2
2025-04-30 22:57:57,stallRate,44.095999956131,18.1258274311492,TheEmptinessMachine,CUBIC,RB,HTTP/2
2025-04-30 22:57:59,stallRate,46.095999956131,17.1757246946966,TheEmptinessMachine,CUBIC,RB,HTTP/2
2025-04-30 22:58:01,stallRate,48.095999956131,16.3148678635775,TheEmptinessMachine,CUBIC,RB,HTTP/2
2025-04-30 22:58:03,stallRate,50.095999956131,15.5375570661914,TheEmptinessMachine,CUBIC,RB,HTTP/2
2025-04-30 22:58:05,stallRate,52.095999956131,14.8308521954935,TheEmptinessMachine,CUBIC,RB,HTTP/2
2025-04-30 22:58:07,stallRate,54.095999956131,14.1858329975938,TheEmptinessMachine,CUBIC,RB,HTTP/2
2025-04-30 22:58:09,stallRate,56.0969998836517,13.5954629421187,TheEmptinessMachine,CUBIC,RB,HTTP/2
2025-04-30 22:58:11,stallRate,58.095999956131,13.0502270259891,TheEmptinessMachine,CUBIC,RB,HTTP/2
2025-04-30 22:58:13,stallRate,60.095999956131,12.546205169955,TheEmptinessMachine,CUBIC,RB,HTTP/2
2025-04-30 22:58:15,stallRate,62.095999956131,12.081080977896,TheEmptinessMachine,CUBIC,RB,HTTP/2
2025-04-30 22:58:17,stallRate,64.095999956131,11.647860926349,TheEmptinessMachine,CUBIC,RB,HTTP/2
2025-04-30 22:58:19,stallRate,66.095999956131,11.2467408884833,TheEmptinessMachine,CUBIC,RB,HTTP/2
2025-04-30 22:58:21,stallRate,68.095999956131,10.8708380358979,TheEmptinessMachine,CUBIC,RB,HTTP/2
2025-04-30 22:58:23,stallRate,70.095999956131,10.522322510139,TheEmptinessMachine,CUBIC,RB,HTTP/2
2025-04-30 22:58:25,stallRate,72.095999956131,10.1919963579801,TheEmptinessMachine,CUBIC,RB,HTTP/2
2025-04-30 22:58:27,stallRate,74.095999956131,9.88261103500054,TheEmptinessMachine,CUBIC,RB,HTTP/2
2025-04-30 22:58:29,stallRate,76.095999956131,9.59316271058068,TheEmptinessMachine,CUBIC,RB,HTTP/2
2025-04-30 22:58:31,stallRate,78.095999956131,9.31852967301834,TheEmptinessMachine,CUBIC,RB,HTTP/2
2025-04-30 22:58:33,stallRate,80.095999956131,9.05966377735587,TheEmptinessMachine,CUBIC,RB,HTTP/2
2025-04-30 22:58:35,stallRate,82.095999956131,8.81466366005024,TheEmptinessMachine,CUBIC,RB,HTTP/2
2025-04-30 22:58:37,stallRate,84.0969998836517,8.58130103710125,TheEmptinessMachine,CUBIC,RB,HTTP/2
2025-04-30 22:58:39,stallRate,86.095999956131,8.36212202866649,TheEmptinessMachine,CUBIC,RB,HTTP/2
2025-04-30 22:58:41,stallRate,88.095999956131,8.15310469624655,TheEmptinessMachine,CUBIC,RB,HTTP/2
2025-04-30 22:58:43,stallRate,90.095999956131,7.95470595628299,TheEmptinessMachine,CUBIC,RB,HTTP/2
2025-04-30 22:58:45,stallRate,92.095999956131,7.76487030621812,TheEmptinessMachine,CUBIC,RB,HTTP/2
2025-04-30 22:58:47,stallRate,94.095999956131,7.5829916077588,TheEmptinessMachine,CUBIC,RB,HTTP/2
2025-04-30 22:58:49,stallRate,96.095999956131,7.41076109502891,TheEmptinessMachine,CUBIC,RB,HTTP/2
2025-04-30 22:58:51,stallRate,98.095999956131,7.24653238155778,TheEmptinessMachine,CUBIC,RB,HTTP/2
2025-04-30 22:58:53,stallRate,100.095999956131,7.08788642052782,TheEmptinessMachine,CUBIC,RB,HTTP/2
2025-04-30 22:58:55,stallRate,102.095999956131,6.93678467967268,TheEmptinessMachine,CUBIC,RB,HTTP/2
2025-04-30 22:58:57,stallRate,104.096999883652,6.79239282017637,TheEmptinessMachine,CUBIC,RB,HTTP/2
2025-04-30 22:58:59,stallRate,106.095999956131,6.65405507533584,TheEmptinessMachine,CUBIC,RB,HTTP/2
2025-04-30 22:59:01,stallRate,108.095999956131,6.52098997110377,TheEmptinessMachine,CUBIC,RB,HTTP/2
2025-04-30 22:59:03,stallRate,110.095999956131,6.39343415823759,TheEmptinessMachine,CUBIC,RB,HTTP/2
2025-04-30 22:59:05,stallRate,112.095999956131,6.27066474530663,TheEmptinessMachine,CUBIC,RB,HTTP/2
2025-04-30 22:59:07,stallRate,114.095999956131,6.15235093261742,TheEmptinessMachine,CUBIC,RB,HTTP/2
2025-04-30 22:59:09,stallRate,116.095999956131,6.03867928852702,TheEmptinessMachine,CUBIC,RB,HTTP/2
2025-04-30 22:59:11,stallRate,118.095999956131,5.92859094569477,TheEmptinessMachine,CUBIC,RB,HTTP/2
2025-04-30 22:59:13,stallRate,120.095999956131,5.82233945689367,TheEmptinessMachine,CUBIC,RB,HTTP/2
2025-04-30 22:59:15,stallRate,122.095999956131,5.72009952880678,TheEmptinessMachine,CUBIC,RB,HTTP/2
2025-04-30 22:59:17,stallRate,124.095999956131,5.62145815427825,TheEmptinessMachine,CUBIC,RB,HTTP/2
2025-04-30 22:59:19,stallRate,126.095999956131,5.52563011037998,TheEmptinessMachine,CUBIC,RB,HTTP/2
2025-04-30 22:59:21,stallRate,128.095999956131,5.43386084554737,TheEmptinessMachine,CUBIC,RB,HTTP/2
2025-04-30 22:59:23,stallRate,130.095999956131,5.34488524151626,TheEmptinessMachine,CUBIC,RB,HTTP/2
2025-04-30 22:59:25,stallRate,132.095999956131,5.25887639824758,TheEmptinessMachine,CUBIC,RB,HTTP/2
2025-04-30 22:59:27,stallRate,134.095999956131,5.17523768148365,TheEmptinessMachine,CUBIC,RB,HTTP/2
2025-04-30 22:59:29,stallRate,136.095999956131,5.09456037596178,TheEmptinessMachine,CUBIC,RB,HTTP/2
2025-04-30 22:59:31,stallRate,138.095999956131,5.01602713751253,TheEmptinessMachine,CUBIC,RB,HTTP/2
2025-04-30 22:59:33,stallRate,140.095999956131,4.94003049754379,TheEmptinessMachine,CUBIC,RB,HTTP/2
2025-04-30 22:59:35,stallRate,142.095999956131,4.8656630148397,TheEmptinessMachine,CUBIC,RB,HTTP/2
2025-04-30 22:59:37,stallRate,144.095999956131,4.79394724204828,TheEmptinessMachine,CUBIC,RB,HTTP/2
2025-04-30 22:59:39,stallRate,146.095999956131,4.72411772885372,TheEmptinessMachine,CUBIC,RB,HTTP/2
2025-04-30 22:59:41,stallRate,148.095999956131,4.65702259988568,TheEmptinessMachine,CUBIC,RB,HTTP/2
2025-04-30 22:59:43,stallRate,150.095999956131,4.59153971524829,TheEmptinessMachine,CUBIC,RB,HTTP/2
2025-04-30 22:59:45,stallRate,152.095999956131,4.52795444477682,TheEmptinessMachine,CUBIC,RB,HTTP/2
2025-04-30 22:59:47,stallRate,154.095999956131,4.46583302349466,TheEmptinessMachine,CUBIC,RB,HTTP/2
2025-04-30 22:59:49,stallRate,156.095999956131,4.40560801814979,TheEmptinessMachine,CUBIC,RB,HTTP/2
2025-04-30 22:59:51,stallRate,158.095999956131,4.34672026788449,TheEmptinessMachine,CUBIC,RB,HTTP/2
2025-04-30 22:59:53,stallRate,160.095999956131,4.2896662999132,TheEmptinessMachine,CUBIC,RB,HTTP/2
2025-04-30 22:59:55,stallRate,162.095999956131,4.23383258810932,TheEmptinessMachine,CUBIC,RB,HTTP/2
2025-04-30 22:59:57,stallRate,164.096999883652,4.17952664589531,TheEmptinessMachine,CUBIC,RB,HTTP/2
2025-04-30 22:59:59,stallRate,166.095999956131,4.12662503232307,TheEmptinessMachine,CUBIC,RB,HTTP/2
2025-04-30 23:00:01,stallRate,168.095999956131,4.07503710135373,TheEmptinessMachine,CUBIC,RB,HTTP/2
2025-04-30 23:00:03,stallRate,170.095999956131,4.02453691228825,TheEmptinessMachine,CUBIC,RB,HTTP/2
2025-04-30 23:00:05,stallRate,172.095999956131,3.97555703666701,TheEmptinessMachine,CUBIC,RB,HTTP/2
2025-04-30 23:00:07,stallRate,174.095999956131,3.9275355086208,TheEmptinessMachine,CUBIC,RB,HTTP/2
2025-04-30 23:00:09,stallRate,176.095999956131,3.88076129749545,TheEmptinessMachine,CUBIC,RB,HTTP/2
2025-04-30 23:00:11,stallRate,178.095999956131,3.83536860191047,TheEmptinessMachine,CUBIC,RB,HTTP/2
2025-04-30 23:00:13,stallRate,180.096999883652,3.79094873431841,TheEmptinessMachine,CUBIC,RB,HTTP/2
2025-04-30 23:00:15,stallRate,182.095999956131,3.74732821259571,TheEmptinessMachine,CUBIC,RB,HTTP/2
2025-04-30 23:00:17,stallRate,184.095999956131,3.70467452579707,TheEmptinessMachine,CUBIC,RB,HTTP/2
2025-04-30 23:00:19,stallRate,186.095999956131,3.66302552522003,TheEmptinessMachine,CUBIC,RB,HTTP/2
2025-04-30 23:00:21,stallRate,188.095999956131,3.62236870446278,TheEmptinessMachine,CUBIC,RB,HTTP/2
2025-04-30 23:00:23,stallRate,190.095999956131,3.5824247765167,TheEmptinessMachine,CUBIC,RB,HTTP/2
2025-04-30 23:00:25,stallRate,192.095999956131,3.54333338423857,TheEmptinessMachine,CUBIC,RB,HTTP/2
2025-04-30 23:00:27,stallRate,194.096999883652,3.50519318632798,TheEmptinessMachine,CUBIC,RB,HTTP/2
2025-04-30 23:00:29,stallRate,196.095999956131,3.46778347536769,TheEmptinessMachine,CUBIC,RB,HTTP/2
2025-04-30 23:00:31,stallRate,198.095999956131,3.43133729763247,TheEmptinessMachine,CUBIC,RB,HTTP/2
2025-04-30 23:00:33,stallRate,200.095999956131,3.39571279108516,TheEmptinessMachine,CUBIC,RB,HTTP/2
2025-04-30 23:00:35,stallRate,202.095999956131,3.3606750459233,TheEmptinessMachine,CUBIC,RB,HTTP/2
2025-04-30 23:01:24,stallRate,12.3070001602173,0.0,TheEmptinessMachine,CUBIC,RB,HTTP/3
2025-04-30 23:01:26,stallRate,14.3070001602173,0.0,TheEmptinessMachine,CUBIC,RB,HTTP/3
2025-04-30 23:01:28,stallRate,16.3070001602173,0.0,TheEmptinessMachine,CUBIC,RB,HTTP/3
2025-04-30 23:01:30,stallRate,18.3070001602173,0.0,TheEmptinessMachine,CUBIC,RB,HTTP/3
2025-04-30 23:01:32,stallRate,20.3070001602173,0.0,TheEmptinessMachine,CUBIC,RB,HTTP/3
2025-04-30 23:01:34,stallRate,22.3070001602173,0.0,TheEmptinessMachine,CUBIC,RB,HTTP/3
2025-04-30 23:01:36,stallRate,24.3070001602173,0.0,TheEmptinessMachine,CUBIC,RB,HTTP/3
2025-04-30 23:01:38,stallRate,26.3070001602173,0.0,TheEmptinessMachine,CUBIC,RB,HTTP/3
2025-04-30 23:01:40,stallRate,28.3070001602173,0.0,TheEmptinessMachine,CUBIC,RB,HTTP/3
2025-04-30 23:01:42,stallRate,30.3070001602173,0.0,TheEmptinessMachine,CUBIC,RB,HTTP/3
2025-04-30 23:01:44,stallRate,32.3070001602173,0.0,TheEmptinessMachine,CUBIC,RB,HTTP/3
2025-04-30 23:01:46,stallRate,34.3070001602173,0.0,TheEmptinessMachine,CUBIC,RB,HTTP/3
2025-04-30 23:01:48,stallRate,36.3070001602173,0.780828527292134,TheEmptinessMachine,CUBIC,RB,HTTP/3
2025-04-30 23:01:50,stallRate,38.3070001602173,0.723723529460982,TheEmptinessMachine,CUBIC,RB,HTTP/3
2025-04-30 23:01:52,stallRate,40.3070001602173,0.674413445022495,TheEmptinessMachine,CUBIC,RB,HTTP/3
2025-04-30 23:01:54,stallRate,42.3070001602173,0.631658440467969,TheEmptinessMachine,CUBIC,RB,HTTP/3
2025-04-30 23:01:56,stallRate,44.3070001602173,0.593817552955928,TheEmptinessMachine,CUBIC,RB,HTTP/3
2025-04-30 23:01:58,stallRate,46.3070001602173,0.560077801362831,TheEmptinessMachine,CUBIC,RB,HTTP/3
2025-04-30 23:02:00,stallRate,48.3070001602173,0.53014563003832,TheEmptinessMachine,CUBIC,RB,HTTP/3
2025-04-30 23:02:02,stallRate,50.3070001602173,0.503300582233008,TheEmptinessMachine,CUBIC,RB,HTTP/3
2025-04-30 23:02:04,stallRate,52.3070001602173,0.479017312809942,TheEmptinessMachine,CUBIC,RB,HTTP/3
2025-04-30 23:02:06,stallRate,54.3070001602173,0.456814454118816,TheEmptinessMachine,CUBIC,RB,HTTP/3
2025-04-30 23:02:08,stallRate,56.3070001602173,0.436644983953004,TheEmptinessMachine,CUBIC,RB,HTTP/3
2025-04-30 23:02:10,stallRate,58.3070001602173,0.418296822472785,TheEmptinessMachine,CUBIC,RB,HTTP/3
2025-04-30 23:02:12,stallRate,60.308000087738,0.401311423354871,TheEmptinessMachine,CUBIC,RB,HTTP/3
2025-04-30 23:02:14,stallRate,62.3070001602173,0.385700574684009,TheEmptinessMachine,CUBIC,RB,HTTP/3
2025-04-30 23:02:16,stallRate,64.3070001602173,0.3712751692309,TheEmptinessMachine,CUBIC,RB,HTTP/3
2025-04-30 23:02:18,stallRate,66.3070001602173,0.477796536268082,TheEmptinessMachine,CUBIC,RB,HTTP/3
2025-04-30 23:02:28,stallRate,76.3070001602173,13.1602202953336,TheEmptinessMachine,CUBIC,RB,HTTP/3
2025-04-30 23:02:30,stallRate,78.3070001602173,12.7414669309378,TheEmptinessMachine,CUBIC,RB,HTTP/3
2025-04-30 23:02:32,stallRate,80.3070001602173,12.3467555255733,TheEmptinessMachine,CUBIC,RB,HTTP/3
2025-04-30 23:02:34,stallRate,82.3070001602173,12.7728787488964,TheEmptinessMachine,CUBIC,RB,HTTP/3
2025-04-30 23:02:36,stallRate,84.3070001602173,12.4002914575291,TheEmptinessMachine,CUBIC,RB,HTTP/3
2025-04-30 23:02:38,stallRate,86.3070001602173,12.0496293330482,TheEmptinessMachine,CUBIC,RB,HTTP/3
2025-04-30 23:02:40,stallRate,88.3070001602173,11.7184765045425,TheEmptinessMachine,CUBIC,RB,HTTP/3
2025-04-30 23:02:42,stallRate,90.3070001602173,11.4049494149928,TheEmptinessMachine,CUBIC,RB,HTTP/3
2025-04-30 23:02:44,stallRate,92.308000087738,11.1065068665946,TheEmptinessMachine,CUBIC,RB,HTTP/3
2025-04-30 23:02:46,stallRate,94.3070001602173,10.8249239579561,TheEmptinessMachine,CUBIC,RB,HTTP/3
2025-04-30 23:02:48,stallRate,96.3070001602173,10.5561411886831,TheEmptinessMachine,CUBIC,RB,HTTP/3
2025-04-30 23:02:50,stallRate,98.3070001602173,10.300905741426,TheEmptinessMachine,CUBIC,RB,HTTP/3
2025-04-30 23:02:52,stallRate,100.307000160217,10.0590722536952,TheEmptinessMachine,CUBIC,RB,HTTP/3
2025-04-30 23:02:54,stallRate,102.307000160217,9.82683162208468,TheEmptinessMachine,CUBIC,RB,HTTP/3
2025-04-30 23:02:56,stallRate,104.307000160217,9.60538695430543,TheEmptinessMachine,CUBIC,RB,HTTP/3
2025-04-30 23:02:58,stallRate,106.307000160217,9.39283282931556,TheEmptinessMachine,CUBIC,RB,HTTP/3
2025-04-30 23:03:00,stallRate,108.307000160217,9.19060236097879,TheEmptinessMachine,CUBIC,RB,HTTP/3
2025-04-30 23:03:02,stallRate,110.307000160217,8.99723325996577,TheEmptinessMachine,CUBIC,RB,HTTP/3
2025-04-30 23:03:04,stallRate,112.307000160217,8.80984561676042,TheEmptinessMachine,CUBIC,RB,HTTP/3
2025-04-30 23:03:06,stallRate,114.307000160217,8.63102170470953,TheEmptinessMachine,CUBIC,RB,HTTP/3
2025-04-30 23:03:08,stallRate,116.307000160217,8.45986848894306,TheEmptinessMachine,CUBIC,RB,HTTP/3
2025-04-30 23:03:10,stallRate,118.307000160217,8.29631227012614,TheEmptinessMachine,CUBIC,RB,HTTP/3
2025-04-30 23:03:12,stallRate,120.307000160217,8.13770457241706,TheEmptinessMachine,CUBIC,RB,HTTP/3
2025-04-30 23:03:14,stallRate,122.307000160217,7.98531246909361,TheEmptinessMachine,CUBIC,RB,HTTP/3
2025-04-30 23:03:16,stallRate,124.307000160217,7.83787283857065,TheEmptinessMachine,CUBIC,RB,HTTP/3
2025-04-30 23:03:18,stallRate,126.307000160217,7.69652693320322,TheEmptinessMachine,CUBIC,RB,HTTP/3
2025-04-30 23:03:20,stallRate,128.307000160217,7.56043701549732,TheEmptinessMachine,CUBIC,RB,HTTP/3
2025-04-30 23:03:22,stallRate,130.307000160217,7.42842403202415,TheEmptinessMachine,CUBIC,RB,HTTP/3
2025-04-30 23:03:24,stallRate,132.307000160217,7.30074951375217,TheEmptinessMachine,CUBIC,RB,HTTP/3
2025-04-30 23:03:26,stallRate,134.307000160217,7.17692945733247,TheEmptinessMachine,CUBIC,RB,HTTP/3
2025-04-30 23:03:28,stallRate,136.307000160217,7.05742651116063,TheEmptinessMachine,CUBIC,RB,HTTP/3
2025-04-30 23:03:30,stallRate,138.307000160217,6.94291835084001,TheEmptinessMachine,CUBIC,RB,HTTP/3
2025-04-30 23:03:32,stallRate,140.307000160217,6.83224290950724,TheEmptinessMachine,CUBIC,RB,HTTP/3
2025-04-30 23:03:34,stallRate,142.307000160217,6.72395180205324,TheEmptinessMachine,CUBIC,RB,HTTP/3
2025-04-30 23:03:36,stallRate,144.307000160217,6.61994633378308,TheEmptinessMachine,CUBIC,RB,HTTP/3
2025-04-30 23:03:38,stallRate,146.307000160217,7.13149687987263,TheEmptinessMachine,CUBIC,RB,HTTP/3
2025-04-30 23:03:40,stallRate,148.307000160217,7.02347945846377,TheEmptinessMachine,CUBIC,RB,HTTP/3
2025-04-30 23:03:42,stallRate,150.307000160217,6.91879273679156,TheEmptinessMachine,CUBIC,RB,HTTP/3
2025-04-30 23:03:44,stallRate,152.307000160217,7.04273028335521,TheEmptinessMachine,CUBIC,RB,HTTP/3
2025-04-30 23:03:48,stallRate,156.307000160217,7.28991655937489,TheEmptinessMachine,CUBIC,RB,HTTP/3
2025-04-30 23:03:50,stallRate,158.307000160217,7.34303197415969,TheEmptinessMachine,CUBIC,RB,HTTP/3
2025-04-30 23:03:52,stallRate,160.307000160217,7.24179566312337,TheEmptinessMachine,CUBIC,RB,HTTP/3
2025-04-30 23:03:54,stallRate,162.307000160217,7.14272677781763,TheEmptinessMachine,CUBIC,RB,HTTP/3
2025-04-30 23:03:56,stallRate,164.307000160217,7.32827162579543,TheEmptinessMachine,CUBIC,RB,HTTP/3
2025-04-30 23:03:58,stallRate,166.307000160217,7.23033256440104,TheEmptinessMachine,CUBIC,RB,HTTP/3
2025-04-30 23:04:00,stallRate,168.307000160217,7.13587149147388,TheEmptinessMachine,CUBIC,RB,HTTP/3
2025-04-30 23:04:02,stallRate,170.307000160217,7.0434678805462,TheEmptinessMachine,CUBIC,RB,HTTP/3
2025-04-30 23:04:06,stallRate,174.307000160217,7.165516409184,TheEmptinessMachine,CUBIC,RB,HTTP/3
2025-04-30 23:04:08,stallRate,176.307000160217,7.1630893207608,TheEmptinessMachine,CUBIC,RB,HTTP/3
2025-04-30 23:04:10,stallRate,178.307000160217,7.07483517138182,TheEmptinessMachine,CUBIC,RB,HTTP/3
2025-04-30 23:04:12,stallRate,180.307000160217,6.98871589607367,TheEmptinessMachine,CUBIC,RB,HTTP/3
2025-04-30 23:04:14,stallRate,182.307000160217,6.9043408169379,TheEmptinessMachine,CUBIC,RB,HTTP/3
2025-04-30 23:04:16,stallRate,184.307000160217,6.82244087947415,TheEmptinessMachine,CUBIC,RB,HTTP/3
2025-04-30 23:04:18,stallRate,186.307000160217,6.74212791545967,TheEmptinessMachine,CUBIC,RB,HTTP/3
2025-04-30 23:04:20,stallRate,188.307000160217,6.66387322663263,TheEmptinessMachine,CUBIC,RB,HTTP/3
2025-04-30 23:04:22,stallRate,190.307000160217,6.58746387135887,TheEmptinessMachine,CUBIC,RB,HTTP/3
2025-04-30 23:04:24,stallRate,192.307000160217,6.51274906404061,TheEmptinessMachine,CUBIC,RB,HTTP/3
2025-04-30 23:04:26,stallRate,194.307000160217,6.43942749493264,TheEmptinessMachine,CUBIC,RB,HTTP/3
2025-04-30 23:04:28,stallRate,196.307000160217,6.36811040092069,TheEmptinessMachine,CUBIC,RB,HTTP/3
2025-04-30 23:04:30,stallRate,198.307000160217,6.2984635136915,TheEmptinessMachine,CUBIC,RB,HTTP/3
2025-04-30 23:04:32,stallRate,200.307000160217,6.32333339303111,TheEmptinessMachine,CUBIC,RB,HTTP/3
2025-04-30 23:04:34,stallRate,202.307000160217,6.25556144698732,TheEmptinessMachine,CUBIC,RB,HTTP/3
2025-04-30 23:04:36,stallRate,204.307000160217,6.18892727567823,TheEmptinessMachine,CUBIC,RB,HTTP/3
2025-04-30 23:04:38,stallRate,206.307000160217,6.12383360055027,TheEmptinessMachine,CUBIC,RB,HTTP/3
2025-04-30 23:04:40,stallRate,208.307000160217,6.05984954270497,TheEmptinessMachine,CUBIC,RB,HTTP/3
2025-04-30 23:04:42,stallRate,210.307000160217,5.99754214381993,TheEmptinessMachine,CUBIC,RB,HTTP/3
2025-04-30 23:05:16,stallRate,4.30699992179871,0.0,TheEmptinessMachine,CUBIC,Throughput,HTTP/1.1
2025-04-30 23:05:20,stallRate,8.30299997329712,14.5684833531514,TheEmptinessMachine,CUBIC,Throughput,HTTP/1.1
2025-04-30 23:05:22,stallRate,10.3039999008179,24.7470722438537,TheEmptinessMachine,CUBIC,Throughput,HTTP/1.1
2025-04-30 23:05:24,stallRate,12.3029999732971,19.6964725166979,TheEmptinessMachine,CUBIC,Throughput,HTTP/1.1
2025-04-30 23:05:26,stallRate,14.3039999008179,16.3725348613159,TheEmptinessMachine,CUBIC,Throughput,HTTP/1.1
2025-04-30 23:05:28,stallRate,16.3029999732971,14.0255115972023,TheEmptinessMachine,CUBIC,Throughput,HTTP/1.1
2025-04-30 23:05:30,stallRate,18.3029999732971,12.2465756040489,TheEmptinessMachine,CUBIC,Throughput,HTTP/1.1
2025-04-30 23:05:32,stallRate,20.3039999008179,10.8721039912539,TheEmptinessMachine,CUBIC,Throughput,HTTP/1.1
2025-04-30 23:05:34,stallRate,22.3029999732971,12.2938430015336,TheEmptinessMachine,CUBIC,Throughput,HTTP/1.1
2025-04-30 23:05:36,stallRate,24.3039999008179,11.1662360255332,TheEmptinessMachine,CUBIC,Throughput,HTTP/1.1
2025-04-30 23:05:38,stallRate,26.3029999732971,10.2246675239289,TheEmptinessMachine,CUBIC,Throughput,HTTP/1.1
2025-04-30 23:05:40,stallRate,28.3039999008179,9.43381088048769,TheEmptinessMachine,CUBIC,Throughput,HTTP/1.1
2025-04-30 23:05:42,stallRate,30.3039999008179,8.75741055251262,TheEmptinessMachine,CUBIC,Throughput,HTTP/1.1
2025-04-30 23:05:44,stallRate,32.3029999732971,8.16880491847728,TheEmptinessMachine,CUBIC,Throughput,HTTP/1.1
2025-04-30 23:05:46,stallRate,34.3039999008179,7.65382244418434,TheEmptinessMachine,CUBIC,Throughput,HTTP/1.1
2025-04-30 23:05:48,stallRate,36.3039999008179,7.20076209320215,TheEmptinessMachine,CUBIC,Throughput,HTTP/1.1
2025-04-30 23:05:50,stallRate,38.3039999008179,6.7993020846781,TheEmptinessMachine,CUBIC,Throughput,HTTP/1.1
2025-04-30 23:05:54,stallRate,42.3029999732971,6.11619473324508,TheEmptinessMachine,CUBIC,Throughput,HTTP/1.1
2025-04-30 23:05:56,stallRate,44.3039999008179,5.82296144491137,TheEmptinessMachine,CUBIC,Throughput,HTTP/1.1
2025-04-30 23:05:58,stallRate,46.3039999008179,5.55790798231511,TheEmptinessMachine,CUBIC,Throughput,HTTP/1.1
2025-04-30 23:06:00,stallRate,48.3029999732971,5.3161213810607,TheEmptinessMachine,CUBIC,Throughput,HTTP/1.1
2025-04-30 23:06:02,stallRate,50.3029999732971,5.09206695132029,TheEmptinessMachine,CUBIC,Throughput,HTTP/1.1
2025-04-30 23:06:04,stallRate,52.3029999732971,4.88712839730834,TheEmptinessMachine,CUBIC,Throughput,HTTP/1.1
2025-04-30 23:06:06,stallRate,54.3039999008179,4.69788093507703,TheEmptinessMachine,CUBIC,Throughput,HTTP/1.1
2025-04-30 23:06:08,stallRate,56.3039999008179,4.52425293455318,TheEmptinessMachine,CUBIC,Throughput,HTTP/1.1
2025-04-30 23:06:10,stallRate,58.3039999008179,4.36242861179444,TheEmptinessMachine,CUBIC,Throughput,HTTP/1.1
2025-04-30 23:06:12,stallRate,60.3039999008179,4.21116048362694,TheEmptinessMachine,CUBIC,Throughput,HTTP/1.1
2025-04-30 23:06:14,stallRate,62.3039999008179,4.07030824936719,TheEmptinessMachine,CUBIC,Throughput,HTTP/1.1
2025-04-30 23:06:16,stallRate,64.3029999732971,3.93814215670758,TheEmptinessMachine,CUBIC,Throughput,HTTP/1.1
2025-04-30 23:06:18,stallRate,66.3029999732971,3.81494768571919,TheEmptinessMachine,CUBIC,Throughput,HTTP/1.1
2025-04-30 23:06:20,stallRate,68.3029999732971,3.69941686950364,TheEmptinessMachine,CUBIC,Throughput,HTTP/1.1
2025-04-30 23:06:22,stallRate,70.3029999732971,3.5901561308455,TheEmptinessMachine,CUBIC,Throughput,HTTP/1.1
2025-04-30 23:06:24,stallRate,72.3039999008179,3.4869209376258,TheEmptinessMachine,CUBIC,Throughput,HTTP/1.1
2025-04-30 23:06:28,stallRate,76.3039999008179,3.29792940600612,TheEmptinessMachine,CUBIC,Throughput,HTTP/1.1
2025-04-30 23:06:30,stallRate,78.3029999732971,3.21144086262879,TheEmptinessMachine,CUBIC,Throughput,HTTP/1.1
2025-04-30 23:06:32,stallRate,80.3029999732971,3.12894195069117,TheEmptinessMachine,CUBIC,Throughput,HTTP/1.1
2025-04-30 23:06:34,stallRate,82.3039999008179,3.050403585967,TheEmptinessMachine,CUBIC,Throughput,HTTP/1.1
2025-04-30 23:06:36,stallRate,84.3029999732971,3.88461889598963,TheEmptinessMachine,CUBIC,Throughput,HTTP/1.1
2025-04-30 23:06:38,stallRate,86.3039999008179,3.79154896291432,TheEmptinessMachine,CUBIC,Throughput,HTTP/1.1
2025-04-30 23:06:40,stallRate,88.3029999732971,4.03714363277125,TheEmptinessMachine,CUBIC,Throughput,HTTP/1.1
2025-04-30 23:06:42,stallRate,90.3029999732971,3.94513649916035,TheEmptinessMachine,CUBIC,Throughput,HTTP/1.1
2025-04-30 23:06:44,stallRate,92.3039999008179,3.85744126477748,TheEmptinessMachine,CUBIC,Throughput,HTTP/1.1
2025-04-30 23:06:46,stallRate,94.3029999732971,3.77360299343454,TheEmptinessMachine,CUBIC,Throughput,HTTP/1.1
2025-04-30 23:06:48,stallRate,96.3029999732971,3.69320278714414,TheEmptinessMachine,CUBIC,Throughput,HTTP/1.1
2025-04-30 23:06:52,stallRate,100.303999900818,3.54220197222525,TheEmptinessMachine,CUBIC,Throughput,HTTP/1.1
2025-04-30 23:06:54,stallRate,102.303999900818,3.47099193143677,TheEmptinessMachine,CUBIC,Throughput,HTTP/1.1
2025-04-30 23:06:56,stallRate,104.303999900818,3.40316304946162,TheEmptinessMachine,CUBIC,Throughput,HTTP/1.1
2025-04-30 23:06:58,stallRate,106.303999900818,3.33734907118222,TheEmptinessMachine,CUBIC,Throughput,HTTP/1.1
2025-04-30 23:07:00,stallRate,108.303999900818,3.27421615085758,TheEmptinessMachine,CUBIC,Throughput,HTTP/1.1
2025-04-30 23:07:02,stallRate,110.302999973297,3.2135895503048,TheEmptinessMachine,CUBIC,Throughput,HTTP/1.1
2025-04-30 23:07:04,stallRate,112.302999973297,3.15514457024531,TheEmptinessMachine,CUBIC,Throughput,HTTP/1.1
2025-04-30 23:07:06,stallRate,114.303999900818,3.09874018409862,TheEmptinessMachine,CUBIC,Throughput,HTTP/1.1
2025-04-30 23:07:08,stallRate,116.302999973297,3.04442555135039,TheEmptinessMachine,CUBIC,Throughput,HTTP/1.1
2025-04-30 23:07:10,stallRate,118.303999900818,2.99173350522328,TheEmptinessMachine,CUBIC,Throughput,HTTP/1.1
2025-04-30 23:07:12,stallRate,120.302999973297,2.94078063276583,TheEmptinessMachine,CUBIC,Throughput,HTTP/1.1
2025-04-30 23:07:14,stallRate,122.302999973297,2.8916544090655,TheEmptinessMachine,CUBIC,Throughput,HTTP/1.1
2025-04-30 23:07:16,stallRate,124.303999900818,2.8441749302237,TheEmptinessMachine,CUBIC,Throughput,HTTP/1.1
2025-04-30 23:07:18,stallRate,126.303999900818,2.79824230316151,TheEmptinessMachine,CUBIC,Throughput,HTTP/1.1
2025-04-30 23:07:20,stallRate,128.303999900818,2.75360151244585,TheEmptinessMachine,CUBIC,Throughput,HTTP/1.1
2025-04-30 23:07:22,stallRate,130.302999973297,2.71061476742926,TheEmptinessMachine,CUBIC,Throughput,HTTP/1.1
2025-04-30 23:07:24,stallRate,132.303999900818,2.66874243055393,TheEmptinessMachine,CUBIC,Throughput,HTTP/1.1
2025-04-30 23:07:26,stallRate,134.303999900818,2.6282578247784,TheEmptinessMachine,CUBIC,Throughput,HTTP/1.1
2025-04-30 23:07:28,stallRate,136.303999900818,2.58919798262011,TheEmptinessMachine,CUBIC,Throughput,HTTP/1.1
2025-04-30 23:07:30,stallRate,138.302999973297,2.55102694594383,TheEmptinessMachine,CUBIC,Throughput,HTTP/1.1
2025-04-30 23:07:32,stallRate,140.303999900818,2.51380141563885,TheEmptinessMachine,CUBIC,Throughput,HTTP/1.1
2025-04-30 23:07:34,stallRate,142.303999900818,2.47798183659344,TheEmptinessMachine,CUBIC,Throughput,HTTP/1.1
2025-04-30 23:07:36,stallRate,144.303999900818,2.44289153928987,TheEmptinessMachine,CUBIC,Throughput,HTTP/1.1
2025-04-30 23:07:38,stallRate,146.303999900818,2.40908682513743,TheEmptinessMachine,CUBIC,Throughput,HTTP/1.1
2025-04-30 23:07:40,stallRate,148.302999973297,2.37609105296153,TheEmptinessMachine,CUBIC,Throughput,HTTP/1.1
2025-04-30 23:07:42,stallRate,150.303999900818,2.34385955653081,TheEmptinessMachine,CUBIC,Throughput,HTTP/1.1
2025-04-30 23:07:44,stallRate,152.302999973297,2.31256983648803,TheEmptinessMachine,CUBIC,Throughput,HTTP/1.1
2025-04-30 23:07:46,stallRate,154.302999973297,2.28199632569605,TheEmptinessMachine,CUBIC,Throughput,HTTP/1.1
2025-04-30 23:07:48,stallRate,156.302999973297,2.25238389378798,TheEmptinessMachine,CUBIC,Throughput,HTTP/1.1
2025-04-30 23:07:50,stallRate,158.303999900818,2.22357011539225,TheEmptinessMachine,CUBIC,Throughput,HTTP/1.1
2025-04-30 23:07:52,stallRate,160.303999900818,2.19535289423183,TheEmptinessMachine,CUBIC,Throughput,HTTP/1.1
2025-04-30 23:07:54,stallRate,162.302999973297,2.16795087923989,TheEmptinessMachine,CUBIC,Throughput,HTTP/1.1
2025-04-30 23:07:56,stallRate,164.303999900818,2.14109866138746,TheEmptinessMachine,CUBIC,Throughput,HTTP/1.1
2025-04-30 23:07:58,stallRate,166.302999973297,2.11502621350301,TheEmptinessMachine,CUBIC,Throughput,HTTP/1.1
2025-04-30 23:08:00,stallRate,168.303999900818,2.08945906806084,TheEmptinessMachine,CUBIC,Throughput,HTTP/1.1
2025-04-30 23:08:02,stallRate,170.303999900818,2.06456003188672,TheEmptinessMachine,CUBIC,Throughput,HTTP/1.1
2025-04-30 23:08:04,stallRate,172.303999900818,2.0400242390686,TheEmptinessMachine,CUBIC,Throughput,HTTP/1.1
2025-04-30 23:08:08,stallRate,176.303999900818,1.99314907939787,TheEmptinessMachine,CUBIC,Throughput,HTTP/1.1
2025-04-30 23:08:10,stallRate,178.303999900818,1.97046290889416,TheEmptinessMachine,CUBIC,Throughput,HTTP/1.1
2025-04-30 23:08:12,stallRate,180.302999973297,1.94830074850014,TheEmptinessMachine,CUBIC,Throughput,HTTP/1.1
2025-04-30 23:08:14,stallRate,182.302999973297,1.92667645630404,TheEmptinessMachine,CUBIC,Throughput,HTTP/1.1
2025-04-30 23:08:20,stallRate,188.302999973297,1.86456358105024,TheEmptinessMachine,CUBIC,Throughput,HTTP/1.1
2025-04-30 23:08:22,stallRate,190.302999973297,1.84456188995302,TheEmptinessMachine,CUBIC,Throughput,HTTP/1.1
2025-04-30 23:08:24,stallRate,192.302999973297,1.82509014649215,TheEmptinessMachine,CUBIC,Throughput,HTTP/1.1
2025-04-30 23:08:26,stallRate,194.302999973297,1.80608313722897,TheEmptinessMachine,CUBIC,Throughput,HTTP/1.1
2025-04-30 23:08:28,stallRate,196.302999973297,1.78748064654867,TheEmptinessMachine,CUBIC,Throughput,HTTP/1.1
2025-04-30 23:09:18,stallRate,6.86800003051758,0.0,TheEmptinessMachine,CUBIC,Throughput,HTTP/2
2025-04-30 23:09:20,stallRate,8.86800003051758,0.0,TheEmptinessMachine,CUBIC,Throughput,HTTP/2
2025-04-30 23:09:22,stallRate,10.8680000305176,0.0,TheEmptinessMachine,CUBIC,Throughput,HTTP/2
2025-04-30 23:09:24,stallRate,12.8680000305176,0.0,TheEmptinessMachine,CUBIC,Throughput,HTTP/2
2025-04-30 23:09:26,stallRate,14.8680000305176,0.0,TheEmptinessMachine,CUBIC,Throughput,HTTP/2
2025-04-30 23:09:28,stallRate,16.8680000305176,0.0,TheEmptinessMachine,CUBIC,Throughput,HTTP/2
2025-04-30 23:09:30,stallRate,18.8670001029968,0.0,TheEmptinessMachine,CUBIC,Throughput,HTTP/2
2025-04-30 23:09:32,stallRate,20.8680000305176,0.0,TheEmptinessMachine,CUBIC,Throughput,HTTP/2
2025-04-30 23:09:34,stallRate,22.8680000305176,0.0,TheEmptinessMachine,CUBIC,Throughput,HTTP/2
2025-04-30 23:09:36,stallRate,24.8670001029968,0.0,TheEmptinessMachine,CUBIC,Throughput,HTTP/2
2025-04-30 23:09:38,stallRate,26.8680000305176,0.0,TheEmptinessMachine,CUBIC,Throughput,HTTP/2
2025-04-30 23:09:40,stallRate,28.8680000305176,0.0,TheEmptinessMachine,CUBIC,Throughput,HTTP/2
2025-04-30 23:09:42,stallRate,30.8670001029968,0.0,TheEmptinessMachine,CUBIC,Throughput,HTTP/2
2025-04-30 23:09:44,stallRate,32.8680000305176,0.0,TheEmptinessMachine,CUBIC,Throughput,HTTP/2
2025-04-30 23:09:46,stallRate,34.8670001029968,0.0,TheEmptinessMachine,CUBIC,Throughput,HTTP/2
2025-04-30 23:09:48,stallRate,36.8680000305176,0.0,TheEmptinessMachine,CUBIC,Throughput,HTTP/2
2025-04-30 23:09:50,stallRate,38.8670001029968,0.0,TheEmptinessMachine,CUBIC,Throughput,HTTP/2
2025-04-30 23:09:52,stallRate,40.8670001029968,0.0,TheEmptinessMachine,CUBIC,Throughput,HTTP/2
2025-04-30 23:09:54,stallRate,42.8680000305176,0.0,TheEmptinessMachine,CUBIC,Throughput,HTTP/2
2025-04-30 23:09:56,stallRate,44.8680000305176,0.0,TheEmptinessMachine,CUBIC,Throughput,HTTP/2
2025-04-30 23:09:58,stallRate,46.8680000305176,0.0,TheEmptinessMachine,CUBIC,Throughput,HTTP/2
2025-04-30 23:10:00,stallRate,48.8680000305176,0.0,TheEmptinessMachine,CUBIC,Throughput,HTTP/2
2025-04-30 23:10:02,stallRate,50.8680000305176,0.0,TheEmptinessMachine,CUBIC,Throughput,HTTP/2
2025-04-30 23:10:04,stallRate,52.8680000305176,0.0,TheEmptinessMachine,CUBIC,Throughput,HTTP/2
2025-04-30 23:10:06,stallRate,54.8670001029968,0.0,TheEmptinessMachine,CUBIC,Throughput,HTTP/2
2025-04-30 23:10:08,stallRate,56.8680000305176,0.0,TheEmptinessMachine,CUBIC,Throughput,HTTP/2
2025-04-30 23:10:10,stallRate,58.8680000305176,0.137017072147251,TheEmptinessMachine,CUBIC,Throughput,HTTP/2
2025-04-30 23:10:12,stallRate,60.8680000305176,0.131936589480571,TheEmptinessMachine,CUBIC,Throughput,HTTP/2
2025-04-30 23:10:14,stallRate,62.8680000305176,0.12719676264301,TheEmptinessMachine,CUBIC,Throughput,HTTP/2
2025-04-30 23:10:16,stallRate,64.8680000305176,0.122760845638122,TheEmptinessMachine,CUBIC,Throughput,HTTP/2
2025-04-30 23:10:18,stallRate,66.8680000305176,0.118652955117243,TheEmptinessMachine,CUBIC,Throughput,HTTP/2
2025-04-30 23:10:20,stallRate,68.8680000305176,0.114817449737115,TheEmptinessMachine,CUBIC,Throughput,HTTP/2
2025-04-30 23:10:22,stallRate,70.8680000305176,0.11120688306053,TheEmptinessMachine,CUBIC,Throughput,HTTP/2
2025-04-30 23:10:24,stallRate,72.8680000305176,0.107809660213068,TheEmptinessMachine,CUBIC,Throughput,HTTP/2
2025-04-30 23:10:26,stallRate,74.8680000305176,0.10462297293658,TheEmptinessMachine,CUBIC,Throughput,HTTP/2
2025-04-30 23:10:28,stallRate,76.8680000305176,0.10160823738127,TheEmptinessMachine,CUBIC,Throughput,HTTP/2
2025-04-30 23:10:30,stallRate,78.8680000305176,0.0987628391998152,TheEmptinessMachine,CUBIC,Throughput,HTTP/2
2025-04-30 23:10:32,stallRate,80.8680000305176,0.0960970495464324,TheEmptinessMachine,CUBIC,Throughput,HTTP/2
2025-04-30 23:10:34,stallRate,82.8680000305176,0.0935630436404614,TheEmptinessMachine,CUBIC,Throughput,HTTP/2
2025-04-30 23:10:36,stallRate,84.8680000305176,0.0911477075984903,TheEmptinessMachine,CUBIC,Throughput,HTTP/2
2025-04-30 23:10:38,stallRate,86.8680000305176,0.0888600196983351,TheEmptinessMachine,CUBIC,Throughput,HTTP/2
2025-04-30 23:10:40,stallRate,88.8680000305176,0.0866848241135794,TheEmptinessMachine,CUBIC,Throughput,HTTP/2
2025-04-30 23:10:42,stallRate,90.8680000305176,0.0846138720607196,TheEmptinessMachine,CUBIC,Throughput,HTTP/2
2025-04-30 23:10:44,stallRate,92.8680000305176,0.0826434762500757,TheEmptinessMachine,CUBIC,Throughput,HTTP/2
2025-04-30 23:10:46,stallRate,94.8670001029968,0.0807547751872846,TheEmptinessMachine,CUBIC,Throughput,HTTP/2
2025-04-30 23:10:48,stallRate,96.8670001029968,0.0789478922134031,TheEmptinessMachine,CUBIC,Throughput,HTTP/2
2025-04-30 23:10:50,stallRate,98.8680000305176,0.0772249523125244,TheEmptinessMachine,CUBIC,Throughput,HTTP/2
2025-04-30 23:10:52,stallRate,100.868000030518,0.0755767619742879,TheEmptinessMachine,CUBIC,Throughput,HTTP/2
2025-04-30 23:10:54,stallRate,102.868000030518,0.0740062002112535,TheEmptinessMachine,CUBIC,Throughput,HTTP/2
2025-04-30 23:10:56,stallRate,104.867000102997,0.0724926875786649,TheEmptinessMachine,CUBIC,Throughput,HTTP/2
2025-04-30 23:10:58,stallRate,106.868000030518,0.0710314239277491,TheEmptinessMachine,CUBIC,Throughput,HTTP/2
2025-04-30 23:11:00,stallRate,108.867000102997,0.0696375042310157,TheEmptinessMachine,CUBIC,Throughput,HTTP/2
2025-04-30 23:11:02,stallRate,110.868000030518,0.0682911319991297,TheEmptinessMachine,CUBIC,Throughput,HTTP/2
2025-04-30 23:11:04,stallRate,112.868000030518,0.0670017726861721,TheEmptinessMachine,CUBIC,Throughput,HTTP/2
2025-04-30 23:11:06,stallRate,114.868000030518,0.0657616635666927,TheEmptinessMachine,CUBIC,Throughput,HTTP/2
2025-04-30 23:11:08,stallRate,116.868000030518,0.0645604895102347,TheEmptinessMachine,CUBIC,Throughput,HTTP/2
2025-04-30 23:11:10,stallRate,118.868000030518,0.0634007501482026,TheEmptinessMachine,CUBIC,Throughput,HTTP/2
2025-04-30 23:11:12,stallRate,120.868000030518,0.0622847990886548,TheEmptinessMachine,CUBIC,Throughput,HTTP/2
2025-04-30 23:11:14,stallRate,122.868000030518,0.0612101611954217,TheEmptinessMachine,CUBIC,Throughput,HTTP/2
2025-04-30 23:11:16,stallRate,124.868000030518,0.0601718262565894,TheEmptinessMachine,CUBIC,Throughput,HTTP/2
2025-04-30 23:11:18,stallRate,126.868000030518,0.0591612825278811,TheEmptinessMachine,CUBIC,Throughput,HTTP/2
2025-04-30 23:11:20,stallRate,128.868000030518,0.0581873090052095,TheEmptinessMachine,CUBIC,Throughput,HTTP/2
2025-04-30 23:11:22,stallRate,130.868000030518,0.0572457280371579,TheEmptinessMachine,CUBIC,Throughput,HTTP/2
2025-04-30 23:11:24,stallRate,132.868000030518,0.056334930126522,TheEmptinessMachine,CUBIC,Throughput,HTTP/2
2025-04-30 23:11:26,stallRate,134.868000030518,0.0554544412722007,TheEmptinessMachine,CUBIC,Throughput,HTTP/2
2025-04-30 23:11:28,stallRate,136.868000030518,0.0545981421709765,TheEmptinessMachine,CUBIC,Throughput,HTTP/2
2025-04-30 23:11:30,stallRate,138.867000102997,0.0537710356369871,TheEmptinessMachine,CUBIC,Throughput,HTTP/2
2025-04-30 23:11:32,stallRate,140.868000030518,0.0529646863467235,TheEmptinessMachine,CUBIC,Throughput,HTTP/2
2025-04-30 23:11:34,stallRate,142.868000030518,0.0521862408388875,TheEmptinessMachine,CUBIC,Throughput,HTTP/2
2025-04-30 23:11:36,stallRate,144.868000030518,0.0514266534488112,TheEmptinessMachine,CUBIC,Throughput,HTTP/2
2025-04-30 23:11:38,stallRate,146.868000030518,0.0506906624212858,TheEmptinessMachine,CUBIC,Throughput,HTTP/2
2025-04-30 23:11:40,stallRate,148.868000030518,0.0499753200954595,TheEmptinessMachine,CUBIC,Throughput,HTTP/2
2025-04-30 23:11:42,stallRate,150.868000030518,0.0492799805042042,TheEmptinessMachine,CUBIC,Throughput,HTTP/2
2025-04-30 23:11:44,stallRate,152.868000030518,0.0486012508499861,TheEmptinessMachine,CUBIC,Throughput,HTTP/2
2025-04-30 23:11:46,stallRate,154.868000030518,0.0479406894021506,TheEmptinessMachine,CUBIC,Throughput,HTTP/2
2025-04-30 23:11:48,stallRate,156.868000030518,0.0473032984182479,TheEmptinessMachine,CUBIC,Throughput,HTTP/2
2025-04-30 23:11:50,stallRate,158.868000030518,0.0466799178714363,TheEmptinessMachine,CUBIC,Throughput,HTTP/2
2025-04-30 23:11:52,stallRate,160.868000030518,0.0460729262951726,TheEmptinessMachine,CUBIC,Throughput,HTTP/2
2025-04-30 23:11:54,stallRate,162.867000102997,0.0454811643143421,TheEmptinessMachine,CUBIC,Throughput,HTTP/2
2025-04-30 23:11:56,stallRate,164.867000102997,0.0449053065038379,TheEmptinessMachine,CUBIC,Throughput,HTTP/2
2025-04-30 23:11:58,stallRate,166.867000102997,0.0443412093114179,TheEmptinessMachine,CUBIC,Throughput,HTTP/2
2025-04-30 23:12:00,stallRate,168.868000030518,0.0437937116739345,TheEmptinessMachine,CUBIC,Throughput,HTTP/2
2025-04-30 23:12:02,stallRate,170.868000030518,0.0432575268781114,TheEmptinessMachine,CUBIC,Throughput,HTTP/2
2025-04-30 23:12:04,stallRate,172.868000030518,0.0427367522342808,TheEmptinessMachine,CUBIC,Throughput,HTTP/2
2025-04-30 23:12:06,stallRate,174.868000030518,0.0422260117200365,TheEmptinessMachine,CUBIC,Throughput,HTTP/2
2025-04-30 23:12:08,stallRate,176.867000102997,0.0417285596079254,TheEmptinessMachine,CUBIC,Throughput,HTTP/2
2025-04-30 23:12:10,stallRate,178.868000030518,0.0412449607291507,TheEmptinessMachine,CUBIC,Throughput,HTTP/2
2025-04-30 23:12:12,stallRate,180.868000030518,0.0407694219505821,TheEmptinessMachine,CUBIC,Throughput,HTTP/2
2025-04-30 23:12:14,stallRate,182.867000102997,0.0403056814746327,TheEmptinessMachine,CUBIC,Throughput,HTTP/2
2025-04-30 23:12:16,stallRate,184.868000030518,0.0398502284307442,TheEmptinessMachine,CUBIC,Throughput,HTTP/2
2025-04-30 23:12:18,stallRate,186.868000030518,0.039404905556213,TheEmptinessMachine,CUBIC,Throughput,HTTP/2
2025-04-30 23:12:20,stallRate,188.867000102997,0.0389708871933876,TheEmptinessMachine,CUBIC,Throughput,HTTP/2
2025-04-30 23:12:22,stallRate,190.867000102997,0.0385490839153267,TheEmptinessMachine,CUBIC,Throughput,HTTP/2
2025-04-30 23:12:24,stallRate,192.868000030518,0.0381332307741566,TheEmptinessMachine,CUBIC,Throughput,HTTP/2
2025-04-30 23:12:26,stallRate,194.868000030518,0.0377248241651578,TheEmptinessMachine,CUBIC,Throughput,HTTP/2
2025-04-30 23:12:28,stallRate,196.868000030518,0.0373273367478288,TheEmptinessMachine,CUBIC,Throughput,HTTP/2
2025-04-30 23:12:30,stallRate,198.868000030518,0.0369390910529379,TheEmptinessMachine,CUBIC,Throughput,HTTP/2
2025-04-30 23:12:32,stallRate,200.868000030518,0.0365570396246694,TheEmptinessMachine,CUBIC,Throughput,HTTP/2
2025-04-30 23:13:17,stallRate,6.10999989509583,0.0,TheEmptinessMachine,CUBIC,Throughput,HTTP/3
2025-04-30 23:13:19,stallRate,8.09899997711182,0.0,TheEmptinessMachine,CUBIC,Throughput,HTTP/3
2025-04-30 23:13:21,stallRate,10.0989999771118,0.0,TheEmptinessMachine,CUBIC,Throughput,HTTP/3
2025-04-30 23:13:27,stallRate,16.0989999771118,0.0,TheEmptinessMachine,CUBIC,Throughput,HTTP/3
2025-04-30 23:13:29,stallRate,18.0989999771118,0.0,TheEmptinessMachine,CUBIC,Throughput,HTTP/3
2025-04-30 23:13:31,stallRate,20.0989999771118,0.0,TheEmptinessMachine,CUBIC,Throughput,HTTP/3
2025-04-30 23:13:35,stallRate,24.0989999771118,0.0,TheEmptinessMachine,CUBIC,Throughput,HTTP/3
2025-04-30 23:13:37,stallRate,26.0989999771118,0.0,TheEmptinessMachine,CUBIC,Throughput,HTTP/3
2025-04-30 23:13:41,stallRate,30.0989999771118,0.0,TheEmptinessMachine,CUBIC,Throughput,HTTP/3
2025-04-30 23:13:43,stallRate,32.0980000495911,0.0,TheEmptinessMachine,CUBIC,Throughput,HTTP/3
2025-04-30 23:13:47,stallRate,36.0989999771118,0.0,TheEmptinessMachine,CUBIC,Throughput,HTTP/3
2025-04-30 23:13:49,stallRate,38.0989999771118,0.0,TheEmptinessMachine,CUBIC,Throughput,HTTP/3
2025-04-30 23:13:51,stallRate,40.0989999771118,0.0,TheEmptinessMachine,CUBIC,Throughput,HTTP/3
2025-04-30 23:13:53,stallRate,42.0989999771118,0.0,TheEmptinessMachine,CUBIC,Throughput,HTTP/3
2025-04-30 23:13:55,stallRate,44.0989999771118,0.0,TheEmptinessMachine,CUBIC,Throughput,HTTP/3
2025-04-30 23:13:57,stallRate,46.0989999771118,0.0,TheEmptinessMachine,CUBIC,Throughput,HTTP/3
2025-04-30 23:13:59,stallRate,48.0989999771118,0.0,TheEmptinessMachine,CUBIC,Throughput,HTTP/3
2025-04-30 23:14:01,stallRate,50.0989999771118,0.0,TheEmptinessMachine,CUBIC,Throughput,HTTP/3
2025-04-30 23:14:05,stallRate,54.0989999771118,5.5848383294135,TheEmptinessMachine,CUBIC,Throughput,HTTP/3
2025-04-30 23:14:07,stallRate,56.0989999771118,5.36434452280582,TheEmptinessMachine,CUBIC,Throughput,HTTP/3
2025-04-30 23:14:09,stallRate,58.0989999771118,5.16170959849441,TheEmptinessMachine,CUBIC,Throughput,HTTP/3
2025-04-30 23:14:11,stallRate,60.0989999771118,4.97259827483966,TheEmptinessMachine,CUBIC,Throughput,HTTP/3
2025-04-30 23:14:13,stallRate,62.0989999771118,4.79613606191404,TheEmptinessMachine,CUBIC,Throughput,HTTP/3
2025-04-30 23:14:15,stallRate,64.0989999771118,4.63321313979246,TheEmptinessMachine,CUBIC,Throughput,HTTP/3
2025-04-30 23:14:17,stallRate,66.0989999771118,4.48065320898545,TheEmptinessMachine,CUBIC,Throughput,HTTP/3
2025-04-30 23:14:19,stallRate,68.0989999771118,4.33720402852665,TheEmptinessMachine,CUBIC,Throughput,HTTP/3
2025-04-30 23:14:21,stallRate,70.0989999771118,4.20279238971286,TheEmptinessMachine,CUBIC,Throughput,HTTP/3
2025-04-30 23:14:23,stallRate,72.0989999771118,4.07663093895508,TheEmptinessMachine,CUBIC,Throughput,HTTP/3
2025-04-30 23:14:25,stallRate,74.0989999771118,3.95807638128853,TheEmptinessMachine,CUBIC,Throughput,HTTP/3
2025-04-30 23:14:27,stallRate,76.0989999771118,3.84575202435248,TheEmptinessMachine,CUBIC,Throughput,HTTP/3
2025-04-30 23:14:29,stallRate,78.0989999771118,3.74012849385576,TheEmptinessMachine,CUBIC,Throughput,HTTP/3
2025-04-30 23:14:31,stallRate,80.0989999771118,3.63971679868622,TheEmptinessMachine,CUBIC,Throughput,HTTP/3
2025-04-30 23:14:33,stallRate,82.0989999771118,3.54498600285044,TheEmptinessMachine,CUBIC,Throughput,HTTP/3
2025-04-30 23:14:35,stallRate,84.0989999771118,3.45466462180698,TheEmptinessMachine,CUBIC,Throughput,HTTP/3
2025-04-30 23:14:37,stallRate,86.0989999771118,3.36903138487711,TheEmptinessMachine,CUBIC,Throughput,HTTP/3
2025-04-30 23:14:39,stallRate,88.0989999771118,3.28725279226838,TheEmptinessMachine,CUBIC,Throughput,HTTP/3
2025-04-30 23:14:41,stallRate,90.0989999771118,3.20929913856009,TheEmptinessMachine,CUBIC,Throughput,HTTP/3
2025-04-30 23:14:43,stallRate,92.0989999771118,3.13562156461469,TheEmptinessMachine,CUBIC,Throughput,HTTP/3
2025-04-30 23:14:45,stallRate,94.0989999771118,3.0650189221205,TheEmptinessMachine,CUBIC,Throughput,HTTP/3
2025-04-30 23:14:47,stallRate,96.0989999771118,2.99722871621777,TheEmptinessMachine,CUBIC,Throughput,HTTP/3
2025-04-30 23:14:49,stallRate,98.0989999771118,2.93254381813557,TheEmptinessMachine,CUBIC,Throughput,HTTP/3
2025-04-30 23:14:51,stallRate,100.098999977112,2.87035757957588,TheEmptinessMachine,CUBIC,Throughput,HTTP/3
2025-04-30 23:14:53,stallRate,102.098999977112,2.81109371596709,TheEmptinessMachine,CUBIC,Throughput,HTTP/3
2025-04-30 23:14:55,stallRate,104.098999977112,2.75397760218498,TheEmptinessMachine,CUBIC,Throughput,HTTP/3
2025-04-30 23:15:01,stallRate,110.098999977112,3.25468337350932,TheEmptinessMachine,CUBIC,Throughput,HTTP/3
2025-04-30 23:15:03,stallRate,112.098999977112,3.19231710648825,TheEmptinessMachine,CUBIC,Throughput,HTTP/3
2025-04-30 23:15:15,stallRate,124.098999977112,3.21700964355112,TheEmptinessMachine,CUBIC,Throughput,HTTP/3
2025-04-30 23:15:17,stallRate,126.098999977112,3.16245207999003,TheEmptinessMachine,CUBIC,Throughput,HTTP/3
2025-04-30 23:15:19,stallRate,128.098999977112,3.1098350310917,TheEmptinessMachine,CUBIC,Throughput,HTTP/3
2025-04-30 23:15:21,stallRate,130.098999977112,3.05895673742483,TheEmptinessMachine,CUBIC,Throughput,HTTP/3
2025-04-30 23:15:23,stallRate,132.098999977112,3.00943545961172,TheEmptinessMachine,CUBIC,Throughput,HTTP/3
2025-04-30 23:15:25,stallRate,134.098999977112,2.9616785493208,TheEmptinessMachine,CUBIC,Throughput,HTTP/3
2025-04-30 23:15:27,stallRate,136.098999977112,2.91572946001961,TheEmptinessMachine,CUBIC,Throughput,HTTP/3
2025-04-30 23:15:31,stallRate,140.098999977112,2.8275092592325,TheEmptinessMachine,CUBIC,Throughput,HTTP/3
2025-04-30 23:15:39,stallRate,148.098999977112,2.66626707012679,TheEmptinessMachine,CUBIC,Throughput,HTTP/3
2025-04-30 23:15:41,stallRate,150.098999977112,2.62864285268351,TheEmptinessMachine,CUBIC,Throughput,HTTP/3
2025-04-30 23:15:43,stallRate,152.098999977112,2.59215988156481,TheEmptinessMachine,CUBIC,Throughput,HTTP/3
2025-04-30 23:15:45,stallRate,154.098999977112,2.55670427804227,TheEmptinessMachine,CUBIC,Throughput,HTTP/3
2025-04-30 23:15:47,stallRate,156.098999977112,2.5222179163896,TheEmptinessMachine,CUBIC,Throughput,HTTP/3
2025-04-30 23:15:49,stallRate,158.098999977112,2.48871634913159,TheEmptinessMachine,CUBIC,Throughput,HTTP/3
2025-04-30 23:15:51,stallRate,160.098999977112,2.45597380366434,TheEmptinessMachine,CUBIC,Throughput,HTTP/3
2025-04-30 23:15:53,stallRate,162.098999977112,2.42420383206417,TheEmptinessMachine,CUBIC,Throughput,HTTP/3
2025-04-30 23:15:55,stallRate,164.098999977112,2.39328584254432,TheEmptinessMachine,CUBIC,Throughput,HTTP/3
2025-04-30 23:15:57,stallRate,166.098999977112,2.36283366611671,TheEmptinessMachine,CUBIC,Throughput,HTTP/3
2025-04-30 23:15:59,stallRate,168.098999977112,2.33329217227441,TheEmptinessMachine,CUBIC,Throughput,HTTP/3
2025-04-30 23:16:01,stallRate,170.098999977112,2.30457254130758,TheEmptinessMachine,CUBIC,Throughput,HTTP/3
2025-04-30 23:16:03,stallRate,172.098999977112,2.27646045807669,TheEmptinessMachine,CUBIC,Throughput,HTTP/3
2025-04-30 23:16:05,stallRate,174.098999977112,2.24897753185721,TheEmptinessMachine,CUBIC,Throughput,HTTP/3
2025-04-30 23:16:07,stallRate,176.098999977112,2.22239140574343,TheEmptinessMachine,CUBIC,Throughput,HTTP/3
2025-04-30 23:16:09,stallRate,178.098999977112,2.19633114881073,TheEmptinessMachine,CUBIC,Throughput,HTTP/3
2025-04-30 23:16:11,stallRate,180.098000049591,2.17077246634823,TheEmptinessMachine,CUBIC,Throughput,HTTP/3
2025-04-30 23:16:13,stallRate,182.098999977112,2.1458503825408,TheEmptinessMachine,CUBIC,Throughput,HTTP/3
2025-04-30 23:16:15,stallRate,184.098999977112,2.12140932533066,TheEmptinessMachine,CUBIC,Throughput,HTTP/3
2025-04-30 23:16:17,stallRate,186.098999977112,2.0976445014891,TheEmptinessMachine,CUBIC,Throughput,HTTP/3
2025-04-30 23:16:20,stallRate,188.888999938965,2.07240338263905,TheEmptinessMachine,CUBIC,Throughput,HTTP/3
2025-04-30 23:16:21,stallRate,190.098999977112,2.06181857681937,TheEmptinessMachine,CUBIC,Throughput,HTTP/3
2025-04-30 23:16:23,stallRate,192.098999977112,2.03815086959177,TheEmptinessMachine,CUBIC,Throughput,HTTP/3
2025-04-30 23:16:25,stallRate,194.098999977112,2.01545429978804,TheEmptinessMachine,CUBIC,Throughput,HTTP/3
2025-04-30 23:16:27,stallRate,196.098999977112,1.99395668716456,TheEmptinessMachine,CUBIC,Throughput,HTTP/3
2025-04-30 23:16:29,stallRate,198.098999977112,1.97348681044623,TheEmptinessMachine,CUBIC,Throughput,HTTP/3
2025-04-30 23:17:20,stallRate,4.2960000038147,0.0,TheEmptinessMachine,BBR,Dynamic,HTTP/1.1
2025-04-30 23:17:22,stallRate,6.29499983787537,0.0,TheEmptinessMachine,BBR,Dynamic,HTTP/1.1
2025-04-30 23:17:24,stallRate,8.29499983787537,0.0,TheEmptinessMachine,BBR,Dynamic,HTTP/1.1
2025-04-30 23:17:26,stallRate,10.2949998378754,0.0,TheEmptinessMachine,BBR,Dynamic,HTTP/1.1
2025-04-30 23:17:28,stallRate,12.2949998378754,0.0,TheEmptinessMachine,BBR,Dynamic,HTTP/1.1
2025-04-30 23:17:30,stallRate,14.2949998378754,0.588092655360867,TheEmptinessMachine,BBR,Dynamic,HTTP/1.1
2025-04-30 23:17:32,stallRate,16.2949998378754,0.249492471203134,TheEmptinessMachine,BBR,Dynamic,HTTP/1.1
2025-04-30 23:17:34,stallRate,18.2960000038147,0.157183242111522,TheEmptinessMachine,BBR,Dynamic,HTTP/1.1
2025-04-30 23:17:36,stallRate,20.2960000038147,0.110670534757309,TheEmptinessMachine,BBR,Dynamic,HTTP/1.1
2025-04-30 23:17:38,stallRate,22.2949998378754,0.0852546780517099,TheEmptinessMachine,BBR,Dynamic,HTTP/1.1
2025-04-30 23:17:40,stallRate,24.2949998378754,2.01109528164527,TheEmptinessMachine,BBR,Dynamic,HTTP/1.1
2025-04-30 23:17:46,stallRate,30.2949998378754,20.4100447523533,TheEmptinessMachine,BBR,Dynamic,HTTP/1.1
2025-04-30 23:17:48,stallRate,32.2960000038147,18.1974148888783,TheEmptinessMachine,BBR,Dynamic,HTTP/1.1
2025-04-30 23:17:50,stallRate,34.2960000038147,16.4323467284163,TheEmptinessMachine,BBR,Dynamic,HTTP/1.1
2025-04-30 23:17:52,stallRate,36.2949998378754,14.9989438598328,TheEmptinessMachine,BBR,Dynamic,HTTP/1.1
2025-04-30 23:17:54,stallRate,38.2960000038147,13.7786650258985,TheEmptinessMachine,BBR,Dynamic,HTTP/1.1
2025-04-30 23:17:58,stallRate,42.2949998378754,13.8124707870314,TheEmptinessMachine,BBR,Dynamic,HTTP/1.1
2025-04-30 23:18:00,stallRate,44.2949998378754,13.1172367003172,TheEmptinessMachine,BBR,Dynamic,HTTP/1.1
2025-04-30 23:18:02,stallRate,46.2949998378754,12.3279398254481,TheEmptinessMachine,BBR,Dynamic,HTTP/1.1
2025-04-30 23:18:04,stallRate,48.2960000038147,11.6240285279957,TheEmptinessMachine,BBR,Dynamic,HTTP/1.1
2025-04-30 23:18:06,stallRate,50.2960000038147,10.9969646911052,TheEmptinessMachine,BBR,Dynamic,HTTP/1.1
2025-04-30 23:18:08,stallRate,52.2969999313354,10.4328739458987,TheEmptinessMachine,BBR,Dynamic,HTTP/1.1
2025-04-30 23:18:10,stallRate,54.3029999732971,9.91735415724145,TheEmptinessMachine,BBR,Dynamic,HTTP/1.1
2025-04-30 23:18:12,stallRate,56.2949998378754,9.45373059134026,TheEmptinessMachine,BBR,Dynamic,HTTP/1.1
2025-04-30 23:18:14,stallRate,58.2949998378754,9.03306711689332,TheEmptinessMachine,BBR,Dynamic,HTTP/1.1
2025-04-30 23:18:16,stallRate,60.2960000038147,8.64316579535807,TheEmptinessMachine,BBR,Dynamic,HTTP/1.1
2025-04-30 23:18:18,stallRate,62.2949998378754,8.29056479053326,TheEmptinessMachine,BBR,Dynamic,HTTP/1.1
2025-04-30 23:18:20,stallRate,64.2960000038147,7.96381193501865,TheEmptinessMachine,BBR,Dynamic,HTTP/1.1
2025-04-30 23:18:22,stallRate,66.2960000038147,7.6632537094708,TheEmptinessMachine,BBR,Dynamic,HTTP/1.1
2025-04-30 23:18:24,stallRate,68.2949998378754,7.38533898663062,TheEmptinessMachine,BBR,Dynamic,HTTP/1.1
2025-04-30 23:18:26,stallRate,70.2960000038147,7.12405323209225,TheEmptinessMachine,BBR,Dynamic,HTTP/1.1
2025-04-30 23:18:28,stallRate,72.2949998378754,6.8831737795146,TheEmptinessMachine,BBR,Dynamic,HTTP/1.1
2025-04-30 23:18:30,stallRate,74.2960000038147,6.65448570607906,TheEmptinessMachine,BBR,Dynamic,HTTP/1.1
2025-04-30 23:18:32,stallRate,76.2960000038147,6.4433977232483,TheEmptinessMachine,BBR,Dynamic,HTTP/1.1
2025-04-30 23:18:34,stallRate,78.2960000038147,6.24622956309965,TheEmptinessMachine,BBR,Dynamic,HTTP/1.1
2025-04-30 23:18:36,stallRate,80.2960000038147,6.05772901285292,TheEmptinessMachine,BBR,Dynamic,HTTP/1.1
2025-04-30 23:18:38,stallRate,82.2949998378754,5.88203903075402,TheEmptinessMachine,BBR,Dynamic,HTTP/1.1
2025-04-30 23:18:40,stallRate,84.2960000038147,5.71667158931829,TheEmptinessMachine,BBR,Dynamic,HTTP/1.1
2025-04-30 23:18:42,stallRate,86.2960000038147,5.55880267195847,TheEmptinessMachine,BBR,Dynamic,HTTP/1.1
2025-04-30 23:18:44,stallRate,88.2960000038147,5.4112502760458,TheEmptinessMachine,BBR,Dynamic,HTTP/1.1
2025-04-30 23:18:46,stallRate,90.2960000038147,5.26946077857744,TheEmptinessMachine,BBR,Dynamic,HTTP/1.1
2025-04-30 23:18:48,stallRate,92.2960000038147,5.13596022763004,TheEmptinessMachine,BBR,Dynamic,HTTP/1.1
2025-04-30 23:18:50,stallRate,94.2960000038147,5.00902490563014,TheEmptinessMachine,BBR,Dynamic,HTTP/1.1
2025-04-30 23:18:52,stallRate,96.2949998378754,4.8872875127141,TheEmptinessMachine,BBR,Dynamic,HTTP/1.1
2025-04-30 23:18:54,stallRate,98.2960000038147,4.77279070043088,TheEmptinessMachine,BBR,Dynamic,HTTP/1.1
2025-04-30 23:18:56,stallRate,100.294999837875,4.66295593583798,TheEmptinessMachine,BBR,Dynamic,HTTP/1.1
2025-04-30 23:18:58,stallRate,102.294999837875,4.55823466514314,TheEmptinessMachine,BBR,Dynamic,HTTP/1.1
2025-04-30 23:19:00,stallRate,104.296000003815,4.45789615359803,TheEmptinessMachine,BBR,Dynamic,HTTP/1.1
2025-04-30 23:19:02,stallRate,106.296000003815,4.36104370414793,TheEmptinessMachine,BBR,Dynamic,HTTP/1.1
2025-04-30 23:19:04,stallRate,108.294999837875,4.26933624145406,TheEmptinessMachine,BBR,Dynamic,HTTP/1.1
2025-04-30 23:19:06,stallRate,110.294999837875,4.18154764672899,TheEmptinessMachine,BBR,Dynamic,HTTP/1.1
2025-04-30 23:19:08,stallRate,112.296000003815,4.09631033183149,TheEmptinessMachine,BBR,Dynamic,HTTP/1.1
2025-04-30 23:19:10,stallRate,114.296000003815,4.0154165414342,TheEmptinessMachine,BBR,Dynamic,HTTP/1.1
2025-04-30 23:19:12,stallRate,116.296000003815,3.9372328546078,TheEmptinessMachine,BBR,Dynamic,HTTP/1.1
2025-04-30 23:19:14,stallRate,118.296000003815,3.8623289839145,TheEmptinessMachine,BBR,Dynamic,HTTP/1.1
2025-04-30 23:19:16,stallRate,120.294999837875,3.79043860108791,TheEmptinessMachine,BBR,Dynamic,HTTP/1.1
2025-04-30 23:19:18,stallRate,122.296000003815,3.72042879411267,TheEmptinessMachine,BBR,Dynamic,HTTP/1.1
2025-04-30 23:19:20,stallRate,124.294999837875,3.6530813427701,TheEmptinessMachine,BBR,Dynamic,HTTP/1.1
2025-04-30 23:19:22,stallRate,126.296000003815,3.58848382548853,TheEmptinessMachine,BBR,Dynamic,HTTP/1.1
2025-04-30 23:19:24,stallRate,128.296000003815,3.52566011749492,TheEmptinessMachine,BBR,Dynamic,HTTP/1.1
2025-04-30 23:19:26,stallRate,130.294999837875,3.4654755349025,TheEmptinessMachine,BBR,Dynamic,HTTP/1.1
2025-04-30 23:19:28,stallRate,132.296000003815,3.40683849302107,TheEmptinessMachine,BBR,Dynamic,HTTP/1.1
2025-04-30 23:19:30,stallRate,134.294999837875,3.35084726610956,TheEmptinessMachine,BBR,Dynamic,HTTP/1.1
2025-04-30 23:19:32,stallRate,136.296000003815,3.29622342926376,TheEmptinessMachine,BBR,Dynamic,HTTP/1.1
2025-04-30 23:19:34,stallRate,138.296000003815,3.24328707470663,TheEmptinessMachine,BBR,Dynamic,HTTP/1.1
2025-04-30 23:19:36,stallRate,140.294999837875,3.19235665052255,TheEmptinessMachine,BBR,Dynamic,HTTP/1.1
2025-04-30 23:19:38,stallRate,142.296000003815,3.14224226373118,TheEmptinessMachine,BBR,Dynamic,HTTP/1.1
2025-04-30 23:19:40,stallRate,144.294999837875,3.09444465210249,TheEmptinessMachine,BBR,Dynamic,HTTP/1.1
2025-04-30 23:19:42,stallRate,146.296000003815,3.04822653526255,TheEmptinessMachine,BBR,Dynamic,HTTP/1.1
2025-04-30 23:19:44,stallRate,148.294999837875,3.00281777567763,TheEmptinessMachine,BBR,Dynamic,HTTP/1.1
2025-04-30 23:19:46,stallRate,150.296000003815,2.95914937594906,TheEmptinessMachine,BBR,Dynamic,HTTP/1.1
2025-04-30 23:19:48,stallRate,152.294999837875,2.91658323409848,TheEmptinessMachine,BBR,Dynamic,HTTP/1.1
2025-04-30 23:19:50,stallRate,154.296000003815,2.87474639426486,TheEmptinessMachine,BBR,Dynamic,HTTP/1.1
2025-04-30 23:19:52,stallRate,156.296000003815,2.83463134617396,TheEmptinessMachine,BBR,Dynamic,HTTP/1.1
2025-04-30 23:19:54,stallRate,158.296000003815,2.79530975126315,TheEmptinessMachine,BBR,Dynamic,HTTP/1.1
2025-04-30 23:19:56,stallRate,160.296000003815,2.75731290327015,TheEmptinessMachine,BBR,Dynamic,HTTP/1.1
2025-04-30 23:19:58,stallRate,162.296000003815,2.72053726018863,TheEmptinessMachine,BBR,Dynamic,HTTP/1.1
2025-04-30 23:20:00,stallRate,164.296000003815,2.68412904826705,TheEmptinessMachine,BBR,Dynamic,HTTP/1.1
2025-04-30 23:20:02,stallRate,166.296000003815,2.6490610490399,TheEmptinessMachine,BBR,Dynamic,HTTP/1.1
2025-04-30 23:20:04,stallRate,168.296000003815,2.61496999628893,TheEmptinessMachine,BBR,Dynamic,HTTP/1.1
2025-04-30 23:20:06,stallRate,170.294999837875,2.58147831996263,TheEmptinessMachine,BBR,Dynamic,HTTP/1.1
2025-04-30 23:20:08,stallRate,172.296000003815,2.54905918939043,TheEmptinessMachine,BBR,Dynamic,HTTP/1.1
2025-04-30 23:20:10,stallRate,174.296000003815,2.5170342946062,TheEmptinessMachine,BBR,Dynamic,HTTP/1.1
2025-04-30 23:20:12,stallRate,176.296000003815,2.48623880486455,TheEmptinessMachine,BBR,Dynamic,HTTP/1.1
2025-04-30 23:20:14,stallRate,178.294999837875,2.45637249463652,TheEmptinessMachine,BBR,Dynamic,HTTP/1.1
2025-04-30 23:20:16,stallRate,180.294999837875,2.42670181194329,TheEmptinessMachine,BBR,Dynamic,HTTP/1.1
2025-04-30 23:20:18,stallRate,182.294999837875,2.3980933247856,TheEmptinessMachine,BBR,Dynamic,HTTP/1.1
2025-04-30 23:20:20,stallRate,184.296000003815,2.36988914908038,TheEmptinessMachine,BBR,Dynamic,HTTP/1.1
2025-04-30 23:20:22,stallRate,186.296000003815,2.34259191313716,TheEmptinessMachine,BBR,Dynamic,HTTP/1.1
2025-04-30 23:20:24,stallRate,188.296000003815,2.31578397516781,TheEmptinessMachine,BBR,Dynamic,HTTP/1.1
2025-04-30 23:20:26,stallRate,190.296000003815,2.28954856680221,TheEmptinessMachine,BBR,Dynamic,HTTP/1.1
2025-04-30 23:20:28,stallRate,192.296000003815,2.26409068456618,TheEmptinessMachine,BBR,Dynamic,HTTP/1.1
2025-04-30 23:20:30,stallRate,194.296000003815,2.23909115454017,TheEmptinessMachine,BBR,Dynamic,HTTP/1.1
2025-04-30 23:20:32,stallRate,196.294999837875,2.21434057605744,TheEmptinessMachine,BBR,Dynamic,HTTP/1.1
2025-04-30 23:20:34,stallRate,198.296000003815,2.19049556931754,TheEmptinessMachine,BBR,Dynamic,HTTP/1.1
2025-04-30 23:20:36,stallRate,200.296000003815,2.1667931249353,TheEmptinessMachine,BBR,Dynamic,HTTP/1.1
2025-04-30 23:20:38,stallRate,202.294999837875,2.14394941887925,TheEmptinessMachine,BBR,Dynamic,HTTP/1.1
2025-04-30 23:20:40,stallRate,204.294999837875,2.12168872441113,TheEmptinessMachine,BBR,Dynamic,HTTP/1.1
2025-04-30 23:20:42,stallRate,206.296000003815,2.0995095657747,TheEmptinessMachine,BBR,Dynamic,HTTP/1.1
2025-04-30 23:21:22,stallRate,4.11199998855591,0.0,TheEmptinessMachine,BBR,Dynamic,HTTP/2
2025-04-30 23:21:24,stallRate,6.11199998855591,6.72596754553703,TheEmptinessMachine,BBR,Dynamic,HTTP/2
2025-04-30 23:21:26,stallRate,8.11199998855591,4.05900858091686,TheEmptinessMachine,BBR,Dynamic,HTTP/2
2025-04-30 23:21:36,stallRate,18.1119999885559,29.2177699222741,TheEmptinessMachine,BBR,Dynamic,HTTP/2
2025-04-30 23:21:40,stallRate,22.1119999885559,24.4557884242505,TheEmptinessMachine,BBR,Dynamic,HTTP/2
2025-04-30 23:21:42,stallRate,24.1119999885559,21.4279527455639,TheEmptinessMachine,BBR,Dynamic,HTTP/2
2025-04-30 23:21:44,stallRate,26.1119999885559,19.0729037830058,TheEmptinessMachine,BBR,Dynamic,HTTP/2
2025-04-30 23:21:46,stallRate,28.1119999885559,17.1806422092574,TheEmptinessMachine,BBR,Dynamic,HTTP/2
2025-04-30 23:21:48,stallRate,30.1119999885559,15.6361088384084,TheEmptinessMachine,BBR,Dynamic,HTTP/2
2025-04-30 23:21:50,stallRate,32.1119999885559,14.3414739278704,TheEmptinessMachine,BBR,Dynamic,HTTP/2
2025-04-30 23:21:52,stallRate,34.1119999885559,13.2448845168333,TheEmptinessMachine,BBR,Dynamic,HTTP/2
2025-04-30 23:21:54,stallRate,36.1119999885559,12.3104168670053,TheEmptinessMachine,BBR,Dynamic,HTTP/2
2025-04-30 23:21:56,stallRate,38.1119999885559,11.4954866743598,TheEmptinessMachine,BBR,Dynamic,HTTP/2
2025-04-30 23:21:58,stallRate,40.1119999885559,10.7819305542465,TheEmptinessMachine,BBR,Dynamic,HTTP/2
2025-04-30 23:22:00,stallRate,42.1119999885559,10.1545944778712,TheEmptinessMachine,BBR,Dynamic,HTTP/2
2025-04-30 23:22:02,stallRate,44.1119999885559,9.59011454232868,TheEmptinessMachine,BBR,Dynamic,HTTP/2
2025-04-30 23:22:04,stallRate,46.1119999885559,9.08714355727429,TheEmptinessMachine,BBR,Dynamic,HTTP/2
2025-04-30 23:22:06,stallRate,48.1129999160767,8.63609082295723,TheEmptinessMachine,BBR,Dynamic,HTTP/2
2025-04-30 23:22:08,stallRate,50.1119999885559,8.22612888624027,TheEmptinessMachine,BBR,Dynamic,HTTP/2
2025-04-30 23:22:10,stallRate,52.1119999885559,7.85492479616372,TheEmptinessMachine,BBR,Dynamic,HTTP/2
2025-04-30 23:22:12,stallRate,54.1119999885559,7.51422786758203,TheEmptinessMachine,BBR,Dynamic,HTTP/2
2025-04-30 23:22:14,stallRate,56.1119999885559,7.20253388749957,TheEmptinessMachine,BBR,Dynamic,HTTP/2
2025-04-30 23:22:16,stallRate,58.1119999885559,6.91560162637074,TheEmptinessMachine,BBR,Dynamic,HTTP/2
2025-04-30 23:22:18,stallRate,60.1119999885559,6.65065685512774,TheEmptinessMachine,BBR,Dynamic,HTTP/2
2025-04-30 23:22:20,stallRate,62.1129999160767,6.40576695832348,TheEmptinessMachine,BBR,Dynamic,HTTP/2
2025-04-30 23:22:22,stallRate,64.1129999160767,6.17707942083622,TheEmptinessMachine,BBR,Dynamic,HTTP/2
2025-04-30 23:22:24,stallRate,66.1119999885559,5.96416206857527,TheEmptinessMachine,BBR,Dynamic,HTTP/2
2025-04-30 23:22:26,stallRate,68.1119999885559,5.76608088508878,TheEmptinessMachine,BBR,Dynamic,HTTP/2
2025-04-30 23:22:28,stallRate,70.1119999885559,5.58182613119939,TheEmptinessMachine,BBR,Dynamic,HTTP/2
2025-04-30 23:22:30,stallRate,72.1119999885559,5.40768893940878,TheEmptinessMachine,BBR,Dynamic,HTTP/2
2025-04-30 23:22:32,stallRate,74.1119999885559,5.24348327363877,TheEmptinessMachine,BBR,Dynamic,HTTP/2
2025-04-30 23:22:34,stallRate,76.1119999885559,5.09034157367561,TheEmptinessMachine,BBR,Dynamic,HTTP/2
2025-04-30 23:22:36,stallRate,78.1119999885559,4.94551301095803,TheEmptinessMachine,BBR,Dynamic,HTTP/2
2025-04-30 23:22:38,stallRate,80.1119999885559,4.80812833427154,TheEmptinessMachine,BBR,Dynamic,HTTP/2
2025-04-30 23:22:40,stallRate,82.1119999885559,4.67876318839056,TheEmptinessMachine,BBR,Dynamic,HTTP/2
2025-04-30 23:22:42,stallRate,84.1119999885559,4.55573552389535,TheEmptinessMachine,BBR,Dynamic,HTTP/2
2025-04-30 23:22:44,stallRate,86.1119999885559,4.43860252450069,TheEmptinessMachine,BBR,Dynamic,HTTP/2
2025-04-30 23:22:46,stallRate,88.1119999885559,4.32859175717349,TheEmptinessMachine,BBR,Dynamic,HTTP/2
2025-04-30 23:22:48,stallRate,90.1119999885559,4.22345137541363,TheEmptinessMachine,BBR,Dynamic,HTTP/2
2025-04-30 23:22:50,stallRate,92.1119999885559,4.12335719992286,TheEmptinessMachine,BBR,Dynamic,HTTP/2
2025-04-30 23:22:52,stallRate,94.1119999885559,4.02692981031518,TheEmptinessMachine,BBR,Dynamic,HTTP/2
2025-04-30 23:22:54,stallRate,96.1119999885559,3.93545861478564,TheEmptinessMachine,BBR,Dynamic,HTTP/2
2025-04-30 23:22:56,stallRate,98.1119999885559,3.84833512689761,TheEmptinessMachine,BBR,Dynamic,HTTP/2
2025-04-30 23:22:58,stallRate,100.111999988556,3.76471295683191,TheEmptinessMachine,BBR,Dynamic,HTTP/2
2025-04-30 23:23:00,stallRate,102.111999988556,3.68495693753309,TheEmptinessMachine,BBR,Dynamic,HTTP/2
2025-04-30 23:23:04,stallRate,106.111999988556,3.85715998459961,TheEmptinessMachine,BBR,Dynamic,HTTP/2
2025-04-30 23:23:06,stallRate,108.111999988556,3.85889413572038,TheEmptinessMachine,BBR,Dynamic,HTTP/2
2025-04-30 23:23:08,stallRate,110.111999988556,3.78348352587644,TheEmptinessMachine,BBR,Dynamic,HTTP/2
2025-04-30 23:23:10,stallRate,112.112999916077,3.71135056860081,TheEmptinessMachine,BBR,Dynamic,HTTP/2
2025-04-30 23:23:16,stallRate,118.111999988556,5.01298678067897,TheEmptinessMachine,BBR,Dynamic,HTTP/2
2025-04-30 23:23:18,stallRate,120.111999988556,4.92268462102883,TheEmptinessMachine,BBR,Dynamic,HTTP/2
2025-04-30 23:23:20,stallRate,122.111999988556,5.3322502881263,TheEmptinessMachine,BBR,Dynamic,HTTP/2
2025-04-30 23:23:22,stallRate,124.111999988556,5.23876014820703,TheEmptinessMachine,BBR,Dynamic,HTTP/2
2025-04-30 23:23:24,stallRate,126.111999988556,5.14858830140339,TheEmptinessMachine,BBR,Dynamic,HTTP/2
2025-04-30 23:23:26,stallRate,128.111999988556,5.59688917190318,TheEmptinessMachine,BBR,Dynamic,HTTP/2
2025-04-30 23:23:28,stallRate,130.111999988556,5.52024419716488,TheEmptinessMachine,BBR,Dynamic,HTTP/2
2025-04-30 23:23:30,stallRate,132.111999988556,5.42998147894044,TheEmptinessMachine,BBR,Dynamic,HTTP/2
2025-04-30 23:23:34,stallRate,136.111999988556,6.28035236959059,TheEmptinessMachine,BBR,Dynamic,HTTP/2
2025-04-30 23:23:36,stallRate,138.111999988556,6.18221291035571,TheEmptinessMachine,BBR,Dynamic,HTTP/2
2025-04-30 23:23:38,stallRate,140.111999988556,6.08731969610347,TheEmptinessMachine,BBR,Dynamic,HTTP/2
2025-04-30 23:23:40,stallRate,142.111999988556,5.99543586736844,TheEmptinessMachine,BBR,Dynamic,HTTP/2
2025-04-30 23:23:42,stallRate,144.111999988556,5.90614502869896,TheEmptinessMachine,BBR,Dynamic,HTTP/2
2025-04-30 23:23:44,stallRate,146.111999988556,5.81910405337726,TheEmptinessMachine,BBR,Dynamic,HTTP/2
2025-04-30 23:23:46,stallRate,148.111999988556,5.73495362406227,TheEmptinessMachine,BBR,Dynamic,HTTP/2
2025-04-30 23:23:48,stallRate,150.111999988556,5.6534443397514,TheEmptinessMachine,BBR,Dynamic,HTTP/2
2025-04-30 23:23:50,stallRate,152.111999988556,5.57382532808912,TheEmptinessMachine,BBR,Dynamic,HTTP/2
2025-04-30 23:23:52,stallRate,154.111999988556,5.49677955541251,TheEmptinessMachine,BBR,Dynamic,HTTP/2
2025-04-30 23:23:54,stallRate,156.111999988556,5.421482612047,TheEmptinessMachine,BBR,Dynamic,HTTP/2
2025-04-30 23:23:56,stallRate,158.111999988556,5.34838812544019,TheEmptinessMachine,BBR,Dynamic,HTTP/2
2025-04-30 23:23:58,stallRate,160.111999988556,5.27756649488942,TheEmptinessMachine,BBR,Dynamic,HTTP/2
2025-04-30 23:24:00,stallRate,162.111999988556,5.20815203399171,TheEmptinessMachine,BBR,Dynamic,HTTP/2
2025-04-30 23:24:02,stallRate,164.111999988556,5.14028638560489,TheEmptinessMachine,BBR,Dynamic,HTTP/2
2025-04-30 23:24:04,stallRate,166.111999988556,5.07448973691401,TheEmptinessMachine,BBR,Dynamic,HTTP/2
2025-04-30 23:24:06,stallRate,168.111999988556,5.01019613431663,TheEmptinessMachine,BBR,Dynamic,HTTP/2
2025-04-30 23:24:08,stallRate,170.111999988556,4.94765778332777,TheEmptinessMachine,BBR,Dynamic,HTTP/2
2025-04-30 23:24:10,stallRate,172.111999988556,4.88672027311024,TheEmptinessMachine,BBR,Dynamic,HTTP/2
2025-04-30 23:24:12,stallRate,174.111999988556,4.82723990725184,TheEmptinessMachine,BBR,Dynamic,HTTP/2
2025-04-30 23:24:14,stallRate,176.111999988556,4.76899204179111,TheEmptinessMachine,BBR,Dynamic,HTTP/2
2025-04-30 23:24:16,stallRate,178.111999988556,4.71243655117951,TheEmptinessMachine,BBR,Dynamic,HTTP/2
2025-04-30 23:24:18,stallRate,180.111999988556,4.65696147899761,TheEmptinessMachine,BBR,Dynamic,HTTP/2
2025-04-30 23:24:20,stallRate,182.111999988556,4.60291801420982,TheEmptinessMachine,BBR,Dynamic,HTTP/2
2025-04-30 23:24:22,stallRate,184.111999988556,4.55038371519859,TheEmptinessMachine,BBR,Dynamic,HTTP/2
2025-04-30 23:24:24,stallRate,186.111999988556,4.49839058408705,TheEmptinessMachine,BBR,Dynamic,HTTP/2
2025-04-30 23:24:26,stallRate,188.111999988556,4.44773975631776,TheEmptinessMachine,BBR,Dynamic,HTTP/2
2025-04-30 23:24:28,stallRate,190.111999988556,4.39857604486367,TheEmptinessMachine,BBR,Dynamic,HTTP/2
2025-04-30 23:24:30,stallRate,192.111999988556,4.35022861321695,TheEmptinessMachine,BBR,Dynamic,HTTP/2
2025-04-30 23:24:32,stallRate,194.111999988556,4.30304166153713,TheEmptinessMachine,BBR,Dynamic,HTTP/2
2025-04-30 23:24:34,stallRate,196.111999988556,4.25713231690386,TheEmptinessMachine,BBR,Dynamic,HTTP/2
2025-04-30 23:24:36,stallRate,198.112999916077,4.21186737874785,TheEmptinessMachine,BBR,Dynamic,HTTP/2
2025-04-30 23:24:38,stallRate,200.111999988556,4.16887365067824,TheEmptinessMachine,BBR,Dynamic,HTTP/2
2025-04-30 23:24:40,stallRate,202.111999988556,4.12632582868706,TheEmptinessMachine,BBR,Dynamic,HTTP/2
2025-04-30 23:24:42,stallRate,204.111999988556,4.08559085852656,TheEmptinessMachine,BBR,Dynamic,HTTP/2
2025-04-30 23:25:26,stallRate,6.1029999256134,0.0,TheEmptinessMachine,BBR,Dynamic,HTTP/3
2025-04-30 23:25:32,stallRate,12.1019999980927,0.0,TheEmptinessMachine,BBR,Dynamic,HTTP/3
2025-04-30 23:25:34,stallRate,14.1019999980927,0.0,TheEmptinessMachine,BBR,Dynamic,HTTP/3
2025-04-30 23:25:36,stallRate,16.1019999980927,0.0,TheEmptinessMachine,BBR,Dynamic,HTTP/3
2025-04-30 23:25:38,stallRate,18.1019999980927,0.0,TheEmptinessMachine,BBR,Dynamic,HTTP/3
2025-04-30 23:25:40,stallRate,20.1019999980927,0.0,TheEmptinessMachine,BBR,Dynamic,HTTP/3
2025-04-30 23:25:42,stallRate,22.1019999980927,0.0,TheEmptinessMachine,BBR,Dynamic,HTTP/3
2025-04-30 23:25:44,stallRate,24.1019999980927,0.0,TheEmptinessMachine,BBR,Dynamic,HTTP/3
2025-04-30 23:25:46,stallRate,26.1019999980927,0.0,TheEmptinessMachine,BBR,Dynamic,HTTP/3
2025-04-30 23:25:48,stallRate,28.1019999980927,0.0,TheEmptinessMachine,BBR,Dynamic,HTTP/3
2025-04-30 23:25:50,stallRate,30.1019999980927,0.0,TheEmptinessMachine,BBR,Dynamic,HTTP/3
2025-04-30 23:25:52,stallRate,32.1019999980927,0.0,TheEmptinessMachine,BBR,Dynamic,HTTP/3
2025-04-30 23:25:54,stallRate,34.1019999980927,0.0,TheEmptinessMachine,BBR,Dynamic,HTTP/3
2025-04-30 23:25:58,stallRate,38.1019999980927,0.0,TheEmptinessMachine,BBR,Dynamic,HTTP/3
2025-04-30 23:26:00,stallRate,40.1019999980927,0.0,TheEmptinessMachine,BBR,Dynamic,HTTP/3
2025-04-30 23:26:02,stallRate,42.1019999980927,0.0,TheEmptinessMachine,BBR,Dynamic,HTTP/3
2025-04-30 23:26:04,stallRate,44.1019999980927,0.0,TheEmptinessMachine,BBR,Dynamic,HTTP/3
2025-04-30 23:26:06,stallRate,46.1019999980927,0.0,TheEmptinessMachine,BBR,Dynamic,HTTP/3
2025-04-30 23:26:08,stallRate,48.1019999980927,0.0,TheEmptinessMachine,BBR,Dynamic,HTTP/3
2025-04-30 23:26:10,stallRate,50.1019999980927,0.0,TheEmptinessMachine,BBR,Dynamic,HTTP/3
2025-04-30 23:26:12,stallRate,52.1019999980927,0.0,TheEmptinessMachine,BBR,Dynamic,HTTP/3
2025-04-30 23:26:14,stallRate,54.1019999980927,0.0,TheEmptinessMachine,BBR,Dynamic,HTTP/3
2025-04-30 23:26:16,stallRate,56.1019999980927,0.0,TheEmptinessMachine,BBR,Dynamic,HTTP/3
2025-04-30 23:26:18,stallRate,58.1019999980927,0.0,TheEmptinessMachine,BBR,Dynamic,HTTP/3
2025-04-30 23:26:20,stallRate,60.1019999980927,0.0,TheEmptinessMachine,BBR,Dynamic,HTTP/3
2025-04-30 23:26:22,stallRate,62.1019999980927,0.0,TheEmptinessMachine,BBR,Dynamic,HTTP/3
2025-04-30 23:26:24,stallRate,64.1019999980927,0.0,TheEmptinessMachine,BBR,Dynamic,HTTP/3
2025-04-30 23:26:26,stallRate,66.1019999980927,0.0,TheEmptinessMachine,BBR,Dynamic,HTTP/3
2025-04-30 23:26:28,stallRate,68.1019999980927,0.0,TheEmptinessMachine,BBR,Dynamic,HTTP/3
2025-04-30 23:26:30,stallRate,70.1019999980927,0.0,TheEmptinessMachine,BBR,Dynamic,HTTP/3
2025-04-30 23:26:32,stallRate,72.1019999980927,0.0,TheEmptinessMachine,BBR,Dynamic,HTTP/3
2025-04-30 23:26:34,stallRate,74.1019999980927,0.0,TheEmptinessMachine,BBR,Dynamic,HTTP/3
2025-04-30 23:26:36,stallRate,76.1019999980927,0.0,TheEmptinessMachine,BBR,Dynamic,HTTP/3
2025-04-30 23:26:38,stallRate,78.1019999980927,0.0,TheEmptinessMachine,BBR,Dynamic,HTTP/3
2025-04-30 23:26:40,stallRate,80.1019999980927,0.0,TheEmptinessMachine,BBR,Dynamic,HTTP/3
2025-04-30 23:26:42,stallRate,82.1019999980927,0.0,TheEmptinessMachine,BBR,Dynamic,HTTP/3
2025-04-30 23:26:44,stallRate,84.1019999980927,0.0,TheEmptinessMachine,BBR,Dynamic,HTTP/3
2025-04-30 23:26:46,stallRate,86.1019999980927,0.0,TheEmptinessMachine,BBR,Dynamic,HTTP/3
2025-04-30 23:26:48,stallRate,88.1019999980927,0.0,TheEmptinessMachine,BBR,Dynamic,HTTP/3
2025-04-30 23:26:50,stallRate,90.1019999980927,0.0,TheEmptinessMachine,BBR,Dynamic,HTTP/3
2025-04-30 23:26:52,stallRate,92.1019999980927,0.0,TheEmptinessMachine,BBR,Dynamic,HTTP/3
2025-04-30 23:26:54,stallRate,94.1019999980927,0.0,TheEmptinessMachine,BBR,Dynamic,HTTP/3
2025-04-30 23:26:56,stallRate,96.1019999980927,0.0,TheEmptinessMachine,BBR,Dynamic,HTTP/3
2025-04-30 23:26:58,stallRate,98.1019999980927,0.0,TheEmptinessMachine,BBR,Dynamic,HTTP/3
2025-04-30 23:27:04,stallRate,104.101999998093,0.0,TheEmptinessMachine,BBR,Dynamic,HTTP/3
2025-04-30 23:27:10,stallRate,110.101999998093,0.0,TheEmptinessMachine,BBR,Dynamic,HTTP/3
2025-04-30 23:27:12,stallRate,112.101999998093,0.0,TheEmptinessMachine,BBR,Dynamic,HTTP/3
2025-04-30 23:27:14,stallRate,114.101999998093,0.0,TheEmptinessMachine,BBR,Dynamic,HTTP/3
2025-04-30 23:27:16,stallRate,116.101999998093,0.0,TheEmptinessMachine,BBR,Dynamic,HTTP/3
2025-04-30 23:27:18,stallRate,118.101999998093,0.0,TheEmptinessMachine,BBR,Dynamic,HTTP/3
2025-04-30 23:27:20,stallRate,120.101999998093,0.0,TheEmptinessMachine,BBR,Dynamic,HTTP/3
2025-04-30 23:27:22,stallRate,122.101999998093,0.0,TheEmptinessMachine,BBR,Dynamic,HTTP/3
2025-04-30 23:27:24,stallRate,124.101999998093,0.0,TheEmptinessMachine,BBR,Dynamic,HTTP/3
2025-04-30 23:27:26,stallRate,126.101999998093,0.0,TheEmptinessMachine,BBR,Dynamic,HTTP/3
2025-04-30 23:27:28,stallRate,128.101999998093,0.0,TheEmptinessMachine,BBR,Dynamic,HTTP/3
2025-04-30 23:27:30,stallRate,130.101999998093,0.0,TheEmptinessMachine,BBR,Dynamic,HTTP/3
2025-04-30 23:27:32,stallRate,132.101999998093,0.0,TheEmptinessMachine,BBR,Dynamic,HTTP/3
2025-04-30 23:27:34,stallRate,134.101999998093,0.0,TheEmptinessMachine,BBR,Dynamic,HTTP/3
2025-04-30 23:27:36,stallRate,136.101999998093,0.0,TheEmptinessMachine,BBR,Dynamic,HTTP/3
2025-04-30 23:27:38,stallRate,138.101999998093,0.0,TheEmptinessMachine,BBR,Dynamic,HTTP/3
2025-04-30 23:27:40,stallRate,140.101999998093,0.0,TheEmptinessMachine,BBR,Dynamic,HTTP/3
2025-04-30 23:27:42,stallRate,142.101999998093,0.0,TheEmptinessMachine,BBR,Dynamic,HTTP/3
2025-04-30 23:27:44,stallRate,144.101999998093,0.0,TheEmptinessMachine,BBR,Dynamic,HTTP/3
2025-04-30 23:27:46,stallRate,146.101999998093,0.0,TheEmptinessMachine,BBR,Dynamic,HTTP/3
2025-04-30 23:27:48,stallRate,148.101999998093,0.0,TheEmptinessMachine,BBR,Dynamic,HTTP/3
2025-04-30 23:27:50,stallRate,150.101999998093,0.0,TheEmptinessMachine,BBR,Dynamic,HTTP/3
2025-04-30 23:27:52,stallRate,152.101999998093,0.0,TheEmptinessMachine,BBR,Dynamic,HTTP/3
2025-04-30 23:27:54,stallRate,154.101999998093,0.0,TheEmptinessMachine,BBR,Dynamic,HTTP/3
2025-04-30 23:27:56,stallRate,156.101999998093,0.0,TheEmptinessMachine,BBR,Dynamic,HTTP/3
2025-04-30 23:27:58,stallRate,158.101999998093,0.0,TheEmptinessMachine,BBR,Dynamic,HTTP/3
2025-04-30 23:28:00,stallRate,160.101999998093,0.0,TheEmptinessMachine,BBR,Dynamic,HTTP/3
2025-04-30 23:28:02,stallRate,162.102999925613,0.0,TheEmptinessMachine,BBR,Dynamic,HTTP/3
2025-04-30 23:28:04,stallRate,164.102999925613,0.0,TheEmptinessMachine,BBR,Dynamic,HTTP/3
2025-04-30 23:28:06,stallRate,166.101999998093,0.0,TheEmptinessMachine,BBR,Dynamic,HTTP/3
2025-04-30 23:28:08,stallRate,168.101999998093,0.0,TheEmptinessMachine,BBR,Dynamic,HTTP/3
2025-04-30 23:28:10,stallRate,170.101999998093,0.0,TheEmptinessMachine,BBR,Dynamic,HTTP/3
2025-04-30 23:28:12,stallRate,172.101999998093,0.0,TheEmptinessMachine,BBR,Dynamic,HTTP/3
2025-04-30 23:28:14,stallRate,174.101999998093,0.0,TheEmptinessMachine,BBR,Dynamic,HTTP/3
2025-04-30 23:28:16,stallRate,176.101999998093,0.0,TheEmptinessMachine,BBR,Dynamic,HTTP/3
2025-04-30 23:28:18,stallRate,178.101999998093,0.0,TheEmptinessMachine,BBR,Dynamic,HTTP/3
2025-04-30 23:28:22,stallRate,182.101999998093,0.0,TheEmptinessMachine,BBR,Dynamic,HTTP/3
2025-04-30 23:28:24,stallRate,184.101999998093,0.0,TheEmptinessMachine,BBR,Dynamic,HTTP/3
2025-04-30 23:28:26,stallRate,186.101999998093,0.0,TheEmptinessMachine,BBR,Dynamic,HTTP/3
2025-04-30 23:28:28,stallRate,188.101999998093,0.12605842026607,TheEmptinessMachine,BBR,Dynamic,HTTP/3
2025-04-30 23:28:30,stallRate,190.102999925613,0.124699874494487,TheEmptinessMachine,BBR,Dynamic,HTTP/3
2025-04-30 23:28:34,stallRate,194.101999998093,0.122063414901317,TheEmptinessMachine,BBR,Dynamic,HTTP/3
2025-04-30 23:28:36,stallRate,196.101999998093,0.120788486126309,TheEmptinessMachine,BBR,Dynamic,HTTP/3
2025-04-30 23:29:23,stallRate,4.30099987983704,0.0,TheEmptinessMachine,BBR,Bola,HTTP/1.1
2025-04-30 23:29:25,stallRate,6.30199980735779,0.0,TheEmptinessMachine,BBR,Bola,HTTP/1.1
2025-04-30 23:29:27,stallRate,8.30099987983704,0.0,TheEmptinessMachine,BBR,Bola,HTTP/1.1
2025-04-30 23:29:29,stallRate,10.300999879837,10.6150254563801,TheEmptinessMachine,BBR,Bola,HTTP/1.1
2025-04-30 23:29:31,stallRate,12.300999879837,8.24706780487729,TheEmptinessMachine,BBR,Bola,HTTP/1.1
2025-04-30 23:29:33,stallRate,14.300999879837,6.7351352518265,TheEmptinessMachine,BBR,Bola,HTTP/1.1
2025-04-30 23:29:35,stallRate,16.300999879837,5.64059441705691,TheEmptinessMachine,BBR,Bola,HTTP/1.1
2025-04-30 23:29:37,stallRate,18.300999879837,4.8908343643771,TheEmptinessMachine,BBR,Bola,HTTP/1.1
2025-04-30 23:29:39,stallRate,20.300999879837,4.31812217095543,TheEmptinessMachine,BBR,Bola,HTTP/1.1
2025-04-30 23:29:41,stallRate,22.300999879837,3.85753415324232,TheEmptinessMachine,BBR,Bola,HTTP/1.1
2025-04-30 23:29:43,stallRate,24.300999879837,5.24981951692589,TheEmptinessMachine,BBR,Bola,HTTP/1.1
2025-04-30 23:29:45,stallRate,26.300999879837,4.79893172808645,TheEmptinessMachine,BBR,Bola,HTTP/1.1
2025-04-30 23:29:47,stallRate,28.300999879837,4.41600701626624,TheEmptinessMachine,BBR,Bola,HTTP/1.1
2025-04-30 23:29:49,stallRate,30.300999879837,4.09260256039613,TheEmptinessMachine,BBR,Bola,HTTP/1.1
2025-04-30 23:29:51,stallRate,32.300999879837,3.81227741931136,TheEmptinessMachine,BBR,Bola,HTTP/1.1
2025-04-30 23:29:53,stallRate,34.300999879837,3.56717010401962,TheEmptinessMachine,BBR,Bola,HTTP/1.1
2025-04-30 23:29:55,stallRate,36.300999879837,3.35259719620933,TheEmptinessMachine,BBR,Bola,HTTP/1.1
2025-04-30 23:29:57,stallRate,38.300999879837,3.16183070171027,TheEmptinessMachine,BBR,Bola,HTTP/1.1
2025-04-30 23:29:59,stallRate,40.300999879837,2.99379202695047,TheEmptinessMachine,BBR,Bola,HTTP/1.1
2025-04-30 23:30:01,stallRate,42.300999879837,2.84064727453138,TheEmptinessMachine,BBR,Bola,HTTP/1.1
2025-04-30 23:30:03,stallRate,44.300999879837,2.70265661604895,TheEmptinessMachine,BBR,Bola,HTTP/1.1
2025-04-30 23:30:05,stallRate,46.300999879837,2.57811982654536,TheEmptinessMachine,BBR,Bola,HTTP/1.1
2025-04-30 23:30:07,stallRate,48.300999879837,2.46407715377562,TheEmptinessMachine,BBR,Bola,HTTP/1.1
2025-04-30 23:30:09,stallRate,50.300999879837,2.36046585672646,TheEmptinessMachine,BBR,Bola,HTTP/1.1
2025-04-30 23:30:11,stallRate,52.300999879837,2.26483803832615,TheEmptinessMachine,BBR,Bola,HTTP/1.1
2025-04-30 23:30:13,stallRate,54.300999879837,2.17626408949498,TheEmptinessMachine,BBR,Bola,HTTP/1.1
2025-04-30 23:30:15,stallRate,56.300999879837,2.09458058156716,TheEmptinessMachine,BBR,Bola,HTTP/1.1
2025-04-30 23:30:17,stallRate,58.300999879837,2.0184855139509,TheEmptinessMachine,BBR,Bola,HTTP/1.1
2025-04-30 23:30:19,stallRate,60.300999879837,1.94778892268441,TheEmptinessMachine,BBR,Bola,HTTP/1.1
2025-04-30 23:30:21,stallRate,62.300999879837,1.88204096566601,TheEmptinessMachine,BBR,Bola,HTTP/1.1
2025-04-30 23:30:23,stallRate,64.300999879837,3.49678104229612,TheEmptinessMachine,BBR,Bola,HTTP/1.1
2025-04-30 23:30:25,stallRate,66.300999879837,3.38617244702736,TheEmptinessMachine,BBR,Bola,HTTP/1.1
2025-04-30 23:30:27,stallRate,68.300999879837,3.28253118315446,TheEmptinessMachine,BBR,Bola,HTTP/1.1
2025-04-30 23:30:29,stallRate,70.300999879837,3.18501857167113,TheEmptinessMachine,BBR,Bola,HTTP/1.1
2025-04-30 23:30:31,stallRate,72.300999879837,3.09264620925228,TheEmptinessMachine,BBR,Bola,HTTP/1.1
2025-04-30 23:30:33,stallRate,74.300999879837,3.00619707037822,TheEmptinessMachine,BBR,Bola,HTTP/1.1
2025-04-30 23:30:35,stallRate,76.300999879837,2.9242092509631,TheEmptinessMachine,BBR,Bola,HTTP/1.1
2025-04-30 23:30:37,stallRate,78.300999879837,3.14401462667114,TheEmptinessMachine,BBR,Bola,HTTP/1.1
2025-04-30 23:30:39,stallRate,80.300999879837,3.06264624257046,TheEmptinessMachine,BBR,Bola,HTTP/1.1
2025-04-30 23:30:41,stallRate,82.300999879837,2.98540254455228,TheEmptinessMachine,BBR,Bola,HTTP/1.1
2025-04-30 23:30:43,stallRate,84.300999879837,2.91196723676606,TheEmptinessMachine,BBR,Bola,HTTP/1.1
2025-04-30 23:30:45,stallRate,86.300999879837,2.8422137381861,TheEmptinessMachine,BBR,Bola,HTTP/1.1
2025-04-30 23:30:47,stallRate,88.300999879837,2.77543471971495,TheEmptinessMachine,BBR,Bola,HTTP/1.1
2025-04-30 23:30:49,stallRate,90.300999879837,2.71196496071137,TheEmptinessMachine,BBR,Bola,HTTP/1.1
2025-04-30 23:30:51,stallRate,92.300999879837,2.65110405413369,TheEmptinessMachine,BBR,Bola,HTTP/1.1
2025-04-30 23:30:53,stallRate,94.300999879837,2.59287846671173,TheEmptinessMachine,BBR,Bola,HTTP/1.1
2025-04-30 23:30:55,stallRate,96.300999879837,2.53725518860209,TheEmptinessMachine,BBR,Bola,HTTP/1.1
2025-04-30 23:30:57,stallRate,98.300999879837,2.48408521395918,TheEmptinessMachine,BBR,Bola,HTTP/1.1
2025-04-30 23:30:59,stallRate,100.300999879837,2.4329535895311,TheEmptinessMachine,BBR,Bola,HTTP/1.1
2025-04-30 23:31:01,stallRate,102.300999879837,2.38404719874748,TheEmptinessMachine,BBR,Bola,HTTP/1.1
2025-04-30 23:31:03,stallRate,104.300999879837,2.33713924894658,TheEmptinessMachine,BBR,Bola,HTTP/1.1
2025-04-30 23:31:05,stallRate,106.300999879837,2.29185181608526,TheEmptinessMachine,BBR,Bola,HTTP/1.1
2025-04-30 23:31:07,stallRate,108.300999879837,2.2482012680166,TheEmptinessMachine,BBR,Bola,HTTP/1.1
2025-04-30 23:31:09,stallRate,110.300999879837,2.20627426443705,TheEmptinessMachine,BBR,Bola,HTTP/1.1
2025-04-30 23:31:11,stallRate,112.300999879837,2.16589821267817,TheEmptinessMachine,BBR,Bola,HTTP/1.1
2025-04-30 23:31:13,stallRate,114.300999879837,2.12698036854268,TheEmptinessMachine,BBR,Bola,HTTP/1.1
2025-04-30 23:31:15,stallRate,116.300999879837,2.08951308801847,TheEmptinessMachine,BBR,Bola,HTTP/1.1
2025-04-30 23:31:17,stallRate,118.300999879837,2.05321371626566,TheEmptinessMachine,BBR,Bola,HTTP/1.1
2025-04-30 23:31:19,stallRate,120.300999879837,2.01810396490232,TheEmptinessMachine,BBR,Bola,HTTP/1.1
2025-04-30 23:31:21,stallRate,122.300999879837,1.98424758259902,TheEmptinessMachine,BBR,Bola,HTTP/1.1
2025-04-30 23:31:23,stallRate,124.300999879837,1.95153991944408,TheEmptinessMachine,BBR,Bola,HTTP/1.1
2025-04-30 23:31:25,stallRate,126.300999879837,1.91988948809476,TheEmptinessMachine,BBR,Bola,HTTP/1.1
2025-04-30 23:31:27,stallRate,128.301999807358,1.88913651679809,TheEmptinessMachine,BBR,Bola,HTTP/1.1
2025-04-30 23:31:29,stallRate,130.300999879837,1.85951611852891,TheEmptinessMachine,BBR,Bola,HTTP/1.1
2025-04-30 23:31:31,stallRate,132.300999879837,1.83068717769461,TheEmptinessMachine,BBR,Bola,HTTP/1.1
2025-04-30 23:31:33,stallRate,134.300999879837,1.80295562840874,TheEmptinessMachine,BBR,Bola,HTTP/1.1
2025-04-30 23:31:35,stallRate,136.300999879837,1.77583229553307,TheEmptinessMachine,BBR,Bola,HTTP/1.1
2025-04-30 23:31:39,stallRate,140.300999879837,2.07924128928398,TheEmptinessMachine,BBR,Bola,HTTP/1.1
2025-04-30 23:31:41,stallRate,142.300999879837,2.04944336141218,TheEmptinessMachine,BBR,Bola,HTTP/1.1
2025-04-30 23:31:43,stallRate,144.300999879837,2.02029795329295,TheEmptinessMachine,BBR,Bola,HTTP/1.1
2025-04-30 23:31:45,stallRate,146.300999879837,1.99205420018583,TheEmptinessMachine,BBR,Bola,HTTP/1.1
2025-04-30 23:31:47,stallRate,148.300999879837,1.96475640163757,TheEmptinessMachine,BBR,Bola,HTTP/1.1
2025-04-30 23:31:49,stallRate,150.300999879837,1.93804368413606,TheEmptinessMachine,BBR,Bola,HTTP/1.1
2025-04-30 23:31:51,stallRate,152.300999879837,1.91209565128162,TheEmptinessMachine,BBR,Bola,HTTP/1.1
2025-04-30 23:31:53,stallRate,154.300999879837,1.88685951910244,TheEmptinessMachine,BBR,Bola,HTTP/1.1
2025-04-30 23:31:55,stallRate,156.300999879837,1.86225244310742,TheEmptinessMachine,BBR,Bola,HTTP/1.1
2025-04-30 23:31:57,stallRate,158.300999879837,1.83818384474485,TheEmptinessMachine,BBR,Bola,HTTP/1.1
2025-04-30 23:31:59,stallRate,160.300999879837,1.81491062867818,TheEmptinessMachine,BBR,Bola,HTTP/1.1
2025-04-30 23:32:01,stallRate,162.300999879837,1.79204001854707,TheEmptinessMachine,BBR,Bola,HTTP/1.1
2025-04-30 23:32:03,stallRate,164.300999879837,1.76979761348464,TheEmptinessMachine,BBR,Bola,HTTP/1.1
2025-04-30 23:32:05,stallRate,166.300999879837,1.74813941785881,TheEmptinessMachine,BBR,Bola,HTTP/1.1
2025-04-30 23:32:07,stallRate,168.300999879837,1.72709249573073,TheEmptinessMachine,BBR,Bola,HTTP/1.1
2025-04-30 23:32:09,stallRate,170.300999879837,1.70633688192496,TheEmptinessMachine,BBR,Bola,HTTP/1.1
2025-04-30 23:32:11,stallRate,172.300999879837,1.94989960746923,TheEmptinessMachine,BBR,Bola,HTTP/1.1
2025-04-30 23:32:13,stallRate,174.300999879837,1.92718026075804,TheEmptinessMachine,BBR,Bola,HTTP/1.1
2025-04-30 23:32:15,stallRate,176.300999879837,1.90490287189034,TheEmptinessMachine,BBR,Bola,HTTP/1.1
2025-04-30 23:32:17,stallRate,178.300999879837,1.8831464819605,TheEmptinessMachine,BBR,Bola,HTTP/1.1
2025-04-30 23:32:19,stallRate,180.300999879837,1.86189216326042,TheEmptinessMachine,BBR,Bola,HTTP/1.1
2025-04-30 23:32:21,stallRate,182.300999879837,1.8410465876939,TheEmptinessMachine,BBR,Bola,HTTP/1.1
2025-04-30 23:32:23,stallRate,184.300999879837,1.82082951516758,TheEmptinessMachine,BBR,Bola,HTTP/1.1
2025-04-30 23:32:25,stallRate,186.300999879837,1.80099347314024,TheEmptinessMachine,BBR,Bola,HTTP/1.1
2025-04-30 23:32:27,stallRate,188.300999879837,1.7816161737305,TheEmptinessMachine,BBR,Bola,HTTP/1.1
2025-04-30 23:32:29,stallRate,190.300999879837,1.76256144349207,TheEmptinessMachine,BBR,Bola,HTTP/1.1
2025-04-30 23:32:31,stallRate,192.300999879837,1.74398006038823,TheEmptinessMachine,BBR,Bola,HTTP/1.1
2025-04-30 23:32:33,stallRate,194.300999879837,1.7257067807901,TheEmptinessMachine,BBR,Bola,HTTP/1.1
2025-04-30 23:32:35,stallRate,196.300999879837,1.70782434696074,TheEmptinessMachine,BBR,Bola,HTTP/1.1
2025-04-30 23:33:24,stallRate,6.57100009918213,0.0,TheEmptinessMachine,BBR,Bola,HTTP/2
2025-04-30 23:33:26,stallRate,8.57100009918213,0.0,TheEmptinessMachine,BBR,Bola,HTTP/2
2025-04-30 23:33:28,stallRate,10.5710000991821,0.0,TheEmptinessMachine,BBR,Bola,HTTP/2
2025-04-30 23:33:30,stallRate,12.5710000991821,0.0,TheEmptinessMachine,BBR,Bola,HTTP/2
2025-04-30 23:33:32,stallRate,14.5710000991821,0.0,TheEmptinessMachine,BBR,Bola,HTTP/2
2025-04-30 23:33:34,stallRate,16.5710000991821,0.0,TheEmptinessMachine,BBR,Bola,HTTP/2
2025-04-30 23:33:36,stallRate,18.5710000991821,0.0,TheEmptinessMachine,BBR,Bola,HTTP/2
2025-04-30 23:33:38,stallRate,20.5710000991821,0.0,TheEmptinessMachine,BBR,Bola,HTTP/2
2025-04-30 23:33:40,stallRate,22.5710000991821,0.0,TheEmptinessMachine,BBR,Bola,HTTP/2
2025-04-30 23:33:42,stallRate,24.5710000991821,0.0,TheEmptinessMachine,BBR,Bola,HTTP/2
2025-04-30 23:33:44,stallRate,26.5710000991821,0.0,TheEmptinessMachine,BBR,Bola,HTTP/2
2025-04-30 23:33:46,stallRate,28.5710000991821,0.0,TheEmptinessMachine,BBR,Bola,HTTP/2
2025-04-30 23:33:48,stallRate,30.5710000991821,0.0,TheEmptinessMachine,BBR,Bola,HTTP/2
2025-04-30 23:33:50,stallRate,32.5710000991821,0.0,TheEmptinessMachine,BBR,Bola,HTTP/2
2025-04-30 23:33:52,stallRate,34.5710000991821,0.0,TheEmptinessMachine,BBR,Bola,HTTP/2
2025-04-30 23:33:54,stallRate,36.5710000991821,0.0,TheEmptinessMachine,BBR,Bola,HTTP/2
2025-04-30 23:33:56,stallRate,38.5710000991821,0.0,TheEmptinessMachine,BBR,Bola,HTTP/2
2025-04-30 23:33:58,stallRate,40.5710000991821,0.0,TheEmptinessMachine,BBR,Bola,HTTP/2
2025-04-30 23:34:00,stallRate,42.5710000991821,0.0,TheEmptinessMachine,BBR,Bola,HTTP/2
2025-04-30 23:34:02,stallRate,44.5710000991821,0.0,TheEmptinessMachine,BBR,Bola,HTTP/2
2025-04-30 23:34:04,stallRate,46.5710000991821,0.0,TheEmptinessMachine,BBR,Bola,HTTP/2
2025-04-30 23:34:06,stallRate,48.5710000991821,0.0,TheEmptinessMachine,BBR,Bola,HTTP/2
2025-04-30 23:34:08,stallRate,50.5710000991821,0.0,TheEmptinessMachine,BBR,Bola,HTTP/2
2025-04-30 23:34:10,stallRate,52.5720000267029,0.0,TheEmptinessMachine,BBR,Bola,HTTP/2
2025-04-30 23:34:12,stallRate,54.5710000991821,0.671094804561046,TheEmptinessMachine,BBR,Bola,HTTP/2
2025-04-30 23:34:14,stallRate,56.5710000991821,0.671094804561046,TheEmptinessMachine,BBR,Bola,HTTP/2
2025-04-30 23:34:16,stallRate,58.5710000991821,0.654594192200815,TheEmptinessMachine,BBR,Bola,HTTP/2
2025-04-30 23:34:18,stallRate,60.5710000991821,0.628886998998331,TheEmptinessMachine,BBR,Bola,HTTP/2
2025-04-30 23:34:20,stallRate,62.5710000991821,0.605165742308733,TheEmptinessMachine,BBR,Bola,HTTP/2
2025-04-30 23:34:22,stallRate,64.5710000991821,0.583093738692941,TheEmptinessMachine,BBR,Bola,HTTP/2
2025-04-30 23:34:24,stallRate,66.5710000991821,0.562684470783891,TheEmptinessMachine,BBR,Bola,HTTP/2
2025-04-30 23:34:26,stallRate,68.5710000991821,0.543676371821527,TheEmptinessMachine,BBR,Bola,HTTP/2
2025-04-30 23:34:28,stallRate,70.5710000991821,0.525844968768483,TheEmptinessMachine,BBR,Bola,HTTP/2
2025-04-30 23:34:30,stallRate,72.5710000991821,0.509106281533617,TheEmptinessMachine,BBR,Bola,HTTP/2
2025-04-30 23:34:32,stallRate,74.5710000991821,0.493438225251937,TheEmptinessMachine,BBR,Bola,HTTP/2
2025-04-30 23:34:34,stallRate,76.5710000991821,0.478732245379019,TheEmptinessMachine,BBR,Bola,HTTP/2
2025-04-30 23:34:36,stallRate,78.5710000991821,0.464867015931855,TheEmptinessMachine,BBR,Bola,HTTP/2
2025-04-30 23:34:38,stallRate,80.5710000991821,0.451798437333735,TheEmptinessMachine,BBR,Bola,HTTP/2
2025-04-30 23:34:40,stallRate,82.5710000991821,0.439394782990986,TheEmptinessMachine,BBR,Bola,HTTP/2
2025-04-30 23:34:42,stallRate,84.5710000991821,0.427642627477123,TheEmptinessMachine,BBR,Bola,HTTP/2
2025-04-30 23:34:44,stallRate,86.6319999694824,0.420282195122142,TheEmptinessMachine,BBR,Bola,HTTP/2
2025-04-30 23:34:46,stallRate,88.5710000991821,0.411587845216927,TheEmptinessMachine,BBR,Bola,HTTP/2
2025-04-30 23:34:48,stallRate,90.5710000991821,0.400382560040874,TheEmptinessMachine,BBR,Bola,HTTP/2
2025-04-30 23:34:50,stallRate,92.5710000991821,0.390198258661235,TheEmptinessMachine,BBR,Bola,HTTP/2
2025-04-30 23:34:52,stallRate,94.5710000991821,0.380938285191847,TheEmptinessMachine,BBR,Bola,HTTP/2
2025-04-30 23:34:54,stallRate,96.5710000991821,0.372553067846793,TheEmptinessMachine,BBR,Bola,HTTP/2
2025-04-30 23:34:56,stallRate,98.5710000991821,0.364103705721104,TheEmptinessMachine,BBR,Bola,HTTP/2
2025-04-30 23:34:58,stallRate,100.571000099182,0.356055058672803,TheEmptinessMachine,BBR,Bola,HTTP/2
2025-04-30 23:35:00,stallRate,102.571000099182,0.348429735898429,TheEmptinessMachine,BBR,Bola,HTTP/2
2025-04-30 23:35:02,stallRate,104.575000047684,0.34103216275286,TheEmptinessMachine,BBR,Bola,HTTP/2
2025-04-30 23:35:04,stallRate,106.571000099182,0.333941892462884,TheEmptinessMachine,BBR,Bola,HTTP/2
2025-04-30 23:35:06,stallRate,108.571000099182,0.32721063884697,TheEmptinessMachine,BBR,Bola,HTTP/2
2025-04-30 23:35:08,stallRate,110.571000099182,0.320650057617078,TheEmptinessMachine,BBR,Bola,HTTP/2
2025-04-30 23:35:10,stallRate,112.571000099182,0.31436401914577,TheEmptinessMachine,BBR,Bola,HTTP/2
2025-04-30 23:35:12,stallRate,114.571000099182,0.308327042645053,TheEmptinessMachine,BBR,Bola,HTTP/2
2025-04-30 23:35:14,stallRate,116.571000099182,0.302514647345267,TheEmptinessMachine,BBR,Bola,HTTP/2
2025-04-30 23:35:16,stallRate,118.571000099182,0.296929287444425,TheEmptinessMachine,BBR,Bola,HTTP/2
2025-04-30 23:35:18,stallRate,120.571000099182,0.291525509733464,TheEmptinessMachine,BBR,Bola,HTTP/2
2025-04-30 23:35:20,stallRate,122.571000099182,0.286333585372064,TheEmptinessMachine,BBR,Bola,HTTP/2
2025-04-30 23:35:22,stallRate,124.571000099182,0.281302819632868,TheEmptinessMachine,BBR,Bola,HTTP/2
2025-04-30 23:35:24,stallRate,126.571000099182,0.27644343456927,TheEmptinessMachine,BBR,Bola,HTTP/2
2025-04-30 23:35:26,stallRate,128.571000099182,0.271782077536785,TheEmptinessMachine,BBR,Bola,HTTP/2
2025-04-30 23:35:30,stallRate,132.571000099182,0.779225676316875,TheEmptinessMachine,BBR,Bola,HTTP/2
2025-04-30 23:35:32,stallRate,134.571000099182,0.766684444179006,TheEmptinessMachine,BBR,Bola,HTTP/2
2025-04-30 23:35:34,stallRate,136.571000099182,0.754562478689655,TheEmptinessMachine,BBR,Bola,HTTP/2
2025-04-30 23:35:36,stallRate,138.571000099182,0.742761351301113,TheEmptinessMachine,BBR,Bola,HTTP/2
2025-04-30 23:35:38,stallRate,140.571000099182,0.921555147990205,TheEmptinessMachine,BBR,Bola,HTTP/2
2025-04-30 23:35:40,stallRate,142.571000099182,0.907672821780879,TheEmptinessMachine,BBR,Bola,HTTP/2
2025-04-30 23:35:42,stallRate,144.578000068665,0.894108687708135,TheEmptinessMachine,BBR,Bola,HTTP/2
2025-04-30 23:35:44,stallRate,146.571000099182,0.891857480136739,TheEmptinessMachine,BBR,Bola,HTTP/2
2025-04-30 23:35:46,stallRate,148.571000099182,0.878865456838743,TheEmptinessMachine,BBR,Bola,HTTP/2
2025-04-30 23:35:48,stallRate,150.571000099182,0.866314269360022,TheEmptinessMachine,BBR,Bola,HTTP/2
2025-04-30 23:35:50,stallRate,152.571000099182,0.854155665848623,TheEmptinessMachine,BBR,Bola,HTTP/2
2025-04-30 23:35:52,stallRate,154.571000099182,0.842279755533988,TheEmptinessMachine,BBR,Bola,HTTP/2
2025-04-30 23:35:54,stallRate,156.571000099182,0.830676559414714,TheEmptinessMachine,BBR,Bola,HTTP/2
2025-04-30 23:35:56,stallRate,158.571000099182,0.819469747407361,TheEmptinessMachine,BBR,Bola,HTTP/2
2025-04-30 23:35:58,stallRate,160.571000099182,0.808581639824954,TheEmptinessMachine,BBR,Bola,HTTP/2
2025-04-30 23:36:00,stallRate,162.571000099182,0.797979992439509,TheEmptinessMachine,BBR,Bola,HTTP/2
2025-04-30 23:36:02,stallRate,164.571000099182,0.78762898446363,TheEmptinessMachine,BBR,Bola,HTTP/2
2025-04-30 23:36:04,stallRate,166.571000099182,0.777503962333799,TheEmptinessMachine,BBR,Bola,HTTP/2
2025-04-30 23:36:06,stallRate,168.571000099182,0.767631318287261,TheEmptinessMachine,BBR,Bola,HTTP/2
2025-04-30 23:36:08,stallRate,170.571000099182,0.758085154375738,TheEmptinessMachine,BBR,Bola,HTTP/2
2025-04-30 23:36:10,stallRate,172.571000099182,0.748732990656181,TheEmptinessMachine,BBR,Bola,HTTP/2
2025-04-30 23:36:12,stallRate,174.571000099182,0.739595158941293,TheEmptinessMachine,BBR,Bola,HTTP/2
2025-04-30 23:36:14,stallRate,176.571000099182,0.730637131350051,TheEmptinessMachine,BBR,Bola,HTTP/2
2025-04-30 23:36:16,stallRate,178.571000099182,0.721976136515435,TheEmptinessMachine,BBR,Bola,HTTP/2
2025-04-30 23:36:18,stallRate,180.571000099182,0.713495869041875,TheEmptinessMachine,BBR,Bola,HTTP/2
2025-04-30 23:36:20,stallRate,182.571000099182,0.705181905885635,TheEmptinessMachine,BBR,Bola,HTTP/2
2025-04-30 23:36:22,stallRate,184.571000099182,0.697077033377408,TheEmptinessMachine,BBR,Bola,HTTP/2
2025-04-30 23:36:24,stallRate,186.571000099182,0.68920160492631,TheEmptinessMachine,BBR,Bola,HTTP/2
2025-04-30 23:36:26,stallRate,188.571000099182,0.68144898318768,TheEmptinessMachine,BBR,Bola,HTTP/2
2025-04-30 23:36:28,stallRate,190.571000099182,0.67384341001562,TheEmptinessMachine,BBR,Bola,HTTP/2
2025-04-30 23:36:30,stallRate,192.571000099182,0.666443526367206,TheEmptinessMachine,BBR,Bola,HTTP/2
2025-04-30 23:36:32,stallRate,194.571000099182,0.806648873145396,TheEmptinessMachine,BBR,Bola,HTTP/2
2025-04-30 23:36:34,stallRate,196.571000099182,0.797978520337734,TheEmptinessMachine,BBR,Bola,HTTP/2
2025-04-30 23:36:36,stallRate,198.571000099182,0.789496755527368,TheEmptinessMachine,BBR,Bola,HTTP/2
2025-04-30 23:36:38,stallRate,200.571000099182,0.781191407180319,TheEmptinessMachine,BBR,Bola,HTTP/2
2025-04-30 23:36:40,stallRate,202.571000099182,0.808278778450693,TheEmptinessMachine,BBR,Bola,HTTP/2
2025-04-30 23:36:42,stallRate,204.571000099182,0.799934405571057,TheEmptinessMachine,BBR,Bola,HTTP/2
2025-04-30 23:37:21,stallRate,8.3199999332428,0.0,TheEmptinessMachine,BBR,Bola,HTTP/3
2025-04-30 23:37:23,stallRate,10.3199999332428,0.0,TheEmptinessMachine,BBR,Bola,HTTP/3
2025-04-30 23:37:25,stallRate,12.3199999332428,0.0,TheEmptinessMachine,BBR,Bola,HTTP/3
2025-04-30 23:37:27,stallRate,14.3199999332428,0.0,TheEmptinessMachine,BBR,Bola,HTTP/3
2025-04-30 23:37:29,stallRate,16.3199999332428,0.0,TheEmptinessMachine,BBR,Bola,HTTP/3
2025-04-30 23:37:31,stallRate,18.3199999332428,0.0,TheEmptinessMachine,BBR,Bola,HTTP/3
2025-04-30 23:37:33,stallRate,20.3199999332428,0.0,TheEmptinessMachine,BBR,Bola,HTTP/3
2025-04-30 23:37:35,stallRate,22.3199999332428,0.0,TheEmptinessMachine,BBR,Bola,HTTP/3
2025-04-30 23:37:37,stallRate,24.3199999332428,0.0,TheEmptinessMachine,BBR,Bola,HTTP/3
2025-04-30 23:37:39,stallRate,26.3199999332428,0.0,TheEmptinessMachine,BBR,Bola,HTTP/3
2025-04-30 23:37:41,stallRate,28.3199999332428,0.0,TheEmptinessMachine,BBR,Bola,HTTP/3
2025-04-30 23:37:43,stallRate,30.3199999332428,0.0,TheEmptinessMachine,BBR,Bola,HTTP/3
2025-04-30 23:37:45,stallRate,32.3199999332428,0.0,TheEmptinessMachine,BBR,Bola,HTTP/3
2025-04-30 23:37:47,stallRate,34.3199999332428,0.0,TheEmptinessMachine,BBR,Bola,HTTP/3
2025-04-30 23:37:49,stallRate,36.3209998607635,0.0,TheEmptinessMachine,BBR,Bola,HTTP/3
2025-04-30 23:37:51,stallRate,38.3199999332428,0.0,TheEmptinessMachine,BBR,Bola,HTTP/3
2025-04-30 23:37:53,stallRate,40.3199999332428,0.0,TheEmptinessMachine,BBR,Bola,HTTP/3
2025-04-30 23:37:55,stallRate,42.3199999332428,0.0,TheEmptinessMachine,BBR,Bola,HTTP/3
2025-04-30 23:37:57,stallRate,44.3199999332428,0.0,TheEmptinessMachine,BBR,Bola,HTTP/3
2025-04-30 23:37:59,stallRate,46.3199999332428,0.0,TheEmptinessMachine,BBR,Bola,HTTP/3
2025-04-30 23:38:01,stallRate,48.3199999332428,0.0,TheEmptinessMachine,BBR,Bola,HTTP/3
2025-04-30 23:38:03,stallRate,50.3199999332428,0.681290980700805,TheEmptinessMachine,BBR,Bola,HTTP/3
2025-04-30 23:38:05,stallRate,52.3199999332428,0.651393555505746,TheEmptinessMachine,BBR,Bola,HTTP/3
2025-04-30 23:38:07,stallRate,54.3199999332428,0.624072669285793,TheEmptinessMachine,BBR,Bola,HTTP/3
2025-04-30 23:38:09,stallRate,56.3199999332428,0.598868189389271,TheEmptinessMachine,BBR,Bola,HTTP/3
2025-04-30 23:38:11,stallRate,58.3199999332428,0.575718576823825,TheEmptinessMachine,BBR,Bola,HTTP/3
2025-04-30 23:38:13,stallRate,60.3199999332428,0.554225604389028,TheEmptinessMachine,BBR,Bola,HTTP/3
2025-04-30 23:38:15,stallRate,62.3199999332428,0.534347400349776,TheEmptinessMachine,BBR,Bola,HTTP/3
2025-04-30 23:38:17,stallRate,64.3199999332428,0.515956684020529,TheEmptinessMachine,BBR,Bola,HTTP/3
2025-04-30 23:38:19,stallRate,66.3199999332428,0.49875249049648,TheEmptinessMachine,BBR,Bola,HTTP/3
2025-04-30 23:38:21,stallRate,68.3199999332428,0.482569976071817,TheEmptinessMachine,BBR,Bola,HTTP/3
2025-04-30 23:38:23,stallRate,70.3199999332428,0.46738289128689,TheEmptinessMachine,BBR,Bola,HTTP/3
2025-04-30 23:38:25,stallRate,72.3199999332428,0.453147632390511,TheEmptinessMachine,BBR,Bola,HTTP/3
2025-04-30 23:38:27,stallRate,74.3199999332428,0.439789020026833,TheEmptinessMachine,BBR,Bola,HTTP/3
2025-04-30 23:38:29,stallRate,76.3199999332428,0.427140933792471,TheEmptinessMachine,BBR,Bola,HTTP/3
2025-04-30 23:38:31,stallRate,78.3199999332428,0.415255432848179,TheEmptinessMachine,BBR,Bola,HTTP/3
2025-04-30 23:38:33,stallRate,80.3199999332428,1.68021346213803,TheEmptinessMachine,BBR,Bola,HTTP/3
2025-04-30 23:38:35,stallRate,82.3199999332428,1.63513908270763,TheEmptinessMachine,BBR,Bola,HTTP/3
2025-04-30 23:38:37,stallRate,84.3199999332428,1.67899209673904,TheEmptinessMachine,BBR,Bola,HTTP/3
2025-04-30 23:38:39,stallRate,86.3199999332428,1.63640792485033,TheEmptinessMachine,BBR,Bola,HTTP/3
2025-04-30 23:38:41,stallRate,88.3199999332428,1.59579765269415,TheEmptinessMachine,BBR,Bola,HTTP/3
2025-04-30 23:38:43,stallRate,90.3199999332428,1.55707684836047,TheEmptinessMachine,BBR,Bola,HTTP/3
2025-04-30 23:38:45,stallRate,92.3199999332428,1.52029729112831,TheEmptinessMachine,BBR,Bola,HTTP/3
2025-04-30 23:38:47,stallRate,94.3199999332428,1.48542478977534,TheEmptinessMachine,BBR,Bola,HTTP/3
2025-04-30 23:38:49,stallRate,96.3199999332428,1.45188952590759,TheEmptinessMachine,BBR,Bola,HTTP/3
2025-04-30 23:38:51,stallRate,98.3199999332428,1.41989378703578,TheEmptinessMachine,BBR,Bola,HTTP/3
2025-04-30 23:38:53,stallRate,100.319999933243,1.38915806199891,TheEmptinessMachine,BBR,Bola,HTTP/3
2025-04-30 23:38:55,stallRate,102.319999933243,1.35971703185976,TheEmptinessMachine,BBR,Bola,HTTP/3
2025-04-30 23:38:57,stallRate,104.319999933243,1.33158317575843,TheEmptinessMachine,BBR,Bola,HTTP/3
2025-04-30 23:38:59,stallRate,106.319999933243,1.30475470975016,TheEmptinessMachine,BBR,Bola,HTTP/3
2025-04-30 23:39:01,stallRate,108.319999933243,1.27895593175736,TheEmptinessMachine,BBR,Bola,HTTP/3
2025-04-30 23:39:03,stallRate,110.319999933243,1.25402425702649,TheEmptinessMachine,BBR,Bola,HTTP/3
2025-04-30 23:39:05,stallRate,112.319999933243,1.23013297509917,TheEmptinessMachine,BBR,Bola,HTTP/3
2025-04-30 23:39:07,stallRate,114.319999933243,1.20702943119451,TheEmptinessMachine,BBR,Bola,HTTP/3
2025-04-30 23:39:09,stallRate,116.319999933243,1.18470454703081,TheEmptinessMachine,BBR,Bola,HTTP/3
2025-04-30 23:39:11,stallRate,118.319999933243,1.1632987194717,TheEmptinessMachine,BBR,Bola,HTTP/3
2025-04-30 23:39:13,stallRate,120.319999933243,1.14259620109707,TheEmptinessMachine,BBR,Bola,HTTP/3
2025-04-30 23:39:15,stallRate,122.319999933243,1.63618283226213,TheEmptinessMachine,BBR,Bola,HTTP/3
2025-04-30 23:39:17,stallRate,124.319999933243,1.60819770314839,TheEmptinessMachine,BBR,Bola,HTTP/3
2025-04-30 23:39:19,stallRate,126.320999860764,1.58103427511702,TheEmptinessMachine,BBR,Bola,HTTP/3
2025-04-30 23:39:21,stallRate,128.319999933243,1.55468815029873,TheEmptinessMachine,BBR,Bola,HTTP/3
2025-04-30 23:39:23,stallRate,130.319999933243,1.52936010765024,TheEmptinessMachine,BBR,Bola,HTTP/3
2025-04-30 23:39:25,stallRate,132.322000026703,1.50488551276518,TheEmptinessMachine,BBR,Bola,HTTP/3
2025-04-30 23:39:27,stallRate,134.319999933243,1.48126010594747,TheEmptinessMachine,BBR,Bola,HTTP/3
2025-04-30 23:39:29,stallRate,136.319999933243,1.45822862715728,TheEmptinessMachine,BBR,Bola,HTTP/3
2025-04-30 23:39:31,stallRate,138.319999933243,1.43584189002267,TheEmptinessMachine,BBR,Bola,HTTP/3
2025-04-30 23:39:33,stallRate,140.319999933243,1.41420015976739,TheEmptinessMachine,BBR,Bola,HTTP/3
2025-04-30 23:39:35,stallRate,142.319999933243,1.39312409625397,TheEmptinessMachine,BBR,Bola,HTTP/3
2025-04-30 23:39:37,stallRate,144.320999860764,1.37277544079724,TheEmptinessMachine,BBR,Bola,HTTP/3
2025-04-30 23:39:39,stallRate,146.320999860764,1.35293963608375,TheEmptinessMachine,BBR,Bola,HTTP/3
2025-04-30 23:39:41,stallRate,148.319999933243,1.33367249053697,TheEmptinessMachine,BBR,Bola,HTTP/3
2025-04-30 23:39:43,stallRate,150.319999933243,1.31507941894269,TheEmptinessMachine,BBR,Bola,HTTP/3
2025-04-30 23:39:45,stallRate,152.319999933243,1.29690772343286,TheEmptinessMachine,BBR,Bola,HTTP/3
2025-04-30 23:39:47,stallRate,154.319999933243,1.27921322679692,TheEmptinessMachine,BBR,Bola,HTTP/3
2025-04-30 23:39:49,stallRate,156.319999933243,1.2620033907271,TheEmptinessMachine,BBR,Bola,HTTP/3
2025-04-30 23:39:51,stallRate,158.319999933243,1.24520066880587,TheEmptinessMachine,BBR,Bola,HTTP/3
2025-04-30 23:39:53,stallRate,160.319999933243,1.22892606282104,TheEmptinessMachine,BBR,Bola,HTTP/3
2025-04-30 23:39:55,stallRate,162.319999933243,1.21300552133423,TheEmptinessMachine,BBR,Bola,HTTP/3
2025-04-30 23:39:57,stallRate,164.319999933243,1.19753036499545,TheEmptinessMachine,BBR,Bola,HTTP/3
2025-04-30 23:39:59,stallRate,166.319999933243,1.18245081920502,TheEmptinessMachine,BBR,Bola,HTTP/3
2025-04-30 23:40:01,stallRate,168.319999933243,1.16782367403757,TheEmptinessMachine,BBR,Bola,HTTP/3
2025-04-30 23:40:03,stallRate,170.319999933243,1.1534730393888,TheEmptinessMachine,BBR,Bola,HTTP/3
2025-04-30 23:40:05,stallRate,172.319999933243,1.13939767630825,TheEmptinessMachine,BBR,Bola,HTTP/3
2025-04-30 23:40:07,stallRate,174.320999860764,1.12574817708891,TheEmptinessMachine,BBR,Bola,HTTP/3
2025-04-30 23:40:09,stallRate,176.319999933243,1.11237288056441,TheEmptinessMachine,BBR,Bola,HTTP/3
2025-04-30 23:40:11,stallRate,178.319999933243,1.09932698457116,TheEmptinessMachine,BBR,Bola,HTTP/3
2025-04-30 23:40:13,stallRate,180.319999933243,1.0865909322641,TheEmptinessMachine,BBR,Bola,HTTP/3
2025-04-30 23:40:15,stallRate,182.319999933243,1.07417149292144,TheEmptinessMachine,BBR,Bola,HTTP/3
2025-04-30 23:40:17,stallRate,184.319999933243,1.06198430870226,TheEmptinessMachine,BBR,Bola,HTTP/3
2025-04-30 23:40:19,stallRate,186.319999933243,1.05012245383924,TheEmptinessMachine,BBR,Bola,HTTP/3
2025-04-30 23:40:21,stallRate,188.319999933243,1.03854803048047,TheEmptinessMachine,BBR,Bola,HTTP/3
2025-04-30 23:40:23,stallRate,190.319999933243,1.02706400963671,TheEmptinessMachine,BBR,Bola,HTTP/3
2025-04-30 23:40:25,stallRate,192.319999933243,1.01594325460462,TheEmptinessMachine,BBR,Bola,HTTP/3
2025-04-30 23:40:27,stallRate,194.319999933243,1.00509081577209,TheEmptinessMachine,BBR,Bola,HTTP/3
2025-04-30 23:40:29,stallRate,196.319999933243,0.994462257549996,TheEmptinessMachine,BBR,Bola,HTTP/3
2025-04-30 23:40:31,stallRate,198.319999933243,0.984043430304551,TheEmptinessMachine,BBR,Bola,HTTP/3
2025-04-30 23:40:33,stallRate,200.319999933243,0.973799616431981,TheEmptinessMachine,BBR,Bola,HTTP/3
2025-04-30 23:40:35,stallRate,202.319999933243,0.963815277328922,TheEmptinessMachine,BBR,Bola,HTTP/3
2025-04-30 23:41:17,stallRate,4.31699991226196,0.0,TheEmptinessMachine,BBR,Festive,HTTP/1.1
2025-04-30 23:41:19,stallRate,6.31699991226196,0.0,TheEmptinessMachine,BBR,Festive,HTTP/1.1
2025-04-30 23:41:21,stallRate,8.31800007820129,0.0,TheEmptinessMachine,BBR,Festive,HTTP/1.1
2025-04-30 23:41:25,stallRate,12.316999912262,8.30910798919827,TheEmptinessMachine,BBR,Festive,HTTP/1.1
2025-04-30 23:41:27,stallRate,14.316999912262,6.70012153640939,TheEmptinessMachine,BBR,Festive,HTTP/1.1
2025-04-30 23:41:29,stallRate,16.316999912262,5.49301680791339,TheEmptinessMachine,BBR,Festive,HTTP/1.1
2025-04-30 23:41:31,stallRate,18.316999912262,4.73266589798365,TheEmptinessMachine,BBR,Festive,HTTP/1.1
2025-04-30 23:41:33,stallRate,20.316999912262,4.15347252925846,TheEmptinessMachine,BBR,Festive,HTTP/1.1
2025-04-30 23:41:37,stallRate,24.316999912262,3.32811244253871,TheEmptinessMachine,BBR,Festive,HTTP/1.1
2025-04-30 23:41:39,stallRate,26.316999912262,3.03467984524323,TheEmptinessMachine,BBR,Festive,HTTP/1.1
2025-04-30 23:41:41,stallRate,28.316999912262,2.7859321312134,TheEmptinessMachine,BBR,Festive,HTTP/1.1
2025-04-30 23:41:43,stallRate,30.316999912262,2.57763327889667,TheEmptinessMachine,BBR,Festive,HTTP/1.1
2025-04-30 23:41:45,stallRate,32.316999912262,2.39759634437075,TheEmptinessMachine,BBR,Festive,HTTP/1.1
2025-04-30 23:41:47,stallRate,34.316999912262,2.241362112705,TheEmptinessMachine,BBR,Festive,HTTP/1.1
2025-04-30 23:41:49,stallRate,36.316999912262,2.10409465070378,TheEmptinessMachine,BBR,Festive,HTTP/1.1
2025-04-30 23:41:51,stallRate,38.316999912262,1.98290742440284,TheEmptinessMachine,BBR,Festive,HTTP/1.1
2025-04-30 23:41:53,stallRate,40.316999912262,1.87487939909747,TheEmptinessMachine,BBR,Festive,HTTP/1.1
2025-04-30 23:41:55,stallRate,42.316999912262,1.77807207144621,TheEmptinessMachine,BBR,Festive,HTTP/1.1
2025-04-30 23:41:57,stallRate,44.316999912262,1.69047482135351,TheEmptinessMachine,BBR,Festive,HTTP/1.1
2025-04-30 23:41:59,stallRate,46.316999912262,1.61149517307458,TheEmptinessMachine,BBR,Festive,HTTP/1.1
2025-04-30 23:42:01,stallRate,48.3180000782013,1.53925158614454,TheEmptinessMachine,BBR,Festive,HTTP/1.1
2025-04-30 23:42:03,stallRate,50.316999912262,1.473399331922,TheEmptinessMachine,BBR,Festive,HTTP/1.1
2025-04-30 23:42:05,stallRate,52.316999912262,1.4127415416127,TheEmptinessMachine,BBR,Festive,HTTP/1.1
2025-04-30 23:42:07,stallRate,54.316999912262,1.35717498497645,TheEmptinessMachine,BBR,Festive,HTTP/1.1
2025-04-30 23:42:09,stallRate,56.319000005722,1.30553981596837,TheEmptinessMachine,BBR,Festive,HTTP/1.1
2025-04-30 23:42:11,stallRate,58.316999912262,1.25819889732435,TheEmptinessMachine,BBR,Festive,HTTP/1.1
2025-04-30 23:42:13,stallRate,60.316999912262,1.21393744055828,TheEmptinessMachine,BBR,Festive,HTTP/1.1
2025-04-30 23:42:15,stallRate,62.3180000782013,1.17271567378187,TheEmptinessMachine,BBR,Festive,HTTP/1.1
2025-04-30 23:42:17,stallRate,64.3180000782013,1.13400402904961,TheEmptinessMachine,BBR,Festive,HTTP/1.1
2025-04-30 23:42:19,stallRate,66.316999912262,1.0977587401805,TheEmptinessMachine,BBR,Festive,HTTP/1.1
2025-04-30 23:42:21,stallRate,68.3180000782013,1.06361053742828,TheEmptinessMachine,BBR,Festive,HTTP/1.1
2025-04-30 23:42:25,stallRate,72.316999912262,2.98044663745075,TheEmptinessMachine,BBR,Festive,HTTP/1.1
2025-04-30 23:42:27,stallRate,74.316999912262,3.25235203459133,TheEmptinessMachine,BBR,Festive,HTTP/1.1
2025-04-30 23:42:29,stallRate,76.316999912262,3.162886350833,TheEmptinessMachine,BBR,Festive,HTTP/1.1
2025-04-30 23:42:31,stallRate,78.316999912262,3.07824035079043,TheEmptinessMachine,BBR,Festive,HTTP/1.1
2025-04-30 23:42:33,stallRate,80.316999912262,2.99814581045066,TheEmptinessMachine,BBR,Festive,HTTP/1.1
2025-04-30 23:42:37,stallRate,84.319000005722,5.16017828380547,TheEmptinessMachine,BBR,Festive,HTTP/1.1
2025-04-30 23:42:39,stallRate,86.316999912262,5.30881328043306,TheEmptinessMachine,BBR,Festive,HTTP/1.1
2025-04-30 23:42:41,stallRate,88.316999912262,5.18271565918846,TheEmptinessMachine,BBR,Festive,HTTP/1.1
2025-04-30 23:42:43,stallRate,90.316999912262,5.06367239687638,TheEmptinessMachine,BBR,Festive,HTTP/1.1
2025-04-30 23:42:45,stallRate,92.316999912262,4.94885993988445,TheEmptinessMachine,BBR,Festive,HTTP/1.1
2025-04-30 23:42:47,stallRate,94.316999912262,4.84009766914586,TheEmptinessMachine,BBR,Festive,HTTP/1.1
2025-04-30 23:42:49,stallRate,96.316999912262,4.73584263933885,TheEmptinessMachine,BBR,Festive,HTTP/1.1
2025-04-30 23:42:51,stallRate,98.316999912262,4.63615622665313,TheEmptinessMachine,BBR,Festive,HTTP/1.1
2025-04-30 23:42:53,stallRate,100.316999912262,4.54013272408741,TheEmptinessMachine,BBR,Festive,HTTP/1.1
2025-04-30 23:42:55,stallRate,102.316999912262,4.44785487502501,TheEmptinessMachine,BBR,Festive,HTTP/1.1
2025-04-30 23:42:57,stallRate,104.316999912262,4.35953866820569,TheEmptinessMachine,BBR,Festive,HTTP/1.1
2025-04-30 23:42:59,stallRate,106.318000078201,4.27468359644573,TheEmptinessMachine,BBR,Festive,HTTP/1.1
2025-04-30 23:43:01,stallRate,108.316999912262,4.19310632998077,TheEmptinessMachine,BBR,Festive,HTTP/1.1
2025-04-30 23:43:03,stallRate,110.316999912262,4.11427492529098,TheEmptinessMachine,BBR,Festive,HTTP/1.1
2025-04-30 23:43:05,stallRate,112.316999912262,4.03878922591801,TheEmptinessMachine,BBR,Festive,HTTP/1.1
2025-04-30 23:43:07,stallRate,114.316999912262,3.96570179541012,TheEmptinessMachine,BBR,Festive,HTTP/1.1
2025-04-30 23:43:09,stallRate,116.316999912262,3.89577125840804,TheEmptinessMachine,BBR,Festive,HTTP/1.1
2025-04-30 23:43:11,stallRate,118.316999912262,3.82764374640747,TheEmptinessMachine,BBR,Festive,HTTP/1.1
2025-04-30 23:43:13,stallRate,120.316999912262,3.76202018692007,TheEmptinessMachine,BBR,Festive,HTTP/1.1
2025-04-30 23:43:15,stallRate,122.316999912262,3.6984000842195,TheEmptinessMachine,BBR,Festive,HTTP/1.1
2025-04-30 23:43:17,stallRate,124.316999912262,3.63779172281073,TheEmptinessMachine,BBR,Festive,HTTP/1.1
2025-04-30 23:43:19,stallRate,126.316999912262,3.57850666087038,TheEmptinessMachine,BBR,Festive,HTTP/1.1
2025-04-30 23:43:21,stallRate,128.316999912262,3.52088204648431,TheEmptinessMachine,BBR,Festive,HTTP/1.1
2025-04-30 23:43:23,stallRate,130.316999912262,3.46529921037936,TheEmptinessMachine,BBR,Festive,HTTP/1.1
2025-04-30 23:43:25,stallRate,132.316999912262,3.41132013722104,TheEmptinessMachine,BBR,Festive,HTTP/1.1
2025-04-30 23:43:27,stallRate,134.316999912262,3.35884938560173,TheEmptinessMachine,BBR,Festive,HTTP/1.1
2025-04-30 23:43:29,stallRate,136.316999912262,3.30856484313718,TheEmptinessMachine,BBR,Festive,HTTP/1.1
2025-04-30 23:43:31,stallRate,138.316999912262,3.25952131612641,TheEmptinessMachine,BBR,Festive,HTTP/1.1
2025-04-30 23:43:33,stallRate,140.316999912262,3.21197274928039,TheEmptinessMachine,BBR,Festive,HTTP/1.1
2025-04-30 23:43:37,stallRate,144.318000078201,3.72584148131139,TheEmptinessMachine,BBR,Festive,HTTP/1.1
2025-04-30 23:43:39,stallRate,146.316999912262,3.67365687927603,TheEmptinessMachine,BBR,Festive,HTTP/1.1
2025-04-30 23:43:41,stallRate,148.316999912262,3.62283193645754,TheEmptinessMachine,BBR,Festive,HTTP/1.1
2025-04-30 23:43:43,stallRate,150.316999912262,3.57343888880613,TheEmptinessMachine,BBR,Festive,HTTP/1.1
2025-04-30 23:43:45,stallRate,152.316999912262,4.14423843046792,TheEmptinessMachine,BBR,Festive,HTTP/1.1
2025-04-30 23:43:47,stallRate,154.316999912262,4.08937252362296,TheEmptinessMachine,BBR,Festive,HTTP/1.1
2025-04-30 23:43:49,stallRate,156.316999912262,4.03601752276577,TheEmptinessMachine,BBR,Festive,HTTP/1.1
2025-04-30 23:43:51,stallRate,158.316999912262,3.98380980314914,TheEmptinessMachine,BBR,Festive,HTTP/1.1
2025-04-30 23:43:53,stallRate,160.316999912262,3.93283088028779,TheEmptinessMachine,BBR,Festive,HTTP/1.1
2025-04-30 23:43:55,stallRate,162.318000078201,3.8832344861564,TheEmptinessMachine,BBR,Festive,HTTP/1.1
2025-04-30 23:43:57,stallRate,164.316999912262,3.83505000645148,TheEmptinessMachine,BBR,Festive,HTTP/1.1
2025-04-30 23:43:59,stallRate,166.316999912262,3.78823925116146,TheEmptinessMachine,BBR,Festive,HTTP/1.1
2025-04-30 23:44:01,stallRate,168.316999912262,3.74220520886149,TheEmptinessMachine,BBR,Festive,HTTP/1.1
2025-04-30 23:44:03,stallRate,170.316999912262,3.69735069246622,TheEmptinessMachine,BBR,Festive,HTTP/1.1
2025-04-30 23:44:05,stallRate,172.316999912262,3.78525646871499,TheEmptinessMachine,BBR,Festive,HTTP/1.1
2025-04-30 23:44:07,stallRate,174.316999912262,3.7407657533154,TheEmptinessMachine,BBR,Festive,HTTP/1.1
2025-04-30 23:44:09,stallRate,176.318000078201,3.69740029926929,TheEmptinessMachine,BBR,Festive,HTTP/1.1
2025-04-30 23:44:11,stallRate,178.316999912262,3.90774312848898,TheEmptinessMachine,BBR,Festive,HTTP/1.1
2025-04-30 23:44:13,stallRate,180.316999912262,3.86353584871138,TheEmptinessMachine,BBR,Festive,HTTP/1.1
2025-04-30 23:44:15,stallRate,182.316999912262,3.82692417481259,TheEmptinessMachine,BBR,Festive,HTTP/1.1
2025-04-30 23:44:17,stallRate,184.316999912262,3.7846643247817,TheEmptinessMachine,BBR,Festive,HTTP/1.1
2025-04-30 23:44:19,stallRate,186.316999912262,3.74336965109603,TheEmptinessMachine,BBR,Festive,HTTP/1.1
2025-04-30 23:44:21,stallRate,188.316999912262,3.70280379371722,TheEmptinessMachine,BBR,Festive,HTTP/1.1
2025-04-30 23:44:23,stallRate,190.316999912262,3.66327541304664,TheEmptinessMachine,BBR,Festive,HTTP/1.1
2025-04-30 23:44:25,stallRate,192.316999912262,3.62439350198066,TheEmptinessMachine,BBR,Festive,HTTP/1.1
2025-04-30 23:44:27,stallRate,194.316999912262,3.58640750974996,TheEmptinessMachine,BBR,Festive,HTTP/1.1
2025-04-30 23:44:29,stallRate,196.316999912262,3.54919407985838,TheEmptinessMachine,BBR,Festive,HTTP/1.1
2025-04-30 23:44:31,stallRate,198.316999912262,3.51255252875012,TheEmptinessMachine,BBR,Festive,HTTP/1.1
2025-04-30 23:45:20,stallRate,4.12000012397766,0.0,TheEmptinessMachine,BBR,Festive,HTTP/2
2025-04-30 23:45:22,stallRate,6.12100005149841,0.0,TheEmptinessMachine,BBR,Festive,HTTP/2
2025-04-30 23:45:24,stallRate,8.12000012397766,0.0,TheEmptinessMachine,BBR,Festive,HTTP/2
2025-04-30 23:45:50,stallRate,34.1200001239777,289.52896484995,TheEmptinessMachine,BBR,Festive,HTTP/2
2025-04-30 23:45:52,stallRate,36.1210000514984,243.644457432054,TheEmptinessMachine,BBR,Festive,HTTP/2
2025-04-30 23:45:56,stallRate,40.1200001239777,196.580696066477,TheEmptinessMachine,BBR,Festive,HTTP/2
2025-04-30 23:46:04,stallRate,48.1200001239777,131.542767874985,TheEmptinessMachine,BBR,Festive,HTTP/2
2025-04-30 23:46:08,stallRate,52.1200001239777,116.601642263589,TheEmptinessMachine,BBR,Festive,HTTP/2
2025-04-30 23:46:10,stallRate,54.1210000514984,114.523009236255,TheEmptinessMachine,BBR,Festive,HTTP/2
2025-04-30 23:46:12,stallRate,56.1200001239777,114.523009236255,TheEmptinessMachine,BBR,Festive,HTTP/2
2025-04-30 23:46:14,stallRate,58.1200001239777,114.523009236255,TheEmptinessMachine,BBR,Festive,HTTP/2
2025-04-30 23:46:16,stallRate,60.1200001239777,110.159291497134,TheEmptinessMachine,BBR,Festive,HTTP/2
2025-04-30 23:46:18,stallRate,62.1200001239777,101.878982873986,TheEmptinessMachine,BBR,Festive,HTTP/2
2025-04-30 23:46:20,stallRate,64.1210000514984,94.7780980220609,TheEmptinessMachine,BBR,Festive,HTTP/2
2025-04-30 23:46:24,stallRate,68.1200001239777,86.5989425462366,TheEmptinessMachine,BBR,Festive,HTTP/2
2025-04-30 23:46:26,stallRate,70.1200001239777,82.8151601329715,TheEmptinessMachine,BBR,Festive,HTTP/2
2025-04-30 23:46:28,stallRate,72.1210000514984,79.6531935448954,TheEmptinessMachine,BBR,Festive,HTTP/2
2025-04-30 23:46:30,stallRate,74.1210000514984,75.5376070944444,TheEmptinessMachine,BBR,Festive,HTTP/2
2025-04-30 23:46:32,stallRate,76.1200001239777,77.5726763473772,TheEmptinessMachine,BBR,Festive,HTTP/2
2025-04-30 23:46:34,stallRate,78.1200001239777,74.094161626049,TheEmptinessMachine,BBR,Festive,HTTP/2
2025-04-30 23:46:36,stallRate,80.1200001239777,70.6272579116743,TheEmptinessMachine,BBR,Festive,HTTP/2
2025-04-30 23:46:38,stallRate,82.1200001239777,67.4555575219994,TheEmptinessMachine,BBR,Festive,HTTP/2
2025-04-30 23:46:40,stallRate,84.1200001239777,64.5679659053711,TheEmptinessMachine,BBR,Festive,HTTP/2
2025-04-30 23:46:42,stallRate,86.1200001239777,61.9058487636293,TheEmptinessMachine,BBR,Festive,HTTP/2
2025-04-30 23:46:44,stallRate,88.1210000514984,59.445260970447,TheEmptinessMachine,BBR,Festive,HTTP/2
2025-04-30 23:46:46,stallRate,90.1200001239777,57.1866893630433,TheEmptinessMachine,BBR,Festive,HTTP/2
2025-04-30 23:46:48,stallRate,92.1200001239777,55.0862036045777,TheEmptinessMachine,BBR,Festive,HTTP/2
2025-04-30 23:46:50,stallRate,94.1210000514984,53.1398056505389,TheEmptinessMachine,BBR,Festive,HTTP/2
2025-04-30 23:46:52,stallRate,96.1200001239777,51.3281479107152,TheEmptinessMachine,BBR,Festive,HTTP/2
2025-04-30 23:46:54,stallRate,98.1210000514984,49.6343106744197,TheEmptinessMachine,BBR,Festive,HTTP/2
2025-04-30 23:46:56,stallRate,100.120000123978,48.0527230244034,TheEmptinessMachine,BBR,Festive,HTTP/2
2025-04-30 23:46:58,stallRate,102.120000123978,46.5627644059271,TheEmptinessMachine,BBR,Festive,HTTP/2
2025-04-30 23:47:00,stallRate,104.120000123978,45.1678903766974,TheEmptinessMachine,BBR,Festive,HTTP/2
2025-04-30 23:47:02,stallRate,106.120000123978,43.8554378560317,TheEmptinessMachine,BBR,Festive,HTTP/2
2025-04-30 23:47:04,stallRate,108.120000123978,42.6113283076726,TheEmptinessMachine,BBR,Festive,HTTP/2
2025-04-30 23:47:06,stallRate,110.120000123978,41.4350090035151,TheEmptinessMachine,BBR,Festive,HTTP/2
2025-04-30 23:47:08,stallRate,112.120000123978,40.3289621947113,TheEmptinessMachine,BBR,Festive,HTTP/2
2025-04-30 23:47:10,stallRate,114.120000123978,39.2760922889601,TheEmptinessMachine,BBR,Festive,HTTP/2
2025-04-30 23:47:12,stallRate,116.120000123978,38.2714967007197,TheEmptinessMachine,BBR,Festive,HTTP/2
2025-04-30 23:47:14,stallRate,118.120000123978,37.3233811597213,TheEmptinessMachine,BBR,Festive,HTTP/2
2025-04-30 23:47:18,stallRate,122.120000123978,38.0029318889406,TheEmptinessMachine,BBR,Festive,HTTP/2
2025-04-30 23:47:20,stallRate,124.120000123978,38.1898204012689,TheEmptinessMachine,BBR,Festive,HTTP/2
2025-04-30 23:47:24,stallRate,128.120000123978,37.5603515463248,TheEmptinessMachine,BBR,Festive,HTTP/2
2025-04-30 23:47:26,stallRate,130.120000123978,36.7215109721668,TheEmptinessMachine,BBR,Festive,HTTP/2
2025-04-30 23:47:28,stallRate,132.121000051498,35.9163592549951,TheEmptinessMachine,BBR,Festive,HTTP/2
2025-04-30 23:47:32,stallRate,136.121000051498,36.8917230454027,TheEmptinessMachine,BBR,Festive,HTTP/2
2025-04-30 23:47:34,stallRate,138.120000123978,36.784333647365,TheEmptinessMachine,BBR,Festive,HTTP/2
2025-04-30 23:47:36,stallRate,140.120000123978,36.0569313587069,TheEmptinessMachine,BBR,Festive,HTTP/2
2025-04-30 23:47:38,stallRate,142.120000123978,35.3150467477739,TheEmptinessMachine,BBR,Festive,HTTP/2
2025-04-30 23:47:40,stallRate,144.124000072479,34.5984272823335,TheEmptinessMachine,BBR,Festive,HTTP/2
2025-04-30 23:47:42,stallRate,146.120000123978,33.9166217643997,TheEmptinessMachine,BBR,Festive,HTTP/2
2025-04-30 23:47:44,stallRate,148.120000123978,33.2568591355791,TheEmptinessMachine,BBR,Festive,HTTP/2
2025-04-30 23:47:46,stallRate,150.120000123978,32.6275043021813,TheEmptinessMachine,BBR,Festive,HTTP/2
2025-04-30 23:47:48,stallRate,152.120000123978,32.0168145404687,TheEmptinessMachine,BBR,Festive,HTTP/2
2025-04-30 23:47:50,stallRate,154.120000123978,31.4291108943489,TheEmptinessMachine,BBR,Festive,HTTP/2
2025-04-30 23:47:52,stallRate,156.120000123978,30.8635218195063,TheEmptinessMachine,BBR,Festive,HTTP/2
2025-04-30 23:47:54,stallRate,158.121000051498,30.3154866529124,TheEmptinessMachine,BBR,Festive,HTTP/2
2025-04-30 23:47:56,stallRate,160.120000123978,29.7895774071847,TheEmptinessMachine,BBR,Festive,HTTP/2
2025-04-30 23:48:00,stallRate,164.120000123978,29.7950865817427,TheEmptinessMachine,BBR,Festive,HTTP/2
2025-04-30 23:48:04,stallRate,168.121000051498,29.2587604818682,TheEmptinessMachine,BBR,Festive,HTTP/2
2025-04-30 23:48:06,stallRate,170.120000123978,28.7873144886241,TheEmptinessMachine,BBR,Festive,HTTP/2
2025-04-30 23:48:08,stallRate,172.121000051498,28.3752272604545,TheEmptinessMachine,BBR,Festive,HTTP/2
2025-04-30 23:48:10,stallRate,174.120000123978,28.1559840278722,TheEmptinessMachine,BBR,Festive,HTTP/2
2025-04-30 23:48:12,stallRate,176.121000051498,28.0999922252526,TheEmptinessMachine,BBR,Festive,HTTP/2
2025-04-30 23:48:14,stallRate,178.121000051498,28.0999922252526,TheEmptinessMachine,BBR,Festive,HTTP/2
2025-04-30 23:48:16,stallRate,180.121000051498,27.7285317475874,TheEmptinessMachine,BBR,Festive,HTTP/2
2025-04-30 23:48:18,stallRate,182.120000123978,27.3127605685994,TheEmptinessMachine,BBR,Festive,HTTP/2
2025-04-30 23:48:20,stallRate,184.120000123978,26.9074272096814,TheEmptinessMachine,BBR,Festive,HTTP/2
2025-04-30 23:48:22,stallRate,186.121000051498,26.5143388660548,TheEmptinessMachine,BBR,Festive,HTTP/2
2025-04-30 23:48:24,stallRate,188.120000123978,26.1272502440593,TheEmptinessMachine,BBR,Festive,HTTP/2
2025-04-30 23:48:26,stallRate,190.120000123978,25.7555658418208,TheEmptinessMachine,BBR,Festive,HTTP/2
2025-04-30 23:48:28,stallRate,192.120000123978,25.3953611452447,TheEmptinessMachine,BBR,Festive,HTTP/2
2025-04-30 23:48:30,stallRate,194.121000051498,25.0449705192815,TheEmptinessMachine,BBR,Festive,HTTP/2
2025-04-30 23:48:32,stallRate,196.121000051498,24.703599701477,TheEmptinessMachine,BBR,Festive,HTTP/2
2025-04-30 23:48:34,stallRate,198.121000051498,24.3721068207409,TheEmptinessMachine,BBR,Festive,HTTP/2
2025-04-30 23:48:36,stallRate,200.120000123978,24.0479634653476,TheEmptinessMachine,BBR,Festive,HTTP/2
2025-04-30 23:48:38,stallRate,202.120000123978,23.7317989484098,TheEmptinessMachine,BBR,Festive,HTTP/2
2025-04-30 23:48:40,stallRate,204.120000123978,23.4247753340198,TheEmptinessMachine,BBR,Festive,HTTP/2
2025-04-30 23:48:42,stallRate,206.121000051498,23.1257623432552,TheEmptinessMachine,BBR,Festive,HTTP/2
2025-04-30 23:48:44,stallRate,208.120000123978,22.8360357665169,TheEmptinessMachine,BBR,Festive,HTTP/2
2025-04-30 23:48:46,stallRate,210.120000123978,22.5518778892025,TheEmptinessMachine,BBR,Festive,HTTP/2
2025-04-30 23:48:50,stallRate,214.121000051498,22.5902417031558,TheEmptinessMachine,BBR,Festive,HTTP/2
2025-04-30 23:48:52,stallRate,216.121000051498,22.4454665371277,TheEmptinessMachine,BBR,Festive,HTTP/2
2025-04-30 23:48:56,stallRate,220.120000123978,22.9315941318488,TheEmptinessMachine,BBR,Festive,HTTP/2
2025-04-30 23:49:21,stallRate,4.13499999046326,0.0,TheEmptinessMachine,BBR,Festive,HTTP/3
2025-04-30 23:49:23,stallRate,6.13499999046326,0.0,TheEmptinessMachine,BBR,Festive,HTTP/3
2025-04-30 23:49:25,stallRate,8.13499999046326,32.9661826970971,TheEmptinessMachine,BBR,Festive,HTTP/3
2025-04-30 23:49:27,stallRate,10.1349999904633,35.680654377073,TheEmptinessMachine,BBR,Festive,HTTP/3
2025-04-30 23:49:29,stallRate,12.1349999904633,27.5307956545929,TheEmptinessMachine,BBR,Festive,HTTP/3
2025-04-30 23:49:31,stallRate,14.1349999904633,28.9121262289191,TheEmptinessMachine,BBR,Festive,HTTP/3
2025-04-30 23:49:35,stallRate,18.1349999904633,30.0541287647269,TheEmptinessMachine,BBR,Festive,HTTP/3
2025-04-30 23:49:39,stallRate,22.1349999904633,34.7450531318878,TheEmptinessMachine,BBR,Festive,HTTP/3
2025-04-30 23:49:41,stallRate,24.1349999904633,31.6722878747898,TheEmptinessMachine,BBR,Festive,HTTP/3
2025-04-30 23:49:43,stallRate,26.1349999904633,28.544555380186,TheEmptinessMachine,BBR,Festive,HTTP/3
2025-04-30 23:49:49,stallRate,32.1349999904633,22.0680439332116,TheEmptinessMachine,BBR,Festive,HTTP/3
2025-04-30 23:49:51,stallRate,34.1349999904633,20.4970153700228,TheEmptinessMachine,BBR,Festive,HTTP/3
2025-04-30 23:49:53,stallRate,36.1340000629425,19.1320835763997,TheEmptinessMachine,BBR,Festive,HTTP/3
2025-04-30 23:49:55,stallRate,38.1349999904633,17.933612805458,TheEmptinessMachine,BBR,Festive,HTTP/3
2025-04-30 23:49:57,stallRate,40.1349999904633,16.8887824083527,TheEmptinessMachine,BBR,Festive,HTTP/3
2025-04-30 23:49:59,stallRate,42.1349999904633,15.9500186441421,TheEmptinessMachine,BBR,Festive,HTTP/3
2025-04-30 23:50:01,stallRate,44.1349999904633,15.1121657798815,TheEmptinessMachine,BBR,Festive,HTTP/3
2025-04-30 23:50:03,stallRate,46.1340000629425,14.3587152618679,TheEmptinessMachine,BBR,Festive,HTTP/3
2025-04-30 23:50:05,stallRate,48.1380000114441,13.6760735083313,TheEmptinessMachine,BBR,Festive,HTTP/3
2025-04-30 23:50:07,stallRate,50.1349999904633,13.0589770685063,TheEmptinessMachine,BBR,Festive,HTTP/3
2025-04-30 23:50:09,stallRate,52.1349999904633,12.494080025921,TheEmptinessMachine,BBR,Festive,HTTP/3
2025-04-30 23:50:11,stallRate,54.1349999904633,11.9753573803501,TheEmptinessMachine,BBR,Festive,HTTP/3
2025-04-30 23:50:13,stallRate,56.1349999904633,11.498872607744,TheEmptinessMachine,BBR,Festive,HTTP/3
2025-04-30 23:50:15,stallRate,58.1349999904633,11.0545177513669,TheEmptinessMachine,BBR,Festive,HTTP/3
2025-04-30 23:50:17,stallRate,60.1340000629425,10.647844531558,TheEmptinessMachine,BBR,Festive,HTTP/3
2025-04-30 23:50:19,stallRate,62.1349999904633,10.2661606575767,TheEmptinessMachine,BBR,Festive,HTTP/3
2025-04-30 23:50:21,stallRate,64.1349999904633,9.91412682141208,TheEmptinessMachine,BBR,Festive,HTTP/3
2025-04-30 23:50:23,stallRate,66.1349999904633,9.58483200794556,TheEmptinessMachine,BBR,Festive,HTTP/3
2025-04-30 23:50:25,stallRate,68.1349999904633,9.27532610212736,TheEmptinessMachine,BBR,Festive,HTTP/3
2025-04-30 23:50:27,stallRate,70.1349999904633,8.98687154272456,TheEmptinessMachine,BBR,Festive,HTTP/3
2025-04-30 23:50:29,stallRate,72.1349999904633,8.71455208331003,TheEmptinessMachine,BBR,Festive,HTTP/3
2025-04-30 23:50:31,stallRate,74.1349999904633,8.45889053320173,TheEmptinessMachine,BBR,Festive,HTTP/3
2025-04-30 23:50:33,stallRate,76.1349999904633,8.21785466414961,TheEmptinessMachine,BBR,Festive,HTTP/3
2025-04-30 23:50:35,stallRate,78.1340000629425,7.99012499019676,TheEmptinessMachine,BBR,Festive,HTTP/3
2025-04-30 23:50:37,stallRate,80.1349999904633,7.77510565903164,TheEmptinessMachine,BBR,Festive,HTTP/3
2025-04-30 23:50:39,stallRate,82.1349999904633,7.57126307691836,TheEmptinessMachine,BBR,Festive,HTTP/3
2025-04-30 23:50:41,stallRate,84.1349999904633,7.37759767347282,TheEmptinessMachine,BBR,Festive,HTTP/3
2025-04-30 23:50:43,stallRate,86.1349999904633,7.19393264708475,TheEmptinessMachine,BBR,Festive,HTTP/3
2025-04-30 23:50:45,stallRate,88.1349999904633,7.01748669778067,TheEmptinessMachine,BBR,Festive,HTTP/3
2025-04-30 23:50:47,stallRate,90.1349999904633,6.8504250954301,TheEmptinessMachine,BBR,Festive,HTTP/3
2025-04-30 23:50:49,stallRate,92.1349999904633,6.69160850004011,TheEmptinessMachine,BBR,Festive,HTTP/3
2025-04-30 23:50:51,stallRate,94.1349999904633,6.53953378793341,TheEmptinessMachine,BBR,Festive,HTTP/3
2025-04-30 23:50:53,stallRate,96.1349999904633,6.39397481781792,TheEmptinessMachine,BBR,Festive,HTTP/3
2025-04-30 23:50:55,stallRate,98.1349999904633,6.25593267513081,TheEmptinessMachine,BBR,Festive,HTTP/3
2025-04-30 23:50:57,stallRate,100.134999990463,6.12250846784818,TheEmptinessMachine,BBR,Festive,HTTP/3
2025-04-30 23:50:59,stallRate,102.134999990463,5.99577269678236,TheEmptinessMachine,BBR,Festive,HTTP/3
2025-04-30 23:51:01,stallRate,104.134999990463,5.87362249235621,TheEmptinessMachine,BBR,Festive,HTTP/3
2025-04-30 23:51:03,stallRate,106.134999990463,5.75680288095137,TheEmptinessMachine,BBR,Festive,HTTP/3
2025-04-30 23:51:05,stallRate,108.134000062943,5.64393106287546,TheEmptinessMachine,BBR,Festive,HTTP/3
2025-04-30 23:51:07,stallRate,110.134999990463,5.53496117629752,TheEmptinessMachine,BBR,Festive,HTTP/3
2025-04-30 23:51:09,stallRate,112.134999990463,5.43063483156783,TheEmptinessMachine,BBR,Festive,HTTP/3
2025-04-30 23:51:11,stallRate,114.134999990463,5.33051426649913,TheEmptinessMachine,BBR,Festive,HTTP/3
2025-04-30 23:51:13,stallRate,116.134999990463,5.23355569764083,TheEmptinessMachine,BBR,Festive,HTTP/3
2025-04-30 23:51:15,stallRate,118.134999990463,5.1399891908305,TheEmptinessMachine,BBR,Festive,HTTP/3
2025-04-30 23:51:17,stallRate,120.134999990463,5.04988371249831,TheEmptinessMachine,BBR,Festive,HTTP/3
2025-04-30 23:51:19,stallRate,122.134999990463,4.96256195389854,TheEmptinessMachine,BBR,Festive,HTTP/3
2025-04-30 23:51:21,stallRate,124.134999990463,4.87871597580423,TheEmptinessMachine,BBR,Festive,HTTP/3
2025-04-30 23:51:25,stallRate,128.134000062943,5.29547795055461,TheEmptinessMachine,BBR,Festive,HTTP/3
2025-04-30 23:51:27,stallRate,130.134999990463,5.21038498353164,TheEmptinessMachine,BBR,Festive,HTTP/3
2025-04-30 23:51:31,stallRate,134.134999990463,5.58497695132317,TheEmptinessMachine,BBR,Festive,HTTP/3
2025-04-30 23:51:35,stallRate,138.134999990463,5.96719878723224,TheEmptinessMachine,BBR,Festive,HTTP/3
2025-04-30 23:51:37,stallRate,140.134999990463,5.95465594804919,TheEmptinessMachine,BBR,Festive,HTTP/3
2025-04-30 23:51:39,stallRate,142.134999990463,5.86741179723583,TheEmptinessMachine,BBR,Festive,HTTP/3
2025-04-30 23:51:41,stallRate,144.134999990463,5.77938208879313,TheEmptinessMachine,BBR,Festive,HTTP/3
2025-04-30 23:51:43,stallRate,146.134999990463,5.69412391497311,TheEmptinessMachine,BBR,Festive,HTTP/3
2025-04-30 23:51:45,stallRate,148.134999990463,5.61130313694154,TheEmptinessMachine,BBR,Festive,HTTP/3
2025-04-30 23:51:47,stallRate,150.134999990463,5.53022925461928,TheEmptinessMachine,BBR,Festive,HTTP/3
2025-04-30 23:51:49,stallRate,152.134999990463,5.45219294008528,TheEmptinessMachine,BBR,Festive,HTTP/3
2025-04-30 23:51:51,stallRate,154.134999990463,5.37630755514541,TheEmptinessMachine,BBR,Festive,HTTP/3
2025-04-30 23:51:53,stallRate,156.134999990463,5.30228747007668,TheEmptinessMachine,BBR,Festive,HTTP/3
2025-04-30 23:51:55,stallRate,158.134999990463,5.23039332057294,TheEmptinessMachine,BBR,Festive,HTTP/3
2025-04-30 23:51:57,stallRate,160.134999990463,5.1594099973404,TheEmptinessMachine,BBR,Festive,HTTP/3
2025-04-30 23:51:59,stallRate,162.134000062943,5.09112959125579,TheEmptinessMachine,BBR,Festive,HTTP/3
2025-04-30 23:52:01,stallRate,164.134999990463,5.02478021104159,TheEmptinessMachine,BBR,Festive,HTTP/3
2025-04-30 23:52:03,stallRate,166.134999990463,4.95989516951512,TheEmptinessMachine,BBR,Festive,HTTP/3
2025-04-30 23:52:05,stallRate,168.134999990463,4.89690892152501,TheEmptinessMachine,BBR,Festive,HTTP/3
2025-04-30 23:52:07,stallRate,170.134999990463,4.83524716825569,TheEmptinessMachine,BBR,Festive,HTTP/3
2025-04-30 23:52:09,stallRate,172.134999990463,4.77484266035172,TheEmptinessMachine,BBR,Festive,HTTP/3
2025-04-30 23:52:11,stallRate,174.134999990463,4.71667495495389,TheEmptinessMachine,BBR,Festive,HTTP/3
2025-04-30 23:52:15,stallRate,178.134999990463,4.99510186832987,TheEmptinessMachine,BBR,Festive,HTTP/3
2025-04-30 23:52:17,stallRate,180.134999990463,5.36830145084862,TheEmptinessMachine,BBR,Festive,HTTP/3
2025-04-30 23:52:19,stallRate,182.134999990463,5.32972143697976,TheEmptinessMachine,BBR,Festive,HTTP/3
2025-04-30 23:52:21,stallRate,184.134999990463,5.26735616207767,TheEmptinessMachine,BBR,Festive,HTTP/3
2025-04-30 23:52:23,stallRate,186.134999990463,5.20633588783694,TheEmptinessMachine,BBR,Festive,HTTP/3
2025-04-30 23:52:25,stallRate,188.134999990463,5.14686585133527,TheEmptinessMachine,BBR,Festive,HTTP/3
2025-04-30 23:52:27,stallRate,190.134999990463,5.08856559794722,TheEmptinessMachine,BBR,Festive,HTTP/3
2025-04-30 23:52:29,stallRate,192.134999990463,5.0318821425882,TheEmptinessMachine,BBR,Festive,HTTP/3
2025-04-30 23:52:31,stallRate,194.134999990463,4.97652948560866,TheEmptinessMachine,BBR,Festive,HTTP/3
2025-04-30 23:52:33,stallRate,196.134999990463,4.92212635313215,TheEmptinessMachine,BBR,Festive,HTTP/3
2025-04-30 23:52:35,stallRate,198.134000062943,4.86880199049789,TheEmptinessMachine,BBR,Festive,HTTP/3
2025-04-30 23:52:37,stallRate,200.134999990463,4.81672979037986,TheEmptinessMachine,BBR,Festive,HTTP/3
2025-04-30 23:52:39,stallRate,202.134999990463,4.7656332769352,TheEmptinessMachine,BBR,Festive,HTTP/3
2025-04-30 23:52:41,stallRate,204.134999990463,4.71587491884939,TheEmptinessMachine,BBR,Festive,HTTP/3
2025-04-30 23:52:43,stallRate,206.134999990463,4.66723270282988,TheEmptinessMachine,BBR,Festive,HTTP/3
2025-04-30 23:53:23,stallRate,6.3270001411438,0.0,TheEmptinessMachine,BBR,L2A,HTTP/1.1
2025-04-30 23:53:25,stallRate,8.3270001411438,0.0,TheEmptinessMachine,BBR,L2A,HTTP/1.1
2025-04-30 23:53:27,stallRate,10.3270001411438,0.0,TheEmptinessMachine,BBR,L2A,HTTP/1.1
2025-04-30 23:53:29,stallRate,12.3280000686646,0.0,TheEmptinessMachine,BBR,L2A,HTTP/1.1
2025-04-30 23:53:31,stallRate,14.3270001411438,0.0,TheEmptinessMachine,BBR,L2A,HTTP/1.1
2025-04-30 23:53:33,stallRate,16.3270001411438,0.0,TheEmptinessMachine,BBR,L2A,HTTP/1.1
2025-04-30 23:53:35,stallRate,18.3270001411438,0.0,TheEmptinessMachine,BBR,L2A,HTTP/1.1
2025-04-30 23:53:37,stallRate,20.3280000686646,0.0,TheEmptinessMachine,BBR,L2A,HTTP/1.1
2025-04-30 23:53:39,stallRate,22.3270001411438,0.0,TheEmptinessMachine,BBR,L2A,HTTP/1.1
2025-04-30 23:53:41,stallRate,24.3270001411438,0.0,TheEmptinessMachine,BBR,L2A,HTTP/1.1
2025-04-30 23:53:43,stallRate,26.3270001411438,0.0,TheEmptinessMachine,BBR,L2A,HTTP/1.1
2025-04-30 23:53:45,stallRate,28.326000213623,0.0,TheEmptinessMachine,BBR,L2A,HTTP/1.1
2025-04-30 23:53:47,stallRate,30.3270001411438,0.0,TheEmptinessMachine,BBR,L2A,HTTP/1.1
2025-04-30 23:53:49,stallRate,32.3270001411438,0.0,TheEmptinessMachine,BBR,L2A,HTTP/1.1
2025-04-30 23:53:51,stallRate,34.3270001411438,0.0,TheEmptinessMachine,BBR,L2A,HTTP/1.1
2025-04-30 23:53:53,stallRate,36.3270001411438,0.0,TheEmptinessMachine,BBR,L2A,HTTP/1.1
2025-04-30 23:53:55,stallRate,38.326000213623,0.0,TheEmptinessMachine,BBR,L2A,HTTP/1.1
2025-04-30 23:53:57,stallRate,40.3270001411438,0.0,TheEmptinessMachine,BBR,L2A,HTTP/1.1
2025-04-30 23:53:59,stallRate,42.3270001411438,0.0,TheEmptinessMachine,BBR,L2A,HTTP/1.1
2025-04-30 23:54:01,stallRate,44.3270001411438,0.0,TheEmptinessMachine,BBR,L2A,HTTP/1.1
2025-04-30 23:54:03,stallRate,46.3270001411438,0.0,TheEmptinessMachine,BBR,L2A,HTTP/1.1
2025-04-30 23:54:05,stallRate,48.3270001411438,0.0,TheEmptinessMachine,BBR,L2A,HTTP/1.1
2025-04-30 23:54:07,stallRate,50.3270001411438,0.0,TheEmptinessMachine,BBR,L2A,HTTP/1.1
2025-04-30 23:54:09,stallRate,52.3270001411438,0.0,TheEmptinessMachine,BBR,L2A,HTTP/1.1
2025-04-30 23:54:11,stallRate,54.3270001411438,0.0,TheEmptinessMachine,BBR,L2A,HTTP/1.1
2025-04-30 23:54:13,stallRate,56.3270001411438,0.0,TheEmptinessMachine,BBR,L2A,HTTP/1.1
2025-04-30 23:54:15,stallRate,58.3270001411438,0.0,TheEmptinessMachine,BBR,L2A,HTTP/1.1
2025-04-30 23:54:17,stallRate,60.3270001411438,0.0,TheEmptinessMachine,BBR,L2A,HTTP/1.1
2025-04-30 23:54:19,stallRate,62.326000213623,0.0,TheEmptinessMachine,BBR,L2A,HTTP/1.1
2025-04-30 23:54:21,stallRate,64.3270001411438,0.0,TheEmptinessMachine,BBR,L2A,HTTP/1.1
2025-04-30 23:54:23,stallRate,66.3270001411438,0.0,TheEmptinessMachine,BBR,L2A,HTTP/1.1
2025-04-30 23:54:25,stallRate,68.3270001411438,0.0,TheEmptinessMachine,BBR,L2A,HTTP/1.1
2025-04-30 23:54:27,stallRate,70.3270001411438,0.0,TheEmptinessMachine,BBR,L2A,HTTP/1.1
2025-04-30 23:54:29,stallRate,72.3270001411438,0.0,TheEmptinessMachine,BBR,L2A,HTTP/1.1
2025-04-30 23:54:31,stallRate,74.3270001411438,0.0,TheEmptinessMachine,BBR,L2A,HTTP/1.1
2025-04-30 23:54:33,stallRate,76.3280000686646,0.706349755860433,TheEmptinessMachine,BBR,L2A,HTTP/1.1
2025-04-30 23:54:35,stallRate,78.3270001411438,0.741554219761649,TheEmptinessMachine,BBR,L2A,HTTP/1.1
2025-04-30 23:54:37,stallRate,80.3270001411438,0.721685386333978,TheEmptinessMachine,BBR,L2A,HTTP/1.1
2025-04-30 23:54:39,stallRate,82.3270001411438,0.702967177789334,TheEmptinessMachine,BBR,L2A,HTTP/1.1
2025-04-30 23:54:41,stallRate,84.3270001411438,0.685121224013152,TheEmptinessMachine,BBR,L2A,HTTP/1.1
2025-04-30 23:54:43,stallRate,86.326000213623,0.668207864396491,TheEmptinessMachine,BBR,L2A,HTTP/1.1
2025-04-30 23:54:45,stallRate,88.3270001411438,0.652188767316392,TheEmptinessMachine,BBR,L2A,HTTP/1.1
2025-04-30 23:54:47,stallRate,90.3270001411438,0.636815351522551,TheEmptinessMachine,BBR,L2A,HTTP/1.1
2025-04-30 23:54:49,stallRate,92.3270001411438,0.6221813911827,TheEmptinessMachine,BBR,L2A,HTTP/1.1
2025-04-30 23:54:55,stallRate,98.3270001411438,4.89289636051428,TheEmptinessMachine,BBR,L2A,HTTP/1.1
2025-04-30 23:54:57,stallRate,100.327000141144,5.65493482583266,TheEmptinessMachine,BBR,L2A,HTTP/1.1
2025-04-30 23:55:01,stallRate,104.327000141144,6.26166511270615,TheEmptinessMachine,BBR,L2A,HTTP/1.1
2025-04-30 23:55:03,stallRate,106.327000141144,6.30956673189272,TheEmptinessMachine,BBR,L2A,HTTP/1.1
2025-04-30 23:55:05,stallRate,108.327000141144,6.18567619603981,TheEmptinessMachine,BBR,L2A,HTTP/1.1
2025-04-30 23:55:07,stallRate,110.327000141144,6.06611147098916,TheEmptinessMachine,BBR,L2A,HTTP/1.1
2025-04-30 23:55:09,stallRate,112.327000141144,5.95168122374634,TheEmptinessMachine,BBR,L2A,HTTP/1.1
2025-04-30 23:55:11,stallRate,114.327000141144,5.84182559709854,TheEmptinessMachine,BBR,L2A,HTTP/1.1
2025-04-30 23:55:13,stallRate,116.327000141144,5.73543105372699,TheEmptinessMachine,BBR,L2A,HTTP/1.1
2025-04-30 23:55:15,stallRate,118.327000141144,5.63277890367043,TheEmptinessMachine,BBR,L2A,HTTP/1.1
2025-04-30 23:55:17,stallRate,120.327000141144,5.53399654449653,TheEmptinessMachine,BBR,L2A,HTTP/1.1
2025-04-30 23:55:19,stallRate,122.327000141144,5.43880742069592,TheEmptinessMachine,BBR,L2A,HTTP/1.1
2025-04-30 23:55:21,stallRate,124.327000141144,5.34696546084073,TheEmptinessMachine,BBR,L2A,HTTP/1.1
2025-04-30 23:55:23,stallRate,126.327000141144,5.25794745644253,TheEmptinessMachine,BBR,L2A,HTTP/1.1
2025-04-30 23:55:25,stallRate,128.327000141144,5.17195548963422,TheEmptinessMachine,BBR,L2A,HTTP/1.1
2025-04-30 23:55:27,stallRate,130.328000068665,5.08777182599892,TheEmptinessMachine,BBR,L2A,HTTP/1.1
2025-04-30 23:55:29,stallRate,132.327000141144,5.00688892646477,TheEmptinessMachine,BBR,L2A,HTTP/1.1
2025-04-30 23:55:31,stallRate,134.327000141144,4.92877679639176,TheEmptinessMachine,BBR,L2A,HTTP/1.1
2025-04-30 23:55:33,stallRate,136.327000141144,4.85280394670221,TheEmptinessMachine,BBR,L2A,HTTP/1.1
2025-04-30 23:55:35,stallRate,138.327000141144,4.77904660650736,TheEmptinessMachine,BBR,L2A,HTTP/1.1
2025-04-30 23:55:37,stallRate,140.327000141144,4.7081205201959,TheEmptinessMachine,BBR,L2A,HTTP/1.1
2025-04-30 23:55:43,stallRate,146.327000141144,7.18639682201685,TheEmptinessMachine,BBR,L2A,HTTP/1.1
2025-04-30 23:55:45,stallRate,148.327000141144,7.08479169454463,TheEmptinessMachine,BBR,L2A,HTTP/1.1
2025-04-30 23:55:47,stallRate,150.326000213623,6.98659594251346,TheEmptinessMachine,BBR,L2A,HTTP/1.1
2025-04-30 23:55:49,stallRate,152.327000141144,6.89068191921895,TheEmptinessMachine,BBR,L2A,HTTP/1.1
2025-04-30 23:55:51,stallRate,154.327000141144,6.79787109451289,TheEmptinessMachine,BBR,L2A,HTTP/1.1
2025-04-30 23:55:53,stallRate,156.330000162125,6.707455190858,TheEmptinessMachine,BBR,L2A,HTTP/1.1
2025-04-30 23:55:55,stallRate,158.327000141144,6.61922392790412,TheEmptinessMachine,BBR,L2A,HTTP/1.1
2025-04-30 23:55:57,stallRate,160.327000141144,6.53304117276076,TheEmptinessMachine,BBR,L2A,HTTP/1.1
2025-04-30 23:55:59,stallRate,162.327000141144,6.44927878992414,TheEmptinessMachine,BBR,L2A,HTTP/1.1
2025-04-30 23:56:01,stallRate,164.327000141144,6.3673334535273,TheEmptinessMachine,BBR,L2A,HTTP/1.1
2025-04-30 23:56:03,stallRate,166.327000141144,6.28750365880053,TheEmptinessMachine,BBR,L2A,HTTP/1.1
2025-04-30 23:56:05,stallRate,168.327000141144,6.21029225216963,TheEmptinessMachine,BBR,L2A,HTTP/1.1
2025-04-30 23:56:07,stallRate,170.327000141144,6.13461092066118,TheEmptinessMachine,BBR,L2A,HTTP/1.1
2025-04-30 23:56:09,stallRate,172.327000141144,6.06077889727267,TheEmptinessMachine,BBR,L2A,HTTP/1.1
2025-04-30 23:56:11,stallRate,174.327000141144,5.98861640858405,TheEmptinessMachine,BBR,L2A,HTTP/1.1
2025-04-30 23:56:13,stallRate,176.327000141144,5.91830301781815,TheEmptinessMachine,BBR,L2A,HTTP/1.1
2025-04-30 23:56:15,stallRate,178.327000141144,5.84927486844635,TheEmptinessMachine,BBR,L2A,HTTP/1.1
2025-04-30 23:56:17,stallRate,180.327000141144,5.78220851754399,TheEmptinessMachine,BBR,L2A,HTTP/1.1
2025-04-30 23:56:19,stallRate,182.327000141144,5.71638190143352,TheEmptinessMachine,BBR,L2A,HTTP/1.1
2025-04-30 23:56:21,stallRate,184.327000141144,5.65199989106894,TheEmptinessMachine,BBR,L2A,HTTP/1.1
2025-04-30 23:56:23,stallRate,186.327000141144,5.58919360866117,TheEmptinessMachine,BBR,L2A,HTTP/1.1
2025-04-30 23:56:25,stallRate,188.327000141144,5.52790595263047,TheEmptinessMachine,BBR,L2A,HTTP/1.1
2025-04-30 23:56:27,stallRate,190.326000213623,5.46794711995083,TheEmptinessMachine,BBR,L2A,HTTP/1.1
2025-04-30 23:56:29,stallRate,192.327000141144,5.40918818535328,TheEmptinessMachine,BBR,L2A,HTTP/1.1
2025-04-30 23:56:31,stallRate,194.327000141144,5.35146054489248,TheEmptinessMachine,BBR,L2A,HTTP/1.1
2025-04-30 23:56:33,stallRate,196.327000141144,5.29524408142889,TheEmptinessMachine,BBR,L2A,HTTP/1.1
2025-04-30 23:56:35,stallRate,198.327000141144,5.24027195639842,TheEmptinessMachine,BBR,L2A,HTTP/1.1
2025-04-30 23:56:37,stallRate,200.327000141144,5.18618343904194,TheEmptinessMachine,BBR,L2A,HTTP/1.1
2025-04-30 23:57:20,stallRate,4.15799999237061,0.0,TheEmptinessMachine,BBR,L2A,HTTP/2
2025-04-30 23:57:22,stallRate,6.15799999237061,0.0,TheEmptinessMachine,BBR,L2A,HTTP/2
2025-04-30 23:57:24,stallRate,8.15899991989136,0.0,TheEmptinessMachine,BBR,L2A,HTTP/2
2025-04-30 23:57:26,stallRate,10.1579999923706,0.0,TheEmptinessMachine,BBR,L2A,HTTP/2
2025-04-30 23:57:28,stallRate,12.1579999923706,0.0,TheEmptinessMachine,BBR,L2A,HTTP/2
2025-04-30 23:57:30,stallRate,14.1579999923706,0.0,TheEmptinessMachine,BBR,L2A,HTTP/2
2025-04-30 23:57:32,stallRate,16.1579999923706,0.0,TheEmptinessMachine,BBR,L2A,HTTP/2
2025-04-30 23:57:34,stallRate,18.1579999923706,0.0,TheEmptinessMachine,BBR,L2A,HTTP/2
2025-04-30 23:57:36,stallRate,20.1579999923706,0.0,TheEmptinessMachine,BBR,L2A,HTTP/2
2025-04-30 23:57:38,stallRate,22.1579999923706,0.0,TheEmptinessMachine,BBR,L2A,HTTP/2
2025-04-30 23:57:40,stallRate,24.1589999198914,0.0,TheEmptinessMachine,BBR,L2A,HTTP/2
2025-04-30 23:57:42,stallRate,26.1579999923706,0.513026443361315,TheEmptinessMachine,BBR,L2A,HTTP/2
2025-04-30 23:57:44,stallRate,28.1579999923706,0.468774980372834,TheEmptinessMachine,BBR,L2A,HTTP/2
2025-04-30 23:57:50,stallRate,34.1579999923706,10.3687570750798,TheEmptinessMachine,BBR,L2A,HTTP/2
2025-04-30 23:57:52,stallRate,36.1579999923706,9.7036542225028,TheEmptinessMachine,BBR,L2A,HTTP/2
2025-04-30 23:57:56,stallRate,40.1579999923706,10.428994437562,TheEmptinessMachine,BBR,L2A,HTTP/2
2025-04-30 23:57:58,stallRate,42.1579999923706,10.4106094731278,TheEmptinessMachine,BBR,L2A,HTTP/2
2025-04-30 23:58:00,stallRate,44.1579999923706,9.8791306191112,TheEmptinessMachine,BBR,L2A,HTTP/2
2025-04-30 23:58:02,stallRate,46.1589999198914,9.39669068216694,TheEmptinessMachine,BBR,L2A,HTTP/2
2025-04-30 23:58:04,stallRate,48.1700000762939,8.956556415147,TheEmptinessMachine,BBR,L2A,HTTP/2
2025-04-30 23:58:06,stallRate,50.1579999923706,8.69589143096694,TheEmptinessMachine,BBR,L2A,HTTP/2
2025-04-30 23:58:08,stallRate,52.1589999198914,8.32534657995103,TheEmptinessMachine,BBR,L2A,HTTP/2
2025-04-30 23:58:10,stallRate,54.1579999923706,7.98503017726624,TheEmptinessMachine,BBR,L2A,HTTP/2
2025-04-30 23:58:12,stallRate,56.1579999923706,7.69624792410962,TheEmptinessMachine,BBR,L2A,HTTP/2
2025-04-30 23:58:14,stallRate,58.1579999923706,8.2138204152477,TheEmptinessMachine,BBR,L2A,HTTP/2
2025-04-30 23:58:16,stallRate,60.1579999923706,7.93601223775928,TheEmptinessMachine,BBR,L2A,HTTP/2
2025-04-30 23:58:18,stallRate,62.1579999923706,7.64822114169968,TheEmptinessMachine,BBR,L2A,HTTP/2
2025-04-30 23:58:20,stallRate,64.1579999923706,7.37830792246938,TheEmptinessMachine,BBR,L2A,HTTP/2
2025-04-30 23:58:22,stallRate,66.1579999923706,7.12738596139473,TheEmptinessMachine,BBR,L2A,HTTP/2
2025-04-30 23:58:24,stallRate,68.1579999923706,6.89352918452493,TheEmptinessMachine,BBR,L2A,HTTP/2
2025-04-30 23:58:26,stallRate,70.1579999923706,6.67453103792518,TheEmptinessMachine,BBR,L2A,HTTP/2
2025-04-30 23:58:28,stallRate,72.1589999198914,6.46880460121047,TheEmptinessMachine,BBR,L2A,HTTP/2
2025-04-30 23:58:30,stallRate,74.1579999923706,6.27471483355724,TheEmptinessMachine,BBR,L2A,HTTP/2
2025-04-30 23:58:32,stallRate,76.1579999923706,6.09281570842302,TheEmptinessMachine,BBR,L2A,HTTP/2
2025-04-30 23:58:34,stallRate,78.1579999923706,5.92148411086362,TheEmptinessMachine,BBR,L2A,HTTP/2
2025-04-30 23:58:36,stallRate,80.1579999923706,5.75863742754475,TheEmptinessMachine,BBR,L2A,HTTP/2
2025-04-30 23:58:38,stallRate,82.1589999198914,5.6042658747709,TheEmptinessMachine,BBR,L2A,HTTP/2
2025-04-30 23:58:40,stallRate,84.1579999923706,5.45844069515651,TheEmptinessMachine,BBR,L2A,HTTP/2
2025-04-30 23:58:42,stallRate,86.1579999923706,5.32027340646568,TheEmptinessMachine,BBR,L2A,HTTP/2
2025-04-30 23:58:44,stallRate,88.1579999923706,5.18848534043773,TheEmptinessMachine,BBR,L2A,HTTP/2
2025-04-30 23:58:46,stallRate,90.1579999923706,5.06353283203237,TheEmptinessMachine,BBR,L2A,HTTP/2
2025-04-30 23:58:48,stallRate,92.1579999923706,4.94390856785144,TheEmptinessMachine,BBR,L2A,HTTP/2
2025-04-30 23:58:50,stallRate,94.1579999923706,4.82972676963031,TheEmptinessMachine,BBR,L2A,HTTP/2
2025-04-30 23:58:52,stallRate,96.1579999923706,4.72095782800891,TheEmptinessMachine,BBR,L2A,HTTP/2
2025-04-30 23:58:54,stallRate,98.1579999923706,4.61725384195636,TheEmptinessMachine,BBR,L2A,HTTP/2
2025-04-30 23:58:56,stallRate,100.158999919891,4.51759991461444,TheEmptinessMachine,BBR,L2A,HTTP/2
2025-04-30 23:58:58,stallRate,102.157999992371,5.58264833814697,TheEmptinessMachine,BBR,L2A,HTTP/2
2025-04-30 23:59:02,stallRate,106.158999919891,6.62538878121339,TheEmptinessMachine,BBR,L2A,HTTP/2
2025-04-30 23:59:04,stallRate,108.157999992371,7.08940250452325,TheEmptinessMachine,BBR,L2A,HTTP/2
2025-04-30 23:59:06,stallRate,110.157999992371,6.95149306135431,TheEmptinessMachine,BBR,L2A,HTTP/2
2025-04-30 23:59:08,stallRate,112.165999889374,6.81791518991222,TheEmptinessMachine,BBR,L2A,HTTP/2
2025-04-30 23:59:10,stallRate,114.157999992371,6.69103949184361,TheEmptinessMachine,BBR,L2A,HTTP/2
2025-04-30 23:59:12,stallRate,116.157999992371,6.56851371995641,TheEmptinessMachine,BBR,L2A,HTTP/2
2025-04-30 23:59:14,stallRate,118.157999992371,6.44985832876168,TheEmptinessMachine,BBR,L2A,HTTP/2
2025-04-30 23:59:16,stallRate,120.157999992371,6.3351994173873,TheEmptinessMachine,BBR,L2A,HTTP/2
2025-04-30 23:59:18,stallRate,122.157999992371,6.22488045918265,TheEmptinessMachine,BBR,L2A,HTTP/2
2025-04-30 23:59:20,stallRate,124.157999992371,6.11836544881544,TheEmptinessMachine,BBR,L2A,HTTP/2
2025-04-30 23:59:22,stallRate,126.158999919891,6.01599358221956,TheEmptinessMachine,BBR,L2A,HTTP/2
2025-04-30 23:59:24,stallRate,128.157999992371,5.91590885772878,TheEmptinessMachine,BBR,L2A,HTTP/2
2025-04-30 23:59:26,stallRate,130.157999992371,5.81951035456292,TheEmptinessMachine,BBR,L2A,HTTP/2
2025-04-30 23:59:28,stallRate,132.157999992371,5.72602923709265,TheEmptinessMachine,BBR,L2A,HTTP/2
2025-04-30 23:59:30,stallRate,134.157999992371,5.63573504429625,TheEmptinessMachine,BBR,L2A,HTTP/2
2025-04-30 23:59:32,stallRate,136.157999992371,5.54835364433499,TheEmptinessMachine,BBR,L2A,HTTP/2
2025-04-30 23:59:34,stallRate,138.157999992371,6.11216510487842,TheEmptinessMachine,BBR,L2A,HTTP/2
2025-04-30 23:59:36,stallRate,140.158999919891,6.02022942233531,TheEmptinessMachine,BBR,L2A,HTTP/2
2025-04-30 23:59:38,stallRate,142.158999919891,5.93052136177843,TheEmptinessMachine,BBR,L2A,HTTP/2
2025-04-30 23:59:40,stallRate,144.157999992371,5.84354533077146,TheEmptinessMachine,BBR,L2A,HTTP/2
2025-04-30 23:59:42,stallRate,146.157999992371,6.07856230621295,TheEmptinessMachine,BBR,L2A,HTTP/2
2025-04-30 23:59:44,stallRate,148.158999919891,5.99193373764424,TheEmptinessMachine,BBR,L2A,HTTP/2
2025-04-30 23:59:46,stallRate,150.158999919891,6.45338243439041,TheEmptinessMachine,BBR,L2A,HTTP/2
2025-04-30 23:59:48,stallRate,152.158999919891,6.41054877338695,TheEmptinessMachine,BBR,L2A,HTTP/2
2025-04-30 23:59:50,stallRate,154.157999992371,6.32340984334549,TheEmptinessMachine,BBR,L2A,HTTP/2
2025-04-30 23:59:52,stallRate,156.157999992371,6.23849862691281,TheEmptinessMachine,BBR,L2A,HTTP/2
2025-04-30 23:59:54,stallRate,158.157999992371,6.15601238591532,TheEmptinessMachine,BBR,L2A,HTTP/2
2025-04-30 23:59:56,stallRate,160.158999919891,6.07528127432063,TheEmptinessMachine,BBR,L2A,HTTP/2
2025-04-30 23:59:58,stallRate,162.158999919891,5.99698912407128,TheEmptinessMachine,BBR,L2A,HTTP/2
2025-05-01 00:00:00,stallRate,164.157999992371,5.92081662288824,TheEmptinessMachine,BBR,L2A,HTTP/2
2025-05-01 00:00:02,stallRate,166.158999919891,5.85502060687083,TheEmptinessMachine,BBR,L2A,HTTP/2
2025-05-01 00:00:04,stallRate,168.157999992371,5.82737328440084,TheEmptinessMachine,BBR,L2A,HTTP/2
2025-05-01 00:00:06,stallRate,170.157999992371,5.78100570883821,TheEmptinessMachine,BBR,L2A,HTTP/2
2025-05-01 00:00:08,stallRate,172.157999992371,5.73366972888405,TheEmptinessMachine,BBR,L2A,HTTP/2
2025-05-01 00:00:10,stallRate,174.158999919891,5.67426552741085,TheEmptinessMachine,BBR,L2A,HTTP/2
2025-05-01 00:00:12,stallRate,176.157999992371,5.59503701639573,TheEmptinessMachine,BBR,L2A,HTTP/2
2025-05-01 00:00:14,stallRate,178.158999919891,5.52849671195467,TheEmptinessMachine,BBR,L2A,HTTP/2
2025-05-01 00:00:16,stallRate,180.157999992371,5.46164300605203,TheEmptinessMachine,BBR,L2A,HTTP/2
2025-05-01 00:00:18,stallRate,182.157999992371,5.38695749542473,TheEmptinessMachine,BBR,L2A,HTTP/2
2025-05-01 00:00:20,stallRate,184.158999919891,5.32364164633009,TheEmptinessMachine,BBR,L2A,HTTP/2
2025-05-01 00:00:22,stallRate,186.158999919891,5.26163386711772,TheEmptinessMachine,BBR,L2A,HTTP/2
2025-05-01 00:00:24,stallRate,188.158999919891,5.19937114101844,TheEmptinessMachine,BBR,L2A,HTTP/2
2025-05-01 00:00:26,stallRate,190.158999919891,5.1416114394284,TheEmptinessMachine,BBR,L2A,HTTP/2
2025-05-01 00:00:28,stallRate,192.157999992371,5.08493012385034,TheEmptinessMachine,BBR,L2A,HTTP/2
2025-05-01 00:00:30,stallRate,194.157999992371,5.02899829467012,TheEmptinessMachine,BBR,L2A,HTTP/2
2025-05-01 00:00:32,stallRate,196.158999919891,4.97530387031496,TheEmptinessMachine,BBR,L2A,HTTP/2
2025-05-01 00:00:34,stallRate,198.157999992371,4.92253860571794,TheEmptinessMachine,BBR,L2A,HTTP/2
2025-05-01 00:00:36,stallRate,200.158999919891,4.87068266958112,TheEmptinessMachine,BBR,L2A,HTTP/2
2025-05-01 00:00:38,stallRate,202.157999992371,5.06484501896874,TheEmptinessMachine,BBR,L2A,HTTP/2
2025-05-01 00:00:40,stallRate,204.158999919891,5.01291926893254,TheEmptinessMachine,BBR,L2A,HTTP/2
2025-05-01 00:01:21,stallRate,4.13700008392334,0.0,TheEmptinessMachine,BBR,L2A,HTTP/3
2025-05-01 00:01:23,stallRate,6.13700008392334,0.0,TheEmptinessMachine,BBR,L2A,HTTP/3
2025-05-01 00:01:29,stallRate,12.1370000839233,55.2727511108704,TheEmptinessMachine,BBR,L2A,HTTP/3
2025-05-01 00:01:31,stallRate,14.1360001564026,42.9273948721547,TheEmptinessMachine,BBR,L2A,HTTP/3
2025-05-01 00:01:33,stallRate,16.1360001564026,35.1631466650904,TheEmptinessMachine,BBR,L2A,HTTP/3
2025-05-01 00:01:35,stallRate,18.1370000839233,29.7561187433704,TheEmptinessMachine,BBR,L2A,HTTP/3
2025-05-01 00:01:37,stallRate,20.1370000839233,25.8006568806663,TheEmptinessMachine,BBR,L2A,HTTP/3
2025-05-01 00:01:39,stallRate,22.1360001564026,22.7788332397944,TheEmptinessMachine,BBR,L2A,HTTP/3
2025-05-01 00:01:41,stallRate,24.1360001564026,26.8773967264702,TheEmptinessMachine,BBR,L2A,HTTP/3
2025-05-01 00:01:47,stallRate,30.1370000839233,29.4521368925687,TheEmptinessMachine,BBR,L2A,HTTP/3
2025-05-01 00:01:51,stallRate,34.1360001564026,27.0055514874907,TheEmptinessMachine,BBR,L2A,HTTP/3
2025-05-01 00:01:53,stallRate,36.1360001564026,26.7284812682607,TheEmptinessMachine,BBR,L2A,HTTP/3
2025-05-01 00:01:57,stallRate,40.1370000839233,24.487692046291,TheEmptinessMachine,BBR,L2A,HTTP/3
2025-05-01 00:02:01,stallRate,44.1360001564026,25.9421982806178,TheEmptinessMachine,BBR,L2A,HTTP/3
2025-05-01 00:02:03,stallRate,46.1370000839233,25.2757983740713,TheEmptinessMachine,BBR,L2A,HTTP/3
2025-05-01 00:02:05,stallRate,48.1360001564026,25.7550157479262,TheEmptinessMachine,BBR,L2A,HTTP/3
2025-05-01 00:02:07,stallRate,50.1360001564026,24.5937859262086,TheEmptinessMachine,BBR,L2A,HTTP/3
2025-05-01 00:02:09,stallRate,52.1370000839233,23.5222923505507,TheEmptinessMachine,BBR,L2A,HTTP/3
2025-05-01 00:02:11,stallRate,54.1370000839233,22.5504367374544,TheEmptinessMachine,BBR,L2A,HTTP/3
2025-05-01 00:02:13,stallRate,56.1360001564026,21.65166324604,TheEmptinessMachine,BBR,L2A,HTTP/3
2025-05-01 00:02:15,stallRate,58.1370000839233,21.9781533454526,TheEmptinessMachine,BBR,L2A,HTTP/3
2025-05-01 00:02:17,stallRate,60.1370000839233,21.1671716692144,TheEmptinessMachine,BBR,L2A,HTTP/3
2025-05-01 00:02:19,stallRate,62.1360001564026,20.4112100353989,TheEmptinessMachine,BBR,L2A,HTTP/3
2025-05-01 00:02:21,stallRate,64.1370000839233,19.7108778025967,TheEmptinessMachine,BBR,L2A,HTTP/3
2025-05-01 00:02:23,stallRate,66.1370000839233,19.0586848407734,TheEmptinessMachine,BBR,L2A,HTTP/3
2025-05-01 00:02:25,stallRate,68.1370000839233,18.4450119516722,TheEmptinessMachine,BBR,L2A,HTTP/3
2025-05-01 00:02:27,stallRate,70.1370000839233,17.8689755290001,TheEmptinessMachine,BBR,L2A,HTTP/3
2025-05-01 00:02:29,stallRate,72.1370000839233,17.3289690630472,TheEmptinessMachine,BBR,L2A,HTTP/3
2025-05-01 00:02:31,stallRate,74.1370000839233,16.8218365568045,TheEmptinessMachine,BBR,L2A,HTTP/3
2025-05-01 00:02:33,stallRate,76.1370000839233,16.3419862252549,TheEmptinessMachine,BBR,L2A,HTTP/3
2025-05-01 00:02:35,stallRate,78.1370000839233,15.890456163388,TheEmptinessMachine,BBR,L2A,HTTP/3
2025-05-01 00:02:37,stallRate,80.1370000839233,15.4637349992328,TheEmptinessMachine,BBR,L2A,HTTP/3
2025-05-01 00:02:39,stallRate,82.1370000839233,15.0536902969307,TheEmptinessMachine,BBR,L2A,HTTP/3
2025-05-01 00:02:45,stallRate,88.1370000839233,14.1886227189682,TheEmptinessMachine,BBR,L2A,HTTP/3
2025-05-01 00:02:47,stallRate,90.1360001564026,13.8512706377384,TheEmptinessMachine,BBR,L2A,HTTP/3
2025-05-01 00:02:49,stallRate,92.1370000839233,13.5281178278668,TheEmptinessMachine,BBR,L2A,HTTP/3
2025-05-01 00:02:51,stallRate,94.1370000839233,13.222373601251,TheEmptinessMachine,BBR,L2A,HTTP/3
2025-05-01 00:02:53,stallRate,96.1370000839233,12.9274022149339,TheEmptinessMachine,BBR,L2A,HTTP/3
2025-05-01 00:02:55,stallRate,98.1360001564026,12.6461503609452,TheEmptinessMachine,BBR,L2A,HTTP/3
2025-05-01 00:02:57,stallRate,100.136000156403,13.0638948725483,TheEmptinessMachine,BBR,L2A,HTTP/3
2025-05-01 00:02:59,stallRate,102.136000156403,12.9126652743622,TheEmptinessMachine,BBR,L2A,HTTP/3
2025-05-01 00:03:01,stallRate,104.137000083923,12.9126652743622,TheEmptinessMachine,BBR,L2A,HTTP/3
2025-05-01 00:03:03,stallRate,106.137000083923,12.6999512981161,TheEmptinessMachine,BBR,L2A,HTTP/3
2025-05-01 00:03:05,stallRate,108.136000156403,12.4451347805189,TheEmptinessMachine,BBR,L2A,HTTP/3
2025-05-01 00:03:07,stallRate,110.136000156403,12.1992049408114,TheEmptinessMachine,BBR,L2A,HTTP/3
2025-05-01 00:03:09,stallRate,112.137000083923,11.9639951617977,TheEmptinessMachine,BBR,L2A,HTTP/3
2025-05-01 00:03:11,stallRate,114.136000156403,11.7367342427426,TheEmptinessMachine,BBR,L2A,HTTP/3
2025-05-01 00:03:13,stallRate,116.136000156403,11.5184333091859,TheEmptinessMachine,BBR,L2A,HTTP/3
2025-05-01 00:03:15,stallRate,118.137000083923,11.3072659834888,TheEmptinessMachine,BBR,L2A,HTTP/3
2025-05-01 00:03:17,stallRate,120.136000156403,11.1048270604717,TheEmptinessMachine,BBR,L2A,HTTP/3
2025-05-01 00:03:19,stallRate,122.137000083923,10.9086570856394,TheEmptinessMachine,BBR,L2A,HTTP/3
2025-05-01 00:03:21,stallRate,124.138000011444,10.7201979735212,TheEmptinessMachine,BBR,L2A,HTTP/3
2025-05-01 00:03:23,stallRate,126.136000156403,10.53741641072,TheEmptinessMachine,BBR,L2A,HTTP/3
2025-05-01 00:03:25,stallRate,128.136000156403,10.361107983308,TheEmptinessMachine,BBR,L2A,HTTP/3
2025-05-01 00:03:27,stallRate,130.138000011444,10.1904961842465,TheEmptinessMachine,BBR,L2A,HTTP/3
2025-05-01 00:03:31,stallRate,134.136000156403,10.5971218433748,TheEmptinessMachine,BBR,L2A,HTTP/3
2025-05-01 00:03:33,stallRate,136.137000083923,10.430853540733,TheEmptinessMachine,BBR,L2A,HTTP/3
2025-05-01 00:03:35,stallRate,138.137000083923,10.2697535369795,TheEmptinessMachine,BBR,L2A,HTTP/3
2025-05-01 00:03:37,stallRate,140.136000156403,10.1130312718923,TheEmptinessMachine,BBR,L2A,HTTP/3
2025-05-01 00:03:39,stallRate,142.137000083923,9.96189952387861,TheEmptinessMachine,BBR,L2A,HTTP/3
2025-05-01 00:03:41,stallRate,144.137000083923,9.81535996085272,TheEmptinessMachine,BBR,L2A,HTTP/3
2025-05-01 00:03:43,stallRate,146.137000083923,9.672374935204,TheEmptinessMachine,BBR,L2A,HTTP/3
2025-05-01 00:03:45,stallRate,148.136000156403,9.53408506586185,TheEmptinessMachine,BBR,L2A,HTTP/3
2025-05-01 00:03:47,stallRate,150.136000156403,9.39900971168356,TheEmptinessMachine,BBR,L2A,HTTP/3
2025-05-01 00:03:49,stallRate,152.137000083923,9.26877959139249,TheEmptinessMachine,BBR,L2A,HTTP/3
2025-05-01 00:03:51,stallRate,154.136000156403,9.14153667740435,TheEmptinessMachine,BBR,L2A,HTTP/3
2025-05-01 00:03:53,stallRate,156.137000083923,9.0172397611446,TheEmptinessMachine,BBR,L2A,HTTP/3
2025-05-01 00:03:55,stallRate,158.137000083923,8.8958606991785,TheEmptinessMachine,BBR,L2A,HTTP/3
2025-05-01 00:03:57,stallRate,160.136000156403,8.77839557689973,TheEmptinessMachine,BBR,L2A,HTTP/3
2025-05-01 00:03:59,stallRate,162.136000156403,8.66368660246688,TheEmptinessMachine,BBR,L2A,HTTP/3
2025-05-01 00:04:01,stallRate,164.137000083923,8.55219871613637,TheEmptinessMachine,BBR,L2A,HTTP/3
2025-05-01 00:04:03,stallRate,166.138000011444,8.44417309535699,TheEmptinessMachine,BBR,L2A,HTTP/3
2025-05-01 00:04:05,stallRate,168.136000156403,8.33826988229903,TheEmptinessMachine,BBR,L2A,HTTP/3
2025-05-01 00:04:07,stallRate,170.137000083923,8.23503116266823,TheEmptinessMachine,BBR,L2A,HTTP/3
2025-05-01 00:04:09,stallRate,172.137000083923,8.13432580132683,TheEmptinessMachine,BBR,L2A,HTTP/3
2025-05-01 00:04:11,stallRate,174.136000156403,8.03605454076269,TheEmptinessMachine,BBR,L2A,HTTP/3
2025-05-01 00:04:13,stallRate,176.136000156403,7.93976383278382,TheEmptinessMachine,BBR,L2A,HTTP/3
2025-05-01 00:04:15,stallRate,178.136000156403,7.84575328474277,TheEmptinessMachine,BBR,L2A,HTTP/3
2025-05-01 00:04:17,stallRate,180.137000083923,7.75467796775015,TheEmptinessMachine,BBR,L2A,HTTP/3
2025-05-01 00:04:19,stallRate,182.136000156403,7.66531367067873,TheEmptinessMachine,BBR,L2A,HTTP/3
2025-05-01 00:04:21,stallRate,184.136000156403,7.57801515043523,TheEmptinessMachine,BBR,L2A,HTTP/3
2025-05-01 00:04:23,stallRate,186.137000083923,7.49258552389479,TheEmptinessMachine,BBR,L2A,HTTP/3
2025-05-01 00:04:25,stallRate,188.136000156403,7.40922111678221,TheEmptinessMachine,BBR,L2A,HTTP/3
2025-05-01 00:04:27,stallRate,190.136000156403,7.32689626848076,TheEmptinessMachine,BBR,L2A,HTTP/3
2025-05-01 00:04:29,stallRate,192.137000083923,7.24687291202174,TheEmptinessMachine,BBR,L2A,HTTP/3
2025-05-01 00:04:31,stallRate,194.137000083923,7.16884759219273,TheEmptinessMachine,BBR,L2A,HTTP/3
2025-05-01 00:04:35,stallRate,198.136000156403,7.43310622478772,TheEmptinessMachine,BBR,L2A,HTTP/3
2025-05-01 00:04:37,stallRate,200.137000083923,7.36978007056752,TheEmptinessMachine,BBR,L2A,HTTP/3
2025-05-01 00:04:39,stallRate,202.137000083923,7.29263289450965,TheEmptinessMachine,BBR,L2A,HTTP/3
2025-05-01 00:04:41,stallRate,204.137000083923,7.21603332624543,TheEmptinessMachine,BBR,L2A,HTTP/3
2025-05-01 00:04:43,stallRate,206.136000156403,7.14124735093748,TheEmptinessMachine,BBR,L2A,HTTP/3
2025-05-01 00:05:19,stallRate,4.35099983215332,0.0,TheEmptinessMachine,BBR,RB,HTTP/1.1
2025-05-01 00:05:21,stallRate,6.35099983215332,0.0,TheEmptinessMachine,BBR,RB,HTTP/1.1
2025-05-01 00:05:23,stallRate,8.35899996757507,0.0,TheEmptinessMachine,BBR,RB,HTTP/1.1
2025-05-01 00:05:25,stallRate,10.3519999980927,0.0,TheEmptinessMachine,BBR,RB,HTTP/1.1
2025-05-01 00:05:27,stallRate,12.3509998321533,0.0,TheEmptinessMachine,BBR,RB,HTTP/1.1
2025-05-01 00:05:39,stallRate,24.3509998321533,67.1727056105679,TheEmptinessMachine,BBR,RB,HTTP/1.1
2025-05-01 00:05:41,stallRate,26.3509998321533,58.3490292195707,TheEmptinessMachine,BBR,RB,HTTP/1.1
2025-05-01 00:05:43,stallRate,28.3499999046326,51.4795526438163,TheEmptinessMachine,BBR,RB,HTTP/1.1
2025-05-01 00:05:45,stallRate,30.3499999046326,46.2121357869798,TheEmptinessMachine,BBR,RB,HTTP/1.1
2025-05-01 00:05:47,stallRate,32.3509998321533,41.9048159915435,TheEmptinessMachine,BBR,RB,HTTP/1.1
2025-05-01 00:05:49,stallRate,34.3509998321533,38.3292965969489,TheEmptinessMachine,BBR,RB,HTTP/1.1
2025-05-01 00:05:51,stallRate,36.3499999046326,35.3245731656214,TheEmptinessMachine,BBR,RB,HTTP/1.1
2025-05-01 00:05:55,stallRate,40.3499999046326,34.0800820564301,TheEmptinessMachine,BBR,RB,HTTP/1.1
2025-05-01 00:05:57,stallRate,42.3509998321533,31.9251524759105,TheEmptinessMachine,BBR,RB,HTTP/1.1
2025-05-01 00:05:59,stallRate,44.3509998321533,30.019629009294,TheEmptinessMachine,BBR,RB,HTTP/1.1
2025-05-01 00:06:01,stallRate,46.3499999046326,28.3222983766512,TheEmptinessMachine,BBR,RB,HTTP/1.1
2025-05-01 00:06:03,stallRate,48.3509998321533,26.8171526766074,TheEmptinessMachine,BBR,RB,HTTP/1.1
2025-05-01 00:06:05,stallRate,50.3509998321533,25.4591736145208,TheEmptinessMachine,BBR,RB,HTTP/1.1
2025-05-01 00:06:07,stallRate,52.3499999046326,24.2390551171265,TheEmptinessMachine,BBR,RB,HTTP/1.1
2025-05-01 00:06:09,stallRate,54.3509998321533,23.1307122166927,TheEmptinessMachine,BBR,RB,HTTP/1.1
2025-05-01 00:06:11,stallRate,56.3509998321533,22.1145765907815,TheEmptinessMachine,BBR,RB,HTTP/1.1
2025-05-01 00:06:13,stallRate,58.3499999046326,21.1877659689726,TheEmptinessMachine,BBR,RB,HTTP/1.1
2025-05-01 00:06:15,stallRate,60.3509998321533,20.3313394564899,TheEmptinessMachine,BBR,RB,HTTP/1.1
2025-05-01 00:06:17,stallRate,62.3499999046326,19.5434971306321,TheEmptinessMachine,BBR,RB,HTTP/1.1
2025-05-01 00:06:19,stallRate,64.3499999046326,18.8139459006135,TheEmptinessMachine,BBR,RB,HTTP/1.1
2025-05-01 00:06:21,stallRate,66.3509998321533,18.1370889785855,TheEmptinessMachine,BBR,RB,HTTP/1.1
2025-05-01 00:06:23,stallRate,68.3509998321533,17.5085856353868,TheEmptinessMachine,BBR,RB,HTTP/1.1
2025-05-01 00:06:25,stallRate,70.3499999046326,16.919782478873,TheEmptinessMachine,BBR,RB,HTTP/1.1
2025-05-01 00:06:27,stallRate,72.3509998321533,16.3713109005409,TheEmptinessMachine,BBR,RB,HTTP/1.1
2025-05-01 00:06:29,stallRate,74.3509998321533,15.8553151412291,TheEmptinessMachine,BBR,RB,HTTP/1.1
2025-05-01 00:06:31,stallRate,76.3509998321533,15.3704822819042,TheEmptinessMachine,BBR,RB,HTTP/1.1
2025-05-01 00:06:33,stallRate,78.3509998321533,14.9129250637004,TheEmptinessMachine,BBR,RB,HTTP/1.1
2025-05-01 00:06:35,stallRate,80.3499999046326,14.4859928521159,TheEmptinessMachine,BBR,RB,HTTP/1.1
2025-05-01 00:06:37,stallRate,82.3499999046326,14.0818094722057,TheEmptinessMachine,BBR,RB,HTTP/1.1
2025-05-01 00:06:39,stallRate,84.3499999046326,13.7001653952288,TheEmptinessMachine,BBR,RB,HTTP/1.1
2025-05-01 00:06:41,stallRate,86.3499999046326,13.339143037102,TheEmptinessMachine,BBR,RB,HTTP/1.1
2025-05-01 00:06:43,stallRate,88.3499999046326,12.9948870912071,TheEmptinessMachine,BBR,RB,HTTP/1.1
2025-05-01 00:06:45,stallRate,90.3499999046326,12.6656561550144,TheEmptinessMachine,BBR,RB,HTTP/1.1
2025-05-01 00:06:47,stallRate,92.3509998321533,12.3537228934912,TheEmptinessMachine,BBR,RB,HTTP/1.1
2025-05-01 00:06:49,stallRate,94.3499999046326,12.059183781279,TheEmptinessMachine,BBR,RB,HTTP/1.1
2025-05-01 00:06:51,stallRate,96.3509998321533,11.7783722602852,TheEmptinessMachine,BBR,RB,HTTP/1.1
2025-05-01 00:06:53,stallRate,98.3509998321533,11.50910421625,TheEmptinessMachine,BBR,RB,HTTP/1.1
2025-05-01 00:06:55,stallRate,100.350999832153,11.2515559754044,TheEmptinessMachine,BBR,RB,HTTP/1.1
2025-05-01 00:06:57,stallRate,102.349999904633,11.0058308051044,TheEmptinessMachine,BBR,RB,HTTP/1.1
2025-05-01 00:07:05,stallRate,110.349999904633,17.1180908020539,TheEmptinessMachine,BBR,RB,HTTP/1.1
2025-05-01 00:07:07,stallRate,112.350999832153,16.7922780645694,TheEmptinessMachine,BBR,RB,HTTP/1.1
2025-05-01 00:07:09,stallRate,114.350999832153,16.4562951229966,TheEmptinessMachine,BBR,RB,HTTP/1.1
2025-05-01 00:07:11,stallRate,116.349999904633,16.134344638033,TheEmptinessMachine,BBR,RB,HTTP/1.1
2025-05-01 00:07:13,stallRate,118.350999832153,15.8247181118355,TheEmptinessMachine,BBR,RB,HTTP/1.1
2025-05-01 00:07:15,stallRate,120.349999904633,15.527046118744,TheEmptinessMachine,BBR,RB,HTTP/1.1
2025-05-01 00:07:17,stallRate,122.349999904633,15.2408046206091,TheEmptinessMachine,BBR,RB,HTTP/1.1
2025-05-01 00:07:19,stallRate,124.349999904633,14.9648343177373,TheEmptinessMachine,BBR,RB,HTTP/1.1
2025-05-01 00:07:21,stallRate,126.350999832153,14.6968684238864,TheEmptinessMachine,BBR,RB,HTTP/1.1
2025-05-01 00:07:23,stallRate,128.350999832153,14.4392082023176,TheEmptinessMachine,BBR,RB,HTTP/1.1
2025-05-01 00:07:25,stallRate,130.350999832153,14.1911056447418,TheEmptinessMachine,BBR,RB,HTTP/1.1
2025-05-01 00:07:27,stallRate,132.350999832153,13.9510879002523,TheEmptinessMachine,BBR,RB,HTTP/1.1
2025-05-01 00:07:29,stallRate,134.350999832153,13.7194907677683,TheEmptinessMachine,BBR,RB,HTTP/1.1
2025-05-01 00:07:31,stallRate,136.350999832153,13.4964658814743,TheEmptinessMachine,BBR,RB,HTTP/1.1
2025-05-01 00:07:33,stallRate,138.349999904633,13.2895019245689,TheEmptinessMachine,BBR,RB,HTTP/1.1
2025-05-01 00:07:35,stallRate,140.349999904633,13.0782421651114,TheEmptinessMachine,BBR,RB,HTTP/1.1
2025-05-01 00:07:37,stallRate,142.349999904633,12.8738413377092,TheEmptinessMachine,BBR,RB,HTTP/1.1
2025-05-01 00:07:39,stallRate,144.350999832153,12.6760037923514,TheEmptinessMachine,BBR,RB,HTTP/1.1
2025-05-01 00:07:41,stallRate,146.350999832153,12.4846906665029,TheEmptinessMachine,BBR,RB,HTTP/1.1
2025-05-01 00:07:43,stallRate,148.350999832153,12.2984365986336,TheEmptinessMachine,BBR,RB,HTTP/1.1
2025-05-01 00:07:45,stallRate,150.349999904633,12.1184154346223,TheEmptinessMachine,BBR,RB,HTTP/1.1
2025-05-01 00:07:47,stallRate,152.349999904633,11.943791149361,TheEmptinessMachine,BBR,RB,HTTP/1.1
2025-05-01 00:07:49,stallRate,154.350999832153,11.7732880961999,TheEmptinessMachine,BBR,RB,HTTP/1.1
2025-05-01 00:07:51,stallRate,156.350999832153,11.6081484244949,TheEmptinessMachine,BBR,RB,HTTP/1.1
2025-05-01 00:07:53,stallRate,158.349999904633,11.4469035902182,TheEmptinessMachine,BBR,RB,HTTP/1.1
2025-05-01 00:07:55,stallRate,160.350999832153,11.289840496187,TheEmptinessMachine,BBR,RB,HTTP/1.1
2025-05-01 00:07:57,stallRate,162.350999832153,11.1374884718275,TheEmptinessMachine,BBR,RB,HTTP/1.1
2025-05-01 00:07:59,stallRate,164.350999832153,10.9886381096127,TheEmptinessMachine,BBR,RB,HTTP/1.1
2025-05-01 00:08:01,stallRate,166.349999904633,10.8446526482291,TheEmptinessMachine,BBR,RB,HTTP/1.1
2025-05-01 00:08:03,stallRate,168.350999832153,10.7037056787277,TheEmptinessMachine,BBR,RB,HTTP/1.1
2025-05-01 00:08:05,stallRate,170.350999832153,10.5667661466197,TheEmptinessMachine,BBR,RB,HTTP/1.1
2025-05-01 00:08:07,stallRate,172.350999832153,10.4340295266446,TheEmptinessMachine,BBR,RB,HTTP/1.1
2025-05-01 00:08:09,stallRate,174.350999832153,10.3036394773803,TheEmptinessMachine,BBR,RB,HTTP/1.1
2025-05-01 00:08:11,stallRate,176.350999832153,10.176745589873,TheEmptinessMachine,BBR,RB,HTTP/1.1
2025-05-01 00:08:13,stallRate,178.349999904633,10.0528454694947,TheEmptinessMachine,BBR,RB,HTTP/1.1
2025-05-01 00:08:15,stallRate,180.350999832153,9.93194743558254,TheEmptinessMachine,BBR,RB,HTTP/1.1
2025-05-01 00:08:17,stallRate,182.350999832153,9.81347041429031,TheEmptinessMachine,BBR,RB,HTTP/1.1
2025-05-01 00:08:19,stallRate,184.350999832153,9.69780541063118,TheEmptinessMachine,BBR,RB,HTTP/1.1
2025-05-01 00:08:21,stallRate,186.349999904633,9.58579144575108,TheEmptinessMachine,BBR,RB,HTTP/1.1
2025-05-01 00:08:23,stallRate,188.350999832153,9.47582281646812,TheEmptinessMachine,BBR,RB,HTTP/1.1
2025-05-01 00:08:25,stallRate,190.349999904633,9.3678405096541,TheEmptinessMachine,BBR,RB,HTTP/1.1
2025-05-01 00:08:27,stallRate,192.349999904633,9.26288991628602,TheEmptinessMachine,BBR,RB,HTTP/1.1
2025-05-01 00:08:29,stallRate,194.350999832153,9.16042307499559,TheEmptinessMachine,BBR,RB,HTTP/1.1
2025-05-01 00:08:31,stallRate,196.350999832153,9.0597716866196,TheEmptinessMachine,BBR,RB,HTTP/1.1
2025-05-01 00:08:33,stallRate,198.350999832153,8.96112506592747,TheEmptinessMachine,BBR,RB,HTTP/1.1
2025-05-01 00:08:35,stallRate,200.350999832153,8.86487511869278,TheEmptinessMachine,BBR,RB,HTTP/1.1
2025-05-01 00:08:37,stallRate,202.350999832153,8.77071316313222,TheEmptinessMachine,BBR,RB,HTTP/1.1
2025-05-01 00:08:39,stallRate,204.350999832153,8.67854235960544,TheEmptinessMachine,BBR,RB,HTTP/1.1
2025-05-01 00:08:41,stallRate,206.349999904633,8.58850220152712,TheEmptinessMachine,BBR,RB,HTTP/1.1
2025-05-01 00:08:43,stallRate,208.350999832153,8.49991749784794,TheEmptinessMachine,BBR,RB,HTTP/1.1
2025-05-01 00:09:20,stallRate,4.13599991798401,0.0,TheEmptinessMachine,BBR,RB,HTTP/2
2025-05-01 00:09:22,stallRate,6.13599991798401,0.0,TheEmptinessMachine,BBR,RB,HTTP/2
2025-05-01 00:09:24,stallRate,8.13599991798401,0.0,TheEmptinessMachine,BBR,RB,HTTP/2
2025-05-01 00:09:26,stallRate,10.135999917984,0.0,TheEmptinessMachine,BBR,RB,HTTP/2
2025-05-01 00:09:28,stallRate,12.135999917984,0.0,TheEmptinessMachine,BBR,RB,HTTP/2
2025-05-01 00:09:30,stallRate,14.135999917984,0.0,TheEmptinessMachine,BBR,RB,HTTP/2
2025-05-01 00:09:32,stallRate,16.135999917984,0.0,TheEmptinessMachine,BBR,RB,HTTP/2
2025-05-01 00:09:34,stallRate,18.135999917984,0.0,TheEmptinessMachine,BBR,RB,HTTP/2
2025-05-01 00:09:36,stallRate,20.135999917984,0.0,TheEmptinessMachine,BBR,RB,HTTP/2
2025-05-01 00:09:38,stallRate,22.135999917984,0.0,TheEmptinessMachine,BBR,RB,HTTP/2
2025-05-01 00:09:40,stallRate,24.135999917984,0.0,TheEmptinessMachine,BBR,RB,HTTP/2
2025-05-01 00:09:42,stallRate,26.135999917984,0.0,TheEmptinessMachine,BBR,RB,HTTP/2
2025-05-01 00:09:44,stallRate,28.135999917984,0.0,TheEmptinessMachine,BBR,RB,HTTP/2
2025-05-01 00:09:46,stallRate,30.135999917984,0.0,TheEmptinessMachine,BBR,RB,HTTP/2
2025-05-01 00:09:50,stallRate,34.135999917984,0.0,TheEmptinessMachine,BBR,RB,HTTP/2
2025-05-01 00:09:52,stallRate,36.135999917984,0.0,TheEmptinessMachine,BBR,RB,HTTP/2
2025-05-01 00:09:54,stallRate,38.135999917984,0.0,TheEmptinessMachine,BBR,RB,HTTP/2
2025-05-01 00:09:56,stallRate,40.135999917984,0.0,TheEmptinessMachine,BBR,RB,HTTP/2
2025-05-01 00:09:58,stallRate,42.135999917984,0.0,TheEmptinessMachine,BBR,RB,HTTP/2
2025-05-01 00:10:00,stallRate,44.135999917984,0.0,TheEmptinessMachine,BBR,RB,HTTP/2
2025-05-01 00:10:02,stallRate,46.1370000839233,0.0,TheEmptinessMachine,BBR,RB,HTTP/2
2025-05-01 00:10:04,stallRate,48.135999917984,0.0,TheEmptinessMachine,BBR,RB,HTTP/2
2025-05-01 00:10:06,stallRate,50.135999917984,0.0,TheEmptinessMachine,BBR,RB,HTTP/2
2025-05-01 00:10:08,stallRate,52.135999917984,1.75344028052724,TheEmptinessMachine,BBR,RB,HTTP/2
2025-05-01 00:10:10,stallRate,54.135999917984,1.68509251953498,TheEmptinessMachine,BBR,RB,HTTP/2
2025-05-01 00:10:12,stallRate,56.135999917984,1.62198209709854,TheEmptinessMachine,BBR,RB,HTTP/2
2025-05-01 00:10:14,stallRate,58.135999917984,1.56286056345912,TheEmptinessMachine,BBR,RB,HTTP/2
2025-05-01 00:10:16,stallRate,60.135999917984,1.50813599775526,TheEmptinessMachine,BBR,RB,HTTP/2
2025-05-01 00:10:18,stallRate,62.135999917984,1.45727419691384,TheEmptinessMachine,BBR,RB,HTTP/2
2025-05-01 00:10:20,stallRate,64.135999917984,1.40976595058659,TheEmptinessMachine,BBR,RB,HTTP/2
2025-05-01 00:10:22,stallRate,66.135999917984,1.36494786973909,TheEmptinessMachine,BBR,RB,HTTP/2
2025-05-01 00:10:24,stallRate,68.135999917984,1.3230467661421,TheEmptinessMachine,BBR,RB,HTTP/2
2025-05-01 00:10:26,stallRate,70.135999917984,1.28366751741019,TheEmptinessMachine,BBR,RB,HTTP/2
2025-05-01 00:10:28,stallRate,72.135999917984,1.24658898531049,TheEmptinessMachine,BBR,RB,HTTP/2
2025-05-01 00:10:30,stallRate,74.135999917984,1.21166191517804,TheEmptinessMachine,BBR,RB,HTTP/2
2025-05-01 00:10:32,stallRate,76.135999917984,1.17860805746713,TheEmptinessMachine,BBR,RB,HTTP/2
2025-05-01 00:10:34,stallRate,78.135999917984,1.14711752317152,TheEmptinessMachine,BBR,RB,HTTP/2
2025-05-01 00:10:36,stallRate,80.135999917984,1.11753898614222,TheEmptinessMachine,BBR,RB,HTTP/2
2025-05-01 00:10:38,stallRate,82.135999917984,1.08919830914174,TheEmptinessMachine,BBR,RB,HTTP/2
2025-05-01 00:10:40,stallRate,84.135999917984,1.0623504788224,TheEmptinessMachine,BBR,RB,HTTP/2
2025-05-01 00:10:44,stallRate,88.135999917984,1.01257627480263,TheEmptinessMachine,BBR,RB,HTTP/2
2025-05-01 00:10:46,stallRate,90.135999917984,0.98936562122129,TheEmptinessMachine,BBR,RB,HTTP/2
2025-05-01 00:10:48,stallRate,92.135999917984,0.967113716769884,TheEmptinessMachine,BBR,RB,HTTP/2
2025-05-01 00:10:50,stallRate,94.135999917984,0.945831245772538,TheEmptinessMachine,BBR,RB,HTTP/2
2025-05-01 00:10:52,stallRate,96.135999917984,0.925530339777104,TheEmptinessMachine,BBR,RB,HTTP/2
2025-05-01 00:10:54,stallRate,98.135999917984,0.906127282684744,TheEmptinessMachine,BBR,RB,HTTP/2
2025-05-01 00:10:56,stallRate,100.137000083923,0.887519098844128,TheEmptinessMachine,BBR,RB,HTTP/2
2025-05-01 00:10:58,stallRate,102.135999917984,0.869648745679086,TheEmptinessMachine,BBR,RB,HTTP/2
2025-05-01 00:11:00,stallRate,104.135999917984,0.852403772218162,TheEmptinessMachine,BBR,RB,HTTP/2
2025-05-01 00:11:02,stallRate,106.135999917984,0.836063461241455,TheEmptinessMachine,BBR,RB,HTTP/2
2025-05-01 00:11:04,stallRate,108.135999917984,0.820083538824424,TheEmptinessMachine,BBR,RB,HTTP/2
2025-05-01 00:11:06,stallRate,110.137000083923,0.804730881047086,TheEmptinessMachine,BBR,RB,HTTP/2
2025-05-01 00:11:08,stallRate,112.135999917984,0.78997729696908,TheEmptinessMachine,BBR,RB,HTTP/2
2025-05-01 00:11:10,stallRate,114.135999917984,0.775843818963697,TheEmptinessMachine,BBR,RB,HTTP/2
2025-05-01 00:11:12,stallRate,116.135999917984,0.76214891610884,TheEmptinessMachine,BBR,RB,HTTP/2
2025-05-01 00:11:14,stallRate,118.135999917984,0.748904402863391,TheEmptinessMachine,BBR,RB,HTTP/2
2025-05-01 00:11:16,stallRate,120.135999917984,0.736131563360559,TheEmptinessMachine,BBR,RB,HTTP/2
2025-05-01 00:11:18,stallRate,122.135999917984,0.723736996310236,TheEmptinessMachine,BBR,RB,HTTP/2
2025-05-01 00:11:20,stallRate,124.135999917984,0.711814913009216,TheEmptinessMachine,BBR,RB,HTTP/2
2025-05-01 00:11:22,stallRate,126.135999917984,0.700299178006873,TheEmptinessMachine,BBR,RB,HTTP/2
2025-05-01 00:11:24,stallRate,128.135999917984,0.68909665220198,TheEmptinessMachine,BBR,RB,HTTP/2
2025-05-01 00:11:26,stallRate,130.135999917984,0.678289270334877,TheEmptinessMachine,BBR,RB,HTTP/2
2025-05-01 00:11:28,stallRate,132.135999917984,0.667770401016966,TheEmptinessMachine,BBR,RB,HTTP/2
2025-05-01 00:11:30,stallRate,134.135999917984,0.657535382543692,TheEmptinessMachine,BBR,RB,HTTP/2
2025-05-01 00:11:32,stallRate,136.135999917984,0.647667465078395,TheEmptinessMachine,BBR,RB,HTTP/2
2025-05-01 00:11:34,stallRate,138.137000083923,0.638060926707186,TheEmptinessMachine,BBR,RB,HTTP/2
2025-05-01 00:11:36,stallRate,140.135999917984,0.628765601353421,TheEmptinessMachine,BBR,RB,HTTP/2
2025-05-01 00:11:38,stallRate,142.135999917984,0.619793593720144,TheEmptinessMachine,BBR,RB,HTTP/2
2025-05-01 00:11:40,stallRate,144.135999917984,0.611003754803261,TheEmptinessMachine,BBR,RB,HTTP/2
2025-05-01 00:11:42,stallRate,146.135999917984,0.602476071202192,TheEmptinessMachine,BBR,RB,HTTP/2
2025-05-01 00:11:44,stallRate,148.135999917984,0.594146373784236,TheEmptinessMachine,BBR,RB,HTTP/2
2025-05-01 00:11:46,stallRate,150.135999917984,0.586092182648508,TheEmptinessMachine,BBR,RB,HTTP/2
2025-05-01 00:11:48,stallRate,152.135999917984,0.578216743506071,TheEmptinessMachine,BBR,RB,HTTP/2
2025-05-01 00:11:50,stallRate,154.135999917984,0.570551783495455,TheEmptinessMachine,BBR,RB,HTTP/2
2025-05-01 00:11:52,stallRate,156.135999917984,0.563100465760502,TheEmptinessMachine,BBR,RB,HTTP/2
2025-05-01 00:11:54,stallRate,158.135999917984,0.555818377910118,TheEmptinessMachine,BBR,RB,HTTP/2
2025-05-01 00:11:56,stallRate,160.135999917984,0.548763585772899,TheEmptinessMachine,BBR,RB,HTTP/2
2025-05-01 00:11:58,stallRate,162.135999917984,0.541931951792124,TheEmptinessMachine,BBR,RB,HTTP/2
2025-05-01 00:12:00,stallRate,164.135999917984,0.535186708418162,TheEmptinessMachine,BBR,RB,HTTP/2
2025-05-01 00:12:02,stallRate,166.135999917984,0.528625295673832,TheEmptinessMachine,BBR,RB,HTTP/2
2025-05-01 00:12:04,stallRate,168.135999917984,0.522244090182161,TheEmptinessMachine,BBR,RB,HTTP/2
2025-05-01 00:12:06,stallRate,170.135999917984,0.515986625762415,TheEmptinessMachine,BBR,RB,HTTP/2
2025-05-01 00:12:08,stallRate,172.135999917984,0.50990129671675,TheEmptinessMachine,BBR,RB,HTTP/2
2025-05-01 00:12:10,stallRate,174.135999917984,0.503935098161308,TheEmptinessMachine,BBR,RB,HTTP/2
2025-05-01 00:12:12,stallRate,176.135999917984,0.498117687340895,TheEmptinessMachine,BBR,RB,HTTP/2
2025-05-01 00:12:14,stallRate,178.135999917984,0.492412461643169,TheEmptinessMachine,BBR,RB,HTTP/2
2025-05-01 00:12:16,stallRate,180.135999917984,0.486867245627073,TheEmptinessMachine,BBR,RB,HTTP/2
2025-05-01 00:12:18,stallRate,182.135999917984,0.481420588844051,TheEmptinessMachine,BBR,RB,HTTP/2
2025-05-01 00:12:20,stallRate,184.135999917984,0.476124014307791,TheEmptinessMachine,BBR,RB,HTTP/2
2025-05-01 00:12:22,stallRate,186.135999917984,0.470916020254582,TheEmptinessMachine,BBR,RB,HTTP/2
2025-05-01 00:12:24,stallRate,188.135999917984,0.465833408935448,TheEmptinessMachine,BBR,RB,HTTP/2
2025-05-01 00:12:26,stallRate,190.135999917984,0.460869049769206,TheEmptinessMachine,BBR,RB,HTTP/2
2025-05-01 00:12:28,stallRate,192.137000083923,0.455970836092096,TheEmptinessMachine,BBR,RB,HTTP/2
2025-05-01 00:12:30,stallRate,194.135999917984,0.451219854336259,TheEmptinessMachine,BBR,RB,HTTP/2
2025-05-01 00:12:32,stallRate,196.135999917984,0.446525811540722,TheEmptinessMachine,BBR,RB,HTTP/2
2025-05-01 00:13:29,stallRate,11.4670000076294,0.0,TheEmptinessMachine,BBR,RB,HTTP/3
2025-05-01 00:13:31,stallRate,13.4670000076294,0.0,TheEmptinessMachine,BBR,RB,HTTP/3
2025-05-01 00:13:33,stallRate,15.4670000076294,0.0,TheEmptinessMachine,BBR,RB,HTTP/3
2025-05-01 00:13:35,stallRate,17.4670000076294,0.0,TheEmptinessMachine,BBR,RB,HTTP/3
2025-05-01 00:13:37,stallRate,19.4750001430511,0.0,TheEmptinessMachine,BBR,RB,HTTP/3
2025-05-01 00:13:39,stallRate,21.4670000076294,0.0,TheEmptinessMachine,BBR,RB,HTTP/3
2025-05-01 00:13:41,stallRate,23.4670000076294,0.0,TheEmptinessMachine,BBR,RB,HTTP/3
2025-05-01 00:13:43,stallRate,25.4670000076294,0.0,TheEmptinessMachine,BBR,RB,HTTP/3
2025-05-01 00:13:45,stallRate,27.4670000076294,0.0,TheEmptinessMachine,BBR,RB,HTTP/3
2025-05-01 00:13:47,stallRate,29.4670000076294,0.0,TheEmptinessMachine,BBR,RB,HTTP/3
2025-05-01 00:13:49,stallRate,31.4670000076294,0.0,TheEmptinessMachine,BBR,RB,HTTP/3
2025-05-01 00:13:51,stallRate,33.4670000076294,0.0,TheEmptinessMachine,BBR,RB,HTTP/3
2025-05-01 00:13:53,stallRate,35.4670000076294,2.6369904254634,TheEmptinessMachine,BBR,RB,HTTP/3
2025-05-01 00:13:55,stallRate,37.4670000076294,2.43987943855806,TheEmptinessMachine,BBR,RB,HTTP/3
2025-05-01 00:13:57,stallRate,39.4670000076294,2.27063904009397,TheEmptinessMachine,BBR,RB,HTTP/3
2025-05-01 00:13:59,stallRate,41.4660000801086,2.1240853453407,TheEmptinessMachine,BBR,RB,HTTP/3
2025-05-01 00:14:09,stallRate,51.4670000076294,3.57376367728018,TheEmptinessMachine,BBR,RB,HTTP/3
2025-05-01 00:14:11,stallRate,53.4670000076294,3.39252622269076,TheEmptinessMachine,BBR,RB,HTTP/3
2025-05-01 00:14:13,stallRate,55.4670000076294,3.22852382241659,TheEmptinessMachine,BBR,RB,HTTP/3
2025-05-01 00:14:15,stallRate,57.4670000076294,3.08005933538908,TheEmptinessMachine,BBR,RB,HTTP/3
2025-05-01 00:14:17,stallRate,59.4670000076294,2.94422609968102,TheEmptinessMachine,BBR,RB,HTTP/3
2025-05-01 00:14:19,stallRate,61.4670000076294,2.82050830788326,TheEmptinessMachine,BBR,RB,HTTP/3
2025-05-01 00:14:27,stallRate,69.4670000076294,5.49562988787798,TheEmptinessMachine,BBR,RB,HTTP/3
2025-05-01 00:14:29,stallRate,71.4670000076294,5.49562988787798,TheEmptinessMachine,BBR,RB,HTTP/3
2025-05-01 00:14:31,stallRate,73.4670000076294,5.30478017610632,TheEmptinessMachine,BBR,RB,HTTP/3
2025-05-01 00:14:33,stallRate,75.4670000076294,5.1112204798023,TheEmptinessMachine,BBR,RB,HTTP/3
2025-05-01 00:14:35,stallRate,77.4670000076294,4.92947221707508,TheEmptinessMachine,BBR,RB,HTTP/3
2025-05-01 00:14:37,stallRate,79.4670000076294,4.76108391897353,TheEmptinessMachine,BBR,RB,HTTP/3
2025-05-01 00:14:39,stallRate,81.4670000076294,4.6043204566244,TheEmptinessMachine,BBR,RB,HTTP/3
2025-05-01 00:14:41,stallRate,83.4670000076294,4.45761757741536,TheEmptinessMachine,BBR,RB,HTTP/3
2025-05-01 00:14:43,stallRate,85.4670000076294,4.31981667790497,TheEmptinessMachine,BBR,RB,HTTP/3
2025-05-01 00:14:53,stallRate,95.4660000801086,6.81337137555868,TheEmptinessMachine,BBR,RB,HTTP/3
2025-05-01 00:14:55,stallRate,97.4670000076294,6.62757404400029,TheEmptinessMachine,BBR,RB,HTTP/3
2025-05-01 00:14:57,stallRate,99.4670000076294,6.44630317760635,TheEmptinessMachine,BBR,RB,HTTP/3
2025-05-01 00:14:59,stallRate,101.466000080109,6.27405077784424,TheEmptinessMachine,BBR,RB,HTTP/3
2025-05-01 00:15:01,stallRate,103.467000007629,6.11063159313582,TheEmptinessMachine,BBR,RB,HTTP/3
2025-05-01 00:15:03,stallRate,105.467000007629,5.95598596577548,TheEmptinessMachine,BBR,RB,HTTP/3
2025-05-01 00:15:05,stallRate,107.467000007629,5.8099080272679,TheEmptinessMachine,BBR,RB,HTTP/3
2025-05-01 00:15:07,stallRate,109.467000007629,5.67059811678685,TheEmptinessMachine,BBR,RB,HTTP/3
2025-05-01 00:15:09,stallRate,111.466000080109,5.53712883907442,TheEmptinessMachine,BBR,RB,HTTP/3
2025-05-01 00:15:11,stallRate,113.467000007629,5.40906084380098,TheEmptinessMachine,BBR,RB,HTTP/3
2025-05-01 00:15:13,stallRate,115.467000007629,5.28774716176776,TheEmptinessMachine,BBR,RB,HTTP/3
2025-05-01 00:15:15,stallRate,117.467000007629,5.1719918795772,TheEmptinessMachine,BBR,RB,HTTP/3
2025-05-01 00:15:17,stallRate,119.467000007629,5.06013174269799,TheEmptinessMachine,BBR,RB,HTTP/3
2025-05-01 00:15:19,stallRate,121.467000007629,4.95413544840414,TheEmptinessMachine,BBR,RB,HTTP/3
2025-05-01 00:15:21,stallRate,123.466000080109,4.85206763518982,TheEmptinessMachine,BBR,RB,HTTP/3
2025-05-01 00:15:23,stallRate,125.467000007629,4.7536104320037,TheEmptinessMachine,BBR,RB,HTTP/3
2025-05-01 00:15:25,stallRate,127.467000007629,4.65966526355659,TheEmptinessMachine,BBR,RB,HTTP/3
2025-05-01 00:15:27,stallRate,129.466000080109,4.56904577792311,TheEmptinessMachine,BBR,RB,HTTP/3
2025-05-01 00:15:29,stallRate,131.466000080109,4.48231213092432,TheEmptinessMachine,BBR,RB,HTTP/3
2025-05-01 00:15:31,stallRate,133.466000080109,4.39841421685447,TheEmptinessMachine,BBR,RB,HTTP/3
2025-05-01 00:15:33,stallRate,135.467000007629,4.31778054141961,TheEmptinessMachine,BBR,RB,HTTP/3
2025-05-01 00:15:35,stallRate,137.467000007629,4.2400819880794,TheEmptinessMachine,BBR,RB,HTTP/3
2025-05-01 00:15:37,stallRate,139.466000080109,4.16512201398295,TheEmptinessMachine,BBR,RB,HTTP/3
2025-05-01 00:15:39,stallRate,141.467000007629,4.09289851294126,TheEmptinessMachine,BBR,RB,HTTP/3
2025-05-01 00:15:41,stallRate,143.467000007629,4.0230780538276,TheEmptinessMachine,BBR,RB,HTTP/3
2025-05-01 00:15:43,stallRate,145.467000007629,3.95515870633114,TheEmptinessMachine,BBR,RB,HTTP/3
2025-05-01 00:15:45,stallRate,147.467000007629,3.88970153008302,TheEmptinessMachine,BBR,RB,HTTP/3
2025-05-01 00:15:47,stallRate,149.467000007629,3.82647339340526,TheEmptinessMachine,BBR,RB,HTTP/3
2025-05-01 00:15:49,stallRate,151.467000007629,3.76530306612495,TheEmptinessMachine,BBR,RB,HTTP/3
2025-05-01 00:15:51,stallRate,153.467000007629,3.70580602014064,TheEmptinessMachine,BBR,RB,HTTP/3
2025-05-01 00:15:53,stallRate,155.467000007629,3.64850292592725,TheEmptinessMachine,BBR,RB,HTTP/3
2025-05-01 00:15:55,stallRate,157.467000007629,3.59302205129235,TheEmptinessMachine,BBR,RB,HTTP/3
2025-05-01 00:15:57,stallRate,159.466000080109,3.5392813475242,TheEmptinessMachine,BBR,RB,HTTP/3
2025-05-01 00:15:59,stallRate,161.467000007629,3.48680746384214,TheEmptinessMachine,BBR,RB,HTTP/3
2025-05-01 00:16:01,stallRate,163.467000007629,3.43577054450677,TheEmptinessMachine,BBR,RB,HTTP/3
2025-05-01 00:16:03,stallRate,165.467000007629,3.38633872208524,TheEmptinessMachine,BBR,RB,HTTP/3
2025-05-01 00:16:05,stallRate,167.467000007629,3.33814673510065,TheEmptinessMachine,BBR,RB,HTTP/3
2025-05-01 00:16:07,stallRate,169.467000007629,3.29156523354839,TheEmptinessMachine,BBR,RB,HTTP/3
2025-05-01 00:16:09,stallRate,171.467000007629,3.24609890921281,TheEmptinessMachine,BBR,RB,HTTP/3
2025-05-01 00:16:11,stallRate,173.467000007629,3.20224328007354,TheEmptinessMachine,BBR,RB,HTTP/3
2025-05-01 00:16:13,stallRate,175.467000007629,3.15912221852819,TheEmptinessMachine,BBR,RB,HTTP/3
2025-05-01 00:16:15,stallRate,177.467000007629,3.11724846368007,TheEmptinessMachine,BBR,RB,HTTP/3
2025-05-01 00:16:17,stallRate,179.467000007629,3.07650329673932,TheEmptinessMachine,BBR,RB,HTTP/3
2025-05-01 00:16:19,stallRate,181.467000007629,3.03683257067455,TheEmptinessMachine,BBR,RB,HTTP/3
2025-05-01 00:16:21,stallRate,183.467000007629,2.99826076042573,TheEmptinessMachine,BBR,RB,HTTP/3
2025-05-01 00:16:23,stallRate,185.467000007629,2.96049915104372,TheEmptinessMachine,BBR,RB,HTTP/3
2025-05-01 00:16:25,stallRate,187.467000007629,2.92382741248496,TheEmptinessMachine,BBR,RB,HTTP/3
2025-05-01 00:16:27,stallRate,189.467000007629,2.8878849109537,TheEmptinessMachine,BBR,RB,HTTP/3
2025-05-01 00:16:29,stallRate,191.467000007629,2.85285409376286,TheEmptinessMachine,BBR,RB,HTTP/3
2025-05-01 00:16:31,stallRate,193.467000007629,2.81886918284267,TheEmptinessMachine,BBR,RB,HTTP/3
2025-05-01 00:16:33,stallRate,195.467000007629,2.78552224150322,TheEmptinessMachine,BBR,RB,HTTP/3
2025-05-01 00:16:35,stallRate,197.467000007629,2.75288604013852,TheEmptinessMachine,BBR,RB,HTTP/3
2025-05-01 00:16:37,stallRate,199.467000007629,2.72088596971461,TheEmptinessMachine,BBR,RB,HTTP/3
2025-05-01 00:16:39,stallRate,201.466000080109,2.68993712603456,TheEmptinessMachine,BBR,RB,HTTP/3
2025-05-01 00:16:41,stallRate,203.466000080109,2.65959252524128,TheEmptinessMachine,BBR,RB,HTTP/3
2025-05-01 00:16:43,stallRate,205.466000080109,2.62981074824844,TheEmptinessMachine,BBR,RB,HTTP/3
2025-05-01 00:16:49,stallRate,211.467000007629,4.42717601343507,TheEmptinessMachine,BBR,RB,HTTP/3
2025-05-01 00:16:51,stallRate,213.466000080109,4.37991298623801,TheEmptinessMachine,BBR,RB,HTTP/3
2025-05-01 00:16:53,stallRate,215.467000007629,4.33318097721436,TheEmptinessMachine,BBR,RB,HTTP/3
2025-05-01 00:16:55,stallRate,217.467000007629,4.28772205641721,TheEmptinessMachine,BBR,RB,HTTP/3
2025-05-01 00:16:57,stallRate,219.467000007629,4.34934507353131,TheEmptinessMachine,BBR,RB,HTTP/3
2025-05-01 00:17:34,stallRate,12.385999917984,0.0,TheEmptinessMachine,BBR,Throughput,HTTP/1.1
2025-05-01 00:17:36,stallRate,14.385999917984,0.0,TheEmptinessMachine,BBR,Throughput,HTTP/1.1
2025-05-01 00:17:38,stallRate,16.385999917984,0.0,TheEmptinessMachine,BBR,Throughput,HTTP/1.1
2025-05-01 00:17:44,stallRate,22.3849999904633,36.7417174401349,TheEmptinessMachine,BBR,Throughput,HTTP/1.1
2025-05-01 00:17:46,stallRate,24.3880000114441,35.4409021953264,TheEmptinessMachine,BBR,Throughput,HTTP/1.1
2025-05-01 00:17:48,stallRate,26.3849999904633,30.0170961148348,TheEmptinessMachine,BBR,Throughput,HTTP/1.1
2025-05-01 00:17:50,stallRate,28.385999917984,26.4832924426729,TheEmptinessMachine,BBR,Throughput,HTTP/1.1
2025-05-01 00:17:52,stallRate,30.3849999904633,24.9846339892351,TheEmptinessMachine,BBR,Throughput,HTTP/1.1
2025-05-01 00:17:54,stallRate,32.3849999904633,22.995118339962,TheEmptinessMachine,BBR,Throughput,HTTP/1.1
2025-05-01 00:17:56,stallRate,34.3849999904633,21.0207224382088,TheEmptinessMachine,BBR,Throughput,HTTP/1.1
2025-05-01 00:17:58,stallRate,36.3849999904633,19.3708015304092,TheEmptinessMachine,BBR,Throughput,HTTP/1.1
2025-05-01 00:18:00,stallRate,38.3849999904633,17.9522879077852,TheEmptinessMachine,BBR,Throughput,HTTP/1.1
2025-05-01 00:18:02,stallRate,40.3849999904633,16.7276711109314,TheEmptinessMachine,BBR,Throughput,HTTP/1.1
2025-05-01 00:18:04,stallRate,42.385999917984,15.6734923973126,TheEmptinessMachine,BBR,Throughput,HTTP/1.1
2025-05-01 00:18:06,stallRate,44.3849999904633,14.7329212083161,TheEmptinessMachine,BBR,Throughput,HTTP/1.1
2025-05-01 00:18:08,stallRate,46.385999917984,13.909238764714,TheEmptinessMachine,BBR,Throughput,HTTP/1.1
2025-05-01 00:18:10,stallRate,48.3849999904633,13.1745503502625,TheEmptinessMachine,BBR,Throughput,HTTP/1.1
2025-05-01 00:18:12,stallRate,50.385999917984,12.5014420325949,TheEmptinessMachine,BBR,Throughput,HTTP/1.1
2025-05-01 00:18:14,stallRate,52.385999917984,11.9050273059229,TheEmptinessMachine,BBR,Throughput,HTTP/1.1
2025-05-01 00:18:16,stallRate,54.385999917984,11.3602920426607,TheEmptinessMachine,BBR,Throughput,HTTP/1.1
2025-05-01 00:18:18,stallRate,56.3849999904633,10.8595884966157,TheEmptinessMachine,BBR,Throughput,HTTP/1.1
2025-05-01 00:18:20,stallRate,58.3880000114441,10.4040688315232,TheEmptinessMachine,BBR,Throughput,HTTP/1.1
2025-05-01 00:18:22,stallRate,60.3849999904633,9.98068312050912,TheEmptinessMachine,BBR,Throughput,HTTP/1.1
2025-05-01 00:18:24,stallRate,62.3849999904633,9.59723360456753,TheEmptinessMachine,BBR,Throughput,HTTP/1.1
2025-05-01 00:18:26,stallRate,64.385999917984,9.23985366886861,TheEmptinessMachine,BBR,Throughput,HTTP/1.1
2025-05-01 00:18:28,stallRate,66.3849999904633,8.90470670062835,TheEmptinessMachine,BBR,Throughput,HTTP/1.1
2025-05-01 00:18:30,stallRate,68.3849999904633,8.59739613190394,TheEmptinessMachine,BBR,Throughput,HTTP/1.1
2025-05-01 00:18:32,stallRate,70.3849999904633,8.30736652658008,TheEmptinessMachine,BBR,Throughput,HTTP/1.1
2025-05-01 00:18:34,stallRate,72.3849999904633,8.03930179678467,TheEmptinessMachine,BBR,Throughput,HTTP/1.1
2025-05-01 00:18:36,stallRate,74.3849999904633,7.78827888543946,TheEmptinessMachine,BBR,Throughput,HTTP/1.1
2025-05-01 00:18:38,stallRate,76.385999917984,7.54960296028353,TheEmptinessMachine,BBR,Throughput,HTTP/1.1
2025-05-01 00:18:40,stallRate,78.385999917984,7.3267036689065,TheEmptinessMachine,BBR,Throughput,HTTP/1.1
2025-05-01 00:18:42,stallRate,80.3849999904633,7.11821920529043,TheEmptinessMachine,BBR,Throughput,HTTP/1.1
2025-05-01 00:18:44,stallRate,82.3849999904633,6.91754893356111,TheEmptinessMachine,BBR,Throughput,HTTP/1.1
2025-05-01 00:18:46,stallRate,84.3849999904633,6.73020770803267,TheEmptinessMachine,BBR,Throughput,HTTP/1.1
2025-05-01 00:18:48,stallRate,86.3849999904633,6.82793612853749,TheEmptinessMachine,BBR,Throughput,HTTP/1.1
2025-05-01 00:18:50,stallRate,88.3849999904633,6.65282192741256,TheEmptinessMachine,BBR,Throughput,HTTP/1.1
2025-05-01 00:18:52,stallRate,90.3849999904633,6.48678760676183,TheEmptinessMachine,BBR,Throughput,HTTP/1.1
2025-05-01 00:18:56,stallRate,94.3849999904633,7.90906746068682,TheEmptinessMachine,BBR,Throughput,HTTP/1.1
2025-05-01 00:18:58,stallRate,96.385999917984,8.46772730541236,TheEmptinessMachine,BBR,Throughput,HTTP/1.1
2025-05-01 00:19:02,stallRate,100.384999990463,10.0937656114791,TheEmptinessMachine,BBR,Throughput,HTTP/1.1
2025-05-01 00:19:04,stallRate,102.385999917984,10.7901617381792,TheEmptinessMachine,BBR,Throughput,HTTP/1.1
2025-05-01 00:19:06,stallRate,104.384999990463,10.6266861340622,TheEmptinessMachine,BBR,Throughput,HTTP/1.1
2025-05-01 00:19:08,stallRate,106.384999990463,10.4060665637295,TheEmptinessMachine,BBR,Throughput,HTTP/1.1
2025-05-01 00:19:10,stallRate,108.384999990463,10.1910984848892,TheEmptinessMachine,BBR,Throughput,HTTP/1.1
2025-05-01 00:19:12,stallRate,110.385999917984,9.98781838473454,TheEmptinessMachine,BBR,Throughput,HTTP/1.1
2025-05-01 00:19:14,stallRate,112.385999917984,9.79071552267003,TheEmptinessMachine,BBR,Throughput,HTTP/1.1
2025-05-01 00:19:16,stallRate,114.385999917984,9.60114459190601,TheEmptinessMachine,BBR,Throughput,HTTP/1.1
2025-05-01 00:19:18,stallRate,116.385999917984,9.41971239418503,TheEmptinessMachine,BBR,Throughput,HTTP/1.1
2025-05-01 00:19:20,stallRate,118.385999917984,9.24292111419255,TheEmptinessMachine,BBR,Throughput,HTTP/1.1
2025-05-01 00:19:22,stallRate,120.384999990463,9.07499759319445,TheEmptinessMachine,BBR,Throughput,HTTP/1.1
2025-05-01 00:19:24,stallRate,122.385999917984,8.91476982813286,TheEmptinessMachine,BBR,Throughput,HTTP/1.1
2025-05-01 00:19:26,stallRate,124.384999990463,8.7563639177052,TheEmptinessMachine,BBR,Throughput,HTTP/1.1
2025-05-01 00:19:28,stallRate,126.386999845505,8.60455249443733,TheEmptinessMachine,BBR,Throughput,HTTP/1.1
2025-05-01 00:19:30,stallRate,128.384999990463,8.45844084647347,TheEmptinessMachine,BBR,Throughput,HTTP/1.1
2025-05-01 00:19:32,stallRate,130.384999990463,8.31776867230815,TheEmptinessMachine,BBR,Throughput,HTTP/1.1
2025-05-01 00:19:34,stallRate,132.384999990463,8.18174628025319,TheEmptinessMachine,BBR,Throughput,HTTP/1.1
2025-05-01 00:19:36,stallRate,134.384999990463,8.04852360691304,TheEmptinessMachine,BBR,Throughput,HTTP/1.1
2025-05-01 00:19:38,stallRate,136.384999990463,7.9203501475324,TheEmptinessMachine,BBR,Throughput,HTTP/1.1
2025-05-01 00:19:40,stallRate,138.384999990463,7.79536275370585,TheEmptinessMachine,BBR,Throughput,HTTP/1.1
2025-05-01 00:19:42,stallRate,140.385999917984,7.67550905159311,TheEmptinessMachine,BBR,Throughput,HTTP/1.1
2025-05-01 00:19:44,stallRate,142.385999917984,7.55937244924359,TheEmptinessMachine,BBR,Throughput,HTTP/1.1
2025-05-01 00:19:46,stallRate,144.384999990463,7.44563116021596,TheEmptinessMachine,BBR,Throughput,HTTP/1.1
2025-05-01 00:19:48,stallRate,146.384999990463,7.33619157146975,TheEmptinessMachine,BBR,Throughput,HTTP/1.1
2025-05-01 00:19:50,stallRate,148.384999990463,7.2297148174126,TheEmptinessMachine,BBR,Throughput,HTTP/1.1
2025-05-01 00:19:52,stallRate,150.385999917984,7.12586651374681,TheEmptinessMachine,BBR,Throughput,HTTP/1.1
2025-05-01 00:19:54,stallRate,152.384999990463,7.02551604164557,TheEmptinessMachine,BBR,Throughput,HTTP/1.1
2025-05-01 00:19:56,stallRate,154.386999845505,6.92744183291541,TheEmptinessMachine,BBR,Throughput,HTTP/1.1
2025-05-01 00:19:58,stallRate,156.384999990463,6.8327555813495,TheEmptinessMachine,BBR,Throughput,HTTP/1.1
2025-05-01 00:20:00,stallRate,158.385999917984,6.74084876854811,TheEmptinessMachine,BBR,Throughput,HTTP/1.1
2025-05-01 00:20:02,stallRate,160.384999990463,6.64999337573646,TheEmptinessMachine,BBR,Throughput,HTTP/1.1
2025-05-01 00:20:04,stallRate,162.385999917984,6.56273318997659,TheEmptinessMachine,BBR,Throughput,HTTP/1.1
2025-05-01 00:20:06,stallRate,164.384999990463,6.47645023279684,TheEmptinessMachine,BBR,Throughput,HTTP/1.1
2025-05-01 00:20:08,stallRate,166.384999990463,6.39322489452448,TheEmptinessMachine,BBR,Throughput,HTTP/1.1
2025-05-01 00:20:10,stallRate,168.384999990463,6.31280721366235,TheEmptinessMachine,BBR,Throughput,HTTP/1.1
2025-05-01 00:20:12,stallRate,170.384999990463,6.23289688209708,TheEmptinessMachine,BBR,Throughput,HTTP/1.1
2025-05-01 00:20:14,stallRate,172.385999917984,6.15608540007741,TheEmptinessMachine,BBR,Throughput,HTTP/1.1
2025-05-01 00:20:16,stallRate,174.384999990463,6.08127810772945,TheEmptinessMachine,BBR,Throughput,HTTP/1.1
2025-05-01 00:20:18,stallRate,176.384999990463,6.0072004784365,TheEmptinessMachine,BBR,Throughput,HTTP/1.1
2025-05-01 00:20:20,stallRate,178.384999990463,5.93605396676918,TheEmptinessMachine,BBR,Throughput,HTTP/1.1
2025-05-01 00:20:22,stallRate,180.384999990463,5.86550043505974,TheEmptinessMachine,BBR,Throughput,HTTP/1.1
2025-05-01 00:20:24,stallRate,182.384999990463,5.79751547519465,TheEmptinessMachine,BBR,Throughput,HTTP/1.1
2025-05-01 00:20:26,stallRate,184.384999990463,5.73096779317626,TheEmptinessMachine,BBR,Throughput,HTTP/1.1
2025-05-01 00:20:28,stallRate,186.384999990463,5.66526587148816,TheEmptinessMachine,BBR,Throughput,HTTP/1.1
2025-05-01 00:20:30,stallRate,188.384999990463,5.60160493961295,TheEmptinessMachine,BBR,Throughput,HTTP/1.1
2025-05-01 00:20:32,stallRate,190.384999990463,5.53961050600758,TheEmptinessMachine,BBR,Throughput,HTTP/1.1
2025-05-01 00:20:36,stallRate,194.394000053406,6.60677593396685,TheEmptinessMachine,BBR,Throughput,HTTP/1.1
2025-05-01 00:20:38,stallRate,196.384999990463,6.53527128028192,TheEmptinessMachine,BBR,Throughput,HTTP/1.1
2025-05-01 00:20:40,stallRate,198.384999990463,6.46589421073595,TheEmptinessMachine,BBR,Throughput,HTTP/1.1
2025-05-01 00:20:44,stallRate,202.384999990463,6.87554459116545,TheEmptinessMachine,BBR,Throughput,HTTP/1.1
2025-05-01 00:20:46,stallRate,204.384999990463,6.80458873245937,TheEmptinessMachine,BBR,Throughput,HTTP/1.1
2025-05-01 00:21:24,stallRate,2.12599992752075,0.0,TheEmptinessMachine,BBR,Throughput,HTTP/2
2025-05-01 00:21:26,stallRate,4.12400007247925,0.0,TheEmptinessMachine,BBR,Throughput,HTTP/2
2025-05-01 00:21:28,stallRate,6.12400007247925,0.0,TheEmptinessMachine,BBR,Throughput,HTTP/2
2025-05-01 00:21:30,stallRate,8.12400007247925,0.0,TheEmptinessMachine,BBR,Throughput,HTTP/2
2025-05-01 00:21:32,stallRate,10.1240000724792,0.0,TheEmptinessMachine,BBR,Throughput,HTTP/2
2025-05-01 00:21:34,stallRate,12.1240000724792,0.0,TheEmptinessMachine,BBR,Throughput,HTTP/2
2025-05-01 00:21:38,stallRate,16.1240000724792,38.9434837985148,TheEmptinessMachine,BBR,Throughput,HTTP/2
2025-05-01 00:21:40,stallRate,18.1240000724792,34.9883399159562,TheEmptinessMachine,BBR,Throughput,HTTP/2
2025-05-01 00:21:42,stallRate,20.1240000724792,29.3337266620536,TheEmptinessMachine,BBR,Throughput,HTTP/2
2025-05-01 00:21:44,stallRate,22.125,25.1329489393029,TheEmptinessMachine,BBR,Throughput,HTTP/2
2025-05-01 00:21:46,stallRate,24.1240000724792,22.0905591575345,TheEmptinessMachine,BBR,Throughput,HTTP/2
2025-05-01 00:21:48,stallRate,26.1240000724792,19.7239515723832,TheEmptinessMachine,BBR,Throughput,HTTP/2
2025-05-01 00:21:50,stallRate,28.1240000724792,17.7889778870068,TheEmptinessMachine,BBR,Throughput,HTTP/2
2025-05-01 00:21:52,stallRate,30.1240000724792,24.1264982702495,TheEmptinessMachine,BBR,Throughput,HTTP/2
2025-05-01 00:21:54,stallRate,32.1240000724792,24.3520602406556,TheEmptinessMachine,BBR,Throughput,HTTP/2
2025-05-01 00:21:56,stallRate,34.1240000724792,22.5284996210553,TheEmptinessMachine,BBR,Throughput,HTTP/2
2025-05-01 00:21:58,stallRate,36.1240000724792,24.5792498987928,TheEmptinessMachine,BBR,Throughput,HTTP/2
2025-05-01 00:22:00,stallRate,38.1240000724792,22.9250190357428,TheEmptinessMachine,BBR,Throughput,HTTP/2
2025-05-01 00:22:02,stallRate,40.1329998970032,22.9420452798486,TheEmptinessMachine,BBR,Throughput,HTTP/2
2025-05-01 00:22:04,stallRate,42.1240000724792,23.4852723718431,TheEmptinessMachine,BBR,Throughput,HTTP/2
2025-05-01 00:22:06,stallRate,44.125,22.1668050545866,TheEmptinessMachine,BBR,Throughput,HTTP/2
2025-05-01 00:22:08,stallRate,46.1240000724792,21.0003300883198,TheEmptinessMachine,BBR,Throughput,HTTP/2
2025-05-01 00:22:10,stallRate,48.1240000724792,19.9471594898703,TheEmptinessMachine,BBR,Throughput,HTTP/2
2025-05-01 00:22:12,stallRate,50.1240000724792,18.9907702657254,TheEmptinessMachine,BBR,Throughput,HTTP/2
2025-05-01 00:22:14,stallRate,52.1240000724792,18.1248499817026,TheEmptinessMachine,BBR,Throughput,HTTP/2
2025-05-01 00:22:16,stallRate,54.1240000724792,17.3325488771439,TheEmptinessMachine,BBR,Throughput,HTTP/2
2025-05-01 00:22:18,stallRate,56.1240000724792,16.60857672509,TheEmptinessMachine,BBR,Throughput,HTTP/2
2025-05-01 00:22:20,stallRate,58.1240000724792,15.9461626392047,TheEmptinessMachine,BBR,Throughput,HTTP/2
2025-05-01 00:22:22,stallRate,60.1240000724792,15.3301235867257,TheEmptinessMachine,BBR,Throughput,HTTP/2
2025-05-01 00:22:24,stallRate,62.1240000724792,14.7609488218501,TheEmptinessMachine,BBR,Throughput,HTTP/2
2025-05-01 00:22:26,stallRate,64.1240000724792,14.230148857273,TheEmptinessMachine,BBR,Throughput,HTTP/2
2025-05-01 00:22:28,stallRate,66.1240000724792,13.738707597052,TheEmptinessMachine,BBR,Throughput,HTTP/2
2025-05-01 00:22:30,stallRate,68.1240000724792,13.2784282112635,TheEmptinessMachine,BBR,Throughput,HTTP/2
2025-05-01 00:22:32,stallRate,70.1240000724792,12.8500577031411,TheEmptinessMachine,BBR,Throughput,HTTP/2
2025-05-01 00:22:34,stallRate,72.1240000724792,12.4465899791066,TheEmptinessMachine,BBR,Throughput,HTTP/2
2025-05-01 00:22:36,stallRate,74.1240000724792,12.0685985034435,TheEmptinessMachine,BBR,Throughput,HTTP/2
2025-05-01 00:22:38,stallRate,76.1240000724792,11.7127971414683,TheEmptinessMachine,BBR,Throughput,HTTP/2
2025-05-01 00:22:40,stallRate,78.1240000724792,11.3774861250531,TheEmptinessMachine,BBR,Throughput,HTTP/2
2025-05-01 00:22:42,stallRate,80.1240000724792,11.0615094009808,TheEmptinessMachine,BBR,Throughput,HTTP/2
2025-05-01 00:22:44,stallRate,82.1240000724792,10.7607384156274,TheEmptinessMachine,BBR,Throughput,HTTP/2
2025-05-01 00:22:46,stallRate,84.1240000724792,10.4775894479382,TheEmptinessMachine,BBR,Throughput,HTTP/2
2025-05-01 00:22:48,stallRate,86.1240000724792,10.2079223861896,TheEmptinessMachine,BBR,Throughput,HTTP/2
2025-05-01 00:22:50,stallRate,88.1240000724792,9.95079075276624,TheEmptinessMachine,BBR,Throughput,HTTP/2
2025-05-01 00:22:52,stallRate,90.1240000724792,9.70789870230572,TheEmptinessMachine,BBR,Throughput,HTTP/2
2025-05-01 00:22:54,stallRate,92.1240000724792,9.47569035678915,TheEmptinessMachine,BBR,Throughput,HTTP/2
2025-05-01 00:22:56,stallRate,94.1240000724792,9.25546879003594,TheEmptinessMachine,BBR,Throughput,HTTP/2
2025-05-01 00:22:58,stallRate,96.1240000724792,9.04552606551515,TheEmptinessMachine,BBR,Throughput,HTTP/2
2025-05-01 00:23:00,stallRate,98.1240000724792,8.84382867437912,TheEmptinessMachine,BBR,Throughput,HTTP/2
2025-05-01 00:23:02,stallRate,100.124000072479,8.6507009556524,TheEmptinessMachine,BBR,Throughput,HTTP/2
2025-05-01 00:23:04,stallRate,102.124000072479,8.4662794845963,TheEmptinessMachine,BBR,Throughput,HTTP/2
2025-05-01 00:23:06,stallRate,104.124000072479,8.28888480168314,TheEmptinessMachine,BBR,Throughput,HTTP/2
2025-05-01 00:23:08,stallRate,106.124000072479,8.11975812138596,TheEmptinessMachine,BBR,Throughput,HTTP/2
2025-05-01 00:23:10,stallRate,108.124000072479,7.95763153797114,TheEmptinessMachine,BBR,Throughput,HTTP/2
2025-05-01 00:23:12,stallRate,110.124000072479,7.8020608422394,TheEmptinessMachine,BBR,Throughput,HTTP/2
2025-05-01 00:23:14,stallRate,112.124000072479,7.65163676680816,TheEmptinessMachine,BBR,Throughput,HTTP/2
2025-05-01 00:23:16,stallRate,114.124000072479,7.50658777974848,TheEmptinessMachine,BBR,Throughput,HTTP/2
2025-05-01 00:23:18,stallRate,116.124000072479,7.3672861497394,TheEmptinessMachine,BBR,Throughput,HTTP/2
2025-05-01 00:23:20,stallRate,118.124000072479,7.23307327903205,TheEmptinessMachine,BBR,Throughput,HTTP/2
2025-05-01 00:23:22,stallRate,120.124000072479,7.10370283753703,TheEmptinessMachine,BBR,Throughput,HTTP/2
2025-05-01 00:23:24,stallRate,122.124000072479,6.97917624862248,TheEmptinessMachine,BBR,Throughput,HTTP/2
2025-05-01 00:23:26,stallRate,124.124000072479,6.85846733659888,TheEmptinessMachine,BBR,Throughput,HTTP/2
2025-05-01 00:23:28,stallRate,126.124000072479,6.74162914665141,TheEmptinessMachine,BBR,Throughput,HTTP/2
2025-05-01 00:23:30,stallRate,128.124000072479,6.62908914255007,TheEmptinessMachine,BBR,Throughput,HTTP/2
2025-05-01 00:23:32,stallRate,130.124000072479,6.52047006064144,TheEmptinessMachine,BBR,Throughput,HTTP/2
2025-05-01 00:23:34,stallRate,132.124000072479,6.41515236537271,TheEmptinessMachine,BBR,Throughput,HTTP/2
2025-05-01 00:23:36,stallRate,134.124000072479,6.31341537817703,TheEmptinessMachine,BBR,Throughput,HTTP/2
2025-05-01 00:23:38,stallRate,136.124000072479,6.21442033119777,TheEmptinessMachine,BBR,Throughput,HTTP/2
2025-05-01 00:23:40,stallRate,138.124000072479,6.11892035037271,TheEmptinessMachine,BBR,Throughput,HTTP/2
2025-05-01 00:23:42,stallRate,140.124000072479,6.02588202436294,TheEmptinessMachine,BBR,Throughput,HTTP/2
2025-05-01 00:23:44,stallRate,142.124000072479,5.93557451351952,TheEmptinessMachine,BBR,Throughput,HTTP/2
2025-05-01 00:23:46,stallRate,144.124000072479,5.8486418754901,TheEmptinessMachine,BBR,Throughput,HTTP/2
2025-05-01 00:23:48,stallRate,146.124000072479,5.76333115346554,TheEmptinessMachine,BBR,Throughput,HTTP/2
2025-05-01 00:23:50,stallRate,148.124000072479,5.68112887200253,TheEmptinessMachine,BBR,Throughput,HTTP/2
2025-05-01 00:23:52,stallRate,150.124000072479,5.60111607122029,TheEmptinessMachine,BBR,Throughput,HTTP/2
2025-05-01 00:23:54,stallRate,152.124000072479,5.52345408600795,TheEmptinessMachine,BBR,Throughput,HTTP/2
2025-05-01 00:23:56,stallRate,154.124000072479,5.44715700169586,TheEmptinessMachine,BBR,Throughput,HTTP/2
2025-05-01 00:23:58,stallRate,156.124000072479,5.37333422919227,TheEmptinessMachine,BBR,Throughput,HTTP/2
2025-05-01 00:24:00,stallRate,158.124000072479,5.30171568005801,TheEmptinessMachine,BBR,Throughput,HTTP/2
2025-05-01 00:24:02,stallRate,160.124000072479,5.23174864833588,TheEmptinessMachine,BBR,Throughput,HTTP/2
2025-05-01 00:24:04,stallRate,162.124000072479,5.16388992350773,TheEmptinessMachine,BBR,Throughput,HTTP/2
2025-05-01 00:24:06,stallRate,164.124000072479,5.09748492289674,TheEmptinessMachine,BBR,Throughput,HTTP/2
2025-05-01 00:24:08,stallRate,166.124000072479,5.03308807099699,TheEmptinessMachine,BBR,Throughput,HTTP/2
2025-05-01 00:24:10,stallRate,168.124000072479,4.96997314669943,TheEmptinessMachine,BBR,Throughput,HTTP/2
2025-05-01 00:24:12,stallRate,170.124000072479,4.90859037366838,TheEmptinessMachine,BBR,Throughput,HTTP/2
2025-05-01 00:24:14,stallRate,172.124000072479,4.84849008692532,TheEmptinessMachine,BBR,Throughput,HTTP/2
2025-05-01 00:24:16,stallRate,174.124000072479,4.79013590224945,TheEmptinessMachine,BBR,Throughput,HTTP/2
2025-05-01 00:24:18,stallRate,176.124000072479,4.73326262500518,TheEmptinessMachine,BBR,Throughput,HTTP/2
2025-05-01 00:24:20,stallRate,178.124000072479,4.67745276793812,TheEmptinessMachine,BBR,Throughput,HTTP/2
2025-05-01 00:24:22,stallRate,180.124000072479,4.6231468045112,TheEmptinessMachine,BBR,Throughput,HTTP/2
2025-05-01 00:24:24,stallRate,182.124000072479,4.56984768243446,TheEmptinessMachine,BBR,Throughput,HTTP/2
2025-05-01 00:24:26,stallRate,184.124000072479,4.51770920395683,TheEmptinessMachine,BBR,Throughput,HTTP/2
2025-05-01 00:24:28,stallRate,186.124000072479,4.46688513258098,TheEmptinessMachine,BBR,Throughput,HTTP/2
2025-05-01 00:24:30,stallRate,188.124000072479,4.41702062056015,TheEmptinessMachine,BBR,Throughput,HTTP/2
2025-05-01 00:24:32,stallRate,190.124000072479,4.36856102334155,TheEmptinessMachine,BBR,Throughput,HTTP/2
2025-05-01 00:24:34,stallRate,192.124000072479,4.3211926914073,TheEmptinessMachine,BBR,Throughput,HTTP/2
2025-05-01 00:24:36,stallRate,194.124000072479,4.27464405624193,TheEmptinessMachine,BBR,Throughput,HTTP/2
2025-05-01 00:24:38,stallRate,196.124000072479,4.22904323527979,TheEmptinessMachine,BBR,Throughput,HTTP/2
2025-05-01 00:24:40,stallRate,198.124000072479,4.18473289740543,TheEmptinessMachine,BBR,Throughput,HTTP/2
2025-05-01 00:24:42,stallRate,200.124000072479,4.14088151616159,TheEmptinessMachine,BBR,Throughput,HTTP/2
2025-05-01 00:24:44,stallRate,202.124000072479,4.37285996490805,TheEmptinessMachine,BBR,Throughput,HTTP/2
2025-05-01 00:24:46,stallRate,204.124000072479,4.3277375097986,TheEmptinessMachine,BBR,Throughput,HTTP/2
2025-05-01 00:25:30,stallRate,4.11800003051758,0.0,TheEmptinessMachine,BBR,Throughput,HTTP/3
2025-05-01 00:25:32,stallRate,6.11800003051758,0.0,TheEmptinessMachine,BBR,Throughput,HTTP/3
2025-05-01 00:25:36,stallRate,10.1170001029968,30.0766250080896,TheEmptinessMachine,BBR,Throughput,HTTP/3
2025-05-01 00:25:38,stallRate,12.1170001029968,39.4263605939857,TheEmptinessMachine,BBR,Throughput,HTTP/3
2025-05-01 00:25:42,stallRate,16.1170001029968,31.4907969870298,TheEmptinessMachine,BBR,Throughput,HTTP/3
2025-05-01 00:25:48,stallRate,22.1170001029968,38.7312153811317,TheEmptinessMachine,BBR,Throughput,HTTP/3
2025-05-01 00:25:50,stallRate,24.1170001029968,34.669798688174,TheEmptinessMachine,BBR,Throughput,HTTP/3
2025-05-01 00:25:52,stallRate,26.1170001029968,31.3853808553478,TheEmptinessMachine,BBR,Throughput,HTTP/3
2025-05-01 00:25:54,stallRate,28.1170001029968,28.6393469222298,TheEmptinessMachine,BBR,Throughput,HTTP/3
2025-05-01 00:25:56,stallRate,30.1170001029968,26.3527382460483,TheEmptinessMachine,BBR,Throughput,HTTP/3
2025-05-01 00:25:58,stallRate,32.1170001029968,24.4195525306971,TheEmptinessMachine,BBR,Throughput,HTTP/3
2025-05-01 00:26:00,stallRate,34.1170001029968,22.7365244646487,TheEmptinessMachine,BBR,Throughput,HTTP/3
2025-05-01 00:26:02,stallRate,36.1170001029968,21.2837846083433,TheEmptinessMachine,BBR,Throughput,HTTP/3
2025-05-01 00:26:04,stallRate,38.1170001029968,19.9913973140203,TheEmptinessMachine,BBR,Throughput,HTTP/3
2025-05-01 00:26:06,stallRate,40.1170001029968,18.8509812032952,TheEmptinessMachine,BBR,Throughput,HTTP/3
2025-05-01 00:26:08,stallRate,42.1170001029968,17.8333347190385,TheEmptinessMachine,BBR,Throughput,HTTP/3
2025-05-01 00:26:10,stallRate,44.1170001029968,16.9226126404592,TheEmptinessMachine,BBR,Throughput,HTTP/3
2025-05-01 00:26:12,stallRate,46.1170001029968,16.1051701311914,TheEmptinessMachine,BBR,Throughput,HTTP/3
2025-05-01 00:26:14,stallRate,48.1170001029968,15.3578224809035,TheEmptinessMachine,BBR,Throughput,HTTP/3
2025-05-01 00:26:16,stallRate,50.1170001029968,14.6781515047698,TheEmptinessMachine,BBR,Throughput,HTTP/3
2025-05-01 00:26:18,stallRate,52.1170001029968,14.0556001720149,TheEmptinessMachine,BBR,Throughput,HTTP/3
2025-05-01 00:26:20,stallRate,54.1170001029968,13.4839778257903,TheEmptinessMachine,BBR,Throughput,HTTP/3
2025-05-01 00:26:22,stallRate,56.1170001029968,12.958153907787,TheEmptinessMachine,BBR,Throughput,HTTP/3
2025-05-01 00:26:24,stallRate,58.1170001029968,12.4698056715535,TheEmptinessMachine,BBR,Throughput,HTTP/3
2025-05-01 00:26:30,stallRate,64.1170001029968,16.8163386611166,TheEmptinessMachine,BBR,Throughput,HTTP/3
2025-05-01 00:26:32,stallRate,66.1170001029968,16.2676003914777,TheEmptinessMachine,BBR,Throughput,HTTP/3
2025-05-01 00:26:34,stallRate,68.1170001029968,15.7543871161235,TheEmptinessMachine,BBR,Throughput,HTTP/3
2025-05-01 00:26:36,stallRate,70.1170001029968,15.2705809394643,TheEmptinessMachine,BBR,Throughput,HTTP/3
2025-05-01 00:26:42,stallRate,76.1170001029968,16.5358615846182,TheEmptinessMachine,BBR,Throughput,HTTP/3
2025-05-01 00:26:44,stallRate,78.1170001029968,16.0751843446303,TheEmptinessMachine,BBR,Throughput,HTTP/3
2025-05-01 00:26:46,stallRate,80.1170001029968,15.6346527484214,TheEmptinessMachine,BBR,Throughput,HTTP/3
2025-05-01 00:26:48,stallRate,82.1170001029968,15.2197055081973,TheEmptinessMachine,BBR,Throughput,HTTP/3
2025-05-01 00:26:50,stallRate,84.1180000305176,14.8259412810798,TheEmptinessMachine,BBR,Throughput,HTTP/3
2025-05-01 00:26:52,stallRate,86.1170001029968,14.4555445655825,TheEmptinessMachine,BBR,Throughput,HTTP/3
2025-05-01 00:26:54,stallRate,88.1170001029968,14.1018292172225,TheEmptinessMachine,BBR,Throughput,HTTP/3
2025-05-01 00:26:56,stallRate,90.1170001029968,13.763476016428,TheEmptinessMachine,BBR,Throughput,HTTP/3
2025-05-01 00:26:58,stallRate,92.1170001029968,13.4417752872678,TheEmptinessMachine,BBR,Throughput,HTTP/3
2025-05-01 00:27:00,stallRate,94.1170001029968,13.1348236362466,TheEmptinessMachine,BBR,Throughput,HTTP/3
2025-05-01 00:27:02,stallRate,96.1170001029968,12.8417033476336,TheEmptinessMachine,BBR,Throughput,HTTP/3
2025-05-01 00:27:04,stallRate,98.1170001029968,12.5619387401507,TheEmptinessMachine,BBR,Throughput,HTTP/3
2025-05-01 00:27:10,stallRate,104.117000102997,15.1155626371864,TheEmptinessMachine,BBR,Throughput,HTTP/3
2025-05-01 00:27:12,stallRate,106.117000102997,14.8126950195115,TheEmptinessMachine,BBR,Throughput,HTTP/3
2025-05-01 00:27:14,stallRate,108.117000102997,14.5220636481372,TheEmptinessMachine,BBR,Throughput,HTTP/3
2025-05-01 00:27:16,stallRate,110.118000030518,14.2395021140112,TheEmptinessMachine,BBR,Throughput,HTTP/3
2025-05-01 00:27:18,stallRate,112.117000102997,13.9700342207401,TheEmptinessMachine,BBR,Throughput,HTTP/3
2025-05-01 00:27:20,stallRate,114.117000102997,13.709113161322,TheEmptinessMachine,BBR,Throughput,HTTP/3
2025-05-01 00:27:22,stallRate,116.118000030518,13.4584753036839,TheEmptinessMachine,BBR,Throughput,HTTP/3
2025-05-01 00:27:24,stallRate,118.117000102997,13.2173405291059,TheEmptinessMachine,BBR,Throughput,HTTP/3
2025-05-01 00:27:26,stallRate,120.117000102997,12.9845721185048,TheEmptinessMachine,BBR,Throughput,HTTP/3
2025-05-01 00:27:28,stallRate,122.117000102997,13.1928922956734,TheEmptinessMachine,BBR,Throughput,HTTP/3
2025-05-01 00:27:34,stallRate,128.117000102997,13.3536826847806,TheEmptinessMachine,BBR,Throughput,HTTP/3
2025-05-01 00:27:36,stallRate,130.117000102997,13.1346566231039,TheEmptinessMachine,BBR,Throughput,HTTP/3
2025-05-01 00:27:38,stallRate,132.117000102997,13.0858454089116,TheEmptinessMachine,BBR,Throughput,HTTP/3
2025-05-01 00:27:40,stallRate,134.117000102997,12.8798056574166,TheEmptinessMachine,BBR,Throughput,HTTP/3
2025-05-01 00:27:44,stallRate,138.117000102997,13.483621687005,TheEmptinessMachine,BBR,Throughput,HTTP/3
2025-05-01 00:27:46,stallRate,140.117000102997,13.2817932234022,TheEmptinessMachine,BBR,Throughput,HTTP/3
2025-05-01 00:27:48,stallRate,142.117000102997,13.0842382700901,TheEmptinessMachine,BBR,Throughput,HTTP/3
2025-05-01 00:27:50,stallRate,144.118000030518,12.8939304300001,TheEmptinessMachine,BBR,Throughput,HTTP/3
2025-05-01 00:27:52,stallRate,146.117000102997,12.7094289284551,TheEmptinessMachine,BBR,Throughput,HTTP/3
2025-05-01 00:27:54,stallRate,148.117000102997,12.5290687052337,TheEmptinessMachine,BBR,Throughput,HTTP/3
2025-05-01 00:27:56,stallRate,150.117000102997,12.3532422937088,TheEmptinessMachine,BBR,Throughput,HTTP/3
2025-05-01 00:27:58,stallRate,152.117000102997,12.1826837193063,TheEmptinessMachine,BBR,Throughput,HTTP/3
2025-05-01 00:28:00,stallRate,154.117000102997,12.0167614078827,TheEmptinessMachine,BBR,Throughput,HTTP/3
2025-05-01 00:28:02,stallRate,156.117000102997,11.85539828016,TheEmptinessMachine,BBR,Throughput,HTTP/3
2025-05-01 00:28:04,stallRate,158.118000030518,11.6985559332305,TheEmptinessMachine,BBR,Throughput,HTTP/3
2025-05-01 00:28:06,stallRate,160.117000102997,11.5444970494969,TheEmptinessMachine,BBR,Throughput,HTTP/3
2025-05-01 00:28:08,stallRate,162.117000102997,11.3951625097506,TheEmptinessMachine,BBR,Throughput,HTTP/3
2025-05-01 00:28:10,stallRate,164.117000102997,11.2500905761817,TheEmptinessMachine,BBR,Throughput,HTTP/3
2025-05-01 00:28:12,stallRate,166.117000102997,11.1082141322634,TheEmptinessMachine,BBR,Throughput,HTTP/3
2025-05-01 00:28:14,stallRate,168.117000102997,10.9696757377277,TheEmptinessMachine,BBR,Throughput,HTTP/3
2025-05-01 00:28:16,stallRate,170.117000102997,10.8348842495049,TheEmptinessMachine,BBR,Throughput,HTTP/3
2025-05-01 00:28:18,stallRate,172.117000102997,10.7043540932861,TheEmptinessMachine,BBR,Throughput,HTTP/3
2025-05-01 00:28:20,stallRate,174.117000102997,10.5759183544831,TheEmptinessMachine,BBR,Throughput,HTTP/3
2025-05-01 00:28:22,stallRate,176.117000102997,10.4507390406705,TheEmptinessMachine,BBR,Throughput,HTTP/3
2025-05-01 00:28:24,stallRate,178.117000102997,10.3284907297661,TheEmptinessMachine,BBR,Throughput,HTTP/3
2025-05-01 00:28:26,stallRate,180.117000102997,10.2090549581609,TheEmptinessMachine,BBR,Throughput,HTTP/3
2025-05-01 00:28:30,stallRate,184.117000102997,10.45059450578,TheEmptinessMachine,BBR,Throughput,HTTP/3
2025-05-01 00:28:32,stallRate,186.117000102997,10.3333798021368,TheEmptinessMachine,BBR,Throughput,HTTP/3
2025-05-01 00:28:34,stallRate,188.117000102997,10.2190834467058,TheEmptinessMachine,BBR,Throughput,HTTP/3
2025-05-01 00:28:36,stallRate,190.117000102997,10.1079421872386,TheEmptinessMachine,BBR,Throughput,HTTP/3
2025-05-01 00:28:38,stallRate,192.117000102997,9.99849673103848,TheEmptinessMachine,BBR,Throughput,HTTP/3
2025-05-01 00:28:40,stallRate,194.117000102997,9.89154280476573,TheEmptinessMachine,BBR,Throughput,HTTP/3
2025-05-01 00:28:42,stallRate,196.117000102997,9.78678427569017,TheEmptinessMachine,BBR,Throughput,HTTP/3
2025-05-01 00:28:44,stallRate,198.117000102997,9.68427744491033,TheEmptinessMachine,BBR,Throughput,HTTP/3
2025-05-01 00:28:46,stallRate,200.117000102997,9.58348507255066,TheEmptinessMachine,BBR,Throughput,HTTP/3
2025-05-01 00:29:34,stallRate,4.55699992179871,0.0,TheEmptinessMachine,Westwood,Dynamic,HTTP/1.1
2025-05-01 00:29:36,stallRate,6.55699992179871,0.0,TheEmptinessMachine,Westwood,Dynamic,HTTP/1.1
2025-05-01 00:29:38,stallRate,8.55699992179871,0.552703951717083,TheEmptinessMachine,Westwood,Dynamic,HTTP/1.1
2025-05-01 00:29:40,stallRate,10.5569999217987,0.416753637394659,TheEmptinessMachine,Westwood,Dynamic,HTTP/1.1
2025-05-01 00:29:44,stallRate,14.5569999217987,30.5482688437343,TheEmptinessMachine,Westwood,Dynamic,HTTP/1.1
2025-05-01 00:29:46,stallRate,16.5569999217987,26.3481834407674,TheEmptinessMachine,Westwood,Dynamic,HTTP/1.1
2025-05-01 00:29:48,stallRate,18.5569999217987,22.3152738978478,TheEmptinessMachine,Westwood,Dynamic,HTTP/1.1
2025-05-01 00:29:50,stallRate,20.5569999217987,19.2911008790853,TheEmptinessMachine,Westwood,Dynamic,HTTP/1.1
2025-05-01 00:29:52,stallRate,22.5569999217987,16.7505715239653,TheEmptinessMachine,Westwood,Dynamic,HTTP/1.1
2025-05-01 00:29:54,stallRate,24.5569999217987,14.9823296731811,TheEmptinessMachine,Westwood,Dynamic,HTTP/1.1
2025-05-01 00:29:58,stallRate,28.5579998493195,16.6058235967092,TheEmptinessMachine,Westwood,Dynamic,HTTP/1.1
2025-05-01 00:30:00,stallRate,30.5569999217987,17.1851007623746,TheEmptinessMachine,Westwood,Dynamic,HTTP/1.1
2025-05-01 00:30:02,stallRate,32.5599999427795,18.1891106901514,TheEmptinessMachine,Westwood,Dynamic,HTTP/1.1
2025-05-01 00:30:04,stallRate,34.5569999217987,16.9401087459583,TheEmptinessMachine,Westwood,Dynamic,HTTP/1.1
2025-05-01 00:30:06,stallRate,36.5569999217987,15.8622608477714,TheEmptinessMachine,Westwood,Dynamic,HTTP/1.1
2025-05-01 00:30:08,stallRate,38.5569999217987,14.9094905462612,TheEmptinessMachine,Westwood,Dynamic,HTTP/1.1
2025-05-01 00:30:10,stallRate,40.5569999217987,14.0670032070798,TheEmptinessMachine,Westwood,Dynamic,HTTP/1.1
2025-05-01 00:30:12,stallRate,42.5569999217987,13.3168568300207,TheEmptinessMachine,Westwood,Dynamic,HTTP/1.1
2025-05-01 00:30:14,stallRate,44.5569999217987,12.639465907533,TheEmptinessMachine,Westwood,Dynamic,HTTP/1.1
2025-05-01 00:30:16,stallRate,46.5569999217987,12.0265850572723,TheEmptinessMachine,Westwood,Dynamic,HTTP/1.1
2025-05-01 00:30:18,stallRate,48.5569999217987,11.4719476179295,TheEmptinessMachine,Westwood,Dynamic,HTTP/1.1
2025-05-01 00:30:20,stallRate,50.5569999217987,10.9645352107047,TheEmptinessMachine,Westwood,Dynamic,HTTP/1.1
2025-05-01 00:30:22,stallRate,52.5569999217987,10.5026363260578,TheEmptinessMachine,Westwood,Dynamic,HTTP/1.1
2025-05-01 00:30:24,stallRate,54.5569999217987,10.0764541926837,TheEmptinessMachine,Westwood,Dynamic,HTTP/1.1
2025-05-01 00:30:26,stallRate,56.5579998493195,9.6842209637187,TheEmptinessMachine,Westwood,Dynamic,HTTP/1.1
2025-05-01 00:30:28,stallRate,58.5569999217987,9.32182544604027,TheEmptinessMachine,Westwood,Dynamic,HTTP/1.1
2025-05-01 00:30:30,stallRate,60.5569999217987,8.98534136990853,TheEmptinessMachine,Westwood,Dynamic,HTTP/1.1
2025-05-01 00:30:32,stallRate,62.5569999217987,8.67303550104993,TheEmptinessMachine,Westwood,Dynamic,HTTP/1.1
2025-05-01 00:30:34,stallRate,64.5569999217987,8.38049632147744,TheEmptinessMachine,Westwood,Dynamic,HTTP/1.1
2025-05-01 00:30:36,stallRate,66.5569999217987,8.106559982516,TheEmptinessMachine,Westwood,Dynamic,HTTP/1.1
2025-05-01 00:30:38,stallRate,68.5569999217987,7.85073015919901,TheEmptinessMachine,Westwood,Dynamic,HTTP/1.1
2025-05-01 00:30:40,stallRate,70.5569999217987,7.61069372576456,TheEmptinessMachine,Westwood,Dynamic,HTTP/1.1
2025-05-01 00:30:42,stallRate,72.5569999217987,7.38486204618788,TheEmptinessMachine,Westwood,Dynamic,HTTP/1.1
2025-05-01 00:30:44,stallRate,74.5569999217987,7.17135126216651,TheEmptinessMachine,Westwood,Dynamic,HTTP/1.1
2025-05-01 00:30:46,stallRate,76.5569999217987,6.97170159551004,TheEmptinessMachine,Westwood,Dynamic,HTTP/1.1
2025-05-01 00:30:48,stallRate,78.5569999217987,6.78211279510167,TheEmptinessMachine,Westwood,Dynamic,HTTP/1.1
2025-05-01 00:30:50,stallRate,80.5569999217987,6.60177715683915,TheEmptinessMachine,Westwood,Dynamic,HTTP/1.1
2025-05-01 00:30:52,stallRate,82.5569999217987,6.43211130797519,TheEmptinessMachine,Westwood,Dynamic,HTTP/1.1
2025-05-01 00:30:54,stallRate,84.5569999217987,6.27041442194452,TheEmptinessMachine,Westwood,Dynamic,HTTP/1.1
2025-05-01 00:30:56,stallRate,86.5569999217987,6.11499044735207,TheEmptinessMachine,Westwood,Dynamic,HTTP/1.1
2025-05-01 00:30:58,stallRate,88.5579998493195,5.96785499933625,TheEmptinessMachine,Westwood,Dynamic,HTTP/1.1
2025-05-01 00:31:00,stallRate,90.5569999217987,5.82843113412413,TheEmptinessMachine,Westwood,Dynamic,HTTP/1.1
2025-05-01 00:31:02,stallRate,92.5569999217987,5.69553573147816,TheEmptinessMachine,Westwood,Dynamic,HTTP/1.1
2025-05-01 00:31:04,stallRate,94.5569999217987,5.56802341129386,TheEmptinessMachine,Westwood,Dynamic,HTTP/1.1
2025-05-01 00:31:06,stallRate,96.5569999217987,5.44578256301272,TheEmptinessMachine,Westwood,Dynamic,HTTP/1.1
2025-05-01 00:31:08,stallRate,98.5569999217987,5.32910850696985,TheEmptinessMachine,Westwood,Dynamic,HTTP/1.1
2025-05-01 00:31:10,stallRate,100.557999849319,5.21740173244778,TheEmptinessMachine,Westwood,Dynamic,HTTP/1.1
2025-05-01 00:31:12,stallRate,102.556999921799,5.11091631073926,TheEmptinessMachine,Westwood,Dynamic,HTTP/1.1
2025-05-01 00:31:14,stallRate,104.556999921799,5.00810185320512,TheEmptinessMachine,Westwood,Dynamic,HTTP/1.1
2025-05-01 00:31:16,stallRate,106.557999849319,4.90918287851787,TheEmptinessMachine,Westwood,Dynamic,HTTP/1.1
2025-05-01 00:31:18,stallRate,108.556999921799,4.81425163186178,TheEmptinessMachine,Westwood,Dynamic,HTTP/1.1
2025-05-01 00:31:20,stallRate,110.556999921799,4.72257686169538,TheEmptinessMachine,Westwood,Dynamic,HTTP/1.1
2025-05-01 00:31:22,stallRate,112.556999921799,4.63477513753854,TheEmptinessMachine,Westwood,Dynamic,HTTP/1.1
2025-05-01 00:31:24,stallRate,114.556999921799,4.54987580695631,TheEmptinessMachine,Westwood,Dynamic,HTTP/1.1
2025-05-01 00:31:26,stallRate,116.556999921799,4.46821704007562,TheEmptinessMachine,Westwood,Dynamic,HTTP/1.1
2025-05-01 00:31:28,stallRate,118.556999921799,4.38946517772314,TheEmptinessMachine,Westwood,Dynamic,HTTP/1.1
2025-05-01 00:31:30,stallRate,120.556999921799,4.31342354113288,TheEmptinessMachine,Westwood,Dynamic,HTTP/1.1
2025-05-01 00:31:32,stallRate,122.556999921799,4.24011591289761,TheEmptinessMachine,Westwood,Dynamic,HTTP/1.1
2025-05-01 00:31:34,stallRate,124.557999849319,4.16856724078291,TheEmptinessMachine,Westwood,Dynamic,HTTP/1.1
2025-05-01 00:31:36,stallRate,126.556999921799,4.10016097399474,TheEmptinessMachine,Westwood,Dynamic,HTTP/1.1
2025-05-01 00:31:38,stallRate,128.556999921799,4.03371521670631,TheEmptinessMachine,Westwood,Dynamic,HTTP/1.1
2025-05-01 00:31:40,stallRate,130.556999921799,3.96930719314541,TheEmptinessMachine,Westwood,Dynamic,HTTP/1.1
2025-05-01 00:31:42,stallRate,132.556999921799,3.90699393517447,TheEmptinessMachine,Westwood,Dynamic,HTTP/1.1
2025-05-01 00:31:44,stallRate,134.556999921799,3.84675042797747,TheEmptinessMachine,Westwood,Dynamic,HTTP/1.1
2025-05-01 00:31:46,stallRate,136.556999921799,3.78799802457181,TheEmptinessMachine,Westwood,Dynamic,HTTP/1.1
2025-05-01 00:31:48,stallRate,138.557999849319,3.73102029613957,TheEmptinessMachine,Westwood,Dynamic,HTTP/1.1
2025-05-01 00:31:50,stallRate,140.556999921799,3.67594427455718,TheEmptinessMachine,Westwood,Dynamic,HTTP/1.1
2025-05-01 00:31:52,stallRate,142.556999921799,3.62279576558141,TheEmptinessMachine,Westwood,Dynamic,HTTP/1.1
2025-05-01 00:31:54,stallRate,144.556999921799,3.57076470990742,TheEmptinessMachine,Westwood,Dynamic,HTTP/1.1
2025-05-01 00:31:56,stallRate,146.556999921799,3.52028759257882,TheEmptinessMachine,Westwood,Dynamic,HTTP/1.1
2025-05-01 00:31:58,stallRate,148.557999849319,3.47102640022687,TheEmptinessMachine,Westwood,Dynamic,HTTP/1.1
2025-05-01 00:32:00,stallRate,150.556999921799,3.4234008538955,TheEmptinessMachine,Westwood,Dynamic,HTTP/1.1
2025-05-01 00:32:02,stallRate,152.556999921799,3.37685734785606,TheEmptinessMachine,Westwood,Dynamic,HTTP/1.1
2025-05-01 00:32:04,stallRate,154.556999921799,3.33151858354892,TheEmptinessMachine,Westwood,Dynamic,HTTP/1.1
2025-05-01 00:32:06,stallRate,156.556999921799,3.29229228531304,TheEmptinessMachine,Westwood,Dynamic,HTTP/1.1
2025-05-01 00:32:08,stallRate,158.556999921799,3.24938425666879,TheEmptinessMachine,Westwood,Dynamic,HTTP/1.1
2025-05-01 00:32:10,stallRate,160.556999921799,3.20775822327233,TheEmptinessMachine,Westwood,Dynamic,HTTP/1.1
2025-05-01 00:32:12,stallRate,162.556999921799,3.16669983843101,TheEmptinessMachine,Westwood,Dynamic,HTTP/1.1
2025-05-01 00:32:14,stallRate,164.556999921799,3.34282177847109,TheEmptinessMachine,Westwood,Dynamic,HTTP/1.1
2025-05-01 00:32:16,stallRate,166.556999921799,3.30152872433907,TheEmptinessMachine,Westwood,Dynamic,HTTP/1.1
2025-05-01 00:32:18,stallRate,168.556999921799,3.28312022112989,TheEmptinessMachine,Westwood,Dynamic,HTTP/1.1
2025-05-01 00:32:20,stallRate,170.556999921799,3.24337335860241,TheEmptinessMachine,Westwood,Dynamic,HTTP/1.1
2025-05-01 00:32:22,stallRate,172.556999921799,3.20453316461832,TheEmptinessMachine,Westwood,Dynamic,HTTP/1.1
2025-05-01 00:32:24,stallRate,174.556999921799,3.16669356248816,TheEmptinessMachine,Westwood,Dynamic,HTTP/1.1
2025-05-01 00:32:26,stallRate,176.556999921799,3.12960077640365,TheEmptinessMachine,Westwood,Dynamic,HTTP/1.1
2025-05-01 00:32:28,stallRate,178.556999921799,3.09370982003721,TheEmptinessMachine,Westwood,Dynamic,HTTP/1.1
2025-05-01 00:32:30,stallRate,180.556999921799,3.05849660418793,TheEmptinessMachine,Westwood,Dynamic,HTTP/1.1
2025-05-01 00:32:32,stallRate,182.556999921799,3.02392596859294,TheEmptinessMachine,Westwood,Dynamic,HTTP/1.1
2025-05-01 00:32:34,stallRate,184.557999849319,2.99015151453944,TheEmptinessMachine,Westwood,Dynamic,HTTP/1.1
2025-05-01 00:32:36,stallRate,186.556999921799,2.9571791527438,TheEmptinessMachine,Westwood,Dynamic,HTTP/1.1
2025-05-01 00:32:38,stallRate,188.557999849319,2.9249778994691,TheEmptinessMachine,Westwood,Dynamic,HTTP/1.1
2025-05-01 00:32:40,stallRate,190.556999921799,2.89335587049537,TheEmptinessMachine,Westwood,Dynamic,HTTP/1.1
2025-05-01 00:32:42,stallRate,192.556999921799,2.86237215216393,TheEmptinessMachine,Westwood,Dynamic,HTTP/1.1
2025-05-01 00:32:44,stallRate,194.556999921799,2.83214385489816,TheEmptinessMachine,Westwood,Dynamic,HTTP/1.1
2025-05-01 00:32:46,stallRate,196.556999921799,2.80273639031661,TheEmptinessMachine,Westwood,Dynamic,HTTP/1.1
2025-05-01 00:32:48,stallRate,198.556999921799,2.77371852263591,TheEmptinessMachine,Westwood,Dynamic,HTTP/1.1
2025-05-01 00:33:36,stallRate,6.95700001716614,0.0,TheEmptinessMachine,Westwood,Dynamic,HTTP/2
2025-05-01 00:33:38,stallRate,8.95600008964539,0.0,TheEmptinessMachine,Westwood,Dynamic,HTTP/2
2025-05-01 00:33:40,stallRate,10.9560000896454,0.0,TheEmptinessMachine,Westwood,Dynamic,HTTP/2
2025-05-01 00:33:42,stallRate,12.9560000896454,0.0,TheEmptinessMachine,Westwood,Dynamic,HTTP/2
2025-05-01 00:33:44,stallRate,14.9560000896454,0.0,TheEmptinessMachine,Westwood,Dynamic,HTTP/2
2025-05-01 00:33:46,stallRate,16.9560000896454,0.0,TheEmptinessMachine,Westwood,Dynamic,HTTP/2
2025-05-01 00:33:48,stallRate,18.9560000896454,0.0,TheEmptinessMachine,Westwood,Dynamic,HTTP/2
2025-05-01 00:33:50,stallRate,20.9560000896454,0.0,TheEmptinessMachine,Westwood,Dynamic,HTTP/2
2025-05-01 00:33:52,stallRate,22.9560000896454,0.0,TheEmptinessMachine,Westwood,Dynamic,HTTP/2
2025-05-01 00:33:54,stallRate,24.9560000896454,0.0,TheEmptinessMachine,Westwood,Dynamic,HTTP/2
2025-05-01 00:33:56,stallRate,26.9560000896454,0.0,TheEmptinessMachine,Westwood,Dynamic,HTTP/2
2025-05-01 00:33:58,stallRate,28.9560000896454,0.0,TheEmptinessMachine,Westwood,Dynamic,HTTP/2
2025-05-01 00:34:00,stallRate,30.9560000896454,0.0,TheEmptinessMachine,Westwood,Dynamic,HTTP/2
2025-05-01 00:34:02,stallRate,32.9560000896454,0.0,TheEmptinessMachine,Westwood,Dynamic,HTTP/2
2025-05-01 00:34:04,stallRate,34.9560000896454,0.0,TheEmptinessMachine,Westwood,Dynamic,HTTP/2
2025-05-01 00:34:06,stallRate,36.9560000896454,0.0,TheEmptinessMachine,Westwood,Dynamic,HTTP/2
2025-05-01 00:34:08,stallRate,38.9560000896454,0.0,TheEmptinessMachine,Westwood,Dynamic,HTTP/2
2025-05-01 00:34:10,stallRate,40.9560000896454,0.0,TheEmptinessMachine,Westwood,Dynamic,HTTP/2
2025-05-01 00:34:12,stallRate,42.9560000896454,0.0,TheEmptinessMachine,Westwood,Dynamic,HTTP/2
2025-05-01 00:34:14,stallRate,44.9560000896454,0.0,TheEmptinessMachine,Westwood,Dynamic,HTTP/2
2025-05-01 00:34:16,stallRate,46.9560000896454,0.0,TheEmptinessMachine,Westwood,Dynamic,HTTP/2
2025-05-01 00:34:18,stallRate,48.9560000896454,0.0,TheEmptinessMachine,Westwood,Dynamic,HTTP/2
2025-05-01 00:34:20,stallRate,50.9560000896454,0.0,TheEmptinessMachine,Westwood,Dynamic,HTTP/2
2025-05-01 00:34:22,stallRate,52.9570000171661,0.0,TheEmptinessMachine,Westwood,Dynamic,HTTP/2
2025-05-01 00:34:24,stallRate,54.9560000896454,0.0,TheEmptinessMachine,Westwood,Dynamic,HTTP/2
2025-05-01 00:34:26,stallRate,56.9570000171661,0.0,TheEmptinessMachine,Westwood,Dynamic,HTTP/2
2025-05-01 00:34:28,stallRate,58.9570000171661,0.0,TheEmptinessMachine,Westwood,Dynamic,HTTP/2
2025-05-01 00:34:30,stallRate,60.9560000896454,0.0,TheEmptinessMachine,Westwood,Dynamic,HTTP/2
2025-05-01 00:34:32,stallRate,62.9560000896454,0.0,TheEmptinessMachine,Westwood,Dynamic,HTTP/2
2025-05-01 00:34:34,stallRate,64.9560000896454,0.0,TheEmptinessMachine,Westwood,Dynamic,HTTP/2
2025-05-01 00:34:36,stallRate,66.9560000896454,0.0,TheEmptinessMachine,Westwood,Dynamic,HTTP/2
2025-05-01 00:34:38,stallRate,68.9560000896454,0.0,TheEmptinessMachine,Westwood,Dynamic,HTTP/2
2025-05-01 00:34:40,stallRate,70.9560000896454,0.0,TheEmptinessMachine,Westwood,Dynamic,HTTP/2
2025-05-01 00:34:42,stallRate,72.9570000171661,0.0,TheEmptinessMachine,Westwood,Dynamic,HTTP/2
2025-05-01 00:34:44,stallRate,74.9560000896454,0.0,TheEmptinessMachine,Westwood,Dynamic,HTTP/2
2025-05-01 00:34:46,stallRate,76.9560000896454,0.0,TheEmptinessMachine,Westwood,Dynamic,HTTP/2
2025-05-01 00:34:48,stallRate,78.9560000896454,0.0,TheEmptinessMachine,Westwood,Dynamic,HTTP/2
2025-05-01 00:34:50,stallRate,80.9560000896454,0.0,TheEmptinessMachine,Westwood,Dynamic,HTTP/2
2025-05-01 00:34:52,stallRate,82.9560000896454,0.0,TheEmptinessMachine,Westwood,Dynamic,HTTP/2
2025-05-01 00:34:54,stallRate,84.9570000171661,0.0,TheEmptinessMachine,Westwood,Dynamic,HTTP/2
2025-05-01 00:34:58,stallRate,88.9560000896454,0.757836559522708,TheEmptinessMachine,Westwood,Dynamic,HTTP/2
2025-05-01 00:35:00,stallRate,90.9560000896454,0.749569840625181,TheEmptinessMachine,Westwood,Dynamic,HTTP/2
2025-05-01 00:35:02,stallRate,92.9560000896454,0.732330316965729,TheEmptinessMachine,Westwood,Dynamic,HTTP/2
2025-05-01 00:35:04,stallRate,94.9560000896454,0.715866629052619,TheEmptinessMachine,Westwood,Dynamic,HTTP/2
2025-05-01 00:35:06,stallRate,96.9560000896454,0.700277085434634,TheEmptinessMachine,Westwood,Dynamic,HTTP/2
2025-05-01 00:35:08,stallRate,98.9560000896454,0.685372392607723,TheEmptinessMachine,Westwood,Dynamic,HTTP/2
2025-05-01 00:35:10,stallRate,100.956000089645,0.671018212802446,TheEmptinessMachine,Westwood,Dynamic,HTTP/2
2025-05-01 00:35:12,stallRate,102.956000089645,0.657202600101848,TheEmptinessMachine,Westwood,Dynamic,HTTP/2
2025-05-01 00:35:14,stallRate,104.957000017166,0.643895956891676,TheEmptinessMachine,Westwood,Dynamic,HTTP/2
2025-05-01 00:35:16,stallRate,106.956000089645,0.631200839393469,TheEmptinessMachine,Westwood,Dynamic,HTTP/2
2025-05-01 00:35:18,stallRate,108.956000089645,0.619028676508185,TheEmptinessMachine,Westwood,Dynamic,HTTP/2
2025-05-01 00:35:20,stallRate,110.956000089645,0.607265233978922,TheEmptinessMachine,Westwood,Dynamic,HTTP/2
2025-05-01 00:35:22,stallRate,112.956000089645,0.595991870871012,TheEmptinessMachine,Westwood,Dynamic,HTTP/2
2025-05-01 00:35:24,stallRate,114.956000089645,0.585134431220677,TheEmptinessMachine,Westwood,Dynamic,HTTP/2
2025-05-01 00:35:26,stallRate,116.956000089645,0.574616466641245,TheEmptinessMachine,Westwood,Dynamic,HTTP/2
2025-05-01 00:35:28,stallRate,118.956000089645,0.564451581987044,TheEmptinessMachine,Westwood,Dynamic,HTTP/2
2025-05-01 00:35:30,stallRate,120.956000089645,0.55466623588881,TheEmptinessMachine,Westwood,Dynamic,HTTP/2
2025-05-01 00:35:32,stallRate,122.956000089645,0.545180473021329,TheEmptinessMachine,Westwood,Dynamic,HTTP/2
2025-05-01 00:35:34,stallRate,124.956000089645,0.536066068614252,TheEmptinessMachine,Westwood,Dynamic,HTTP/2
2025-05-01 00:35:36,stallRate,126.956000089645,0.527261916768022,TheEmptinessMachine,Westwood,Dynamic,HTTP/2
2025-05-01 00:35:38,stallRate,128.956000089645,0.518704164191806,TheEmptinessMachine,Westwood,Dynamic,HTTP/2
2025-05-01 00:35:40,stallRate,130.957000017166,0.51040997087067,TheEmptinessMachine,Westwood,Dynamic,HTTP/2
2025-05-01 00:35:42,stallRate,132.956000089645,0.502399976474264,TheEmptinessMachine,Westwood,Dynamic,HTTP/2
2025-05-01 00:35:44,stallRate,134.956000089645,0.494650019973742,TheEmptinessMachine,Westwood,Dynamic,HTTP/2
2025-05-01 00:35:46,stallRate,136.956000089645,0.487175196691968,TheEmptinessMachine,Westwood,Dynamic,HTTP/2
2025-05-01 00:35:48,stallRate,138.956000089645,0.479823090437294,TheEmptinessMachine,Westwood,Dynamic,HTTP/2
2025-05-01 00:35:50,stallRate,140.956000089645,0.472709372630984,TheEmptinessMachine,Westwood,Dynamic,HTTP/2
2025-05-01 00:35:52,stallRate,142.956000089645,0.46585001994632,TheEmptinessMachine,Westwood,Dynamic,HTTP/2
2025-05-01 00:35:54,stallRate,144.956000089645,0.459153730756362,TheEmptinessMachine,Westwood,Dynamic,HTTP/2
2025-05-01 00:35:56,stallRate,146.956000089645,0.452660723831309,TheEmptinessMachine,Westwood,Dynamic,HTTP/2
2025-05-01 00:35:58,stallRate,148.956000089645,0.446351400221016,TheEmptinessMachine,Westwood,Dynamic,HTTP/2
2025-05-01 00:36:00,stallRate,150.957000017166,0.440177362050294,TheEmptinessMachine,Westwood,Dynamic,HTTP/2
2025-05-01 00:36:02,stallRate,152.956000089645,0.434230710912009,TheEmptinessMachine,Westwood,Dynamic,HTTP/2
2025-05-01 00:36:04,stallRate,154.956000089645,0.428391981109164,TheEmptinessMachine,Westwood,Dynamic,HTTP/2
2025-05-01 00:36:06,stallRate,156.956000089645,0.42272876225554,TheEmptinessMachine,Westwood,Dynamic,HTTP/2
2025-05-01 00:36:08,stallRate,158.957000017166,0.417224990313312,TheEmptinessMachine,Westwood,Dynamic,HTTP/2
2025-05-01 00:36:10,stallRate,160.956000089645,0.411869791365045,TheEmptinessMachine,Westwood,Dynamic,HTTP/2
2025-05-01 00:36:12,stallRate,162.956000089645,0.406638857152997,TheEmptinessMachine,Westwood,Dynamic,HTTP/2
2025-05-01 00:36:14,stallRate,164.956000089645,0.401551104085094,TheEmptinessMachine,Westwood,Dynamic,HTTP/2
2025-05-01 00:36:16,stallRate,166.956000089645,0.396566352552598,TheEmptinessMachine,Westwood,Dynamic,HTTP/2
2025-05-01 00:36:18,stallRate,168.956000089645,0.3917251154294,TheEmptinessMachine,Westwood,Dynamic,HTTP/2
2025-05-01 00:36:20,stallRate,170.956000089645,0.386978422781466,TheEmptinessMachine,Westwood,Dynamic,HTTP/2
2025-05-01 00:36:22,stallRate,172.956000089645,0.382325420783121,TheEmptinessMachine,Westwood,Dynamic,HTTP/2
2025-05-01 00:36:24,stallRate,174.956000089645,0.377843127854668,TheEmptinessMachine,Westwood,Dynamic,HTTP/2
2025-05-01 00:36:26,stallRate,176.956000089645,0.373414694180313,TheEmptinessMachine,Westwood,Dynamic,HTTP/2
2025-05-01 00:36:28,stallRate,178.956000089645,0.369107893221716,TheEmptinessMachine,Westwood,Dynamic,HTTP/2
2025-05-01 00:36:30,stallRate,180.956000089645,0.364909686970611,TheEmptinessMachine,Westwood,Dynamic,HTTP/2
2025-05-01 00:36:32,stallRate,182.956000089645,0.360814551938915,TheEmptinessMachine,Westwood,Dynamic,HTTP/2
2025-05-01 00:36:34,stallRate,184.956000089645,0.356780768472387,TheEmptinessMachine,Westwood,Dynamic,HTTP/2
2025-05-01 00:36:36,stallRate,186.956000089645,0.352835628035624,TheEmptinessMachine,Westwood,Dynamic,HTTP/2
2025-05-01 00:36:38,stallRate,188.956000089645,0.34896678161482,TheEmptinessMachine,Westwood,Dynamic,HTTP/2
2025-05-01 00:36:40,stallRate,190.956000089645,0.345207118750579,TheEmptinessMachine,Westwood,Dynamic,HTTP/2
2025-05-01 00:36:42,stallRate,192.956000089645,0.341534851654395,TheEmptinessMachine,Westwood,Dynamic,HTTP/2
2025-05-01 00:36:44,stallRate,194.956000089645,0.337922975027676,TheEmptinessMachine,Westwood,Dynamic,HTTP/2
2025-05-01 00:36:46,stallRate,196.956000089645,0.334415991178539,TheEmptinessMachine,Westwood,Dynamic,HTTP/2
2025-05-01 00:36:48,stallRate,198.956000089645,0.330964722250427,TheEmptinessMachine,Westwood,Dynamic,HTTP/2
2025-05-01 00:37:36,stallRate,8.32500004768372,0.0,TheEmptinessMachine,Westwood,Dynamic,HTTP/3
2025-05-01 00:37:38,stallRate,10.3250000476837,0.0,TheEmptinessMachine,Westwood,Dynamic,HTTP/3
2025-05-01 00:37:40,stallRate,12.3250000476837,0.0,TheEmptinessMachine,Westwood,Dynamic,HTTP/3
2025-05-01 00:37:42,stallRate,14.3250000476837,0.0,TheEmptinessMachine,Westwood,Dynamic,HTTP/3
2025-05-01 00:37:44,stallRate,16.3250000476837,0.0,TheEmptinessMachine,Westwood,Dynamic,HTTP/3
2025-05-01 00:37:46,stallRate,18.3250000476837,0.0,TheEmptinessMachine,Westwood,Dynamic,HTTP/3
2025-05-01 00:37:48,stallRate,20.3250000476837,0.0,TheEmptinessMachine,Westwood,Dynamic,HTTP/3
2025-05-01 00:37:50,stallRate,22.324000120163,0.0,TheEmptinessMachine,Westwood,Dynamic,HTTP/3
2025-05-01 00:37:52,stallRate,24.3250000476837,0.0,TheEmptinessMachine,Westwood,Dynamic,HTTP/3
2025-05-01 00:37:54,stallRate,26.3250000476837,0.0,TheEmptinessMachine,Westwood,Dynamic,HTTP/3
2025-05-01 00:37:56,stallRate,28.326000213623,0.0,TheEmptinessMachine,Westwood,Dynamic,HTTP/3
2025-05-01 00:37:58,stallRate,30.326000213623,0.0,TheEmptinessMachine,Westwood,Dynamic,HTTP/3
2025-05-01 00:38:00,stallRate,32.324000120163,0.0,TheEmptinessMachine,Westwood,Dynamic,HTTP/3
2025-05-01 00:38:02,stallRate,34.3250000476837,0.0,TheEmptinessMachine,Westwood,Dynamic,HTTP/3
2025-05-01 00:38:04,stallRate,36.3250000476837,0.0,TheEmptinessMachine,Westwood,Dynamic,HTTP/3
2025-05-01 00:38:06,stallRate,38.324000120163,0.0,TheEmptinessMachine,Westwood,Dynamic,HTTP/3
2025-05-01 00:38:08,stallRate,40.3250000476837,0.0,TheEmptinessMachine,Westwood,Dynamic,HTTP/3
2025-05-01 00:38:10,stallRate,42.3250000476837,0.0,TheEmptinessMachine,Westwood,Dynamic,HTTP/3
2025-05-01 00:38:12,stallRate,44.3250000476837,0.0,TheEmptinessMachine,Westwood,Dynamic,HTTP/3
2025-05-01 00:38:14,stallRate,46.3250000476837,0.0,TheEmptinessMachine,Westwood,Dynamic,HTTP/3
2025-05-01 00:38:16,stallRate,48.324000120163,0.0,TheEmptinessMachine,Westwood,Dynamic,HTTP/3
2025-05-01 00:38:18,stallRate,50.326000213623,0.0,TheEmptinessMachine,Westwood,Dynamic,HTTP/3
2025-05-01 00:38:20,stallRate,52.3250000476837,0.0,TheEmptinessMachine,Westwood,Dynamic,HTTP/3
2025-05-01 00:38:22,stallRate,54.324000120163,0.0,TheEmptinessMachine,Westwood,Dynamic,HTTP/3
2025-05-01 00:38:24,stallRate,56.3250000476837,0.0,TheEmptinessMachine,Westwood,Dynamic,HTTP/3
2025-05-01 00:38:26,stallRate,58.3250000476837,0.0,TheEmptinessMachine,Westwood,Dynamic,HTTP/3
2025-05-01 00:38:28,stallRate,60.3250000476837,0.0,TheEmptinessMachine,Westwood,Dynamic,HTTP/3
2025-05-01 00:38:30,stallRate,62.326000213623,0.0,TheEmptinessMachine,Westwood,Dynamic,HTTP/3
2025-05-01 00:38:32,stallRate,64.324000120163,0.0,TheEmptinessMachine,Westwood,Dynamic,HTTP/3
2025-05-01 00:38:34,stallRate,66.3250000476837,0.0,TheEmptinessMachine,Westwood,Dynamic,HTTP/3
2025-05-01 00:38:36,stallRate,68.3250000476837,0.0,TheEmptinessMachine,Westwood,Dynamic,HTTP/3
2025-05-01 00:38:38,stallRate,70.3250000476837,0.0,TheEmptinessMachine,Westwood,Dynamic,HTTP/3
2025-05-01 00:38:40,stallRate,72.3250000476837,0.0,TheEmptinessMachine,Westwood,Dynamic,HTTP/3
2025-05-01 00:38:42,stallRate,74.3250000476837,0.0,TheEmptinessMachine,Westwood,Dynamic,HTTP/3
2025-05-01 00:38:44,stallRate,76.3250000476837,0.0,TheEmptinessMachine,Westwood,Dynamic,HTTP/3
2025-05-01 00:38:46,stallRate,78.3250000476837,0.0,TheEmptinessMachine,Westwood,Dynamic,HTTP/3
2025-05-01 00:38:48,stallRate,80.3250000476837,0.0,TheEmptinessMachine,Westwood,Dynamic,HTTP/3
2025-05-01 00:38:50,stallRate,82.324000120163,0.0,TheEmptinessMachine,Westwood,Dynamic,HTTP/3
2025-05-01 00:38:52,stallRate,84.3250000476837,0.0,TheEmptinessMachine,Westwood,Dynamic,HTTP/3
2025-05-01 00:38:54,stallRate,86.3250000476837,0.0,TheEmptinessMachine,Westwood,Dynamic,HTTP/3
2025-05-01 00:38:56,stallRate,88.3250000476837,0.0,TheEmptinessMachine,Westwood,Dynamic,HTTP/3
2025-05-01 00:38:58,stallRate,90.3250000476837,0.0,TheEmptinessMachine,Westwood,Dynamic,HTTP/3
2025-05-01 00:39:00,stallRate,92.3250000476837,0.0,TheEmptinessMachine,Westwood,Dynamic,HTTP/3
2025-05-01 00:39:02,stallRate,94.3250000476837,0.0,TheEmptinessMachine,Westwood,Dynamic,HTTP/3
2025-05-01 00:39:04,stallRate,96.326000213623,0.0,TheEmptinessMachine,Westwood,Dynamic,HTTP/3
2025-05-01 00:39:06,stallRate,98.324000120163,0.0,TheEmptinessMachine,Westwood,Dynamic,HTTP/3
2025-05-01 00:39:08,stallRate,100.325000047684,0.0,TheEmptinessMachine,Westwood,Dynamic,HTTP/3
2025-05-01 00:39:10,stallRate,102.324000120163,0.0,TheEmptinessMachine,Westwood,Dynamic,HTTP/3
2025-05-01 00:39:12,stallRate,104.324000120163,0.0,TheEmptinessMachine,Westwood,Dynamic,HTTP/3
2025-05-01 00:39:14,stallRate,106.324000120163,0.0,TheEmptinessMachine,Westwood,Dynamic,HTTP/3
2025-05-01 00:39:16,stallRate,108.324000120163,0.0,TheEmptinessMachine,Westwood,Dynamic,HTTP/3
2025-05-01 00:39:18,stallRate,110.325000047684,0.0,TheEmptinessMachine,Westwood,Dynamic,HTTP/3
2025-05-01 00:39:20,stallRate,112.325000047684,0.0,TheEmptinessMachine,Westwood,Dynamic,HTTP/3
2025-05-01 00:39:22,stallRate,114.325000047684,0.0,TheEmptinessMachine,Westwood,Dynamic,HTTP/3
2025-05-01 00:39:24,stallRate,116.326000213623,0.0,TheEmptinessMachine,Westwood,Dynamic,HTTP/3
2025-05-01 00:39:26,stallRate,118.325000047684,0.0,TheEmptinessMachine,Westwood,Dynamic,HTTP/3
2025-05-01 00:39:28,stallRate,120.324000120163,0.0,TheEmptinessMachine,Westwood,Dynamic,HTTP/3
2025-05-01 00:39:30,stallRate,122.326000213623,0.0,TheEmptinessMachine,Westwood,Dynamic,HTTP/3
2025-05-01 00:39:32,stallRate,124.325000047684,0.0,TheEmptinessMachine,Westwood,Dynamic,HTTP/3
2025-05-01 00:39:34,stallRate,126.325000047684,0.0,TheEmptinessMachine,Westwood,Dynamic,HTTP/3
2025-05-01 00:39:36,stallRate,128.325000047684,0.0,TheEmptinessMachine,Westwood,Dynamic,HTTP/3
2025-05-01 00:39:38,stallRate,130.325000047684,0.0,TheEmptinessMachine,Westwood,Dynamic,HTTP/3
2025-05-01 00:39:40,stallRate,132.325000047684,0.0,TheEmptinessMachine,Westwood,Dynamic,HTTP/3
2025-05-01 00:39:42,stallRate,134.324000120163,0.0,TheEmptinessMachine,Westwood,Dynamic,HTTP/3
2025-05-01 00:39:44,stallRate,136.324000120163,0.0,TheEmptinessMachine,Westwood,Dynamic,HTTP/3
2025-05-01 00:39:46,stallRate,138.325000047684,0.0,TheEmptinessMachine,Westwood,Dynamic,HTTP/3
2025-05-01 00:39:48,stallRate,140.325000047684,0.0,TheEmptinessMachine,Westwood,Dynamic,HTTP/3
2025-05-01 00:39:52,stallRate,144.324000120163,0.936495751660229,TheEmptinessMachine,Westwood,Dynamic,HTTP/3
2025-05-01 00:39:54,stallRate,146.325000047684,1.74123374748089,TheEmptinessMachine,Westwood,Dynamic,HTTP/3
2025-05-01 00:39:56,stallRate,148.325000047684,1.71714315795388,TheEmptinessMachine,Westwood,Dynamic,HTTP/3
2025-05-01 00:40:04,stallRate,156.325000047684,4.87892921357308,TheEmptinessMachine,Westwood,Dynamic,HTTP/3
2025-05-01 00:40:10,stallRate,162.324000120163,7.03276723447725,TheEmptinessMachine,Westwood,Dynamic,HTTP/3
2025-05-01 00:40:14,stallRate,166.325000047684,7.03141135371812,TheEmptinessMachine,Westwood,Dynamic,HTTP/3
2025-05-01 00:40:16,stallRate,168.325000047684,6.94381438950106,TheEmptinessMachine,Westwood,Dynamic,HTTP/3
2025-05-01 00:40:18,stallRate,170.325000047684,6.85799079609633,TheEmptinessMachine,Westwood,Dynamic,HTTP/3
2025-05-01 00:40:20,stallRate,172.324000120163,6.77420485839865,TheEmptinessMachine,Westwood,Dynamic,HTTP/3
2025-05-01 00:40:22,stallRate,174.325000047684,6.69216887002039,TheEmptinessMachine,Westwood,Dynamic,HTTP/3
2025-05-01 00:40:24,stallRate,176.326000213623,6.61280506584566,TheEmptinessMachine,Westwood,Dynamic,HTTP/3
2025-05-01 00:40:26,stallRate,178.325000047684,6.53528479466068,TheEmptinessMachine,Westwood,Dynamic,HTTP/3
2025-05-01 00:40:28,stallRate,180.325000047684,6.7627413349082,TheEmptinessMachine,Westwood,Dynamic,HTTP/3
2025-05-01 00:40:30,stallRate,182.325000047684,6.6850761691953,TheEmptinessMachine,Westwood,Dynamic,HTTP/3
2025-05-01 00:40:32,stallRate,184.325000047684,6.60931514772089,TheEmptinessMachine,Westwood,Dynamic,HTTP/3
2025-05-01 00:40:34,stallRate,186.325000047684,6.5347105642302,TheEmptinessMachine,Westwood,Dynamic,HTTP/3
2025-05-01 00:40:36,stallRate,188.325000047684,6.46240544944415,TheEmptinessMachine,Westwood,Dynamic,HTTP/3
2025-05-01 00:40:38,stallRate,190.325000047684,6.39145775868828,TheEmptinessMachine,Westwood,Dynamic,HTTP/3
2025-05-01 00:40:40,stallRate,192.324000120163,6.32184716792911,TheEmptinessMachine,Westwood,Dynamic,HTTP/3
2025-05-01 00:40:42,stallRate,194.324000120163,6.2539007294717,TheEmptinessMachine,Westwood,Dynamic,HTTP/3
2025-05-01 00:40:44,stallRate,196.325000047684,6.18744806372332,TheEmptinessMachine,Westwood,Dynamic,HTTP/3
2025-05-01 00:40:46,stallRate,198.326000213623,6.12234897907326,TheEmptinessMachine,Westwood,Dynamic,HTTP/3
2025-05-01 00:40:48,stallRate,200.325000047684,6.05844801568615,TheEmptinessMachine,Westwood,Dynamic,HTTP/3
2025-05-01 00:40:50,stallRate,202.324000120163,5.99582595238554,TheEmptinessMachine,Westwood,Dynamic,HTTP/3
2025-05-01 00:41:34,stallRate,7.1560001373291,0.0,TheEmptinessMachine,Westwood,Bola,HTTP/1.1
2025-05-01 00:41:36,stallRate,9.1560001373291,0.0,TheEmptinessMachine,Westwood,Bola,HTTP/1.1
2025-05-01 00:41:38,stallRate,11.1560001373291,0.0,TheEmptinessMachine,Westwood,Bola,HTTP/1.1
2025-05-01 00:41:40,stallRate,13.1560001373291,0.0,TheEmptinessMachine,Westwood,Bola,HTTP/1.1
2025-05-01 00:41:42,stallRate,15.1560001373291,0.0,TheEmptinessMachine,Westwood,Bola,HTTP/1.1
2025-05-01 00:41:44,stallRate,17.1560001373291,3.7692243472414,TheEmptinessMachine,Westwood,Bola,HTTP/1.1
2025-05-01 00:41:46,stallRate,19.1560001373291,3.18141792603953,TheEmptinessMachine,Westwood,Bola,HTTP/1.1
2025-05-01 00:41:48,stallRate,21.1560001373291,2.75159780587098,TheEmptinessMachine,Westwood,Bola,HTTP/1.1
2025-05-01 00:41:50,stallRate,23.1549999713898,2.41193243009904,TheEmptinessMachine,Westwood,Bola,HTTP/1.1
2025-05-01 00:41:52,stallRate,25.1560001373291,2.15778236510211,TheEmptinessMachine,Westwood,Bola,HTTP/1.1
2025-05-01 00:41:54,stallRate,27.1560001373291,1.95273546404934,TheEmptinessMachine,Westwood,Bola,HTTP/1.1
2025-05-01 00:41:56,stallRate,29.1570000648499,1.78242459300972,TheEmptinessMachine,Westwood,Bola,HTTP/1.1
2025-05-01 00:41:58,stallRate,31.1560001373291,1.64057272466644,TheEmptinessMachine,Westwood,Bola,HTTP/1.1
2025-05-01 00:42:00,stallRate,33.1560001373291,1.51912012799151,TheEmptinessMachine,Westwood,Bola,HTTP/1.1
2025-05-01 00:42:02,stallRate,35.1560001373291,1.41470667557927,TheEmptinessMachine,Westwood,Bola,HTTP/1.1
2025-05-01 00:42:04,stallRate,37.1560001373291,1.32412651017875,TheEmptinessMachine,Westwood,Bola,HTTP/1.1
2025-05-01 00:42:06,stallRate,39.1560001373291,1.24407438648219,TheEmptinessMachine,Westwood,Bola,HTTP/1.1
2025-05-01 00:42:08,stallRate,41.1560001373291,1.17278753930306,TheEmptinessMachine,Westwood,Bola,HTTP/1.1
2025-05-01 00:42:10,stallRate,43.1549999713898,1.10974186710376,TheEmptinessMachine,Westwood,Bola,HTTP/1.1
2025-05-01 00:42:12,stallRate,45.1560001373291,1.05290381908288,TheEmptinessMachine,Westwood,Bola,HTTP/1.1
2025-05-01 00:42:14,stallRate,47.1560001373291,1.00188216276896,TheEmptinessMachine,Westwood,Bola,HTTP/1.1
2025-05-01 00:42:16,stallRate,49.1560001373291,0.955601861218889,TheEmptinessMachine,Westwood,Bola,HTTP/1.1
2025-05-01 00:42:18,stallRate,51.1560001373291,0.913212631531825,TheEmptinessMachine,Westwood,Bola,HTTP/1.1
2025-05-01 00:42:20,stallRate,53.1570000648499,0.874350285306062,TheEmptinessMachine,Westwood,Bola,HTTP/1.1
2025-05-01 00:42:22,stallRate,55.1560001373291,0.838578142550193,TheEmptinessMachine,Westwood,Bola,HTTP/1.1
2025-05-01 00:42:24,stallRate,57.1549999713898,0.805919366306859,TheEmptinessMachine,Westwood,Bola,HTTP/1.1
2025-05-01 00:42:26,stallRate,59.1560001373291,0.775729578190517,TheEmptinessMachine,Westwood,Bola,HTTP/1.1
2025-05-01 00:42:28,stallRate,61.1560001373291,0.747477481112925,TheEmptinessMachine,Westwood,Bola,HTTP/1.1
2025-05-01 00:42:30,stallRate,63.1549999713898,0.721298324390015,TheEmptinessMachine,Westwood,Bola,HTTP/1.1
2025-05-01 00:42:32,stallRate,65.1560001373291,0.696907209667362,TheEmptinessMachine,Westwood,Bola,HTTP/1.1
2025-05-01 00:42:34,stallRate,67.1560001373291,0.674119365349461,TheEmptinessMachine,Westwood,Bola,HTTP/1.1
2025-05-01 00:42:36,stallRate,69.1549999713898,0.652823524305621,TheEmptinessMachine,Westwood,Bola,HTTP/1.1
2025-05-01 00:42:38,stallRate,71.1560001373291,0.632744043756327,TheEmptinessMachine,Westwood,Bola,HTTP/1.1
2025-05-01 00:42:40,stallRate,73.1560001373291,0.613940159218399,TheEmptinessMachine,Westwood,Bola,HTTP/1.1
2025-05-01 00:42:42,stallRate,75.1570000648499,0.596139368479836,TheEmptinessMachine,Westwood,Bola,HTTP/1.1
2025-05-01 00:42:44,stallRate,77.1560001373291,0.579351206205111,TheEmptinessMachine,Westwood,Bola,HTTP/1.1
2025-05-01 00:42:46,stallRate,79.1560001373291,0.563509680470165,TheEmptinessMachine,Westwood,Bola,HTTP/1.1
2025-05-01 00:42:48,stallRate,81.1560001373291,0.548545176884571,TheEmptinessMachine,Westwood,Bola,HTTP/1.1
2025-05-01 00:42:50,stallRate,83.1560001373291,0.534280863988129,TheEmptinessMachine,Westwood,Bola,HTTP/1.1
2025-05-01 00:42:52,stallRate,85.1560001373291,0.520740143812185,TheEmptinessMachine,Westwood,Bola,HTTP/1.1
2025-05-01 00:42:54,stallRate,87.1560001373291,0.507909545232041,TheEmptinessMachine,Westwood,Bola,HTTP/1.1
2025-05-01 00:42:56,stallRate,89.1549999713898,0.495779117969959,TheEmptinessMachine,Westwood,Bola,HTTP/1.1
2025-05-01 00:42:58,stallRate,91.1560001373291,0.48412209315247,TheEmptinessMachine,Westwood,Bola,HTTP/1.1
2025-05-01 00:43:00,stallRate,93.1560001373291,0.473023255385041,TheEmptinessMachine,Westwood,Bola,HTTP/1.1
2025-05-01 00:43:02,stallRate,95.1549999713898,0.46237269453788,TheEmptinessMachine,Westwood,Bola,HTTP/1.1
2025-05-01 00:43:04,stallRate,97.1560001373291,0.452245100697806,TheEmptinessMachine,Westwood,Bola,HTTP/1.1
2025-05-01 00:43:06,stallRate,99.1560001373291,0.442513735239848,TheEmptinessMachine,Westwood,Bola,HTTP/1.1
2025-05-01 00:43:08,stallRate,101.156000137329,0.433240680230943,TheEmptinessMachine,Westwood,Bola,HTTP/1.1
2025-05-01 00:43:10,stallRate,103.156000137329,0.424354969125636,TheEmptinessMachine,Westwood,Bola,HTTP/1.1
2025-05-01 00:43:12,stallRate,105.15499997139,0.415787342510314,TheEmptinessMachine,Westwood,Bola,HTTP/1.1
2025-05-01 00:43:14,stallRate,107.156000137329,0.407585387534829,TheEmptinessMachine,Westwood,Bola,HTTP/1.1
2025-05-01 00:43:16,stallRate,109.15499997139,0.399713222735454,TheEmptinessMachine,Westwood,Bola,HTTP/1.1
2025-05-01 00:43:18,stallRate,111.156000137329,0.392056031714977,TheEmptinessMachine,Westwood,Bola,HTTP/1.1
2025-05-01 00:43:20,stallRate,113.156000137329,0.384681565698192,TheEmptinessMachine,Westwood,Bola,HTTP/1.1
2025-05-01 00:43:22,stallRate,115.15499997139,0.3776243345326,TheEmptinessMachine,Westwood,Bola,HTTP/1.1
2025-05-01 00:43:24,stallRate,117.156000137329,0.370840229949176,TheEmptinessMachine,Westwood,Bola,HTTP/1.1
2025-05-01 00:43:26,stallRate,119.156000137329,0.364314308681324,TheEmptinessMachine,Westwood,Bola,HTTP/1.1
2025-05-01 00:43:28,stallRate,121.15499997139,0.357992966370089,TheEmptinessMachine,Westwood,Bola,HTTP/1.1
2025-05-01 00:43:30,stallRate,123.15499997139,0.351896196327364,TheEmptinessMachine,Westwood,Bola,HTTP/1.1
2025-05-01 00:43:32,stallRate,125.15499997139,0.345945921269458,TheEmptinessMachine,Westwood,Bola,HTTP/1.1
2025-05-01 00:43:34,stallRate,127.156000137329,0.340257648013322,TheEmptinessMachine,Westwood,Bola,HTTP/1.1
2025-05-01 00:43:36,stallRate,129.156000137329,0.33472973505661,TheEmptinessMachine,Westwood,Bola,HTTP/1.1
2025-05-01 00:43:38,stallRate,131.156000137329,0.329373989496648,TheEmptinessMachine,Westwood,Bola,HTTP/1.1
2025-05-01 00:43:40,stallRate,133.156000137329,0.324192994215336,TheEmptinessMachine,Westwood,Bola,HTTP/1.1
2025-05-01 00:43:42,stallRate,135.156000137329,0.319183171085865,TheEmptinessMachine,Westwood,Bola,HTTP/1.1
2025-05-01 00:43:44,stallRate,137.156000137329,0.314306322517181,TheEmptinessMachine,Westwood,Bola,HTTP/1.1
2025-05-01 00:43:46,stallRate,139.15499997139,0.309597088383568,TheEmptinessMachine,Westwood,Bola,HTTP/1.1
2025-05-01 00:43:48,stallRate,141.156000137329,0.305005786491768,TheEmptinessMachine,Westwood,Bola,HTTP/1.1
2025-05-01 00:43:50,stallRate,143.156000137329,0.300556243423031,TheEmptinessMachine,Westwood,Bola,HTTP/1.1
2025-05-01 00:43:52,stallRate,145.156000137329,0.296236455970034,TheEmptinessMachine,Westwood,Bola,HTTP/1.1
2025-05-01 00:43:54,stallRate,147.15499997139,0.292047007355609,TheEmptinessMachine,Westwood,Bola,HTTP/1.1
2025-05-01 00:43:56,stallRate,149.15499997139,0.287971364833765,TheEmptinessMachine,Westwood,Bola,HTTP/1.1
2025-05-01 00:43:58,stallRate,151.156000137329,0.284005044653708,TheEmptinessMachine,Westwood,Bola,HTTP/1.1
2025-05-01 00:44:00,stallRate,153.156000137329,0.280154354856697,TheEmptinessMachine,Westwood,Bola,HTTP/1.1
2025-05-01 00:44:02,stallRate,155.156000137329,0.276384970149765,TheEmptinessMachine,Westwood,Bola,HTTP/1.1
2025-05-01 00:44:04,stallRate,157.156000137329,0.272714775557505,TheEmptinessMachine,Westwood,Bola,HTTP/1.1
2025-05-01 00:44:08,stallRate,161.156000137329,1.00040548651762,TheEmptinessMachine,Westwood,Bola,HTTP/1.1
2025-05-01 00:44:10,stallRate,163.15499997139,0.992321646362366,TheEmptinessMachine,Westwood,Bola,HTTP/1.1
2025-05-01 00:44:12,stallRate,165.15499997139,0.979869454591656,TheEmptinessMachine,Westwood,Bola,HTTP/1.1
2025-05-01 00:44:14,stallRate,167.156000137329,0.967607932883978,TheEmptinessMachine,Westwood,Bola,HTTP/1.1
2025-05-01 00:44:16,stallRate,169.15499997139,0.955725707786521,TheEmptinessMachine,Westwood,Bola,HTTP/1.1
2025-05-01 00:44:18,stallRate,171.156000137329,0.944166042044703,TheEmptinessMachine,Westwood,Bola,HTTP/1.1
2025-05-01 00:44:20,stallRate,173.156000137329,0.932892126946859,TheEmptinessMachine,Westwood,Bola,HTTP/1.1
2025-05-01 00:44:22,stallRate,175.15499997139,0.921870093621352,TheEmptinessMachine,Westwood,Bola,HTTP/1.1
2025-05-01 00:44:24,stallRate,177.15499997139,0.911062135376579,TheEmptinessMachine,Westwood,Bola,HTTP/1.1
2025-05-01 00:44:26,stallRate,179.156000137329,0.900562174766356,TheEmptinessMachine,Westwood,Bola,HTTP/1.1
2025-05-01 00:44:28,stallRate,181.156000137329,0.890257959050328,TheEmptinessMachine,Westwood,Bola,HTTP/1.1
2025-05-01 00:44:30,stallRate,183.156000137329,0.880211402018493,TheEmptinessMachine,Westwood,Bola,HTTP/1.1
2025-05-01 00:44:32,stallRate,185.15499997139,0.870449430852636,TheEmptinessMachine,Westwood,Bola,HTTP/1.1
2025-05-01 00:44:34,stallRate,187.156000137329,0.860827800453427,TheEmptinessMachine,Westwood,Bola,HTTP/1.1
2025-05-01 00:44:36,stallRate,189.15499997139,0.851438189290705,TheEmptinessMachine,Westwood,Bola,HTTP/1.1
2025-05-01 00:44:38,stallRate,191.15499997139,0.842242179285798,TheEmptinessMachine,Westwood,Bola,HTTP/1.1
2025-05-01 00:44:40,stallRate,193.156000137329,0.833244845931769,TheEmptinessMachine,Westwood,Bola,HTTP/1.1
2025-05-01 00:44:42,stallRate,195.156000137329,0.824403742312413,TheEmptinessMachine,Westwood,Bola,HTTP/1.1
2025-05-01 00:44:44,stallRate,197.156000137329,0.815748272291941,TheEmptinessMachine,Westwood,Bola,HTTP/1.1
2025-05-01 00:44:46,stallRate,199.156000137329,0.807344625249048,TheEmptinessMachine,Westwood,Bola,HTTP/1.1
2025-05-01 00:45:30,stallRate,4.34700012207031,0.0,TheEmptinessMachine,Westwood,Bola,HTTP/2
2025-05-01 00:45:32,stallRate,6.34500002861023,0.0,TheEmptinessMachine,Westwood,Bola,HTTP/2
2025-05-01 00:45:34,stallRate,8.34500002861023,14.4009478850987,TheEmptinessMachine,Westwood,Bola,HTTP/2
2025-05-01 00:45:36,stallRate,10.3450000286102,8.96922485190311,TheEmptinessMachine,Westwood,Bola,HTTP/2
2025-05-01 00:45:38,stallRate,12.3450000286102,6.65801469191354,TheEmptinessMachine,Westwood,Bola,HTTP/2
2025-05-01 00:45:40,stallRate,14.3450000286102,5.29021046493702,TheEmptinessMachine,Westwood,Bola,HTTP/2
2025-05-01 00:45:42,stallRate,16.345999956131,4.37921207570927,TheEmptinessMachine,Westwood,Bola,HTTP/2
2025-05-01 00:45:44,stallRate,18.3450000286102,3.74839890427427,TheEmptinessMachine,Westwood,Bola,HTTP/2
2025-05-01 00:45:46,stallRate,20.345999956131,3.27510704649453,TheEmptinessMachine,Westwood,Bola,HTTP/2
2025-05-01 00:45:48,stallRate,22.3450000286102,2.90922104333429,TheEmptinessMachine,Westwood,Bola,HTTP/2
2025-05-01 00:45:50,stallRate,24.3450000286102,2.61678184964741,TheEmptinessMachine,Westwood,Bola,HTTP/2
2025-05-01 00:45:52,stallRate,26.3450000286102,2.37826509043632,TheEmptinessMachine,Westwood,Bola,HTTP/2
2025-05-01 00:45:54,stallRate,28.3450000286102,2.17896468653954,TheEmptinessMachine,Westwood,Bola,HTTP/2
2025-05-01 00:45:56,stallRate,30.3450000286102,2.01132492702178,TheEmptinessMachine,Westwood,Bola,HTTP/2
2025-05-01 00:45:58,stallRate,32.3450000286102,1.86793034531429,TheEmptinessMachine,Westwood,Bola,HTTP/2
2025-05-01 00:46:00,stallRate,34.3450000286102,1.74302710669677,TheEmptinessMachine,Westwood,Bola,HTTP/2
2025-05-01 00:46:02,stallRate,36.3450000286102,1.63359653568312,TheEmptinessMachine,Westwood,Bola,HTTP/2
2025-05-01 00:46:04,stallRate,38.3450000286102,1.5373460805247,TheEmptinessMachine,Westwood,Bola,HTTP/2
2025-05-01 00:46:06,stallRate,40.3450000286102,1.45182729111242,TheEmptinessMachine,Westwood,Bola,HTTP/2
2025-05-01 00:46:08,stallRate,42.3450000286102,1.37535737482372,TheEmptinessMachine,Westwood,Bola,HTTP/2
2025-05-01 00:46:10,stallRate,44.3450000286102,1.30666743644056,TheEmptinessMachine,Westwood,Bola,HTTP/2
2025-05-01 00:46:12,stallRate,46.3450000286102,1.24424284375852,TheEmptinessMachine,Westwood,Bola,HTTP/2
2025-05-01 00:46:14,stallRate,48.3450000286102,1.18774935423339,TheEmptinessMachine,Westwood,Bola,HTTP/2
2025-05-01 00:46:16,stallRate,50.3480000495911,3.68749676121873,TheEmptinessMachine,Westwood,Bola,HTTP/2
2025-05-01 00:46:20,stallRate,54.3450000286102,4.67985716433818,TheEmptinessMachine,Westwood,Bola,HTTP/2
2025-05-01 00:46:22,stallRate,56.3450000286102,5.49971039617347,TheEmptinessMachine,Westwood,Bola,HTTP/2
2025-05-01 00:46:26,stallRate,60.3450000286102,7.04629210463642,TheEmptinessMachine,Westwood,Bola,HTTP/2
2025-05-01 00:46:28,stallRate,62.3450000286102,7.13934763762163,TheEmptinessMachine,Westwood,Bola,HTTP/2
2025-05-01 00:46:30,stallRate,64.3450000286102,6.90039611877411,TheEmptinessMachine,Westwood,Bola,HTTP/2
2025-05-01 00:46:32,stallRate,66.3450000286102,6.67809078744943,TheEmptinessMachine,Westwood,Bola,HTTP/2
2025-05-01 00:46:34,stallRate,68.3450000286102,6.46873343325461,TheEmptinessMachine,Westwood,Bola,HTTP/2
2025-05-01 00:46:36,stallRate,70.3450000286102,6.27194003782695,TheEmptinessMachine,Westwood,Bola,HTTP/2
2025-05-01 00:46:38,stallRate,72.3450000286102,6.08724457930575,TheEmptinessMachine,Westwood,Bola,HTTP/2
2025-05-01 00:46:40,stallRate,74.3450000286102,5.91352645686858,TheEmptinessMachine,Westwood,Bola,HTTP/2
2025-05-01 00:46:42,stallRate,76.3450000286102,5.74881713848039,TheEmptinessMachine,Westwood,Bola,HTTP/2
2025-05-01 00:46:44,stallRate,78.3450000286102,5.59289183474302,TheEmptinessMachine,Westwood,Bola,HTTP/2
2025-05-01 00:46:46,stallRate,80.3450000286102,5.44554964496029,TheEmptinessMachine,Westwood,Bola,HTTP/2
2025-05-01 00:46:48,stallRate,82.3450000286102,5.30594453343133,TheEmptinessMachine,Westwood,Bola,HTTP/2
2025-05-01 00:46:50,stallRate,84.3450000286102,5.17327248284083,TheEmptinessMachine,Westwood,Bola,HTTP/2
2025-05-01 00:46:52,stallRate,86.3450000286102,5.04737158368849,TheEmptinessMachine,Westwood,Bola,HTTP/2
2025-05-01 00:46:54,stallRate,88.3450000286102,4.92695620650674,TheEmptinessMachine,Westwood,Bola,HTTP/2
2025-05-01 00:46:56,stallRate,90.3450000286102,4.81255846906557,TheEmptinessMachine,Westwood,Bola,HTTP/2
2025-05-01 00:46:58,stallRate,92.3450000286102,4.7029432408307,TheEmptinessMachine,Westwood,Bola,HTTP/2
2025-05-01 00:47:00,stallRate,94.3450000286102,4.5982737995662,TheEmptinessMachine,Westwood,Bola,HTTP/2
2025-05-01 00:47:02,stallRate,96.3450000286102,4.49822775155726,TheEmptinessMachine,Westwood,Bola,HTTP/2
2025-05-01 00:47:04,stallRate,98.3450000286102,4.40263764831704,TheEmptinessMachine,Westwood,Bola,HTTP/2
2025-05-01 00:47:06,stallRate,100.34500002861,4.31064222107299,TheEmptinessMachine,Westwood,Bola,HTTP/2
2025-05-01 00:47:08,stallRate,102.34500002861,4.2228243082103,TheEmptinessMachine,Westwood,Bola,HTTP/2
2025-05-01 00:47:10,stallRate,104.34500002861,4.1381515077319,TheEmptinessMachine,Westwood,Bola,HTTP/2
2025-05-01 00:47:12,stallRate,106.34500002861,4.05723483103534,TheEmptinessMachine,Westwood,Bola,HTTP/2
2025-05-01 00:47:14,stallRate,108.34500002861,3.97903433723843,TheEmptinessMachine,Westwood,Bola,HTTP/2
2025-05-01 00:47:16,stallRate,110.34500002861,3.90396583841111,TheEmptinessMachine,Westwood,Bola,HTTP/2
2025-05-01 00:47:18,stallRate,112.34500002861,3.83164330009654,TheEmptinessMachine,Westwood,Bola,HTTP/2
2025-05-01 00:47:20,stallRate,114.34500002861,3.76197034907019,TheEmptinessMachine,Westwood,Bola,HTTP/2
2025-05-01 00:47:22,stallRate,116.34500002861,3.69493125292742,TheEmptinessMachine,Westwood,Bola,HTTP/2
2025-05-01 00:47:24,stallRate,118.34500002861,3.62993529350716,TheEmptinessMachine,Westwood,Bola,HTTP/2
2025-05-01 00:47:26,stallRate,120.34500002861,3.56748563233113,TheEmptinessMachine,Westwood,Bola,HTTP/2
2025-05-01 00:47:28,stallRate,122.34500002861,3.50686022748907,TheEmptinessMachine,Westwood,Bola,HTTP/2
2025-05-01 00:47:30,stallRate,124.34500002861,3.4482109479397,TheEmptinessMachine,Westwood,Bola,HTTP/2
2025-05-01 00:47:32,stallRate,126.34500002861,3.39163053663082,TheEmptinessMachine,Westwood,Bola,HTTP/2
2025-05-01 00:47:34,stallRate,128.34500002861,3.33701394568465,TheEmptinessMachine,Westwood,Bola,HTTP/2
2025-05-01 00:47:36,stallRate,130.34500002861,3.28394294263471,TheEmptinessMachine,Westwood,Bola,HTTP/2
2025-05-01 00:47:38,stallRate,132.34500002861,3.23274014167062,TheEmptinessMachine,Westwood,Bola,HTTP/2
2025-05-01 00:47:40,stallRate,134.34500002861,3.18287615093371,TheEmptinessMachine,Westwood,Bola,HTTP/2
2025-05-01 00:47:42,stallRate,136.34500002861,3.13476803591935,TheEmptinessMachine,Westwood,Bola,HTTP/2
2025-05-01 00:47:44,stallRate,138.34500002861,3.08787165168903,TheEmptinessMachine,Westwood,Bola,HTTP/2
2025-05-01 00:47:46,stallRate,140.34500002861,3.04246806539526,TheEmptinessMachine,Westwood,Bola,HTTP/2
2025-05-01 00:47:48,stallRate,142.34500002861,2.99858361873769,TheEmptinessMachine,Westwood,Bola,HTTP/2
2025-05-01 00:47:50,stallRate,144.34500002861,2.95567655011032,TheEmptinessMachine,Westwood,Bola,HTTP/2
2025-05-01 00:47:52,stallRate,146.34500002861,2.91406809846002,TheEmptinessMachine,Westwood,Bola,HTTP/2
2025-05-01 00:47:54,stallRate,148.34500002861,2.87358230469138,TheEmptinessMachine,Westwood,Bola,HTTP/2
2025-05-01 00:47:56,stallRate,150.34500002861,2.83399107255811,TheEmptinessMachine,Westwood,Bola,HTTP/2
2025-05-01 00:47:58,stallRate,152.34500002861,2.79561480510556,TheEmptinessMachine,Westwood,Bola,HTTP/2
2025-05-01 00:48:00,stallRate,154.34500002861,2.75831965327495,TheEmptinessMachine,Westwood,Bola,HTTP/2
2025-05-01 00:48:02,stallRate,156.34500002861,2.72202339107884,TheEmptinessMachine,Westwood,Bola,HTTP/2
2025-05-01 00:48:04,stallRate,158.34500002861,2.68674791601969,TheEmptinessMachine,Westwood,Bola,HTTP/2
2025-05-01 00:48:06,stallRate,160.34500002861,2.65206587275082,TheEmptinessMachine,Westwood,Bola,HTTP/2
2025-05-01 00:48:08,stallRate,162.34500002861,2.61861355466679,TheEmptinessMachine,Westwood,Bola,HTTP/2
2025-05-01 00:48:10,stallRate,164.34500002861,2.58585818168404,TheEmptinessMachine,Westwood,Bola,HTTP/2
2025-05-01 00:48:12,stallRate,166.34500002861,2.55389620979388,TheEmptinessMachine,Westwood,Bola,HTTP/2
2025-05-01 00:48:14,stallRate,168.345999956131,2.52272723502166,TheEmptinessMachine,Westwood,Bola,HTTP/2
2025-05-01 00:48:16,stallRate,170.34500002861,2.49240147480023,TheEmptinessMachine,Westwood,Bola,HTTP/2
2025-05-01 00:48:18,stallRate,172.34500002861,2.46277894581473,TheEmptinessMachine,Westwood,Bola,HTTP/2
2025-05-01 00:48:20,stallRate,174.34500002861,2.43381780901224,TheEmptinessMachine,Westwood,Bola,HTTP/2
2025-05-01 00:48:22,stallRate,176.34500002861,2.40541997417244,TheEmptinessMachine,Westwood,Bola,HTTP/2
2025-05-01 00:48:24,stallRate,178.34500002861,2.37782051351851,TheEmptinessMachine,Westwood,Bola,HTTP/2
2025-05-01 00:48:26,stallRate,180.34500002861,2.35087766544752,TheEmptinessMachine,Westwood,Bola,HTTP/2
2025-05-01 00:48:28,stallRate,182.34500002861,2.32442182451804,TheEmptinessMachine,Westwood,Bola,HTTP/2
2025-05-01 00:48:30,stallRate,184.34500002861,2.29852473446857,TheEmptinessMachine,Westwood,Bola,HTTP/2
2025-05-01 00:48:32,stallRate,186.34500002861,2.27325181549057,TheEmptinessMachine,Westwood,Bola,HTTP/2
2025-05-01 00:48:34,stallRate,188.34500002861,2.24859262484996,TheEmptinessMachine,Westwood,Bola,HTTP/2
2025-05-01 00:48:36,stallRate,190.345999956131,2.22436052203009,TheEmptinessMachine,Westwood,Bola,HTTP/2
2025-05-01 00:48:38,stallRate,192.34500002861,2.20062037595375,TheEmptinessMachine,Westwood,Bola,HTTP/2
2025-05-01 00:48:40,stallRate,194.34500002861,2.17745027858623,TheEmptinessMachine,Westwood,Bola,HTTP/2
2025-05-01 00:48:42,stallRate,196.34500002861,2.15477566013761,TheEmptinessMachine,Westwood,Bola,HTTP/2
2025-05-01 00:48:44,stallRate,198.34500002861,2.13256522486317,TheEmptinessMachine,Westwood,Bola,HTTP/2
2025-05-01 00:49:50,stallRate,4.1710000038147,0.0,TheEmptinessMachine,Westwood,Bola,HTTP/3
2025-05-01 00:50:02,stallRate,16.1710000038147,44.3600309509423,TheEmptinessMachine,Westwood,Bola,HTTP/3
2025-05-01 00:50:04,stallRate,18.1700000762939,38.1803223763161,TheEmptinessMachine,Westwood,Bola,HTTP/3
2025-05-01 00:50:06,stallRate,20.1710000038147,36.9762101593669,TheEmptinessMachine,Westwood,Bola,HTTP/3
2025-05-01 00:50:10,stallRate,24.1700000762939,31.2520949054613,TheEmptinessMachine,Westwood,Bola,HTTP/3
2025-05-01 00:50:12,stallRate,26.1710000038147,28.3923881920171,TheEmptinessMachine,Westwood,Bola,HTTP/3
2025-05-01 00:50:14,stallRate,28.1700000762939,26.0254744156488,TheEmptinessMachine,Westwood,Bola,HTTP/3
2025-05-01 00:50:16,stallRate,30.1710000038147,24.0219476936477,TheEmptinessMachine,Westwood,Bola,HTTP/3
2025-05-01 00:50:18,stallRate,32.1700000762939,22.2980229910939,TheEmptinessMachine,Westwood,Bola,HTTP/3
2025-05-01 00:50:20,stallRate,34.1710000038147,20.8028766374363,TheEmptinessMachine,Westwood,Bola,HTTP/3
2025-05-01 00:50:22,stallRate,36.1710000038147,19.4979095475704,TheEmptinessMachine,Westwood,Bola,HTTP/3
2025-05-01 00:50:24,stallRate,38.1700000762939,18.3437361302964,TheEmptinessMachine,Westwood,Bola,HTTP/3
2025-05-01 00:50:26,stallRate,40.1710000038147,17.3274419844839,TheEmptinessMachine,Westwood,Bola,HTTP/3
2025-05-01 00:50:28,stallRate,42.1700000762939,16.4147230590224,TheEmptinessMachine,Westwood,Bola,HTTP/3
2025-05-01 00:50:30,stallRate,44.1710000038147,15.5893468735463,TheEmptinessMachine,Westwood,Bola,HTTP/3
2025-05-01 00:50:32,stallRate,46.1700000762939,14.8467734910203,TheEmptinessMachine,Westwood,Bola,HTTP/3
2025-05-01 00:50:34,stallRate,48.1700000762939,14.1690275447126,TheEmptinessMachine,Westwood,Bola,HTTP/3
2025-05-01 00:50:36,stallRate,50.1710000038147,13.5479788633231,TheEmptinessMachine,Westwood,Bola,HTTP/3
2025-05-01 00:50:38,stallRate,52.1710000038147,12.9829860254095,TheEmptinessMachine,Westwood,Bola,HTTP/3
2025-05-01 00:50:40,stallRate,54.1710000038147,12.4644875345905,TheEmptinessMachine,Westwood,Bola,HTTP/3
2025-05-01 00:50:42,stallRate,56.1710000038147,11.9835222811139,TheEmptinessMachine,Westwood,Bola,HTTP/3
2025-05-01 00:50:44,stallRate,58.1710000038147,11.5403322550542,TheEmptinessMachine,Westwood,Bola,HTTP/3
2025-05-01 00:50:46,stallRate,60.1710000038147,11.1267021313673,TheEmptinessMachine,Westwood,Bola,HTTP/3
2025-05-01 00:50:48,stallRate,62.1710000038147,10.7424085640782,TheEmptinessMachine,Westwood,Bola,HTTP/3
2025-05-01 00:50:50,stallRate,64.1700000762939,10.3827040678413,TheEmptinessMachine,Westwood,Bola,HTTP/3
2025-05-01 00:50:52,stallRate,66.1710000038147,10.0460066396689,TheEmptinessMachine,Westwood,Bola,HTTP/3
2025-05-01 00:50:54,stallRate,68.1710000038147,9.73144802475703,TheEmptinessMachine,Westwood,Bola,HTTP/3
2025-05-01 00:50:56,stallRate,70.1700000762939,9.43630840811646,TheEmptinessMachine,Westwood,Bola,HTTP/3
2025-05-01 00:50:58,stallRate,72.1710000038147,9.15836307432832,TheEmptinessMachine,Westwood,Bola,HTTP/3
2025-05-01 00:51:00,stallRate,74.1710000038147,8.89699265339307,TheEmptinessMachine,Westwood,Bola,HTTP/3
2025-05-01 00:51:02,stallRate,76.1750001907349,8.64999239109448,TheEmptinessMachine,Westwood,Bola,HTTP/3
2025-05-01 00:51:04,stallRate,78.1710000038147,8.41627027035146,TheEmptinessMachine,Westwood,Bola,HTTP/3
2025-05-01 00:51:06,stallRate,80.1710000038147,8.1938571473801,TheEmptinessMachine,Westwood,Bola,HTTP/3
2025-05-01 00:51:08,stallRate,82.1700000762939,7.9839599817582,TheEmptinessMachine,Westwood,Bola,HTTP/3
2025-05-01 00:51:10,stallRate,84.1710000038147,7.78370574883804,TheEmptinessMachine,Westwood,Bola,HTTP/3
2025-05-01 00:51:14,stallRate,88.1700000762939,8.64148334881123,TheEmptinessMachine,Westwood,Bola,HTTP/3
2025-05-01 00:51:16,stallRate,90.1700000762939,8.4406706212065,TheEmptinessMachine,Westwood,Bola,HTTP/3
2025-05-01 00:51:18,stallRate,92.1700000762939,8.24826241452109,TheEmptinessMachine,Westwood,Bola,HTTP/3
2025-05-01 00:51:20,stallRate,94.1700000762939,8.06530933850331,TheEmptinessMachine,Westwood,Bola,HTTP/3
2025-05-01 00:51:22,stallRate,96.1710000038147,7.88936615531121,TheEmptinessMachine,Westwood,Bola,HTTP/3
2025-05-01 00:51:24,stallRate,98.1700000762939,7.72138280867724,TheEmptinessMachine,Westwood,Bola,HTTP/3
2025-05-01 00:51:26,stallRate,100.171000003815,7.56044011597425,TheEmptinessMachine,Westwood,Bola,HTTP/3
2025-05-01 00:51:28,stallRate,102.170000076294,7.406100978961,TheEmptinessMachine,Westwood,Bola,HTTP/3
2025-05-01 00:51:30,stallRate,104.171000003815,7.25733387450969,TheEmptinessMachine,Westwood,Bola,HTTP/3
2025-05-01 00:51:32,stallRate,106.171000003815,7.11523543015699,TheEmptinessMachine,Westwood,Bola,HTTP/3
2025-05-01 00:51:34,stallRate,108.171000003815,6.97874032024486,TheEmptinessMachine,Westwood,Bola,HTTP/3
2025-05-01 00:51:36,stallRate,110.171000003815,6.84677934503334,TheEmptinessMachine,Westwood,Bola,HTTP/3
2025-05-01 00:51:38,stallRate,112.171000003815,6.72025388812758,TheEmptinessMachine,Westwood,Bola,HTTP/3
2025-05-01 00:51:40,stallRate,114.170000076294,6.59780803607809,TheEmptinessMachine,Westwood,Bola,HTTP/3
2025-05-01 00:51:42,stallRate,116.170000076294,6.47991764005907,TheEmptinessMachine,Westwood,Bola,HTTP/3
2025-05-01 00:51:44,stallRate,118.171000003815,6.36572205821989,TheEmptinessMachine,Westwood,Bola,HTTP/3
2025-05-01 00:51:46,stallRate,120.171000003815,6.25605558163863,TheEmptinessMachine,Westwood,Bola,HTTP/3
2025-05-01 00:51:48,stallRate,122.170000076294,6.14975164347581,TheEmptinessMachine,Westwood,Bola,HTTP/3
2025-05-01 00:51:50,stallRate,124.171000003815,6.04708771725589,TheEmptinessMachine,Westwood,Bola,HTTP/3
2025-05-01 00:51:52,stallRate,126.170000076294,5.94846187457228,TheEmptinessMachine,Westwood,Bola,HTTP/3
2025-05-01 00:51:54,stallRate,128.171000003815,5.85240651159648,TheEmptinessMachine,Westwood,Bola,HTTP/3
2025-05-01 00:51:56,stallRate,130.171000003815,5.75890522468699,TheEmptinessMachine,Westwood,Bola,HTTP/3
2025-05-01 00:51:58,stallRate,132.171000003815,5.66903104606568,TheEmptinessMachine,Westwood,Bola,HTTP/3
2025-05-01 00:52:00,stallRate,134.171000003815,5.58206642750355,TheEmptinessMachine,Westwood,Bola,HTTP/3
2025-05-01 00:52:02,stallRate,136.170000076294,5.49688174932906,TheEmptinessMachine,Westwood,Bola,HTTP/3
2025-05-01 00:52:04,stallRate,138.171000003815,5.41464529816945,TheEmptinessMachine,Westwood,Bola,HTTP/3
2025-05-01 00:52:06,stallRate,140.170000076294,5.3346092916718,TheEmptinessMachine,Westwood,Bola,HTTP/3
2025-05-01 00:52:08,stallRate,142.170000076294,5.2578418705696,TheEmptinessMachine,Westwood,Bola,HTTP/3
2025-05-01 00:52:10,stallRate,144.171000003815,5.18281392513244,TheEmptinessMachine,Westwood,Bola,HTTP/3
2025-05-01 00:52:12,stallRate,146.171000003815,5.10996283542717,TheEmptinessMachine,Westwood,Bola,HTTP/3
2025-05-01 00:52:14,stallRate,148.171000003815,5.03836937453468,TheEmptinessMachine,Westwood,Bola,HTTP/3
2025-05-01 00:52:16,stallRate,150.170000076294,4.96959318248772,TheEmptinessMachine,Westwood,Bola,HTTP/3
2025-05-01 00:52:18,stallRate,152.171000003815,4.90233621162527,TheEmptinessMachine,Westwood,Bola,HTTP/3
2025-05-01 00:52:20,stallRate,154.170000076294,4.83687149865661,TheEmptinessMachine,Westwood,Bola,HTTP/3
2025-05-01 00:52:22,stallRate,156.171000003815,4.77317658042066,TheEmptinessMachine,Westwood,Bola,HTTP/3
2025-05-01 00:52:24,stallRate,158.170000076294,4.71094957972491,TheEmptinessMachine,Westwood,Bola,HTTP/3
2025-05-01 00:52:26,stallRate,160.171000003815,4.65032090158575,TheEmptinessMachine,Westwood,Bola,HTTP/3
2025-05-01 00:52:28,stallRate,162.171000003815,4.59170735650552,TheEmptinessMachine,Westwood,Bola,HTTP/3
2025-05-01 00:52:30,stallRate,164.171000003815,4.53463981295171,TheEmptinessMachine,Westwood,Bola,HTTP/3
2025-05-01 00:52:32,stallRate,166.170000076294,4.47867027721424,TheEmptinessMachine,Westwood,Bola,HTTP/3
2025-05-01 00:52:34,stallRate,168.170000076294,4.42419591182425,TheEmptinessMachine,Westwood,Bola,HTTP/3
2025-05-01 00:52:36,stallRate,170.171000003815,4.37044068381529,TheEmptinessMachine,Westwood,Bola,HTTP/3
2025-05-01 00:52:38,stallRate,172.170000076294,4.31823261214744,TheEmptinessMachine,Westwood,Bola,HTTP/3
2025-05-01 00:52:40,stallRate,174.171000003815,4.26751255361176,TheEmptinessMachine,Westwood,Bola,HTTP/3
2025-05-01 00:52:42,stallRate,176.171000003815,4.21777557853138,TheEmptinessMachine,Westwood,Bola,HTTP/3
2025-05-01 00:52:44,stallRate,178.170000076294,4.16943156611976,TheEmptinessMachine,Westwood,Bola,HTTP/3
2025-05-01 00:52:46,stallRate,180.170000076294,4.1219377944566,TheEmptinessMachine,Westwood,Bola,HTTP/3
2025-05-01 00:52:48,stallRate,182.171000003815,4.07561103909692,TheEmptinessMachine,Westwood,Bola,HTTP/3
2025-05-01 00:52:50,stallRate,184.170000076294,4.03032471368886,TheEmptinessMachine,Westwood,Bola,HTTP/3
2025-05-01 00:52:52,stallRate,186.171000003815,3.9860275068147,TheEmptinessMachine,Westwood,Bola,HTTP/3
2025-05-01 00:52:54,stallRate,188.171000003815,3.94253495384039,TheEmptinessMachine,Westwood,Bola,HTTP/3
2025-05-01 00:52:56,stallRate,190.170000076294,3.90022889153937,TheEmptinessMachine,Westwood,Bola,HTTP/3
2025-05-01 00:52:58,stallRate,192.171000003815,3.85861922102318,TheEmptinessMachine,Westwood,Bola,HTTP/3
2025-05-01 00:53:00,stallRate,194.171000003815,3.81800149686151,TheEmptinessMachine,Westwood,Bola,HTTP/3
2025-05-01 00:53:02,stallRate,196.171000003815,3.77824983551239,TheEmptinessMachine,Westwood,Bola,HTTP/3
2025-05-01 00:53:04,stallRate,198.171000003815,3.73929784966699,TheEmptinessMachine,Westwood,Bola,HTTP/3
2025-05-01 00:53:54,stallRate,4.87400007247925,0.0,TheEmptinessMachine,Westwood,Festive,HTTP/1.1
2025-05-01 00:53:56,stallRate,6.87400007247925,0.0,TheEmptinessMachine,Westwood,Festive,HTTP/1.1
2025-05-01 00:53:58,stallRate,8.87400007247925,0.0,TheEmptinessMachine,Westwood,Festive,HTTP/1.1
2025-05-01 00:54:04,stallRate,14.8740000724792,36.3261518416391,TheEmptinessMachine,Westwood,Festive,HTTP/1.1
2025-05-01 00:54:06,stallRate,16.8740000724792,36.2056888822826,TheEmptinessMachine,Westwood,Festive,HTTP/1.1
2025-05-01 00:54:10,stallRate,20.8740000724792,31.9725771557755,TheEmptinessMachine,Westwood,Festive,HTTP/1.1
2025-05-01 00:54:12,stallRate,22.875,32.7811509735288,TheEmptinessMachine,Westwood,Festive,HTTP/1.1
2025-05-01 00:54:14,stallRate,24.8740000724792,31.0297912966552,TheEmptinessMachine,Westwood,Festive,HTTP/1.1
2025-05-01 00:54:16,stallRate,26.8740000724792,28.3527487275649,TheEmptinessMachine,Westwood,Festive,HTTP/1.1
2025-05-01 00:54:18,stallRate,28.8740000724792,26.2260021773016,TheEmptinessMachine,Westwood,Festive,HTTP/1.1
2025-05-01 00:54:20,stallRate,30.8740000724792,24.7595384858228,TheEmptinessMachine,Westwood,Festive,HTTP/1.1
2025-05-01 00:54:22,stallRate,32.8740000724792,23.0670868259702,TheEmptinessMachine,Westwood,Festive,HTTP/1.1
2025-05-01 00:54:24,stallRate,34.8740000724792,21.581818009378,TheEmptinessMachine,Westwood,Festive,HTTP/1.1
2025-05-01 00:54:26,stallRate,36.8740000724792,20.2783578198633,TheEmptinessMachine,Westwood,Festive,HTTP/1.1
2025-05-01 00:54:28,stallRate,38.8740000724792,19.1260636539389,TheEmptinessMachine,Westwood,Festive,HTTP/1.1
2025-05-01 00:54:30,stallRate,40.875,18.1031426383489,TheEmptinessMachine,Westwood,Festive,HTTP/1.1
2025-05-01 00:54:32,stallRate,42.8740000724792,17.1837204581816,TheEmptinessMachine,Westwood,Festive,HTTP/1.1
2025-05-01 00:54:34,stallRate,44.8740000724792,16.3491823297336,TheEmptinessMachine,Westwood,Festive,HTTP/1.1
2025-05-01 00:54:38,stallRate,48.875,18.4353285463795,TheEmptinessMachine,Westwood,Festive,HTTP/1.1
2025-05-01 00:54:40,stallRate,50.8740000724792,17.6577879567349,TheEmptinessMachine,Westwood,Festive,HTTP/1.1
2025-05-01 00:54:42,stallRate,52.8740000724792,16.9413934577608,TheEmptinessMachine,Westwood,Festive,HTTP/1.1
2025-05-01 00:54:44,stallRate,54.8740000724792,16.2819536586537,TheEmptinessMachine,Westwood,Festive,HTTP/1.1
2025-05-01 00:54:46,stallRate,56.8740000724792,15.6689480015136,TheEmptinessMachine,Westwood,Festive,HTTP/1.1
2025-05-01 00:54:48,stallRate,58.8740000724792,15.0977731141891,TheEmptinessMachine,Westwood,Festive,HTTP/1.1
2025-05-01 00:54:50,stallRate,60.8740000724792,14.5709264014683,TheEmptinessMachine,Westwood,Festive,HTTP/1.1
2025-05-01 00:54:52,stallRate,62.8740000724792,14.0804482452703,TheEmptinessMachine,Westwood,Festive,HTTP/1.1
2025-05-01 00:54:54,stallRate,64.8740000724792,13.6202560998538,TheEmptinessMachine,Westwood,Festive,HTTP/1.1
2025-05-01 00:54:56,stallRate,66.875,13.1880025917944,TheEmptinessMachine,Westwood,Festive,HTTP/1.1
2025-05-01 00:54:58,stallRate,68.8740000724792,12.7836250380823,TheEmptinessMachine,Westwood,Festive,HTTP/1.1
2025-05-01 00:55:00,stallRate,70.8740000724792,12.5100428579302,TheEmptinessMachine,Westwood,Festive,HTTP/1.1
2025-05-01 00:55:02,stallRate,72.8740000724792,12.1487508201066,TheEmptinessMachine,Westwood,Festive,HTTP/1.1
2025-05-01 00:55:04,stallRate,74.8740000724792,11.8084587616167,TheEmptinessMachine,Westwood,Festive,HTTP/1.1
2025-05-01 00:55:06,stallRate,76.8740000724792,11.7215986546692,TheEmptinessMachine,Westwood,Festive,HTTP/1.1
2025-05-01 00:55:08,stallRate,78.8740000724792,11.4107364703768,TheEmptinessMachine,Westwood,Festive,HTTP/1.1
2025-05-01 00:55:10,stallRate,80.8740000724792,11.1145262923006,TheEmptinessMachine,Westwood,Festive,HTTP/1.1
2025-05-01 00:55:12,stallRate,82.8740000724792,10.8331637870536,TheEmptinessMachine,Westwood,Festive,HTTP/1.1
2025-05-01 00:55:14,stallRate,84.8740000724792,10.5662782536104,TheEmptinessMachine,Westwood,Festive,HTTP/1.1
2025-05-01 00:55:16,stallRate,86.875,10.3128060425712,TheEmptinessMachine,Westwood,Festive,HTTP/1.1
2025-05-01 00:55:18,stallRate,88.8740000724792,10.0704240935909,TheEmptinessMachine,Westwood,Festive,HTTP/1.1
2025-05-01 00:55:20,stallRate,90.8740000724792,9.84011732607607,TheEmptinessMachine,Westwood,Festive,HTTP/1.1
2025-05-01 00:55:22,stallRate,92.8740000724792,9.61910002444935,TheEmptinessMachine,Westwood,Festive,HTTP/1.1
2025-05-01 00:55:24,stallRate,94.8740000724792,9.40880090511386,TheEmptinessMachine,Westwood,Festive,HTTP/1.1
2025-05-01 00:55:26,stallRate,96.8740000724792,9.20767923901732,TheEmptinessMachine,Westwood,Festive,HTTP/1.1
2025-05-01 00:55:28,stallRate,98.8740000724792,9.01406312315245,TheEmptinessMachine,Westwood,Festive,HTTP/1.1
2025-05-01 00:55:30,stallRate,100.874000072479,8.82907816314487,TheEmptinessMachine,Westwood,Festive,HTTP/1.1
2025-05-01 00:55:32,stallRate,102.874000072479,8.65077249622223,TheEmptinessMachine,Westwood,Festive,HTTP/1.1
2025-05-01 00:55:34,stallRate,104.874000072479,8.47886150287771,TheEmptinessMachine,Westwood,Festive,HTTP/1.1
2025-05-01 00:55:36,stallRate,106.874000072479,8.31470782074681,TheEmptinessMachine,Westwood,Festive,HTTP/1.1
2025-05-01 00:55:38,stallRate,108.874000072479,8.15719609833849,TheEmptinessMachine,Westwood,Festive,HTTP/1.1
2025-05-01 00:55:40,stallRate,110.874000072479,8.00483280109213,TheEmptinessMachine,Westwood,Festive,HTTP/1.1
2025-05-01 00:55:42,stallRate,112.874000072479,7.85793089463824,TheEmptinessMachine,Westwood,Festive,HTTP/1.1
2025-05-01 00:55:44,stallRate,114.87900018692,7.71628274741784,TheEmptinessMachine,Westwood,Festive,HTTP/1.1
2025-05-01 00:55:46,stallRate,116.874000072479,7.57978686761992,TheEmptinessMachine,Westwood,Festive,HTTP/1.1
2025-05-01 00:55:48,stallRate,118.874000072479,7.44903055067478,TheEmptinessMachine,Westwood,Festive,HTTP/1.1
2025-05-01 00:55:52,stallRate,122.874000072479,7.62066709078073,TheEmptinessMachine,Westwood,Festive,HTTP/1.1
2025-05-01 00:55:54,stallRate,124.874000072479,7.49517743483428,TheEmptinessMachine,Westwood,Festive,HTTP/1.1
2025-05-01 00:55:56,stallRate,126.874000072479,7.37396478778909,TheEmptinessMachine,Westwood,Festive,HTTP/1.1
2025-05-01 00:55:58,stallRate,128.874000072479,7.25601293133974,TheEmptinessMachine,Westwood,Festive,HTTP/1.1
2025-05-01 00:56:00,stallRate,130.874000072479,7.14161669319932,TheEmptinessMachine,Westwood,Festive,HTTP/1.1
2025-05-01 00:56:02,stallRate,132.874000072479,7.07864424131297,TheEmptinessMachine,Westwood,Festive,HTTP/1.1
2025-05-01 00:56:04,stallRate,134.874000072479,6.97100362308752,TheEmptinessMachine,Westwood,Festive,HTTP/1.1
2025-05-01 00:56:06,stallRate,136.874000072479,6.86561325225041,TheEmptinessMachine,Westwood,Festive,HTTP/1.1
2025-05-01 00:56:10,stallRate,140.874000072479,7.18361560218218,TheEmptinessMachine,Westwood,Festive,HTTP/1.1
2025-05-01 00:56:12,stallRate,142.874000072479,7.08048045556468,TheEmptinessMachine,Westwood,Festive,HTTP/1.1
2025-05-01 00:56:14,stallRate,144.874000072479,6.98023975516197,TheEmptinessMachine,Westwood,Festive,HTTP/1.1
2025-05-01 00:56:16,stallRate,146.874000072479,6.88294352632681,TheEmptinessMachine,Westwood,Festive,HTTP/1.1
2025-05-01 00:56:18,stallRate,148.874000072479,6.78790706680185,TheEmptinessMachine,Westwood,Festive,HTTP/1.1
2025-05-01 00:56:20,stallRate,150.874000072479,6.69539304128028,TheEmptinessMachine,Westwood,Festive,HTTP/1.1
2025-05-01 00:56:22,stallRate,152.874000072479,6.60560432996383,TheEmptinessMachine,Westwood,Festive,HTTP/1.1
2025-05-01 00:56:24,stallRate,154.874000072479,6.51795535890968,TheEmptinessMachine,Westwood,Festive,HTTP/1.1
2025-05-01 00:56:26,stallRate,156.874000072479,6.43304360576947,TheEmptinessMachine,Westwood,Festive,HTTP/1.1
2025-05-01 00:56:28,stallRate,158.874000072479,6.35045894199402,TheEmptinessMachine,Westwood,Festive,HTTP/1.1
2025-05-01 00:56:30,stallRate,160.874000072479,6.26990177331417,TheEmptinessMachine,Westwood,Festive,HTTP/1.1
2025-05-01 00:56:32,stallRate,162.874000072479,6.19078632582142,TheEmptinessMachine,Westwood,Festive,HTTP/1.1
2025-05-01 00:56:34,stallRate,164.874000072479,6.11388429667857,TheEmptinessMachine,Westwood,Festive,HTTP/1.1
2025-05-01 00:56:36,stallRate,166.874000072479,6.038676197495,TheEmptinessMachine,Westwood,Festive,HTTP/1.1
2025-05-01 00:56:38,stallRate,168.875,5.96608771736552,TheEmptinessMachine,Westwood,Festive,HTTP/1.1
2025-05-01 00:56:40,stallRate,170.874000072479,5.89490654335407,TheEmptinessMachine,Westwood,Festive,HTTP/1.1
2025-05-01 00:56:42,stallRate,172.874000072479,5.82535108829185,TheEmptinessMachine,Westwood,Festive,HTTP/1.1
2025-05-01 00:56:44,stallRate,174.874000072479,5.75734136075053,TheEmptinessMachine,Westwood,Festive,HTTP/1.1
2025-05-01 00:56:46,stallRate,176.874000072479,5.69060043667946,TheEmptinessMachine,Westwood,Festive,HTTP/1.1
2025-05-01 00:56:48,stallRate,178.874000072479,5.62536346236725,TheEmptinessMachine,Westwood,Festive,HTTP/1.1
2025-05-01 00:56:50,stallRate,180.874000072479,5.56217980005543,TheEmptinessMachine,Westwood,Festive,HTTP/1.1
2025-05-01 00:56:52,stallRate,182.874000072479,5.50013538309285,TheEmptinessMachine,Westwood,Festive,HTTP/1.1
2025-05-01 00:56:54,stallRate,184.874000072479,5.43969358213395,TheEmptinessMachine,Westwood,Festive,HTTP/1.1
2025-05-01 00:56:56,stallRate,186.874000072479,5.37987104987717,TheEmptinessMachine,Westwood,Festive,HTTP/1.1
2025-05-01 00:56:58,stallRate,188.874000072479,5.32157033108151,TheEmptinessMachine,Westwood,Festive,HTTP/1.1
2025-05-01 00:57:00,stallRate,190.874000072479,5.26489328840514,TheEmptinessMachine,Westwood,Festive,HTTP/1.1
2025-05-01 00:57:02,stallRate,192.874000072479,5.20946814043045,TheEmptinessMachine,Westwood,Festive,HTTP/1.1
2025-05-01 00:57:04,stallRate,194.874000072479,5.1552265037525,TheEmptinessMachine,Westwood,Festive,HTTP/1.1
2025-05-01 00:57:06,stallRate,196.874000072479,5.10181623135741,TheEmptinessMachine,Westwood,Festive,HTTP/1.1
2025-05-01 00:57:57,stallRate,4.36899995803833,0.0,TheEmptinessMachine,Westwood,Festive,HTTP/2
2025-05-01 00:57:59,stallRate,6.36899995803833,0.0,TheEmptinessMachine,Westwood,Festive,HTTP/2
2025-05-01 00:58:01,stallRate,8.36899995803833,0.0,TheEmptinessMachine,Westwood,Festive,HTTP/2
2025-05-01 00:58:07,stallRate,14.3689999580383,30.1200165035612,TheEmptinessMachine,Westwood,Festive,HTTP/2
2025-05-01 00:58:09,stallRate,16.3689999580383,28.8513586702858,TheEmptinessMachine,Westwood,Festive,HTTP/2
2025-05-01 00:58:13,stallRate,20.3689999580383,26.2798922346783,TheEmptinessMachine,Westwood,Festive,HTTP/2
2025-05-01 00:58:15,stallRate,22.3689999580383,23.8559112798951,TheEmptinessMachine,Westwood,Festive,HTTP/2
2025-05-01 00:58:17,stallRate,24.3689999580383,21.5588270192142,TheEmptinessMachine,Westwood,Festive,HTTP/2
2025-05-01 00:58:19,stallRate,26.3689999580383,19.6668114289986,TheEmptinessMachine,Westwood,Festive,HTTP/2
2025-05-01 00:58:21,stallRate,28.3689999580383,18.0584359586998,TheEmptinessMachine,Westwood,Festive,HTTP/2
2025-05-01 00:58:23,stallRate,30.3689999580383,16.706051690987,TheEmptinessMachine,Westwood,Festive,HTTP/2
2025-05-01 00:58:25,stallRate,32.3689999580383,15.5383455336855,TheEmptinessMachine,Westwood,Festive,HTTP/2
2025-05-01 00:58:27,stallRate,34.3689999580383,14.5324326782565,TheEmptinessMachine,Westwood,Festive,HTTP/2
2025-05-01 00:58:29,stallRate,36.3689999580383,13.6403495520575,TheEmptinessMachine,Westwood,Festive,HTTP/2
2025-05-01 00:58:31,stallRate,38.3689999580383,12.8537760077641,TheEmptinessMachine,Westwood,Festive,HTTP/2
2025-05-01 00:58:33,stallRate,40.3689999580383,12.1569784629232,TheEmptinessMachine,Westwood,Festive,HTTP/2
2025-05-01 00:58:35,stallRate,42.3689999580383,11.5279888409452,TheEmptinessMachine,Westwood,Festive,HTTP/2
2025-05-01 00:58:37,stallRate,44.3689999580383,10.9586480674961,TheEmptinessMachine,Westwood,Festive,HTTP/2
2025-05-01 00:58:39,stallRate,46.3689999580383,10.4456630452741,TheEmptinessMachine,Westwood,Festive,HTTP/2
2025-05-01 00:58:41,stallRate,48.3680000305176,9.97993676075684,TheEmptinessMachine,Westwood,Festive,HTTP/2
2025-05-01 00:58:43,stallRate,50.3689999580383,9.55165835597308,TheEmptinessMachine,Westwood,Festive,HTTP/2
2025-05-01 00:58:45,stallRate,52.3689999580383,9.15853519693497,TheEmptinessMachine,Westwood,Festive,HTTP/2
2025-05-01 00:58:47,stallRate,54.3689999580383,8.79905642615184,TheEmptinessMachine,Westwood,Festive,HTTP/2
2025-05-01 00:58:49,stallRate,56.3689999580383,8.46530297085911,TheEmptinessMachine,Westwood,Festive,HTTP/2
2025-05-01 00:58:53,stallRate,60.3689999580383,11.458006963461,TheEmptinessMachine,Westwood,Festive,HTTP/2
2025-05-01 00:58:55,stallRate,62.3689999580383,12.0544181387416,TheEmptinessMachine,Westwood,Festive,HTTP/2
2025-05-01 00:58:57,stallRate,64.3689999580383,11.657389692474,TheEmptinessMachine,Westwood,Festive,HTTP/2
2025-05-01 00:58:59,stallRate,66.3689999580383,11.2857384174801,TheEmptinessMachine,Westwood,Festive,HTTP/2
2025-05-01 00:59:01,stallRate,68.3689999580383,10.9377468921234,TheEmptinessMachine,Westwood,Festive,HTTP/2
2025-05-01 00:59:09,stallRate,76.3689999580383,11.448173083824,TheEmptinessMachine,Westwood,Festive,HTTP/2
2025-05-01 00:59:11,stallRate,78.3689999580383,11.134098323274,TheEmptinessMachine,Westwood,Festive,HTTP/2
2025-05-01 00:59:13,stallRate,80.3689999580383,10.8357219668393,TheEmptinessMachine,Westwood,Festive,HTTP/2
2025-05-01 00:59:15,stallRate,82.3689999580383,10.5528609777666,TheEmptinessMachine,Westwood,Festive,HTTP/2
2025-05-01 00:59:17,stallRate,84.3689999580383,10.627828019869,TheEmptinessMachine,Westwood,Festive,HTTP/2
2025-05-01 00:59:19,stallRate,86.3689999580383,10.3655779434517,TheEmptinessMachine,Westwood,Festive,HTTP/2
2025-05-01 00:59:21,stallRate,88.3689999580383,10.1159645078897,TheEmptinessMachine,Westwood,Festive,HTTP/2
2025-05-01 00:59:25,stallRate,92.3689999580383,10.1914493700206,TheEmptinessMachine,Westwood,Festive,HTTP/2
2025-05-01 00:59:27,stallRate,94.3689999580383,9.96516292974567,TheEmptinessMachine,Westwood,Festive,HTTP/2
2025-05-01 00:59:29,stallRate,96.3689999580383,9.73924611463795,TheEmptinessMachine,Westwood,Festive,HTTP/2
2025-05-01 00:59:31,stallRate,98.3689999580383,9.52236797357918,TheEmptinessMachine,Westwood,Festive,HTTP/2
2025-05-01 00:59:33,stallRate,100.368999958038,9.31461301778482,TheEmptinessMachine,Westwood,Festive,HTTP/2
2025-05-01 00:59:35,stallRate,102.368999958038,9.1148099791898,TheEmptinessMachine,Westwood,Festive,HTTP/2
2025-05-01 00:59:37,stallRate,104.368999958038,8.92513513116355,TheEmptinessMachine,Westwood,Festive,HTTP/2
2025-05-01 00:59:39,stallRate,106.368999958038,8.74197233620757,TheEmptinessMachine,Westwood,Festive,HTTP/2
2025-05-01 00:59:41,stallRate,108.368999958038,8.56650048190725,TheEmptinessMachine,Westwood,Festive,HTTP/2
2025-05-01 00:59:43,stallRate,110.368999958038,8.39831798890962,TheEmptinessMachine,Westwood,Festive,HTTP/2
2025-05-01 00:59:45,stallRate,112.368999958038,8.23599294826145,TheEmptinessMachine,Westwood,Festive,HTTP/2
2025-05-01 00:59:49,stallRate,116.368999958038,9.11866881858894,TheEmptinessMachine,Westwood,Festive,HTTP/2
2025-05-01 00:59:51,stallRate,118.368999958038,9.23685156604033,TheEmptinessMachine,Westwood,Festive,HTTP/2
2025-05-01 00:59:53,stallRate,120.368999958038,9.70306751474412,TheEmptinessMachine,Westwood,Festive,HTTP/2
2025-05-01 00:59:55,stallRate,122.370000123978,9.53186617309585,TheEmptinessMachine,Westwood,Festive,HTTP/2
2025-05-01 00:59:59,stallRate,126.368999958038,11.8455244921084,TheEmptinessMachine,Westwood,Festive,HTTP/2
2025-05-01 01:00:01,stallRate,128.368999958038,11.6473251979574,TheEmptinessMachine,Westwood,Festive,HTTP/2
2025-05-01 01:00:03,stallRate,130.368999958038,12.1669356613942,TheEmptinessMachine,Westwood,Festive,HTTP/2
2025-05-01 01:00:05,stallRate,132.368999958038,12.3001339375507,TheEmptinessMachine,Westwood,Festive,HTTP/2
2025-05-01 01:00:07,stallRate,134.368999958038,12.1037637770678,TheEmptinessMachine,Westwood,Festive,HTTP/2
2025-05-01 01:00:09,stallRate,136.368999958038,12.0528433784847,TheEmptinessMachine,Westwood,Festive,HTTP/2
2025-05-01 01:00:11,stallRate,138.368999958038,11.867608618921,TheEmptinessMachine,Westwood,Festive,HTTP/2
2025-05-01 01:00:13,stallRate,140.368999958038,11.687224251094,TheEmptinessMachine,Westwood,Festive,HTTP/2
2025-05-01 01:00:15,stallRate,142.368999958038,11.5114441091201,TheEmptinessMachine,Westwood,Festive,HTTP/2
2025-05-01 01:00:17,stallRate,144.368999958038,11.3420267332813,TheEmptinessMachine,Westwood,Festive,HTTP/2
2025-05-01 01:00:19,stallRate,146.368999958038,11.1778908624941,TheEmptinessMachine,Westwood,Festive,HTTP/2
2025-05-01 01:00:21,stallRate,148.368999958038,11.0177362514528,TheEmptinessMachine,Westwood,Festive,HTTP/2
2025-05-01 01:00:23,stallRate,150.368999958038,10.8617929055768,TheEmptinessMachine,Westwood,Festive,HTTP/2
2025-05-01 01:00:25,stallRate,152.368999958038,10.7106414107195,TheEmptinessMachine,Westwood,Festive,HTTP/2
2025-05-01 01:00:27,stallRate,154.368999958038,10.5636208698779,TheEmptinessMachine,Westwood,Festive,HTTP/2
2025-05-01 01:00:29,stallRate,156.368999958038,10.4207184236378,TheEmptinessMachine,Westwood,Festive,HTTP/2
2025-05-01 01:00:31,stallRate,158.368000030518,10.2819346296953,TheEmptinessMachine,Westwood,Festive,HTTP/2
2025-05-01 01:00:33,stallRate,160.368999958038,10.1461431104994,TheEmptinessMachine,Westwood,Festive,HTTP/2
2025-05-01 01:00:35,stallRate,162.368999958038,10.0136736906409,TheEmptinessMachine,Westwood,Festive,HTTP/2
2025-05-01 01:00:37,stallRate,164.368999958038,9.88505489236117,TheEmptinessMachine,Westwood,Festive,HTTP/2
2025-05-01 01:00:39,stallRate,166.368999958038,9.7597299160686,TheEmptinessMachine,Westwood,Festive,HTTP/2
2025-05-01 01:00:43,stallRate,170.368999958038,9.9915797022114,TheEmptinessMachine,Westwood,Festive,HTTP/2
2025-05-01 01:00:45,stallRate,172.368999958038,10.2564253539446,TheEmptinessMachine,Westwood,Festive,HTTP/2
2025-05-01 01:00:47,stallRate,174.368999958038,10.4323955598358,TheEmptinessMachine,Westwood,Festive,HTTP/2
2025-05-01 01:00:49,stallRate,176.368999958038,10.3078591309994,TheEmptinessMachine,Westwood,Festive,HTTP/2
2025-05-01 01:00:51,stallRate,178.368999958038,10.2796875154028,TheEmptinessMachine,Westwood,Festive,HTTP/2
2025-05-01 01:00:53,stallRate,180.368999958038,10.1597830799894,TheEmptinessMachine,Westwood,Festive,HTTP/2
2025-05-01 01:00:55,stallRate,182.368999958038,10.0428624984992,TheEmptinessMachine,Westwood,Festive,HTTP/2
2025-05-01 01:00:57,stallRate,184.368999958038,9.92822451078809,TheEmptinessMachine,Westwood,Festive,HTTP/2
2025-05-01 01:00:59,stallRate,186.368999958038,9.81609687523819,TheEmptinessMachine,Westwood,Festive,HTTP/2
2025-05-01 01:01:01,stallRate,188.368999958038,9.70747118563658,TheEmptinessMachine,Westwood,Festive,HTTP/2
2025-05-01 01:01:03,stallRate,190.368999958038,9.60026830235731,TheEmptinessMachine,Westwood,Festive,HTTP/2
2025-05-01 01:01:05,stallRate,192.368999958038,9.49563744676272,TheEmptinessMachine,Westwood,Festive,HTTP/2
2025-05-01 01:01:07,stallRate,194.368999958038,9.39356609343583,TheEmptinessMachine,Westwood,Festive,HTTP/2
2025-05-01 01:01:09,stallRate,196.368000030518,9.29368014886865,TheEmptinessMachine,Westwood,Festive,HTTP/2
2025-05-01 01:01:11,stallRate,198.368999958038,9.19577455357594,TheEmptinessMachine,Westwood,Festive,HTTP/2
2025-05-01 01:01:13,stallRate,200.368999958038,9.09955556886286,TheEmptinessMachine,Westwood,Festive,HTTP/2
2025-05-01 01:01:15,stallRate,202.368999958038,9.00578600263307,TheEmptinessMachine,Westwood,Festive,HTTP/2
2025-05-01 01:02:02,stallRate,4.13299989700317,0.0,TheEmptinessMachine,Westwood,Festive,HTTP/3
2025-05-01 01:02:04,stallRate,6.13199996948242,0.0,TheEmptinessMachine,Westwood,Festive,HTTP/3
2025-05-01 01:02:12,stallRate,14.1319999694824,0.0,TheEmptinessMachine,Westwood,Festive,HTTP/3
2025-05-01 01:02:14,stallRate,16.1319999694824,0.0,TheEmptinessMachine,Westwood,Festive,HTTP/3
2025-05-01 01:02:16,stallRate,18.1319999694824,0.0,TheEmptinessMachine,Westwood,Festive,HTTP/3
2025-05-01 01:02:18,stallRate,20.1339998245239,0.0,TheEmptinessMachine,Westwood,Festive,HTTP/3
2025-05-01 01:02:22,stallRate,24.1309998035431,15.4014878657349,TheEmptinessMachine,Westwood,Festive,HTTP/3
2025-05-01 01:02:24,stallRate,26.1319999694824,13.0953077666522,TheEmptinessMachine,Westwood,Festive,HTTP/3
2025-05-01 01:02:26,stallRate,28.1309998035431,11.3909770936227,TheEmptinessMachine,Westwood,Festive,HTTP/3
2025-05-01 01:02:28,stallRate,30.1309998035431,10.0786280440044,TheEmptinessMachine,Westwood,Festive,HTTP/3
2025-05-01 01:02:30,stallRate,32.1319999694824,9.03727086607103,TheEmptinessMachine,Westwood,Festive,HTTP/3
2025-05-01 01:02:32,stallRate,34.1319999694824,8.19126956156915,TheEmptinessMachine,Westwood,Festive,HTTP/3
2025-05-01 01:02:34,stallRate,36.1319999694824,7.49008071547359,TheEmptinessMachine,Westwood,Festive,HTTP/3
2025-05-01 01:02:36,stallRate,38.1319999694824,6.89925327745884,TheEmptinessMachine,Westwood,Festive,HTTP/3
2025-05-01 01:02:38,stallRate,40.1319999694824,6.39494918155951,TheEmptinessMachine,Westwood,Festive,HTTP/3
2025-05-01 01:02:40,stallRate,42.1319999694824,5.95947089787858,TheEmptinessMachine,Westwood,Festive,HTTP/3
2025-05-01 01:02:42,stallRate,44.1319999694824,5.57941017170993,TheEmptinessMachine,Westwood,Festive,HTTP/3
2025-05-01 01:02:44,stallRate,46.1309998035431,5.24496045566298,TheEmptinessMachine,Westwood,Festive,HTTP/3
2025-05-01 01:02:46,stallRate,48.1319999694824,4.94831334287048,TheEmptinessMachine,Westwood,Festive,HTTP/3
2025-05-01 01:02:48,stallRate,50.1309998035431,4.68341149992188,TheEmptinessMachine,Westwood,Festive,HTTP/3
2025-05-01 01:02:50,stallRate,52.1319999694824,4.44542847840113,TheEmptinessMachine,Westwood,Festive,HTTP/3
2025-05-01 01:02:52,stallRate,54.1319999694824,4.23052129387857,TheEmptinessMachine,Westwood,Festive,HTTP/3
2025-05-01 01:02:54,stallRate,56.1319999694824,4.03533940759847,TheEmptinessMachine,Westwood,Festive,HTTP/3
2025-05-01 01:02:56,stallRate,58.1319999694824,3.85743121181897,TheEmptinessMachine,Westwood,Festive,HTTP/3
2025-05-01 01:02:58,stallRate,60.1319999694824,3.69456640721726,TheEmptinessMachine,Westwood,Festive,HTTP/3
2025-05-01 01:03:00,stallRate,62.1319999694824,3.5448425417672,TheEmptinessMachine,Westwood,Festive,HTTP/3
2025-05-01 01:03:02,stallRate,64.1319999694824,3.40685657435026,TheEmptinessMachine,Westwood,Festive,HTTP/3
2025-05-01 01:03:04,stallRate,66.1319999694824,3.27913890089258,TheEmptinessMachine,Westwood,Festive,HTTP/3
2025-05-01 01:03:06,stallRate,68.1319999694824,3.16065799053649,TheEmptinessMachine,Westwood,Festive,HTTP/3
2025-05-01 01:03:08,stallRate,70.1319999694824,3.05046321783776,TheEmptinessMachine,Westwood,Festive,HTTP/3
2025-05-01 01:03:10,stallRate,72.1319999694824,2.94768982600597,TheEmptinessMachine,Westwood,Festive,HTTP/3
2025-05-01 01:03:12,stallRate,74.1309998035431,2.85163152500491,TheEmptinessMachine,Westwood,Festive,HTTP/3
2025-05-01 01:03:14,stallRate,76.1319999694824,2.76162302311204,TheEmptinessMachine,Westwood,Festive,HTTP/3
2025-05-01 01:03:16,stallRate,78.1319999694824,2.6771118397008,TheEmptinessMachine,Westwood,Festive,HTTP/3
2025-05-01 01:03:18,stallRate,80.1319999694824,2.59761316789024,TheEmptinessMachine,Westwood,Festive,HTTP/3
2025-05-01 01:03:20,stallRate,82.1309998035431,2.52274027320136,TheEmptinessMachine,Westwood,Festive,HTTP/3
2025-05-01 01:03:22,stallRate,84.1319999694824,2.45202451071198,TheEmptinessMachine,Westwood,Festive,HTTP/3
2025-05-01 01:03:24,stallRate,86.1319999694824,2.38515859395899,TheEmptinessMachine,Westwood,Festive,HTTP/3
2025-05-01 01:03:26,stallRate,88.1319999694824,2.32185088855052,TheEmptinessMachine,Westwood,Festive,HTTP/3
2025-05-01 01:03:28,stallRate,90.1319999694824,2.26184391596176,TheEmptinessMachine,Westwood,Festive,HTTP/3
2025-05-01 01:03:30,stallRate,92.1319999694824,2.20484752196273,TheEmptinessMachine,Westwood,Festive,HTTP/3
2025-05-01 01:03:32,stallRate,94.1309998035431,2.15064135276131,TheEmptinessMachine,Westwood,Festive,HTTP/3
2025-05-01 01:03:34,stallRate,96.1319999694824,2.09904596333299,TheEmptinessMachine,Westwood,Festive,HTTP/3
2025-05-01 01:03:36,stallRate,98.1319999694824,2.04986070014168,TheEmptinessMachine,Westwood,Festive,HTTP/3
2025-05-01 01:03:38,stallRate,100.131999969482,2.00293498998999,TheEmptinessMachine,Westwood,Festive,HTTP/3
2025-05-01 01:03:40,stallRate,102.131999969482,1.95810630551861,TheEmptinessMachine,Westwood,Festive,HTTP/3
2025-05-01 01:03:42,stallRate,104.131999969482,1.91525505356434,TheEmptinessMachine,Westwood,Festive,HTTP/3
2025-05-01 01:03:44,stallRate,106.131999969482,1.87422375506419,TheEmptinessMachine,Westwood,Festive,HTTP/3
2025-05-01 01:03:46,stallRate,108.131999969482,1.83490340719166,TheEmptinessMachine,Westwood,Festive,HTTP/3
2025-05-01 01:03:48,stallRate,110.131999969482,1.79720983839894,TheEmptinessMachine,Westwood,Festive,HTTP/3
2025-05-01 01:03:50,stallRate,112.131999969482,1.76102805069404,TheEmptinessMachine,Westwood,Festive,HTTP/3
2025-05-01 01:03:52,stallRate,114.131999969482,1.7262946682169,TheEmptinessMachine,Westwood,Festive,HTTP/3
2025-05-01 01:03:54,stallRate,116.131999969482,2.15650657312685,TheEmptinessMachine,Westwood,Festive,HTTP/3
2025-05-01 01:03:58,stallRate,120.131999969482,2.07932097223956,TheEmptinessMachine,Westwood,Festive,HTTP/3
2025-05-01 01:04:04,stallRate,126.131999969482,3.03022114685712,TheEmptinessMachine,Westwood,Festive,HTTP/3
2025-05-01 01:04:06,stallRate,128.131999969482,2.97674325350553,TheEmptinessMachine,Westwood,Festive,HTTP/3
2025-05-01 01:04:08,stallRate,130.131999969482,3.20686573295945,TheEmptinessMachine,Westwood,Festive,HTTP/3
2025-05-01 01:04:10,stallRate,132.131999969482,3.31875281243737,TheEmptinessMachine,Westwood,Festive,HTTP/3
2025-05-01 01:04:12,stallRate,134.130999803543,3.26313329436459,TheEmptinessMachine,Westwood,Festive,HTTP/3
2025-05-01 01:04:16,stallRate,138.131999969482,4.36409794106716,TheEmptinessMachine,Westwood,Festive,HTTP/3
2025-05-01 01:04:18,stallRate,140.131999969482,4.29364099246814,TheEmptinessMachine,Westwood,Festive,HTTP/3
2025-05-01 01:04:20,stallRate,142.130999803543,4.22540837000325,TheEmptinessMachine,Westwood,Festive,HTTP/3
2025-05-01 01:04:22,stallRate,144.131999969482,4.15931713709987,TheEmptinessMachine,Westwood,Festive,HTTP/3
2025-05-01 01:04:24,stallRate,146.131999969482,4.09522439803301,TheEmptinessMachine,Westwood,Festive,HTTP/3
2025-05-01 01:04:26,stallRate,148.131999969482,4.03311343958091,TheEmptinessMachine,Westwood,Festive,HTTP/3
2025-05-01 01:04:28,stallRate,150.131999969482,3.97285830820974,TheEmptinessMachine,Westwood,Festive,HTTP/3
2025-05-01 01:04:30,stallRate,152.131999969482,3.91438180635758,TheEmptinessMachine,Westwood,Festive,HTTP/3
2025-05-01 01:04:32,stallRate,154.131999969482,3.85758072245065,TheEmptinessMachine,Westwood,Festive,HTTP/3
2025-05-01 01:04:34,stallRate,156.131999969482,3.80239631550875,TheEmptinessMachine,Westwood,Festive,HTTP/3
2025-05-01 01:04:36,stallRate,158.131999969482,3.74880598848402,TheEmptinessMachine,Westwood,Festive,HTTP/3
2025-05-01 01:04:38,stallRate,160.131999969482,3.69670101324667,TheEmptinessMachine,Westwood,Festive,HTTP/3
2025-05-01 01:04:40,stallRate,162.131999969482,3.64601005668147,TheEmptinessMachine,Westwood,Festive,HTTP/3
2025-05-01 01:04:42,stallRate,164.131999969482,3.59668956848223,TheEmptinessMachine,Westwood,Festive,HTTP/3
2025-05-01 01:04:44,stallRate,166.131999969482,3.54867171180936,TheEmptinessMachine,Westwood,Festive,HTTP/3
2025-05-01 01:04:46,stallRate,168.130999803543,3.5019553928799,TheEmptinessMachine,Westwood,Festive,HTTP/3
2025-05-01 01:04:48,stallRate,170.131999969482,3.45642331481437,TheEmptinessMachine,Westwood,Festive,HTTP/3
2025-05-01 01:04:50,stallRate,172.131999969482,3.41206514808773,TheEmptinessMachine,Westwood,Festive,HTTP/3
2025-05-01 01:04:52,stallRate,174.130999803543,3.36884742613345,TheEmptinessMachine,Westwood,Festive,HTTP/3
2025-05-01 01:04:54,stallRate,176.130999803543,3.3266994312932,TheEmptinessMachine,Westwood,Festive,HTTP/3
2025-05-01 01:04:56,stallRate,178.131999969482,3.28558827019097,TheEmptinessMachine,Westwood,Festive,HTTP/3
2025-05-01 01:04:58,stallRate,180.131999969482,3.24547809067994,TheEmptinessMachine,Westwood,Festive,HTTP/3
2025-05-01 01:05:00,stallRate,182.131999969482,3.20634247933252,TheEmptinessMachine,Westwood,Festive,HTTP/3
2025-05-01 01:05:02,stallRate,184.131999969482,3.16813870126959,TheEmptinessMachine,Westwood,Festive,HTTP/3
2025-05-01 01:05:04,stallRate,186.131999969482,3.13083226351757,TheEmptinessMachine,Westwood,Festive,HTTP/3
2025-05-01 01:05:06,stallRate,188.130999803543,3.09439854395392,TheEmptinessMachine,Westwood,Festive,HTTP/3
2025-05-01 01:05:08,stallRate,190.131999969482,3.05879657674421,TheEmptinessMachine,Westwood,Festive,HTTP/3
2025-05-01 01:05:10,stallRate,192.131999969482,3.0240180812193,TheEmptinessMachine,Westwood,Festive,HTTP/3
2025-05-01 01:05:12,stallRate,194.131999969482,2.99000565351429,TheEmptinessMachine,Westwood,Festive,HTTP/3
2025-05-01 01:05:14,stallRate,196.131999969482,2.95676872633405,TheEmptinessMachine,Westwood,Festive,HTTP/3
2025-05-01 01:05:16,stallRate,198.131999969482,2.92425198655654,TheEmptinessMachine,Westwood,Festive,HTTP/3
2025-05-01 01:05:18,stallRate,200.131999969482,2.89243050464063,TheEmptinessMachine,Westwood,Festive,HTTP/3
2025-05-01 01:05:20,stallRate,202.131999969482,2.86130882773306,TheEmptinessMachine,Westwood,Festive,HTTP/3
2025-05-01 01:05:22,stallRate,204.131999969482,2.83084321620645,TheEmptinessMachine,Westwood,Festive,HTTP/3
2025-05-01 01:05:24,stallRate,206.131999969482,2.8010227622911,TheEmptinessMachine,Westwood,Festive,HTTP/3
2025-05-01 01:05:26,stallRate,208.130999803543,2.77182613320458,TheEmptinessMachine,Westwood,Festive,HTTP/3
2025-05-01 01:05:28,stallRate,210.130999803543,2.74323208885352,TheEmptinessMachine,Westwood,Festive,HTTP/3
2025-05-01 01:06:12,stallRate,4.3050000667572,0.0,TheEmptinessMachine,Westwood,L2A,HTTP/1.1
2025-05-01 01:06:14,stallRate,6.3050000667572,0.0,TheEmptinessMachine,Westwood,L2A,HTTP/1.1
2025-05-01 01:06:16,stallRate,8.3050000667572,19.8603238013391,TheEmptinessMachine,Westwood,L2A,HTTP/1.1
2025-05-01 01:06:20,stallRate,12.3050000667572,24.9372033844062,TheEmptinessMachine,Westwood,L2A,HTTP/1.1
2025-05-01 01:06:22,stallRate,14.3050000667572,21.0866685815229,TheEmptinessMachine,Westwood,L2A,HTTP/1.1
2025-05-01 01:06:24,stallRate,16.3050000667572,17.2200760249666,TheEmptinessMachine,Westwood,L2A,HTTP/1.1
2025-05-01 01:06:26,stallRate,18.305999994278,14.791087260965,TheEmptinessMachine,Westwood,L2A,HTTP/1.1
2025-05-01 01:06:28,stallRate,20.3050000667572,21.8779790976395,TheEmptinessMachine,Westwood,L2A,HTTP/1.1
2025-05-01 01:06:32,stallRate,24.3050000667572,20.576736443088,TheEmptinessMachine,Westwood,L2A,HTTP/1.1
2025-05-01 01:06:34,stallRate,26.3050000667572,19.6266023520629,TheEmptinessMachine,Westwood,L2A,HTTP/1.1
2025-05-01 01:06:36,stallRate,28.3050000667572,18.0048858835268,TheEmptinessMachine,Westwood,L2A,HTTP/1.1
2025-05-01 01:06:38,stallRate,30.3050000667572,16.6385823029393,TheEmptinessMachine,Westwood,L2A,HTTP/1.1
2025-05-01 01:06:40,stallRate,32.3050000667572,15.4747333726081,TheEmptinessMachine,Westwood,L2A,HTTP/1.1
2025-05-01 01:06:42,stallRate,34.305999994278,14.4513912508453,TheEmptinessMachine,Westwood,L2A,HTTP/1.1
2025-05-01 01:06:44,stallRate,36.3050000667572,13.5604355640368,TheEmptinessMachine,Westwood,L2A,HTTP/1.1
2025-05-01 01:06:46,stallRate,38.3050000667572,12.7745181472708,TheEmptinessMachine,Westwood,L2A,HTTP/1.1
2025-05-01 01:06:48,stallRate,40.3050000667572,12.0778208715787,TheEmptinessMachine,Westwood,L2A,HTTP/1.1
2025-05-01 01:06:50,stallRate,42.3050000667572,11.4488659193463,TheEmptinessMachine,Westwood,L2A,HTTP/1.1
2025-05-01 01:06:52,stallRate,44.3050000667572,10.8801721134087,TheEmptinessMachine,Westwood,L2A,HTTP/1.1
2025-05-01 01:06:54,stallRate,46.305999994278,10.365111292476,TheEmptinessMachine,Westwood,L2A,HTTP/1.1
2025-05-01 01:06:56,stallRate,48.3050000667572,9.90133482460202,TheEmptinessMachine,Westwood,L2A,HTTP/1.1
2025-05-01 01:06:58,stallRate,50.3050000667572,9.47533624128439,TheEmptinessMachine,Westwood,L2A,HTTP/1.1
2025-05-01 01:07:00,stallRate,52.3050000667572,9.08270947731295,TheEmptinessMachine,Westwood,L2A,HTTP/1.1
2025-05-01 01:07:02,stallRate,54.3050000667572,8.72353094890302,TheEmptinessMachine,Westwood,L2A,HTTP/1.1
2025-05-01 01:07:04,stallRate,56.3050000667572,8.3901715264011,TheEmptinessMachine,Westwood,L2A,HTTP/1.1
2025-05-01 01:07:06,stallRate,58.3050000667572,8.0829447991681,TheEmptinessMachine,Westwood,L2A,HTTP/1.1
2025-05-01 01:07:08,stallRate,60.3050000667572,7.79601838839585,TheEmptinessMachine,Westwood,L2A,HTTP/1.1
2025-05-01 01:07:10,stallRate,62.305999994278,7.52940490709506,TheEmptinessMachine,Westwood,L2A,HTTP/1.1
2025-05-01 01:07:12,stallRate,64.3050000667572,7.28059625008457,TheEmptinessMachine,Westwood,L2A,HTTP/1.1
2025-05-01 01:07:14,stallRate,66.3050000667572,7.04756744615553,TheEmptinessMachine,Westwood,L2A,HTTP/1.1
2025-05-01 01:07:16,stallRate,68.3050000667572,6.8294121381097,TheEmptinessMachine,Westwood,L2A,HTTP/1.1
2025-05-01 01:07:18,stallRate,70.3050000667572,6.62362389442165,TheEmptinessMachine,Westwood,L2A,HTTP/1.1
2025-05-01 01:07:20,stallRate,72.3050000667572,6.42950823841258,TheEmptinessMachine,Westwood,L2A,HTTP/1.1
2025-05-01 01:07:22,stallRate,74.3050000667572,6.24793770295467,TheEmptinessMachine,Westwood,L2A,HTTP/1.1
2025-05-01 01:07:24,stallRate,76.3050000667572,6.0749132770155,TheEmptinessMachine,Westwood,L2A,HTTP/1.1
2025-05-01 01:07:26,stallRate,78.3050000667572,5.91157898941957,TheEmptinessMachine,Westwood,L2A,HTTP/1.1
2025-05-01 01:07:28,stallRate,80.3050000667572,5.75633783621178,TheEmptinessMachine,Westwood,L2A,HTTP/1.1
2025-05-01 01:07:30,stallRate,82.3050000667572,5.60993846308112,TheEmptinessMachine,Westwood,L2A,HTTP/1.1
2025-05-01 01:07:32,stallRate,84.3050000667572,5.47022465955964,TheEmptinessMachine,Westwood,L2A,HTTP/1.1
2025-05-01 01:07:34,stallRate,86.3050000667572,5.33765402574517,TheEmptinessMachine,Westwood,L2A,HTTP/1.1
2025-05-01 01:07:36,stallRate,88.3050000667572,5.21204252950467,TheEmptinessMachine,Westwood,L2A,HTTP/1.1
2025-05-01 01:07:38,stallRate,90.3050000667572,5.09133358843752,TheEmptinessMachine,Westwood,L2A,HTTP/1.1
2025-05-01 01:07:40,stallRate,92.3050000667572,4.97632053896561,TheEmptinessMachine,Westwood,L2A,HTTP/1.1
2025-05-01 01:07:42,stallRate,94.3050000667572,4.86636176015989,TheEmptinessMachine,Westwood,L2A,HTTP/1.1
2025-05-01 01:07:44,stallRate,96.3050000667572,4.76112791164363,TheEmptinessMachine,Westwood,L2A,HTTP/1.1
2025-05-01 01:07:46,stallRate,98.3050000667572,4.66001608912112,TheEmptinessMachine,Westwood,L2A,HTTP/1.1
2025-05-01 01:07:48,stallRate,100.305000066757,4.56360125050271,TheEmptinessMachine,Westwood,L2A,HTTP/1.1
2025-05-01 01:07:50,stallRate,102.305000066757,4.47070801188521,TheEmptinessMachine,Westwood,L2A,HTTP/1.1
2025-05-01 01:07:52,stallRate,104.305000066757,4.38176136175142,TheEmptinessMachine,Westwood,L2A,HTTP/1.1
2025-05-01 01:07:54,stallRate,106.308000087738,4.80218153541054,TheEmptinessMachine,Westwood,L2A,HTTP/1.1
2025-05-01 01:07:56,stallRate,108.305000066757,4.71041194885641,TheEmptinessMachine,Westwood,L2A,HTTP/1.1
2025-05-01 01:07:58,stallRate,110.305000066757,4.62163748915826,TheEmptinessMachine,Westwood,L2A,HTTP/1.1
2025-05-01 01:08:00,stallRate,112.305000066757,4.53618589336075,TheEmptinessMachine,Westwood,L2A,HTTP/1.1
2025-05-01 01:08:02,stallRate,114.305000066757,4.45446427581848,TheEmptinessMachine,Westwood,L2A,HTTP/1.1
2025-05-01 01:08:08,stallRate,120.305000066757,7.02924918970879,TheEmptinessMachine,Westwood,L2A,HTTP/1.1
2025-05-01 01:08:10,stallRate,122.305000066757,6.91078183603,TheEmptinessMachine,Westwood,L2A,HTTP/1.1
2025-05-01 01:08:12,stallRate,124.305000066757,6.79617202133332,TheEmptinessMachine,Westwood,L2A,HTTP/1.1
2025-05-01 01:08:14,stallRate,126.305000066757,6.685222947743,TheEmptinessMachine,Westwood,L2A,HTTP/1.1
2025-05-01 01:08:16,stallRate,128.305000066757,6.5774291683511,TheEmptinessMachine,Westwood,L2A,HTTP/1.1
2025-05-01 01:08:18,stallRate,130.305000066757,6.4731042577276,TheEmptinessMachine,Westwood,L2A,HTTP/1.1
2025-05-01 01:08:20,stallRate,132.305000066757,6.37226915495437,TheEmptinessMachine,Westwood,L2A,HTTP/1.1
2025-05-01 01:08:22,stallRate,134.305000066757,6.27482711054678,TheEmptinessMachine,Westwood,L2A,HTTP/1.1
2025-05-01 01:08:24,stallRate,136.305000066757,6.1799991387974,TheEmptinessMachine,Westwood,L2A,HTTP/1.1
2025-05-01 01:08:26,stallRate,138.305000066757,6.08830725066644,TheEmptinessMachine,Westwood,L2A,HTTP/1.1
2025-05-01 01:08:28,stallRate,140.305000066757,5.99892037751664,TheEmptinessMachine,Westwood,L2A,HTTP/1.1
2025-05-01 01:08:30,stallRate,142.305000066757,5.91221369752929,TheEmptinessMachine,Westwood,L2A,HTTP/1.1
2025-05-01 01:08:32,stallRate,144.305000066757,5.82847390446324,TheEmptinessMachine,Westwood,L2A,HTTP/1.1
2025-05-01 01:08:34,stallRate,146.305000066757,5.74968633604064,TheEmptinessMachine,Westwood,L2A,HTTP/1.1
2025-05-01 01:08:36,stallRate,148.305000066757,5.66446256233433,TheEmptinessMachine,Westwood,L2A,HTTP/1.1
2025-05-01 01:08:38,stallRate,150.305000066757,5.5841789205067,TheEmptinessMachine,Westwood,L2A,HTTP/1.1
2025-05-01 01:08:40,stallRate,152.305000066757,5.5094795014622,TheEmptinessMachine,Westwood,L2A,HTTP/1.1
2025-05-01 01:08:42,stallRate,154.305000066757,5.43933183941685,TheEmptinessMachine,Westwood,L2A,HTTP/1.1
2025-05-01 01:08:44,stallRate,156.305000066757,5.36787633828249,TheEmptinessMachine,Westwood,L2A,HTTP/1.1
2025-05-01 01:08:46,stallRate,158.305000066757,5.29852305408325,TheEmptinessMachine,Westwood,L2A,HTTP/1.1
2025-05-01 01:08:48,stallRate,160.305000066757,5.2316183766755,TheEmptinessMachine,Westwood,L2A,HTTP/1.1
2025-05-01 01:08:50,stallRate,162.305999994278,5.16566495421078,TheEmptinessMachine,Westwood,L2A,HTTP/1.1
2025-05-01 01:08:52,stallRate,164.305000066757,5.10153633920339,TheEmptinessMachine,Westwood,L2A,HTTP/1.1
2025-05-01 01:08:54,stallRate,166.305000066757,5.038894522975,TheEmptinessMachine,Westwood,L2A,HTTP/1.1
2025-05-01 01:08:56,stallRate,168.305000066757,4.97745985590927,TheEmptinessMachine,Westwood,L2A,HTTP/1.1
2025-05-01 01:08:58,stallRate,170.305000066757,4.91766156178282,TheEmptinessMachine,Westwood,L2A,HTTP/1.1
2025-05-01 01:09:00,stallRate,172.305000066757,4.85913955983318,TheEmptinessMachine,Westwood,L2A,HTTP/1.1
2025-05-01 01:09:02,stallRate,174.305000066757,4.80224671819839,TheEmptinessMachine,Westwood,L2A,HTTP/1.1
2025-05-01 01:09:04,stallRate,176.305000066757,4.74676890950329,TheEmptinessMachine,Westwood,L2A,HTTP/1.1
2025-05-01 01:09:06,stallRate,178.305000066757,4.69233704704509,TheEmptinessMachine,Westwood,L2A,HTTP/1.1
2025-05-01 01:09:08,stallRate,180.305000066757,4.63900584231126,TheEmptinessMachine,Westwood,L2A,HTTP/1.1
2025-05-01 01:09:10,stallRate,182.305000066757,4.58700724886949,TheEmptinessMachine,Westwood,L2A,HTTP/1.1
2025-05-01 01:09:12,stallRate,184.305000066757,4.53620997403392,TheEmptinessMachine,Westwood,L2A,HTTP/1.1
2025-05-01 01:09:14,stallRate,186.305000066757,4.48651544393274,TheEmptinessMachine,Westwood,L2A,HTTP/1.1
2025-05-01 01:09:16,stallRate,188.305000066757,4.43771324562465,TheEmptinessMachine,Westwood,L2A,HTTP/1.1
2025-05-01 01:09:18,stallRate,190.305000066757,4.3902267572821,TheEmptinessMachine,Westwood,L2A,HTTP/1.1
2025-05-01 01:09:20,stallRate,192.305000066757,4.34380232051799,TheEmptinessMachine,Westwood,L2A,HTTP/1.1
2025-05-01 01:09:22,stallRate,194.305000066757,4.29813859175292,TheEmptinessMachine,Westwood,L2A,HTTP/1.1
2025-05-01 01:09:26,stallRate,198.305000066757,4.79675334480767,TheEmptinessMachine,Westwood,L2A,HTTP/1.1
2025-05-01 01:10:13,stallRate,7.77999997138977,0.0,TheEmptinessMachine,Westwood,L2A,HTTP/2
2025-05-01 01:10:15,stallRate,9.80200004577637,0.0,TheEmptinessMachine,Westwood,L2A,HTTP/2
2025-05-01 01:10:17,stallRate,11.7799999713898,12.1717339145575,TheEmptinessMachine,Westwood,L2A,HTTP/2
2025-05-01 01:10:23,stallRate,17.7799999713898,35.0344519151164,TheEmptinessMachine,Westwood,L2A,HTTP/2
2025-05-01 01:10:29,stallRate,23.7799999713898,48.8944625062332,TheEmptinessMachine,Westwood,L2A,HTTP/2
2025-05-01 01:10:31,stallRate,25.7799999713898,43.2010009508771,TheEmptinessMachine,Westwood,L2A,HTTP/2
2025-05-01 01:10:33,stallRate,27.7799999713898,40.3031408391551,TheEmptinessMachine,Westwood,L2A,HTTP/2
2025-05-01 01:10:35,stallRate,29.7799999713898,40.981598994588,TheEmptinessMachine,Westwood,L2A,HTTP/2
2025-05-01 01:10:39,stallRate,33.779000043869,35.8724411447079,TheEmptinessMachine,Westwood,L2A,HTTP/2
2025-05-01 01:10:41,stallRate,35.7799999713898,33.9544729555103,TheEmptinessMachine,Westwood,L2A,HTTP/2
2025-05-01 01:10:43,stallRate,37.7799999713898,31.5157415562266,TheEmptinessMachine,Westwood,L2A,HTTP/2
2025-05-01 01:10:45,stallRate,39.7799999713898,29.9828892473283,TheEmptinessMachine,Westwood,L2A,HTTP/2
2025-05-01 01:10:51,stallRate,45.779000043869,36.3641240806134,TheEmptinessMachine,Westwood,L2A,HTTP/2
2025-05-01 01:10:53,stallRate,47.7799999713898,36.1127226355827,TheEmptinessMachine,Westwood,L2A,HTTP/2
2025-05-01 01:10:55,stallRate,49.779000043869,34.2394322581139,TheEmptinessMachine,Westwood,L2A,HTTP/2
2025-05-01 01:10:57,stallRate,51.7799999713898,34.92199101472,TheEmptinessMachine,Westwood,L2A,HTTP/2
2025-05-01 01:11:01,stallRate,55.7799999713898,34.1640477228904,TheEmptinessMachine,Westwood,L2A,HTTP/2
2025-05-01 01:11:03,stallRate,57.7799999713898,33.6420470428583,TheEmptinessMachine,Westwood,L2A,HTTP/2
2025-05-01 01:11:05,stallRate,59.7799999713898,32.367444334284,TheEmptinessMachine,Westwood,L2A,HTTP/2
2025-05-01 01:11:07,stallRate,61.7799999713898,31.0884360157325,TheEmptinessMachine,Westwood,L2A,HTTP/2
2025-05-01 01:11:09,stallRate,63.779000043869,29.910903622661,TheEmptinessMachine,Westwood,L2A,HTTP/2
2025-05-01 01:11:11,stallRate,65.7799999713898,28.8145427442065,TheEmptinessMachine,Westwood,L2A,HTTP/2
2025-05-01 01:11:13,stallRate,67.779000043869,27.8005585484129,TheEmptinessMachine,Westwood,L2A,HTTP/2
2025-05-01 01:11:15,stallRate,69.7799999713898,26.8515290797164,TheEmptinessMachine,Westwood,L2A,HTTP/2
2025-05-01 01:11:17,stallRate,71.779000043869,25.9668066683214,TheEmptinessMachine,Westwood,L2A,HTTP/2
2025-05-01 01:11:19,stallRate,73.7799999713898,25.1382559403695,TheEmptinessMachine,Westwood,L2A,HTTP/2
2025-05-01 01:11:21,stallRate,75.779000043869,24.3613801966986,TheEmptinessMachine,Westwood,L2A,HTTP/2
2025-05-01 01:11:23,stallRate,77.779000043869,23.6324206976065,TheEmptinessMachine,Westwood,L2A,HTTP/2
2025-05-01 01:11:25,stallRate,79.7799999713898,22.9430327791244,TheEmptinessMachine,Westwood,L2A,HTTP/2
2025-05-01 01:11:27,stallRate,81.779000043869,22.2921095006965,TheEmptinessMachine,Westwood,L2A,HTTP/2
2025-05-01 01:11:29,stallRate,83.7799999713898,21.6781622615475,TheEmptinessMachine,Westwood,L2A,HTTP/2
2025-05-01 01:11:31,stallRate,85.779000043869,21.0979306269656,TheEmptinessMachine,Westwood,L2A,HTTP/2
2025-05-01 01:11:33,stallRate,87.7799999713898,20.5477352968677,TheEmptinessMachine,Westwood,L2A,HTTP/2
2025-05-01 01:11:35,stallRate,89.7799999713898,20.0239111126918,TheEmptinessMachine,Westwood,L2A,HTTP/2
2025-05-01 01:11:37,stallRate,91.779000043869,19.5309234001005,TheEmptinessMachine,Westwood,L2A,HTTP/2
2025-05-01 01:11:39,stallRate,93.7799999713898,19.0593807714641,TheEmptinessMachine,Westwood,L2A,HTTP/2
2025-05-01 01:11:41,stallRate,95.779000043869,18.6081569583047,TheEmptinessMachine,Westwood,L2A,HTTP/2
2025-05-01 01:11:43,stallRate,97.7799999713898,18.1791315439933,TheEmptinessMachine,Westwood,L2A,HTTP/2
2025-05-01 01:11:45,stallRate,99.7799999713898,17.7683149358058,TheEmptinessMachine,Westwood,L2A,HTTP/2
2025-05-01 01:11:47,stallRate,101.77999997139,17.3764097192825,TheEmptinessMachine,Westwood,L2A,HTTP/2
2025-05-01 01:11:49,stallRate,103.77999997139,17.0002764523411,TheEmptinessMachine,Westwood,L2A,HTTP/2
2025-05-01 01:11:51,stallRate,105.77999997139,16.6418368009705,TheEmptinessMachine,Westwood,L2A,HTTP/2
2025-05-01 01:11:53,stallRate,107.77999997139,16.2987121616399,TheEmptinessMachine,Westwood,L2A,HTTP/2
2025-05-01 01:11:55,stallRate,109.77999997139,15.9698191388858,TheEmptinessMachine,Westwood,L2A,HTTP/2
2025-05-01 01:11:57,stallRate,111.77999997139,15.6522695741153,TheEmptinessMachine,Westwood,L2A,HTTP/2
2025-05-01 01:11:59,stallRate,113.77999997139,15.3465236886681,TheEmptinessMachine,Westwood,L2A,HTTP/2
2025-05-01 01:12:01,stallRate,115.77999997139,15.0531841882629,TheEmptinessMachine,Westwood,L2A,HTTP/2
2025-05-01 01:12:03,stallRate,117.77999997139,14.7712890039045,TheEmptinessMachine,Westwood,L2A,HTTP/2
2025-05-01 01:12:05,stallRate,119.77999997139,14.499580825258,TheEmptinessMachine,Westwood,L2A,HTTP/2
2025-05-01 01:12:07,stallRate,121.77999997139,14.2366275851559,TheEmptinessMachine,Westwood,L2A,HTTP/2
2025-05-01 01:12:09,stallRate,123.77999997139,13.984030384803,TheEmptinessMachine,Westwood,L2A,HTTP/2
2025-05-01 01:12:11,stallRate,125.77999997139,14.1107911227928,TheEmptinessMachine,Westwood,L2A,HTTP/2
2025-05-01 01:12:13,stallRate,127.77999997139,13.8689274974516,TheEmptinessMachine,Westwood,L2A,HTTP/2
2025-05-01 01:12:15,stallRate,129.77999997139,13.635434390034,TheEmptinessMachine,Westwood,L2A,HTTP/2
2025-05-01 01:12:17,stallRate,131.779000043869,13.4754262060906,TheEmptinessMachine,Westwood,L2A,HTTP/2
2025-05-01 01:12:19,stallRate,133.779000043869,13.2550473309545,TheEmptinessMachine,Westwood,L2A,HTTP/2
2025-05-01 01:12:21,stallRate,135.77999997139,13.0427692882804,TheEmptinessMachine,Westwood,L2A,HTTP/2
2025-05-01 01:12:23,stallRate,137.77999997139,13.4108660869765,TheEmptinessMachine,Westwood,L2A,HTTP/2
2025-05-01 01:12:25,stallRate,139.779000043869,13.2024836192988,TheEmptinessMachine,Westwood,L2A,HTTP/2
2025-05-01 01:12:27,stallRate,141.77999997139,13.1786367362336,TheEmptinessMachine,Westwood,L2A,HTTP/2
2025-05-01 01:12:29,stallRate,143.77999997139,12.9800210436142,TheEmptinessMachine,Westwood,L2A,HTTP/2
2025-05-01 01:12:31,stallRate,145.77999997139,12.7877525562708,TheEmptinessMachine,Westwood,L2A,HTTP/2
2025-05-01 01:12:33,stallRate,147.77999997139,12.600972097355,TheEmptinessMachine,Westwood,L2A,HTTP/2
2025-05-01 01:12:37,stallRate,151.779000043869,13.3079694456369,TheEmptinessMachine,Westwood,L2A,HTTP/2
2025-05-01 01:12:39,stallRate,153.77999997139,13.239006359914,TheEmptinessMachine,Westwood,L2A,HTTP/2
2025-05-01 01:12:41,stallRate,155.77999997139,13.0506035632903,TheEmptinessMachine,Westwood,L2A,HTTP/2
2025-05-01 01:12:43,stallRate,157.77999997139,12.8678552225131,TheEmptinessMachine,Westwood,L2A,HTTP/2
2025-05-01 01:12:47,stallRate,161.77999997139,13.0388282792107,TheEmptinessMachine,Westwood,L2A,HTTP/2
2025-05-01 01:12:49,stallRate,163.77999997139,13.0326329284555,TheEmptinessMachine,Westwood,L2A,HTTP/2
2025-05-01 01:12:51,stallRate,165.77999997139,12.9969328346037,TheEmptinessMachine,Westwood,L2A,HTTP/2
2025-05-01 01:12:53,stallRate,167.77999997139,12.8261106687223,TheEmptinessMachine,Westwood,L2A,HTTP/2
2025-05-01 01:12:55,stallRate,169.77999997139,12.6601423471413,TheEmptinessMachine,Westwood,L2A,HTTP/2
2025-05-01 01:12:57,stallRate,171.77999997139,12.4979081082122,TheEmptinessMachine,Westwood,L2A,HTTP/2
2025-05-01 01:12:59,stallRate,173.779000043869,12.3405965301279,TheEmptinessMachine,Westwood,L2A,HTTP/2
2025-05-01 01:13:01,stallRate,175.779000043869,12.3082541794502,TheEmptinessMachine,Westwood,L2A,HTTP/2
2025-05-01 01:13:03,stallRate,177.77999997139,12.3299820628084,TheEmptinessMachine,Westwood,L2A,HTTP/2
2025-05-01 01:13:05,stallRate,179.77999997139,12.1797383945906,TheEmptinessMachine,Westwood,L2A,HTTP/2
2025-05-01 01:13:07,stallRate,181.77999997139,12.4810570055237,TheEmptinessMachine,Westwood,L2A,HTTP/2
2025-05-01 01:13:09,stallRate,183.779000043869,12.4810570055237,TheEmptinessMachine,Westwood,L2A,HTTP/2
2025-05-01 01:13:11,stallRate,185.77999997139,12.3726663972089,TheEmptinessMachine,Westwood,L2A,HTTP/2
2025-05-01 01:13:13,stallRate,187.77999997139,12.2250189535494,TheEmptinessMachine,Westwood,L2A,HTTP/2
2025-05-01 01:13:15,stallRate,189.77999997139,12.0820813359949,TheEmptinessMachine,Westwood,L2A,HTTP/2
2025-05-01 01:13:17,stallRate,191.779000043869,11.942161956142,TheEmptinessMachine,Westwood,L2A,HTTP/2
2025-05-01 01:13:19,stallRate,193.781000137329,11.804792239973,TheEmptinessMachine,Westwood,L2A,HTTP/2
2025-05-01 01:13:21,stallRate,195.779000043869,11.670646269753,TheEmptinessMachine,Westwood,L2A,HTTP/2
2025-05-01 01:13:23,stallRate,197.77999997139,11.5397140689426,TheEmptinessMachine,Westwood,L2A,HTTP/2
2025-05-01 01:13:25,stallRate,199.779000043869,11.412042277193,TheEmptinessMachine,Westwood,L2A,HTTP/2
2025-05-01 01:13:27,stallRate,201.779000043869,11.2871747016199,TheEmptinessMachine,Westwood,L2A,HTTP/2
2025-05-01 01:13:29,stallRate,203.77999997139,11.1648306008274,TheEmptinessMachine,Westwood,L2A,HTTP/2
2025-05-01 01:13:31,stallRate,205.77999997139,11.0446871670799,TheEmptinessMachine,Westwood,L2A,HTTP/2
2025-05-01 01:13:33,stallRate,207.77999997139,10.9276753548075,TheEmptinessMachine,Westwood,L2A,HTTP/2
2025-05-01 01:13:35,stallRate,209.77999997139,10.8126551867184,TheEmptinessMachine,Westwood,L2A,HTTP/2
2025-05-01 01:13:37,stallRate,211.77999997139,10.700280669702,TheEmptinessMachine,Westwood,L2A,HTTP/2
2025-05-01 01:13:39,stallRate,213.779000043869,10.590849125223,TheEmptinessMachine,Westwood,L2A,HTTP/2
2025-05-01 01:14:24,stallRate,12.1129999160767,0.0,TheEmptinessMachine,Westwood,L2A,HTTP/3
2025-05-01 01:14:26,stallRate,14.1129999160767,0.0,TheEmptinessMachine,Westwood,L2A,HTTP/3
2025-05-01 01:14:28,stallRate,16.1129999160767,0.0,TheEmptinessMachine,Westwood,L2A,HTTP/3
2025-05-01 01:14:30,stallRate,18.1129999160767,0.0,TheEmptinessMachine,Westwood,L2A,HTTP/3
2025-05-01 01:14:34,stallRate,22.1129999160767,0.0,TheEmptinessMachine,Westwood,L2A,HTTP/3
2025-05-01 01:14:36,stallRate,24.1129999160767,0.0,TheEmptinessMachine,Westwood,L2A,HTTP/3
2025-05-01 01:14:38,stallRate,26.1119999885559,0.0,TheEmptinessMachine,Westwood,L2A,HTTP/3
2025-05-01 01:14:40,stallRate,28.1129999160767,0.0,TheEmptinessMachine,Westwood,L2A,HTTP/3
2025-05-01 01:14:42,stallRate,30.1119999885559,0.0,TheEmptinessMachine,Westwood,L2A,HTTP/3
2025-05-01 01:14:44,stallRate,32.1129999160767,0.0,TheEmptinessMachine,Westwood,L2A,HTTP/3
2025-05-01 01:14:46,stallRate,34.1119999885559,0.0,TheEmptinessMachine,Westwood,L2A,HTTP/3
2025-05-01 01:14:48,stallRate,36.1129999160767,0.0,TheEmptinessMachine,Westwood,L2A,HTTP/3
2025-05-01 01:14:50,stallRate,38.1119999885559,0.0,TheEmptinessMachine,Westwood,L2A,HTTP/3
2025-05-01 01:14:52,stallRate,40.1119999885559,0.0,TheEmptinessMachine,Westwood,L2A,HTTP/3
2025-05-01 01:14:54,stallRate,42.1129999160767,0.0,TheEmptinessMachine,Westwood,L2A,HTTP/3
2025-05-01 01:14:56,stallRate,44.1129999160767,0.0,TheEmptinessMachine,Westwood,L2A,HTTP/3
2025-05-01 01:14:58,stallRate,46.1119999885559,0.0,TheEmptinessMachine,Westwood,L2A,HTTP/3
2025-05-01 01:15:00,stallRate,48.1129999160767,0.0,TheEmptinessMachine,Westwood,L2A,HTTP/3
2025-05-01 01:15:02,stallRate,50.1119999885559,0.0,TheEmptinessMachine,Westwood,L2A,HTTP/3
2025-05-01 01:15:04,stallRate,52.1129999160767,0.0,TheEmptinessMachine,Westwood,L2A,HTTP/3
2025-05-01 01:15:06,stallRate,54.1119999885559,0.0,TheEmptinessMachine,Westwood,L2A,HTTP/3
2025-05-01 01:15:08,stallRate,56.1119999885559,0.0,TheEmptinessMachine,Westwood,L2A,HTTP/3
2025-05-01 01:15:10,stallRate,58.1119999885559,0.0,TheEmptinessMachine,Westwood,L2A,HTTP/3
2025-05-01 01:15:12,stallRate,60.1119999885559,0.0,TheEmptinessMachine,Westwood,L2A,HTTP/3
2025-05-01 01:15:14,stallRate,62.1119999885559,0.0,TheEmptinessMachine,Westwood,L2A,HTTP/3
2025-05-01 01:15:16,stallRate,64.1129999160767,0.0,TheEmptinessMachine,Westwood,L2A,HTTP/3
2025-05-01 01:15:18,stallRate,66.1129999160767,0.0,TheEmptinessMachine,Westwood,L2A,HTTP/3
2025-05-01 01:15:20,stallRate,68.1129999160767,0.0,TheEmptinessMachine,Westwood,L2A,HTTP/3
2025-05-01 01:15:22,stallRate,70.1119999885559,0.0,TheEmptinessMachine,Westwood,L2A,HTTP/3
2025-05-01 01:15:24,stallRate,72.1119999885559,0.0,TheEmptinessMachine,Westwood,L2A,HTTP/3
2025-05-01 01:15:26,stallRate,74.1119999885559,0.0,TheEmptinessMachine,Westwood,L2A,HTTP/3
2025-05-01 01:15:28,stallRate,76.1119999885559,0.0,TheEmptinessMachine,Westwood,L2A,HTTP/3
2025-05-01 01:15:30,stallRate,78.1119999885559,0.0,TheEmptinessMachine,Westwood,L2A,HTTP/3
2025-05-01 01:15:32,stallRate,80.1119999885559,0.0,TheEmptinessMachine,Westwood,L2A,HTTP/3
2025-05-01 01:15:34,stallRate,82.1129999160767,0.0,TheEmptinessMachine,Westwood,L2A,HTTP/3
2025-05-01 01:15:36,stallRate,84.1119999885559,0.0,TheEmptinessMachine,Westwood,L2A,HTTP/3
2025-05-01 01:15:38,stallRate,86.1129999160767,0.0,TheEmptinessMachine,Westwood,L2A,HTTP/3
2025-05-01 01:15:40,stallRate,88.1119999885559,0.0,TheEmptinessMachine,Westwood,L2A,HTTP/3
2025-05-01 01:15:42,stallRate,90.1129999160767,0.0,TheEmptinessMachine,Westwood,L2A,HTTP/3
2025-05-01 01:15:44,stallRate,92.1119999885559,0.0,TheEmptinessMachine,Westwood,L2A,HTTP/3
2025-05-01 01:15:46,stallRate,94.1119999885559,0.0,TheEmptinessMachine,Westwood,L2A,HTTP/3
2025-05-01 01:15:48,stallRate,96.1119999885559,0.0,TheEmptinessMachine,Westwood,L2A,HTTP/3
2025-05-01 01:15:50,stallRate,98.1129999160767,0.0,TheEmptinessMachine,Westwood,L2A,HTTP/3
2025-05-01 01:15:52,stallRate,100.112999916077,0.0,TheEmptinessMachine,Westwood,L2A,HTTP/3
2025-05-01 01:15:54,stallRate,102.111999988556,0.0,TheEmptinessMachine,Westwood,L2A,HTTP/3
2025-05-01 01:15:58,stallRate,106.111999988556,0.0,TheEmptinessMachine,Westwood,L2A,HTTP/3
2025-05-01 01:16:00,stallRate,108.112999916077,0.0,TheEmptinessMachine,Westwood,L2A,HTTP/3
2025-05-01 01:16:02,stallRate,110.112999916077,0.0,TheEmptinessMachine,Westwood,L2A,HTTP/3
2025-05-01 01:16:04,stallRate,112.111999988556,0.0,TheEmptinessMachine,Westwood,L2A,HTTP/3
2025-05-01 01:16:08,stallRate,116.112999916077,0.0,TheEmptinessMachine,Westwood,L2A,HTTP/3
2025-05-01 01:16:10,stallRate,118.112999916077,0.0,TheEmptinessMachine,Westwood,L2A,HTTP/3
2025-05-01 01:16:12,stallRate,120.112999916077,0.0,TheEmptinessMachine,Westwood,L2A,HTTP/3
2025-05-01 01:16:14,stallRate,122.112999916077,0.0,TheEmptinessMachine,Westwood,L2A,HTTP/3
2025-05-01 01:16:16,stallRate,124.112999916077,0.0,TheEmptinessMachine,Westwood,L2A,HTTP/3
2025-05-01 01:16:18,stallRate,126.111999988556,0.0,TheEmptinessMachine,Westwood,L2A,HTTP/3
2025-05-01 01:16:20,stallRate,128.111999988556,0.0,TheEmptinessMachine,Westwood,L2A,HTTP/3
2025-05-01 01:16:22,stallRate,130.111999988556,0.0,TheEmptinessMachine,Westwood,L2A,HTTP/3
2025-05-01 01:16:24,stallRate,132.112999916077,0.0,TheEmptinessMachine,Westwood,L2A,HTTP/3
2025-05-01 01:16:28,stallRate,136.111999988556,2.72684398025007,TheEmptinessMachine,Westwood,L2A,HTTP/3
2025-05-01 01:16:30,stallRate,138.112999916077,2.68451183366841,TheEmptinessMachine,Westwood,L2A,HTTP/3
2025-05-01 01:16:32,stallRate,140.111999988556,2.78081109919509,TheEmptinessMachine,Westwood,L2A,HTTP/3
2025-05-01 01:16:34,stallRate,142.111999988556,2.7388195918254,TheEmptinessMachine,Westwood,L2A,HTTP/3
2025-05-01 01:16:36,stallRate,144.112999916077,2.69801460819334,TheEmptinessMachine,Westwood,L2A,HTTP/3
2025-05-01 01:16:38,stallRate,146.112999916077,2.65851190652371,TheEmptinessMachine,Westwood,L2A,HTTP/3
2025-05-01 01:16:40,stallRate,148.112999916077,2.62030992326699,TheEmptinessMachine,Westwood,L2A,HTTP/3
2025-05-01 01:16:42,stallRate,150.112999916077,2.58300094460468,TheEmptinessMachine,Westwood,L2A,HTTP/3
2025-05-01 01:16:44,stallRate,152.112999916077,2.54682900161848,TheEmptinessMachine,Westwood,L2A,HTTP/3
2025-05-01 01:16:46,stallRate,154.111999988556,2.51186167078705,TheEmptinessMachine,Westwood,L2A,HTTP/3
2025-05-01 01:16:48,stallRate,156.112999916077,2.47758397510999,TheEmptinessMachine,Westwood,L2A,HTTP/3
2025-05-01 01:16:50,stallRate,158.112999916077,2.44410406916215,TheEmptinessMachine,Westwood,L2A,HTTP/3
2025-05-01 01:16:52,stallRate,160.111999988556,2.41149860839563,TheEmptinessMachine,Westwood,L2A,HTTP/3
2025-05-01 01:16:54,stallRate,162.112999916077,2.37986956294865,TheEmptinessMachine,Westwood,L2A,HTTP/3
2025-05-01 01:16:56,stallRate,164.112999916077,2.34930658339887,TheEmptinessMachine,Westwood,L2A,HTTP/3
2025-05-01 01:16:58,stallRate,166.111999988556,2.31929076992364,TheEmptinessMachine,Westwood,L2A,HTTP/3
2025-05-01 01:17:00,stallRate,168.112999916077,2.29004468562391,TheEmptinessMachine,Westwood,L2A,HTTP/3
2025-05-01 01:17:02,stallRate,170.112999916077,2.33784372152636,TheEmptinessMachine,Westwood,L2A,HTTP/3
2025-05-01 01:17:04,stallRate,172.111999988556,2.3090328057528,TheEmptinessMachine,Westwood,L2A,HTTP/3
2025-05-01 01:17:06,stallRate,174.111999988556,2.28103868870648,TheEmptinessMachine,Westwood,L2A,HTTP/3
2025-05-01 01:17:08,stallRate,176.111999988556,2.25361211141983,TheEmptinessMachine,Westwood,L2A,HTTP/3
2025-05-01 01:17:10,stallRate,178.112999916077,2.2268166534455,TheEmptinessMachine,Westwood,L2A,HTTP/3
2025-05-01 01:17:12,stallRate,180.112999916077,2.20070711391157,TheEmptinessMachine,Westwood,L2A,HTTP/3
2025-05-01 01:17:14,stallRate,182.112999916077,2.17512873812091,TheEmptinessMachine,Westwood,L2A,HTTP/3
2025-05-01 01:17:16,stallRate,184.112999916077,2.15027680384016,TheEmptinessMachine,Westwood,L2A,HTTP/3
2025-05-01 01:17:18,stallRate,186.111999988556,2.12601847872912,TheEmptinessMachine,Westwood,L2A,HTTP/3
2025-05-01 01:17:20,stallRate,188.112999916077,2.10232000475566,TheEmptinessMachine,Westwood,L2A,HTTP/3
2025-05-01 01:17:22,stallRate,190.112999916077,2.07896071825559,TheEmptinessMachine,Westwood,L2A,HTTP/3
2025-05-01 01:17:24,stallRate,192.112999916077,2.05628341782379,TheEmptinessMachine,Westwood,L2A,HTTP/3
2025-05-01 01:17:26,stallRate,194.111999988556,2.03388657463622,TheEmptinessMachine,Westwood,L2A,HTTP/3
2025-05-01 01:17:28,stallRate,196.112999916077,2.01204213405072,TheEmptinessMachine,Westwood,L2A,HTTP/3
2025-05-01 01:17:30,stallRate,198.112999916077,1.99075698692279,TheEmptinessMachine,Westwood,L2A,HTTP/3
2025-05-01 01:17:32,stallRate,200.112999916077,1.96984072466084,TheEmptinessMachine,Westwood,L2A,HTTP/3
2025-05-01 01:17:34,stallRate,202.112999916077,1.94952071751985,TheEmptinessMachine,Westwood,L2A,HTTP/3
2025-05-01 01:17:36,stallRate,204.111999988556,1.92943446260672,TheEmptinessMachine,Westwood,L2A,HTTP/3
2025-05-01 01:18:17,stallRate,4.30200004577637,0.0,TheEmptinessMachine,Westwood,RB,HTTP/1.1
2025-05-01 01:18:25,stallRate,12.2999999523163,0.0,TheEmptinessMachine,Westwood,RB,HTTP/1.1
2025-05-01 01:18:27,stallRate,14.2999999523163,0.0,TheEmptinessMachine,Westwood,RB,HTTP/1.1
2025-05-01 01:18:45,stallRate,32.2999999523163,81.9499819949464,TheEmptinessMachine,Westwood,RB,HTTP/1.1
2025-05-01 01:18:47,stallRate,34.2999999523163,74.4631012650433,TheEmptinessMachine,Westwood,RB,HTTP/1.1
2025-05-01 01:18:49,stallRate,36.3010001182556,67.7323564100178,TheEmptinessMachine,Westwood,RB,HTTP/1.1
2025-05-01 01:18:51,stallRate,38.2999999523163,62.0949983670202,TheEmptinessMachine,Westwood,RB,HTTP/1.1
2025-05-01 01:18:53,stallRate,40.2999999523163,57.3059874287747,TheEmptinessMachine,Westwood,RB,HTTP/1.1
2025-05-01 01:19:01,stallRate,48.2999999523163,51.180950598742,TheEmptinessMachine,Westwood,RB,HTTP/1.1
2025-05-01 01:19:03,stallRate,50.3010001182556,48.3486051747734,TheEmptinessMachine,Westwood,RB,HTTP/1.1
2025-05-01 01:19:05,stallRate,52.2999999523163,45.8174235201469,TheEmptinessMachine,Westwood,RB,HTTP/1.1
2025-05-01 01:19:07,stallRate,54.3010001182556,43.5260282428071,TheEmptinessMachine,Westwood,RB,HTTP/1.1
2025-05-01 01:19:09,stallRate,56.2999999523163,41.4503401005993,TheEmptinessMachine,Westwood,RB,HTTP/1.1
2025-05-01 01:19:11,stallRate,58.2999999523163,39.5775372038044,TheEmptinessMachine,Westwood,RB,HTTP/1.1
2025-05-01 01:19:15,stallRate,62.2999999523163,36.2891191781677,TheEmptinessMachine,Westwood,RB,HTTP/1.1
2025-05-01 01:19:19,stallRate,66.3010001182556,33.4981718295382,TheEmptinessMachine,Westwood,RB,HTTP/1.1
2025-05-01 01:19:21,stallRate,68.3010001182556,32.2545085541887,TheEmptinessMachine,Westwood,RB,HTTP/1.1
2025-05-01 01:19:23,stallRate,70.2999999523163,31.1058668273497,TheEmptinessMachine,Westwood,RB,HTTP/1.1
2025-05-01 01:19:25,stallRate,72.2999999523163,30.0316663274976,TheEmptinessMachine,Westwood,RB,HTTP/1.1
2025-05-01 01:19:27,stallRate,74.2999999523163,29.0253438386885,TheEmptinessMachine,Westwood,RB,HTTP/1.1
2025-05-01 01:19:29,stallRate,76.2999999523163,28.0910404953305,TheEmptinessMachine,Westwood,RB,HTTP/1.1
2025-05-01 01:19:31,stallRate,78.3010001182556,27.2118175180793,TheEmptinessMachine,Westwood,RB,HTTP/1.1
2025-05-01 01:19:33,stallRate,80.2999999523163,26.3936327893068,TheEmptinessMachine,Westwood,RB,HTTP/1.1
2025-05-01 01:19:35,stallRate,82.2999999523163,25.6196696045789,TheEmptinessMachine,Westwood,RB,HTTP/1.1
2025-05-01 01:19:37,stallRate,84.2999999523163,24.8865671894916,TheEmptinessMachine,Westwood,RB,HTTP/1.1
2025-05-01 01:19:39,stallRate,86.2999999523163,24.1908945073431,TheEmptinessMachine,Westwood,RB,HTTP/1.1
2025-05-01 01:19:41,stallRate,88.2999999523163,23.5382539090204,TheEmptinessMachine,Westwood,RB,HTTP/1.1
2025-05-01 01:19:43,stallRate,90.2999999523163,22.9212489497057,TheEmptinessMachine,Westwood,RB,HTTP/1.1
2025-05-01 01:19:45,stallRate,92.2999999523163,22.3356705219412,TheEmptinessMachine,Westwood,RB,HTTP/1.1
2025-05-01 01:19:47,stallRate,94.3010001182556,21.7781145302211,TheEmptinessMachine,Westwood,RB,HTTP/1.1
2025-05-01 01:19:49,stallRate,96.2999999523163,21.2458734738219,TheEmptinessMachine,Westwood,RB,HTTP/1.1
2025-05-01 01:19:51,stallRate,98.2999999523163,20.7413750062255,TheEmptinessMachine,Westwood,RB,HTTP/1.1
2025-05-01 01:19:53,stallRate,100.301000118256,20.2609105055372,TheEmptinessMachine,Westwood,RB,HTTP/1.1
2025-05-01 01:19:55,stallRate,102.301000118256,19.8000916508114,TheEmptinessMachine,Westwood,RB,HTTP/1.1
2025-05-01 01:19:57,stallRate,104.299999952316,19.3592478737309,TheEmptinessMachine,Westwood,RB,HTTP/1.1
2025-05-01 01:19:59,stallRate,106.299999952316,18.9384540763618,TheEmptinessMachine,Westwood,RB,HTTP/1.1
2025-05-01 01:20:01,stallRate,108.299999952316,18.5343507872916,TheEmptinessMachine,Westwood,RB,HTTP/1.1
2025-05-01 01:20:03,stallRate,110.299999952316,18.1490848469977,TheEmptinessMachine,Westwood,RB,HTTP/1.1
2025-05-01 01:20:05,stallRate,112.301000118256,17.7800991846611,TheEmptinessMachine,Westwood,RB,HTTP/1.1
2025-05-01 01:20:07,stallRate,114.299999952316,17.4263800667403,TheEmptinessMachine,Westwood,RB,HTTP/1.1
2025-05-01 01:20:09,stallRate,116.299999952316,17.0815540292846,TheEmptinessMachine,Westwood,RB,HTTP/1.1
2025-05-01 01:20:11,stallRate,118.299999952316,16.7533000219466,TheEmptinessMachine,Westwood,RB,HTTP/1.1
2025-05-01 01:20:13,stallRate,120.299999952316,16.4381994562071,TheEmptinessMachine,Westwood,RB,HTTP/1.1
2025-05-01 01:20:15,stallRate,122.299999952316,16.1336410765445,TheEmptinessMachine,Westwood,RB,HTTP/1.1
2025-05-01 01:20:17,stallRate,124.299999952316,15.84122204928,TheEmptinessMachine,Westwood,RB,HTTP/1.1
2025-05-01 01:20:19,stallRate,126.299999952316,15.5579037234295,TheEmptinessMachine,Westwood,RB,HTTP/1.1
2025-05-01 01:20:21,stallRate,128.299999952316,15.2843034306935,TheEmptinessMachine,Westwood,RB,HTTP/1.1
2025-05-01 01:20:23,stallRate,130.299999952316,15.0208029461418,TheEmptinessMachine,Westwood,RB,HTTP/1.1
2025-05-01 01:20:25,stallRate,132.299999952316,14.7668533416149,TheEmptinessMachine,Westwood,RB,HTTP/1.1
2025-05-01 01:20:27,stallRate,134.301000118256,14.5212470300185,TheEmptinessMachine,Westwood,RB,HTTP/1.1
2025-05-01 01:20:29,stallRate,136.299999952316,14.2835308652329,TheEmptinessMachine,Westwood,RB,HTTP/1.1
2025-05-01 01:20:31,stallRate,138.299999952316,14.0524210198198,TheEmptinessMachine,Westwood,RB,HTTP/1.1
2025-05-01 01:20:33,stallRate,140.299999952316,13.8287130058724,TheEmptinessMachine,Westwood,RB,HTTP/1.1
2025-05-01 01:20:35,stallRate,142.301000118256,13.6137268035914,TheEmptinessMachine,Westwood,RB,HTTP/1.1
2025-05-01 01:20:37,stallRate,144.301000118256,13.404518892225,TheEmptinessMachine,Westwood,RB,HTTP/1.1
2025-05-01 01:20:39,stallRate,146.299999952316,13.2014021065827,TheEmptinessMachine,Westwood,RB,HTTP/1.1
2025-05-01 01:20:41,stallRate,148.299999952316,13.0044808728054,TheEmptinessMachine,Westwood,RB,HTTP/1.1
2025-05-01 01:20:43,stallRate,150.299999952316,12.8126492576623,TheEmptinessMachine,Westwood,RB,HTTP/1.1
2025-05-01 01:20:45,stallRate,152.299999952316,12.6280682645569,TheEmptinessMachine,Westwood,RB,HTTP/1.1
2025-05-01 01:20:47,stallRate,154.299999952316,12.4480564269619,TheEmptinessMachine,Westwood,RB,HTTP/1.1
2025-05-01 01:20:49,stallRate,156.299999952316,12.272389000138,TheEmptinessMachine,Westwood,RB,HTTP/1.1
2025-05-01 01:20:51,stallRate,158.301000118256,12.1014273290963,TheEmptinessMachine,Westwood,RB,HTTP/1.1
2025-05-01 01:20:53,stallRate,160.299999952316,11.9356325365932,TheEmptinessMachine,Westwood,RB,HTTP/1.1
2025-05-01 01:20:55,stallRate,162.299999952316,11.7747332838519,TheEmptinessMachine,Westwood,RB,HTTP/1.1
2025-05-01 01:20:57,stallRate,164.299999952316,11.6183821132658,TheEmptinessMachine,Westwood,RB,HTTP/1.1
2025-05-01 01:20:59,stallRate,166.299999952316,11.4648571645709,TheEmptinessMachine,Westwood,RB,HTTP/1.1
2025-05-01 01:21:01,stallRate,168.299999952316,11.3157139495004,TheEmptinessMachine,Westwood,RB,HTTP/1.1
2025-05-01 01:21:03,stallRate,170.301000118256,11.1704753130477,TheEmptinessMachine,Westwood,RB,HTTP/1.1
2025-05-01 01:21:05,stallRate,172.301000118256,11.0291041819063,TheEmptinessMachine,Westwood,RB,HTTP/1.1
2025-05-01 01:21:07,stallRate,174.301000118256,10.8916177015572,TheEmptinessMachine,Westwood,RB,HTTP/1.1
2025-05-01 01:21:09,stallRate,176.301000118256,10.7574862366748,TheEmptinessMachine,Westwood,RB,HTTP/1.1
2025-05-01 01:21:11,stallRate,178.301000118256,10.6264446056512,TheEmptinessMachine,Westwood,RB,HTTP/1.1
2025-05-01 01:21:13,stallRate,180.299999952316,10.4988104509904,TheEmptinessMachine,Westwood,RB,HTTP/1.1
2025-05-01 01:21:15,stallRate,182.299999952316,10.3735791668682,TheEmptinessMachine,Westwood,RB,HTTP/1.1
2025-05-01 01:21:17,stallRate,184.299999952316,10.2518499581746,TheEmptinessMachine,Westwood,RB,HTTP/1.1
2025-05-01 01:21:19,stallRate,186.299999952316,10.1331357911459,TheEmptinessMachine,Westwood,RB,HTTP/1.1
2025-05-01 01:21:21,stallRate,188.299999952316,10.0165170544835,TheEmptinessMachine,Westwood,RB,HTTP/1.1
2025-05-01 01:21:23,stallRate,190.301000118256,9.90235088046798,TheEmptinessMachine,Westwood,RB,HTTP/1.1
2025-05-01 01:21:25,stallRate,192.301000118256,9.79108064735033,TheEmptinessMachine,Westwood,RB,HTTP/1.1
2025-05-01 01:21:27,stallRate,194.299999952316,9.68195642320971,TheEmptinessMachine,Westwood,RB,HTTP/1.1
2025-05-01 01:21:29,stallRate,196.299999952316,9.57520642745549,TheEmptinessMachine,Westwood,RB,HTTP/1.1
2025-05-01 01:22:22,stallRate,6.10199999809265,0.0,TheEmptinessMachine,Westwood,RB,HTTP/2
2025-05-01 01:22:24,stallRate,8.1010000705719,0.0,TheEmptinessMachine,Westwood,RB,HTTP/2
2025-05-01 01:22:26,stallRate,10.1010000705719,0.0,TheEmptinessMachine,Westwood,RB,HTTP/2
2025-05-01 01:22:28,stallRate,12.1010000705719,0.0,TheEmptinessMachine,Westwood,RB,HTTP/2
2025-05-01 01:22:30,stallRate,14.1010000705719,0.0,TheEmptinessMachine,Westwood,RB,HTTP/2
2025-05-01 01:22:32,stallRate,16.1010000705719,0.0,TheEmptinessMachine,Westwood,RB,HTTP/2
2025-05-01 01:22:34,stallRate,18.1010000705719,0.0,TheEmptinessMachine,Westwood,RB,HTTP/2
2025-05-01 01:22:36,stallRate,20.1010000705719,0.0,TheEmptinessMachine,Westwood,RB,HTTP/2
2025-05-01 01:22:38,stallRate,22.1010000705719,1.56060320696246,TheEmptinessMachine,Westwood,RB,HTTP/2
2025-05-01 01:22:40,stallRate,24.1010000705719,1.39501595277654,TheEmptinessMachine,Westwood,RB,HTTP/2
2025-05-01 01:22:42,stallRate,26.1010000705719,1.26147692183132,TheEmptinessMachine,Westwood,RB,HTTP/2
2025-05-01 01:22:44,stallRate,28.1010000705719,1.15204910550177,TheEmptinessMachine,Westwood,RB,HTTP/2
2025-05-01 01:22:46,stallRate,30.1010000705719,1.05968649960609,TheEmptinessMachine,Westwood,RB,HTTP/2
2025-05-01 01:23:02,stallRate,46.1010000705719,4.38256757305698,TheEmptinessMachine,Westwood,RB,HTTP/2
2025-05-01 01:23:04,stallRate,48.1010000705719,4.11557915527915,TheEmptinessMachine,Westwood,RB,HTTP/2
2025-05-01 01:23:06,stallRate,50.1010000705719,3.87724480239354,TheEmptinessMachine,Westwood,RB,HTTP/2
2025-05-01 01:23:08,stallRate,52.1010000705719,3.6619938356503,TheEmptinessMachine,Westwood,RB,HTTP/2
2025-05-01 01:23:10,stallRate,54.1010000705719,3.46839692930884,TheEmptinessMachine,Westwood,RB,HTTP/2
2025-05-01 01:23:12,stallRate,56.1010000705719,3.29286870549487,TheEmptinessMachine,Westwood,RB,HTTP/2
2025-05-01 01:23:14,stallRate,58.1010000705719,3.13533327265983,TheEmptinessMachine,Westwood,RB,HTTP/2
2025-05-01 01:23:16,stallRate,60.1010000705719,2.9934987040358,TheEmptinessMachine,Westwood,RB,HTTP/2
2025-05-01 01:23:18,stallRate,62.1010000705719,2.86350164233032,TheEmptinessMachine,Westwood,RB,HTTP/2
2025-05-01 01:23:20,stallRate,64.1010000705719,2.74410122171444,TheEmptinessMachine,Westwood,RB,HTTP/2
2025-05-01 01:23:22,stallRate,66.1010000705719,2.63454468636433,TheEmptinessMachine,Westwood,RB,HTTP/2
2025-05-01 01:23:24,stallRate,68.1010000705719,2.53344177688679,TheEmptinessMachine,Westwood,RB,HTTP/2
2025-05-01 01:23:26,stallRate,70.1010000705719,2.4398421622913,TheEmptinessMachine,Westwood,RB,HTTP/2
2025-05-01 01:23:28,stallRate,72.1010000705719,2.3530949758473,TheEmptinessMachine,Westwood,RB,HTTP/2
2025-05-01 01:23:30,stallRate,74.1010000705719,2.2719644542875,TheEmptinessMachine,Westwood,RB,HTTP/2
2025-05-01 01:23:32,stallRate,76.1010000705719,2.196157946352,TheEmptinessMachine,Westwood,RB,HTTP/2
2025-05-01 01:23:34,stallRate,78.1010000705719,2.12542913912318,TheEmptinessMachine,Westwood,RB,HTTP/2
2025-05-01 01:23:36,stallRate,80.0999999046326,3.15542510593834,TheEmptinessMachine,Westwood,RB,HTTP/2
2025-05-01 01:23:38,stallRate,82.1010000705719,3.0599687156426,TheEmptinessMachine,Westwood,RB,HTTP/2
2025-05-01 01:23:40,stallRate,84.1010000705719,2.96978102459827,TheEmptinessMachine,Westwood,RB,HTTP/2
2025-05-01 01:23:42,stallRate,86.1010000705719,2.88590410896936,TheEmptinessMachine,Westwood,RB,HTTP/2
2025-05-01 01:23:44,stallRate,88.0999999046326,2.80585894640943,TheEmptinessMachine,Westwood,RB,HTTP/2
2025-05-01 01:23:46,stallRate,90.1010000705719,2.73022024068646,TheEmptinessMachine,Westwood,RB,HTTP/2
2025-05-01 01:23:48,stallRate,92.1010000705719,2.65783814508995,TheEmptinessMachine,Westwood,RB,HTTP/2
2025-05-01 01:23:52,stallRate,96.0999999046326,3.88796436106186,TheEmptinessMachine,Westwood,RB,HTTP/2
2025-05-01 01:23:54,stallRate,98.1010000705719,3.79310140734576,TheEmptinessMachine,Westwood,RB,HTTP/2
2025-05-01 01:23:56,stallRate,100.101000070572,3.7030898114951,TheEmptinessMachine,Westwood,RB,HTTP/2
2025-05-01 01:23:58,stallRate,102.101000070572,3.61741122532312,TheEmptinessMachine,Westwood,RB,HTTP/2
2025-05-01 01:24:00,stallRate,104.101000070572,3.5352471840029,TheEmptinessMachine,Westwood,RB,HTTP/2
2025-05-01 01:24:02,stallRate,106.101000070572,3.4565297382623,TheEmptinessMachine,Westwood,RB,HTTP/2
2025-05-01 01:24:04,stallRate,108.101000070572,3.38188244594527,TheEmptinessMachine,Westwood,RB,HTTP/2
2025-05-01 01:24:06,stallRate,110.101000070572,3.31009416116749,TheEmptinessMachine,Westwood,RB,HTTP/2
2025-05-01 01:24:08,stallRate,112.101000070572,3.24104472527144,TheEmptinessMachine,Westwood,RB,HTTP/2
2025-05-01 01:24:10,stallRate,114.101000070572,3.17458431023006,TheEmptinessMachine,Westwood,RB,HTTP/2
2025-05-01 01:24:12,stallRate,116.101000070572,3.11115846762363,TheEmptinessMachine,Westwood,RB,HTTP/2
2025-05-01 01:24:14,stallRate,118.101000070572,3.05039659465905,TheEmptinessMachine,Westwood,RB,HTTP/2
2025-05-01 01:24:16,stallRate,120.099999904633,2.99170994926247,TheEmptinessMachine,Westwood,RB,HTTP/2
2025-05-01 01:24:18,stallRate,122.101000070572,2.93519998960432,TheEmptinessMachine,Westwood,RB,HTTP/2
2025-05-01 01:24:20,stallRate,124.101000070572,2.88117383607476,TheEmptinessMachine,Westwood,RB,HTTP/2
2025-05-01 01:24:22,stallRate,126.101000070572,2.82887710409899,TheEmptinessMachine,Westwood,RB,HTTP/2
2025-05-01 01:24:24,stallRate,128.101000070572,2.77837889558247,TheEmptinessMachine,Westwood,RB,HTTP/2
2025-05-01 01:24:26,stallRate,130.101000070572,2.72970061242886,TheEmptinessMachine,Westwood,RB,HTTP/2
2025-05-01 01:24:28,stallRate,132.101000070572,2.68278841100261,TheEmptinessMachine,Westwood,RB,HTTP/2
2025-05-01 01:24:30,stallRate,134.101000070572,2.63726515959339,TheEmptinessMachine,Westwood,RB,HTTP/2
2025-05-01 01:24:32,stallRate,136.101000070572,2.59320468970647,TheEmptinessMachine,Westwood,RB,HTTP/2
2025-05-01 01:24:34,stallRate,138.101000070572,2.55071098182541,TheEmptinessMachine,Westwood,RB,HTTP/2
2025-05-01 01:24:36,stallRate,140.101000070572,2.50962922964417,TheEmptinessMachine,Westwood,RB,HTTP/2
2025-05-01 01:24:38,stallRate,142.101000070572,2.46983157352793,TheEmptinessMachine,Westwood,RB,HTTP/2
2025-05-01 01:24:40,stallRate,144.101000070572,2.43136907320627,TheEmptinessMachine,Westwood,RB,HTTP/2
2025-05-01 01:24:42,stallRate,146.101000070572,2.39374845683996,TheEmptinessMachine,Westwood,RB,HTTP/2
2025-05-01 01:24:44,stallRate,148.101000070572,2.35763757206882,TheEmptinessMachine,Westwood,RB,HTTP/2
2025-05-01 01:24:46,stallRate,150.101000070572,2.32266141531779,TheEmptinessMachine,Westwood,RB,HTTP/2
2025-05-01 01:24:48,stallRate,152.101000070572,2.28837321623578,TheEmptinessMachine,Westwood,RB,HTTP/2
2025-05-01 01:24:50,stallRate,154.101999998093,2.2552009621908,TheEmptinessMachine,Westwood,RB,HTTP/2
2025-05-01 01:24:52,stallRate,156.101000070572,2.22288074254019,TheEmptinessMachine,Westwood,RB,HTTP/2
2025-05-01 01:24:54,stallRate,158.101000070572,2.1917809607385,TheEmptinessMachine,Westwood,RB,HTTP/2
2025-05-01 01:24:56,stallRate,160.101000070572,2.16124938284343,TheEmptinessMachine,Westwood,RB,HTTP/2
2025-05-01 01:24:58,stallRate,162.101000070572,2.13181969435687,TheEmptinessMachine,Westwood,RB,HTTP/2
2025-05-01 01:25:00,stallRate,164.101999998093,2.10290069853151,TheEmptinessMachine,Westwood,RB,HTTP/2
2025-05-01 01:25:02,stallRate,166.101000070572,2.07503920313015,TheEmptinessMachine,Westwood,RB,HTTP/2
2025-05-01 01:25:04,stallRate,168.101000070572,2.04775318884925,TheEmptinessMachine,Westwood,RB,HTTP/2
2025-05-01 01:25:06,stallRate,170.101000070572,2.02113629923801,TheEmptinessMachine,Westwood,RB,HTTP/2
2025-05-01 01:25:08,stallRate,172.101000070572,1.9952397011887,TheEmptinessMachine,Westwood,RB,HTTP/2
2025-05-01 01:25:10,stallRate,174.101000070572,1.96991189486446,TheEmptinessMachine,Westwood,RB,HTTP/2
2025-05-01 01:25:12,stallRate,176.101000070572,1.94534711364506,TheEmptinessMachine,Westwood,RB,HTTP/2
2025-05-01 01:25:14,stallRate,178.101000070572,1.92130150170874,TheEmptinessMachine,Westwood,RB,HTTP/2
2025-05-01 01:25:16,stallRate,180.101000070572,1.8978965765732,TheEmptinessMachine,Westwood,RB,HTTP/2
2025-05-01 01:25:18,stallRate,182.101000070572,1.87506531213152,TheEmptinessMachine,Westwood,RB,HTTP/2
2025-05-01 01:25:20,stallRate,184.101000070572,1.85264495314493,TheEmptinessMachine,Westwood,RB,HTTP/2
2025-05-01 01:25:22,stallRate,186.101000070572,1.83095174007722,TheEmptinessMachine,Westwood,RB,HTTP/2
2025-05-01 01:25:24,stallRate,188.101000070572,1.80971189155952,TheEmptinessMachine,Westwood,RB,HTTP/2
2025-05-01 01:25:26,stallRate,190.101000070572,1.78898647747646,TheEmptinessMachine,Westwood,RB,HTTP/2
2025-05-01 01:25:28,stallRate,192.101000070572,1.76863745155899,TheEmptinessMachine,Westwood,RB,HTTP/2
2025-05-01 01:25:30,stallRate,194.101000070572,1.74882768157211,TheEmptinessMachine,Westwood,RB,HTTP/2
2025-05-01 01:25:32,stallRate,196.101000070572,1.72937816895262,TheEmptinessMachine,Westwood,RB,HTTP/2
2025-05-01 01:25:34,stallRate,198.101000070572,1.71039187447381,TheEmptinessMachine,Westwood,RB,HTTP/2
2025-05-01 01:25:36,stallRate,200.099999904633,1.69174825860841,TheEmptinessMachine,Westwood,RB,HTTP/2
2025-05-01 01:25:38,stallRate,202.101000070572,1.67349799445077,TheEmptinessMachine,Westwood,RB,HTTP/2
2025-05-01 01:25:40,stallRate,204.101000070572,1.65579513945444,TheEmptinessMachine,Westwood,RB,HTTP/2
2025-05-01 01:25:42,stallRate,206.101000070572,1.63840858122988,TheEmptinessMachine,Westwood,RB,HTTP/2
2025-05-01 01:25:44,stallRate,208.101000070572,1.62140546743533,TheEmptinessMachine,Westwood,RB,HTTP/2
2025-05-01 01:25:46,stallRate,210.101000070572,1.60466958954058,TheEmptinessMachine,Westwood,RB,HTTP/2
2025-05-01 01:26:22,stallRate,10.1039998531342,0.0,TheEmptinessMachine,Westwood,RB,HTTP/3
2025-05-01 01:26:26,stallRate,14.1039998531342,0.0,TheEmptinessMachine,Westwood,RB,HTTP/3
2025-05-01 01:26:28,stallRate,16.1029999256134,0.0,TheEmptinessMachine,Westwood,RB,HTTP/3
2025-05-01 01:26:30,stallRate,18.1039998531342,0.0,TheEmptinessMachine,Westwood,RB,HTTP/3
2025-05-01 01:26:40,stallRate,28.1039998531342,2.80750160381691,TheEmptinessMachine,Westwood,RB,HTTP/3
2025-05-01 01:26:42,stallRate,30.1039998531342,2.35243553372947,TheEmptinessMachine,Westwood,RB,HTTP/3
2025-05-01 01:26:44,stallRate,32.1039998531342,2.81124129840031,TheEmptinessMachine,Westwood,RB,HTTP/3
2025-05-01 01:26:46,stallRate,34.1039998531342,2.45188135258543,TheEmptinessMachine,Westwood,RB,HTTP/3
2025-05-01 01:26:48,stallRate,36.1039998531342,2.17799322728633,TheEmptinessMachine,Westwood,RB,HTTP/3
2025-05-01 01:26:50,stallRate,38.1039998531342,1.95777717104117,TheEmptinessMachine,Westwood,RB,HTTP/3
2025-05-01 01:26:52,stallRate,40.1039998531342,1.77655319441625,TheEmptinessMachine,Westwood,RB,HTTP/3
2025-05-01 01:26:54,stallRate,42.1029999256134,1.62743141794241,TheEmptinessMachine,Westwood,RB,HTTP/3
2025-05-01 01:26:56,stallRate,44.1039998531342,4.57093918054281,TheEmptinessMachine,Westwood,RB,HTTP/3
2025-05-01 01:26:58,stallRate,46.1029999256134,4.24032324959734,TheEmptinessMachine,Westwood,RB,HTTP/3
2025-05-01 01:27:00,stallRate,48.1039998531342,3.95616284969982,TheEmptinessMachine,Westwood,RB,HTTP/3
2025-05-01 01:27:02,stallRate,50.1039998531342,3.70710240919716,TheEmptinessMachine,Westwood,RB,HTTP/3
2025-05-01 01:27:04,stallRate,52.1039998531342,3.4867371173022,TheEmptinessMachine,Westwood,RB,HTTP/3
2025-05-01 01:27:06,stallRate,54.1039998531342,3.29280697364202,TheEmptinessMachine,Westwood,RB,HTTP/3
2025-05-01 01:27:08,stallRate,56.1039998531342,3.11684737767273,TheEmptinessMachine,Westwood,RB,HTTP/3
2025-05-01 01:27:10,stallRate,58.1039998531342,2.96050697293396,TheEmptinessMachine,Westwood,RB,HTTP/3
2025-05-01 01:27:12,stallRate,60.1039998531342,2.81928761894523,TheEmptinessMachine,Westwood,RB,HTTP/3
2025-05-01 01:27:18,stallRate,66.1039998531342,11.8579494426348,TheEmptinessMachine,Westwood,RB,HTTP/3
2025-05-01 01:27:20,stallRate,68.1029999256134,11.3709193735184,TheEmptinessMachine,Westwood,RB,HTTP/3
2025-05-01 01:27:22,stallRate,70.1039998531342,10.9223653891729,TheEmptinessMachine,Westwood,RB,HTTP/3
2025-05-01 01:27:24,stallRate,72.1039998531342,10.5026474480329,TheEmptinessMachine,Westwood,RB,HTTP/3
2025-05-01 01:27:26,stallRate,74.1029999256134,10.1194587302302,TheEmptinessMachine,Westwood,RB,HTTP/3
2025-05-01 01:27:28,stallRate,76.1039998531342,9.7606824800329,TheEmptinessMachine,Westwood,RB,HTTP/3
2025-05-01 01:27:30,stallRate,78.1029999256134,9.42796625559224,TheEmptinessMachine,Westwood,RB,HTTP/3
2025-05-01 01:27:32,stallRate,80.1039998531342,9.11693735417941,TheEmptinessMachine,Westwood,RB,HTTP/3
2025-05-01 01:27:34,stallRate,82.1039998531342,8.82312266456203,TheEmptinessMachine,Westwood,RB,HTTP/3
2025-05-01 01:27:36,stallRate,84.1029999256134,9.18017208684268,TheEmptinessMachine,Westwood,RB,HTTP/3
2025-05-01 01:27:38,stallRate,86.1029999256134,8.90378516926194,TheEmptinessMachine,Westwood,RB,HTTP/3
2025-05-01 01:27:40,stallRate,88.1039998531342,8.64272025227713,TheEmptinessMachine,Westwood,RB,HTTP/3
2025-05-01 01:27:48,stallRate,96.1039998531342,9.31626725039287,TheEmptinessMachine,Westwood,RB,HTTP/3
2025-05-01 01:27:50,stallRate,98.1039998531342,9.06634617101145,TheEmptinessMachine,Westwood,RB,HTTP/3
2025-05-01 01:27:52,stallRate,100.105999946594,8.8323205504971,TheEmptinessMachine,Westwood,RB,HTTP/3
2025-05-01 01:27:54,stallRate,102.103999853134,8.60831960171085,TheEmptinessMachine,Westwood,RB,HTTP/3
2025-05-01 01:27:56,stallRate,104.103999853134,8.39582793718627,TheEmptinessMachine,Westwood,RB,HTTP/3
2025-05-01 01:27:58,stallRate,106.103999853134,8.19420964479881,TheEmptinessMachine,Westwood,RB,HTTP/3
2025-05-01 01:28:00,stallRate,108.102999925613,8.00058845947963,TheEmptinessMachine,Westwood,RB,HTTP/3
2025-05-01 01:28:02,stallRate,110.102999925613,7.81782983840403,TheEmptinessMachine,Westwood,RB,HTTP/3
2025-05-01 01:28:04,stallRate,112.103999853134,7.64366371017348,TheEmptinessMachine,Westwood,RB,HTTP/3
2025-05-01 01:28:06,stallRate,114.102999925613,7.4753892789675,TheEmptinessMachine,Westwood,RB,HTTP/3
2025-05-01 01:28:08,stallRate,116.109999895096,7.31435123056723,TheEmptinessMachine,Westwood,RB,HTTP/3
2025-05-01 01:28:10,stallRate,118.103999853134,7.15993301319953,TheEmptinessMachine,Westwood,RB,HTTP/3
2025-05-01 01:28:12,stallRate,120.103999853134,7.0138765355443,TheEmptinessMachine,Westwood,RB,HTTP/3
2025-05-01 01:28:14,stallRate,122.102999925613,6.87300185073237,TheEmptinessMachine,Westwood,RB,HTTP/3
2025-05-01 01:28:16,stallRate,124.103999853134,6.73621292965184,TheEmptinessMachine,Westwood,RB,HTTP/3
2025-05-01 01:28:18,stallRate,126.103999853134,6.60658861930775,TheEmptinessMachine,Westwood,RB,HTTP/3
2025-05-01 01:28:20,stallRate,128.103999853134,6.48143928270506,TheEmptinessMachine,Westwood,RB,HTTP/3
2025-05-01 01:28:22,stallRate,130.102999925613,6.3599569556397,TheEmptinessMachine,Westwood,RB,HTTP/3
2025-05-01 01:28:24,stallRate,132.103999853134,6.24398904759112,TheEmptinessMachine,Westwood,RB,HTTP/3
2025-05-01 01:28:26,stallRate,134.103999853134,6.13025948840614,TheEmptinessMachine,Westwood,RB,HTTP/3
2025-05-01 01:28:28,stallRate,136.103999853134,6.02299055125541,TheEmptinessMachine,Westwood,RB,HTTP/3
2025-05-01 01:28:30,stallRate,138.103999853134,5.91852563037118,TheEmptinessMachine,Westwood,RB,HTTP/3
2025-05-01 01:28:32,stallRate,140.103999853134,5.81726079354393,TheEmptinessMachine,Westwood,RB,HTTP/3
2025-05-01 01:28:34,stallRate,142.102999925613,5.71941255415659,TheEmptinessMachine,Westwood,RB,HTTP/3
2025-05-01 01:28:36,stallRate,144.103999853134,5.62421352474741,TheEmptinessMachine,Westwood,RB,HTTP/3
2025-05-01 01:28:38,stallRate,146.102999925613,5.53303674827257,TheEmptinessMachine,Westwood,RB,HTTP/3
2025-05-01 01:28:40,stallRate,148.103999853134,5.4450415621138,TheEmptinessMachine,Westwood,RB,HTTP/3
2025-05-01 01:28:42,stallRate,150.103999853134,5.35894700985462,TheEmptinessMachine,Westwood,RB,HTTP/3
2025-05-01 01:28:48,stallRate,156.102999925613,6.92808286286377,TheEmptinessMachine,Westwood,RB,HTTP/3
2025-05-01 01:28:50,stallRate,158.102999925613,6.82628230843743,TheEmptinessMachine,Westwood,RB,HTTP/3
2025-05-01 01:28:52,stallRate,160.103999853134,6.72650533897618,TheEmptinessMachine,Westwood,RB,HTTP/3
2025-05-01 01:28:54,stallRate,162.103999853134,6.63008617884619,TheEmptinessMachine,Westwood,RB,HTTP/3
2025-05-01 01:28:56,stallRate,164.103999853134,6.53624522662761,TheEmptinessMachine,Westwood,RB,HTTP/3
2025-05-01 01:28:58,stallRate,166.103999853134,6.44434527525428,TheEmptinessMachine,Westwood,RB,HTTP/3
2025-05-01 01:29:00,stallRate,168.103999853134,6.3558520554601,TheEmptinessMachine,Westwood,RB,HTTP/3
2025-05-01 01:29:02,stallRate,170.103999853134,6.26938387167834,TheEmptinessMachine,Westwood,RB,HTTP/3
2025-05-01 01:29:04,stallRate,172.103999853134,6.18557632629798,TheEmptinessMachine,Westwood,RB,HTTP/3
2025-05-01 01:29:06,stallRate,174.103999853134,6.10351868528089,TheEmptinessMachine,Westwood,RB,HTTP/3
2025-05-01 01:29:08,stallRate,176.103999853134,6.02310451194569,TheEmptinessMachine,Westwood,RB,HTTP/3
2025-05-01 01:29:10,stallRate,178.103999853134,5.94588974842562,TheEmptinessMachine,Westwood,RB,HTTP/3
2025-05-01 01:29:12,stallRate,180.103999853134,5.87072712569169,TheEmptinessMachine,Westwood,RB,HTTP/3
2025-05-01 01:29:14,stallRate,182.102999925613,5.79678150845915,TheEmptinessMachine,Westwood,RB,HTTP/3
2025-05-01 01:29:16,stallRate,184.103999853134,5.72517832378558,TheEmptinessMachine,Westwood,RB,HTTP/3
2025-05-01 01:29:18,stallRate,186.103999853134,5.65432613705938,TheEmptinessMachine,Westwood,RB,HTTP/3
2025-05-01 01:29:20,stallRate,188.103999853134,5.61123234993559,TheEmptinessMachine,Westwood,RB,HTTP/3
2025-05-01 01:29:22,stallRate,190.103999853134,5.54424040824,TheEmptinessMachine,Westwood,RB,HTTP/3
2025-05-01 01:29:24,stallRate,192.103999853134,5.47806171751389,TheEmptinessMachine,Westwood,RB,HTTP/3
2025-05-01 01:29:26,stallRate,194.104999780655,5.41429235201931,TheEmptinessMachine,Westwood,RB,HTTP/3
2025-05-01 01:29:28,stallRate,196.103999853134,5.35124379150488,TheEmptinessMachine,Westwood,RB,HTTP/3
2025-05-01 01:29:30,stallRate,198.103999853134,5.2907150115127,TheEmptinessMachine,Westwood,RB,HTTP/3
2025-05-01 01:29:36,stallRate,204.103999853134,6.91812559006494,TheEmptinessMachine,Westwood,RB,HTTP/3
2025-05-01 01:29:38,stallRate,206.103999853134,6.84275143956211,TheEmptinessMachine,Westwood,RB,HTTP/3
2025-05-01 01:29:40,stallRate,208.102999925613,6.76849898034946,TheEmptinessMachine,Westwood,RB,HTTP/3
2025-05-01 01:29:42,stallRate,210.103999853134,6.69627946224427,TheEmptinessMachine,Westwood,RB,HTTP/3
2025-05-01 01:29:44,stallRate,212.103999853134,6.62488896944799,TheEmptinessMachine,Westwood,RB,HTTP/3
2025-05-01 01:29:46,stallRate,214.103999853134,6.5557782668907,TheEmptinessMachine,Westwood,RB,HTTP/3
2025-05-01 01:29:48,stallRate,216.103999853134,6.48871045760488,TheEmptinessMachine,Westwood,RB,HTTP/3
2025-05-01 01:30:20,stallRate,2.79500007629395,0.0,TheEmptinessMachine,Westwood,Throughput,HTTP/1.1
2025-05-01 01:30:22,stallRate,4.79500007629395,0.0,TheEmptinessMachine,Westwood,Throughput,HTTP/1.1
2025-05-01 01:30:24,stallRate,6.79500007629395,0.0,TheEmptinessMachine,Westwood,Throughput,HTTP/1.1
2025-05-01 01:30:26,stallRate,8.79399991035461,0.0,TheEmptinessMachine,Westwood,Throughput,HTTP/1.1
2025-05-01 01:30:32,stallRate,14.7939999103546,32.5286622547642,TheEmptinessMachine,Westwood,Throughput,HTTP/1.1
2025-05-01 01:30:38,stallRate,20.7939999103546,44.4824701541466,TheEmptinessMachine,Westwood,Throughput,HTTP/1.1
2025-05-01 01:30:40,stallRate,22.7950000762939,40.5089063467758,TheEmptinessMachine,Westwood,Throughput,HTTP/1.1
2025-05-01 01:30:42,stallRate,24.7939999103546,36.4697467946383,TheEmptinessMachine,Westwood,Throughput,HTTP/1.1
2025-05-01 01:30:44,stallRate,26.7939999103546,33.4597114957995,TheEmptinessMachine,Westwood,Throughput,HTTP/1.1
2025-05-01 01:30:46,stallRate,28.7950000762939,30.6623638450898,TheEmptinessMachine,Westwood,Throughput,HTTP/1.1
2025-05-01 01:30:48,stallRate,30.7950000762939,28.3114407525001,TheEmptinessMachine,Westwood,Throughput,HTTP/1.1
2025-05-01 01:30:50,stallRate,32.7939999103546,26.3006265672147,TheEmptinessMachine,Westwood,Throughput,HTTP/1.1
2025-05-01 01:30:52,stallRate,34.7939999103546,24.5483508371713,TheEmptinessMachine,Westwood,Throughput,HTTP/1.1
2025-05-01 01:30:54,stallRate,36.7939999103546,23.0252398376088,TheEmptinessMachine,Westwood,Throughput,HTTP/1.1
2025-05-01 01:30:56,stallRate,38.7939999103546,21.682216031798,TheEmptinessMachine,Westwood,Throughput,HTTP/1.1
2025-05-01 01:30:58,stallRate,40.7939999103546,20.4820530237312,TheEmptinessMachine,Westwood,Throughput,HTTP/1.1
2025-05-01 01:31:00,stallRate,42.7950000762939,19.4057654583712,TheEmptinessMachine,Westwood,Throughput,HTTP/1.1
2025-05-01 01:31:02,stallRate,44.7939999103546,18.4395826451424,TheEmptinessMachine,Westwood,Throughput,HTTP/1.1
2025-05-01 01:31:04,stallRate,46.7939999103546,17.5621653074088,TheEmptinessMachine,Westwood,Throughput,HTTP/1.1
2025-05-01 01:31:06,stallRate,48.7939999103546,16.7684711728129,TheEmptinessMachine,Westwood,Throughput,HTTP/1.1
2025-05-01 01:31:08,stallRate,50.7939999103546,16.0450143187765,TheEmptinessMachine,Westwood,Throughput,HTTP/1.1
2025-05-01 01:31:10,stallRate,52.7939999103546,15.3783339383573,TheEmptinessMachine,Westwood,Throughput,HTTP/1.1
2025-05-01 01:31:12,stallRate,54.7939999103546,14.7669773446943,TheEmptinessMachine,Westwood,Throughput,HTTP/1.1
2025-05-01 01:31:14,stallRate,56.7939999103546,14.1997669515685,TheEmptinessMachine,Westwood,Throughput,HTTP/1.1
2025-05-01 01:31:16,stallRate,58.7939999103546,13.6767180381497,TheEmptinessMachine,Westwood,Throughput,HTTP/1.1
2025-05-01 01:31:18,stallRate,60.7950000762939,13.1887094193888,TheEmptinessMachine,Westwood,Throughput,HTTP/1.1
2025-05-01 01:31:20,stallRate,62.7939999103546,12.7355105911422,TheEmptinessMachine,Westwood,Throughput,HTTP/1.1
2025-05-01 01:31:22,stallRate,64.7939999103546,12.3107987206459,TheEmptinessMachine,Westwood,Throughput,HTTP/1.1
2025-05-01 01:31:24,stallRate,66.7950000762939,11.915462317641,TheEmptinessMachine,Westwood,Throughput,HTTP/1.1
2025-05-01 01:31:26,stallRate,68.7939999103546,11.5433772594111,TheEmptinessMachine,Westwood,Throughput,HTTP/1.1
2025-05-01 01:31:28,stallRate,70.7950000762939,11.1939933723483,TheEmptinessMachine,Westwood,Throughput,HTTP/1.1
2025-05-01 01:31:30,stallRate,72.7939999103546,10.8656912385593,TheEmptinessMachine,Westwood,Throughput,HTTP/1.1
2025-05-01 01:31:32,stallRate,74.7950000762939,10.5564448975063,TheEmptinessMachine,Westwood,Throughput,HTTP/1.1
2025-05-01 01:31:34,stallRate,76.7939999103546,10.5278943895656,TheEmptinessMachine,Westwood,Throughput,HTTP/1.1
2025-05-01 01:31:36,stallRate,78.7939999103546,10.244203580747,TheEmptinessMachine,Westwood,Throughput,HTTP/1.1
2025-05-01 01:31:38,stallRate,80.7939999103546,9.97435043269988,TheEmptinessMachine,Westwood,Throughput,HTTP/1.1
2025-05-01 01:31:40,stallRate,82.7939999103546,9.72056130264046,TheEmptinessMachine,Westwood,Throughput,HTTP/1.1
2025-05-01 01:31:42,stallRate,84.7950000762939,9.47847848631225,TheEmptinessMachine,Westwood,Throughput,HTTP/1.1
2025-05-01 01:31:44,stallRate,86.7939999103546,9.24729944625589,TheEmptinessMachine,Westwood,Throughput,HTTP/1.1
2025-05-01 01:31:46,stallRate,88.7939999103546,9.02687558391342,TheEmptinessMachine,Westwood,Throughput,HTTP/1.1
2025-05-01 01:31:48,stallRate,90.7939999103546,8.81734497289999,TheEmptinessMachine,Westwood,Throughput,HTTP/1.1
2025-05-01 01:31:50,stallRate,92.7939999103546,9.35116408233313,TheEmptinessMachine,Westwood,Throughput,HTTP/1.1
2025-05-01 01:31:54,stallRate,96.7939999103546,9.37704543112851,TheEmptinessMachine,Westwood,Throughput,HTTP/1.1
2025-05-01 01:31:56,stallRate,98.7939999103546,9.28668739524698,TheEmptinessMachine,Westwood,Throughput,HTTP/1.1
2025-05-01 01:31:58,stallRate,100.793999910355,9.09411994582163,TheEmptinessMachine,Westwood,Throughput,HTTP/1.1
2025-05-01 01:32:00,stallRate,102.793999910355,8.90845952041867,TheEmptinessMachine,Westwood,Throughput,HTTP/1.1
2025-05-01 01:32:02,stallRate,104.793999910355,8.72960296614635,TheEmptinessMachine,Westwood,Throughput,HTTP/1.1
2025-05-01 01:32:04,stallRate,106.793999910355,8.69080512586027,TheEmptinessMachine,Westwood,Throughput,HTTP/1.1
2025-05-01 01:32:06,stallRate,108.793999910355,8.52358129241032,TheEmptinessMachine,Westwood,Throughput,HTTP/1.1
2025-05-01 01:32:08,stallRate,110.793999910355,8.36313406726554,TheEmptinessMachine,Westwood,Throughput,HTTP/1.1
2025-05-01 01:32:10,stallRate,112.793999910355,8.20900566387169,TheEmptinessMachine,Westwood,Throughput,HTTP/1.1
2025-05-01 01:32:12,stallRate,114.793999910355,8.06012327189469,TheEmptinessMachine,Westwood,Throughput,HTTP/1.1
2025-05-01 01:32:14,stallRate,116.795000076294,7.91671650256905,TheEmptinessMachine,Westwood,Throughput,HTTP/1.1
2025-05-01 01:32:16,stallRate,118.793999910355,7.77819295187023,TheEmptinessMachine,Westwood,Throughput,HTTP/1.1
2025-05-01 01:32:18,stallRate,120.793999910355,7.64436124916024,TheEmptinessMachine,Westwood,Throughput,HTTP/1.1
2025-05-01 01:32:20,stallRate,122.793999910355,7.51533021330624,TheEmptinessMachine,Westwood,Throughput,HTTP/1.1
2025-05-01 01:32:22,stallRate,124.793999910355,7.38982430341171,TheEmptinessMachine,Westwood,Throughput,HTTP/1.1
2025-05-01 01:32:24,stallRate,126.793999910355,7.26846998746278,TheEmptinessMachine,Westwood,Throughput,HTTP/1.1
2025-05-01 01:32:26,stallRate,128.793999910355,7.15144504537841,TheEmptinessMachine,Westwood,Throughput,HTTP/1.1
2025-05-01 01:32:28,stallRate,130.793999910355,7.03786747870978,TheEmptinessMachine,Westwood,Throughput,HTTP/1.1
2025-05-01 01:32:30,stallRate,132.793999910355,6.92826676045988,TheEmptinessMachine,Westwood,Throughput,HTTP/1.1
2025-05-01 01:32:32,stallRate,134.793999910355,6.82162806447973,TheEmptinessMachine,Westwood,Throughput,HTTP/1.1
2025-05-01 01:32:34,stallRate,136.793999910355,6.71875368351057,TheEmptinessMachine,Westwood,Throughput,HTTP/1.1
2025-05-01 01:32:36,stallRate,138.793999910355,6.61843080389329,TheEmptinessMachine,Westwood,Throughput,HTTP/1.1
2025-05-01 01:32:38,stallRate,140.793999910355,6.52128217543458,TheEmptinessMachine,Westwood,Throughput,HTTP/1.1
2025-05-01 01:32:40,stallRate,142.793999910355,6.42695330493359,TheEmptinessMachine,Westwood,Throughput,HTTP/1.1
2025-05-01 01:32:42,stallRate,144.793999910355,6.33532092404529,TheEmptinessMachine,Westwood,Throughput,HTTP/1.1
2025-05-01 01:32:44,stallRate,146.793999910355,6.2463933966089,TheEmptinessMachine,Westwood,Throughput,HTTP/1.1
2025-05-01 01:32:46,stallRate,148.793999910355,6.15955539396899,TheEmptinessMachine,Westwood,Throughput,HTTP/1.1
2025-05-01 01:32:48,stallRate,150.793999910355,6.07546581366972,TheEmptinessMachine,Westwood,Throughput,HTTP/1.1
2025-05-01 01:32:50,stallRate,152.793999910355,5.99330955074527,TheEmptinessMachine,Westwood,Throughput,HTTP/1.1
2025-05-01 01:32:52,stallRate,154.793999910355,5.91328671453782,TheEmptinessMachine,Westwood,Throughput,HTTP/1.1
2025-05-01 01:32:54,stallRate,156.793999910355,5.83554440104514,TheEmptinessMachine,Westwood,Throughput,HTTP/1.1
2025-05-01 01:32:56,stallRate,158.793999910355,5.76003244460863,TheEmptinessMachine,Westwood,Throughput,HTTP/1.1
2025-05-01 01:32:58,stallRate,160.793999910355,5.68614943268373,TheEmptinessMachine,Westwood,Throughput,HTTP/1.1
2025-05-01 01:33:00,stallRate,162.793999910355,5.61442293774321,TheEmptinessMachine,Westwood,Throughput,HTTP/1.1
2025-05-01 01:33:02,stallRate,164.793999910355,5.60991479660041,TheEmptinessMachine,Westwood,Throughput,HTTP/1.1
2025-05-01 01:33:06,stallRate,168.793999910355,5.99525072785255,TheEmptinessMachine,Westwood,Throughput,HTTP/1.1
2025-05-01 01:33:08,stallRate,170.793999910355,5.92296480796792,TheEmptinessMachine,Westwood,Throughput,HTTP/1.1
2025-05-01 01:33:10,stallRate,172.793999910355,5.85210327433787,TheEmptinessMachine,Westwood,Throughput,HTTP/1.1
2025-05-01 01:33:12,stallRate,174.793999910355,5.78303570237847,TheEmptinessMachine,Westwood,Throughput,HTTP/1.1
2025-05-01 01:33:14,stallRate,176.793999910355,5.71619415736013,TheEmptinessMachine,Westwood,Throughput,HTTP/1.1
2025-05-01 01:33:16,stallRate,178.795000076294,5.65033935737976,TheEmptinessMachine,Westwood,Throughput,HTTP/1.1
2025-05-01 01:33:18,stallRate,180.793999910355,5.58652219410066,TheEmptinessMachine,Westwood,Throughput,HTTP/1.1
2025-05-01 01:33:20,stallRate,182.793999910355,5.52383176090212,TheEmptinessMachine,Westwood,Throughput,HTTP/1.1
2025-05-01 01:33:22,stallRate,184.793999910355,5.46247255383173,TheEmptinessMachine,Westwood,Throughput,HTTP/1.1
2025-05-01 01:33:24,stallRate,186.793999910355,5.40253259176343,TheEmptinessMachine,Westwood,Throughput,HTTP/1.1
2025-05-01 01:33:26,stallRate,188.793999910355,5.34399651613124,TheEmptinessMachine,Westwood,Throughput,HTTP/1.1
2025-05-01 01:33:28,stallRate,190.793999910355,5.28647399974664,TheEmptinessMachine,Westwood,Throughput,HTTP/1.1
2025-05-01 01:33:30,stallRate,192.793999910355,5.23041797802063,TheEmptinessMachine,Westwood,Throughput,HTTP/1.1
2025-05-01 01:33:32,stallRate,194.793999910355,5.17563658778129,TheEmptinessMachine,Westwood,Throughput,HTTP/1.1
2025-05-01 01:33:34,stallRate,196.793999910355,5.1214193345669,TheEmptinessMachine,Westwood,Throughput,HTTP/1.1
2025-05-01 01:33:36,stallRate,198.793999910355,5.06859711548087,TheEmptinessMachine,Westwood,Throughput,HTTP/1.1
2025-05-01 01:34:19,stallRate,4.11199998855591,0.0,TheEmptinessMachine,Westwood,Throughput,HTTP/2
2025-05-01 01:34:21,stallRate,6.11199998855591,0.0,TheEmptinessMachine,Westwood,Throughput,HTTP/2
2025-05-01 01:34:27,stallRate,12.1110000610352,48.9920893602805,TheEmptinessMachine,Westwood,Throughput,HTTP/2
2025-05-01 01:34:29,stallRate,14.1110000610352,37.702161680451,TheEmptinessMachine,Westwood,Throughput,HTTP/2
2025-05-01 01:34:31,stallRate,16.1110000610352,30.0865630087834,TheEmptinessMachine,Westwood,Throughput,HTTP/2
2025-05-01 01:34:33,stallRate,18.1110000610352,29.0093423610246,TheEmptinessMachine,Westwood,Throughput,HTTP/2
2025-05-01 01:34:37,stallRate,22.1110000610352,27.3338622505372,TheEmptinessMachine,Westwood,Throughput,HTTP/2
2025-05-01 01:34:39,stallRate,24.1119999885559,27.0144090169788,TheEmptinessMachine,Westwood,Throughput,HTTP/2
2025-05-01 01:34:43,stallRate,28.1110000610352,30.7859888030663,TheEmptinessMachine,Westwood,Throughput,HTTP/2
2025-05-01 01:34:45,stallRate,30.1110000610352,28.7136478342191,TheEmptinessMachine,Westwood,Throughput,HTTP/2
2025-05-01 01:34:49,stallRate,34.1110000610352,29.9422297536342,TheEmptinessMachine,Westwood,Throughput,HTTP/2
2025-05-01 01:34:55,stallRate,40.1110000610352,37.2092971442005,TheEmptinessMachine,Westwood,Throughput,HTTP/2
2025-05-01 01:34:57,stallRate,42.1160001754761,36.0193471362701,TheEmptinessMachine,Westwood,Throughput,HTTP/2
2025-05-01 01:34:59,stallRate,44.1110000610352,34.1373539876347,TheEmptinessMachine,Westwood,Throughput,HTTP/2
2025-05-01 01:35:01,stallRate,46.1110000610352,32.4410013078898,TheEmptinessMachine,Westwood,Throughput,HTTP/2
2025-05-01 01:35:03,stallRate,48.1110000610352,30.9012216538446,TheEmptinessMachine,Westwood,Throughput,HTTP/2
2025-05-01 01:35:05,stallRate,50.1110000610352,29.494815802241,TheEmptinessMachine,Westwood,Throughput,HTTP/2
2025-05-01 01:35:07,stallRate,52.1110000610352,28.2161768481161,TheEmptinessMachine,Westwood,Throughput,HTTP/2
2025-05-01 01:35:09,stallRate,54.1110000610352,27.0405465811851,TheEmptinessMachine,Westwood,Throughput,HTTP/2
2025-05-01 01:35:11,stallRate,56.1110000610352,25.9614873604132,TheEmptinessMachine,Westwood,Throughput,HTTP/2
2025-05-01 01:35:13,stallRate,58.1110000610352,24.9653945026353,TheEmptinessMachine,Westwood,Throughput,HTTP/2
2025-05-01 01:35:15,stallRate,60.1110000610352,24.0429447712964,TheEmptinessMachine,Westwood,Throughput,HTTP/2
2025-05-01 01:35:17,stallRate,62.1110000610352,23.1879461751566,TheEmptinessMachine,Westwood,Throughput,HTTP/2
2025-05-01 01:35:19,stallRate,64.1110000610352,22.3883842547091,TheEmptinessMachine,Westwood,Throughput,HTTP/2
2025-05-01 01:35:21,stallRate,66.1110000610352,21.6411543661074,TheEmptinessMachine,Westwood,Throughput,HTTP/2
2025-05-01 01:35:23,stallRate,68.1110000610352,20.9440534339045,TheEmptinessMachine,Westwood,Throughput,HTTP/2
2025-05-01 01:35:25,stallRate,70.1110000610352,20.2919939435713,TheEmptinessMachine,Westwood,Throughput,HTTP/2
2025-05-01 01:35:27,stallRate,72.1119999885559,19.6782233520435,TheEmptinessMachine,Westwood,Throughput,HTTP/2
2025-05-01 01:35:29,stallRate,74.1110000610352,19.1015123625968,TheEmptinessMachine,Westwood,Throughput,HTTP/2
2025-05-01 01:35:31,stallRate,76.1110000610352,18.5570877160649,TheEmptinessMachine,Westwood,Throughput,HTTP/2
2025-05-01 01:35:33,stallRate,78.1110000610352,18.0396239379937,TheEmptinessMachine,Westwood,Throughput,HTTP/2
2025-05-01 01:35:35,stallRate,80.1110000610352,17.5520291956463,TheEmptinessMachine,Westwood,Throughput,HTTP/2
2025-05-01 01:35:37,stallRate,82.1110000610352,17.0929057398176,TheEmptinessMachine,Westwood,Throughput,HTTP/2
2025-05-01 01:35:39,stallRate,84.1110000610352,16.6545665605551,TheEmptinessMachine,Westwood,Throughput,HTTP/2
2025-05-01 01:35:41,stallRate,86.1110000610352,16.2391248838138,TheEmptinessMachine,Westwood,Throughput,HTTP/2
2025-05-01 01:35:43,stallRate,88.1110000610352,15.8423143652106,TheEmptinessMachine,Westwood,Throughput,HTTP/2
2025-05-01 01:35:45,stallRate,90.1110000610352,15.4664231441147,TheEmptinessMachine,Westwood,Throughput,HTTP/2
2025-05-01 01:35:47,stallRate,92.1110000610352,15.1065893740042,TheEmptinessMachine,Westwood,Throughput,HTTP/2
2025-05-01 01:35:49,stallRate,94.1110000610352,14.7648415128194,TheEmptinessMachine,Westwood,Throughput,HTTP/2
2025-05-01 01:35:51,stallRate,96.1110000610352,14.438334118912,TheEmptinessMachine,Westwood,Throughput,HTTP/2
2025-05-01 01:35:53,stallRate,98.1110000610352,14.1244407003369,TheEmptinessMachine,Westwood,Throughput,HTTP/2
2025-05-01 01:35:55,stallRate,100.111000061035,13.8250457716396,TheEmptinessMachine,Westwood,Throughput,HTTP/2
2025-05-01 01:35:57,stallRate,102.111000061035,13.5367583478147,TheEmptinessMachine,Westwood,Throughput,HTTP/2
2025-05-01 01:35:59,stallRate,104.111000061035,13.2593518956467,TheEmptinessMachine,Westwood,Throughput,HTTP/2
2025-05-01 01:36:01,stallRate,106.111000061035,12.9945658824601,TheEmptinessMachine,Westwood,Throughput,HTTP/2
2025-05-01 01:36:03,stallRate,108.111000061035,12.7408281496987,TheEmptinessMachine,Westwood,Throughput,HTTP/2
2025-05-01 01:36:05,stallRate,110.111000061035,12.495621206303,TheEmptinessMachine,Westwood,Throughput,HTTP/2
2025-05-01 01:36:07,stallRate,112.111000061035,12.2595889360264,TheEmptinessMachine,Westwood,Throughput,HTTP/2
2025-05-01 01:36:09,stallRate,114.111000061035,12.0327245190304,TheEmptinessMachine,Westwood,Throughput,HTTP/2
2025-05-01 01:36:11,stallRate,116.111000061035,11.814633872801,TheEmptinessMachine,Westwood,Throughput,HTTP/2
2025-05-01 01:36:13,stallRate,118.111000061035,11.6042465933284,TheEmptinessMachine,Westwood,Throughput,HTTP/2
2025-05-01 01:36:15,stallRate,120.111999988556,11.4008447008448,TheEmptinessMachine,Westwood,Throughput,HTTP/2
2025-05-01 01:36:17,stallRate,122.111000061035,11.2038717262295,TheEmptinessMachine,Westwood,Throughput,HTTP/2
2025-05-01 01:36:19,stallRate,124.111000061035,11.0145708612106,TheEmptinessMachine,Westwood,Throughput,HTTP/2
2025-05-01 01:36:21,stallRate,126.111000061035,10.8307779858377,TheEmptinessMachine,Westwood,Throughput,HTTP/2
2025-05-01 01:36:23,stallRate,128.111000061035,10.652390895008,TheEmptinessMachine,Westwood,Throughput,HTTP/2
2025-05-01 01:36:25,stallRate,130.111000061035,11.3924027454198,TheEmptinessMachine,Westwood,Throughput,HTTP/2
2025-05-01 01:36:27,stallRate,132.111000061035,11.2508685534367,TheEmptinessMachine,Westwood,Throughput,HTTP/2
2025-05-01 01:36:29,stallRate,134.111000061035,11.1922736110401,TheEmptinessMachine,Westwood,Throughput,HTTP/2
2025-05-01 01:36:31,stallRate,136.111999988556,11.018829395879,TheEmptinessMachine,Westwood,Throughput,HTTP/2
2025-05-01 01:36:33,stallRate,138.111000061035,11.6871431625085,TheEmptinessMachine,Westwood,Throughput,HTTP/2
2025-05-01 01:36:35,stallRate,140.111000061035,11.6871431625085,TheEmptinessMachine,Westwood,Throughput,HTTP/2
2025-05-01 01:36:37,stallRate,142.111000061035,11.5626898177223,TheEmptinessMachine,Westwood,Throughput,HTTP/2
2025-05-01 01:36:39,stallRate,144.111000061035,11.3872035057669,TheEmptinessMachine,Westwood,Throughput,HTTP/2
2025-05-01 01:36:41,stallRate,146.111999988556,11.217440328042,TheEmptinessMachine,Westwood,Throughput,HTTP/2
2025-05-01 01:36:43,stallRate,148.111000061035,11.0530129720743,TheEmptinessMachine,Westwood,Throughput,HTTP/2
2025-05-01 01:36:45,stallRate,150.111000061035,10.893203803146,TheEmptinessMachine,Westwood,Throughput,HTTP/2
2025-05-01 01:36:47,stallRate,152.111000061035,10.7382596842795,TheEmptinessMachine,Westwood,Throughput,HTTP/2
2025-05-01 01:36:49,stallRate,154.111000061035,10.5884017665528,TheEmptinessMachine,Westwood,Throughput,HTTP/2
2025-05-01 01:36:51,stallRate,156.111000061035,10.4415186052151,TheEmptinessMachine,Westwood,Throughput,HTTP/2
2025-05-01 01:36:53,stallRate,158.111000061035,10.2988699611668,TheEmptinessMachine,Westwood,Throughput,HTTP/2
2025-05-01 01:36:55,stallRate,160.111000061035,10.159881251935,TheEmptinessMachine,Westwood,Throughput,HTTP/2
2025-05-01 01:36:57,stallRate,162.111000061035,10.0247085975467,TheEmptinessMachine,Westwood,Throughput,HTTP/2
2025-05-01 01:36:59,stallRate,164.111000061035,9.89257866592191,TheEmptinessMachine,Westwood,Throughput,HTTP/2
2025-05-01 01:37:01,stallRate,166.111000061035,9.76410807399111,TheEmptinessMachine,Westwood,Throughput,HTTP/2
2025-05-01 01:37:03,stallRate,168.111000061035,9.63910401786115,TheEmptinessMachine,Westwood,Throughput,HTTP/2
2025-05-01 01:37:05,stallRate,170.111000061035,9.51749606601815,TheEmptinessMachine,Westwood,Throughput,HTTP/2
2025-05-01 01:37:07,stallRate,172.111000061035,9.39886424767102,TheEmptinessMachine,Westwood,Throughput,HTTP/2
2025-05-01 01:37:09,stallRate,174.111000061035,9.28243527004155,TheEmptinessMachine,Westwood,Throughput,HTTP/2
2025-05-01 01:37:11,stallRate,176.111000061035,9.16923469520555,TheEmptinessMachine,Westwood,Throughput,HTTP/2
2025-05-01 01:37:13,stallRate,178.111000061035,9.05934287292482,TheEmptinessMachine,Westwood,Throughput,HTTP/2
2025-05-01 01:37:15,stallRate,180.111000061035,8.9520968644703,TheEmptinessMachine,Westwood,Throughput,HTTP/2
2025-05-01 01:37:17,stallRate,182.111999988556,8.84686345024716,TheEmptinessMachine,Westwood,Throughput,HTTP/2
2025-05-01 01:37:19,stallRate,184.111000061035,8.74363477428774,TheEmptinessMachine,Westwood,Throughput,HTTP/2
2025-05-01 01:37:21,stallRate,186.111000061035,8.64345966730116,TheEmptinessMachine,Westwood,Throughput,HTTP/2
2025-05-01 01:37:23,stallRate,188.111000061035,8.54569887404701,TheEmptinessMachine,Westwood,Throughput,HTTP/2
2025-05-01 01:37:25,stallRate,190.111000061035,8.44972691015743,TheEmptinessMachine,Westwood,Throughput,HTTP/2
2025-05-01 01:37:27,stallRate,192.111000061035,8.35618432199743,TheEmptinessMachine,Westwood,Throughput,HTTP/2
2025-05-01 01:37:29,stallRate,194.111000061035,8.26429453471405,TheEmptinessMachine,Westwood,Throughput,HTTP/2
2025-05-01 01:37:31,stallRate,196.111000061035,8.17432963418396,TheEmptinessMachine,Westwood,Throughput,HTTP/2
2025-05-01 01:37:33,stallRate,198.111000061035,8.08652050265095,TheEmptinessMachine,Westwood,Throughput,HTTP/2
2025-05-01 01:37:35,stallRate,200.111000061035,8.000796217924,TheEmptinessMachine,Westwood,Throughput,HTTP/2
2025-05-01 01:37:37,stallRate,202.111000061035,7.91656354191163,TheEmptinessMachine,Westwood,Throughput,HTTP/2
2025-05-01 01:37:39,stallRate,204.111000061035,7.83443092760718,TheEmptinessMachine,Westwood,Throughput,HTTP/2
2025-05-01 01:37:41,stallRate,206.111000061035,7.75359517939588,TheEmptinessMachine,Westwood,Throughput,HTTP/2
2025-05-01 01:38:22,stallRate,4.1100001335144,0.0,TheEmptinessMachine,Westwood,Throughput,HTTP/3
2025-05-01 01:38:24,stallRate,6.1100001335144,0.0,TheEmptinessMachine,Westwood,Throughput,HTTP/3
2025-05-01 01:38:28,stallRate,10.1100001335144,22.6372104145504,TheEmptinessMachine,Westwood,Throughput,HTTP/3
2025-05-01 01:38:30,stallRate,12.1100001335144,16.6357258618026,TheEmptinessMachine,Westwood,Throughput,HTTP/3
2025-05-01 01:38:32,stallRate,14.1100001335144,12.9201080000046,TheEmptinessMachine,Westwood,Throughput,HTTP/3
2025-05-01 01:38:34,stallRate,16.1110000610352,10.1345744699413,TheEmptinessMachine,Westwood,Throughput,HTTP/3
2025-05-01 01:38:36,stallRate,18.1100001335144,8.50632255349,TheEmptinessMachine,Westwood,Throughput,HTTP/3
2025-05-01 01:38:38,stallRate,20.1100001335144,7.30930942045886,TheEmptinessMachine,Westwood,Throughput,HTTP/3
2025-05-01 01:38:40,stallRate,22.1100001335144,6.34177157084428,TheEmptinessMachine,Westwood,Throughput,HTTP/3
2025-05-01 01:38:48,stallRate,30.1100001335144,27.0656775083191,TheEmptinessMachine,Westwood,Throughput,HTTP/3
2025-05-01 01:38:50,stallRate,32.1100001335144,24.8795789016885,TheEmptinessMachine,Westwood,Throughput,HTTP/3
2025-05-01 01:38:52,stallRate,34.1100001335144,23.0138349016037,TheEmptinessMachine,Westwood,Throughput,HTTP/3
2025-05-01 01:38:54,stallRate,36.1100001335144,21.4135586990992,TheEmptinessMachine,Westwood,Throughput,HTTP/3
2025-05-01 01:38:56,stallRate,38.1100001335144,20.0234220088879,TheEmptinessMachine,Westwood,Throughput,HTTP/3
2025-05-01 01:38:58,stallRate,40.1100001335144,18.7942773092447,TheEmptinessMachine,Westwood,Throughput,HTTP/3
2025-05-01 01:39:00,stallRate,42.1100001335144,17.7108633088597,TheEmptinessMachine,Westwood,Throughput,HTTP/3
2025-05-01 01:39:04,stallRate,46.1100001335144,19.8910504954757,TheEmptinessMachine,Westwood,Throughput,HTTP/3
2025-05-01 01:39:06,stallRate,48.1100001335144,19.2868178592504,TheEmptinessMachine,Westwood,Throughput,HTTP/3
2025-05-01 01:39:10,stallRate,52.1110000610352,23.4222638449353,TheEmptinessMachine,Westwood,Throughput,HTTP/3
2025-05-01 01:39:12,stallRate,54.1100001335144,22.3734868934869,TheEmptinessMachine,Westwood,Throughput,HTTP/3
2025-05-01 01:39:14,stallRate,56.1100001335144,21.4169479118,TheEmptinessMachine,Westwood,Throughput,HTTP/3
2025-05-01 01:39:16,stallRate,58.1100001335144,20.5407083805857,TheEmptinessMachine,Westwood,Throughput,HTTP/3
2025-05-01 01:39:18,stallRate,60.1100001335144,19.7309670033975,TheEmptinessMachine,Westwood,Throughput,HTTP/3
2025-05-01 01:39:20,stallRate,62.1100001335144,18.983742057054,TheEmptinessMachine,Westwood,Throughput,HTTP/3
2025-05-01 01:39:22,stallRate,64.1100001335144,18.2879710665934,TheEmptinessMachine,Westwood,Throughput,HTTP/3
2025-05-01 01:39:24,stallRate,66.1100001335144,17.6407385628665,TheEmptinessMachine,Westwood,Throughput,HTTP/3
2025-05-01 01:39:26,stallRate,68.1100001335144,17.0395734694354,TheEmptinessMachine,Westwood,Throughput,HTTP/3
2025-05-01 01:39:28,stallRate,70.1100001335144,16.4781247593153,TheEmptinessMachine,Westwood,Throughput,HTTP/3
2025-05-01 01:39:30,stallRate,72.1100001335144,15.9526216562593,TheEmptinessMachine,Westwood,Throughput,HTTP/3
2025-05-01 01:39:32,stallRate,74.1100001335144,15.4605314918381,TheEmptinessMachine,Westwood,Throughput,HTTP/3
2025-05-01 01:39:34,stallRate,76.1100001335144,14.9979040000649,TheEmptinessMachine,Westwood,Throughput,HTTP/3
2025-05-01 01:39:36,stallRate,78.1100001335144,14.5616650987316,TheEmptinessMachine,Westwood,Throughput,HTTP/3
2025-05-01 01:39:38,stallRate,80.1100001335144,14.1507373901775,TheEmptinessMachine,Westwood,Throughput,HTTP/3
2025-05-01 01:39:40,stallRate,82.1100001335144,13.7607452382529,TheEmptinessMachine,Westwood,Throughput,HTTP/3
2025-05-01 01:39:42,stallRate,84.1100001335144,13.3912980728222,TheEmptinessMachine,Westwood,Throughput,HTTP/3
2025-05-01 01:39:44,stallRate,86.1100001335144,13.0420475937753,TheEmptinessMachine,Westwood,Throughput,HTTP/3
2025-05-01 01:39:46,stallRate,88.1100001335144,12.7107318502173,TheEmptinessMachine,Westwood,Throughput,HTTP/3
2025-05-01 01:39:48,stallRate,90.1100001335144,12.3957682795471,TheEmptinessMachine,Westwood,Throughput,HTTP/3
2025-05-01 01:39:50,stallRate,92.1100001335144,12.0950302766905,TheEmptinessMachine,Westwood,Throughput,HTTP/3
2025-05-01 01:39:52,stallRate,94.1100001335144,11.8098849739626,TheEmptinessMachine,Westwood,Throughput,HTTP/3
2025-05-01 01:39:54,stallRate,96.1100001335144,11.5369415410267,TheEmptinessMachine,Westwood,Throughput,HTTP/3
2025-05-01 01:39:56,stallRate,98.1100001335144,11.2768135914032,TheEmptinessMachine,Westwood,Throughput,HTTP/3
2025-05-01 01:39:58,stallRate,100.110000133514,11.0283181449291,TheEmptinessMachine,Westwood,Throughput,HTTP/3
2025-05-01 01:40:00,stallRate,102.110000133514,10.7904926118811,TheEmptinessMachine,Westwood,Throughput,HTTP/3
2025-05-01 01:40:02,stallRate,104.110000133514,10.5618538126753,TheEmptinessMachine,Westwood,Throughput,HTTP/3
2025-05-01 01:40:04,stallRate,106.110000133514,10.3438599444869,TheEmptinessMachine,Westwood,Throughput,HTTP/3
2025-05-01 01:40:06,stallRate,108.110000133514,10.1338266318368,TheEmptinessMachine,Westwood,Throughput,HTTP/3
2025-05-01 01:40:08,stallRate,110.110000133514,11.3724349919374,TheEmptinessMachine,Westwood,Throughput,HTTP/3
2025-05-01 01:40:10,stallRate,112.110000133514,11.1511193319944,TheEmptinessMachine,Westwood,Throughput,HTTP/3
2025-05-01 01:40:12,stallRate,114.110000133514,10.9381867139389,TheEmptinessMachine,Westwood,Throughput,HTTP/3
2025-05-01 01:40:14,stallRate,116.111000061035,10.733596551793,TheEmptinessMachine,Westwood,Throughput,HTTP/3
2025-05-01 01:40:16,stallRate,118.110000133514,10.5358561343141,TheEmptinessMachine,Westwood,Throughput,HTTP/3
2025-05-01 01:40:18,stallRate,120.110000133514,10.3459632584898,TheEmptinessMachine,Westwood,Throughput,HTTP/3
2025-05-01 01:40:20,stallRate,122.110000133514,10.1620822932056,TheEmptinessMachine,Westwood,Throughput,HTTP/3
2025-05-01 01:40:22,stallRate,124.110000133514,9.98532700481386,TheEmptinessMachine,Westwood,Throughput,HTTP/3
2025-05-01 01:40:24,stallRate,126.110000133514,9.81392230190061,TheEmptinessMachine,Westwood,Throughput,HTTP/3
2025-05-01 01:40:26,stallRate,128.110000133514,9.64857320340187,TheEmptinessMachine,Westwood,Throughput,HTTP/3
2025-05-01 01:40:28,stallRate,130.110000133514,9.48952752143038,TheEmptinessMachine,Westwood,Throughput,HTTP/3
2025-05-01 01:40:30,stallRate,132.110000133514,9.33472095357365,TheEmptinessMachine,Westwood,Throughput,HTTP/3
2025-05-01 01:40:36,stallRate,138.110000133514,11.9935391598999,TheEmptinessMachine,Westwood,Throughput,HTTP/3
2025-05-01 01:40:38,stallRate,140.110000133514,11.9231565290954,TheEmptinessMachine,Westwood,Throughput,HTTP/3
2025-05-01 01:40:40,stallRate,142.110000133514,12.1642819986739,TheEmptinessMachine,Westwood,Throughput,HTTP/3
2025-05-01 01:40:42,stallRate,144.110000133514,11.9832933516269,TheEmptinessMachine,Westwood,Throughput,HTTP/3
2025-05-01 01:40:46,stallRate,148.110000133514,12.8550833276467,TheEmptinessMachine,Westwood,Throughput,HTTP/3
2025-05-01 01:40:48,stallRate,150.110000133514,13.1062933419615,TheEmptinessMachine,Westwood,Throughput,HTTP/3
2025-05-01 01:40:50,stallRate,152.111000061035,12.9202620612696,TheEmptinessMachine,Westwood,Throughput,HTTP/3
2025-05-01 01:40:52,stallRate,154.110000133514,12.7397466542924,TheEmptinessMachine,Westwood,Throughput,HTTP/3
2025-05-01 01:40:54,stallRate,156.110000133514,12.5640988382475,TheEmptinessMachine,Westwood,Throughput,HTTP/3
2025-05-01 01:40:56,stallRate,158.110000133514,12.3927022059197,TheEmptinessMachine,Westwood,Throughput,HTTP/3
2025-05-01 01:40:58,stallRate,160.110000133514,12.2268041172187,TheEmptinessMachine,Westwood,Throughput,HTTP/3
2025-05-01 01:41:00,stallRate,162.110000133514,12.0654209700575,TheEmptinessMachine,Westwood,Throughput,HTTP/3
2025-05-01 01:41:02,stallRate,164.110000133514,11.9076297509883,TheEmptinessMachine,Westwood,Throughput,HTTP/3
2025-05-01 01:41:04,stallRate,166.111000061035,11.7545498465304,TheEmptinessMachine,Westwood,Throughput,HTTP/3
2025-05-01 01:41:06,stallRate,168.110000133514,11.6046094343052,TheEmptinessMachine,Westwood,Throughput,HTTP/3
2025-05-01 01:41:08,stallRate,170.111000061035,11.458722941216,TheEmptinessMachine,Westwood,Throughput,HTTP/3
2025-05-01 01:41:10,stallRate,172.110000133514,11.3165575576863,TheEmptinessMachine,Westwood,Throughput,HTTP/3
2025-05-01 01:41:12,stallRate,174.110000133514,11.1770877427952,TheEmptinessMachine,Westwood,Throughput,HTTP/3
2025-05-01 01:41:14,stallRate,176.110000133514,11.0421960339185,TheEmptinessMachine,Westwood,Throughput,HTTP/3
2025-05-01 01:41:16,stallRate,178.111000061035,10.9105585016247,TheEmptinessMachine,Westwood,Throughput,HTTP/3
2025-05-01 01:41:18,stallRate,180.110000133514,10.7816675875452,TheEmptinessMachine,Westwood,Throughput,HTTP/3
2025-05-01 01:41:20,stallRate,182.110000133514,10.6553371408066,TheEmptinessMachine,Westwood,Throughput,HTTP/3
2025-05-01 01:41:22,stallRate,184.110000133514,10.532346287128,TheEmptinessMachine,Westwood,Throughput,HTTP/3
2025-05-01 01:41:24,stallRate,186.111000061035,10.4118284650472,TheEmptinessMachine,Westwood,Throughput,HTTP/3
2025-05-01 01:41:26,stallRate,188.110000133514,10.2936898113762,TheEmptinessMachine,Westwood,Throughput,HTTP/3
2025-05-01 01:41:28,stallRate,190.111000061035,10.1787232417179,TheEmptinessMachine,Westwood,Throughput,HTTP/3
2025-05-01 01:41:30,stallRate,192.110000133514,10.0666612265185,TheEmptinessMachine,Westwood,Throughput,HTTP/3
2025-05-01 01:41:32,stallRate,194.110000133514,9.95668915602552,TheEmptinessMachine,Westwood,Throughput,HTTP/3
2025-05-01 01:41:34,stallRate,196.110000133514,9.84897556616287,TheEmptinessMachine,Westwood,Throughput,HTTP/3
2025-05-01 01:41:36,stallRate,198.110000133514,9.74366200495114,TheEmptinessMachine,Westwood,Throughput,HTTP/3
2025-05-01 01:42:31,stallRate,7.15400004386902,0.0,TheEmptinessMachine,HTCP,Dynamic,HTTP/1.1
2025-05-01 01:42:35,stallRate,11.154000043869,18.2389447763773,TheEmptinessMachine,HTCP,Dynamic,HTTP/1.1
2025-05-01 01:42:39,stallRate,15.154000043869,40.2002611697153,TheEmptinessMachine,HTCP,Dynamic,HTTP/1.1
2025-05-01 01:42:41,stallRate,17.154000043869,33.2847254350841,TheEmptinessMachine,HTCP,Dynamic,HTTP/1.1
2025-05-01 01:42:43,stallRate,19.154000043869,28.4655600806931,TheEmptinessMachine,HTCP,Dynamic,HTTP/1.1
2025-05-01 01:42:45,stallRate,21.154000043869,24.8220463490595,TheEmptinessMachine,HTCP,Dynamic,HTTP/1.1
2025-05-01 01:42:47,stallRate,23.154000043869,21.996114387951,TheEmptinessMachine,HTCP,Dynamic,HTTP/1.1
2025-05-01 01:42:49,stallRate,25.154000043869,19.767877725534,TheEmptinessMachine,HTCP,Dynamic,HTTP/1.1
2025-05-01 01:42:51,stallRate,27.154000043869,17.9472156374943,TheEmptinessMachine,HTCP,Dynamic,HTTP/1.1
2025-05-01 01:42:53,stallRate,29.154000043869,16.4273953540864,TheEmptinessMachine,HTCP,Dynamic,HTTP/1.1
2025-05-01 01:42:55,stallRate,31.154000043869,15.1449203328833,TheEmptinessMachine,HTCP,Dynamic,HTTP/1.1
2025-05-01 01:42:57,stallRate,33.154000043869,14.0488230515737,TheEmptinessMachine,HTCP,Dynamic,HTTP/1.1
2025-05-01 01:42:59,stallRate,35.154000043869,13.1030021142277,TheEmptinessMachine,HTCP,Dynamic,HTTP/1.1
2025-05-01 01:43:01,stallRate,37.154000043869,12.2737122210018,TheEmptinessMachine,HTCP,Dynamic,HTTP/1.1
2025-05-01 01:43:03,stallRate,39.154000043869,11.5456035732952,TheEmptinessMachine,HTCP,Dynamic,HTTP/1.1
2025-05-01 01:43:05,stallRate,41.154000043869,10.8965141760745,TheEmptinessMachine,HTCP,Dynamic,HTTP/1.1
2025-05-01 01:43:07,stallRate,43.154000043869,11.6042889647684,TheEmptinessMachine,HTCP,Dynamic,HTTP/1.1
2025-05-01 01:43:09,stallRate,45.154000043869,11.0186861621858,TheEmptinessMachine,HTCP,Dynamic,HTTP/1.1
2025-05-01 01:43:11,stallRate,47.154000043869,10.4905426139893,TheEmptinessMachine,HTCP,Dynamic,HTTP/1.1
2025-05-01 01:43:13,stallRate,49.154000043869,10.0083789587922,TheEmptinessMachine,HTCP,Dynamic,HTTP/1.1
2025-05-01 01:43:15,stallRate,51.154000043869,10.9019150940378,TheEmptinessMachine,HTCP,Dynamic,HTTP/1.1
2025-05-01 01:43:17,stallRate,53.154000043869,10.4445530570956,TheEmptinessMachine,HTCP,Dynamic,HTTP/1.1
2025-05-01 01:43:19,stallRate,55.154000043869,10.8181885375488,TheEmptinessMachine,HTCP,Dynamic,HTTP/1.1
2025-05-01 01:43:21,stallRate,57.154000043869,11.6167390488575,TheEmptinessMachine,HTCP,Dynamic,HTTP/1.1
2025-05-01 01:43:23,stallRate,59.154000043869,11.1840144823563,TheEmptinessMachine,HTCP,Dynamic,HTTP/1.1
2025-05-01 01:43:25,stallRate,61.154000043869,10.7821431060199,TheEmptinessMachine,HTCP,Dynamic,HTTP/1.1
2025-05-01 01:43:27,stallRate,63.154000043869,10.4081832669026,TheEmptinessMachine,HTCP,Dynamic,HTTP/1.1
2025-05-01 01:43:29,stallRate,65.154000043869,10.0601111386614,TheEmptinessMachine,HTCP,Dynamic,HTTP/1.1
2025-05-01 01:43:31,stallRate,67.154000043869,9.78333770765489,TheEmptinessMachine,HTCP,Dynamic,HTTP/1.1
2025-05-01 01:43:35,stallRate,71.154000043869,10.7758410567236,TheEmptinessMachine,HTCP,Dynamic,HTTP/1.1
2025-05-01 01:43:37,stallRate,73.154000043869,11.0954022011642,TheEmptinessMachine,HTCP,Dynamic,HTTP/1.1
2025-05-01 01:43:39,stallRate,75.154000043869,10.7769366949496,TheEmptinessMachine,HTCP,Dynamic,HTTP/1.1
2025-05-01 01:43:41,stallRate,77.154000043869,10.4768129460237,TheEmptinessMachine,HTCP,Dynamic,HTTP/1.1
2025-05-01 01:43:43,stallRate,79.1550002098083,10.1901286122931,TheEmptinessMachine,HTCP,Dynamic,HTTP/1.1
2025-05-01 01:43:45,stallRate,81.154000043869,9.9218497674244,TheEmptinessMachine,HTCP,Dynamic,HTTP/1.1
2025-05-01 01:43:47,stallRate,83.154000043869,9.66767352921762,TheEmptinessMachine,HTCP,Dynamic,HTTP/1.1
2025-05-01 01:43:49,stallRate,85.154000043869,9.42498369383509,TheEmptinessMachine,HTCP,Dynamic,HTTP/1.1
2025-05-01 01:43:51,stallRate,87.154000043869,9.19352865347828,TheEmptinessMachine,HTCP,Dynamic,HTTP/1.1
2025-05-01 01:43:53,stallRate,89.154000043869,8.9736247506409,TheEmptinessMachine,HTCP,Dynamic,HTTP/1.1
2025-05-01 01:43:55,stallRate,91.154000043869,8.76408817365285,TheEmptinessMachine,HTCP,Dynamic,HTTP/1.1
2025-05-01 01:43:57,stallRate,93.154000043869,8.56301922118168,TheEmptinessMachine,HTCP,Dynamic,HTTP/1.1
2025-05-01 01:43:59,stallRate,95.154000043869,8.37161941154135,TheEmptinessMachine,HTCP,Dynamic,HTTP/1.1
2025-05-01 01:44:01,stallRate,97.154000043869,8.18985161148522,TheEmptinessMachine,HTCP,Dynamic,HTTP/1.1
2025-05-01 01:44:03,stallRate,99.154000043869,8.01469692860435,TheEmptinessMachine,HTCP,Dynamic,HTTP/1.1
2025-05-01 01:44:05,stallRate,101.154000043869,7.84620616299044,TheEmptinessMachine,HTCP,Dynamic,HTTP/1.1
2025-05-01 01:44:07,stallRate,103.154000043869,7.68624795650642,TheEmptinessMachine,HTCP,Dynamic,HTTP/1.1
2025-05-01 01:44:09,stallRate,105.154000043869,7.5322384008682,TheEmptinessMachine,HTCP,Dynamic,HTTP/1.1
2025-05-01 01:44:11,stallRate,107.154000043869,7.38362470589926,TheEmptinessMachine,HTCP,Dynamic,HTTP/1.1
2025-05-01 01:44:13,stallRate,109.154000043869,7.24146057477428,TheEmptinessMachine,HTCP,Dynamic,HTTP/1.1
2025-05-01 01:44:15,stallRate,111.154000043869,7.10486272625827,TheEmptinessMachine,HTCP,Dynamic,HTTP/1.1
2025-05-01 01:44:17,stallRate,113.154000043869,6.97267563458273,TheEmptinessMachine,HTCP,Dynamic,HTTP/1.1
2025-05-01 01:44:19,stallRate,115.154000043869,8.01079757438684,TheEmptinessMachine,HTCP,Dynamic,HTTP/1.1
2025-05-01 01:44:21,stallRate,117.154000043869,7.86702217202554,TheEmptinessMachine,HTCP,Dynamic,HTTP/1.1
2025-05-01 01:44:23,stallRate,119.154000043869,7.72863296855535,TheEmptinessMachine,HTCP,Dynamic,HTTP/1.1
2025-05-01 01:44:25,stallRate,121.154000043869,8.13772433890224,TheEmptinessMachine,HTCP,Dynamic,HTTP/1.1
2025-05-01 01:44:27,stallRate,123.154000043869,7.99966514057128,TheEmptinessMachine,HTCP,Dynamic,HTTP/1.1
2025-05-01 01:44:29,stallRate,125.154000043869,7.86564344930592,TheEmptinessMachine,HTCP,Dynamic,HTTP/1.1
2025-05-01 01:44:31,stallRate,127.154000043869,7.73668400770463,TheEmptinessMachine,HTCP,Dynamic,HTTP/1.1
2025-05-01 01:44:33,stallRate,129.154000043869,7.61131565318353,TheEmptinessMachine,HTCP,Dynamic,HTTP/1.1
2025-05-01 01:44:35,stallRate,131.154000043869,7.49019831546393,TheEmptinessMachine,HTCP,Dynamic,HTTP/1.1
2025-05-01 01:44:37,stallRate,133.154000043869,7.37345470743758,TheEmptinessMachine,HTCP,Dynamic,HTTP/1.1
2025-05-01 01:44:39,stallRate,135.155000209808,7.2595124502876,TheEmptinessMachine,HTCP,Dynamic,HTTP/1.1
2025-05-01 01:44:41,stallRate,137.154000043869,7.14930983284,TheEmptinessMachine,HTCP,Dynamic,HTTP/1.1
2025-05-01 01:44:43,stallRate,139.154000043869,7.04192595664268,TheEmptinessMachine,HTCP,Dynamic,HTTP/1.1
2025-05-01 01:44:45,stallRate,141.154000043869,6.93772413188547,TheEmptinessMachine,HTCP,Dynamic,HTTP/1.1
2025-05-01 01:44:47,stallRate,143.154000043869,6.83685221576756,TheEmptinessMachine,HTCP,Dynamic,HTTP/1.1
2025-05-01 01:44:49,stallRate,145.154000043869,6.7390203204844,TheEmptinessMachine,HTCP,Dynamic,HTTP/1.1
2025-05-01 01:44:51,stallRate,147.154000043869,6.64385463531425,TheEmptinessMachine,HTCP,Dynamic,HTTP/1.1
2025-05-01 01:44:53,stallRate,149.154000043869,6.55101272059706,TheEmptinessMachine,HTCP,Dynamic,HTTP/1.1
2025-05-01 01:44:55,stallRate,151.154000043869,6.46177982819329,TheEmptinessMachine,HTCP,Dynamic,HTTP/1.1
2025-05-01 01:44:57,stallRate,153.154000043869,6.37440360959938,TheEmptinessMachine,HTCP,Dynamic,HTTP/1.1
2025-05-01 01:44:59,stallRate,155.154000043869,6.28896024773398,TheEmptinessMachine,HTCP,Dynamic,HTTP/1.1
2025-05-01 01:45:01,stallRate,157.154000043869,6.20609079147854,TheEmptinessMachine,HTCP,Dynamic,HTTP/1.1
2025-05-01 01:45:03,stallRate,159.154000043869,6.12556007791427,TheEmptinessMachine,HTCP,Dynamic,HTTP/1.1
2025-05-01 01:45:05,stallRate,161.154000043869,6.04669998517532,TheEmptinessMachine,HTCP,Dynamic,HTTP/1.1
2025-05-01 01:45:07,stallRate,163.154000043869,5.9698067315474,TheEmptinessMachine,HTCP,Dynamic,HTTP/1.1
2025-05-01 01:45:09,stallRate,165.154000043869,5.89497841563422,TheEmptinessMachine,HTCP,Dynamic,HTTP/1.1
2025-05-01 01:45:11,stallRate,167.154000043869,5.82217819536174,TheEmptinessMachine,HTCP,Dynamic,HTTP/1.1
2025-05-01 01:45:13,stallRate,169.154000043869,5.75089806525177,TheEmptinessMachine,HTCP,Dynamic,HTTP/1.1
2025-05-01 01:45:15,stallRate,171.154000043869,6.09575787725301,TheEmptinessMachine,HTCP,Dynamic,HTTP/1.1
2025-05-01 01:45:17,stallRate,173.154000043869,6.0229894809848,TheEmptinessMachine,HTCP,Dynamic,HTTP/1.1
2025-05-01 01:45:19,stallRate,175.154000043869,6.07124338109504,TheEmptinessMachine,HTCP,Dynamic,HTTP/1.1
2025-05-01 01:45:21,stallRate,177.154000043869,6.00050334432442,TheEmptinessMachine,HTCP,Dynamic,HTTP/1.1
2025-05-01 01:45:23,stallRate,179.154000043869,5.93155471350265,TheEmptinessMachine,HTCP,Dynamic,HTTP/1.1
2025-05-01 01:45:25,stallRate,181.154000043869,5.86392084903038,TheEmptinessMachine,HTCP,Dynamic,HTTP/1.1
2025-05-01 01:45:27,stallRate,183.154000043869,5.7980639403477,TheEmptinessMachine,HTCP,Dynamic,HTTP/1.1
2025-05-01 01:45:29,stallRate,185.154000043869,5.73338212771163,TheEmptinessMachine,HTCP,Dynamic,HTTP/1.1
2025-05-01 01:45:31,stallRate,187.154000043869,5.67009042796413,TheEmptinessMachine,HTCP,Dynamic,HTTP/1.1
2025-05-01 01:45:33,stallRate,189.154000043869,5.60834196311201,TheEmptinessMachine,HTCP,Dynamic,HTTP/1.1
2025-05-01 01:45:35,stallRate,191.154000043869,5.54770675540096,TheEmptinessMachine,HTCP,Dynamic,HTTP/1.1
2025-05-01 01:45:37,stallRate,193.154000043869,5.48871541799532,TheEmptinessMachine,HTCP,Dynamic,HTTP/1.1
2025-05-01 01:45:39,stallRate,195.154000043869,5.43104156509335,TheEmptinessMachine,HTCP,Dynamic,HTTP/1.1
2025-05-01 01:45:41,stallRate,197.154000043869,5.37462408354362,TheEmptinessMachine,HTCP,Dynamic,HTTP/1.1
2025-05-01 01:45:43,stallRate,199.154000043869,5.31924772228568,TheEmptinessMachine,HTCP,Dynamic,HTTP/1.1
2025-05-01 01:46:32,stallRate,4.09600019454956,0.0,TheEmptinessMachine,HTCP,Dynamic,HTTP/2
2025-05-01 01:46:34,stallRate,6.09600019454956,0.0,TheEmptinessMachine,HTCP,Dynamic,HTTP/2
2025-05-01 01:46:36,stallRate,8.11600017547607,9.22500082382045,TheEmptinessMachine,HTCP,Dynamic,HTTP/2
2025-05-01 01:46:38,stallRate,10.0960001945496,6.47217322583639,TheEmptinessMachine,HTCP,Dynamic,HTTP/2
2025-05-01 01:46:44,stallRate,16.0970001220703,23.2768039955585,TheEmptinessMachine,HTCP,Dynamic,HTTP/2
2025-05-01 01:46:46,stallRate,18.0960001945496,19.6686946629762,TheEmptinessMachine,HTCP,Dynamic,HTTP/2
2025-05-01 01:46:48,stallRate,20.0960001945496,17.0034086381884,TheEmptinessMachine,HTCP,Dynamic,HTTP/2
2025-05-01 01:46:50,stallRate,22.0970001220703,14.8985080171919,TheEmptinessMachine,HTCP,Dynamic,HTTP/2
2025-05-01 01:46:52,stallRate,24.0960001945496,14.1263668578032,TheEmptinessMachine,HTCP,Dynamic,HTTP/2
2025-05-01 01:46:54,stallRate,26.0960001945496,13.1047239318098,TheEmptinessMachine,HTCP,Dynamic,HTTP/2
2025-05-01 01:46:56,stallRate,28.0960001945496,14.1759532071526,TheEmptinessMachine,HTCP,Dynamic,HTTP/2
2025-05-01 01:47:00,stallRate,32.0960001945496,19.7288770826411,TheEmptinessMachine,HTCP,Dynamic,HTTP/2
2025-05-01 01:47:02,stallRate,34.0970001220703,20.4211772605345,TheEmptinessMachine,HTCP,Dynamic,HTTP/2
2025-05-01 01:47:06,stallRate,38.0960001945496,21.0413889955961,TheEmptinessMachine,HTCP,Dynamic,HTTP/2
2025-05-01 01:47:10,stallRate,42.0970001220703,20.6471530625389,TheEmptinessMachine,HTCP,Dynamic,HTTP/2
2025-05-01 01:47:12,stallRate,44.0960001945496,19.9204055260777,TheEmptinessMachine,HTCP,Dynamic,HTTP/2
2025-05-01 01:47:14,stallRate,46.0970001220703,18.8120865237808,TheEmptinessMachine,HTCP,Dynamic,HTTP/2
2025-05-01 01:47:16,stallRate,48.0960001945496,17.8216515735676,TheEmptinessMachine,HTCP,Dynamic,HTTP/2
2025-05-01 01:47:18,stallRate,50.0970001220703,16.9314628847239,TheEmptinessMachine,HTCP,Dynamic,HTTP/2
2025-05-01 01:47:22,stallRate,54.0960001945496,16.8198402185375,TheEmptinessMachine,HTCP,Dynamic,HTTP/2
2025-05-01 01:47:24,stallRate,56.0970001220703,16.0905995266457,TheEmptinessMachine,HTCP,Dynamic,HTTP/2
2025-05-01 01:47:26,stallRate,58.0970001220703,15.4149787586387,TheEmptinessMachine,HTCP,Dynamic,HTTP/2
2025-05-01 01:47:28,stallRate,60.0970001220703,14.7971310709249,TheEmptinessMachine,HTCP,Dynamic,HTTP/2
2025-05-01 01:47:30,stallRate,62.0970001220703,14.2282758961121,TheEmptinessMachine,HTCP,Dynamic,HTTP/2
2025-05-01 01:47:32,stallRate,64.0960001945496,13.7018754033774,TheEmptinessMachine,HTCP,Dynamic,HTTP/2
2025-05-01 01:47:34,stallRate,66.0970001220703,13.2124072579943,TheEmptinessMachine,HTCP,Dynamic,HTTP/2
2025-05-01 01:47:36,stallRate,68.0960001945496,12.7550901589298,TheEmptinessMachine,HTCP,Dynamic,HTTP/2
2025-05-01 01:47:38,stallRate,70.0960001945496,12.3284471461131,TheEmptinessMachine,HTCP,Dynamic,HTTP/2
2025-05-01 01:47:40,stallRate,72.0970001220703,11.9323540311734,TheEmptinessMachine,HTCP,Dynamic,HTTP/2
2025-05-01 01:47:42,stallRate,74.0960001945496,11.5595425173912,TheEmptinessMachine,HTCP,Dynamic,HTTP/2
2025-05-01 01:47:44,stallRate,76.0960001945496,11.2105216459933,TheEmptinessMachine,HTCP,Dynamic,HTTP/2
2025-05-01 01:47:46,stallRate,78.0960001945496,10.8800940910369,TheEmptinessMachine,HTCP,Dynamic,HTTP/2
2025-05-01 01:47:48,stallRate,80.0960001945496,10.567369967048,TheEmptinessMachine,HTCP,Dynamic,HTTP/2
2025-05-01 01:47:50,stallRate,82.0960001945496,10.2733796640712,TheEmptinessMachine,HTCP,Dynamic,HTTP/2
2025-05-01 01:47:52,stallRate,84.0970001220703,9.99489772094698,TheEmptinessMachine,HTCP,Dynamic,HTTP/2
2025-05-01 01:47:54,stallRate,86.0960001945496,9.73202851140658,TheEmptinessMachine,HTCP,Dynamic,HTTP/2
2025-05-01 01:47:56,stallRate,88.0970001220703,9.4828762704738,TheEmptinessMachine,HTCP,Dynamic,HTTP/2
2025-05-01 01:47:58,stallRate,90.0960001945496,9.24595607440678,TheEmptinessMachine,HTCP,Dynamic,HTTP/2
2025-05-01 01:48:00,stallRate,92.0960001945496,9.02093043998195,TheEmptinessMachine,HTCP,Dynamic,HTTP/2
2025-05-01 01:48:02,stallRate,94.0970001220703,8.80678198565861,TheEmptinessMachine,HTCP,Dynamic,HTTP/2
2025-05-01 01:48:04,stallRate,96.0960001945496,8.60212026405605,TheEmptinessMachine,HTCP,Dynamic,HTTP/2
2025-05-01 01:48:06,stallRate,98.0960001945496,8.40685489260191,TheEmptinessMachine,HTCP,Dynamic,HTTP/2
2025-05-01 01:48:08,stallRate,100.09600019455,8.21845833578832,TheEmptinessMachine,HTCP,Dynamic,HTTP/2
2025-05-01 01:48:10,stallRate,102.09700012207,8.03936222404577,TheEmptinessMachine,HTCP,Dynamic,HTTP/2
2025-05-01 01:48:12,stallRate,104.09600019455,7.86851246264696,TheEmptinessMachine,HTCP,Dynamic,HTTP/2
2025-05-01 01:48:14,stallRate,106.09600019455,7.70568343321184,TheEmptinessMachine,HTCP,Dynamic,HTTP/2
2025-05-01 01:48:16,stallRate,108.09700012207,7.5481697192019,TheEmptinessMachine,HTCP,Dynamic,HTTP/2
2025-05-01 01:48:18,stallRate,110.09600019455,7.39728921603587,TheEmptinessMachine,HTCP,Dynamic,HTTP/2
2025-05-01 01:48:20,stallRate,112.09600019455,7.25220354626738,TheEmptinessMachine,HTCP,Dynamic,HTTP/2
2025-05-01 01:48:22,stallRate,114.09700012207,7.11273822359178,TheEmptinessMachine,HTCP,Dynamic,HTTP/2
2025-05-01 01:48:24,stallRate,116.09600019455,6.97810645646072,TheEmptinessMachine,HTCP,Dynamic,HTTP/2
2025-05-01 01:48:28,stallRate,120.09600019455,6.76899462501841,TheEmptinessMachine,HTCP,Dynamic,HTTP/2
2025-05-01 01:48:30,stallRate,122.09600019455,7.03330805406332,TheEmptinessMachine,HTCP,Dynamic,HTTP/2
2025-05-01 01:48:34,stallRate,126.09600019455,6.81858572411126,TheEmptinessMachine,HTCP,Dynamic,HTTP/2
2025-05-01 01:48:36,stallRate,128.09600019455,6.70294177630133,TheEmptinessMachine,HTCP,Dynamic,HTTP/2
2025-05-01 01:48:38,stallRate,130.09700012207,6.59178763805375,TheEmptinessMachine,HTCP,Dynamic,HTTP/2
2025-05-01 01:48:40,stallRate,132.09600019455,6.48351134750324,TheEmptinessMachine,HTCP,Dynamic,HTTP/2
2025-05-01 01:48:42,stallRate,134.09600019455,6.37890471216838,TheEmptinessMachine,HTCP,Dynamic,HTTP/2
2025-05-01 01:48:44,stallRate,136.09600019455,6.27722546684864,TheEmptinessMachine,HTCP,Dynamic,HTTP/2
2025-05-01 01:48:46,stallRate,138.09600019455,6.17872190596489,TheEmptinessMachine,HTCP,Dynamic,HTTP/2
2025-05-01 01:48:48,stallRate,140.09600019455,6.0846439267866,TheEmptinessMachine,HTCP,Dynamic,HTTP/2
2025-05-01 01:48:50,stallRate,142.09700012207,5.99212932235338,TheEmptinessMachine,HTCP,Dynamic,HTTP/2
2025-05-01 01:48:52,stallRate,144.09700012207,5.9028024908691,TheEmptinessMachine,HTCP,Dynamic,HTTP/2
2025-05-01 01:48:54,stallRate,146.09600019455,5.81572567544958,TheEmptinessMachine,HTCP,Dynamic,HTTP/2
2025-05-01 01:48:56,stallRate,148.09600019455,5.73156481730533,TheEmptinessMachine,HTCP,Dynamic,HTTP/2
2025-05-01 01:48:58,stallRate,150.09700012207,5.64899435444081,TheEmptinessMachine,HTCP,Dynamic,HTTP/2
2025-05-01 01:49:00,stallRate,152.09600019455,5.56907832140357,TheEmptinessMachine,HTCP,Dynamic,HTTP/2
2025-05-01 01:49:02,stallRate,154.09600019455,5.49199861343576,TheEmptinessMachine,HTCP,Dynamic,HTTP/2
2025-05-01 01:49:04,stallRate,156.09600019455,5.41659706782709,TheEmptinessMachine,HTCP,Dynamic,HTTP/2
2025-05-01 01:49:06,stallRate,158.09700012207,5.34338585027138,TheEmptinessMachine,HTCP,Dynamic,HTTP/2
2025-05-01 01:49:08,stallRate,160.09600019455,5.27219503952537,TheEmptinessMachine,HTCP,Dynamic,HTTP/2
2025-05-01 01:49:10,stallRate,162.09600019455,5.20280614595113,TheEmptinessMachine,HTCP,Dynamic,HTTP/2
2025-05-01 01:49:12,stallRate,164.09600019455,5.13498218359279,TheEmptinessMachine,HTCP,Dynamic,HTTP/2
2025-05-01 01:49:14,stallRate,166.09600019455,5.06949562687174,TheEmptinessMachine,HTCP,Dynamic,HTTP/2
2025-05-01 01:49:16,stallRate,168.09700012207,5.0836956057435,TheEmptinessMachine,HTCP,Dynamic,HTTP/2
2025-05-01 01:49:20,stallRate,172.09600019455,5.73213847412531,TheEmptinessMachine,HTCP,Dynamic,HTTP/2
2025-05-01 01:49:22,stallRate,174.100000143051,5.82816213996927,TheEmptinessMachine,HTCP,Dynamic,HTTP/2
2025-05-01 01:49:24,stallRate,176.09600019455,5.75751739014419,TheEmptinessMachine,HTCP,Dynamic,HTTP/2
2025-05-01 01:49:26,stallRate,178.09600019455,5.68818654384025,TheEmptinessMachine,HTCP,Dynamic,HTTP/2
2025-05-01 01:49:30,stallRate,182.09600019455,6.0834088831181,TheEmptinessMachine,HTCP,Dynamic,HTTP/2
2025-05-01 01:49:32,stallRate,184.09700012207,6.01324566899488,TheEmptinessMachine,HTCP,Dynamic,HTTP/2
2025-05-01 01:49:34,stallRate,186.09600019455,5.94462264604807,TheEmptinessMachine,HTCP,Dynamic,HTTP/2
2025-05-01 01:49:36,stallRate,188.09600019455,5.87716877113995,TheEmptinessMachine,HTCP,Dynamic,HTTP/2
2025-05-01 01:49:38,stallRate,190.09600019455,5.88797287925396,TheEmptinessMachine,HTCP,Dynamic,HTTP/2
2025-05-01 01:49:40,stallRate,192.09600019455,5.8225929409727,TheEmptinessMachine,HTCP,Dynamic,HTTP/2
2025-05-01 01:49:42,stallRate,194.09600019455,5.75878245160818,TheEmptinessMachine,HTCP,Dynamic,HTTP/2
2025-05-01 01:49:44,stallRate,196.09600019455,5.69609719987128,TheEmptinessMachine,HTCP,Dynamic,HTTP/2
2025-05-01 01:49:46,stallRate,198.09700012207,5.63475561419142,TheEmptinessMachine,HTCP,Dynamic,HTTP/2
2025-05-01 01:49:48,stallRate,200.09600019455,5.57526631821071,TheEmptinessMachine,HTCP,Dynamic,HTTP/2
2025-05-01 01:49:50,stallRate,202.09600019455,5.51649335468891,TheEmptinessMachine,HTCP,Dynamic,HTTP/2
2025-05-01 01:49:52,stallRate,204.09600019455,5.45911451346049,TheEmptinessMachine,HTCP,Dynamic,HTTP/2
2025-05-01 01:49:54,stallRate,206.09600019455,5.40307735784752,TheEmptinessMachine,HTCP,Dynamic,HTTP/2
2025-05-01 01:50:33,stallRate,8.29699993133545,0.0,TheEmptinessMachine,HTCP,Dynamic,HTTP/3
2025-05-01 01:50:35,stallRate,10.2969999313354,0.0,TheEmptinessMachine,HTCP,Dynamic,HTTP/3
2025-05-01 01:50:37,stallRate,12.2969999313354,0.0,TheEmptinessMachine,HTCP,Dynamic,HTTP/3
2025-05-01 01:50:39,stallRate,14.2969999313354,0.0,TheEmptinessMachine,HTCP,Dynamic,HTTP/3
2025-05-01 01:50:41,stallRate,16.2969999313354,0.0,TheEmptinessMachine,HTCP,Dynamic,HTTP/3
2025-05-01 01:50:43,stallRate,18.2969999313354,0.0,TheEmptinessMachine,HTCP,Dynamic,HTTP/3
2025-05-01 01:50:45,stallRate,20.2969999313354,0.0,TheEmptinessMachine,HTCP,Dynamic,HTTP/3
2025-05-01 01:50:47,stallRate,22.2969999313354,0.0,TheEmptinessMachine,HTCP,Dynamic,HTTP/3
2025-05-01 01:50:49,stallRate,24.2969999313354,0.0,TheEmptinessMachine,HTCP,Dynamic,HTTP/3
2025-05-01 01:50:51,stallRate,26.2969999313354,0.0,TheEmptinessMachine,HTCP,Dynamic,HTTP/3
2025-05-01 01:50:53,stallRate,28.2969999313354,0.0,TheEmptinessMachine,HTCP,Dynamic,HTTP/3
2025-05-01 01:50:55,stallRate,30.2969999313354,0.0,TheEmptinessMachine,HTCP,Dynamic,HTTP/3
2025-05-01 01:50:57,stallRate,32.2969999313354,0.0,TheEmptinessMachine,HTCP,Dynamic,HTTP/3
2025-05-01 01:50:59,stallRate,34.2969999313354,0.0,TheEmptinessMachine,HTCP,Dynamic,HTTP/3
2025-05-01 01:51:01,stallRate,36.2969999313354,0.0,TheEmptinessMachine,HTCP,Dynamic,HTTP/3
2025-05-01 01:51:03,stallRate,38.2969999313354,0.0,TheEmptinessMachine,HTCP,Dynamic,HTTP/3
2025-05-01 01:51:05,stallRate,40.2969999313354,0.0,TheEmptinessMachine,HTCP,Dynamic,HTTP/3
2025-05-01 01:51:07,stallRate,42.2969999313354,0.0,TheEmptinessMachine,HTCP,Dynamic,HTTP/3
2025-05-01 01:51:09,stallRate,44.2969999313354,0.0,TheEmptinessMachine,HTCP,Dynamic,HTTP/3
2025-05-01 01:51:11,stallRate,46.2969999313354,0.0,TheEmptinessMachine,HTCP,Dynamic,HTTP/3
2025-05-01 01:51:13,stallRate,48.2969999313354,0.0,TheEmptinessMachine,HTCP,Dynamic,HTTP/3
2025-05-01 01:51:15,stallRate,50.2969999313354,0.0,TheEmptinessMachine,HTCP,Dynamic,HTTP/3
2025-05-01 01:51:17,stallRate,52.2969999313354,0.0,TheEmptinessMachine,HTCP,Dynamic,HTTP/3
2025-05-01 01:51:19,stallRate,54.2969999313354,0.0,TheEmptinessMachine,HTCP,Dynamic,HTTP/3
2025-05-01 01:51:21,stallRate,56.2969999313354,0.0,TheEmptinessMachine,HTCP,Dynamic,HTTP/3
2025-05-01 01:51:23,stallRate,58.2969999313354,0.0,TheEmptinessMachine,HTCP,Dynamic,HTTP/3
2025-05-01 01:51:25,stallRate,60.2969999313354,0.0,TheEmptinessMachine,HTCP,Dynamic,HTTP/3
2025-05-01 01:51:27,stallRate,62.2969999313354,0.0,TheEmptinessMachine,HTCP,Dynamic,HTTP/3
2025-05-01 01:51:29,stallRate,64.2980000972748,0.0,TheEmptinessMachine,HTCP,Dynamic,HTTP/3
2025-05-01 01:51:31,stallRate,66.2969999313354,0.0,TheEmptinessMachine,HTCP,Dynamic,HTTP/3
2025-05-01 01:51:33,stallRate,68.2969999313354,0.0,TheEmptinessMachine,HTCP,Dynamic,HTTP/3
2025-05-01 01:51:35,stallRate,70.2969999313354,0.0,TheEmptinessMachine,HTCP,Dynamic,HTTP/3
2025-05-01 01:51:37,stallRate,72.2969999313354,0.0,TheEmptinessMachine,HTCP,Dynamic,HTTP/3
2025-05-01 01:51:39,stallRate,74.2969999313354,0.0,TheEmptinessMachine,HTCP,Dynamic,HTTP/3
2025-05-01 01:51:41,stallRate,76.2969999313354,0.0,TheEmptinessMachine,HTCP,Dynamic,HTTP/3
2025-05-01 01:51:43,stallRate,78.2969999313354,0.0,TheEmptinessMachine,HTCP,Dynamic,HTTP/3
2025-05-01 01:51:45,stallRate,80.2969999313354,0.0,TheEmptinessMachine,HTCP,Dynamic,HTTP/3
2025-05-01 01:51:47,stallRate,82.2969999313354,0.0,TheEmptinessMachine,HTCP,Dynamic,HTTP/3
2025-05-01 01:51:49,stallRate,84.2969999313354,0.0,TheEmptinessMachine,HTCP,Dynamic,HTTP/3
2025-05-01 01:51:51,stallRate,86.2969999313354,0.0,TheEmptinessMachine,HTCP,Dynamic,HTTP/3
2025-05-01 01:51:53,stallRate,88.2969999313354,0.0,TheEmptinessMachine,HTCP,Dynamic,HTTP/3
2025-05-01 01:51:55,stallRate,90.2969999313354,0.0,TheEmptinessMachine,HTCP,Dynamic,HTTP/3
2025-05-01 01:51:57,stallRate,92.2969999313354,0.0,TheEmptinessMachine,HTCP,Dynamic,HTTP/3
2025-05-01 01:51:59,stallRate,94.2969999313354,0.0,TheEmptinessMachine,HTCP,Dynamic,HTTP/3
2025-05-01 01:52:01,stallRate,96.2969999313354,0.0,TheEmptinessMachine,HTCP,Dynamic,HTTP/3
2025-05-01 01:52:03,stallRate,98.2969999313354,0.0,TheEmptinessMachine,HTCP,Dynamic,HTTP/3
2025-05-01 01:52:05,stallRate,100.296999931335,0.0,TheEmptinessMachine,HTCP,Dynamic,HTTP/3
2025-05-01 01:52:07,stallRate,102.296999931335,0.0,TheEmptinessMachine,HTCP,Dynamic,HTTP/3
2025-05-01 01:52:09,stallRate,104.296999931335,0.0,TheEmptinessMachine,HTCP,Dynamic,HTTP/3
2025-05-01 01:52:11,stallRate,106.296999931335,0.0,TheEmptinessMachine,HTCP,Dynamic,HTTP/3
2025-05-01 01:52:13,stallRate,108.296999931335,0.0,TheEmptinessMachine,HTCP,Dynamic,HTTP/3
2025-05-01 01:52:15,stallRate,110.296999931335,0.0,TheEmptinessMachine,HTCP,Dynamic,HTTP/3
2025-05-01 01:52:17,stallRate,112.296999931335,0.0,TheEmptinessMachine,HTCP,Dynamic,HTTP/3
2025-05-01 01:52:19,stallRate,114.296999931335,0.0,TheEmptinessMachine,HTCP,Dynamic,HTTP/3
2025-05-01 01:52:21,stallRate,116.296999931335,0.0,TheEmptinessMachine,HTCP,Dynamic,HTTP/3
2025-05-01 01:52:23,stallRate,118.296999931335,0.0,TheEmptinessMachine,HTCP,Dynamic,HTTP/3
2025-05-01 01:52:25,stallRate,120.296999931335,0.0,TheEmptinessMachine,HTCP,Dynamic,HTTP/3
2025-05-01 01:52:27,stallRate,122.296999931335,0.0,TheEmptinessMachine,HTCP,Dynamic,HTTP/3
2025-05-01 01:52:29,stallRate,124.296999931335,0.0,TheEmptinessMachine,HTCP,Dynamic,HTTP/3
2025-05-01 01:52:31,stallRate,126.296999931335,0.0,TheEmptinessMachine,HTCP,Dynamic,HTTP/3
2025-05-01 01:52:33,stallRate,128.296999931335,0.0,TheEmptinessMachine,HTCP,Dynamic,HTTP/3
2025-05-01 01:52:35,stallRate,130.296999931335,0.0,TheEmptinessMachine,HTCP,Dynamic,HTTP/3
2025-05-01 01:52:37,stallRate,132.296000003815,0.0,TheEmptinessMachine,HTCP,Dynamic,HTTP/3
2025-05-01 01:52:39,stallRate,134.296999931335,0.0,TheEmptinessMachine,HTCP,Dynamic,HTTP/3
2025-05-01 01:52:41,stallRate,136.296999931335,0.0,TheEmptinessMachine,HTCP,Dynamic,HTTP/3
2025-05-01 01:52:43,stallRate,138.296999931335,0.0,TheEmptinessMachine,HTCP,Dynamic,HTTP/3
2025-05-01 01:52:45,stallRate,140.296999931335,0.0,TheEmptinessMachine,HTCP,Dynamic,HTTP/3
2025-05-01 01:52:47,stallRate,142.296999931335,0.0,TheEmptinessMachine,HTCP,Dynamic,HTTP/3
2025-05-01 01:52:49,stallRate,144.296999931335,0.0,TheEmptinessMachine,HTCP,Dynamic,HTTP/3
2025-05-01 01:52:51,stallRate,146.296999931335,0.0,TheEmptinessMachine,HTCP,Dynamic,HTTP/3
2025-05-01 01:52:53,stallRate,148.296999931335,0.0,TheEmptinessMachine,HTCP,Dynamic,HTTP/3
2025-05-01 01:52:55,stallRate,150.296999931335,0.0,TheEmptinessMachine,HTCP,Dynamic,HTTP/3
2025-05-01 01:52:57,stallRate,152.296999931335,0.0,TheEmptinessMachine,HTCP,Dynamic,HTTP/3
2025-05-01 01:52:59,stallRate,154.296999931335,0.0,TheEmptinessMachine,HTCP,Dynamic,HTTP/3
2025-05-01 01:53:03,stallRate,158.296999931335,1.92112943710478,TheEmptinessMachine,HTCP,Dynamic,HTTP/3
2025-05-01 01:53:05,stallRate,160.296999931335,1.89603407277093,TheEmptinessMachine,HTCP,Dynamic,HTTP/3
2025-05-01 01:53:07,stallRate,162.296999931335,1.87148297535369,TheEmptinessMachine,HTCP,Dynamic,HTTP/3
2025-05-01 01:53:09,stallRate,164.296999931335,1.84747628368659,TheEmptinessMachine,HTCP,Dynamic,HTTP/3
2025-05-01 01:53:11,stallRate,166.296999931335,1.82430155558877,TheEmptinessMachine,HTCP,Dynamic,HTTP/3
2025-05-01 01:53:13,stallRate,168.296000003815,1.80164799019237,TheEmptinessMachine,HTCP,Dynamic,HTTP/3
2025-05-01 01:53:15,stallRate,170.296000003815,1.77945287489897,TheEmptinessMachine,HTCP,Dynamic,HTTP/3
2025-05-01 01:53:17,stallRate,172.296999931335,1.75789996152658,TheEmptinessMachine,HTCP,Dynamic,HTTP/3
2025-05-01 01:53:19,stallRate,174.296999931335,1.73677776091059,TheEmptinessMachine,HTCP,Dynamic,HTTP/3
2025-05-01 01:53:21,stallRate,176.296999931335,1.71620301559933,TheEmptinessMachine,HTCP,Dynamic,HTTP/3
2025-05-01 01:53:23,stallRate,178.296999931335,1.69612067559572,TheEmptinessMachine,HTCP,Dynamic,HTTP/3
2025-05-01 01:53:25,stallRate,180.296999931335,1.6764954886867,TheEmptinessMachine,HTCP,Dynamic,HTTP/3
2025-05-01 01:53:27,stallRate,182.296999931335,1.65725188075666,TheEmptinessMachine,HTCP,Dynamic,HTTP/3
2025-05-01 01:53:29,stallRate,184.296999931335,1.63853770087932,TheEmptinessMachine,HTCP,Dynamic,HTTP/3
2025-05-01 01:53:31,stallRate,186.296999931335,1.62027731959568,TheEmptinessMachine,HTCP,Dynamic,HTTP/3
2025-05-01 01:53:33,stallRate,188.296999931335,1.60233780814868,TheEmptinessMachine,HTCP,Dynamic,HTTP/3
2025-05-01 01:53:35,stallRate,190.296999931335,1.58477005074307,TheEmptinessMachine,HTCP,Dynamic,HTTP/3
2025-05-01 01:53:37,stallRate,192.296999931335,1.56761808691247,TheEmptinessMachine,HTCP,Dynamic,HTTP/3
2025-05-01 01:53:39,stallRate,194.296999931335,1.55077423866212,TheEmptinessMachine,HTCP,Dynamic,HTTP/3
2025-05-01 01:53:41,stallRate,196.296999931335,1.53443579313034,TheEmptinessMachine,HTCP,Dynamic,HTTP/3
2025-05-01 01:53:50,stallRate,205.296999931335,2.43142397328138,TheEmptinessMachine,HTCP,Dynamic,HTTP/3
2025-05-01 01:54:25,stallRate,4.31700015068054,0.0,TheEmptinessMachine,HTCP,Bola,HTTP/1.1
2025-05-01 01:54:27,stallRate,6.33500003814697,0.0,TheEmptinessMachine,HTCP,Bola,HTTP/1.1
2025-05-01 01:54:31,stallRate,10.3170001506805,61.3257047040256,TheEmptinessMachine,HTCP,Bola,HTTP/1.1
2025-05-01 01:54:33,stallRate,12.3170001506805,46.2994264220013,TheEmptinessMachine,HTCP,Bola,HTTP/1.1
2025-05-01 01:54:37,stallRate,16.3170001506805,29.3769605752286,TheEmptinessMachine,HTCP,Bola,HTTP/1.1
2025-05-01 01:54:41,stallRate,20.3170001506805,21.6489626016233,TheEmptinessMachine,HTCP,Bola,HTTP/1.1
2025-05-01 01:54:43,stallRate,22.3170001506805,18.9938894362217,TheEmptinessMachine,HTCP,Bola,HTTP/1.1
2025-05-01 01:54:49,stallRate,28.3170001506805,17.4314783991784,TheEmptinessMachine,HTCP,Bola,HTTP/1.1
2025-05-01 01:54:57,stallRate,36.3170001506805,13.0129692276415,TheEmptinessMachine,HTCP,Bola,HTTP/1.1
2025-05-01 01:54:59,stallRate,38.3170001506805,12.2372717521597,TheEmptinessMachine,HTCP,Bola,HTTP/1.1
2025-05-01 01:55:01,stallRate,40.3170001506805,11.5475114627068,TheEmptinessMachine,HTCP,Bola,HTTP/1.1
2025-05-01 01:55:03,stallRate,42.3170001506805,10.9300181621256,TheEmptinessMachine,HTCP,Bola,HTTP/1.1
2025-05-01 01:55:05,stallRate,44.3170001506805,10.3802655281869,TheEmptinessMachine,HTCP,Bola,HTTP/1.1
2025-05-01 01:55:07,stallRate,46.3170001506805,9.88152148513725,TheEmptinessMachine,HTCP,Bola,HTTP/1.1
2025-05-01 01:55:09,stallRate,48.3170001506805,9.42960067108087,TheEmptinessMachine,HTCP,Bola,HTTP/1.1
2025-05-01 01:55:11,stallRate,50.3170001506805,9.01538268035646,TheEmptinessMachine,HTCP,Bola,HTTP/1.1
2025-05-01 01:55:13,stallRate,52.3170001506805,8.63432705099123,TheEmptinessMachine,HTCP,Bola,HTTP/1.1
2025-05-01 01:55:15,stallRate,54.3170001506805,8.28675234831989,TheEmptinessMachine,HTCP,Bola,HTTP/1.1
2025-05-01 01:55:17,stallRate,56.3170001506805,7.96476317790827,TheEmptinessMachine,HTCP,Bola,HTTP/1.1
2025-05-01 01:55:19,stallRate,58.3170001506805,7.66707234855636,TheEmptinessMachine,HTCP,Bola,HTTP/1.1
2025-05-01 01:55:21,stallRate,60.3180000782013,7.39275772268603,TheEmptinessMachine,HTCP,Bola,HTTP/1.1
2025-05-01 01:55:23,stallRate,62.3170001506805,7.13638921826867,TheEmptinessMachine,HTCP,Bola,HTTP/1.1
2025-05-01 01:55:25,stallRate,64.3170001506805,6.89686292884334,TheEmptinessMachine,HTCP,Bola,HTTP/1.1
2025-05-01 01:55:27,stallRate,66.3170001506805,6.67299102743849,TheEmptinessMachine,HTCP,Bola,HTTP/1.1
2025-05-01 01:55:29,stallRate,68.3170001506805,6.4625102962262,TheEmptinessMachine,HTCP,Bola,HTTP/1.1
2025-05-01 01:55:31,stallRate,70.3170001506805,6.26563933387442,TheEmptinessMachine,HTCP,Bola,HTTP/1.1
2025-05-01 01:55:33,stallRate,72.3170001506805,6.07987498237615,TheEmptinessMachine,HTCP,Bola,HTTP/1.1
2025-05-01 01:55:35,stallRate,74.3170001506805,5.90534298525639,TheEmptinessMachine,HTCP,Bola,HTTP/1.1
2025-05-01 01:55:39,stallRate,78.3170001506805,5.58537946163289,TheEmptinessMachine,HTCP,Bola,HTTP/1.1
2025-05-01 01:55:41,stallRate,80.3170001506805,5.43782981574753,TheEmptinessMachine,HTCP,Bola,HTTP/1.1
2025-05-01 01:55:43,stallRate,82.3170001506805,5.2971806743506,TheEmptinessMachine,HTCP,Bola,HTTP/1.1
2025-05-01 01:55:45,stallRate,84.3170001506805,5.16362638289047,TheEmptinessMachine,HTCP,Bola,HTTP/1.1
2025-05-01 01:55:47,stallRate,86.3170001506805,5.03778856056356,TheEmptinessMachine,HTCP,Bola,HTTP/1.1
2025-05-01 01:55:49,stallRate,88.3170001506805,4.91752071222545,TheEmptinessMachine,HTCP,Bola,HTTP/1.1
2025-05-01 01:55:51,stallRate,90.3170001506805,4.8024042624824,TheEmptinessMachine,HTCP,Bola,HTTP/1.1
2025-05-01 01:55:53,stallRate,92.3170001506805,5.18127748338291,TheEmptinessMachine,HTCP,Bola,HTTP/1.1
2025-05-01 01:55:55,stallRate,94.3170001506805,5.06523263995783,TheEmptinessMachine,HTCP,Bola,HTTP/1.1
2025-05-01 01:56:01,stallRate,100.317000150681,4.74784978696694,TheEmptinessMachine,HTCP,Bola,HTTP/1.1
2025-05-01 01:56:07,stallRate,106.317000150681,4.46771453735687,TheEmptinessMachine,HTCP,Bola,HTTP/1.1
2025-05-01 01:56:09,stallRate,108.317000150681,4.38181862848802,TheEmptinessMachine,HTCP,Bola,HTTP/1.1
2025-05-01 01:56:11,stallRate,110.317000150681,4.29826806423847,TheEmptinessMachine,HTCP,Bola,HTTP/1.1
2025-05-01 01:56:13,stallRate,112.317000150681,4.21815164487095,TheEmptinessMachine,HTCP,Bola,HTTP/1.1
2025-05-01 01:56:15,stallRate,114.317000150681,4.1413925839057,TheEmptinessMachine,HTCP,Bola,HTTP/1.1
2025-05-01 01:56:17,stallRate,116.317000150681,4.067050151794,TheEmptinessMachine,HTCP,Bola,HTTP/1.1
2025-05-01 01:56:19,stallRate,118.317000150681,3.99526785105633,TheEmptinessMachine,HTCP,Bola,HTTP/1.1
2025-05-01 01:56:21,stallRate,120.317000150681,3.92652521056068,TheEmptinessMachine,HTCP,Bola,HTTP/1.1
2025-05-01 01:56:23,stallRate,122.317000150681,3.85979195607925,TheEmptinessMachine,HTCP,Bola,HTTP/1.1
2025-05-01 01:56:25,stallRate,124.317000150681,3.79520126171669,TheEmptinessMachine,HTCP,Bola,HTTP/1.1
2025-05-01 01:56:27,stallRate,126.317000150681,3.73279524419647,TheEmptinessMachine,HTCP,Bola,HTTP/1.1
2025-05-01 01:56:29,stallRate,128.317000150681,3.67253469115392,TheEmptinessMachine,HTCP,Bola,HTTP/1.1
2025-05-01 01:56:31,stallRate,130.317000150681,3.61414452314269,TheEmptinessMachine,HTCP,Bola,HTTP/1.1
2025-05-01 01:56:33,stallRate,132.317000150681,3.557550276245,TheEmptinessMachine,HTCP,Bola,HTTP/1.1
2025-05-01 01:56:35,stallRate,134.317000150681,3.5024815738606,TheEmptinessMachine,HTCP,Bola,HTTP/1.1
2025-05-01 01:56:37,stallRate,136.317000150681,3.44934693598652,TheEmptinessMachine,HTCP,Bola,HTTP/1.1
2025-05-01 01:56:39,stallRate,138.317000150681,3.39760459969376,TheEmptinessMachine,HTCP,Bola,HTTP/1.1
2025-05-01 01:56:41,stallRate,140.317000150681,3.34723595653599,TheEmptinessMachine,HTCP,Bola,HTTP/1.1
2025-05-01 01:56:43,stallRate,142.317000150681,3.29862632567876,TheEmptinessMachine,HTCP,Bola,HTTP/1.1
2025-05-01 01:56:45,stallRate,144.317000150681,3.25152219646031,TheEmptinessMachine,HTCP,Bola,HTTP/1.1
2025-05-01 01:56:47,stallRate,146.317000150681,3.20554486244631,TheEmptinessMachine,HTCP,Bola,HTTP/1.1
2025-05-01 01:56:49,stallRate,148.317000150681,3.16106303470963,TheEmptinessMachine,HTCP,Bola,HTTP/1.1
2025-05-01 01:56:51,stallRate,150.317000150681,3.11756266020465,TheEmptinessMachine,HTCP,Bola,HTTP/1.1
2025-05-01 01:56:53,stallRate,152.317000150681,3.07533530209666,TheEmptinessMachine,HTCP,Bola,HTTP/1.1
2025-05-01 01:56:55,stallRate,154.317000150681,3.0342981707274,TheEmptinessMachine,HTCP,Bola,HTTP/1.1
2025-05-01 01:56:57,stallRate,156.317000150681,2.99427870739214,TheEmptinessMachine,HTCP,Bola,HTTP/1.1
2025-05-01 01:56:59,stallRate,158.317000150681,2.95514449487774,TheEmptinessMachine,HTCP,Bola,HTTP/1.1
2025-05-01 01:57:01,stallRate,160.317000150681,2.91700829306214,TheEmptinessMachine,HTCP,Bola,HTTP/1.1
2025-05-01 01:57:03,stallRate,162.317000150681,2.88017557841044,TheEmptinessMachine,HTCP,Bola,HTTP/1.1
2025-05-01 01:57:05,stallRate,164.317000150681,2.84411018795241,TheEmptinessMachine,HTCP,Bola,HTTP/1.1
2025-05-01 01:57:07,stallRate,166.317000150681,2.8088914451979,TheEmptinessMachine,HTCP,Bola,HTTP/1.1
2025-05-01 01:57:09,stallRate,168.317000150681,2.77455169741544,TheEmptinessMachine,HTCP,Bola,HTTP/1.1
2025-05-01 01:57:11,stallRate,170.317000150681,2.74112141962359,TheEmptinessMachine,HTCP,Bola,HTTP/1.1
2025-05-01 01:57:13,stallRate,172.317000150681,2.7083405624993,TheEmptinessMachine,HTCP,Bola,HTTP/1.1
2025-05-01 01:57:15,stallRate,174.317000150681,2.67647895273411,TheEmptinessMachine,HTCP,Bola,HTTP/1.1
2025-05-01 01:57:17,stallRate,176.317000150681,2.64522065606622,TheEmptinessMachine,HTCP,Bola,HTTP/1.1
2025-05-01 01:57:19,stallRate,178.317000150681,2.61483591910712,TheEmptinessMachine,HTCP,Bola,HTTP/1.1
2025-05-01 01:57:21,stallRate,180.317000150681,2.58499656808077,TheEmptinessMachine,HTCP,Bola,HTTP/1.1
2025-05-01 01:57:23,stallRate,182.317000150681,2.55590062773107,TheEmptinessMachine,HTCP,Bola,HTTP/1.1
2025-05-01 01:57:25,stallRate,184.317000150681,2.52744841888958,TheEmptinessMachine,HTCP,Bola,HTTP/1.1
2025-05-01 01:57:27,stallRate,186.317000150681,2.49947055428106,TheEmptinessMachine,HTCP,Bola,HTTP/1.1
2025-05-01 01:57:29,stallRate,188.317000150681,2.4723557765854,TheEmptinessMachine,HTCP,Bola,HTTP/1.1
2025-05-01 01:57:33,stallRate,192.317000150681,2.4196150926191,TheEmptinessMachine,HTCP,Bola,HTTP/1.1
2025-05-01 01:57:35,stallRate,194.317000150681,2.39409374741706,TheEmptinessMachine,HTCP,Bola,HTTP/1.1
2025-05-01 01:57:37,stallRate,196.317000150681,2.36911053130013,TheEmptinessMachine,HTCP,Bola,HTTP/1.1
2025-05-01 01:58:30,stallRate,10.1150000095367,0.0,TheEmptinessMachine,HTCP,Bola,HTTP/2
2025-05-01 01:58:32,stallRate,12.1150000095367,0.0,TheEmptinessMachine,HTCP,Bola,HTTP/2
2025-05-01 01:58:34,stallRate,14.1150000095367,0.0,TheEmptinessMachine,HTCP,Bola,HTTP/2
2025-05-01 01:58:36,stallRate,16.1150000095367,0.0,TheEmptinessMachine,HTCP,Bola,HTTP/2
2025-05-01 01:58:38,stallRate,18.1150000095367,0.0,TheEmptinessMachine,HTCP,Bola,HTTP/2
2025-05-01 01:58:40,stallRate,20.1159999370575,0.0,TheEmptinessMachine,HTCP,Bola,HTTP/2
2025-05-01 01:58:42,stallRate,22.1150000095367,0.0,TheEmptinessMachine,HTCP,Bola,HTTP/2
2025-05-01 01:58:44,stallRate,24.1159999370575,0.0,TheEmptinessMachine,HTCP,Bola,HTTP/2
2025-05-01 01:58:46,stallRate,26.1159999370575,0.0,TheEmptinessMachine,HTCP,Bola,HTTP/2
2025-05-01 01:58:48,stallRate,28.1159999370575,0.0,TheEmptinessMachine,HTCP,Bola,HTTP/2
2025-05-01 01:58:50,stallRate,30.1159999370575,0.0,TheEmptinessMachine,HTCP,Bola,HTTP/2
2025-05-01 01:58:52,stallRate,32.1159999370575,0.0,TheEmptinessMachine,HTCP,Bola,HTTP/2
2025-05-01 01:58:56,stallRate,36.1150000095367,3.81701415885049,TheEmptinessMachine,HTCP,Bola,HTTP/2
2025-05-01 01:58:58,stallRate,38.1150000095367,4.57740051659687,TheEmptinessMachine,HTCP,Bola,HTTP/2
2025-05-01 01:59:00,stallRate,40.1150000095367,4.27469024766152,TheEmptinessMachine,HTCP,Bola,HTTP/2
2025-05-01 01:59:02,stallRate,42.1150000095367,4.01082147699449,TheEmptinessMachine,HTCP,Bola,HTTP/2
2025-05-01 01:59:04,stallRate,44.1159999370575,7.35111067635005,TheEmptinessMachine,HTCP,Bola,HTTP/2
2025-05-01 01:59:08,stallRate,48.1150000095367,9.67572437661293,TheEmptinessMachine,HTCP,Bola,HTTP/2
2025-05-01 01:59:10,stallRate,50.1150000095367,10.8338258679909,TheEmptinessMachine,HTCP,Bola,HTTP/2
2025-05-01 01:59:12,stallRate,52.1150000095367,10.3239656945698,TheEmptinessMachine,HTCP,Bola,HTTP/2
2025-05-01 01:59:14,stallRate,54.1150000095367,9.8606681910351,TheEmptinessMachine,HTCP,Bola,HTTP/2
2025-05-01 01:59:16,stallRate,56.1150000095367,9.80764826831092,TheEmptinessMachine,HTCP,Bola,HTTP/2
2025-05-01 01:59:18,stallRate,58.1150000095367,9.40351066458385,TheEmptinessMachine,HTCP,Bola,HTTP/2
2025-05-01 01:59:20,stallRate,60.1150000095367,9.03081938170076,TheEmptinessMachine,HTCP,Bola,HTTP/2
2025-05-01 01:59:22,stallRate,62.1150000095367,8.68697052858569,TheEmptinessMachine,HTCP,Bola,HTTP/2
2025-05-01 01:59:24,stallRate,64.1150000095367,8.36695378491221,TheEmptinessMachine,HTCP,Bola,HTTP/2
2025-05-01 01:59:26,stallRate,66.1150000095367,8.06956520255498,TheEmptinessMachine,HTCP,Bola,HTTP/2
2025-05-01 01:59:28,stallRate,68.1150000095367,7.79172537037075,TheEmptinessMachine,HTCP,Bola,HTTP/2
2025-05-01 01:59:30,stallRate,70.1150000095367,7.53607876603497,TheEmptinessMachine,HTCP,Bola,HTTP/2
2025-05-01 01:59:32,stallRate,72.1150000095367,7.29461978292452,TheEmptinessMachine,HTCP,Bola,HTTP/2
2025-05-01 01:59:34,stallRate,74.1150000095367,7.06848577845804,TheEmptinessMachine,HTCP,Bola,HTTP/2
2025-05-01 01:59:36,stallRate,76.1150000095367,6.85508789214518,TheEmptinessMachine,HTCP,Bola,HTTP/2
2025-05-01 01:59:38,stallRate,78.1150000095367,6.65510731397253,TheEmptinessMachine,HTCP,Bola,HTTP/2
2025-05-01 01:59:40,stallRate,80.1150000095367,6.4667711863038,TheEmptinessMachine,HTCP,Bola,HTTP/2
2025-05-01 01:59:42,stallRate,82.1150000095367,6.28802805937051,TheEmptinessMachine,HTCP,Bola,HTTP/2
2025-05-01 01:59:44,stallRate,84.1169998645782,6.11843275080144,TheEmptinessMachine,HTCP,Bola,HTTP/2
2025-05-01 01:59:46,stallRate,86.1150000095367,5.95833686528797,TheEmptinessMachine,HTCP,Bola,HTTP/2
2025-05-01 01:59:48,stallRate,88.1150000095367,5.80583280017081,TheEmptinessMachine,HTCP,Bola,HTTP/2
2025-05-01 01:59:50,stallRate,90.1150000095367,5.66097552178988,TheEmptinessMachine,HTCP,Bola,HTTP/2
2025-05-01 01:59:52,stallRate,92.1150000095367,5.52352999635751,TheEmptinessMachine,HTCP,Bola,HTTP/2
2025-05-01 01:59:54,stallRate,94.1150000095367,5.39280836420404,TheEmptinessMachine,HTCP,Bola,HTTP/2
2025-05-01 01:59:56,stallRate,96.1150000095367,5.26802808024892,TheEmptinessMachine,HTCP,Bola,HTTP/2
2025-05-01 01:59:58,stallRate,98.1159999370575,5.54793367878363,TheEmptinessMachine,HTCP,Bola,HTTP/2
2025-05-01 02:00:00,stallRate,100.115999937057,5.42575607433055,TheEmptinessMachine,HTCP,Bola,HTTP/2
2025-05-01 02:00:02,stallRate,102.115000009537,5.30851603974407,TheEmptinessMachine,HTCP,Bola,HTTP/2
2025-05-01 02:00:04,stallRate,104.115000009537,5.19629625801134,TheEmptinessMachine,HTCP,Bola,HTTP/2
2025-05-01 02:00:06,stallRate,106.115000009537,5.57097609811497,TheEmptinessMachine,HTCP,Bola,HTTP/2
2025-05-01 02:00:08,stallRate,108.115000009537,5.45743136981277,TheEmptinessMachine,HTCP,Bola,HTTP/2
2025-05-01 02:00:10,stallRate,110.115000009537,5.90950901514003,TheEmptinessMachine,HTCP,Bola,HTTP/2
2025-05-01 02:00:12,stallRate,112.115000009537,5.79410584163006,TheEmptinessMachine,HTCP,Bola,HTTP/2
2025-05-01 02:00:14,stallRate,114.115000009537,5.68316747354297,TheEmptinessMachine,HTCP,Bola,HTTP/2
2025-05-01 02:00:16,stallRate,116.115000009537,6.16478708530779,TheEmptinessMachine,HTCP,Bola,HTTP/2
2025-05-01 02:00:18,stallRate,118.115000009537,6.05093312638642,TheEmptinessMachine,HTCP,Bola,HTTP/2
2025-05-01 02:00:20,stallRate,120.115000009537,5.94158462714706,TheEmptinessMachine,HTCP,Bola,HTTP/2
2025-05-01 02:00:22,stallRate,122.115000009537,5.83569634647429,TheEmptinessMachine,HTCP,Bola,HTTP/2
2025-05-01 02:00:24,stallRate,124.115999937057,5.73343595162445,TheEmptinessMachine,HTCP,Bola,HTTP/2
2025-05-01 02:00:26,stallRate,126.115000009537,5.63491921161085,TheEmptinessMachine,HTCP,Bola,HTTP/2
2025-05-01 02:00:28,stallRate,128.115000009537,5.53992481479589,TheEmptinessMachine,HTCP,Bola,HTTP/2
2025-05-01 02:00:30,stallRate,130.115000009537,5.44732720703908,TheEmptinessMachine,HTCP,Bola,HTTP/2
2025-05-01 02:00:32,stallRate,132.115999937057,5.35863673625897,TheEmptinessMachine,HTCP,Bola,HTTP/2
2025-05-01 02:00:34,stallRate,134.115000009537,5.27249928244669,TheEmptinessMachine,HTCP,Bola,HTTP/2
2025-05-01 02:00:36,stallRate,136.115000009537,5.18903989163571,TheEmptinessMachine,HTCP,Bola,HTTP/2
2025-05-01 02:00:38,stallRate,138.115999937057,5.10819118245386,TheEmptinessMachine,HTCP,Bola,HTTP/2
2025-05-01 02:00:40,stallRate,140.115000009537,5.03005073503788,TheEmptinessMachine,HTCP,Bola,HTTP/2
2025-05-01 02:00:42,stallRate,142.115000009537,4.95400899445248,TheEmptinessMachine,HTCP,Bola,HTTP/2
2025-05-01 02:00:44,stallRate,144.115999937057,4.88044795678012,TheEmptinessMachine,HTCP,Bola,HTTP/2
2025-05-01 02:00:46,stallRate,146.115999937057,4.80918886395054,TheEmptinessMachine,HTCP,Bola,HTTP/2
2025-05-01 02:00:48,stallRate,148.115999937057,4.73929068604067,TheEmptinessMachine,HTCP,Bola,HTTP/2
2025-05-01 02:00:50,stallRate,150.115000009537,4.67169843600371,TheEmptinessMachine,HTCP,Bola,HTTP/2
2025-05-01 02:00:52,stallRate,152.115000009537,4.60617149468947,TheEmptinessMachine,HTCP,Bola,HTTP/2
2025-05-01 02:00:54,stallRate,154.115000009537,4.54224471046176,TheEmptinessMachine,HTCP,Bola,HTTP/2
2025-05-01 02:00:56,stallRate,156.115000009537,4.48064864885662,TheEmptinessMachine,HTCP,Bola,HTTP/2
2025-05-01 02:00:58,stallRate,158.115999937057,4.42039792647927,TheEmptinessMachine,HTCP,Bola,HTTP/2
2025-05-01 02:01:00,stallRate,160.115000009537,4.36144483560852,TheEmptinessMachine,HTCP,Bola,HTTP/2
2025-05-01 02:01:02,stallRate,162.115000009537,4.304331482839,TheEmptinessMachine,HTCP,Bola,HTTP/2
2025-05-01 02:01:04,stallRate,164.115000009537,4.24847879131272,TheEmptinessMachine,HTCP,Bola,HTTP/2
2025-05-01 02:01:06,stallRate,166.115000009537,4.19427320092717,TheEmptinessMachine,HTCP,Bola,HTTP/2
2025-05-01 02:01:08,stallRate,168.115999937057,4.14148977379216,TheEmptinessMachine,HTCP,Bola,HTTP/2
2025-05-01 02:01:10,stallRate,170.115000009537,4.0897999840874,TheEmptinessMachine,HTCP,Bola,HTTP/2
2025-05-01 02:01:12,stallRate,172.115000009537,4.03929759784695,TheEmptinessMachine,HTCP,Bola,HTTP/2
2025-05-01 02:01:14,stallRate,174.115000009537,3.99014944928587,TheEmptinessMachine,HTCP,Bola,HTTP/2
2025-05-01 02:01:16,stallRate,176.115000009537,3.94228058490279,TheEmptinessMachine,HTCP,Bola,HTTP/2
2025-05-01 02:01:18,stallRate,178.115999937057,3.89552522912632,TheEmptinessMachine,HTCP,Bola,HTTP/2
2025-05-01 02:01:20,stallRate,180.115000009537,3.84960979014729,TheEmptinessMachine,HTCP,Bola,HTTP/2
2025-05-01 02:01:22,stallRate,182.115000009537,3.8048803668302,TheEmptinessMachine,HTCP,Bola,HTTP/2
2025-05-01 02:01:24,stallRate,184.115000009537,3.76123916570136,TheEmptinessMachine,HTCP,Bola,HTTP/2
2025-05-01 02:01:26,stallRate,186.115000009537,3.71859497391898,TheEmptinessMachine,HTCP,Bola,HTTP/2
2025-05-01 02:01:34,stallRate,194.115000009537,4.17786638444851,TheEmptinessMachine,HTCP,Bola,HTTP/2
2025-05-01 02:01:36,stallRate,196.115000009537,4.13244819062138,TheEmptinessMachine,HTCP,Bola,HTTP/2
2025-05-01 02:01:38,stallRate,198.115000009537,4.08784063116631,TheEmptinessMachine,HTCP,Bola,HTTP/2
2025-05-01 02:01:40,stallRate,200.115000009537,4.04427969100931,TheEmptinessMachine,HTCP,Bola,HTTP/2
2025-05-01 02:01:42,stallRate,202.115000009537,4.00150675351755,TheEmptinessMachine,HTCP,Bola,HTTP/2
2025-05-01 02:01:44,stallRate,204.115000009537,3.95961855830479,TheEmptinessMachine,HTCP,Bola,HTTP/2
2025-05-01 02:01:46,stallRate,206.115000009537,3.91871791629689,TheEmptinessMachine,HTCP,Bola,HTTP/2
2025-05-01 02:02:23,stallRate,4.12299990653992,0.0,TheEmptinessMachine,HTCP,Bola,HTTP/3
2025-05-01 02:02:25,stallRate,6.12299990653992,0.0,TheEmptinessMachine,HTCP,Bola,HTTP/3
2025-05-01 02:02:27,stallRate,8.12299990653992,0.0,TheEmptinessMachine,HTCP,Bola,HTTP/3
2025-05-01 02:02:29,stallRate,10.1229999065399,0.0,TheEmptinessMachine,HTCP,Bola,HTTP/3
2025-05-01 02:02:31,stallRate,12.1229999065399,0.0,TheEmptinessMachine,HTCP,Bola,HTTP/3
2025-05-01 02:02:33,stallRate,14.1229999065399,0.0,TheEmptinessMachine,HTCP,Bola,HTTP/3
2025-05-01 02:02:35,stallRate,16.1229999065399,0.0,TheEmptinessMachine,HTCP,Bola,HTTP/3
2025-05-01 02:02:37,stallRate,18.1229999065399,0.0,TheEmptinessMachine,HTCP,Bola,HTTP/3
2025-05-01 02:02:39,stallRate,20.1229999065399,0.0,TheEmptinessMachine,HTCP,Bola,HTTP/3
2025-05-01 02:02:41,stallRate,22.1229999065399,0.0,TheEmptinessMachine,HTCP,Bola,HTTP/3
2025-05-01 02:02:43,stallRate,24.1229999065399,0.0,TheEmptinessMachine,HTCP,Bola,HTTP/3
2025-05-01 02:02:45,stallRate,26.1229999065399,0.0,TheEmptinessMachine,HTCP,Bola,HTTP/3
2025-05-01 02:02:47,stallRate,28.1229999065399,0.0,TheEmptinessMachine,HTCP,Bola,HTTP/3
2025-05-01 02:02:49,stallRate,30.1229999065399,0.0,TheEmptinessMachine,HTCP,Bola,HTTP/3
2025-05-01 02:02:51,stallRate,32.1229999065399,0.0,TheEmptinessMachine,HTCP,Bola,HTTP/3
2025-05-01 02:02:53,stallRate,34.1229999065399,0.0,TheEmptinessMachine,HTCP,Bola,HTTP/3
2025-05-01 02:02:55,stallRate,36.1229999065399,0.0,TheEmptinessMachine,HTCP,Bola,HTTP/3
2025-05-01 02:02:57,stallRate,38.1229999065399,0.0,TheEmptinessMachine,HTCP,Bola,HTTP/3
2025-05-01 02:02:59,stallRate,40.1229999065399,0.0,TheEmptinessMachine,HTCP,Bola,HTTP/3
2025-05-01 02:03:01,stallRate,42.1229999065399,0.0,TheEmptinessMachine,HTCP,Bola,HTTP/3
2025-05-01 02:03:03,stallRate,44.1229999065399,0.0,TheEmptinessMachine,HTCP,Bola,HTTP/3
2025-05-01 02:03:05,stallRate,46.1229999065399,0.0,TheEmptinessMachine,HTCP,Bola,HTTP/3
2025-05-01 02:03:07,stallRate,48.1229999065399,0.0,TheEmptinessMachine,HTCP,Bola,HTTP/3
2025-05-01 02:03:09,stallRate,50.1229999065399,0.0,TheEmptinessMachine,HTCP,Bola,HTTP/3
2025-05-01 02:03:11,stallRate,52.1229999065399,0.0,TheEmptinessMachine,HTCP,Bola,HTTP/3
2025-05-01 02:03:13,stallRate,54.1229999065399,0.0,TheEmptinessMachine,HTCP,Bola,HTTP/3
2025-05-01 02:03:15,stallRate,56.1229999065399,0.0,TheEmptinessMachine,HTCP,Bola,HTTP/3
2025-05-01 02:03:17,stallRate,58.1229999065399,0.0,TheEmptinessMachine,HTCP,Bola,HTTP/3
2025-05-01 02:03:19,stallRate,60.1229999065399,0.0,TheEmptinessMachine,HTCP,Bola,HTTP/3
2025-05-01 02:03:21,stallRate,62.1229999065399,0.0,TheEmptinessMachine,HTCP,Bola,HTTP/3
2025-05-01 02:03:23,stallRate,64.1229999065399,0.0,TheEmptinessMachine,HTCP,Bola,HTTP/3
2025-05-01 02:03:25,stallRate,66.1229999065399,0.0,TheEmptinessMachine,HTCP,Bola,HTTP/3
2025-05-01 02:03:27,stallRate,68.1229999065399,0.0,TheEmptinessMachine,HTCP,Bola,HTTP/3
2025-05-01 02:03:29,stallRate,70.1229999065399,0.0,TheEmptinessMachine,HTCP,Bola,HTTP/3
2025-05-01 02:03:31,stallRate,72.1240000724792,0.0,TheEmptinessMachine,HTCP,Bola,HTTP/3
2025-05-01 02:03:33,stallRate,74.1229999065399,0.0,TheEmptinessMachine,HTCP,Bola,HTTP/3
2025-05-01 02:03:35,stallRate,76.1229999065399,0.0,TheEmptinessMachine,HTCP,Bola,HTTP/3
2025-05-01 02:03:37,stallRate,78.1229999065399,0.0,TheEmptinessMachine,HTCP,Bola,HTTP/3
2025-05-01 02:03:39,stallRate,80.1229999065399,0.0,TheEmptinessMachine,HTCP,Bola,HTTP/3
2025-05-01 02:03:41,stallRate,82.1229999065399,0.0,TheEmptinessMachine,HTCP,Bola,HTTP/3
2025-05-01 02:03:43,stallRate,84.1229999065399,0.228817455523579,TheEmptinessMachine,HTCP,Bola,HTTP/3
2025-05-01 02:03:45,stallRate,86.1229999065399,0.223146250548701,TheEmptinessMachine,HTCP,Bola,HTTP/3
2025-05-01 02:03:47,stallRate,88.1229999065399,0.217722579326875,TheEmptinessMachine,HTCP,Bola,HTTP/3
2025-05-01 02:03:49,stallRate,90.1229999065399,0.212599554680597,TheEmptinessMachine,HTCP,Bola,HTTP/3
2025-05-01 02:03:51,stallRate,92.1229999065399,0.207692413511972,TheEmptinessMachine,HTCP,Bola,HTTP/3
2025-05-01 02:03:53,stallRate,94.1229999065399,0.203006158852447,TheEmptinessMachine,HTCP,Bola,HTTP/3
2025-05-01 02:03:55,stallRate,96.1229999065399,0.198560749348735,TheEmptinessMachine,HTCP,Bola,HTTP/3
2025-05-01 02:03:57,stallRate,98.1229999065399,0.19431234202205,TheEmptinessMachine,HTCP,Bola,HTTP/3
2025-05-01 02:03:59,stallRate,100.12299990654,0.190180588266356,TheEmptinessMachine,HTCP,Bola,HTTP/3
2025-05-01 02:04:01,stallRate,102.12299990654,0.186255604255669,TheEmptinessMachine,HTCP,Bola,HTTP/3
2025-05-01 02:04:03,stallRate,104.12299990654,0.18249672678469,TheEmptinessMachine,HTCP,Bola,HTTP/3
2025-05-01 02:04:05,stallRate,106.12299990654,0.178872197105196,TheEmptinessMachine,HTCP,Bola,HTTP/3
2025-05-01 02:04:07,stallRate,108.12299990654,0.17538301622861,TheEmptinessMachine,HTCP,Bola,HTTP/3
2025-05-01 02:04:09,stallRate,110.12299990654,0.172036981266949,TheEmptinessMachine,HTCP,Bola,HTTP/3
2025-05-01 02:04:11,stallRate,112.12299990654,0.168837202733913,TheEmptinessMachine,HTCP,Bola,HTTP/3
2025-05-01 02:04:13,stallRate,114.12299990654,0.165730993931079,TheEmptinessMachine,HTCP,Bola,HTTP/3
2025-05-01 02:04:15,stallRate,116.12299990654,0.162743196424194,TheEmptinessMachine,HTCP,Bola,HTTP/3
2025-05-01 02:04:17,stallRate,118.12299990654,0.159859398865614,TheEmptinessMachine,HTCP,Bola,HTTP/3
2025-05-01 02:04:19,stallRate,120.12299990654,0.157076838341945,TheEmptinessMachine,HTCP,Bola,HTTP/3
2025-05-01 02:04:21,stallRate,122.12299990654,0.154379948248361,TheEmptinessMachine,HTCP,Bola,HTTP/3
2025-05-01 02:04:23,stallRate,124.12299990654,0.151787965465119,TheEmptinessMachine,HTCP,Bola,HTTP/3
2025-05-01 02:04:25,stallRate,126.12299990654,0.581113383108333,TheEmptinessMachine,HTCP,Bola,HTTP/3
2025-05-01 02:04:27,stallRate,128.12299990654,0.571603416179813,TheEmptinessMachine,HTCP,Bola,HTTP/3
2025-05-01 02:04:29,stallRate,130.12299990654,0.562455154938829,TheEmptinessMachine,HTCP,Bola,HTTP/3
2025-05-01 02:04:31,stallRate,132.12299990654,0.553615435922546,TheEmptinessMachine,HTCP,Bola,HTTP/3
2025-05-01 02:04:33,stallRate,134.12299990654,0.545010820154315,TheEmptinessMachine,HTCP,Bola,HTTP/3
2025-05-01 02:04:35,stallRate,136.12299990654,0.536706350724151,TheEmptinessMachine,HTCP,Bola,HTTP/3
2025-05-01 02:04:37,stallRate,138.12299990654,0.528654707293893,TheEmptinessMachine,HTCP,Bola,HTTP/3
2025-05-01 02:04:39,stallRate,140.12299990654,0.520804419825382,TheEmptinessMachine,HTCP,Bola,HTTP/3
2025-05-01 02:04:41,stallRate,142.12299990654,0.513177402652962,TheEmptinessMachine,HTCP,Bola,HTTP/3
2025-05-01 02:04:43,stallRate,144.124000072479,0.505782236759417,TheEmptinessMachine,HTCP,Bola,HTTP/3
2025-05-01 02:04:45,stallRate,146.12299990654,0.498576632209574,TheEmptinessMachine,HTCP,Bola,HTTP/3
2025-05-01 02:04:47,stallRate,148.12299990654,0.491611296858093,TheEmptinessMachine,HTCP,Bola,HTTP/3
2025-05-01 02:04:49,stallRate,150.12299990654,0.484847226269744,TheEmptinessMachine,HTCP,Bola,HTTP/3
2025-05-01 02:04:51,stallRate,152.12299990654,0.478235764758593,TheEmptinessMachine,HTCP,Bola,HTTP/3
2025-05-01 02:04:53,stallRate,154.12299990654,0.471825481826416,TheEmptinessMachine,HTCP,Bola,HTTP/3
2025-05-01 02:04:55,stallRate,156.12299990654,0.465593551416034,TheEmptinessMachine,HTCP,Bola,HTTP/3
2025-05-01 02:04:57,stallRate,158.12299990654,0.45949308692692,TheEmptinessMachine,HTCP,Bola,HTTP/3
2025-05-01 02:04:59,stallRate,160.12299990654,0.453519902399089,TheEmptinessMachine,HTCP,Bola,HTTP/3
2025-05-01 02:05:01,stallRate,162.12299990654,0.447713570199034,TheEmptinessMachine,HTCP,Bola,HTTP/3
2025-05-01 02:05:03,stallRate,164.12299990654,0.442072646039093,TheEmptinessMachine,HTCP,Bola,HTTP/3
2025-05-01 02:05:05,stallRate,166.12299990654,0.43661085260285,TheEmptinessMachine,HTCP,Bola,HTTP/3
2025-05-01 02:05:07,stallRate,168.12299990654,0.431242940020776,TheEmptinessMachine,HTCP,Bola,HTTP/3
2025-05-01 02:05:09,stallRate,170.12299990654,0.426016186748057,TheEmptinessMachine,HTCP,Bola,HTTP/3
2025-05-01 02:05:11,stallRate,172.12299990654,0.420918610895782,TheEmptinessMachine,HTCP,Bola,HTTP/3
2025-05-01 02:05:13,stallRate,174.12299990654,0.415935332451006,TheEmptinessMachine,HTCP,Bola,HTTP/3
2025-05-01 02:05:15,stallRate,176.12299990654,0.411046757216623,TheEmptinessMachine,HTCP,Bola,HTTP/3
2025-05-01 02:05:17,stallRate,178.12299990654,0.406311734293376,TheEmptinessMachine,HTCP,Bola,HTTP/3
2025-05-01 02:05:19,stallRate,180.12299990654,0.401672536291557,TheEmptinessMachine,HTCP,Bola,HTTP/3
2025-05-01 02:05:21,stallRate,182.12299990654,0.397116563930429,TheEmptinessMachine,HTCP,Bola,HTTP/3
2025-05-01 02:05:23,stallRate,184.12299990654,0.392684909165981,TheEmptinessMachine,HTCP,Bola,HTTP/3
2025-05-01 02:05:25,stallRate,186.12299990654,0.38833486520856,TheEmptinessMachine,HTCP,Bola,HTTP/3
2025-05-01 02:05:27,stallRate,188.12299990654,0.384089695516698,TheEmptinessMachine,HTCP,Bola,HTTP/3
2025-05-01 02:05:29,stallRate,190.12299990654,0.379936952853125,TheEmptinessMachine,HTCP,Bola,HTTP/3
2025-05-01 02:05:31,stallRate,192.12299990654,0.375851065438834,TheEmptinessMachine,HTCP,Bola,HTTP/3
2025-05-01 02:05:33,stallRate,194.12299990654,0.371886916502587,TheEmptinessMachine,HTCP,Bola,HTTP/3
2025-05-01 02:05:35,stallRate,196.12299990654,0.367959798137627,TheEmptinessMachine,HTCP,Bola,HTTP/3
2025-05-01 02:05:37,stallRate,198.12299990654,0.409444659158785,TheEmptinessMachine,HTCP,Bola,HTTP/3
2025-05-01 02:05:39,stallRate,200.12299990654,0.405248626004243,TheEmptinessMachine,HTCP,Bola,HTTP/3
2025-05-01 02:06:25,stallRate,4.31499981880188,0.0,TheEmptinessMachine,HTCP,Festive,HTTP/1.1
2025-05-01 02:06:27,stallRate,6.31900000572205,0.0,TheEmptinessMachine,HTCP,Festive,HTTP/1.1
2025-05-01 02:06:30,stallRate,8.34899997711182,0.0,TheEmptinessMachine,HTCP,Festive,HTTP/1.1
2025-05-01 02:06:31,stallRate,10.3159999847412,0.0,TheEmptinessMachine,HTCP,Festive,HTTP/1.1
2025-05-01 02:06:35,stallRate,14.3149998188019,17.7619591119912,TheEmptinessMachine,HTCP,Festive,HTTP/1.1
2025-05-01 02:06:37,stallRate,16.3149998188019,16.4639063262333,TheEmptinessMachine,HTCP,Festive,HTTP/1.1
2025-05-01 02:06:39,stallRate,18.3149998188019,15.7777512964513,TheEmptinessMachine,HTCP,Festive,HTTP/1.1
2025-05-01 02:06:41,stallRate,20.3149998188019,13.6472412876951,TheEmptinessMachine,HTCP,Festive,HTTP/1.1
2025-05-01 02:06:43,stallRate,22.3149998188019,11.945941413401,TheEmptinessMachine,HTCP,Festive,HTTP/1.1
2025-05-01 02:06:45,stallRate,24.3149998188019,15.8039387838151,TheEmptinessMachine,HTCP,Festive,HTTP/1.1
2025-05-01 02:06:49,stallRate,28.3149998188019,15.7560929380818,TheEmptinessMachine,HTCP,Festive,HTTP/1.1
2025-05-01 02:06:51,stallRate,30.3149998188019,15.087997466558,TheEmptinessMachine,HTCP,Festive,HTTP/1.1
2025-05-01 02:06:57,stallRate,36.3149998188019,24.8574258047523,TheEmptinessMachine,HTCP,Festive,HTTP/1.1
2025-05-01 02:06:59,stallRate,38.3139998912811,23.3324701997556,TheEmptinessMachine,HTCP,Festive,HTTP/1.1
2025-05-01 02:07:01,stallRate,40.3149998188019,24.9871740430106,TheEmptinessMachine,HTCP,Festive,HTTP/1.1
2025-05-01 02:07:03,stallRate,42.3149998188019,24.4786165954176,TheEmptinessMachine,HTCP,Festive,HTTP/1.1
2025-05-01 02:07:05,stallRate,44.3149998188019,23.214346689145,TheEmptinessMachine,HTCP,Festive,HTTP/1.1
2025-05-01 02:07:07,stallRate,46.3149998188019,22.0692610981011,TheEmptinessMachine,HTCP,Festive,HTTP/1.1
2025-05-01 02:07:09,stallRate,48.3149998188019,21.0364467262711,TheEmptinessMachine,HTCP,Festive,HTTP/1.1
2025-05-01 02:07:11,stallRate,50.3149998188019,20.0925113934604,TheEmptinessMachine,HTCP,Festive,HTTP/1.1
2025-05-01 02:07:13,stallRate,52.3149998188019,19.2339878566695,TheEmptinessMachine,HTCP,Festive,HTTP/1.1
2025-05-01 02:07:15,stallRate,54.3149998188019,18.4419219712034,TheEmptinessMachine,HTCP,Festive,HTTP/1.1
2025-05-01 02:07:17,stallRate,56.3149998188019,17.7140702985414,TheEmptinessMachine,HTCP,Festive,HTTP/1.1
2025-05-01 02:07:19,stallRate,58.3149998188019,17.0359407073942,TheEmptinessMachine,HTCP,Festive,HTTP/1.1
2025-05-01 02:07:21,stallRate,60.3149998188019,16.4148257917175,TheEmptinessMachine,HTCP,Festive,HTTP/1.1
2025-05-01 02:07:23,stallRate,62.3149998188019,15.8352494582729,TheEmptinessMachine,HTCP,Festive,HTTP/1.1
2025-05-01 02:07:25,stallRate,64.3149998188019,15.2957947736352,TheEmptinessMachine,HTCP,Festive,HTTP/1.1
2025-05-01 02:07:27,stallRate,66.3149998188019,14.7942819006049,TheEmptinessMachine,HTCP,Festive,HTTP/1.1
2025-05-01 02:07:29,stallRate,68.3149998188019,14.3222056588747,TheEmptinessMachine,HTCP,Festive,HTTP/1.1
2025-05-01 02:07:31,stallRate,70.3149998188019,13.880643020141,TheEmptinessMachine,HTCP,Festive,HTTP/1.1
2025-05-01 02:07:35,stallRate,74.3149998188019,14.1226243363656,TheEmptinessMachine,HTCP,Festive,HTTP/1.1
2025-05-01 02:07:37,stallRate,76.3149998188019,13.722140277464,TheEmptinessMachine,HTCP,Festive,HTTP/1.1
2025-05-01 02:07:39,stallRate,78.3149998188019,13.344473793771,TheEmptinessMachine,HTCP,Festive,HTTP/1.1
2025-05-01 02:07:41,stallRate,80.3149998188019,12.9878256994491,TheEmptinessMachine,HTCP,Festive,HTTP/1.1
2025-05-01 02:07:43,stallRate,82.3149998188019,12.6498231567574,TheEmptinessMachine,HTCP,Festive,HTTP/1.1
2025-05-01 02:07:45,stallRate,84.3149998188019,12.3284408504967,TheEmptinessMachine,HTCP,Festive,HTTP/1.1
2025-05-01 02:07:47,stallRate,86.3149998188019,12.0235298936,TheEmptinessMachine,HTCP,Festive,HTTP/1.1
2025-05-01 02:07:49,stallRate,88.3149998188019,11.7321705090713,TheEmptinessMachine,HTCP,Festive,HTTP/1.1
2025-05-01 02:07:51,stallRate,90.3149998188019,11.4541841785283,TheEmptinessMachine,HTCP,Festive,HTTP/1.1
2025-05-01 02:07:53,stallRate,92.3149998188019,11.1897722492879,TheEmptinessMachine,HTCP,Festive,HTTP/1.1
2025-05-01 02:07:55,stallRate,94.3149998188019,10.9373840542056,TheEmptinessMachine,HTCP,Festive,HTTP/1.1
2025-05-01 02:07:57,stallRate,96.3149998188019,10.6961847027953,TheEmptinessMachine,HTCP,Festive,HTTP/1.1
2025-05-01 02:07:59,stallRate,98.3149998188019,10.4659476361778,TheEmptinessMachine,HTCP,Festive,HTTP/1.1
2025-05-01 02:08:01,stallRate,100.314999818802,10.2452722507515,TheEmptinessMachine,HTCP,Festive,HTTP/1.1
2025-05-01 02:08:03,stallRate,102.314999818802,10.5590450863646,TheEmptinessMachine,HTCP,Festive,HTTP/1.1
2025-05-01 02:08:05,stallRate,104.314999818802,10.3455805635802,TheEmptinessMachine,HTCP,Festive,HTTP/1.1
2025-05-01 02:08:07,stallRate,106.314999818802,10.2674630716906,TheEmptinessMachine,HTCP,Festive,HTTP/1.1
2025-05-01 02:08:11,stallRate,110.314999818802,11.5945103653783,TheEmptinessMachine,HTCP,Festive,HTTP/1.1
2025-05-01 02:08:13,stallRate,112.314999818802,11.7812856290145,TheEmptinessMachine,HTCP,Festive,HTTP/1.1
2025-05-01 02:08:15,stallRate,114.314999818802,11.6703421407828,TheEmptinessMachine,HTCP,Festive,HTTP/1.1
2025-05-01 02:08:17,stallRate,116.314999818802,11.4585773283033,TheEmptinessMachine,HTCP,Festive,HTTP/1.1
2025-05-01 02:08:19,stallRate,118.314999818802,11.2554732004632,TheEmptinessMachine,HTCP,Festive,HTTP/1.1
2025-05-01 02:08:21,stallRate,120.314999818802,11.058722634257,TheEmptinessMachine,HTCP,Festive,HTTP/1.1
2025-05-01 02:08:23,stallRate,122.314999818802,10.8692097981301,TheEmptinessMachine,HTCP,Festive,HTTP/1.1
2025-05-01 02:08:25,stallRate,124.314999818802,10.6864402847883,TheEmptinessMachine,HTCP,Festive,HTTP/1.1
2025-05-01 02:08:27,stallRate,126.314999818802,10.5093687052412,TheEmptinessMachine,HTCP,Festive,HTTP/1.1
2025-05-01 02:08:29,stallRate,128.314999818802,10.3384384384828,TheEmptinessMachine,HTCP,Festive,HTTP/1.1
2025-05-01 02:08:31,stallRate,130.314999818802,10.1730221588645,TheEmptinessMachine,HTCP,Festive,HTTP/1.1
2025-05-01 02:08:33,stallRate,132.314999818802,10.012488114115,TheEmptinessMachine,HTCP,Festive,HTTP/1.1
2025-05-01 02:08:35,stallRate,134.314999818802,9.85629617635843,TheEmptinessMachine,HTCP,Festive,HTTP/1.1
2025-05-01 02:08:37,stallRate,136.314999818802,9.70551503663904,TheEmptinessMachine,HTCP,Festive,HTTP/1.1
2025-05-01 02:08:39,stallRate,138.314999818802,9.5588792756598,TheEmptinessMachine,HTCP,Festive,HTTP/1.1
2025-05-01 02:08:41,stallRate,140.314999818802,9.4169345953873,TheEmptinessMachine,HTCP,Festive,HTTP/1.1
2025-05-01 02:08:43,stallRate,142.314999818802,9.27917929181473,TheEmptinessMachine,HTCP,Festive,HTTP/1.1
2025-05-01 02:08:45,stallRate,144.314999818802,9.14539789342954,TheEmptinessMachine,HTCP,Festive,HTTP/1.1
2025-05-01 02:08:47,stallRate,146.314999818802,9.01569899561283,TheEmptinessMachine,HTCP,Festive,HTTP/1.1
2025-05-01 02:08:49,stallRate,148.314999818802,8.88909930183164,TheEmptinessMachine,HTCP,Festive,HTTP/1.1
2025-05-01 02:08:51,stallRate,150.314999818802,8.76656280180952,TheEmptinessMachine,HTCP,Festive,HTTP/1.1
2025-05-01 02:08:53,stallRate,152.313999891281,8.64681937294765,TheEmptinessMachine,HTCP,Festive,HTTP/1.1
2025-05-01 02:08:55,stallRate,154.314999818802,8.53016441239078,TheEmptinessMachine,HTCP,Festive,HTTP/1.1
2025-05-01 02:08:57,stallRate,156.314999818802,8.41693514188552,TheEmptinessMachine,HTCP,Festive,HTTP/1.1
2025-05-01 02:08:59,stallRate,158.314999818802,8.30686403233946,TheEmptinessMachine,HTCP,Festive,HTTP/1.1
2025-05-01 02:09:01,stallRate,160.314999818802,8.1992527095266,TheEmptinessMachine,HTCP,Festive,HTTP/1.1
2025-05-01 02:09:03,stallRate,162.314999818802,8.09422747213746,TheEmptinessMachine,HTCP,Festive,HTTP/1.1
2025-05-01 02:09:05,stallRate,164.314999818802,7.99216313864107,TheEmptinessMachine,HTCP,Festive,HTTP/1.1
2025-05-01 02:09:07,stallRate,166.314999818802,7.89290996748766,TheEmptinessMachine,HTCP,Festive,HTTP/1.1
2025-05-01 02:09:09,stallRate,168.314999818802,7.79589929534281,TheEmptinessMachine,HTCP,Festive,HTTP/1.1
2025-05-01 02:09:11,stallRate,170.314999818802,7.70137498688065,TheEmptinessMachine,HTCP,Festive,HTTP/1.1
2025-05-01 02:09:13,stallRate,172.314999818802,7.86888384905234,TheEmptinessMachine,HTCP,Festive,HTTP/1.1
2025-05-01 02:09:15,stallRate,174.314999818802,7.77563269929659,TheEmptinessMachine,HTCP,Festive,HTTP/1.1
2025-05-01 02:09:17,stallRate,176.314999818802,7.68422641766666,TheEmptinessMachine,HTCP,Festive,HTTP/1.1
2025-05-01 02:09:19,stallRate,178.314999818802,8.20572240055325,TheEmptinessMachine,HTCP,Festive,HTTP/1.1
2025-05-01 02:09:21,stallRate,180.314999818802,8.11172789081713,TheEmptinessMachine,HTCP,Festive,HTTP/1.1
2025-05-01 02:09:23,stallRate,182.314999818802,8.02011262434064,TheEmptinessMachine,HTCP,Festive,HTTP/1.1
2025-05-01 02:09:25,stallRate,184.314999818802,8.6360735275257,TheEmptinessMachine,HTCP,Festive,HTTP/1.1
2025-05-01 02:09:27,stallRate,186.314999818802,8.54957721635608,TheEmptinessMachine,HTCP,Festive,HTTP/1.1
2025-05-01 02:09:29,stallRate,188.314999818802,8.45569005562517,TheEmptinessMachine,HTCP,Festive,HTTP/1.1
2025-05-01 02:09:31,stallRate,190.314999818802,8.36379910699737,TheEmptinessMachine,HTCP,Festive,HTTP/1.1
2025-05-01 02:09:33,stallRate,192.314999818802,8.27413087285674,TheEmptinessMachine,HTCP,Festive,HTTP/1.1
2025-05-01 02:09:35,stallRate,194.314999818802,8.18659092501324,TheEmptinessMachine,HTCP,Festive,HTTP/1.1
2025-05-01 02:09:37,stallRate,196.314999818802,8.10089233483721,TheEmptinessMachine,HTCP,Festive,HTTP/1.1
2025-05-01 02:09:39,stallRate,198.314999818802,8.01687067068382,TheEmptinessMachine,HTCP,Festive,HTTP/1.1
2025-05-01 02:09:41,stallRate,200.314999818802,7.93471915274407,TheEmptinessMachine,HTCP,Festive,HTTP/1.1
2025-05-01 02:10:32,stallRate,6.10199999809265,0.0,TheEmptinessMachine,HTCP,Festive,HTTP/2
2025-05-01 02:10:40,stallRate,14.1019999980927,66.0069796489209,TheEmptinessMachine,HTCP,Festive,HTTP/2
2025-05-01 02:10:42,stallRate,16.1019999980927,50.4483129693212,TheEmptinessMachine,HTCP,Festive,HTTP/2
2025-05-01 02:10:44,stallRate,18.1029999256134,40.4456823751185,TheEmptinessMachine,HTCP,Festive,HTTP/2
2025-05-01 02:10:46,stallRate,20.1029999256134,33.7060743337515,TheEmptinessMachine,HTCP,Festive,HTTP/2
2025-05-01 02:10:48,stallRate,22.1029999256134,28.7412418069921,TheEmptinessMachine,HTCP,Festive,HTTP/2
2025-05-01 02:10:50,stallRate,24.1029999256134,25.2088596600559,TheEmptinessMachine,HTCP,Festive,HTTP/2
2025-05-01 02:10:52,stallRate,26.1029999256134,24.7418912190756,TheEmptinessMachine,HTCP,Festive,HTTP/2
2025-05-01 02:10:54,stallRate,28.1019999980927,22.2876299890187,TheEmptinessMachine,HTCP,Festive,HTTP/2
2025-05-01 02:10:56,stallRate,30.1019999980927,20.3009307101797,TheEmptinessMachine,HTCP,Festive,HTTP/2
2025-05-01 02:10:58,stallRate,32.1019999980927,18.6431266187014,TheEmptinessMachine,HTCP,Festive,HTTP/2
2025-05-01 02:11:00,stallRate,34.1019999980927,17.226957112482,TheEmptinessMachine,HTCP,Festive,HTTP/2
2025-05-01 02:11:02,stallRate,36.1029999256134,18.1905163317931,TheEmptinessMachine,HTCP,Festive,HTTP/2
2025-05-01 02:11:04,stallRate,38.1019999980927,18.5459488820338,TheEmptinessMachine,HTCP,Festive,HTTP/2
2025-05-01 02:11:06,stallRate,40.1019999980927,17.3951059773086,TheEmptinessMachine,HTCP,Festive,HTTP/2
2025-05-01 02:11:08,stallRate,42.1029999256134,18.2209847154329,TheEmptinessMachine,HTCP,Festive,HTTP/2
2025-05-01 02:11:12,stallRate,46.1019999980927,17.6431808444599,TheEmptinessMachine,HTCP,Festive,HTTP/2
2025-05-01 02:11:14,stallRate,48.1029999256134,18.621721582761,TheEmptinessMachine,HTCP,Festive,HTTP/2
2025-05-01 02:11:16,stallRate,50.1019999980927,17.724552645385,TheEmptinessMachine,HTCP,Festive,HTTP/2
2025-05-01 02:11:18,stallRate,52.1029999256134,16.9059775654323,TheEmptinessMachine,HTCP,Festive,HTTP/2
2025-05-01 02:11:20,stallRate,54.1019999980927,16.159069615292,TheEmptinessMachine,HTCP,Festive,HTTP/2
2025-05-01 02:11:22,stallRate,56.1019999980927,15.4774055757995,TheEmptinessMachine,HTCP,Festive,HTTP/2
2025-05-01 02:11:24,stallRate,58.1029999256134,14.8511715571245,TheEmptinessMachine,HTCP,Festive,HTTP/2
2025-05-01 02:11:26,stallRate,60.1019999980927,14.2738192048186,TheEmptinessMachine,HTCP,Festive,HTTP/2
2025-05-01 02:11:28,stallRate,62.1019999980927,13.7376698506746,TheEmptinessMachine,HTCP,Festive,HTTP/2
2025-05-01 02:11:30,stallRate,64.1019999980927,13.2431552818212,TheEmptinessMachine,HTCP,Festive,HTTP/2
2025-05-01 02:11:32,stallRate,66.1029999256134,12.7808365548907,TheEmptinessMachine,HTCP,Festive,HTTP/2
2025-05-01 02:11:34,stallRate,68.1019999980927,12.3534367720056,TheEmptinessMachine,HTCP,Festive,HTTP/2
2025-05-01 02:11:36,stallRate,70.1019999980927,11.9497363948321,TheEmptinessMachine,HTCP,Festive,HTTP/2
2025-05-01 02:11:38,stallRate,72.1029999256134,11.5725463282752,TheEmptinessMachine,HTCP,Festive,HTTP/2
2025-05-01 02:11:40,stallRate,74.1029999256134,11.2172856810145,TheEmptinessMachine,HTCP,Festive,HTTP/2
2025-05-01 02:11:42,stallRate,76.1019999980927,10.8870000107606,TheEmptinessMachine,HTCP,Festive,HTTP/2
2025-05-01 02:11:44,stallRate,78.1019999980927,10.5739091421676,TheEmptinessMachine,HTCP,Festive,HTTP/2
2025-05-01 02:11:46,stallRate,80.1029999256134,10.276837401676,TheEmptinessMachine,HTCP,Festive,HTTP/2
2025-05-01 02:11:48,stallRate,82.1019999980927,9.99720132312444,TheEmptinessMachine,HTCP,Festive,HTTP/2
2025-05-01 02:11:50,stallRate,84.1019999980927,9.73148245705807,TheEmptinessMachine,HTCP,Festive,HTTP/2
2025-05-01 02:11:52,stallRate,86.1019999980927,9.48016937751425,TheEmptinessMachine,HTCP,Festive,HTTP/2
2025-05-01 02:11:54,stallRate,88.1029999256134,9.2406186477238,TheEmptinessMachine,HTCP,Festive,HTTP/2
2025-05-01 02:11:56,stallRate,90.1029999256134,9.0140926178092,TheEmptinessMachine,HTCP,Festive,HTTP/2
2025-05-01 02:11:58,stallRate,92.1029999256134,8.79747827841925,TheEmptinessMachine,HTCP,Festive,HTTP/2
2025-05-01 02:12:00,stallRate,94.1019999980927,8.59100082186287,TheEmptinessMachine,HTCP,Festive,HTTP/2
2025-05-01 02:12:02,stallRate,96.1019999980927,8.39433579203529,TheEmptinessMachine,HTCP,Festive,HTTP/2
2025-05-01 02:12:04,stallRate,98.1029999256134,8.20691123878348,TheEmptinessMachine,HTCP,Festive,HTTP/2
2025-05-01 02:12:10,stallRate,104.101999998093,11.236855443753,TheEmptinessMachine,HTCP,Festive,HTTP/2
2025-05-01 02:12:16,stallRate,110.102999925613,13.5241021313979,TheEmptinessMachine,HTCP,Festive,HTTP/2
2025-05-01 02:12:18,stallRate,112.101999998093,13.2629706660011,TheEmptinessMachine,HTCP,Festive,HTTP/2
2025-05-01 02:12:20,stallRate,114.101999998093,13.0108081069742,TheEmptinessMachine,HTCP,Festive,HTTP/2
2025-05-01 02:12:22,stallRate,116.102999925613,12.7671370281064,TheEmptinessMachine,HTCP,Festive,HTTP/2
2025-05-01 02:12:24,stallRate,118.101999998093,12.5339679076039,TheEmptinessMachine,HTCP,Festive,HTTP/2
2025-05-01 02:12:26,stallRate,120.103999853134,12.3094840535766,TheEmptinessMachine,HTCP,Festive,HTTP/2
2025-05-01 02:12:28,stallRate,122.101999998093,12.0922359856635,TheEmptinessMachine,HTCP,Festive,HTTP/2
2025-05-01 02:12:30,stallRate,124.101999998093,11.8822303748987,TheEmptinessMachine,HTCP,Festive,HTTP/2
2025-05-01 02:12:32,stallRate,126.102999925613,11.6797194387543,TheEmptinessMachine,HTCP,Festive,HTTP/2
2025-05-01 02:12:34,stallRate,128.101999998093,11.4845872342539,TheEmptinessMachine,HTCP,Festive,HTTP/2
2025-05-01 02:12:36,stallRate,130.101999998093,11.2951097726122,TheEmptinessMachine,HTCP,Festive,HTTP/2
2025-05-01 02:12:38,stallRate,132.102999925613,11.1124951086302,TheEmptinessMachine,HTCP,Festive,HTTP/2
2025-05-01 02:12:40,stallRate,134.102999925613,10.9359355448286,TheEmptinessMachine,HTCP,Festive,HTTP/2
2025-05-01 02:12:42,stallRate,136.101999998093,10.7648008751482,TheEmptinessMachine,HTCP,Festive,HTTP/2
2025-05-01 02:12:44,stallRate,138.101999998093,10.5985745527992,TheEmptinessMachine,HTCP,Festive,HTTP/2
2025-05-01 02:12:46,stallRate,140.101999998093,10.4367378285901,TheEmptinessMachine,HTCP,Festive,HTTP/2
2025-05-01 02:12:48,stallRate,142.101999998093,10.2804222424662,TheEmptinessMachine,HTCP,Festive,HTTP/2
2025-05-01 02:12:50,stallRate,144.101999998093,10.1282756375354,TheEmptinessMachine,HTCP,Festive,HTTP/2
2025-05-01 02:12:52,stallRate,146.101999998093,9.98087338903293,TheEmptinessMachine,HTCP,Festive,HTTP/2
2025-05-01 02:12:54,stallRate,148.101999998093,9.8377603111477,TheEmptinessMachine,HTCP,Festive,HTTP/2
2025-05-01 02:12:56,stallRate,150.101999998093,9.69866528432974,TheEmptinessMachine,HTCP,Festive,HTTP/2
2025-05-01 02:12:58,stallRate,152.101999998093,9.56295723457924,TheEmptinessMachine,HTCP,Festive,HTTP/2
2025-05-01 02:13:02,stallRate,156.101999998093,10.6128553765902,TheEmptinessMachine,HTCP,Festive,HTTP/2
2025-05-01 02:13:04,stallRate,158.101999998093,10.4711140609286,TheEmptinessMachine,HTCP,Festive,HTTP/2
2025-05-01 02:13:06,stallRate,160.101999998093,10.3327087437042,TheEmptinessMachine,HTCP,Festive,HTTP/2
2025-05-01 02:13:08,stallRate,162.101999998093,10.1975664181854,TheEmptinessMachine,HTCP,Festive,HTTP/2
2025-05-01 02:13:10,stallRate,164.101999998093,10.0663035525211,TheEmptinessMachine,HTCP,Festive,HTTP/2
2025-05-01 02:13:12,stallRate,166.101999998093,9.93845676920638,TheEmptinessMachine,HTCP,Festive,HTTP/2
2025-05-01 02:13:14,stallRate,168.101999998093,9.81380886947528,TheEmptinessMachine,HTCP,Festive,HTTP/2
2025-05-01 02:13:16,stallRate,170.101999998093,9.69180573187757,TheEmptinessMachine,HTCP,Festive,HTTP/2
2025-05-01 02:13:18,stallRate,172.101999998093,9.57351782947116,TheEmptinessMachine,HTCP,Festive,HTTP/2
2025-05-01 02:13:20,stallRate,174.101999998093,9.67164896846786,TheEmptinessMachine,HTCP,Festive,HTTP/2
2025-05-01 02:13:22,stallRate,176.101999998093,9.555973547616,TheEmptinessMachine,HTCP,Festive,HTTP/2
2025-05-01 02:13:24,stallRate,178.101999998093,9.59728215200545,TheEmptinessMachine,HTCP,Festive,HTTP/2
2025-05-01 02:13:28,stallRate,182.101999998093,9.71106985152652,TheEmptinessMachine,HTCP,Festive,HTTP/2
2025-05-01 02:13:34,stallRate,188.102999925613,11.1305174602314,TheEmptinessMachine,HTCP,Festive,HTTP/2
2025-05-01 02:13:36,stallRate,190.101999998093,11.0535933048047,TheEmptinessMachine,HTCP,Festive,HTTP/2
2025-05-01 02:13:40,stallRate,194.101999998093,11.2375697071136,TheEmptinessMachine,HTCP,Festive,HTTP/2
2025-05-01 02:13:42,stallRate,196.101999998093,11.4069337216809,TheEmptinessMachine,HTCP,Festive,HTTP/2
2025-05-01 02:13:46,stallRate,200.102999925613,11.1845580445959,TheEmptinessMachine,HTCP,Festive,HTTP/2
2025-05-01 02:14:33,stallRate,8.30299997329712,0.0,TheEmptinessMachine,HTCP,Festive,HTTP/3
2025-05-01 02:14:35,stallRate,10.3029999732971,0.0,TheEmptinessMachine,HTCP,Festive,HTTP/3
2025-05-01 02:14:37,stallRate,12.3029999732971,11.7124601667534,TheEmptinessMachine,HTCP,Festive,HTTP/3
2025-05-01 02:14:39,stallRate,14.3029999732971,7.47709327556495,TheEmptinessMachine,HTCP,Festive,HTTP/3
2025-05-01 02:14:41,stallRate,16.3029999732971,5.20494909196428,TheEmptinessMachine,HTCP,Festive,HTTP/3
2025-05-01 02:14:43,stallRate,18.3029999732971,4.09119163146932,TheEmptinessMachine,HTCP,Festive,HTTP/3
2025-05-01 02:14:45,stallRate,20.3029999732971,3.36426131148406,TheEmptinessMachine,HTCP,Festive,HTTP/3
2025-05-01 02:14:47,stallRate,22.3029999732971,2.82917918335791,TheEmptinessMachine,HTCP,Festive,HTTP/3
2025-05-01 02:14:49,stallRate,24.3029999732971,2.46261072398914,TheEmptinessMachine,HTCP,Festive,HTTP/3
2025-05-01 02:14:51,stallRate,26.3029999732971,2.18099878534851,TheEmptinessMachine,HTCP,Festive,HTTP/3
2025-05-01 02:14:53,stallRate,28.3029999732971,1.95444018830709,TheEmptinessMachine,HTCP,Festive,HTTP/3
2025-05-01 02:14:55,stallRate,30.3029999732971,1.77401792590103,TheEmptinessMachine,HTCP,Festive,HTTP/3
2025-05-01 02:14:57,stallRate,32.3029999732971,1.6244777470455,TheEmptinessMachine,HTCP,Festive,HTTP/3
2025-05-01 02:14:59,stallRate,34.3029999732971,2.65033920881045,TheEmptinessMachine,HTCP,Festive,HTTP/3
2025-05-01 02:15:03,stallRate,38.3029999732971,4.28348880288636,TheEmptinessMachine,HTCP,Festive,HTTP/3
2025-05-01 02:15:07,stallRate,42.3029999732971,9.92842695000214,TheEmptinessMachine,HTCP,Festive,HTTP/3
2025-05-01 02:15:09,stallRate,44.3029999732971,9.36722049548374,TheEmptinessMachine,HTCP,Festive,HTTP/3
2025-05-01 02:15:11,stallRate,46.3029999732971,10.1430982044416,TheEmptinessMachine,HTCP,Festive,HTTP/3
2025-05-01 02:15:13,stallRate,48.3029999732971,9.62100366672782,TheEmptinessMachine,HTCP,Festive,HTTP/3
2025-05-01 02:15:15,stallRate,50.3029999732971,9.14523403274849,TheEmptinessMachine,HTCP,Festive,HTTP/3
2025-05-01 02:15:17,stallRate,52.3029999732971,8.71615577434461,TheEmptinessMachine,HTCP,Festive,HTTP/3
2025-05-01 02:15:19,stallRate,54.3029999732971,8.32543304951165,TheEmptinessMachine,HTCP,Festive,HTTP/3
2025-05-01 02:15:21,stallRate,56.3029999732971,7.97133042191036,TheEmptinessMachine,HTCP,Festive,HTTP/3
2025-05-01 02:15:23,stallRate,58.3029999732971,7.64339969193395,TheEmptinessMachine,HTCP,Festive,HTTP/3
2025-05-01 02:15:25,stallRate,60.3029999732971,7.34195468201639,TheEmptinessMachine,HTCP,Festive,HTTP/3
2025-05-01 02:15:27,stallRate,62.3029999732971,7.06408284497488,TheEmptinessMachine,HTCP,Festive,HTTP/3
2025-05-01 02:15:29,stallRate,64.3029999732971,6.80551447939427,TheEmptinessMachine,HTCP,Festive,HTTP/3
2025-05-01 02:15:31,stallRate,66.3029999732971,6.56483936375794,TheEmptinessMachine,HTCP,Festive,HTTP/3
2025-05-01 02:15:33,stallRate,68.3029999732971,6.34123599642398,TheEmptinessMachine,HTCP,Festive,HTTP/3
2025-05-01 02:15:35,stallRate,70.3029999732971,6.13369859636554,TheEmptinessMachine,HTCP,Festive,HTTP/3
2025-05-01 02:15:37,stallRate,72.3029999732971,5.93907139456206,TheEmptinessMachine,HTCP,Festive,HTTP/3
2025-05-01 02:15:41,stallRate,76.3029999732971,9.59595351870833,TheEmptinessMachine,HTCP,Festive,HTTP/3
2025-05-01 02:15:43,stallRate,78.3029999732971,9.31598333938278,TheEmptinessMachine,HTCP,Festive,HTTP/3
2025-05-01 02:15:45,stallRate,80.3029999732971,9.0525475668746,TheEmptinessMachine,HTCP,Festive,HTTP/3
2025-05-01 02:15:47,stallRate,82.3029999732971,8.80271114211096,TheEmptinessMachine,HTCP,Festive,HTTP/3
2025-05-01 02:15:49,stallRate,84.3040001392365,8.56627748029495,TheEmptinessMachine,HTCP,Festive,HTTP/3
2025-05-01 02:15:51,stallRate,86.3029999732971,8.34428626506659,TheEmptinessMachine,HTCP,Festive,HTTP/3
2025-05-01 02:15:53,stallRate,88.3029999732971,8.13277248610942,TheEmptinessMachine,HTCP,Festive,HTTP/3
2025-05-01 02:15:55,stallRate,90.3029999732971,7.93198398977517,TheEmptinessMachine,HTCP,Festive,HTTP/3
2025-05-01 02:15:57,stallRate,92.3029999732971,7.7399393901998,TheEmptinessMachine,HTCP,Festive,HTTP/3
2025-05-01 02:15:59,stallRate,94.3029999732971,7.55616517980154,TheEmptinessMachine,HTCP,Festive,HTTP/3
2025-05-01 02:16:01,stallRate,96.3029999732971,7.38217155250788,TheEmptinessMachine,HTCP,Festive,HTTP/3
2025-05-01 02:16:05,stallRate,100.302999973297,9.80618266617711,TheEmptinessMachine,HTCP,Festive,HTTP/3
2025-05-01 02:16:07,stallRate,102.302999973297,9.59586616521478,TheEmptinessMachine,HTCP,Festive,HTTP/3
2025-05-01 02:16:09,stallRate,104.302999973297,9.86754071417619,TheEmptinessMachine,HTCP,Festive,HTTP/3
2025-05-01 02:16:11,stallRate,106.302999973297,10.0105670961283,TheEmptinessMachine,HTCP,Festive,HTTP/3
2025-05-01 02:16:13,stallRate,108.302999973297,9.80701124776041,TheEmptinessMachine,HTCP,Festive,HTTP/3
2025-05-01 02:16:15,stallRate,110.302999973297,9.72014994850902,TheEmptinessMachine,HTCP,Festive,HTTP/3
2025-05-01 02:16:17,stallRate,112.302999973297,9.52960083583373,TheEmptinessMachine,HTCP,Festive,HTTP/3
2025-05-01 02:16:19,stallRate,114.302999973297,9.34727930498912,TheEmptinessMachine,HTCP,Festive,HTTP/3
2025-05-01 02:16:21,stallRate,116.302999973297,9.17111323070168,TheEmptinessMachine,HTCP,Festive,HTTP/3
2025-05-01 02:16:23,stallRate,118.304000139236,9.00214345674266,TheEmptinessMachine,HTCP,Festive,HTTP/3
2025-05-01 02:16:25,stallRate,120.302999973297,8.83866349751243,TheEmptinessMachine,HTCP,Festive,HTTP/3
2025-05-01 02:16:27,stallRate,122.302999973297,8.68131156042721,TheEmptinessMachine,HTCP,Festive,HTTP/3
2025-05-01 02:16:29,stallRate,124.302999973297,8.52947971854639,TheEmptinessMachine,HTCP,Festive,HTTP/3
2025-05-01 02:16:31,stallRate,126.302999973297,8.38283047570156,TheEmptinessMachine,HTCP,Festive,HTTP/3
2025-05-01 02:16:33,stallRate,128.302999973297,8.24064366208324,TheEmptinessMachine,HTCP,Festive,HTTP/3
2025-05-01 02:16:35,stallRate,130.302999973297,8.10347054185065,TheEmptinessMachine,HTCP,Festive,HTTP/3
2025-05-01 02:16:37,stallRate,132.302999973297,7.97097208309837,TheEmptinessMachine,HTCP,Festive,HTTP/3
2025-05-01 02:16:39,stallRate,134.302999973297,7.84293413901577,TheEmptinessMachine,HTCP,Festive,HTTP/3
2025-05-01 02:16:41,stallRate,136.302999973297,7.71900610909255,TheEmptinessMachine,HTCP,Festive,HTTP/3
2025-05-01 02:16:43,stallRate,138.302999973297,7.5988016620489,TheEmptinessMachine,HTCP,Festive,HTTP/3
2025-05-01 02:16:45,stallRate,140.302999973297,7.48183472109286,TheEmptinessMachine,HTCP,Festive,HTTP/3
2025-05-01 02:16:47,stallRate,142.302999973297,7.3690001292319,TheEmptinessMachine,HTCP,Festive,HTTP/3
2025-05-01 02:16:49,stallRate,144.302999973297,7.25909422134717,TheEmptinessMachine,HTCP,Festive,HTTP/3
2025-05-01 02:16:51,stallRate,146.302999973297,7.15268610184166,TheEmptinessMachine,HTCP,Festive,HTTP/3
2025-05-01 02:16:53,stallRate,148.302999973297,7.04891800335155,TheEmptinessMachine,HTCP,Festive,HTTP/3
2025-05-01 02:16:55,stallRate,150.302999973297,6.94864789098157,TheEmptinessMachine,HTCP,Festive,HTTP/3
2025-05-01 02:16:57,stallRate,152.302999973297,6.85078507200738,TheEmptinessMachine,HTCP,Festive,HTTP/3
2025-05-01 02:16:59,stallRate,154.302999973297,6.75615096253613,TheEmptinessMachine,HTCP,Festive,HTTP/3
2025-05-01 02:17:01,stallRate,156.302999973297,6.66364242430078,TheEmptinessMachine,HTCP,Festive,HTTP/3
2025-05-01 02:17:03,stallRate,158.302999973297,6.57382843740143,TheEmptinessMachine,HTCP,Festive,HTTP/3
2025-05-01 02:17:05,stallRate,160.302999973297,6.48641906466823,TheEmptinessMachine,HTCP,Festive,HTTP/3
2025-05-01 02:17:07,stallRate,162.302999973297,6.40129481330939,TheEmptinessMachine,HTCP,Festive,HTTP/3
2025-05-01 02:17:09,stallRate,164.302999973297,6.31855731392423,TheEmptinessMachine,HTCP,Festive,HTTP/3
2025-05-01 02:17:11,stallRate,166.302999973297,6.23786590772634,TheEmptinessMachine,HTCP,Festive,HTTP/3
2025-05-01 02:17:13,stallRate,168.302999973297,6.15911640842302,TheEmptinessMachine,HTCP,Festive,HTTP/3
2025-05-01 02:17:21,stallRate,176.302999973297,6.74287386881197,TheEmptinessMachine,HTCP,Festive,HTTP/3
2025-05-01 02:17:23,stallRate,178.302999973297,6.66097918896806,TheEmptinessMachine,HTCP,Festive,HTTP/3
2025-05-01 02:17:25,stallRate,180.302999973297,6.58123129214692,TheEmptinessMachine,HTCP,Festive,HTTP/3
2025-05-01 02:17:27,stallRate,182.302999973297,6.50357223640755,TheEmptinessMachine,HTCP,Festive,HTTP/3
2025-05-01 02:17:33,stallRate,188.302999973297,8.23629775727045,TheEmptinessMachine,HTCP,Festive,HTTP/3
2025-05-01 02:17:35,stallRate,190.302999973297,8.14295375583896,TheEmptinessMachine,HTCP,Festive,HTTP/3
2025-05-01 02:17:37,stallRate,192.302999973297,8.05267096997199,TheEmptinessMachine,HTCP,Festive,HTTP/3
2025-05-01 02:17:39,stallRate,194.302999973297,7.96394408724167,TheEmptinessMachine,HTCP,Festive,HTTP/3
2025-05-01 02:17:41,stallRate,196.302999973297,7.87662014664311,TheEmptinessMachine,HTCP,Festive,HTTP/3
2025-05-01 02:17:43,stallRate,198.302999973297,7.79120697674122,TheEmptinessMachine,HTCP,Festive,HTTP/3
2025-05-01 02:17:47,stallRate,202.302999973297,7.75760723769545,TheEmptinessMachine,HTCP,Festive,HTTP/3
2025-05-01 02:17:53,stallRate,208.302999973297,7.55897202383358,TheEmptinessMachine,HTCP,Festive,HTTP/3
2025-05-01 02:17:55,stallRate,210.302999973297,7.48058529626335,TheEmptinessMachine,HTCP,Festive,HTTP/3
2025-05-01 02:18:30,stallRate,4.29100012779236,0.0,TheEmptinessMachine,HTCP,L2A,HTTP/1.1
2025-05-01 02:18:32,stallRate,6.29200005531311,0.0,TheEmptinessMachine,HTCP,L2A,HTTP/1.1
2025-05-01 02:18:34,stallRate,8.29100012779236,8.650568904477,TheEmptinessMachine,HTCP,L2A,HTTP/1.1
2025-05-01 02:18:36,stallRate,10.2910001277924,6.33183822922171,TheEmptinessMachine,HTCP,L2A,HTTP/1.1
2025-05-01 02:18:38,stallRate,12.2910001277924,14.1472716332645,TheEmptinessMachine,HTCP,L2A,HTTP/1.1
2025-05-01 02:18:46,stallRate,20.2910001277924,47.3858558754878,TheEmptinessMachine,HTCP,L2A,HTTP/1.1
2025-05-01 02:18:48,stallRate,22.2910001277924,40.7042585673582,TheEmptinessMachine,HTCP,L2A,HTTP/1.1
2025-05-01 02:18:50,stallRate,24.2910001277924,35.9737655983611,TheEmptinessMachine,HTCP,L2A,HTTP/1.1
2025-05-01 02:18:52,stallRate,26.2920000553131,32.2983770694612,TheEmptinessMachine,HTCP,L2A,HTTP/1.1
2025-05-01 02:18:54,stallRate,28.2910001277924,29.3190269014083,TheEmptinessMachine,HTCP,L2A,HTTP/1.1
2025-05-01 02:18:56,stallRate,30.2910001277924,26.7995358071148,TheEmptinessMachine,HTCP,L2A,HTTP/1.1
2025-05-01 02:18:58,stallRate,32.2910001277924,24.672403292425,TheEmptinessMachine,HTCP,L2A,HTTP/1.1
2025-05-01 02:19:00,stallRate,34.2910001277924,22.8324918786759,TheEmptinessMachine,HTCP,L2A,HTTP/1.1
2025-05-01 02:19:02,stallRate,36.2910001277924,21.2686231152032,TheEmptinessMachine,HTCP,L2A,HTTP/1.1
2025-05-01 02:19:04,stallRate,38.2910001277924,19.9170943412612,TheEmptinessMachine,HTCP,L2A,HTTP/1.1
2025-05-01 02:19:06,stallRate,40.2910001277924,18.7216506639222,TheEmptinessMachine,HTCP,L2A,HTTP/1.1
2025-05-01 02:19:08,stallRate,42.2910001277924,17.665858269807,TheEmptinessMachine,HTCP,L2A,HTTP/1.1
2025-05-01 02:19:10,stallRate,44.2910001277924,16.7182507708918,TheEmptinessMachine,HTCP,L2A,HTTP/1.1
2025-05-01 02:19:12,stallRate,46.2910001277924,15.8655435642341,TheEmptinessMachine,HTCP,L2A,HTTP/1.1
2025-05-01 02:19:14,stallRate,48.2910001277924,15.0980749887613,TheEmptinessMachine,HTCP,L2A,HTTP/1.1
2025-05-01 02:19:16,stallRate,50.2910001277924,14.4029868870432,TheEmptinessMachine,HTCP,L2A,HTTP/1.1
2025-05-01 02:19:18,stallRate,52.2910001277924,13.7667331160887,TheEmptinessMachine,HTCP,L2A,HTTP/1.1
2025-05-01 02:19:20,stallRate,54.2910001277924,13.1866089834538,TheEmptinessMachine,HTCP,L2A,HTTP/1.1
2025-05-01 02:19:22,stallRate,56.2910001277924,12.6511615468628,TheEmptinessMachine,HTCP,L2A,HTTP/1.1
2025-05-01 02:19:24,stallRate,58.2910001277924,12.1574297105958,TheEmptinessMachine,HTCP,L2A,HTTP/1.1
2025-05-01 02:19:26,stallRate,60.2910001277924,11.7016448037237,TheEmptinessMachine,HTCP,L2A,HTTP/1.1
2025-05-01 02:19:28,stallRate,62.2910001277924,11.279614632984,TheEmptinessMachine,HTCP,L2A,HTTP/1.1
2025-05-01 02:19:30,stallRate,64.2910001277924,10.8872212750326,TheEmptinessMachine,HTCP,L2A,HTTP/1.1
2025-05-01 02:19:32,stallRate,66.2910001277924,10.5206937245538,TheEmptinessMachine,HTCP,L2A,HTTP/1.1
2025-05-01 02:19:34,stallRate,68.2910001277924,10.1766971349748,TheEmptinessMachine,HTCP,L2A,HTTP/1.1
2025-05-01 02:19:36,stallRate,70.2910001277924,9.85609333511906,TheEmptinessMachine,HTCP,L2A,HTTP/1.1
2025-05-01 02:19:38,stallRate,72.2910001277924,9.55386347576685,TheEmptinessMachine,HTCP,L2A,HTTP/1.1
2025-05-01 02:19:40,stallRate,74.2910001277924,9.27035408840635,TheEmptinessMachine,HTCP,L2A,HTTP/1.1
2025-05-01 02:19:42,stallRate,76.2920000553131,9.00460739372194,TheEmptinessMachine,HTCP,L2A,HTTP/1.1
2025-05-01 02:19:44,stallRate,78.2910001277924,8.7533212530128,TheEmptinessMachine,HTCP,L2A,HTTP/1.1
2025-05-01 02:19:46,stallRate,80.2910001277924,9.21186421899766,TheEmptinessMachine,HTCP,L2A,HTTP/1.1
2025-05-01 02:19:48,stallRate,82.2910001277924,9.42267663041249,TheEmptinessMachine,HTCP,L2A,HTTP/1.1
2025-05-01 02:19:50,stallRate,84.2910001277924,9.17800789284779,TheEmptinessMachine,HTCP,L2A,HTTP/1.1
2025-05-01 02:19:52,stallRate,86.2910001277924,8.94651630049487,TheEmptinessMachine,HTCP,L2A,HTTP/1.1
2025-05-01 02:19:54,stallRate,88.2910001277924,8.72779019848339,TheEmptinessMachine,HTCP,L2A,HTTP/1.1
2025-05-01 02:19:56,stallRate,90.2910001277924,8.51812248702053,TheEmptinessMachine,HTCP,L2A,HTTP/1.1
2025-05-01 02:19:58,stallRate,92.2910001277924,8.31753805463732,TheEmptinessMachine,HTCP,L2A,HTTP/1.1
2025-05-01 02:20:00,stallRate,94.2910001277924,8.12730603937199,TheEmptinessMachine,HTCP,L2A,HTTP/1.1
2025-05-01 02:20:02,stallRate,96.2910001277924,7.94497656434452,TheEmptinessMachine,HTCP,L2A,HTTP/1.1
2025-05-01 02:20:04,stallRate,98.2910001277924,7.77113657486617,TheEmptinessMachine,HTCP,L2A,HTTP/1.1
2025-05-01 02:20:06,stallRate,100.291000127792,7.60572096748874,TheEmptinessMachine,HTCP,L2A,HTTP/1.1
2025-05-01 02:20:08,stallRate,102.291000127792,7.44688266180197,TheEmptinessMachine,HTCP,L2A,HTTP/1.1
2025-05-01 02:20:10,stallRate,104.291000127792,7.29372986788298,TheEmptinessMachine,HTCP,L2A,HTTP/1.1
2025-05-01 02:20:12,stallRate,106.291000127792,7.14649333029528,TheEmptinessMachine,HTCP,L2A,HTTP/1.1
2025-05-01 02:20:14,stallRate,108.291000127792,7.00548689306514,TheEmptinessMachine,HTCP,L2A,HTTP/1.1
2025-05-01 02:20:16,stallRate,110.291000127792,6.870222441446,TheEmptinessMachine,HTCP,L2A,HTTP/1.1
2025-05-01 02:20:18,stallRate,112.291000127792,6.73958222941461,TheEmptinessMachine,HTCP,L2A,HTTP/1.1
2025-05-01 02:20:20,stallRate,114.291000127792,6.61361455843651,TheEmptinessMachine,HTCP,L2A,HTTP/1.1
2025-05-01 02:20:22,stallRate,116.291000127792,6.49263123158078,TheEmptinessMachine,HTCP,L2A,HTTP/1.1
2025-05-01 02:20:24,stallRate,118.291000127792,6.37606541151232,TheEmptinessMachine,HTCP,L2A,HTTP/1.1
2025-05-01 02:20:26,stallRate,120.291000127792,6.26359661600215,TheEmptinessMachine,HTCP,L2A,HTTP/1.1
2025-05-01 02:20:28,stallRate,122.291000127792,6.54512780676104,TheEmptinessMachine,HTCP,L2A,HTTP/1.1
2025-05-01 02:20:30,stallRate,124.291000127792,6.59269747688183,TheEmptinessMachine,HTCP,L2A,HTTP/1.1
2025-05-01 02:20:32,stallRate,126.291000127792,6.48259256247302,TheEmptinessMachine,HTCP,L2A,HTTP/1.1
2025-05-01 02:20:34,stallRate,128.291000127792,6.37563516257227,TheEmptinessMachine,HTCP,L2A,HTTP/1.1
2025-05-01 02:20:36,stallRate,130.291000127792,6.27218522879146,TheEmptinessMachine,HTCP,L2A,HTTP/1.1
2025-05-01 02:20:38,stallRate,132.291000127792,6.17208755525151,TheEmptinessMachine,HTCP,L2A,HTTP/1.1
2025-05-01 02:20:40,stallRate,134.291000127792,6.07533733947059,TheEmptinessMachine,HTCP,L2A,HTTP/1.1
2025-05-01 02:20:42,stallRate,136.291000127792,5.98149878992894,TheEmptinessMachine,HTCP,L2A,HTTP/1.1
2025-05-01 02:20:44,stallRate,138.291000127792,5.89048743832356,TheEmptinessMachine,HTCP,L2A,HTTP/1.1
2025-05-01 02:20:46,stallRate,140.291000127792,5.80235947569799,TheEmptinessMachine,HTCP,L2A,HTTP/1.1
2025-05-01 02:20:48,stallRate,142.291000127792,5.71648699524406,TheEmptinessMachine,HTCP,L2A,HTTP/1.1
2025-05-01 02:20:50,stallRate,144.291000127792,5.6334397617555,TheEmptinessMachine,HTCP,L2A,HTTP/1.1
2025-05-01 02:20:52,stallRate,146.291000127792,5.5519544621131,TheEmptinessMachine,HTCP,L2A,HTTP/1.1
2025-05-01 02:20:54,stallRate,148.291000127792,5.47389448823314,TheEmptinessMachine,HTCP,L2A,HTTP/1.1
2025-05-01 02:20:56,stallRate,150.291000127792,5.39744885540939,TheEmptinessMachine,HTCP,L2A,HTTP/1.1
2025-05-01 02:20:58,stallRate,152.291000127792,5.32283905625628,TheEmptinessMachine,HTCP,L2A,HTTP/1.1
2025-05-01 02:21:00,stallRate,154.291000127792,5.25064166044859,TheEmptinessMachine,HTCP,L2A,HTTP/1.1
2025-05-01 02:21:02,stallRate,156.291000127792,5.18055011222844,TheEmptinessMachine,HTCP,L2A,HTTP/1.1
2025-05-01 02:21:04,stallRate,158.291000127792,5.11200057362908,TheEmptinessMachine,HTCP,L2A,HTTP/1.1
2025-05-01 02:21:06,stallRate,160.291000127792,5.04520108680093,TheEmptinessMachine,HTCP,L2A,HTTP/1.1
2025-05-01 02:21:08,stallRate,162.291000127792,4.98059490088057,TheEmptinessMachine,HTCP,L2A,HTTP/1.1
2025-05-01 02:21:10,stallRate,164.291000127792,4.91732829974871,TheEmptinessMachine,HTCP,L2A,HTTP/1.1
2025-05-01 02:21:12,stallRate,166.291000127792,4.85554968732746,TheEmptinessMachine,HTCP,L2A,HTTP/1.1
2025-05-01 02:21:14,stallRate,168.291000127792,4.79538344157894,TheEmptinessMachine,HTCP,L2A,HTTP/1.1
2025-05-01 02:21:16,stallRate,170.291000127792,5.32553493139406,TheEmptinessMachine,HTCP,L2A,HTTP/1.1
2025-05-01 02:21:18,stallRate,172.291000127792,5.2609922933724,TheEmptinessMachine,HTCP,L2A,HTTP/1.1
2025-05-01 02:21:20,stallRate,174.291000127792,5.19790644429208,TheEmptinessMachine,HTCP,L2A,HTTP/1.1
2025-05-01 02:21:22,stallRate,176.291000127792,5.13649571162695,TheEmptinessMachine,HTCP,L2A,HTTP/1.1
2025-05-01 02:21:24,stallRate,178.291000127792,5.07689004273522,TheEmptinessMachine,HTCP,L2A,HTTP/1.1
2025-05-01 02:21:26,stallRate,180.291000127792,5.01791694165194,TheEmptinessMachine,HTCP,L2A,HTTP/1.1
2025-05-01 02:21:28,stallRate,182.291000127792,4.9608141248392,TheEmptinessMachine,HTCP,L2A,HTTP/1.1
2025-05-01 02:21:30,stallRate,184.291000127792,4.90505622595234,TheEmptinessMachine,HTCP,L2A,HTTP/1.1
2025-05-01 02:21:32,stallRate,186.291000127792,4.85042371829772,TheEmptinessMachine,HTCP,L2A,HTTP/1.1
2025-05-01 02:21:34,stallRate,188.291000127792,4.79677541291903,TheEmptinessMachine,HTCP,L2A,HTTP/1.1
2025-05-01 02:21:36,stallRate,190.291000127792,4.74428771336874,TheEmptinessMachine,HTCP,L2A,HTTP/1.1
2025-05-01 02:21:38,stallRate,192.291000127792,4.69278696131394,TheEmptinessMachine,HTCP,L2A,HTTP/1.1
2025-05-01 02:21:40,stallRate,194.291000127792,4.64287423519433,TheEmptinessMachine,HTCP,L2A,HTTP/1.1
2025-05-01 02:21:42,stallRate,196.291000127792,4.59416253162682,TheEmptinessMachine,HTCP,L2A,HTTP/1.1
2025-05-01 02:21:44,stallRate,198.291000127792,4.54621040142437,TheEmptinessMachine,HTCP,L2A,HTTP/1.1
2025-05-01 02:21:46,stallRate,200.291000127792,4.49902050843939,TheEmptinessMachine,HTCP,L2A,HTTP/1.1
2025-05-01 02:22:32,stallRate,2.10000014305115,0.0,TheEmptinessMachine,HTCP,L2A,HTTP/2
2025-05-01 02:22:40,stallRate,10.0989999771118,11.1488133505242,TheEmptinessMachine,HTCP,L2A,HTTP/2
2025-05-01 02:22:46,stallRate,16.1000001430511,10.7509409874169,TheEmptinessMachine,HTCP,L2A,HTTP/2
2025-05-01 02:22:48,stallRate,18.0989999771118,9.2213553064718,TheEmptinessMachine,HTCP,L2A,HTTP/2
2025-05-01 02:22:50,stallRate,20.0989999771118,13.3381518606327,TheEmptinessMachine,HTCP,L2A,HTTP/2
2025-05-01 02:22:54,stallRate,24.0989999771118,12.8231068403756,TheEmptinessMachine,HTCP,L2A,HTTP/2
2025-05-01 02:22:56,stallRate,26.0989999771118,13.6091981073373,TheEmptinessMachine,HTCP,L2A,HTTP/2
2025-05-01 02:23:00,stallRate,30.0989999771118,16.3005835752659,TheEmptinessMachine,HTCP,L2A,HTTP/2
2025-05-01 02:23:06,stallRate,36.0989999771118,21.1097220517036,TheEmptinessMachine,HTCP,L2A,HTTP/2
2025-05-01 02:23:08,stallRate,38.0989999771118,20.4286261722714,TheEmptinessMachine,HTCP,L2A,HTTP/2
2025-05-01 02:23:10,stallRate,40.0989999771118,19.2959605807056,TheEmptinessMachine,HTCP,L2A,HTTP/2
2025-05-01 02:23:12,stallRate,42.0989999771118,18.2784395109861,TheEmptinessMachine,HTCP,L2A,HTTP/2
2025-05-01 02:23:14,stallRate,44.0989999771118,17.3657273745899,TheEmptinessMachine,HTCP,L2A,HTTP/2
2025-05-01 02:23:16,stallRate,46.0989999771118,16.5365374195036,TheEmptinessMachine,HTCP,L2A,HTTP/2
2025-05-01 02:23:18,stallRate,48.0989999771118,15.7867883367185,TheEmptinessMachine,HTCP,L2A,HTTP/2
2025-05-01 02:23:20,stallRate,50.0989999771118,15.099456231927,TheEmptinessMachine,HTCP,L2A,HTTP/2
2025-05-01 02:23:24,stallRate,54.0989999771118,13.8929617208073,TheEmptinessMachine,HTCP,L2A,HTTP/2
2025-05-01 02:23:26,stallRate,56.0989999771118,13.3591299293168,TheEmptinessMachine,HTCP,L2A,HTTP/2
2025-05-01 02:23:28,stallRate,58.0989999771118,12.8649668165968,TheEmptinessMachine,HTCP,L2A,HTTP/2
2025-05-01 02:23:30,stallRate,60.0989999771118,12.4086354506713,TheEmptinessMachine,HTCP,L2A,HTTP/2
2025-05-01 02:23:32,stallRate,62.0989999771118,12.5663287058155,TheEmptinessMachine,HTCP,L2A,HTTP/2
2025-05-01 02:23:34,stallRate,64.0989999771118,12.1469653861882,TheEmptinessMachine,HTCP,L2A,HTTP/2
2025-05-01 02:23:36,stallRate,66.0989999771118,11.7553700242787,TheEmptinessMachine,HTCP,L2A,HTTP/2
2025-05-01 02:23:38,stallRate,68.0989999771118,11.38685542705,TheEmptinessMachine,HTCP,L2A,HTTP/2
2025-05-01 02:23:40,stallRate,70.0989999771118,11.0425953234357,TheEmptinessMachine,HTCP,L2A,HTTP/2
2025-05-01 02:23:42,stallRate,72.0989999771118,10.7172300809746,TheEmptinessMachine,HTCP,L2A,HTTP/2
2025-05-01 02:23:44,stallRate,74.0989999771118,10.559191180762,TheEmptinessMachine,HTCP,L2A,HTTP/2
2025-05-01 02:23:46,stallRate,76.0989999771118,10.2662662342592,TheEmptinessMachine,HTCP,L2A,HTTP/2
2025-05-01 02:23:48,stallRate,78.0989999771118,9.98913401709302,TheEmptinessMachine,HTCP,L2A,HTTP/2
2025-05-01 02:23:50,stallRate,80.0989999771118,9.72545022196524,TheEmptinessMachine,HTCP,L2A,HTTP/2
2025-05-01 02:23:52,stallRate,82.0989999771118,9.47539978196167,TheEmptinessMachine,HTCP,L2A,HTTP/2
2025-05-01 02:23:54,stallRate,84.0989999771118,9.23976014260531,TheEmptinessMachine,HTCP,L2A,HTTP/2
2025-05-01 02:23:56,stallRate,86.0989999771118,9.01457557126205,TheEmptinessMachine,HTCP,L2A,HTTP/2
2025-05-01 02:23:58,stallRate,88.0989999771118,8.80104344246619,TheEmptinessMachine,HTCP,L2A,HTTP/2
2025-05-01 02:24:00,stallRate,90.0989999771118,8.59613449923249,TheEmptinessMachine,HTCP,L2A,HTTP/2
2025-05-01 02:24:02,stallRate,92.0989999771118,8.3997849629706,TheEmptinessMachine,HTCP,L2A,HTTP/2
2025-05-01 02:24:04,stallRate,94.0989999771118,8.21321299224971,TheEmptinessMachine,HTCP,L2A,HTTP/2
2025-05-01 02:24:06,stallRate,96.0989999771118,8.03425448174461,TheEmptinessMachine,HTCP,L2A,HTTP/2
2025-05-01 02:24:08,stallRate,98.0989999771118,7.86336532364032,TheEmptinessMachine,HTCP,L2A,HTTP/2
2025-05-01 02:24:10,stallRate,100.098999977112,7.69996722521846,TheEmptinessMachine,HTCP,L2A,HTTP/2
2025-05-01 02:24:12,stallRate,102.098999977112,7.54292444341038,TheEmptinessMachine,HTCP,L2A,HTTP/2
2025-05-01 02:24:14,stallRate,104.098999977112,7.39157315080368,TheEmptinessMachine,HTCP,L2A,HTTP/2
2025-05-01 02:24:20,stallRate,110.098999977112,6.97401987557839,TheEmptinessMachine,HTCP,L2A,HTTP/2
2025-05-01 02:24:22,stallRate,112.098999977112,6.84516984151518,TheEmptinessMachine,HTCP,L2A,HTTP/2
2025-05-01 02:24:34,stallRate,124.098999977112,7.64989052822402,TheEmptinessMachine,HTCP,L2A,HTTP/2
2025-05-01 02:24:36,stallRate,126.098999977112,7.68924083357673,TheEmptinessMachine,HTCP,L2A,HTTP/2
2025-05-01 02:24:38,stallRate,128.098999977112,7.76505906632773,TheEmptinessMachine,HTCP,L2A,HTTP/2
2025-05-01 02:24:40,stallRate,130.098999977112,7.64156994957782,TheEmptinessMachine,HTCP,L2A,HTTP/2
2025-05-01 02:24:42,stallRate,132.098999977112,7.77596183356183,TheEmptinessMachine,HTCP,L2A,HTTP/2
2025-05-01 02:24:44,stallRate,134.098999977112,7.65529660556859,TheEmptinessMachine,HTCP,L2A,HTTP/2
2025-05-01 02:24:46,stallRate,136.098999977112,7.53903326479648,TheEmptinessMachine,HTCP,L2A,HTTP/2
2025-05-01 02:24:50,stallRate,140.098999977112,7.31647458089587,TheEmptinessMachine,HTCP,L2A,HTTP/2
2025-05-01 02:24:58,stallRate,148.098999977112,6.9077252568535,TheEmptinessMachine,HTCP,L2A,HTTP/2
2025-05-01 02:25:00,stallRate,150.098999977112,6.81302084012728,TheEmptinessMachine,HTCP,L2A,HTTP/2
2025-05-01 02:25:02,stallRate,152.098999977112,6.7204166522687,TheEmptinessMachine,HTCP,L2A,HTTP/2
2025-05-01 02:25:04,stallRate,154.098999977112,6.63067162403336,TheEmptinessMachine,HTCP,L2A,HTTP/2
2025-05-01 02:25:06,stallRate,156.098999977112,6.54285538562032,TheEmptinessMachine,HTCP,L2A,HTTP/2
2025-05-01 02:25:08,stallRate,158.098999977112,6.45752898448053,TheEmptinessMachine,HTCP,L2A,HTTP/2
2025-05-01 02:25:10,stallRate,160.098999977112,6.37441093349811,TheEmptinessMachine,HTCP,L2A,HTTP/2
2025-05-01 02:25:12,stallRate,162.098999977112,6.29341179824353,TheEmptinessMachine,HTCP,L2A,HTTP/2
2025-05-01 02:25:14,stallRate,164.098999977112,6.21415685216877,TheEmptinessMachine,HTCP,L2A,HTTP/2
2025-05-01 02:25:16,stallRate,166.098999977112,6.13687583241831,TheEmptinessMachine,HTCP,L2A,HTTP/2
2025-05-01 02:25:18,stallRate,168.098999977112,6.06169701990024,TheEmptinessMachine,HTCP,L2A,HTTP/2
2025-05-01 02:25:20,stallRate,170.098999977112,5.98854290502808,TheEmptinessMachine,HTCP,L2A,HTTP/2
2025-05-01 02:25:22,stallRate,172.100000143051,5.91707380611094,TheEmptinessMachine,HTCP,L2A,HTTP/2
2025-05-01 02:25:24,stallRate,174.098999977112,5.84729601622808,TheEmptinessMachine,HTCP,L2A,HTTP/2
2025-05-01 02:25:26,stallRate,176.098999977112,5.77884618281059,TheEmptinessMachine,HTCP,L2A,HTTP/2
2025-05-01 02:25:28,stallRate,178.098999977112,5.71196783245779,TheEmptinessMachine,HTCP,L2A,HTTP/2
2025-05-01 02:25:30,stallRate,180.098999977112,5.64715520365728,TheEmptinessMachine,HTCP,L2A,HTTP/2
2025-05-01 02:25:32,stallRate,182.098999977112,5.58351073235677,TheEmptinessMachine,HTCP,L2A,HTTP/2
2025-05-01 02:25:34,stallRate,184.098999977112,5.52152390893453,TheEmptinessMachine,HTCP,L2A,HTTP/2
2025-05-01 02:25:36,stallRate,186.098999977112,5.46055198152105,TheEmptinessMachine,HTCP,L2A,HTTP/2
2025-05-01 02:25:38,stallRate,188.098999977112,5.40067706012563,TheEmptinessMachine,HTCP,L2A,HTTP/2
2025-05-01 02:25:40,stallRate,190.098999977112,5.34262752688688,TheEmptinessMachine,HTCP,L2A,HTTP/2
2025-05-01 02:25:42,stallRate,192.098999977112,5.28566875045692,TheEmptinessMachine,HTCP,L2A,HTTP/2
2025-05-01 02:25:44,stallRate,194.098999977112,5.23001817471716,TheEmptinessMachine,HTCP,L2A,HTTP/2
2025-05-01 02:25:46,stallRate,196.098999977112,5.17495486574682,TheEmptinessMachine,HTCP,L2A,HTTP/2
2025-05-01 02:25:48,stallRate,198.098999977112,5.48140968543186,TheEmptinessMachine,HTCP,L2A,HTTP/2
2025-05-01 02:26:37,stallRate,10.2990000247955,0.0,TheEmptinessMachine,HTCP,L2A,HTTP/3
2025-05-01 02:26:39,stallRate,12.2990000247955,0.0,TheEmptinessMachine,HTCP,L2A,HTTP/3
2025-05-01 02:26:41,stallRate,14.2990000247955,0.0,TheEmptinessMachine,HTCP,L2A,HTTP/3
2025-05-01 02:26:43,stallRate,16.2990000247955,0.0,TheEmptinessMachine,HTCP,L2A,HTTP/3
2025-05-01 02:26:45,stallRate,18.2990000247955,0.0,TheEmptinessMachine,HTCP,L2A,HTTP/3
2025-05-01 02:26:47,stallRate,20.2990000247955,0.0,TheEmptinessMachine,HTCP,L2A,HTTP/3
2025-05-01 02:26:49,stallRate,22.2990000247955,0.0,TheEmptinessMachine,HTCP,L2A,HTTP/3
2025-05-01 02:26:55,stallRate,28.2990000247955,14.3305173857205,TheEmptinessMachine,HTCP,L2A,HTTP/3
2025-05-01 02:26:59,stallRate,32.2990000247955,14.661065249991,TheEmptinessMachine,HTCP,L2A,HTTP/3
2025-05-01 02:27:03,stallRate,36.2990000247955,14.9197931825666,TheEmptinessMachine,HTCP,L2A,HTTP/3
2025-05-01 02:27:05,stallRate,38.2999999523163,17.1188680484573,TheEmptinessMachine,HTCP,L2A,HTTP/3
2025-05-01 02:27:09,stallRate,42.2990000247955,16.9896363497888,TheEmptinessMachine,HTCP,L2A,HTTP/3
2025-05-01 02:27:11,stallRate,44.2990000247955,15.997785629295,TheEmptinessMachine,HTCP,L2A,HTTP/3
2025-05-01 02:27:15,stallRate,48.2990000247955,15.3674410701116,TheEmptinessMachine,HTCP,L2A,HTTP/3
2025-05-01 02:27:19,stallRate,52.2990000247955,15.4346700455544,TheEmptinessMachine,HTCP,L2A,HTTP/3
2025-05-01 02:27:21,stallRate,54.2990000247955,17.4013207565526,TheEmptinessMachine,HTCP,L2A,HTTP/3
2025-05-01 02:27:23,stallRate,56.2990000247955,16.6207398660968,TheEmptinessMachine,HTCP,L2A,HTTP/3
2025-05-01 02:27:25,stallRate,58.2990000247955,17.2493294985594,TheEmptinessMachine,HTCP,L2A,HTTP/3
2025-05-01 02:27:27,stallRate,60.2990000247955,16.7167222491709,TheEmptinessMachine,HTCP,L2A,HTTP/3
2025-05-01 02:27:29,stallRate,62.2990000247955,16.0572243654607,TheEmptinessMachine,HTCP,L2A,HTTP/3
2025-05-01 02:27:33,stallRate,66.2990000247955,14.8803442907519,TheEmptinessMachine,HTCP,L2A,HTTP/3
2025-05-01 02:27:35,stallRate,68.2990000247955,14.3538688306623,TheEmptinessMachine,HTCP,L2A,HTTP/3
2025-05-01 02:27:37,stallRate,70.2990000247955,13.8632870787068,TheEmptinessMachine,HTCP,L2A,HTTP/3
2025-05-01 02:27:39,stallRate,72.2990000247955,13.4056461464331,TheEmptinessMachine,HTCP,L2A,HTTP/3
2025-05-01 02:27:41,stallRate,74.2990000247955,12.978303671297,TheEmptinessMachine,HTCP,L2A,HTTP/3
2025-05-01 02:27:43,stallRate,76.2990000247955,12.5758245627953,TheEmptinessMachine,HTCP,L2A,HTTP/3
2025-05-01 02:27:45,stallRate,78.2990000247955,12.1971548219658,TheEmptinessMachine,HTCP,L2A,HTTP/3
2025-05-01 02:27:47,stallRate,80.2990000247955,11.8414652545659,TheEmptinessMachine,HTCP,L2A,HTTP/3
2025-05-01 02:27:49,stallRate,82.2990000247955,11.5050772680328,TheEmptinessMachine,HTCP,L2A,HTTP/3
2025-05-01 02:27:55,stallRate,88.2990000247955,15.7625511725806,TheEmptinessMachine,HTCP,L2A,HTTP/3
2025-05-01 02:27:57,stallRate,90.2990000247955,15.6050118645603,TheEmptinessMachine,HTCP,L2A,HTTP/3
2025-05-01 02:27:59,stallRate,92.2990000247955,15.6050118645603,TheEmptinessMachine,HTCP,L2A,HTTP/3
2025-05-01 02:28:01,stallRate,94.2990000247955,15.4943049553452,TheEmptinessMachine,HTCP,L2A,HTTP/3
2025-05-01 02:28:03,stallRate,96.2990000247955,15.1084985905098,TheEmptinessMachine,HTCP,L2A,HTTP/3
2025-05-01 02:28:05,stallRate,98.2990000247955,14.7420583444035,TheEmptinessMachine,HTCP,L2A,HTTP/3
2025-05-01 02:28:07,stallRate,100.299000024796,14.7753727419622,TheEmptinessMachine,HTCP,L2A,HTTP/3
2025-05-01 02:28:09,stallRate,102.299000024796,14.4322458202216,TheEmptinessMachine,HTCP,L2A,HTTP/3
2025-05-01 02:28:13,stallRate,106.299000024796,15.01358591084,TheEmptinessMachine,HTCP,L2A,HTTP/3
2025-05-01 02:28:15,stallRate,108.299000024796,14.7076351535069,TheEmptinessMachine,HTCP,L2A,HTTP/3
2025-05-01 02:28:17,stallRate,110.299000024796,14.3840382124567,TheEmptinessMachine,HTCP,L2A,HTTP/3
2025-05-01 02:28:19,stallRate,112.299000024796,14.073199089475,TheEmptinessMachine,HTCP,L2A,HTTP/3
2025-05-01 02:28:21,stallRate,114.299000024796,13.7764963686166,TheEmptinessMachine,HTCP,L2A,HTTP/3
2025-05-01 02:28:23,stallRate,116.299000024796,13.4910175562927,TheEmptinessMachine,HTCP,L2A,HTTP/3
2025-05-01 02:28:25,stallRate,118.299000024796,13.2181732656152,TheEmptinessMachine,HTCP,L2A,HTTP/3
2025-05-01 02:28:27,stallRate,120.299000024796,12.955186984492,TheEmptinessMachine,HTCP,L2A,HTTP/3
2025-05-01 02:28:29,stallRate,122.299000024796,12.7028989914332,TheEmptinessMachine,HTCP,L2A,HTTP/3
2025-05-01 02:28:31,stallRate,124.299000024796,12.4594233923793,TheEmptinessMachine,HTCP,L2A,HTTP/3
2025-05-01 02:28:33,stallRate,126.299000024796,12.2261442827063,TheEmptinessMachine,HTCP,L2A,HTTP/3
2025-05-01 02:28:35,stallRate,128.299000024796,12.0018846286223,TheEmptinessMachine,HTCP,L2A,HTTP/3
2025-05-01 02:28:37,stallRate,130.299000024796,11.7855218842738,TheEmptinessMachine,HTCP,L2A,HTTP/3
2025-05-01 02:28:39,stallRate,132.299000024796,11.57643251575,TheEmptinessMachine,HTCP,L2A,HTTP/3
2025-05-01 02:28:41,stallRate,134.299999952316,11.3748993144381,TheEmptinessMachine,HTCP,L2A,HTTP/3
2025-05-01 02:28:43,stallRate,136.299000024796,11.1788312189963,TheEmptinessMachine,HTCP,L2A,HTTP/3
2025-05-01 02:28:45,stallRate,138.299000024796,10.9901302975199,TheEmptinessMachine,HTCP,L2A,HTTP/3
2025-05-01 02:28:47,stallRate,140.299000024796,10.8080665166147,TheEmptinessMachine,HTCP,L2A,HTTP/3
2025-05-01 02:28:49,stallRate,142.299000024796,10.6314770442844,TheEmptinessMachine,HTCP,L2A,HTTP/3
2025-05-01 02:28:51,stallRate,144.299000024796,10.4603087732907,TheEmptinessMachine,HTCP,L2A,HTTP/3
2025-05-01 02:28:53,stallRate,146.299000024796,10.2959533315198,TheEmptinessMachine,HTCP,L2A,HTTP/3
2025-05-01 02:28:55,stallRate,148.299000024796,10.1354824209283,TheEmptinessMachine,HTCP,L2A,HTTP/3
2025-05-01 02:28:57,stallRate,150.302000045776,9.98074555333489,TheEmptinessMachine,HTCP,L2A,HTTP/3
2025-05-01 02:28:59,stallRate,152.299000024796,9.8306240134782,TheEmptinessMachine,HTCP,L2A,HTTP/3
2025-05-01 02:29:01,stallRate,154.299000024796,9.68397974565601,TheEmptinessMachine,HTCP,L2A,HTTP/3
2025-05-01 02:29:03,stallRate,156.299000024796,9.54171963162867,TheEmptinessMachine,HTCP,L2A,HTTP/3
2025-05-01 02:29:05,stallRate,158.299000024796,9.40469021325442,TheEmptinessMachine,HTCP,L2A,HTTP/3
2025-05-01 02:29:07,stallRate,160.299000024796,9.27064536753326,TheEmptinessMachine,HTCP,L2A,HTTP/3
2025-05-01 02:29:09,stallRate,162.299000024796,9.14055645449965,TheEmptinessMachine,HTCP,L2A,HTTP/3
2025-05-01 02:29:11,stallRate,164.299000024796,9.01438994709385,TheEmptinessMachine,HTCP,L2A,HTTP/3
2025-05-01 02:29:13,stallRate,166.299000024796,8.89229553187724,TheEmptinessMachine,HTCP,L2A,HTTP/3
2025-05-01 02:29:15,stallRate,168.299000024796,8.77255550965076,TheEmptinessMachine,HTCP,L2A,HTTP/3
2025-05-01 02:29:17,stallRate,170.299000024796,8.65617642036288,TheEmptinessMachine,HTCP,L2A,HTTP/3
2025-05-01 02:29:19,stallRate,172.299000024796,8.54236033701346,TheEmptinessMachine,HTCP,L2A,HTTP/3
2025-05-01 02:29:21,stallRate,174.299000024796,8.43151196081775,TheEmptinessMachine,HTCP,L2A,HTTP/3
2025-05-01 02:29:23,stallRate,176.299000024796,8.3237791735948,TheEmptinessMachine,HTCP,L2A,HTTP/3
2025-05-01 02:29:25,stallRate,178.299000024796,8.21888740348616,TheEmptinessMachine,HTCP,L2A,HTTP/3
2025-05-01 02:29:27,stallRate,180.299000024796,8.11713619170797,TheEmptinessMachine,HTCP,L2A,HTTP/3
2025-05-01 02:29:29,stallRate,182.299000024796,8.0174508127839,TheEmptinessMachine,HTCP,L2A,HTTP/3
2025-05-01 02:29:31,stallRate,184.299000024796,7.91970109960942,TheEmptinessMachine,HTCP,L2A,HTTP/3
2025-05-01 02:29:33,stallRate,186.299000024796,7.82483285548567,TheEmptinessMachine,HTCP,L2A,HTTP/3
2025-05-01 02:29:35,stallRate,188.299000024796,7.73183110407405,TheEmptinessMachine,HTCP,L2A,HTTP/3
2025-05-01 02:29:37,stallRate,190.299000024796,7.64143088489094,TheEmptinessMachine,HTCP,L2A,HTTP/3
2025-05-01 02:29:39,stallRate,192.299000024796,7.55276234791493,TheEmptinessMachine,HTCP,L2A,HTTP/3
2025-05-01 02:29:41,stallRate,194.299000024796,7.46630690525767,TheEmptinessMachine,HTCP,L2A,HTTP/3
2025-05-01 02:29:43,stallRate,196.299000024796,7.38182310025441,TheEmptinessMachine,HTCP,L2A,HTTP/3
2025-05-01 02:29:45,stallRate,198.299000024796,7.29921646924767,TheEmptinessMachine,HTCP,L2A,HTTP/3
2025-05-01 02:29:47,stallRate,200.299000024796,7.21862444854566,TheEmptinessMachine,HTCP,L2A,HTTP/3
2025-05-01 02:29:49,stallRate,202.299000024796,7.13972960287154,TheEmptinessMachine,HTCP,L2A,HTTP/3
2025-05-01 02:29:51,stallRate,204.299000024796,7.06242207907394,TheEmptinessMachine,HTCP,L2A,HTTP/3
2025-05-01 02:29:55,stallRate,208.299000024796,7.31049579446573,TheEmptinessMachine,HTCP,L2A,HTTP/3
2025-05-01 02:30:01,stallRate,214.299000024796,7.83094092834843,TheEmptinessMachine,HTCP,L2A,HTTP/3
2025-05-01 02:30:03,stallRate,216.299000024796,7.75047603139989,TheEmptinessMachine,HTCP,L2A,HTTP/3
2025-05-01 02:30:37,stallRate,6.9449999332428,0.0,TheEmptinessMachine,HTCP,RB,HTTP/1.1
2025-05-01 02:30:39,stallRate,8.9449999332428,0.0,TheEmptinessMachine,HTCP,RB,HTTP/1.1
2025-05-01 02:30:41,stallRate,10.9449999332428,0.0,TheEmptinessMachine,HTCP,RB,HTTP/1.1
2025-05-01 02:30:43,stallRate,12.9439997673035,0.0,TheEmptinessMachine,HTCP,RB,HTTP/1.1
2025-05-01 02:30:45,stallRate,14.9449999332428,0.0,TheEmptinessMachine,HTCP,RB,HTTP/1.1
2025-05-01 02:30:47,stallRate,16.9449999332428,0.0,TheEmptinessMachine,HTCP,RB,HTTP/1.1
2025-05-01 02:30:49,stallRate,18.9449999332428,0.0,TheEmptinessMachine,HTCP,RB,HTTP/1.1
2025-05-01 02:30:51,stallRate,20.9449999332428,0.0,TheEmptinessMachine,HTCP,RB,HTTP/1.1
2025-05-01 02:30:53,stallRate,22.9449999332428,0.0,TheEmptinessMachine,HTCP,RB,HTTP/1.1
2025-05-01 02:30:55,stallRate,24.9449999332428,0.0,TheEmptinessMachine,HTCP,RB,HTTP/1.1
2025-05-01 02:30:57,stallRate,26.9449999332428,0.0,TheEmptinessMachine,HTCP,RB,HTTP/1.1
2025-05-01 02:30:59,stallRate,28.9449999332428,0.0,TheEmptinessMachine,HTCP,RB,HTTP/1.1
2025-05-01 02:31:01,stallRate,30.9449999332428,0.0,TheEmptinessMachine,HTCP,RB,HTTP/1.1
2025-05-01 02:31:03,stallRate,32.9449999332428,0.0,TheEmptinessMachine,HTCP,RB,HTTP/1.1
2025-05-01 02:31:05,stallRate,34.9449999332428,0.0,TheEmptinessMachine,HTCP,RB,HTTP/1.1
2025-05-01 02:31:07,stallRate,36.9449999332428,0.0,TheEmptinessMachine,HTCP,RB,HTTP/1.1
2025-05-01 02:31:09,stallRate,38.9449999332428,0.0,TheEmptinessMachine,HTCP,RB,HTTP/1.1
2025-05-01 02:31:11,stallRate,40.9449999332428,0.0,TheEmptinessMachine,HTCP,RB,HTTP/1.1
2025-05-01 02:31:13,stallRate,42.9449999332428,0.0,TheEmptinessMachine,HTCP,RB,HTTP/1.1
2025-05-01 02:31:15,stallRate,44.9449999332428,0.0,TheEmptinessMachine,HTCP,RB,HTTP/1.1
2025-05-01 02:31:17,stallRate,46.9449999332428,0.0,TheEmptinessMachine,HTCP,RB,HTTP/1.1
2025-05-01 02:31:19,stallRate,48.9449999332428,0.0,TheEmptinessMachine,HTCP,RB,HTTP/1.1
2025-05-01 02:31:21,stallRate,50.9449999332428,0.0,TheEmptinessMachine,HTCP,RB,HTTP/1.1
2025-05-01 02:31:23,stallRate,52.9479999542236,0.0,TheEmptinessMachine,HTCP,RB,HTTP/1.1
2025-05-01 02:31:25,stallRate,54.9449999332428,0.0,TheEmptinessMachine,HTCP,RB,HTTP/1.1
2025-05-01 02:31:27,stallRate,56.9449999332428,0.0,TheEmptinessMachine,HTCP,RB,HTTP/1.1
2025-05-01 02:31:29,stallRate,58.9449999332428,0.0,TheEmptinessMachine,HTCP,RB,HTTP/1.1
2025-05-01 02:31:39,stallRate,68.9449999332428,16.6382938593412,TheEmptinessMachine,HTCP,RB,HTTP/1.1
2025-05-01 02:31:41,stallRate,70.9449999332428,16.1378707264205,TheEmptinessMachine,HTCP,RB,HTTP/1.1
2025-05-01 02:31:43,stallRate,72.9449999332428,15.6095373265999,TheEmptinessMachine,HTCP,RB,HTTP/1.1
2025-05-01 02:31:45,stallRate,74.9449999332428,15.1157270049436,TheEmptinessMachine,HTCP,RB,HTTP/1.1
2025-05-01 02:31:47,stallRate,76.9449999332428,14.6478718451584,TheEmptinessMachine,HTCP,RB,HTTP/1.1
2025-05-01 02:31:49,stallRate,78.9449999332428,14.2128007170319,TheEmptinessMachine,HTCP,RB,HTTP/1.1
2025-05-01 02:31:51,stallRate,80.9449999332428,13.801145623217,TheEmptinessMachine,HTCP,RB,HTTP/1.1
2025-05-01 02:31:53,stallRate,82.9449999332428,13.4124106270191,TheEmptinessMachine,HTCP,RB,HTTP/1.1
2025-05-01 02:31:55,stallRate,84.9449999332428,13.0452825466559,TheEmptinessMachine,HTCP,RB,HTTP/1.1
2025-05-01 02:31:57,stallRate,86.9449999332428,12.6986421651323,TheEmptinessMachine,HTCP,RB,HTTP/1.1
2025-05-01 02:31:59,stallRate,88.9449999332428,12.3698336966208,TheEmptinessMachine,HTCP,RB,HTTP/1.1
2025-05-01 02:32:01,stallRate,90.9449999332428,12.0572226108979,TheEmptinessMachine,HTCP,RB,HTTP/1.1
2025-05-01 02:32:03,stallRate,92.9449999332428,11.7587992176985,TheEmptinessMachine,HTCP,RB,HTTP/1.1
2025-05-01 02:32:05,stallRate,94.9449999332428,11.4762293009967,TheEmptinessMachine,HTCP,RB,HTTP/1.1
2025-05-01 02:32:07,stallRate,96.9449999332428,11.2058497015835,TheEmptinessMachine,HTCP,RB,HTTP/1.1
2025-05-01 02:32:09,stallRate,98.9449999332428,10.9470790350856,TheEmptinessMachine,HTCP,RB,HTTP/1.1
2025-05-01 02:32:11,stallRate,100.944999933243,10.7023611884387,TheEmptinessMachine,HTCP,RB,HTTP/1.1
2025-05-01 02:32:13,stallRate,102.944999933243,10.4676456520595,TheEmptinessMachine,HTCP,RB,HTTP/1.1
2025-05-01 02:32:15,stallRate,104.944999933243,10.2421348113782,TheEmptinessMachine,HTCP,RB,HTTP/1.1
2025-05-01 02:32:17,stallRate,106.944999933243,10.0260673544105,TheEmptinessMachine,HTCP,RB,HTTP/1.1
2025-05-01 02:32:19,stallRate,108.944999933243,9.81943933571495,TheEmptinessMachine,HTCP,RB,HTTP/1.1
2025-05-01 02:32:21,stallRate,110.944999933243,9.62163929235848,TheEmptinessMachine,HTCP,RB,HTTP/1.1
2025-05-01 02:32:23,stallRate,112.944999933243,9.43175685842085,TheEmptinessMachine,HTCP,RB,HTTP/1.1
2025-05-01 02:32:25,stallRate,114.944999933243,9.24893693499923,TheEmptinessMachine,HTCP,RB,HTTP/1.1
2025-05-01 02:32:27,stallRate,116.944999933243,9.0724012452826,TheEmptinessMachine,HTCP,RB,HTTP/1.1
2025-05-01 02:32:29,stallRate,118.944999933243,8.90330295681096,TheEmptinessMachine,HTCP,RB,HTTP/1.1
2025-05-01 02:32:31,stallRate,120.944999933243,8.74062971485109,TheEmptinessMachine,HTCP,RB,HTTP/1.1
2025-05-01 02:32:35,stallRate,124.944999933243,8.83026126502533,TheEmptinessMachine,HTCP,RB,HTTP/1.1
2025-05-01 02:32:37,stallRate,126.944999933243,8.67781984255453,TheEmptinessMachine,HTCP,RB,HTTP/1.1
2025-05-01 02:32:39,stallRate,128.944999933243,8.52982785497009,TheEmptinessMachine,HTCP,RB,HTTP/1.1
2025-05-01 02:32:41,stallRate,130.944999933243,8.38646463177451,TheEmptinessMachine,HTCP,RB,HTTP/1.1
2025-05-01 02:32:43,stallRate,132.944999933243,8.24716559022715,TheEmptinessMachine,HTCP,RB,HTTP/1.1
2025-05-01 02:32:45,stallRate,134.944999933243,8.1129324618824,TheEmptinessMachine,HTCP,RB,HTTP/1.1
2025-05-01 02:32:47,stallRate,136.944999933243,7.98314105930498,TheEmptinessMachine,HTCP,RB,HTTP/1.1
2025-05-01 02:32:49,stallRate,138.944999933243,7.8574829745331,TheEmptinessMachine,HTCP,RB,HTTP/1.1
2025-05-01 02:32:51,stallRate,140.944999933243,7.73603473070899,TheEmptinessMachine,HTCP,RB,HTTP/1.1
2025-05-01 02:32:53,stallRate,142.944999933243,7.6178557968287,TheEmptinessMachine,HTCP,RB,HTTP/1.1
2025-05-01 02:32:55,stallRate,144.944999933243,7.50361960141389,TheEmptinessMachine,HTCP,RB,HTTP/1.1
2025-05-01 02:32:57,stallRate,146.944999933243,7.39227437734186,TheEmptinessMachine,HTCP,RB,HTTP/1.1
2025-05-01 02:32:59,stallRate,148.944999933243,7.28466817306823,TheEmptinessMachine,HTCP,RB,HTTP/1.1
2025-05-01 02:33:01,stallRate,150.944999933243,7.17973126370937,TheEmptinessMachine,HTCP,RB,HTTP/1.1
2025-05-01 02:33:03,stallRate,152.944999933243,7.07798034840879,TheEmptinessMachine,HTCP,RB,HTTP/1.1
2025-05-01 02:33:05,stallRate,154.943999767303,6.97959774133108,TheEmptinessMachine,HTCP,RB,HTTP/1.1
2025-05-01 02:33:07,stallRate,156.944999933243,6.88323212446858,TheEmptinessMachine,HTCP,RB,HTTP/1.1
2025-05-01 02:33:09,stallRate,158.944999933243,6.78972381474889,TheEmptinessMachine,HTCP,RB,HTTP/1.1
2025-05-01 02:33:11,stallRate,160.944999933243,6.69860548810736,TheEmptinessMachine,HTCP,RB,HTTP/1.1
2025-05-01 02:33:13,stallRate,162.944999933243,6.60996865997636,TheEmptinessMachine,HTCP,RB,HTTP/1.1
2025-05-01 02:33:15,stallRate,164.944999933243,6.5233067096928,TheEmptinessMachine,HTCP,RB,HTTP/1.1
2025-05-01 02:33:17,stallRate,166.944999933243,6.43888465192071,TheEmptinessMachine,HTCP,RB,HTTP/1.1
2025-05-01 02:33:19,stallRate,168.944999933243,6.35731648507597,TheEmptinessMachine,HTCP,RB,HTTP/1.1
2025-05-01 02:33:21,stallRate,170.944999933243,6.27742720091102,TheEmptinessMachine,HTCP,RB,HTTP/1.1
2025-05-01 02:33:23,stallRate,172.944999933243,6.19943698298634,TheEmptinessMachine,HTCP,RB,HTTP/1.1
2025-05-01 02:33:25,stallRate,174.944999933243,6.12342940625188,TheEmptinessMachine,HTCP,RB,HTTP/1.1
2025-05-01 02:33:27,stallRate,176.944999933243,6.04897838069211,TheEmptinessMachine,HTCP,RB,HTTP/1.1
2025-05-01 02:33:29,stallRate,178.944999933243,5.97647205265605,TheEmptinessMachine,HTCP,RB,HTTP/1.1
2025-05-01 02:33:31,stallRate,180.944999933243,5.90574858687246,TheEmptinessMachine,HTCP,RB,HTTP/1.1
2025-05-01 02:33:33,stallRate,182.944999933243,5.83682128143868,TheEmptinessMachine,HTCP,RB,HTTP/1.1
2025-05-01 02:33:35,stallRate,184.944999933243,5.76983924709228,TheEmptinessMachine,HTCP,RB,HTTP/1.1
2025-05-01 02:33:37,stallRate,186.944999933243,5.70387156394666,TheEmptinessMachine,HTCP,RB,HTTP/1.1
2025-05-01 02:33:39,stallRate,188.944999933243,5.63948662258853,TheEmptinessMachine,HTCP,RB,HTTP/1.1
2025-05-01 02:33:41,stallRate,190.944999933243,5.57624634771419,TheEmptinessMachine,HTCP,RB,HTTP/1.1
2025-05-01 02:33:43,stallRate,192.944999933243,5.51442043199748,TheEmptinessMachine,HTCP,RB,HTTP/1.1
2025-05-01 02:33:45,stallRate,194.944999933243,5.45412685365479,TheEmptinessMachine,HTCP,RB,HTTP/1.1
2025-05-01 02:33:47,stallRate,196.944999933243,5.39524975729915,TheEmptinessMachine,HTCP,RB,HTTP/1.1
2025-05-01 02:33:49,stallRate,198.944999933243,5.33758849314807,TheEmptinessMachine,HTCP,RB,HTTP/1.1
2025-05-01 02:33:51,stallRate,200.943999767303,5.28128410142648,TheEmptinessMachine,HTCP,RB,HTTP/1.1
2025-05-01 02:33:53,stallRate,202.943999767303,5.22590801996628,TheEmptinessMachine,HTCP,RB,HTTP/1.1
2025-05-01 02:33:55,stallRate,204.944999933243,5.17188137684291,TheEmptinessMachine,HTCP,RB,HTTP/1.1
2025-05-01 02:34:32,stallRate,4.10600018501282,0.0,TheEmptinessMachine,HTCP,RB,HTTP/2
2025-05-01 02:34:34,stallRate,6.10600018501282,0.0,TheEmptinessMachine,HTCP,RB,HTTP/2
2025-05-01 02:34:36,stallRate,8.10500001907349,0.0,TheEmptinessMachine,HTCP,RB,HTTP/2
2025-05-01 02:34:38,stallRate,10.1050000190735,0.0,TheEmptinessMachine,HTCP,RB,HTTP/2
2025-05-01 02:34:40,stallRate,12.1050000190735,0.0,TheEmptinessMachine,HTCP,RB,HTTP/2
2025-05-01 02:34:42,stallRate,14.1050000190735,0.0,TheEmptinessMachine,HTCP,RB,HTTP/2
2025-05-01 02:34:44,stallRate,16.1050000190735,0.0,TheEmptinessMachine,HTCP,RB,HTTP/2
2025-05-01 02:34:46,stallRate,18.1050000190735,0.0,TheEmptinessMachine,HTCP,RB,HTTP/2
2025-05-01 02:34:48,stallRate,20.1060001850128,0.0,TheEmptinessMachine,HTCP,RB,HTTP/2
2025-05-01 02:34:50,stallRate,22.1050000190735,0.0,TheEmptinessMachine,HTCP,RB,HTTP/2
2025-05-01 02:34:52,stallRate,24.1050000190735,0.0,TheEmptinessMachine,HTCP,RB,HTTP/2
2025-05-01 02:34:54,stallRate,26.1060001850128,0.0,TheEmptinessMachine,HTCP,RB,HTTP/2
2025-05-01 02:34:56,stallRate,28.1050000190735,0.0,TheEmptinessMachine,HTCP,RB,HTTP/2
2025-05-01 02:34:58,stallRate,30.1050000190735,0.0,TheEmptinessMachine,HTCP,RB,HTTP/2
2025-05-01 02:35:00,stallRate,32.1050000190735,0.0,TheEmptinessMachine,HTCP,RB,HTTP/2
2025-05-01 02:35:02,stallRate,34.1050000190735,0.0,TheEmptinessMachine,HTCP,RB,HTTP/2
2025-05-01 02:35:04,stallRate,36.1050000190735,0.0,TheEmptinessMachine,HTCP,RB,HTTP/2
2025-05-01 02:35:06,stallRate,38.1050000190735,0.0,TheEmptinessMachine,HTCP,RB,HTTP/2
2025-05-01 02:35:08,stallRate,40.1060001850128,0.0,TheEmptinessMachine,HTCP,RB,HTTP/2
2025-05-01 02:35:10,stallRate,42.1050000190735,0.0,TheEmptinessMachine,HTCP,RB,HTTP/2
2025-05-01 02:35:14,stallRate,46.1050000190735,4.54088978155035,TheEmptinessMachine,HTCP,RB,HTTP/2
2025-05-01 02:35:16,stallRate,48.1050000190735,4.33429248948148,TheEmptinessMachine,HTCP,RB,HTTP/2
2025-05-01 02:35:18,stallRate,50.1050000190735,4.14603089498003,TheEmptinessMachine,HTCP,RB,HTTP/2
2025-05-01 02:35:20,stallRate,52.1050000190735,3.97424865248232,TheEmptinessMachine,HTCP,RB,HTTP/2
2025-05-01 02:35:22,stallRate,54.1050000190735,3.81508061038685,TheEmptinessMachine,HTCP,RB,HTTP/2
2025-05-01 02:35:24,stallRate,56.1050000190735,3.66758693510417,TheEmptinessMachine,HTCP,RB,HTTP/2
2025-05-01 02:35:36,stallRate,68.1050000190735,6.30667095483345,TheEmptinessMachine,HTCP,RB,HTTP/2
2025-05-01 02:35:38,stallRate,70.1050000190735,6.09594114796986,TheEmptinessMachine,HTCP,RB,HTTP/2
2025-05-01 02:35:40,stallRate,72.1050000190735,5.89779654805024,TheEmptinessMachine,HTCP,RB,HTTP/2
2025-05-01 02:35:42,stallRate,74.1050000190735,5.71257221643322,TheEmptinessMachine,HTCP,RB,HTTP/2
2025-05-01 02:35:44,stallRate,76.1050000190735,5.53802713396158,TheEmptinessMachine,HTCP,RB,HTTP/2
2025-05-01 02:35:46,stallRate,78.1050000190735,5.37462695992077,TheEmptinessMachine,HTCP,RB,HTTP/2
2025-05-01 02:35:48,stallRate,80.1050000190735,5.22090372778583,TheEmptinessMachine,HTCP,RB,HTTP/2
2025-05-01 02:35:50,stallRate,82.1050000190735,5.07505107571346,TheEmptinessMachine,HTCP,RB,HTTP/2
2025-05-01 02:35:52,stallRate,84.1050000190735,4.93684887516092,TheEmptinessMachine,HTCP,RB,HTTP/2
2025-05-01 02:35:54,stallRate,86.1050000190735,4.80633542738844,TheEmptinessMachine,HTCP,RB,HTTP/2
2025-05-01 02:35:56,stallRate,88.1050000190735,4.682113202175,TheEmptinessMachine,HTCP,RB,HTTP/2
2025-05-01 02:35:58,stallRate,90.1050000190735,4.56481926607692,TheEmptinessMachine,HTCP,RB,HTTP/2
2025-05-01 02:36:00,stallRate,92.1050000190735,4.45340110720574,TheEmptinessMachine,HTCP,RB,HTTP/2
2025-05-01 02:36:02,stallRate,94.1050000190735,4.34719136373323,TheEmptinessMachine,HTCP,RB,HTTP/2
2025-05-01 02:36:04,stallRate,96.1050000190735,4.24576493938457,TheEmptinessMachine,HTCP,RB,HTTP/2
2025-05-01 02:36:06,stallRate,98.1090002059937,4.14837155938314,TheEmptinessMachine,HTCP,RB,HTTP/2
2025-05-01 02:36:08,stallRate,100.105000019073,4.0561466539891,TheEmptinessMachine,HTCP,RB,HTTP/2
2025-05-01 02:36:10,stallRate,102.106000185013,5.16979749357343,TheEmptinessMachine,HTCP,RB,HTTP/2
2025-05-01 02:36:12,stallRate,104.105000019073,5.05946359307187,TheEmptinessMachine,HTCP,RB,HTTP/2
2025-05-01 02:36:14,stallRate,106.105000019073,4.95368070175343,TheEmptinessMachine,HTCP,RB,HTTP/2
2025-05-01 02:36:16,stallRate,108.105000019073,4.85224796398569,TheEmptinessMachine,HTCP,RB,HTTP/2
2025-05-01 02:36:18,stallRate,110.105000019073,4.75509633134812,TheEmptinessMachine,HTCP,RB,HTTP/2
2025-05-01 02:36:20,stallRate,112.105000019073,4.66137792799181,TheEmptinessMachine,HTCP,RB,HTTP/2
2025-05-01 02:36:22,stallRate,114.105000019073,4.57114979901873,TheEmptinessMachine,HTCP,RB,HTTP/2
2025-05-01 02:36:24,stallRate,116.105000019073,4.48458076822337,TheEmptinessMachine,HTCP,RB,HTTP/2
2025-05-01 02:36:26,stallRate,118.105000019073,4.40130153756293,TheEmptinessMachine,HTCP,RB,HTTP/2
2025-05-01 02:36:28,stallRate,120.105000019073,4.32150304470053,TheEmptinessMachine,HTCP,RB,HTTP/2
2025-05-01 02:36:30,stallRate,122.105000019073,4.24417851243324,TheEmptinessMachine,HTCP,RB,HTTP/2
2025-05-01 02:36:32,stallRate,124.105000019073,4.16913738636597,TheEmptinessMachine,HTCP,RB,HTTP/2
2025-05-01 02:36:34,stallRate,126.105000019073,4.0971778078606,TheEmptinessMachine,HTCP,RB,HTTP/2
2025-05-01 02:36:36,stallRate,128.105000019073,4.0273610316951,TheEmptinessMachine,HTCP,RB,HTTP/2
2025-05-01 02:36:38,stallRate,130.105000019073,3.96018836395241,TheEmptinessMachine,HTCP,RB,HTTP/2
2025-05-01 02:36:40,stallRate,132.105000019073,3.89495325378163,TheEmptinessMachine,HTCP,RB,HTTP/2
2025-05-01 02:36:42,stallRate,134.105000019073,3.83198671940496,TheEmptinessMachine,HTCP,RB,HTTP/2
2025-05-01 02:36:44,stallRate,136.105000019073,3.77081483702152,TheEmptinessMachine,HTCP,RB,HTTP/2
2025-05-01 02:36:46,stallRate,138.105000019073,3.71186492979531,TheEmptinessMachine,HTCP,RB,HTTP/2
2025-05-01 02:36:48,stallRate,140.105000019073,3.6548138117984,TheEmptinessMachine,HTCP,RB,HTTP/2
2025-05-01 02:36:50,stallRate,142.105000019073,3.59893081175372,TheEmptinessMachine,HTCP,RB,HTTP/2
2025-05-01 02:36:52,stallRate,144.105000019073,3.54528543966339,TheEmptinessMachine,HTCP,RB,HTTP/2
2025-05-01 02:36:56,stallRate,148.105000019073,5.1735557893569,TheEmptinessMachine,HTCP,RB,HTTP/2
2025-05-01 02:36:58,stallRate,150.105000019073,5.1183874510231,TheEmptinessMachine,HTCP,RB,HTTP/2
2025-05-01 02:37:00,stallRate,152.105000019073,5.04624868992387,TheEmptinessMachine,HTCP,RB,HTTP/2
2025-05-01 02:37:02,stallRate,154.105000019073,4.97582160456333,TheEmptinessMachine,HTCP,RB,HTTP/2
2025-05-01 02:37:04,stallRate,156.105000019073,4.9076580159723,TheEmptinessMachine,HTCP,RB,HTTP/2
2025-05-01 02:37:06,stallRate,158.105000019073,4.84104089748882,TheEmptinessMachine,HTCP,RB,HTTP/2
2025-05-01 02:37:08,stallRate,160.105000019073,4.7764792358837,TheEmptinessMachine,HTCP,RB,HTTP/2
2025-05-01 02:37:10,stallRate,162.105000019073,4.71335012373133,TheEmptinessMachine,HTCP,RB,HTTP/2
2025-05-01 02:37:14,stallRate,166.105000019073,5.91114915241756,TheEmptinessMachine,HTCP,RB,HTTP/2
2025-05-01 02:37:16,stallRate,168.105000019073,5.84062412695303,TheEmptinessMachine,HTCP,RB,HTTP/2
2025-05-01 02:37:18,stallRate,170.105000019073,5.76761376087359,TheEmptinessMachine,HTCP,RB,HTTP/2
2025-05-01 02:37:20,stallRate,172.105000019073,5.69572640736729,TheEmptinessMachine,HTCP,RB,HTTP/2
2025-05-01 02:37:22,stallRate,174.105000019073,5.62599938792921,TheEmptinessMachine,HTCP,RB,HTTP/2
2025-05-01 02:37:24,stallRate,176.105000019073,5.55815380137234,TheEmptinessMachine,HTCP,RB,HTTP/2
2025-05-01 02:37:26,stallRate,178.105000019073,5.49201128454257,TheEmptinessMachine,HTCP,RB,HTTP/2
2025-05-01 02:37:28,stallRate,180.105000019073,5.42732354545262,TheEmptinessMachine,HTCP,RB,HTTP/2
2025-05-01 02:37:30,stallRate,182.105000019073,5.36388230303654,TheEmptinessMachine,HTCP,RB,HTTP/2
2025-05-01 02:37:32,stallRate,184.105000019073,5.30224177619789,TheEmptinessMachine,HTCP,RB,HTTP/2
2025-05-01 02:37:34,stallRate,186.105000019073,5.24207132655818,TheEmptinessMachine,HTCP,RB,HTTP/2
2025-05-01 02:37:36,stallRate,188.105000019073,5.18298676502523,TheEmptinessMachine,HTCP,RB,HTTP/2
2025-05-01 02:37:38,stallRate,190.105000019073,5.12543409474217,TheEmptinessMachine,HTCP,RB,HTTP/2
2025-05-01 02:37:40,stallRate,192.105000019073,5.06890559545838,TheEmptinessMachine,HTCP,RB,HTTP/2
2025-05-01 02:37:42,stallRate,194.105000019073,5.0133964662511,TheEmptinessMachine,HTCP,RB,HTTP/2
2025-05-01 02:37:44,stallRate,196.106000185013,4.95938708279053,TheEmptinessMachine,HTCP,RB,HTTP/2
2025-05-01 02:37:46,stallRate,198.105000019073,4.90643105821909,TheEmptinessMachine,HTCP,RB,HTTP/2
2025-05-01 02:37:48,stallRate,200.105000019073,4.85469102706922,TheEmptinessMachine,HTCP,RB,HTTP/2
2025-05-01 02:37:50,stallRate,202.105000019073,4.80407130184984,TheEmptinessMachine,HTCP,RB,HTTP/2
2025-05-01 02:37:52,stallRate,204.105000019073,4.75449166353732,TheEmptinessMachine,HTCP,RB,HTTP/2
2025-05-01 02:38:29,stallRate,4.1100001335144,0.0,TheEmptinessMachine,HTCP,RB,HTTP/3
2025-05-01 02:38:31,stallRate,6.1100001335144,0.0,TheEmptinessMachine,HTCP,RB,HTTP/3
2025-05-01 02:38:35,stallRate,10.1100001335144,0.0,TheEmptinessMachine,HTCP,RB,HTTP/3
2025-05-01 02:38:37,stallRate,12.1089999675751,0.0,TheEmptinessMachine,HTCP,RB,HTTP/3
2025-05-01 02:38:39,stallRate,14.1100001335144,0.0,TheEmptinessMachine,HTCP,RB,HTTP/3
2025-05-01 02:38:41,stallRate,16.1100001335144,0.0,TheEmptinessMachine,HTCP,RB,HTTP/3
2025-05-01 02:38:43,stallRate,18.1100001335144,0.0,TheEmptinessMachine,HTCP,RB,HTTP/3
2025-05-01 02:38:45,stallRate,20.1100001335144,0.260847831901395,TheEmptinessMachine,HTCP,RB,HTTP/3
2025-05-01 02:38:47,stallRate,22.1100001335144,0.231487663387715,TheEmptinessMachine,HTCP,RB,HTTP/3
2025-05-01 02:38:49,stallRate,24.1100001335144,0.208562645399819,TheEmptinessMachine,HTCP,RB,HTTP/3
2025-05-01 02:38:51,stallRate,26.1089999675751,0.189709110441514,TheEmptinessMachine,HTCP,RB,HTTP/3
2025-05-01 02:38:55,stallRate,30.1100001335144,0.160702178088255,TheEmptinessMachine,HTCP,RB,HTTP/3
2025-05-01 02:38:57,stallRate,32.1100001335144,0.149344683989544,TheEmptinessMachine,HTCP,RB,HTTP/3
2025-05-01 02:38:59,stallRate,34.1100001335144,0.139450785434363,TheEmptinessMachine,HTCP,RB,HTTP/3
2025-05-01 02:39:01,stallRate,36.1100001335144,0.130840408037165,TheEmptinessMachine,HTCP,RB,HTTP/3
2025-05-01 02:39:03,stallRate,38.1100001335144,0.123202574907661,TheEmptinessMachine,HTCP,RB,HTTP/3
2025-05-01 02:39:05,stallRate,40.1089999675751,0.116404536301347,TheEmptinessMachine,HTCP,RB,HTTP/3
2025-05-01 02:39:07,stallRate,42.1089999675751,0.110362852701336,TheEmptinessMachine,HTCP,RB,HTTP/3
2025-05-01 02:39:11,stallRate,46.1089999675751,0.0999147276151391,TheEmptinessMachine,HTCP,RB,HTTP/3
2025-05-01 02:39:13,stallRate,48.1100001335144,0.0954150540120714,TheEmptinessMachine,HTCP,RB,HTTP/3
2025-05-01 02:39:17,stallRate,52.1100001335144,0.0875270697576265,TheEmptinessMachine,HTCP,RB,HTTP/3
2025-05-01 02:39:19,stallRate,54.1089999675751,0.0840389425672307,TheEmptinessMachine,HTCP,RB,HTTP/3
2025-05-01 02:39:21,stallRate,56.1100001335144,1.31796618398838,TheEmptinessMachine,HTCP,RB,HTTP/3
2025-05-01 02:39:23,stallRate,58.1100001335144,1.26926602629478,TheEmptinessMachine,HTCP,RB,HTTP/3
2025-05-01 02:39:25,stallRate,60.1100001335144,1.22415514432833,TheEmptinessMachine,HTCP,RB,HTTP/3
2025-05-01 02:39:27,stallRate,62.1100001335144,1.18201800262447,TheEmptinessMachine,HTCP,RB,HTTP/3
2025-05-01 02:39:29,stallRate,64.1089999675751,1.14292656322933,TheEmptinessMachine,HTCP,RB,HTTP/3
2025-05-01 02:39:31,stallRate,66.1100001335144,1.10637461413507,TheEmptinessMachine,HTCP,RB,HTTP/3
2025-05-01 02:39:33,stallRate,68.1089999675751,1.07213236928387,TheEmptinessMachine,HTCP,RB,HTTP/3
2025-05-01 02:39:35,stallRate,70.1100001335144,1.03976501068616,TheEmptinessMachine,HTCP,RB,HTTP/3
2025-05-01 02:39:37,stallRate,72.1100001335144,1.00924804009847,TheEmptinessMachine,HTCP,RB,HTTP/3
2025-05-01 02:39:39,stallRate,74.1100001335144,1.29733517343974,TheEmptinessMachine,HTCP,RB,HTTP/3
2025-05-01 02:39:41,stallRate,76.1100001335144,1.26145819921153,TheEmptinessMachine,HTCP,RB,HTTP/3
2025-05-01 02:39:43,stallRate,78.1100001335144,1.22752442333805,TheEmptinessMachine,HTCP,RB,HTTP/3
2025-05-01 02:39:45,stallRate,80.1100001335144,1.19544296198358,TheEmptinessMachine,HTCP,RB,HTTP/3
2025-05-01 02:39:47,stallRate,82.1100001335144,1.16497260870418,TheEmptinessMachine,HTCP,RB,HTTP/3
2025-05-01 02:39:49,stallRate,84.1100001335144,1.13598246751136,TheEmptinessMachine,HTCP,RB,HTTP/3
2025-05-01 02:39:51,stallRate,86.1100001335144,1.10830116355716,TheEmptinessMachine,HTCP,RB,HTTP/3
2025-05-01 02:39:53,stallRate,88.1100001335144,1.08205735201763,TheEmptinessMachine,HTCP,RB,HTTP/3
2025-05-01 02:39:55,stallRate,90.1100001335144,1.05693571606816,TheEmptinessMachine,HTCP,RB,HTTP/3
2025-05-01 02:39:57,stallRate,92.1100001335144,1.03301001386938,TheEmptinessMachine,HTCP,RB,HTTP/3
2025-05-01 02:39:59,stallRate,94.1100001335144,1.01006245382103,TheEmptinessMachine,HTCP,RB,HTTP/3
2025-05-01 02:40:01,stallRate,96.1089999675751,0.988229401480826,TheEmptinessMachine,HTCP,RB,HTTP/3
2025-05-01 02:40:03,stallRate,98.1100001335144,0.967224868694562,TheEmptinessMachine,HTCP,RB,HTTP/3
2025-05-01 02:40:05,stallRate,100.111000061035,0.947195314592125,TheEmptinessMachine,HTCP,RB,HTTP/3
2025-05-01 02:40:07,stallRate,102.108999967575,0.928016570029858,TheEmptinessMachine,HTCP,RB,HTTP/3
2025-05-01 02:40:09,stallRate,104.110000133514,0.909488635918613,TheEmptinessMachine,HTCP,RB,HTTP/3
2025-05-01 02:40:11,stallRate,106.110000133514,0.891763861898004,TheEmptinessMachine,HTCP,RB,HTTP/3
2025-05-01 02:40:13,stallRate,108.110000133514,0.874637197864735,TheEmptinessMachine,HTCP,RB,HTTP/3
2025-05-01 02:40:15,stallRate,110.110000133514,0.858095672768594,TheEmptinessMachine,HTCP,RB,HTTP/3
2025-05-01 02:40:17,stallRate,112.110000133514,0.842173664619432,TheEmptinessMachine,HTCP,RB,HTTP/3
2025-05-01 02:40:19,stallRate,114.108999967575,0.826897492743351,TheEmptinessMachine,HTCP,RB,HTTP/3
2025-05-01 02:40:21,stallRate,116.110000133514,1.4784994322933,TheEmptinessMachine,HTCP,RB,HTTP/3
2025-05-01 02:40:23,stallRate,118.110000133514,1.45269451916879,TheEmptinessMachine,HTCP,RB,HTTP/3
2025-05-01 02:40:25,stallRate,120.110000133514,1.42773612746717,TheEmptinessMachine,HTCP,RB,HTTP/3
2025-05-01 02:40:27,stallRate,122.110000133514,1.40366981439297,TheEmptinessMachine,HTCP,RB,HTTP/3
2025-05-01 02:40:29,stallRate,124.110000133514,1.38029682256491,TheEmptinessMachine,HTCP,RB,HTTP/3
2025-05-01 02:40:33,stallRate,128.110000133514,1.33602325891173,TheEmptinessMachine,HTCP,RB,HTTP/3
2025-05-01 02:40:35,stallRate,130.108999967575,1.31483483919438,TheEmptinessMachine,HTCP,RB,HTTP/3
2025-05-01 02:40:37,stallRate,132.110000133514,1.29439164624545,TheEmptinessMachine,HTCP,RB,HTTP/3
2025-05-01 02:40:43,stallRate,138.110000133514,1.23653478832762,TheEmptinessMachine,HTCP,RB,HTTP/3
2025-05-01 02:40:45,stallRate,140.110000133514,1.21840219092544,TheEmptinessMachine,HTCP,RB,HTTP/3
2025-05-01 02:40:47,stallRate,142.110000133514,1.2007258083452,TheEmptinessMachine,HTCP,RB,HTTP/3
2025-05-01 02:40:49,stallRate,144.110000133514,1.18355312795765,TheEmptinessMachine,HTCP,RB,HTTP/3
2025-05-01 02:40:53,stallRate,148.110000133514,1.15075468346974,TheEmptinessMachine,HTCP,RB,HTTP/3
2025-05-01 02:40:55,stallRate,150.110000133514,1.13502932504727,TheEmptinessMachine,HTCP,RB,HTTP/3
2025-05-01 02:40:57,stallRate,152.108999967575,1.11977232127039,TheEmptinessMachine,HTCP,RB,HTTP/3
2025-05-01 02:40:59,stallRate,154.108999967575,1.10485799520824,TheEmptinessMachine,HTCP,RB,HTTP/3
2025-05-01 02:41:01,stallRate,156.110000133514,1.09038429030923,TheEmptinessMachine,HTCP,RB,HTTP/3
2025-05-01 02:41:03,stallRate,158.110000133514,1.07630802254045,TheEmptinessMachine,HTCP,RB,HTTP/3
2025-05-01 02:41:05,stallRate,160.111999988556,1.1073986659716,TheEmptinessMachine,HTCP,RB,HTTP/3
2025-05-01 02:41:07,stallRate,162.110000133514,1.0934039917892,TheEmptinessMachine,HTCP,RB,HTTP/3
2025-05-01 02:41:09,stallRate,164.110000133514,1.07978353508804,TheEmptinessMachine,HTCP,RB,HTTP/3
2025-05-01 02:41:11,stallRate,166.110000133514,1.06650228206538,TheEmptinessMachine,HTCP,RB,HTTP/3
2025-05-01 02:41:13,stallRate,168.110000133514,1.05352961968097,TheEmptinessMachine,HTCP,RB,HTTP/3
2025-05-01 02:41:15,stallRate,170.110000133514,1.04089159965545,TheEmptinessMachine,HTCP,RB,HTTP/3
2025-05-01 02:41:17,stallRate,172.110000133514,1.02843256641443,TheEmptinessMachine,HTCP,RB,HTTP/3
2025-05-01 02:41:19,stallRate,174.110000133514,1.01633396983341,TheEmptinessMachine,HTCP,RB,HTTP/3
2025-05-01 02:41:21,stallRate,176.110000133514,1.00455408490179,TheEmptinessMachine,HTCP,RB,HTTP/3
2025-05-01 02:41:23,stallRate,178.110000133514,0.993116222250017,TheEmptinessMachine,HTCP,RB,HTTP/3
2025-05-01 02:41:25,stallRate,180.110000133514,0.981843901601175,TheEmptinessMachine,HTCP,RB,HTTP/3
2025-05-01 02:41:27,stallRate,182.108999967575,0.970777930080956,TheEmptinessMachine,HTCP,RB,HTTP/3
2025-05-01 02:41:29,stallRate,184.110000133514,0.960071426831339,TheEmptinessMachine,HTCP,RB,HTTP/3
2025-05-01 02:41:31,stallRate,186.110000133514,0.949556005505398,TheEmptinessMachine,HTCP,RB,HTTP/3
2025-05-01 02:41:33,stallRate,188.108999967575,1.49401653579398,TheEmptinessMachine,HTCP,RB,HTTP/3
2025-05-01 02:41:35,stallRate,190.110000133514,1.47784309577624,TheEmptinessMachine,HTCP,RB,HTTP/3
2025-05-01 02:41:37,stallRate,192.110000133514,1.46210068597796,TheEmptinessMachine,HTCP,RB,HTTP/3
2025-05-01 02:41:39,stallRate,194.110000133514,1.44652673369665,TheEmptinessMachine,HTCP,RB,HTTP/3
2025-05-01 02:41:41,stallRate,196.110000133514,1.4313632395206,TheEmptinessMachine,HTCP,RB,HTTP/3
2025-05-01 02:41:43,stallRate,198.110000133514,1.41658450375116,TheEmptinessMachine,HTCP,RB,HTTP/3
2025-05-01 02:42:30,stallRate,4.28999996185303,0.0,TheEmptinessMachine,HTCP,Throughput,HTTP/1.1
2025-05-01 02:42:32,stallRate,6.28999996185303,0.0,TheEmptinessMachine,HTCP,Throughput,HTTP/1.1
2025-05-01 02:42:34,stallRate,8.28900003433228,0.0,TheEmptinessMachine,HTCP,Throughput,HTTP/1.1
2025-05-01 02:42:36,stallRate,10.289999961853,0.0,TheEmptinessMachine,HTCP,Throughput,HTTP/1.1
2025-05-01 02:42:38,stallRate,12.289999961853,0.0,TheEmptinessMachine,HTCP,Throughput,HTTP/1.1
2025-05-01 02:42:40,stallRate,14.289999961853,0.0,TheEmptinessMachine,HTCP,Throughput,HTTP/1.1
2025-05-01 02:42:46,stallRate,20.289999961853,29.4431586249242,TheEmptinessMachine,HTCP,Throughput,HTTP/1.1
2025-05-01 02:42:48,stallRate,22.2910001277924,30.8538674862996,TheEmptinessMachine,HTCP,Throughput,HTTP/1.1
2025-05-01 02:42:52,stallRate,26.289999961853,27.5350382975717,TheEmptinessMachine,HTCP,Throughput,HTTP/1.1
2025-05-01 02:42:54,stallRate,28.289999961853,25.0370453939048,TheEmptinessMachine,HTCP,Throughput,HTTP/1.1
2025-05-01 02:42:56,stallRate,30.289999961853,22.9316823108211,TheEmptinessMachine,HTCP,Throughput,HTTP/1.1
2025-05-01 02:42:58,stallRate,32.289999961853,21.1767576930814,TheEmptinessMachine,HTCP,Throughput,HTTP/1.1
2025-05-01 02:43:00,stallRate,34.289999961853,19.659389750225,TheEmptinessMachine,HTCP,Throughput,HTTP/1.1
2025-05-01 02:43:02,stallRate,36.289999961853,18.3627964738641,TheEmptinessMachine,HTCP,Throughput,HTTP/1.1
2025-05-01 02:43:04,stallRate,38.289999961853,17.221555582115,TheEmptinessMachine,HTCP,Throughput,HTTP/1.1
2025-05-01 02:43:06,stallRate,40.289999961853,16.2048375452971,TheEmptinessMachine,HTCP,Throughput,HTTP/1.1
2025-05-01 02:43:08,stallRate,42.2890000343323,15.307195855711,TheEmptinessMachine,HTCP,Throughput,HTTP/1.1
2025-05-01 02:43:10,stallRate,44.289999961853,14.4967134547625,TheEmptinessMachine,HTCP,Throughput,HTTP/1.1
2025-05-01 02:43:12,stallRate,46.289999961853,13.776036581975,TheEmptinessMachine,HTCP,Throughput,HTTP/1.1
2025-05-01 02:43:14,stallRate,48.289999961853,13.1246802344916,TheEmptinessMachine,HTCP,Throughput,HTTP/1.1
2025-05-01 02:43:16,stallRate,50.289999961853,12.525472150938,TheEmptinessMachine,HTCP,Throughput,HTTP/1.1
2025-05-01 02:43:18,stallRate,52.289999961853,11.982736393875,TheEmptinessMachine,HTCP,Throughput,HTTP/1.1
2025-05-01 02:43:20,stallRate,54.289999961853,11.4882544090063,TheEmptinessMachine,HTCP,Throughput,HTTP/1.1
2025-05-01 02:43:22,stallRate,56.289999961853,11.0278943921924,TheEmptinessMachine,HTCP,Throughput,HTTP/1.1
2025-05-01 02:43:24,stallRate,58.289999961853,10.6061491289001,TheEmptinessMachine,HTCP,Throughput,HTTP/1.1
2025-05-01 02:43:26,stallRate,60.289999961853,10.2123322001143,TheEmptinessMachine,HTCP,Throughput,HTTP/1.1
2025-05-01 02:43:28,stallRate,62.289999961853,9.84878982362962,TheEmptinessMachine,HTCP,Throughput,HTTP/1.1
2025-05-01 02:43:30,stallRate,64.289999961853,9.51164938219473,TheEmptinessMachine,HTCP,Throughput,HTTP/1.1
2025-05-01 02:43:32,stallRate,66.289999961853,9.19283654461714,TheEmptinessMachine,HTCP,Throughput,HTTP/1.1
2025-05-01 02:43:34,stallRate,68.2890000343323,8.89842078834809,TheEmptinessMachine,HTCP,Throughput,HTTP/1.1
2025-05-01 02:43:36,stallRate,70.289999961853,8.62097370151536,TheEmptinessMachine,HTCP,Throughput,HTTP/1.1
2025-05-01 02:43:38,stallRate,72.2890000343323,8.3574106028861,TheEmptinessMachine,HTCP,Throughput,HTTP/1.1
2025-05-01 02:43:40,stallRate,74.289999961853,8.11410202120426,TheEmptinessMachine,HTCP,Throughput,HTTP/1.1
2025-05-01 02:43:42,stallRate,76.289999961853,7.88120934224463,TheEmptinessMachine,HTCP,Throughput,HTTP/1.1
2025-05-01 02:43:44,stallRate,78.289999961853,7.66444523647295,TheEmptinessMachine,HTCP,Throughput,HTTP/1.1
2025-05-01 02:43:46,stallRate,80.2890000343323,7.4581928401417,TheEmptinessMachine,HTCP,Throughput,HTTP/1.1
2025-05-01 02:43:48,stallRate,82.289999961853,7.26105289956862,TheEmptinessMachine,HTCP,Throughput,HTTP/1.1
2025-05-01 02:43:50,stallRate,84.289999961853,7.0752703698986,TheEmptinessMachine,HTCP,Throughput,HTTP/1.1
2025-05-01 02:43:52,stallRate,86.2890000343323,6.89789152005611,TheEmptinessMachine,HTCP,Throughput,HTTP/1.1
2025-05-01 02:43:54,stallRate,88.289999961853,6.73102820313005,TheEmptinessMachine,HTCP,Throughput,HTTP/1.1
2025-05-01 02:43:56,stallRate,90.289999961853,6.5713914990069,TheEmptinessMachine,HTCP,Throughput,HTTP/1.1
2025-05-01 02:43:58,stallRate,92.289999961853,6.41801797657236,TheEmptinessMachine,HTCP,Throughput,HTTP/1.1
2025-05-01 02:44:00,stallRate,94.289999961853,6.27273702573763,TheEmptinessMachine,HTCP,Throughput,HTTP/1.1
2025-05-01 02:44:02,stallRate,96.289999961853,6.13362877105235,TheEmptinessMachine,HTCP,Throughput,HTTP/1.1
2025-05-01 02:44:04,stallRate,98.289999961853,5.99942084889135,TheEmptinessMachine,HTCP,Throughput,HTTP/1.1
2025-05-01 02:44:06,stallRate,100.289999961853,5.87279595589684,TheEmptinessMachine,HTCP,Throughput,HTTP/1.1
2025-05-01 02:44:08,stallRate,102.289999961853,5.74950688969662,TheEmptinessMachine,HTCP,Throughput,HTTP/1.1
2025-05-01 02:44:10,stallRate,104.289999961853,5.63292627517045,TheEmptinessMachine,HTCP,Throughput,HTTP/1.1
2025-05-01 02:44:12,stallRate,106.289999961853,5.52082922876102,TheEmptinessMachine,HTCP,Throughput,HTTP/1.1
2025-05-01 02:44:14,stallRate,108.289999961853,5.41218649787142,TheEmptinessMachine,HTCP,Throughput,HTTP/1.1
2025-05-01 02:44:16,stallRate,110.289999961853,5.30832013257001,TheEmptinessMachine,HTCP,Throughput,HTTP/1.1
2025-05-01 02:44:18,stallRate,112.289999961853,5.2080337532603,TheEmptinessMachine,HTCP,Throughput,HTTP/1.1
2025-05-01 02:44:20,stallRate,114.289999961853,5.11181814259555,TheEmptinessMachine,HTCP,Throughput,HTTP/1.1
2025-05-01 02:44:22,stallRate,116.289999961853,5.01946777581083,TheEmptinessMachine,HTCP,Throughput,HTTP/1.1
2025-05-01 02:44:24,stallRate,118.289999961853,4.92898269744223,TheEmptinessMachine,HTCP,Throughput,HTTP/1.1
2025-05-01 02:44:26,stallRate,120.291000127792,4.84262638556069,TheEmptinessMachine,HTCP,Throughput,HTTP/1.1
2025-05-01 02:44:28,stallRate,122.289999961853,4.75965888872224,TheEmptinessMachine,HTCP,Throughput,HTTP/1.1
2025-05-01 02:44:30,stallRate,124.289999961853,4.67861162269189,TheEmptinessMachine,HTCP,Throughput,HTTP/1.1
2025-05-01 02:44:32,stallRate,126.289999961853,4.60134778462832,TheEmptinessMachine,HTCP,Throughput,HTTP/1.1
2025-05-01 02:44:34,stallRate,128.289000034332,4.52557122181165,TheEmptinessMachine,HTCP,Throughput,HTTP/1.1
2025-05-01 02:44:36,stallRate,130.289999961853,4.45260664789512,TheEmptinessMachine,HTCP,Throughput,HTTP/1.1
2025-05-01 02:44:38,stallRate,132.289999961853,4.3824234042387,TheEmptinessMachine,HTCP,Throughput,HTTP/1.1
2025-05-01 02:44:40,stallRate,134.289999961853,4.31329571393182,TheEmptinessMachine,HTCP,Throughput,HTTP/1.1
2025-05-01 02:44:42,stallRate,136.289999961853,4.24734709711174,TheEmptinessMachine,HTCP,Throughput,HTTP/1.1
2025-05-01 02:44:44,stallRate,138.289999961853,4.18285391415901,TheEmptinessMachine,HTCP,Throughput,HTTP/1.1
2025-05-01 02:44:46,stallRate,140.289999961853,4.12050360175596,TheEmptinessMachine,HTCP,Throughput,HTTP/1.1
2025-05-01 02:44:48,stallRate,142.289000034332,4.06037390003726,TheEmptinessMachine,HTCP,Throughput,HTTP/1.1
2025-05-01 02:44:50,stallRate,144.289999961853,4.00111274363065,TheEmptinessMachine,HTCP,Throughput,HTTP/1.1
2025-05-01 02:44:52,stallRate,146.289000034332,3.94439290404084,TheEmptinessMachine,HTCP,Throughput,HTTP/1.1
2025-05-01 02:44:54,stallRate,148.289000034332,3.88904767068576,TheEmptinessMachine,HTCP,Throughput,HTTP/1.1
2025-05-01 02:44:56,stallRate,150.289000034332,3.83427079689014,TheEmptinessMachine,HTCP,Throughput,HTTP/1.1
2025-05-01 02:44:58,stallRate,152.289999961853,3.7821095861041,TheEmptinessMachine,HTCP,Throughput,HTTP/1.1
2025-05-01 02:45:00,stallRate,154.289999961853,3.73088351769069,TheEmptinessMachine,HTCP,Throughput,HTTP/1.1
2025-05-01 02:45:04,stallRate,158.289000034332,4.22594590871886,TheEmptinessMachine,HTCP,Throughput,HTTP/1.1
2025-05-01 02:45:06,stallRate,160.289999961853,4.17089593424637,TheEmptinessMachine,HTCP,Throughput,HTTP/1.1
2025-05-01 02:45:10,stallRate,164.289999961853,4.49029434582707,TheEmptinessMachine,HTCP,Throughput,HTTP/1.1
2025-05-01 02:45:12,stallRate,166.289999961853,4.43376844541267,TheEmptinessMachine,HTCP,Throughput,HTTP/1.1
2025-05-01 02:45:14,stallRate,168.291000127792,4.37920825676777,TheEmptinessMachine,HTCP,Throughput,HTTP/1.1
2025-05-01 02:45:16,stallRate,170.289000034332,4.32559326123852,TheEmptinessMachine,HTCP,Throughput,HTTP/1.1
2025-05-01 02:45:18,stallRate,172.289000034332,4.27354502549233,TheEmptinessMachine,HTCP,Throughput,HTTP/1.1
2025-05-01 02:45:20,stallRate,174.289999961853,4.2231947132119,TheEmptinessMachine,HTCP,Throughput,HTTP/1.1
2025-05-01 02:45:22,stallRate,176.289000034332,4.17330937172243,TheEmptinessMachine,HTCP,Throughput,HTTP/1.1
2025-05-01 02:45:24,stallRate,178.289000034332,4.12517676205649,TheEmptinessMachine,HTCP,Throughput,HTTP/1.1
2025-05-01 02:45:26,stallRate,180.289999961853,4.07759695672097,TheEmptinessMachine,HTCP,Throughput,HTTP/1.1
2025-05-01 02:45:28,stallRate,182.289999961853,4.03087117990703,TheEmptinessMachine,HTCP,Throughput,HTTP/1.1
2025-05-01 02:45:30,stallRate,184.289999961853,3.98590767397758,TheEmptinessMachine,HTCP,Throughput,HTTP/1.1
2025-05-01 02:45:32,stallRate,186.289999961853,3.94162851674753,TheEmptinessMachine,HTCP,Throughput,HTTP/1.1
2025-05-01 02:45:34,stallRate,188.289000034332,3.89848496077776,TheEmptinessMachine,HTCP,Throughput,HTTP/1.1
2025-05-01 02:45:36,stallRate,190.289999961853,3.85603816373612,TheEmptinessMachine,HTCP,Throughput,HTTP/1.1
2025-05-01 02:45:38,stallRate,192.289999961853,3.81448277761482,TheEmptinessMachine,HTCP,Throughput,HTTP/1.1
2025-05-01 02:45:40,stallRate,194.289999961853,3.77398239493487,TheEmptinessMachine,HTCP,Throughput,HTTP/1.1
2025-05-01 02:45:42,stallRate,196.289999961853,3.73396346406303,TheEmptinessMachine,HTCP,Throughput,HTTP/1.1
2025-05-01 02:45:44,stallRate,198.289999961853,3.69532802094406,TheEmptinessMachine,HTCP,Throughput,HTTP/1.1
2025-05-01 02:45:46,stallRate,200.289999961853,3.65742828595126,TheEmptinessMachine,HTCP,Throughput,HTTP/1.1
2025-05-01 02:46:28,stallRate,4.18299984931946,0.0,TheEmptinessMachine,HTCP,Throughput,HTTP/2
2025-05-01 02:46:30,stallRate,6.10699987411499,0.0,TheEmptinessMachine,HTCP,Throughput,HTTP/2
2025-05-01 02:46:32,stallRate,8.10599994659424,7.26763861627093,TheEmptinessMachine,HTCP,Throughput,HTTP/2
2025-05-01 02:46:34,stallRate,10.1059999465942,5.57563261819285,TheEmptinessMachine,HTCP,Throughput,HTTP/2
2025-05-01 02:46:36,stallRate,12.106999874115,4.75835802511783,TheEmptinessMachine,HTCP,Throughput,HTTP/2
2025-05-01 02:46:38,stallRate,14.1059999465942,3.5890835436955,TheEmptinessMachine,HTCP,Throughput,HTTP/2
2025-05-01 02:46:44,stallRate,20.1059999465942,22.7744088500588,TheEmptinessMachine,HTCP,Throughput,HTTP/2
2025-05-01 02:46:48,stallRate,24.106999874115,23.3651701418978,TheEmptinessMachine,HTCP,Throughput,HTTP/2
2025-05-01 02:46:54,stallRate,30.1059999465942,37.4343778181559,TheEmptinessMachine,HTCP,Throughput,HTTP/2
2025-05-01 02:46:58,stallRate,34.106999874115,39.3743217645251,TheEmptinessMachine,HTCP,Throughput,HTTP/2
2025-05-01 02:47:00,stallRate,36.106999874115,37.2831874959605,TheEmptinessMachine,HTCP,Throughput,HTTP/2
2025-05-01 02:47:02,stallRate,38.106999874115,34.5256773770743,TheEmptinessMachine,HTCP,Throughput,HTTP/2
2025-05-01 02:47:04,stallRate,40.106999874115,32.1435949013144,TheEmptinessMachine,HTCP,Throughput,HTTP/2
2025-05-01 02:47:06,stallRate,42.106999874115,30.0759396179666,TheEmptinessMachine,HTCP,Throughput,HTTP/2
2025-05-01 02:47:08,stallRate,44.1059999465942,28.2626011132199,TheEmptinessMachine,HTCP,Throughput,HTTP/2
2025-05-01 02:47:10,stallRate,46.106999874115,26.6547981855878,TheEmptinessMachine,HTCP,Throughput,HTTP/2
2025-05-01 02:47:12,stallRate,48.1059999465942,25.2121081604156,TheEmptinessMachine,HTCP,Throughput,HTTP/2
2025-05-01 02:47:14,stallRate,50.1059999465942,23.9275421904341,TheEmptinessMachine,HTCP,Throughput,HTTP/2
2025-05-01 02:47:16,stallRate,52.106999874115,22.7642192554031,TheEmptinessMachine,HTCP,Throughput,HTTP/2
2025-05-01 02:47:18,stallRate,54.106999874115,24.3087138455182,TheEmptinessMachine,HTCP,Throughput,HTTP/2
2025-05-01 02:47:22,stallRate,58.1059999465942,22.9971851567779,TheEmptinessMachine,HTCP,Throughput,HTTP/2
2025-05-01 02:47:24,stallRate,60.106999874115,23.2050395231319,TheEmptinessMachine,HTCP,Throughput,HTTP/2
2025-05-01 02:47:26,stallRate,62.1059999465942,22.2987668004295,TheEmptinessMachine,HTCP,Throughput,HTTP/2
2025-05-01 02:47:28,stallRate,64.106999874115,21.4566505024061,TheEmptinessMachine,HTCP,Throughput,HTTP/2
2025-05-01 02:47:30,stallRate,66.1059999465942,20.6756338865023,TheEmptinessMachine,HTCP,Throughput,HTTP/2
2025-05-01 02:47:34,stallRate,70.1059999465942,20.3053341033482,TheEmptinessMachine,HTCP,Throughput,HTTP/2
2025-05-01 02:47:40,stallRate,76.1059999465942,22.462884081149,TheEmptinessMachine,HTCP,Throughput,HTTP/2
2025-05-01 02:47:42,stallRate,78.1059999465942,22.0043256571081,TheEmptinessMachine,HTCP,Throughput,HTTP/2
2025-05-01 02:47:44,stallRate,80.106999874115,21.3640603764007,TheEmptinessMachine,HTCP,Throughput,HTTP/2
2025-05-01 02:47:46,stallRate,82.1059999465942,20.7595165489835,TheEmptinessMachine,HTCP,Throughput,HTTP/2
2025-05-01 02:47:48,stallRate,84.106999874115,20.1900326548862,TheEmptinessMachine,HTCP,Throughput,HTTP/2
2025-05-01 02:47:50,stallRate,86.106999874115,19.6523417608053,TheEmptinessMachine,HTCP,Throughput,HTTP/2
2025-05-01 02:47:52,stallRate,88.1059999465942,19.1428802427424,TheEmptinessMachine,HTCP,Throughput,HTTP/2
2025-05-01 02:47:54,stallRate,90.1059999465942,18.6582910450168,TheEmptinessMachine,HTCP,Throughput,HTTP/2
2025-05-01 02:47:56,stallRate,92.106999874115,18.1960067679418,TheEmptinessMachine,HTCP,Throughput,HTTP/2
2025-05-01 02:47:58,stallRate,94.106999874115,17.7559532598833,TheEmptinessMachine,HTCP,Throughput,HTTP/2
2025-05-01 02:48:00,stallRate,96.106999874115,17.3399026697586,TheEmptinessMachine,HTCP,Throughput,HTTP/2
2025-05-01 02:48:02,stallRate,98.106999874115,16.9413300823581,TheEmptinessMachine,HTCP,Throughput,HTTP/2
2025-05-01 02:48:04,stallRate,100.106999874115,16.5602530414621,TheEmptinessMachine,HTCP,Throughput,HTTP/2
2025-05-01 02:48:06,stallRate,102.106999874115,16.1961552556981,TheEmptinessMachine,HTCP,Throughput,HTTP/2
2025-05-01 02:48:08,stallRate,104.105999946594,15.8466696536883,TheEmptinessMachine,HTCP,Throughput,HTTP/2
2025-05-01 02:48:10,stallRate,106.106999874115,15.7900629531411,TheEmptinessMachine,HTCP,Throughput,HTTP/2
2025-05-01 02:48:12,stallRate,108.106999874115,15.7821830231883,TheEmptinessMachine,HTCP,Throughput,HTTP/2
2025-05-01 02:48:14,stallRate,110.106999874115,15.6339639947719,TheEmptinessMachine,HTCP,Throughput,HTTP/2
2025-05-01 02:48:16,stallRate,112.105999946594,15.3179061262104,TheEmptinessMachine,HTCP,Throughput,HTTP/2
2025-05-01 02:48:18,stallRate,114.105999946594,15.0133126979355,TheEmptinessMachine,HTCP,Throughput,HTTP/2
2025-05-01 02:48:20,stallRate,116.106999874115,14.7195043149402,TheEmptinessMachine,HTCP,Throughput,HTTP/2
2025-05-01 02:48:22,stallRate,118.106999874115,14.4385261609134,TheEmptinessMachine,HTCP,Throughput,HTTP/2
2025-05-01 02:48:24,stallRate,120.106999874115,14.1688665132662,TheEmptinessMachine,HTCP,Throughput,HTTP/2
2025-05-01 02:48:26,stallRate,122.106999874115,13.9094093950278,TheEmptinessMachine,HTCP,Throughput,HTTP/2
2025-05-01 02:48:28,stallRate,124.105999946594,13.6569997643024,TheEmptinessMachine,HTCP,Throughput,HTTP/2
2025-05-01 02:48:30,stallRate,126.105999946594,13.4156326974375,TheEmptinessMachine,HTCP,Throughput,HTTP/2
2025-05-01 02:48:32,stallRate,128.105999946594,13.180553947183,TheEmptinessMachine,HTCP,Throughput,HTTP/2
2025-05-01 02:48:34,stallRate,130.106999874115,12.9563217008532,TheEmptinessMachine,HTCP,Throughput,HTTP/2
2025-05-01 02:48:36,stallRate,132.106999874115,12.7369616288995,TheEmptinessMachine,HTCP,Throughput,HTTP/2
2025-05-01 02:48:38,stallRate,134.105999946594,12.5254178127468,TheEmptinessMachine,HTCP,Throughput,HTTP/2
2025-05-01 02:48:40,stallRate,136.106999874115,12.3219149966616,TheEmptinessMachine,HTCP,Throughput,HTTP/2
2025-05-01 02:48:42,stallRate,138.105999946594,12.1241053800181,TheEmptinessMachine,HTCP,Throughput,HTTP/2
2025-05-01 02:48:44,stallRate,140.106999874115,11.9338991086062,TheEmptinessMachine,HTCP,Throughput,HTTP/2
2025-05-01 02:48:46,stallRate,142.106999874115,11.7473252570024,TheEmptinessMachine,HTCP,Throughput,HTTP/2
2025-05-01 02:48:48,stallRate,144.105999946594,11.5678067982021,TheEmptinessMachine,HTCP,Throughput,HTTP/2
2025-05-01 02:48:50,stallRate,146.106999874115,11.3939750668551,TheEmptinessMachine,HTCP,Throughput,HTTP/2
2025-05-01 02:48:52,stallRate,148.106999874115,11.2253051432081,TheEmptinessMachine,HTCP,Throughput,HTTP/2
2025-05-01 02:48:54,stallRate,150.105999946594,11.0612752143254,TheEmptinessMachine,HTCP,Throughput,HTTP/2
2025-05-01 02:48:56,stallRate,152.106999874115,10.9013433936589,TheEmptinessMachine,HTCP,Throughput,HTTP/2
2025-05-01 02:48:58,stallRate,154.106999874115,10.7460832387047,TheEmptinessMachine,HTCP,Throughput,HTTP/2
2025-05-01 02:49:00,stallRate,156.105999946594,10.5962368447785,TheEmptinessMachine,HTCP,Throughput,HTTP/2
2025-05-01 02:49:02,stallRate,158.106999874115,10.4497928605501,TheEmptinessMachine,HTCP,Throughput,HTTP/2
2025-05-01 02:49:04,stallRate,160.106999874115,10.3071097994131,TheEmptinessMachine,HTCP,Throughput,HTTP/2
2025-05-01 02:49:06,stallRate,162.106999874115,10.1685052954118,TheEmptinessMachine,HTCP,Throughput,HTTP/2
2025-05-01 02:49:08,stallRate,164.105999946594,10.0338795432485,TheEmptinessMachine,HTCP,Throughput,HTTP/2
2025-05-01 02:49:10,stallRate,166.106999874115,9.90223444513848,TheEmptinessMachine,HTCP,Throughput,HTTP/2
2025-05-01 02:49:12,stallRate,168.106999874115,9.77453695674075,TheEmptinessMachine,HTCP,Throughput,HTTP/2
2025-05-01 02:49:14,stallRate,170.106999874115,9.64960229754351,TheEmptinessMachine,HTCP,Throughput,HTTP/2
2025-05-01 02:49:16,stallRate,172.105999946594,9.52830016273631,TheEmptinessMachine,HTCP,Throughput,HTTP/2
2025-05-01 02:49:18,stallRate,174.105999946594,9.4095306595633,TheEmptinessMachine,HTCP,Throughput,HTTP/2
2025-05-01 02:49:20,stallRate,176.105999946594,9.29390192582967,TheEmptinessMachine,HTCP,Throughput,HTTP/2
2025-05-01 02:49:22,stallRate,178.105999946594,9.18108523204593,TheEmptinessMachine,HTCP,Throughput,HTTP/2
2025-05-01 02:49:24,stallRate,180.106999874115,9.07039919214176,TheEmptinessMachine,HTCP,Throughput,HTTP/2
2025-05-01 02:49:28,stallRate,184.105999946594,9.56640806237361,TheEmptinessMachine,HTCP,Throughput,HTTP/2
2025-05-01 02:49:30,stallRate,186.106999874115,9.49158569408755,TheEmptinessMachine,HTCP,Throughput,HTTP/2
2025-05-01 02:49:32,stallRate,188.105999946594,9.38319905120479,TheEmptinessMachine,HTCP,Throughput,HTTP/2
2025-05-01 02:49:34,stallRate,190.105999946594,9.27783089988612,TheEmptinessMachine,HTCP,Throughput,HTTP/2
2025-05-01 02:49:36,stallRate,192.111000061035,9.42865920326901,TheEmptinessMachine,HTCP,Throughput,HTTP/2
2025-05-01 02:49:38,stallRate,194.105999946594,9.32409585907816,TheEmptinessMachine,HTCP,Throughput,HTTP/2
2025-05-01 02:49:40,stallRate,196.106999874115,9.22240268053103,TheEmptinessMachine,HTCP,Throughput,HTTP/2
2025-05-01 02:49:42,stallRate,198.105999946594,9.12223227780304,TheEmptinessMachine,HTCP,Throughput,HTTP/2
2025-05-01 02:49:44,stallRate,200.108000040054,9.02438510074349,TheEmptinessMachine,HTCP,Throughput,HTTP/2
2025-05-01 02:49:46,stallRate,202.106999874115,8.92924624982707,TheEmptinessMachine,HTCP,Throughput,HTTP/2
2025-05-01 02:49:48,stallRate,204.106999874115,8.83553540344897,TheEmptinessMachine,HTCP,Throughput,HTTP/2
2025-05-01 02:49:50,stallRate,206.106999874115,8.74393385729525,TheEmptinessMachine,HTCP,Throughput,HTTP/2
2025-05-01 02:49:52,stallRate,208.106999874115,8.65418598689637,TheEmptinessMachine,HTCP,Throughput,HTTP/2
2025-05-01 02:50:53,stallRate,24.4539999961853,0.0,TheEmptinessMachine,HTCP,Throughput,HTTP/3
2025-05-01 02:50:55,stallRate,26.4539999961853,0.0,TheEmptinessMachine,HTCP,Throughput,HTTP/3
2025-05-01 02:50:57,stallRate,28.4539999961853,0.0,TheEmptinessMachine,HTCP,Throughput,HTTP/3
2025-05-01 02:50:59,stallRate,30.4539999961853,0.0,TheEmptinessMachine,HTCP,Throughput,HTTP/3
2025-05-01 02:51:01,stallRate,32.4539999961853,0.0,TheEmptinessMachine,HTCP,Throughput,HTTP/3
2025-05-01 02:51:03,stallRate,34.4539999961853,0.0,TheEmptinessMachine,HTCP,Throughput,HTTP/3
2025-05-01 02:51:05,stallRate,36.4539999961853,0.0,TheEmptinessMachine,HTCP,Throughput,HTTP/3
2025-05-01 02:51:07,stallRate,38.4539999961853,0.0,TheEmptinessMachine,HTCP,Throughput,HTTP/3
2025-05-01 02:51:09,stallRate,40.4539999961853,0.0,TheEmptinessMachine,HTCP,Throughput,HTTP/3
2025-05-01 02:51:11,stallRate,42.4539999961853,0.0,TheEmptinessMachine,HTCP,Throughput,HTTP/3
2025-05-01 02:51:13,stallRate,44.4539999961853,0.0,TheEmptinessMachine,HTCP,Throughput,HTTP/3
2025-05-01 02:51:15,stallRate,46.4539999961853,0.0,TheEmptinessMachine,HTCP,Throughput,HTTP/3
2025-05-01 02:51:17,stallRate,48.4539999961853,0.0,TheEmptinessMachine,HTCP,Throughput,HTTP/3
2025-05-01 02:51:19,stallRate,50.4539999961853,0.0,TheEmptinessMachine,HTCP,Throughput,HTTP/3
2025-05-01 02:51:21,stallRate,52.4539999961853,0.0,TheEmptinessMachine,HTCP,Throughput,HTTP/3
2025-05-01 02:51:23,stallRate,54.4539999961853,0.0,TheEmptinessMachine,HTCP,Throughput,HTTP/3
2025-05-01 02:51:25,stallRate,56.4539999961853,0.0,TheEmptinessMachine,HTCP,Throughput,HTTP/3
2025-05-01 02:51:27,stallRate,58.4539999961853,0.0,TheEmptinessMachine,HTCP,Throughput,HTTP/3
2025-05-01 02:51:29,stallRate,60.4539999961853,0.0,TheEmptinessMachine,HTCP,Throughput,HTTP/3
2025-05-01 02:51:31,stallRate,62.4539999961853,0.0,TheEmptinessMachine,HTCP,Throughput,HTTP/3
2025-05-01 02:51:33,stallRate,64.4539999961853,0.0,TheEmptinessMachine,HTCP,Throughput,HTTP/3
2025-05-01 02:51:37,stallRate,68.4539999961853,3.2181928372956,TheEmptinessMachine,HTCP,Throughput,HTTP/3
2025-05-01 02:51:39,stallRate,70.4539999961853,3.16521329137881,TheEmptinessMachine,HTCP,Throughput,HTTP/3
2025-05-01 02:51:41,stallRate,72.4539999961853,3.03180416374429,TheEmptinessMachine,HTCP,Throughput,HTTP/3
2025-05-01 02:51:43,stallRate,74.4539999961853,2.9114457869928,TheEmptinessMachine,HTCP,Throughput,HTTP/3
2025-05-01 02:51:45,stallRate,76.4539999961853,2.79935714531179,TheEmptinessMachine,HTCP,Throughput,HTTP/3
2025-05-01 02:51:49,stallRate,80.4539999961853,4.89265608374828,TheEmptinessMachine,HTCP,Throughput,HTTP/3
2025-05-01 02:51:51,stallRate,82.4539999961853,4.72488029711254,TheEmptinessMachine,HTCP,Throughput,HTTP/3
2025-05-01 02:51:53,stallRate,84.4539999961853,4.56535506193832,TheEmptinessMachine,HTCP,Throughput,HTTP/3
2025-05-01 02:51:55,stallRate,86.4539999961853,4.41842328014074,TheEmptinessMachine,HTCP,Throughput,HTTP/3
2025-05-01 02:51:57,stallRate,88.4539999961853,4.27982670090642,TheEmptinessMachine,HTCP,Throughput,HTTP/3
2025-05-01 02:51:59,stallRate,90.4539999961853,4.15041929944348,TheEmptinessMachine,HTCP,Throughput,HTTP/3
2025-05-01 02:52:01,stallRate,92.4539999961853,4.02884392584965,TheEmptinessMachine,HTCP,Throughput,HTTP/3
2025-05-01 02:52:03,stallRate,94.4539999961853,3.91310882451702,TheEmptinessMachine,HTCP,Throughput,HTTP/3
2025-05-01 02:52:05,stallRate,96.4539999961853,3.80482272857111,TheEmptinessMachine,HTCP,Throughput,HTTP/3
2025-05-01 02:52:07,stallRate,98.4539999961853,3.70092616731519,TheEmptinessMachine,HTCP,Throughput,HTTP/3
2025-05-01 02:52:09,stallRate,100.453999996185,3.60339223655978,TheEmptinessMachine,HTCP,Throughput,HTTP/3
2025-05-01 02:52:11,stallRate,102.453999996185,3.51169134420866,TheEmptinessMachine,HTCP,Throughput,HTTP/3
2025-05-01 02:52:13,stallRate,104.453999996185,3.42284536489205,TheEmptinessMachine,HTCP,Throughput,HTTP/3
2025-05-01 02:52:19,stallRate,110.453999996185,7.2881687397411,TheEmptinessMachine,HTCP,Throughput,HTTP/3
2025-05-01 02:52:21,stallRate,112.453999996185,7.23740369569417,TheEmptinessMachine,HTCP,Throughput,HTTP/3
2025-05-01 02:52:25,stallRate,116.453999996185,7.18142716278786,TheEmptinessMachine,HTCP,Throughput,HTTP/3
2025-05-01 02:52:27,stallRate,118.453999996185,7.51332732819949,TheEmptinessMachine,HTCP,Throughput,HTTP/3
2025-05-01 02:52:31,stallRate,122.453999996185,7.89791653765474,TheEmptinessMachine,HTCP,Throughput,HTTP/3
2025-05-01 02:52:35,stallRate,126.453999996185,7.74139974412518,TheEmptinessMachine,HTCP,Throughput,HTTP/3
2025-05-01 02:52:37,stallRate,128.453999996185,7.88354336744901,TheEmptinessMachine,HTCP,Throughput,HTTP/3
2025-05-01 02:52:39,stallRate,130.453999996185,7.80340047987804,TheEmptinessMachine,HTCP,Throughput,HTTP/3
2025-05-01 02:52:41,stallRate,132.453999996185,7.65842466701955,TheEmptinessMachine,HTCP,Throughput,HTTP/3
2025-05-01 02:52:43,stallRate,134.453999996185,7.51903161545264,TheEmptinessMachine,HTCP,Throughput,HTTP/3
2025-05-01 02:52:45,stallRate,136.453999996185,7.38389353743572,TheEmptinessMachine,HTCP,Throughput,HTTP/3
2025-05-01 02:52:47,stallRate,138.453999996185,7.25398700146854,TheEmptinessMachine,HTCP,Throughput,HTTP/3
2025-05-01 02:52:49,stallRate,140.453999996185,7.12721960201092,TheEmptinessMachine,HTCP,Throughput,HTTP/3
2025-05-01 02:52:51,stallRate,142.453999996185,7.00550359261875,TheEmptinessMachine,HTCP,Throughput,HTTP/3
2025-05-01 02:52:53,stallRate,144.453999996185,6.88864822875648,TheEmptinessMachine,HTCP,Throughput,HTTP/3
2025-05-01 02:52:55,stallRate,146.453999996185,6.77394984362658,TheEmptinessMachine,HTCP,Throughput,HTTP/3
2025-05-01 02:52:57,stallRate,148.453999996185,6.66463141098831,TheEmptinessMachine,HTCP,Throughput,HTTP/3
2025-05-01 02:52:59,stallRate,150.453999996185,6.55787581910606,TheEmptinessMachine,HTCP,Throughput,HTTP/3
2025-05-01 02:53:01,stallRate,152.453999996185,6.45460145803351,TheEmptinessMachine,HTCP,Throughput,HTTP/3
2025-05-01 02:53:03,stallRate,154.453999996185,6.35475226836456,TheEmptinessMachine,HTCP,Throughput,HTTP/3
2025-05-01 02:53:06,stallRate,156.453999996185,6.29810864430783,TheEmptinessMachine,HTCP,Throughput,HTTP/3
2025-05-01 02:53:07,stallRate,158.453999996185,6.23481360993931,TheEmptinessMachine,HTCP,Throughput,HTTP/3
2025-05-01 02:53:09,stallRate,160.453999996185,6.13482427131867,TheEmptinessMachine,HTCP,Throughput,HTTP/3
2025-05-01 02:53:11,stallRate,162.453999996185,6.03900308577812,TheEmptinessMachine,HTCP,Throughput,HTTP/3
2025-05-01 02:53:13,stallRate,164.453999996185,5.95022643923472,TheEmptinessMachine,HTCP,Throughput,HTTP/3
2025-05-01 02:53:15,stallRate,166.453999996185,5.86744174380298,TheEmptinessMachine,HTCP,Throughput,HTTP/3
2025-05-01 02:53:17,stallRate,168.453999996185,5.78543668618491,TheEmptinessMachine,HTCP,Throughput,HTTP/3
2025-05-01 02:53:19,stallRate,170.453999996185,5.70543898172382,TheEmptinessMachine,HTCP,Throughput,HTTP/3
2025-05-01 02:53:21,stallRate,172.453999996185,5.62738534338115,TheEmptinessMachine,HTCP,Throughput,HTTP/3
2025-05-01 02:53:23,stallRate,174.453999996185,5.55173327556911,TheEmptinessMachine,HTCP,Throughput,HTTP/3
2025-05-01 02:53:25,stallRate,176.453999996185,5.47705013222655,TheEmptinessMachine,HTCP,Throughput,HTTP/3
2025-05-01 02:53:27,stallRate,178.453999996185,5.40573730590002,TheEmptinessMachine,HTCP,Throughput,HTTP/3
2025-05-01 02:53:29,stallRate,180.453999996185,5.3356351828454,TheEmptinessMachine,HTCP,Throughput,HTTP/3
2025-05-01 02:53:31,stallRate,182.453999996185,5.26716066393141,TheEmptinessMachine,HTCP,Throughput,HTTP/3
2025-05-01 02:53:33,stallRate,184.453999996185,5.20057819633594,TheEmptinessMachine,HTCP,Throughput,HTTP/3
2025-05-01 02:53:35,stallRate,186.453999996185,5.13502892361498,TheEmptinessMachine,HTCP,Throughput,HTTP/3
2025-05-01 02:53:37,stallRate,188.453999996185,5.07187211107293,TheEmptinessMachine,HTCP,Throughput,HTTP/3
2025-05-01 02:53:39,stallRate,190.453999996185,5.01010280180907,TheEmptinessMachine,HTCP,Throughput,HTTP/3
2025-05-01 02:53:41,stallRate,192.453999996185,4.94936588234011,TheEmptinessMachine,HTCP,Throughput,HTTP/3
2025-05-01 02:53:43,stallRate,194.453999996185,4.89058500414455,TheEmptinessMachine,HTCP,Throughput,HTTP/3
2025-05-01 02:53:45,stallRate,196.453999996185,4.83307827319538,TheEmptinessMachine,HTCP,Throughput,HTTP/3
2025-05-01 02:53:47,stallRate,198.453999996185,4.77642948971281,TheEmptinessMachine,HTCP,Throughput,HTTP/3
2025-05-01 02:53:49,stallRate,200.453000068665,4.72178385923621,TheEmptinessMachine,HTCP,Throughput,HTTP/3
2025-05-01 02:53:51,stallRate,202.453999996185,4.66783324392377,TheEmptinessMachine,HTCP,Throughput,HTTP/3
2025-05-01 02:53:53,stallRate,204.453999996185,4.61558412755216,TheEmptinessMachine,HTCP,Throughput,HTTP/3
2025-05-01 02:53:55,stallRate,206.453999996185,4.56436389050461,TheEmptinessMachine,HTCP,Throughput,HTTP/3
2025-05-01 02:53:57,stallRate,208.453999996185,4.51362071259782,TheEmptinessMachine,HTCP,Throughput,HTTP/3
2025-05-01 02:53:59,stallRate,210.453999996185,4.46470372897898,TheEmptinessMachine,HTCP,Throughput,HTTP/3
2025-05-01 02:54:01,stallRate,212.453999996185,4.41671087505069,TheEmptinessMachine,HTCP,Throughput,HTTP/3
2025-05-01 02:54:03,stallRate,214.453999996185,4.36950823308087,TheEmptinessMachine,HTCP,Throughput,HTTP/3
2025-05-01 02:54:05,stallRate,216.453999996185,4.3237575266439,TheEmptinessMachine,HTCP,Throughput,HTTP/3
2025-05-01 02:54:07,stallRate,218.453999996185,4.27829625368661,TheEmptinessMachine,HTCP,Throughput,HTTP/3
2025-05-01 02:54:09,stallRate,220.453999996185,4.2344563424377,TheEmptinessMachine,HTCP,Throughput,HTTP/3
