time,metric,metricTime,metricValue,video,cc,abr,http
2025-05-02 10:53:31,index,4.79200005531311,1106,TheEmptinessMachine,CUBIC,Dynamic,HTTP/1.1
2025-05-02 10:53:33,index,6.79200005531311,674,TheEmptinessMachine,CUBIC,Dynamic,HTTP/1.1
2025-05-02 10:53:35,index,8.79200005531311,980,TheEmptinessMachine,CUBIC,Dynamic,HTTP/1.1
2025-05-02 10:53:37,index,10.7920000553131,635,TheEmptinessMachine,CUBIC,Dynamic,HTTP/1.1
2025-05-02 10:53:41,index,14.7939999103546,72,TheEmptinessMachine,CUBIC,Dynamic,HTTP/1.1
2025-05-02 10:53:43,index,16.7920000553131,72,TheEmptinessMachine,CUBIC,Dynamic,HTTP/1.1
2025-05-02 10:53:45,index,18.7920000553131,72,TheEmptinessMachine,CUBIC,Dynamic,HTTP/1.1
2025-05-02 10:53:47,index,20.7920000553131,72,TheEmptinessMachine,CUBIC,Dynamic,HTTP/1.1
2025-05-02 10:53:49,index,22.7920000553131,166,TheEmptinessMachine,CUBIC,Dynamic,HTTP/1.1
2025-05-02 10:53:51,index,24.7920000553131,330,TheEmptinessMachine,CUBIC,Dynamic,HTTP/1.1
2025-05-02 10:53:53,index,26.7920000553131,330,TheEmptinessMachine,CUBIC,Dynamic,HTTP/1.1
2025-05-02 10:53:55,index,28.7920000553131,330,TheEmptinessMachine,CUBIC,Dynamic,HTTP/1.1
2025-05-02 10:53:57,index,30.7920000553131,330,TheEmptinessMachine,CUBIC,Dynamic,HTTP/1.1
2025-05-02 10:53:59,index,32.7920000553131,635,TheEmptinessMachine,CUBIC,Dynamic,HTTP/1.1
2025-05-02 10:54:01,index,34.7920000553131,635,TheEmptinessMachine,CUBIC,Dynamic,HTTP/1.1
2025-05-02 10:54:03,index,36.7920000553131,330,TheEmptinessMachine,CUBIC,Dynamic,HTTP/1.1
2025-05-02 10:54:05,index,38.7920000553131,330,TheEmptinessMachine,CUBIC,Dynamic,HTTP/1.1
2025-05-02 10:54:07,index,40.7920000553131,330,TheEmptinessMachine,CUBIC,Dynamic,HTTP/1.1
2025-05-02 10:54:09,index,42.7920000553131,330,TheEmptinessMachine,CUBIC,Dynamic,HTTP/1.1
2025-05-02 10:54:11,index,44.7920000553131,330,TheEmptinessMachine,CUBIC,Dynamic,HTTP/1.1
2025-05-02 10:54:13,index,46.7920000553131,330,TheEmptinessMachine,CUBIC,Dynamic,HTTP/1.1
2025-05-02 10:54:15,index,48.7920000553131,674,TheEmptinessMachine,CUBIC,Dynamic,HTTP/1.1
2025-05-02 10:54:17,index,50.7920000553131,674,TheEmptinessMachine,CUBIC,Dynamic,HTTP/1.1
2025-05-02 10:54:19,index,52.7920000553131,330,TheEmptinessMachine,CUBIC,Dynamic,HTTP/1.1
2025-05-02 10:54:21,index,54.7920000553131,330,TheEmptinessMachine,CUBIC,Dynamic,HTTP/1.1
2025-05-02 10:54:23,index,56.7920000553131,330,TheEmptinessMachine,CUBIC,Dynamic,HTTP/1.1
2025-05-02 10:54:25,index,58.7920000553131,330,TheEmptinessMachine,CUBIC,Dynamic,HTTP/1.1
2025-05-02 10:54:27,index,60.7920000553131,330,TheEmptinessMachine,CUBIC,Dynamic,HTTP/1.1
2025-05-02 10:54:29,index,62.7920000553131,330,TheEmptinessMachine,CUBIC,Dynamic,HTTP/1.1
2025-05-02 10:54:31,index,64.7920000553131,330,TheEmptinessMachine,CUBIC,Dynamic,HTTP/1.1
2025-05-02 10:54:33,index,66.7920000553131,330,TheEmptinessMachine,CUBIC,Dynamic,HTTP/1.1
2025-05-02 10:54:35,index,68.7920000553131,330,TheEmptinessMachine,CUBIC,Dynamic,HTTP/1.1
2025-05-02 10:54:37,index,70.7920000553131,330,TheEmptinessMachine,CUBIC,Dynamic,HTTP/1.1
2025-05-02 10:54:39,index,72.7920000553131,330,TheEmptinessMachine,CUBIC,Dynamic,HTTP/1.1
2025-05-02 10:54:41,index,74.7920000553131,330,TheEmptinessMachine,CUBIC,Dynamic,HTTP/1.1
2025-05-02 10:54:43,index,76.7920000553131,330,TheEmptinessMachine,CUBIC,Dynamic,HTTP/1.1
2025-05-02 10:54:45,index,78.7920000553131,330,TheEmptinessMachine,CUBIC,Dynamic,HTTP/1.1
2025-05-02 10:54:47,index,80.7920000553131,330,TheEmptinessMachine,CUBIC,Dynamic,HTTP/1.1
2025-05-02 10:54:49,index,82.7920000553131,635,TheEmptinessMachine,CUBIC,Dynamic,HTTP/1.1
2025-05-02 10:54:51,index,84.7920000553131,635,TheEmptinessMachine,CUBIC,Dynamic,HTTP/1.1
2025-05-02 10:54:53,index,86.7920000553131,674,TheEmptinessMachine,CUBIC,Dynamic,HTTP/1.1
2025-05-02 10:54:55,index,88.7920000553131,674,TheEmptinessMachine,CUBIC,Dynamic,HTTP/1.1
2025-05-02 10:54:57,index,90.7920000553131,674,TheEmptinessMachine,CUBIC,Dynamic,HTTP/1.1
2025-05-02 10:54:59,index,92.7920000553131,674,TheEmptinessMachine,CUBIC,Dynamic,HTTP/1.1
2025-05-02 10:55:01,index,94.7920000553131,330,TheEmptinessMachine,CUBIC,Dynamic,HTTP/1.1
2025-05-02 10:55:03,index,96.7920000553131,330,TheEmptinessMachine,CUBIC,Dynamic,HTTP/1.1
2025-05-02 10:55:05,index,98.7920000553131,330,TheEmptinessMachine,CUBIC,Dynamic,HTTP/1.1
2025-05-02 10:55:07,index,100.792000055313,330,TheEmptinessMachine,CUBIC,Dynamic,HTTP/1.1
2025-05-02 10:55:09,index,102.792000055313,330,TheEmptinessMachine,CUBIC,Dynamic,HTTP/1.1
2025-05-02 10:55:11,index,104.792000055313,330,TheEmptinessMachine,CUBIC,Dynamic,HTTP/1.1
2025-05-02 10:55:13,index,106.792000055313,330,TheEmptinessMachine,CUBIC,Dynamic,HTTP/1.1
2025-05-02 10:55:15,index,108.792000055313,330,TheEmptinessMachine,CUBIC,Dynamic,HTTP/1.1
2025-05-02 10:55:17,index,110.792000055313,330,TheEmptinessMachine,CUBIC,Dynamic,HTTP/1.1
2025-05-02 10:55:19,index,112.792000055313,330,TheEmptinessMachine,CUBIC,Dynamic,HTTP/1.1
2025-05-02 10:55:21,index,114.792000055313,330,TheEmptinessMachine,CUBIC,Dynamic,HTTP/1.1
2025-05-02 10:55:23,index,116.792000055313,330,TheEmptinessMachine,CUBIC,Dynamic,HTTP/1.1
2025-05-02 10:55:25,index,118.792000055313,635,TheEmptinessMachine,CUBIC,Dynamic,HTTP/1.1
2025-05-02 10:55:27,index,120.792000055313,635,TheEmptinessMachine,CUBIC,Dynamic,HTTP/1.1
2025-05-02 10:55:29,index,122.792000055313,635,TheEmptinessMachine,CUBIC,Dynamic,HTTP/1.1
2025-05-02 10:55:31,index,124.792000055313,330,TheEmptinessMachine,CUBIC,Dynamic,HTTP/1.1
2025-05-02 10:55:33,index,126.792000055313,330,TheEmptinessMachine,CUBIC,Dynamic,HTTP/1.1
2025-05-02 10:55:35,index,128.792999982834,330,TheEmptinessMachine,CUBIC,Dynamic,HTTP/1.1
2025-05-02 10:55:37,index,130.792000055313,330,TheEmptinessMachine,CUBIC,Dynamic,HTTP/1.1
2025-05-02 10:55:39,index,132.792000055313,330,TheEmptinessMachine,CUBIC,Dynamic,HTTP/1.1
2025-05-02 10:55:41,index,134.792000055313,330,TheEmptinessMachine,CUBIC,Dynamic,HTTP/1.1
2025-05-02 10:55:43,index,136.792000055313,330,TheEmptinessMachine,CUBIC,Dynamic,HTTP/1.1
2025-05-02 10:55:45,index,138.792999982834,330,TheEmptinessMachine,CUBIC,Dynamic,HTTP/1.1
2025-05-02 10:55:47,index,140.792000055313,330,TheEmptinessMachine,CUBIC,Dynamic,HTTP/1.1
2025-05-02 10:55:49,index,142.792000055313,330,TheEmptinessMachine,CUBIC,Dynamic,HTTP/1.1
2025-05-02 10:55:51,index,144.792000055313,330,TheEmptinessMachine,CUBIC,Dynamic,HTTP/1.1
2025-05-02 10:55:53,index,146.792000055313,330,TheEmptinessMachine,CUBIC,Dynamic,HTTP/1.1
2025-05-02 10:55:55,index,148.792000055313,330,TheEmptinessMachine,CUBIC,Dynamic,HTTP/1.1
2025-05-02 10:55:57,index,150.792000055313,330,TheEmptinessMachine,CUBIC,Dynamic,HTTP/1.1
2025-05-02 10:55:59,index,152.792000055313,330,TheEmptinessMachine,CUBIC,Dynamic,HTTP/1.1
2025-05-02 10:56:01,index,154.792999982834,330,TheEmptinessMachine,CUBIC,Dynamic,HTTP/1.1
2025-05-02 10:56:03,index,156.792000055313,330,TheEmptinessMachine,CUBIC,Dynamic,HTTP/1.1
2025-05-02 10:56:05,index,158.792000055313,330,TheEmptinessMachine,CUBIC,Dynamic,HTTP/1.1
2025-05-02 10:56:07,index,160.792000055313,330,TheEmptinessMachine,CUBIC,Dynamic,HTTP/1.1
2025-05-02 10:56:09,index,162.792000055313,330,TheEmptinessMachine,CUBIC,Dynamic,HTTP/1.1
2025-05-02 10:56:11,index,164.792000055313,330,TheEmptinessMachine,CUBIC,Dynamic,HTTP/1.1
2025-05-02 10:56:13,index,166.792000055313,330,TheEmptinessMachine,CUBIC,Dynamic,HTTP/1.1
2025-05-02 10:56:15,index,168.792000055313,330,TheEmptinessMachine,CUBIC,Dynamic,HTTP/1.1
2025-05-02 10:56:17,index,170.792000055313,330,TheEmptinessMachine,CUBIC,Dynamic,HTTP/1.1
2025-05-02 10:56:19,index,172.792000055313,330,TheEmptinessMachine,CUBIC,Dynamic,HTTP/1.1
2025-05-02 10:56:21,index,174.792000055313,330,TheEmptinessMachine,CUBIC,Dynamic,HTTP/1.1
2025-05-02 10:56:23,index,176.792000055313,330,TheEmptinessMachine,CUBIC,Dynamic,HTTP/1.1
2025-05-02 10:56:25,index,178.792000055313,330,TheEmptinessMachine,CUBIC,Dynamic,HTTP/1.1
2025-05-02 10:56:27,index,180.792000055313,330,TheEmptinessMachine,CUBIC,Dynamic,HTTP/1.1
2025-05-02 10:56:29,index,182.792000055313,330,TheEmptinessMachine,CUBIC,Dynamic,HTTP/1.1
2025-05-02 10:56:31,index,184.792000055313,330,TheEmptinessMachine,CUBIC,Dynamic,HTTP/1.1
2025-05-02 10:56:33,index,186.792000055313,330,TheEmptinessMachine,CUBIC,Dynamic,HTTP/1.1
2025-05-02 10:56:35,index,188.792000055313,330,TheEmptinessMachine,CUBIC,Dynamic,HTTP/1.1
2025-05-02 10:56:37,index,190.792000055313,330,TheEmptinessMachine,CUBIC,Dynamic,HTTP/1.1
2025-05-02 10:56:39,index,192.792000055313,330,TheEmptinessMachine,CUBIC,Dynamic,HTTP/1.1
2025-05-02 10:56:41,index,194.792000055313,330,TheEmptinessMachine,CUBIC,Dynamic,HTTP/1.1
2025-05-02 10:56:43,index,196.792000055313,330,TheEmptinessMachine,CUBIC,Dynamic,HTTP/1.1
2025-05-02 10:56:45,index,198.792000055313,330,TheEmptinessMachine,CUBIC,Dynamic,HTTP/1.1
2025-05-02 10:56:47,index,200.792000055313,330,TheEmptinessMachine,CUBIC,Dynamic,HTTP/1.1
2025-05-02 10:56:49,index,202.792000055313,330,TheEmptinessMachine,CUBIC,Dynamic,HTTP/1.1
2025-05-02 10:56:51,index,204.792000055313,330,TheEmptinessMachine,CUBIC,Dynamic,HTTP/1.1
2025-05-02 10:56:53,index,206.792000055313,330,TheEmptinessMachine,CUBIC,Dynamic,HTTP/1.1
2025-05-02 10:57:26,index,4.12599992752075,1106,TheEmptinessMachine,CUBIC,Dynamic,HTTP/2
2025-05-02 10:57:28,index,6.12599992752075,674,TheEmptinessMachine,CUBIC,Dynamic,HTTP/2
2025-05-02 10:57:30,index,8.12599992752075,674,TheEmptinessMachine,CUBIC,Dynamic,HTTP/2
2025-05-02 10:57:32,index,10.1259999275208,674,TheEmptinessMachine,CUBIC,Dynamic,HTTP/2
2025-05-02 10:57:34,index,12.1259999275208,674,TheEmptinessMachine,CUBIC,Dynamic,HTTP/2
2025-05-02 10:57:36,index,14.1259999275208,330,TheEmptinessMachine,CUBIC,Dynamic,HTTP/2
2025-05-02 10:57:38,index,16.1259999275208,330,TheEmptinessMachine,CUBIC,Dynamic,HTTP/2
2025-05-02 10:57:40,index,18.1259999275208,330,TheEmptinessMachine,CUBIC,Dynamic,HTTP/2
2025-05-02 10:57:42,index,20.1259999275208,330,TheEmptinessMachine,CUBIC,Dynamic,HTTP/2
2025-05-02 10:57:44,index,22.1259999275208,330,TheEmptinessMachine,CUBIC,Dynamic,HTTP/2
2025-05-02 10:57:46,index,24.1259999275208,330,TheEmptinessMachine,CUBIC,Dynamic,HTTP/2
2025-05-02 10:57:48,index,26.1259999275208,330,TheEmptinessMachine,CUBIC,Dynamic,HTTP/2
2025-05-02 10:57:50,index,28.1259999275208,330,TheEmptinessMachine,CUBIC,Dynamic,HTTP/2
2025-05-02 10:57:52,index,30.1259999275208,330,TheEmptinessMachine,CUBIC,Dynamic,HTTP/2
2025-05-02 10:57:54,index,32.1259999275208,330,TheEmptinessMachine,CUBIC,Dynamic,HTTP/2
2025-05-02 10:57:56,index,34.1259999275208,330,TheEmptinessMachine,CUBIC,Dynamic,HTTP/2
2025-05-02 10:57:58,index,36.1259999275208,330,TheEmptinessMachine,CUBIC,Dynamic,HTTP/2
2025-05-02 10:58:00,index,38.1259999275208,330,TheEmptinessMachine,CUBIC,Dynamic,HTTP/2
2025-05-02 10:58:02,index,40.125,330,TheEmptinessMachine,CUBIC,Dynamic,HTTP/2
2025-05-02 10:58:04,index,42.1259999275208,330,TheEmptinessMachine,CUBIC,Dynamic,HTTP/2
2025-05-02 10:58:06,index,44.1259999275208,330,TheEmptinessMachine,CUBIC,Dynamic,HTTP/2
2025-05-02 10:58:08,index,46.1259999275208,330,TheEmptinessMachine,CUBIC,Dynamic,HTTP/2
2025-05-02 10:58:10,index,48.1259999275208,330,TheEmptinessMachine,CUBIC,Dynamic,HTTP/2
2025-05-02 10:58:12,index,50.1259999275208,330,TheEmptinessMachine,CUBIC,Dynamic,HTTP/2
2025-05-02 10:58:14,index,52.1259999275208,330,TheEmptinessMachine,CUBIC,Dynamic,HTTP/2
2025-05-02 10:58:16,index,54.1259999275208,330,TheEmptinessMachine,CUBIC,Dynamic,HTTP/2
2025-05-02 10:58:18,index,56.1259999275208,330,TheEmptinessMachine,CUBIC,Dynamic,HTTP/2
2025-05-02 10:58:20,index,58.1259999275208,330,TheEmptinessMachine,CUBIC,Dynamic,HTTP/2
2025-05-02 10:58:22,index,60.1259999275208,330,TheEmptinessMachine,CUBIC,Dynamic,HTTP/2
2025-05-02 10:58:24,index,62.1259999275208,635,TheEmptinessMachine,CUBIC,Dynamic,HTTP/2
2025-05-02 10:58:26,index,64.1259999275208,674,TheEmptinessMachine,CUBIC,Dynamic,HTTP/2
2025-05-02 10:58:28,index,66.1259999275208,674,TheEmptinessMachine,CUBIC,Dynamic,HTTP/2
2025-05-02 10:58:30,index,68.1259999275208,674,TheEmptinessMachine,CUBIC,Dynamic,HTTP/2
2025-05-02 10:58:32,index,70.1259999275208,674,TheEmptinessMachine,CUBIC,Dynamic,HTTP/2
2025-05-02 10:58:34,index,72.1259999275208,330,TheEmptinessMachine,CUBIC,Dynamic,HTTP/2
2025-05-02 10:58:36,index,74.1259999275208,330,TheEmptinessMachine,CUBIC,Dynamic,HTTP/2
2025-05-02 10:58:38,index,76.1259999275208,330,TheEmptinessMachine,CUBIC,Dynamic,HTTP/2
2025-05-02 10:58:44,index,82.1259999275208,166,TheEmptinessMachine,CUBIC,Dynamic,HTTP/2
2025-05-02 10:58:46,index,84.1259999275208,330,TheEmptinessMachine,CUBIC,Dynamic,HTTP/2
2025-05-02 10:58:48,index,86.1259999275208,84,TheEmptinessMachine,CUBIC,Dynamic,HTTP/2
2025-05-02 10:58:50,index,88.125,214,TheEmptinessMachine,CUBIC,Dynamic,HTTP/2
2025-05-02 10:58:52,index,90.1259999275208,320,TheEmptinessMachine,CUBIC,Dynamic,HTTP/2
2025-05-02 10:58:54,index,92.1259999275208,320,TheEmptinessMachine,CUBIC,Dynamic,HTTP/2
2025-05-02 10:58:56,index,94.1259999275208,214,TheEmptinessMachine,CUBIC,Dynamic,HTTP/2
2025-05-02 10:58:58,index,96.1259999275208,214,TheEmptinessMachine,CUBIC,Dynamic,HTTP/2
2025-05-02 10:59:00,index,98.1259999275208,214,TheEmptinessMachine,CUBIC,Dynamic,HTTP/2
2025-05-02 10:59:02,index,100.125999927521,169,TheEmptinessMachine,CUBIC,Dynamic,HTTP/2
2025-05-02 10:59:04,index,102.125999927521,169,TheEmptinessMachine,CUBIC,Dynamic,HTTP/2
2025-05-02 10:59:06,index,104.125999927521,169,TheEmptinessMachine,CUBIC,Dynamic,HTTP/2
2025-05-02 10:59:08,index,106.125999927521,169,TheEmptinessMachine,CUBIC,Dynamic,HTTP/2
2025-05-02 10:59:10,index,108.125999927521,169,TheEmptinessMachine,CUBIC,Dynamic,HTTP/2
2025-05-02 10:59:12,index,110.125999927521,169,TheEmptinessMachine,CUBIC,Dynamic,HTTP/2
2025-05-02 10:59:14,index,112.125999927521,169,TheEmptinessMachine,CUBIC,Dynamic,HTTP/2
2025-05-02 10:59:16,index,114.125999927521,169,TheEmptinessMachine,CUBIC,Dynamic,HTTP/2
2025-05-02 10:59:18,index,116.125999927521,169,TheEmptinessMachine,CUBIC,Dynamic,HTTP/2
2025-05-02 10:59:20,index,118.125999927521,169,TheEmptinessMachine,CUBIC,Dynamic,HTTP/2
2025-05-02 10:59:22,index,120.125999927521,169,TheEmptinessMachine,CUBIC,Dynamic,HTTP/2
2025-05-02 10:59:24,index,122.125999927521,169,TheEmptinessMachine,CUBIC,Dynamic,HTTP/2
2025-05-02 10:59:26,index,124.125999927521,169,TheEmptinessMachine,CUBIC,Dynamic,HTTP/2
2025-05-02 10:59:28,index,126.125999927521,169,TheEmptinessMachine,CUBIC,Dynamic,HTTP/2
2025-05-02 10:59:30,index,128.125999927521,330,TheEmptinessMachine,CUBIC,Dynamic,HTTP/2
2025-05-02 10:59:32,index,130.125999927521,330,TheEmptinessMachine,CUBIC,Dynamic,HTTP/2
2025-05-02 10:59:34,index,132.125999927521,635,TheEmptinessMachine,CUBIC,Dynamic,HTTP/2
2025-05-02 10:59:36,index,134.125999927521,674,TheEmptinessMachine,CUBIC,Dynamic,HTTP/2
2025-05-02 10:59:38,index,136.125,674,TheEmptinessMachine,CUBIC,Dynamic,HTTP/2
2025-05-02 10:59:40,index,138.125999927521,674,TheEmptinessMachine,CUBIC,Dynamic,HTTP/2
2025-05-02 10:59:42,index,140.125999927521,674,TheEmptinessMachine,CUBIC,Dynamic,HTTP/2
2025-05-02 10:59:44,index,142.125999927521,330,TheEmptinessMachine,CUBIC,Dynamic,HTTP/2
2025-05-02 10:59:50,index,148.125999927521,72,TheEmptinessMachine,CUBIC,Dynamic,HTTP/2
2025-05-02 10:59:52,index,150.125999927521,72,TheEmptinessMachine,CUBIC,Dynamic,HTTP/2
2025-05-02 10:59:54,index,152.125999927521,330,TheEmptinessMachine,CUBIC,Dynamic,HTTP/2
2025-05-02 10:59:56,index,154.125999927521,330,TheEmptinessMachine,CUBIC,Dynamic,HTTP/2
2025-05-02 10:59:58,index,156.125999927521,320,TheEmptinessMachine,CUBIC,Dynamic,HTTP/2
2025-05-02 11:00:00,index,158.125999927521,320,TheEmptinessMachine,CUBIC,Dynamic,HTTP/2
2025-05-02 11:00:02,index,160.125,320,TheEmptinessMachine,CUBIC,Dynamic,HTTP/2
2025-05-02 11:00:04,index,162.125999927521,320,TheEmptinessMachine,CUBIC,Dynamic,HTTP/2
2025-05-02 11:00:06,index,164.125999927521,320,TheEmptinessMachine,CUBIC,Dynamic,HTTP/2
2025-05-02 11:00:08,index,166.125999927521,320,TheEmptinessMachine,CUBIC,Dynamic,HTTP/2
2025-05-02 11:00:10,index,168.125,320,TheEmptinessMachine,CUBIC,Dynamic,HTTP/2
2025-05-02 11:00:12,index,170.125999927521,320,TheEmptinessMachine,CUBIC,Dynamic,HTTP/2
2025-05-02 11:00:14,index,172.125999927521,674,TheEmptinessMachine,CUBIC,Dynamic,HTTP/2
2025-05-02 11:00:16,index,174.125999927521,674,TheEmptinessMachine,CUBIC,Dynamic,HTTP/2
2025-05-02 11:00:18,index,176.125,674,TheEmptinessMachine,CUBIC,Dynamic,HTTP/2
2025-05-02 11:00:20,index,178.126999855042,330,TheEmptinessMachine,CUBIC,Dynamic,HTTP/2
2025-05-02 11:00:22,index,180.125999927521,330,TheEmptinessMachine,CUBIC,Dynamic,HTTP/2
2025-05-02 11:00:24,index,182.125999927521,330,TheEmptinessMachine,CUBIC,Dynamic,HTTP/2
2025-05-02 11:00:26,index,184.125,330,TheEmptinessMachine,CUBIC,Dynamic,HTTP/2
2025-05-02 11:00:28,index,186.125999927521,635,TheEmptinessMachine,CUBIC,Dynamic,HTTP/2
2025-05-02 11:00:30,index,188.125999927521,635,TheEmptinessMachine,CUBIC,Dynamic,HTTP/2
2025-05-02 11:00:32,index,190.125999927521,330,TheEmptinessMachine,CUBIC,Dynamic,HTTP/2
2025-05-02 11:00:34,index,192.125999927521,330,TheEmptinessMachine,CUBIC,Dynamic,HTTP/2
2025-05-02 11:00:36,index,194.125999927521,330,TheEmptinessMachine,CUBIC,Dynamic,HTTP/2
2025-05-02 11:00:38,index,196.125,330,TheEmptinessMachine,CUBIC,Dynamic,HTTP/2
2025-05-02 11:00:40,index,198.125999927521,330,TheEmptinessMachine,CUBIC,Dynamic,HTTP/2
2025-05-02 11:00:42,index,200.125,330,TheEmptinessMachine,CUBIC,Dynamic,HTTP/2
2025-05-02 11:00:44,index,202.125999927521,330,TheEmptinessMachine,CUBIC,Dynamic,HTTP/2
2025-05-02 11:00:46,index,204.125999927521,330,TheEmptinessMachine,CUBIC,Dynamic,HTTP/2
2025-05-02 11:00:48,index,206.125999927521,330,TheEmptinessMachine,CUBIC,Dynamic,HTTP/2
2025-05-02 11:00:50,index,208.125999927521,330,TheEmptinessMachine,CUBIC,Dynamic,HTTP/2
2025-05-02 11:00:52,index,210.125999927521,330,TheEmptinessMachine,CUBIC,Dynamic,HTTP/2
2025-05-02 11:01:33,index,13.6889998912811,84,TheEmptinessMachine,CUBIC,Dynamic,HTTP/3
2025-05-02 11:01:35,index,15.6889998912811,84,TheEmptinessMachine,CUBIC,Dynamic,HTTP/3
2025-05-02 11:01:37,index,17.6889998912811,84,TheEmptinessMachine,CUBIC,Dynamic,HTTP/3
2025-05-02 11:01:39,index,19.6889998912811,84,TheEmptinessMachine,CUBIC,Dynamic,HTTP/3
2025-05-02 11:01:41,index,21.6889998912811,84,TheEmptinessMachine,CUBIC,Dynamic,HTTP/3
2025-05-02 11:01:43,index,23.6889998912811,169,TheEmptinessMachine,CUBIC,Dynamic,HTTP/3
2025-05-02 11:01:45,index,25.6889998912811,169,TheEmptinessMachine,CUBIC,Dynamic,HTTP/3
2025-05-02 11:01:47,index,27.6889998912811,169,TheEmptinessMachine,CUBIC,Dynamic,HTTP/3
2025-05-02 11:01:49,index,29.6889998912811,169,TheEmptinessMachine,CUBIC,Dynamic,HTTP/3
2025-05-02 11:01:51,index,31.6900000572205,72,TheEmptinessMachine,CUBIC,Dynamic,HTTP/3
2025-05-02 11:01:53,index,33.6889998912811,72,TheEmptinessMachine,CUBIC,Dynamic,HTTP/3
2025-05-02 11:01:55,index,35.6889998912811,72,TheEmptinessMachine,CUBIC,Dynamic,HTTP/3
2025-05-02 11:01:57,index,37.6889998912811,72,TheEmptinessMachine,CUBIC,Dynamic,HTTP/3
2025-05-02 11:01:59,index,39.6889998912811,72,TheEmptinessMachine,CUBIC,Dynamic,HTTP/3
2025-05-02 11:02:01,index,41.6889998912811,72,TheEmptinessMachine,CUBIC,Dynamic,HTTP/3
2025-05-02 11:02:03,index,43.6889998912811,214,TheEmptinessMachine,CUBIC,Dynamic,HTTP/3
2025-05-02 11:02:05,index,45.6889998912811,214,TheEmptinessMachine,CUBIC,Dynamic,HTTP/3
2025-05-02 11:02:07,index,47.6889998912811,214,TheEmptinessMachine,CUBIC,Dynamic,HTTP/3
2025-05-02 11:02:09,index,49.6889998912811,214,TheEmptinessMachine,CUBIC,Dynamic,HTTP/3
2025-05-02 11:02:11,index,51.6889998912811,214,TheEmptinessMachine,CUBIC,Dynamic,HTTP/3
2025-05-02 11:02:13,index,53.6900000572205,330,TheEmptinessMachine,CUBIC,Dynamic,HTTP/3
2025-05-02 11:02:15,index,55.6889998912811,214,TheEmptinessMachine,CUBIC,Dynamic,HTTP/3
2025-05-02 11:02:19,index,59.6900000572205,84,TheEmptinessMachine,CUBIC,Dynamic,HTTP/3
2025-05-02 11:02:21,index,61.6889998912811,84,TheEmptinessMachine,CUBIC,Dynamic,HTTP/3
2025-05-02 11:02:23,index,63.6900000572205,84,TheEmptinessMachine,CUBIC,Dynamic,HTTP/3
2025-05-02 11:02:25,index,65.6889998912811,84,TheEmptinessMachine,CUBIC,Dynamic,HTTP/3
2025-05-02 11:02:27,index,67.6900000572205,84,TheEmptinessMachine,CUBIC,Dynamic,HTTP/3
2025-05-02 11:02:29,index,69.6889998912811,169,TheEmptinessMachine,CUBIC,Dynamic,HTTP/3
2025-05-02 11:02:31,index,71.6889998912811,169,TheEmptinessMachine,CUBIC,Dynamic,HTTP/3
2025-05-02 11:02:33,index,73.6889998912811,214,TheEmptinessMachine,CUBIC,Dynamic,HTTP/3
2025-05-02 11:02:35,index,75.6900000572205,214,TheEmptinessMachine,CUBIC,Dynamic,HTTP/3
2025-05-02 11:02:37,index,77.6889998912811,214,TheEmptinessMachine,CUBIC,Dynamic,HTTP/3
2025-05-02 11:02:39,index,79.6889998912811,214,TheEmptinessMachine,CUBIC,Dynamic,HTTP/3
2025-05-02 11:02:41,index,81.6889998912811,214,TheEmptinessMachine,CUBIC,Dynamic,HTTP/3
2025-05-02 11:02:43,index,83.6889998912811,169,TheEmptinessMachine,CUBIC,Dynamic,HTTP/3
2025-05-02 11:02:45,index,85.6889998912811,72,TheEmptinessMachine,CUBIC,Dynamic,HTTP/3
2025-05-02 11:02:47,index,87.6889998912811,169,TheEmptinessMachine,CUBIC,Dynamic,HTTP/3
2025-05-02 11:02:49,index,89.6889998912811,169,TheEmptinessMachine,CUBIC,Dynamic,HTTP/3
2025-05-02 11:02:51,index,91.6889998912811,169,TheEmptinessMachine,CUBIC,Dynamic,HTTP/3
2025-05-02 11:02:53,index,93.6889998912811,166,TheEmptinessMachine,CUBIC,Dynamic,HTTP/3
2025-05-02 11:02:57,index,97.6900000572205,166,TheEmptinessMachine,CUBIC,Dynamic,HTTP/3
2025-05-02 11:02:59,index,99.6900000572205,166,TheEmptinessMachine,CUBIC,Dynamic,HTTP/3
2025-05-02 11:03:01,index,101.688999891281,166,TheEmptinessMachine,CUBIC,Dynamic,HTTP/3
2025-05-02 11:03:03,index,103.69000005722,166,TheEmptinessMachine,CUBIC,Dynamic,HTTP/3
2025-05-02 11:03:05,index,105.688999891281,166,TheEmptinessMachine,CUBIC,Dynamic,HTTP/3
2025-05-02 11:03:07,index,107.688999891281,84,TheEmptinessMachine,CUBIC,Dynamic,HTTP/3
2025-05-02 11:03:09,index,109.69000005722,84,TheEmptinessMachine,CUBIC,Dynamic,HTTP/3
2025-05-02 11:03:11,index,111.688999891281,84,TheEmptinessMachine,CUBIC,Dynamic,HTTP/3
2025-05-02 11:03:13,index,113.688999891281,84,TheEmptinessMachine,CUBIC,Dynamic,HTTP/3
2025-05-02 11:03:15,index,115.688999891281,84,TheEmptinessMachine,CUBIC,Dynamic,HTTP/3
2025-05-02 11:03:17,index,117.688999891281,84,TheEmptinessMachine,CUBIC,Dynamic,HTTP/3
2025-05-02 11:03:19,index,119.688999891281,169,TheEmptinessMachine,CUBIC,Dynamic,HTTP/3
2025-05-02 11:03:21,index,121.688999891281,169,TheEmptinessMachine,CUBIC,Dynamic,HTTP/3
2025-05-02 11:03:23,index,123.688999891281,214,TheEmptinessMachine,CUBIC,Dynamic,HTTP/3
2025-05-02 11:03:25,index,125.688999891281,214,TheEmptinessMachine,CUBIC,Dynamic,HTTP/3
2025-05-02 11:03:27,index,127.69000005722,214,TheEmptinessMachine,CUBIC,Dynamic,HTTP/3
2025-05-02 11:03:29,index,129.688999891281,214,TheEmptinessMachine,CUBIC,Dynamic,HTTP/3
2025-05-02 11:03:31,index,131.688999891281,214,TheEmptinessMachine,CUBIC,Dynamic,HTTP/3
2025-05-02 11:03:33,index,133.688999891281,169,TheEmptinessMachine,CUBIC,Dynamic,HTTP/3
2025-05-02 11:03:35,index,135.688999891281,169,TheEmptinessMachine,CUBIC,Dynamic,HTTP/3
2025-05-02 11:03:39,index,139.688999891281,72,TheEmptinessMachine,CUBIC,Dynamic,HTTP/3
2025-05-02 11:03:41,index,141.688999891281,72,TheEmptinessMachine,CUBIC,Dynamic,HTTP/3
2025-05-02 11:03:43,index,143.69000005722,72,TheEmptinessMachine,CUBIC,Dynamic,HTTP/3
2025-05-02 11:03:45,index,145.688999891281,72,TheEmptinessMachine,CUBIC,Dynamic,HTTP/3
2025-05-02 11:03:47,index,147.688999891281,72,TheEmptinessMachine,CUBIC,Dynamic,HTTP/3
2025-05-02 11:03:49,index,149.69000005722,330,TheEmptinessMachine,CUBIC,Dynamic,HTTP/3
2025-05-02 11:03:51,index,151.688999891281,330,TheEmptinessMachine,CUBIC,Dynamic,HTTP/3
2025-05-02 11:03:53,index,153.69000005722,330,TheEmptinessMachine,CUBIC,Dynamic,HTTP/3
2025-05-02 11:03:55,index,155.688999891281,169,TheEmptinessMachine,CUBIC,Dynamic,HTTP/3
2025-05-02 11:03:57,index,157.69000005722,169,TheEmptinessMachine,CUBIC,Dynamic,HTTP/3
2025-05-02 11:03:59,index,159.688999891281,169,TheEmptinessMachine,CUBIC,Dynamic,HTTP/3
2025-05-02 11:04:01,index,161.688999891281,169,TheEmptinessMachine,CUBIC,Dynamic,HTTP/3
2025-05-02 11:04:03,index,163.691999912262,169,TheEmptinessMachine,CUBIC,Dynamic,HTTP/3
2025-05-02 11:04:05,index,165.688999891281,169,TheEmptinessMachine,CUBIC,Dynamic,HTTP/3
2025-05-02 11:04:07,index,167.688999891281,214,TheEmptinessMachine,CUBIC,Dynamic,HTTP/3
2025-05-02 11:04:09,index,169.69000005722,169,TheEmptinessMachine,CUBIC,Dynamic,HTTP/3
2025-05-02 11:04:11,index,171.688999891281,169,TheEmptinessMachine,CUBIC,Dynamic,HTTP/3
2025-05-02 11:04:13,index,173.688999891281,169,TheEmptinessMachine,CUBIC,Dynamic,HTTP/3
2025-05-02 11:04:15,index,175.688999891281,169,TheEmptinessMachine,CUBIC,Dynamic,HTTP/3
2025-05-02 11:04:17,index,177.688999891281,169,TheEmptinessMachine,CUBIC,Dynamic,HTTP/3
2025-05-02 11:04:19,index,179.688999891281,169,TheEmptinessMachine,CUBIC,Dynamic,HTTP/3
2025-05-02 11:04:21,index,181.69000005722,169,TheEmptinessMachine,CUBIC,Dynamic,HTTP/3
2025-05-02 11:04:23,index,183.69000005722,169,TheEmptinessMachine,CUBIC,Dynamic,HTTP/3
2025-05-02 11:04:25,index,185.688999891281,169,TheEmptinessMachine,CUBIC,Dynamic,HTTP/3
2025-05-02 11:04:27,index,187.69000005722,214,TheEmptinessMachine,CUBIC,Dynamic,HTTP/3
2025-05-02 11:04:29,index,189.688999891281,330,TheEmptinessMachine,CUBIC,Dynamic,HTTP/3
2025-05-02 11:04:31,index,191.688999891281,330,TheEmptinessMachine,CUBIC,Dynamic,HTTP/3
2025-05-02 11:04:33,index,193.688999891281,330,TheEmptinessMachine,CUBIC,Dynamic,HTTP/3
2025-05-02 11:04:35,index,195.69000005722,169,TheEmptinessMachine,CUBIC,Dynamic,HTTP/3
2025-05-02 11:04:37,index,197.688999891281,169,TheEmptinessMachine,CUBIC,Dynamic,HTTP/3
2025-05-02 11:04:39,index,199.69000005722,169,TheEmptinessMachine,CUBIC,Dynamic,HTTP/3
2025-05-02 11:04:41,index,201.688999891281,169,TheEmptinessMachine,CUBIC,Dynamic,HTTP/3
2025-05-02 11:04:43,index,203.688999891281,169,TheEmptinessMachine,CUBIC,Dynamic,HTTP/3
2025-05-02 11:04:45,index,205.688999891281,214,TheEmptinessMachine,CUBIC,Dynamic,HTTP/3
2025-05-02 11:04:47,index,207.69000005722,214,TheEmptinessMachine,CUBIC,Dynamic,HTTP/3
2025-05-02 11:04:49,index,209.69000005722,214,TheEmptinessMachine,CUBIC,Dynamic,HTTP/3
2025-05-02 11:04:51,index,211.688999891281,214,TheEmptinessMachine,CUBIC,Dynamic,HTTP/3
2025-05-02 11:04:53,index,213.688999891281,214,TheEmptinessMachine,CUBIC,Dynamic,HTTP/3
2025-05-02 11:04:55,index,215.688999891281,214,TheEmptinessMachine,CUBIC,Dynamic,HTTP/3
2025-05-02 11:04:57,index,217.688999891281,214,TheEmptinessMachine,CUBIC,Dynamic,HTTP/3
2025-05-02 11:05:27,index,8.29100012779236,166,TheEmptinessMachine,CUBIC,Bola,HTTP/1.1
2025-05-02 11:05:29,index,10.2910001277924,320,TheEmptinessMachine,CUBIC,Bola,HTTP/1.1
2025-05-02 11:05:31,index,12.2910001277924,330,TheEmptinessMachine,CUBIC,Bola,HTTP/1.1
2025-05-02 11:05:33,index,14.2910001277924,635,TheEmptinessMachine,CUBIC,Bola,HTTP/1.1
2025-05-02 11:05:35,index,16.2910001277924,635,TheEmptinessMachine,CUBIC,Bola,HTTP/1.1
2025-05-02 11:05:37,index,18.2910001277924,635,TheEmptinessMachine,CUBIC,Bola,HTTP/1.1
2025-05-02 11:05:39,index,20.2910001277924,214,TheEmptinessMachine,CUBIC,Bola,HTTP/1.1
2025-05-02 11:05:43,index,24.2910001277924,84,TheEmptinessMachine,CUBIC,Bola,HTTP/1.1
2025-05-02 11:05:45,index,26.2910001277924,214,TheEmptinessMachine,CUBIC,Bola,HTTP/1.1
2025-05-02 11:05:47,index,28.2910001277924,330,TheEmptinessMachine,CUBIC,Bola,HTTP/1.1
2025-05-02 11:05:49,index,30.2910001277924,169,TheEmptinessMachine,CUBIC,Bola,HTTP/1.1
2025-05-02 11:05:51,index,32.2910001277924,166,TheEmptinessMachine,CUBIC,Bola,HTTP/1.1
2025-05-02 11:05:53,index,34.2910001277924,214,TheEmptinessMachine,CUBIC,Bola,HTTP/1.1
2025-05-02 11:05:55,index,36.2910001277924,320,TheEmptinessMachine,CUBIC,Bola,HTTP/1.1
2025-05-02 11:05:57,index,38.2910001277924,166,TheEmptinessMachine,CUBIC,Bola,HTTP/1.1
2025-05-02 11:05:59,index,40.2910001277924,214,TheEmptinessMachine,CUBIC,Bola,HTTP/1.1
2025-05-02 11:06:01,index,42.2910001277924,214,TheEmptinessMachine,CUBIC,Bola,HTTP/1.1
2025-05-02 11:06:03,index,44.2910001277924,214,TheEmptinessMachine,CUBIC,Bola,HTTP/1.1
2025-05-02 11:06:05,index,46.2910001277924,214,TheEmptinessMachine,CUBIC,Bola,HTTP/1.1
2025-05-02 11:06:07,index,48.2910001277924,330,TheEmptinessMachine,CUBIC,Bola,HTTP/1.1
2025-05-02 11:06:09,index,50.2910001277924,330,TheEmptinessMachine,CUBIC,Bola,HTTP/1.1
2025-05-02 11:06:11,index,52.2910001277924,84,TheEmptinessMachine,CUBIC,Bola,HTTP/1.1
2025-05-02 11:06:13,index,54.2910001277924,320,TheEmptinessMachine,CUBIC,Bola,HTTP/1.1
2025-05-02 11:06:15,index,56.2910001277924,320,TheEmptinessMachine,CUBIC,Bola,HTTP/1.1
2025-05-02 11:06:17,index,58.2910001277924,320,TheEmptinessMachine,CUBIC,Bola,HTTP/1.1
2025-05-02 11:06:19,index,60.2910001277924,320,TheEmptinessMachine,CUBIC,Bola,HTTP/1.1
2025-05-02 11:06:21,index,62.2910001277924,320,TheEmptinessMachine,CUBIC,Bola,HTTP/1.1
2025-05-02 11:06:23,index,64.2910001277924,320,TheEmptinessMachine,CUBIC,Bola,HTTP/1.1
2025-05-02 11:06:25,index,66.2910001277924,330,TheEmptinessMachine,CUBIC,Bola,HTTP/1.1
2025-05-02 11:06:27,index,68.2910001277924,330,TheEmptinessMachine,CUBIC,Bola,HTTP/1.1
2025-05-02 11:06:29,index,70.2910001277924,635,TheEmptinessMachine,CUBIC,Bola,HTTP/1.1
2025-05-02 11:06:31,index,72.2910001277924,674,TheEmptinessMachine,CUBIC,Bola,HTTP/1.1
2025-05-02 11:06:33,index,74.2910001277924,674,TheEmptinessMachine,CUBIC,Bola,HTTP/1.1
2025-05-02 11:06:35,index,76.2910001277924,674,TheEmptinessMachine,CUBIC,Bola,HTTP/1.1
2025-05-02 11:06:37,index,78.2910001277924,674,TheEmptinessMachine,CUBIC,Bola,HTTP/1.1
2025-05-02 11:06:39,index,80.2910001277924,330,TheEmptinessMachine,CUBIC,Bola,HTTP/1.1
2025-05-02 11:06:43,index,84.2910001277924,84,TheEmptinessMachine,CUBIC,Bola,HTTP/1.1
2025-05-02 11:06:45,index,86.2910001277924,214,TheEmptinessMachine,CUBIC,Bola,HTTP/1.1
2025-05-02 11:06:47,index,88.2910001277924,330,TheEmptinessMachine,CUBIC,Bola,HTTP/1.1
2025-05-02 11:06:49,index,90.2910001277924,330,TheEmptinessMachine,CUBIC,Bola,HTTP/1.1
2025-05-02 11:06:51,index,92.2910001277924,166,TheEmptinessMachine,CUBIC,Bola,HTTP/1.1
2025-05-02 11:06:53,index,94.2910001277924,169,TheEmptinessMachine,CUBIC,Bola,HTTP/1.1
2025-05-02 11:06:55,index,96.2910001277924,84,TheEmptinessMachine,CUBIC,Bola,HTTP/1.1
2025-05-02 11:06:57,index,98.2910001277924,320,TheEmptinessMachine,CUBIC,Bola,HTTP/1.1
2025-05-02 11:06:59,index,100.291000127792,214,TheEmptinessMachine,CUBIC,Bola,HTTP/1.1
2025-05-02 11:07:01,index,102.291000127792,214,TheEmptinessMachine,CUBIC,Bola,HTTP/1.1
2025-05-02 11:07:03,index,104.291000127792,214,TheEmptinessMachine,CUBIC,Bola,HTTP/1.1
2025-05-02 11:07:05,index,106.291000127792,214,TheEmptinessMachine,CUBIC,Bola,HTTP/1.1
2025-05-02 11:07:07,index,108.291000127792,214,TheEmptinessMachine,CUBIC,Bola,HTTP/1.1
2025-05-02 11:07:09,index,110.293000221252,169,TheEmptinessMachine,CUBIC,Bola,HTTP/1.1
2025-05-02 11:07:11,index,112.291000127792,169,TheEmptinessMachine,CUBIC,Bola,HTTP/1.1
2025-05-02 11:07:13,index,114.292000055313,169,TheEmptinessMachine,CUBIC,Bola,HTTP/1.1
2025-05-02 11:07:15,index,116.291000127792,169,TheEmptinessMachine,CUBIC,Bola,HTTP/1.1
2025-05-02 11:07:17,index,118.291000127792,169,TheEmptinessMachine,CUBIC,Bola,HTTP/1.1
2025-05-02 11:07:19,index,120.291000127792,169,TheEmptinessMachine,CUBIC,Bola,HTTP/1.1
2025-05-02 11:07:21,index,122.291000127792,169,TheEmptinessMachine,CUBIC,Bola,HTTP/1.1
2025-05-02 11:07:23,index,124.291000127792,169,TheEmptinessMachine,CUBIC,Bola,HTTP/1.1
2025-05-02 11:07:25,index,126.291000127792,169,TheEmptinessMachine,CUBIC,Bola,HTTP/1.1
2025-05-02 11:07:27,index,128.291000127792,169,TheEmptinessMachine,CUBIC,Bola,HTTP/1.1
2025-05-02 11:07:29,index,130.291000127792,169,TheEmptinessMachine,CUBIC,Bola,HTTP/1.1
2025-05-02 11:07:31,index,132.291000127792,169,TheEmptinessMachine,CUBIC,Bola,HTTP/1.1
2025-05-02 11:07:33,index,134.291000127792,169,TheEmptinessMachine,CUBIC,Bola,HTTP/1.1
2025-05-02 11:07:35,index,136.291000127792,169,TheEmptinessMachine,CUBIC,Bola,HTTP/1.1
2025-05-02 11:07:37,index,138.291000127792,330,TheEmptinessMachine,CUBIC,Bola,HTTP/1.1
2025-05-02 11:07:39,index,140.291000127792,330,TheEmptinessMachine,CUBIC,Bola,HTTP/1.1
2025-05-02 11:07:41,index,142.291000127792,330,TheEmptinessMachine,CUBIC,Bola,HTTP/1.1
2025-05-02 11:07:43,index,144.291000127792,330,TheEmptinessMachine,CUBIC,Bola,HTTP/1.1
2025-05-02 11:07:45,index,146.291000127792,330,TheEmptinessMachine,CUBIC,Bola,HTTP/1.1
2025-05-02 11:07:47,index,148.291000127792,330,TheEmptinessMachine,CUBIC,Bola,HTTP/1.1
2025-05-02 11:07:49,index,150.291000127792,330,TheEmptinessMachine,CUBIC,Bola,HTTP/1.1
2025-05-02 11:07:51,index,152.291000127792,330,TheEmptinessMachine,CUBIC,Bola,HTTP/1.1
2025-05-02 11:07:53,index,154.291000127792,330,TheEmptinessMachine,CUBIC,Bola,HTTP/1.1
2025-05-02 11:07:55,index,156.291000127792,330,TheEmptinessMachine,CUBIC,Bola,HTTP/1.1
2025-05-02 11:07:57,index,158.291000127792,330,TheEmptinessMachine,CUBIC,Bola,HTTP/1.1
2025-05-02 11:07:59,index,160.291000127792,330,TheEmptinessMachine,CUBIC,Bola,HTTP/1.1
2025-05-02 11:08:01,index,162.291000127792,330,TheEmptinessMachine,CUBIC,Bola,HTTP/1.1
2025-05-02 11:08:03,index,164.291000127792,330,TheEmptinessMachine,CUBIC,Bola,HTTP/1.1
2025-05-02 11:08:05,index,166.291000127792,330,TheEmptinessMachine,CUBIC,Bola,HTTP/1.1
2025-05-02 11:08:07,index,168.291000127792,330,TheEmptinessMachine,CUBIC,Bola,HTTP/1.1
2025-05-02 11:08:09,index,170.291000127792,330,TheEmptinessMachine,CUBIC,Bola,HTTP/1.1
2025-05-02 11:08:11,index,172.291000127792,330,TheEmptinessMachine,CUBIC,Bola,HTTP/1.1
2025-05-02 11:08:13,index,174.291000127792,330,TheEmptinessMachine,CUBIC,Bola,HTTP/1.1
2025-05-02 11:08:15,index,176.291000127792,330,TheEmptinessMachine,CUBIC,Bola,HTTP/1.1
2025-05-02 11:08:17,index,178.291000127792,330,TheEmptinessMachine,CUBIC,Bola,HTTP/1.1
2025-05-02 11:08:19,index,180.291000127792,330,TheEmptinessMachine,CUBIC,Bola,HTTP/1.1
2025-05-02 11:08:21,index,182.291000127792,330,TheEmptinessMachine,CUBIC,Bola,HTTP/1.1
2025-05-02 11:08:23,index,184.291000127792,330,TheEmptinessMachine,CUBIC,Bola,HTTP/1.1
2025-05-02 11:08:25,index,186.291000127792,330,TheEmptinessMachine,CUBIC,Bola,HTTP/1.1
2025-05-02 11:08:27,index,188.292000055313,330,TheEmptinessMachine,CUBIC,Bola,HTTP/1.1
2025-05-02 11:08:29,index,190.291000127792,635,TheEmptinessMachine,CUBIC,Bola,HTTP/1.1
2025-05-02 11:08:31,index,192.291000127792,674,TheEmptinessMachine,CUBIC,Bola,HTTP/1.1
2025-05-02 11:08:33,index,194.291000127792,674,TheEmptinessMachine,CUBIC,Bola,HTTP/1.1
2025-05-02 11:08:35,index,196.291000127792,674,TheEmptinessMachine,CUBIC,Bola,HTTP/1.1
2025-05-02 11:08:37,index,198.291000127792,674,TheEmptinessMachine,CUBIC,Bola,HTTP/1.1
2025-05-02 11:08:39,index,200.291000127792,674,TheEmptinessMachine,CUBIC,Bola,HTTP/1.1
2025-05-02 11:08:41,index,202.291000127792,330,TheEmptinessMachine,CUBIC,Bola,HTTP/1.1
2025-05-02 11:08:43,index,204.291000127792,330,TheEmptinessMachine,CUBIC,Bola,HTTP/1.1
2025-05-02 11:08:45,index,206.291000127792,330,TheEmptinessMachine,CUBIC,Bola,HTTP/1.1
2025-05-02 11:09:21,index,2.10500001907349,1767,TheEmptinessMachine,CUBIC,Bola,HTTP/2
2025-05-02 11:09:23,index,4.10399985313416,1767,TheEmptinessMachine,CUBIC,Bola,HTTP/2
2025-05-02 11:09:29,index,10.1039998531342,169,TheEmptinessMachine,CUBIC,Bola,HTTP/2
2025-05-02 11:09:33,index,14.1039998531342,330,TheEmptinessMachine,CUBIC,Bola,HTTP/2
2025-05-02 11:09:35,index,16.1039998531342,635,TheEmptinessMachine,CUBIC,Bola,HTTP/2
2025-05-02 11:09:37,index,18.1039998531342,330,TheEmptinessMachine,CUBIC,Bola,HTTP/2
2025-05-02 11:09:39,index,20.1039998531342,330,TheEmptinessMachine,CUBIC,Bola,HTTP/2
2025-05-02 11:09:41,index,22.1039998531342,330,TheEmptinessMachine,CUBIC,Bola,HTTP/2
2025-05-02 11:09:43,index,24.1039998531342,330,TheEmptinessMachine,CUBIC,Bola,HTTP/2
2025-05-02 11:09:45,index,26.1039998531342,330,TheEmptinessMachine,CUBIC,Bola,HTTP/2
2025-05-02 11:09:47,index,28.1039998531342,330,TheEmptinessMachine,CUBIC,Bola,HTTP/2
2025-05-02 11:09:49,index,30.1039998531342,330,TheEmptinessMachine,CUBIC,Bola,HTTP/2
2025-05-02 11:09:53,index,34.1039998531342,674,TheEmptinessMachine,CUBIC,Bola,HTTP/2
2025-05-02 11:09:55,index,36.1039998531342,674,TheEmptinessMachine,CUBIC,Bola,HTTP/2
2025-05-02 11:09:57,index,38.1039998531342,674,TheEmptinessMachine,CUBIC,Bola,HTTP/2
2025-05-02 11:09:59,index,40.1039998531342,674,TheEmptinessMachine,CUBIC,Bola,HTTP/2
2025-05-02 11:10:01,index,42.1039998531342,674,TheEmptinessMachine,CUBIC,Bola,HTTP/2
2025-05-02 11:10:03,index,44.1039998531342,214,TheEmptinessMachine,CUBIC,Bola,HTTP/2
2025-05-02 11:10:05,index,46.1039998531342,72,TheEmptinessMachine,CUBIC,Bola,HTTP/2
2025-05-02 11:10:07,index,48.1039998531342,84,TheEmptinessMachine,CUBIC,Bola,HTTP/2
2025-05-02 11:10:09,index,50.1039998531342,166,TheEmptinessMachine,CUBIC,Bola,HTTP/2
2025-05-02 11:10:11,index,52.1039998531342,84,TheEmptinessMachine,CUBIC,Bola,HTTP/2
2025-05-02 11:10:13,index,54.1039998531342,166,TheEmptinessMachine,CUBIC,Bola,HTTP/2
2025-05-02 11:10:15,index,56.1039998531342,84,TheEmptinessMachine,CUBIC,Bola,HTTP/2
2025-05-02 11:10:17,index,58.1039998531342,84,TheEmptinessMachine,CUBIC,Bola,HTTP/2
2025-05-02 11:10:19,index,60.1029999256134,84,TheEmptinessMachine,CUBIC,Bola,HTTP/2
2025-05-02 11:10:21,index,62.1039998531342,84,TheEmptinessMachine,CUBIC,Bola,HTTP/2
2025-05-02 11:10:23,index,64.1039998531342,84,TheEmptinessMachine,CUBIC,Bola,HTTP/2
2025-05-02 11:10:25,index,66.1039998531342,84,TheEmptinessMachine,CUBIC,Bola,HTTP/2
2025-05-02 11:10:27,index,68.1039998531342,84,TheEmptinessMachine,CUBIC,Bola,HTTP/2
2025-05-02 11:10:29,index,70.1039998531342,330,TheEmptinessMachine,CUBIC,Bola,HTTP/2
2025-05-02 11:10:31,index,72.1039998531342,330,TheEmptinessMachine,CUBIC,Bola,HTTP/2
2025-05-02 11:10:33,index,74.1039998531342,330,TheEmptinessMachine,CUBIC,Bola,HTTP/2
2025-05-02 11:10:35,index,76.1039998531342,330,TheEmptinessMachine,CUBIC,Bola,HTTP/2
2025-05-02 11:10:37,index,78.1039998531342,330,TheEmptinessMachine,CUBIC,Bola,HTTP/2
2025-05-02 11:10:39,index,80.1039998531342,330,TheEmptinessMachine,CUBIC,Bola,HTTP/2
2025-05-02 11:10:41,index,82.1039998531342,330,TheEmptinessMachine,CUBIC,Bola,HTTP/2
2025-05-02 11:10:43,index,84.1029999256134,330,TheEmptinessMachine,CUBIC,Bola,HTTP/2
2025-05-02 11:10:45,index,86.1039998531342,330,TheEmptinessMachine,CUBIC,Bola,HTTP/2
2025-05-02 11:10:47,index,88.1039998531342,330,TheEmptinessMachine,CUBIC,Bola,HTTP/2
2025-05-02 11:10:49,index,90.1039998531342,330,TheEmptinessMachine,CUBIC,Bola,HTTP/2
2025-05-02 11:10:51,index,92.1039998531342,330,TheEmptinessMachine,CUBIC,Bola,HTTP/2
2025-05-02 11:10:53,index,94.1039998531342,330,TheEmptinessMachine,CUBIC,Bola,HTTP/2
2025-05-02 11:10:55,index,96.1029999256134,330,TheEmptinessMachine,CUBIC,Bola,HTTP/2
2025-05-02 11:10:57,index,98.1039998531342,330,TheEmptinessMachine,CUBIC,Bola,HTTP/2
2025-05-02 11:10:59,index,100.103999853134,330,TheEmptinessMachine,CUBIC,Bola,HTTP/2
2025-05-02 11:11:01,index,102.103999853134,330,TheEmptinessMachine,CUBIC,Bola,HTTP/2
2025-05-02 11:11:03,index,104.103999853134,330,TheEmptinessMachine,CUBIC,Bola,HTTP/2
2025-05-02 11:11:05,index,106.103999853134,330,TheEmptinessMachine,CUBIC,Bola,HTTP/2
2025-05-02 11:11:07,index,108.103999853134,330,TheEmptinessMachine,CUBIC,Bola,HTTP/2
2025-05-02 11:11:09,index,110.103999853134,330,TheEmptinessMachine,CUBIC,Bola,HTTP/2
2025-05-02 11:11:11,index,112.103999853134,330,TheEmptinessMachine,CUBIC,Bola,HTTP/2
2025-05-02 11:11:13,index,114.102999925613,330,TheEmptinessMachine,CUBIC,Bola,HTTP/2
2025-05-02 11:11:15,index,116.103999853134,330,TheEmptinessMachine,CUBIC,Bola,HTTP/2
2025-05-02 11:11:17,index,118.103999853134,330,TheEmptinessMachine,CUBIC,Bola,HTTP/2
2025-05-02 11:11:19,index,120.103999853134,330,TheEmptinessMachine,CUBIC,Bola,HTTP/2
2025-05-02 11:11:21,index,122.103999853134,330,TheEmptinessMachine,CUBIC,Bola,HTTP/2
2025-05-02 11:11:23,index,124.102999925613,330,TheEmptinessMachine,CUBIC,Bola,HTTP/2
2025-05-02 11:11:25,index,126.103999853134,330,TheEmptinessMachine,CUBIC,Bola,HTTP/2
2025-05-02 11:11:27,index,128.103999853134,330,TheEmptinessMachine,CUBIC,Bola,HTTP/2
2025-05-02 11:11:29,index,130.103999853134,330,TheEmptinessMachine,CUBIC,Bola,HTTP/2
2025-05-02 11:11:31,index,132.102999925613,330,TheEmptinessMachine,CUBIC,Bola,HTTP/2
2025-05-02 11:11:33,index,134.103999853134,330,TheEmptinessMachine,CUBIC,Bola,HTTP/2
2025-05-02 11:11:35,index,136.103999853134,330,TheEmptinessMachine,CUBIC,Bola,HTTP/2
2025-05-02 11:11:37,index,138.103999853134,330,TheEmptinessMachine,CUBIC,Bola,HTTP/2
2025-05-02 11:11:39,index,140.103999853134,330,TheEmptinessMachine,CUBIC,Bola,HTTP/2
2025-05-02 11:11:41,index,142.103999853134,330,TheEmptinessMachine,CUBIC,Bola,HTTP/2
2025-05-02 11:11:43,index,144.103999853134,330,TheEmptinessMachine,CUBIC,Bola,HTTP/2
2025-05-02 11:11:45,index,146.103999853134,330,TheEmptinessMachine,CUBIC,Bola,HTTP/2
2025-05-02 11:11:47,index,148.103999853134,330,TheEmptinessMachine,CUBIC,Bola,HTTP/2
2025-05-02 11:11:49,index,150.103999853134,330,TheEmptinessMachine,CUBIC,Bola,HTTP/2
2025-05-02 11:11:51,index,152.103999853134,330,TheEmptinessMachine,CUBIC,Bola,HTTP/2
2025-05-02 11:11:53,index,154.103999853134,330,TheEmptinessMachine,CUBIC,Bola,HTTP/2
2025-05-02 11:11:55,index,156.103999853134,330,TheEmptinessMachine,CUBIC,Bola,HTTP/2
2025-05-02 11:11:57,index,158.102999925613,330,TheEmptinessMachine,CUBIC,Bola,HTTP/2
2025-05-02 11:11:59,index,160.102999925613,330,TheEmptinessMachine,CUBIC,Bola,HTTP/2
2025-05-02 11:12:01,index,162.103999853134,330,TheEmptinessMachine,CUBIC,Bola,HTTP/2
2025-05-02 11:12:03,index,164.103999853134,330,TheEmptinessMachine,CUBIC,Bola,HTTP/2
2025-05-02 11:12:05,index,166.103999853134,330,TheEmptinessMachine,CUBIC,Bola,HTTP/2
2025-05-02 11:12:07,index,168.103999853134,330,TheEmptinessMachine,CUBIC,Bola,HTTP/2
2025-05-02 11:12:09,index,170.103999853134,330,TheEmptinessMachine,CUBIC,Bola,HTTP/2
2025-05-02 11:12:11,index,172.103999853134,330,TheEmptinessMachine,CUBIC,Bola,HTTP/2
2025-05-02 11:12:13,index,174.103999853134,330,TheEmptinessMachine,CUBIC,Bola,HTTP/2
2025-05-02 11:12:15,index,176.103999853134,330,TheEmptinessMachine,CUBIC,Bola,HTTP/2
2025-05-02 11:12:17,index,178.103999853134,330,TheEmptinessMachine,CUBIC,Bola,HTTP/2
2025-05-02 11:12:19,index,180.103999853134,330,TheEmptinessMachine,CUBIC,Bola,HTTP/2
2025-05-02 11:12:21,index,182.103999853134,330,TheEmptinessMachine,CUBIC,Bola,HTTP/2
2025-05-02 11:12:23,index,184.103999853134,330,TheEmptinessMachine,CUBIC,Bola,HTTP/2
2025-05-02 11:12:25,index,186.103999853134,330,TheEmptinessMachine,CUBIC,Bola,HTTP/2
2025-05-02 11:12:27,index,188.103999853134,330,TheEmptinessMachine,CUBIC,Bola,HTTP/2
2025-05-02 11:12:29,index,190.103999853134,330,TheEmptinessMachine,CUBIC,Bola,HTTP/2
2025-05-02 11:12:31,index,192.102999925613,330,TheEmptinessMachine,CUBIC,Bola,HTTP/2
2025-05-02 11:12:35,index,196.102999925613,330,TheEmptinessMachine,CUBIC,Bola,HTTP/2
2025-05-02 11:12:37,index,198.103999853134,330,TheEmptinessMachine,CUBIC,Bola,HTTP/2
2025-05-02 11:12:39,index,200.103999853134,330,TheEmptinessMachine,CUBIC,Bola,HTTP/2
2025-05-02 11:12:41,index,202.103999853134,330,TheEmptinessMachine,CUBIC,Bola,HTTP/2
2025-05-02 11:12:45,index,206.103999853134,330,TheEmptinessMachine,CUBIC,Bola,HTTP/2
2025-05-02 11:13:21,index,6.09899997711182,169,TheEmptinessMachine,CUBIC,Bola,HTTP/3
2025-05-02 11:13:23,index,8.09899997711182,169,TheEmptinessMachine,CUBIC,Bola,HTTP/3
2025-05-02 11:13:25,index,10.0989999771118,169,TheEmptinessMachine,CUBIC,Bola,HTTP/3
2025-05-02 11:13:27,index,12.0989999771118,169,TheEmptinessMachine,CUBIC,Bola,HTTP/3
2025-05-02 11:13:31,index,16.0989999771118,214,TheEmptinessMachine,CUBIC,Bola,HTTP/3
2025-05-02 11:13:41,index,26.0989999771118,72,TheEmptinessMachine,CUBIC,Bola,HTTP/3
2025-05-02 11:13:43,index,28.0989999771118,72,TheEmptinessMachine,CUBIC,Bola,HTTP/3
2025-05-02 11:13:45,index,30.0989999771118,169,TheEmptinessMachine,CUBIC,Bola,HTTP/3
2025-05-02 11:13:47,index,32.0989999771118,169,TheEmptinessMachine,CUBIC,Bola,HTTP/3
2025-05-02 11:13:49,index,34.0989999771118,169,TheEmptinessMachine,CUBIC,Bola,HTTP/3
2025-05-02 11:13:51,index,36.0989999771118,166,TheEmptinessMachine,CUBIC,Bola,HTTP/3
2025-05-02 11:13:53,index,38.0999999046326,166,TheEmptinessMachine,CUBIC,Bola,HTTP/3
2025-05-02 11:13:57,index,42.0999999046326,72,TheEmptinessMachine,CUBIC,Bola,HTTP/3
2025-05-02 11:13:59,index,44.0989999771118,72,TheEmptinessMachine,CUBIC,Bola,HTTP/3
2025-05-02 11:14:01,index,46.0989999771118,72,TheEmptinessMachine,CUBIC,Bola,HTTP/3
2025-05-02 11:14:03,index,48.0999999046326,72,TheEmptinessMachine,CUBIC,Bola,HTTP/3
2025-05-02 11:14:05,index,50.0989999771118,72,TheEmptinessMachine,CUBIC,Bola,HTTP/3
2025-05-02 11:14:07,index,52.0989999771118,72,TheEmptinessMachine,CUBIC,Bola,HTTP/3
2025-05-02 11:14:09,index,54.0989999771118,214,TheEmptinessMachine,CUBIC,Bola,HTTP/3
2025-05-02 11:14:11,index,56.0989999771118,320,TheEmptinessMachine,CUBIC,Bola,HTTP/3
2025-05-02 11:14:13,index,58.0989999771118,330,TheEmptinessMachine,CUBIC,Bola,HTTP/3
2025-05-02 11:14:15,index,60.0989999771118,330,TheEmptinessMachine,CUBIC,Bola,HTTP/3
2025-05-02 11:14:17,index,62.0989999771118,330,TheEmptinessMachine,CUBIC,Bola,HTTP/3
2025-05-02 11:14:19,index,64.0989999771118,169,TheEmptinessMachine,CUBIC,Bola,HTTP/3
2025-05-02 11:14:21,index,66.0989999771118,169,TheEmptinessMachine,CUBIC,Bola,HTTP/3
2025-05-02 11:14:25,index,70.0989999771118,169,TheEmptinessMachine,CUBIC,Bola,HTTP/3
2025-05-02 11:14:27,index,72.0989999771118,169,TheEmptinessMachine,CUBIC,Bola,HTTP/3
2025-05-02 11:14:29,index,74.0999999046326,169,TheEmptinessMachine,CUBIC,Bola,HTTP/3
2025-05-02 11:14:33,index,78.0989999771118,214,TheEmptinessMachine,CUBIC,Bola,HTTP/3
2025-05-02 11:14:35,index,80.0999999046326,84,TheEmptinessMachine,CUBIC,Bola,HTTP/3
2025-05-02 11:14:37,index,82.0989999771118,84,TheEmptinessMachine,CUBIC,Bola,HTTP/3
2025-05-02 11:14:39,index,84.0989999771118,84,TheEmptinessMachine,CUBIC,Bola,HTTP/3
2025-05-02 11:14:41,index,86.0989999771118,84,TheEmptinessMachine,CUBIC,Bola,HTTP/3
2025-05-02 11:14:47,index,92.0989999771118,330,TheEmptinessMachine,CUBIC,Bola,HTTP/3
2025-05-02 11:14:49,index,94.0989999771118,330,TheEmptinessMachine,CUBIC,Bola,HTTP/3
2025-05-02 11:14:51,index,96.0989999771118,330,TheEmptinessMachine,CUBIC,Bola,HTTP/3
2025-05-02 11:14:53,index,98.0989999771118,330,TheEmptinessMachine,CUBIC,Bola,HTTP/3
2025-05-02 11:14:55,index,100.098999977112,169,TheEmptinessMachine,CUBIC,Bola,HTTP/3
2025-05-02 11:14:59,index,104.098999977112,81,TheEmptinessMachine,CUBIC,Bola,HTTP/3
2025-05-02 11:15:01,index,106.098999977112,81,TheEmptinessMachine,CUBIC,Bola,HTTP/3
2025-05-02 11:15:03,index,108.098999977112,81,TheEmptinessMachine,CUBIC,Bola,HTTP/3
2025-05-02 11:15:05,index,110.099999904633,166,TheEmptinessMachine,CUBIC,Bola,HTTP/3
2025-05-02 11:15:07,index,112.098999977112,214,TheEmptinessMachine,CUBIC,Bola,HTTP/3
2025-05-02 11:15:09,index,114.098999977112,72,TheEmptinessMachine,CUBIC,Bola,HTTP/3
2025-05-02 11:15:11,index,116.098999977112,72,TheEmptinessMachine,CUBIC,Bola,HTTP/3
2025-05-02 11:15:13,index,118.098999977112,72,TheEmptinessMachine,CUBIC,Bola,HTTP/3
2025-05-02 11:15:15,index,120.098999977112,72,TheEmptinessMachine,CUBIC,Bola,HTTP/3
2025-05-02 11:15:17,index,122.098999977112,72,TheEmptinessMachine,CUBIC,Bola,HTTP/3
2025-05-02 11:15:19,index,124.099999904633,72,TheEmptinessMachine,CUBIC,Bola,HTTP/3
2025-05-02 11:15:21,index,126.098999977112,72,TheEmptinessMachine,CUBIC,Bola,HTTP/3
2025-05-02 11:15:23,index,128.099999904633,330,TheEmptinessMachine,CUBIC,Bola,HTTP/3
2025-05-02 11:15:25,index,130.098999977112,169,TheEmptinessMachine,CUBIC,Bola,HTTP/3
2025-05-02 11:15:27,index,132.098999977112,169,TheEmptinessMachine,CUBIC,Bola,HTTP/3
2025-05-02 11:15:29,index,134.098999977112,169,TheEmptinessMachine,CUBIC,Bola,HTTP/3
2025-05-02 11:15:31,index,136.098999977112,169,TheEmptinessMachine,CUBIC,Bola,HTTP/3
2025-05-02 11:15:33,index,138.098999977112,169,TheEmptinessMachine,CUBIC,Bola,HTTP/3
2025-05-02 11:15:35,index,140.098999977112,169,TheEmptinessMachine,CUBIC,Bola,HTTP/3
2025-05-02 11:15:37,index,142.099999904633,214,TheEmptinessMachine,CUBIC,Bola,HTTP/3
2025-05-02 11:15:39,index,144.098999977112,214,TheEmptinessMachine,CUBIC,Bola,HTTP/3
2025-05-02 11:15:41,index,146.098999977112,214,TheEmptinessMachine,CUBIC,Bola,HTTP/3
2025-05-02 11:15:43,index,148.099999904633,169,TheEmptinessMachine,CUBIC,Bola,HTTP/3
2025-05-02 11:15:45,index,150.098999977112,169,TheEmptinessMachine,CUBIC,Bola,HTTP/3
2025-05-02 11:15:47,index,152.098999977112,84,TheEmptinessMachine,CUBIC,Bola,HTTP/3
2025-05-02 11:15:49,index,154.098999977112,84,TheEmptinessMachine,CUBIC,Bola,HTTP/3
2025-05-02 11:15:51,index,156.098999977112,84,TheEmptinessMachine,CUBIC,Bola,HTTP/3
2025-05-02 11:15:53,index,158.099999904633,84,TheEmptinessMachine,CUBIC,Bola,HTTP/3
2025-05-02 11:15:55,index,160.098999977112,84,TheEmptinessMachine,CUBIC,Bola,HTTP/3
2025-05-02 11:15:57,index,162.098999977112,166,TheEmptinessMachine,CUBIC,Bola,HTTP/3
2025-05-02 11:15:59,index,164.098999977112,166,TheEmptinessMachine,CUBIC,Bola,HTTP/3
2025-05-02 11:16:01,index,166.099999904633,166,TheEmptinessMachine,CUBIC,Bola,HTTP/3
2025-05-02 11:16:03,index,168.098999977112,84,TheEmptinessMachine,CUBIC,Bola,HTTP/3
2025-05-02 11:16:05,index,170.098999977112,84,TheEmptinessMachine,CUBIC,Bola,HTTP/3
2025-05-02 11:16:07,index,172.098999977112,84,TheEmptinessMachine,CUBIC,Bola,HTTP/3
2025-05-02 11:16:09,index,174.099999904633,84,TheEmptinessMachine,CUBIC,Bola,HTTP/3
2025-05-02 11:16:11,index,176.098999977112,84,TheEmptinessMachine,CUBIC,Bola,HTTP/3
2025-05-02 11:16:13,index,178.098999977112,84,TheEmptinessMachine,CUBIC,Bola,HTTP/3
2025-05-02 11:16:15,index,180.098999977112,84,TheEmptinessMachine,CUBIC,Bola,HTTP/3
2025-05-02 11:16:17,index,182.098999977112,84,TheEmptinessMachine,CUBIC,Bola,HTTP/3
2025-05-02 11:16:19,index,184.098999977112,84,TheEmptinessMachine,CUBIC,Bola,HTTP/3
2025-05-02 11:16:21,index,186.098999977112,84,TheEmptinessMachine,CUBIC,Bola,HTTP/3
2025-05-02 11:16:23,index,188.098999977112,330,TheEmptinessMachine,CUBIC,Bola,HTTP/3
2025-05-02 11:16:25,index,190.098999977112,169,TheEmptinessMachine,CUBIC,Bola,HTTP/3
2025-05-02 11:16:27,index,192.098999977112,169,TheEmptinessMachine,CUBIC,Bola,HTTP/3
2025-05-02 11:16:29,index,194.098999977112,169,TheEmptinessMachine,CUBIC,Bola,HTTP/3
2025-05-02 11:16:31,index,196.098999977112,169,TheEmptinessMachine,CUBIC,Bola,HTTP/3
2025-05-02 11:16:33,index,198.098999977112,169,TheEmptinessMachine,CUBIC,Bola,HTTP/3
2025-05-02 11:16:35,index,200.098999977112,330,TheEmptinessMachine,CUBIC,Bola,HTTP/3
2025-05-02 11:16:37,index,202.098999977112,330,TheEmptinessMachine,CUBIC,Bola,HTTP/3
2025-05-02 11:16:39,index,204.098999977112,330,TheEmptinessMachine,CUBIC,Bola,HTTP/3
2025-05-02 11:16:41,index,206.098999977112,330,TheEmptinessMachine,CUBIC,Bola,HTTP/3
2025-05-02 11:16:43,index,208.098999977112,169,TheEmptinessMachine,CUBIC,Bola,HTTP/3
2025-05-02 11:16:45,index,210.099999904633,169,TheEmptinessMachine,CUBIC,Bola,HTTP/3
2025-05-02 11:16:47,index,212.098999977112,169,TheEmptinessMachine,CUBIC,Bola,HTTP/3
2025-05-02 11:17:17,index,4.30999994277954,3486,TheEmptinessMachine,CUBIC,Festive,HTTP/1.1
2025-05-02 11:17:19,index,6.30900001525879,3486,TheEmptinessMachine,CUBIC,Festive,HTTP/1.1
2025-05-02 11:17:21,index,8.30900001525879,1767,TheEmptinessMachine,CUBIC,Festive,HTTP/1.1
2025-05-02 11:17:27,index,14.3090000152588,674,TheEmptinessMachine,CUBIC,Festive,HTTP/1.1
2025-05-02 11:17:29,index,16.3090000152588,674,TheEmptinessMachine,CUBIC,Festive,HTTP/1.1
2025-05-02 11:17:33,index,20.3090000152588,330,TheEmptinessMachine,CUBIC,Festive,HTTP/1.1
2025-05-02 11:17:35,index,22.3139998912811,330,TheEmptinessMachine,CUBIC,Festive,HTTP/1.1
2025-05-02 11:17:37,index,24.3090000152588,330,TheEmptinessMachine,CUBIC,Festive,HTTP/1.1
2025-05-02 11:17:39,index,26.3099999427795,330,TheEmptinessMachine,CUBIC,Festive,HTTP/1.1
2025-05-02 11:17:41,index,28.3099999427795,674,TheEmptinessMachine,CUBIC,Festive,HTTP/1.1
2025-05-02 11:17:45,index,32.3090000152588,214,TheEmptinessMachine,CUBIC,Festive,HTTP/1.1
2025-05-02 11:17:47,index,34.3099999427795,674,TheEmptinessMachine,CUBIC,Festive,HTTP/1.1
2025-05-02 11:17:51,index,38.3090000152588,214,TheEmptinessMachine,CUBIC,Festive,HTTP/1.1
2025-05-02 11:17:53,index,40.3090000152588,330,TheEmptinessMachine,CUBIC,Festive,HTTP/1.1
2025-05-02 11:17:55,index,42.3090000152588,330,TheEmptinessMachine,CUBIC,Festive,HTTP/1.1
2025-05-02 11:17:57,index,44.3090000152588,674,TheEmptinessMachine,CUBIC,Festive,HTTP/1.1
2025-05-02 11:17:59,index,46.3099999427795,330,TheEmptinessMachine,CUBIC,Festive,HTTP/1.1
2025-05-02 11:18:01,index,48.3090000152588,674,TheEmptinessMachine,CUBIC,Festive,HTTP/1.1
2025-05-02 11:18:03,index,50.3090000152588,214,TheEmptinessMachine,CUBIC,Festive,HTTP/1.1
2025-05-02 11:18:05,index,52.3090000152588,330,TheEmptinessMachine,CUBIC,Festive,HTTP/1.1
2025-05-02 11:18:07,index,54.3090000152588,214,TheEmptinessMachine,CUBIC,Festive,HTTP/1.1
2025-05-02 11:18:09,index,56.3090000152588,330,TheEmptinessMachine,CUBIC,Festive,HTTP/1.1
2025-05-02 11:18:11,index,58.3099999427795,674,TheEmptinessMachine,CUBIC,Festive,HTTP/1.1
2025-05-02 11:18:13,index,60.3090000152588,214,TheEmptinessMachine,CUBIC,Festive,HTTP/1.1
2025-05-02 11:18:15,index,62.3090000152588,330,TheEmptinessMachine,CUBIC,Festive,HTTP/1.1
2025-05-02 11:18:17,index,64.3090000152588,214,TheEmptinessMachine,CUBIC,Festive,HTTP/1.1
2025-05-02 11:18:19,index,66.3090000152588,330,TheEmptinessMachine,CUBIC,Festive,HTTP/1.1
2025-05-02 11:18:21,index,68.3099999427795,635,TheEmptinessMachine,CUBIC,Festive,HTTP/1.1
2025-05-02 11:18:23,index,70.3090000152588,635,TheEmptinessMachine,CUBIC,Festive,HTTP/1.1
2025-05-02 11:18:25,index,72.3090000152588,214,TheEmptinessMachine,CUBIC,Festive,HTTP/1.1
2025-05-02 11:18:27,index,74.3090000152588,330,TheEmptinessMachine,CUBIC,Festive,HTTP/1.1
2025-05-02 11:18:29,index,76.3099999427795,214,TheEmptinessMachine,CUBIC,Festive,HTTP/1.1
2025-05-02 11:18:31,index,78.3090000152588,330,TheEmptinessMachine,CUBIC,Festive,HTTP/1.1
2025-05-02 11:18:33,index,80.3090000152588,320,TheEmptinessMachine,CUBIC,Festive,HTTP/1.1
2025-05-02 11:18:35,index,82.3090000152588,214,TheEmptinessMachine,CUBIC,Festive,HTTP/1.1
2025-05-02 11:18:37,index,84.3099999427795,320,TheEmptinessMachine,CUBIC,Festive,HTTP/1.1
2025-05-02 11:18:39,index,86.3090000152588,320,TheEmptinessMachine,CUBIC,Festive,HTTP/1.1
2025-05-02 11:18:41,index,88.3090000152588,214,TheEmptinessMachine,CUBIC,Festive,HTTP/1.1
2025-05-02 11:18:43,index,90.3090000152588,214,TheEmptinessMachine,CUBIC,Festive,HTTP/1.1
2025-05-02 11:18:45,index,92.3090000152588,214,TheEmptinessMachine,CUBIC,Festive,HTTP/1.1
2025-05-02 11:18:47,index,94.3090000152588,214,TheEmptinessMachine,CUBIC,Festive,HTTP/1.1
2025-05-02 11:18:49,index,96.3090000152588,214,TheEmptinessMachine,CUBIC,Festive,HTTP/1.1
2025-05-02 11:18:51,index,98.3099999427795,214,TheEmptinessMachine,CUBIC,Festive,HTTP/1.1
2025-05-02 11:18:53,index,100.309000015259,1767,TheEmptinessMachine,CUBIC,Festive,HTTP/1.1
2025-05-02 11:18:55,index,102.309000015259,635,TheEmptinessMachine,CUBIC,Festive,HTTP/1.1
2025-05-02 11:18:57,index,104.309000015259,635,TheEmptinessMachine,CUBIC,Festive,HTTP/1.1
2025-05-02 11:18:59,index,106.309000015259,635,TheEmptinessMachine,CUBIC,Festive,HTTP/1.1
2025-05-02 11:19:01,index,108.309000015259,635,TheEmptinessMachine,CUBIC,Festive,HTTP/1.1
2025-05-02 11:19:03,index,110.309000015259,635,TheEmptinessMachine,CUBIC,Festive,HTTP/1.1
2025-05-02 11:19:05,index,112.30999994278,980,TheEmptinessMachine,CUBIC,Festive,HTTP/1.1
2025-05-02 11:19:07,index,114.309000015259,980,TheEmptinessMachine,CUBIC,Festive,HTTP/1.1
2025-05-02 11:19:09,index,116.309000015259,330,TheEmptinessMachine,CUBIC,Festive,HTTP/1.1
2025-05-02 11:19:11,index,118.30999994278,330,TheEmptinessMachine,CUBIC,Festive,HTTP/1.1
2025-05-02 11:19:13,index,120.309000015259,674,TheEmptinessMachine,CUBIC,Festive,HTTP/1.1
2025-05-02 11:19:15,index,122.30999994278,674,TheEmptinessMachine,CUBIC,Festive,HTTP/1.1
2025-05-02 11:19:19,index,126.309000015259,214,TheEmptinessMachine,CUBIC,Festive,HTTP/1.1
2025-05-02 11:19:21,index,128.30999994278,330,TheEmptinessMachine,CUBIC,Festive,HTTP/1.1
2025-05-02 11:19:23,index,130.30999994278,674,TheEmptinessMachine,CUBIC,Festive,HTTP/1.1
2025-05-02 11:19:25,index,132.309000015259,674,TheEmptinessMachine,CUBIC,Festive,HTTP/1.1
2025-05-02 11:19:27,index,134.309000015259,330,TheEmptinessMachine,CUBIC,Festive,HTTP/1.1
2025-05-02 11:19:29,index,136.309000015259,214,TheEmptinessMachine,CUBIC,Festive,HTTP/1.1
2025-05-02 11:19:31,index,138.309000015259,635,TheEmptinessMachine,CUBIC,Festive,HTTP/1.1
2025-05-02 11:19:35,index,142.309000015259,330,TheEmptinessMachine,CUBIC,Festive,HTTP/1.1
2025-05-02 11:19:37,index,144.309000015259,330,TheEmptinessMachine,CUBIC,Festive,HTTP/1.1
2025-05-02 11:19:39,index,146.309000015259,330,TheEmptinessMachine,CUBIC,Festive,HTTP/1.1
2025-05-02 11:19:41,index,148.309000015259,330,TheEmptinessMachine,CUBIC,Festive,HTTP/1.1
2025-05-02 11:19:43,index,150.309000015259,320,TheEmptinessMachine,CUBIC,Festive,HTTP/1.1
2025-05-02 11:19:45,index,152.309000015259,320,TheEmptinessMachine,CUBIC,Festive,HTTP/1.1
2025-05-02 11:19:47,index,154.309000015259,320,TheEmptinessMachine,CUBIC,Festive,HTTP/1.1
2025-05-02 11:19:49,index,156.309000015259,320,TheEmptinessMachine,CUBIC,Festive,HTTP/1.1
2025-05-02 11:19:51,index,158.30999994278,320,TheEmptinessMachine,CUBIC,Festive,HTTP/1.1
2025-05-02 11:19:53,index,160.309000015259,320,TheEmptinessMachine,CUBIC,Festive,HTTP/1.1
2025-05-02 11:19:55,index,162.309000015259,320,TheEmptinessMachine,CUBIC,Festive,HTTP/1.1
2025-05-02 11:19:57,index,164.309000015259,320,TheEmptinessMachine,CUBIC,Festive,HTTP/1.1
2025-05-02 11:19:59,index,166.309000015259,320,TheEmptinessMachine,CUBIC,Festive,HTTP/1.1
2025-05-02 11:20:01,index,168.309000015259,320,TheEmptinessMachine,CUBIC,Festive,HTTP/1.1
2025-05-02 11:20:03,index,170.309000015259,320,TheEmptinessMachine,CUBIC,Festive,HTTP/1.1
2025-05-02 11:20:05,index,172.309000015259,320,TheEmptinessMachine,CUBIC,Festive,HTTP/1.1
2025-05-02 11:20:07,index,174.30999994278,320,TheEmptinessMachine,CUBIC,Festive,HTTP/1.1
2025-05-02 11:20:09,index,176.309000015259,1767,TheEmptinessMachine,CUBIC,Festive,HTTP/1.1
2025-05-02 11:20:11,index,178.309000015259,635,TheEmptinessMachine,CUBIC,Festive,HTTP/1.1
2025-05-02 11:20:13,index,180.309000015259,635,TheEmptinessMachine,CUBIC,Festive,HTTP/1.1
2025-05-02 11:20:15,index,182.309000015259,635,TheEmptinessMachine,CUBIC,Festive,HTTP/1.1
2025-05-02 11:20:17,index,184.30999994278,635,TheEmptinessMachine,CUBIC,Festive,HTTP/1.1
2025-05-02 11:20:19,index,186.309000015259,635,TheEmptinessMachine,CUBIC,Festive,HTTP/1.1
2025-05-02 11:20:21,index,188.309000015259,635,TheEmptinessMachine,CUBIC,Festive,HTTP/1.1
2025-05-02 11:20:23,index,190.309000015259,214,TheEmptinessMachine,CUBIC,Festive,HTTP/1.1
2025-05-02 11:20:25,index,192.309000015259,214,TheEmptinessMachine,CUBIC,Festive,HTTP/1.1
2025-05-02 11:20:29,index,196.30999994278,214,TheEmptinessMachine,CUBIC,Festive,HTTP/1.1
2025-05-02 11:20:31,index,198.30999994278,330,TheEmptinessMachine,CUBIC,Festive,HTTP/1.1
2025-05-02 11:20:33,index,200.309000015259,330,TheEmptinessMachine,CUBIC,Festive,HTTP/1.1
2025-05-02 11:20:35,index,202.309000015259,320,TheEmptinessMachine,CUBIC,Festive,HTTP/1.1
2025-05-02 11:20:37,index,204.309000015259,320,TheEmptinessMachine,CUBIC,Festive,HTTP/1.1
2025-05-02 11:20:39,index,206.309000015259,84,TheEmptinessMachine,CUBIC,Festive,HTTP/1.1
2025-05-02 11:20:41,index,208.309000015259,84,TheEmptinessMachine,CUBIC,Festive,HTTP/1.1
2025-05-02 11:21:14,index,4.10800004005432,1767,TheEmptinessMachine,CUBIC,Festive,HTTP/2
2025-05-02 11:21:16,index,6.10800004005432,1767,TheEmptinessMachine,CUBIC,Festive,HTTP/2
2025-05-02 11:21:18,index,8.10800004005432,1226,TheEmptinessMachine,CUBIC,Festive,HTTP/2
2025-05-02 11:21:24,index,14.1080000400543,330,TheEmptinessMachine,CUBIC,Festive,HTTP/2
2025-05-02 11:21:26,index,16.1080000400543,674,TheEmptinessMachine,CUBIC,Festive,HTTP/2
2025-05-02 11:21:30,index,20.1080000400543,674,TheEmptinessMachine,CUBIC,Festive,HTTP/2
2025-05-02 11:21:32,index,22.1080000400543,674,TheEmptinessMachine,CUBIC,Festive,HTTP/2
2025-05-02 11:21:42,index,32.1080000400543,72,TheEmptinessMachine,CUBIC,Festive,HTTP/2
2025-05-02 11:21:44,index,34.1080000400543,1226,TheEmptinessMachine,CUBIC,Festive,HTTP/2
2025-05-02 11:21:46,index,36.1080000400543,674,TheEmptinessMachine,CUBIC,Festive,HTTP/2
2025-05-02 11:21:48,index,38.1070001125336,674,TheEmptinessMachine,CUBIC,Festive,HTTP/2
2025-05-02 11:21:50,index,40.1080000400543,674,TheEmptinessMachine,CUBIC,Festive,HTTP/2
2025-05-02 11:21:56,index,46.1080000400543,674,TheEmptinessMachine,CUBIC,Festive,HTTP/2
2025-05-02 11:21:58,index,48.1080000400543,674,TheEmptinessMachine,CUBIC,Festive,HTTP/2
2025-05-02 11:22:00,index,50.1080000400543,84,TheEmptinessMachine,CUBIC,Festive,HTTP/2
2025-05-02 11:22:02,index,52.1080000400543,214,TheEmptinessMachine,CUBIC,Festive,HTTP/2
2025-05-02 11:22:04,index,54.1080000400543,330,TheEmptinessMachine,CUBIC,Festive,HTTP/2
2025-05-02 11:22:06,index,56.1080000400543,84,TheEmptinessMachine,CUBIC,Festive,HTTP/2
2025-05-02 11:22:08,index,58.1090002059937,330,TheEmptinessMachine,CUBIC,Festive,HTTP/2
2025-05-02 11:22:10,index,60.1080000400543,320,TheEmptinessMachine,CUBIC,Festive,HTTP/2
2025-05-02 11:22:12,index,62.1080000400543,214,TheEmptinessMachine,CUBIC,Festive,HTTP/2
2025-05-02 11:22:14,index,64.1080000400543,320,TheEmptinessMachine,CUBIC,Festive,HTTP/2
2025-05-02 11:22:16,index,66.1080000400543,72,TheEmptinessMachine,CUBIC,Festive,HTTP/2
2025-05-02 11:22:18,index,68.1080000400543,214,TheEmptinessMachine,CUBIC,Festive,HTTP/2
2025-05-02 11:22:20,index,70.1080000400543,214,TheEmptinessMachine,CUBIC,Festive,HTTP/2
2025-05-02 11:22:22,index,72.1080000400543,214,TheEmptinessMachine,CUBIC,Festive,HTTP/2
2025-05-02 11:22:24,index,74.1080000400543,214,TheEmptinessMachine,CUBIC,Festive,HTTP/2
2025-05-02 11:22:26,index,76.1080000400543,214,TheEmptinessMachine,CUBIC,Festive,HTTP/2
2025-05-02 11:22:28,index,78.1080000400543,214,TheEmptinessMachine,CUBIC,Festive,HTTP/2
2025-05-02 11:22:30,index,80.1080000400543,169,TheEmptinessMachine,CUBIC,Festive,HTTP/2
2025-05-02 11:22:32,index,82.1080000400543,169,TheEmptinessMachine,CUBIC,Festive,HTTP/2
2025-05-02 11:22:34,index,84.1080000400543,169,TheEmptinessMachine,CUBIC,Festive,HTTP/2
2025-05-02 11:22:36,index,86.1080000400543,169,TheEmptinessMachine,CUBIC,Festive,HTTP/2
2025-05-02 11:22:38,index,88.1070001125336,169,TheEmptinessMachine,CUBIC,Festive,HTTP/2
2025-05-02 11:22:40,index,90.1080000400543,169,TheEmptinessMachine,CUBIC,Festive,HTTP/2
2025-05-02 11:22:42,index,92.1080000400543,169,TheEmptinessMachine,CUBIC,Festive,HTTP/2
2025-05-02 11:22:44,index,94.1080000400543,169,TheEmptinessMachine,CUBIC,Festive,HTTP/2
2025-05-02 11:22:46,index,96.1080000400543,169,TheEmptinessMachine,CUBIC,Festive,HTTP/2
2025-05-02 11:22:48,index,98.1080000400543,169,TheEmptinessMachine,CUBIC,Festive,HTTP/2
2025-05-02 11:22:50,index,100.108000040054,169,TheEmptinessMachine,CUBIC,Festive,HTTP/2
2025-05-02 11:22:52,index,102.108000040054,169,TheEmptinessMachine,CUBIC,Festive,HTTP/2
2025-05-02 11:22:54,index,104.107000112534,169,TheEmptinessMachine,CUBIC,Festive,HTTP/2
2025-05-02 11:22:56,index,106.108000040054,169,TheEmptinessMachine,CUBIC,Festive,HTTP/2
2025-05-02 11:22:58,index,108.108000040054,169,TheEmptinessMachine,CUBIC,Festive,HTTP/2
2025-05-02 11:23:00,index,110.108000040054,674,TheEmptinessMachine,CUBIC,Festive,HTTP/2
2025-05-02 11:23:02,index,112.108000040054,674,TheEmptinessMachine,CUBIC,Festive,HTTP/2
2025-05-02 11:23:04,index,114.108000040054,674,TheEmptinessMachine,CUBIC,Festive,HTTP/2
2025-05-02 11:23:06,index,116.108000040054,674,TheEmptinessMachine,CUBIC,Festive,HTTP/2
2025-05-02 11:23:08,index,118.108000040054,674,TheEmptinessMachine,CUBIC,Festive,HTTP/2
2025-05-02 11:23:10,index,120.108000040054,674,TheEmptinessMachine,CUBIC,Festive,HTTP/2
2025-05-02 11:23:12,index,122.108000040054,169,TheEmptinessMachine,CUBIC,Festive,HTTP/2
2025-05-02 11:23:14,index,124.108000040054,674,TheEmptinessMachine,CUBIC,Festive,HTTP/2
2025-05-02 11:23:16,index,126.108000040054,674,TheEmptinessMachine,CUBIC,Festive,HTTP/2
2025-05-02 11:23:18,index,128.108000040054,674,TheEmptinessMachine,CUBIC,Festive,HTTP/2
2025-05-02 11:23:20,index,130.108000040054,674,TheEmptinessMachine,CUBIC,Festive,HTTP/2
2025-05-02 11:23:22,index,132.108000040054,169,TheEmptinessMachine,CUBIC,Festive,HTTP/2
2025-05-02 11:23:28,index,138.108000040054,330,TheEmptinessMachine,CUBIC,Festive,HTTP/2
2025-05-02 11:23:34,index,144.108000040054,214,TheEmptinessMachine,CUBIC,Festive,HTTP/2
2025-05-02 11:23:36,index,146.108000040054,320,TheEmptinessMachine,CUBIC,Festive,HTTP/2
2025-05-02 11:23:38,index,148.108000040054,320,TheEmptinessMachine,CUBIC,Festive,HTTP/2
2025-05-02 11:23:40,index,150.108000040054,320,TheEmptinessMachine,CUBIC,Festive,HTTP/2
2025-05-02 11:23:42,index,152.107000112534,320,TheEmptinessMachine,CUBIC,Festive,HTTP/2
2025-05-02 11:23:44,index,154.109000205994,320,TheEmptinessMachine,CUBIC,Festive,HTTP/2
2025-05-02 11:23:46,index,156.108000040054,320,TheEmptinessMachine,CUBIC,Festive,HTTP/2
2025-05-02 11:23:48,index,158.108000040054,320,TheEmptinessMachine,CUBIC,Festive,HTTP/2
2025-05-02 11:23:50,index,160.108000040054,1767,TheEmptinessMachine,CUBIC,Festive,HTTP/2
2025-05-02 11:23:52,index,162.108000040054,330,TheEmptinessMachine,CUBIC,Festive,HTTP/2
2025-05-02 11:23:54,index,164.108000040054,330,TheEmptinessMachine,CUBIC,Festive,HTTP/2
2025-05-02 11:23:56,index,166.108000040054,330,TheEmptinessMachine,CUBIC,Festive,HTTP/2
2025-05-02 11:23:58,index,168.108000040054,330,TheEmptinessMachine,CUBIC,Festive,HTTP/2
2025-05-02 11:24:00,index,170.108000040054,330,TheEmptinessMachine,CUBIC,Festive,HTTP/2
2025-05-02 11:24:02,index,172.108000040054,320,TheEmptinessMachine,CUBIC,Festive,HTTP/2
2025-05-02 11:24:04,index,174.108000040054,674,TheEmptinessMachine,CUBIC,Festive,HTTP/2
2025-05-02 11:24:06,index,176.108000040054,330,TheEmptinessMachine,CUBIC,Festive,HTTP/2
2025-05-02 11:24:08,index,178.108000040054,635,TheEmptinessMachine,CUBIC,Festive,HTTP/2
2025-05-02 11:24:12,index,182.109000205994,169,TheEmptinessMachine,CUBIC,Festive,HTTP/2
2025-05-02 11:24:14,index,184.108000040054,330,TheEmptinessMachine,CUBIC,Festive,HTTP/2
2025-05-02 11:24:22,index,192.108000040054,330,TheEmptinessMachine,CUBIC,Festive,HTTP/2
2025-05-02 11:24:26,index,196.108000040054,330,TheEmptinessMachine,CUBIC,Festive,HTTP/2
2025-05-02 11:24:28,index,198.108000040054,320,TheEmptinessMachine,CUBIC,Festive,HTTP/2
2025-05-02 11:24:30,index,200.108000040054,320,TheEmptinessMachine,CUBIC,Festive,HTTP/2
2025-05-02 11:24:32,index,202.108000040054,320,TheEmptinessMachine,CUBIC,Festive,HTTP/2
2025-05-02 11:24:34,index,204.108000040054,320,TheEmptinessMachine,CUBIC,Festive,HTTP/2
2025-05-02 11:24:36,index,206.108000040054,320,TheEmptinessMachine,CUBIC,Festive,HTTP/2
2025-05-02 11:24:38,index,208.108000040054,320,TheEmptinessMachine,CUBIC,Festive,HTTP/2
2025-05-02 11:24:40,index,210.108000040054,320,TheEmptinessMachine,CUBIC,Festive,HTTP/2
2025-05-02 11:24:42,index,212.108000040054,320,TheEmptinessMachine,CUBIC,Festive,HTTP/2
2025-05-02 11:24:44,index,214.108000040054,320,TheEmptinessMachine,CUBIC,Festive,HTTP/2
2025-05-02 11:24:46,index,216.108000040054,320,TheEmptinessMachine,CUBIC,Festive,HTTP/2
2025-05-02 11:24:48,index,218.108000040054,320,TheEmptinessMachine,CUBIC,Festive,HTTP/2
2025-05-02 11:25:12,index,4.12199997901917,980,TheEmptinessMachine,CUBIC,Festive,HTTP/3
2025-05-02 11:25:14,index,6.12100005149841,330,TheEmptinessMachine,CUBIC,Festive,HTTP/3
2025-05-02 11:25:16,index,8.12100005149841,330,TheEmptinessMachine,CUBIC,Festive,HTTP/3
2025-05-02 11:25:20,index,12.1210000514984,330,TheEmptinessMachine,CUBIC,Festive,HTTP/3
2025-05-02 11:25:22,index,14.1210000514984,330,TheEmptinessMachine,CUBIC,Festive,HTTP/3
2025-05-02 11:25:24,index,16.1210000514984,330,TheEmptinessMachine,CUBIC,Festive,HTTP/3
2025-05-02 11:25:26,index,18.1210000514984,330,TheEmptinessMachine,CUBIC,Festive,HTTP/3
2025-05-02 11:25:30,index,22.1210000514984,72,TheEmptinessMachine,CUBIC,Festive,HTTP/3
2025-05-02 11:25:32,index,24.1210000514984,72,TheEmptinessMachine,CUBIC,Festive,HTTP/3
2025-05-02 11:25:34,index,26.1210000514984,72,TheEmptinessMachine,CUBIC,Festive,HTTP/3
2025-05-02 11:25:36,index,28.1210000514984,72,TheEmptinessMachine,CUBIC,Festive,HTTP/3
2025-05-02 11:25:38,index,30.1210000514984,72,TheEmptinessMachine,CUBIC,Festive,HTTP/3
2025-05-02 11:25:40,index,32.1210000514984,1106,TheEmptinessMachine,CUBIC,Festive,HTTP/3
2025-05-02 11:25:42,index,34.1210000514984,84,TheEmptinessMachine,CUBIC,Festive,HTTP/3
2025-05-02 11:25:44,index,36.1210000514984,84,TheEmptinessMachine,CUBIC,Festive,HTTP/3
2025-05-02 11:25:46,index,38.1210000514984,84,TheEmptinessMachine,CUBIC,Festive,HTTP/3
2025-05-02 11:25:48,index,40.1210000514984,84,TheEmptinessMachine,CUBIC,Festive,HTTP/3
2025-05-02 11:25:50,index,42.1210000514984,84,TheEmptinessMachine,CUBIC,Festive,HTTP/3
2025-05-02 11:25:52,index,44.1210000514984,330,TheEmptinessMachine,CUBIC,Festive,HTTP/3
2025-05-02 11:25:54,index,46.1280000209808,72,TheEmptinessMachine,CUBIC,Festive,HTTP/3
2025-05-02 11:25:58,index,50.1210000514984,72,TheEmptinessMachine,CUBIC,Festive,HTTP/3
2025-05-02 11:26:00,index,52.1210000514984,72,TheEmptinessMachine,CUBIC,Festive,HTTP/3
2025-05-02 11:26:02,index,54.1210000514984,72,TheEmptinessMachine,CUBIC,Festive,HTTP/3
2025-05-02 11:26:04,index,56.1210000514984,72,TheEmptinessMachine,CUBIC,Festive,HTTP/3
2025-05-02 11:26:06,index,58.1210000514984,635,TheEmptinessMachine,CUBIC,Festive,HTTP/3
2025-05-02 11:26:08,index,60.1219999790192,635,TheEmptinessMachine,CUBIC,Festive,HTTP/3
2025-05-02 11:26:10,index,62.1210000514984,635,TheEmptinessMachine,CUBIC,Festive,HTTP/3
2025-05-02 11:26:12,index,64.1210000514984,169,TheEmptinessMachine,CUBIC,Festive,HTTP/3
2025-05-02 11:26:14,index,66.1210000514984,169,TheEmptinessMachine,CUBIC,Festive,HTTP/3
2025-05-02 11:26:16,index,68.1219999790192,84,TheEmptinessMachine,CUBIC,Festive,HTTP/3
2025-05-02 11:26:18,index,70.1219999790192,84,TheEmptinessMachine,CUBIC,Festive,HTTP/3
2025-05-02 11:26:20,index,72.1210000514984,84,TheEmptinessMachine,CUBIC,Festive,HTTP/3
2025-05-02 11:26:22,index,74.1210000514984,166,TheEmptinessMachine,CUBIC,Festive,HTTP/3
2025-05-02 11:26:24,index,76.1210000514984,166,TheEmptinessMachine,CUBIC,Festive,HTTP/3
2025-05-02 11:26:26,index,78.1210000514984,166,TheEmptinessMachine,CUBIC,Festive,HTTP/3
2025-05-02 11:26:28,index,80.1210000514984,214,TheEmptinessMachine,CUBIC,Festive,HTTP/3
2025-05-02 11:26:30,index,82.1219999790192,76,TheEmptinessMachine,CUBIC,Festive,HTTP/3
2025-05-02 11:26:32,index,84.1210000514984,169,TheEmptinessMachine,CUBIC,Festive,HTTP/3
2025-05-02 11:26:34,index,86.1210000514984,169,TheEmptinessMachine,CUBIC,Festive,HTTP/3
2025-05-02 11:26:36,index,88.1210000514984,169,TheEmptinessMachine,CUBIC,Festive,HTTP/3
2025-05-02 11:26:38,index,90.1210000514984,169,TheEmptinessMachine,CUBIC,Festive,HTTP/3
2025-05-02 11:26:40,index,92.1210000514984,169,TheEmptinessMachine,CUBIC,Festive,HTTP/3
2025-05-02 11:26:42,index,94.1210000514984,169,TheEmptinessMachine,CUBIC,Festive,HTTP/3
2025-05-02 11:26:44,index,96.1210000514984,166,TheEmptinessMachine,CUBIC,Festive,HTTP/3
2025-05-02 11:26:46,index,98.1210000514984,166,TheEmptinessMachine,CUBIC,Festive,HTTP/3
2025-05-02 11:26:48,index,100.121000051498,166,TheEmptinessMachine,CUBIC,Festive,HTTP/3
2025-05-02 11:26:50,index,102.121000051498,166,TheEmptinessMachine,CUBIC,Festive,HTTP/3
2025-05-02 11:26:52,index,104.121999979019,166,TheEmptinessMachine,CUBIC,Festive,HTTP/3
2025-05-02 11:26:54,index,106.121000051498,166,TheEmptinessMachine,CUBIC,Festive,HTTP/3
2025-05-02 11:26:56,index,108.121000051498,166,TheEmptinessMachine,CUBIC,Festive,HTTP/3
2025-05-02 11:26:58,index,110.121000051498,166,TheEmptinessMachine,CUBIC,Festive,HTTP/3
2025-05-02 11:27:00,index,112.121000051498,166,TheEmptinessMachine,CUBIC,Festive,HTTP/3
2025-05-02 11:27:02,index,114.121000051498,166,TheEmptinessMachine,CUBIC,Festive,HTTP/3
2025-05-02 11:27:04,index,116.121999979019,166,TheEmptinessMachine,CUBIC,Festive,HTTP/3
2025-05-02 11:27:06,index,118.121000051498,1106,TheEmptinessMachine,CUBIC,Festive,HTTP/3
2025-05-02 11:27:08,index,120.121000051498,330,TheEmptinessMachine,CUBIC,Festive,HTTP/3
2025-05-02 11:27:10,index,122.121000051498,330,TheEmptinessMachine,CUBIC,Festive,HTTP/3
2025-05-02 11:27:12,index,124.121000051498,84,TheEmptinessMachine,CUBIC,Festive,HTTP/3
2025-05-02 11:27:14,index,126.121000051498,84,TheEmptinessMachine,CUBIC,Festive,HTTP/3
2025-05-02 11:27:16,index,128.121000051498,84,TheEmptinessMachine,CUBIC,Festive,HTTP/3
2025-05-02 11:27:18,index,130.121000051498,84,TheEmptinessMachine,CUBIC,Festive,HTTP/3
2025-05-02 11:27:20,index,132.121000051498,84,TheEmptinessMachine,CUBIC,Festive,HTTP/3
2025-05-02 11:27:22,index,134.121000051498,84,TheEmptinessMachine,CUBIC,Festive,HTTP/3
2025-05-02 11:27:24,index,136.121000051498,84,TheEmptinessMachine,CUBIC,Festive,HTTP/3
2025-05-02 11:27:26,index,138.121000051498,330,TheEmptinessMachine,CUBIC,Festive,HTTP/3
2025-05-02 11:27:28,index,140.121000051498,330,TheEmptinessMachine,CUBIC,Festive,HTTP/3
2025-05-02 11:27:30,index,142.121000051498,330,TheEmptinessMachine,CUBIC,Festive,HTTP/3
2025-05-02 11:27:32,index,144.121000051498,330,TheEmptinessMachine,CUBIC,Festive,HTTP/3
2025-05-02 11:27:34,index,146.121000051498,169,TheEmptinessMachine,CUBIC,Festive,HTTP/3
2025-05-02 11:27:36,index,148.121000051498,169,TheEmptinessMachine,CUBIC,Festive,HTTP/3
2025-05-02 11:27:38,index,150.121000051498,169,TheEmptinessMachine,CUBIC,Festive,HTTP/3
2025-05-02 11:27:42,index,154.121000051498,72,TheEmptinessMachine,CUBIC,Festive,HTTP/3
2025-05-02 11:27:44,index,156.121000051498,72,TheEmptinessMachine,CUBIC,Festive,HTTP/3
2025-05-02 11:27:46,index,158.121000051498,330,TheEmptinessMachine,CUBIC,Festive,HTTP/3
2025-05-02 11:27:48,index,160.121000051498,330,TheEmptinessMachine,CUBIC,Festive,HTTP/3
2025-05-02 11:27:50,index,162.121000051498,72,TheEmptinessMachine,CUBIC,Festive,HTTP/3
2025-05-02 11:27:52,index,164.121999979019,72,TheEmptinessMachine,CUBIC,Festive,HTTP/3
2025-05-02 11:27:54,index,166.121000051498,72,TheEmptinessMachine,CUBIC,Festive,HTTP/3
2025-05-02 11:27:56,index,168.121000051498,72,TheEmptinessMachine,CUBIC,Festive,HTTP/3
2025-05-02 11:27:58,index,170.121000051498,72,TheEmptinessMachine,CUBIC,Festive,HTTP/3
2025-05-02 11:28:00,index,172.121000051498,674,TheEmptinessMachine,CUBIC,Festive,HTTP/3
2025-05-02 11:28:02,index,174.121000051498,214,TheEmptinessMachine,CUBIC,Festive,HTTP/3
2025-05-02 11:28:04,index,176.121000051498,214,TheEmptinessMachine,CUBIC,Festive,HTTP/3
2025-05-02 11:28:06,index,178.121000051498,214,TheEmptinessMachine,CUBIC,Festive,HTTP/3
2025-05-02 11:28:08,index,180.121000051498,84,TheEmptinessMachine,CUBIC,Festive,HTTP/3
2025-05-02 11:28:10,index,182.121000051498,84,TheEmptinessMachine,CUBIC,Festive,HTTP/3
2025-05-02 11:28:12,index,184.121000051498,84,TheEmptinessMachine,CUBIC,Festive,HTTP/3
2025-05-02 11:28:14,index,186.121000051498,84,TheEmptinessMachine,CUBIC,Festive,HTTP/3
2025-05-02 11:28:16,index,188.121000051498,84,TheEmptinessMachine,CUBIC,Festive,HTTP/3
2025-05-02 11:28:18,index,190.121000051498,980,TheEmptinessMachine,CUBIC,Festive,HTTP/3
2025-05-02 11:28:20,index,192.121000051498,980,TheEmptinessMachine,CUBIC,Festive,HTTP/3
2025-05-02 11:28:22,index,194.121000051498,214,TheEmptinessMachine,CUBIC,Festive,HTTP/3
2025-05-02 11:28:24,index,196.121000051498,214,TheEmptinessMachine,CUBIC,Festive,HTTP/3
2025-05-02 11:28:26,index,198.121000051498,214,TheEmptinessMachine,CUBIC,Festive,HTTP/3
2025-05-02 11:28:28,index,200.121000051498,214,TheEmptinessMachine,CUBIC,Festive,HTTP/3
2025-05-02 11:28:30,index,202.121000051498,214,TheEmptinessMachine,CUBIC,Festive,HTTP/3
2025-05-02 11:28:32,index,204.121000051498,214,TheEmptinessMachine,CUBIC,Festive,HTTP/3
2025-05-02 11:28:34,index,206.121000051498,84,TheEmptinessMachine,CUBIC,Festive,HTTP/3
2025-05-02 11:28:36,index,208.121000051498,84,TheEmptinessMachine,CUBIC,Festive,HTTP/3
2025-05-02 11:29:11,index,6.29800009727478,674,TheEmptinessMachine,CUBIC,L2A,HTTP/1.1
2025-05-02 11:29:19,index,14.2980000972748,674,TheEmptinessMachine,CUBIC,L2A,HTTP/1.1
2025-05-02 11:29:21,index,16.2980000972748,84,TheEmptinessMachine,CUBIC,L2A,HTTP/1.1
2025-05-02 11:29:23,index,18.2980000972748,214,TheEmptinessMachine,CUBIC,L2A,HTTP/1.1
2025-05-02 11:29:27,index,22.2980000972748,214,TheEmptinessMachine,CUBIC,L2A,HTTP/1.1
2025-05-02 11:29:29,index,24.2980000972748,330,TheEmptinessMachine,CUBIC,L2A,HTTP/1.1
2025-05-02 11:29:31,index,26.2980000972748,320,TheEmptinessMachine,CUBIC,L2A,HTTP/1.1
2025-05-02 11:29:33,index,28.2980000972748,169,TheEmptinessMachine,CUBIC,L2A,HTTP/1.1
2025-05-02 11:29:35,index,30.2980000972748,320,TheEmptinessMachine,CUBIC,L2A,HTTP/1.1
2025-05-02 11:29:37,index,32.2980000972748,320,TheEmptinessMachine,CUBIC,L2A,HTTP/1.1
2025-05-02 11:29:39,index,34.2980000972748,320,TheEmptinessMachine,CUBIC,L2A,HTTP/1.1
2025-05-02 11:29:43,index,38.2980000972748,214,TheEmptinessMachine,CUBIC,L2A,HTTP/1.1
2025-05-02 11:29:45,index,40.2980000972748,214,TheEmptinessMachine,CUBIC,L2A,HTTP/1.1
2025-05-02 11:29:47,index,42.2980000972748,214,TheEmptinessMachine,CUBIC,L2A,HTTP/1.1
2025-05-02 11:29:49,index,44.2980000972748,214,TheEmptinessMachine,CUBIC,L2A,HTTP/1.1
2025-05-02 11:29:51,index,46.2980000972748,214,TheEmptinessMachine,CUBIC,L2A,HTTP/1.1
2025-05-02 11:29:53,index,48.2980000972748,214,TheEmptinessMachine,CUBIC,L2A,HTTP/1.1
2025-05-02 11:29:55,index,50.2980000972748,214,TheEmptinessMachine,CUBIC,L2A,HTTP/1.1
2025-05-02 11:29:57,index,52.2990000247955,214,TheEmptinessMachine,CUBIC,L2A,HTTP/1.1
2025-05-02 11:29:59,index,54.2980000972748,214,TheEmptinessMachine,CUBIC,L2A,HTTP/1.1
2025-05-02 11:30:01,index,56.2980000972748,214,TheEmptinessMachine,CUBIC,L2A,HTTP/1.1
2025-05-02 11:30:03,index,58.2980000972748,214,TheEmptinessMachine,CUBIC,L2A,HTTP/1.1
2025-05-02 11:30:05,index,60.2980000972748,732,TheEmptinessMachine,CUBIC,L2A,HTTP/1.1
2025-05-02 11:30:07,index,62.2980000972748,732,TheEmptinessMachine,CUBIC,L2A,HTTP/1.1
2025-05-02 11:30:09,index,64.2980000972748,732,TheEmptinessMachine,CUBIC,L2A,HTTP/1.1
2025-05-02 11:30:11,index,66.2990000247955,732,TheEmptinessMachine,CUBIC,L2A,HTTP/1.1
2025-05-02 11:30:13,index,68.2980000972748,635,TheEmptinessMachine,CUBIC,L2A,HTTP/1.1
2025-05-02 11:30:17,index,72.2980000972748,214,TheEmptinessMachine,CUBIC,L2A,HTTP/1.1
2025-05-02 11:30:19,index,74.2980000972748,635,TheEmptinessMachine,CUBIC,L2A,HTTP/1.1
2025-05-02 11:30:21,index,76.2980000972748,330,TheEmptinessMachine,CUBIC,L2A,HTTP/1.1
2025-05-02 11:30:23,index,78.2980000972748,635,TheEmptinessMachine,CUBIC,L2A,HTTP/1.1
2025-05-02 11:30:25,index,80.2980000972748,330,TheEmptinessMachine,CUBIC,L2A,HTTP/1.1
2025-05-02 11:30:27,index,82.2980000972748,330,TheEmptinessMachine,CUBIC,L2A,HTTP/1.1
2025-05-02 11:30:29,index,84.2980000972748,330,TheEmptinessMachine,CUBIC,L2A,HTTP/1.1
2025-05-02 11:30:31,index,86.2980000972748,330,TheEmptinessMachine,CUBIC,L2A,HTTP/1.1
2025-05-02 11:30:33,index,88.2980000972748,330,TheEmptinessMachine,CUBIC,L2A,HTTP/1.1
2025-05-02 11:30:35,index,90.2980000972748,330,TheEmptinessMachine,CUBIC,L2A,HTTP/1.1
2025-05-02 11:30:37,index,92.2980000972748,330,TheEmptinessMachine,CUBIC,L2A,HTTP/1.1
2025-05-02 11:30:39,index,94.2980000972748,635,TheEmptinessMachine,CUBIC,L2A,HTTP/1.1
2025-05-02 11:30:41,index,96.2980000972748,732,TheEmptinessMachine,CUBIC,L2A,HTTP/1.1
2025-05-02 11:30:45,index,100.298000097275,635,TheEmptinessMachine,CUBIC,L2A,HTTP/1.1
2025-05-02 11:30:47,index,102.298000097275,635,TheEmptinessMachine,CUBIC,L2A,HTTP/1.1
2025-05-02 11:30:49,index,104.298000097275,330,TheEmptinessMachine,CUBIC,L2A,HTTP/1.1
2025-05-02 11:30:51,index,106.298000097275,635,TheEmptinessMachine,CUBIC,L2A,HTTP/1.1
2025-05-02 11:30:53,index,108.298000097275,635,TheEmptinessMachine,CUBIC,L2A,HTTP/1.1
2025-05-02 11:30:55,index,110.298000097275,330,TheEmptinessMachine,CUBIC,L2A,HTTP/1.1
2025-05-02 11:30:57,index,112.298000097275,330,TheEmptinessMachine,CUBIC,L2A,HTTP/1.1
2025-05-02 11:30:59,index,114.298000097275,330,TheEmptinessMachine,CUBIC,L2A,HTTP/1.1
2025-05-02 11:31:01,index,116.298000097275,330,TheEmptinessMachine,CUBIC,L2A,HTTP/1.1
2025-05-02 11:31:03,index,118.298000097275,330,TheEmptinessMachine,CUBIC,L2A,HTTP/1.1
2025-05-02 11:31:05,index,120.298000097275,330,TheEmptinessMachine,CUBIC,L2A,HTTP/1.1
2025-05-02 11:31:07,index,122.298000097275,330,TheEmptinessMachine,CUBIC,L2A,HTTP/1.1
2025-05-02 11:31:09,index,124.298000097275,330,TheEmptinessMachine,CUBIC,L2A,HTTP/1.1
2025-05-02 11:31:11,index,126.298000097275,732,TheEmptinessMachine,CUBIC,L2A,HTTP/1.1
2025-05-02 11:31:13,index,128.298000097275,732,TheEmptinessMachine,CUBIC,L2A,HTTP/1.1
2025-05-02 11:31:15,index,130.298000097275,732,TheEmptinessMachine,CUBIC,L2A,HTTP/1.1
2025-05-02 11:31:17,index,132.298000097275,732,TheEmptinessMachine,CUBIC,L2A,HTTP/1.1
2025-05-02 11:31:21,index,136.298000097275,330,TheEmptinessMachine,CUBIC,L2A,HTTP/1.1
2025-05-02 11:31:23,index,138.298000097275,635,TheEmptinessMachine,CUBIC,L2A,HTTP/1.1
2025-05-02 11:31:25,index,140.298000097275,330,TheEmptinessMachine,CUBIC,L2A,HTTP/1.1
2025-05-02 11:31:27,index,142.298000097275,330,TheEmptinessMachine,CUBIC,L2A,HTTP/1.1
2025-05-02 11:31:29,index,144.298000097275,330,TheEmptinessMachine,CUBIC,L2A,HTTP/1.1
2025-05-02 11:31:31,index,146.298000097275,330,TheEmptinessMachine,CUBIC,L2A,HTTP/1.1
2025-05-02 11:31:33,index,148.298000097275,330,TheEmptinessMachine,CUBIC,L2A,HTTP/1.1
2025-05-02 11:31:35,index,150.298000097275,330,TheEmptinessMachine,CUBIC,L2A,HTTP/1.1
2025-05-02 11:31:37,index,152.298000097275,330,TheEmptinessMachine,CUBIC,L2A,HTTP/1.1
2025-05-02 11:31:39,index,154.298000097275,330,TheEmptinessMachine,CUBIC,L2A,HTTP/1.1
2025-05-02 11:31:41,index,156.298000097275,635,TheEmptinessMachine,CUBIC,L2A,HTTP/1.1
2025-05-02 11:31:43,index,158.298000097275,635,TheEmptinessMachine,CUBIC,L2A,HTTP/1.1
2025-05-02 11:31:45,index,160.298000097275,330,TheEmptinessMachine,CUBIC,L2A,HTTP/1.1
2025-05-02 11:31:47,index,162.298000097275,330,TheEmptinessMachine,CUBIC,L2A,HTTP/1.1
2025-05-02 11:31:49,index,164.298000097275,330,TheEmptinessMachine,CUBIC,L2A,HTTP/1.1
2025-05-02 11:31:51,index,166.298000097275,330,TheEmptinessMachine,CUBIC,L2A,HTTP/1.1
2025-05-02 11:31:55,index,170.298000097275,330,TheEmptinessMachine,CUBIC,L2A,HTTP/1.1
2025-05-02 11:31:57,index,172.298000097275,1106,TheEmptinessMachine,CUBIC,L2A,HTTP/1.1
2025-05-02 11:31:59,index,174.298000097275,1106,TheEmptinessMachine,CUBIC,L2A,HTTP/1.1
2025-05-02 11:32:01,index,176.298000097275,732,TheEmptinessMachine,CUBIC,L2A,HTTP/1.1
2025-05-02 11:32:03,index,178.299000024796,732,TheEmptinessMachine,CUBIC,L2A,HTTP/1.1
2025-05-02 11:32:05,index,180.298000097275,980,TheEmptinessMachine,CUBIC,L2A,HTTP/1.1
2025-05-02 11:32:07,index,182.298000097275,980,TheEmptinessMachine,CUBIC,L2A,HTTP/1.1
2025-05-02 11:32:09,index,184.298000097275,674,TheEmptinessMachine,CUBIC,L2A,HTTP/1.1
2025-05-02 11:32:11,index,186.298000097275,330,TheEmptinessMachine,CUBIC,L2A,HTTP/1.1
2025-05-02 11:32:13,index,188.298000097275,330,TheEmptinessMachine,CUBIC,L2A,HTTP/1.1
2025-05-02 11:32:15,index,190.298000097275,732,TheEmptinessMachine,CUBIC,L2A,HTTP/1.1
2025-05-02 11:32:17,index,192.298000097275,732,TheEmptinessMachine,CUBIC,L2A,HTTP/1.1
2025-05-02 11:32:19,index,194.298000097275,674,TheEmptinessMachine,CUBIC,L2A,HTTP/1.1
2025-05-02 11:32:21,index,196.298000097275,674,TheEmptinessMachine,CUBIC,L2A,HTTP/1.1
2025-05-02 11:32:23,index,198.298000097275,674,TheEmptinessMachine,CUBIC,L2A,HTTP/1.1
2025-05-02 11:32:25,index,200.298000097275,674,TheEmptinessMachine,CUBIC,L2A,HTTP/1.1
2025-05-02 11:32:27,index,202.298000097275,674,TheEmptinessMachine,CUBIC,L2A,HTTP/1.1
2025-05-02 11:32:29,index,204.298000097275,330,TheEmptinessMachine,CUBIC,L2A,HTTP/1.1
2025-05-02 11:32:31,index,206.298000097275,330,TheEmptinessMachine,CUBIC,L2A,HTTP/1.1
2025-05-02 11:33:12,index,8.11199998855591,1226,TheEmptinessMachine,CUBIC,L2A,HTTP/2
2025-05-02 11:33:14,index,10.1119999885559,1226,TheEmptinessMachine,CUBIC,L2A,HTTP/2
2025-05-02 11:33:16,index,12.1119999885559,1226,TheEmptinessMachine,CUBIC,L2A,HTTP/2
2025-05-02 11:33:18,index,14.1110000610352,1499,TheEmptinessMachine,CUBIC,L2A,HTTP/2
2025-05-02 11:33:20,index,16.1119999885559,1499,TheEmptinessMachine,CUBIC,L2A,HTTP/2
2025-05-02 11:33:36,index,32.1110000610352,330,TheEmptinessMachine,CUBIC,L2A,HTTP/2
2025-05-02 11:33:38,index,34.1119999885559,330,TheEmptinessMachine,CUBIC,L2A,HTTP/2
2025-05-02 11:33:40,index,36.1119999885559,330,TheEmptinessMachine,CUBIC,L2A,HTTP/2
2025-05-02 11:33:42,index,38.1119999885559,330,TheEmptinessMachine,CUBIC,L2A,HTTP/2
2025-05-02 11:33:46,index,42.1110000610352,320,TheEmptinessMachine,CUBIC,L2A,HTTP/2
2025-05-02 11:33:48,index,44.1119999885559,320,TheEmptinessMachine,CUBIC,L2A,HTTP/2
2025-05-02 11:33:50,index,46.1119999885559,320,TheEmptinessMachine,CUBIC,L2A,HTTP/2
2025-05-02 11:33:52,index,48.1119999885559,320,TheEmptinessMachine,CUBIC,L2A,HTTP/2
2025-05-02 11:33:54,index,50.1119999885559,320,TheEmptinessMachine,CUBIC,L2A,HTTP/2
2025-05-02 11:33:56,index,52.1119999885559,320,TheEmptinessMachine,CUBIC,L2A,HTTP/2
2025-05-02 11:33:58,index,54.1110000610352,320,TheEmptinessMachine,CUBIC,L2A,HTTP/2
2025-05-02 11:34:00,index,56.1110000610352,320,TheEmptinessMachine,CUBIC,L2A,HTTP/2
2025-05-02 11:34:02,index,58.1110000610352,320,TheEmptinessMachine,CUBIC,L2A,HTTP/2
2025-05-02 11:34:04,index,60.1119999885559,320,TheEmptinessMachine,CUBIC,L2A,HTTP/2
2025-05-02 11:34:06,index,62.1119999885559,320,TheEmptinessMachine,CUBIC,L2A,HTTP/2
2025-05-02 11:34:08,index,64.1119999885559,320,TheEmptinessMachine,CUBIC,L2A,HTTP/2
2025-05-02 11:34:10,index,66.1119999885559,330,TheEmptinessMachine,CUBIC,L2A,HTTP/2
2025-05-02 11:34:12,index,68.1119999885559,330,TheEmptinessMachine,CUBIC,L2A,HTTP/2
2025-05-02 11:34:14,index,70.1119999885559,330,TheEmptinessMachine,CUBIC,L2A,HTTP/2
2025-05-02 11:34:16,index,72.1119999885559,84,TheEmptinessMachine,CUBIC,L2A,HTTP/2
2025-05-02 11:34:18,index,74.1119999885559,214,TheEmptinessMachine,CUBIC,L2A,HTTP/2
2025-05-02 11:34:20,index,76.1119999885559,320,TheEmptinessMachine,CUBIC,L2A,HTTP/2
2025-05-02 11:34:22,index,78.1110000610352,84,TheEmptinessMachine,CUBIC,L2A,HTTP/2
2025-05-02 11:34:24,index,80.1119999885559,320,TheEmptinessMachine,CUBIC,L2A,HTTP/2
2025-05-02 11:34:28,index,84.1119999885559,76,TheEmptinessMachine,CUBIC,L2A,HTTP/2
2025-05-02 11:34:30,index,86.1119999885559,214,TheEmptinessMachine,CUBIC,L2A,HTTP/2
2025-05-02 11:34:32,index,88.1119999885559,84,TheEmptinessMachine,CUBIC,L2A,HTTP/2
2025-05-02 11:34:34,index,90.1119999885559,214,TheEmptinessMachine,CUBIC,L2A,HTTP/2
2025-05-02 11:34:36,index,92.1119999885559,169,TheEmptinessMachine,CUBIC,L2A,HTTP/2
2025-05-02 11:34:38,index,94.1110000610352,169,TheEmptinessMachine,CUBIC,L2A,HTTP/2
2025-05-02 11:34:40,index,96.1119999885559,169,TheEmptinessMachine,CUBIC,L2A,HTTP/2
2025-05-02 11:34:42,index,98.1110000610352,169,TheEmptinessMachine,CUBIC,L2A,HTTP/2
2025-05-02 11:34:44,index,100.111999988556,169,TheEmptinessMachine,CUBIC,L2A,HTTP/2
2025-05-02 11:34:46,index,102.111999988556,169,TheEmptinessMachine,CUBIC,L2A,HTTP/2
2025-05-02 11:34:48,index,104.111999988556,169,TheEmptinessMachine,CUBIC,L2A,HTTP/2
2025-05-02 11:34:50,index,106.111000061035,169,TheEmptinessMachine,CUBIC,L2A,HTTP/2
2025-05-02 11:34:54,index,110.111999988556,330,TheEmptinessMachine,CUBIC,L2A,HTTP/2
2025-05-02 11:34:56,index,112.111000061035,635,TheEmptinessMachine,CUBIC,L2A,HTTP/2
2025-05-02 11:34:58,index,114.111000061035,635,TheEmptinessMachine,CUBIC,L2A,HTTP/2
2025-05-02 11:35:00,index,116.111999988556,330,TheEmptinessMachine,CUBIC,L2A,HTTP/2
2025-05-02 11:35:02,index,118.111999988556,330,TheEmptinessMachine,CUBIC,L2A,HTTP/2
2025-05-02 11:35:04,index,120.111999988556,330,TheEmptinessMachine,CUBIC,L2A,HTTP/2
2025-05-02 11:35:06,index,122.111000061035,330,TheEmptinessMachine,CUBIC,L2A,HTTP/2
2025-05-02 11:35:08,index,124.111999988556,330,TheEmptinessMachine,CUBIC,L2A,HTTP/2
2025-05-02 11:35:10,index,126.111999988556,330,TheEmptinessMachine,CUBIC,L2A,HTTP/2
2025-05-02 11:35:12,index,128.111000061035,330,TheEmptinessMachine,CUBIC,L2A,HTTP/2
2025-05-02 11:35:14,index,130.111999988556,330,TheEmptinessMachine,CUBIC,L2A,HTTP/2
2025-05-02 11:35:16,index,132.111999988556,330,TheEmptinessMachine,CUBIC,L2A,HTTP/2
2025-05-02 11:35:18,index,134.111999988556,214,TheEmptinessMachine,CUBIC,L2A,HTTP/2
2025-05-02 11:35:20,index,136.111000061035,320,TheEmptinessMachine,CUBIC,L2A,HTTP/2
2025-05-02 11:35:22,index,138.111999988556,320,TheEmptinessMachine,CUBIC,L2A,HTTP/2
2025-05-02 11:35:24,index,140.111999988556,320,TheEmptinessMachine,CUBIC,L2A,HTTP/2
2025-05-02 11:35:30,index,146.111999988556,320,TheEmptinessMachine,CUBIC,L2A,HTTP/2
2025-05-02 11:35:32,index,148.111000061035,320,TheEmptinessMachine,CUBIC,L2A,HTTP/2
2025-05-02 11:35:34,index,150.111999988556,320,TheEmptinessMachine,CUBIC,L2A,HTTP/2
2025-05-02 11:35:36,index,152.111999988556,320,TheEmptinessMachine,CUBIC,L2A,HTTP/2
2025-05-02 11:35:38,index,154.111000061035,320,TheEmptinessMachine,CUBIC,L2A,HTTP/2
2025-05-02 11:35:40,index,156.111000061035,330,TheEmptinessMachine,CUBIC,L2A,HTTP/2
2025-05-02 11:35:42,index,158.111999988556,732,TheEmptinessMachine,CUBIC,L2A,HTTP/2
2025-05-02 11:35:46,index,162.111999988556,330,TheEmptinessMachine,CUBIC,L2A,HTTP/2
2025-05-02 11:35:48,index,164.111000061035,635,TheEmptinessMachine,CUBIC,L2A,HTTP/2
2025-05-02 11:35:50,index,166.111999988556,330,TheEmptinessMachine,CUBIC,L2A,HTTP/2
2025-05-02 11:35:52,index,168.111000061035,330,TheEmptinessMachine,CUBIC,L2A,HTTP/2
2025-05-02 11:35:56,index,172.111999988556,330,TheEmptinessMachine,CUBIC,L2A,HTTP/2
2025-05-02 11:35:58,index,174.111999988556,330,TheEmptinessMachine,CUBIC,L2A,HTTP/2
2025-05-02 11:36:00,index,176.111999988556,330,TheEmptinessMachine,CUBIC,L2A,HTTP/2
2025-05-02 11:36:02,index,178.111999988556,635,TheEmptinessMachine,CUBIC,L2A,HTTP/2
2025-05-02 11:36:04,index,180.111999988556,635,TheEmptinessMachine,CUBIC,L2A,HTTP/2
2025-05-02 11:36:06,index,182.111999988556,214,TheEmptinessMachine,CUBIC,L2A,HTTP/2
2025-05-02 11:36:08,index,184.111999988556,214,TheEmptinessMachine,CUBIC,L2A,HTTP/2
2025-05-02 11:36:10,index,186.111000061035,330,TheEmptinessMachine,CUBIC,L2A,HTTP/2
2025-05-02 11:36:12,index,188.111999988556,214,TheEmptinessMachine,CUBIC,L2A,HTTP/2
2025-05-02 11:36:14,index,190.111999988556,330,TheEmptinessMachine,CUBIC,L2A,HTTP/2
2025-05-02 11:36:16,index,192.111999988556,330,TheEmptinessMachine,CUBIC,L2A,HTTP/2
2025-05-02 11:36:18,index,194.111999988556,330,TheEmptinessMachine,CUBIC,L2A,HTTP/2
2025-05-02 11:36:20,index,196.111999988556,320,TheEmptinessMachine,CUBIC,L2A,HTTP/2
2025-05-02 11:36:22,index,198.111000061035,320,TheEmptinessMachine,CUBIC,L2A,HTTP/2
2025-05-02 11:36:24,index,200.111999988556,320,TheEmptinessMachine,CUBIC,L2A,HTTP/2
2025-05-02 11:36:26,index,202.111000061035,320,TheEmptinessMachine,CUBIC,L2A,HTTP/2
2025-05-02 11:36:28,index,204.111999988556,320,TheEmptinessMachine,CUBIC,L2A,HTTP/2
2025-05-02 11:36:30,index,206.111999988556,214,TheEmptinessMachine,CUBIC,L2A,HTTP/2
2025-05-02 11:36:32,index,208.111999988556,320,TheEmptinessMachine,CUBIC,L2A,HTTP/2
2025-05-02 11:36:34,index,210.111999988556,320,TheEmptinessMachine,CUBIC,L2A,HTTP/2
2025-05-02 11:36:36,index,212.111000061035,320,TheEmptinessMachine,CUBIC,L2A,HTTP/2
2025-05-02 11:37:07,index,4.09899997711182,1106,TheEmptinessMachine,CUBIC,L2A,HTTP/3
2025-05-02 11:37:09,index,6.09899997711182,214,TheEmptinessMachine,CUBIC,L2A,HTTP/3
2025-05-02 11:37:11,index,8.09899997711182,674,TheEmptinessMachine,CUBIC,L2A,HTTP/3
2025-05-02 11:37:13,index,10.0989999771118,674,TheEmptinessMachine,CUBIC,L2A,HTTP/3
2025-05-02 11:37:15,index,12.0980000495911,674,TheEmptinessMachine,CUBIC,L2A,HTTP/3
2025-05-02 11:37:19,index,16.0989999771118,214,TheEmptinessMachine,CUBIC,L2A,HTTP/3
2025-05-02 11:37:29,index,26.0989999771118,72,TheEmptinessMachine,CUBIC,L2A,HTTP/3
2025-05-02 11:37:31,index,28.0989999771118,72,TheEmptinessMachine,CUBIC,L2A,HTTP/3
2025-05-02 11:37:33,index,30.0989999771118,84,TheEmptinessMachine,CUBIC,L2A,HTTP/3
2025-05-02 11:37:35,index,32.0989999771118,81,TheEmptinessMachine,CUBIC,L2A,HTTP/3
2025-05-02 11:37:37,index,34.0989999771118,81,TheEmptinessMachine,CUBIC,L2A,HTTP/3
2025-05-02 11:37:39,index,36.0989999771118,81,TheEmptinessMachine,CUBIC,L2A,HTTP/3
2025-05-02 11:37:41,index,38.0980000495911,81,TheEmptinessMachine,CUBIC,L2A,HTTP/3
2025-05-02 11:37:45,index,42.0989999771118,81,TheEmptinessMachine,CUBIC,L2A,HTTP/3
2025-05-02 11:37:47,index,44.0999999046326,81,TheEmptinessMachine,CUBIC,L2A,HTTP/3
2025-05-02 11:37:49,index,46.0989999771118,732,TheEmptinessMachine,CUBIC,L2A,HTTP/3
2025-05-02 11:37:51,index,48.0989999771118,214,TheEmptinessMachine,CUBIC,L2A,HTTP/3
2025-05-02 11:37:53,index,50.0989999771118,214,TheEmptinessMachine,CUBIC,L2A,HTTP/3
2025-05-02 11:37:55,index,52.0989999771118,214,TheEmptinessMachine,CUBIC,L2A,HTTP/3
2025-05-02 11:37:57,index,54.0989999771118,214,TheEmptinessMachine,CUBIC,L2A,HTTP/3
2025-05-02 11:37:59,index,56.0989999771118,214,TheEmptinessMachine,CUBIC,L2A,HTTP/3
2025-05-02 11:38:01,index,58.0989999771118,214,TheEmptinessMachine,CUBIC,L2A,HTTP/3
2025-05-02 11:38:03,index,60.0989999771118,330,TheEmptinessMachine,CUBIC,L2A,HTTP/3
2025-05-02 11:38:05,index,62.0989999771118,84,TheEmptinessMachine,CUBIC,L2A,HTTP/3
2025-05-02 11:38:07,index,64.0989999771118,214,TheEmptinessMachine,CUBIC,L2A,HTTP/3
2025-05-02 11:38:09,index,66.0989999771118,214,TheEmptinessMachine,CUBIC,L2A,HTTP/3
2025-05-02 11:38:13,index,70.0989999771118,320,TheEmptinessMachine,CUBIC,L2A,HTTP/3
2025-05-02 11:38:15,index,72.0989999771118,320,TheEmptinessMachine,CUBIC,L2A,HTTP/3
2025-05-02 11:38:17,index,74.0989999771118,214,TheEmptinessMachine,CUBIC,L2A,HTTP/3
2025-05-02 11:38:21,index,78.0989999771118,214,TheEmptinessMachine,CUBIC,L2A,HTTP/3
2025-05-02 11:38:25,index,82.0989999771118,84,TheEmptinessMachine,CUBIC,L2A,HTTP/3
2025-05-02 11:38:27,index,84.0989999771118,214,TheEmptinessMachine,CUBIC,L2A,HTTP/3
2025-05-02 11:38:29,index,86.0989999771118,72,TheEmptinessMachine,CUBIC,L2A,HTTP/3
2025-05-02 11:38:35,index,92.0989999771118,84,TheEmptinessMachine,CUBIC,L2A,HTTP/3
2025-05-02 11:38:37,index,94.0989999771118,169,TheEmptinessMachine,CUBIC,L2A,HTTP/3
2025-05-02 11:38:39,index,96.0989999771118,84,TheEmptinessMachine,CUBIC,L2A,HTTP/3
2025-05-02 11:38:41,index,98.0989999771118,166,TheEmptinessMachine,CUBIC,L2A,HTTP/3
2025-05-02 11:38:43,index,100.098999977112,166,TheEmptinessMachine,CUBIC,L2A,HTTP/3
2025-05-02 11:38:47,index,104.098999977112,166,TheEmptinessMachine,CUBIC,L2A,HTTP/3
2025-05-02 11:38:49,index,106.098999977112,72,TheEmptinessMachine,CUBIC,L2A,HTTP/3
2025-05-02 11:38:51,index,108.098999977112,166,TheEmptinessMachine,CUBIC,L2A,HTTP/3
2025-05-02 11:38:53,index,110.098999977112,166,TheEmptinessMachine,CUBIC,L2A,HTTP/3
2025-05-02 11:38:55,index,112.098999977112,166,TheEmptinessMachine,CUBIC,L2A,HTTP/3
2025-05-02 11:38:57,index,114.098999977112,166,TheEmptinessMachine,CUBIC,L2A,HTTP/3
2025-05-02 11:38:59,index,116.098999977112,84,TheEmptinessMachine,CUBIC,L2A,HTTP/3
2025-05-02 11:39:01,index,118.098000049591,84,TheEmptinessMachine,CUBIC,L2A,HTTP/3
2025-05-02 11:39:03,index,120.098999977112,84,TheEmptinessMachine,CUBIC,L2A,HTTP/3
2025-05-02 11:39:05,index,122.098999977112,84,TheEmptinessMachine,CUBIC,L2A,HTTP/3
2025-05-02 11:39:07,index,124.098999977112,84,TheEmptinessMachine,CUBIC,L2A,HTTP/3
2025-05-02 11:39:09,index,126.099999904633,84,TheEmptinessMachine,CUBIC,L2A,HTTP/3
2025-05-02 11:39:11,index,128.098999977112,84,TheEmptinessMachine,CUBIC,L2A,HTTP/3
2025-05-02 11:39:13,index,130.098999977112,84,TheEmptinessMachine,CUBIC,L2A,HTTP/3
2025-05-02 11:39:15,index,132.098999977112,84,TheEmptinessMachine,CUBIC,L2A,HTTP/3
2025-05-02 11:39:17,index,134.098999977112,84,TheEmptinessMachine,CUBIC,L2A,HTTP/3
2025-05-02 11:39:19,index,136.098999977112,84,TheEmptinessMachine,CUBIC,L2A,HTTP/3
2025-05-02 11:39:23,index,140.098999977112,330,TheEmptinessMachine,CUBIC,L2A,HTTP/3
2025-05-02 11:39:25,index,142.098999977112,72,TheEmptinessMachine,CUBIC,L2A,HTTP/3
2025-05-02 11:39:27,index,144.098999977112,72,TheEmptinessMachine,CUBIC,L2A,HTTP/3
2025-05-02 11:39:29,index,146.098999977112,72,TheEmptinessMachine,CUBIC,L2A,HTTP/3
2025-05-02 11:39:31,index,148.098999977112,72,TheEmptinessMachine,CUBIC,L2A,HTTP/3
2025-05-02 11:39:33,index,150.098999977112,72,TheEmptinessMachine,CUBIC,L2A,HTTP/3
2025-05-02 11:39:35,index,152.098999977112,84,TheEmptinessMachine,CUBIC,L2A,HTTP/3
2025-05-02 11:39:37,index,154.098000049591,84,TheEmptinessMachine,CUBIC,L2A,HTTP/3
2025-05-02 11:39:39,index,156.099999904633,330,TheEmptinessMachine,CUBIC,L2A,HTTP/3
2025-05-02 11:39:41,index,158.098999977112,330,TheEmptinessMachine,CUBIC,L2A,HTTP/3
2025-05-02 11:39:43,index,160.098999977112,330,TheEmptinessMachine,CUBIC,L2A,HTTP/3
2025-05-02 11:39:45,index,162.098999977112,84,TheEmptinessMachine,CUBIC,L2A,HTTP/3
2025-05-02 11:39:47,index,164.098999977112,84,TheEmptinessMachine,CUBIC,L2A,HTTP/3
2025-05-02 11:39:49,index,166.098999977112,84,TheEmptinessMachine,CUBIC,L2A,HTTP/3
2025-05-02 11:39:51,index,168.098999977112,84,TheEmptinessMachine,CUBIC,L2A,HTTP/3
2025-05-02 11:39:53,index,170.098999977112,84,TheEmptinessMachine,CUBIC,L2A,HTTP/3
2025-05-02 11:39:55,index,172.098999977112,84,TheEmptinessMachine,CUBIC,L2A,HTTP/3
2025-05-02 11:39:57,index,174.098999977112,330,TheEmptinessMachine,CUBIC,L2A,HTTP/3
2025-05-02 11:39:59,index,176.098000049591,330,TheEmptinessMachine,CUBIC,L2A,HTTP/3
2025-05-02 11:40:01,index,178.098999977112,84,TheEmptinessMachine,CUBIC,L2A,HTTP/3
2025-05-02 11:40:03,index,180.098999977112,84,TheEmptinessMachine,CUBIC,L2A,HTTP/3
2025-05-02 11:40:05,index,182.098999977112,84,TheEmptinessMachine,CUBIC,L2A,HTTP/3
2025-05-02 11:40:07,index,184.098999977112,84,TheEmptinessMachine,CUBIC,L2A,HTTP/3
2025-05-02 11:40:09,index,186.098999977112,84,TheEmptinessMachine,CUBIC,L2A,HTTP/3
2025-05-02 11:40:11,index,188.098999977112,330,TheEmptinessMachine,CUBIC,L2A,HTTP/3
2025-05-02 11:40:13,index,190.099999904633,330,TheEmptinessMachine,CUBIC,L2A,HTTP/3
2025-05-02 11:40:15,index,192.098999977112,330,TheEmptinessMachine,CUBIC,L2A,HTTP/3
2025-05-02 11:40:17,index,194.098999977112,169,TheEmptinessMachine,CUBIC,L2A,HTTP/3
2025-05-02 11:40:19,index,196.098999977112,169,TheEmptinessMachine,CUBIC,L2A,HTTP/3
2025-05-02 11:40:21,index,198.098999977112,169,TheEmptinessMachine,CUBIC,L2A,HTTP/3
2025-05-02 11:40:23,index,200.098999977112,169,TheEmptinessMachine,CUBIC,L2A,HTTP/3
2025-05-02 11:40:25,index,202.098999977112,169,TheEmptinessMachine,CUBIC,L2A,HTTP/3
2025-05-02 11:40:27,index,204.098999977112,169,TheEmptinessMachine,CUBIC,L2A,HTTP/3
2025-05-02 11:40:29,index,206.098999977112,169,TheEmptinessMachine,CUBIC,L2A,HTTP/3
2025-05-02 11:40:31,index,208.098999977112,169,TheEmptinessMachine,CUBIC,L2A,HTTP/3
2025-05-02 11:40:33,index,210.098999977112,169,TheEmptinessMachine,CUBIC,L2A,HTTP/3
2025-05-02 11:40:35,index,212.098999977112,169,TheEmptinessMachine,CUBIC,L2A,HTTP/3
2025-05-02 11:41:08,index,4.30599999427795,1767,TheEmptinessMachine,CUBIC,RB,HTTP/1.1
2025-05-02 11:41:10,index,6.30599999427795,2974,TheEmptinessMachine,CUBIC,RB,HTTP/1.1
2025-05-02 11:41:12,index,8.3050000667572,2974,TheEmptinessMachine,CUBIC,RB,HTTP/1.1
2025-05-02 11:41:14,index,10.305999994278,1226,TheEmptinessMachine,CUBIC,RB,HTTP/1.1
2025-05-02 11:41:34,index,30.3050000667572,674,TheEmptinessMachine,CUBIC,RB,HTTP/1.1
2025-05-02 11:41:36,index,32.305999994278,72,TheEmptinessMachine,CUBIC,RB,HTTP/1.1
2025-05-02 11:41:38,index,34.3050000667572,674,TheEmptinessMachine,CUBIC,RB,HTTP/1.1
2025-05-02 11:41:40,index,36.305999994278,674,TheEmptinessMachine,CUBIC,RB,HTTP/1.1
2025-05-02 11:41:42,index,38.305999994278,330,TheEmptinessMachine,CUBIC,RB,HTTP/1.1
2025-05-02 11:41:44,index,40.305999994278,330,TheEmptinessMachine,CUBIC,RB,HTTP/1.1
2025-05-02 11:41:46,index,42.305999994278,330,TheEmptinessMachine,CUBIC,RB,HTTP/1.1
2025-05-02 11:41:48,index,44.305999994278,330,TheEmptinessMachine,CUBIC,RB,HTTP/1.1
2025-05-02 11:41:50,index,46.305999994278,72,TheEmptinessMachine,CUBIC,RB,HTTP/1.1
2025-05-02 11:41:52,index,48.305999994278,72,TheEmptinessMachine,CUBIC,RB,HTTP/1.1
2025-05-02 11:41:54,index,50.305999994278,330,TheEmptinessMachine,CUBIC,RB,HTTP/1.1
2025-05-02 11:41:56,index,52.305999994278,72,TheEmptinessMachine,CUBIC,RB,HTTP/1.1
2025-05-02 11:41:58,index,54.305999994278,72,TheEmptinessMachine,CUBIC,RB,HTTP/1.1
2025-05-02 11:42:00,index,56.305999994278,635,TheEmptinessMachine,CUBIC,RB,HTTP/1.1
2025-05-02 11:42:02,index,58.305999994278,330,TheEmptinessMachine,CUBIC,RB,HTTP/1.1
2025-05-02 11:42:04,index,60.305999994278,330,TheEmptinessMachine,CUBIC,RB,HTTP/1.1
2025-05-02 11:42:06,index,62.3050000667572,330,TheEmptinessMachine,CUBIC,RB,HTTP/1.1
2025-05-02 11:42:08,index,64.305999994278,330,TheEmptinessMachine,CUBIC,RB,HTTP/1.1
2025-05-02 11:42:10,index,66.305999994278,72,TheEmptinessMachine,CUBIC,RB,HTTP/1.1
2025-05-02 11:42:12,index,68.305999994278,330,TheEmptinessMachine,CUBIC,RB,HTTP/1.1
2025-05-02 11:42:14,index,70.305999994278,330,TheEmptinessMachine,CUBIC,RB,HTTP/1.1
2025-05-02 11:42:16,index,72.305999994278,330,TheEmptinessMachine,CUBIC,RB,HTTP/1.1
2025-05-02 11:42:18,index,74.305999994278,72,TheEmptinessMachine,CUBIC,RB,HTTP/1.1
2025-05-02 11:42:20,index,76.305999994278,72,TheEmptinessMachine,CUBIC,RB,HTTP/1.1
2025-05-02 11:42:22,index,78.305999994278,330,TheEmptinessMachine,CUBIC,RB,HTTP/1.1
2025-05-02 11:42:24,index,80.3050000667572,330,TheEmptinessMachine,CUBIC,RB,HTTP/1.1
2025-05-02 11:42:26,index,82.305999994278,330,TheEmptinessMachine,CUBIC,RB,HTTP/1.1
2025-05-02 11:42:28,index,84.305999994278,330,TheEmptinessMachine,CUBIC,RB,HTTP/1.1
2025-05-02 11:42:30,index,86.3050000667572,330,TheEmptinessMachine,CUBIC,RB,HTTP/1.1
2025-05-02 11:42:32,index,88.3050000667572,330,TheEmptinessMachine,CUBIC,RB,HTTP/1.1
2025-05-02 11:42:34,index,90.305999994278,72,TheEmptinessMachine,CUBIC,RB,HTTP/1.1
2025-05-02 11:42:36,index,92.305999994278,330,TheEmptinessMachine,CUBIC,RB,HTTP/1.1
2025-05-02 11:42:38,index,94.305999994278,330,TheEmptinessMachine,CUBIC,RB,HTTP/1.1
2025-05-02 11:42:40,index,96.305999994278,72,TheEmptinessMachine,CUBIC,RB,HTTP/1.1
2025-05-02 11:42:42,index,98.305999994278,72,TheEmptinessMachine,CUBIC,RB,HTTP/1.1
2025-05-02 11:42:44,index,100.305999994278,330,TheEmptinessMachine,CUBIC,RB,HTTP/1.1
2025-05-02 11:42:46,index,102.305999994278,330,TheEmptinessMachine,CUBIC,RB,HTTP/1.1
2025-05-02 11:42:48,index,104.305999994278,330,TheEmptinessMachine,CUBIC,RB,HTTP/1.1
2025-05-02 11:42:50,index,106.305999994278,330,TheEmptinessMachine,CUBIC,RB,HTTP/1.1
2025-05-02 11:42:52,index,108.305999994278,330,TheEmptinessMachine,CUBIC,RB,HTTP/1.1
2025-05-02 11:42:54,index,110.305999994278,330,TheEmptinessMachine,CUBIC,RB,HTTP/1.1
2025-05-02 11:42:56,index,112.305999994278,72,TheEmptinessMachine,CUBIC,RB,HTTP/1.1
2025-05-02 11:42:58,index,114.305999994278,72,TheEmptinessMachine,CUBIC,RB,HTTP/1.1
2025-05-02 11:43:00,index,116.305999994278,330,TheEmptinessMachine,CUBIC,RB,HTTP/1.1
2025-05-02 11:43:02,index,118.305000066757,72,TheEmptinessMachine,CUBIC,RB,HTTP/1.1
2025-05-02 11:43:04,index,120.305999994278,72,TheEmptinessMachine,CUBIC,RB,HTTP/1.1
2025-05-02 11:43:06,index,122.305999994278,674,TheEmptinessMachine,CUBIC,RB,HTTP/1.1
2025-05-02 11:43:08,index,124.305999994278,674,TheEmptinessMachine,CUBIC,RB,HTTP/1.1
2025-05-02 11:43:10,index,126.305999994278,635,TheEmptinessMachine,CUBIC,RB,HTTP/1.1
2025-05-02 11:43:12,index,128.305999994278,635,TheEmptinessMachine,CUBIC,RB,HTTP/1.1
2025-05-02 11:43:14,index,130.305999994278,635,TheEmptinessMachine,CUBIC,RB,HTTP/1.1
2025-05-02 11:43:16,index,132.305999994278,330,TheEmptinessMachine,CUBIC,RB,HTTP/1.1
2025-05-02 11:43:18,index,134.305999994278,330,TheEmptinessMachine,CUBIC,RB,HTTP/1.1
2025-05-02 11:43:20,index,136.305999994278,330,TheEmptinessMachine,CUBIC,RB,HTTP/1.1
2025-05-02 11:43:22,index,138.305999994278,330,TheEmptinessMachine,CUBIC,RB,HTTP/1.1
2025-05-02 11:43:24,index,140.305999994278,330,TheEmptinessMachine,CUBIC,RB,HTTP/1.1
2025-05-02 11:43:26,index,142.305999994278,72,TheEmptinessMachine,CUBIC,RB,HTTP/1.1
2025-05-02 11:43:28,index,144.305999994278,330,TheEmptinessMachine,CUBIC,RB,HTTP/1.1
2025-05-02 11:43:30,index,146.305999994278,635,TheEmptinessMachine,CUBIC,RB,HTTP/1.1
2025-05-02 11:43:32,index,148.305999994278,635,TheEmptinessMachine,CUBIC,RB,HTTP/1.1
2025-05-02 11:43:34,index,150.305999994278,674,TheEmptinessMachine,CUBIC,RB,HTTP/1.1
2025-05-02 11:43:36,index,152.305999994278,674,TheEmptinessMachine,CUBIC,RB,HTTP/1.1
2025-05-02 11:43:38,index,154.305999994278,635,TheEmptinessMachine,CUBIC,RB,HTTP/1.1
2025-05-02 11:43:40,index,156.305000066757,635,TheEmptinessMachine,CUBIC,RB,HTTP/1.1
2025-05-02 11:43:44,index,160.305999994278,72,TheEmptinessMachine,CUBIC,RB,HTTP/1.1
2025-05-02 11:43:46,index,162.305000066757,674,TheEmptinessMachine,CUBIC,RB,HTTP/1.1
2025-05-02 11:43:48,index,164.305999994278,674,TheEmptinessMachine,CUBIC,RB,HTTP/1.1
2025-05-02 11:43:50,index,166.305999994278,674,TheEmptinessMachine,CUBIC,RB,HTTP/1.1
2025-05-02 11:43:52,index,168.305999994278,674,TheEmptinessMachine,CUBIC,RB,HTTP/1.1
2025-05-02 11:43:54,index,170.305999994278,674,TheEmptinessMachine,CUBIC,RB,HTTP/1.1
2025-05-02 11:43:56,index,172.305999994278,674,TheEmptinessMachine,CUBIC,RB,HTTP/1.1
2025-05-02 11:43:58,index,174.305000066757,674,TheEmptinessMachine,CUBIC,RB,HTTP/1.1
2025-05-02 11:44:00,index,176.305999994278,72,TheEmptinessMachine,CUBIC,RB,HTTP/1.1
2025-05-02 11:44:02,index,178.305999994278,635,TheEmptinessMachine,CUBIC,RB,HTTP/1.1
2025-05-02 11:44:04,index,180.305999994278,635,TheEmptinessMachine,CUBIC,RB,HTTP/1.1
2025-05-02 11:44:06,index,182.305999994278,330,TheEmptinessMachine,CUBIC,RB,HTTP/1.1
2025-05-02 11:44:10,index,186.305999994278,330,TheEmptinessMachine,CUBIC,RB,HTTP/1.1
2025-05-02 11:44:12,index,188.305999994278,72,TheEmptinessMachine,CUBIC,RB,HTTP/1.1
2025-05-02 11:44:14,index,190.305999994278,330,TheEmptinessMachine,CUBIC,RB,HTTP/1.1
2025-05-02 11:44:16,index,192.305000066757,330,TheEmptinessMachine,CUBIC,RB,HTTP/1.1
2025-05-02 11:44:18,index,194.305999994278,330,TheEmptinessMachine,CUBIC,RB,HTTP/1.1
2025-05-02 11:44:20,index,196.305999994278,330,TheEmptinessMachine,CUBIC,RB,HTTP/1.1
2025-05-02 11:44:22,index,198.305999994278,330,TheEmptinessMachine,CUBIC,RB,HTTP/1.1
2025-05-02 11:44:24,index,200.305999994278,330,TheEmptinessMachine,CUBIC,RB,HTTP/1.1
2025-05-02 11:44:26,index,202.305999994278,72,TheEmptinessMachine,CUBIC,RB,HTTP/1.1
2025-05-02 11:44:28,index,204.308000087738,72,TheEmptinessMachine,CUBIC,RB,HTTP/1.1
2025-05-02 11:44:30,index,206.305999994278,72,TheEmptinessMachine,CUBIC,RB,HTTP/1.1
2025-05-02 11:44:32,index,208.305999994278,72,TheEmptinessMachine,CUBIC,RB,HTTP/1.1
2025-05-02 11:44:34,index,210.305999994278,72,TheEmptinessMachine,CUBIC,RB,HTTP/1.1
2025-05-02 11:44:36,index,212.305999994278,72,TheEmptinessMachine,CUBIC,RB,HTTP/1.1
2025-05-02 11:44:38,index,214.305999994278,72,TheEmptinessMachine,CUBIC,RB,HTTP/1.1
2025-05-02 11:44:40,index,216.305000066757,72,TheEmptinessMachine,CUBIC,RB,HTTP/1.1
2025-05-02 11:44:44,index,220.305000066757,72,TheEmptinessMachine,CUBIC,RB,HTTP/1.1
2025-05-02 11:45:09,index,4.10999989509583,3486,TheEmptinessMachine,CUBIC,RB,HTTP/2
2025-05-02 11:45:11,index,6.10999989509583,3486,TheEmptinessMachine,CUBIC,RB,HTTP/2
2025-05-02 11:45:47,index,42.1099998950958,330,TheEmptinessMachine,CUBIC,RB,HTTP/2
2025-05-02 11:45:49,index,44.1099998950958,72,TheEmptinessMachine,CUBIC,RB,HTTP/2
2025-05-02 11:45:51,index,46.1099998950958,330,TheEmptinessMachine,CUBIC,RB,HTTP/2
2025-05-02 11:45:53,index,48.1099998950958,330,TheEmptinessMachine,CUBIC,RB,HTTP/2
2025-05-02 11:45:55,index,50.1099998950958,635,TheEmptinessMachine,CUBIC,RB,HTTP/2
2025-05-02 11:45:57,index,52.1110000610352,674,TheEmptinessMachine,CUBIC,RB,HTTP/2
2025-05-02 11:45:59,index,54.1099998950958,674,TheEmptinessMachine,CUBIC,RB,HTTP/2
2025-05-02 11:46:01,index,56.1099998950958,674,TheEmptinessMachine,CUBIC,RB,HTTP/2
2025-05-02 11:46:09,index,64.1099998950958,674,TheEmptinessMachine,CUBIC,RB,HTTP/2
2025-05-02 11:46:11,index,66.1099998950958,674,TheEmptinessMachine,CUBIC,RB,HTTP/2
2025-05-02 11:46:13,index,68.1099998950958,72,TheEmptinessMachine,CUBIC,RB,HTTP/2
2025-05-02 11:46:15,index,70.1099998950958,330,TheEmptinessMachine,CUBIC,RB,HTTP/2
2025-05-02 11:46:17,index,72.1099998950958,72,TheEmptinessMachine,CUBIC,RB,HTTP/2
2025-05-02 11:46:19,index,74.1099998950958,330,TheEmptinessMachine,CUBIC,RB,HTTP/2
2025-05-02 11:46:21,index,76.1099998950958,72,TheEmptinessMachine,CUBIC,RB,HTTP/2
2025-05-02 11:46:23,index,78.1099998950958,72,TheEmptinessMachine,CUBIC,RB,HTTP/2
2025-05-02 11:46:25,index,80.1110000610352,330,TheEmptinessMachine,CUBIC,RB,HTTP/2
2025-05-02 11:46:27,index,82.1099998950958,330,TheEmptinessMachine,CUBIC,RB,HTTP/2
2025-05-02 11:46:29,index,84.1099998950958,330,TheEmptinessMachine,CUBIC,RB,HTTP/2
2025-05-02 11:46:33,index,88.1099998950958,72,TheEmptinessMachine,CUBIC,RB,HTTP/2
2025-05-02 11:46:35,index,90.1110000610352,330,TheEmptinessMachine,CUBIC,RB,HTTP/2
2025-05-02 11:46:37,index,92.1099998950958,72,TheEmptinessMachine,CUBIC,RB,HTTP/2
2025-05-02 11:46:39,index,94.1099998950958,330,TheEmptinessMachine,CUBIC,RB,HTTP/2
2025-05-02 11:46:41,index,96.1099998950958,330,TheEmptinessMachine,CUBIC,RB,HTTP/2
2025-05-02 11:46:43,index,98.1110000610352,72,TheEmptinessMachine,CUBIC,RB,HTTP/2
2025-05-02 11:46:45,index,100.109999895096,330,TheEmptinessMachine,CUBIC,RB,HTTP/2
2025-05-02 11:46:47,index,102.109999895096,330,TheEmptinessMachine,CUBIC,RB,HTTP/2
2025-05-02 11:46:49,index,104.109999895096,72,TheEmptinessMachine,CUBIC,RB,HTTP/2
2025-05-02 11:46:51,index,106.109999895096,330,TheEmptinessMachine,CUBIC,RB,HTTP/2
2025-05-02 11:46:53,index,108.111000061035,330,TheEmptinessMachine,CUBIC,RB,HTTP/2
2025-05-02 11:46:55,index,110.109999895096,72,TheEmptinessMachine,CUBIC,RB,HTTP/2
2025-05-02 11:46:57,index,112.109999895096,330,TheEmptinessMachine,CUBIC,RB,HTTP/2
2025-05-02 11:46:59,index,114.109999895096,330,TheEmptinessMachine,CUBIC,RB,HTTP/2
2025-05-02 11:47:01,index,116.109999895096,72,TheEmptinessMachine,CUBIC,RB,HTTP/2
2025-05-02 11:47:03,index,118.109999895096,330,TheEmptinessMachine,CUBIC,RB,HTTP/2
2025-05-02 11:47:05,index,120.109999895096,330,TheEmptinessMachine,CUBIC,RB,HTTP/2
2025-05-02 11:47:07,index,122.109999895096,330,TheEmptinessMachine,CUBIC,RB,HTTP/2
2025-05-02 11:47:09,index,124.109999895096,330,TheEmptinessMachine,CUBIC,RB,HTTP/2
2025-05-02 11:47:11,index,126.109999895096,72,TheEmptinessMachine,CUBIC,RB,HTTP/2
2025-05-02 11:47:13,index,128.111000061035,635,TheEmptinessMachine,CUBIC,RB,HTTP/2
2025-05-02 11:47:15,index,130.109999895096,72,TheEmptinessMachine,CUBIC,RB,HTTP/2
2025-05-02 11:47:17,index,132.109999895096,674,TheEmptinessMachine,CUBIC,RB,HTTP/2
2025-05-02 11:47:19,index,134.109999895096,674,TheEmptinessMachine,CUBIC,RB,HTTP/2
2025-05-02 11:47:33,index,148.109999895096,330,TheEmptinessMachine,CUBIC,RB,HTTP/2
2025-05-02 11:47:35,index,150.111000061035,330,TheEmptinessMachine,CUBIC,RB,HTTP/2
2025-05-02 11:47:37,index,152.109999895096,72,TheEmptinessMachine,CUBIC,RB,HTTP/2
2025-05-02 11:47:39,index,154.109999895096,635,TheEmptinessMachine,CUBIC,RB,HTTP/2
2025-05-02 11:47:41,index,156.109999895096,635,TheEmptinessMachine,CUBIC,RB,HTTP/2
2025-05-02 11:47:43,index,158.109999895096,330,TheEmptinessMachine,CUBIC,RB,HTTP/2
2025-05-02 11:47:45,index,160.109999895096,330,TheEmptinessMachine,CUBIC,RB,HTTP/2
2025-05-02 11:47:47,index,162.109999895096,635,TheEmptinessMachine,CUBIC,RB,HTTP/2
2025-05-02 11:47:49,index,164.109999895096,674,TheEmptinessMachine,CUBIC,RB,HTTP/2
2025-05-02 11:47:51,index,166.109999895096,674,TheEmptinessMachine,CUBIC,RB,HTTP/2
2025-05-02 11:47:53,index,168.109999895096,674,TheEmptinessMachine,CUBIC,RB,HTTP/2
2025-05-02 11:47:55,index,170.109999895096,674,TheEmptinessMachine,CUBIC,RB,HTTP/2
2025-05-02 11:47:57,index,172.109999895096,674,TheEmptinessMachine,CUBIC,RB,HTTP/2
2025-05-02 11:47:59,index,174.109999895096,674,TheEmptinessMachine,CUBIC,RB,HTTP/2
2025-05-02 11:48:01,index,176.111000061035,72,TheEmptinessMachine,CUBIC,RB,HTTP/2
2025-05-02 11:48:03,index,178.109999895096,674,TheEmptinessMachine,CUBIC,RB,HTTP/2
2025-05-02 11:48:05,index,180.111000061035,674,TheEmptinessMachine,CUBIC,RB,HTTP/2
2025-05-02 11:48:07,index,182.109999895096,72,TheEmptinessMachine,CUBIC,RB,HTTP/2
2025-05-02 11:48:09,index,184.109999895096,674,TheEmptinessMachine,CUBIC,RB,HTTP/2
2025-05-02 11:48:11,index,186.109999895096,674,TheEmptinessMachine,CUBIC,RB,HTTP/2
2025-05-02 11:48:13,index,188.109999895096,674,TheEmptinessMachine,CUBIC,RB,HTTP/2
2025-05-02 11:48:15,index,190.109999895096,635,TheEmptinessMachine,CUBIC,RB,HTTP/2
2025-05-02 11:48:17,index,192.109999895096,330,TheEmptinessMachine,CUBIC,RB,HTTP/2
2025-05-02 11:48:19,index,194.111000061035,330,TheEmptinessMachine,CUBIC,RB,HTTP/2
2025-05-02 11:48:21,index,196.111000061035,72,TheEmptinessMachine,CUBIC,RB,HTTP/2
2025-05-02 11:48:23,index,198.109999895096,635,TheEmptinessMachine,CUBIC,RB,HTTP/2
2025-05-02 11:48:25,index,200.109999895096,635,TheEmptinessMachine,CUBIC,RB,HTTP/2
2025-05-02 11:48:27,index,202.109999895096,72,TheEmptinessMachine,CUBIC,RB,HTTP/2
2025-05-02 11:48:29,index,204.111000061035,330,TheEmptinessMachine,CUBIC,RB,HTTP/2
2025-05-02 11:48:31,index,206.111000061035,330,TheEmptinessMachine,CUBIC,RB,HTTP/2
2025-05-02 11:48:33,index,208.111000061035,72,TheEmptinessMachine,CUBIC,RB,HTTP/2
2025-05-02 11:48:35,index,210.111000061035,72,TheEmptinessMachine,CUBIC,RB,HTTP/2
2025-05-02 11:48:37,index,212.109999895096,72,TheEmptinessMachine,CUBIC,RB,HTTP/2
2025-05-02 11:48:39,index,214.109999895096,214,TheEmptinessMachine,CUBIC,RB,HTTP/2
2025-05-02 11:48:41,index,216.109999895096,72,TheEmptinessMachine,CUBIC,RB,HTTP/2
2025-05-02 11:49:13,index,8.11399984359741,72,TheEmptinessMachine,CUBIC,RB,HTTP/3
2025-05-02 11:49:15,index,10.1109998226166,214,TheEmptinessMachine,CUBIC,RB,HTTP/3
2025-05-02 11:49:17,index,12.1109998226166,214,TheEmptinessMachine,CUBIC,RB,HTTP/3
2025-05-02 11:49:19,index,14.1119999885559,72,TheEmptinessMachine,CUBIC,RB,HTTP/3
2025-05-02 11:49:21,index,16.1119999885559,214,TheEmptinessMachine,CUBIC,RB,HTTP/3
2025-05-02 11:49:23,index,18.1109998226166,330,TheEmptinessMachine,CUBIC,RB,HTTP/3
2025-05-02 11:49:29,index,24.1109998226166,330,TheEmptinessMachine,CUBIC,RB,HTTP/3
2025-05-02 11:49:31,index,26.1109998226166,330,TheEmptinessMachine,CUBIC,RB,HTTP/3
2025-05-02 11:49:35,index,30.1109998226166,72,TheEmptinessMachine,CUBIC,RB,HTTP/3
2025-05-02 11:49:37,index,32.1109998226166,214,TheEmptinessMachine,CUBIC,RB,HTTP/3
2025-05-02 11:49:39,index,34.1109998226166,330,TheEmptinessMachine,CUBIC,RB,HTTP/3
2025-05-02 11:49:41,index,36.1119999885559,330,TheEmptinessMachine,CUBIC,RB,HTTP/3
2025-05-02 11:49:43,index,38.1119999885559,330,TheEmptinessMachine,CUBIC,RB,HTTP/3
2025-05-02 11:49:47,index,42.1119999885559,72,TheEmptinessMachine,CUBIC,RB,HTTP/3
2025-05-02 11:49:49,index,44.1109998226166,330,TheEmptinessMachine,CUBIC,RB,HTTP/3
2025-05-02 11:49:51,index,46.1119999885559,330,TheEmptinessMachine,CUBIC,RB,HTTP/3
2025-05-02 11:49:53,index,48.1119999885559,330,TheEmptinessMachine,CUBIC,RB,HTTP/3
2025-05-02 11:49:55,index,50.1119999885559,330,TheEmptinessMachine,CUBIC,RB,HTTP/3
2025-05-02 11:49:57,index,52.1109998226166,72,TheEmptinessMachine,CUBIC,RB,HTTP/3
2025-05-02 11:49:59,index,54.1119999885559,320,TheEmptinessMachine,CUBIC,RB,HTTP/3
2025-05-02 11:50:01,index,56.1119999885559,72,TheEmptinessMachine,CUBIC,RB,HTTP/3
2025-05-02 11:50:03,index,58.1119999885559,72,TheEmptinessMachine,CUBIC,RB,HTTP/3
2025-05-02 11:50:05,index,60.1119999885559,330,TheEmptinessMachine,CUBIC,RB,HTTP/3
2025-05-02 11:50:07,index,62.1109998226166,72,TheEmptinessMachine,CUBIC,RB,HTTP/3
2025-05-02 11:50:09,index,64.1109998226166,330,TheEmptinessMachine,CUBIC,RB,HTTP/3
2025-05-02 11:50:11,index,66.1119999885559,72,TheEmptinessMachine,CUBIC,RB,HTTP/3
2025-05-02 11:50:13,index,68.1119999885559,72,TheEmptinessMachine,CUBIC,RB,HTTP/3
2025-05-02 11:50:15,index,70.1119999885559,214,TheEmptinessMachine,CUBIC,RB,HTTP/3
2025-05-02 11:50:17,index,72.1119999885559,72,TheEmptinessMachine,CUBIC,RB,HTTP/3
2025-05-02 11:50:19,index,74.1119999885559,214,TheEmptinessMachine,CUBIC,RB,HTTP/3
2025-05-02 11:50:21,index,76.1119999885559,214,TheEmptinessMachine,CUBIC,RB,HTTP/3
2025-05-02 11:50:23,index,78.1109998226166,72,TheEmptinessMachine,CUBIC,RB,HTTP/3
2025-05-02 11:50:25,index,80.1119999885559,214,TheEmptinessMachine,CUBIC,RB,HTTP/3
2025-05-02 11:50:29,index,84.1119999885559,214,TheEmptinessMachine,CUBIC,RB,HTTP/3
2025-05-02 11:50:31,index,86.1109998226166,214,TheEmptinessMachine,CUBIC,RB,HTTP/3
2025-05-02 11:50:33,index,88.1109998226166,214,TheEmptinessMachine,CUBIC,RB,HTTP/3
2025-05-02 11:50:35,index,90.1119999885559,72,TheEmptinessMachine,CUBIC,RB,HTTP/3
2025-05-02 11:50:37,index,92.1109998226166,330,TheEmptinessMachine,CUBIC,RB,HTTP/3
2025-05-02 11:50:39,index,94.1109998226166,330,TheEmptinessMachine,CUBIC,RB,HTTP/3
2025-05-02 11:50:41,index,96.1119999885559,330,TheEmptinessMachine,CUBIC,RB,HTTP/3
2025-05-02 11:50:43,index,98.1109998226166,72,TheEmptinessMachine,CUBIC,RB,HTTP/3
2025-05-02 11:50:45,index,100.111999988556,214,TheEmptinessMachine,CUBIC,RB,HTTP/3
2025-05-02 11:50:47,index,102.111999988556,330,TheEmptinessMachine,CUBIC,RB,HTTP/3
2025-05-02 11:50:49,index,104.111999988556,330,TheEmptinessMachine,CUBIC,RB,HTTP/3
2025-05-02 11:50:55,index,110.111999988556,72,TheEmptinessMachine,CUBIC,RB,HTTP/3
2025-05-02 11:50:57,index,112.111999988556,214,TheEmptinessMachine,CUBIC,RB,HTTP/3
2025-05-02 11:50:59,index,114.110999822617,72,TheEmptinessMachine,CUBIC,RB,HTTP/3
2025-05-02 11:51:01,index,116.111999988556,330,TheEmptinessMachine,CUBIC,RB,HTTP/3
2025-05-02 11:51:03,index,118.111999988556,330,TheEmptinessMachine,CUBIC,RB,HTTP/3
2025-05-02 11:51:05,index,120.110999822617,214,TheEmptinessMachine,CUBIC,RB,HTTP/3
2025-05-02 11:51:07,index,122.110999822617,72,TheEmptinessMachine,CUBIC,RB,HTTP/3
2025-05-02 11:51:09,index,124.110999822617,214,TheEmptinessMachine,CUBIC,RB,HTTP/3
2025-05-02 11:51:11,index,126.110999822617,214,TheEmptinessMachine,CUBIC,RB,HTTP/3
2025-05-02 11:51:13,index,128.111999988556,214,TheEmptinessMachine,CUBIC,RB,HTTP/3
2025-05-02 11:51:15,index,130.111999988556,330,TheEmptinessMachine,CUBIC,RB,HTTP/3
2025-05-02 11:51:17,index,132.111999988556,330,TheEmptinessMachine,CUBIC,RB,HTTP/3
2025-05-02 11:51:19,index,134.110999822617,330,TheEmptinessMachine,CUBIC,RB,HTTP/3
2025-05-02 11:51:21,index,136.110999822617,330,TheEmptinessMachine,CUBIC,RB,HTTP/3
2025-05-02 11:51:23,index,138.110999822617,330,TheEmptinessMachine,CUBIC,RB,HTTP/3
2025-05-02 11:51:25,index,140.110999822617,330,TheEmptinessMachine,CUBIC,RB,HTTP/3
2025-05-02 11:51:27,index,142.111999988556,330,TheEmptinessMachine,CUBIC,RB,HTTP/3
2025-05-02 11:51:29,index,144.110999822617,72,TheEmptinessMachine,CUBIC,RB,HTTP/3
2025-05-02 11:51:31,index,146.111999988556,72,TheEmptinessMachine,CUBIC,RB,HTTP/3
2025-05-02 11:51:33,index,148.111999988556,214,TheEmptinessMachine,CUBIC,RB,HTTP/3
2025-05-02 11:51:35,index,150.111999988556,214,TheEmptinessMachine,CUBIC,RB,HTTP/3
2025-05-02 11:51:37,index,152.111999988556,214,TheEmptinessMachine,CUBIC,RB,HTTP/3
2025-05-02 11:51:39,index,154.111999988556,330,TheEmptinessMachine,CUBIC,RB,HTTP/3
2025-05-02 11:51:41,index,156.111999988556,330,TheEmptinessMachine,CUBIC,RB,HTTP/3
2025-05-02 11:51:43,index,158.111999988556,330,TheEmptinessMachine,CUBIC,RB,HTTP/3
2025-05-02 11:51:47,index,162.111999988556,72,TheEmptinessMachine,CUBIC,RB,HTTP/3
2025-05-02 11:51:49,index,164.111999988556,330,TheEmptinessMachine,CUBIC,RB,HTTP/3
2025-05-02 11:51:51,index,166.111999988556,72,TheEmptinessMachine,CUBIC,RB,HTTP/3
2025-05-02 11:51:53,index,168.110999822617,330,TheEmptinessMachine,CUBIC,RB,HTTP/3
2025-05-02 11:51:55,index,170.110999822617,330,TheEmptinessMachine,CUBIC,RB,HTTP/3
2025-05-02 11:51:57,index,172.110999822617,214,TheEmptinessMachine,CUBIC,RB,HTTP/3
2025-05-02 11:51:59,index,174.111999988556,214,TheEmptinessMachine,CUBIC,RB,HTTP/3
2025-05-02 11:52:01,index,176.111999988556,72,TheEmptinessMachine,CUBIC,RB,HTTP/3
2025-05-02 11:52:03,index,178.110999822617,72,TheEmptinessMachine,CUBIC,RB,HTTP/3
2025-05-02 11:52:05,index,180.111999988556,169,TheEmptinessMachine,CUBIC,RB,HTTP/3
2025-05-02 11:52:07,index,182.111999988556,214,TheEmptinessMachine,CUBIC,RB,HTTP/3
2025-05-02 11:52:09,index,184.110999822617,72,TheEmptinessMachine,CUBIC,RB,HTTP/3
2025-05-02 11:52:11,index,186.110999822617,214,TheEmptinessMachine,CUBIC,RB,HTTP/3
2025-05-02 11:52:13,index,188.110999822617,214,TheEmptinessMachine,CUBIC,RB,HTTP/3
2025-05-02 11:52:15,index,190.110999822617,214,TheEmptinessMachine,CUBIC,RB,HTTP/3
2025-05-02 11:52:17,index,192.110999822617,214,TheEmptinessMachine,CUBIC,RB,HTTP/3
2025-05-02 11:52:19,index,194.110999822617,214,TheEmptinessMachine,CUBIC,RB,HTTP/3
2025-05-02 11:52:21,index,196.111999988556,214,TheEmptinessMachine,CUBIC,RB,HTTP/3
2025-05-02 11:52:23,index,198.111999988556,214,TheEmptinessMachine,CUBIC,RB,HTTP/3
2025-05-02 11:52:25,index,200.111999988556,72,TheEmptinessMachine,CUBIC,RB,HTTP/3
2025-05-02 11:52:27,index,202.111999988556,72,TheEmptinessMachine,CUBIC,RB,HTTP/3
2025-05-02 11:52:29,index,204.111999988556,72,TheEmptinessMachine,CUBIC,RB,HTTP/3
2025-05-02 11:52:31,index,206.110999822617,84,TheEmptinessMachine,CUBIC,RB,HTTP/3
2025-05-02 11:52:33,index,208.111999988556,84,TheEmptinessMachine,CUBIC,RB,HTTP/3
2025-05-02 11:52:35,index,210.111999988556,84,TheEmptinessMachine,CUBIC,RB,HTTP/3
2025-05-02 11:52:37,index,212.111999988556,84,TheEmptinessMachine,CUBIC,RB,HTTP/3
2025-05-02 11:53:15,index,4.5479998588562,1767,TheEmptinessMachine,CUBIC,Throughput,HTTP/1.1
2025-05-02 11:53:17,index,6.5479998588562,2781,TheEmptinessMachine,CUBIC,Throughput,HTTP/1.1
2025-05-02 11:53:19,index,8.5479998588562,2781,TheEmptinessMachine,CUBIC,Throughput,HTTP/1.1
2025-05-02 11:53:25,index,14.5490000247955,674,TheEmptinessMachine,CUBIC,Throughput,HTTP/1.1
2025-05-02 11:53:27,index,16.5479998588562,674,TheEmptinessMachine,CUBIC,Throughput,HTTP/1.1
2025-05-02 11:53:31,index,20.5479998588562,674,TheEmptinessMachine,CUBIC,Throughput,HTTP/1.1
2025-05-02 11:53:33,index,22.5479998588562,674,TheEmptinessMachine,CUBIC,Throughput,HTTP/1.1
2025-05-02 11:53:35,index,24.5479998588562,674,TheEmptinessMachine,CUBIC,Throughput,HTTP/1.1
2025-05-02 11:53:37,index,26.5479998588562,214,TheEmptinessMachine,CUBIC,Throughput,HTTP/1.1
2025-05-02 11:53:39,index,28.5479998588562,330,TheEmptinessMachine,CUBIC,Throughput,HTTP/1.1
2025-05-02 11:53:41,index,30.5479998588562,330,TheEmptinessMachine,CUBIC,Throughput,HTTP/1.1
2025-05-02 11:53:43,index,32.5479998588562,330,TheEmptinessMachine,CUBIC,Throughput,HTTP/1.1
2025-05-02 11:53:45,index,34.5479998588562,330,TheEmptinessMachine,CUBIC,Throughput,HTTP/1.1
2025-05-02 11:53:47,index,36.5479998588562,674,TheEmptinessMachine,CUBIC,Throughput,HTTP/1.1
2025-05-02 11:53:49,index,38.5479998588562,674,TheEmptinessMachine,CUBIC,Throughput,HTTP/1.1
2025-05-02 11:53:51,index,40.5479998588562,674,TheEmptinessMachine,CUBIC,Throughput,HTTP/1.1
2025-05-02 11:53:53,index,42.5479998588562,330,TheEmptinessMachine,CUBIC,Throughput,HTTP/1.1
2025-05-02 11:53:55,index,44.5479998588562,330,TheEmptinessMachine,CUBIC,Throughput,HTTP/1.1
2025-05-02 11:53:57,index,46.5479998588562,635,TheEmptinessMachine,CUBIC,Throughput,HTTP/1.1
2025-05-02 11:53:59,index,48.5490000247955,674,TheEmptinessMachine,CUBIC,Throughput,HTTP/1.1
2025-05-02 11:54:01,index,50.5479998588562,635,TheEmptinessMachine,CUBIC,Throughput,HTTP/1.1
2025-05-02 11:54:03,index,52.5479998588562,214,TheEmptinessMachine,CUBIC,Throughput,HTTP/1.1
2025-05-02 11:54:05,index,54.5479998588562,330,TheEmptinessMachine,CUBIC,Throughput,HTTP/1.1
2025-05-02 11:54:07,index,56.5479998588562,330,TheEmptinessMachine,CUBIC,Throughput,HTTP/1.1
2025-05-02 11:54:09,index,58.5479998588562,330,TheEmptinessMachine,CUBIC,Throughput,HTTP/1.1
2025-05-02 11:54:11,index,60.5479998588562,635,TheEmptinessMachine,CUBIC,Throughput,HTTP/1.1
2025-05-02 11:54:13,index,62.5479998588562,635,TheEmptinessMachine,CUBIC,Throughput,HTTP/1.1
2025-05-02 11:54:15,index,64.5479998588562,330,TheEmptinessMachine,CUBIC,Throughput,HTTP/1.1
2025-05-02 11:54:17,index,66.5479998588562,330,TheEmptinessMachine,CUBIC,Throughput,HTTP/1.1
2025-05-02 11:54:19,index,68.5479998588562,330,TheEmptinessMachine,CUBIC,Throughput,HTTP/1.1
2025-05-02 11:54:21,index,70.5479998588562,330,TheEmptinessMachine,CUBIC,Throughput,HTTP/1.1
2025-05-02 11:54:23,index,72.5479998588562,330,TheEmptinessMachine,CUBIC,Throughput,HTTP/1.1
2025-05-02 11:54:25,index,74.5479998588562,330,TheEmptinessMachine,CUBIC,Throughput,HTTP/1.1
2025-05-02 11:54:27,index,76.5479998588562,330,TheEmptinessMachine,CUBIC,Throughput,HTTP/1.1
2025-05-02 11:54:29,index,78.5479998588562,330,TheEmptinessMachine,CUBIC,Throughput,HTTP/1.1
2025-05-02 11:54:31,index,80.5479998588562,330,TheEmptinessMachine,CUBIC,Throughput,HTTP/1.1
2025-05-02 11:54:33,index,82.5490000247955,330,TheEmptinessMachine,CUBIC,Throughput,HTTP/1.1
2025-05-02 11:54:35,index,84.5479998588562,330,TheEmptinessMachine,CUBIC,Throughput,HTTP/1.1
2025-05-02 11:54:37,index,86.5479998588562,330,TheEmptinessMachine,CUBIC,Throughput,HTTP/1.1
2025-05-02 11:54:39,index,88.5479998588562,330,TheEmptinessMachine,CUBIC,Throughput,HTTP/1.1
2025-05-02 11:54:41,index,90.5479998588562,330,TheEmptinessMachine,CUBIC,Throughput,HTTP/1.1
2025-05-02 11:54:43,index,92.5479998588562,330,TheEmptinessMachine,CUBIC,Throughput,HTTP/1.1
2025-05-02 11:54:45,index,94.5479998588562,330,TheEmptinessMachine,CUBIC,Throughput,HTTP/1.1
2025-05-02 11:54:47,index,96.5479998588562,330,TheEmptinessMachine,CUBIC,Throughput,HTTP/1.1
2025-05-02 11:54:49,index,98.5479998588562,330,TheEmptinessMachine,CUBIC,Throughput,HTTP/1.1
2025-05-02 11:54:51,index,100.547999858856,330,TheEmptinessMachine,CUBIC,Throughput,HTTP/1.1
2025-05-02 11:54:53,index,102.547999858856,330,TheEmptinessMachine,CUBIC,Throughput,HTTP/1.1
2025-05-02 11:54:55,index,104.547999858856,330,TheEmptinessMachine,CUBIC,Throughput,HTTP/1.1
2025-05-02 11:54:57,index,106.547999858856,330,TheEmptinessMachine,CUBIC,Throughput,HTTP/1.1
2025-05-02 11:54:59,index,108.547999858856,330,TheEmptinessMachine,CUBIC,Throughput,HTTP/1.1
2025-05-02 11:55:01,index,110.547999858856,330,TheEmptinessMachine,CUBIC,Throughput,HTTP/1.1
2025-05-02 11:55:03,index,112.547999858856,330,TheEmptinessMachine,CUBIC,Throughput,HTTP/1.1
2025-05-02 11:55:05,index,114.547999858856,330,TheEmptinessMachine,CUBIC,Throughput,HTTP/1.1
2025-05-02 11:55:07,index,116.547999858856,330,TheEmptinessMachine,CUBIC,Throughput,HTTP/1.1
2025-05-02 11:55:09,index,118.547999858856,330,TheEmptinessMachine,CUBIC,Throughput,HTTP/1.1
2025-05-02 11:55:11,index,120.547999858856,330,TheEmptinessMachine,CUBIC,Throughput,HTTP/1.1
2025-05-02 11:55:13,index,122.547999858856,330,TheEmptinessMachine,CUBIC,Throughput,HTTP/1.1
2025-05-02 11:55:15,index,124.547999858856,330,TheEmptinessMachine,CUBIC,Throughput,HTTP/1.1
2025-05-02 11:55:17,index,126.547999858856,330,TheEmptinessMachine,CUBIC,Throughput,HTTP/1.1
2025-05-02 11:55:19,index,128.547999858856,330,TheEmptinessMachine,CUBIC,Throughput,HTTP/1.1
2025-05-02 11:55:21,index,130.547999858856,635,TheEmptinessMachine,CUBIC,Throughput,HTTP/1.1
2025-05-02 11:55:23,index,132.547999858856,635,TheEmptinessMachine,CUBIC,Throughput,HTTP/1.1
2025-05-02 11:55:25,index,134.547999858856,635,TheEmptinessMachine,CUBIC,Throughput,HTTP/1.1
2025-05-02 11:55:27,index,136.547999858856,635,TheEmptinessMachine,CUBIC,Throughput,HTTP/1.1
2025-05-02 11:55:29,index,138.547999858856,674,TheEmptinessMachine,CUBIC,Throughput,HTTP/1.1
2025-05-02 11:55:31,index,140.547999858856,674,TheEmptinessMachine,CUBIC,Throughput,HTTP/1.1
2025-05-02 11:55:33,index,142.547999858856,330,TheEmptinessMachine,CUBIC,Throughput,HTTP/1.1
2025-05-02 11:55:35,index,144.547999858856,330,TheEmptinessMachine,CUBIC,Throughput,HTTP/1.1
2025-05-02 11:55:37,index,146.547999858856,330,TheEmptinessMachine,CUBIC,Throughput,HTTP/1.1
2025-05-02 11:55:39,index,148.547999858856,330,TheEmptinessMachine,CUBIC,Throughput,HTTP/1.1
2025-05-02 11:55:41,index,150.549000024796,330,TheEmptinessMachine,CUBIC,Throughput,HTTP/1.1
2025-05-02 11:55:43,index,152.547999858856,330,TheEmptinessMachine,CUBIC,Throughput,HTTP/1.1
2025-05-02 11:55:45,index,154.547999858856,330,TheEmptinessMachine,CUBIC,Throughput,HTTP/1.1
2025-05-02 11:55:47,index,156.547999858856,330,TheEmptinessMachine,CUBIC,Throughput,HTTP/1.1
2025-05-02 11:55:49,index,158.547999858856,330,TheEmptinessMachine,CUBIC,Throughput,HTTP/1.1
2025-05-02 11:55:51,index,160.547999858856,330,TheEmptinessMachine,CUBIC,Throughput,HTTP/1.1
2025-05-02 11:55:53,index,162.547999858856,330,TheEmptinessMachine,CUBIC,Throughput,HTTP/1.1
2025-05-02 11:55:55,index,164.547999858856,635,TheEmptinessMachine,CUBIC,Throughput,HTTP/1.1
2025-05-02 11:55:57,index,166.547999858856,674,TheEmptinessMachine,CUBIC,Throughput,HTTP/1.1
2025-05-02 11:55:59,index,168.547999858856,674,TheEmptinessMachine,CUBIC,Throughput,HTTP/1.1
2025-05-02 11:56:01,index,170.547999858856,674,TheEmptinessMachine,CUBIC,Throughput,HTTP/1.1
2025-05-02 11:56:03,index,172.547999858856,674,TheEmptinessMachine,CUBIC,Throughput,HTTP/1.1
2025-05-02 11:56:05,index,174.547999858856,635,TheEmptinessMachine,CUBIC,Throughput,HTTP/1.1
2025-05-02 11:56:07,index,176.547999858856,635,TheEmptinessMachine,CUBIC,Throughput,HTTP/1.1
2025-05-02 11:56:09,index,178.547999858856,84,TheEmptinessMachine,CUBIC,Throughput,HTTP/1.1
2025-05-02 11:56:11,index,180.547999858856,330,TheEmptinessMachine,CUBIC,Throughput,HTTP/1.1
2025-05-02 11:56:13,index,182.547999858856,330,TheEmptinessMachine,CUBIC,Throughput,HTTP/1.1
2025-05-02 11:56:15,index,184.547999858856,635,TheEmptinessMachine,CUBIC,Throughput,HTTP/1.1
2025-05-02 11:56:17,index,186.547999858856,635,TheEmptinessMachine,CUBIC,Throughput,HTTP/1.1
2025-05-02 11:56:19,index,188.547999858856,635,TheEmptinessMachine,CUBIC,Throughput,HTTP/1.1
2025-05-02 11:56:21,index,190.547999858856,214,TheEmptinessMachine,CUBIC,Throughput,HTTP/1.1
2025-05-02 11:56:23,index,192.547999858856,214,TheEmptinessMachine,CUBIC,Throughput,HTTP/1.1
2025-05-02 11:56:25,index,194.547999858856,330,TheEmptinessMachine,CUBIC,Throughput,HTTP/1.1
2025-05-02 11:56:27,index,196.547999858856,169,TheEmptinessMachine,CUBIC,Throughput,HTTP/1.1
2025-05-02 11:56:29,index,198.547999858856,330,TheEmptinessMachine,CUBIC,Throughput,HTTP/1.1
2025-05-02 11:56:31,index,200.553999900818,320,TheEmptinessMachine,CUBIC,Throughput,HTTP/1.1
2025-05-02 11:56:33,index,202.547999858856,320,TheEmptinessMachine,CUBIC,Throughput,HTTP/1.1
2025-05-02 11:56:35,index,204.547999858856,320,TheEmptinessMachine,CUBIC,Throughput,HTTP/1.1
2025-05-02 11:56:37,index,206.547999858856,320,TheEmptinessMachine,CUBIC,Throughput,HTTP/1.1
2025-05-02 11:57:16,index,4.10500001907349,980,TheEmptinessMachine,CUBIC,Throughput,HTTP/2
2025-05-02 11:57:20,index,8.10500001907349,674,TheEmptinessMachine,CUBIC,Throughput,HTTP/2
2025-05-02 11:57:26,index,14.1079998016357,214,TheEmptinessMachine,CUBIC,Throughput,HTTP/2
2025-05-02 11:57:30,index,18.1050000190735,169,TheEmptinessMachine,CUBIC,Throughput,HTTP/2
2025-05-02 11:57:32,index,20.1050000190735,330,TheEmptinessMachine,CUBIC,Throughput,HTTP/2
2025-05-02 11:57:34,index,22.1050000190735,674,TheEmptinessMachine,CUBIC,Throughput,HTTP/2
2025-05-02 11:57:36,index,24.1050000190735,330,TheEmptinessMachine,CUBIC,Throughput,HTTP/2
2025-05-02 11:57:40,index,28.1050000190735,330,TheEmptinessMachine,CUBIC,Throughput,HTTP/2
2025-05-02 11:57:42,index,30.1050000190735,330,TheEmptinessMachine,CUBIC,Throughput,HTTP/2
2025-05-02 11:57:46,index,34.1050000190735,214,TheEmptinessMachine,CUBIC,Throughput,HTTP/2
2025-05-02 11:57:56,index,44.1050000190735,330,TheEmptinessMachine,CUBIC,Throughput,HTTP/2
2025-05-02 11:57:58,index,46.1050000190735,84,TheEmptinessMachine,CUBIC,Throughput,HTTP/2
2025-05-02 11:58:00,index,48.1050000190735,214,TheEmptinessMachine,CUBIC,Throughput,HTTP/2
2025-05-02 11:58:02,index,50.1050000190735,214,TheEmptinessMachine,CUBIC,Throughput,HTTP/2
2025-05-02 11:58:04,index,52.1050000190735,169,TheEmptinessMachine,CUBIC,Throughput,HTTP/2
2025-05-02 11:58:08,index,56.1050000190735,214,TheEmptinessMachine,CUBIC,Throughput,HTTP/2
2025-05-02 11:58:10,index,58.1050000190735,214,TheEmptinessMachine,CUBIC,Throughput,HTTP/2
2025-05-02 11:58:14,index,62.1050000190735,84,TheEmptinessMachine,CUBIC,Throughput,HTTP/2
2025-05-02 11:58:18,index,66.1050000190735,169,TheEmptinessMachine,CUBIC,Throughput,HTTP/2
2025-05-02 11:58:20,index,68.1050000190735,169,TheEmptinessMachine,CUBIC,Throughput,HTTP/2
2025-05-02 11:58:22,index,70.1050000190735,166,TheEmptinessMachine,CUBIC,Throughput,HTTP/2
2025-05-02 11:58:24,index,72.1050000190735,166,TheEmptinessMachine,CUBIC,Throughput,HTTP/2
2025-05-02 11:58:26,index,74.1050000190735,166,TheEmptinessMachine,CUBIC,Throughput,HTTP/2
2025-05-02 11:58:28,index,76.1050000190735,166,TheEmptinessMachine,CUBIC,Throughput,HTTP/2
2025-05-02 11:58:30,index,78.1050000190735,166,TheEmptinessMachine,CUBIC,Throughput,HTTP/2
2025-05-02 11:58:32,index,80.1050000190735,166,TheEmptinessMachine,CUBIC,Throughput,HTTP/2
2025-05-02 11:58:34,index,82.1050000190735,166,TheEmptinessMachine,CUBIC,Throughput,HTTP/2
2025-05-02 11:58:36,index,84.1050000190735,166,TheEmptinessMachine,CUBIC,Throughput,HTTP/2
2025-05-02 11:58:38,index,86.1050000190735,166,TheEmptinessMachine,CUBIC,Throughput,HTTP/2
2025-05-02 11:58:40,index,88.1050000190735,166,TheEmptinessMachine,CUBIC,Throughput,HTTP/2
2025-05-02 11:58:42,index,90.1050000190735,166,TheEmptinessMachine,CUBIC,Throughput,HTTP/2
2025-05-02 11:58:44,index,92.1050000190735,166,TheEmptinessMachine,CUBIC,Throughput,HTTP/2
2025-05-02 11:58:46,index,94.1050000190735,166,TheEmptinessMachine,CUBIC,Throughput,HTTP/2
2025-05-02 11:58:48,index,96.1050000190735,166,TheEmptinessMachine,CUBIC,Throughput,HTTP/2
2025-05-02 11:58:50,index,98.1050000190735,635,TheEmptinessMachine,CUBIC,Throughput,HTTP/2
2025-05-02 11:58:52,index,100.105000019073,635,TheEmptinessMachine,CUBIC,Throughput,HTTP/2
2025-05-02 11:58:54,index,102.105000019073,674,TheEmptinessMachine,CUBIC,Throughput,HTTP/2
2025-05-02 11:58:56,index,104.105000019073,674,TheEmptinessMachine,CUBIC,Throughput,HTTP/2
2025-05-02 11:58:58,index,106.105000019073,674,TheEmptinessMachine,CUBIC,Throughput,HTTP/2
2025-05-02 11:59:00,index,108.105000019073,674,TheEmptinessMachine,CUBIC,Throughput,HTTP/2
2025-05-02 11:59:02,index,110.105000019073,674,TheEmptinessMachine,CUBIC,Throughput,HTTP/2
2025-05-02 11:59:04,index,112.105000019073,674,TheEmptinessMachine,CUBIC,Throughput,HTTP/2
2025-05-02 11:59:06,index,114.105000019073,330,TheEmptinessMachine,CUBIC,Throughput,HTTP/2
2025-05-02 11:59:08,index,116.105000019073,214,TheEmptinessMachine,CUBIC,Throughput,HTTP/2
2025-05-02 11:59:10,index,118.105000019073,330,TheEmptinessMachine,CUBIC,Throughput,HTTP/2
2025-05-02 11:59:16,index,124.105000019073,330,TheEmptinessMachine,CUBIC,Throughput,HTTP/2
2025-05-02 11:59:18,index,126.105000019073,320,TheEmptinessMachine,CUBIC,Throughput,HTTP/2
2025-05-02 11:59:20,index,128.105000019073,320,TheEmptinessMachine,CUBIC,Throughput,HTTP/2
2025-05-02 11:59:22,index,130.105000019073,320,TheEmptinessMachine,CUBIC,Throughput,HTTP/2
2025-05-02 11:59:24,index,132.105000019073,320,TheEmptinessMachine,CUBIC,Throughput,HTTP/2
2025-05-02 11:59:26,index,134.105000019073,320,TheEmptinessMachine,CUBIC,Throughput,HTTP/2
2025-05-02 11:59:28,index,136.105000019073,320,TheEmptinessMachine,CUBIC,Throughput,HTTP/2
2025-05-02 11:59:30,index,138.105000019073,320,TheEmptinessMachine,CUBIC,Throughput,HTTP/2
2025-05-02 11:59:32,index,140.105000019073,330,TheEmptinessMachine,CUBIC,Throughput,HTTP/2
2025-05-02 11:59:34,index,142.105000019073,330,TheEmptinessMachine,CUBIC,Throughput,HTTP/2
2025-05-02 11:59:36,index,144.105000019073,330,TheEmptinessMachine,CUBIC,Throughput,HTTP/2
2025-05-02 11:59:38,index,146.105000019073,330,TheEmptinessMachine,CUBIC,Throughput,HTTP/2
2025-05-02 11:59:40,index,148.105000019073,330,TheEmptinessMachine,CUBIC,Throughput,HTTP/2
2025-05-02 11:59:42,index,150.105000019073,330,TheEmptinessMachine,CUBIC,Throughput,HTTP/2
2025-05-02 11:59:44,index,152.105000019073,330,TheEmptinessMachine,CUBIC,Throughput,HTTP/2
2025-05-02 11:59:46,index,154.105000019073,330,TheEmptinessMachine,CUBIC,Throughput,HTTP/2
2025-05-02 11:59:48,index,156.105000019073,635,TheEmptinessMachine,CUBIC,Throughput,HTTP/2
2025-05-02 11:59:50,index,158.105000019073,674,TheEmptinessMachine,CUBIC,Throughput,HTTP/2
2025-05-02 11:59:52,index,160.105000019073,674,TheEmptinessMachine,CUBIC,Throughput,HTTP/2
2025-05-02 11:59:54,index,162.105000019073,330,TheEmptinessMachine,CUBIC,Throughput,HTTP/2
2025-05-02 11:59:56,index,164.105000019073,635,TheEmptinessMachine,CUBIC,Throughput,HTTP/2
2025-05-02 11:59:58,index,166.105000019073,635,TheEmptinessMachine,CUBIC,Throughput,HTTP/2
2025-05-02 12:00:00,index,168.105000019073,330,TheEmptinessMachine,CUBIC,Throughput,HTTP/2
2025-05-02 12:00:04,index,172.105000019073,330,TheEmptinessMachine,CUBIC,Throughput,HTTP/2
2025-05-02 12:00:06,index,174.105000019073,330,TheEmptinessMachine,CUBIC,Throughput,HTTP/2
2025-05-02 12:00:08,index,176.105000019073,330,TheEmptinessMachine,CUBIC,Throughput,HTTP/2
2025-05-02 12:00:10,index,178.105000019073,330,TheEmptinessMachine,CUBIC,Throughput,HTTP/2
2025-05-02 12:00:12,index,180.105000019073,330,TheEmptinessMachine,CUBIC,Throughput,HTTP/2
2025-05-02 12:00:14,index,182.105000019073,330,TheEmptinessMachine,CUBIC,Throughput,HTTP/2
2025-05-02 12:00:16,index,184.105000019073,330,TheEmptinessMachine,CUBIC,Throughput,HTTP/2
2025-05-02 12:00:18,index,186.105000019073,330,TheEmptinessMachine,CUBIC,Throughput,HTTP/2
2025-05-02 12:00:20,index,188.105000019073,330,TheEmptinessMachine,CUBIC,Throughput,HTTP/2
2025-05-02 12:00:22,index,190.105000019073,330,TheEmptinessMachine,CUBIC,Throughput,HTTP/2
2025-05-02 12:00:24,index,192.105000019073,330,TheEmptinessMachine,CUBIC,Throughput,HTTP/2
2025-05-02 12:00:26,index,194.105000019073,330,TheEmptinessMachine,CUBIC,Throughput,HTTP/2
2025-05-02 12:00:28,index,196.105000019073,330,TheEmptinessMachine,CUBIC,Throughput,HTTP/2
2025-05-02 12:00:30,index,198.105000019073,330,TheEmptinessMachine,CUBIC,Throughput,HTTP/2
2025-05-02 12:00:32,index,200.105000019073,330,TheEmptinessMachine,CUBIC,Throughput,HTTP/2
2025-05-02 12:00:34,index,202.105000019073,330,TheEmptinessMachine,CUBIC,Throughput,HTTP/2
2025-05-02 12:00:36,index,204.105000019073,330,TheEmptinessMachine,CUBIC,Throughput,HTTP/2
2025-05-02 12:00:38,index,206.105000019073,330,TheEmptinessMachine,CUBIC,Throughput,HTTP/2
2025-05-02 12:00:40,index,208.105000019073,330,TheEmptinessMachine,CUBIC,Throughput,HTTP/2
2025-05-02 12:01:16,index,6.11399984359741,330,TheEmptinessMachine,CUBIC,Throughput,HTTP/3
2025-05-02 12:01:18,index,8.11399984359741,330,TheEmptinessMachine,CUBIC,Throughput,HTTP/3
2025-05-02 12:01:20,index,10.1139998435974,330,TheEmptinessMachine,CUBIC,Throughput,HTTP/3
2025-05-02 12:01:22,index,12.1139998435974,330,TheEmptinessMachine,CUBIC,Throughput,HTTP/3
2025-05-02 12:01:24,index,14.1129999160767,330,TheEmptinessMachine,CUBIC,Throughput,HTTP/3
2025-05-02 12:01:26,index,16.1139998435974,330,TheEmptinessMachine,CUBIC,Throughput,HTTP/3
2025-05-02 12:01:28,index,18.1139998435974,84,TheEmptinessMachine,CUBIC,Throughput,HTTP/3
2025-05-02 12:01:30,index,20.1139998435974,84,TheEmptinessMachine,CUBIC,Throughput,HTTP/3
2025-05-02 12:01:32,index,22.1139998435974,84,TheEmptinessMachine,CUBIC,Throughput,HTTP/3
2025-05-02 12:01:34,index,24.1129999160767,84,TheEmptinessMachine,CUBIC,Throughput,HTTP/3
2025-05-02 12:01:36,index,26.1139998435974,84,TheEmptinessMachine,CUBIC,Throughput,HTTP/3
2025-05-02 12:01:38,index,28.1139998435974,84,TheEmptinessMachine,CUBIC,Throughput,HTTP/3
2025-05-02 12:01:40,index,30.1139998435974,84,TheEmptinessMachine,CUBIC,Throughput,HTTP/3
2025-05-02 12:01:42,index,32.1139998435974,84,TheEmptinessMachine,CUBIC,Throughput,HTTP/3
2025-05-02 12:01:44,index,34.1139998435974,169,TheEmptinessMachine,CUBIC,Throughput,HTTP/3
2025-05-02 12:01:46,index,36.1139998435974,169,TheEmptinessMachine,CUBIC,Throughput,HTTP/3
2025-05-02 12:01:48,index,38.1129999160767,214,TheEmptinessMachine,CUBIC,Throughput,HTTP/3
2025-05-02 12:01:50,index,40.1139998435974,214,TheEmptinessMachine,CUBIC,Throughput,HTTP/3
2025-05-02 12:01:52,index,42.1129999160767,214,TheEmptinessMachine,CUBIC,Throughput,HTTP/3
2025-05-02 12:01:54,index,44.1139998435974,169,TheEmptinessMachine,CUBIC,Throughput,HTTP/3
2025-05-02 12:01:56,index,46.1139998435974,169,TheEmptinessMachine,CUBIC,Throughput,HTTP/3
2025-05-02 12:01:58,index,48.1139998435974,169,TheEmptinessMachine,CUBIC,Throughput,HTTP/3
2025-05-02 12:02:00,index,50.1139998435974,169,TheEmptinessMachine,CUBIC,Throughput,HTTP/3
2025-05-02 12:02:02,index,52.1139998435974,169,TheEmptinessMachine,CUBIC,Throughput,HTTP/3
2025-05-02 12:02:04,index,54.1139998435974,169,TheEmptinessMachine,CUBIC,Throughput,HTTP/3
2025-05-02 12:02:06,index,56.1129999160767,169,TheEmptinessMachine,CUBIC,Throughput,HTTP/3
2025-05-02 12:02:08,index,58.1139998435974,169,TheEmptinessMachine,CUBIC,Throughput,HTTP/3
2025-05-02 12:02:10,index,60.1139998435974,169,TheEmptinessMachine,CUBIC,Throughput,HTTP/3
2025-05-02 12:02:12,index,62.1139998435974,214,TheEmptinessMachine,CUBIC,Throughput,HTTP/3
2025-05-02 12:02:14,index,64.1139998435974,214,TheEmptinessMachine,CUBIC,Throughput,HTTP/3
2025-05-02 12:02:16,index,66.1129999160767,214,TheEmptinessMachine,CUBIC,Throughput,HTTP/3
2025-05-02 12:02:18,index,68.1139998435974,84,TheEmptinessMachine,CUBIC,Throughput,HTTP/3
2025-05-02 12:02:20,index,70.1139998435974,84,TheEmptinessMachine,CUBIC,Throughput,HTTP/3
2025-05-02 12:02:22,index,72.1139998435974,84,TheEmptinessMachine,CUBIC,Throughput,HTTP/3
2025-05-02 12:02:24,index,74.1139998435974,84,TheEmptinessMachine,CUBIC,Throughput,HTTP/3
2025-05-02 12:02:26,index,76.1129999160767,84,TheEmptinessMachine,CUBIC,Throughput,HTTP/3
2025-05-02 12:02:28,index,78.1139998435974,84,TheEmptinessMachine,CUBIC,Throughput,HTTP/3
2025-05-02 12:02:30,index,80.1139998435974,214,TheEmptinessMachine,CUBIC,Throughput,HTTP/3
2025-05-02 12:02:32,index,82.1139998435974,214,TheEmptinessMachine,CUBIC,Throughput,HTTP/3
2025-05-02 12:02:34,index,84.1139998435974,214,TheEmptinessMachine,CUBIC,Throughput,HTTP/3
2025-05-02 12:02:36,index,86.1139998435974,169,TheEmptinessMachine,CUBIC,Throughput,HTTP/3
2025-05-02 12:02:38,index,88.1139998435974,169,TheEmptinessMachine,CUBIC,Throughput,HTTP/3
2025-05-02 12:02:40,index,90.1139998435974,169,TheEmptinessMachine,CUBIC,Throughput,HTTP/3
2025-05-02 12:02:42,index,92.1139998435974,169,TheEmptinessMachine,CUBIC,Throughput,HTTP/3
2025-05-02 12:02:44,index,94.1129999160767,169,TheEmptinessMachine,CUBIC,Throughput,HTTP/3
2025-05-02 12:02:46,index,96.1139998435974,169,TheEmptinessMachine,CUBIC,Throughput,HTTP/3
2025-05-02 12:02:48,index,98.1129999160767,169,TheEmptinessMachine,CUBIC,Throughput,HTTP/3
2025-05-02 12:02:50,index,100.113999843597,169,TheEmptinessMachine,CUBIC,Throughput,HTTP/3
2025-05-02 12:02:52,index,102.113999843597,166,TheEmptinessMachine,CUBIC,Throughput,HTTP/3
2025-05-02 12:02:54,index,104.113999843597,166,TheEmptinessMachine,CUBIC,Throughput,HTTP/3
2025-05-02 12:02:56,index,106.112999916077,166,TheEmptinessMachine,CUBIC,Throughput,HTTP/3
2025-05-02 12:02:58,index,108.113999843597,166,TheEmptinessMachine,CUBIC,Throughput,HTTP/3
2025-05-02 12:03:00,index,110.113999843597,166,TheEmptinessMachine,CUBIC,Throughput,HTTP/3
2025-05-02 12:03:02,index,112.113999843597,166,TheEmptinessMachine,CUBIC,Throughput,HTTP/3
2025-05-02 12:03:04,index,114.113999843597,166,TheEmptinessMachine,CUBIC,Throughput,HTTP/3
2025-05-02 12:03:06,index,116.113999843597,166,TheEmptinessMachine,CUBIC,Throughput,HTTP/3
2025-05-02 12:03:08,index,118.113999843597,166,TheEmptinessMachine,CUBIC,Throughput,HTTP/3
2025-05-02 12:03:10,index,120.113999843597,166,TheEmptinessMachine,CUBIC,Throughput,HTTP/3
2025-05-02 12:03:12,index,122.113999843597,166,TheEmptinessMachine,CUBIC,Throughput,HTTP/3
2025-05-02 12:03:14,index,124.113999843597,330,TheEmptinessMachine,CUBIC,Throughput,HTTP/3
2025-05-02 12:03:16,index,126.113999843597,330,TheEmptinessMachine,CUBIC,Throughput,HTTP/3
2025-05-02 12:03:18,index,128.113999843597,330,TheEmptinessMachine,CUBIC,Throughput,HTTP/3
2025-05-02 12:03:20,index,130.113999843597,330,TheEmptinessMachine,CUBIC,Throughput,HTTP/3
2025-05-02 12:03:22,index,132.113999843597,84,TheEmptinessMachine,CUBIC,Throughput,HTTP/3
2025-05-02 12:03:24,index,134.112999916077,84,TheEmptinessMachine,CUBIC,Throughput,HTTP/3
2025-05-02 12:03:26,index,136.112999916077,84,TheEmptinessMachine,CUBIC,Throughput,HTTP/3
2025-05-02 12:03:28,index,138.113999843597,84,TheEmptinessMachine,CUBIC,Throughput,HTTP/3
2025-05-02 12:03:30,index,140.113999843597,84,TheEmptinessMachine,CUBIC,Throughput,HTTP/3
2025-05-02 12:03:32,index,142.112999916077,214,TheEmptinessMachine,CUBIC,Throughput,HTTP/3
2025-05-02 12:03:34,index,144.113999843597,214,TheEmptinessMachine,CUBIC,Throughput,HTTP/3
2025-05-02 12:03:36,index,146.112999916077,320,TheEmptinessMachine,CUBIC,Throughput,HTTP/3
2025-05-02 12:03:38,index,148.113999843597,330,TheEmptinessMachine,CUBIC,Throughput,HTTP/3
2025-05-02 12:03:40,index,150.112999916077,330,TheEmptinessMachine,CUBIC,Throughput,HTTP/3
2025-05-02 12:03:42,index,152.113999843597,330,TheEmptinessMachine,CUBIC,Throughput,HTTP/3
2025-05-02 12:03:44,index,154.113999843597,330,TheEmptinessMachine,CUBIC,Throughput,HTTP/3
2025-05-02 12:03:46,index,156.113999843597,330,TheEmptinessMachine,CUBIC,Throughput,HTTP/3
2025-05-02 12:03:48,index,158.112999916077,84,TheEmptinessMachine,CUBIC,Throughput,HTTP/3
2025-05-02 12:03:50,index,160.113999843597,84,TheEmptinessMachine,CUBIC,Throughput,HTTP/3
2025-05-02 12:03:52,index,162.113999843597,84,TheEmptinessMachine,CUBIC,Throughput,HTTP/3
2025-05-02 12:03:54,index,164.113999843597,84,TheEmptinessMachine,CUBIC,Throughput,HTTP/3
2025-05-02 12:03:56,index,166.112999916077,84,TheEmptinessMachine,CUBIC,Throughput,HTTP/3
2025-05-02 12:03:58,index,168.113999843597,214,TheEmptinessMachine,CUBIC,Throughput,HTTP/3
2025-05-02 12:04:00,index,170.113999843597,214,TheEmptinessMachine,CUBIC,Throughput,HTTP/3
2025-05-02 12:04:02,index,172.113999843597,214,TheEmptinessMachine,CUBIC,Throughput,HTTP/3
2025-05-02 12:04:04,index,174.113999843597,214,TheEmptinessMachine,CUBIC,Throughput,HTTP/3
2025-05-02 12:04:06,index,176.113999843597,320,TheEmptinessMachine,CUBIC,Throughput,HTTP/3
2025-05-02 12:04:08,index,178.112999916077,330,TheEmptinessMachine,CUBIC,Throughput,HTTP/3
2025-05-02 12:04:10,index,180.112999916077,330,TheEmptinessMachine,CUBIC,Throughput,HTTP/3
2025-05-02 12:04:12,index,182.112999916077,320,TheEmptinessMachine,CUBIC,Throughput,HTTP/3
2025-05-02 12:04:14,index,184.113999843597,320,TheEmptinessMachine,CUBIC,Throughput,HTTP/3
2025-05-02 12:04:16,index,186.113999843597,320,TheEmptinessMachine,CUBIC,Throughput,HTTP/3
2025-05-02 12:04:18,index,188.113999843597,320,TheEmptinessMachine,CUBIC,Throughput,HTTP/3
2025-05-02 12:04:20,index,190.112999916077,84,TheEmptinessMachine,CUBIC,Throughput,HTTP/3
2025-05-02 12:04:22,index,192.113999843597,169,TheEmptinessMachine,CUBIC,Throughput,HTTP/3
2025-05-02 12:04:24,index,194.113999843597,214,TheEmptinessMachine,CUBIC,Throughput,HTTP/3
2025-05-02 12:04:26,index,196.113999843597,214,TheEmptinessMachine,CUBIC,Throughput,HTTP/3
2025-05-02 12:04:28,index,198.113999843597,214,TheEmptinessMachine,CUBIC,Throughput,HTTP/3
2025-05-02 12:04:30,index,200.113999843597,214,TheEmptinessMachine,CUBIC,Throughput,HTTP/3
2025-05-02 12:04:32,index,202.113999843597,214,TheEmptinessMachine,CUBIC,Throughput,HTTP/3
2025-05-02 12:04:34,index,204.113999843597,84,TheEmptinessMachine,CUBIC,Throughput,HTTP/3
2025-05-02 12:04:36,index,206.113999843597,84,TheEmptinessMachine,CUBIC,Throughput,HTTP/3
2025-05-02 12:04:38,index,208.113999843597,84,TheEmptinessMachine,CUBIC,Throughput,HTTP/3
2025-05-02 12:04:40,index,210.113999843597,84,TheEmptinessMachine,CUBIC,Throughput,HTTP/3
2025-05-02 12:04:42,index,212.113999843597,84,TheEmptinessMachine,CUBIC,Throughput,HTTP/3
2025-05-02 12:05:22,index,4.50100016593933,674,TheEmptinessMachine,BBR,Dynamic,HTTP/1.1
2025-05-02 12:05:24,index,6.50100016593933,674,TheEmptinessMachine,BBR,Dynamic,HTTP/1.1
2025-05-02 12:05:26,index,8.5,330,TheEmptinessMachine,BBR,Dynamic,HTTP/1.1
2025-05-02 12:05:28,index,10.5,330,TheEmptinessMachine,BBR,Dynamic,HTTP/1.1
2025-05-02 12:05:30,index,12.5010001659393,330,TheEmptinessMachine,BBR,Dynamic,HTTP/1.1
2025-05-02 12:05:32,index,14.5,330,TheEmptinessMachine,BBR,Dynamic,HTTP/1.1
2025-05-02 12:05:34,index,16.5010001659393,330,TheEmptinessMachine,BBR,Dynamic,HTTP/1.1
2025-05-02 12:05:36,index,18.5010001659393,330,TheEmptinessMachine,BBR,Dynamic,HTTP/1.1
2025-05-02 12:05:38,index,20.5010001659393,330,TheEmptinessMachine,BBR,Dynamic,HTTP/1.1
2025-05-02 12:05:40,index,22.5,330,TheEmptinessMachine,BBR,Dynamic,HTTP/1.1
2025-05-02 12:05:42,index,24.5010001659393,330,TheEmptinessMachine,BBR,Dynamic,HTTP/1.1
2025-05-02 12:05:44,index,26.5,330,TheEmptinessMachine,BBR,Dynamic,HTTP/1.1
2025-05-02 12:05:46,index,28.5,330,TheEmptinessMachine,BBR,Dynamic,HTTP/1.1
2025-05-02 12:05:48,index,30.5,330,TheEmptinessMachine,BBR,Dynamic,HTTP/1.1
2025-05-02 12:05:50,index,32.5,330,TheEmptinessMachine,BBR,Dynamic,HTTP/1.1
2025-05-02 12:05:52,index,34.5,330,TheEmptinessMachine,BBR,Dynamic,HTTP/1.1
2025-05-02 12:05:54,index,36.5,635,TheEmptinessMachine,BBR,Dynamic,HTTP/1.1
2025-05-02 12:05:56,index,38.5010001659393,635,TheEmptinessMachine,BBR,Dynamic,HTTP/1.1
2025-05-02 12:05:58,index,40.5010001659393,330,TheEmptinessMachine,BBR,Dynamic,HTTP/1.1
2025-05-02 12:06:00,index,42.5,330,TheEmptinessMachine,BBR,Dynamic,HTTP/1.1
2025-05-02 12:06:02,index,44.5,330,TheEmptinessMachine,BBR,Dynamic,HTTP/1.1
2025-05-02 12:06:04,index,46.5010001659393,330,TheEmptinessMachine,BBR,Dynamic,HTTP/1.1
2025-05-02 12:06:06,index,48.5,330,TheEmptinessMachine,BBR,Dynamic,HTTP/1.1
2025-05-02 12:06:08,index,50.5,330,TheEmptinessMachine,BBR,Dynamic,HTTP/1.1
2025-05-02 12:06:10,index,52.5,674,TheEmptinessMachine,BBR,Dynamic,HTTP/1.1
2025-05-02 12:06:12,index,54.5010001659393,674,TheEmptinessMachine,BBR,Dynamic,HTTP/1.1
2025-05-02 12:06:14,index,56.5,674,TheEmptinessMachine,BBR,Dynamic,HTTP/1.1
2025-05-02 12:06:16,index,58.5010001659393,674,TheEmptinessMachine,BBR,Dynamic,HTTP/1.1
2025-05-02 12:06:18,index,60.5,674,TheEmptinessMachine,BBR,Dynamic,HTTP/1.1
2025-05-02 12:06:20,index,62.5,674,TheEmptinessMachine,BBR,Dynamic,HTTP/1.1
2025-05-02 12:06:22,index,64.5,674,TheEmptinessMachine,BBR,Dynamic,HTTP/1.1
2025-05-02 12:06:24,index,66.5010001659393,214,TheEmptinessMachine,BBR,Dynamic,HTTP/1.1
2025-05-02 12:06:26,index,68.5,330,TheEmptinessMachine,BBR,Dynamic,HTTP/1.1
2025-05-02 12:06:28,index,70.5010001659393,330,TheEmptinessMachine,BBR,Dynamic,HTTP/1.1
2025-05-02 12:06:30,index,72.5010001659393,635,TheEmptinessMachine,BBR,Dynamic,HTTP/1.1
2025-05-02 12:06:32,index,74.5,635,TheEmptinessMachine,BBR,Dynamic,HTTP/1.1
2025-05-02 12:06:34,index,76.5010001659393,169,TheEmptinessMachine,BBR,Dynamic,HTTP/1.1
2025-05-02 12:06:36,index,78.5010001659393,330,TheEmptinessMachine,BBR,Dynamic,HTTP/1.1
2025-05-02 12:06:38,index,80.5,330,TheEmptinessMachine,BBR,Dynamic,HTTP/1.1
2025-05-02 12:06:40,index,82.5,84,TheEmptinessMachine,BBR,Dynamic,HTTP/1.1
2025-05-02 12:06:42,index,84.5,330,TheEmptinessMachine,BBR,Dynamic,HTTP/1.1
2025-05-02 12:06:44,index,86.5030000209808,330,TheEmptinessMachine,BBR,Dynamic,HTTP/1.1
2025-05-02 12:06:46,index,88.5,320,TheEmptinessMachine,BBR,Dynamic,HTTP/1.1
2025-05-02 12:06:48,index,90.5,320,TheEmptinessMachine,BBR,Dynamic,HTTP/1.1
2025-05-02 12:06:50,index,92.5,320,TheEmptinessMachine,BBR,Dynamic,HTTP/1.1
2025-05-02 12:06:52,index,94.5,320,TheEmptinessMachine,BBR,Dynamic,HTTP/1.1
2025-05-02 12:06:54,index,96.5,320,TheEmptinessMachine,BBR,Dynamic,HTTP/1.1
2025-05-02 12:06:56,index,98.5,320,TheEmptinessMachine,BBR,Dynamic,HTTP/1.1
2025-05-02 12:06:58,index,100.501000165939,320,TheEmptinessMachine,BBR,Dynamic,HTTP/1.1
2025-05-02 12:07:00,index,102.5,320,TheEmptinessMachine,BBR,Dynamic,HTTP/1.1
2025-05-02 12:07:02,index,104.5,320,TheEmptinessMachine,BBR,Dynamic,HTTP/1.1
2025-05-02 12:07:04,index,106.5,320,TheEmptinessMachine,BBR,Dynamic,HTTP/1.1
2025-05-02 12:07:06,index,108.5,330,TheEmptinessMachine,BBR,Dynamic,HTTP/1.1
2025-05-02 12:07:08,index,110.5,330,TheEmptinessMachine,BBR,Dynamic,HTTP/1.1
2025-05-02 12:07:10,index,112.5,214,TheEmptinessMachine,BBR,Dynamic,HTTP/1.1
2025-05-02 12:07:12,index,114.5,214,TheEmptinessMachine,BBR,Dynamic,HTTP/1.1
2025-05-02 12:07:14,index,116.5,214,TheEmptinessMachine,BBR,Dynamic,HTTP/1.1
2025-05-02 12:07:16,index,118.501000165939,320,TheEmptinessMachine,BBR,Dynamic,HTTP/1.1
2025-05-02 12:07:18,index,120.501000165939,320,TheEmptinessMachine,BBR,Dynamic,HTTP/1.1
2025-05-02 12:07:20,index,122.501000165939,320,TheEmptinessMachine,BBR,Dynamic,HTTP/1.1
2025-05-02 12:07:22,index,124.5,320,TheEmptinessMachine,BBR,Dynamic,HTTP/1.1
2025-05-02 12:07:24,index,126.5,330,TheEmptinessMachine,BBR,Dynamic,HTTP/1.1
2025-05-02 12:07:26,index,128.5,330,TheEmptinessMachine,BBR,Dynamic,HTTP/1.1
2025-05-02 12:07:28,index,130.5,330,TheEmptinessMachine,BBR,Dynamic,HTTP/1.1
2025-05-02 12:07:30,index,132.5,330,TheEmptinessMachine,BBR,Dynamic,HTTP/1.1
2025-05-02 12:07:32,index,134.5,330,TheEmptinessMachine,BBR,Dynamic,HTTP/1.1
2025-05-02 12:07:34,index,136.5,330,TheEmptinessMachine,BBR,Dynamic,HTTP/1.1
2025-05-02 12:07:36,index,138.5,330,TheEmptinessMachine,BBR,Dynamic,HTTP/1.1
2025-05-02 12:07:38,index,140.501000165939,330,TheEmptinessMachine,BBR,Dynamic,HTTP/1.1
2025-05-02 12:07:40,index,142.5,330,TheEmptinessMachine,BBR,Dynamic,HTTP/1.1
2025-05-02 12:07:42,index,144.501000165939,330,TheEmptinessMachine,BBR,Dynamic,HTTP/1.1
2025-05-02 12:07:44,index,146.5,330,TheEmptinessMachine,BBR,Dynamic,HTTP/1.1
2025-05-02 12:07:46,index,148.5,330,TheEmptinessMachine,BBR,Dynamic,HTTP/1.1
2025-05-02 12:07:48,index,150.501000165939,330,TheEmptinessMachine,BBR,Dynamic,HTTP/1.1
2025-05-02 12:07:50,index,152.501000165939,330,TheEmptinessMachine,BBR,Dynamic,HTTP/1.1
2025-05-02 12:07:52,index,154.5,330,TheEmptinessMachine,BBR,Dynamic,HTTP/1.1
2025-05-02 12:07:54,index,156.501000165939,330,TheEmptinessMachine,BBR,Dynamic,HTTP/1.1
2025-05-02 12:07:56,index,158.501000165939,330,TheEmptinessMachine,BBR,Dynamic,HTTP/1.1
2025-05-02 12:07:58,index,160.501000165939,330,TheEmptinessMachine,BBR,Dynamic,HTTP/1.1
2025-05-02 12:08:00,index,162.501000165939,330,TheEmptinessMachine,BBR,Dynamic,HTTP/1.1
2025-05-02 12:08:02,index,164.5,330,TheEmptinessMachine,BBR,Dynamic,HTTP/1.1
2025-05-02 12:08:04,index,166.501000165939,330,TheEmptinessMachine,BBR,Dynamic,HTTP/1.1
2025-05-02 12:08:06,index,168.5,330,TheEmptinessMachine,BBR,Dynamic,HTTP/1.1
2025-05-02 12:08:08,index,170.501000165939,330,TheEmptinessMachine,BBR,Dynamic,HTTP/1.1
2025-05-02 12:08:10,index,172.501000165939,330,TheEmptinessMachine,BBR,Dynamic,HTTP/1.1
2025-05-02 12:08:12,index,174.5,330,TheEmptinessMachine,BBR,Dynamic,HTTP/1.1
2025-05-02 12:08:14,index,176.501000165939,330,TheEmptinessMachine,BBR,Dynamic,HTTP/1.1
2025-05-02 12:08:16,index,178.5,330,TheEmptinessMachine,BBR,Dynamic,HTTP/1.1
2025-05-02 12:08:18,index,180.501000165939,330,TheEmptinessMachine,BBR,Dynamic,HTTP/1.1
2025-05-02 12:08:20,index,182.501000165939,330,TheEmptinessMachine,BBR,Dynamic,HTTP/1.1
2025-05-02 12:08:22,index,184.5,330,TheEmptinessMachine,BBR,Dynamic,HTTP/1.1
2025-05-02 12:08:24,index,186.5,330,TheEmptinessMachine,BBR,Dynamic,HTTP/1.1
2025-05-02 12:08:26,index,188.501000165939,330,TheEmptinessMachine,BBR,Dynamic,HTTP/1.1
2025-05-02 12:08:28,index,190.5,330,TheEmptinessMachine,BBR,Dynamic,HTTP/1.1
2025-05-02 12:08:30,index,192.5,330,TheEmptinessMachine,BBR,Dynamic,HTTP/1.1
2025-05-02 12:08:32,index,194.5,330,TheEmptinessMachine,BBR,Dynamic,HTTP/1.1
2025-05-02 12:08:34,index,196.501000165939,330,TheEmptinessMachine,BBR,Dynamic,HTTP/1.1
2025-05-02 12:08:36,index,198.5,330,TheEmptinessMachine,BBR,Dynamic,HTTP/1.1
2025-05-02 12:08:38,index,200.5,330,TheEmptinessMachine,BBR,Dynamic,HTTP/1.1
2025-05-02 12:08:40,index,202.5,330,TheEmptinessMachine,BBR,Dynamic,HTTP/1.1
2025-05-02 12:08:42,index,204.5,330,TheEmptinessMachine,BBR,Dynamic,HTTP/1.1
2025-05-02 12:08:44,index,206.5,330,TheEmptinessMachine,BBR,Dynamic,HTTP/1.1
2025-05-02 12:08:46,index,208.5,330,TheEmptinessMachine,BBR,Dynamic,HTTP/1.1
2025-05-02 12:09:19,index,2.10899996757507,1767,TheEmptinessMachine,BBR,Dynamic,HTTP/2
2025-05-02 12:09:21,index,4.10899996757507,1767,TheEmptinessMachine,BBR,Dynamic,HTTP/2
2025-05-02 12:09:23,index,6.10899996757507,4676,TheEmptinessMachine,BBR,Dynamic,HTTP/2
2025-05-02 12:09:25,index,8.10899996757507,214,TheEmptinessMachine,BBR,Dynamic,HTTP/2
2025-05-02 12:09:37,index,20.1089999675751,320,TheEmptinessMachine,BBR,Dynamic,HTTP/2
2025-05-02 12:09:39,index,22.1089999675751,320,TheEmptinessMachine,BBR,Dynamic,HTTP/2
2025-05-02 12:09:41,index,24.1089999675751,169,TheEmptinessMachine,BBR,Dynamic,HTTP/2
2025-05-02 12:09:43,index,26.1089999675751,320,TheEmptinessMachine,BBR,Dynamic,HTTP/2
2025-05-02 12:09:45,index,28.1089999675751,320,TheEmptinessMachine,BBR,Dynamic,HTTP/2
2025-05-02 12:09:47,index,30.1089999675751,214,TheEmptinessMachine,BBR,Dynamic,HTTP/2
2025-05-02 12:09:49,index,32.1089999675751,214,TheEmptinessMachine,BBR,Dynamic,HTTP/2
2025-05-02 12:09:51,index,34.1089999675751,214,TheEmptinessMachine,BBR,Dynamic,HTTP/2
2025-05-02 12:09:53,index,36.1079998016357,214,TheEmptinessMachine,BBR,Dynamic,HTTP/2
2025-05-02 12:09:55,index,38.1089999675751,214,TheEmptinessMachine,BBR,Dynamic,HTTP/2
2025-05-02 12:09:57,index,40.1089999675751,214,TheEmptinessMachine,BBR,Dynamic,HTTP/2
2025-05-02 12:09:59,index,42.1089999675751,214,TheEmptinessMachine,BBR,Dynamic,HTTP/2
2025-05-02 12:10:01,index,44.1089999675751,214,TheEmptinessMachine,BBR,Dynamic,HTTP/2
2025-05-02 12:10:03,index,46.1089999675751,214,TheEmptinessMachine,BBR,Dynamic,HTTP/2
2025-05-02 12:10:05,index,48.1089999675751,214,TheEmptinessMachine,BBR,Dynamic,HTTP/2
2025-05-02 12:10:07,index,50.1089999675751,214,TheEmptinessMachine,BBR,Dynamic,HTTP/2
2025-05-02 12:10:09,index,52.1089999675751,214,TheEmptinessMachine,BBR,Dynamic,HTTP/2
2025-05-02 12:10:11,index,54.1089999675751,330,TheEmptinessMachine,BBR,Dynamic,HTTP/2
2025-05-02 12:10:13,index,56.1089999675751,330,TheEmptinessMachine,BBR,Dynamic,HTTP/2
2025-05-02 12:10:15,index,58.1089999675751,330,TheEmptinessMachine,BBR,Dynamic,HTTP/2
2025-05-02 12:10:17,index,60.1089999675751,330,TheEmptinessMachine,BBR,Dynamic,HTTP/2
2025-05-02 12:10:19,index,62.1089999675751,330,TheEmptinessMachine,BBR,Dynamic,HTTP/2
2025-05-02 12:10:21,index,64.1089999675751,214,TheEmptinessMachine,BBR,Dynamic,HTTP/2
2025-05-02 12:10:23,index,66.1089999675751,214,TheEmptinessMachine,BBR,Dynamic,HTTP/2
2025-05-02 12:10:25,index,68.1089999675751,320,TheEmptinessMachine,BBR,Dynamic,HTTP/2
2025-05-02 12:10:27,index,70.1089999675751,320,TheEmptinessMachine,BBR,Dynamic,HTTP/2
2025-05-02 12:10:29,index,72.1089999675751,320,TheEmptinessMachine,BBR,Dynamic,HTTP/2
2025-05-02 12:10:31,index,74.1089999675751,84,TheEmptinessMachine,BBR,Dynamic,HTTP/2
2025-05-02 12:10:33,index,76.1089999675751,169,TheEmptinessMachine,BBR,Dynamic,HTTP/2
2025-05-02 12:10:35,index,78.1089999675751,214,TheEmptinessMachine,BBR,Dynamic,HTTP/2
2025-05-02 12:10:37,index,80.1089999675751,169,TheEmptinessMachine,BBR,Dynamic,HTTP/2
2025-05-02 12:10:39,index,82.1089999675751,214,TheEmptinessMachine,BBR,Dynamic,HTTP/2
2025-05-02 12:10:41,index,84.1089999675751,169,TheEmptinessMachine,BBR,Dynamic,HTTP/2
2025-05-02 12:10:43,index,86.1089999675751,169,TheEmptinessMachine,BBR,Dynamic,HTTP/2
2025-05-02 12:10:45,index,88.1079998016357,169,TheEmptinessMachine,BBR,Dynamic,HTTP/2
2025-05-02 12:10:47,index,90.1089999675751,169,TheEmptinessMachine,BBR,Dynamic,HTTP/2
2025-05-02 12:10:49,index,92.1089999675751,169,TheEmptinessMachine,BBR,Dynamic,HTTP/2
2025-05-02 12:10:51,index,94.1089999675751,169,TheEmptinessMachine,BBR,Dynamic,HTTP/2
2025-05-02 12:10:53,index,96.1089999675751,169,TheEmptinessMachine,BBR,Dynamic,HTTP/2
2025-05-02 12:10:55,index,98.1089999675751,330,TheEmptinessMachine,BBR,Dynamic,HTTP/2
2025-05-02 12:10:57,index,100.108999967575,330,TheEmptinessMachine,BBR,Dynamic,HTTP/2
2025-05-02 12:10:59,index,102.108999967575,330,TheEmptinessMachine,BBR,Dynamic,HTTP/2
2025-05-02 12:11:01,index,104.108999967575,330,TheEmptinessMachine,BBR,Dynamic,HTTP/2
2025-05-02 12:11:03,index,106.108999967575,330,TheEmptinessMachine,BBR,Dynamic,HTTP/2
2025-05-02 12:11:05,index,108.108999967575,330,TheEmptinessMachine,BBR,Dynamic,HTTP/2
2025-05-02 12:11:07,index,110.108999967575,330,TheEmptinessMachine,BBR,Dynamic,HTTP/2
2025-05-02 12:11:09,index,112.107999801636,330,TheEmptinessMachine,BBR,Dynamic,HTTP/2
2025-05-02 12:11:11,index,114.108999967575,330,TheEmptinessMachine,BBR,Dynamic,HTTP/2
2025-05-02 12:11:13,index,116.108999967575,330,TheEmptinessMachine,BBR,Dynamic,HTTP/2
2025-05-02 12:11:15,index,118.108999967575,330,TheEmptinessMachine,BBR,Dynamic,HTTP/2
2025-05-02 12:11:17,index,120.109999895096,330,TheEmptinessMachine,BBR,Dynamic,HTTP/2
2025-05-02 12:11:19,index,122.108999967575,330,TheEmptinessMachine,BBR,Dynamic,HTTP/2
2025-05-02 12:11:21,index,124.108999967575,330,TheEmptinessMachine,BBR,Dynamic,HTTP/2
2025-05-02 12:11:23,index,126.108999967575,330,TheEmptinessMachine,BBR,Dynamic,HTTP/2
2025-05-02 12:11:25,index,128.108999967575,330,TheEmptinessMachine,BBR,Dynamic,HTTP/2
2025-05-02 12:11:27,index,130.108999967575,330,TheEmptinessMachine,BBR,Dynamic,HTTP/2
2025-05-02 12:11:29,index,132.108999967575,330,TheEmptinessMachine,BBR,Dynamic,HTTP/2
2025-05-02 12:11:31,index,134.108999967575,330,TheEmptinessMachine,BBR,Dynamic,HTTP/2
2025-05-02 12:11:33,index,136.108999967575,330,TheEmptinessMachine,BBR,Dynamic,HTTP/2
2025-05-02 12:11:35,index,138.108999967575,330,TheEmptinessMachine,BBR,Dynamic,HTTP/2
2025-05-02 12:11:37,index,140.108999967575,330,TheEmptinessMachine,BBR,Dynamic,HTTP/2
2025-05-02 12:11:39,index,142.108999967575,330,TheEmptinessMachine,BBR,Dynamic,HTTP/2
2025-05-02 12:11:41,index,144.108999967575,330,TheEmptinessMachine,BBR,Dynamic,HTTP/2
2025-05-02 12:11:43,index,146.108999967575,330,TheEmptinessMachine,BBR,Dynamic,HTTP/2
2025-05-02 12:11:45,index,148.108999967575,330,TheEmptinessMachine,BBR,Dynamic,HTTP/2
2025-05-02 12:11:47,index,150.108999967575,330,TheEmptinessMachine,BBR,Dynamic,HTTP/2
2025-05-02 12:11:49,index,152.108999967575,330,TheEmptinessMachine,BBR,Dynamic,HTTP/2
2025-05-02 12:11:51,index,154.108999967575,635,TheEmptinessMachine,BBR,Dynamic,HTTP/2
2025-05-02 12:11:53,index,156.108999967575,635,TheEmptinessMachine,BBR,Dynamic,HTTP/2
2025-05-02 12:11:55,index,158.108999967575,674,TheEmptinessMachine,BBR,Dynamic,HTTP/2
2025-05-02 12:11:57,index,160.108999967575,674,TheEmptinessMachine,BBR,Dynamic,HTTP/2
2025-05-02 12:11:59,index,162.107999801636,674,TheEmptinessMachine,BBR,Dynamic,HTTP/2
2025-05-02 12:12:01,index,164.108999967575,674,TheEmptinessMachine,BBR,Dynamic,HTTP/2
2025-05-02 12:12:03,index,166.108999967575,674,TheEmptinessMachine,BBR,Dynamic,HTTP/2
2025-05-02 12:12:05,index,168.108999967575,330,TheEmptinessMachine,BBR,Dynamic,HTTP/2
2025-05-02 12:12:07,index,170.108999967575,330,TheEmptinessMachine,BBR,Dynamic,HTTP/2
2025-05-02 12:12:09,index,172.108999967575,330,TheEmptinessMachine,BBR,Dynamic,HTTP/2
2025-05-02 12:12:11,index,174.108999967575,330,TheEmptinessMachine,BBR,Dynamic,HTTP/2
2025-05-02 12:12:13,index,176.108999967575,330,TheEmptinessMachine,BBR,Dynamic,HTTP/2
2025-05-02 12:12:15,index,178.108999967575,330,TheEmptinessMachine,BBR,Dynamic,HTTP/2
2025-05-02 12:12:17,index,180.108999967575,330,TheEmptinessMachine,BBR,Dynamic,HTTP/2
2025-05-02 12:12:19,index,182.108999967575,635,TheEmptinessMachine,BBR,Dynamic,HTTP/2
2025-05-02 12:12:21,index,184.108999967575,674,TheEmptinessMachine,BBR,Dynamic,HTTP/2
2025-05-02 12:12:23,index,186.108999967575,674,TheEmptinessMachine,BBR,Dynamic,HTTP/2
2025-05-02 12:12:25,index,188.108999967575,674,TheEmptinessMachine,BBR,Dynamic,HTTP/2
2025-05-02 12:12:27,index,190.108999967575,330,TheEmptinessMachine,BBR,Dynamic,HTTP/2
2025-05-02 12:12:29,index,192.108999967575,674,TheEmptinessMachine,BBR,Dynamic,HTTP/2
2025-05-02 12:12:31,index,194.108999967575,169,TheEmptinessMachine,BBR,Dynamic,HTTP/2
2025-05-02 12:12:37,index,200.108999967575,214,TheEmptinessMachine,BBR,Dynamic,HTTP/2
2025-05-02 12:12:41,index,204.108999967575,84,TheEmptinessMachine,BBR,Dynamic,HTTP/2
2025-05-02 12:12:43,index,206.108999967575,84,TheEmptinessMachine,BBR,Dynamic,HTTP/2
2025-05-02 12:13:20,index,6.11300015449524,330,TheEmptinessMachine,BBR,Dynamic,HTTP/3
2025-05-02 12:13:22,index,8.11300015449524,330,TheEmptinessMachine,BBR,Dynamic,HTTP/3
2025-05-02 12:13:30,index,16.1130001544952,72,TheEmptinessMachine,BBR,Dynamic,HTTP/3
2025-05-02 12:13:32,index,18.1130001544952,72,TheEmptinessMachine,BBR,Dynamic,HTTP/3
2025-05-02 12:13:34,index,20.1130001544952,169,TheEmptinessMachine,BBR,Dynamic,HTTP/3
2025-05-02 12:13:36,index,22.1130001544952,169,TheEmptinessMachine,BBR,Dynamic,HTTP/3
2025-05-02 12:13:38,index,24.1130001544952,169,TheEmptinessMachine,BBR,Dynamic,HTTP/3
2025-05-02 12:13:40,index,26.1130001544952,166,TheEmptinessMachine,BBR,Dynamic,HTTP/3
2025-05-02 12:13:42,index,28.1130001544952,166,TheEmptinessMachine,BBR,Dynamic,HTTP/3
2025-05-02 12:13:44,index,30.1130001544952,166,TheEmptinessMachine,BBR,Dynamic,HTTP/3
2025-05-02 12:13:46,index,32.1130001544952,166,TheEmptinessMachine,BBR,Dynamic,HTTP/3
2025-05-02 12:13:48,index,34.1130001544952,166,TheEmptinessMachine,BBR,Dynamic,HTTP/3
2025-05-02 12:13:50,index,36.1130001544952,166,TheEmptinessMachine,BBR,Dynamic,HTTP/3
2025-05-02 12:13:52,index,38.1130001544952,84,TheEmptinessMachine,BBR,Dynamic,HTTP/3
2025-05-02 12:13:54,index,40.1130001544952,84,TheEmptinessMachine,BBR,Dynamic,HTTP/3
2025-05-02 12:13:56,index,42.1130001544952,84,TheEmptinessMachine,BBR,Dynamic,HTTP/3
2025-05-02 12:13:58,index,44.1130001544952,84,TheEmptinessMachine,BBR,Dynamic,HTTP/3
2025-05-02 12:14:00,index,46.1130001544952,84,TheEmptinessMachine,BBR,Dynamic,HTTP/3
2025-05-02 12:14:02,index,48.1130001544952,84,TheEmptinessMachine,BBR,Dynamic,HTTP/3
2025-05-02 12:14:04,index,50.1130001544952,84,TheEmptinessMachine,BBR,Dynamic,HTTP/3
2025-05-02 12:14:06,index,52.1130001544952,84,TheEmptinessMachine,BBR,Dynamic,HTTP/3
2025-05-02 12:14:08,index,54.1130001544952,84,TheEmptinessMachine,BBR,Dynamic,HTTP/3
2025-05-02 12:14:10,index,56.1130001544952,84,TheEmptinessMachine,BBR,Dynamic,HTTP/3
2025-05-02 12:14:12,index,58.1130001544952,84,TheEmptinessMachine,BBR,Dynamic,HTTP/3
2025-05-02 12:14:14,index,60.1130001544952,214,TheEmptinessMachine,BBR,Dynamic,HTTP/3
2025-05-02 12:14:16,index,62.1130001544952,214,TheEmptinessMachine,BBR,Dynamic,HTTP/3
2025-05-02 12:14:18,index,64.1130001544952,214,TheEmptinessMachine,BBR,Dynamic,HTTP/3
2025-05-02 12:14:20,index,66.1130001544952,169,TheEmptinessMachine,BBR,Dynamic,HTTP/3
2025-05-02 12:14:22,index,68.1130001544952,169,TheEmptinessMachine,BBR,Dynamic,HTTP/3
2025-05-02 12:14:24,index,70.1130001544952,72,TheEmptinessMachine,BBR,Dynamic,HTTP/3
2025-05-02 12:14:26,index,72.1130001544952,72,TheEmptinessMachine,BBR,Dynamic,HTTP/3
2025-05-02 12:14:28,index,74.1130001544952,72,TheEmptinessMachine,BBR,Dynamic,HTTP/3
2025-05-02 12:14:30,index,76.1130001544952,72,TheEmptinessMachine,BBR,Dynamic,HTTP/3
2025-05-02 12:14:32,index,78.1150000095367,72,TheEmptinessMachine,BBR,Dynamic,HTTP/3
2025-05-02 12:14:34,index,80.1130001544952,72,TheEmptinessMachine,BBR,Dynamic,HTTP/3
2025-05-02 12:14:36,index,82.1130001544952,214,TheEmptinessMachine,BBR,Dynamic,HTTP/3
2025-05-02 12:14:38,index,84.1130001544952,214,TheEmptinessMachine,BBR,Dynamic,HTTP/3
2025-05-02 12:14:40,index,86.1130001544952,214,TheEmptinessMachine,BBR,Dynamic,HTTP/3
2025-05-02 12:14:42,index,88.1130001544952,214,TheEmptinessMachine,BBR,Dynamic,HTTP/3
2025-05-02 12:14:44,index,90.1130001544952,214,TheEmptinessMachine,BBR,Dynamic,HTTP/3
2025-05-02 12:14:46,index,92.1130001544952,214,TheEmptinessMachine,BBR,Dynamic,HTTP/3
2025-05-02 12:14:48,index,94.1130001544952,84,TheEmptinessMachine,BBR,Dynamic,HTTP/3
2025-05-02 12:14:50,index,96.1130001544952,84,TheEmptinessMachine,BBR,Dynamic,HTTP/3
2025-05-02 12:14:52,index,98.1130001544952,84,TheEmptinessMachine,BBR,Dynamic,HTTP/3
2025-05-02 12:14:54,index,100.113000154495,84,TheEmptinessMachine,BBR,Dynamic,HTTP/3
2025-05-02 12:14:56,index,102.113000154495,84,TheEmptinessMachine,BBR,Dynamic,HTTP/3
2025-05-02 12:14:58,index,104.113000154495,214,TheEmptinessMachine,BBR,Dynamic,HTTP/3
2025-05-02 12:15:00,index,106.113000154495,214,TheEmptinessMachine,BBR,Dynamic,HTTP/3
2025-05-02 12:15:02,index,108.113000154495,84,TheEmptinessMachine,BBR,Dynamic,HTTP/3
2025-05-02 12:15:04,index,110.113000154495,84,TheEmptinessMachine,BBR,Dynamic,HTTP/3
2025-05-02 12:15:06,index,112.113000154495,84,TheEmptinessMachine,BBR,Dynamic,HTTP/3
2025-05-02 12:15:08,index,114.113000154495,84,TheEmptinessMachine,BBR,Dynamic,HTTP/3
2025-05-02 12:15:10,index,116.113000154495,84,TheEmptinessMachine,BBR,Dynamic,HTTP/3
2025-05-02 12:15:12,index,118.113000154495,84,TheEmptinessMachine,BBR,Dynamic,HTTP/3
2025-05-02 12:15:14,index,120.113000154495,330,TheEmptinessMachine,BBR,Dynamic,HTTP/3
2025-05-02 12:15:16,index,122.113000154495,330,TheEmptinessMachine,BBR,Dynamic,HTTP/3
2025-05-02 12:15:18,index,124.113000154495,330,TheEmptinessMachine,BBR,Dynamic,HTTP/3
2025-05-02 12:15:20,index,126.113000154495,169,TheEmptinessMachine,BBR,Dynamic,HTTP/3
2025-05-02 12:15:22,index,128.113000154495,169,TheEmptinessMachine,BBR,Dynamic,HTTP/3
2025-05-02 12:15:24,index,130.113000154495,169,TheEmptinessMachine,BBR,Dynamic,HTTP/3
2025-05-02 12:15:26,index,132.113000154495,169,TheEmptinessMachine,BBR,Dynamic,HTTP/3
2025-05-02 12:15:28,index,134.113000154495,169,TheEmptinessMachine,BBR,Dynamic,HTTP/3
2025-05-02 12:15:30,index,136.113000154495,330,TheEmptinessMachine,BBR,Dynamic,HTTP/3
2025-05-02 12:15:32,index,138.113000154495,330,TheEmptinessMachine,BBR,Dynamic,HTTP/3
2025-05-02 12:15:34,index,140.113000154495,330,TheEmptinessMachine,BBR,Dynamic,HTTP/3
2025-05-02 12:15:36,index,142.113000154495,330,TheEmptinessMachine,BBR,Dynamic,HTTP/3
2025-05-02 12:15:38,index,144.113000154495,330,TheEmptinessMachine,BBR,Dynamic,HTTP/3
2025-05-02 12:15:40,index,146.113000154495,330,TheEmptinessMachine,BBR,Dynamic,HTTP/3
2025-05-02 12:15:42,index,148.113000154495,84,TheEmptinessMachine,BBR,Dynamic,HTTP/3
2025-05-02 12:15:44,index,150.113000154495,84,TheEmptinessMachine,BBR,Dynamic,HTTP/3
2025-05-02 12:15:46,index,152.113000154495,84,TheEmptinessMachine,BBR,Dynamic,HTTP/3
2025-05-02 12:15:48,index,154.113000154495,84,TheEmptinessMachine,BBR,Dynamic,HTTP/3
2025-05-02 12:15:50,index,156.113000154495,84,TheEmptinessMachine,BBR,Dynamic,HTTP/3
2025-05-02 12:15:52,index,158.113000154495,214,TheEmptinessMachine,BBR,Dynamic,HTTP/3
2025-05-02 12:15:54,index,160.113000154495,214,TheEmptinessMachine,BBR,Dynamic,HTTP/3
2025-05-02 12:15:56,index,162.113000154495,330,TheEmptinessMachine,BBR,Dynamic,HTTP/3
2025-05-02 12:15:58,index,164.113000154495,84,TheEmptinessMachine,BBR,Dynamic,HTTP/3
2025-05-02 12:16:00,index,166.113000154495,84,TheEmptinessMachine,BBR,Dynamic,HTTP/3
2025-05-02 12:16:02,index,168.113000154495,84,TheEmptinessMachine,BBR,Dynamic,HTTP/3
2025-05-02 12:16:04,index,170.113000154495,84,TheEmptinessMachine,BBR,Dynamic,HTTP/3
2025-05-02 12:16:06,index,172.113000154495,84,TheEmptinessMachine,BBR,Dynamic,HTTP/3
2025-05-02 12:16:08,index,174.113000154495,84,TheEmptinessMachine,BBR,Dynamic,HTTP/3
2025-05-02 12:16:10,index,176.113000154495,214,TheEmptinessMachine,BBR,Dynamic,HTTP/3
2025-05-02 12:16:12,index,178.113000154495,214,TheEmptinessMachine,BBR,Dynamic,HTTP/3
2025-05-02 12:16:14,index,180.113000154495,214,TheEmptinessMachine,BBR,Dynamic,HTTP/3
2025-05-02 12:16:16,index,182.113000154495,214,TheEmptinessMachine,BBR,Dynamic,HTTP/3
2025-05-02 12:16:18,index,184.113000154495,320,TheEmptinessMachine,BBR,Dynamic,HTTP/3
2025-05-02 12:16:20,index,186.113000154495,330,TheEmptinessMachine,BBR,Dynamic,HTTP/3
2025-05-02 12:16:22,index,188.113000154495,330,TheEmptinessMachine,BBR,Dynamic,HTTP/3
2025-05-02 12:16:24,index,190.118000030518,320,TheEmptinessMachine,BBR,Dynamic,HTTP/3
2025-05-02 12:16:26,index,192.113000154495,320,TheEmptinessMachine,BBR,Dynamic,HTTP/3
2025-05-02 12:16:30,index,196.113000154495,214,TheEmptinessMachine,BBR,Dynamic,HTTP/3
2025-05-02 12:16:32,index,198.113000154495,214,TheEmptinessMachine,BBR,Dynamic,HTTP/3
2025-05-02 12:16:36,index,202.113000154495,169,TheEmptinessMachine,BBR,Dynamic,HTTP/3
2025-05-02 12:16:42,index,208.113000154495,169,TheEmptinessMachine,BBR,Dynamic,HTTP/3
2025-05-02 12:16:44,index,210.113000154495,169,TheEmptinessMachine,BBR,Dynamic,HTTP/3
2025-05-02 12:16:46,index,212.113000154495,169,TheEmptinessMachine,BBR,Dynamic,HTTP/3
2025-05-02 12:16:48,index,214.113000154495,169,TheEmptinessMachine,BBR,Dynamic,HTTP/3
2025-05-02 12:16:50,index,216.113000154495,169,TheEmptinessMachine,BBR,Dynamic,HTTP/3
2025-05-02 12:17:21,index,6.85599994659424,330,TheEmptinessMachine,BBR,Bola,HTTP/1.1
2025-05-02 12:17:23,index,8.85599994659424,330,TheEmptinessMachine,BBR,Bola,HTTP/1.1
2025-05-02 12:17:25,index,10.8559999465942,330,TheEmptinessMachine,BBR,Bola,HTTP/1.1
2025-05-02 12:17:27,index,12.8559999465942,330,TheEmptinessMachine,BBR,Bola,HTTP/1.1
2025-05-02 12:17:29,index,14.8559999465942,330,TheEmptinessMachine,BBR,Bola,HTTP/1.1
2025-05-02 12:17:31,index,16.8559999465942,330,TheEmptinessMachine,BBR,Bola,HTTP/1.1
2025-05-02 12:17:33,index,18.8559999465942,330,TheEmptinessMachine,BBR,Bola,HTTP/1.1
2025-05-02 12:17:35,index,20.8559999465942,330,TheEmptinessMachine,BBR,Bola,HTTP/1.1
2025-05-02 12:17:37,index,22.8559999465942,330,TheEmptinessMachine,BBR,Bola,HTTP/1.1
2025-05-02 12:17:39,index,24.8559999465942,330,TheEmptinessMachine,BBR,Bola,HTTP/1.1
2025-05-02 12:17:41,index,26.8559999465942,330,TheEmptinessMachine,BBR,Bola,HTTP/1.1
2025-05-02 12:17:43,index,28.8559999465942,330,TheEmptinessMachine,BBR,Bola,HTTP/1.1
2025-05-02 12:17:45,index,30.8559999465942,330,TheEmptinessMachine,BBR,Bola,HTTP/1.1
2025-05-02 12:17:47,index,32.8559999465942,330,TheEmptinessMachine,BBR,Bola,HTTP/1.1
2025-05-02 12:17:49,index,34.8559999465942,330,TheEmptinessMachine,BBR,Bola,HTTP/1.1
2025-05-02 12:17:51,index,36.8559999465942,635,TheEmptinessMachine,BBR,Bola,HTTP/1.1
2025-05-02 12:17:53,index,38.8559999465942,674,TheEmptinessMachine,BBR,Bola,HTTP/1.1
2025-05-02 12:17:55,index,40.8559999465942,674,TheEmptinessMachine,BBR,Bola,HTTP/1.1
2025-05-02 12:17:57,index,42.8559999465942,674,TheEmptinessMachine,BBR,Bola,HTTP/1.1
2025-05-02 12:17:59,index,44.8559999465942,674,TheEmptinessMachine,BBR,Bola,HTTP/1.1
2025-05-02 12:18:01,index,46.8559999465942,674,TheEmptinessMachine,BBR,Bola,HTTP/1.1
2025-05-02 12:18:03,index,48.8559999465942,330,TheEmptinessMachine,BBR,Bola,HTTP/1.1
2025-05-02 12:18:05,index,50.8559999465942,635,TheEmptinessMachine,BBR,Bola,HTTP/1.1
2025-05-02 12:18:07,index,52.8559999465942,674,TheEmptinessMachine,BBR,Bola,HTTP/1.1
2025-05-02 12:18:09,index,54.8559999465942,330,TheEmptinessMachine,BBR,Bola,HTTP/1.1
2025-05-02 12:18:11,index,56.8559999465942,674,TheEmptinessMachine,BBR,Bola,HTTP/1.1
2025-05-02 12:18:13,index,58.8559999465942,674,TheEmptinessMachine,BBR,Bola,HTTP/1.1
2025-05-02 12:18:15,index,60.8559999465942,674,TheEmptinessMachine,BBR,Bola,HTTP/1.1
2025-05-02 12:18:17,index,62.8559999465942,674,TheEmptinessMachine,BBR,Bola,HTTP/1.1
2025-05-02 12:18:19,index,64.8559999465942,674,TheEmptinessMachine,BBR,Bola,HTTP/1.1
2025-05-02 12:18:21,index,66.8559999465942,674,TheEmptinessMachine,BBR,Bola,HTTP/1.1
2025-05-02 12:18:23,index,68.8559999465942,674,TheEmptinessMachine,BBR,Bola,HTTP/1.1
2025-05-02 12:18:25,index,70.8559999465942,84,TheEmptinessMachine,BBR,Bola,HTTP/1.1
2025-05-02 12:18:27,index,72.8559999465942,166,TheEmptinessMachine,BBR,Bola,HTTP/1.1
2025-05-02 12:18:29,index,74.8559999465942,214,TheEmptinessMachine,BBR,Bola,HTTP/1.1
2025-05-02 12:18:31,index,76.8559999465942,214,TheEmptinessMachine,BBR,Bola,HTTP/1.1
2025-05-02 12:18:33,index,78.8559999465942,320,TheEmptinessMachine,BBR,Bola,HTTP/1.1
2025-05-02 12:18:35,index,80.8559999465942,330,TheEmptinessMachine,BBR,Bola,HTTP/1.1
2025-05-02 12:18:37,index,82.8559999465942,330,TheEmptinessMachine,BBR,Bola,HTTP/1.1
2025-05-02 12:18:39,index,84.8559999465942,320,TheEmptinessMachine,BBR,Bola,HTTP/1.1
2025-05-02 12:18:41,index,86.8559999465942,320,TheEmptinessMachine,BBR,Bola,HTTP/1.1
2025-05-02 12:18:43,index,88.8559999465942,320,TheEmptinessMachine,BBR,Bola,HTTP/1.1
2025-05-02 12:18:45,index,90.8559999465942,320,TheEmptinessMachine,BBR,Bola,HTTP/1.1
2025-05-02 12:18:47,index,92.8559999465942,320,TheEmptinessMachine,BBR,Bola,HTTP/1.1
2025-05-02 12:18:49,index,94.8559999465942,320,TheEmptinessMachine,BBR,Bola,HTTP/1.1
2025-05-02 12:18:51,index,96.8559999465942,320,TheEmptinessMachine,BBR,Bola,HTTP/1.1
2025-05-02 12:18:53,index,98.8559999465942,674,TheEmptinessMachine,BBR,Bola,HTTP/1.1
2025-05-02 12:18:55,index,100.855999946594,674,TheEmptinessMachine,BBR,Bola,HTTP/1.1
2025-05-02 12:18:57,index,102.855999946594,674,TheEmptinessMachine,BBR,Bola,HTTP/1.1
2025-05-02 12:18:59,index,104.855999946594,674,TheEmptinessMachine,BBR,Bola,HTTP/1.1
2025-05-02 12:19:01,index,106.855999946594,674,TheEmptinessMachine,BBR,Bola,HTTP/1.1
2025-05-02 12:19:03,index,108.855999946594,330,TheEmptinessMachine,BBR,Bola,HTTP/1.1
2025-05-02 12:19:05,index,110.855999946594,330,TheEmptinessMachine,BBR,Bola,HTTP/1.1
2025-05-02 12:19:07,index,112.855999946594,320,TheEmptinessMachine,BBR,Bola,HTTP/1.1
2025-05-02 12:19:09,index,114.855999946594,320,TheEmptinessMachine,BBR,Bola,HTTP/1.1
2025-05-02 12:19:11,index,116.855999946594,320,TheEmptinessMachine,BBR,Bola,HTTP/1.1
2025-05-02 12:19:13,index,118.855999946594,320,TheEmptinessMachine,BBR,Bola,HTTP/1.1
2025-05-02 12:19:15,index,120.855999946594,330,TheEmptinessMachine,BBR,Bola,HTTP/1.1
2025-05-02 12:19:17,index,122.855999946594,320,TheEmptinessMachine,BBR,Bola,HTTP/1.1
2025-05-02 12:19:19,index,124.855999946594,320,TheEmptinessMachine,BBR,Bola,HTTP/1.1
2025-05-02 12:19:21,index,126.855999946594,320,TheEmptinessMachine,BBR,Bola,HTTP/1.1
2025-05-02 12:19:23,index,128.855999946594,320,TheEmptinessMachine,BBR,Bola,HTTP/1.1
2025-05-02 12:19:25,index,130.855999946594,320,TheEmptinessMachine,BBR,Bola,HTTP/1.1
2025-05-02 12:19:27,index,132.855999946594,330,TheEmptinessMachine,BBR,Bola,HTTP/1.1
2025-05-02 12:19:29,index,134.855999946594,330,TheEmptinessMachine,BBR,Bola,HTTP/1.1
2025-05-02 12:19:31,index,136.855999946594,330,TheEmptinessMachine,BBR,Bola,HTTP/1.1
2025-05-02 12:19:33,index,138.855999946594,330,TheEmptinessMachine,BBR,Bola,HTTP/1.1
2025-05-02 12:19:35,index,140.855999946594,330,TheEmptinessMachine,BBR,Bola,HTTP/1.1
2025-05-02 12:19:37,index,142.855999946594,330,TheEmptinessMachine,BBR,Bola,HTTP/1.1
2025-05-02 12:19:39,index,144.855999946594,330,TheEmptinessMachine,BBR,Bola,HTTP/1.1
2025-05-02 12:19:41,index,146.855999946594,330,TheEmptinessMachine,BBR,Bola,HTTP/1.1
2025-05-02 12:19:43,index,148.855999946594,330,TheEmptinessMachine,BBR,Bola,HTTP/1.1
2025-05-02 12:19:45,index,150.855999946594,330,TheEmptinessMachine,BBR,Bola,HTTP/1.1
2025-05-02 12:19:47,index,152.855999946594,330,TheEmptinessMachine,BBR,Bola,HTTP/1.1
2025-05-02 12:19:49,index,154.855999946594,330,TheEmptinessMachine,BBR,Bola,HTTP/1.1
2025-05-02 12:19:51,index,156.855999946594,330,TheEmptinessMachine,BBR,Bola,HTTP/1.1
2025-05-02 12:19:53,index,158.855999946594,330,TheEmptinessMachine,BBR,Bola,HTTP/1.1
2025-05-02 12:19:55,index,160.855999946594,330,TheEmptinessMachine,BBR,Bola,HTTP/1.1
2025-05-02 12:19:57,index,162.855999946594,330,TheEmptinessMachine,BBR,Bola,HTTP/1.1
2025-05-02 12:19:59,index,164.855999946594,330,TheEmptinessMachine,BBR,Bola,HTTP/1.1
2025-05-02 12:20:01,index,166.855999946594,330,TheEmptinessMachine,BBR,Bola,HTTP/1.1
2025-05-02 12:20:03,index,168.855999946594,330,TheEmptinessMachine,BBR,Bola,HTTP/1.1
2025-05-02 12:20:05,index,170.855999946594,330,TheEmptinessMachine,BBR,Bola,HTTP/1.1
2025-05-02 12:20:07,index,172.855999946594,330,TheEmptinessMachine,BBR,Bola,HTTP/1.1
2025-05-02 12:20:09,index,174.855999946594,330,TheEmptinessMachine,BBR,Bola,HTTP/1.1
2025-05-02 12:20:11,index,176.855999946594,330,TheEmptinessMachine,BBR,Bola,HTTP/1.1
2025-05-02 12:20:13,index,178.855999946594,330,TheEmptinessMachine,BBR,Bola,HTTP/1.1
2025-05-02 12:20:15,index,180.855999946594,330,TheEmptinessMachine,BBR,Bola,HTTP/1.1
2025-05-02 12:20:17,index,182.855999946594,330,TheEmptinessMachine,BBR,Bola,HTTP/1.1
2025-05-02 12:20:19,index,184.855999946594,635,TheEmptinessMachine,BBR,Bola,HTTP/1.1
2025-05-02 12:20:21,index,186.855999946594,635,TheEmptinessMachine,BBR,Bola,HTTP/1.1
2025-05-02 12:20:23,index,188.855999946594,674,TheEmptinessMachine,BBR,Bola,HTTP/1.1
2025-05-02 12:20:25,index,190.855999946594,674,TheEmptinessMachine,BBR,Bola,HTTP/1.1
2025-05-02 12:20:27,index,192.855999946594,674,TheEmptinessMachine,BBR,Bola,HTTP/1.1
2025-05-02 12:20:29,index,194.855999946594,674,TheEmptinessMachine,BBR,Bola,HTTP/1.1
2025-05-02 12:20:31,index,196.855999946594,330,TheEmptinessMachine,BBR,Bola,HTTP/1.1
2025-05-02 12:20:33,index,198.855999946594,635,TheEmptinessMachine,BBR,Bola,HTTP/1.1
2025-05-02 12:20:35,index,200.855999946594,674,TheEmptinessMachine,BBR,Bola,HTTP/1.1
2025-05-02 12:20:37,index,202.855999946594,674,TheEmptinessMachine,BBR,Bola,HTTP/1.1
2025-05-02 12:20:41,index,206.855999946594,166,TheEmptinessMachine,BBR,Bola,HTTP/1.1
2025-05-02 12:20:43,index,208.855999946594,166,TheEmptinessMachine,BBR,Bola,HTTP/1.1
2025-05-02 12:21:22,index,4.09599995613098,1226,TheEmptinessMachine,BBR,Bola,HTTP/2
2025-05-02 12:21:26,index,8.09599995613098,166,TheEmptinessMachine,BBR,Bola,HTTP/2
2025-05-02 12:21:28,index,10.0950000286102,169,TheEmptinessMachine,BBR,Bola,HTTP/2
2025-05-02 12:21:30,index,12.0950000286102,214,TheEmptinessMachine,BBR,Bola,HTTP/2
2025-05-02 12:21:32,index,14.0950000286102,320,TheEmptinessMachine,BBR,Bola,HTTP/2
2025-05-02 12:21:34,index,16.095999956131,320,TheEmptinessMachine,BBR,Bola,HTTP/2
2025-05-02 12:21:38,index,20.0950000286102,320,TheEmptinessMachine,BBR,Bola,HTTP/2
2025-05-02 12:21:40,index,22.0950000286102,320,TheEmptinessMachine,BBR,Bola,HTTP/2
2025-05-02 12:21:42,index,24.0950000286102,320,TheEmptinessMachine,BBR,Bola,HTTP/2
2025-05-02 12:21:46,index,28.0950000286102,320,TheEmptinessMachine,BBR,Bola,HTTP/2
2025-05-02 12:21:48,index,30.0950000286102,674,TheEmptinessMachine,BBR,Bola,HTTP/2
2025-05-02 12:21:50,index,32.0950000286102,674,TheEmptinessMachine,BBR,Bola,HTTP/2
2025-05-02 12:21:52,index,34.0950000286102,674,TheEmptinessMachine,BBR,Bola,HTTP/2
2025-05-02 12:21:54,index,36.0950000286102,674,TheEmptinessMachine,BBR,Bola,HTTP/2
2025-05-02 12:21:56,index,38.0950000286102,674,TheEmptinessMachine,BBR,Bola,HTTP/2
2025-05-02 12:21:58,index,40.0950000286102,674,TheEmptinessMachine,BBR,Bola,HTTP/2
2025-05-02 12:22:00,index,42.0950000286102,330,TheEmptinessMachine,BBR,Bola,HTTP/2
2025-05-02 12:22:02,index,44.0950000286102,674,TheEmptinessMachine,BBR,Bola,HTTP/2
2025-05-02 12:22:04,index,46.095999956131,214,TheEmptinessMachine,BBR,Bola,HTTP/2
2025-05-02 12:22:10,index,52.0950000286102,166,TheEmptinessMachine,BBR,Bola,HTTP/2
2025-05-02 12:22:14,index,56.0950000286102,72,TheEmptinessMachine,BBR,Bola,HTTP/2
2025-05-02 12:22:20,index,62.095999956131,166,TheEmptinessMachine,BBR,Bola,HTTP/2
2025-05-02 12:22:22,index,64.0950000286102,166,TheEmptinessMachine,BBR,Bola,HTTP/2
2025-05-02 12:22:24,index,66.0950000286102,166,TheEmptinessMachine,BBR,Bola,HTTP/2
2025-05-02 12:22:26,index,68.0950000286102,166,TheEmptinessMachine,BBR,Bola,HTTP/2
2025-05-02 12:22:28,index,70.0950000286102,166,TheEmptinessMachine,BBR,Bola,HTTP/2
2025-05-02 12:22:30,index,72.0950000286102,330,TheEmptinessMachine,BBR,Bola,HTTP/2
2025-05-02 12:22:32,index,74.0950000286102,330,TheEmptinessMachine,BBR,Bola,HTTP/2
2025-05-02 12:22:34,index,76.095999956131,330,TheEmptinessMachine,BBR,Bola,HTTP/2
2025-05-02 12:22:36,index,78.095999956131,330,TheEmptinessMachine,BBR,Bola,HTTP/2
2025-05-02 12:22:38,index,80.0950000286102,330,TheEmptinessMachine,BBR,Bola,HTTP/2
2025-05-02 12:22:40,index,82.0950000286102,330,TheEmptinessMachine,BBR,Bola,HTTP/2
2025-05-02 12:22:44,index,86.0950000286102,330,TheEmptinessMachine,BBR,Bola,HTTP/2
2025-05-02 12:22:46,index,88.0950000286102,330,TheEmptinessMachine,BBR,Bola,HTTP/2
2025-05-02 12:22:48,index,90.0950000286102,330,TheEmptinessMachine,BBR,Bola,HTTP/2
2025-05-02 12:22:50,index,92.0950000286102,330,TheEmptinessMachine,BBR,Bola,HTTP/2
2025-05-02 12:22:52,index,94.095999956131,330,TheEmptinessMachine,BBR,Bola,HTTP/2
2025-05-02 12:22:54,index,96.0950000286102,330,TheEmptinessMachine,BBR,Bola,HTTP/2
2025-05-02 12:22:56,index,98.0950000286102,330,TheEmptinessMachine,BBR,Bola,HTTP/2
2025-05-02 12:22:58,index,100.095999956131,330,TheEmptinessMachine,BBR,Bola,HTTP/2
2025-05-02 12:23:00,index,102.09500002861,330,TheEmptinessMachine,BBR,Bola,HTTP/2
2025-05-02 12:23:02,index,104.09500002861,330,TheEmptinessMachine,BBR,Bola,HTTP/2
2025-05-02 12:23:04,index,106.09500002861,330,TheEmptinessMachine,BBR,Bola,HTTP/2
2025-05-02 12:23:06,index,108.09500002861,330,TheEmptinessMachine,BBR,Bola,HTTP/2
2025-05-02 12:23:08,index,110.09500002861,330,TheEmptinessMachine,BBR,Bola,HTTP/2
2025-05-02 12:23:10,index,112.09500002861,330,TheEmptinessMachine,BBR,Bola,HTTP/2
2025-05-02 12:23:14,index,116.09500002861,330,TheEmptinessMachine,BBR,Bola,HTTP/2
2025-05-02 12:23:18,index,120.09500002861,330,TheEmptinessMachine,BBR,Bola,HTTP/2
2025-05-02 12:23:20,index,122.095999956131,330,TheEmptinessMachine,BBR,Bola,HTTP/2
2025-05-02 12:23:22,index,124.09500002861,330,TheEmptinessMachine,BBR,Bola,HTTP/2
2025-05-02 12:23:24,index,126.095999956131,330,TheEmptinessMachine,BBR,Bola,HTTP/2
2025-05-02 12:23:26,index,128.09500002861,330,TheEmptinessMachine,BBR,Bola,HTTP/2
2025-05-02 12:23:28,index,130.09500002861,330,TheEmptinessMachine,BBR,Bola,HTTP/2
2025-05-02 12:23:30,index,132.09500002861,330,TheEmptinessMachine,BBR,Bola,HTTP/2
2025-05-02 12:23:32,index,134.095999956131,330,TheEmptinessMachine,BBR,Bola,HTTP/2
2025-05-02 12:23:34,index,136.095999956131,330,TheEmptinessMachine,BBR,Bola,HTTP/2
2025-05-02 12:23:36,index,138.09500002861,330,TheEmptinessMachine,BBR,Bola,HTTP/2
2025-05-02 12:23:38,index,140.095999956131,330,TheEmptinessMachine,BBR,Bola,HTTP/2
2025-05-02 12:23:40,index,142.095999956131,330,TheEmptinessMachine,BBR,Bola,HTTP/2
2025-05-02 12:23:42,index,144.09500002861,330,TheEmptinessMachine,BBR,Bola,HTTP/2
2025-05-02 12:23:44,index,146.09500002861,330,TheEmptinessMachine,BBR,Bola,HTTP/2
2025-05-02 12:23:46,index,148.09500002861,330,TheEmptinessMachine,BBR,Bola,HTTP/2
2025-05-02 12:23:48,index,150.09500002861,330,TheEmptinessMachine,BBR,Bola,HTTP/2
2025-05-02 12:23:50,index,152.09500002861,330,TheEmptinessMachine,BBR,Bola,HTTP/2
2025-05-02 12:23:52,index,154.09500002861,330,TheEmptinessMachine,BBR,Bola,HTTP/2
2025-05-02 12:23:54,index,156.09500002861,330,TheEmptinessMachine,BBR,Bola,HTTP/2
2025-05-02 12:23:56,index,158.09500002861,330,TheEmptinessMachine,BBR,Bola,HTTP/2
2025-05-02 12:23:58,index,160.09500002861,330,TheEmptinessMachine,BBR,Bola,HTTP/2
2025-05-02 12:24:00,index,162.09500002861,330,TheEmptinessMachine,BBR,Bola,HTTP/2
2025-05-02 12:24:02,index,164.09500002861,330,TheEmptinessMachine,BBR,Bola,HTTP/2
2025-05-02 12:24:04,index,166.09500002861,330,TheEmptinessMachine,BBR,Bola,HTTP/2
2025-05-02 12:24:08,index,170.09500002861,330,TheEmptinessMachine,BBR,Bola,HTTP/2
2025-05-02 12:24:10,index,172.09500002861,330,TheEmptinessMachine,BBR,Bola,HTTP/2
2025-05-02 12:24:12,index,174.09500002861,330,TheEmptinessMachine,BBR,Bola,HTTP/2
2025-05-02 12:24:14,index,176.095999956131,330,TheEmptinessMachine,BBR,Bola,HTTP/2
2025-05-02 12:24:16,index,178.09500002861,330,TheEmptinessMachine,BBR,Bola,HTTP/2
2025-05-02 12:24:18,index,180.09500002861,330,TheEmptinessMachine,BBR,Bola,HTTP/2
2025-05-02 12:24:20,index,182.09500002861,330,TheEmptinessMachine,BBR,Bola,HTTP/2
2025-05-02 12:24:22,index,184.09500002861,635,TheEmptinessMachine,BBR,Bola,HTTP/2
2025-05-02 12:24:24,index,186.09500002861,635,TheEmptinessMachine,BBR,Bola,HTTP/2
2025-05-02 12:24:26,index,188.09500002861,635,TheEmptinessMachine,BBR,Bola,HTTP/2
2025-05-02 12:24:28,index,190.09500002861,635,TheEmptinessMachine,BBR,Bola,HTTP/2
2025-05-02 12:24:30,index,192.09500002861,635,TheEmptinessMachine,BBR,Bola,HTTP/2
2025-05-02 12:24:32,index,194.09500002861,330,TheEmptinessMachine,BBR,Bola,HTTP/2
2025-05-02 12:24:34,index,196.09500002861,330,TheEmptinessMachine,BBR,Bola,HTTP/2
2025-05-02 12:24:36,index,198.09500002861,330,TheEmptinessMachine,BBR,Bola,HTTP/2
2025-05-02 12:24:38,index,200.09500002861,330,TheEmptinessMachine,BBR,Bola,HTTP/2
2025-05-02 12:24:40,index,202.09500002861,330,TheEmptinessMachine,BBR,Bola,HTTP/2
2025-05-02 12:24:42,index,204.09500002861,330,TheEmptinessMachine,BBR,Bola,HTTP/2
2025-05-02 12:24:44,index,206.09500002861,330,TheEmptinessMachine,BBR,Bola,HTTP/2
2025-05-02 12:25:24,index,4.1029999256134,1106,TheEmptinessMachine,BBR,Bola,HTTP/3
2025-05-02 12:25:26,index,6.1029999256134,1106,TheEmptinessMachine,BBR,Bola,HTTP/3
2025-05-02 12:25:32,index,12.1029999256134,169,TheEmptinessMachine,BBR,Bola,HTTP/3
2025-05-02 12:25:34,index,14.1019999980927,214,TheEmptinessMachine,BBR,Bola,HTTP/3
2025-05-02 12:25:38,index,18.1019999980927,84,TheEmptinessMachine,BBR,Bola,HTTP/3
2025-05-02 12:25:40,index,20.1029999256134,166,TheEmptinessMachine,BBR,Bola,HTTP/3
2025-05-02 12:25:42,index,22.1029999256134,166,TheEmptinessMachine,BBR,Bola,HTTP/3
2025-05-02 12:25:44,index,24.1029999256134,166,TheEmptinessMachine,BBR,Bola,HTTP/3
2025-05-02 12:25:46,index,26.1029999256134,84,TheEmptinessMachine,BBR,Bola,HTTP/3
2025-05-02 12:25:48,index,28.1029999256134,84,TheEmptinessMachine,BBR,Bola,HTTP/3
2025-05-02 12:25:50,index,30.1029999256134,84,TheEmptinessMachine,BBR,Bola,HTTP/3
2025-05-02 12:25:52,index,32.1029999256134,84,TheEmptinessMachine,BBR,Bola,HTTP/3
2025-05-02 12:25:54,index,34.1029999256134,84,TheEmptinessMachine,BBR,Bola,HTTP/3
2025-05-02 12:25:56,index,36.1029999256134,84,TheEmptinessMachine,BBR,Bola,HTTP/3
2025-05-02 12:25:58,index,38.1029999256134,84,TheEmptinessMachine,BBR,Bola,HTTP/3
2025-05-02 12:26:00,index,40.1029999256134,84,TheEmptinessMachine,BBR,Bola,HTTP/3
2025-05-02 12:26:02,index,42.1029999256134,330,TheEmptinessMachine,BBR,Bola,HTTP/3
2025-05-02 12:26:04,index,44.1019999980927,84,TheEmptinessMachine,BBR,Bola,HTTP/3
2025-05-02 12:26:06,index,46.1029999256134,84,TheEmptinessMachine,BBR,Bola,HTTP/3
2025-05-02 12:26:08,index,48.1019999980927,84,TheEmptinessMachine,BBR,Bola,HTTP/3
2025-05-02 12:26:10,index,50.1019999980927,84,TheEmptinessMachine,BBR,Bola,HTTP/3
2025-05-02 12:26:12,index,52.1029999256134,84,TheEmptinessMachine,BBR,Bola,HTTP/3
2025-05-02 12:26:14,index,54.1019999980927,214,TheEmptinessMachine,BBR,Bola,HTTP/3
2025-05-02 12:26:16,index,56.1029999256134,214,TheEmptinessMachine,BBR,Bola,HTTP/3
2025-05-02 12:26:18,index,58.1029999256134,330,TheEmptinessMachine,BBR,Bola,HTTP/3
2025-05-02 12:26:20,index,60.1029999256134,330,TheEmptinessMachine,BBR,Bola,HTTP/3
2025-05-02 12:26:22,index,62.1019999980927,330,TheEmptinessMachine,BBR,Bola,HTTP/3
2025-05-02 12:26:24,index,64.1019999980927,330,TheEmptinessMachine,BBR,Bola,HTTP/3
2025-05-02 12:26:26,index,66.1029999256134,330,TheEmptinessMachine,BBR,Bola,HTTP/3
2025-05-02 12:26:28,index,68.1029999256134,330,TheEmptinessMachine,BBR,Bola,HTTP/3
2025-05-02 12:26:32,index,72.1039998531342,330,TheEmptinessMachine,BBR,Bola,HTTP/3
2025-05-02 12:26:34,index,74.1029999256134,330,TheEmptinessMachine,BBR,Bola,HTTP/3
2025-05-02 12:26:36,index,76.1029999256134,330,TheEmptinessMachine,BBR,Bola,HTTP/3
2025-05-02 12:26:38,index,78.1029999256134,330,TheEmptinessMachine,BBR,Bola,HTTP/3
2025-05-02 12:26:40,index,80.1029999256134,330,TheEmptinessMachine,BBR,Bola,HTTP/3
2025-05-02 12:26:42,index,82.1019999980927,72,TheEmptinessMachine,BBR,Bola,HTTP/3
2025-05-02 12:26:44,index,84.1029999256134,72,TheEmptinessMachine,BBR,Bola,HTTP/3
2025-05-02 12:26:46,index,86.1019999980927,72,TheEmptinessMachine,BBR,Bola,HTTP/3
2025-05-02 12:26:48,index,88.1019999980927,72,TheEmptinessMachine,BBR,Bola,HTTP/3
2025-05-02 12:26:50,index,90.1029999256134,72,TheEmptinessMachine,BBR,Bola,HTTP/3
2025-05-02 12:26:52,index,92.1019999980927,214,TheEmptinessMachine,BBR,Bola,HTTP/3
2025-05-02 12:26:54,index,94.1029999256134,330,TheEmptinessMachine,BBR,Bola,HTTP/3
2025-05-02 12:26:56,index,96.1029999256134,330,TheEmptinessMachine,BBR,Bola,HTTP/3
2025-05-02 12:26:58,index,98.1029999256134,330,TheEmptinessMachine,BBR,Bola,HTTP/3
2025-05-02 12:27:00,index,100.101999998093,330,TheEmptinessMachine,BBR,Bola,HTTP/3
2025-05-02 12:27:02,index,102.102999925613,330,TheEmptinessMachine,BBR,Bola,HTTP/3
2025-05-02 12:27:04,index,104.101999998093,330,TheEmptinessMachine,BBR,Bola,HTTP/3
2025-05-02 12:27:06,index,106.102999925613,84,TheEmptinessMachine,BBR,Bola,HTTP/3
2025-05-02 12:27:08,index,108.102999925613,320,TheEmptinessMachine,BBR,Bola,HTTP/3
2025-05-02 12:27:10,index,110.101999998093,320,TheEmptinessMachine,BBR,Bola,HTTP/3
2025-05-02 12:27:12,index,112.101999998093,320,TheEmptinessMachine,BBR,Bola,HTTP/3
2025-05-02 12:27:14,index,114.102999925613,320,TheEmptinessMachine,BBR,Bola,HTTP/3
2025-05-02 12:27:16,index,116.101999998093,320,TheEmptinessMachine,BBR,Bola,HTTP/3
2025-05-02 12:27:18,index,118.102999925613,72,TheEmptinessMachine,BBR,Bola,HTTP/3
2025-05-02 12:27:20,index,120.101999998093,72,TheEmptinessMachine,BBR,Bola,HTTP/3
2025-05-02 12:27:22,index,122.101999998093,72,TheEmptinessMachine,BBR,Bola,HTTP/3
2025-05-02 12:27:24,index,124.102999925613,72,TheEmptinessMachine,BBR,Bola,HTTP/3
2025-05-02 12:27:26,index,126.101999998093,72,TheEmptinessMachine,BBR,Bola,HTTP/3
2025-05-02 12:27:28,index,128.102999925613,72,TheEmptinessMachine,BBR,Bola,HTTP/3
2025-05-02 12:27:30,index,130.102999925613,214,TheEmptinessMachine,BBR,Bola,HTTP/3
2025-05-02 12:27:32,index,132.102999925613,214,TheEmptinessMachine,BBR,Bola,HTTP/3
2025-05-02 12:27:34,index,134.102999925613,214,TheEmptinessMachine,BBR,Bola,HTTP/3
2025-05-02 12:27:36,index,136.103999853134,84,TheEmptinessMachine,BBR,Bola,HTTP/3
2025-05-02 12:27:38,index,138.101999998093,84,TheEmptinessMachine,BBR,Bola,HTTP/3
2025-05-02 12:27:40,index,140.102999925613,84,TheEmptinessMachine,BBR,Bola,HTTP/3
2025-05-02 12:27:42,index,142.101999998093,84,TheEmptinessMachine,BBR,Bola,HTTP/3
2025-05-02 12:27:44,index,144.101999998093,84,TheEmptinessMachine,BBR,Bola,HTTP/3
2025-05-02 12:27:46,index,146.101999998093,84,TheEmptinessMachine,BBR,Bola,HTTP/3
2025-05-02 12:27:48,index,148.102999925613,84,TheEmptinessMachine,BBR,Bola,HTTP/3
2025-05-02 12:27:50,index,150.101999998093,214,TheEmptinessMachine,BBR,Bola,HTTP/3
2025-05-02 12:27:52,index,152.101999998093,214,TheEmptinessMachine,BBR,Bola,HTTP/3
2025-05-02 12:27:54,index,154.102999925613,214,TheEmptinessMachine,BBR,Bola,HTTP/3
2025-05-02 12:27:56,index,156.102999925613,214,TheEmptinessMachine,BBR,Bola,HTTP/3
2025-05-02 12:27:58,index,158.101999998093,320,TheEmptinessMachine,BBR,Bola,HTTP/3
2025-05-02 12:28:00,index,160.101999998093,84,TheEmptinessMachine,BBR,Bola,HTTP/3
2025-05-02 12:28:02,index,162.101999998093,84,TheEmptinessMachine,BBR,Bola,HTTP/3
2025-05-02 12:28:04,index,164.102999925613,84,TheEmptinessMachine,BBR,Bola,HTTP/3
2025-05-02 12:28:06,index,166.102999925613,84,TheEmptinessMachine,BBR,Bola,HTTP/3
2025-05-02 12:28:08,index,168.102999925613,84,TheEmptinessMachine,BBR,Bola,HTTP/3
2025-05-02 12:28:10,index,170.102999925613,84,TheEmptinessMachine,BBR,Bola,HTTP/3
2025-05-02 12:28:12,index,172.101999998093,214,TheEmptinessMachine,BBR,Bola,HTTP/3
2025-05-02 12:28:14,index,174.102999925613,330,TheEmptinessMachine,BBR,Bola,HTTP/3
2025-05-02 12:28:16,index,176.101999998093,330,TheEmptinessMachine,BBR,Bola,HTTP/3
2025-05-02 12:28:18,index,178.102999925613,330,TheEmptinessMachine,BBR,Bola,HTTP/3
2025-05-02 12:28:20,index,180.101999998093,330,TheEmptinessMachine,BBR,Bola,HTTP/3
2025-05-02 12:28:22,index,182.102999925613,330,TheEmptinessMachine,BBR,Bola,HTTP/3
2025-05-02 12:28:24,index,184.102999925613,214,TheEmptinessMachine,BBR,Bola,HTTP/3
2025-05-02 12:28:26,index,186.102999925613,84,TheEmptinessMachine,BBR,Bola,HTTP/3
2025-05-02 12:28:28,index,188.101999998093,166,TheEmptinessMachine,BBR,Bola,HTTP/3
2025-05-02 12:28:30,index,190.102999925613,166,TheEmptinessMachine,BBR,Bola,HTTP/3
2025-05-02 12:28:32,index,192.102999925613,214,TheEmptinessMachine,BBR,Bola,HTTP/3
2025-05-02 12:28:34,index,194.102999925613,72,TheEmptinessMachine,BBR,Bola,HTTP/3
2025-05-02 12:28:36,index,196.101999998093,72,TheEmptinessMachine,BBR,Bola,HTTP/3
2025-05-02 12:28:38,index,198.101999998093,72,TheEmptinessMachine,BBR,Bola,HTTP/3
2025-05-02 12:28:40,index,200.102999925613,72,TheEmptinessMachine,BBR,Bola,HTTP/3
2025-05-02 12:28:42,index,202.102999925613,72,TheEmptinessMachine,BBR,Bola,HTTP/3
2025-05-02 12:29:27,index,2.7960000038147,980,TheEmptinessMachine,BBR,Festive,HTTP/1.1
2025-05-02 12:29:29,index,4.79500007629395,3486,TheEmptinessMachine,BBR,Festive,HTTP/1.1
2025-05-02 12:29:31,index,6.7960000038147,3486,TheEmptinessMachine,BBR,Festive,HTTP/1.1
2025-05-02 12:29:35,index,10.7950000762939,330,TheEmptinessMachine,BBR,Festive,HTTP/1.1
2025-05-02 12:29:37,index,12.7950000762939,980,TheEmptinessMachine,BBR,Festive,HTTP/1.1
2025-05-02 12:29:39,index,14.7950000762939,980,TheEmptinessMachine,BBR,Festive,HTTP/1.1
2025-05-02 12:29:41,index,16.7950000762939,1106,TheEmptinessMachine,BBR,Festive,HTTP/1.1
2025-05-02 12:29:45,index,20.7950000762939,674,TheEmptinessMachine,BBR,Festive,HTTP/1.1
2025-05-02 12:29:47,index,22.7950000762939,674,TheEmptinessMachine,BBR,Festive,HTTP/1.1
2025-05-02 12:29:51,index,26.7950000762939,674,TheEmptinessMachine,BBR,Festive,HTTP/1.1
2025-05-02 12:29:53,index,28.7950000762939,674,TheEmptinessMachine,BBR,Festive,HTTP/1.1
2025-05-02 12:30:01,index,36.7950000762939,330,TheEmptinessMachine,BBR,Festive,HTTP/1.1
2025-05-02 12:30:03,index,38.7950000762939,214,TheEmptinessMachine,BBR,Festive,HTTP/1.1
2025-05-02 12:30:05,index,40.7950000762939,330,TheEmptinessMachine,BBR,Festive,HTTP/1.1
2025-05-02 12:30:07,index,42.7950000762939,84,TheEmptinessMachine,BBR,Festive,HTTP/1.1
2025-05-02 12:30:09,index,44.7950000762939,320,TheEmptinessMachine,BBR,Festive,HTTP/1.1
2025-05-02 12:30:11,index,46.7950000762939,320,TheEmptinessMachine,BBR,Festive,HTTP/1.1
2025-05-02 12:30:13,index,48.7950000762939,320,TheEmptinessMachine,BBR,Festive,HTTP/1.1
2025-05-02 12:30:15,index,50.7950000762939,320,TheEmptinessMachine,BBR,Festive,HTTP/1.1
2025-05-02 12:30:17,index,52.7950000762939,320,TheEmptinessMachine,BBR,Festive,HTTP/1.1
2025-05-02 12:30:19,index,54.7950000762939,320,TheEmptinessMachine,BBR,Festive,HTTP/1.1
2025-05-02 12:30:21,index,56.7950000762939,320,TheEmptinessMachine,BBR,Festive,HTTP/1.1
2025-05-02 12:30:23,index,58.7950000762939,320,TheEmptinessMachine,BBR,Festive,HTTP/1.1
2025-05-02 12:30:25,index,60.7950000762939,1226,TheEmptinessMachine,BBR,Festive,HTTP/1.1
2025-05-02 12:30:27,index,62.7950000762939,635,TheEmptinessMachine,BBR,Festive,HTTP/1.1
2025-05-02 12:30:29,index,64.7950000762939,635,TheEmptinessMachine,BBR,Festive,HTTP/1.1
2025-05-02 12:30:31,index,66.7950000762939,635,TheEmptinessMachine,BBR,Festive,HTTP/1.1
2025-05-02 12:30:33,index,68.7950000762939,330,TheEmptinessMachine,BBR,Festive,HTTP/1.1
2025-05-02 12:30:35,index,70.7950000762939,169,TheEmptinessMachine,BBR,Festive,HTTP/1.1
2025-05-02 12:30:37,index,72.7950000762939,330,TheEmptinessMachine,BBR,Festive,HTTP/1.1
2025-05-02 12:30:39,index,74.7950000762939,674,TheEmptinessMachine,BBR,Festive,HTTP/1.1
2025-05-02 12:30:41,index,76.7950000762939,674,TheEmptinessMachine,BBR,Festive,HTTP/1.1
2025-05-02 12:30:43,index,78.7950000762939,635,TheEmptinessMachine,BBR,Festive,HTTP/1.1
2025-05-02 12:30:45,index,80.7950000762939,674,TheEmptinessMachine,BBR,Festive,HTTP/1.1
2025-05-02 12:30:47,index,82.7950000762939,330,TheEmptinessMachine,BBR,Festive,HTTP/1.1
2025-05-02 12:30:49,index,84.7950000762939,674,TheEmptinessMachine,BBR,Festive,HTTP/1.1
2025-05-02 12:30:51,index,86.7950000762939,674,TheEmptinessMachine,BBR,Festive,HTTP/1.1
2025-05-02 12:30:53,index,88.7950000762939,330,TheEmptinessMachine,BBR,Festive,HTTP/1.1
2025-05-02 12:30:55,index,90.7950000762939,674,TheEmptinessMachine,BBR,Festive,HTTP/1.1
2025-05-02 12:30:57,index,92.7950000762939,674,TheEmptinessMachine,BBR,Festive,HTTP/1.1
2025-05-02 12:31:01,index,96.7950000762939,169,TheEmptinessMachine,BBR,Festive,HTTP/1.1
2025-05-02 12:31:03,index,98.7950000762939,330,TheEmptinessMachine,BBR,Festive,HTTP/1.1
2025-05-02 12:31:05,index,100.795000076294,330,TheEmptinessMachine,BBR,Festive,HTTP/1.1
2025-05-02 12:31:07,index,102.795000076294,330,TheEmptinessMachine,BBR,Festive,HTTP/1.1
2025-05-02 12:31:09,index,104.795000076294,330,TheEmptinessMachine,BBR,Festive,HTTP/1.1
2025-05-02 12:31:13,index,108.795000076294,320,TheEmptinessMachine,BBR,Festive,HTTP/1.1
2025-05-02 12:31:15,index,110.795000076294,320,TheEmptinessMachine,BBR,Festive,HTTP/1.1
2025-05-02 12:31:17,index,112.795000076294,320,TheEmptinessMachine,BBR,Festive,HTTP/1.1
2025-05-02 12:31:19,index,114.795000076294,320,TheEmptinessMachine,BBR,Festive,HTTP/1.1
2025-05-02 12:31:21,index,116.795000076294,214,TheEmptinessMachine,BBR,Festive,HTTP/1.1
2025-05-02 12:31:23,index,118.795000076294,214,TheEmptinessMachine,BBR,Festive,HTTP/1.1
2025-05-02 12:31:25,index,120.795000076294,214,TheEmptinessMachine,BBR,Festive,HTTP/1.1
2025-05-02 12:31:27,index,122.795000076294,214,TheEmptinessMachine,BBR,Festive,HTTP/1.1
2025-05-02 12:31:29,index,124.795000076294,214,TheEmptinessMachine,BBR,Festive,HTTP/1.1
2025-05-02 12:31:31,index,126.795000076294,214,TheEmptinessMachine,BBR,Festive,HTTP/1.1
2025-05-02 12:31:33,index,128.795000076294,214,TheEmptinessMachine,BBR,Festive,HTTP/1.1
2025-05-02 12:31:35,index,130.795000076294,214,TheEmptinessMachine,BBR,Festive,HTTP/1.1
2025-05-02 12:31:37,index,132.795000076294,214,TheEmptinessMachine,BBR,Festive,HTTP/1.1
2025-05-02 12:31:39,index,134.795000076294,214,TheEmptinessMachine,BBR,Festive,HTTP/1.1
2025-05-02 12:31:41,index,136.795000076294,214,TheEmptinessMachine,BBR,Festive,HTTP/1.1
2025-05-02 12:31:43,index,138.795000076294,214,TheEmptinessMachine,BBR,Festive,HTTP/1.1
2025-05-02 12:31:45,index,140.795000076294,214,TheEmptinessMachine,BBR,Festive,HTTP/1.1
2025-05-02 12:31:47,index,142.795000076294,1767,TheEmptinessMachine,BBR,Festive,HTTP/1.1
2025-05-02 12:31:49,index,144.795000076294,980,TheEmptinessMachine,BBR,Festive,HTTP/1.1
2025-05-02 12:31:51,index,146.795000076294,980,TheEmptinessMachine,BBR,Festive,HTTP/1.1
2025-05-02 12:31:53,index,148.795000076294,980,TheEmptinessMachine,BBR,Festive,HTTP/1.1
2025-05-02 12:31:55,index,150.795000076294,330,TheEmptinessMachine,BBR,Festive,HTTP/1.1
2025-05-02 12:31:57,index,152.795000076294,330,TheEmptinessMachine,BBR,Festive,HTTP/1.1
2025-05-02 12:31:59,index,154.795000076294,330,TheEmptinessMachine,BBR,Festive,HTTP/1.1
2025-05-02 12:32:01,index,156.795000076294,330,TheEmptinessMachine,BBR,Festive,HTTP/1.1
2025-05-02 12:32:03,index,158.795000076294,330,TheEmptinessMachine,BBR,Festive,HTTP/1.1
2025-05-02 12:32:05,index,160.795000076294,2974,TheEmptinessMachine,BBR,Festive,HTTP/1.1
2025-05-02 12:32:07,index,162.795000076294,635,TheEmptinessMachine,BBR,Festive,HTTP/1.1
2025-05-02 12:32:09,index,164.795000076294,635,TheEmptinessMachine,BBR,Festive,HTTP/1.1
2025-05-02 12:32:11,index,166.795000076294,635,TheEmptinessMachine,BBR,Festive,HTTP/1.1
2025-05-02 12:32:13,index,168.795000076294,635,TheEmptinessMachine,BBR,Festive,HTTP/1.1
2025-05-02 12:32:15,index,170.795000076294,635,TheEmptinessMachine,BBR,Festive,HTTP/1.1
2025-05-02 12:32:17,index,172.795000076294,674,TheEmptinessMachine,BBR,Festive,HTTP/1.1
2025-05-02 12:32:19,index,174.795000076294,214,TheEmptinessMachine,BBR,Festive,HTTP/1.1
2025-05-02 12:32:21,index,176.795000076294,330,TheEmptinessMachine,BBR,Festive,HTTP/1.1
2025-05-02 12:32:23,index,178.795000076294,674,TheEmptinessMachine,BBR,Festive,HTTP/1.1
2025-05-02 12:32:25,index,180.795000076294,674,TheEmptinessMachine,BBR,Festive,HTTP/1.1
2025-05-02 12:32:27,index,182.795000076294,330,TheEmptinessMachine,BBR,Festive,HTTP/1.1
2025-05-02 12:32:29,index,184.795000076294,674,TheEmptinessMachine,BBR,Festive,HTTP/1.1
2025-05-02 12:32:31,index,186.795000076294,674,TheEmptinessMachine,BBR,Festive,HTTP/1.1
2025-05-02 12:32:33,index,188.796000003815,330,TheEmptinessMachine,BBR,Festive,HTTP/1.1
2025-05-02 12:32:35,index,190.795000076294,330,TheEmptinessMachine,BBR,Festive,HTTP/1.1
2025-05-02 12:32:37,index,192.795000076294,330,TheEmptinessMachine,BBR,Festive,HTTP/1.1
2025-05-02 12:32:41,index,196.795000076294,330,TheEmptinessMachine,BBR,Festive,HTTP/1.1
2025-05-02 12:32:43,index,198.795000076294,330,TheEmptinessMachine,BBR,Festive,HTTP/1.1
2025-05-02 12:32:45,index,200.795000076294,320,TheEmptinessMachine,BBR,Festive,HTTP/1.1
2025-05-02 12:32:47,index,202.795000076294,320,TheEmptinessMachine,BBR,Festive,HTTP/1.1
2025-05-02 12:32:49,index,204.795000076294,320,TheEmptinessMachine,BBR,Festive,HTTP/1.1
2025-05-02 12:33:30,index,4.10400009155273,980,TheEmptinessMachine,BBR,Festive,HTTP/2
2025-05-02 12:33:32,index,6.10400009155273,1226,TheEmptinessMachine,BBR,Festive,HTTP/2
2025-05-02 12:33:34,index,8.10400009155273,1226,TheEmptinessMachine,BBR,Festive,HTTP/2
2025-05-02 12:33:40,index,14.1040000915527,330,TheEmptinessMachine,BBR,Festive,HTTP/2
2025-05-02 12:33:46,index,20.103000164032,330,TheEmptinessMachine,BBR,Festive,HTTP/2
2025-05-02 12:33:50,index,24.1040000915527,320,TheEmptinessMachine,BBR,Festive,HTTP/2
2025-05-02 12:33:52,index,26.1040000915527,320,TheEmptinessMachine,BBR,Festive,HTTP/2
2025-05-02 12:33:54,index,28.1040000915527,169,TheEmptinessMachine,BBR,Festive,HTTP/2
2025-05-02 12:33:56,index,30.1040000915527,320,TheEmptinessMachine,BBR,Festive,HTTP/2
2025-05-02 12:33:58,index,32.1040000915527,320,TheEmptinessMachine,BBR,Festive,HTTP/2
2025-05-02 12:34:00,index,34.1040000915527,320,TheEmptinessMachine,BBR,Festive,HTTP/2
2025-05-02 12:34:02,index,36.1040000915527,214,TheEmptinessMachine,BBR,Festive,HTTP/2
2025-05-02 12:34:04,index,38.1040000915527,214,TheEmptinessMachine,BBR,Festive,HTTP/2
2025-05-02 12:34:06,index,40.1040000915527,214,TheEmptinessMachine,BBR,Festive,HTTP/2
2025-05-02 12:34:08,index,42.1040000915527,214,TheEmptinessMachine,BBR,Festive,HTTP/2
2025-05-02 12:34:10,index,44.103000164032,214,TheEmptinessMachine,BBR,Festive,HTTP/2
2025-05-02 12:34:12,index,46.103000164032,214,TheEmptinessMachine,BBR,Festive,HTTP/2
2025-05-02 12:34:14,index,48.1040000915527,214,TheEmptinessMachine,BBR,Festive,HTTP/2
2025-05-02 12:34:16,index,50.1040000915527,214,TheEmptinessMachine,BBR,Festive,HTTP/2
2025-05-02 12:34:18,index,52.1040000915527,214,TheEmptinessMachine,BBR,Festive,HTTP/2
2025-05-02 12:34:20,index,54.1040000915527,1767,TheEmptinessMachine,BBR,Festive,HTTP/2
2025-05-02 12:34:22,index,56.1040000915527,674,TheEmptinessMachine,BBR,Festive,HTTP/2
2025-05-02 12:34:24,index,58.1040000915527,674,TheEmptinessMachine,BBR,Festive,HTTP/2
2025-05-02 12:34:26,index,60.1040000915527,674,TheEmptinessMachine,BBR,Festive,HTTP/2
2025-05-02 12:34:28,index,62.103000164032,674,TheEmptinessMachine,BBR,Festive,HTTP/2
2025-05-02 12:34:30,index,64.1040000915527,674,TheEmptinessMachine,BBR,Festive,HTTP/2
2025-05-02 12:34:32,index,66.1040000915527,674,TheEmptinessMachine,BBR,Festive,HTTP/2
2025-05-02 12:34:34,index,68.1040000915527,214,TheEmptinessMachine,BBR,Festive,HTTP/2
2025-05-02 12:34:36,index,70.1040000915527,674,TheEmptinessMachine,BBR,Festive,HTTP/2
2025-05-02 12:34:38,index,72.1040000915527,674,TheEmptinessMachine,BBR,Festive,HTTP/2
2025-05-02 12:34:40,index,74.1040000915527,674,TheEmptinessMachine,BBR,Festive,HTTP/2
2025-05-02 12:34:42,index,76.1040000915527,330,TheEmptinessMachine,BBR,Festive,HTTP/2
2025-05-02 12:34:44,index,78.1040000915527,330,TheEmptinessMachine,BBR,Festive,HTTP/2
2025-05-02 12:34:46,index,80.1040000915527,635,TheEmptinessMachine,BBR,Festive,HTTP/2
2025-05-02 12:34:48,index,82.1040000915527,635,TheEmptinessMachine,BBR,Festive,HTTP/2
2025-05-02 12:34:50,index,84.1040000915527,214,TheEmptinessMachine,BBR,Festive,HTTP/2
2025-05-02 12:34:52,index,86.103000164032,330,TheEmptinessMachine,BBR,Festive,HTTP/2
2025-05-02 12:34:54,index,88.1040000915527,330,TheEmptinessMachine,BBR,Festive,HTTP/2
2025-05-02 12:34:56,index,90.1040000915527,330,TheEmptinessMachine,BBR,Festive,HTTP/2
2025-05-02 12:34:58,index,92.1040000915527,330,TheEmptinessMachine,BBR,Festive,HTTP/2
2025-05-02 12:35:00,index,94.1040000915527,320,TheEmptinessMachine,BBR,Festive,HTTP/2
2025-05-02 12:35:02,index,96.1040000915527,320,TheEmptinessMachine,BBR,Festive,HTTP/2
2025-05-02 12:35:04,index,98.1040000915527,320,TheEmptinessMachine,BBR,Festive,HTTP/2
2025-05-02 12:35:06,index,100.104000091553,320,TheEmptinessMachine,BBR,Festive,HTTP/2
2025-05-02 12:35:08,index,102.103000164032,320,TheEmptinessMachine,BBR,Festive,HTTP/2
2025-05-02 12:35:10,index,104.104000091553,320,TheEmptinessMachine,BBR,Festive,HTTP/2
2025-05-02 12:35:12,index,106.104000091553,320,TheEmptinessMachine,BBR,Festive,HTTP/2
2025-05-02 12:35:14,index,108.104000091553,320,TheEmptinessMachine,BBR,Festive,HTTP/2
2025-05-02 12:35:16,index,110.104000091553,320,TheEmptinessMachine,BBR,Festive,HTTP/2
2025-05-02 12:35:18,index,112.104000091553,320,TheEmptinessMachine,BBR,Festive,HTTP/2
2025-05-02 12:35:20,index,114.104000091553,320,TheEmptinessMachine,BBR,Festive,HTTP/2
2025-05-02 12:35:22,index,116.104000091553,320,TheEmptinessMachine,BBR,Festive,HTTP/2
2025-05-02 12:35:24,index,118.103000164032,320,TheEmptinessMachine,BBR,Festive,HTTP/2
2025-05-02 12:35:26,index,120.104000091553,1767,TheEmptinessMachine,BBR,Festive,HTTP/2
2025-05-02 12:35:28,index,122.104000091553,674,TheEmptinessMachine,BBR,Festive,HTTP/2
2025-05-02 12:35:30,index,124.104000091553,674,TheEmptinessMachine,BBR,Festive,HTTP/2
2025-05-02 12:35:32,index,126.103000164032,674,TheEmptinessMachine,BBR,Festive,HTTP/2
2025-05-02 12:35:34,index,128.104000091553,674,TheEmptinessMachine,BBR,Festive,HTTP/2
2025-05-02 12:35:36,index,130.103000164032,674,TheEmptinessMachine,BBR,Festive,HTTP/2
2025-05-02 12:35:38,index,132.104000091553,330,TheEmptinessMachine,BBR,Festive,HTTP/2
2025-05-02 12:35:40,index,134.104000091553,214,TheEmptinessMachine,BBR,Festive,HTTP/2
2025-05-02 12:35:42,index,136.104000091553,330,TheEmptinessMachine,BBR,Festive,HTTP/2
2025-05-02 12:35:44,index,138.104000091553,330,TheEmptinessMachine,BBR,Festive,HTTP/2
2025-05-02 12:35:48,index,142.104000091553,330,TheEmptinessMachine,BBR,Festive,HTTP/2
2025-05-02 12:35:50,index,144.104000091553,330,TheEmptinessMachine,BBR,Festive,HTTP/2
2025-05-02 12:35:52,index,146.104000091553,674,TheEmptinessMachine,BBR,Festive,HTTP/2
2025-05-02 12:35:54,index,148.104000091553,674,TheEmptinessMachine,BBR,Festive,HTTP/2
2025-05-02 12:35:56,index,150.104000091553,330,TheEmptinessMachine,BBR,Festive,HTTP/2
2025-05-02 12:35:58,index,152.105000019073,169,TheEmptinessMachine,BBR,Festive,HTTP/2
2025-05-02 12:36:00,index,154.104000091553,330,TheEmptinessMachine,BBR,Festive,HTTP/2
2025-05-02 12:36:02,index,156.104000091553,330,TheEmptinessMachine,BBR,Festive,HTTP/2
2025-05-02 12:36:04,index,158.104000091553,674,TheEmptinessMachine,BBR,Festive,HTTP/2
2025-05-02 12:36:06,index,160.104000091553,330,TheEmptinessMachine,BBR,Festive,HTTP/2
2025-05-02 12:36:08,index,162.104000091553,330,TheEmptinessMachine,BBR,Festive,HTTP/2
2025-05-02 12:36:10,index,164.103000164032,674,TheEmptinessMachine,BBR,Festive,HTTP/2
2025-05-02 12:36:12,index,166.105000019073,674,TheEmptinessMachine,BBR,Festive,HTTP/2
2025-05-02 12:36:16,index,170.104000091553,330,TheEmptinessMachine,BBR,Festive,HTTP/2
2025-05-02 12:36:18,index,172.104000091553,330,TheEmptinessMachine,BBR,Festive,HTTP/2
2025-05-02 12:36:20,index,174.104000091553,674,TheEmptinessMachine,BBR,Festive,HTTP/2
2025-05-02 12:36:22,index,176.104000091553,674,TheEmptinessMachine,BBR,Festive,HTTP/2
2025-05-02 12:36:26,index,180.104000091553,330,TheEmptinessMachine,BBR,Festive,HTTP/2
2025-05-02 12:36:28,index,182.104000091553,330,TheEmptinessMachine,BBR,Festive,HTTP/2
2025-05-02 12:36:30,index,184.104000091553,330,TheEmptinessMachine,BBR,Festive,HTTP/2
2025-05-02 12:36:32,index,186.104000091553,635,TheEmptinessMachine,BBR,Festive,HTTP/2
2025-05-02 12:36:34,index,188.104000091553,635,TheEmptinessMachine,BBR,Festive,HTTP/2
2025-05-02 12:36:36,index,190.104000091553,84,TheEmptinessMachine,BBR,Festive,HTTP/2
2025-05-02 12:36:38,index,192.104000091553,330,TheEmptinessMachine,BBR,Festive,HTTP/2
2025-05-02 12:36:40,index,194.104000091553,330,TheEmptinessMachine,BBR,Festive,HTTP/2
2025-05-02 12:36:42,index,196.104000091553,330,TheEmptinessMachine,BBR,Festive,HTTP/2
2025-05-02 12:36:44,index,198.104000091553,330,TheEmptinessMachine,BBR,Festive,HTTP/2
2025-05-02 12:36:46,index,200.104000091553,330,TheEmptinessMachine,BBR,Festive,HTTP/2
2025-05-02 12:36:48,index,202.103000164032,330,TheEmptinessMachine,BBR,Festive,HTTP/2
2025-05-02 12:36:50,index,204.104000091553,330,TheEmptinessMachine,BBR,Festive,HTTP/2
2025-05-02 12:36:52,index,206.104000091553,330,TheEmptinessMachine,BBR,Festive,HTTP/2
2025-05-02 12:36:54,index,208.104000091553,330,TheEmptinessMachine,BBR,Festive,HTTP/2
2025-05-02 12:37:31,index,8.10099983215332,214,TheEmptinessMachine,BBR,Festive,HTTP/3
2025-05-02 12:37:33,index,10.1009998321533,214,TheEmptinessMachine,BBR,Festive,HTTP/3
2025-05-02 12:37:35,index,12.1019999980927,214,TheEmptinessMachine,BBR,Festive,HTTP/3
2025-05-02 12:37:39,index,16.1009998321533,84,TheEmptinessMachine,BBR,Festive,HTTP/3
2025-05-02 12:37:41,index,18.1009998321533,84,TheEmptinessMachine,BBR,Festive,HTTP/3
2025-05-02 12:37:43,index,20.1009998321533,84,TheEmptinessMachine,BBR,Festive,HTTP/3
2025-05-02 12:37:45,index,22.1009998321533,84,TheEmptinessMachine,BBR,Festive,HTTP/3
2025-05-02 12:37:47,index,24.1009998321533,980,TheEmptinessMachine,BBR,Festive,HTTP/3
2025-05-02 12:37:49,index,26.1009998321533,330,TheEmptinessMachine,BBR,Festive,HTTP/3
2025-05-02 12:37:51,index,28.1009998321533,330,TheEmptinessMachine,BBR,Festive,HTTP/3
2025-05-02 12:37:53,index,30.1009998321533,330,TheEmptinessMachine,BBR,Festive,HTTP/3
2025-05-02 12:37:55,index,32.1009998321533,330,TheEmptinessMachine,BBR,Festive,HTTP/3
2025-05-02 12:37:57,index,34.1009998321533,330,TheEmptinessMachine,BBR,Festive,HTTP/3
2025-05-02 12:37:59,index,36.1009998321533,330,TheEmptinessMachine,BBR,Festive,HTTP/3
2025-05-02 12:38:01,index,38.1009998321533,169,TheEmptinessMachine,BBR,Festive,HTTP/3
2025-05-02 12:38:03,index,40.1009998321533,214,TheEmptinessMachine,BBR,Festive,HTTP/3
2025-05-02 12:38:05,index,42.1009998321533,214,TheEmptinessMachine,BBR,Festive,HTTP/3
2025-05-02 12:38:07,index,44.1009998321533,320,TheEmptinessMachine,BBR,Festive,HTTP/3
2025-05-02 12:38:09,index,46.1009998321533,214,TheEmptinessMachine,BBR,Festive,HTTP/3
2025-05-02 12:38:11,index,48.1009998321533,320,TheEmptinessMachine,BBR,Festive,HTTP/3
2025-05-02 12:38:13,index,50.1009998321533,214,TheEmptinessMachine,BBR,Festive,HTTP/3
2025-05-02 12:38:15,index,52.1009998321533,214,TheEmptinessMachine,BBR,Festive,HTTP/3
2025-05-02 12:38:17,index,54.1009998321533,214,TheEmptinessMachine,BBR,Festive,HTTP/3
2025-05-02 12:38:19,index,56.1009998321533,214,TheEmptinessMachine,BBR,Festive,HTTP/3
2025-05-02 12:38:21,index,58.1009998321533,214,TheEmptinessMachine,BBR,Festive,HTTP/3
2025-05-02 12:38:23,index,60.1009998321533,214,TheEmptinessMachine,BBR,Festive,HTTP/3
2025-05-02 12:38:25,index,62.1009998321533,84,TheEmptinessMachine,BBR,Festive,HTTP/3
2025-05-02 12:38:27,index,64.1009998321533,84,TheEmptinessMachine,BBR,Festive,HTTP/3
2025-05-02 12:38:29,index,66.1009998321533,84,TheEmptinessMachine,BBR,Festive,HTTP/3
2025-05-02 12:38:31,index,68.1009998321533,84,TheEmptinessMachine,BBR,Festive,HTTP/3
2025-05-02 12:38:33,index,70.1009998321533,84,TheEmptinessMachine,BBR,Festive,HTTP/3
2025-05-02 12:38:35,index,72.1009998321533,84,TheEmptinessMachine,BBR,Festive,HTTP/3
2025-05-02 12:38:37,index,74.1009998321533,1106,TheEmptinessMachine,BBR,Festive,HTTP/3
2025-05-02 12:38:39,index,76.1009998321533,1106,TheEmptinessMachine,BBR,Festive,HTTP/3
2025-05-02 12:38:41,index,78.1009998321533,674,TheEmptinessMachine,BBR,Festive,HTTP/3
2025-05-02 12:38:43,index,80.1009998321533,674,TheEmptinessMachine,BBR,Festive,HTTP/3
2025-05-02 12:38:45,index,82.1009998321533,674,TheEmptinessMachine,BBR,Festive,HTTP/3
2025-05-02 12:38:47,index,84.1009998321533,214,TheEmptinessMachine,BBR,Festive,HTTP/3
2025-05-02 12:38:49,index,86.1009998321533,214,TheEmptinessMachine,BBR,Festive,HTTP/3
2025-05-02 12:38:51,index,88.1009998321533,84,TheEmptinessMachine,BBR,Festive,HTTP/3
2025-05-02 12:38:53,index,90.1009998321533,84,TheEmptinessMachine,BBR,Festive,HTTP/3
2025-05-02 12:38:55,index,92.1009998321533,84,TheEmptinessMachine,BBR,Festive,HTTP/3
2025-05-02 12:38:57,index,94.1009998321533,674,TheEmptinessMachine,BBR,Festive,HTTP/3
2025-05-02 12:38:59,index,96.1009998321533,214,TheEmptinessMachine,BBR,Festive,HTTP/3
2025-05-02 12:39:01,index,98.1009998321533,214,TheEmptinessMachine,BBR,Festive,HTTP/3
2025-05-02 12:39:03,index,100.100999832153,214,TheEmptinessMachine,BBR,Festive,HTTP/3
2025-05-02 12:39:05,index,102.100999832153,214,TheEmptinessMachine,BBR,Festive,HTTP/3
2025-05-02 12:39:07,index,104.100999832153,81,TheEmptinessMachine,BBR,Festive,HTTP/3
2025-05-02 12:39:09,index,106.100999832153,81,TheEmptinessMachine,BBR,Festive,HTTP/3
2025-05-02 12:39:11,index,108.100999832153,214,TheEmptinessMachine,BBR,Festive,HTTP/3
2025-05-02 12:39:13,index,110.100999832153,214,TheEmptinessMachine,BBR,Festive,HTTP/3
2025-05-02 12:39:19,index,116.100999832153,72,TheEmptinessMachine,BBR,Festive,HTTP/3
2025-05-02 12:39:21,index,118.100999832153,72,TheEmptinessMachine,BBR,Festive,HTTP/3
2025-05-02 12:39:23,index,120.100999832153,72,TheEmptinessMachine,BBR,Festive,HTTP/3
2025-05-02 12:39:25,index,122.100999832153,674,TheEmptinessMachine,BBR,Festive,HTTP/3
2025-05-02 12:39:27,index,124.100999832153,330,TheEmptinessMachine,BBR,Festive,HTTP/3
2025-05-02 12:39:29,index,126.100999832153,330,TheEmptinessMachine,BBR,Festive,HTTP/3
2025-05-02 12:39:31,index,128.100999832153,330,TheEmptinessMachine,BBR,Festive,HTTP/3
2025-05-02 12:39:33,index,130.100999832153,330,TheEmptinessMachine,BBR,Festive,HTTP/3
2025-05-02 12:39:35,index,132.100999832153,330,TheEmptinessMachine,BBR,Festive,HTTP/3
2025-05-02 12:39:37,index,134.100999832153,72,TheEmptinessMachine,BBR,Festive,HTTP/3
2025-05-02 12:39:39,index,136.100999832153,72,TheEmptinessMachine,BBR,Festive,HTTP/3
2025-05-02 12:39:41,index,138.100999832153,72,TheEmptinessMachine,BBR,Festive,HTTP/3
2025-05-02 12:39:43,index,140.100999832153,72,TheEmptinessMachine,BBR,Festive,HTTP/3
2025-05-02 12:39:45,index,142.100999832153,72,TheEmptinessMachine,BBR,Festive,HTTP/3
2025-05-02 12:39:47,index,144.100999832153,72,TheEmptinessMachine,BBR,Festive,HTTP/3
2025-05-02 12:39:49,index,146.100999832153,674,TheEmptinessMachine,BBR,Festive,HTTP/3
2025-05-02 12:39:51,index,148.100999832153,84,TheEmptinessMachine,BBR,Festive,HTTP/3
2025-05-02 12:39:53,index,150.100999832153,84,TheEmptinessMachine,BBR,Festive,HTTP/3
2025-05-02 12:39:55,index,152.100999832153,84,TheEmptinessMachine,BBR,Festive,HTTP/3
2025-05-02 12:39:57,index,154.100999832153,84,TheEmptinessMachine,BBR,Festive,HTTP/3
2025-05-02 12:39:59,index,156.100999832153,84,TheEmptinessMachine,BBR,Festive,HTTP/3
2025-05-02 12:40:01,index,158.100999832153,674,TheEmptinessMachine,BBR,Festive,HTTP/3
2025-05-02 12:40:03,index,160.100999832153,84,TheEmptinessMachine,BBR,Festive,HTTP/3
2025-05-02 12:40:05,index,162.100999832153,84,TheEmptinessMachine,BBR,Festive,HTTP/3
2025-05-02 12:40:07,index,164.100999832153,84,TheEmptinessMachine,BBR,Festive,HTTP/3
2025-05-02 12:40:09,index,166.100999832153,84,TheEmptinessMachine,BBR,Festive,HTTP/3
2025-05-02 12:40:11,index,168.100999832153,84,TheEmptinessMachine,BBR,Festive,HTTP/3
2025-05-02 12:40:13,index,170.100999832153,84,TheEmptinessMachine,BBR,Festive,HTTP/3
2025-05-02 12:40:15,index,172.100999832153,674,TheEmptinessMachine,BBR,Festive,HTTP/3
2025-05-02 12:40:17,index,174.100999832153,674,TheEmptinessMachine,BBR,Festive,HTTP/3
2025-05-02 12:40:19,index,176.100999832153,330,TheEmptinessMachine,BBR,Festive,HTTP/3
2025-05-02 12:40:21,index,178.100999832153,330,TheEmptinessMachine,BBR,Festive,HTTP/3
2025-05-02 12:40:23,index,180.100999832153,330,TheEmptinessMachine,BBR,Festive,HTTP/3
2025-05-02 12:40:25,index,182.100999832153,84,TheEmptinessMachine,BBR,Festive,HTTP/3
2025-05-02 12:40:27,index,184.100999832153,84,TheEmptinessMachine,BBR,Festive,HTTP/3
2025-05-02 12:40:29,index,186.100999832153,84,TheEmptinessMachine,BBR,Festive,HTTP/3
2025-05-02 12:40:31,index,188.100999832153,84,TheEmptinessMachine,BBR,Festive,HTTP/3
2025-05-02 12:40:33,index,190.100999832153,84,TheEmptinessMachine,BBR,Festive,HTTP/3
2025-05-02 12:40:35,index,192.100999832153,84,TheEmptinessMachine,BBR,Festive,HTTP/3
2025-05-02 12:40:37,index,194.100999832153,1106,TheEmptinessMachine,BBR,Festive,HTTP/3
2025-05-02 12:40:39,index,196.100999832153,1106,TheEmptinessMachine,BBR,Festive,HTTP/3
2025-05-02 12:40:41,index,198.100999832153,169,TheEmptinessMachine,BBR,Festive,HTTP/3
2025-05-02 12:40:43,index,200.100999832153,169,TheEmptinessMachine,BBR,Festive,HTTP/3
2025-05-02 12:40:45,index,202.100999832153,169,TheEmptinessMachine,BBR,Festive,HTTP/3
2025-05-02 12:40:47,index,204.100999832153,169,TheEmptinessMachine,BBR,Festive,HTTP/3
2025-05-02 12:40:49,index,206.100999832153,84,TheEmptinessMachine,BBR,Festive,HTTP/3
2025-05-02 12:40:51,index,208.100999832153,84,TheEmptinessMachine,BBR,Festive,HTTP/3
2025-05-02 12:40:53,index,210.100999832153,84,TheEmptinessMachine,BBR,Festive,HTTP/3
2025-05-02 12:41:29,index,4.29399991035461,1226,TheEmptinessMachine,BBR,L2A,HTTP/1.1
2025-05-02 12:41:33,index,8.29399991035461,214,TheEmptinessMachine,BBR,L2A,HTTP/1.1
2025-05-02 12:41:39,index,14.2939999103546,330,TheEmptinessMachine,BBR,L2A,HTTP/1.1
2025-05-02 12:41:41,index,16.2939999103546,84,TheEmptinessMachine,BBR,L2A,HTTP/1.1
2025-05-02 12:41:43,index,18.2939999103546,214,TheEmptinessMachine,BBR,L2A,HTTP/1.1
2025-05-02 12:41:45,index,20.2939999103546,320,TheEmptinessMachine,BBR,L2A,HTTP/1.1
2025-05-02 12:41:47,index,22.2939999103546,320,TheEmptinessMachine,BBR,L2A,HTTP/1.1
2025-05-02 12:41:49,index,24.2939999103546,214,TheEmptinessMachine,BBR,L2A,HTTP/1.1
2025-05-02 12:41:51,index,26.2939999103546,214,TheEmptinessMachine,BBR,L2A,HTTP/1.1
2025-05-02 12:41:53,index,28.2939999103546,214,TheEmptinessMachine,BBR,L2A,HTTP/1.1
2025-05-02 12:41:55,index,30.2939999103546,214,TheEmptinessMachine,BBR,L2A,HTTP/1.1
2025-05-02 12:42:01,index,36.2939999103546,169,TheEmptinessMachine,BBR,L2A,HTTP/1.1
2025-05-02 12:42:03,index,38.2939999103546,169,TheEmptinessMachine,BBR,L2A,HTTP/1.1
2025-05-02 12:42:05,index,40.2939999103546,169,TheEmptinessMachine,BBR,L2A,HTTP/1.1
2025-05-02 12:42:07,index,42.2939999103546,169,TheEmptinessMachine,BBR,L2A,HTTP/1.1
2025-05-02 12:42:09,index,44.2939999103546,169,TheEmptinessMachine,BBR,L2A,HTTP/1.1
2025-05-02 12:42:11,index,46.2939999103546,169,TheEmptinessMachine,BBR,L2A,HTTP/1.1
2025-05-02 12:42:13,index,48.2939999103546,169,TheEmptinessMachine,BBR,L2A,HTTP/1.1
2025-05-02 12:42:15,index,50.2939999103546,169,TheEmptinessMachine,BBR,L2A,HTTP/1.1
2025-05-02 12:42:17,index,52.2939999103546,169,TheEmptinessMachine,BBR,L2A,HTTP/1.1
2025-05-02 12:42:19,index,54.2939999103546,169,TheEmptinessMachine,BBR,L2A,HTTP/1.1
2025-05-02 12:42:21,index,56.2939999103546,169,TheEmptinessMachine,BBR,L2A,HTTP/1.1
2025-05-02 12:42:23,index,58.2939999103546,169,TheEmptinessMachine,BBR,L2A,HTTP/1.1
2025-05-02 12:42:25,index,60.2939999103546,169,TheEmptinessMachine,BBR,L2A,HTTP/1.1
2025-05-02 12:42:27,index,62.2939999103546,169,TheEmptinessMachine,BBR,L2A,HTTP/1.1
2025-05-02 12:42:33,index,68.2939999103546,1106,TheEmptinessMachine,BBR,L2A,HTTP/1.1
2025-05-02 12:42:35,index,70.2939999103546,1106,TheEmptinessMachine,BBR,L2A,HTTP/1.1
2025-05-02 12:42:37,index,72.2939999103546,1499,TheEmptinessMachine,BBR,L2A,HTTP/1.1
2025-05-02 12:42:39,index,74.2939999103546,674,TheEmptinessMachine,BBR,L2A,HTTP/1.1
2025-05-02 12:42:41,index,76.2939999103546,674,TheEmptinessMachine,BBR,L2A,HTTP/1.1
2025-05-02 12:42:43,index,78.2939999103546,214,TheEmptinessMachine,BBR,L2A,HTTP/1.1
2025-05-02 12:42:45,index,80.2939999103546,169,TheEmptinessMachine,BBR,L2A,HTTP/1.1
2025-05-02 12:42:47,index,82.2939999103546,169,TheEmptinessMachine,BBR,L2A,HTTP/1.1
2025-05-02 12:42:49,index,84.2939999103546,330,TheEmptinessMachine,BBR,L2A,HTTP/1.1
2025-05-02 12:42:51,index,86.2939999103546,330,TheEmptinessMachine,BBR,L2A,HTTP/1.1
2025-05-02 12:42:53,index,88.2939999103546,330,TheEmptinessMachine,BBR,L2A,HTTP/1.1
2025-05-02 12:42:55,index,90.2939999103546,330,TheEmptinessMachine,BBR,L2A,HTTP/1.1
2025-05-02 12:42:57,index,92.2939999103546,330,TheEmptinessMachine,BBR,L2A,HTTP/1.1
2025-05-02 12:42:59,index,94.2939999103546,635,TheEmptinessMachine,BBR,L2A,HTTP/1.1
2025-05-02 12:43:01,index,96.2939999103546,635,TheEmptinessMachine,BBR,L2A,HTTP/1.1
2025-05-02 12:43:05,index,100.296999931335,166,TheEmptinessMachine,BBR,L2A,HTTP/1.1
2025-05-02 12:43:07,index,102.293999910355,330,TheEmptinessMachine,BBR,L2A,HTTP/1.1
2025-05-02 12:43:09,index,104.293999910355,330,TheEmptinessMachine,BBR,L2A,HTTP/1.1
2025-05-02 12:43:11,index,106.293999910355,330,TheEmptinessMachine,BBR,L2A,HTTP/1.1
2025-05-02 12:43:13,index,108.293999910355,330,TheEmptinessMachine,BBR,L2A,HTTP/1.1
2025-05-02 12:43:15,index,110.293999910355,320,TheEmptinessMachine,BBR,L2A,HTTP/1.1
2025-05-02 12:43:17,index,112.293999910355,320,TheEmptinessMachine,BBR,L2A,HTTP/1.1
2025-05-02 12:43:19,index,114.293999910355,320,TheEmptinessMachine,BBR,L2A,HTTP/1.1
2025-05-02 12:43:21,index,116.293999910355,320,TheEmptinessMachine,BBR,L2A,HTTP/1.1
2025-05-02 12:43:23,index,118.293999910355,320,TheEmptinessMachine,BBR,L2A,HTTP/1.1
2025-05-02 12:43:25,index,120.293999910355,320,TheEmptinessMachine,BBR,L2A,HTTP/1.1
2025-05-02 12:43:27,index,122.293999910355,320,TheEmptinessMachine,BBR,L2A,HTTP/1.1
2025-05-02 12:43:29,index,124.293999910355,320,TheEmptinessMachine,BBR,L2A,HTTP/1.1
2025-05-02 12:43:31,index,126.293999910355,320,TheEmptinessMachine,BBR,L2A,HTTP/1.1
2025-05-02 12:43:33,index,128.293999910355,320,TheEmptinessMachine,BBR,L2A,HTTP/1.1
2025-05-02 12:43:35,index,130.293999910355,320,TheEmptinessMachine,BBR,L2A,HTTP/1.1
2025-05-02 12:43:37,index,132.293999910355,320,TheEmptinessMachine,BBR,L2A,HTTP/1.1
2025-05-02 12:43:39,index,134.293999910355,1106,TheEmptinessMachine,BBR,L2A,HTTP/1.1
2025-05-02 12:43:41,index,136.293999910355,1106,TheEmptinessMachine,BBR,L2A,HTTP/1.1
2025-05-02 12:43:43,index,138.293999910355,980,TheEmptinessMachine,BBR,L2A,HTTP/1.1
2025-05-02 12:43:45,index,140.293999910355,980,TheEmptinessMachine,BBR,L2A,HTTP/1.1
2025-05-02 12:43:47,index,142.293999910355,732,TheEmptinessMachine,BBR,L2A,HTTP/1.1
2025-05-02 12:43:51,index,146.293999910355,330,TheEmptinessMachine,BBR,L2A,HTTP/1.1
2025-05-02 12:43:55,index,150.293999910355,674,TheEmptinessMachine,BBR,L2A,HTTP/1.1
2025-05-02 12:43:57,index,152.293999910355,674,TheEmptinessMachine,BBR,L2A,HTTP/1.1
2025-05-02 12:43:59,index,154.293999910355,214,TheEmptinessMachine,BBR,L2A,HTTP/1.1
2025-05-02 12:44:01,index,156.293999910355,674,TheEmptinessMachine,BBR,L2A,HTTP/1.1
2025-05-02 12:44:03,index,158.293999910355,330,TheEmptinessMachine,BBR,L2A,HTTP/1.1
2025-05-02 12:44:05,index,160.293999910355,214,TheEmptinessMachine,BBR,L2A,HTTP/1.1
2025-05-02 12:44:07,index,162.293999910355,330,TheEmptinessMachine,BBR,L2A,HTTP/1.1
2025-05-02 12:44:11,index,166.293999910355,214,TheEmptinessMachine,BBR,L2A,HTTP/1.1
2025-05-02 12:44:13,index,168.293999910355,320,TheEmptinessMachine,BBR,L2A,HTTP/1.1
2025-05-02 12:44:15,index,170.293999910355,320,TheEmptinessMachine,BBR,L2A,HTTP/1.1
2025-05-02 12:44:17,index,172.293999910355,320,TheEmptinessMachine,BBR,L2A,HTTP/1.1
2025-05-02 12:44:19,index,174.293999910355,320,TheEmptinessMachine,BBR,L2A,HTTP/1.1
2025-05-02 12:44:21,index,176.293999910355,320,TheEmptinessMachine,BBR,L2A,HTTP/1.1
2025-05-02 12:44:23,index,178.293999910355,320,TheEmptinessMachine,BBR,L2A,HTTP/1.1
2025-05-02 12:44:25,index,180.293999910355,320,TheEmptinessMachine,BBR,L2A,HTTP/1.1
2025-05-02 12:44:27,index,182.293999910355,980,TheEmptinessMachine,BBR,L2A,HTTP/1.1
2025-05-02 12:44:29,index,184.293999910355,1106,TheEmptinessMachine,BBR,L2A,HTTP/1.1
2025-05-02 12:44:31,index,186.293999910355,1499,TheEmptinessMachine,BBR,L2A,HTTP/1.1
2025-05-02 12:44:33,index,188.293999910355,1499,TheEmptinessMachine,BBR,L2A,HTTP/1.1
2025-05-02 12:44:35,index,190.293999910355,980,TheEmptinessMachine,BBR,L2A,HTTP/1.1
2025-05-02 12:44:37,index,192.293999910355,980,TheEmptinessMachine,BBR,L2A,HTTP/1.1
2025-05-02 12:44:39,index,194.293999910355,330,TheEmptinessMachine,BBR,L2A,HTTP/1.1
2025-05-02 12:44:41,index,196.293999910355,635,TheEmptinessMachine,BBR,L2A,HTTP/1.1
2025-05-02 12:44:43,index,198.293999910355,214,TheEmptinessMachine,BBR,L2A,HTTP/1.1
2025-05-02 12:44:45,index,200.293999910355,635,TheEmptinessMachine,BBR,L2A,HTTP/1.1
2025-05-02 12:44:47,index,202.293999910355,674,TheEmptinessMachine,BBR,L2A,HTTP/1.1
2025-05-02 12:44:49,index,204.293999910355,330,TheEmptinessMachine,BBR,L2A,HTTP/1.1
2025-05-02 12:44:51,index,206.293999910355,330,TheEmptinessMachine,BBR,L2A,HTTP/1.1
2025-05-02 12:45:23,index,2.08899998664856,1767,TheEmptinessMachine,BBR,L2A,HTTP/2
2025-05-02 12:45:25,index,4.08799982070923,1226,TheEmptinessMachine,BBR,L2A,HTTP/2
2025-05-02 12:45:27,index,6.08799982070923,1226,TheEmptinessMachine,BBR,L2A,HTTP/2
2025-05-02 12:45:29,index,8.08699989318848,1226,TheEmptinessMachine,BBR,L2A,HTTP/2
2025-05-02 12:45:31,index,10.0869998931885,980,TheEmptinessMachine,BBR,L2A,HTTP/2
2025-05-02 12:45:35,index,14.0879998207092,674,TheEmptinessMachine,BBR,L2A,HTTP/2
2025-05-02 12:45:37,index,16.0889999866486,674,TheEmptinessMachine,BBR,L2A,HTTP/2
2025-05-02 12:45:39,index,18.0869998931885,674,TheEmptinessMachine,BBR,L2A,HTTP/2
2025-05-02 12:45:41,index,20.0869998931885,330,TheEmptinessMachine,BBR,L2A,HTTP/2
2025-05-02 12:45:43,index,22.0869998931885,330,TheEmptinessMachine,BBR,L2A,HTTP/2
2025-05-02 12:45:47,index,26.0879998207092,169,TheEmptinessMachine,BBR,L2A,HTTP/2
2025-05-02 12:45:49,index,28.0869998931885,330,TheEmptinessMachine,BBR,L2A,HTTP/2
2025-05-02 12:45:53,index,32.0879998207092,214,TheEmptinessMachine,BBR,L2A,HTTP/2
2025-05-02 12:45:55,index,34.0869998931885,330,TheEmptinessMachine,BBR,L2A,HTTP/2
2025-05-02 12:45:57,index,36.0869998931885,84,TheEmptinessMachine,BBR,L2A,HTTP/2
2025-05-02 12:45:59,index,38.0869998931885,330,TheEmptinessMachine,BBR,L2A,HTTP/2
2025-05-02 12:46:03,index,42.0879998207092,320,TheEmptinessMachine,BBR,L2A,HTTP/2
2025-05-02 12:46:09,index,48.0879998207092,169,TheEmptinessMachine,BBR,L2A,HTTP/2
2025-05-02 12:46:11,index,50.0869998931885,320,TheEmptinessMachine,BBR,L2A,HTTP/2
2025-05-02 12:46:13,index,52.0869998931885,320,TheEmptinessMachine,BBR,L2A,HTTP/2
2025-05-02 12:46:15,index,54.0869998931885,214,TheEmptinessMachine,BBR,L2A,HTTP/2
2025-05-02 12:46:17,index,56.0869998931885,214,TheEmptinessMachine,BBR,L2A,HTTP/2
2025-05-02 12:46:19,index,58.0869998931885,214,TheEmptinessMachine,BBR,L2A,HTTP/2
2025-05-02 12:46:21,index,60.0869998931885,214,TheEmptinessMachine,BBR,L2A,HTTP/2
2025-05-02 12:46:23,index,62.0879998207092,214,TheEmptinessMachine,BBR,L2A,HTTP/2
2025-05-02 12:46:25,index,64.0879998207092,214,TheEmptinessMachine,BBR,L2A,HTTP/2
2025-05-02 12:46:27,index,66.0869998931885,214,TheEmptinessMachine,BBR,L2A,HTTP/2
2025-05-02 12:46:29,index,68.0879998207092,330,TheEmptinessMachine,BBR,L2A,HTTP/2
2025-05-02 12:46:31,index,70.0869998931885,732,TheEmptinessMachine,BBR,L2A,HTTP/2
2025-05-02 12:46:33,index,72.0869998931885,980,TheEmptinessMachine,BBR,L2A,HTTP/2
2025-05-02 12:46:35,index,74.0869998931885,980,TheEmptinessMachine,BBR,L2A,HTTP/2
2025-05-02 12:46:37,index,76.0879998207092,320,TheEmptinessMachine,BBR,L2A,HTTP/2
2025-05-02 12:46:39,index,78.0869998931885,674,TheEmptinessMachine,BBR,L2A,HTTP/2
2025-05-02 12:46:41,index,80.0869998931885,214,TheEmptinessMachine,BBR,L2A,HTTP/2
2025-05-02 12:46:43,index,82.0869998931885,330,TheEmptinessMachine,BBR,L2A,HTTP/2
2025-05-02 12:46:45,index,84.0869998931885,635,TheEmptinessMachine,BBR,L2A,HTTP/2
2025-05-02 12:46:47,index,86.0889999866486,169,TheEmptinessMachine,BBR,L2A,HTTP/2
2025-05-02 12:46:49,index,88.0869998931885,330,TheEmptinessMachine,BBR,L2A,HTTP/2
2025-05-02 12:46:51,index,90.0869998931885,330,TheEmptinessMachine,BBR,L2A,HTTP/2
2025-05-02 12:46:53,index,92.0869998931885,330,TheEmptinessMachine,BBR,L2A,HTTP/2
2025-05-02 12:46:55,index,94.0879998207092,330,TheEmptinessMachine,BBR,L2A,HTTP/2
2025-05-02 12:46:57,index,96.0869998931885,330,TheEmptinessMachine,BBR,L2A,HTTP/2
2025-05-02 12:46:59,index,98.0879998207092,330,TheEmptinessMachine,BBR,L2A,HTTP/2
2025-05-02 12:47:01,index,100.087999820709,330,TheEmptinessMachine,BBR,L2A,HTTP/2
2025-05-02 12:47:03,index,102.086999893188,330,TheEmptinessMachine,BBR,L2A,HTTP/2
2025-05-02 12:47:05,index,104.087999820709,330,TheEmptinessMachine,BBR,L2A,HTTP/2
2025-05-02 12:47:07,index,106.086999893188,330,TheEmptinessMachine,BBR,L2A,HTTP/2
2025-05-02 12:47:09,index,108.086999893188,330,TheEmptinessMachine,BBR,L2A,HTTP/2
2025-05-02 12:47:11,index,110.086999893188,330,TheEmptinessMachine,BBR,L2A,HTTP/2
2025-05-02 12:47:13,index,112.086999893188,732,TheEmptinessMachine,BBR,L2A,HTTP/2
2025-05-02 12:47:15,index,114.087999820709,732,TheEmptinessMachine,BBR,L2A,HTTP/2
2025-05-02 12:47:17,index,116.086999893188,635,TheEmptinessMachine,BBR,L2A,HTTP/2
2025-05-02 12:47:19,index,118.086999893188,635,TheEmptinessMachine,BBR,L2A,HTTP/2
2025-05-02 12:47:21,index,120.086999893188,330,TheEmptinessMachine,BBR,L2A,HTTP/2
2025-05-02 12:47:23,index,122.086999893188,635,TheEmptinessMachine,BBR,L2A,HTTP/2
2025-05-02 12:47:25,index,124.086999893188,635,TheEmptinessMachine,BBR,L2A,HTTP/2
2025-05-02 12:47:27,index,126.086999893188,330,TheEmptinessMachine,BBR,L2A,HTTP/2
2025-05-02 12:47:29,index,128.086999893188,330,TheEmptinessMachine,BBR,L2A,HTTP/2
2025-05-02 12:47:31,index,130.086999893188,330,TheEmptinessMachine,BBR,L2A,HTTP/2
2025-05-02 12:47:33,index,132.087999820709,330,TheEmptinessMachine,BBR,L2A,HTTP/2
2025-05-02 12:47:35,index,134.086999893188,330,TheEmptinessMachine,BBR,L2A,HTTP/2
2025-05-02 12:47:37,index,136.086999893188,1106,TheEmptinessMachine,BBR,L2A,HTTP/2
2025-05-02 12:47:39,index,138.086999893188,1106,TheEmptinessMachine,BBR,L2A,HTTP/2
2025-05-02 12:47:41,index,140.087999820709,1106,TheEmptinessMachine,BBR,L2A,HTTP/2
2025-05-02 12:47:43,index,142.086999893188,1106,TheEmptinessMachine,BBR,L2A,HTTP/2
2025-05-02 12:47:45,index,144.086999893188,980,TheEmptinessMachine,BBR,L2A,HTTP/2
2025-05-02 12:47:47,index,146.087999820709,980,TheEmptinessMachine,BBR,L2A,HTTP/2
2025-05-02 12:47:49,index,148.086999893188,980,TheEmptinessMachine,BBR,L2A,HTTP/2
2025-05-02 12:47:51,index,150.086999893188,980,TheEmptinessMachine,BBR,L2A,HTTP/2
2025-05-02 12:47:53,index,152.086999893188,980,TheEmptinessMachine,BBR,L2A,HTTP/2
2025-05-02 12:47:55,index,154.087999820709,980,TheEmptinessMachine,BBR,L2A,HTTP/2
2025-05-02 12:47:57,index,156.086999893188,980,TheEmptinessMachine,BBR,L2A,HTTP/2
2025-05-02 12:47:59,index,158.086999893188,980,TheEmptinessMachine,BBR,L2A,HTTP/2
2025-05-02 12:48:01,index,160.087999820709,674,TheEmptinessMachine,BBR,L2A,HTTP/2
2025-05-02 12:48:03,index,162.087999820709,674,TheEmptinessMachine,BBR,L2A,HTTP/2
2025-05-02 12:48:05,index,164.087999820709,330,TheEmptinessMachine,BBR,L2A,HTTP/2
2025-05-02 12:48:07,index,166.086999893188,330,TheEmptinessMachine,BBR,L2A,HTTP/2
2025-05-02 12:48:09,index,168.086999893188,330,TheEmptinessMachine,BBR,L2A,HTTP/2
2025-05-02 12:48:11,index,170.086999893188,330,TheEmptinessMachine,BBR,L2A,HTTP/2
2025-05-02 12:48:13,index,172.086999893188,674,TheEmptinessMachine,BBR,L2A,HTTP/2
2025-05-02 12:48:15,index,174.086999893188,674,TheEmptinessMachine,BBR,L2A,HTTP/2
2025-05-02 12:48:17,index,176.086999893188,674,TheEmptinessMachine,BBR,L2A,HTTP/2
2025-05-02 12:48:19,index,178.087999820709,674,TheEmptinessMachine,BBR,L2A,HTTP/2
2025-05-02 12:48:21,index,180.086999893188,84,TheEmptinessMachine,BBR,L2A,HTTP/2
2025-05-02 12:48:23,index,182.086999893188,330,TheEmptinessMachine,BBR,L2A,HTTP/2
2025-05-02 12:48:25,index,184.087999820709,330,TheEmptinessMachine,BBR,L2A,HTTP/2
2025-05-02 12:48:27,index,186.086999893188,84,TheEmptinessMachine,BBR,L2A,HTTP/2
2025-05-02 12:48:29,index,188.086999893188,674,TheEmptinessMachine,BBR,L2A,HTTP/2
2025-05-02 12:48:31,index,190.087999820709,674,TheEmptinessMachine,BBR,L2A,HTTP/2
2025-05-02 12:48:33,index,192.087999820709,732,TheEmptinessMachine,BBR,L2A,HTTP/2
2025-05-02 12:48:35,index,194.087999820709,732,TheEmptinessMachine,BBR,L2A,HTTP/2
2025-05-02 12:48:39,index,198.086999893188,330,TheEmptinessMachine,BBR,L2A,HTTP/2
2025-05-02 12:48:41,index,200.086999893188,214,TheEmptinessMachine,BBR,L2A,HTTP/2
2025-05-02 12:48:43,index,202.086999893188,635,TheEmptinessMachine,BBR,L2A,HTTP/2
2025-05-02 12:48:45,index,204.087999820709,320,TheEmptinessMachine,BBR,L2A,HTTP/2
2025-05-02 12:48:47,index,206.086999893188,330,TheEmptinessMachine,BBR,L2A,HTTP/2
2025-05-02 12:48:49,index,208.087999820709,330,TheEmptinessMachine,BBR,L2A,HTTP/2
2025-05-02 12:48:51,index,210.087999820709,330,TheEmptinessMachine,BBR,L2A,HTTP/2
2025-05-02 12:48:53,index,212.087999820709,330,TheEmptinessMachine,BBR,L2A,HTTP/2
2025-05-02 12:48:55,index,214.087999820709,330,TheEmptinessMachine,BBR,L2A,HTTP/2
2025-05-02 12:48:57,index,216.086999893188,330,TheEmptinessMachine,BBR,L2A,HTTP/2
2025-05-02 12:49:24,index,4.11699986457825,674,TheEmptinessMachine,BBR,L2A,HTTP/3
2025-05-02 12:49:26,index,6.1159999370575,674,TheEmptinessMachine,BBR,L2A,HTTP/3
2025-05-02 12:49:32,index,12.1159999370575,72,TheEmptinessMachine,BBR,L2A,HTTP/3
2025-05-02 12:49:34,index,14.1159999370575,72,TheEmptinessMachine,BBR,L2A,HTTP/3
2025-05-02 12:49:36,index,16.1159999370575,72,TheEmptinessMachine,BBR,L2A,HTTP/3
2025-05-02 12:49:38,index,18.1159999370575,732,TheEmptinessMachine,BBR,L2A,HTTP/3
2025-05-02 12:49:40,index,20.1159999370575,732,TheEmptinessMachine,BBR,L2A,HTTP/3
2025-05-02 12:49:42,index,22.1159999370575,169,TheEmptinessMachine,BBR,L2A,HTTP/3
2025-05-02 12:49:44,index,24.1159999370575,169,TheEmptinessMachine,BBR,L2A,HTTP/3
2025-05-02 12:49:46,index,26.1159999370575,169,TheEmptinessMachine,BBR,L2A,HTTP/3
2025-05-02 12:49:48,index,28.1159999370575,169,TheEmptinessMachine,BBR,L2A,HTTP/3
2025-05-02 12:49:50,index,30.1159999370575,169,TheEmptinessMachine,BBR,L2A,HTTP/3
2025-05-02 12:49:52,index,32.1159999370575,330,TheEmptinessMachine,BBR,L2A,HTTP/3
2025-05-02 12:49:54,index,34.1159999370575,330,TheEmptinessMachine,BBR,L2A,HTTP/3
2025-05-02 12:49:56,index,36.1159999370575,320,TheEmptinessMachine,BBR,L2A,HTTP/3
2025-05-02 12:50:02,index,42.1159999370575,214,TheEmptinessMachine,BBR,L2A,HTTP/3
2025-05-02 12:50:04,index,44.1159999370575,320,TheEmptinessMachine,BBR,L2A,HTTP/3
2025-05-02 12:50:06,index,46.1159999370575,320,TheEmptinessMachine,BBR,L2A,HTTP/3
2025-05-02 12:50:10,index,50.1159999370575,72,TheEmptinessMachine,BBR,L2A,HTTP/3
2025-05-02 12:50:12,index,52.1159999370575,72,TheEmptinessMachine,BBR,L2A,HTTP/3
2025-05-02 12:50:14,index,54.1159999370575,72,TheEmptinessMachine,BBR,L2A,HTTP/3
2025-05-02 12:50:16,index,56.1159999370575,72,TheEmptinessMachine,BBR,L2A,HTTP/3
2025-05-02 12:50:18,index,58.1159999370575,1226,TheEmptinessMachine,BBR,L2A,HTTP/3
2025-05-02 12:50:20,index,60.1159999370575,330,TheEmptinessMachine,BBR,L2A,HTTP/3
2025-05-02 12:50:22,index,62.1159999370575,330,TheEmptinessMachine,BBR,L2A,HTTP/3
2025-05-02 12:50:24,index,64.1159999370575,330,TheEmptinessMachine,BBR,L2A,HTTP/3
2025-05-02 12:50:26,index,66.1159999370575,72,TheEmptinessMachine,BBR,L2A,HTTP/3
2025-05-02 12:50:28,index,68.1159999370575,72,TheEmptinessMachine,BBR,L2A,HTTP/3
2025-05-02 12:50:30,index,70.1159999370575,72,TheEmptinessMachine,BBR,L2A,HTTP/3
2025-05-02 12:50:32,index,72.1159999370575,72,TheEmptinessMachine,BBR,L2A,HTTP/3
2025-05-02 12:50:34,index,74.1159999370575,72,TheEmptinessMachine,BBR,L2A,HTTP/3
2025-05-02 12:50:36,index,76.1159999370575,72,TheEmptinessMachine,BBR,L2A,HTTP/3
2025-05-02 12:50:38,index,78.1159999370575,214,TheEmptinessMachine,BBR,L2A,HTTP/3
2025-05-02 12:50:40,index,80.1159999370575,330,TheEmptinessMachine,BBR,L2A,HTTP/3
2025-05-02 12:50:42,index,82.1159999370575,330,TheEmptinessMachine,BBR,L2A,HTTP/3
2025-05-02 12:50:44,index,84.1159999370575,674,TheEmptinessMachine,BBR,L2A,HTTP/3
2025-05-02 12:50:46,index,86.1159999370575,674,TheEmptinessMachine,BBR,L2A,HTTP/3
2025-05-02 12:50:48,index,88.1159999370575,330,TheEmptinessMachine,BBR,L2A,HTTP/3
2025-05-02 12:50:50,index,90.1159999370575,84,TheEmptinessMachine,BBR,L2A,HTTP/3
2025-05-02 12:50:54,index,94.1159999370575,72,TheEmptinessMachine,BBR,L2A,HTTP/3
2025-05-02 12:50:56,index,96.1159999370575,72,TheEmptinessMachine,BBR,L2A,HTTP/3
2025-05-02 12:50:58,index,98.1159999370575,72,TheEmptinessMachine,BBR,L2A,HTTP/3
2025-05-02 12:51:00,index,100.115999937057,72,TheEmptinessMachine,BBR,L2A,HTTP/3
2025-05-02 12:51:02,index,102.115999937057,330,TheEmptinessMachine,BBR,L2A,HTTP/3
2025-05-02 12:51:04,index,104.115999937057,84,TheEmptinessMachine,BBR,L2A,HTTP/3
2025-05-02 12:51:06,index,106.115999937057,84,TheEmptinessMachine,BBR,L2A,HTTP/3
2025-05-02 12:51:08,index,108.115999937057,84,TheEmptinessMachine,BBR,L2A,HTTP/3
2025-05-02 12:51:10,index,110.115999937057,84,TheEmptinessMachine,BBR,L2A,HTTP/3
2025-05-02 12:51:12,index,112.115999937057,84,TheEmptinessMachine,BBR,L2A,HTTP/3
2025-05-02 12:51:14,index,114.115999937057,84,TheEmptinessMachine,BBR,L2A,HTTP/3
2025-05-02 12:51:16,index,116.115999937057,84,TheEmptinessMachine,BBR,L2A,HTTP/3
2025-05-02 12:51:18,index,118.115999937057,330,TheEmptinessMachine,BBR,L2A,HTTP/3
2025-05-02 12:51:20,index,120.115999937057,330,TheEmptinessMachine,BBR,L2A,HTTP/3
2025-05-02 12:51:22,index,122.115999937057,635,TheEmptinessMachine,BBR,L2A,HTTP/3
2025-05-02 12:51:24,index,124.115999937057,635,TheEmptinessMachine,BBR,L2A,HTTP/3
2025-05-02 12:51:26,index,126.115999937057,214,TheEmptinessMachine,BBR,L2A,HTTP/3
2025-05-02 12:51:28,index,128.115999937057,214,TheEmptinessMachine,BBR,L2A,HTTP/3
2025-05-02 12:51:30,index,130.115999937057,214,TheEmptinessMachine,BBR,L2A,HTTP/3
2025-05-02 12:51:32,index,132.115999937057,84,TheEmptinessMachine,BBR,L2A,HTTP/3
2025-05-02 12:51:34,index,134.115999937057,84,TheEmptinessMachine,BBR,L2A,HTTP/3
2025-05-02 12:51:36,index,136.115999937057,169,TheEmptinessMachine,BBR,L2A,HTTP/3
2025-05-02 12:51:38,index,138.115999937057,169,TheEmptinessMachine,BBR,L2A,HTTP/3
2025-05-02 12:51:40,index,140.115999937057,169,TheEmptinessMachine,BBR,L2A,HTTP/3
2025-05-02 12:51:42,index,142.115999937057,330,TheEmptinessMachine,BBR,L2A,HTTP/3
2025-05-02 12:51:44,index,144.115999937057,330,TheEmptinessMachine,BBR,L2A,HTTP/3
2025-05-02 12:51:46,index,146.115999937057,320,TheEmptinessMachine,BBR,L2A,HTTP/3
2025-05-02 12:51:50,index,150.115999937057,72,TheEmptinessMachine,BBR,L2A,HTTP/3
2025-05-02 12:51:52,index,152.115999937057,72,TheEmptinessMachine,BBR,L2A,HTTP/3
2025-05-02 12:51:54,index,154.115999937057,72,TheEmptinessMachine,BBR,L2A,HTTP/3
2025-05-02 12:51:56,index,156.115999937057,72,TheEmptinessMachine,BBR,L2A,HTTP/3
2025-05-02 12:51:58,index,158.115999937057,214,TheEmptinessMachine,BBR,L2A,HTTP/3
2025-05-02 12:52:00,index,160.116999864578,166,TheEmptinessMachine,BBR,L2A,HTTP/3
2025-05-02 12:52:02,index,162.115999937057,166,TheEmptinessMachine,BBR,L2A,HTTP/3
2025-05-02 12:52:04,index,164.115999937057,169,TheEmptinessMachine,BBR,L2A,HTTP/3
2025-05-02 12:52:06,index,166.115999937057,169,TheEmptinessMachine,BBR,L2A,HTTP/3
2025-05-02 12:52:08,index,168.115000009537,84,TheEmptinessMachine,BBR,L2A,HTTP/3
2025-05-02 12:52:10,index,170.115999937057,169,TheEmptinessMachine,BBR,L2A,HTTP/3
2025-05-02 12:52:12,index,172.115999937057,169,TheEmptinessMachine,BBR,L2A,HTTP/3
2025-05-02 12:52:14,index,174.115999937057,72,TheEmptinessMachine,BBR,L2A,HTTP/3
2025-05-02 12:52:16,index,176.115999937057,72,TheEmptinessMachine,BBR,L2A,HTTP/3
2025-05-02 12:52:18,index,178.115999937057,72,TheEmptinessMachine,BBR,L2A,HTTP/3
2025-05-02 12:52:20,index,180.115999937057,72,TheEmptinessMachine,BBR,L2A,HTTP/3
2025-05-02 12:52:22,index,182.115999937057,72,TheEmptinessMachine,BBR,L2A,HTTP/3
2025-05-02 12:52:24,index,184.115999937057,72,TheEmptinessMachine,BBR,L2A,HTTP/3
2025-05-02 12:52:26,index,186.115999937057,214,TheEmptinessMachine,BBR,L2A,HTTP/3
2025-05-02 12:52:28,index,188.115999937057,214,TheEmptinessMachine,BBR,L2A,HTTP/3
2025-05-02 12:52:30,index,190.115999937057,330,TheEmptinessMachine,BBR,L2A,HTTP/3
2025-05-02 12:52:32,index,192.115999937057,214,TheEmptinessMachine,BBR,L2A,HTTP/3
2025-05-02 12:52:34,index,194.115999937057,320,TheEmptinessMachine,BBR,L2A,HTTP/3
2025-05-02 12:52:36,index,196.115999937057,320,TheEmptinessMachine,BBR,L2A,HTTP/3
2025-05-02 12:52:40,index,200.115999937057,84,TheEmptinessMachine,BBR,L2A,HTTP/3
2025-05-02 12:52:42,index,202.115999937057,320,TheEmptinessMachine,BBR,L2A,HTTP/3
2025-05-02 12:52:50,index,210.115999937057,72,TheEmptinessMachine,BBR,L2A,HTTP/3
2025-05-02 12:53:23,index,4.29299998283386,1767,TheEmptinessMachine,BBR,RB,HTTP/1.1
2025-05-02 12:53:25,index,6.29299998283386,1767,TheEmptinessMachine,BBR,RB,HTTP/1.1
2025-05-02 12:53:27,index,8.29299998283386,1767,TheEmptinessMachine,BBR,RB,HTTP/1.1
2025-05-02 12:53:33,index,14.2929999828339,1767,TheEmptinessMachine,BBR,RB,HTTP/1.1
2025-05-02 12:53:39,index,20.2929999828339,1226,TheEmptinessMachine,BBR,RB,HTTP/1.1
2025-05-02 12:53:41,index,22.2929999828339,1226,TheEmptinessMachine,BBR,RB,HTTP/1.1
2025-05-02 12:53:43,index,24.2929999828339,1106,TheEmptinessMachine,BBR,RB,HTTP/1.1
2025-05-02 12:53:45,index,26.2929999828339,1106,TheEmptinessMachine,BBR,RB,HTTP/1.1
2025-05-02 12:53:47,index,28.2929999828339,674,TheEmptinessMachine,BBR,RB,HTTP/1.1
2025-05-02 12:53:49,index,30.2929999828339,674,TheEmptinessMachine,BBR,RB,HTTP/1.1
2025-05-02 12:53:51,index,32.2929999828339,674,TheEmptinessMachine,BBR,RB,HTTP/1.1
2025-05-02 12:53:53,index,34.2929999828339,72,TheEmptinessMachine,BBR,RB,HTTP/1.1
2025-05-02 12:53:55,index,36.2929999828339,330,TheEmptinessMachine,BBR,RB,HTTP/1.1
2025-05-02 12:53:57,index,38.2929999828339,330,TheEmptinessMachine,BBR,RB,HTTP/1.1
2025-05-02 12:53:59,index,40.2929999828339,635,TheEmptinessMachine,BBR,RB,HTTP/1.1
2025-05-02 12:54:01,index,42.2929999828339,635,TheEmptinessMachine,BBR,RB,HTTP/1.1
2025-05-02 12:54:03,index,44.2929999828339,330,TheEmptinessMachine,BBR,RB,HTTP/1.1
2025-05-02 12:54:05,index,46.2950000762939,330,TheEmptinessMachine,BBR,RB,HTTP/1.1
2025-05-02 12:54:07,index,48.2929999828339,330,TheEmptinessMachine,BBR,RB,HTTP/1.1
2025-05-02 12:54:09,index,50.2929999828339,330,TheEmptinessMachine,BBR,RB,HTTP/1.1
2025-05-02 12:54:11,index,52.2929999828339,72,TheEmptinessMachine,BBR,RB,HTTP/1.1
2025-05-02 12:54:13,index,54.2929999828339,330,TheEmptinessMachine,BBR,RB,HTTP/1.1
2025-05-02 12:54:15,index,56.2929999828339,72,TheEmptinessMachine,BBR,RB,HTTP/1.1
2025-05-02 12:54:17,index,58.2929999828339,72,TheEmptinessMachine,BBR,RB,HTTP/1.1
2025-05-02 12:54:19,index,60.2929999828339,330,TheEmptinessMachine,BBR,RB,HTTP/1.1
2025-05-02 12:54:21,index,62.2929999828339,635,TheEmptinessMachine,BBR,RB,HTTP/1.1
2025-05-02 12:54:23,index,64.2929999828339,635,TheEmptinessMachine,BBR,RB,HTTP/1.1
2025-05-02 12:54:25,index,66.2929999828339,635,TheEmptinessMachine,BBR,RB,HTTP/1.1
2025-05-02 12:54:27,index,68.2929999828339,635,TheEmptinessMachine,BBR,RB,HTTP/1.1
2025-05-02 12:54:29,index,70.2929999828339,674,TheEmptinessMachine,BBR,RB,HTTP/1.1
2025-05-02 12:54:31,index,72.2929999828339,674,TheEmptinessMachine,BBR,RB,HTTP/1.1
2025-05-02 12:54:33,index,74.2929999828339,674,TheEmptinessMachine,BBR,RB,HTTP/1.1
2025-05-02 12:54:35,index,76.2929999828339,674,TheEmptinessMachine,BBR,RB,HTTP/1.1
2025-05-02 12:54:37,index,78.2929999828339,674,TheEmptinessMachine,BBR,RB,HTTP/1.1
2025-05-02 12:54:39,index,80.2929999828339,674,TheEmptinessMachine,BBR,RB,HTTP/1.1
2025-05-02 12:54:41,index,82.2929999828339,674,TheEmptinessMachine,BBR,RB,HTTP/1.1
2025-05-02 12:54:43,index,84.2929999828339,330,TheEmptinessMachine,BBR,RB,HTTP/1.1
2025-05-02 12:54:45,index,86.2929999828339,330,TheEmptinessMachine,BBR,RB,HTTP/1.1
2025-05-02 12:54:47,index,88.2929999828339,330,TheEmptinessMachine,BBR,RB,HTTP/1.1
2025-05-02 12:54:49,index,90.2929999828339,330,TheEmptinessMachine,BBR,RB,HTTP/1.1
2025-05-02 12:54:51,index,92.2929999828339,72,TheEmptinessMachine,BBR,RB,HTTP/1.1
2025-05-02 12:54:53,index,94.2929999828339,330,TheEmptinessMachine,BBR,RB,HTTP/1.1
2025-05-02 12:54:55,index,96.2929999828339,330,TheEmptinessMachine,BBR,RB,HTTP/1.1
2025-05-02 12:54:57,index,98.2929999828339,330,TheEmptinessMachine,BBR,RB,HTTP/1.1
2025-05-02 12:54:59,index,100.292999982834,72,TheEmptinessMachine,BBR,RB,HTTP/1.1
2025-05-02 12:55:01,index,102.292999982834,330,TheEmptinessMachine,BBR,RB,HTTP/1.1
2025-05-02 12:55:03,index,104.292999982834,330,TheEmptinessMachine,BBR,RB,HTTP/1.1
2025-05-02 12:55:05,index,106.292999982834,330,TheEmptinessMachine,BBR,RB,HTTP/1.1
2025-05-02 12:55:07,index,108.292999982834,330,TheEmptinessMachine,BBR,RB,HTTP/1.1
2025-05-02 12:55:09,index,110.292999982834,72,TheEmptinessMachine,BBR,RB,HTTP/1.1
2025-05-02 12:55:11,index,112.292999982834,72,TheEmptinessMachine,BBR,RB,HTTP/1.1
2025-05-02 12:55:13,index,114.292999982834,330,TheEmptinessMachine,BBR,RB,HTTP/1.1
2025-05-02 12:55:15,index,116.292999982834,330,TheEmptinessMachine,BBR,RB,HTTP/1.1
2025-05-02 12:55:17,index,118.292999982834,72,TheEmptinessMachine,BBR,RB,HTTP/1.1
2025-05-02 12:55:19,index,120.292999982834,330,TheEmptinessMachine,BBR,RB,HTTP/1.1
2025-05-02 12:55:21,index,122.292999982834,330,TheEmptinessMachine,BBR,RB,HTTP/1.1
2025-05-02 12:55:23,index,124.292999982834,330,TheEmptinessMachine,BBR,RB,HTTP/1.1
2025-05-02 12:55:25,index,126.292999982834,330,TheEmptinessMachine,BBR,RB,HTTP/1.1
2025-05-02 12:55:27,index,128.292999982834,330,TheEmptinessMachine,BBR,RB,HTTP/1.1
2025-05-02 12:55:29,index,130.292999982834,330,TheEmptinessMachine,BBR,RB,HTTP/1.1
2025-05-02 12:55:31,index,132.292999982834,72,TheEmptinessMachine,BBR,RB,HTTP/1.1
2025-05-02 12:55:33,index,134.292999982834,330,TheEmptinessMachine,BBR,RB,HTTP/1.1
2025-05-02 12:55:35,index,136.292999982834,72,TheEmptinessMachine,BBR,RB,HTTP/1.1
2025-05-02 12:55:37,index,138.299000024796,330,TheEmptinessMachine,BBR,RB,HTTP/1.1
2025-05-02 12:55:39,index,140.292999982834,330,TheEmptinessMachine,BBR,RB,HTTP/1.1
2025-05-02 12:55:41,index,142.292999982834,72,TheEmptinessMachine,BBR,RB,HTTP/1.1
2025-05-02 12:55:43,index,144.292999982834,72,TheEmptinessMachine,BBR,RB,HTTP/1.1
2025-05-02 12:55:45,index,146.292999982834,330,TheEmptinessMachine,BBR,RB,HTTP/1.1
2025-05-02 12:55:47,index,148.292999982834,72,TheEmptinessMachine,BBR,RB,HTTP/1.1
2025-05-02 12:55:49,index,150.294000148773,72,TheEmptinessMachine,BBR,RB,HTTP/1.1
2025-05-02 12:55:51,index,152.292999982834,330,TheEmptinessMachine,BBR,RB,HTTP/1.1
2025-05-02 12:55:53,index,154.292999982834,330,TheEmptinessMachine,BBR,RB,HTTP/1.1
2025-05-02 12:55:55,index,156.292999982834,330,TheEmptinessMachine,BBR,RB,HTTP/1.1
2025-05-02 12:55:57,index,158.292999982834,330,TheEmptinessMachine,BBR,RB,HTTP/1.1
2025-05-02 12:55:59,index,160.292999982834,330,TheEmptinessMachine,BBR,RB,HTTP/1.1
2025-05-02 12:56:01,index,162.292999982834,330,TheEmptinessMachine,BBR,RB,HTTP/1.1
2025-05-02 12:56:03,index,164.292999982834,72,TheEmptinessMachine,BBR,RB,HTTP/1.1
2025-05-02 12:56:05,index,166.292999982834,72,TheEmptinessMachine,BBR,RB,HTTP/1.1
2025-05-02 12:56:07,index,168.292999982834,330,TheEmptinessMachine,BBR,RB,HTTP/1.1
2025-05-02 12:56:09,index,170.292999982834,72,TheEmptinessMachine,BBR,RB,HTTP/1.1
2025-05-02 12:56:11,index,172.292999982834,72,TheEmptinessMachine,BBR,RB,HTTP/1.1
2025-05-02 12:56:13,index,174.292999982834,330,TheEmptinessMachine,BBR,RB,HTTP/1.1
2025-05-02 12:56:15,index,176.292999982834,330,TheEmptinessMachine,BBR,RB,HTTP/1.1
2025-05-02 12:56:17,index,178.292999982834,635,TheEmptinessMachine,BBR,RB,HTTP/1.1
2025-05-02 12:56:19,index,180.292999982834,674,TheEmptinessMachine,BBR,RB,HTTP/1.1
2025-05-02 12:56:21,index,182.292999982834,674,TheEmptinessMachine,BBR,RB,HTTP/1.1
2025-05-02 12:56:23,index,184.292999982834,674,TheEmptinessMachine,BBR,RB,HTTP/1.1
2025-05-02 12:56:25,index,186.294000148773,674,TheEmptinessMachine,BBR,RB,HTTP/1.1
2025-05-02 12:56:27,index,188.292999982834,674,TheEmptinessMachine,BBR,RB,HTTP/1.1
2025-05-02 12:56:29,index,190.292999982834,674,TheEmptinessMachine,BBR,RB,HTTP/1.1
2025-05-02 12:56:31,index,192.294000148773,72,TheEmptinessMachine,BBR,RB,HTTP/1.1
2025-05-02 12:56:33,index,194.292999982834,72,TheEmptinessMachine,BBR,RB,HTTP/1.1
2025-05-02 12:56:35,index,196.292999982834,72,TheEmptinessMachine,BBR,RB,HTTP/1.1
2025-05-02 12:56:37,index,198.292999982834,72,TheEmptinessMachine,BBR,RB,HTTP/1.1
2025-05-02 12:56:39,index,200.292999982834,72,TheEmptinessMachine,BBR,RB,HTTP/1.1
2025-05-02 12:56:41,index,202.292999982834,72,TheEmptinessMachine,BBR,RB,HTTP/1.1
2025-05-02 12:56:43,index,204.292999982834,72,TheEmptinessMachine,BBR,RB,HTTP/1.1
2025-05-02 12:56:45,index,206.292999982834,72,TheEmptinessMachine,BBR,RB,HTTP/1.1
2025-05-02 12:57:28,index,6.09999990463257,1226,TheEmptinessMachine,BBR,RB,HTTP/2
2025-05-02 12:57:30,index,8.09999990463257,1226,TheEmptinessMachine,BBR,RB,HTTP/2
2025-05-02 12:57:32,index,10.0999999046326,1226,TheEmptinessMachine,BBR,RB,HTTP/2
2025-05-02 12:57:34,index,12.0999999046326,1226,TheEmptinessMachine,BBR,RB,HTTP/2
2025-05-02 12:57:58,index,36.0999999046326,635,TheEmptinessMachine,BBR,RB,HTTP/2
2025-05-02 12:58:00,index,38.0999999046326,72,TheEmptinessMachine,BBR,RB,HTTP/2
2025-05-02 12:58:02,index,40.0999999046326,674,TheEmptinessMachine,BBR,RB,HTTP/2
2025-05-02 12:58:04,index,42.0999999046326,674,TheEmptinessMachine,BBR,RB,HTTP/2
2025-05-02 12:58:06,index,44.0999999046326,330,TheEmptinessMachine,BBR,RB,HTTP/2
2025-05-02 12:58:08,index,46.0999999046326,330,TheEmptinessMachine,BBR,RB,HTTP/2
2025-05-02 12:58:10,index,48.0999999046326,330,TheEmptinessMachine,BBR,RB,HTTP/2
2025-05-02 12:58:12,index,50.1040000915527,330,TheEmptinessMachine,BBR,RB,HTTP/2
2025-05-02 12:58:14,index,52.0999999046326,72,TheEmptinessMachine,BBR,RB,HTTP/2
2025-05-02 12:58:16,index,54.0999999046326,330,TheEmptinessMachine,BBR,RB,HTTP/2
2025-05-02 12:58:18,index,56.0999999046326,330,TheEmptinessMachine,BBR,RB,HTTP/2
2025-05-02 12:58:20,index,58.0999999046326,330,TheEmptinessMachine,BBR,RB,HTTP/2
2025-05-02 12:58:24,index,62.0999999046326,72,TheEmptinessMachine,BBR,RB,HTTP/2
2025-05-02 12:58:26,index,64.0999999046326,330,TheEmptinessMachine,BBR,RB,HTTP/2
2025-05-02 12:58:28,index,66.0999999046326,72,TheEmptinessMachine,BBR,RB,HTTP/2
2025-05-02 12:58:32,index,70.0999999046326,330,TheEmptinessMachine,BBR,RB,HTTP/2
2025-05-02 12:58:34,index,72.0999999046326,330,TheEmptinessMachine,BBR,RB,HTTP/2
2025-05-02 12:58:36,index,74.1010000705719,330,TheEmptinessMachine,BBR,RB,HTTP/2
2025-05-02 12:58:38,index,76.0999999046326,72,TheEmptinessMachine,BBR,RB,HTTP/2
2025-05-02 12:58:40,index,78.0999999046326,330,TheEmptinessMachine,BBR,RB,HTTP/2
2025-05-02 12:58:42,index,80.0999999046326,72,TheEmptinessMachine,BBR,RB,HTTP/2
2025-05-02 12:58:44,index,82.0999999046326,330,TheEmptinessMachine,BBR,RB,HTTP/2
2025-05-02 12:58:46,index,84.0999999046326,330,TheEmptinessMachine,BBR,RB,HTTP/2
2025-05-02 12:58:48,index,86.0999999046326,330,TheEmptinessMachine,BBR,RB,HTTP/2
2025-05-02 12:58:50,index,88.0999999046326,72,TheEmptinessMachine,BBR,RB,HTTP/2
2025-05-02 12:58:52,index,90.0999999046326,330,TheEmptinessMachine,BBR,RB,HTTP/2
2025-05-02 12:58:54,index,92.0999999046326,330,TheEmptinessMachine,BBR,RB,HTTP/2
2025-05-02 12:58:56,index,94.0999999046326,330,TheEmptinessMachine,BBR,RB,HTTP/2
2025-05-02 12:58:58,index,96.0999999046326,330,TheEmptinessMachine,BBR,RB,HTTP/2
2025-05-02 12:59:00,index,98.0999999046326,72,TheEmptinessMachine,BBR,RB,HTTP/2
2025-05-02 12:59:02,index,100.099999904633,330,TheEmptinessMachine,BBR,RB,HTTP/2
2025-05-02 12:59:04,index,102.099999904633,72,TheEmptinessMachine,BBR,RB,HTTP/2
2025-05-02 12:59:06,index,104.099999904633,72,TheEmptinessMachine,BBR,RB,HTTP/2
2025-05-02 12:59:08,index,106.099999904633,635,TheEmptinessMachine,BBR,RB,HTTP/2
2025-05-02 12:59:10,index,108.099999904633,674,TheEmptinessMachine,BBR,RB,HTTP/2
2025-05-02 12:59:12,index,110.099999904633,674,TheEmptinessMachine,BBR,RB,HTTP/2
2025-05-02 12:59:14,index,112.099999904633,330,TheEmptinessMachine,BBR,RB,HTTP/2
2025-05-02 12:59:16,index,114.099999904633,330,TheEmptinessMachine,BBR,RB,HTTP/2
2025-05-02 12:59:18,index,116.099999904633,330,TheEmptinessMachine,BBR,RB,HTTP/2
2025-05-02 12:59:20,index,118.099999904633,72,TheEmptinessMachine,BBR,RB,HTTP/2
2025-05-02 12:59:22,index,120.099999904633,330,TheEmptinessMachine,BBR,RB,HTTP/2
2025-05-02 12:59:24,index,122.099999904633,330,TheEmptinessMachine,BBR,RB,HTTP/2
2025-05-02 12:59:26,index,124.099999904633,72,TheEmptinessMachine,BBR,RB,HTTP/2
2025-05-02 12:59:28,index,126.099999904633,72,TheEmptinessMachine,BBR,RB,HTTP/2
2025-05-02 12:59:30,index,128.099999904633,330,TheEmptinessMachine,BBR,RB,HTTP/2
2025-05-02 12:59:32,index,130.099999904633,330,TheEmptinessMachine,BBR,RB,HTTP/2
2025-05-02 12:59:34,index,132.099999904633,330,TheEmptinessMachine,BBR,RB,HTTP/2
2025-05-02 12:59:36,index,134.099999904633,330,TheEmptinessMachine,BBR,RB,HTTP/2
2025-05-02 12:59:38,index,136.099999904633,72,TheEmptinessMachine,BBR,RB,HTTP/2
2025-05-02 12:59:40,index,138.099999904633,330,TheEmptinessMachine,BBR,RB,HTTP/2
2025-05-02 12:59:42,index,140.099999904633,72,TheEmptinessMachine,BBR,RB,HTTP/2
2025-05-02 12:59:44,index,142.099999904633,72,TheEmptinessMachine,BBR,RB,HTTP/2
2025-05-02 12:59:46,index,144.099999904633,330,TheEmptinessMachine,BBR,RB,HTTP/2
2025-05-02 12:59:48,index,146.099999904633,72,TheEmptinessMachine,BBR,RB,HTTP/2
2025-05-02 12:59:50,index,148.099999904633,72,TheEmptinessMachine,BBR,RB,HTTP/2
2025-05-02 12:59:52,index,150.099999904633,330,TheEmptinessMachine,BBR,RB,HTTP/2
2025-05-02 12:59:54,index,152.099999904633,330,TheEmptinessMachine,BBR,RB,HTTP/2
2025-05-02 12:59:56,index,154.099999904633,330,TheEmptinessMachine,BBR,RB,HTTP/2
2025-05-02 12:59:58,index,156.099999904633,330,TheEmptinessMachine,BBR,RB,HTTP/2
2025-05-02 13:00:00,index,158.099999904633,330,TheEmptinessMachine,BBR,RB,HTTP/2
2025-05-02 13:00:02,index,160.099999904633,330,TheEmptinessMachine,BBR,RB,HTTP/2
2025-05-02 13:00:04,index,162.099999904633,72,TheEmptinessMachine,BBR,RB,HTTP/2
2025-05-02 13:00:06,index,164.099999904633,72,TheEmptinessMachine,BBR,RB,HTTP/2
2025-05-02 13:00:08,index,166.099999904633,330,TheEmptinessMachine,BBR,RB,HTTP/2
2025-05-02 13:00:10,index,168.099999904633,72,TheEmptinessMachine,BBR,RB,HTTP/2
2025-05-02 13:00:12,index,170.099999904633,72,TheEmptinessMachine,BBR,RB,HTTP/2
2025-05-02 13:00:14,index,172.099999904633,330,TheEmptinessMachine,BBR,RB,HTTP/2
2025-05-02 13:00:16,index,174.099999904633,330,TheEmptinessMachine,BBR,RB,HTTP/2
2025-05-02 13:00:18,index,176.099999904633,330,TheEmptinessMachine,BBR,RB,HTTP/2
2025-05-02 13:00:20,index,178.099999904633,330,TheEmptinessMachine,BBR,RB,HTTP/2
2025-05-02 13:00:22,index,180.099999904633,330,TheEmptinessMachine,BBR,RB,HTTP/2
2025-05-02 13:00:24,index,182.099999904633,214,TheEmptinessMachine,BBR,RB,HTTP/2
2025-05-02 13:00:26,index,184.099999904633,72,TheEmptinessMachine,BBR,RB,HTTP/2
2025-05-02 13:00:28,index,186.099999904633,330,TheEmptinessMachine,BBR,RB,HTTP/2
2025-05-02 13:00:30,index,188.099999904633,330,TheEmptinessMachine,BBR,RB,HTTP/2
2025-05-02 13:00:32,index,190.099999904633,72,TheEmptinessMachine,BBR,RB,HTTP/2
2025-05-02 13:00:34,index,192.099999904633,72,TheEmptinessMachine,BBR,RB,HTTP/2
2025-05-02 13:00:36,index,194.099999904633,330,TheEmptinessMachine,BBR,RB,HTTP/2
2025-05-02 13:00:38,index,196.099999904633,330,TheEmptinessMachine,BBR,RB,HTTP/2
2025-05-02 13:00:40,index,198.099999904633,330,TheEmptinessMachine,BBR,RB,HTTP/2
2025-05-02 13:00:42,index,200.101000070572,330,TheEmptinessMachine,BBR,RB,HTTP/2
2025-05-02 13:00:44,index,202.099999904633,330,TheEmptinessMachine,BBR,RB,HTTP/2
2025-05-02 13:00:46,index,204.099999904633,72,TheEmptinessMachine,BBR,RB,HTTP/2
2025-05-02 13:00:48,index,206.099999904633,330,TheEmptinessMachine,BBR,RB,HTTP/2
2025-05-02 13:00:50,index,208.099999904633,330,TheEmptinessMachine,BBR,RB,HTTP/2
2025-05-02 13:00:52,index,210.099999904633,330,TheEmptinessMachine,BBR,RB,HTTP/2
2025-05-02 13:00:54,index,212.099999904633,330,TheEmptinessMachine,BBR,RB,HTTP/2
2025-05-02 13:00:56,index,214.099999904633,330,TheEmptinessMachine,BBR,RB,HTTP/2
2025-05-02 13:01:02,index,220.099999904633,330,TheEmptinessMachine,BBR,RB,HTTP/2
2025-05-02 13:01:27,index,4.10199999809265,72,TheEmptinessMachine,BBR,RB,HTTP/3
2025-05-02 13:01:29,index,6.1010000705719,674,TheEmptinessMachine,BBR,RB,HTTP/3
2025-05-02 13:01:31,index,8.1010000705719,674,TheEmptinessMachine,BBR,RB,HTTP/3
2025-05-02 13:01:33,index,10.1010000705719,72,TheEmptinessMachine,BBR,RB,HTTP/3
2025-05-02 13:01:35,index,12.1010000705719,635,TheEmptinessMachine,BBR,RB,HTTP/3
2025-05-02 13:01:39,index,16.1010000705719,635,TheEmptinessMachine,BBR,RB,HTTP/3
2025-05-02 13:01:41,index,18.1010000705719,635,TheEmptinessMachine,BBR,RB,HTTP/3
2025-05-02 13:01:43,index,20.1010000705719,72,TheEmptinessMachine,BBR,RB,HTTP/3
2025-05-02 13:01:45,index,22.1019999980927,72,TheEmptinessMachine,BBR,RB,HTTP/3
2025-05-02 13:01:47,index,24.1010000705719,214,TheEmptinessMachine,BBR,RB,HTTP/3
2025-05-02 13:01:49,index,26.1010000705719,214,TheEmptinessMachine,BBR,RB,HTTP/3
2025-05-02 13:01:51,index,28.1010000705719,214,TheEmptinessMachine,BBR,RB,HTTP/3
2025-05-02 13:01:53,index,30.1010000705719,72,TheEmptinessMachine,BBR,RB,HTTP/3
2025-05-02 13:01:55,index,32.1010000705719,72,TheEmptinessMachine,BBR,RB,HTTP/3
2025-05-02 13:01:57,index,34.1010000705719,214,TheEmptinessMachine,BBR,RB,HTTP/3
2025-05-02 13:01:59,index,36.1010000705719,72,TheEmptinessMachine,BBR,RB,HTTP/3
2025-05-02 13:02:01,index,38.1010000705719,214,TheEmptinessMachine,BBR,RB,HTTP/3
2025-05-02 13:02:03,index,40.1010000705719,214,TheEmptinessMachine,BBR,RB,HTTP/3
2025-05-02 13:02:05,index,42.1010000705719,72,TheEmptinessMachine,BBR,RB,HTTP/3
2025-05-02 13:02:07,index,44.1010000705719,214,TheEmptinessMachine,BBR,RB,HTTP/3
2025-05-02 13:02:09,index,46.1019999980927,72,TheEmptinessMachine,BBR,RB,HTTP/3
2025-05-02 13:02:11,index,48.1010000705719,214,TheEmptinessMachine,BBR,RB,HTTP/3
2025-05-02 13:02:13,index,50.1010000705719,214,TheEmptinessMachine,BBR,RB,HTTP/3
2025-05-02 13:02:15,index,52.1010000705719,214,TheEmptinessMachine,BBR,RB,HTTP/3
2025-05-02 13:02:17,index,54.1010000705719,214,TheEmptinessMachine,BBR,RB,HTTP/3
2025-05-02 13:02:27,index,64.1010000705719,214,TheEmptinessMachine,BBR,RB,HTTP/3
2025-05-02 13:02:29,index,66.1010000705719,214,TheEmptinessMachine,BBR,RB,HTTP/3
2025-05-02 13:02:31,index,68.1010000705719,72,TheEmptinessMachine,BBR,RB,HTTP/3
2025-05-02 13:02:35,index,72.1010000705719,72,TheEmptinessMachine,BBR,RB,HTTP/3
2025-05-02 13:02:37,index,74.1010000705719,214,TheEmptinessMachine,BBR,RB,HTTP/3
2025-05-02 13:02:39,index,76.1010000705719,72,TheEmptinessMachine,BBR,RB,HTTP/3
2025-05-02 13:02:41,index,78.1010000705719,214,TheEmptinessMachine,BBR,RB,HTTP/3
2025-05-02 13:02:43,index,80.1010000705719,214,TheEmptinessMachine,BBR,RB,HTTP/3
2025-05-02 13:02:45,index,82.1010000705719,72,TheEmptinessMachine,BBR,RB,HTTP/3
2025-05-02 13:02:47,index,84.1010000705719,320,TheEmptinessMachine,BBR,RB,HTTP/3
2025-05-02 13:02:49,index,86.1010000705719,330,TheEmptinessMachine,BBR,RB,HTTP/3
2025-05-02 13:02:51,index,88.1010000705719,72,TheEmptinessMachine,BBR,RB,HTTP/3
2025-05-02 13:02:53,index,90.1010000705719,330,TheEmptinessMachine,BBR,RB,HTTP/3
2025-05-02 13:02:55,index,92.1010000705719,330,TheEmptinessMachine,BBR,RB,HTTP/3
2025-05-02 13:02:57,index,94.1010000705719,330,TheEmptinessMachine,BBR,RB,HTTP/3
2025-05-02 13:03:07,index,104.101000070572,72,TheEmptinessMachine,BBR,RB,HTTP/3
2025-05-02 13:03:09,index,106.101000070572,214,TheEmptinessMachine,BBR,RB,HTTP/3
2025-05-02 13:03:11,index,108.101000070572,214,TheEmptinessMachine,BBR,RB,HTTP/3
2025-05-02 13:03:13,index,110.101000070572,72,TheEmptinessMachine,BBR,RB,HTTP/3
2025-05-02 13:03:15,index,112.101000070572,169,TheEmptinessMachine,BBR,RB,HTTP/3
2025-05-02 13:03:17,index,114.101000070572,169,TheEmptinessMachine,BBR,RB,HTTP/3
2025-05-02 13:03:19,index,116.101000070572,169,TheEmptinessMachine,BBR,RB,HTTP/3
2025-05-02 13:03:21,index,118.101000070572,214,TheEmptinessMachine,BBR,RB,HTTP/3
2025-05-02 13:03:23,index,120.101000070572,214,TheEmptinessMachine,BBR,RB,HTTP/3
2025-05-02 13:03:25,index,122.101000070572,214,TheEmptinessMachine,BBR,RB,HTTP/3
2025-05-02 13:03:27,index,124.101000070572,72,TheEmptinessMachine,BBR,RB,HTTP/3
2025-05-02 13:03:29,index,126.101000070572,214,TheEmptinessMachine,BBR,RB,HTTP/3
2025-05-02 13:03:31,index,128.101000070572,214,TheEmptinessMachine,BBR,RB,HTTP/3
2025-05-02 13:03:33,index,130.101000070572,214,TheEmptinessMachine,BBR,RB,HTTP/3
2025-05-02 13:03:35,index,132.101000070572,214,TheEmptinessMachine,BBR,RB,HTTP/3
2025-05-02 13:03:37,index,134.101000070572,72,TheEmptinessMachine,BBR,RB,HTTP/3
2025-05-02 13:03:39,index,136.101000070572,214,TheEmptinessMachine,BBR,RB,HTTP/3
2025-05-02 13:03:41,index,138.101000070572,214,TheEmptinessMachine,BBR,RB,HTTP/3
2025-05-02 13:03:43,index,140.101000070572,214,TheEmptinessMachine,BBR,RB,HTTP/3
2025-05-02 13:03:45,index,142.101000070572,214,TheEmptinessMachine,BBR,RB,HTTP/3
2025-05-02 13:03:47,index,144.101000070572,214,TheEmptinessMachine,BBR,RB,HTTP/3
2025-05-02 13:03:49,index,146.101000070572,214,TheEmptinessMachine,BBR,RB,HTTP/3
2025-05-02 13:03:51,index,148.101000070572,330,TheEmptinessMachine,BBR,RB,HTTP/3
2025-05-02 13:03:53,index,150.101000070572,330,TheEmptinessMachine,BBR,RB,HTTP/3
2025-05-02 13:03:55,index,152.101000070572,330,TheEmptinessMachine,BBR,RB,HTTP/3
2025-05-02 13:03:57,index,154.101000070572,72,TheEmptinessMachine,BBR,RB,HTTP/3
2025-05-02 13:03:59,index,156.101000070572,330,TheEmptinessMachine,BBR,RB,HTTP/3
2025-05-02 13:04:01,index,158.101000070572,72,TheEmptinessMachine,BBR,RB,HTTP/3
2025-05-02 13:04:03,index,160.101000070572,330,TheEmptinessMachine,BBR,RB,HTTP/3
2025-05-02 13:04:05,index,162.101000070572,330,TheEmptinessMachine,BBR,RB,HTTP/3
2025-05-02 13:04:07,index,164.101000070572,330,TheEmptinessMachine,BBR,RB,HTTP/3
2025-05-02 13:04:09,index,166.101000070572,330,TheEmptinessMachine,BBR,RB,HTTP/3
2025-05-02 13:04:11,index,168.101000070572,330,TheEmptinessMachine,BBR,RB,HTTP/3
2025-05-02 13:04:13,index,170.101000070572,330,TheEmptinessMachine,BBR,RB,HTTP/3
2025-05-02 13:04:15,index,172.101000070572,330,TheEmptinessMachine,BBR,RB,HTTP/3
2025-05-02 13:04:17,index,174.101000070572,72,TheEmptinessMachine,BBR,RB,HTTP/3
2025-05-02 13:04:19,index,176.101000070572,330,TheEmptinessMachine,BBR,RB,HTTP/3
2025-05-02 13:04:21,index,178.101000070572,330,TheEmptinessMachine,BBR,RB,HTTP/3
2025-05-02 13:04:23,index,180.101000070572,72,TheEmptinessMachine,BBR,RB,HTTP/3
2025-05-02 13:04:25,index,182.101000070572,330,TheEmptinessMachine,BBR,RB,HTTP/3
2025-05-02 13:04:27,index,184.101000070572,330,TheEmptinessMachine,BBR,RB,HTTP/3
2025-05-02 13:04:29,index,186.101000070572,72,TheEmptinessMachine,BBR,RB,HTTP/3
2025-05-02 13:04:31,index,188.101000070572,330,TheEmptinessMachine,BBR,RB,HTTP/3
2025-05-02 13:04:33,index,190.101000070572,330,TheEmptinessMachine,BBR,RB,HTTP/3
2025-05-02 13:04:35,index,192.101000070572,330,TheEmptinessMachine,BBR,RB,HTTP/3
2025-05-02 13:04:37,index,194.101000070572,72,TheEmptinessMachine,BBR,RB,HTTP/3
2025-05-02 13:04:39,index,196.101000070572,330,TheEmptinessMachine,BBR,RB,HTTP/3
2025-05-02 13:04:41,index,198.101000070572,330,TheEmptinessMachine,BBR,RB,HTTP/3
2025-05-02 13:04:43,index,200.101000070572,72,TheEmptinessMachine,BBR,RB,HTTP/3
2025-05-02 13:04:45,index,202.101000070572,214,TheEmptinessMachine,BBR,RB,HTTP/3
2025-05-02 13:04:47,index,204.101000070572,214,TheEmptinessMachine,BBR,RB,HTTP/3
2025-05-02 13:04:49,index,206.101000070572,214,TheEmptinessMachine,BBR,RB,HTTP/3
2025-05-02 13:04:51,index,208.101000070572,72,TheEmptinessMachine,BBR,RB,HTTP/3
2025-05-02 13:04:53,index,210.101000070572,214,TheEmptinessMachine,BBR,RB,HTTP/3
2025-05-02 13:04:55,index,212.101000070572,72,TheEmptinessMachine,BBR,RB,HTTP/3
2025-05-02 13:04:57,index,214.101000070572,72,TheEmptinessMachine,BBR,RB,HTTP/3
2025-05-02 13:04:59,index,216.101000070572,72,TheEmptinessMachine,BBR,RB,HTTP/3
2025-05-02 13:05:01,index,218.101000070572,72,TheEmptinessMachine,BBR,RB,HTTP/3
2025-05-02 13:05:03,index,220.101000070572,72,TheEmptinessMachine,BBR,RB,HTTP/3
2025-05-02 13:05:27,index,4.31699991226196,1767,TheEmptinessMachine,BBR,Throughput,HTTP/1.1
2025-05-02 13:05:31,index,8.31699991226196,1106,TheEmptinessMachine,BBR,Throughput,HTTP/1.1
2025-05-02 13:05:37,index,14.316999912262,72,TheEmptinessMachine,BBR,Throughput,HTTP/1.1
2025-05-02 13:05:39,index,16.316999912262,72,TheEmptinessMachine,BBR,Throughput,HTTP/1.1
2025-05-02 13:05:41,index,18.316999912262,72,TheEmptinessMachine,BBR,Throughput,HTTP/1.1
2025-05-02 13:05:43,index,20.316999912262,674,TheEmptinessMachine,BBR,Throughput,HTTP/1.1
2025-05-02 13:05:45,index,22.316999912262,674,TheEmptinessMachine,BBR,Throughput,HTTP/1.1
2025-05-02 13:05:47,index,24.316999912262,330,TheEmptinessMachine,BBR,Throughput,HTTP/1.1
2025-05-02 13:05:49,index,26.316999912262,330,TheEmptinessMachine,BBR,Throughput,HTTP/1.1
2025-05-02 13:05:51,index,28.316999912262,330,TheEmptinessMachine,BBR,Throughput,HTTP/1.1
2025-05-02 13:05:53,index,30.316999912262,330,TheEmptinessMachine,BBR,Throughput,HTTP/1.1
2025-05-02 13:05:55,index,32.316999912262,635,TheEmptinessMachine,BBR,Throughput,HTTP/1.1
2025-05-02 13:05:57,index,34.316999912262,635,TheEmptinessMachine,BBR,Throughput,HTTP/1.1
2025-05-02 13:05:59,index,36.316999912262,674,TheEmptinessMachine,BBR,Throughput,HTTP/1.1
2025-05-02 13:06:01,index,38.316999912262,674,TheEmptinessMachine,BBR,Throughput,HTTP/1.1
2025-05-02 13:06:05,index,42.316999912262,330,TheEmptinessMachine,BBR,Throughput,HTTP/1.1
2025-05-02 13:06:07,index,44.316999912262,214,TheEmptinessMachine,BBR,Throughput,HTTP/1.1
2025-05-02 13:06:09,index,46.316999912262,330,TheEmptinessMachine,BBR,Throughput,HTTP/1.1
2025-05-02 13:06:11,index,48.316999912262,330,TheEmptinessMachine,BBR,Throughput,HTTP/1.1
2025-05-02 13:06:13,index,50.316999912262,320,TheEmptinessMachine,BBR,Throughput,HTTP/1.1
2025-05-02 13:06:15,index,52.316999912262,320,TheEmptinessMachine,BBR,Throughput,HTTP/1.1
2025-05-02 13:06:17,index,54.316999912262,320,TheEmptinessMachine,BBR,Throughput,HTTP/1.1
2025-05-02 13:06:19,index,56.316999912262,320,TheEmptinessMachine,BBR,Throughput,HTTP/1.1
2025-05-02 13:06:21,index,58.316999912262,320,TheEmptinessMachine,BBR,Throughput,HTTP/1.1
2025-05-02 13:06:23,index,60.316999912262,320,TheEmptinessMachine,BBR,Throughput,HTTP/1.1
2025-05-02 13:06:25,index,62.316999912262,320,TheEmptinessMachine,BBR,Throughput,HTTP/1.1
2025-05-02 13:06:27,index,64.316999912262,320,TheEmptinessMachine,BBR,Throughput,HTTP/1.1
2025-05-02 13:06:29,index,66.316999912262,320,TheEmptinessMachine,BBR,Throughput,HTTP/1.1
2025-05-02 13:06:31,index,68.316999912262,320,TheEmptinessMachine,BBR,Throughput,HTTP/1.1
2025-05-02 13:06:33,index,70.316999912262,320,TheEmptinessMachine,BBR,Throughput,HTTP/1.1
2025-05-02 13:06:35,index,72.316999912262,330,TheEmptinessMachine,BBR,Throughput,HTTP/1.1
2025-05-02 13:06:37,index,74.3180000782013,330,TheEmptinessMachine,BBR,Throughput,HTTP/1.1
2025-05-02 13:06:39,index,76.316999912262,330,TheEmptinessMachine,BBR,Throughput,HTTP/1.1
2025-05-02 13:06:41,index,78.3180000782013,330,TheEmptinessMachine,BBR,Throughput,HTTP/1.1
2025-05-02 13:06:43,index,80.316999912262,330,TheEmptinessMachine,BBR,Throughput,HTTP/1.1
2025-05-02 13:06:45,index,82.316999912262,330,TheEmptinessMachine,BBR,Throughput,HTTP/1.1
2025-05-02 13:06:47,index,84.316999912262,330,TheEmptinessMachine,BBR,Throughput,HTTP/1.1
2025-05-02 13:06:49,index,86.316999912262,330,TheEmptinessMachine,BBR,Throughput,HTTP/1.1
2025-05-02 13:06:51,index,88.316999912262,330,TheEmptinessMachine,BBR,Throughput,HTTP/1.1
2025-05-02 13:06:53,index,90.316999912262,330,TheEmptinessMachine,BBR,Throughput,HTTP/1.1
2025-05-02 13:06:55,index,92.316999912262,330,TheEmptinessMachine,BBR,Throughput,HTTP/1.1
2025-05-02 13:06:57,index,94.316999912262,635,TheEmptinessMachine,BBR,Throughput,HTTP/1.1
2025-05-02 13:06:59,index,96.316999912262,674,TheEmptinessMachine,BBR,Throughput,HTTP/1.1
2025-05-02 13:07:01,index,98.316999912262,674,TheEmptinessMachine,BBR,Throughput,HTTP/1.1
2025-05-02 13:07:03,index,100.316999912262,674,TheEmptinessMachine,BBR,Throughput,HTTP/1.1
2025-05-02 13:07:05,index,102.316999912262,674,TheEmptinessMachine,BBR,Throughput,HTTP/1.1
2025-05-02 13:07:07,index,104.316999912262,674,TheEmptinessMachine,BBR,Throughput,HTTP/1.1
2025-05-02 13:07:09,index,106.316999912262,330,TheEmptinessMachine,BBR,Throughput,HTTP/1.1
2025-05-02 13:07:11,index,108.316999912262,635,TheEmptinessMachine,BBR,Throughput,HTTP/1.1
2025-05-02 13:07:13,index,110.316999912262,635,TheEmptinessMachine,BBR,Throughput,HTTP/1.1
2025-05-02 13:07:15,index,112.316999912262,214,TheEmptinessMachine,BBR,Throughput,HTTP/1.1
2025-05-02 13:07:17,index,114.316999912262,330,TheEmptinessMachine,BBR,Throughput,HTTP/1.1
2025-05-02 13:07:19,index,116.316999912262,214,TheEmptinessMachine,BBR,Throughput,HTTP/1.1
2025-05-02 13:07:21,index,118.316999912262,330,TheEmptinessMachine,BBR,Throughput,HTTP/1.1
2025-05-02 13:07:23,index,120.316999912262,330,TheEmptinessMachine,BBR,Throughput,HTTP/1.1
2025-05-02 13:07:25,index,122.316999912262,320,TheEmptinessMachine,BBR,Throughput,HTTP/1.1
2025-05-02 13:07:27,index,124.316999912262,320,TheEmptinessMachine,BBR,Throughput,HTTP/1.1
2025-05-02 13:07:29,index,126.316999912262,320,TheEmptinessMachine,BBR,Throughput,HTTP/1.1
2025-05-02 13:07:31,index,128.318000078201,320,TheEmptinessMachine,BBR,Throughput,HTTP/1.1
2025-05-02 13:07:33,index,130.316999912262,320,TheEmptinessMachine,BBR,Throughput,HTTP/1.1
2025-05-02 13:07:35,index,132.316999912262,320,TheEmptinessMachine,BBR,Throughput,HTTP/1.1
2025-05-02 13:07:37,index,134.316999912262,214,TheEmptinessMachine,BBR,Throughput,HTTP/1.1
2025-05-02 13:07:39,index,136.316999912262,214,TheEmptinessMachine,BBR,Throughput,HTTP/1.1
2025-05-02 13:07:41,index,138.318000078201,214,TheEmptinessMachine,BBR,Throughput,HTTP/1.1
2025-05-02 13:07:43,index,140.316999912262,214,TheEmptinessMachine,BBR,Throughput,HTTP/1.1
2025-05-02 13:07:45,index,142.316999912262,214,TheEmptinessMachine,BBR,Throughput,HTTP/1.1
2025-05-02 13:07:47,index,144.316999912262,214,TheEmptinessMachine,BBR,Throughput,HTTP/1.1
2025-05-02 13:07:49,index,146.316999912262,214,TheEmptinessMachine,BBR,Throughput,HTTP/1.1
2025-05-02 13:07:51,index,148.316999912262,214,TheEmptinessMachine,BBR,Throughput,HTTP/1.1
2025-05-02 13:07:53,index,150.316999912262,214,TheEmptinessMachine,BBR,Throughput,HTTP/1.1
2025-05-02 13:07:55,index,152.316999912262,214,TheEmptinessMachine,BBR,Throughput,HTTP/1.1
2025-05-02 13:07:57,index,154.316999912262,214,TheEmptinessMachine,BBR,Throughput,HTTP/1.1
2025-05-02 13:07:59,index,156.316999912262,214,TheEmptinessMachine,BBR,Throughput,HTTP/1.1
2025-05-02 13:08:01,index,158.316999912262,214,TheEmptinessMachine,BBR,Throughput,HTTP/1.1
2025-05-02 13:08:03,index,160.316999912262,674,TheEmptinessMachine,BBR,Throughput,HTTP/1.1
2025-05-02 13:08:05,index,162.316999912262,674,TheEmptinessMachine,BBR,Throughput,HTTP/1.1
2025-05-02 13:08:07,index,164.316999912262,674,TheEmptinessMachine,BBR,Throughput,HTTP/1.1
2025-05-02 13:08:09,index,166.316999912262,330,TheEmptinessMachine,BBR,Throughput,HTTP/1.1
2025-05-02 13:08:11,index,168.316999912262,330,TheEmptinessMachine,BBR,Throughput,HTTP/1.1
2025-05-02 13:08:13,index,170.316999912262,330,TheEmptinessMachine,BBR,Throughput,HTTP/1.1
2025-05-02 13:08:15,index,172.316999912262,330,TheEmptinessMachine,BBR,Throughput,HTTP/1.1
2025-05-02 13:08:17,index,174.318000078201,330,TheEmptinessMachine,BBR,Throughput,HTTP/1.1
2025-05-02 13:08:19,index,176.316999912262,330,TheEmptinessMachine,BBR,Throughput,HTTP/1.1
2025-05-02 13:08:21,index,178.316999912262,330,TheEmptinessMachine,BBR,Throughput,HTTP/1.1
2025-05-02 13:08:23,index,180.316999912262,330,TheEmptinessMachine,BBR,Throughput,HTTP/1.1
2025-05-02 13:08:25,index,182.316999912262,330,TheEmptinessMachine,BBR,Throughput,HTTP/1.1
2025-05-02 13:08:27,index,184.316999912262,330,TheEmptinessMachine,BBR,Throughput,HTTP/1.1
2025-05-02 13:08:29,index,186.316999912262,330,TheEmptinessMachine,BBR,Throughput,HTTP/1.1
2025-05-02 13:08:31,index,188.316999912262,330,TheEmptinessMachine,BBR,Throughput,HTTP/1.1
2025-05-02 13:08:33,index,190.316999912262,330,TheEmptinessMachine,BBR,Throughput,HTTP/1.1
2025-05-02 13:08:35,index,192.316999912262,330,TheEmptinessMachine,BBR,Throughput,HTTP/1.1
2025-05-02 13:08:37,index,194.316999912262,330,TheEmptinessMachine,BBR,Throughput,HTTP/1.1
2025-05-02 13:08:39,index,196.316999912262,330,TheEmptinessMachine,BBR,Throughput,HTTP/1.1
2025-05-02 13:08:41,index,198.318000078201,330,TheEmptinessMachine,BBR,Throughput,HTTP/1.1
2025-05-02 13:08:43,index,200.316999912262,330,TheEmptinessMachine,BBR,Throughput,HTTP/1.1
2025-05-02 13:08:45,index,202.316999912262,330,TheEmptinessMachine,BBR,Throughput,HTTP/1.1
2025-05-02 13:08:47,index,204.316999912262,330,TheEmptinessMachine,BBR,Throughput,HTTP/1.1
2025-05-02 13:08:49,index,206.316999912262,330,TheEmptinessMachine,BBR,Throughput,HTTP/1.1
2025-05-02 13:08:51,index,208.316999912262,330,TheEmptinessMachine,BBR,Throughput,HTTP/1.1
2025-05-02 13:09:27,index,6.29900002479553,330,TheEmptinessMachine,BBR,Throughput,HTTP/2
2025-05-02 13:09:29,index,8.29900002479553,330,TheEmptinessMachine,BBR,Throughput,HTTP/2
2025-05-02 13:09:31,index,10.2990000247955,330,TheEmptinessMachine,BBR,Throughput,HTTP/2
2025-05-02 13:09:33,index,12.2990000247955,330,TheEmptinessMachine,BBR,Throughput,HTTP/2
2025-05-02 13:09:35,index,14.2990000247955,330,TheEmptinessMachine,BBR,Throughput,HTTP/2
2025-05-02 13:09:37,index,16.2990000247955,330,TheEmptinessMachine,BBR,Throughput,HTTP/2
2025-05-02 13:09:39,index,18.2990000247955,330,TheEmptinessMachine,BBR,Throughput,HTTP/2
2025-05-02 13:09:41,index,20.2990000247955,330,TheEmptinessMachine,BBR,Throughput,HTTP/2
2025-05-02 13:09:43,index,22.2990000247955,330,TheEmptinessMachine,BBR,Throughput,HTTP/2
2025-05-02 13:09:45,index,24.2990000247955,330,TheEmptinessMachine,BBR,Throughput,HTTP/2
2025-05-02 13:09:47,index,26.2990000247955,330,TheEmptinessMachine,BBR,Throughput,HTTP/2
2025-05-02 13:09:49,index,28.2990000247955,330,TheEmptinessMachine,BBR,Throughput,HTTP/2
2025-05-02 13:09:51,index,30.2990000247955,330,TheEmptinessMachine,BBR,Throughput,HTTP/2
2025-05-02 13:09:53,index,32.2990000247955,330,TheEmptinessMachine,BBR,Throughput,HTTP/2
2025-05-02 13:09:55,index,34.2990000247955,330,TheEmptinessMachine,BBR,Throughput,HTTP/2
2025-05-02 13:09:57,index,36.2990000247955,330,TheEmptinessMachine,BBR,Throughput,HTTP/2
2025-05-02 13:09:59,index,38.2990000247955,330,TheEmptinessMachine,BBR,Throughput,HTTP/2
2025-05-02 13:10:01,index,40.2990000247955,330,TheEmptinessMachine,BBR,Throughput,HTTP/2
2025-05-02 13:10:03,index,42.2990000247955,330,TheEmptinessMachine,BBR,Throughput,HTTP/2
2025-05-02 13:10:05,index,44.2990000247955,330,TheEmptinessMachine,BBR,Throughput,HTTP/2
2025-05-02 13:10:07,index,46.2990000247955,330,TheEmptinessMachine,BBR,Throughput,HTTP/2
2025-05-02 13:10:09,index,48.2990000247955,330,TheEmptinessMachine,BBR,Throughput,HTTP/2
2025-05-02 13:10:11,index,50.2990000247955,330,TheEmptinessMachine,BBR,Throughput,HTTP/2
2025-05-02 13:10:13,index,52.2990000247955,330,TheEmptinessMachine,BBR,Throughput,HTTP/2
2025-05-02 13:10:15,index,54.2990000247955,330,TheEmptinessMachine,BBR,Throughput,HTTP/2
2025-05-02 13:10:17,index,56.2990000247955,330,TheEmptinessMachine,BBR,Throughput,HTTP/2
2025-05-02 13:10:19,index,58.2990000247955,330,TheEmptinessMachine,BBR,Throughput,HTTP/2
2025-05-02 13:10:21,index,60.2990000247955,330,TheEmptinessMachine,BBR,Throughput,HTTP/2
2025-05-02 13:10:23,index,62.2990000247955,330,TheEmptinessMachine,BBR,Throughput,HTTP/2
2025-05-02 13:10:25,index,64.2990000247955,330,TheEmptinessMachine,BBR,Throughput,HTTP/2
2025-05-02 13:10:27,index,66.2990000247955,330,TheEmptinessMachine,BBR,Throughput,HTTP/2
2025-05-02 13:10:29,index,68.2990000247955,330,TheEmptinessMachine,BBR,Throughput,HTTP/2
2025-05-02 13:10:31,index,70.2990000247955,330,TheEmptinessMachine,BBR,Throughput,HTTP/2
2025-05-02 13:10:33,index,72.2990000247955,330,TheEmptinessMachine,BBR,Throughput,HTTP/2
2025-05-02 13:10:35,index,74.2990000247955,330,TheEmptinessMachine,BBR,Throughput,HTTP/2
2025-05-02 13:10:37,index,76.2990000247955,330,TheEmptinessMachine,BBR,Throughput,HTTP/2
2025-05-02 13:10:39,index,78.2990000247955,330,TheEmptinessMachine,BBR,Throughput,HTTP/2
2025-05-02 13:10:41,index,80.2990000247955,330,TheEmptinessMachine,BBR,Throughput,HTTP/2
2025-05-02 13:10:43,index,82.2990000247955,330,TheEmptinessMachine,BBR,Throughput,HTTP/2
2025-05-02 13:10:45,index,84.2990000247955,330,TheEmptinessMachine,BBR,Throughput,HTTP/2
2025-05-02 13:10:47,index,86.2990000247955,330,TheEmptinessMachine,BBR,Throughput,HTTP/2
2025-05-02 13:10:49,index,88.2990000247955,330,TheEmptinessMachine,BBR,Throughput,HTTP/2
2025-05-02 13:10:51,index,90.2990000247955,330,TheEmptinessMachine,BBR,Throughput,HTTP/2
2025-05-02 13:10:53,index,92.2990000247955,330,TheEmptinessMachine,BBR,Throughput,HTTP/2
2025-05-02 13:10:55,index,94.2990000247955,330,TheEmptinessMachine,BBR,Throughput,HTTP/2
2025-05-02 13:10:57,index,96.2990000247955,330,TheEmptinessMachine,BBR,Throughput,HTTP/2
2025-05-02 13:10:59,index,98.2990000247955,330,TheEmptinessMachine,BBR,Throughput,HTTP/2
2025-05-02 13:11:01,index,100.299000024796,330,TheEmptinessMachine,BBR,Throughput,HTTP/2
2025-05-02 13:11:03,index,102.299000024796,330,TheEmptinessMachine,BBR,Throughput,HTTP/2
2025-05-02 13:11:05,index,104.299000024796,330,TheEmptinessMachine,BBR,Throughput,HTTP/2
2025-05-02 13:11:07,index,106.299000024796,330,TheEmptinessMachine,BBR,Throughput,HTTP/2
2025-05-02 13:11:09,index,108.299000024796,330,TheEmptinessMachine,BBR,Throughput,HTTP/2
2025-05-02 13:11:11,index,110.299000024796,330,TheEmptinessMachine,BBR,Throughput,HTTP/2
2025-05-02 13:11:13,index,112.299000024796,330,TheEmptinessMachine,BBR,Throughput,HTTP/2
2025-05-02 13:11:15,index,114.299000024796,330,TheEmptinessMachine,BBR,Throughput,HTTP/2
2025-05-02 13:11:17,index,116.299000024796,330,TheEmptinessMachine,BBR,Throughput,HTTP/2
2025-05-02 13:11:19,index,118.299000024796,330,TheEmptinessMachine,BBR,Throughput,HTTP/2
2025-05-02 13:11:21,index,120.299000024796,330,TheEmptinessMachine,BBR,Throughput,HTTP/2
2025-05-02 13:11:23,index,122.299000024796,330,TheEmptinessMachine,BBR,Throughput,HTTP/2
2025-05-02 13:11:25,index,124.299000024796,330,TheEmptinessMachine,BBR,Throughput,HTTP/2
2025-05-02 13:11:27,index,126.299000024796,330,TheEmptinessMachine,BBR,Throughput,HTTP/2
2025-05-02 13:11:29,index,128.299000024796,330,TheEmptinessMachine,BBR,Throughput,HTTP/2
2025-05-02 13:11:31,index,130.299000024796,330,TheEmptinessMachine,BBR,Throughput,HTTP/2
2025-05-02 13:11:33,index,132.299000024796,330,TheEmptinessMachine,BBR,Throughput,HTTP/2
2025-05-02 13:11:35,index,134.299000024796,330,TheEmptinessMachine,BBR,Throughput,HTTP/2
2025-05-02 13:11:39,index,138.299000024796,330,TheEmptinessMachine,BBR,Throughput,HTTP/2
2025-05-02 13:11:41,index,140.299000024796,330,TheEmptinessMachine,BBR,Throughput,HTTP/2
2025-05-02 13:11:43,index,142.299000024796,635,TheEmptinessMachine,BBR,Throughput,HTTP/2
2025-05-02 13:11:45,index,144.299000024796,674,TheEmptinessMachine,BBR,Throughput,HTTP/2
2025-05-02 13:11:47,index,146.299000024796,674,TheEmptinessMachine,BBR,Throughput,HTTP/2
2025-05-02 13:11:49,index,148.299000024796,980,TheEmptinessMachine,BBR,Throughput,HTTP/2
2025-05-02 13:11:51,index,150.299000024796,980,TheEmptinessMachine,BBR,Throughput,HTTP/2
2025-05-02 13:11:53,index,152.299000024796,980,TheEmptinessMachine,BBR,Throughput,HTTP/2
2025-05-02 13:11:55,index,154.299000024796,980,TheEmptinessMachine,BBR,Throughput,HTTP/2
2025-05-02 13:11:59,index,158.299000024796,214,TheEmptinessMachine,BBR,Throughput,HTTP/2
2025-05-02 13:12:01,index,160.299000024796,330,TheEmptinessMachine,BBR,Throughput,HTTP/2
2025-05-02 13:12:03,index,162.299000024796,330,TheEmptinessMachine,BBR,Throughput,HTTP/2
2025-05-02 13:12:05,index,164.299000024796,674,TheEmptinessMachine,BBR,Throughput,HTTP/2
2025-05-02 13:12:07,index,166.299000024796,330,TheEmptinessMachine,BBR,Throughput,HTTP/2
2025-05-02 13:12:09,index,168.299000024796,330,TheEmptinessMachine,BBR,Throughput,HTTP/2
2025-05-02 13:12:13,index,172.299000024796,214,TheEmptinessMachine,BBR,Throughput,HTTP/2
2025-05-02 13:12:15,index,174.299000024796,72,TheEmptinessMachine,BBR,Throughput,HTTP/2
2025-05-02 13:12:17,index,176.299000024796,214,TheEmptinessMachine,BBR,Throughput,HTTP/2
2025-05-02 13:12:19,index,178.299000024796,330,TheEmptinessMachine,BBR,Throughput,HTTP/2
2025-05-02 13:12:21,index,180.299000024796,214,TheEmptinessMachine,BBR,Throughput,HTTP/2
2025-05-02 13:12:23,index,182.299000024796,320,TheEmptinessMachine,BBR,Throughput,HTTP/2
2025-05-02 13:12:29,index,188.299000024796,214,TheEmptinessMachine,BBR,Throughput,HTTP/2
2025-05-02 13:12:31,index,190.299000024796,169,TheEmptinessMachine,BBR,Throughput,HTTP/2
2025-05-02 13:12:33,index,192.299000024796,214,TheEmptinessMachine,BBR,Throughput,HTTP/2
2025-05-02 13:12:35,index,194.299000024796,214,TheEmptinessMachine,BBR,Throughput,HTTP/2
2025-05-02 13:12:37,index,196.299000024796,214,TheEmptinessMachine,BBR,Throughput,HTTP/2
2025-05-02 13:12:39,index,198.299000024796,214,TheEmptinessMachine,BBR,Throughput,HTTP/2
2025-05-02 13:12:41,index,200.299000024796,214,TheEmptinessMachine,BBR,Throughput,HTTP/2
2025-05-02 13:12:43,index,202.299000024796,214,TheEmptinessMachine,BBR,Throughput,HTTP/2
2025-05-02 13:12:45,index,204.299000024796,214,TheEmptinessMachine,BBR,Throughput,HTTP/2
2025-05-02 13:12:47,index,206.299000024796,214,TheEmptinessMachine,BBR,Throughput,HTTP/2
2025-05-02 13:13:22,index,4.10500001907349,1226,TheEmptinessMachine,BBR,Throughput,HTTP/3
2025-05-02 13:13:32,index,14.1050000190735,72,TheEmptinessMachine,BBR,Throughput,HTTP/3
2025-05-02 13:13:36,index,18.1050000190735,72,TheEmptinessMachine,BBR,Throughput,HTTP/3
2025-05-02 13:13:38,index,20.1050000190735,330,TheEmptinessMachine,BBR,Throughput,HTTP/3
2025-05-02 13:13:40,index,22.1050000190735,169,TheEmptinessMachine,BBR,Throughput,HTTP/3
2025-05-02 13:13:42,index,24.1039998531342,169,TheEmptinessMachine,BBR,Throughput,HTTP/3
2025-05-02 13:13:46,index,28.1050000190735,169,TheEmptinessMachine,BBR,Throughput,HTTP/3
2025-05-02 13:13:48,index,30.1039998531342,84,TheEmptinessMachine,BBR,Throughput,HTTP/3
2025-05-02 13:13:52,index,34.1050000190735,214,TheEmptinessMachine,BBR,Throughput,HTTP/3
2025-05-02 13:13:54,index,36.1039998531342,214,TheEmptinessMachine,BBR,Throughput,HTTP/3
2025-05-02 13:13:56,index,38.1039998531342,72,TheEmptinessMachine,BBR,Throughput,HTTP/3
2025-05-02 13:14:02,index,44.1050000190735,72,TheEmptinessMachine,BBR,Throughput,HTTP/3
2025-05-02 13:14:04,index,46.1050000190735,72,TheEmptinessMachine,BBR,Throughput,HTTP/3
2025-05-02 13:14:06,index,48.1050000190735,72,TheEmptinessMachine,BBR,Throughput,HTTP/3
2025-05-02 13:14:08,index,50.1050000190735,214,TheEmptinessMachine,BBR,Throughput,HTTP/3
2025-05-02 13:14:10,index,52.1050000190735,320,TheEmptinessMachine,BBR,Throughput,HTTP/3
2025-05-02 13:14:14,index,56.1050000190735,72,TheEmptinessMachine,BBR,Throughput,HTTP/3
2025-05-02 13:14:16,index,58.1050000190735,72,TheEmptinessMachine,BBR,Throughput,HTTP/3
2025-05-02 13:14:20,index,62.1050000190735,72,TheEmptinessMachine,BBR,Throughput,HTTP/3
2025-05-02 13:14:24,index,66.1050000190735,84,TheEmptinessMachine,BBR,Throughput,HTTP/3
2025-05-02 13:14:26,index,68.1050000190735,84,TheEmptinessMachine,BBR,Throughput,HTTP/3
2025-05-02 13:14:28,index,70.1050000190735,214,TheEmptinessMachine,BBR,Throughput,HTTP/3
2025-05-02 13:14:30,index,72.1050000190735,214,TheEmptinessMachine,BBR,Throughput,HTTP/3
2025-05-02 13:14:32,index,74.1039998531342,214,TheEmptinessMachine,BBR,Throughput,HTTP/3
2025-05-02 13:14:34,index,76.1050000190735,330,TheEmptinessMachine,BBR,Throughput,HTTP/3
2025-05-02 13:14:36,index,78.1050000190735,330,TheEmptinessMachine,BBR,Throughput,HTTP/3
2025-05-02 13:14:38,index,80.1050000190735,330,TheEmptinessMachine,BBR,Throughput,HTTP/3
2025-05-02 13:14:40,index,82.1080000400543,330,TheEmptinessMachine,BBR,Throughput,HTTP/3
2025-05-02 13:14:42,index,84.1050000190735,330,TheEmptinessMachine,BBR,Throughput,HTTP/3
2025-05-02 13:14:44,index,86.1039998531342,84,TheEmptinessMachine,BBR,Throughput,HTTP/3
2025-05-02 13:14:46,index,88.1050000190735,84,TheEmptinessMachine,BBR,Throughput,HTTP/3
2025-05-02 13:14:48,index,90.1050000190735,84,TheEmptinessMachine,BBR,Throughput,HTTP/3
2025-05-02 13:14:50,index,92.1039998531342,84,TheEmptinessMachine,BBR,Throughput,HTTP/3
2025-05-02 13:14:52,index,94.1050000190735,84,TheEmptinessMachine,BBR,Throughput,HTTP/3
2025-05-02 13:14:54,index,96.1050000190735,84,TheEmptinessMachine,BBR,Throughput,HTTP/3
2025-05-02 13:14:56,index,98.1050000190735,214,TheEmptinessMachine,BBR,Throughput,HTTP/3
2025-05-02 13:14:58,index,100.105000019073,214,TheEmptinessMachine,BBR,Throughput,HTTP/3
2025-05-02 13:15:00,index,102.105000019073,214,TheEmptinessMachine,BBR,Throughput,HTTP/3
2025-05-02 13:15:02,index,104.103999853134,214,TheEmptinessMachine,BBR,Throughput,HTTP/3
2025-05-02 13:15:04,index,106.105000019073,214,TheEmptinessMachine,BBR,Throughput,HTTP/3
2025-05-02 13:15:06,index,108.103999853134,214,TheEmptinessMachine,BBR,Throughput,HTTP/3
2025-05-02 13:15:08,index,110.105000019073,214,TheEmptinessMachine,BBR,Throughput,HTTP/3
2025-05-02 13:15:10,index,112.103999853134,214,TheEmptinessMachine,BBR,Throughput,HTTP/3
2025-05-02 13:15:12,index,114.103999853134,330,TheEmptinessMachine,BBR,Throughput,HTTP/3
2025-05-02 13:15:14,index,116.105000019073,330,TheEmptinessMachine,BBR,Throughput,HTTP/3
2025-05-02 13:15:16,index,118.105000019073,330,TheEmptinessMachine,BBR,Throughput,HTTP/3
2025-05-02 13:15:18,index,120.103999853134,330,TheEmptinessMachine,BBR,Throughput,HTTP/3
2025-05-02 13:15:22,index,124.105000019073,84,TheEmptinessMachine,BBR,Throughput,HTTP/3
2025-05-02 13:15:24,index,126.105000019073,84,TheEmptinessMachine,BBR,Throughput,HTTP/3
2025-05-02 13:15:26,index,128.105000019073,84,TheEmptinessMachine,BBR,Throughput,HTTP/3
2025-05-02 13:15:28,index,130.103999853134,84,TheEmptinessMachine,BBR,Throughput,HTTP/3
2025-05-02 13:15:30,index,132.105000019073,330,TheEmptinessMachine,BBR,Throughput,HTTP/3
2025-05-02 13:15:32,index,134.105000019073,330,TheEmptinessMachine,BBR,Throughput,HTTP/3
2025-05-02 13:15:34,index,136.105000019073,330,TheEmptinessMachine,BBR,Throughput,HTTP/3
2025-05-02 13:15:36,index,138.103999853134,330,TheEmptinessMachine,BBR,Throughput,HTTP/3
2025-05-02 13:15:38,index,140.105000019073,330,TheEmptinessMachine,BBR,Throughput,HTTP/3
2025-05-02 13:15:40,index,142.105000019073,84,TheEmptinessMachine,BBR,Throughput,HTTP/3
2025-05-02 13:15:42,index,144.103999853134,84,TheEmptinessMachine,BBR,Throughput,HTTP/3
2025-05-02 13:15:44,index,146.105000019073,84,TheEmptinessMachine,BBR,Throughput,HTTP/3
2025-05-02 13:15:46,index,148.105000019073,84,TheEmptinessMachine,BBR,Throughput,HTTP/3
2025-05-02 13:15:48,index,150.105000019073,84,TheEmptinessMachine,BBR,Throughput,HTTP/3
2025-05-02 13:15:50,index,152.103999853134,214,TheEmptinessMachine,BBR,Throughput,HTTP/3
2025-05-02 13:15:52,index,154.105000019073,330,TheEmptinessMachine,BBR,Throughput,HTTP/3
2025-05-02 13:15:54,index,156.105000019073,330,TheEmptinessMachine,BBR,Throughput,HTTP/3
2025-05-02 13:15:56,index,158.105000019073,330,TheEmptinessMachine,BBR,Throughput,HTTP/3
2025-05-02 13:15:58,index,160.105000019073,330,TheEmptinessMachine,BBR,Throughput,HTTP/3
2025-05-02 13:16:00,index,162.105000019073,330,TheEmptinessMachine,BBR,Throughput,HTTP/3
2025-05-02 13:16:02,index,164.105000019073,84,TheEmptinessMachine,BBR,Throughput,HTTP/3
2025-05-02 13:16:04,index,166.103999853134,84,TheEmptinessMachine,BBR,Throughput,HTTP/3
2025-05-02 13:16:06,index,168.103999853134,84,TheEmptinessMachine,BBR,Throughput,HTTP/3
2025-05-02 13:16:10,index,172.105000019073,84,TheEmptinessMachine,BBR,Throughput,HTTP/3
2025-05-02 13:16:12,index,174.105000019073,84,TheEmptinessMachine,BBR,Throughput,HTTP/3
2025-05-02 13:16:14,index,176.103999853134,320,TheEmptinessMachine,BBR,Throughput,HTTP/3
2025-05-02 13:16:16,index,178.105000019073,330,TheEmptinessMachine,BBR,Throughput,HTTP/3
2025-05-02 13:16:18,index,180.105000019073,330,TheEmptinessMachine,BBR,Throughput,HTTP/3
2025-05-02 13:16:20,index,182.105000019073,330,TheEmptinessMachine,BBR,Throughput,HTTP/3
2025-05-02 13:16:22,index,184.105000019073,330,TheEmptinessMachine,BBR,Throughput,HTTP/3
2025-05-02 13:16:24,index,186.105000019073,330,TheEmptinessMachine,BBR,Throughput,HTTP/3
2025-05-02 13:16:26,index,188.103999853134,214,TheEmptinessMachine,BBR,Throughput,HTTP/3
2025-05-02 13:16:28,index,190.105000019073,72,TheEmptinessMachine,BBR,Throughput,HTTP/3
2025-05-02 13:16:30,index,192.105000019073,169,TheEmptinessMachine,BBR,Throughput,HTTP/3
2025-05-02 13:16:34,index,196.105000019073,84,TheEmptinessMachine,BBR,Throughput,HTTP/3
2025-05-02 13:16:36,index,198.105000019073,214,TheEmptinessMachine,BBR,Throughput,HTTP/3
2025-05-02 13:16:38,index,200.105000019073,81,TheEmptinessMachine,BBR,Throughput,HTTP/3
2025-05-02 13:16:40,index,202.105000019073,169,TheEmptinessMachine,BBR,Throughput,HTTP/3
2025-05-02 13:16:44,index,206.105000019073,169,TheEmptinessMachine,BBR,Throughput,HTTP/3
2025-05-02 13:16:46,index,208.105000019073,169,TheEmptinessMachine,BBR,Throughput,HTTP/3
2025-05-02 13:17:28,index,4.29299998283386,1106,TheEmptinessMachine,Westwood,Dynamic,HTTP/1.1
2025-05-02 13:17:30,index,6.29299998283386,1767,TheEmptinessMachine,Westwood,Dynamic,HTTP/1.1
2025-05-02 13:17:32,index,8.29299998283386,1767,TheEmptinessMachine,Westwood,Dynamic,HTTP/1.1
2025-05-02 13:17:38,index,14.2929999828339,674,TheEmptinessMachine,Westwood,Dynamic,HTTP/1.1
2025-05-02 13:17:44,index,20.2929999828339,330,TheEmptinessMachine,Westwood,Dynamic,HTTP/1.1
2025-05-02 13:17:46,index,22.2929999828339,635,TheEmptinessMachine,Westwood,Dynamic,HTTP/1.1
2025-05-02 13:17:48,index,24.2929999828339,84,TheEmptinessMachine,Westwood,Dynamic,HTTP/1.1
2025-05-02 13:17:50,index,26.2929999828339,330,TheEmptinessMachine,Westwood,Dynamic,HTTP/1.1
2025-05-02 13:17:52,index,28.2929999828339,330,TheEmptinessMachine,Westwood,Dynamic,HTTP/1.1
2025-05-02 13:17:54,index,30.2929999828339,330,TheEmptinessMachine,Westwood,Dynamic,HTTP/1.1
2025-05-02 13:17:56,index,32.2929999828339,330,TheEmptinessMachine,Westwood,Dynamic,HTTP/1.1
2025-05-02 13:17:58,index,34.2929999828339,320,TheEmptinessMachine,Westwood,Dynamic,HTTP/1.1
2025-05-02 13:18:00,index,36.2929999828339,320,TheEmptinessMachine,Westwood,Dynamic,HTTP/1.1
2025-05-02 13:18:02,index,38.2920000553131,320,TheEmptinessMachine,Westwood,Dynamic,HTTP/1.1
2025-05-02 13:18:04,index,40.2920000553131,320,TheEmptinessMachine,Westwood,Dynamic,HTTP/1.1
2025-05-02 13:18:06,index,42.2929999828339,320,TheEmptinessMachine,Westwood,Dynamic,HTTP/1.1
2025-05-02 13:18:08,index,44.2929999828339,320,TheEmptinessMachine,Westwood,Dynamic,HTTP/1.1
2025-05-02 13:18:10,index,46.2929999828339,320,TheEmptinessMachine,Westwood,Dynamic,HTTP/1.1
2025-05-02 13:18:12,index,48.2929999828339,320,TheEmptinessMachine,Westwood,Dynamic,HTTP/1.1
2025-05-02 13:18:14,index,50.2929999828339,320,TheEmptinessMachine,Westwood,Dynamic,HTTP/1.1
2025-05-02 13:18:16,index,52.2920000553131,320,TheEmptinessMachine,Westwood,Dynamic,HTTP/1.1
2025-05-02 13:18:18,index,54.2929999828339,320,TheEmptinessMachine,Westwood,Dynamic,HTTP/1.1
2025-05-02 13:18:20,index,56.2929999828339,320,TheEmptinessMachine,Westwood,Dynamic,HTTP/1.1
2025-05-02 13:18:22,index,58.2929999828339,320,TheEmptinessMachine,Westwood,Dynamic,HTTP/1.1
2025-05-02 13:18:24,index,60.2920000553131,330,TheEmptinessMachine,Westwood,Dynamic,HTTP/1.1
2025-05-02 13:18:26,index,62.2929999828339,674,TheEmptinessMachine,Westwood,Dynamic,HTTP/1.1
2025-05-02 13:18:28,index,64.2929999828339,674,TheEmptinessMachine,Westwood,Dynamic,HTTP/1.1
2025-05-02 13:18:30,index,66.2929999828339,674,TheEmptinessMachine,Westwood,Dynamic,HTTP/1.1
2025-05-02 13:18:32,index,68.2929999828339,674,TheEmptinessMachine,Westwood,Dynamic,HTTP/1.1
2025-05-02 13:18:34,index,70.2929999828339,674,TheEmptinessMachine,Westwood,Dynamic,HTTP/1.1
2025-05-02 13:18:36,index,72.2929999828339,674,TheEmptinessMachine,Westwood,Dynamic,HTTP/1.1
2025-05-02 13:18:38,index,74.2929999828339,214,TheEmptinessMachine,Westwood,Dynamic,HTTP/1.1
2025-05-02 13:18:40,index,76.2920000553131,330,TheEmptinessMachine,Westwood,Dynamic,HTTP/1.1
2025-05-02 13:18:42,index,78.2929999828339,330,TheEmptinessMachine,Westwood,Dynamic,HTTP/1.1
2025-05-02 13:18:44,index,80.2929999828339,330,TheEmptinessMachine,Westwood,Dynamic,HTTP/1.1
2025-05-02 13:18:46,index,82.2920000553131,330,TheEmptinessMachine,Westwood,Dynamic,HTTP/1.1
2025-05-02 13:18:48,index,84.2929999828339,330,TheEmptinessMachine,Westwood,Dynamic,HTTP/1.1
2025-05-02 13:18:50,index,86.2929999828339,330,TheEmptinessMachine,Westwood,Dynamic,HTTP/1.1
2025-05-02 13:18:52,index,88.2920000553131,330,TheEmptinessMachine,Westwood,Dynamic,HTTP/1.1
2025-05-02 13:18:54,index,90.2929999828339,320,TheEmptinessMachine,Westwood,Dynamic,HTTP/1.1
2025-05-02 13:18:56,index,92.2929999828339,320,TheEmptinessMachine,Westwood,Dynamic,HTTP/1.1
2025-05-02 13:18:58,index,94.2929999828339,320,TheEmptinessMachine,Westwood,Dynamic,HTTP/1.1
2025-05-02 13:19:00,index,96.2929999828339,320,TheEmptinessMachine,Westwood,Dynamic,HTTP/1.1
2025-05-02 13:19:02,index,98.2929999828339,320,TheEmptinessMachine,Westwood,Dynamic,HTTP/1.1
2025-05-02 13:19:04,index,100.292999982834,320,TheEmptinessMachine,Westwood,Dynamic,HTTP/1.1
2025-05-02 13:19:06,index,102.292999982834,320,TheEmptinessMachine,Westwood,Dynamic,HTTP/1.1
2025-05-02 13:19:08,index,104.292000055313,320,TheEmptinessMachine,Westwood,Dynamic,HTTP/1.1
2025-05-02 13:19:10,index,106.292999982834,320,TheEmptinessMachine,Westwood,Dynamic,HTTP/1.1
2025-05-02 13:19:12,index,108.292999982834,320,TheEmptinessMachine,Westwood,Dynamic,HTTP/1.1
2025-05-02 13:19:14,index,110.292999982834,330,TheEmptinessMachine,Westwood,Dynamic,HTTP/1.1
2025-05-02 13:19:16,index,112.292999982834,330,TheEmptinessMachine,Westwood,Dynamic,HTTP/1.1
2025-05-02 13:19:18,index,114.292999982834,330,TheEmptinessMachine,Westwood,Dynamic,HTTP/1.1
2025-05-02 13:19:20,index,116.292999982834,330,TheEmptinessMachine,Westwood,Dynamic,HTTP/1.1
2025-05-02 13:19:22,index,118.292999982834,330,TheEmptinessMachine,Westwood,Dynamic,HTTP/1.1
2025-05-02 13:19:24,index,120.292999982834,330,TheEmptinessMachine,Westwood,Dynamic,HTTP/1.1
2025-05-02 13:19:26,index,122.292999982834,330,TheEmptinessMachine,Westwood,Dynamic,HTTP/1.1
2025-05-02 13:19:28,index,124.292999982834,330,TheEmptinessMachine,Westwood,Dynamic,HTTP/1.1
2025-05-02 13:19:30,index,126.292999982834,330,TheEmptinessMachine,Westwood,Dynamic,HTTP/1.1
2025-05-02 13:19:32,index,128.292999982834,330,TheEmptinessMachine,Westwood,Dynamic,HTTP/1.1
2025-05-02 13:19:34,index,130.292999982834,330,TheEmptinessMachine,Westwood,Dynamic,HTTP/1.1
2025-05-02 13:19:36,index,132.292000055313,330,TheEmptinessMachine,Westwood,Dynamic,HTTP/1.1
2025-05-02 13:19:38,index,134.292000055313,330,TheEmptinessMachine,Westwood,Dynamic,HTTP/1.1
2025-05-02 13:19:40,index,136.292999982834,330,TheEmptinessMachine,Westwood,Dynamic,HTTP/1.1
2025-05-02 13:19:42,index,138.292999982834,330,TheEmptinessMachine,Westwood,Dynamic,HTTP/1.1
2025-05-02 13:19:44,index,140.292999982834,330,TheEmptinessMachine,Westwood,Dynamic,HTTP/1.1
2025-05-02 13:19:46,index,142.292999982834,330,TheEmptinessMachine,Westwood,Dynamic,HTTP/1.1
2025-05-02 13:19:48,index,144.292999982834,330,TheEmptinessMachine,Westwood,Dynamic,HTTP/1.1
2025-05-02 13:19:50,index,146.292999982834,330,TheEmptinessMachine,Westwood,Dynamic,HTTP/1.1
2025-05-02 13:19:52,index,148.292000055313,330,TheEmptinessMachine,Westwood,Dynamic,HTTP/1.1
2025-05-02 13:19:54,index,150.292000055313,330,TheEmptinessMachine,Westwood,Dynamic,HTTP/1.1
2025-05-02 13:19:56,index,152.292000055313,330,TheEmptinessMachine,Westwood,Dynamic,HTTP/1.1
2025-05-02 13:19:58,index,154.292999982834,330,TheEmptinessMachine,Westwood,Dynamic,HTTP/1.1
2025-05-02 13:20:00,index,156.292999982834,330,TheEmptinessMachine,Westwood,Dynamic,HTTP/1.1
2025-05-02 13:20:02,index,158.292999982834,330,TheEmptinessMachine,Westwood,Dynamic,HTTP/1.1
2025-05-02 13:20:04,index,160.292999982834,330,TheEmptinessMachine,Westwood,Dynamic,HTTP/1.1
2025-05-02 13:20:06,index,162.292999982834,330,TheEmptinessMachine,Westwood,Dynamic,HTTP/1.1
2025-05-02 13:20:08,index,164.292999982834,330,TheEmptinessMachine,Westwood,Dynamic,HTTP/1.1
2025-05-02 13:20:10,index,166.292999982834,330,TheEmptinessMachine,Westwood,Dynamic,HTTP/1.1
2025-05-02 13:20:12,index,168.292999982834,330,TheEmptinessMachine,Westwood,Dynamic,HTTP/1.1
2025-05-02 13:20:14,index,170.292999982834,330,TheEmptinessMachine,Westwood,Dynamic,HTTP/1.1
2025-05-02 13:20:16,index,172.292999982834,330,TheEmptinessMachine,Westwood,Dynamic,HTTP/1.1
2025-05-02 13:20:18,index,174.292999982834,330,TheEmptinessMachine,Westwood,Dynamic,HTTP/1.1
2025-05-02 13:20:20,index,176.292999982834,635,TheEmptinessMachine,Westwood,Dynamic,HTTP/1.1
2025-05-02 13:20:22,index,178.292999982834,635,TheEmptinessMachine,Westwood,Dynamic,HTTP/1.1
2025-05-02 13:20:24,index,180.292999982834,635,TheEmptinessMachine,Westwood,Dynamic,HTTP/1.1
2025-05-02 13:20:26,index,182.292999982834,674,TheEmptinessMachine,Westwood,Dynamic,HTTP/1.1
2025-05-02 13:20:28,index,184.292999982834,674,TheEmptinessMachine,Westwood,Dynamic,HTTP/1.1
2025-05-02 13:20:30,index,186.292999982834,674,TheEmptinessMachine,Westwood,Dynamic,HTTP/1.1
2025-05-02 13:20:32,index,188.292999982834,674,TheEmptinessMachine,Westwood,Dynamic,HTTP/1.1
2025-05-02 13:20:34,index,190.292999982834,674,TheEmptinessMachine,Westwood,Dynamic,HTTP/1.1
2025-05-02 13:20:36,index,192.292999982834,674,TheEmptinessMachine,Westwood,Dynamic,HTTP/1.1
2025-05-02 13:20:38,index,194.292999982834,84,TheEmptinessMachine,Westwood,Dynamic,HTTP/1.1
2025-05-02 13:20:40,index,196.292999982834,330,TheEmptinessMachine,Westwood,Dynamic,HTTP/1.1
2025-05-02 13:20:42,index,198.292999982834,330,TheEmptinessMachine,Westwood,Dynamic,HTTP/1.1
2025-05-02 13:20:44,index,200.292999982834,330,TheEmptinessMachine,Westwood,Dynamic,HTTP/1.1
2025-05-02 13:20:46,index,202.292999982834,330,TheEmptinessMachine,Westwood,Dynamic,HTTP/1.1
2025-05-02 13:20:48,index,204.292999982834,330,TheEmptinessMachine,Westwood,Dynamic,HTTP/1.1
2025-05-02 13:20:50,index,206.292999982834,330,TheEmptinessMachine,Westwood,Dynamic,HTTP/1.1
2025-05-02 13:21:30,index,4.13800001144409,1106,TheEmptinessMachine,Westwood,Dynamic,HTTP/2
2025-05-02 13:21:32,index,6.13800001144409,980,TheEmptinessMachine,Westwood,Dynamic,HTTP/2
2025-05-02 13:21:34,index,8.13800001144409,980,TheEmptinessMachine,Westwood,Dynamic,HTTP/2
2025-05-02 13:21:38,index,12.1380000114441,330,TheEmptinessMachine,Westwood,Dynamic,HTTP/2
2025-05-02 13:21:40,index,14.1380000114441,330,TheEmptinessMachine,Westwood,Dynamic,HTTP/2
2025-05-02 13:21:42,index,16.1380000114441,330,TheEmptinessMachine,Westwood,Dynamic,HTTP/2
2025-05-02 13:21:44,index,18.1380000114441,330,TheEmptinessMachine,Westwood,Dynamic,HTTP/2
2025-05-02 13:21:46,index,20.1380000114441,330,TheEmptinessMachine,Westwood,Dynamic,HTTP/2
2025-05-02 13:21:48,index,22.1380000114441,330,TheEmptinessMachine,Westwood,Dynamic,HTTP/2
2025-05-02 13:21:50,index,24.1380000114441,330,TheEmptinessMachine,Westwood,Dynamic,HTTP/2
2025-05-02 13:21:52,index,26.1380000114441,330,TheEmptinessMachine,Westwood,Dynamic,HTTP/2
2025-05-02 13:21:54,index,28.1380000114441,214,TheEmptinessMachine,Westwood,Dynamic,HTTP/2
2025-05-02 13:21:56,index,30.1380000114441,214,TheEmptinessMachine,Westwood,Dynamic,HTTP/2
2025-05-02 13:21:58,index,32.1380000114441,330,TheEmptinessMachine,Westwood,Dynamic,HTTP/2
2025-05-02 13:22:00,index,34.1380000114441,330,TheEmptinessMachine,Westwood,Dynamic,HTTP/2
2025-05-02 13:22:02,index,36.1380000114441,320,TheEmptinessMachine,Westwood,Dynamic,HTTP/2
2025-05-02 13:22:04,index,38.1380000114441,320,TheEmptinessMachine,Westwood,Dynamic,HTTP/2
2025-05-02 13:22:06,index,40.1380000114441,320,TheEmptinessMachine,Westwood,Dynamic,HTTP/2
2025-05-02 13:22:08,index,42.1380000114441,320,TheEmptinessMachine,Westwood,Dynamic,HTTP/2
2025-05-02 13:22:10,index,44.1380000114441,320,TheEmptinessMachine,Westwood,Dynamic,HTTP/2
2025-05-02 13:22:12,index,46.1380000114441,320,TheEmptinessMachine,Westwood,Dynamic,HTTP/2
2025-05-02 13:22:14,index,48.1380000114441,320,TheEmptinessMachine,Westwood,Dynamic,HTTP/2
2025-05-02 13:22:16,index,50.1380000114441,635,TheEmptinessMachine,Westwood,Dynamic,HTTP/2
2025-05-02 13:22:18,index,52.1380000114441,635,TheEmptinessMachine,Westwood,Dynamic,HTTP/2
2025-05-02 13:22:20,index,54.1380000114441,635,TheEmptinessMachine,Westwood,Dynamic,HTTP/2
2025-05-02 13:22:22,index,56.1380000114441,635,TheEmptinessMachine,Westwood,Dynamic,HTTP/2
2025-05-02 13:22:24,index,58.1380000114441,635,TheEmptinessMachine,Westwood,Dynamic,HTTP/2
2025-05-02 13:22:26,index,60.1380000114441,330,TheEmptinessMachine,Westwood,Dynamic,HTTP/2
2025-05-02 13:22:28,index,62.1380000114441,214,TheEmptinessMachine,Westwood,Dynamic,HTTP/2
2025-05-02 13:22:30,index,64.1380000114441,330,TheEmptinessMachine,Westwood,Dynamic,HTTP/2
2025-05-02 13:22:32,index,66.1380000114441,214,TheEmptinessMachine,Westwood,Dynamic,HTTP/2
2025-05-02 13:22:34,index,68.1380000114441,214,TheEmptinessMachine,Westwood,Dynamic,HTTP/2
2025-05-02 13:22:36,index,70.1380000114441,330,TheEmptinessMachine,Westwood,Dynamic,HTTP/2
2025-05-02 13:22:38,index,72.1380000114441,214,TheEmptinessMachine,Westwood,Dynamic,HTTP/2
2025-05-02 13:22:40,index,74.1380000114441,320,TheEmptinessMachine,Westwood,Dynamic,HTTP/2
2025-05-02 13:22:42,index,76.1380000114441,320,TheEmptinessMachine,Westwood,Dynamic,HTTP/2
2025-05-02 13:22:44,index,78.1380000114441,320,TheEmptinessMachine,Westwood,Dynamic,HTTP/2
2025-05-02 13:22:46,index,80.1380000114441,320,TheEmptinessMachine,Westwood,Dynamic,HTTP/2
2025-05-02 13:22:48,index,82.1380000114441,320,TheEmptinessMachine,Westwood,Dynamic,HTTP/2
2025-05-02 13:22:50,index,84.1380000114441,320,TheEmptinessMachine,Westwood,Dynamic,HTTP/2
2025-05-02 13:22:52,index,86.1380000114441,674,TheEmptinessMachine,Westwood,Dynamic,HTTP/2
2025-05-02 13:22:54,index,88.1380000114441,674,TheEmptinessMachine,Westwood,Dynamic,HTTP/2
2025-05-02 13:22:56,index,90.1380000114441,674,TheEmptinessMachine,Westwood,Dynamic,HTTP/2
2025-05-02 13:22:58,index,92.1380000114441,674,TheEmptinessMachine,Westwood,Dynamic,HTTP/2
2025-05-02 13:23:00,index,94.1380000114441,635,TheEmptinessMachine,Westwood,Dynamic,HTTP/2
2025-05-02 13:23:02,index,96.1380000114441,635,TheEmptinessMachine,Westwood,Dynamic,HTTP/2
2025-05-02 13:23:04,index,98.1380000114441,674,TheEmptinessMachine,Westwood,Dynamic,HTTP/2
2025-05-02 13:23:06,index,100.138000011444,214,TheEmptinessMachine,Westwood,Dynamic,HTTP/2
2025-05-02 13:23:08,index,102.138000011444,330,TheEmptinessMachine,Westwood,Dynamic,HTTP/2
2025-05-02 13:23:12,index,106.138000011444,214,TheEmptinessMachine,Westwood,Dynamic,HTTP/2
2025-05-02 13:23:16,index,110.138000011444,330,TheEmptinessMachine,Westwood,Dynamic,HTTP/2
2025-05-02 13:23:18,index,112.138000011444,320,TheEmptinessMachine,Westwood,Dynamic,HTTP/2
2025-05-02 13:23:20,index,114.138000011444,320,TheEmptinessMachine,Westwood,Dynamic,HTTP/2
2025-05-02 13:23:22,index,116.138000011444,214,TheEmptinessMachine,Westwood,Dynamic,HTTP/2
2025-05-02 13:23:24,index,118.138000011444,320,TheEmptinessMachine,Westwood,Dynamic,HTTP/2
2025-05-02 13:23:26,index,120.138000011444,320,TheEmptinessMachine,Westwood,Dynamic,HTTP/2
2025-05-02 13:23:28,index,122.138000011444,320,TheEmptinessMachine,Westwood,Dynamic,HTTP/2
2025-05-02 13:23:30,index,124.138000011444,214,TheEmptinessMachine,Westwood,Dynamic,HTTP/2
2025-05-02 13:23:32,index,126.138000011444,214,TheEmptinessMachine,Westwood,Dynamic,HTTP/2
2025-05-02 13:23:34,index,128.138000011444,214,TheEmptinessMachine,Westwood,Dynamic,HTTP/2
2025-05-02 13:23:36,index,130.138000011444,214,TheEmptinessMachine,Westwood,Dynamic,HTTP/2
2025-05-02 13:23:38,index,132.138000011444,214,TheEmptinessMachine,Westwood,Dynamic,HTTP/2
2025-05-02 13:23:40,index,134.138000011444,214,TheEmptinessMachine,Westwood,Dynamic,HTTP/2
2025-05-02 13:23:42,index,136.138000011444,214,TheEmptinessMachine,Westwood,Dynamic,HTTP/2
2025-05-02 13:23:44,index,138.138000011444,214,TheEmptinessMachine,Westwood,Dynamic,HTTP/2
2025-05-02 13:23:46,index,140.138000011444,214,TheEmptinessMachine,Westwood,Dynamic,HTTP/2
2025-05-02 13:23:48,index,142.138000011444,214,TheEmptinessMachine,Westwood,Dynamic,HTTP/2
2025-05-02 13:23:50,index,144.138000011444,635,TheEmptinessMachine,Westwood,Dynamic,HTTP/2
2025-05-02 13:23:52,index,146.138000011444,635,TheEmptinessMachine,Westwood,Dynamic,HTTP/2
2025-05-02 13:23:54,index,148.138000011444,330,TheEmptinessMachine,Westwood,Dynamic,HTTP/2
2025-05-02 13:23:56,index,150.138000011444,330,TheEmptinessMachine,Westwood,Dynamic,HTTP/2
2025-05-02 13:23:58,index,152.138000011444,330,TheEmptinessMachine,Westwood,Dynamic,HTTP/2
2025-05-02 13:24:00,index,154.138000011444,330,TheEmptinessMachine,Westwood,Dynamic,HTTP/2
2025-05-02 13:24:02,index,156.138000011444,330,TheEmptinessMachine,Westwood,Dynamic,HTTP/2
2025-05-02 13:24:04,index,158.138000011444,330,TheEmptinessMachine,Westwood,Dynamic,HTTP/2
2025-05-02 13:24:06,index,160.138000011444,330,TheEmptinessMachine,Westwood,Dynamic,HTTP/2
2025-05-02 13:24:08,index,162.138000011444,330,TheEmptinessMachine,Westwood,Dynamic,HTTP/2
2025-05-02 13:24:10,index,164.138000011444,330,TheEmptinessMachine,Westwood,Dynamic,HTTP/2
2025-05-02 13:24:12,index,166.138000011444,330,TheEmptinessMachine,Westwood,Dynamic,HTTP/2
2025-05-02 13:24:14,index,168.138000011444,330,TheEmptinessMachine,Westwood,Dynamic,HTTP/2
2025-05-02 13:24:16,index,170.138000011444,330,TheEmptinessMachine,Westwood,Dynamic,HTTP/2
2025-05-02 13:24:18,index,172.138000011444,330,TheEmptinessMachine,Westwood,Dynamic,HTTP/2
2025-05-02 13:24:20,index,174.138000011444,330,TheEmptinessMachine,Westwood,Dynamic,HTTP/2
2025-05-02 13:24:22,index,176.138000011444,330,TheEmptinessMachine,Westwood,Dynamic,HTTP/2
2025-05-02 13:24:24,index,178.138000011444,674,TheEmptinessMachine,Westwood,Dynamic,HTTP/2
2025-05-02 13:24:26,index,180.138000011444,674,TheEmptinessMachine,Westwood,Dynamic,HTTP/2
2025-05-02 13:24:28,index,182.138000011444,674,TheEmptinessMachine,Westwood,Dynamic,HTTP/2
2025-05-02 13:24:30,index,184.138000011444,674,TheEmptinessMachine,Westwood,Dynamic,HTTP/2
2025-05-02 13:24:32,index,186.138000011444,635,TheEmptinessMachine,Westwood,Dynamic,HTTP/2
2025-05-02 13:24:34,index,188.138000011444,635,TheEmptinessMachine,Westwood,Dynamic,HTTP/2
2025-05-02 13:24:36,index,190.138000011444,635,TheEmptinessMachine,Westwood,Dynamic,HTTP/2
2025-05-02 13:24:38,index,192.138000011444,330,TheEmptinessMachine,Westwood,Dynamic,HTTP/2
2025-05-02 13:24:40,index,194.138000011444,330,TheEmptinessMachine,Westwood,Dynamic,HTTP/2
2025-05-02 13:24:42,index,196.138000011444,330,TheEmptinessMachine,Westwood,Dynamic,HTTP/2
2025-05-02 13:24:44,index,198.138999938965,330,TheEmptinessMachine,Westwood,Dynamic,HTTP/2
2025-05-02 13:24:46,index,200.138000011444,330,TheEmptinessMachine,Westwood,Dynamic,HTTP/2
2025-05-02 13:24:48,index,202.138000011444,330,TheEmptinessMachine,Westwood,Dynamic,HTTP/2
2025-05-02 13:24:50,index,204.138000011444,330,TheEmptinessMachine,Westwood,Dynamic,HTTP/2
2025-05-02 13:24:52,index,206.138000011444,330,TheEmptinessMachine,Westwood,Dynamic,HTTP/2
2025-05-02 13:24:54,index,208.138000011444,330,TheEmptinessMachine,Westwood,Dynamic,HTTP/2
2025-05-02 13:24:56,index,210.138000011444,330,TheEmptinessMachine,Westwood,Dynamic,HTTP/2
2025-05-02 13:25:30,index,8.09299993515015,169,TheEmptinessMachine,Westwood,Dynamic,HTTP/3
2025-05-02 13:25:34,index,12.0939998626709,169,TheEmptinessMachine,Westwood,Dynamic,HTTP/3
2025-05-02 13:25:36,index,14.0939998626709,169,TheEmptinessMachine,Westwood,Dynamic,HTTP/3
2025-05-02 13:25:40,index,18.0939998626709,214,TheEmptinessMachine,Westwood,Dynamic,HTTP/3
2025-05-02 13:25:42,index,20.0939998626709,330,TheEmptinessMachine,Westwood,Dynamic,HTTP/3
2025-05-02 13:25:44,index,22.0939998626709,330,TheEmptinessMachine,Westwood,Dynamic,HTTP/3
2025-05-02 13:25:46,index,24.0939998626709,84,TheEmptinessMachine,Westwood,Dynamic,HTTP/3
2025-05-02 13:25:48,index,26.0939998626709,214,TheEmptinessMachine,Westwood,Dynamic,HTTP/3
2025-05-02 13:25:50,index,28.0929999351501,72,TheEmptinessMachine,Westwood,Dynamic,HTTP/3
2025-05-02 13:25:52,index,30.0939998626709,320,TheEmptinessMachine,Westwood,Dynamic,HTTP/3
2025-05-02 13:25:56,index,34.0939998626709,76,TheEmptinessMachine,Westwood,Dynamic,HTTP/3
2025-05-02 13:25:58,index,36.0939998626709,214,TheEmptinessMachine,Westwood,Dynamic,HTTP/3
2025-05-02 13:26:00,index,38.0939998626709,214,TheEmptinessMachine,Westwood,Dynamic,HTTP/3
2025-05-02 13:26:14,index,52.0939998626709,169,TheEmptinessMachine,Westwood,Dynamic,HTTP/3
2025-05-02 13:26:18,index,56.0939998626709,166,TheEmptinessMachine,Westwood,Dynamic,HTTP/3
2025-05-02 13:26:22,index,60.0939998626709,166,TheEmptinessMachine,Westwood,Dynamic,HTTP/3
2025-05-02 13:26:28,index,66.0939998626709,330,TheEmptinessMachine,Westwood,Dynamic,HTTP/3
2025-05-02 13:26:32,index,70.0939998626709,330,TheEmptinessMachine,Westwood,Dynamic,HTTP/3
2025-05-02 13:26:34,index,72.0939998626709,330,TheEmptinessMachine,Westwood,Dynamic,HTTP/3
2025-05-02 13:26:38,index,76.0939998626709,330,TheEmptinessMachine,Westwood,Dynamic,HTTP/3
2025-05-02 13:26:40,index,78.0939998626709,330,TheEmptinessMachine,Westwood,Dynamic,HTTP/3
2025-05-02 13:26:42,index,80.0939998626709,330,TheEmptinessMachine,Westwood,Dynamic,HTTP/3
2025-05-02 13:26:44,index,82.0939998626709,330,TheEmptinessMachine,Westwood,Dynamic,HTTP/3
2025-05-02 13:26:46,index,84.0939998626709,330,TheEmptinessMachine,Westwood,Dynamic,HTTP/3
2025-05-02 13:26:48,index,86.0939998626709,330,TheEmptinessMachine,Westwood,Dynamic,HTTP/3
2025-05-02 13:26:50,index,88.0939998626709,320,TheEmptinessMachine,Westwood,Dynamic,HTTP/3
2025-05-02 13:26:52,index,90.0939998626709,84,TheEmptinessMachine,Westwood,Dynamic,HTTP/3
2025-05-02 13:26:54,index,92.0939998626709,84,TheEmptinessMachine,Westwood,Dynamic,HTTP/3
2025-05-02 13:26:56,index,94.0939998626709,84,TheEmptinessMachine,Westwood,Dynamic,HTTP/3
2025-05-02 13:26:58,index,96.0939998626709,84,TheEmptinessMachine,Westwood,Dynamic,HTTP/3
2025-05-02 13:27:00,index,98.0929999351501,84,TheEmptinessMachine,Westwood,Dynamic,HTTP/3
2025-05-02 13:27:02,index,100.093999862671,84,TheEmptinessMachine,Westwood,Dynamic,HTTP/3
2025-05-02 13:27:04,index,102.09299993515,214,TheEmptinessMachine,Westwood,Dynamic,HTTP/3
2025-05-02 13:27:06,index,104.093999862671,214,TheEmptinessMachine,Westwood,Dynamic,HTTP/3
2025-05-02 13:27:08,index,106.093999862671,214,TheEmptinessMachine,Westwood,Dynamic,HTTP/3
2025-05-02 13:27:10,index,108.093999862671,214,TheEmptinessMachine,Westwood,Dynamic,HTTP/3
2025-05-02 13:27:12,index,110.093999862671,320,TheEmptinessMachine,Westwood,Dynamic,HTTP/3
2025-05-02 13:27:14,index,112.093999862671,81,TheEmptinessMachine,Westwood,Dynamic,HTTP/3
2025-05-02 13:27:16,index,114.093999862671,81,TheEmptinessMachine,Westwood,Dynamic,HTTP/3
2025-05-02 13:27:18,index,116.09299993515,81,TheEmptinessMachine,Westwood,Dynamic,HTTP/3
2025-05-02 13:27:20,index,118.093999862671,81,TheEmptinessMachine,Westwood,Dynamic,HTTP/3
2025-05-02 13:27:22,index,120.093999862671,81,TheEmptinessMachine,Westwood,Dynamic,HTTP/3
2025-05-02 13:27:24,index,122.093999862671,330,TheEmptinessMachine,Westwood,Dynamic,HTTP/3
2025-05-02 13:27:26,index,124.093999862671,330,TheEmptinessMachine,Westwood,Dynamic,HTTP/3
2025-05-02 13:27:28,index,126.09299993515,84,TheEmptinessMachine,Westwood,Dynamic,HTTP/3
2025-05-02 13:27:30,index,128.093999862671,84,TheEmptinessMachine,Westwood,Dynamic,HTTP/3
2025-05-02 13:27:32,index,130.093999862671,84,TheEmptinessMachine,Westwood,Dynamic,HTTP/3
2025-05-02 13:27:34,index,132.093999862671,84,TheEmptinessMachine,Westwood,Dynamic,HTTP/3
2025-05-02 13:27:38,index,136.09299993515,84,TheEmptinessMachine,Westwood,Dynamic,HTTP/3
2025-05-02 13:27:44,index,142.093999862671,330,TheEmptinessMachine,Westwood,Dynamic,HTTP/3
2025-05-02 13:27:46,index,144.093999862671,84,TheEmptinessMachine,Westwood,Dynamic,HTTP/3
2025-05-02 13:27:48,index,146.093999862671,84,TheEmptinessMachine,Westwood,Dynamic,HTTP/3
2025-05-02 13:27:50,index,148.093999862671,84,TheEmptinessMachine,Westwood,Dynamic,HTTP/3
2025-05-02 13:27:52,index,150.093999862671,84,TheEmptinessMachine,Westwood,Dynamic,HTTP/3
2025-05-02 13:27:54,index,152.093999862671,84,TheEmptinessMachine,Westwood,Dynamic,HTTP/3
2025-05-02 13:27:56,index,154.093999862671,84,TheEmptinessMachine,Westwood,Dynamic,HTTP/3
2025-05-02 13:27:58,index,156.093999862671,84,TheEmptinessMachine,Westwood,Dynamic,HTTP/3
2025-05-02 13:28:00,index,158.093999862671,214,TheEmptinessMachine,Westwood,Dynamic,HTTP/3
2025-05-02 13:28:02,index,160.093999862671,214,TheEmptinessMachine,Westwood,Dynamic,HTTP/3
2025-05-02 13:28:04,index,162.093999862671,214,TheEmptinessMachine,Westwood,Dynamic,HTTP/3
2025-05-02 13:28:06,index,164.093999862671,214,TheEmptinessMachine,Westwood,Dynamic,HTTP/3
2025-05-02 13:28:08,index,166.093999862671,214,TheEmptinessMachine,Westwood,Dynamic,HTTP/3
2025-05-02 13:28:10,index,168.09299993515,330,TheEmptinessMachine,Westwood,Dynamic,HTTP/3
2025-05-02 13:28:12,index,170.093999862671,330,TheEmptinessMachine,Westwood,Dynamic,HTTP/3
2025-05-02 13:28:14,index,172.093999862671,330,TheEmptinessMachine,Westwood,Dynamic,HTTP/3
2025-05-02 13:28:16,index,174.093999862671,72,TheEmptinessMachine,Westwood,Dynamic,HTTP/3
2025-05-02 13:28:22,index,180.093999862671,72,TheEmptinessMachine,Westwood,Dynamic,HTTP/3
2025-05-02 13:28:24,index,182.093999862671,72,TheEmptinessMachine,Westwood,Dynamic,HTTP/3
2025-05-02 13:28:26,index,184.09299993515,72,TheEmptinessMachine,Westwood,Dynamic,HTTP/3
2025-05-02 13:28:28,index,186.093999862671,166,TheEmptinessMachine,Westwood,Dynamic,HTTP/3
2025-05-02 13:28:30,index,188.093999862671,84,TheEmptinessMachine,Westwood,Dynamic,HTTP/3
2025-05-02 13:28:32,index,190.09299993515,84,TheEmptinessMachine,Westwood,Dynamic,HTTP/3
2025-05-02 13:28:34,index,192.093999862671,84,TheEmptinessMachine,Westwood,Dynamic,HTTP/3
2025-05-02 13:28:36,index,194.093999862671,84,TheEmptinessMachine,Westwood,Dynamic,HTTP/3
2025-05-02 13:28:38,index,196.093999862671,84,TheEmptinessMachine,Westwood,Dynamic,HTTP/3
2025-05-02 13:28:40,index,198.093999862671,84,TheEmptinessMachine,Westwood,Dynamic,HTTP/3
2025-05-02 13:28:42,index,200.093999862671,84,TheEmptinessMachine,Westwood,Dynamic,HTTP/3
2025-05-02 13:28:44,index,202.093999862671,84,TheEmptinessMachine,Westwood,Dynamic,HTTP/3
2025-05-02 13:28:46,index,204.093999862671,84,TheEmptinessMachine,Westwood,Dynamic,HTTP/3
2025-05-02 13:28:48,index,206.093999862671,84,TheEmptinessMachine,Westwood,Dynamic,HTTP/3
2025-05-02 13:29:33,index,8.29999995231628,166,TheEmptinessMachine,Westwood,Bola,HTTP/1.1
2025-05-02 13:29:35,index,10.2999999523163,320,TheEmptinessMachine,Westwood,Bola,HTTP/1.1
2025-05-02 13:29:39,index,14.2990000247955,330,TheEmptinessMachine,Westwood,Bola,HTTP/1.1
2025-05-02 13:29:41,index,16.2999999523163,635,TheEmptinessMachine,Westwood,Bola,HTTP/1.1
2025-05-02 13:29:45,index,20.2999999523163,214,TheEmptinessMachine,Westwood,Bola,HTTP/1.1
2025-05-02 13:29:47,index,22.2990000247955,330,TheEmptinessMachine,Westwood,Bola,HTTP/1.1
2025-05-02 13:29:49,index,24.2999999523163,84,TheEmptinessMachine,Westwood,Bola,HTTP/1.1
2025-05-02 13:29:51,index,26.2999999523163,166,TheEmptinessMachine,Westwood,Bola,HTTP/1.1
2025-05-02 13:29:53,index,28.2999999523163,214,TheEmptinessMachine,Westwood,Bola,HTTP/1.1
2025-05-02 13:29:55,index,30.2999999523163,214,TheEmptinessMachine,Westwood,Bola,HTTP/1.1
2025-05-02 13:29:57,index,32.2999999523163,84,TheEmptinessMachine,Westwood,Bola,HTTP/1.1
2025-05-02 13:29:59,index,34.2990000247955,169,TheEmptinessMachine,Westwood,Bola,HTTP/1.1
2025-05-02 13:30:01,index,36.2999999523163,169,TheEmptinessMachine,Westwood,Bola,HTTP/1.1
2025-05-02 13:30:03,index,38.2999999523163,169,TheEmptinessMachine,Westwood,Bola,HTTP/1.1
2025-05-02 13:30:05,index,40.2999999523163,169,TheEmptinessMachine,Westwood,Bola,HTTP/1.1
2025-05-02 13:30:07,index,42.2990000247955,169,TheEmptinessMachine,Westwood,Bola,HTTP/1.1
2025-05-02 13:30:09,index,44.2990000247955,330,TheEmptinessMachine,Westwood,Bola,HTTP/1.1
2025-05-02 13:30:11,index,46.2999999523163,330,TheEmptinessMachine,Westwood,Bola,HTTP/1.1
2025-05-02 13:30:13,index,48.2990000247955,330,TheEmptinessMachine,Westwood,Bola,HTTP/1.1
2025-05-02 13:30:15,index,50.2990000247955,214,TheEmptinessMachine,Westwood,Bola,HTTP/1.1
2025-05-02 13:30:17,index,52.2999999523163,320,TheEmptinessMachine,Westwood,Bola,HTTP/1.1
2025-05-02 13:30:19,index,54.2999999523163,214,TheEmptinessMachine,Westwood,Bola,HTTP/1.1
2025-05-02 13:30:21,index,56.2999999523163,320,TheEmptinessMachine,Westwood,Bola,HTTP/1.1
2025-05-02 13:30:23,index,58.2999999523163,84,TheEmptinessMachine,Westwood,Bola,HTTP/1.1
2025-05-02 13:30:25,index,60.2999999523163,214,TheEmptinessMachine,Westwood,Bola,HTTP/1.1
2025-05-02 13:30:27,index,62.2999999523163,214,TheEmptinessMachine,Westwood,Bola,HTTP/1.1
2025-05-02 13:30:29,index,64.2999999523163,214,TheEmptinessMachine,Westwood,Bola,HTTP/1.1
2025-05-02 13:30:31,index,66.2999999523163,214,TheEmptinessMachine,Westwood,Bola,HTTP/1.1
2025-05-02 13:30:33,index,68.2990000247955,214,TheEmptinessMachine,Westwood,Bola,HTTP/1.1
2025-05-02 13:30:35,index,70.2990000247955,169,TheEmptinessMachine,Westwood,Bola,HTTP/1.1
2025-05-02 13:30:37,index,72.2999999523163,169,TheEmptinessMachine,Westwood,Bola,HTTP/1.1
2025-05-02 13:30:39,index,74.2999999523163,169,TheEmptinessMachine,Westwood,Bola,HTTP/1.1
2025-05-02 13:30:41,index,76.2999999523163,169,TheEmptinessMachine,Westwood,Bola,HTTP/1.1
2025-05-02 13:30:43,index,78.2999999523163,169,TheEmptinessMachine,Westwood,Bola,HTTP/1.1
2025-05-02 13:30:45,index,80.2990000247955,169,TheEmptinessMachine,Westwood,Bola,HTTP/1.1
2025-05-02 13:30:47,index,82.2990000247955,169,TheEmptinessMachine,Westwood,Bola,HTTP/1.1
2025-05-02 13:30:49,index,84.2990000247955,169,TheEmptinessMachine,Westwood,Bola,HTTP/1.1
2025-05-02 13:30:51,index,86.2999999523163,169,TheEmptinessMachine,Westwood,Bola,HTTP/1.1
2025-05-02 13:30:53,index,88.2999999523163,169,TheEmptinessMachine,Westwood,Bola,HTTP/1.1
2025-05-02 13:30:55,index,90.2999999523163,169,TheEmptinessMachine,Westwood,Bola,HTTP/1.1
2025-05-02 13:30:57,index,92.2990000247955,169,TheEmptinessMachine,Westwood,Bola,HTTP/1.1
2025-05-02 13:30:59,index,94.2999999523163,169,TheEmptinessMachine,Westwood,Bola,HTTP/1.1
2025-05-02 13:31:01,index,96.2999999523163,169,TheEmptinessMachine,Westwood,Bola,HTTP/1.1
2025-05-02 13:31:03,index,98.2999999523163,330,TheEmptinessMachine,Westwood,Bola,HTTP/1.1
2025-05-02 13:31:05,index,100.299999952316,330,TheEmptinessMachine,Westwood,Bola,HTTP/1.1
2025-05-02 13:31:07,index,102.299999952316,330,TheEmptinessMachine,Westwood,Bola,HTTP/1.1
2025-05-02 13:31:09,index,104.299999952316,330,TheEmptinessMachine,Westwood,Bola,HTTP/1.1
2025-05-02 13:31:11,index,106.299000024796,330,TheEmptinessMachine,Westwood,Bola,HTTP/1.1
2025-05-02 13:31:13,index,108.299999952316,330,TheEmptinessMachine,Westwood,Bola,HTTP/1.1
2025-05-02 13:31:15,index,110.299000024796,330,TheEmptinessMachine,Westwood,Bola,HTTP/1.1
2025-05-02 13:31:17,index,112.299999952316,330,TheEmptinessMachine,Westwood,Bola,HTTP/1.1
2025-05-02 13:31:19,index,114.299999952316,330,TheEmptinessMachine,Westwood,Bola,HTTP/1.1
2025-05-02 13:31:21,index,116.299999952316,330,TheEmptinessMachine,Westwood,Bola,HTTP/1.1
2025-05-02 13:31:23,index,118.299999952316,330,TheEmptinessMachine,Westwood,Bola,HTTP/1.1
2025-05-02 13:31:25,index,120.299000024796,330,TheEmptinessMachine,Westwood,Bola,HTTP/1.1
2025-05-02 13:31:27,index,122.299000024796,330,TheEmptinessMachine,Westwood,Bola,HTTP/1.1
2025-05-02 13:31:29,index,124.299000024796,330,TheEmptinessMachine,Westwood,Bola,HTTP/1.1
2025-05-02 13:31:31,index,126.299000024796,635,TheEmptinessMachine,Westwood,Bola,HTTP/1.1
2025-05-02 13:31:33,index,128.299999952316,635,TheEmptinessMachine,Westwood,Bola,HTTP/1.1
2025-05-02 13:31:35,index,130.299999952316,635,TheEmptinessMachine,Westwood,Bola,HTTP/1.1
2025-05-02 13:31:37,index,132.299999952316,635,TheEmptinessMachine,Westwood,Bola,HTTP/1.1
2025-05-02 13:31:39,index,134.299999952316,635,TheEmptinessMachine,Westwood,Bola,HTTP/1.1
2025-05-02 13:31:41,index,136.299999952316,635,TheEmptinessMachine,Westwood,Bola,HTTP/1.1
2025-05-02 13:31:43,index,138.299999952316,635,TheEmptinessMachine,Westwood,Bola,HTTP/1.1
2025-05-02 13:31:45,index,140.299000024796,169,TheEmptinessMachine,Westwood,Bola,HTTP/1.1
2025-05-02 13:31:47,index,142.299000024796,166,TheEmptinessMachine,Westwood,Bola,HTTP/1.1
2025-05-02 13:31:49,index,144.299999952316,169,TheEmptinessMachine,Westwood,Bola,HTTP/1.1
2025-05-02 13:31:51,index,146.299999952316,169,TheEmptinessMachine,Westwood,Bola,HTTP/1.1
2025-05-02 13:31:53,index,148.299999952316,166,TheEmptinessMachine,Westwood,Bola,HTTP/1.1
2025-05-02 13:31:55,index,150.299999952316,166,TheEmptinessMachine,Westwood,Bola,HTTP/1.1
2025-05-02 13:31:57,index,152.299000024796,166,TheEmptinessMachine,Westwood,Bola,HTTP/1.1
2025-05-02 13:31:59,index,154.299000024796,166,TheEmptinessMachine,Westwood,Bola,HTTP/1.1
2025-05-02 13:32:03,index,158.299999952316,84,TheEmptinessMachine,Westwood,Bola,HTTP/1.1
2025-05-02 13:32:05,index,160.299999952316,84,TheEmptinessMachine,Westwood,Bola,HTTP/1.1
2025-05-02 13:32:07,index,162.299999952316,84,TheEmptinessMachine,Westwood,Bola,HTTP/1.1
2025-05-02 13:32:09,index,164.299000024796,84,TheEmptinessMachine,Westwood,Bola,HTTP/1.1
2025-05-02 13:32:11,index,166.299999952316,84,TheEmptinessMachine,Westwood,Bola,HTTP/1.1
2025-05-02 13:32:13,index,168.299000024796,84,TheEmptinessMachine,Westwood,Bola,HTTP/1.1
2025-05-02 13:32:17,index,172.299000024796,84,TheEmptinessMachine,Westwood,Bola,HTTP/1.1
2025-05-02 13:32:19,index,174.299999952316,84,TheEmptinessMachine,Westwood,Bola,HTTP/1.1
2025-05-02 13:32:21,index,176.299999952316,84,TheEmptinessMachine,Westwood,Bola,HTTP/1.1
2025-05-02 13:32:23,index,178.299999952316,84,TheEmptinessMachine,Westwood,Bola,HTTP/1.1
2025-05-02 13:32:25,index,180.299000024796,84,TheEmptinessMachine,Westwood,Bola,HTTP/1.1
2025-05-02 13:32:27,index,182.299000024796,84,TheEmptinessMachine,Westwood,Bola,HTTP/1.1
2025-05-02 13:32:31,index,186.299999952316,635,TheEmptinessMachine,Westwood,Bola,HTTP/1.1
2025-05-02 13:32:33,index,188.299000024796,635,TheEmptinessMachine,Westwood,Bola,HTTP/1.1
2025-05-02 13:32:35,index,190.299000024796,635,TheEmptinessMachine,Westwood,Bola,HTTP/1.1
2025-05-02 13:32:37,index,192.299000024796,635,TheEmptinessMachine,Westwood,Bola,HTTP/1.1
2025-05-02 13:32:39,index,194.299999952316,635,TheEmptinessMachine,Westwood,Bola,HTTP/1.1
2025-05-02 13:32:41,index,196.299999952316,635,TheEmptinessMachine,Westwood,Bola,HTTP/1.1
2025-05-02 13:32:43,index,198.299999952316,330,TheEmptinessMachine,Westwood,Bola,HTTP/1.1
2025-05-02 13:32:45,index,200.299999952316,84,TheEmptinessMachine,Westwood,Bola,HTTP/1.1
2025-05-02 13:32:47,index,202.299999952316,330,TheEmptinessMachine,Westwood,Bola,HTTP/1.1
2025-05-02 13:32:49,index,204.299000024796,84,TheEmptinessMachine,Westwood,Bola,HTTP/1.1
2025-05-02 13:32:51,index,206.299999952316,84,TheEmptinessMachine,Westwood,Bola,HTTP/1.1
2025-05-02 13:33:25,index,4.09200000762939,674,TheEmptinessMachine,Westwood,Bola,HTTP/2
2025-05-02 13:33:27,index,6.09200000762939,674,TheEmptinessMachine,Westwood,Bola,HTTP/2
2025-05-02 13:33:29,index,8.09200000762939,84,TheEmptinessMachine,Westwood,Bola,HTTP/2
2025-05-02 13:33:31,index,10.0920000076294,166,TheEmptinessMachine,Westwood,Bola,HTTP/2
2025-05-02 13:33:33,index,12.0920000076294,166,TheEmptinessMachine,Westwood,Bola,HTTP/2
2025-05-02 13:33:35,index,14.0920000076294,169,TheEmptinessMachine,Westwood,Bola,HTTP/2
2025-05-02 13:33:37,index,16.0920000076294,84,TheEmptinessMachine,Westwood,Bola,HTTP/2
2025-05-02 13:33:39,index,18.0920000076294,166,TheEmptinessMachine,Westwood,Bola,HTTP/2
2025-05-02 13:33:41,index,20.0920000076294,169,TheEmptinessMachine,Westwood,Bola,HTTP/2
2025-05-02 13:33:43,index,22.0920000076294,169,TheEmptinessMachine,Westwood,Bola,HTTP/2
2025-05-02 13:33:45,index,24.0920000076294,169,TheEmptinessMachine,Westwood,Bola,HTTP/2
2025-05-02 13:33:47,index,26.0920000076294,169,TheEmptinessMachine,Westwood,Bola,HTTP/2
2025-05-02 13:33:49,index,28.0920000076294,169,TheEmptinessMachine,Westwood,Bola,HTTP/2
2025-05-02 13:33:51,index,30.0920000076294,166,TheEmptinessMachine,Westwood,Bola,HTTP/2
2025-05-02 13:33:53,index,32.0920000076294,166,TheEmptinessMachine,Westwood,Bola,HTTP/2
2025-05-02 13:33:55,index,34.0920000076294,166,TheEmptinessMachine,Westwood,Bola,HTTP/2
2025-05-02 13:33:57,index,36.0920000076294,166,TheEmptinessMachine,Westwood,Bola,HTTP/2
2025-05-02 13:33:59,index,38.0920000076294,166,TheEmptinessMachine,Westwood,Bola,HTTP/2
2025-05-02 13:34:01,index,40.0920000076294,166,TheEmptinessMachine,Westwood,Bola,HTTP/2
2025-05-02 13:34:03,index,42.0920000076294,166,TheEmptinessMachine,Westwood,Bola,HTTP/2
2025-05-02 13:34:05,index,44.0920000076294,166,TheEmptinessMachine,Westwood,Bola,HTTP/2
2025-05-02 13:34:07,index,46.0920000076294,166,TheEmptinessMachine,Westwood,Bola,HTTP/2
2025-05-02 13:34:09,index,48.0920000076294,166,TheEmptinessMachine,Westwood,Bola,HTTP/2
2025-05-02 13:34:11,index,50.0920000076294,166,TheEmptinessMachine,Westwood,Bola,HTTP/2
2025-05-02 13:34:13,index,52.0920000076294,166,TheEmptinessMachine,Westwood,Bola,HTTP/2
2025-05-02 13:34:17,index,56.0920000076294,166,TheEmptinessMachine,Westwood,Bola,HTTP/2
2025-05-02 13:34:19,index,58.0920000076294,330,TheEmptinessMachine,Westwood,Bola,HTTP/2
2025-05-02 13:34:21,index,60.0920000076294,330,TheEmptinessMachine,Westwood,Bola,HTTP/2
2025-05-02 13:34:23,index,62.0920000076294,330,TheEmptinessMachine,Westwood,Bola,HTTP/2
2025-05-02 13:34:25,index,64.0929999351501,330,TheEmptinessMachine,Westwood,Bola,HTTP/2
2025-05-02 13:34:27,index,66.0920000076294,330,TheEmptinessMachine,Westwood,Bola,HTTP/2
2025-05-02 13:34:29,index,68.0920000076294,330,TheEmptinessMachine,Westwood,Bola,HTTP/2
2025-05-02 13:34:31,index,70.0920000076294,330,TheEmptinessMachine,Westwood,Bola,HTTP/2
2025-05-02 13:34:33,index,72.0920000076294,330,TheEmptinessMachine,Westwood,Bola,HTTP/2
2025-05-02 13:34:35,index,74.0920000076294,330,TheEmptinessMachine,Westwood,Bola,HTTP/2
2025-05-02 13:34:37,index,76.0920000076294,330,TheEmptinessMachine,Westwood,Bola,HTTP/2
2025-05-02 13:34:39,index,78.0920000076294,330,TheEmptinessMachine,Westwood,Bola,HTTP/2
2025-05-02 13:34:41,index,80.0920000076294,330,TheEmptinessMachine,Westwood,Bola,HTTP/2
2025-05-02 13:34:43,index,82.0920000076294,330,TheEmptinessMachine,Westwood,Bola,HTTP/2
2025-05-02 13:34:45,index,84.0920000076294,330,TheEmptinessMachine,Westwood,Bola,HTTP/2
2025-05-02 13:34:47,index,86.0920000076294,330,TheEmptinessMachine,Westwood,Bola,HTTP/2
2025-05-02 13:34:49,index,88.0920000076294,330,TheEmptinessMachine,Westwood,Bola,HTTP/2
2025-05-02 13:34:51,index,90.0920000076294,330,TheEmptinessMachine,Westwood,Bola,HTTP/2
2025-05-02 13:34:53,index,92.0920000076294,330,TheEmptinessMachine,Westwood,Bola,HTTP/2
2025-05-02 13:34:55,index,94.0920000076294,330,TheEmptinessMachine,Westwood,Bola,HTTP/2
2025-05-02 13:34:57,index,96.0920000076294,330,TheEmptinessMachine,Westwood,Bola,HTTP/2
2025-05-02 13:34:59,index,98.0939998626709,330,TheEmptinessMachine,Westwood,Bola,HTTP/2
2025-05-02 13:35:01,index,100.092000007629,330,TheEmptinessMachine,Westwood,Bola,HTTP/2
2025-05-02 13:35:03,index,102.092000007629,330,TheEmptinessMachine,Westwood,Bola,HTTP/2
2025-05-02 13:35:05,index,104.092000007629,330,TheEmptinessMachine,Westwood,Bola,HTTP/2
2025-05-02 13:35:07,index,106.092000007629,330,TheEmptinessMachine,Westwood,Bola,HTTP/2
2025-05-02 13:35:09,index,108.092000007629,330,TheEmptinessMachine,Westwood,Bola,HTTP/2
2025-05-02 13:35:11,index,110.092000007629,330,TheEmptinessMachine,Westwood,Bola,HTTP/2
2025-05-02 13:35:13,index,112.092000007629,330,TheEmptinessMachine,Westwood,Bola,HTTP/2
2025-05-02 13:35:15,index,114.092000007629,330,TheEmptinessMachine,Westwood,Bola,HTTP/2
2025-05-02 13:35:17,index,116.092000007629,330,TheEmptinessMachine,Westwood,Bola,HTTP/2
2025-05-02 13:35:19,index,118.092000007629,330,TheEmptinessMachine,Westwood,Bola,HTTP/2
2025-05-02 13:35:21,index,120.092000007629,330,TheEmptinessMachine,Westwood,Bola,HTTP/2
2025-05-02 13:35:23,index,122.092000007629,330,TheEmptinessMachine,Westwood,Bola,HTTP/2
2025-05-02 13:35:25,index,124.092000007629,330,TheEmptinessMachine,Westwood,Bola,HTTP/2
2025-05-02 13:35:27,index,126.092000007629,330,TheEmptinessMachine,Westwood,Bola,HTTP/2
2025-05-02 13:35:29,index,128.092000007629,330,TheEmptinessMachine,Westwood,Bola,HTTP/2
2025-05-02 13:35:31,index,130.092000007629,330,TheEmptinessMachine,Westwood,Bola,HTTP/2
2025-05-02 13:35:33,index,132.092000007629,330,TheEmptinessMachine,Westwood,Bola,HTTP/2
2025-05-02 13:35:35,index,134.092000007629,330,TheEmptinessMachine,Westwood,Bola,HTTP/2
2025-05-02 13:35:37,index,136.092000007629,330,TheEmptinessMachine,Westwood,Bola,HTTP/2
2025-05-02 13:35:39,index,138.092000007629,330,TheEmptinessMachine,Westwood,Bola,HTTP/2
2025-05-02 13:35:41,index,140.092000007629,330,TheEmptinessMachine,Westwood,Bola,HTTP/2
2025-05-02 13:35:43,index,142.092000007629,330,TheEmptinessMachine,Westwood,Bola,HTTP/2
2025-05-02 13:35:45,index,144.092000007629,330,TheEmptinessMachine,Westwood,Bola,HTTP/2
2025-05-02 13:35:47,index,146.092000007629,635,TheEmptinessMachine,Westwood,Bola,HTTP/2
2025-05-02 13:35:49,index,148.092000007629,635,TheEmptinessMachine,Westwood,Bola,HTTP/2
2025-05-02 13:35:51,index,150.092000007629,635,TheEmptinessMachine,Westwood,Bola,HTTP/2
2025-05-02 13:35:53,index,152.092000007629,635,TheEmptinessMachine,Westwood,Bola,HTTP/2
2025-05-02 13:35:55,index,154.092000007629,635,TheEmptinessMachine,Westwood,Bola,HTTP/2
2025-05-02 13:35:57,index,156.092000007629,635,TheEmptinessMachine,Westwood,Bola,HTTP/2
2025-05-02 13:35:59,index,158.092000007629,330,TheEmptinessMachine,Westwood,Bola,HTTP/2
2025-05-02 13:36:01,index,160.092000007629,330,TheEmptinessMachine,Westwood,Bola,HTTP/2
2025-05-02 13:36:03,index,162.092000007629,330,TheEmptinessMachine,Westwood,Bola,HTTP/2
2025-05-02 13:36:05,index,164.092000007629,330,TheEmptinessMachine,Westwood,Bola,HTTP/2
2025-05-02 13:36:07,index,166.092000007629,330,TheEmptinessMachine,Westwood,Bola,HTTP/2
2025-05-02 13:36:09,index,168.092000007629,330,TheEmptinessMachine,Westwood,Bola,HTTP/2
2025-05-02 13:36:11,index,170.092000007629,330,TheEmptinessMachine,Westwood,Bola,HTTP/2
2025-05-02 13:36:13,index,172.092000007629,330,TheEmptinessMachine,Westwood,Bola,HTTP/2
2025-05-02 13:36:15,index,174.092000007629,330,TheEmptinessMachine,Westwood,Bola,HTTP/2
2025-05-02 13:36:17,index,176.092000007629,330,TheEmptinessMachine,Westwood,Bola,HTTP/2
2025-05-02 13:36:19,index,178.092000007629,330,TheEmptinessMachine,Westwood,Bola,HTTP/2
2025-05-02 13:36:21,index,180.092000007629,330,TheEmptinessMachine,Westwood,Bola,HTTP/2
2025-05-02 13:36:23,index,182.092000007629,330,TheEmptinessMachine,Westwood,Bola,HTTP/2
2025-05-02 13:36:25,index,184.092000007629,635,TheEmptinessMachine,Westwood,Bola,HTTP/2
2025-05-02 13:36:27,index,186.092000007629,635,TheEmptinessMachine,Westwood,Bola,HTTP/2
2025-05-02 13:36:29,index,188.092000007629,635,TheEmptinessMachine,Westwood,Bola,HTTP/2
2025-05-02 13:36:31,index,190.092000007629,635,TheEmptinessMachine,Westwood,Bola,HTTP/2
2025-05-02 13:36:33,index,192.092000007629,635,TheEmptinessMachine,Westwood,Bola,HTTP/2
2025-05-02 13:36:35,index,194.092000007629,635,TheEmptinessMachine,Westwood,Bola,HTTP/2
2025-05-02 13:36:37,index,196.092000007629,330,TheEmptinessMachine,Westwood,Bola,HTTP/2
2025-05-02 13:36:39,index,198.092000007629,330,TheEmptinessMachine,Westwood,Bola,HTTP/2
2025-05-02 13:36:41,index,200.092000007629,330,TheEmptinessMachine,Westwood,Bola,HTTP/2
2025-05-02 13:36:43,index,202.092000007629,330,TheEmptinessMachine,Westwood,Bola,HTTP/2
2025-05-02 13:36:45,index,204.092000007629,330,TheEmptinessMachine,Westwood,Bola,HTTP/2
2025-05-02 13:36:47,index,206.092000007629,330,TheEmptinessMachine,Westwood,Bola,HTTP/2
2025-05-02 13:37:32,index,9.54399991035461,169,TheEmptinessMachine,Westwood,Bola,HTTP/3
2025-05-02 13:37:34,index,11.5439999103546,169,TheEmptinessMachine,Westwood,Bola,HTTP/3
2025-05-02 13:37:36,index,13.5439999103546,169,TheEmptinessMachine,Westwood,Bola,HTTP/3
2025-05-02 13:37:38,index,15.5439999103546,169,TheEmptinessMachine,Westwood,Bola,HTTP/3
2025-05-02 13:37:40,index,17.5439999103546,214,TheEmptinessMachine,Westwood,Bola,HTTP/3
2025-05-02 13:37:42,index,19.5439999103546,214,TheEmptinessMachine,Westwood,Bola,HTTP/3
2025-05-02 13:37:44,index,21.5439999103546,320,TheEmptinessMachine,Westwood,Bola,HTTP/3
2025-05-02 13:37:46,index,23.5439999103546,169,TheEmptinessMachine,Westwood,Bola,HTTP/3
2025-05-02 13:37:48,index,25.5439999103546,214,TheEmptinessMachine,Westwood,Bola,HTTP/3
2025-05-02 13:37:50,index,27.5439999103546,214,TheEmptinessMachine,Westwood,Bola,HTTP/3
2025-05-02 13:37:54,index,31.5439999103546,72,TheEmptinessMachine,Westwood,Bola,HTTP/3
2025-05-02 13:37:56,index,33.5439999103546,84,TheEmptinessMachine,Westwood,Bola,HTTP/3
2025-05-02 13:37:58,index,35.5439999103546,169,TheEmptinessMachine,Westwood,Bola,HTTP/3
2025-05-02 13:38:00,index,37.5439999103546,169,TheEmptinessMachine,Westwood,Bola,HTTP/3
2025-05-02 13:38:02,index,39.5439999103546,84,TheEmptinessMachine,Westwood,Bola,HTTP/3
2025-05-02 13:38:04,index,41.5439999103546,166,TheEmptinessMachine,Westwood,Bola,HTTP/3
2025-05-02 13:38:06,index,43.5439999103546,84,TheEmptinessMachine,Westwood,Bola,HTTP/3
2025-05-02 13:38:08,index,45.5439999103546,166,TheEmptinessMachine,Westwood,Bola,HTTP/3
2025-05-02 13:38:10,index,47.5439999103546,84,TheEmptinessMachine,Westwood,Bola,HTTP/3
2025-05-02 13:38:12,index,49.5439999103546,84,TheEmptinessMachine,Westwood,Bola,HTTP/3
2025-05-02 13:38:14,index,51.5439999103546,84,TheEmptinessMachine,Westwood,Bola,HTTP/3
2025-05-02 13:38:16,index,53.5439999103546,84,TheEmptinessMachine,Westwood,Bola,HTTP/3
2025-05-02 13:38:18,index,55.5439999103546,84,TheEmptinessMachine,Westwood,Bola,HTTP/3
2025-05-02 13:38:20,index,57.5439999103546,84,TheEmptinessMachine,Westwood,Bola,HTTP/3
2025-05-02 13:38:22,index,59.5439999103546,84,TheEmptinessMachine,Westwood,Bola,HTTP/3
2025-05-02 13:38:24,index,61.5439999103546,84,TheEmptinessMachine,Westwood,Bola,HTTP/3
2025-05-02 13:38:26,index,63.5450000762939,84,TheEmptinessMachine,Westwood,Bola,HTTP/3
2025-05-02 13:38:28,index,65.5439999103546,84,TheEmptinessMachine,Westwood,Bola,HTTP/3
2025-05-02 13:38:30,index,67.5439999103546,84,TheEmptinessMachine,Westwood,Bola,HTTP/3
2025-05-02 13:38:32,index,69.5439999103546,84,TheEmptinessMachine,Westwood,Bola,HTTP/3
2025-05-02 13:38:34,index,71.5439999103546,214,TheEmptinessMachine,Westwood,Bola,HTTP/3
2025-05-02 13:38:36,index,73.5439999103546,214,TheEmptinessMachine,Westwood,Bola,HTTP/3
2025-05-02 13:38:38,index,75.5439999103546,214,TheEmptinessMachine,Westwood,Bola,HTTP/3
2025-05-02 13:38:40,index,77.5439999103546,330,TheEmptinessMachine,Westwood,Bola,HTTP/3
2025-05-02 13:38:42,index,79.5439999103546,84,TheEmptinessMachine,Westwood,Bola,HTTP/3
2025-05-02 13:38:44,index,81.5439999103546,84,TheEmptinessMachine,Westwood,Bola,HTTP/3
2025-05-02 13:38:46,index,83.5439999103546,84,TheEmptinessMachine,Westwood,Bola,HTTP/3
2025-05-02 13:38:48,index,85.5439999103546,84,TheEmptinessMachine,Westwood,Bola,HTTP/3
2025-05-02 13:38:50,index,87.5439999103546,84,TheEmptinessMachine,Westwood,Bola,HTTP/3
2025-05-02 13:38:52,index,89.5439999103546,214,TheEmptinessMachine,Westwood,Bola,HTTP/3
2025-05-02 13:38:54,index,91.5439999103546,214,TheEmptinessMachine,Westwood,Bola,HTTP/3
2025-05-02 13:38:56,index,93.5439999103546,214,TheEmptinessMachine,Westwood,Bola,HTTP/3
2025-05-02 13:38:58,index,95.5439999103546,214,TheEmptinessMachine,Westwood,Bola,HTTP/3
2025-05-02 13:39:00,index,97.5510001182556,84,TheEmptinessMachine,Westwood,Bola,HTTP/3
2025-05-02 13:39:02,index,99.5439999103546,84,TheEmptinessMachine,Westwood,Bola,HTTP/3
2025-05-02 13:39:04,index,101.543999910355,84,TheEmptinessMachine,Westwood,Bola,HTTP/3
2025-05-02 13:39:06,index,103.543999910355,84,TheEmptinessMachine,Westwood,Bola,HTTP/3
2025-05-02 13:39:08,index,105.543999910355,84,TheEmptinessMachine,Westwood,Bola,HTTP/3
2025-05-02 13:39:10,index,107.543999910355,84,TheEmptinessMachine,Westwood,Bola,HTTP/3
2025-05-02 13:39:12,index,109.543999910355,330,TheEmptinessMachine,Westwood,Bola,HTTP/3
2025-05-02 13:39:14,index,111.543999910355,330,TheEmptinessMachine,Westwood,Bola,HTTP/3
2025-05-02 13:39:16,index,113.543999910355,330,TheEmptinessMachine,Westwood,Bola,HTTP/3
2025-05-02 13:39:18,index,115.543999910355,330,TheEmptinessMachine,Westwood,Bola,HTTP/3
2025-05-02 13:39:20,index,117.543999910355,330,TheEmptinessMachine,Westwood,Bola,HTTP/3
2025-05-02 13:39:22,index,119.543999910355,330,TheEmptinessMachine,Westwood,Bola,HTTP/3
2025-05-02 13:39:24,index,121.543999910355,169,TheEmptinessMachine,Westwood,Bola,HTTP/3
2025-05-02 13:39:26,index,123.543999910355,214,TheEmptinessMachine,Westwood,Bola,HTTP/3
2025-05-02 13:39:28,index,125.543999910355,214,TheEmptinessMachine,Westwood,Bola,HTTP/3
2025-05-02 13:39:30,index,127.543999910355,214,TheEmptinessMachine,Westwood,Bola,HTTP/3
2025-05-02 13:39:32,index,129.542999982834,214,TheEmptinessMachine,Westwood,Bola,HTTP/3
2025-05-02 13:39:34,index,131.543999910355,214,TheEmptinessMachine,Westwood,Bola,HTTP/3
2025-05-02 13:39:36,index,133.543999910355,214,TheEmptinessMachine,Westwood,Bola,HTTP/3
2025-05-02 13:39:38,index,135.543999910355,214,TheEmptinessMachine,Westwood,Bola,HTTP/3
2025-05-02 13:39:40,index,137.543999910355,320,TheEmptinessMachine,Westwood,Bola,HTTP/3
2025-05-02 13:39:42,index,139.543999910355,320,TheEmptinessMachine,Westwood,Bola,HTTP/3
2025-05-02 13:39:44,index,141.543999910355,330,TheEmptinessMachine,Westwood,Bola,HTTP/3
2025-05-02 13:39:46,index,143.542999982834,214,TheEmptinessMachine,Westwood,Bola,HTTP/3
2025-05-02 13:39:48,index,145.543999910355,320,TheEmptinessMachine,Westwood,Bola,HTTP/3
2025-05-02 13:39:50,index,147.543999910355,320,TheEmptinessMachine,Westwood,Bola,HTTP/3
2025-05-02 13:39:52,index,149.543999910355,166,TheEmptinessMachine,Westwood,Bola,HTTP/3
2025-05-02 13:39:54,index,151.542999982834,166,TheEmptinessMachine,Westwood,Bola,HTTP/3
2025-05-02 13:39:56,index,153.543999910355,166,TheEmptinessMachine,Westwood,Bola,HTTP/3
2025-05-02 13:39:58,index,155.543999910355,169,TheEmptinessMachine,Westwood,Bola,HTTP/3
2025-05-02 13:40:00,index,157.543999910355,84,TheEmptinessMachine,Westwood,Bola,HTTP/3
2025-05-02 13:40:02,index,159.543999910355,169,TheEmptinessMachine,Westwood,Bola,HTTP/3
2025-05-02 13:40:04,index,161.543999910355,169,TheEmptinessMachine,Westwood,Bola,HTTP/3
2025-05-02 13:40:06,index,163.543999910355,169,TheEmptinessMachine,Westwood,Bola,HTTP/3
2025-05-02 13:40:08,index,165.543999910355,169,TheEmptinessMachine,Westwood,Bola,HTTP/3
2025-05-02 13:40:10,index,167.543999910355,169,TheEmptinessMachine,Westwood,Bola,HTTP/3
2025-05-02 13:40:12,index,169.543999910355,169,TheEmptinessMachine,Westwood,Bola,HTTP/3
2025-05-02 13:40:14,index,171.543999910355,169,TheEmptinessMachine,Westwood,Bola,HTTP/3
2025-05-02 13:40:16,index,173.543999910355,330,TheEmptinessMachine,Westwood,Bola,HTTP/3
2025-05-02 13:40:18,index,175.543999910355,330,TheEmptinessMachine,Westwood,Bola,HTTP/3
2025-05-02 13:40:20,index,177.543999910355,330,TheEmptinessMachine,Westwood,Bola,HTTP/3
2025-05-02 13:40:22,index,179.543999910355,169,TheEmptinessMachine,Westwood,Bola,HTTP/3
2025-05-02 13:40:24,index,181.543999910355,169,TheEmptinessMachine,Westwood,Bola,HTTP/3
2025-05-02 13:40:26,index,183.543999910355,169,TheEmptinessMachine,Westwood,Bola,HTTP/3
2025-05-02 13:40:28,index,185.543999910355,169,TheEmptinessMachine,Westwood,Bola,HTTP/3
2025-05-02 13:40:30,index,187.542999982834,169,TheEmptinessMachine,Westwood,Bola,HTTP/3
2025-05-02 13:40:32,index,189.542999982834,169,TheEmptinessMachine,Westwood,Bola,HTTP/3
2025-05-02 13:40:34,index,191.543999910355,330,TheEmptinessMachine,Westwood,Bola,HTTP/3
2025-05-02 13:40:36,index,193.543999910355,84,TheEmptinessMachine,Westwood,Bola,HTTP/3
2025-05-02 13:40:38,index,195.543999910355,84,TheEmptinessMachine,Westwood,Bola,HTTP/3
2025-05-02 13:40:40,index,197.543999910355,84,TheEmptinessMachine,Westwood,Bola,HTTP/3
2025-05-02 13:40:42,index,199.543999910355,84,TheEmptinessMachine,Westwood,Bola,HTTP/3
2025-05-02 13:40:44,index,201.543999910355,84,TheEmptinessMachine,Westwood,Bola,HTTP/3
2025-05-02 13:40:46,index,203.543999910355,84,TheEmptinessMachine,Westwood,Bola,HTTP/3
2025-05-02 13:40:48,index,205.543999910355,84,TheEmptinessMachine,Westwood,Bola,HTTP/3
2025-05-02 13:40:50,index,207.543999910355,84,TheEmptinessMachine,Westwood,Bola,HTTP/3
2025-05-02 13:40:52,index,209.543999910355,84,TheEmptinessMachine,Westwood,Bola,HTTP/3
2025-05-02 13:40:54,index,211.543999910355,84,TheEmptinessMachine,Westwood,Bola,HTTP/3
2025-05-02 13:40:56,index,213.543999910355,84,TheEmptinessMachine,Westwood,Bola,HTTP/3
2025-05-02 13:41:27,index,4.30499982833862,980,TheEmptinessMachine,Westwood,Festive,HTTP/1.1
2025-05-02 13:41:31,index,8.30499982833862,330,TheEmptinessMachine,Westwood,Festive,HTTP/1.1
2025-05-02 13:41:33,index,10.3049998283386,330,TheEmptinessMachine,Westwood,Festive,HTTP/1.1
2025-05-02 13:41:35,index,12.3049998283386,674,TheEmptinessMachine,Westwood,Festive,HTTP/1.1
2025-05-02 13:41:37,index,14.3049998283386,674,TheEmptinessMachine,Westwood,Festive,HTTP/1.1
2025-05-02 13:41:41,index,18.3049998283386,84,TheEmptinessMachine,Westwood,Festive,HTTP/1.1
2025-05-02 13:41:43,index,20.3049998283386,330,TheEmptinessMachine,Westwood,Festive,HTTP/1.1
2025-05-02 13:41:45,index,22.3049998283386,330,TheEmptinessMachine,Westwood,Festive,HTTP/1.1
2025-05-02 13:41:47,index,24.3049998283386,330,TheEmptinessMachine,Westwood,Festive,HTTP/1.1
2025-05-02 13:41:49,index,26.3049998283386,674,TheEmptinessMachine,Westwood,Festive,HTTP/1.1
2025-05-02 13:41:51,index,28.3049998283386,674,TheEmptinessMachine,Westwood,Festive,HTTP/1.1
2025-05-02 13:41:53,index,30.3049998283386,214,TheEmptinessMachine,Westwood,Festive,HTTP/1.1
2025-05-02 13:41:55,index,32.3049998283386,330,TheEmptinessMachine,Westwood,Festive,HTTP/1.1
2025-05-02 13:41:57,index,34.3049998283386,84,TheEmptinessMachine,Westwood,Festive,HTTP/1.1
2025-05-02 13:41:59,index,36.3049998283386,674,TheEmptinessMachine,Westwood,Festive,HTTP/1.1
2025-05-02 13:42:01,index,38.3049998283386,330,TheEmptinessMachine,Westwood,Festive,HTTP/1.1
2025-05-02 13:42:03,index,40.3049998283386,635,TheEmptinessMachine,Westwood,Festive,HTTP/1.1
2025-05-02 13:42:05,index,42.3049998283386,635,TheEmptinessMachine,Westwood,Festive,HTTP/1.1
2025-05-02 13:42:09,index,46.3049998283386,166,TheEmptinessMachine,Westwood,Festive,HTTP/1.1
2025-05-02 13:42:11,index,48.3049998283386,330,TheEmptinessMachine,Westwood,Festive,HTTP/1.1
2025-05-02 13:42:13,index,50.3049998283386,674,TheEmptinessMachine,Westwood,Festive,HTTP/1.1
2025-05-02 13:42:15,index,52.3049998283386,320,TheEmptinessMachine,Westwood,Festive,HTTP/1.1
2025-05-02 13:42:17,index,54.3049998283386,330,TheEmptinessMachine,Westwood,Festive,HTTP/1.1
2025-05-02 13:42:19,index,56.3049998283386,674,TheEmptinessMachine,Westwood,Festive,HTTP/1.1
2025-05-02 13:42:21,index,58.3049998283386,214,TheEmptinessMachine,Westwood,Festive,HTTP/1.1
2025-05-02 13:42:23,index,60.3049998283386,330,TheEmptinessMachine,Westwood,Festive,HTTP/1.1
2025-05-02 13:42:25,index,62.3049998283386,330,TheEmptinessMachine,Westwood,Festive,HTTP/1.1
2025-05-02 13:42:27,index,64.3049998283386,674,TheEmptinessMachine,Westwood,Festive,HTTP/1.1
2025-05-02 13:42:29,index,66.3049998283386,330,TheEmptinessMachine,Westwood,Festive,HTTP/1.1
2025-05-02 13:42:31,index,68.3049998283386,674,TheEmptinessMachine,Westwood,Festive,HTTP/1.1
2025-05-02 13:42:33,index,70.3049998283386,674,TheEmptinessMachine,Westwood,Festive,HTTP/1.1
2025-05-02 13:42:35,index,72.3049998283386,635,TheEmptinessMachine,Westwood,Festive,HTTP/1.1
2025-05-02 13:42:37,index,74.3049998283386,214,TheEmptinessMachine,Westwood,Festive,HTTP/1.1
2025-05-02 13:42:39,index,76.3049998283386,330,TheEmptinessMachine,Westwood,Festive,HTTP/1.1
2025-05-02 13:42:41,index,78.3049998283386,330,TheEmptinessMachine,Westwood,Festive,HTTP/1.1
2025-05-02 13:42:43,index,80.3049998283386,330,TheEmptinessMachine,Westwood,Festive,HTTP/1.1
2025-05-02 13:42:45,index,82.3049998283386,330,TheEmptinessMachine,Westwood,Festive,HTTP/1.1
2025-05-02 13:42:47,index,84.3049998283386,214,TheEmptinessMachine,Westwood,Festive,HTTP/1.1
2025-05-02 13:42:49,index,86.3049998283386,320,TheEmptinessMachine,Westwood,Festive,HTTP/1.1
2025-05-02 13:42:51,index,88.3049998283386,320,TheEmptinessMachine,Westwood,Festive,HTTP/1.1
2025-05-02 13:42:53,index,90.3049998283386,320,TheEmptinessMachine,Westwood,Festive,HTTP/1.1
2025-05-02 13:42:55,index,92.3049998283386,320,TheEmptinessMachine,Westwood,Festive,HTTP/1.1
2025-05-02 13:42:57,index,94.3049998283386,320,TheEmptinessMachine,Westwood,Festive,HTTP/1.1
2025-05-02 13:42:59,index,96.3049998283386,214,TheEmptinessMachine,Westwood,Festive,HTTP/1.1
2025-05-02 13:43:01,index,98.3049998283386,214,TheEmptinessMachine,Westwood,Festive,HTTP/1.1
2025-05-02 13:43:03,index,100.304999828339,214,TheEmptinessMachine,Westwood,Festive,HTTP/1.1
2025-05-02 13:43:05,index,102.304999828339,214,TheEmptinessMachine,Westwood,Festive,HTTP/1.1
2025-05-02 13:43:07,index,104.304999828339,214,TheEmptinessMachine,Westwood,Festive,HTTP/1.1
2025-05-02 13:43:09,index,106.304999828339,214,TheEmptinessMachine,Westwood,Festive,HTTP/1.1
2025-05-02 13:43:11,index,108.304999828339,214,TheEmptinessMachine,Westwood,Festive,HTTP/1.1
2025-05-02 13:43:13,index,110.304999828339,214,TheEmptinessMachine,Westwood,Festive,HTTP/1.1
2025-05-02 13:43:15,index,112.304999828339,214,TheEmptinessMachine,Westwood,Festive,HTTP/1.1
2025-05-02 13:43:17,index,114.304999828339,214,TheEmptinessMachine,Westwood,Festive,HTTP/1.1
2025-05-02 13:43:19,index,116.304999828339,214,TheEmptinessMachine,Westwood,Festive,HTTP/1.1
2025-05-02 13:43:21,index,118.304999828339,214,TheEmptinessMachine,Westwood,Festive,HTTP/1.1
2025-05-02 13:43:23,index,120.305999994278,214,TheEmptinessMachine,Westwood,Festive,HTTP/1.1
2025-05-02 13:43:25,index,122.304999828339,214,TheEmptinessMachine,Westwood,Festive,HTTP/1.1
2025-05-02 13:43:27,index,124.304999828339,2974,TheEmptinessMachine,Westwood,Festive,HTTP/1.1
2025-05-02 13:43:29,index,126.304999828339,1226,TheEmptinessMachine,Westwood,Festive,HTTP/1.1
2025-05-02 13:43:31,index,128.304999828339,1226,TheEmptinessMachine,Westwood,Festive,HTTP/1.1
2025-05-02 13:43:33,index,130.304999828339,1226,TheEmptinessMachine,Westwood,Festive,HTTP/1.1
2025-05-02 13:43:35,index,132.305999994278,1226,TheEmptinessMachine,Westwood,Festive,HTTP/1.1
2025-05-02 13:43:37,index,134.304999828339,1226,TheEmptinessMachine,Westwood,Festive,HTTP/1.1
2025-05-02 13:43:39,index,136.304999828339,674,TheEmptinessMachine,Westwood,Festive,HTTP/1.1
2025-05-02 13:43:41,index,138.304999828339,214,TheEmptinessMachine,Westwood,Festive,HTTP/1.1
2025-05-02 13:43:43,index,140.304999828339,674,TheEmptinessMachine,Westwood,Festive,HTTP/1.1
2025-05-02 13:43:45,index,142.304999828339,330,TheEmptinessMachine,Westwood,Festive,HTTP/1.1
2025-05-02 13:43:47,index,144.304999828339,214,TheEmptinessMachine,Westwood,Festive,HTTP/1.1
2025-05-02 13:43:49,index,146.304999828339,674,TheEmptinessMachine,Westwood,Festive,HTTP/1.1
2025-05-02 13:43:53,index,150.304999828339,330,TheEmptinessMachine,Westwood,Festive,HTTP/1.1
2025-05-02 13:43:55,index,152.304999828339,330,TheEmptinessMachine,Westwood,Festive,HTTP/1.1
2025-05-02 13:43:57,index,154.304999828339,330,TheEmptinessMachine,Westwood,Festive,HTTP/1.1
2025-05-02 13:43:59,index,156.304999828339,674,TheEmptinessMachine,Westwood,Festive,HTTP/1.1
2025-05-02 13:44:01,index,158.304999828339,674,TheEmptinessMachine,Westwood,Festive,HTTP/1.1
2025-05-02 13:44:03,index,160.304999828339,330,TheEmptinessMachine,Westwood,Festive,HTTP/1.1
2025-05-02 13:44:05,index,162.304999828339,330,TheEmptinessMachine,Westwood,Festive,HTTP/1.1
2025-05-02 13:44:07,index,164.304999828339,635,TheEmptinessMachine,Westwood,Festive,HTTP/1.1
2025-05-02 13:44:09,index,166.304999828339,84,TheEmptinessMachine,Westwood,Festive,HTTP/1.1
2025-05-02 13:44:11,index,168.304999828339,330,TheEmptinessMachine,Westwood,Festive,HTTP/1.1
2025-05-02 13:44:13,index,170.304999828339,330,TheEmptinessMachine,Westwood,Festive,HTTP/1.1
2025-05-02 13:44:15,index,172.304999828339,330,TheEmptinessMachine,Westwood,Festive,HTTP/1.1
2025-05-02 13:44:17,index,174.304999828339,330,TheEmptinessMachine,Westwood,Festive,HTTP/1.1
2025-05-02 13:44:19,index,176.304999828339,330,TheEmptinessMachine,Westwood,Festive,HTTP/1.1
2025-05-02 13:44:21,index,178.304999828339,320,TheEmptinessMachine,Westwood,Festive,HTTP/1.1
2025-05-02 13:44:23,index,180.304999828339,320,TheEmptinessMachine,Westwood,Festive,HTTP/1.1
2025-05-02 13:44:25,index,182.304999828339,320,TheEmptinessMachine,Westwood,Festive,HTTP/1.1
2025-05-02 13:44:29,index,186.304999828339,320,TheEmptinessMachine,Westwood,Festive,HTTP/1.1
2025-05-02 13:44:31,index,188.304999828339,320,TheEmptinessMachine,Westwood,Festive,HTTP/1.1
2025-05-02 13:44:33,index,190.304999828339,320,TheEmptinessMachine,Westwood,Festive,HTTP/1.1
2025-05-02 13:44:35,index,192.304999828339,320,TheEmptinessMachine,Westwood,Festive,HTTP/1.1
2025-05-02 13:44:37,index,194.305999994278,320,TheEmptinessMachine,Westwood,Festive,HTTP/1.1
2025-05-02 13:44:39,index,196.304999828339,320,TheEmptinessMachine,Westwood,Festive,HTTP/1.1
2025-05-02 13:44:41,index,198.304999828339,320,TheEmptinessMachine,Westwood,Festive,HTTP/1.1
2025-05-02 13:44:43,index,200.304999828339,320,TheEmptinessMachine,Westwood,Festive,HTTP/1.1
2025-05-02 13:44:45,index,202.304999828339,320,TheEmptinessMachine,Westwood,Festive,HTTP/1.1
2025-05-02 13:44:47,index,204.304999828339,320,TheEmptinessMachine,Westwood,Festive,HTTP/1.1
2025-05-02 13:44:49,index,206.304999828339,320,TheEmptinessMachine,Westwood,Festive,HTTP/1.1
2025-05-02 13:45:32,index,4.09400010108948,1767,TheEmptinessMachine,Westwood,Festive,HTTP/2
2025-05-02 13:45:34,index,6.09400010108948,1767,TheEmptinessMachine,Westwood,Festive,HTTP/2
2025-05-02 13:45:36,index,8.09400010108948,1106,TheEmptinessMachine,Westwood,Festive,HTTP/2
2025-05-02 13:45:42,index,14.0940001010895,674,TheEmptinessMachine,Westwood,Festive,HTTP/2
2025-05-02 13:45:46,index,18.0940001010895,84,TheEmptinessMachine,Westwood,Festive,HTTP/2
2025-05-02 13:45:52,index,24.0940001010895,330,TheEmptinessMachine,Westwood,Festive,HTTP/2
2025-05-02 13:45:54,index,26.0940001010895,330,TheEmptinessMachine,Westwood,Festive,HTTP/2
2025-05-02 13:45:56,index,28.0929999351501,320,TheEmptinessMachine,Westwood,Festive,HTTP/2
2025-05-02 13:45:58,index,30.0940001010895,214,TheEmptinessMachine,Westwood,Festive,HTTP/2
2025-05-02 13:46:00,index,32.0940001010895,320,TheEmptinessMachine,Westwood,Festive,HTTP/2
2025-05-02 13:46:02,index,34.0940001010895,320,TheEmptinessMachine,Westwood,Festive,HTTP/2
2025-05-02 13:46:04,index,36.0940001010895,320,TheEmptinessMachine,Westwood,Festive,HTTP/2
2025-05-02 13:46:06,index,38.0940001010895,320,TheEmptinessMachine,Westwood,Festive,HTTP/2
2025-05-02 13:46:08,index,40.0929999351501,320,TheEmptinessMachine,Westwood,Festive,HTTP/2
2025-05-02 13:46:10,index,42.0929999351501,214,TheEmptinessMachine,Westwood,Festive,HTTP/2
2025-05-02 13:46:12,index,44.0940001010895,214,TheEmptinessMachine,Westwood,Festive,HTTP/2
2025-05-02 13:46:14,index,46.0940001010895,214,TheEmptinessMachine,Westwood,Festive,HTTP/2
2025-05-02 13:46:16,index,48.0940001010895,214,TheEmptinessMachine,Westwood,Festive,HTTP/2
2025-05-02 13:46:18,index,50.0940001010895,214,TheEmptinessMachine,Westwood,Festive,HTTP/2
2025-05-02 13:46:20,index,52.0929999351501,214,TheEmptinessMachine,Westwood,Festive,HTTP/2
2025-05-02 13:46:22,index,54.0929999351501,214,TheEmptinessMachine,Westwood,Festive,HTTP/2
2025-05-02 13:46:24,index,56.0929999351501,214,TheEmptinessMachine,Westwood,Festive,HTTP/2
2025-05-02 13:46:26,index,58.0940001010895,214,TheEmptinessMachine,Westwood,Festive,HTTP/2
2025-05-02 13:46:28,index,60.0940001010895,214,TheEmptinessMachine,Westwood,Festive,HTTP/2
2025-05-02 13:46:30,index,62.0940001010895,214,TheEmptinessMachine,Westwood,Festive,HTTP/2
2025-05-02 13:46:32,index,64.0929999351501,1767,TheEmptinessMachine,Westwood,Festive,HTTP/2
2025-05-02 13:46:34,index,66.0940001010895,635,TheEmptinessMachine,Westwood,Festive,HTTP/2
2025-05-02 13:46:36,index,68.0940001010895,635,TheEmptinessMachine,Westwood,Festive,HTTP/2
2025-05-02 13:46:38,index,70.0940001010895,635,TheEmptinessMachine,Westwood,Festive,HTTP/2
2025-05-02 13:46:40,index,72.0940001010895,635,TheEmptinessMachine,Westwood,Festive,HTTP/2
2025-05-02 13:46:42,index,74.0940001010895,635,TheEmptinessMachine,Westwood,Festive,HTTP/2
2025-05-02 13:46:44,index,76.0929999351501,330,TheEmptinessMachine,Westwood,Festive,HTTP/2
2025-05-02 13:46:46,index,78.0940001010895,674,TheEmptinessMachine,Westwood,Festive,HTTP/2
2025-05-02 13:46:48,index,80.0929999351501,214,TheEmptinessMachine,Westwood,Festive,HTTP/2
2025-05-02 13:46:50,index,82.0940001010895,635,TheEmptinessMachine,Westwood,Festive,HTTP/2
2025-05-02 13:46:54,index,86.0940001010895,330,TheEmptinessMachine,Westwood,Festive,HTTP/2
2025-05-02 13:46:58,index,90.0940001010895,330,TheEmptinessMachine,Westwood,Festive,HTTP/2
2025-05-02 13:47:06,index,98.0929999351501,330,TheEmptinessMachine,Westwood,Festive,HTTP/2
2025-05-02 13:47:12,index,104.094000101089,320,TheEmptinessMachine,Westwood,Festive,HTTP/2
2025-05-02 13:47:16,index,108.09299993515,169,TheEmptinessMachine,Westwood,Festive,HTTP/2
2025-05-02 13:47:18,index,110.09299993515,320,TheEmptinessMachine,Westwood,Festive,HTTP/2
2025-05-02 13:47:24,index,116.094000101089,214,TheEmptinessMachine,Westwood,Festive,HTTP/2
2025-05-02 13:47:26,index,118.09299993515,214,TheEmptinessMachine,Westwood,Festive,HTTP/2
2025-05-02 13:47:28,index,120.094000101089,214,TheEmptinessMachine,Westwood,Festive,HTTP/2
2025-05-02 13:47:30,index,122.094000101089,214,TheEmptinessMachine,Westwood,Festive,HTTP/2
2025-05-02 13:47:32,index,124.094000101089,214,TheEmptinessMachine,Westwood,Festive,HTTP/2
2025-05-02 13:47:34,index,126.094000101089,1106,TheEmptinessMachine,Westwood,Festive,HTTP/2
2025-05-02 13:47:36,index,128.094000101089,1106,TheEmptinessMachine,Westwood,Festive,HTTP/2
2025-05-02 13:47:38,index,130.09299993515,674,TheEmptinessMachine,Westwood,Festive,HTTP/2
2025-05-02 13:47:40,index,132.094000101089,674,TheEmptinessMachine,Westwood,Festive,HTTP/2
2025-05-02 13:47:42,index,134.09299993515,674,TheEmptinessMachine,Westwood,Festive,HTTP/2
2025-05-02 13:47:44,index,136.09299993515,214,TheEmptinessMachine,Westwood,Festive,HTTP/2
2025-05-02 13:47:46,index,138.09299993515,330,TheEmptinessMachine,Westwood,Festive,HTTP/2
2025-05-02 13:47:48,index,140.094000101089,169,TheEmptinessMachine,Westwood,Festive,HTTP/2
2025-05-02 13:47:50,index,142.094000101089,214,TheEmptinessMachine,Westwood,Festive,HTTP/2
2025-05-02 13:47:52,index,144.094000101089,330,TheEmptinessMachine,Westwood,Festive,HTTP/2
2025-05-02 13:47:54,index,146.09299993515,330,TheEmptinessMachine,Westwood,Festive,HTTP/2
2025-05-02 13:47:58,index,150.094000101089,320,TheEmptinessMachine,Westwood,Festive,HTTP/2
2025-05-02 13:48:00,index,152.094000101089,320,TheEmptinessMachine,Westwood,Festive,HTTP/2
2025-05-02 13:48:02,index,154.09299993515,84,TheEmptinessMachine,Westwood,Festive,HTTP/2
2025-05-02 13:48:04,index,156.094000101089,320,TheEmptinessMachine,Westwood,Festive,HTTP/2
2025-05-02 13:48:06,index,158.09299993515,320,TheEmptinessMachine,Westwood,Festive,HTTP/2
2025-05-02 13:48:08,index,160.094000101089,320,TheEmptinessMachine,Westwood,Festive,HTTP/2
2025-05-02 13:48:10,index,162.094000101089,214,TheEmptinessMachine,Westwood,Festive,HTTP/2
2025-05-02 13:48:12,index,164.09299993515,214,TheEmptinessMachine,Westwood,Festive,HTTP/2
2025-05-02 13:48:14,index,166.094000101089,214,TheEmptinessMachine,Westwood,Festive,HTTP/2
2025-05-02 13:48:16,index,168.094000101089,214,TheEmptinessMachine,Westwood,Festive,HTTP/2
2025-05-02 13:48:18,index,170.094000101089,214,TheEmptinessMachine,Westwood,Festive,HTTP/2
2025-05-02 13:48:20,index,172.094000101089,214,TheEmptinessMachine,Westwood,Festive,HTTP/2
2025-05-02 13:48:22,index,174.094000101089,214,TheEmptinessMachine,Westwood,Festive,HTTP/2
2025-05-02 13:48:24,index,176.09299993515,214,TheEmptinessMachine,Westwood,Festive,HTTP/2
2025-05-02 13:48:26,index,178.09299993515,214,TheEmptinessMachine,Westwood,Festive,HTTP/2
2025-05-02 13:48:28,index,180.09299993515,214,TheEmptinessMachine,Westwood,Festive,HTTP/2
2025-05-02 13:48:30,index,182.094000101089,214,TheEmptinessMachine,Westwood,Festive,HTTP/2
2025-05-02 13:48:32,index,184.094000101089,1767,TheEmptinessMachine,Westwood,Festive,HTTP/2
2025-05-02 13:48:34,index,186.094000101089,330,TheEmptinessMachine,Westwood,Festive,HTTP/2
2025-05-02 13:48:36,index,188.094000101089,330,TheEmptinessMachine,Westwood,Festive,HTTP/2
2025-05-02 13:48:38,index,190.09299993515,330,TheEmptinessMachine,Westwood,Festive,HTTP/2
2025-05-02 13:48:40,index,192.094000101089,330,TheEmptinessMachine,Westwood,Festive,HTTP/2
2025-05-02 13:48:42,index,194.094000101089,330,TheEmptinessMachine,Westwood,Festive,HTTP/2
2025-05-02 13:48:44,index,196.094000101089,330,TheEmptinessMachine,Westwood,Festive,HTTP/2
2025-05-02 13:48:46,index,198.094000101089,84,TheEmptinessMachine,Westwood,Festive,HTTP/2
2025-05-02 13:48:48,index,200.09299993515,330,TheEmptinessMachine,Westwood,Festive,HTTP/2
2025-05-02 13:48:50,index,202.094000101089,320,TheEmptinessMachine,Westwood,Festive,HTTP/2
2025-05-02 13:48:52,index,204.094000101089,214,TheEmptinessMachine,Westwood,Festive,HTTP/2
2025-05-02 13:48:54,index,206.09299993515,320,TheEmptinessMachine,Westwood,Festive,HTTP/2
2025-05-02 13:48:56,index,208.09299993515,320,TheEmptinessMachine,Westwood,Festive,HTTP/2
2025-05-02 13:48:58,index,210.094000101089,214,TheEmptinessMachine,Westwood,Festive,HTTP/2
2025-05-02 13:49:00,index,212.094000101089,214,TheEmptinessMachine,Westwood,Festive,HTTP/2
2025-05-02 13:49:02,index,214.094000101089,84,TheEmptinessMachine,Westwood,Festive,HTTP/2
2025-05-02 13:49:04,index,216.09299993515,84,TheEmptinessMachine,Westwood,Festive,HTTP/2
2025-05-02 13:49:33,index,4.11100006103516,980,TheEmptinessMachine,Westwood,Festive,HTTP/3
2025-05-02 13:49:41,index,12.1110000610352,72,TheEmptinessMachine,Westwood,Festive,HTTP/3
2025-05-02 13:49:43,index,14.1110000610352,72,TheEmptinessMachine,Westwood,Festive,HTTP/3
2025-05-02 13:49:51,index,22.1110000610352,330,TheEmptinessMachine,Westwood,Festive,HTTP/3
2025-05-02 13:49:53,index,24.1110000610352,330,TheEmptinessMachine,Westwood,Festive,HTTP/3
2025-05-02 13:49:57,index,28.1110000610352,330,TheEmptinessMachine,Westwood,Festive,HTTP/3
2025-05-02 13:50:01,index,32.1110000610352,214,TheEmptinessMachine,Westwood,Festive,HTTP/3
2025-05-02 13:50:03,index,34.1110000610352,214,TheEmptinessMachine,Westwood,Festive,HTTP/3
2025-05-02 13:50:11,index,42.1110000610352,72,TheEmptinessMachine,Westwood,Festive,HTTP/3
2025-05-02 13:50:13,index,44.1110000610352,72,TheEmptinessMachine,Westwood,Festive,HTTP/3
2025-05-02 13:50:15,index,46.1110000610352,72,TheEmptinessMachine,Westwood,Festive,HTTP/3
2025-05-02 13:50:17,index,48.1110000610352,72,TheEmptinessMachine,Westwood,Festive,HTTP/3
2025-05-02 13:50:19,index,50.1110000610352,1106,TheEmptinessMachine,Westwood,Festive,HTTP/3
2025-05-02 13:50:21,index,52.1119999885559,84,TheEmptinessMachine,Westwood,Festive,HTTP/3
2025-05-02 13:50:23,index,54.1110000610352,84,TheEmptinessMachine,Westwood,Festive,HTTP/3
2025-05-02 13:50:25,index,56.1119999885559,84,TheEmptinessMachine,Westwood,Festive,HTTP/3
2025-05-02 13:50:27,index,58.1110000610352,84,TheEmptinessMachine,Westwood,Festive,HTTP/3
2025-05-02 13:50:29,index,60.1110000610352,84,TheEmptinessMachine,Westwood,Festive,HTTP/3
2025-05-02 13:50:31,index,62.1110000610352,674,TheEmptinessMachine,Westwood,Festive,HTTP/3
2025-05-02 13:50:33,index,64.1110000610352,674,TheEmptinessMachine,Westwood,Festive,HTTP/3
2025-05-02 13:50:35,index,66.1110000610352,84,TheEmptinessMachine,Westwood,Festive,HTTP/3
2025-05-02 13:50:37,index,68.1110000610352,84,TheEmptinessMachine,Westwood,Festive,HTTP/3
2025-05-02 13:50:39,index,70.1110000610352,84,TheEmptinessMachine,Westwood,Festive,HTTP/3
2025-05-02 13:50:41,index,72.1110000610352,84,TheEmptinessMachine,Westwood,Festive,HTTP/3
2025-05-02 13:50:43,index,74.1110000610352,84,TheEmptinessMachine,Westwood,Festive,HTTP/3
2025-05-02 13:50:45,index,76.1110000610352,84,TheEmptinessMachine,Westwood,Festive,HTTP/3
2025-05-02 13:50:47,index,78.1119999885559,674,TheEmptinessMachine,Westwood,Festive,HTTP/3
2025-05-02 13:50:49,index,80.1110000610352,674,TheEmptinessMachine,Westwood,Festive,HTTP/3
2025-05-02 13:50:51,index,82.1110000610352,635,TheEmptinessMachine,Westwood,Festive,HTTP/3
2025-05-02 13:50:53,index,84.1110000610352,214,TheEmptinessMachine,Westwood,Festive,HTTP/3
2025-05-02 13:50:55,index,86.1119999885559,214,TheEmptinessMachine,Westwood,Festive,HTTP/3
2025-05-02 13:50:57,index,88.1110000610352,214,TheEmptinessMachine,Westwood,Festive,HTTP/3
2025-05-02 13:50:59,index,90.1110000610352,214,TheEmptinessMachine,Westwood,Festive,HTTP/3
2025-05-02 13:51:01,index,92.1110000610352,214,TheEmptinessMachine,Westwood,Festive,HTTP/3
2025-05-02 13:51:03,index,94.1110000610352,214,TheEmptinessMachine,Westwood,Festive,HTTP/3
2025-05-02 13:51:05,index,96.1110000610352,330,TheEmptinessMachine,Westwood,Festive,HTTP/3
2025-05-02 13:51:07,index,98.1110000610352,84,TheEmptinessMachine,Westwood,Festive,HTTP/3
2025-05-02 13:51:09,index,100.111000061035,84,TheEmptinessMachine,Westwood,Festive,HTTP/3
2025-05-02 13:51:11,index,102.111000061035,72,TheEmptinessMachine,Westwood,Festive,HTTP/3
2025-05-02 13:51:13,index,104.111000061035,72,TheEmptinessMachine,Westwood,Festive,HTTP/3
2025-05-02 13:51:15,index,106.111000061035,72,TheEmptinessMachine,Westwood,Festive,HTTP/3
2025-05-02 13:51:17,index,108.111000061035,72,TheEmptinessMachine,Westwood,Festive,HTTP/3
2025-05-02 13:51:19,index,110.111000061035,81,TheEmptinessMachine,Westwood,Festive,HTTP/3
2025-05-02 13:51:21,index,112.111000061035,81,TheEmptinessMachine,Westwood,Festive,HTTP/3
2025-05-02 13:51:23,index,114.111000061035,330,TheEmptinessMachine,Westwood,Festive,HTTP/3
2025-05-02 13:51:25,index,116.111000061035,330,TheEmptinessMachine,Westwood,Festive,HTTP/3
2025-05-02 13:51:27,index,118.111000061035,84,TheEmptinessMachine,Westwood,Festive,HTTP/3
2025-05-02 13:51:29,index,120.111999988556,84,TheEmptinessMachine,Westwood,Festive,HTTP/3
2025-05-02 13:51:31,index,122.111000061035,84,TheEmptinessMachine,Westwood,Festive,HTTP/3
2025-05-02 13:51:33,index,124.111000061035,84,TheEmptinessMachine,Westwood,Festive,HTTP/3
2025-05-02 13:51:35,index,126.111000061035,84,TheEmptinessMachine,Westwood,Festive,HTTP/3
2025-05-02 13:51:37,index,128.111000061035,84,TheEmptinessMachine,Westwood,Festive,HTTP/3
2025-05-02 13:51:39,index,130.111000061035,169,TheEmptinessMachine,Westwood,Festive,HTTP/3
2025-05-02 13:51:41,index,132.111000061035,169,TheEmptinessMachine,Westwood,Festive,HTTP/3
2025-05-02 13:51:43,index,134.111000061035,169,TheEmptinessMachine,Westwood,Festive,HTTP/3
2025-05-02 13:51:45,index,136.111000061035,169,TheEmptinessMachine,Westwood,Festive,HTTP/3
2025-05-02 13:51:47,index,138.111000061035,169,TheEmptinessMachine,Westwood,Festive,HTTP/3
2025-05-02 13:51:49,index,140.111000061035,214,TheEmptinessMachine,Westwood,Festive,HTTP/3
2025-05-02 13:51:55,index,146.111000061035,84,TheEmptinessMachine,Westwood,Festive,HTTP/3
2025-05-02 13:51:57,index,148.111000061035,169,TheEmptinessMachine,Westwood,Festive,HTTP/3
2025-05-02 13:51:59,index,150.111000061035,169,TheEmptinessMachine,Westwood,Festive,HTTP/3
2025-05-02 13:52:01,index,152.111000061035,169,TheEmptinessMachine,Westwood,Festive,HTTP/3
2025-05-02 13:52:03,index,154.111000061035,166,TheEmptinessMachine,Westwood,Festive,HTTP/3
2025-05-02 13:52:05,index,156.111000061035,166,TheEmptinessMachine,Westwood,Festive,HTTP/3
2025-05-02 13:52:07,index,158.111000061035,166,TheEmptinessMachine,Westwood,Festive,HTTP/3
2025-05-02 13:52:09,index,160.111000061035,166,TheEmptinessMachine,Westwood,Festive,HTTP/3
2025-05-02 13:52:11,index,162.111000061035,166,TheEmptinessMachine,Westwood,Festive,HTTP/3
2025-05-02 13:52:13,index,164.111000061035,166,TheEmptinessMachine,Westwood,Festive,HTTP/3
2025-05-02 13:52:15,index,166.111000061035,166,TheEmptinessMachine,Westwood,Festive,HTTP/3
2025-05-02 13:52:17,index,168.111000061035,166,TheEmptinessMachine,Westwood,Festive,HTTP/3
2025-05-02 13:52:21,index,172.111000061035,166,TheEmptinessMachine,Westwood,Festive,HTTP/3
2025-05-02 13:52:23,index,174.111000061035,166,TheEmptinessMachine,Westwood,Festive,HTTP/3
2025-05-02 13:52:25,index,176.111000061035,166,TheEmptinessMachine,Westwood,Festive,HTTP/3
2025-05-02 13:52:27,index,178.111000061035,166,TheEmptinessMachine,Westwood,Festive,HTTP/3
2025-05-02 13:52:29,index,180.111000061035,330,TheEmptinessMachine,Westwood,Festive,HTTP/3
2025-05-02 13:52:31,index,182.111000061035,330,TheEmptinessMachine,Westwood,Festive,HTTP/3
2025-05-02 13:52:33,index,184.111000061035,330,TheEmptinessMachine,Westwood,Festive,HTTP/3
2025-05-02 13:52:35,index,186.111000061035,84,TheEmptinessMachine,Westwood,Festive,HTTP/3
2025-05-02 13:52:37,index,188.111000061035,84,TheEmptinessMachine,Westwood,Festive,HTTP/3
2025-05-02 13:52:39,index,190.111000061035,84,TheEmptinessMachine,Westwood,Festive,HTTP/3
2025-05-02 13:52:41,index,192.111000061035,84,TheEmptinessMachine,Westwood,Festive,HTTP/3
2025-05-02 13:52:43,index,194.111000061035,84,TheEmptinessMachine,Westwood,Festive,HTTP/3
2025-05-02 13:52:45,index,196.111000061035,84,TheEmptinessMachine,Westwood,Festive,HTTP/3
2025-05-02 13:52:47,index,198.111000061035,980,TheEmptinessMachine,Westwood,Festive,HTTP/3
2025-05-02 13:52:49,index,200.111000061035,980,TheEmptinessMachine,Westwood,Festive,HTTP/3
2025-05-02 13:52:51,index,202.111000061035,84,TheEmptinessMachine,Westwood,Festive,HTTP/3
2025-05-02 13:52:53,index,204.111000061035,84,TheEmptinessMachine,Westwood,Festive,HTTP/3
2025-05-02 13:52:55,index,206.111000061035,84,TheEmptinessMachine,Westwood,Festive,HTTP/3
2025-05-02 13:52:57,index,208.111000061035,84,TheEmptinessMachine,Westwood,Festive,HTTP/3
2025-05-02 13:52:59,index,210.111000061035,84,TheEmptinessMachine,Westwood,Festive,HTTP/3
2025-05-02 13:53:01,index,212.111000061035,84,TheEmptinessMachine,Westwood,Festive,HTTP/3
2025-05-02 13:53:30,index,4.30199980735779,1226,TheEmptinessMachine,Westwood,L2A,HTTP/1.1
2025-05-02 13:53:34,index,8.30199980735779,635,TheEmptinessMachine,Westwood,L2A,HTTP/1.1
2025-05-02 13:53:36,index,10.3019998073578,674,TheEmptinessMachine,Westwood,L2A,HTTP/1.1
2025-05-02 13:53:40,index,14.3019998073578,320,TheEmptinessMachine,Westwood,L2A,HTTP/1.1
2025-05-02 13:53:42,index,16.3019998073578,674,TheEmptinessMachine,Westwood,L2A,HTTP/1.1
2025-05-02 13:53:44,index,18.3019998073578,674,TheEmptinessMachine,Westwood,L2A,HTTP/1.1
2025-05-02 13:53:46,index,20.3019998073578,330,TheEmptinessMachine,Westwood,L2A,HTTP/1.1
2025-05-02 13:53:48,index,22.3029999732971,330,TheEmptinessMachine,Westwood,L2A,HTTP/1.1
2025-05-02 13:53:50,index,24.3019998073578,214,TheEmptinessMachine,Westwood,L2A,HTTP/1.1
2025-05-02 13:53:52,index,26.3019998073578,330,TheEmptinessMachine,Westwood,L2A,HTTP/1.1
2025-05-02 13:53:54,index,28.3019998073578,330,TheEmptinessMachine,Westwood,L2A,HTTP/1.1
2025-05-02 13:53:56,index,30.3019998073578,330,TheEmptinessMachine,Westwood,L2A,HTTP/1.1
2025-05-02 13:53:58,index,32.3019998073578,320,TheEmptinessMachine,Westwood,L2A,HTTP/1.1
2025-05-02 13:54:00,index,34.3019998073578,320,TheEmptinessMachine,Westwood,L2A,HTTP/1.1
2025-05-02 13:54:02,index,36.3019998073578,320,TheEmptinessMachine,Westwood,L2A,HTTP/1.1
2025-05-02 13:54:04,index,38.3019998073578,320,TheEmptinessMachine,Westwood,L2A,HTTP/1.1
2025-05-02 13:54:06,index,40.3019998073578,320,TheEmptinessMachine,Westwood,L2A,HTTP/1.1
2025-05-02 13:54:08,index,42.3019998073578,320,TheEmptinessMachine,Westwood,L2A,HTTP/1.1
2025-05-02 13:54:10,index,44.3019998073578,320,TheEmptinessMachine,Westwood,L2A,HTTP/1.1
2025-05-02 13:54:12,index,46.3019998073578,320,TheEmptinessMachine,Westwood,L2A,HTTP/1.1
2025-05-02 13:54:14,index,48.3019998073578,320,TheEmptinessMachine,Westwood,L2A,HTTP/1.1
2025-05-02 13:54:16,index,50.3019998073578,320,TheEmptinessMachine,Westwood,L2A,HTTP/1.1
2025-05-02 13:54:18,index,52.3019998073578,1106,TheEmptinessMachine,Westwood,L2A,HTTP/1.1
2025-05-02 13:54:20,index,54.3019998073578,1106,TheEmptinessMachine,Westwood,L2A,HTTP/1.1
2025-05-02 13:54:22,index,56.3019998073578,732,TheEmptinessMachine,Westwood,L2A,HTTP/1.1
2025-05-02 13:54:24,index,58.3019998073578,732,TheEmptinessMachine,Westwood,L2A,HTTP/1.1
2025-05-02 13:54:26,index,60.3019998073578,635,TheEmptinessMachine,Westwood,L2A,HTTP/1.1
2025-05-02 13:54:28,index,62.3019998073578,635,TheEmptinessMachine,Westwood,L2A,HTTP/1.1
2025-05-02 13:54:30,index,64.3019998073578,330,TheEmptinessMachine,Westwood,L2A,HTTP/1.1
2025-05-02 13:54:34,index,68.3019998073578,320,TheEmptinessMachine,Westwood,L2A,HTTP/1.1
2025-05-02 13:54:36,index,70.3019998073578,320,TheEmptinessMachine,Westwood,L2A,HTTP/1.1
2025-05-02 13:54:38,index,72.3019998073578,330,TheEmptinessMachine,Westwood,L2A,HTTP/1.1
2025-05-02 13:54:40,index,74.3019998073578,214,TheEmptinessMachine,Westwood,L2A,HTTP/1.1
2025-05-02 13:54:42,index,76.3019998073578,320,TheEmptinessMachine,Westwood,L2A,HTTP/1.1
2025-05-02 13:54:44,index,78.3019998073578,76,TheEmptinessMachine,Westwood,L2A,HTTP/1.1
2025-05-02 13:54:46,index,80.3019998073578,320,TheEmptinessMachine,Westwood,L2A,HTTP/1.1
2025-05-02 13:54:48,index,82.3019998073578,81,TheEmptinessMachine,Westwood,L2A,HTTP/1.1
2025-05-02 13:54:50,index,84.3019998073578,169,TheEmptinessMachine,Westwood,L2A,HTTP/1.1
2025-05-02 13:54:52,index,86.3019998073578,214,TheEmptinessMachine,Westwood,L2A,HTTP/1.1
2025-05-02 13:54:54,index,88.3019998073578,214,TheEmptinessMachine,Westwood,L2A,HTTP/1.1
2025-05-02 13:54:56,index,90.3019998073578,214,TheEmptinessMachine,Westwood,L2A,HTTP/1.1
2025-05-02 13:54:58,index,92.3019998073578,169,TheEmptinessMachine,Westwood,L2A,HTTP/1.1
2025-05-02 13:55:00,index,94.3019998073578,169,TheEmptinessMachine,Westwood,L2A,HTTP/1.1
2025-05-02 13:55:02,index,96.3019998073578,169,TheEmptinessMachine,Westwood,L2A,HTTP/1.1
2025-05-02 13:55:04,index,98.3019998073578,169,TheEmptinessMachine,Westwood,L2A,HTTP/1.1
2025-05-02 13:55:06,index,100.301999807358,169,TheEmptinessMachine,Westwood,L2A,HTTP/1.1
2025-05-02 13:55:08,index,102.301999807358,169,TheEmptinessMachine,Westwood,L2A,HTTP/1.1
2025-05-02 13:55:10,index,104.301999807358,169,TheEmptinessMachine,Westwood,L2A,HTTP/1.1
2025-05-02 13:55:12,index,106.301999807358,169,TheEmptinessMachine,Westwood,L2A,HTTP/1.1
2025-05-02 13:55:14,index,108.302999973297,169,TheEmptinessMachine,Westwood,L2A,HTTP/1.1
2025-05-02 13:55:16,index,110.301999807358,169,TheEmptinessMachine,Westwood,L2A,HTTP/1.1
2025-05-02 13:55:18,index,112.301999807358,169,TheEmptinessMachine,Westwood,L2A,HTTP/1.1
2025-05-02 13:55:20,index,114.301999807358,330,TheEmptinessMachine,Westwood,L2A,HTTP/1.1
2025-05-02 13:55:22,index,116.301999807358,330,TheEmptinessMachine,Westwood,L2A,HTTP/1.1
2025-05-02 13:55:24,index,118.301999807358,732,TheEmptinessMachine,Westwood,L2A,HTTP/1.1
2025-05-02 13:55:26,index,120.301999807358,732,TheEmptinessMachine,Westwood,L2A,HTTP/1.1
2025-05-02 13:55:28,index,122.301999807358,732,TheEmptinessMachine,Westwood,L2A,HTTP/1.1
2025-05-02 13:55:30,index,124.302999973297,732,TheEmptinessMachine,Westwood,L2A,HTTP/1.1
2025-05-02 13:55:32,index,126.301999807358,330,TheEmptinessMachine,Westwood,L2A,HTTP/1.1
2025-05-02 13:55:34,index,128.301999807358,330,TheEmptinessMachine,Westwood,L2A,HTTP/1.1
2025-05-02 13:55:36,index,130.301999807358,330,TheEmptinessMachine,Westwood,L2A,HTTP/1.1
2025-05-02 13:55:38,index,132.301999807358,635,TheEmptinessMachine,Westwood,L2A,HTTP/1.1
2025-05-02 13:55:40,index,134.301999807358,635,TheEmptinessMachine,Westwood,L2A,HTTP/1.1
2025-05-02 13:55:42,index,136.301999807358,330,TheEmptinessMachine,Westwood,L2A,HTTP/1.1
2025-05-02 13:55:44,index,138.301999807358,635,TheEmptinessMachine,Westwood,L2A,HTTP/1.1
2025-05-02 13:55:46,index,140.301999807358,214,TheEmptinessMachine,Westwood,L2A,HTTP/1.1
2025-05-02 13:55:50,index,144.301999807358,330,TheEmptinessMachine,Westwood,L2A,HTTP/1.1
2025-05-02 13:55:52,index,146.301999807358,169,TheEmptinessMachine,Westwood,L2A,HTTP/1.1
2025-05-02 13:55:54,index,148.301999807358,330,TheEmptinessMachine,Westwood,L2A,HTTP/1.1
2025-05-02 13:55:56,index,150.301999807358,169,TheEmptinessMachine,Westwood,L2A,HTTP/1.1
2025-05-02 13:55:58,index,152.301999807358,320,TheEmptinessMachine,Westwood,L2A,HTTP/1.1
2025-05-02 13:56:02,index,156.301999807358,320,TheEmptinessMachine,Westwood,L2A,HTTP/1.1
2025-05-02 13:56:04,index,158.301999807358,320,TheEmptinessMachine,Westwood,L2A,HTTP/1.1
2025-05-02 13:56:06,index,160.301999807358,214,TheEmptinessMachine,Westwood,L2A,HTTP/1.1
2025-05-02 13:56:08,index,162.301999807358,214,TheEmptinessMachine,Westwood,L2A,HTTP/1.1
2025-05-02 13:56:10,index,164.301999807358,214,TheEmptinessMachine,Westwood,L2A,HTTP/1.1
2025-05-02 13:56:12,index,166.301999807358,214,TheEmptinessMachine,Westwood,L2A,HTTP/1.1
2025-05-02 13:56:14,index,168.301999807358,214,TheEmptinessMachine,Westwood,L2A,HTTP/1.1
2025-05-02 13:56:16,index,170.301999807358,214,TheEmptinessMachine,Westwood,L2A,HTTP/1.1
2025-05-02 13:56:18,index,172.301999807358,214,TheEmptinessMachine,Westwood,L2A,HTTP/1.1
2025-05-02 13:56:20,index,174.301999807358,330,TheEmptinessMachine,Westwood,L2A,HTTP/1.1
2025-05-02 13:56:22,index,176.301999807358,635,TheEmptinessMachine,Westwood,L2A,HTTP/1.1
2025-05-02 13:56:24,index,178.301999807358,732,TheEmptinessMachine,Westwood,L2A,HTTP/1.1
2025-05-02 13:56:26,index,180.301999807358,732,TheEmptinessMachine,Westwood,L2A,HTTP/1.1
2025-05-02 13:56:28,index,182.301999807358,732,TheEmptinessMachine,Westwood,L2A,HTTP/1.1
2025-05-02 13:56:30,index,184.301999807358,635,TheEmptinessMachine,Westwood,L2A,HTTP/1.1
2025-05-02 13:56:32,index,186.301999807358,635,TheEmptinessMachine,Westwood,L2A,HTTP/1.1
2025-05-02 13:56:34,index,188.301999807358,330,TheEmptinessMachine,Westwood,L2A,HTTP/1.1
2025-05-02 13:56:36,index,190.301999807358,214,TheEmptinessMachine,Westwood,L2A,HTTP/1.1
2025-05-02 13:56:38,index,192.301999807358,330,TheEmptinessMachine,Westwood,L2A,HTTP/1.1
2025-05-02 13:56:40,index,194.301999807358,214,TheEmptinessMachine,Westwood,L2A,HTTP/1.1
2025-05-02 13:56:42,index,196.301999807358,214,TheEmptinessMachine,Westwood,L2A,HTTP/1.1
2025-05-02 13:56:44,index,198.301999807358,320,TheEmptinessMachine,Westwood,L2A,HTTP/1.1
2025-05-02 13:56:46,index,200.301999807358,214,TheEmptinessMachine,Westwood,L2A,HTTP/1.1
2025-05-02 13:56:48,index,202.301999807358,214,TheEmptinessMachine,Westwood,L2A,HTTP/1.1
2025-05-02 13:56:50,index,204.301999807358,214,TheEmptinessMachine,Westwood,L2A,HTTP/1.1
2025-05-02 13:56:52,index,206.301999807358,214,TheEmptinessMachine,Westwood,L2A,HTTP/1.1
2025-05-02 13:57:33,index,8.0939998626709,635,TheEmptinessMachine,Westwood,L2A,HTTP/2
2025-05-02 13:57:37,index,12.0939998626709,674,TheEmptinessMachine,Westwood,L2A,HTTP/2
2025-05-02 13:57:39,index,14.0939998626709,169,TheEmptinessMachine,Westwood,L2A,HTTP/2
2025-05-02 13:57:43,index,18.0939998626709,330,TheEmptinessMachine,Westwood,L2A,HTTP/2
2025-05-02 13:57:45,index,20.0939998626709,674,TheEmptinessMachine,Westwood,L2A,HTTP/2
2025-05-02 13:57:47,index,22.0939998626709,674,TheEmptinessMachine,Westwood,L2A,HTTP/2
2025-05-02 13:57:49,index,24.0939998626709,214,TheEmptinessMachine,Westwood,L2A,HTTP/2
2025-05-02 13:57:51,index,26.0939998626709,330,TheEmptinessMachine,Westwood,L2A,HTTP/2
2025-05-02 13:57:53,index,28.0939998626709,330,TheEmptinessMachine,Westwood,L2A,HTTP/2
2025-05-02 13:57:55,index,30.0939998626709,84,TheEmptinessMachine,Westwood,L2A,HTTP/2
2025-05-02 13:57:59,index,34.0939998626709,674,TheEmptinessMachine,Westwood,L2A,HTTP/2
2025-05-02 13:58:01,index,36.0939998626709,84,TheEmptinessMachine,Westwood,L2A,HTTP/2
2025-05-02 13:58:03,index,38.0939998626709,214,TheEmptinessMachine,Westwood,L2A,HTTP/2
2025-05-02 13:58:11,index,46.0939998626709,330,TheEmptinessMachine,Westwood,L2A,HTTP/2
2025-05-02 13:58:17,index,52.0939998626709,320,TheEmptinessMachine,Westwood,L2A,HTTP/2
2025-05-02 13:58:21,index,56.0939998626709,214,TheEmptinessMachine,Westwood,L2A,HTTP/2
2025-05-02 13:58:25,index,60.0939998626709,214,TheEmptinessMachine,Westwood,L2A,HTTP/2
2025-05-02 13:58:31,index,66.0939998626709,169,TheEmptinessMachine,Westwood,L2A,HTTP/2
2025-05-02 13:58:35,index,70.0939998626709,169,TheEmptinessMachine,Westwood,L2A,HTTP/2
2025-05-02 13:58:37,index,72.0939998626709,169,TheEmptinessMachine,Westwood,L2A,HTTP/2
2025-05-02 13:58:41,index,76.0939998626709,169,TheEmptinessMachine,Westwood,L2A,HTTP/2
2025-05-02 13:58:43,index,78.0939998626709,166,TheEmptinessMachine,Westwood,L2A,HTTP/2
2025-05-02 13:58:45,index,80.0939998626709,72,TheEmptinessMachine,Westwood,L2A,HTTP/2
2025-05-02 13:58:47,index,82.0939998626709,166,TheEmptinessMachine,Westwood,L2A,HTTP/2
2025-05-02 13:58:49,index,84.0939998626709,166,TheEmptinessMachine,Westwood,L2A,HTTP/2
2025-05-02 13:58:51,index,86.0939998626709,166,TheEmptinessMachine,Westwood,L2A,HTTP/2
2025-05-02 13:58:53,index,88.0939998626709,166,TheEmptinessMachine,Westwood,L2A,HTTP/2
2025-05-02 13:58:55,index,90.0939998626709,84,TheEmptinessMachine,Westwood,L2A,HTTP/2
2025-05-02 13:58:57,index,92.0939998626709,84,TheEmptinessMachine,Westwood,L2A,HTTP/2
2025-05-02 13:58:59,index,94.0939998626709,84,TheEmptinessMachine,Westwood,L2A,HTTP/2
2025-05-02 13:59:01,index,96.0939998626709,84,TheEmptinessMachine,Westwood,L2A,HTTP/2
2025-05-02 13:59:03,index,98.0939998626709,84,TheEmptinessMachine,Westwood,L2A,HTTP/2
2025-05-02 13:59:05,index,100.093999862671,84,TheEmptinessMachine,Westwood,L2A,HTTP/2
2025-05-02 13:59:07,index,102.093999862671,84,TheEmptinessMachine,Westwood,L2A,HTTP/2
2025-05-02 13:59:09,index,104.093999862671,84,TheEmptinessMachine,Westwood,L2A,HTTP/2
2025-05-02 13:59:11,index,106.093999862671,84,TheEmptinessMachine,Westwood,L2A,HTTP/2
2025-05-02 13:59:13,index,108.093999862671,84,TheEmptinessMachine,Westwood,L2A,HTTP/2
2025-05-02 13:59:15,index,110.093999862671,84,TheEmptinessMachine,Westwood,L2A,HTTP/2
2025-05-02 13:59:17,index,112.093999862671,84,TheEmptinessMachine,Westwood,L2A,HTTP/2
2025-05-02 13:59:19,index,114.093999862671,84,TheEmptinessMachine,Westwood,L2A,HTTP/2
2025-05-02 13:59:21,index,116.093999862671,214,TheEmptinessMachine,Westwood,L2A,HTTP/2
2025-05-02 13:59:23,index,118.093999862671,330,TheEmptinessMachine,Westwood,L2A,HTTP/2
2025-05-02 13:59:25,index,120.093999862671,732,TheEmptinessMachine,Westwood,L2A,HTTP/2
2025-05-02 13:59:27,index,122.093999862671,635,TheEmptinessMachine,Westwood,L2A,HTTP/2
2025-05-02 13:59:29,index,124.093999862671,635,TheEmptinessMachine,Westwood,L2A,HTTP/2
2025-05-02 13:59:31,index,126.093999862671,635,TheEmptinessMachine,Westwood,L2A,HTTP/2
2025-05-02 13:59:33,index,128.093999862671,635,TheEmptinessMachine,Westwood,L2A,HTTP/2
2025-05-02 13:59:35,index,130.093999862671,84,TheEmptinessMachine,Westwood,L2A,HTTP/2
2025-05-02 13:59:37,index,132.093999862671,330,TheEmptinessMachine,Westwood,L2A,HTTP/2
2025-05-02 13:59:41,index,136.093999862671,214,TheEmptinessMachine,Westwood,L2A,HTTP/2
2025-05-02 13:59:47,index,142.093999862671,169,TheEmptinessMachine,Westwood,L2A,HTTP/2
2025-05-02 13:59:49,index,144.093999862671,320,TheEmptinessMachine,Westwood,L2A,HTTP/2
2025-05-02 13:59:51,index,146.093999862671,169,TheEmptinessMachine,Westwood,L2A,HTTP/2
2025-05-02 13:59:53,index,148.093999862671,214,TheEmptinessMachine,Westwood,L2A,HTTP/2
2025-05-02 13:59:55,index,150.093999862671,214,TheEmptinessMachine,Westwood,L2A,HTTP/2
2025-05-02 13:59:57,index,152.093999862671,214,TheEmptinessMachine,Westwood,L2A,HTTP/2
2025-05-02 13:59:59,index,154.093999862671,214,TheEmptinessMachine,Westwood,L2A,HTTP/2
2025-05-02 14:00:01,index,156.093999862671,169,TheEmptinessMachine,Westwood,L2A,HTTP/2
2025-05-02 14:00:03,index,158.093999862671,169,TheEmptinessMachine,Westwood,L2A,HTTP/2
2025-05-02 14:00:05,index,160.093999862671,169,TheEmptinessMachine,Westwood,L2A,HTTP/2
2025-05-02 14:00:07,index,162.093999862671,169,TheEmptinessMachine,Westwood,L2A,HTTP/2
2025-05-02 14:00:09,index,164.093999862671,169,TheEmptinessMachine,Westwood,L2A,HTTP/2
2025-05-02 14:00:11,index,166.093999862671,169,TheEmptinessMachine,Westwood,L2A,HTTP/2
2025-05-02 14:00:15,index,170.093999862671,169,TheEmptinessMachine,Westwood,L2A,HTTP/2
2025-05-02 14:00:17,index,172.093999862671,169,TheEmptinessMachine,Westwood,L2A,HTTP/2
2025-05-02 14:00:19,index,174.093999862671,169,TheEmptinessMachine,Westwood,L2A,HTTP/2
2025-05-02 14:00:25,index,180.093999862671,732,TheEmptinessMachine,Westwood,L2A,HTTP/2
2025-05-02 14:00:27,index,182.093999862671,732,TheEmptinessMachine,Westwood,L2A,HTTP/2
2025-05-02 14:00:29,index,184.093999862671,330,TheEmptinessMachine,Westwood,L2A,HTTP/2
2025-05-02 14:00:31,index,186.093999862671,330,TheEmptinessMachine,Westwood,L2A,HTTP/2
2025-05-02 14:00:33,index,188.093999862671,330,TheEmptinessMachine,Westwood,L2A,HTTP/2
2025-05-02 14:00:35,index,190.093999862671,330,TheEmptinessMachine,Westwood,L2A,HTTP/2
2025-05-02 14:00:37,index,192.093999862671,330,TheEmptinessMachine,Westwood,L2A,HTTP/2
2025-05-02 14:00:39,index,194.093999862671,330,TheEmptinessMachine,Westwood,L2A,HTTP/2
2025-05-02 14:00:41,index,196.093999862671,635,TheEmptinessMachine,Westwood,L2A,HTTP/2
2025-05-02 14:00:43,index,198.09299993515,330,TheEmptinessMachine,Westwood,L2A,HTTP/2
2025-05-02 14:00:45,index,200.093999862671,330,TheEmptinessMachine,Westwood,L2A,HTTP/2
2025-05-02 14:00:47,index,202.093999862671,330,TheEmptinessMachine,Westwood,L2A,HTTP/2
2025-05-02 14:00:49,index,204.093999862671,330,TheEmptinessMachine,Westwood,L2A,HTTP/2
2025-05-02 14:00:51,index,206.093999862671,330,TheEmptinessMachine,Westwood,L2A,HTTP/2
2025-05-02 14:01:36,index,10.8919999599457,330,TheEmptinessMachine,Westwood,L2A,HTTP/3
2025-05-02 14:01:44,index,18.8919999599457,72,TheEmptinessMachine,Westwood,L2A,HTTP/3
2025-05-02 14:01:46,index,20.8919999599457,72,TheEmptinessMachine,Westwood,L2A,HTTP/3
2025-05-02 14:01:48,index,22.8919999599457,214,TheEmptinessMachine,Westwood,L2A,HTTP/3
2025-05-02 14:01:50,index,24.8919999599457,214,TheEmptinessMachine,Westwood,L2A,HTTP/3
2025-05-02 14:01:52,index,26.8919999599457,330,TheEmptinessMachine,Westwood,L2A,HTTP/3
2025-05-02 14:01:54,index,28.8919999599457,214,TheEmptinessMachine,Westwood,L2A,HTTP/3
2025-05-02 14:01:56,index,30.8919999599457,214,TheEmptinessMachine,Westwood,L2A,HTTP/3
2025-05-02 14:02:00,index,34.8919999599457,214,TheEmptinessMachine,Westwood,L2A,HTTP/3
2025-05-02 14:02:02,index,36.8919999599457,214,TheEmptinessMachine,Westwood,L2A,HTTP/3
2025-05-02 14:02:04,index,38.8919999599457,320,TheEmptinessMachine,Westwood,L2A,HTTP/3
2025-05-02 14:02:06,index,40.8919999599457,320,TheEmptinessMachine,Westwood,L2A,HTTP/3
2025-05-02 14:02:08,index,42.8919999599457,214,TheEmptinessMachine,Westwood,L2A,HTTP/3
2025-05-02 14:02:10,index,44.8919999599457,214,TheEmptinessMachine,Westwood,L2A,HTTP/3
2025-05-02 14:02:12,index,46.8929998874664,84,TheEmptinessMachine,Westwood,L2A,HTTP/3
2025-05-02 14:02:14,index,48.8919999599457,84,TheEmptinessMachine,Westwood,L2A,HTTP/3
2025-05-02 14:02:16,index,50.8919999599457,84,TheEmptinessMachine,Westwood,L2A,HTTP/3
2025-05-02 14:02:18,index,52.8919999599457,214,TheEmptinessMachine,Westwood,L2A,HTTP/3
2025-05-02 14:02:20,index,54.8919999599457,84,TheEmptinessMachine,Westwood,L2A,HTTP/3
2025-05-02 14:02:22,index,56.8919999599457,169,TheEmptinessMachine,Westwood,L2A,HTTP/3
2025-05-02 14:02:24,index,58.8919999599457,169,TheEmptinessMachine,Westwood,L2A,HTTP/3
2025-05-02 14:02:26,index,60.8919999599457,169,TheEmptinessMachine,Westwood,L2A,HTTP/3
2025-05-02 14:02:28,index,62.8919999599457,169,TheEmptinessMachine,Westwood,L2A,HTTP/3
2025-05-02 14:02:30,index,64.896999835968,166,TheEmptinessMachine,Westwood,L2A,HTTP/3
2025-05-02 14:02:32,index,66.8919999599457,166,TheEmptinessMachine,Westwood,L2A,HTTP/3
2025-05-02 14:02:34,index,68.8919999599457,166,TheEmptinessMachine,Westwood,L2A,HTTP/3
2025-05-02 14:02:36,index,70.8919999599457,72,TheEmptinessMachine,Westwood,L2A,HTTP/3
2025-05-02 14:02:38,index,72.8919999599457,72,TheEmptinessMachine,Westwood,L2A,HTTP/3
2025-05-02 14:02:40,index,74.8919999599457,72,TheEmptinessMachine,Westwood,L2A,HTTP/3
2025-05-02 14:02:42,index,76.8919999599457,72,TheEmptinessMachine,Westwood,L2A,HTTP/3
2025-05-02 14:02:44,index,78.8919999599457,72,TheEmptinessMachine,Westwood,L2A,HTTP/3
2025-05-02 14:02:46,index,80.8919999599457,72,TheEmptinessMachine,Westwood,L2A,HTTP/3
2025-05-02 14:02:48,index,82.8919999599457,330,TheEmptinessMachine,Westwood,L2A,HTTP/3
2025-05-02 14:02:50,index,84.8929998874664,330,TheEmptinessMachine,Westwood,L2A,HTTP/3
2025-05-02 14:02:52,index,86.8919999599457,320,TheEmptinessMachine,Westwood,L2A,HTTP/3
2025-05-02 14:02:54,index,88.8919999599457,320,TheEmptinessMachine,Westwood,L2A,HTTP/3
2025-05-02 14:02:56,index,90.8919999599457,320,TheEmptinessMachine,Westwood,L2A,HTTP/3
2025-05-02 14:02:58,index,92.8919999599457,320,TheEmptinessMachine,Westwood,L2A,HTTP/3
2025-05-02 14:03:00,index,94.8919999599457,320,TheEmptinessMachine,Westwood,L2A,HTTP/3
2025-05-02 14:03:02,index,96.8919999599457,214,TheEmptinessMachine,Westwood,L2A,HTTP/3
2025-05-02 14:03:04,index,98.8919999599457,214,TheEmptinessMachine,Westwood,L2A,HTTP/3
2025-05-02 14:03:06,index,100.891999959946,214,TheEmptinessMachine,Westwood,L2A,HTTP/3
2025-05-02 14:03:08,index,102.891999959946,169,TheEmptinessMachine,Westwood,L2A,HTTP/3
2025-05-02 14:03:10,index,104.891999959946,214,TheEmptinessMachine,Westwood,L2A,HTTP/3
2025-05-02 14:03:12,index,106.891999959946,214,TheEmptinessMachine,Westwood,L2A,HTTP/3
2025-05-02 14:03:14,index,108.891999959946,214,TheEmptinessMachine,Westwood,L2A,HTTP/3
2025-05-02 14:03:16,index,110.891999959946,214,TheEmptinessMachine,Westwood,L2A,HTTP/3
2025-05-02 14:03:18,index,112.891999959946,214,TheEmptinessMachine,Westwood,L2A,HTTP/3
2025-05-02 14:03:20,index,114.891999959946,169,TheEmptinessMachine,Westwood,L2A,HTTP/3
2025-05-02 14:03:22,index,116.891999959946,169,TheEmptinessMachine,Westwood,L2A,HTTP/3
2025-05-02 14:03:24,index,118.891999959946,169,TheEmptinessMachine,Westwood,L2A,HTTP/3
2025-05-02 14:03:26,index,120.891999959946,169,TheEmptinessMachine,Westwood,L2A,HTTP/3
2025-05-02 14:03:28,index,122.891999959946,169,TheEmptinessMachine,Westwood,L2A,HTTP/3
2025-05-02 14:03:30,index,124.891999959946,169,TheEmptinessMachine,Westwood,L2A,HTTP/3
2025-05-02 14:03:32,index,126.891999959946,169,TheEmptinessMachine,Westwood,L2A,HTTP/3
2025-05-02 14:03:34,index,128.891999959946,169,TheEmptinessMachine,Westwood,L2A,HTTP/3
2025-05-02 14:03:36,index,130.891999959946,169,TheEmptinessMachine,Westwood,L2A,HTTP/3
2025-05-02 14:03:38,index,132.891999959946,169,TheEmptinessMachine,Westwood,L2A,HTTP/3
2025-05-02 14:03:40,index,134.891999959946,169,TheEmptinessMachine,Westwood,L2A,HTTP/3
2025-05-02 14:03:42,index,136.891999959946,169,TheEmptinessMachine,Westwood,L2A,HTTP/3
2025-05-02 14:03:44,index,138.891999959946,214,TheEmptinessMachine,Westwood,L2A,HTTP/3
2025-05-02 14:03:46,index,140.891999959946,330,TheEmptinessMachine,Westwood,L2A,HTTP/3
2025-05-02 14:03:48,index,142.891999959946,330,TheEmptinessMachine,Westwood,L2A,HTTP/3
2025-05-02 14:03:50,index,144.891999959946,330,TheEmptinessMachine,Westwood,L2A,HTTP/3
2025-05-02 14:03:52,index,146.891999959946,330,TheEmptinessMachine,Westwood,L2A,HTTP/3
2025-05-02 14:03:54,index,148.891999959946,330,TheEmptinessMachine,Westwood,L2A,HTTP/3
2025-05-02 14:03:56,index,150.891999959946,214,TheEmptinessMachine,Westwood,L2A,HTTP/3
2025-05-02 14:03:58,index,152.891999959946,214,TheEmptinessMachine,Westwood,L2A,HTTP/3
2025-05-02 14:04:00,index,154.891999959946,214,TheEmptinessMachine,Westwood,L2A,HTTP/3
2025-05-02 14:04:02,index,156.891999959946,320,TheEmptinessMachine,Westwood,L2A,HTTP/3
2025-05-02 14:04:04,index,158.891999959946,84,TheEmptinessMachine,Westwood,L2A,HTTP/3
2025-05-02 14:04:06,index,160.891999959946,214,TheEmptinessMachine,Westwood,L2A,HTTP/3
2025-05-02 14:04:08,index,162.891999959946,214,TheEmptinessMachine,Westwood,L2A,HTTP/3
2025-05-02 14:04:10,index,164.892999887466,214,TheEmptinessMachine,Westwood,L2A,HTTP/3
2025-05-02 14:04:12,index,166.891999959946,84,TheEmptinessMachine,Westwood,L2A,HTTP/3
2025-05-02 14:04:14,index,168.891999959946,84,TheEmptinessMachine,Westwood,L2A,HTTP/3
2025-05-02 14:04:16,index,170.891999959946,169,TheEmptinessMachine,Westwood,L2A,HTTP/3
2025-05-02 14:04:18,index,172.891999959946,169,TheEmptinessMachine,Westwood,L2A,HTTP/3
2025-05-02 14:04:20,index,174.891999959946,169,TheEmptinessMachine,Westwood,L2A,HTTP/3
2025-05-02 14:04:22,index,176.891999959946,169,TheEmptinessMachine,Westwood,L2A,HTTP/3
2025-05-02 14:04:24,index,178.891999959946,169,TheEmptinessMachine,Westwood,L2A,HTTP/3
2025-05-02 14:04:26,index,180.891999959946,166,TheEmptinessMachine,Westwood,L2A,HTTP/3
2025-05-02 14:04:28,index,182.891999959946,72,TheEmptinessMachine,Westwood,L2A,HTTP/3
2025-05-02 14:04:30,index,184.891999959946,72,TheEmptinessMachine,Westwood,L2A,HTTP/3
2025-05-02 14:04:32,index,186.891999959946,72,TheEmptinessMachine,Westwood,L2A,HTTP/3
2025-05-02 14:04:34,index,188.891999959946,72,TheEmptinessMachine,Westwood,L2A,HTTP/3
2025-05-02 14:04:36,index,190.891999959946,72,TheEmptinessMachine,Westwood,L2A,HTTP/3
2025-05-02 14:04:38,index,192.891999959946,72,TheEmptinessMachine,Westwood,L2A,HTTP/3
2025-05-02 14:04:40,index,194.891999959946,330,TheEmptinessMachine,Westwood,L2A,HTTP/3
2025-05-02 14:04:42,index,196.891999959946,330,TheEmptinessMachine,Westwood,L2A,HTTP/3
2025-05-02 14:04:44,index,198.891999959946,330,TheEmptinessMachine,Westwood,L2A,HTTP/3
2025-05-02 14:04:46,index,200.891999959946,330,TheEmptinessMachine,Westwood,L2A,HTTP/3
2025-05-02 14:04:48,index,202.891999959946,72,TheEmptinessMachine,Westwood,L2A,HTTP/3
2025-05-02 14:04:50,index,204.891999959946,72,TheEmptinessMachine,Westwood,L2A,HTTP/3
2025-05-02 14:04:52,index,206.891999959946,72,TheEmptinessMachine,Westwood,L2A,HTTP/3
2025-05-02 14:04:54,index,208.891999959946,72,TheEmptinessMachine,Westwood,L2A,HTTP/3
2025-05-02 14:04:56,index,210.891999959946,72,TheEmptinessMachine,Westwood,L2A,HTTP/3
2025-05-02 14:04:58,index,212.891999959946,72,TheEmptinessMachine,Westwood,L2A,HTTP/3
2025-05-02 14:05:00,index,214.891999959946,72,TheEmptinessMachine,Westwood,L2A,HTTP/3
2025-05-02 14:05:02,index,216.891999959946,72,TheEmptinessMachine,Westwood,L2A,HTTP/3
2025-05-02 14:05:27,index,4.28800010681152,72,TheEmptinessMachine,Westwood,RB,HTTP/1.1
2025-05-02 14:05:29,index,6.28800010681152,330,TheEmptinessMachine,Westwood,RB,HTTP/1.1
2025-05-02 14:05:31,index,8.28800010681152,72,TheEmptinessMachine,Westwood,RB,HTTP/1.1
2025-05-02 14:05:33,index,10.2880001068115,330,TheEmptinessMachine,Westwood,RB,HTTP/1.1
2025-05-02 14:05:35,index,12.2880001068115,72,TheEmptinessMachine,Westwood,RB,HTTP/1.1
2025-05-02 14:05:37,index,14.2880001068115,330,TheEmptinessMachine,Westwood,RB,HTTP/1.1
2025-05-02 14:05:39,index,16.2880001068115,330,TheEmptinessMachine,Westwood,RB,HTTP/1.1
2025-05-02 14:05:41,index,18.2880001068115,330,TheEmptinessMachine,Westwood,RB,HTTP/1.1
2025-05-02 14:05:43,index,20.2880001068115,72,TheEmptinessMachine,Westwood,RB,HTTP/1.1
2025-05-02 14:05:45,index,22.2880001068115,72,TheEmptinessMachine,Westwood,RB,HTTP/1.1
2025-05-02 14:05:47,index,24.2880001068115,72,TheEmptinessMachine,Westwood,RB,HTTP/1.1
2025-05-02 14:05:49,index,26.2880001068115,72,TheEmptinessMachine,Westwood,RB,HTTP/1.1
2025-05-02 14:05:51,index,28.2880001068115,330,TheEmptinessMachine,Westwood,RB,HTTP/1.1
2025-05-02 14:05:53,index,30.2880001068115,635,TheEmptinessMachine,Westwood,RB,HTTP/1.1
2025-05-02 14:05:55,index,32.2880001068115,674,TheEmptinessMachine,Westwood,RB,HTTP/1.1
2025-05-02 14:05:57,index,34.2880001068115,674,TheEmptinessMachine,Westwood,RB,HTTP/1.1
2025-05-02 14:05:59,index,36.2880001068115,674,TheEmptinessMachine,Westwood,RB,HTTP/1.1
2025-05-02 14:06:01,index,38.2880001068115,674,TheEmptinessMachine,Westwood,RB,HTTP/1.1
2025-05-02 14:06:03,index,40.2880001068115,674,TheEmptinessMachine,Westwood,RB,HTTP/1.1
2025-05-02 14:06:07,index,44.2880001068115,674,TheEmptinessMachine,Westwood,RB,HTTP/1.1
2025-05-02 14:06:09,index,46.2880001068115,72,TheEmptinessMachine,Westwood,RB,HTTP/1.1
2025-05-02 14:06:11,index,48.2880001068115,330,TheEmptinessMachine,Westwood,RB,HTTP/1.1
2025-05-02 14:06:13,index,50.2880001068115,330,TheEmptinessMachine,Westwood,RB,HTTP/1.1
2025-05-02 14:06:15,index,52.2890000343323,674,TheEmptinessMachine,Westwood,RB,HTTP/1.1
2025-05-02 14:06:17,index,54.2880001068115,674,TheEmptinessMachine,Westwood,RB,HTTP/1.1
2025-05-02 14:06:19,index,56.2880001068115,674,TheEmptinessMachine,Westwood,RB,HTTP/1.1
2025-05-02 14:06:21,index,58.2880001068115,635,TheEmptinessMachine,Westwood,RB,HTTP/1.1
2025-05-02 14:06:23,index,60.2880001068115,635,TheEmptinessMachine,Westwood,RB,HTTP/1.1
2025-05-02 14:06:29,index,66.2880001068115,330,TheEmptinessMachine,Westwood,RB,HTTP/1.1
2025-05-02 14:06:31,index,68.2880001068115,330,TheEmptinessMachine,Westwood,RB,HTTP/1.1
2025-05-02 14:06:33,index,70.2880001068115,330,TheEmptinessMachine,Westwood,RB,HTTP/1.1
2025-05-02 14:06:35,index,72.2880001068115,72,TheEmptinessMachine,Westwood,RB,HTTP/1.1
2025-05-02 14:06:37,index,74.2880001068115,330,TheEmptinessMachine,Westwood,RB,HTTP/1.1
2025-05-02 14:06:39,index,76.2880001068115,330,TheEmptinessMachine,Westwood,RB,HTTP/1.1
2025-05-02 14:06:41,index,78.2880001068115,330,TheEmptinessMachine,Westwood,RB,HTTP/1.1
2025-05-02 14:06:43,index,80.2880001068115,330,TheEmptinessMachine,Westwood,RB,HTTP/1.1
2025-05-02 14:06:45,index,82.2880001068115,330,TheEmptinessMachine,Westwood,RB,HTTP/1.1
2025-05-02 14:06:49,index,86.2880001068115,72,TheEmptinessMachine,Westwood,RB,HTTP/1.1
2025-05-02 14:06:51,index,88.2880001068115,330,TheEmptinessMachine,Westwood,RB,HTTP/1.1
2025-05-02 14:06:53,index,90.2880001068115,330,TheEmptinessMachine,Westwood,RB,HTTP/1.1
2025-05-02 14:06:55,index,92.2880001068115,72,TheEmptinessMachine,Westwood,RB,HTTP/1.1
2025-05-02 14:06:57,index,94.2880001068115,330,TheEmptinessMachine,Westwood,RB,HTTP/1.1
2025-05-02 14:06:59,index,96.2880001068115,330,TheEmptinessMachine,Westwood,RB,HTTP/1.1
2025-05-02 14:07:01,index,98.2880001068115,330,TheEmptinessMachine,Westwood,RB,HTTP/1.1
2025-05-02 14:07:03,index,100.288000106812,330,TheEmptinessMachine,Westwood,RB,HTTP/1.1
2025-05-02 14:07:05,index,102.288000106812,72,TheEmptinessMachine,Westwood,RB,HTTP/1.1
2025-05-02 14:07:07,index,104.288000106812,330,TheEmptinessMachine,Westwood,RB,HTTP/1.1
2025-05-02 14:07:09,index,106.288000106812,72,TheEmptinessMachine,Westwood,RB,HTTP/1.1
2025-05-02 14:07:11,index,108.288000106812,72,TheEmptinessMachine,Westwood,RB,HTTP/1.1
2025-05-02 14:07:13,index,110.288000106812,330,TheEmptinessMachine,Westwood,RB,HTTP/1.1
2025-05-02 14:07:15,index,112.288000106812,72,TheEmptinessMachine,Westwood,RB,HTTP/1.1
2025-05-02 14:07:17,index,114.288000106812,72,TheEmptinessMachine,Westwood,RB,HTTP/1.1
2025-05-02 14:07:19,index,116.288000106812,330,TheEmptinessMachine,Westwood,RB,HTTP/1.1
2025-05-02 14:07:21,index,118.288000106812,330,TheEmptinessMachine,Westwood,RB,HTTP/1.1
2025-05-02 14:07:23,index,120.288000106812,635,TheEmptinessMachine,Westwood,RB,HTTP/1.1
2025-05-02 14:07:25,index,122.288000106812,635,TheEmptinessMachine,Westwood,RB,HTTP/1.1
2025-05-02 14:07:27,index,124.288000106812,330,TheEmptinessMachine,Westwood,RB,HTTP/1.1
2025-05-02 14:07:29,index,126.288000106812,330,TheEmptinessMachine,Westwood,RB,HTTP/1.1
2025-05-02 14:07:31,index,128.288000106812,72,TheEmptinessMachine,Westwood,RB,HTTP/1.1
2025-05-02 14:07:33,index,130.288000106812,72,TheEmptinessMachine,Westwood,RB,HTTP/1.1
2025-05-02 14:07:35,index,132.288000106812,330,TheEmptinessMachine,Westwood,RB,HTTP/1.1
2025-05-02 14:07:37,index,134.288000106812,72,TheEmptinessMachine,Westwood,RB,HTTP/1.1
2025-05-02 14:07:39,index,136.288000106812,72,TheEmptinessMachine,Westwood,RB,HTTP/1.1
2025-05-02 14:07:41,index,138.288000106812,635,TheEmptinessMachine,Westwood,RB,HTTP/1.1
2025-05-02 14:07:43,index,140.288000106812,635,TheEmptinessMachine,Westwood,RB,HTTP/1.1
2025-05-02 14:07:45,index,142.288000106812,330,TheEmptinessMachine,Westwood,RB,HTTP/1.1
2025-05-02 14:07:47,index,144.288000106812,330,TheEmptinessMachine,Westwood,RB,HTTP/1.1
2025-05-02 14:07:49,index,146.288000106812,330,TheEmptinessMachine,Westwood,RB,HTTP/1.1
2025-05-02 14:07:51,index,148.288000106812,72,TheEmptinessMachine,Westwood,RB,HTTP/1.1
2025-05-02 14:07:53,index,150.288000106812,72,TheEmptinessMachine,Westwood,RB,HTTP/1.1
2025-05-02 14:07:55,index,152.288000106812,72,TheEmptinessMachine,Westwood,RB,HTTP/1.1
2025-05-02 14:07:57,index,154.288000106812,330,TheEmptinessMachine,Westwood,RB,HTTP/1.1
2025-05-02 14:07:59,index,156.288000106812,72,TheEmptinessMachine,Westwood,RB,HTTP/1.1
2025-05-02 14:08:01,index,158.288000106812,72,TheEmptinessMachine,Westwood,RB,HTTP/1.1
2025-05-02 14:08:03,index,160.288000106812,635,TheEmptinessMachine,Westwood,RB,HTTP/1.1
2025-05-02 14:08:05,index,162.288000106812,674,TheEmptinessMachine,Westwood,RB,HTTP/1.1
2025-05-02 14:08:07,index,164.288000106812,674,TheEmptinessMachine,Westwood,RB,HTTP/1.1
2025-05-02 14:08:09,index,166.286999940872,330,TheEmptinessMachine,Westwood,RB,HTTP/1.1
2025-05-02 14:08:11,index,168.288000106812,330,TheEmptinessMachine,Westwood,RB,HTTP/1.1
2025-05-02 14:08:13,index,170.288000106812,330,TheEmptinessMachine,Westwood,RB,HTTP/1.1
2025-05-02 14:08:15,index,172.294000148773,72,TheEmptinessMachine,Westwood,RB,HTTP/1.1
2025-05-02 14:08:17,index,174.288000106812,72,TheEmptinessMachine,Westwood,RB,HTTP/1.1
2025-05-02 14:08:19,index,176.288000106812,330,TheEmptinessMachine,Westwood,RB,HTTP/1.1
2025-05-02 14:08:21,index,178.288000106812,72,TheEmptinessMachine,Westwood,RB,HTTP/1.1
2025-05-02 14:08:23,index,180.288000106812,72,TheEmptinessMachine,Westwood,RB,HTTP/1.1
2025-05-02 14:08:25,index,182.288000106812,635,TheEmptinessMachine,Westwood,RB,HTTP/1.1
2025-05-02 14:08:27,index,184.288000106812,330,TheEmptinessMachine,Westwood,RB,HTTP/1.1
2025-05-02 14:08:29,index,186.288000106812,330,TheEmptinessMachine,Westwood,RB,HTTP/1.1
2025-05-02 14:08:31,index,188.288000106812,330,TheEmptinessMachine,Westwood,RB,HTTP/1.1
2025-05-02 14:08:33,index,190.288000106812,330,TheEmptinessMachine,Westwood,RB,HTTP/1.1
2025-05-02 14:08:35,index,192.288000106812,72,TheEmptinessMachine,Westwood,RB,HTTP/1.1
2025-05-02 14:08:37,index,194.288000106812,72,TheEmptinessMachine,Westwood,RB,HTTP/1.1
2025-05-02 14:08:39,index,196.288000106812,72,TheEmptinessMachine,Westwood,RB,HTTP/1.1
2025-05-02 14:08:41,index,198.288000106812,72,TheEmptinessMachine,Westwood,RB,HTTP/1.1
2025-05-02 14:08:43,index,200.288000106812,72,TheEmptinessMachine,Westwood,RB,HTTP/1.1
2025-05-02 14:08:45,index,202.288000106812,72,TheEmptinessMachine,Westwood,RB,HTTP/1.1
2025-05-02 14:08:47,index,204.288000106812,72,TheEmptinessMachine,Westwood,RB,HTTP/1.1
2025-05-02 14:08:49,index,206.288000106812,72,TheEmptinessMachine,Westwood,RB,HTTP/1.1
2025-05-02 14:08:51,index,208.288000106812,72,TheEmptinessMachine,Westwood,RB,HTTP/1.1
2025-05-02 14:09:30,index,7.86500000953674,1226,TheEmptinessMachine,Westwood,RB,HTTP/2
2025-05-02 14:09:32,index,9.86500000953674,1226,TheEmptinessMachine,Westwood,RB,HTTP/2
2025-05-02 14:09:34,index,11.8650000095367,1226,TheEmptinessMachine,Westwood,RB,HTTP/2
2025-05-02 14:09:36,index,13.8650000095367,674,TheEmptinessMachine,Westwood,RB,HTTP/2
2025-05-02 14:09:38,index,15.8650000095367,674,TheEmptinessMachine,Westwood,RB,HTTP/2
2025-05-02 14:09:40,index,17.8650000095367,72,TheEmptinessMachine,Westwood,RB,HTTP/2
2025-05-02 14:09:42,index,19.8650000095367,674,TheEmptinessMachine,Westwood,RB,HTTP/2
2025-05-02 14:09:44,index,21.8650000095367,674,TheEmptinessMachine,Westwood,RB,HTTP/2
2025-05-02 14:09:46,index,23.8650000095367,72,TheEmptinessMachine,Westwood,RB,HTTP/2
2025-05-02 14:09:48,index,25.8650000095367,330,TheEmptinessMachine,Westwood,RB,HTTP/2
2025-05-02 14:09:50,index,27.8650000095367,72,TheEmptinessMachine,Westwood,RB,HTTP/2
2025-05-02 14:09:52,index,29.8650000095367,72,TheEmptinessMachine,Westwood,RB,HTTP/2
2025-05-02 14:09:54,index,31.8639998435974,330,TheEmptinessMachine,Westwood,RB,HTTP/2
2025-05-02 14:09:56,index,33.8650000095367,72,TheEmptinessMachine,Westwood,RB,HTTP/2
2025-05-02 14:09:58,index,35.8650000095367,330,TheEmptinessMachine,Westwood,RB,HTTP/2
2025-05-02 14:10:00,index,37.8650000095367,330,TheEmptinessMachine,Westwood,RB,HTTP/2
2025-05-02 14:10:02,index,39.8650000095367,330,TheEmptinessMachine,Westwood,RB,HTTP/2
2025-05-02 14:10:04,index,41.8650000095367,635,TheEmptinessMachine,Westwood,RB,HTTP/2
2025-05-02 14:10:06,index,43.8650000095367,635,TheEmptinessMachine,Westwood,RB,HTTP/2
2025-05-02 14:10:08,index,45.8650000095367,72,TheEmptinessMachine,Westwood,RB,HTTP/2
2025-05-02 14:10:10,index,47.8650000095367,635,TheEmptinessMachine,Westwood,RB,HTTP/2
2025-05-02 14:10:12,index,49.8650000095367,330,TheEmptinessMachine,Westwood,RB,HTTP/2
2025-05-02 14:10:14,index,51.8650000095367,330,TheEmptinessMachine,Westwood,RB,HTTP/2
2025-05-02 14:10:16,index,53.8650000095367,330,TheEmptinessMachine,Westwood,RB,HTTP/2
2025-05-02 14:10:18,index,55.8639998435974,72,TheEmptinessMachine,Westwood,RB,HTTP/2
2025-05-02 14:10:20,index,57.8650000095367,330,TheEmptinessMachine,Westwood,RB,HTTP/2
2025-05-02 14:10:22,index,59.8650000095367,72,TheEmptinessMachine,Westwood,RB,HTTP/2
2025-05-02 14:10:24,index,61.8650000095367,330,TheEmptinessMachine,Westwood,RB,HTTP/2
2025-05-02 14:10:26,index,63.8650000095367,330,TheEmptinessMachine,Westwood,RB,HTTP/2
2025-05-02 14:10:28,index,65.8639998435974,330,TheEmptinessMachine,Westwood,RB,HTTP/2
2025-05-02 14:10:30,index,67.8639998435974,330,TheEmptinessMachine,Westwood,RB,HTTP/2
2025-05-02 14:10:32,index,69.8650000095367,330,TheEmptinessMachine,Westwood,RB,HTTP/2
2025-05-02 14:10:34,index,71.8650000095367,330,TheEmptinessMachine,Westwood,RB,HTTP/2
2025-05-02 14:10:36,index,73.8650000095367,72,TheEmptinessMachine,Westwood,RB,HTTP/2
2025-05-02 14:10:38,index,75.8650000095367,72,TheEmptinessMachine,Westwood,RB,HTTP/2
2025-05-02 14:10:40,index,77.8650000095367,330,TheEmptinessMachine,Westwood,RB,HTTP/2
2025-05-02 14:10:42,index,79.8650000095367,330,TheEmptinessMachine,Westwood,RB,HTTP/2
2025-05-02 14:10:44,index,81.8650000095367,330,TheEmptinessMachine,Westwood,RB,HTTP/2
2025-05-02 14:10:46,index,83.8639998435974,330,TheEmptinessMachine,Westwood,RB,HTTP/2
2025-05-02 14:10:48,index,85.8650000095367,330,TheEmptinessMachine,Westwood,RB,HTTP/2
2025-05-02 14:10:50,index,87.8639998435974,330,TheEmptinessMachine,Westwood,RB,HTTP/2
2025-05-02 14:10:52,index,89.8650000095367,72,TheEmptinessMachine,Westwood,RB,HTTP/2
2025-05-02 14:10:54,index,91.8650000095367,330,TheEmptinessMachine,Westwood,RB,HTTP/2
2025-05-02 14:10:56,index,93.8650000095367,330,TheEmptinessMachine,Westwood,RB,HTTP/2
2025-05-02 14:10:58,index,95.8650000095367,72,TheEmptinessMachine,Westwood,RB,HTTP/2
2025-05-02 14:11:00,index,97.8650000095367,72,TheEmptinessMachine,Westwood,RB,HTTP/2
2025-05-02 14:11:02,index,99.8650000095367,330,TheEmptinessMachine,Westwood,RB,HTTP/2
2025-05-02 14:11:04,index,101.863999843597,330,TheEmptinessMachine,Westwood,RB,HTTP/2
2025-05-02 14:11:06,index,103.865000009537,330,TheEmptinessMachine,Westwood,RB,HTTP/2
2025-05-02 14:11:08,index,105.865000009537,330,TheEmptinessMachine,Westwood,RB,HTTP/2
2025-05-02 14:11:10,index,107.865000009537,330,TheEmptinessMachine,Westwood,RB,HTTP/2
2025-05-02 14:11:12,index,109.865000009537,330,TheEmptinessMachine,Westwood,RB,HTTP/2
2025-05-02 14:11:14,index,111.865000009537,72,TheEmptinessMachine,Westwood,RB,HTTP/2
2025-05-02 14:11:16,index,113.863999843597,72,TheEmptinessMachine,Westwood,RB,HTTP/2
2025-05-02 14:11:18,index,115.865000009537,330,TheEmptinessMachine,Westwood,RB,HTTP/2
2025-05-02 14:11:20,index,117.865000009537,72,TheEmptinessMachine,Westwood,RB,HTTP/2
2025-05-02 14:11:22,index,119.865000009537,72,TheEmptinessMachine,Westwood,RB,HTTP/2
2025-05-02 14:11:24,index,121.865000009537,330,TheEmptinessMachine,Westwood,RB,HTTP/2
2025-05-02 14:11:26,index,123.865000009537,635,TheEmptinessMachine,Westwood,RB,HTTP/2
2025-05-02 14:11:28,index,125.865000009537,674,TheEmptinessMachine,Westwood,RB,HTTP/2
2025-05-02 14:11:30,index,127.865000009537,674,TheEmptinessMachine,Westwood,RB,HTTP/2
2025-05-02 14:11:32,index,129.865000009537,674,TheEmptinessMachine,Westwood,RB,HTTP/2
2025-05-02 14:11:34,index,131.863999843597,330,TheEmptinessMachine,Westwood,RB,HTTP/2
2025-05-02 14:11:36,index,133.865000009537,330,TheEmptinessMachine,Westwood,RB,HTTP/2
2025-05-02 14:11:40,index,137.865000009537,330,TheEmptinessMachine,Westwood,RB,HTTP/2
2025-05-02 14:11:42,index,139.865000009537,330,TheEmptinessMachine,Westwood,RB,HTTP/2
2025-05-02 14:11:44,index,141.865000009537,330,TheEmptinessMachine,Westwood,RB,HTTP/2
2025-05-02 14:11:46,index,143.865000009537,320,TheEmptinessMachine,Westwood,RB,HTTP/2
2025-05-02 14:11:48,index,145.865000009537,320,TheEmptinessMachine,Westwood,RB,HTTP/2
2025-05-02 14:11:50,index,147.865000009537,330,TheEmptinessMachine,Westwood,RB,HTTP/2
2025-05-02 14:11:52,index,149.865000009537,330,TheEmptinessMachine,Westwood,RB,HTTP/2
2025-05-02 14:11:54,index,151.865000009537,72,TheEmptinessMachine,Westwood,RB,HTTP/2
2025-05-02 14:11:56,index,153.865000009537,330,TheEmptinessMachine,Westwood,RB,HTTP/2
2025-05-02 14:11:58,index,155.865000009537,330,TheEmptinessMachine,Westwood,RB,HTTP/2
2025-05-02 14:12:00,index,157.863999843597,330,TheEmptinessMachine,Westwood,RB,HTTP/2
2025-05-02 14:12:02,index,159.865000009537,330,TheEmptinessMachine,Westwood,RB,HTTP/2
2025-05-02 14:12:04,index,161.865000009537,330,TheEmptinessMachine,Westwood,RB,HTTP/2
2025-05-02 14:12:06,index,163.863999843597,330,TheEmptinessMachine,Westwood,RB,HTTP/2
2025-05-02 14:12:08,index,165.865000009537,330,TheEmptinessMachine,Westwood,RB,HTTP/2
2025-05-02 14:12:10,index,167.865000009537,330,TheEmptinessMachine,Westwood,RB,HTTP/2
2025-05-02 14:12:12,index,169.865000009537,72,TheEmptinessMachine,Westwood,RB,HTTP/2
2025-05-02 14:12:14,index,171.865000009537,330,TheEmptinessMachine,Westwood,RB,HTTP/2
2025-05-02 14:12:16,index,173.865000009537,330,TheEmptinessMachine,Westwood,RB,HTTP/2
2025-05-02 14:12:18,index,175.865000009537,330,TheEmptinessMachine,Westwood,RB,HTTP/2
2025-05-02 14:12:20,index,177.865000009537,635,TheEmptinessMachine,Westwood,RB,HTTP/2
2025-05-02 14:12:22,index,179.865000009537,635,TheEmptinessMachine,Westwood,RB,HTTP/2
2025-05-02 14:12:24,index,181.865000009537,674,TheEmptinessMachine,Westwood,RB,HTTP/2
2025-05-02 14:12:26,index,183.865000009537,674,TheEmptinessMachine,Westwood,RB,HTTP/2
2025-05-02 14:12:28,index,185.865000009537,674,TheEmptinessMachine,Westwood,RB,HTTP/2
2025-05-02 14:12:30,index,187.865000009537,674,TheEmptinessMachine,Westwood,RB,HTTP/2
2025-05-02 14:12:40,index,197.865000009537,72,TheEmptinessMachine,Westwood,RB,HTTP/2
2025-05-02 14:12:42,index,199.865000009537,330,TheEmptinessMachine,Westwood,RB,HTTP/2
2025-05-02 14:12:44,index,201.865000009537,330,TheEmptinessMachine,Westwood,RB,HTTP/2
2025-05-02 14:12:46,index,203.865000009537,72,TheEmptinessMachine,Westwood,RB,HTTP/2
2025-05-02 14:12:48,index,205.863999843597,72,TheEmptinessMachine,Westwood,RB,HTTP/2
2025-05-02 14:12:50,index,207.865000009537,72,TheEmptinessMachine,Westwood,RB,HTTP/2
2025-05-02 14:12:52,index,209.865000009537,72,TheEmptinessMachine,Westwood,RB,HTTP/2
2025-05-02 14:12:54,index,211.865000009537,72,TheEmptinessMachine,Westwood,RB,HTTP/2
2025-05-02 14:12:56,index,213.863999843597,72,TheEmptinessMachine,Westwood,RB,HTTP/2
2025-05-02 14:12:58,index,215.865000009537,72,TheEmptinessMachine,Westwood,RB,HTTP/2
2025-05-02 14:13:28,index,8.09700012207031,330,TheEmptinessMachine,Westwood,RB,HTTP/3
2025-05-02 14:13:30,index,10.0980000495911,330,TheEmptinessMachine,Westwood,RB,HTTP/3
2025-05-02 14:13:32,index,12.0970001220703,330,TheEmptinessMachine,Westwood,RB,HTTP/3
2025-05-02 14:13:34,index,14.0980000495911,330,TheEmptinessMachine,Westwood,RB,HTTP/3
2025-05-02 14:13:36,index,16.0980000495911,330,TheEmptinessMachine,Westwood,RB,HTTP/3
2025-05-02 14:13:40,index,20.0980000495911,330,TheEmptinessMachine,Westwood,RB,HTTP/3
2025-05-02 14:13:42,index,22.0980000495911,330,TheEmptinessMachine,Westwood,RB,HTTP/3
2025-05-02 14:13:44,index,24.0980000495911,330,TheEmptinessMachine,Westwood,RB,HTTP/3
2025-05-02 14:13:46,index,26.0980000495911,330,TheEmptinessMachine,Westwood,RB,HTTP/3
2025-05-02 14:13:48,index,28.0970001220703,330,TheEmptinessMachine,Westwood,RB,HTTP/3
2025-05-02 14:13:50,index,30.0980000495911,214,TheEmptinessMachine,Westwood,RB,HTTP/3
2025-05-02 14:13:52,index,32.0980000495911,214,TheEmptinessMachine,Westwood,RB,HTTP/3
2025-05-02 14:13:54,index,34.0970001220703,72,TheEmptinessMachine,Westwood,RB,HTTP/3
2025-05-02 14:13:56,index,36.0970001220703,320,TheEmptinessMachine,Westwood,RB,HTTP/3
2025-05-02 14:13:58,index,38.0970001220703,72,TheEmptinessMachine,Westwood,RB,HTTP/3
2025-05-02 14:14:00,index,40.0970001220703,330,TheEmptinessMachine,Westwood,RB,HTTP/3
2025-05-02 14:14:02,index,42.0970001220703,330,TheEmptinessMachine,Westwood,RB,HTTP/3
2025-05-02 14:14:04,index,44.0970001220703,72,TheEmptinessMachine,Westwood,RB,HTTP/3
2025-05-02 14:14:06,index,46.0970001220703,330,TheEmptinessMachine,Westwood,RB,HTTP/3
2025-05-02 14:14:08,index,48.0980000495911,330,TheEmptinessMachine,Westwood,RB,HTTP/3
2025-05-02 14:14:10,index,50.0980000495911,330,TheEmptinessMachine,Westwood,RB,HTTP/3
2025-05-02 14:14:12,index,52.0970001220703,330,TheEmptinessMachine,Westwood,RB,HTTP/3
2025-05-02 14:14:14,index,54.0970001220703,330,TheEmptinessMachine,Westwood,RB,HTTP/3
2025-05-02 14:14:16,index,56.0970001220703,72,TheEmptinessMachine,Westwood,RB,HTTP/3
2025-05-02 14:14:18,index,58.0980000495911,214,TheEmptinessMachine,Westwood,RB,HTTP/3
2025-05-02 14:14:20,index,60.0980000495911,214,TheEmptinessMachine,Westwood,RB,HTTP/3
2025-05-02 14:14:22,index,62.0980000495911,330,TheEmptinessMachine,Westwood,RB,HTTP/3
2025-05-02 14:14:24,index,64.0980000495911,72,TheEmptinessMachine,Westwood,RB,HTTP/3
2025-05-02 14:14:26,index,66.0970001220703,330,TheEmptinessMachine,Westwood,RB,HTTP/3
2025-05-02 14:14:28,index,68.0970001220703,330,TheEmptinessMachine,Westwood,RB,HTTP/3
2025-05-02 14:14:30,index,70.0970001220703,214,TheEmptinessMachine,Westwood,RB,HTTP/3
2025-05-02 14:14:32,index,72.0970001220703,214,TheEmptinessMachine,Westwood,RB,HTTP/3
2025-05-02 14:14:34,index,74.0970001220703,72,TheEmptinessMachine,Westwood,RB,HTTP/3
2025-05-02 14:14:36,index,76.0980000495911,214,TheEmptinessMachine,Westwood,RB,HTTP/3
2025-05-02 14:14:38,index,78.0970001220703,214,TheEmptinessMachine,Westwood,RB,HTTP/3
2025-05-02 14:14:40,index,80.0970001220703,72,TheEmptinessMachine,Westwood,RB,HTTP/3
2025-05-02 14:14:42,index,82.0970001220703,214,TheEmptinessMachine,Westwood,RB,HTTP/3
2025-05-02 14:14:44,index,84.0980000495911,330,TheEmptinessMachine,Westwood,RB,HTTP/3
2025-05-02 14:14:46,index,86.0970001220703,330,TheEmptinessMachine,Westwood,RB,HTTP/3
2025-05-02 14:14:54,index,94.0980000495911,330,TheEmptinessMachine,Westwood,RB,HTTP/3
2025-05-02 14:14:56,index,96.0970001220703,330,TheEmptinessMachine,Westwood,RB,HTTP/3
2025-05-02 14:14:58,index,98.0980000495911,72,TheEmptinessMachine,Westwood,RB,HTTP/3
2025-05-02 14:15:00,index,100.09700012207,330,TheEmptinessMachine,Westwood,RB,HTTP/3
2025-05-02 14:15:02,index,102.098000049591,330,TheEmptinessMachine,Westwood,RB,HTTP/3
2025-05-02 14:15:04,index,104.098000049591,72,TheEmptinessMachine,Westwood,RB,HTTP/3
2025-05-02 14:15:06,index,106.09700012207,214,TheEmptinessMachine,Westwood,RB,HTTP/3
2025-05-02 14:15:08,index,108.098000049591,214,TheEmptinessMachine,Westwood,RB,HTTP/3
2025-05-02 14:15:10,index,110.09700012207,214,TheEmptinessMachine,Westwood,RB,HTTP/3
2025-05-02 14:15:12,index,112.098000049591,214,TheEmptinessMachine,Westwood,RB,HTTP/3
2025-05-02 14:15:14,index,114.09700012207,330,TheEmptinessMachine,Westwood,RB,HTTP/3
2025-05-02 14:15:16,index,116.09700012207,330,TheEmptinessMachine,Westwood,RB,HTTP/3
2025-05-02 14:15:18,index,118.09700012207,330,TheEmptinessMachine,Westwood,RB,HTTP/3
2025-05-02 14:15:20,index,120.098000049591,330,TheEmptinessMachine,Westwood,RB,HTTP/3
2025-05-02 14:15:22,index,122.09700012207,320,TheEmptinessMachine,Westwood,RB,HTTP/3
2025-05-02 14:15:24,index,124.09700012207,320,TheEmptinessMachine,Westwood,RB,HTTP/3
2025-05-02 14:15:26,index,126.098000049591,320,TheEmptinessMachine,Westwood,RB,HTTP/3
2025-05-02 14:15:28,index,128.09700012207,72,TheEmptinessMachine,Westwood,RB,HTTP/3
2025-05-02 14:15:30,index,130.09700012207,72,TheEmptinessMachine,Westwood,RB,HTTP/3
2025-05-02 14:15:32,index,132.09700012207,169,TheEmptinessMachine,Westwood,RB,HTTP/3
2025-05-02 14:15:34,index,134.09700012207,72,TheEmptinessMachine,Westwood,RB,HTTP/3
2025-05-02 14:15:36,index,136.098000049591,214,TheEmptinessMachine,Westwood,RB,HTTP/3
2025-05-02 14:15:38,index,138.09700012207,214,TheEmptinessMachine,Westwood,RB,HTTP/3
2025-05-02 14:15:40,index,140.09700012207,72,TheEmptinessMachine,Westwood,RB,HTTP/3
2025-05-02 14:15:42,index,142.09700012207,214,TheEmptinessMachine,Westwood,RB,HTTP/3
2025-05-02 14:15:44,index,144.09700012207,214,TheEmptinessMachine,Westwood,RB,HTTP/3
2025-05-02 14:15:46,index,146.098000049591,214,TheEmptinessMachine,Westwood,RB,HTTP/3
2025-05-02 14:15:48,index,148.09700012207,72,TheEmptinessMachine,Westwood,RB,HTTP/3
2025-05-02 14:15:50,index,150.09700012207,214,TheEmptinessMachine,Westwood,RB,HTTP/3
2025-05-02 14:15:52,index,152.098000049591,214,TheEmptinessMachine,Westwood,RB,HTTP/3
2025-05-02 14:15:54,index,154.098000049591,214,TheEmptinessMachine,Westwood,RB,HTTP/3
2025-05-02 14:15:56,index,156.098000049591,214,TheEmptinessMachine,Westwood,RB,HTTP/3
2025-05-02 14:15:58,index,158.098000049591,320,TheEmptinessMachine,Westwood,RB,HTTP/3
2025-05-02 14:16:00,index,160.09700012207,320,TheEmptinessMachine,Westwood,RB,HTTP/3
2025-05-02 14:16:10,index,170.09700012207,214,TheEmptinessMachine,Westwood,RB,HTTP/3
2025-05-02 14:16:12,index,172.09700012207,330,TheEmptinessMachine,Westwood,RB,HTTP/3
2025-05-02 14:16:14,index,174.09700012207,330,TheEmptinessMachine,Westwood,RB,HTTP/3
2025-05-02 14:16:16,index,176.09700012207,330,TheEmptinessMachine,Westwood,RB,HTTP/3
2025-05-02 14:16:18,index,178.098000049591,330,TheEmptinessMachine,Westwood,RB,HTTP/3
2025-05-02 14:16:20,index,180.09700012207,330,TheEmptinessMachine,Westwood,RB,HTTP/3
2025-05-02 14:16:22,index,182.098000049591,330,TheEmptinessMachine,Westwood,RB,HTTP/3
2025-05-02 14:16:24,index,184.09700012207,330,TheEmptinessMachine,Westwood,RB,HTTP/3
2025-05-02 14:16:26,index,186.098000049591,72,TheEmptinessMachine,Westwood,RB,HTTP/3
2025-05-02 14:16:28,index,188.09700012207,330,TheEmptinessMachine,Westwood,RB,HTTP/3
2025-05-02 14:16:30,index,190.09700012207,72,TheEmptinessMachine,Westwood,RB,HTTP/3
2025-05-02 14:16:32,index,192.09700012207,330,TheEmptinessMachine,Westwood,RB,HTTP/3
2025-05-02 14:16:34,index,194.09700012207,330,TheEmptinessMachine,Westwood,RB,HTTP/3
2025-05-02 14:16:36,index,196.09700012207,72,TheEmptinessMachine,Westwood,RB,HTTP/3
2025-05-02 14:16:38,index,198.09700012207,330,TheEmptinessMachine,Westwood,RB,HTTP/3
2025-05-02 14:16:40,index,200.09700012207,330,TheEmptinessMachine,Westwood,RB,HTTP/3
2025-05-02 14:16:42,index,202.09700012207,330,TheEmptinessMachine,Westwood,RB,HTTP/3
2025-05-02 14:16:44,index,204.09700012207,330,TheEmptinessMachine,Westwood,RB,HTTP/3
2025-05-02 14:16:46,index,206.09700012207,330,TheEmptinessMachine,Westwood,RB,HTTP/3
2025-05-02 14:16:48,index,208.098999977112,214,TheEmptinessMachine,Westwood,RB,HTTP/3
2025-05-02 14:16:50,index,210.09700012207,214,TheEmptinessMachine,Westwood,RB,HTTP/3
2025-05-02 14:17:26,index,4.29500007629395,674,TheEmptinessMachine,Westwood,Throughput,HTTP/1.1
2025-05-02 14:17:28,index,6.29500007629395,674,TheEmptinessMachine,Westwood,Throughput,HTTP/1.1
2025-05-02 14:17:30,index,8.29500007629395,330,TheEmptinessMachine,Westwood,Throughput,HTTP/1.1
2025-05-02 14:17:32,index,10.2950000762939,330,TheEmptinessMachine,Westwood,Throughput,HTTP/1.1
2025-05-02 14:17:34,index,12.2950000762939,330,TheEmptinessMachine,Westwood,Throughput,HTTP/1.1
2025-05-02 14:17:36,index,14.2950000762939,635,TheEmptinessMachine,Westwood,Throughput,HTTP/1.1
2025-05-02 14:17:38,index,16.2950000762939,330,TheEmptinessMachine,Westwood,Throughput,HTTP/1.1
2025-05-02 14:17:40,index,18.2950000762939,330,TheEmptinessMachine,Westwood,Throughput,HTTP/1.1
2025-05-02 14:17:42,index,20.2950000762939,330,TheEmptinessMachine,Westwood,Throughput,HTTP/1.1
2025-05-02 14:17:44,index,22.2950000762939,330,TheEmptinessMachine,Westwood,Throughput,HTTP/1.1
2025-05-02 14:17:46,index,24.2950000762939,330,TheEmptinessMachine,Westwood,Throughput,HTTP/1.1
2025-05-02 14:17:48,index,26.2950000762939,674,TheEmptinessMachine,Westwood,Throughput,HTTP/1.1
2025-05-02 14:17:50,index,28.2950000762939,674,TheEmptinessMachine,Westwood,Throughput,HTTP/1.1
2025-05-02 14:17:52,index,30.2950000762939,674,TheEmptinessMachine,Westwood,Throughput,HTTP/1.1
2025-05-02 14:17:54,index,32.2950000762939,674,TheEmptinessMachine,Westwood,Throughput,HTTP/1.1
2025-05-02 14:17:56,index,34.2950000762939,674,TheEmptinessMachine,Westwood,Throughput,HTTP/1.1
2025-05-02 14:17:58,index,36.2950000762939,674,TheEmptinessMachine,Westwood,Throughput,HTTP/1.1
2025-05-02 14:18:00,index,38.2950000762939,674,TheEmptinessMachine,Westwood,Throughput,HTTP/1.1
2025-05-02 14:18:02,index,40.2950000762939,674,TheEmptinessMachine,Westwood,Throughput,HTTP/1.1
2025-05-02 14:18:04,index,42.2950000762939,674,TheEmptinessMachine,Westwood,Throughput,HTTP/1.1
2025-05-02 14:18:06,index,44.2950000762939,674,TheEmptinessMachine,Westwood,Throughput,HTTP/1.1
2025-05-02 14:18:08,index,46.2950000762939,635,TheEmptinessMachine,Westwood,Throughput,HTTP/1.1
2025-05-02 14:18:10,index,48.2950000762939,674,TheEmptinessMachine,Westwood,Throughput,HTTP/1.1
2025-05-02 14:18:12,index,50.2950000762939,674,TheEmptinessMachine,Westwood,Throughput,HTTP/1.1
2025-05-02 14:18:14,index,52.2950000762939,635,TheEmptinessMachine,Westwood,Throughput,HTTP/1.1
2025-05-02 14:18:16,index,54.2950000762939,635,TheEmptinessMachine,Westwood,Throughput,HTTP/1.1
2025-05-02 14:18:18,index,56.2950000762939,635,TheEmptinessMachine,Westwood,Throughput,HTTP/1.1
2025-05-02 14:18:20,index,58.2950000762939,330,TheEmptinessMachine,Westwood,Throughput,HTTP/1.1
2025-05-02 14:18:22,index,60.2950000762939,330,TheEmptinessMachine,Westwood,Throughput,HTTP/1.1
2025-05-02 14:18:24,index,62.2950000762939,635,TheEmptinessMachine,Westwood,Throughput,HTTP/1.1
2025-05-02 14:18:26,index,64.2950000762939,635,TheEmptinessMachine,Westwood,Throughput,HTTP/1.1
2025-05-02 14:18:28,index,66.2950000762939,635,TheEmptinessMachine,Westwood,Throughput,HTTP/1.1
2025-05-02 14:18:30,index,68.2950000762939,635,TheEmptinessMachine,Westwood,Throughput,HTTP/1.1
2025-05-02 14:18:32,index,70.2950000762939,674,TheEmptinessMachine,Westwood,Throughput,HTTP/1.1
2025-05-02 14:18:34,index,72.2950000762939,674,TheEmptinessMachine,Westwood,Throughput,HTTP/1.1
2025-05-02 14:18:36,index,74.2950000762939,330,TheEmptinessMachine,Westwood,Throughput,HTTP/1.1
2025-05-02 14:18:38,index,76.2950000762939,330,TheEmptinessMachine,Westwood,Throughput,HTTP/1.1
2025-05-02 14:18:40,index,78.2950000762939,635,TheEmptinessMachine,Westwood,Throughput,HTTP/1.1
2025-05-02 14:18:42,index,80.2950000762939,674,TheEmptinessMachine,Westwood,Throughput,HTTP/1.1
2025-05-02 14:18:44,index,82.2950000762939,674,TheEmptinessMachine,Westwood,Throughput,HTTP/1.1
2025-05-02 14:18:46,index,84.2950000762939,674,TheEmptinessMachine,Westwood,Throughput,HTTP/1.1
2025-05-02 14:18:48,index,86.2950000762939,330,TheEmptinessMachine,Westwood,Throughput,HTTP/1.1
2025-05-02 14:18:50,index,88.2950000762939,214,TheEmptinessMachine,Westwood,Throughput,HTTP/1.1
2025-05-02 14:18:52,index,90.2950000762939,674,TheEmptinessMachine,Westwood,Throughput,HTTP/1.1
2025-05-02 14:18:54,index,92.2950000762939,330,TheEmptinessMachine,Westwood,Throughput,HTTP/1.1
2025-05-02 14:18:56,index,94.2950000762939,674,TheEmptinessMachine,Westwood,Throughput,HTTP/1.1
2025-05-02 14:18:58,index,96.2950000762939,330,TheEmptinessMachine,Westwood,Throughput,HTTP/1.1
2025-05-02 14:19:00,index,98.2950000762939,674,TheEmptinessMachine,Westwood,Throughput,HTTP/1.1
2025-05-02 14:19:02,index,100.295000076294,214,TheEmptinessMachine,Westwood,Throughput,HTTP/1.1
2025-05-02 14:19:04,index,102.296000003815,330,TheEmptinessMachine,Westwood,Throughput,HTTP/1.1
2025-05-02 14:19:06,index,104.295000076294,674,TheEmptinessMachine,Westwood,Throughput,HTTP/1.1
2025-05-02 14:19:08,index,106.295000076294,674,TheEmptinessMachine,Westwood,Throughput,HTTP/1.1
2025-05-02 14:19:10,index,108.295000076294,330,TheEmptinessMachine,Westwood,Throughput,HTTP/1.1
2025-05-02 14:19:12,index,110.295000076294,169,TheEmptinessMachine,Westwood,Throughput,HTTP/1.1
2025-05-02 14:19:14,index,112.295000076294,674,TheEmptinessMachine,Westwood,Throughput,HTTP/1.1
2025-05-02 14:19:16,index,114.295000076294,330,TheEmptinessMachine,Westwood,Throughput,HTTP/1.1
2025-05-02 14:19:18,index,116.295000076294,674,TheEmptinessMachine,Westwood,Throughput,HTTP/1.1
2025-05-02 14:19:20,index,118.295000076294,330,TheEmptinessMachine,Westwood,Throughput,HTTP/1.1
2025-05-02 14:19:22,index,120.295000076294,635,TheEmptinessMachine,Westwood,Throughput,HTTP/1.1
2025-05-02 14:19:24,index,122.295000076294,169,TheEmptinessMachine,Westwood,Throughput,HTTP/1.1
2025-05-02 14:19:26,index,124.295000076294,330,TheEmptinessMachine,Westwood,Throughput,HTTP/1.1
2025-05-02 14:19:30,index,128.295000076294,330,TheEmptinessMachine,Westwood,Throughput,HTTP/1.1
2025-05-02 14:19:32,index,130.293999910355,330,TheEmptinessMachine,Westwood,Throughput,HTTP/1.1
2025-05-02 14:19:34,index,132.295000076294,330,TheEmptinessMachine,Westwood,Throughput,HTTP/1.1
2025-05-02 14:19:36,index,134.295000076294,320,TheEmptinessMachine,Westwood,Throughput,HTTP/1.1
2025-05-02 14:19:38,index,136.295000076294,320,TheEmptinessMachine,Westwood,Throughput,HTTP/1.1
2025-05-02 14:19:40,index,138.295000076294,320,TheEmptinessMachine,Westwood,Throughput,HTTP/1.1
2025-05-02 14:19:42,index,140.295000076294,320,TheEmptinessMachine,Westwood,Throughput,HTTP/1.1
2025-05-02 14:19:44,index,142.295000076294,320,TheEmptinessMachine,Westwood,Throughput,HTTP/1.1
2025-05-02 14:19:46,index,144.295000076294,320,TheEmptinessMachine,Westwood,Throughput,HTTP/1.1
2025-05-02 14:19:48,index,146.295000076294,320,TheEmptinessMachine,Westwood,Throughput,HTTP/1.1
2025-05-02 14:19:50,index,148.295000076294,320,TheEmptinessMachine,Westwood,Throughput,HTTP/1.1
2025-05-02 14:19:52,index,150.295000076294,320,TheEmptinessMachine,Westwood,Throughput,HTTP/1.1
2025-05-02 14:19:54,index,152.295000076294,320,TheEmptinessMachine,Westwood,Throughput,HTTP/1.1
2025-05-02 14:19:56,index,154.295000076294,320,TheEmptinessMachine,Westwood,Throughput,HTTP/1.1
2025-05-02 14:19:58,index,156.295000076294,320,TheEmptinessMachine,Westwood,Throughput,HTTP/1.1
2025-05-02 14:20:00,index,158.295000076294,320,TheEmptinessMachine,Westwood,Throughput,HTTP/1.1
2025-05-02 14:20:02,index,160.295000076294,674,TheEmptinessMachine,Westwood,Throughput,HTTP/1.1
2025-05-02 14:20:04,index,162.295000076294,674,TheEmptinessMachine,Westwood,Throughput,HTTP/1.1
2025-05-02 14:20:06,index,164.295000076294,674,TheEmptinessMachine,Westwood,Throughput,HTTP/1.1
2025-05-02 14:20:08,index,166.295000076294,330,TheEmptinessMachine,Westwood,Throughput,HTTP/1.1
2025-05-02 14:20:10,index,168.295000076294,330,TheEmptinessMachine,Westwood,Throughput,HTTP/1.1
2025-05-02 14:20:12,index,170.295000076294,330,TheEmptinessMachine,Westwood,Throughput,HTTP/1.1
2025-05-02 14:20:14,index,172.295000076294,330,TheEmptinessMachine,Westwood,Throughput,HTTP/1.1
2025-05-02 14:20:16,index,174.295000076294,330,TheEmptinessMachine,Westwood,Throughput,HTTP/1.1
2025-05-02 14:20:18,index,176.295000076294,330,TheEmptinessMachine,Westwood,Throughput,HTTP/1.1
2025-05-02 14:20:20,index,178.295000076294,330,TheEmptinessMachine,Westwood,Throughput,HTTP/1.1
2025-05-02 14:20:22,index,180.295000076294,330,TheEmptinessMachine,Westwood,Throughput,HTTP/1.1
2025-05-02 14:20:24,index,182.295000076294,330,TheEmptinessMachine,Westwood,Throughput,HTTP/1.1
2025-05-02 14:20:26,index,184.295000076294,330,TheEmptinessMachine,Westwood,Throughput,HTTP/1.1
2025-05-02 14:20:28,index,186.295000076294,330,TheEmptinessMachine,Westwood,Throughput,HTTP/1.1
2025-05-02 14:20:30,index,188.295000076294,330,TheEmptinessMachine,Westwood,Throughput,HTTP/1.1
2025-05-02 14:20:32,index,190.295000076294,330,TheEmptinessMachine,Westwood,Throughput,HTTP/1.1
2025-05-02 14:20:34,index,192.295000076294,330,TheEmptinessMachine,Westwood,Throughput,HTTP/1.1
2025-05-02 14:20:36,index,194.295000076294,330,TheEmptinessMachine,Westwood,Throughput,HTTP/1.1
2025-05-02 14:20:38,index,196.295000076294,330,TheEmptinessMachine,Westwood,Throughput,HTTP/1.1
2025-05-02 14:20:40,index,198.295000076294,330,TheEmptinessMachine,Westwood,Throughput,HTTP/1.1
2025-05-02 14:20:42,index,200.295000076294,330,TheEmptinessMachine,Westwood,Throughput,HTTP/1.1
2025-05-02 14:20:44,index,202.295000076294,330,TheEmptinessMachine,Westwood,Throughput,HTTP/1.1
2025-05-02 14:20:46,index,204.295000076294,330,TheEmptinessMachine,Westwood,Throughput,HTTP/1.1
2025-05-02 14:20:48,index,206.295000076294,330,TheEmptinessMachine,Westwood,Throughput,HTTP/1.1
2025-05-02 14:21:21,index,2.10400009155273,1767,TheEmptinessMachine,Westwood,Throughput,HTTP/2
2025-05-02 14:21:23,index,4.10199999809265,674,TheEmptinessMachine,Westwood,Throughput,HTTP/2
2025-05-02 14:21:29,index,10.1019999980927,330,TheEmptinessMachine,Westwood,Throughput,HTTP/2
2025-05-02 14:21:33,index,14.103000164032,330,TheEmptinessMachine,Westwood,Throughput,HTTP/2
2025-05-02 14:21:37,index,18.1019999980927,72,TheEmptinessMachine,Westwood,Throughput,HTTP/2
2025-05-02 14:21:39,index,20.1019999980927,214,TheEmptinessMachine,Westwood,Throughput,HTTP/2
2025-05-02 14:21:41,index,22.103000164032,330,TheEmptinessMachine,Westwood,Throughput,HTTP/2
2025-05-02 14:21:43,index,24.103000164032,169,TheEmptinessMachine,Westwood,Throughput,HTTP/2
2025-05-02 14:21:45,index,26.103000164032,330,TheEmptinessMachine,Westwood,Throughput,HTTP/2
2025-05-02 14:21:47,index,28.1019999980927,320,TheEmptinessMachine,Westwood,Throughput,HTTP/2
2025-05-02 14:21:49,index,30.1019999980927,320,TheEmptinessMachine,Westwood,Throughput,HTTP/2
2025-05-02 14:21:51,index,32.103000164032,320,TheEmptinessMachine,Westwood,Throughput,HTTP/2
2025-05-02 14:21:55,index,36.1019999980927,84,TheEmptinessMachine,Westwood,Throughput,HTTP/2
2025-05-02 14:21:57,index,38.1019999980927,320,TheEmptinessMachine,Westwood,Throughput,HTTP/2
2025-05-02 14:21:59,index,40.103000164032,84,TheEmptinessMachine,Westwood,Throughput,HTTP/2
2025-05-02 14:22:01,index,42.1019999980927,214,TheEmptinessMachine,Westwood,Throughput,HTTP/2
2025-05-02 14:22:03,index,44.1019999980927,214,TheEmptinessMachine,Westwood,Throughput,HTTP/2
2025-05-02 14:22:05,index,46.1019999980927,214,TheEmptinessMachine,Westwood,Throughput,HTTP/2
2025-05-02 14:22:07,index,48.103000164032,214,TheEmptinessMachine,Westwood,Throughput,HTTP/2
2025-05-02 14:22:09,index,50.1019999980927,214,TheEmptinessMachine,Westwood,Throughput,HTTP/2
2025-05-02 14:22:11,index,52.103000164032,169,TheEmptinessMachine,Westwood,Throughput,HTTP/2
2025-05-02 14:22:13,index,54.103000164032,169,TheEmptinessMachine,Westwood,Throughput,HTTP/2
2025-05-02 14:22:15,index,56.1019999980927,169,TheEmptinessMachine,Westwood,Throughput,HTTP/2
2025-05-02 14:22:17,index,58.1019999980927,169,TheEmptinessMachine,Westwood,Throughput,HTTP/2
2025-05-02 14:22:19,index,60.103000164032,169,TheEmptinessMachine,Westwood,Throughput,HTTP/2
2025-05-02 14:22:21,index,62.1019999980927,169,TheEmptinessMachine,Westwood,Throughput,HTTP/2
2025-05-02 14:22:23,index,64.1019999980927,169,TheEmptinessMachine,Westwood,Throughput,HTTP/2
2025-05-02 14:22:25,index,66.103000164032,169,TheEmptinessMachine,Westwood,Throughput,HTTP/2
2025-05-02 14:22:27,index,68.103000164032,169,TheEmptinessMachine,Westwood,Throughput,HTTP/2
2025-05-02 14:22:29,index,70.1019999980927,169,TheEmptinessMachine,Westwood,Throughput,HTTP/2
2025-05-02 14:22:31,index,72.103000164032,169,TheEmptinessMachine,Westwood,Throughput,HTTP/2
2025-05-02 14:22:33,index,74.1019999980927,169,TheEmptinessMachine,Westwood,Throughput,HTTP/2
2025-05-02 14:22:35,index,76.1019999980927,169,TheEmptinessMachine,Westwood,Throughput,HTTP/2
2025-05-02 14:22:37,index,78.1019999980927,169,TheEmptinessMachine,Westwood,Throughput,HTTP/2
2025-05-02 14:22:39,index,80.1019999980927,635,TheEmptinessMachine,Westwood,Throughput,HTTP/2
2025-05-02 14:22:41,index,82.1019999980927,674,TheEmptinessMachine,Westwood,Throughput,HTTP/2
2025-05-02 14:22:43,index,84.1019999980927,674,TheEmptinessMachine,Westwood,Throughput,HTTP/2
2025-05-02 14:22:45,index,86.103000164032,674,TheEmptinessMachine,Westwood,Throughput,HTTP/2
2025-05-02 14:22:47,index,88.1019999980927,330,TheEmptinessMachine,Westwood,Throughput,HTTP/2
2025-05-02 14:22:49,index,90.1019999980927,330,TheEmptinessMachine,Westwood,Throughput,HTTP/2
2025-05-02 14:22:51,index,92.1019999980927,330,TheEmptinessMachine,Westwood,Throughput,HTTP/2
2025-05-02 14:22:53,index,94.103000164032,330,TheEmptinessMachine,Westwood,Throughput,HTTP/2
2025-05-02 14:22:55,index,96.103000164032,330,TheEmptinessMachine,Westwood,Throughput,HTTP/2
2025-05-02 14:22:57,index,98.1019999980927,330,TheEmptinessMachine,Westwood,Throughput,HTTP/2
2025-05-02 14:22:59,index,100.101999998093,330,TheEmptinessMachine,Westwood,Throughput,HTTP/2
2025-05-02 14:23:01,index,102.103000164032,330,TheEmptinessMachine,Westwood,Throughput,HTTP/2
2025-05-02 14:23:03,index,104.103000164032,330,TheEmptinessMachine,Westwood,Throughput,HTTP/2
2025-05-02 14:23:05,index,106.103000164032,330,TheEmptinessMachine,Westwood,Throughput,HTTP/2
2025-05-02 14:23:07,index,108.101999998093,320,TheEmptinessMachine,Westwood,Throughput,HTTP/2
2025-05-02 14:23:09,index,110.101999998093,320,TheEmptinessMachine,Westwood,Throughput,HTTP/2
2025-05-02 14:23:11,index,112.101999998093,320,TheEmptinessMachine,Westwood,Throughput,HTTP/2
2025-05-02 14:23:13,index,114.101999998093,320,TheEmptinessMachine,Westwood,Throughput,HTTP/2
2025-05-02 14:23:15,index,116.101999998093,320,TheEmptinessMachine,Westwood,Throughput,HTTP/2
2025-05-02 14:23:17,index,118.101999998093,320,TheEmptinessMachine,Westwood,Throughput,HTTP/2
2025-05-02 14:23:19,index,120.103000164032,320,TheEmptinessMachine,Westwood,Throughput,HTTP/2
2025-05-02 14:23:21,index,122.101999998093,320,TheEmptinessMachine,Westwood,Throughput,HTTP/2
2025-05-02 14:23:23,index,124.101999998093,320,TheEmptinessMachine,Westwood,Throughput,HTTP/2
2025-05-02 14:23:25,index,126.103000164032,320,TheEmptinessMachine,Westwood,Throughput,HTTP/2
2025-05-02 14:23:27,index,128.101999998093,330,TheEmptinessMachine,Westwood,Throughput,HTTP/2
2025-05-02 14:23:29,index,130.101999998093,330,TheEmptinessMachine,Westwood,Throughput,HTTP/2
2025-05-02 14:23:31,index,132.101999998093,330,TheEmptinessMachine,Westwood,Throughput,HTTP/2
2025-05-02 14:23:33,index,134.101999998093,330,TheEmptinessMachine,Westwood,Throughput,HTTP/2
2025-05-02 14:23:35,index,136.101999998093,330,TheEmptinessMachine,Westwood,Throughput,HTTP/2
2025-05-02 14:23:37,index,138.101999998093,330,TheEmptinessMachine,Westwood,Throughput,HTTP/2
2025-05-02 14:23:39,index,140.101999998093,330,TheEmptinessMachine,Westwood,Throughput,HTTP/2
2025-05-02 14:23:41,index,142.103000164032,330,TheEmptinessMachine,Westwood,Throughput,HTTP/2
2025-05-02 14:23:43,index,144.103000164032,330,TheEmptinessMachine,Westwood,Throughput,HTTP/2
2025-05-02 14:23:45,index,146.103000164032,330,TheEmptinessMachine,Westwood,Throughput,HTTP/2
2025-05-02 14:23:47,index,148.101999998093,330,TheEmptinessMachine,Westwood,Throughput,HTTP/2
2025-05-02 14:23:49,index,150.103000164032,330,TheEmptinessMachine,Westwood,Throughput,HTTP/2
2025-05-02 14:23:51,index,152.101999998093,330,TheEmptinessMachine,Westwood,Throughput,HTTP/2
2025-05-02 14:23:53,index,154.103000164032,330,TheEmptinessMachine,Westwood,Throughput,HTTP/2
2025-05-02 14:23:55,index,156.101999998093,330,TheEmptinessMachine,Westwood,Throughput,HTTP/2
2025-05-02 14:23:57,index,158.101999998093,330,TheEmptinessMachine,Westwood,Throughput,HTTP/2
2025-05-02 14:23:59,index,160.103000164032,330,TheEmptinessMachine,Westwood,Throughput,HTTP/2
2025-05-02 14:24:01,index,162.101999998093,635,TheEmptinessMachine,Westwood,Throughput,HTTP/2
2025-05-02 14:24:03,index,164.103000164032,674,TheEmptinessMachine,Westwood,Throughput,HTTP/2
2025-05-02 14:24:05,index,166.101999998093,674,TheEmptinessMachine,Westwood,Throughput,HTTP/2
2025-05-02 14:24:07,index,168.101999998093,674,TheEmptinessMachine,Westwood,Throughput,HTTP/2
2025-05-02 14:24:09,index,170.101999998093,674,TheEmptinessMachine,Westwood,Throughput,HTTP/2
2025-05-02 14:24:11,index,172.101999998093,674,TheEmptinessMachine,Westwood,Throughput,HTTP/2
2025-05-02 14:24:13,index,174.101999998093,330,TheEmptinessMachine,Westwood,Throughput,HTTP/2
2025-05-02 14:24:15,index,176.101999998093,635,TheEmptinessMachine,Westwood,Throughput,HTTP/2
2025-05-02 14:24:17,index,178.101999998093,635,TheEmptinessMachine,Westwood,Throughput,HTTP/2
2025-05-02 14:24:19,index,180.103000164032,330,TheEmptinessMachine,Westwood,Throughput,HTTP/2
2025-05-02 14:24:21,index,182.101999998093,330,TheEmptinessMachine,Westwood,Throughput,HTTP/2
2025-05-02 14:24:23,index,184.101999998093,330,TheEmptinessMachine,Westwood,Throughput,HTTP/2
2025-05-02 14:24:25,index,186.101999998093,330,TheEmptinessMachine,Westwood,Throughput,HTTP/2
2025-05-02 14:24:27,index,188.101999998093,330,TheEmptinessMachine,Westwood,Throughput,HTTP/2
2025-05-02 14:24:29,index,190.101999998093,330,TheEmptinessMachine,Westwood,Throughput,HTTP/2
2025-05-02 14:24:31,index,192.101999998093,330,TheEmptinessMachine,Westwood,Throughput,HTTP/2
2025-05-02 14:24:33,index,194.101999998093,330,TheEmptinessMachine,Westwood,Throughput,HTTP/2
2025-05-02 14:24:35,index,196.101999998093,330,TheEmptinessMachine,Westwood,Throughput,HTTP/2
2025-05-02 14:24:37,index,198.101999998093,330,TheEmptinessMachine,Westwood,Throughput,HTTP/2
2025-05-02 14:24:39,index,200.103000164032,330,TheEmptinessMachine,Westwood,Throughput,HTTP/2
2025-05-02 14:24:41,index,202.103000164032,330,TheEmptinessMachine,Westwood,Throughput,HTTP/2
2025-05-02 14:24:43,index,204.101999998093,330,TheEmptinessMachine,Westwood,Throughput,HTTP/2
2025-05-02 14:24:45,index,206.101999998093,330,TheEmptinessMachine,Westwood,Throughput,HTTP/2
2025-05-02 14:24:47,index,208.101999998093,330,TheEmptinessMachine,Westwood,Throughput,HTTP/2
2025-05-02 14:24:49,index,210.101999998093,330,TheEmptinessMachine,Westwood,Throughput,HTTP/2
2025-05-02 14:24:51,index,212.103000164032,330,TheEmptinessMachine,Westwood,Throughput,HTTP/2
2025-05-02 14:25:27,index,10.7620000839233,84,TheEmptinessMachine,Westwood,Throughput,HTTP/3
2025-05-02 14:25:29,index,12.7620000839233,84,TheEmptinessMachine,Westwood,Throughput,HTTP/3
2025-05-02 14:25:31,index,14.7620000839233,84,TheEmptinessMachine,Westwood,Throughput,HTTP/3
2025-05-02 14:25:33,index,16.7620000839233,84,TheEmptinessMachine,Westwood,Throughput,HTTP/3
2025-05-02 14:25:35,index,18.7620000839233,169,TheEmptinessMachine,Westwood,Throughput,HTTP/3
2025-05-02 14:25:37,index,20.7620000839233,214,TheEmptinessMachine,Westwood,Throughput,HTTP/3
2025-05-02 14:25:39,index,22.7620000839233,214,TheEmptinessMachine,Westwood,Throughput,HTTP/3
2025-05-02 14:25:41,index,24.7620000839233,330,TheEmptinessMachine,Westwood,Throughput,HTTP/3
2025-05-02 14:25:43,index,26.7620000839233,330,TheEmptinessMachine,Westwood,Throughput,HTTP/3
2025-05-02 14:25:45,index,28.7620000839233,330,TheEmptinessMachine,Westwood,Throughput,HTTP/3
2025-05-02 14:25:47,index,30.7620000839233,84,TheEmptinessMachine,Westwood,Throughput,HTTP/3
2025-05-02 14:25:49,index,32.7620000839233,214,TheEmptinessMachine,Westwood,Throughput,HTTP/3
2025-05-02 14:25:53,index,36.7620000839233,214,TheEmptinessMachine,Westwood,Throughput,HTTP/3
2025-05-02 14:25:55,index,38.7620000839233,214,TheEmptinessMachine,Westwood,Throughput,HTTP/3
2025-05-02 14:25:57,index,40.7620000839233,169,TheEmptinessMachine,Westwood,Throughput,HTTP/3
2025-05-02 14:25:59,index,42.7620000839233,169,TheEmptinessMachine,Westwood,Throughput,HTTP/3
2025-05-02 14:26:01,index,44.7620000839233,169,TheEmptinessMachine,Westwood,Throughput,HTTP/3
2025-05-02 14:26:03,index,46.7620000839233,169,TheEmptinessMachine,Westwood,Throughput,HTTP/3
2025-05-02 14:26:05,index,48.7620000839233,169,TheEmptinessMachine,Westwood,Throughput,HTTP/3
2025-05-02 14:26:07,index,50.7620000839233,169,TheEmptinessMachine,Westwood,Throughput,HTTP/3
2025-05-02 14:26:09,index,52.7620000839233,169,TheEmptinessMachine,Westwood,Throughput,HTTP/3
2025-05-02 14:26:11,index,54.7620000839233,169,TheEmptinessMachine,Westwood,Throughput,HTTP/3
2025-05-02 14:26:13,index,56.7620000839233,169,TheEmptinessMachine,Westwood,Throughput,HTTP/3
2025-05-02 14:26:15,index,58.7620000839233,169,TheEmptinessMachine,Westwood,Throughput,HTTP/3
2025-05-02 14:26:17,index,60.7620000839233,320,TheEmptinessMachine,Westwood,Throughput,HTTP/3
2025-05-02 14:26:19,index,62.7620000839233,330,TheEmptinessMachine,Westwood,Throughput,HTTP/3
2025-05-02 14:26:21,index,64.7620000839233,330,TheEmptinessMachine,Westwood,Throughput,HTTP/3
2025-05-02 14:26:23,index,66.7620000839233,330,TheEmptinessMachine,Westwood,Throughput,HTTP/3
2025-05-02 14:26:25,index,68.7620000839233,169,TheEmptinessMachine,Westwood,Throughput,HTTP/3
2025-05-02 14:26:27,index,70.7620000839233,169,TheEmptinessMachine,Westwood,Throughput,HTTP/3
2025-05-02 14:26:29,index,72.7620000839233,169,TheEmptinessMachine,Westwood,Throughput,HTTP/3
2025-05-02 14:26:31,index,74.7620000839233,169,TheEmptinessMachine,Westwood,Throughput,HTTP/3
2025-05-02 14:26:33,index,76.7620000839233,169,TheEmptinessMachine,Westwood,Throughput,HTTP/3
2025-05-02 14:26:35,index,78.7620000839233,84,TheEmptinessMachine,Westwood,Throughput,HTTP/3
2025-05-02 14:26:37,index,80.7620000839233,214,TheEmptinessMachine,Westwood,Throughput,HTTP/3
2025-05-02 14:26:39,index,82.7620000839233,214,TheEmptinessMachine,Westwood,Throughput,HTTP/3
2025-05-02 14:26:41,index,84.7620000839233,169,TheEmptinessMachine,Westwood,Throughput,HTTP/3
2025-05-02 14:26:43,index,86.7620000839233,169,TheEmptinessMachine,Westwood,Throughput,HTTP/3
2025-05-02 14:26:45,index,88.7620000839233,169,TheEmptinessMachine,Westwood,Throughput,HTTP/3
2025-05-02 14:26:47,index,90.7620000839233,169,TheEmptinessMachine,Westwood,Throughput,HTTP/3
2025-05-02 14:26:49,index,92.7620000839233,169,TheEmptinessMachine,Westwood,Throughput,HTTP/3
2025-05-02 14:26:51,index,94.7620000839233,330,TheEmptinessMachine,Westwood,Throughput,HTTP/3
2025-05-02 14:26:53,index,96.7620000839233,330,TheEmptinessMachine,Westwood,Throughput,HTTP/3
2025-05-02 14:26:55,index,98.7620000839233,330,TheEmptinessMachine,Westwood,Throughput,HTTP/3
2025-05-02 14:26:57,index,100.762000083923,72,TheEmptinessMachine,Westwood,Throughput,HTTP/3
2025-05-02 14:26:59,index,102.762000083923,72,TheEmptinessMachine,Westwood,Throughput,HTTP/3
2025-05-02 14:27:01,index,104.762000083923,72,TheEmptinessMachine,Westwood,Throughput,HTTP/3
2025-05-02 14:27:03,index,106.762000083923,72,TheEmptinessMachine,Westwood,Throughput,HTTP/3
2025-05-02 14:27:05,index,108.762000083923,72,TheEmptinessMachine,Westwood,Throughput,HTTP/3
2025-05-02 14:27:07,index,110.762000083923,72,TheEmptinessMachine,Westwood,Throughput,HTTP/3
2025-05-02 14:27:09,index,112.762000083923,84,TheEmptinessMachine,Westwood,Throughput,HTTP/3
2025-05-02 14:27:11,index,114.762000083923,84,TheEmptinessMachine,Westwood,Throughput,HTTP/3
2025-05-02 14:27:13,index,116.762000083923,84,TheEmptinessMachine,Westwood,Throughput,HTTP/3
2025-05-02 14:27:15,index,118.762000083923,169,TheEmptinessMachine,Westwood,Throughput,HTTP/3
2025-05-02 14:27:17,index,120.762000083923,214,TheEmptinessMachine,Westwood,Throughput,HTTP/3
2025-05-02 14:27:19,index,122.762000083923,214,TheEmptinessMachine,Westwood,Throughput,HTTP/3
2025-05-02 14:27:21,index,124.762000083923,169,TheEmptinessMachine,Westwood,Throughput,HTTP/3
2025-05-02 14:27:23,index,126.762000083923,169,TheEmptinessMachine,Westwood,Throughput,HTTP/3
2025-05-02 14:27:25,index,128.762000083923,169,TheEmptinessMachine,Westwood,Throughput,HTTP/3
2025-05-02 14:27:27,index,130.762000083923,169,TheEmptinessMachine,Westwood,Throughput,HTTP/3
2025-05-02 14:27:29,index,132.762000083923,169,TheEmptinessMachine,Westwood,Throughput,HTTP/3
2025-05-02 14:27:31,index,134.762000083923,76,TheEmptinessMachine,Westwood,Throughput,HTTP/3
2025-05-02 14:27:33,index,136.762000083923,76,TheEmptinessMachine,Westwood,Throughput,HTTP/3
2025-05-02 14:27:35,index,138.762000083923,76,TheEmptinessMachine,Westwood,Throughput,HTTP/3
2025-05-02 14:27:37,index,140.762000083923,76,TheEmptinessMachine,Westwood,Throughput,HTTP/3
2025-05-02 14:27:39,index,142.762000083923,76,TheEmptinessMachine,Westwood,Throughput,HTTP/3
2025-05-02 14:27:41,index,144.762000083923,84,TheEmptinessMachine,Westwood,Throughput,HTTP/3
2025-05-02 14:27:43,index,146.762000083923,169,TheEmptinessMachine,Westwood,Throughput,HTTP/3
2025-05-02 14:27:45,index,148.762000083923,214,TheEmptinessMachine,Westwood,Throughput,HTTP/3
2025-05-02 14:27:47,index,150.762000083923,214,TheEmptinessMachine,Westwood,Throughput,HTTP/3
2025-05-02 14:27:49,index,152.762000083923,169,TheEmptinessMachine,Westwood,Throughput,HTTP/3
2025-05-02 14:27:51,index,154.762000083923,169,TheEmptinessMachine,Westwood,Throughput,HTTP/3
2025-05-02 14:27:53,index,156.762000083923,169,TheEmptinessMachine,Westwood,Throughput,HTTP/3
2025-05-02 14:27:55,index,158.762000083923,169,TheEmptinessMachine,Westwood,Throughput,HTTP/3
2025-05-02 14:27:57,index,160.762000083923,169,TheEmptinessMachine,Westwood,Throughput,HTTP/3
2025-05-02 14:27:59,index,162.762000083923,169,TheEmptinessMachine,Westwood,Throughput,HTTP/3
2025-05-02 14:28:01,index,164.762000083923,169,TheEmptinessMachine,Westwood,Throughput,HTTP/3
2025-05-02 14:28:03,index,166.762000083923,169,TheEmptinessMachine,Westwood,Throughput,HTTP/3
2025-05-02 14:28:05,index,168.760999917984,330,TheEmptinessMachine,Westwood,Throughput,HTTP/3
2025-05-02 14:28:07,index,170.762000083923,330,TheEmptinessMachine,Westwood,Throughput,HTTP/3
2025-05-02 14:28:09,index,172.762000083923,169,TheEmptinessMachine,Westwood,Throughput,HTTP/3
2025-05-02 14:28:11,index,174.762000083923,169,TheEmptinessMachine,Westwood,Throughput,HTTP/3
2025-05-02 14:28:13,index,176.762000083923,169,TheEmptinessMachine,Westwood,Throughput,HTTP/3
2025-05-02 14:28:15,index,178.762000083923,169,TheEmptinessMachine,Westwood,Throughput,HTTP/3
2025-05-02 14:28:17,index,180.762000083923,169,TheEmptinessMachine,Westwood,Throughput,HTTP/3
2025-05-02 14:28:19,index,182.762000083923,169,TheEmptinessMachine,Westwood,Throughput,HTTP/3
2025-05-02 14:28:21,index,184.762000083923,214,TheEmptinessMachine,Westwood,Throughput,HTTP/3
2025-05-02 14:28:23,index,186.762000083923,214,TheEmptinessMachine,Westwood,Throughput,HTTP/3
2025-05-02 14:28:25,index,188.762000083923,214,TheEmptinessMachine,Westwood,Throughput,HTTP/3
2025-05-02 14:28:27,index,190.762000083923,330,TheEmptinessMachine,Westwood,Throughput,HTTP/3
2025-05-02 14:28:29,index,192.762000083923,330,TheEmptinessMachine,Westwood,Throughput,HTTP/3
2025-05-02 14:28:31,index,194.762000083923,330,TheEmptinessMachine,Westwood,Throughput,HTTP/3
2025-05-02 14:28:33,index,196.762000083923,214,TheEmptinessMachine,Westwood,Throughput,HTTP/3
2025-05-02 14:28:35,index,198.762000083923,320,TheEmptinessMachine,Westwood,Throughput,HTTP/3
2025-05-02 14:28:37,index,200.762000083923,320,TheEmptinessMachine,Westwood,Throughput,HTTP/3
2025-05-02 14:28:39,index,202.762000083923,72,TheEmptinessMachine,Westwood,Throughput,HTTP/3
2025-05-02 14:28:41,index,204.762000083923,72,TheEmptinessMachine,Westwood,Throughput,HTTP/3
2025-05-02 14:28:43,index,206.762000083923,72,TheEmptinessMachine,Westwood,Throughput,HTTP/3
2025-05-02 14:28:45,index,208.762000083923,72,TheEmptinessMachine,Westwood,Throughput,HTTP/3
2025-05-02 14:28:47,index,210.762000083923,72,TheEmptinessMachine,Westwood,Throughput,HTTP/3
2025-05-02 14:28:49,index,212.762000083923,72,TheEmptinessMachine,Westwood,Throughput,HTTP/3
2025-05-02 14:29:26,index,4.29999995231628,980,TheEmptinessMachine,HTCP,Dynamic,HTTP/1.1
2025-05-02 14:29:30,index,8.29999995231628,330,TheEmptinessMachine,HTCP,Dynamic,HTTP/1.1
2025-05-02 14:29:32,index,10.2999999523163,674,TheEmptinessMachine,HTCP,Dynamic,HTTP/1.1
2025-05-02 14:29:36,index,14.2999999523163,214,TheEmptinessMachine,HTCP,Dynamic,HTTP/1.1
2025-05-02 14:29:38,index,16.2999999523163,330,TheEmptinessMachine,HTCP,Dynamic,HTTP/1.1
2025-05-02 14:29:42,index,20.2999999523163,330,TheEmptinessMachine,HTCP,Dynamic,HTTP/1.1
2025-05-02 14:29:44,index,22.2999999523163,330,TheEmptinessMachine,HTCP,Dynamic,HTTP/1.1
2025-05-02 14:29:46,index,24.2999999523163,330,TheEmptinessMachine,HTCP,Dynamic,HTTP/1.1
2025-05-02 14:29:48,index,26.2999999523163,320,TheEmptinessMachine,HTCP,Dynamic,HTTP/1.1
2025-05-02 14:29:50,index,28.2999999523163,320,TheEmptinessMachine,HTCP,Dynamic,HTTP/1.1
2025-05-02 14:29:52,index,30.2999999523163,320,TheEmptinessMachine,HTCP,Dynamic,HTTP/1.1
2025-05-02 14:29:54,index,32.2999999523163,320,TheEmptinessMachine,HTCP,Dynamic,HTTP/1.1
2025-05-02 14:29:56,index,34.2999999523163,320,TheEmptinessMachine,HTCP,Dynamic,HTTP/1.1
2025-05-02 14:29:58,index,36.2999999523163,320,TheEmptinessMachine,HTCP,Dynamic,HTTP/1.1
2025-05-02 14:30:00,index,38.2999999523163,320,TheEmptinessMachine,HTCP,Dynamic,HTTP/1.1
2025-05-02 14:30:02,index,40.2999999523163,320,TheEmptinessMachine,HTCP,Dynamic,HTTP/1.1
2025-05-02 14:30:04,index,42.2999999523163,320,TheEmptinessMachine,HTCP,Dynamic,HTTP/1.1
2025-05-02 14:30:06,index,44.2999999523163,635,TheEmptinessMachine,HTCP,Dynamic,HTTP/1.1
2025-05-02 14:30:08,index,46.2999999523163,635,TheEmptinessMachine,HTCP,Dynamic,HTTP/1.1
2025-05-02 14:30:10,index,48.2999999523163,330,TheEmptinessMachine,HTCP,Dynamic,HTTP/1.1
2025-05-02 14:30:12,index,50.2999999523163,330,TheEmptinessMachine,HTCP,Dynamic,HTTP/1.1
2025-05-02 14:30:14,index,52.2999999523163,330,TheEmptinessMachine,HTCP,Dynamic,HTTP/1.1
2025-05-02 14:30:16,index,54.2999999523163,330,TheEmptinessMachine,HTCP,Dynamic,HTTP/1.1
2025-05-02 14:30:18,index,56.2999999523163,330,TheEmptinessMachine,HTCP,Dynamic,HTTP/1.1
2025-05-02 14:30:20,index,58.2999999523163,330,TheEmptinessMachine,HTCP,Dynamic,HTTP/1.1
2025-05-02 14:30:22,index,60.2999999523163,330,TheEmptinessMachine,HTCP,Dynamic,HTTP/1.1
2025-05-02 14:30:24,index,62.2999999523163,635,TheEmptinessMachine,HTCP,Dynamic,HTTP/1.1
2025-05-02 14:30:26,index,64.2999999523163,674,TheEmptinessMachine,HTCP,Dynamic,HTTP/1.1
2025-05-02 14:30:28,index,66.2999999523163,674,TheEmptinessMachine,HTCP,Dynamic,HTTP/1.1
2025-05-02 14:30:30,index,68.2999999523163,674,TheEmptinessMachine,HTCP,Dynamic,HTTP/1.1
2025-05-02 14:30:32,index,70.2999999523163,674,TheEmptinessMachine,HTCP,Dynamic,HTTP/1.1
2025-05-02 14:30:34,index,72.2999999523163,674,TheEmptinessMachine,HTCP,Dynamic,HTTP/1.1
2025-05-02 14:30:36,index,74.2999999523163,169,TheEmptinessMachine,HTCP,Dynamic,HTTP/1.1
2025-05-02 14:30:38,index,76.2999999523163,214,TheEmptinessMachine,HTCP,Dynamic,HTTP/1.1
2025-05-02 14:30:40,index,78.2999999523163,635,TheEmptinessMachine,HTCP,Dynamic,HTTP/1.1
2025-05-02 14:30:42,index,80.2999999523163,674,TheEmptinessMachine,HTCP,Dynamic,HTTP/1.1
2025-05-02 14:30:44,index,82.2999999523163,674,TheEmptinessMachine,HTCP,Dynamic,HTTP/1.1
2025-05-02 14:30:46,index,84.2999999523163,169,TheEmptinessMachine,HTCP,Dynamic,HTTP/1.1
2025-05-02 14:30:48,index,86.2999999523163,330,TheEmptinessMachine,HTCP,Dynamic,HTTP/1.1
2025-05-02 14:30:50,index,88.2999999523163,330,TheEmptinessMachine,HTCP,Dynamic,HTTP/1.1
2025-05-02 14:30:52,index,90.2999999523163,84,TheEmptinessMachine,HTCP,Dynamic,HTTP/1.1
2025-05-02 14:30:54,index,92.2999999523163,330,TheEmptinessMachine,HTCP,Dynamic,HTTP/1.1
2025-05-02 14:30:56,index,94.2999999523163,330,TheEmptinessMachine,HTCP,Dynamic,HTTP/1.1
2025-05-02 14:30:58,index,96.2999999523163,635,TheEmptinessMachine,HTCP,Dynamic,HTTP/1.1
2025-05-02 14:31:00,index,98.2999999523163,320,TheEmptinessMachine,HTCP,Dynamic,HTTP/1.1
2025-05-02 14:31:02,index,100.299999952316,330,TheEmptinessMachine,HTCP,Dynamic,HTTP/1.1
2025-05-02 14:31:04,index,102.299999952316,330,TheEmptinessMachine,HTCP,Dynamic,HTTP/1.1
2025-05-02 14:31:06,index,104.299999952316,330,TheEmptinessMachine,HTCP,Dynamic,HTTP/1.1
2025-05-02 14:31:08,index,106.299999952316,330,TheEmptinessMachine,HTCP,Dynamic,HTTP/1.1
2025-05-02 14:31:10,index,108.299999952316,674,TheEmptinessMachine,HTCP,Dynamic,HTTP/1.1
2025-05-02 14:31:12,index,110.299999952316,674,TheEmptinessMachine,HTCP,Dynamic,HTTP/1.1
2025-05-02 14:31:14,index,112.299999952316,674,TheEmptinessMachine,HTCP,Dynamic,HTTP/1.1
2025-05-02 14:31:16,index,114.299999952316,674,TheEmptinessMachine,HTCP,Dynamic,HTTP/1.1
2025-05-02 14:31:18,index,116.299999952316,330,TheEmptinessMachine,HTCP,Dynamic,HTTP/1.1
2025-05-02 14:31:20,index,118.299999952316,330,TheEmptinessMachine,HTCP,Dynamic,HTTP/1.1
2025-05-02 14:31:22,index,120.299999952316,330,TheEmptinessMachine,HTCP,Dynamic,HTTP/1.1
2025-05-02 14:31:24,index,122.299999952316,330,TheEmptinessMachine,HTCP,Dynamic,HTTP/1.1
2025-05-02 14:31:26,index,124.299999952316,330,TheEmptinessMachine,HTCP,Dynamic,HTTP/1.1
2025-05-02 14:31:28,index,126.299999952316,330,TheEmptinessMachine,HTCP,Dynamic,HTTP/1.1
2025-05-02 14:31:30,index,128.299999952316,330,TheEmptinessMachine,HTCP,Dynamic,HTTP/1.1
2025-05-02 14:31:32,index,130.299999952316,330,TheEmptinessMachine,HTCP,Dynamic,HTTP/1.1
2025-05-02 14:31:34,index,132.299999952316,330,TheEmptinessMachine,HTCP,Dynamic,HTTP/1.1
2025-05-02 14:31:36,index,134.299999952316,330,TheEmptinessMachine,HTCP,Dynamic,HTTP/1.1
2025-05-02 14:31:38,index,136.299999952316,330,TheEmptinessMachine,HTCP,Dynamic,HTTP/1.1
2025-05-02 14:31:40,index,138.299999952316,330,TheEmptinessMachine,HTCP,Dynamic,HTTP/1.1
2025-05-02 14:31:42,index,140.299999952316,330,TheEmptinessMachine,HTCP,Dynamic,HTTP/1.1
2025-05-02 14:31:44,index,142.299999952316,330,TheEmptinessMachine,HTCP,Dynamic,HTTP/1.1
2025-05-02 14:31:46,index,144.299999952316,330,TheEmptinessMachine,HTCP,Dynamic,HTTP/1.1
2025-05-02 14:31:48,index,146.299999952316,330,TheEmptinessMachine,HTCP,Dynamic,HTTP/1.1
2025-05-02 14:31:50,index,148.299999952316,330,TheEmptinessMachine,HTCP,Dynamic,HTTP/1.1
2025-05-02 14:31:52,index,150.299999952316,330,TheEmptinessMachine,HTCP,Dynamic,HTTP/1.1
2025-05-02 14:31:54,index,152.299999952316,330,TheEmptinessMachine,HTCP,Dynamic,HTTP/1.1
2025-05-02 14:31:56,index,154.299999952316,330,TheEmptinessMachine,HTCP,Dynamic,HTTP/1.1
2025-05-02 14:31:58,index,156.299999952316,330,TheEmptinessMachine,HTCP,Dynamic,HTTP/1.1
2025-05-02 14:32:00,index,158.299999952316,330,TheEmptinessMachine,HTCP,Dynamic,HTTP/1.1
2025-05-02 14:32:02,index,160.299999952316,330,TheEmptinessMachine,HTCP,Dynamic,HTTP/1.1
2025-05-02 14:32:04,index,162.299999952316,330,TheEmptinessMachine,HTCP,Dynamic,HTTP/1.1
2025-05-02 14:32:06,index,164.299999952316,330,TheEmptinessMachine,HTCP,Dynamic,HTTP/1.1
2025-05-02 14:32:08,index,166.299999952316,330,TheEmptinessMachine,HTCP,Dynamic,HTTP/1.1
2025-05-02 14:32:10,index,168.299999952316,330,TheEmptinessMachine,HTCP,Dynamic,HTTP/1.1
2025-05-02 14:32:12,index,170.299999952316,330,TheEmptinessMachine,HTCP,Dynamic,HTTP/1.1
2025-05-02 14:32:14,index,172.299999952316,330,TheEmptinessMachine,HTCP,Dynamic,HTTP/1.1
2025-05-02 14:32:16,index,174.299999952316,330,TheEmptinessMachine,HTCP,Dynamic,HTTP/1.1
2025-05-02 14:32:18,index,176.299999952316,330,TheEmptinessMachine,HTCP,Dynamic,HTTP/1.1
2025-05-02 14:32:20,index,178.299999952316,330,TheEmptinessMachine,HTCP,Dynamic,HTTP/1.1
2025-05-02 14:32:22,index,180.299999952316,635,TheEmptinessMachine,HTCP,Dynamic,HTTP/1.1
2025-05-02 14:32:24,index,182.300999879837,330,TheEmptinessMachine,HTCP,Dynamic,HTTP/1.1
2025-05-02 14:32:26,index,184.299999952316,330,TheEmptinessMachine,HTCP,Dynamic,HTTP/1.1
2025-05-02 14:32:28,index,186.299999952316,330,TheEmptinessMachine,HTCP,Dynamic,HTTP/1.1
2025-05-02 14:32:30,index,188.299999952316,330,TheEmptinessMachine,HTCP,Dynamic,HTTP/1.1
2025-05-02 14:32:32,index,190.299999952316,330,TheEmptinessMachine,HTCP,Dynamic,HTTP/1.1
2025-05-02 14:32:34,index,192.299999952316,330,TheEmptinessMachine,HTCP,Dynamic,HTTP/1.1
2025-05-02 14:32:36,index,194.299999952316,330,TheEmptinessMachine,HTCP,Dynamic,HTTP/1.1
2025-05-02 14:32:38,index,196.299999952316,330,TheEmptinessMachine,HTCP,Dynamic,HTTP/1.1
2025-05-02 14:32:40,index,198.299999952316,330,TheEmptinessMachine,HTCP,Dynamic,HTTP/1.1
2025-05-02 14:32:42,index,200.299999952316,330,TheEmptinessMachine,HTCP,Dynamic,HTTP/1.1
2025-05-02 14:32:44,index,202.299999952316,330,TheEmptinessMachine,HTCP,Dynamic,HTTP/1.1
2025-05-02 14:32:46,index,204.299999952316,330,TheEmptinessMachine,HTCP,Dynamic,HTTP/1.1
2025-05-02 14:32:48,index,206.299999952316,330,TheEmptinessMachine,HTCP,Dynamic,HTTP/1.1
2025-05-02 14:33:32,index,8.09800004959106,330,TheEmptinessMachine,HTCP,Dynamic,HTTP/2
2025-05-02 14:33:34,index,10.0980000495911,330,TheEmptinessMachine,HTCP,Dynamic,HTTP/2
2025-05-02 14:33:38,index,14.0980000495911,330,TheEmptinessMachine,HTCP,Dynamic,HTTP/2
2025-05-02 14:33:40,index,16.0980000495911,330,TheEmptinessMachine,HTCP,Dynamic,HTTP/2
2025-05-02 14:33:44,index,20.0969998836517,320,TheEmptinessMachine,HTCP,Dynamic,HTTP/2
2025-05-02 14:33:46,index,22.0980000495911,320,TheEmptinessMachine,HTCP,Dynamic,HTTP/2
2025-05-02 14:33:48,index,24.0980000495911,84,TheEmptinessMachine,HTCP,Dynamic,HTTP/2
2025-05-02 14:33:50,index,26.0980000495911,320,TheEmptinessMachine,HTCP,Dynamic,HTTP/2
2025-05-02 14:33:52,index,28.0980000495911,320,TheEmptinessMachine,HTCP,Dynamic,HTTP/2
2025-05-02 14:33:54,index,30.0980000495911,320,TheEmptinessMachine,HTCP,Dynamic,HTTP/2
2025-05-02 14:33:58,index,34.0980000495911,214,TheEmptinessMachine,HTCP,Dynamic,HTTP/2
2025-05-02 14:34:00,index,36.0969998836517,214,TheEmptinessMachine,HTCP,Dynamic,HTTP/2
2025-05-02 14:34:02,index,38.0980000495911,214,TheEmptinessMachine,HTCP,Dynamic,HTTP/2
2025-05-02 14:34:04,index,40.0969998836517,214,TheEmptinessMachine,HTCP,Dynamic,HTTP/2
2025-05-02 14:34:06,index,42.0980000495911,214,TheEmptinessMachine,HTCP,Dynamic,HTTP/2
2025-05-02 14:34:08,index,44.0969998836517,214,TheEmptinessMachine,HTCP,Dynamic,HTTP/2
2025-05-02 14:34:10,index,46.0980000495911,214,TheEmptinessMachine,HTCP,Dynamic,HTTP/2
2025-05-02 14:34:12,index,48.0980000495911,214,TheEmptinessMachine,HTCP,Dynamic,HTTP/2
2025-05-02 14:34:14,index,50.0969998836517,214,TheEmptinessMachine,HTCP,Dynamic,HTTP/2
2025-05-02 14:34:16,index,52.0980000495911,214,TheEmptinessMachine,HTCP,Dynamic,HTTP/2
2025-05-02 14:34:18,index,54.0980000495911,635,TheEmptinessMachine,HTCP,Dynamic,HTTP/2
2025-05-02 14:34:20,index,56.0980000495911,635,TheEmptinessMachine,HTCP,Dynamic,HTTP/2
2025-05-02 14:34:22,index,58.0980000495911,635,TheEmptinessMachine,HTCP,Dynamic,HTTP/2
2025-05-02 14:34:24,index,60.0980000495911,635,TheEmptinessMachine,HTCP,Dynamic,HTTP/2
2025-05-02 14:34:26,index,62.0980000495911,635,TheEmptinessMachine,HTCP,Dynamic,HTTP/2
2025-05-02 14:34:28,index,64.0969998836517,330,TheEmptinessMachine,HTCP,Dynamic,HTTP/2
2025-05-02 14:34:30,index,66.0980000495911,330,TheEmptinessMachine,HTCP,Dynamic,HTTP/2
2025-05-02 14:34:32,index,68.0969998836517,330,TheEmptinessMachine,HTCP,Dynamic,HTTP/2
2025-05-02 14:34:34,index,70.0969998836517,330,TheEmptinessMachine,HTCP,Dynamic,HTTP/2
2025-05-02 14:34:36,index,72.0980000495911,330,TheEmptinessMachine,HTCP,Dynamic,HTTP/2
2025-05-02 14:34:38,index,74.0969998836517,330,TheEmptinessMachine,HTCP,Dynamic,HTTP/2
2025-05-02 14:34:40,index,76.0969998836517,330,TheEmptinessMachine,HTCP,Dynamic,HTTP/2
2025-05-02 14:34:42,index,78.0969998836517,320,TheEmptinessMachine,HTCP,Dynamic,HTTP/2
2025-05-02 14:34:44,index,80.0980000495911,320,TheEmptinessMachine,HTCP,Dynamic,HTTP/2
2025-05-02 14:34:46,index,82.0980000495911,320,TheEmptinessMachine,HTCP,Dynamic,HTTP/2
2025-05-02 14:34:48,index,84.0969998836517,320,TheEmptinessMachine,HTCP,Dynamic,HTTP/2
2025-05-02 14:34:50,index,86.0980000495911,320,TheEmptinessMachine,HTCP,Dynamic,HTTP/2
2025-05-02 14:34:52,index,88.0969998836517,320,TheEmptinessMachine,HTCP,Dynamic,HTTP/2
2025-05-02 14:34:54,index,90.0980000495911,320,TheEmptinessMachine,HTCP,Dynamic,HTTP/2
2025-05-02 14:34:56,index,92.0980000495911,320,TheEmptinessMachine,HTCP,Dynamic,HTTP/2
2025-05-02 14:34:58,index,94.0969998836517,320,TheEmptinessMachine,HTCP,Dynamic,HTTP/2
2025-05-02 14:35:00,index,96.0980000495911,320,TheEmptinessMachine,HTCP,Dynamic,HTTP/2
2025-05-02 14:35:02,index,98.0969998836517,320,TheEmptinessMachine,HTCP,Dynamic,HTTP/2
2025-05-02 14:35:04,index,100.098000049591,320,TheEmptinessMachine,HTCP,Dynamic,HTTP/2
2025-05-02 14:35:06,index,102.096999883652,320,TheEmptinessMachine,HTCP,Dynamic,HTTP/2
2025-05-02 14:35:08,index,104.096999883652,330,TheEmptinessMachine,HTCP,Dynamic,HTTP/2
2025-05-02 14:35:10,index,106.096999883652,330,TheEmptinessMachine,HTCP,Dynamic,HTTP/2
2025-05-02 14:35:12,index,108.098000049591,330,TheEmptinessMachine,HTCP,Dynamic,HTTP/2
2025-05-02 14:35:14,index,110.098000049591,330,TheEmptinessMachine,HTCP,Dynamic,HTTP/2
2025-05-02 14:35:16,index,112.096999883652,330,TheEmptinessMachine,HTCP,Dynamic,HTTP/2
2025-05-02 14:35:18,index,114.098000049591,635,TheEmptinessMachine,HTCP,Dynamic,HTTP/2
2025-05-02 14:35:20,index,116.098000049591,674,TheEmptinessMachine,HTCP,Dynamic,HTTP/2
2025-05-02 14:35:22,index,118.096999883652,674,TheEmptinessMachine,HTCP,Dynamic,HTTP/2
2025-05-02 14:35:24,index,120.098000049591,674,TheEmptinessMachine,HTCP,Dynamic,HTTP/2
2025-05-02 14:35:26,index,122.096999883652,635,TheEmptinessMachine,HTCP,Dynamic,HTTP/2
2025-05-02 14:35:28,index,124.096999883652,635,TheEmptinessMachine,HTCP,Dynamic,HTTP/2
2025-05-02 14:35:32,index,128.098000049591,330,TheEmptinessMachine,HTCP,Dynamic,HTTP/2
2025-05-02 14:35:38,index,134.098000049591,214,TheEmptinessMachine,HTCP,Dynamic,HTTP/2
2025-05-02 14:35:40,index,136.098000049591,320,TheEmptinessMachine,HTCP,Dynamic,HTTP/2
2025-05-02 14:35:44,index,140.098000049591,320,TheEmptinessMachine,HTCP,Dynamic,HTTP/2
2025-05-02 14:35:46,index,142.098000049591,320,TheEmptinessMachine,HTCP,Dynamic,HTTP/2
2025-05-02 14:35:48,index,144.096999883652,84,TheEmptinessMachine,HTCP,Dynamic,HTTP/2
2025-05-02 14:35:50,index,146.098000049591,169,TheEmptinessMachine,HTCP,Dynamic,HTTP/2
2025-05-02 14:36:00,index,156.098000049591,214,TheEmptinessMachine,HTCP,Dynamic,HTTP/2
2025-05-02 14:36:02,index,158.098000049591,214,TheEmptinessMachine,HTCP,Dynamic,HTTP/2
2025-05-02 14:36:06,index,162.098000049591,169,TheEmptinessMachine,HTCP,Dynamic,HTTP/2
2025-05-02 14:36:08,index,164.098000049591,169,TheEmptinessMachine,HTCP,Dynamic,HTTP/2
2025-05-02 14:36:12,index,168.096999883652,169,TheEmptinessMachine,HTCP,Dynamic,HTTP/2
2025-05-02 14:36:14,index,170.098000049591,169,TheEmptinessMachine,HTCP,Dynamic,HTTP/2
2025-05-02 14:36:16,index,172.098000049591,169,TheEmptinessMachine,HTCP,Dynamic,HTTP/2
2025-05-02 14:36:18,index,174.098000049591,169,TheEmptinessMachine,HTCP,Dynamic,HTTP/2
2025-05-02 14:36:20,index,176.096999883652,169,TheEmptinessMachine,HTCP,Dynamic,HTTP/2
2025-05-02 14:36:22,index,178.096999883652,169,TheEmptinessMachine,HTCP,Dynamic,HTTP/2
2025-05-02 14:36:24,index,180.098000049591,169,TheEmptinessMachine,HTCP,Dynamic,HTTP/2
2025-05-02 14:36:26,index,182.098000049591,169,TheEmptinessMachine,HTCP,Dynamic,HTTP/2
2025-05-02 14:36:28,index,184.096999883652,330,TheEmptinessMachine,HTCP,Dynamic,HTTP/2
2025-05-02 14:36:30,index,186.096999883652,330,TheEmptinessMachine,HTCP,Dynamic,HTTP/2
2025-05-02 14:36:32,index,188.098000049591,330,TheEmptinessMachine,HTCP,Dynamic,HTTP/2
2025-05-02 14:36:34,index,190.096999883652,330,TheEmptinessMachine,HTCP,Dynamic,HTTP/2
2025-05-02 14:36:36,index,192.096999883652,330,TheEmptinessMachine,HTCP,Dynamic,HTTP/2
2025-05-02 14:36:38,index,194.096999883652,330,TheEmptinessMachine,HTCP,Dynamic,HTTP/2
2025-05-02 14:36:40,index,196.096999883652,330,TheEmptinessMachine,HTCP,Dynamic,HTTP/2
2025-05-02 14:36:42,index,198.098000049591,330,TheEmptinessMachine,HTCP,Dynamic,HTTP/2
2025-05-02 14:36:44,index,200.096999883652,330,TheEmptinessMachine,HTCP,Dynamic,HTTP/2
2025-05-02 14:36:46,index,202.098000049591,330,TheEmptinessMachine,HTCP,Dynamic,HTTP/2
2025-05-02 14:36:48,index,204.096999883652,330,TheEmptinessMachine,HTCP,Dynamic,HTTP/2
2025-05-02 14:36:50,index,206.098000049591,330,TheEmptinessMachine,HTCP,Dynamic,HTTP/2
2025-05-02 14:37:30,index,4.09500002861023,1226,TheEmptinessMachine,HTCP,Dynamic,HTTP/3
2025-05-02 14:37:34,index,8.0939998626709,214,TheEmptinessMachine,HTCP,Dynamic,HTTP/3
2025-05-02 14:37:38,index,12.0939998626709,169,TheEmptinessMachine,HTCP,Dynamic,HTTP/3
2025-05-02 14:37:40,index,14.0939998626709,330,TheEmptinessMachine,HTCP,Dynamic,HTTP/3
2025-05-02 14:37:44,index,18.0939998626709,72,TheEmptinessMachine,HTCP,Dynamic,HTTP/3
2025-05-02 14:37:46,index,20.0939998626709,72,TheEmptinessMachine,HTCP,Dynamic,HTTP/3
2025-05-02 14:37:48,index,22.0939998626709,72,TheEmptinessMachine,HTCP,Dynamic,HTTP/3
2025-05-02 14:37:50,index,24.0939998626709,72,TheEmptinessMachine,HTCP,Dynamic,HTTP/3
2025-05-02 14:37:52,index,26.0939998626709,81,TheEmptinessMachine,HTCP,Dynamic,HTTP/3
2025-05-02 14:37:54,index,28.0939998626709,330,TheEmptinessMachine,HTCP,Dynamic,HTTP/3
2025-05-02 14:37:56,index,30.0939998626709,330,TheEmptinessMachine,HTCP,Dynamic,HTTP/3
2025-05-02 14:38:00,index,34.0939998626709,330,TheEmptinessMachine,HTCP,Dynamic,HTTP/3
2025-05-02 14:38:02,index,36.0939998626709,330,TheEmptinessMachine,HTCP,Dynamic,HTTP/3
2025-05-02 14:38:04,index,38.0939998626709,330,TheEmptinessMachine,HTCP,Dynamic,HTTP/3
2025-05-02 14:38:12,index,46.0939998626709,84,TheEmptinessMachine,HTCP,Dynamic,HTTP/3
2025-05-02 14:38:18,index,52.0939998626709,214,TheEmptinessMachine,HTCP,Dynamic,HTTP/3
2025-05-02 14:38:22,index,56.0939998626709,214,TheEmptinessMachine,HTCP,Dynamic,HTTP/3
2025-05-02 14:38:26,index,60.0939998626709,320,TheEmptinessMachine,HTCP,Dynamic,HTTP/3
2025-05-02 14:38:32,index,66.0939998626709,72,TheEmptinessMachine,HTCP,Dynamic,HTTP/3
2025-05-02 14:38:36,index,70.0939998626709,72,TheEmptinessMachine,HTCP,Dynamic,HTTP/3
2025-05-02 14:38:38,index,72.0939998626709,72,TheEmptinessMachine,HTCP,Dynamic,HTTP/3
2025-05-02 14:38:42,index,76.095999956131,72,TheEmptinessMachine,HTCP,Dynamic,HTTP/3
2025-05-02 14:38:44,index,78.0939998626709,330,TheEmptinessMachine,HTCP,Dynamic,HTTP/3
2025-05-02 14:38:46,index,80.0939998626709,84,TheEmptinessMachine,HTCP,Dynamic,HTTP/3
2025-05-02 14:38:48,index,82.0939998626709,84,TheEmptinessMachine,HTCP,Dynamic,HTTP/3
2025-05-02 14:38:50,index,84.0939998626709,84,TheEmptinessMachine,HTCP,Dynamic,HTTP/3
2025-05-02 14:38:52,index,86.0939998626709,84,TheEmptinessMachine,HTCP,Dynamic,HTTP/3
2025-05-02 14:38:54,index,88.0939998626709,84,TheEmptinessMachine,HTCP,Dynamic,HTTP/3
2025-05-02 14:38:56,index,90.0939998626709,84,TheEmptinessMachine,HTCP,Dynamic,HTTP/3
2025-05-02 14:38:58,index,92.0939998626709,84,TheEmptinessMachine,HTCP,Dynamic,HTTP/3
2025-05-02 14:39:00,index,94.0939998626709,169,TheEmptinessMachine,HTCP,Dynamic,HTTP/3
2025-05-02 14:39:02,index,96.0939998626709,84,TheEmptinessMachine,HTCP,Dynamic,HTTP/3
2025-05-02 14:39:04,index,98.0939998626709,84,TheEmptinessMachine,HTCP,Dynamic,HTTP/3
2025-05-02 14:39:06,index,100.093999862671,84,TheEmptinessMachine,HTCP,Dynamic,HTTP/3
2025-05-02 14:39:08,index,102.093999862671,84,TheEmptinessMachine,HTCP,Dynamic,HTTP/3
2025-05-02 14:39:10,index,104.093999862671,84,TheEmptinessMachine,HTCP,Dynamic,HTTP/3
2025-05-02 14:39:12,index,106.093999862671,84,TheEmptinessMachine,HTCP,Dynamic,HTTP/3
2025-05-02 14:39:14,index,108.093999862671,214,TheEmptinessMachine,HTCP,Dynamic,HTTP/3
2025-05-02 14:39:16,index,110.093999862671,214,TheEmptinessMachine,HTCP,Dynamic,HTTP/3
2025-05-02 14:39:18,index,112.093999862671,214,TheEmptinessMachine,HTCP,Dynamic,HTTP/3
2025-05-02 14:39:20,index,114.093999862671,214,TheEmptinessMachine,HTCP,Dynamic,HTTP/3
2025-05-02 14:39:22,index,116.093999862671,214,TheEmptinessMachine,HTCP,Dynamic,HTTP/3
2025-05-02 14:39:24,index,118.093999862671,214,TheEmptinessMachine,HTCP,Dynamic,HTTP/3
2025-05-02 14:39:26,index,120.093999862671,214,TheEmptinessMachine,HTCP,Dynamic,HTTP/3
2025-05-02 14:39:28,index,122.093999862671,214,TheEmptinessMachine,HTCP,Dynamic,HTTP/3
2025-05-02 14:39:30,index,124.093999862671,214,TheEmptinessMachine,HTCP,Dynamic,HTTP/3
2025-05-02 14:39:32,index,126.093999862671,214,TheEmptinessMachine,HTCP,Dynamic,HTTP/3
2025-05-02 14:39:34,index,128.093999862671,169,TheEmptinessMachine,HTCP,Dynamic,HTTP/3
2025-05-02 14:39:36,index,130.093999862671,169,TheEmptinessMachine,HTCP,Dynamic,HTTP/3
2025-05-02 14:39:38,index,132.093999862671,169,TheEmptinessMachine,HTCP,Dynamic,HTTP/3
2025-05-02 14:39:42,index,136.093999862671,169,TheEmptinessMachine,HTCP,Dynamic,HTTP/3
2025-05-02 14:39:48,index,142.093999862671,169,TheEmptinessMachine,HTCP,Dynamic,HTTP/3
2025-05-02 14:39:50,index,144.093999862671,169,TheEmptinessMachine,HTCP,Dynamic,HTTP/3
2025-05-02 14:39:52,index,146.093999862671,214,TheEmptinessMachine,HTCP,Dynamic,HTTP/3
2025-05-02 14:39:54,index,148.093999862671,320,TheEmptinessMachine,HTCP,Dynamic,HTTP/3
2025-05-02 14:39:56,index,150.093999862671,320,TheEmptinessMachine,HTCP,Dynamic,HTTP/3
2025-05-02 14:39:58,index,152.093999862671,320,TheEmptinessMachine,HTCP,Dynamic,HTTP/3
2025-05-02 14:40:00,index,154.093999862671,330,TheEmptinessMachine,HTCP,Dynamic,HTTP/3
2025-05-02 14:40:02,index,156.093999862671,330,TheEmptinessMachine,HTCP,Dynamic,HTTP/3
2025-05-02 14:40:04,index,158.093999862671,320,TheEmptinessMachine,HTCP,Dynamic,HTTP/3
2025-05-02 14:40:06,index,160.093999862671,320,TheEmptinessMachine,HTCP,Dynamic,HTTP/3
2025-05-02 14:40:08,index,162.093999862671,320,TheEmptinessMachine,HTCP,Dynamic,HTTP/3
2025-05-02 14:40:10,index,164.093999862671,320,TheEmptinessMachine,HTCP,Dynamic,HTTP/3
2025-05-02 14:40:12,index,166.093999862671,320,TheEmptinessMachine,HTCP,Dynamic,HTTP/3
2025-05-02 14:40:16,index,170.093999862671,84,TheEmptinessMachine,HTCP,Dynamic,HTTP/3
2025-05-02 14:40:18,index,172.093999862671,84,TheEmptinessMachine,HTCP,Dynamic,HTTP/3
2025-05-02 14:40:20,index,174.093999862671,84,TheEmptinessMachine,HTCP,Dynamic,HTTP/3
2025-05-02 14:40:26,index,180.093999862671,214,TheEmptinessMachine,HTCP,Dynamic,HTTP/3
2025-05-02 14:40:28,index,182.093999862671,214,TheEmptinessMachine,HTCP,Dynamic,HTTP/3
2025-05-02 14:40:30,index,184.093999862671,214,TheEmptinessMachine,HTCP,Dynamic,HTTP/3
2025-05-02 14:40:32,index,186.093999862671,72,TheEmptinessMachine,HTCP,Dynamic,HTTP/3
2025-05-02 14:40:34,index,188.093999862671,72,TheEmptinessMachine,HTCP,Dynamic,HTTP/3
2025-05-02 14:40:36,index,190.093999862671,72,TheEmptinessMachine,HTCP,Dynamic,HTTP/3
2025-05-02 14:40:38,index,192.093999862671,72,TheEmptinessMachine,HTCP,Dynamic,HTTP/3
2025-05-02 14:40:40,index,194.093999862671,72,TheEmptinessMachine,HTCP,Dynamic,HTTP/3
2025-05-02 14:40:42,index,196.093999862671,72,TheEmptinessMachine,HTCP,Dynamic,HTTP/3
2025-05-02 14:40:44,index,198.093999862671,72,TheEmptinessMachine,HTCP,Dynamic,HTTP/3
2025-05-02 14:40:46,index,200.093999862671,72,TheEmptinessMachine,HTCP,Dynamic,HTTP/3
2025-05-02 14:40:48,index,202.093999862671,72,TheEmptinessMachine,HTCP,Dynamic,HTTP/3
2025-05-02 14:40:50,index,204.093999862671,72,TheEmptinessMachine,HTCP,Dynamic,HTTP/3
2025-05-02 14:40:52,index,206.093999862671,72,TheEmptinessMachine,HTCP,Dynamic,HTTP/3
2025-05-02 14:41:35,index,8.29100012779236,674,TheEmptinessMachine,HTCP,Bola,HTTP/1.1
2025-05-02 14:41:37,index,10.2910001277924,674,TheEmptinessMachine,HTCP,Bola,HTTP/1.1
2025-05-02 14:41:39,index,12.2910001277924,674,TheEmptinessMachine,HTCP,Bola,HTTP/1.1
2025-05-02 14:41:41,index,14.2910001277924,674,TheEmptinessMachine,HTCP,Bola,HTTP/1.1
2025-05-02 14:41:43,index,16.2910001277924,674,TheEmptinessMachine,HTCP,Bola,HTTP/1.1
2025-05-02 14:41:45,index,18.2910001277924,674,TheEmptinessMachine,HTCP,Bola,HTTP/1.1
2025-05-02 14:41:47,index,20.2910001277924,674,TheEmptinessMachine,HTCP,Bola,HTTP/1.1
2025-05-02 14:41:51,index,24.2910001277924,674,TheEmptinessMachine,HTCP,Bola,HTTP/1.1
2025-05-02 14:41:53,index,26.2910001277924,674,TheEmptinessMachine,HTCP,Bola,HTTP/1.1
2025-05-02 14:41:55,index,28.2910001277924,330,TheEmptinessMachine,HTCP,Bola,HTTP/1.1
2025-05-02 14:41:57,index,30.2910001277924,330,TheEmptinessMachine,HTCP,Bola,HTTP/1.1
2025-05-02 14:41:59,index,32.2910001277924,330,TheEmptinessMachine,HTCP,Bola,HTTP/1.1
2025-05-02 14:42:01,index,34.2910001277924,330,TheEmptinessMachine,HTCP,Bola,HTTP/1.1
2025-05-02 14:42:03,index,36.2910001277924,330,TheEmptinessMachine,HTCP,Bola,HTTP/1.1
2025-05-02 14:42:05,index,38.2910001277924,330,TheEmptinessMachine,HTCP,Bola,HTTP/1.1
2025-05-02 14:42:07,index,40.2910001277924,674,TheEmptinessMachine,HTCP,Bola,HTTP/1.1
2025-05-02 14:42:09,index,42.2910001277924,674,TheEmptinessMachine,HTCP,Bola,HTTP/1.1
2025-05-02 14:42:11,index,44.2910001277924,674,TheEmptinessMachine,HTCP,Bola,HTTP/1.1
2025-05-02 14:42:13,index,46.2910001277924,674,TheEmptinessMachine,HTCP,Bola,HTTP/1.1
2025-05-02 14:42:15,index,48.2910001277924,674,TheEmptinessMachine,HTCP,Bola,HTTP/1.1
2025-05-02 14:42:17,index,50.2910001277924,674,TheEmptinessMachine,HTCP,Bola,HTTP/1.1
2025-05-02 14:42:19,index,52.2910001277924,674,TheEmptinessMachine,HTCP,Bola,HTTP/1.1
2025-05-02 14:42:21,index,54.2910001277924,674,TheEmptinessMachine,HTCP,Bola,HTTP/1.1
2025-05-02 14:42:23,index,56.2910001277924,674,TheEmptinessMachine,HTCP,Bola,HTTP/1.1
2025-05-02 14:42:25,index,58.2910001277924,674,TheEmptinessMachine,HTCP,Bola,HTTP/1.1
2025-05-02 14:42:27,index,60.2910001277924,674,TheEmptinessMachine,HTCP,Bola,HTTP/1.1
2025-05-02 14:42:29,index,62.2910001277924,330,TheEmptinessMachine,HTCP,Bola,HTTP/1.1
2025-05-02 14:42:31,index,64.2910001277924,330,TheEmptinessMachine,HTCP,Bola,HTTP/1.1
2025-05-02 14:42:33,index,66.2910001277924,330,TheEmptinessMachine,HTCP,Bola,HTTP/1.1
2025-05-02 14:42:35,index,68.2910001277924,330,TheEmptinessMachine,HTCP,Bola,HTTP/1.1
2025-05-02 14:42:37,index,70.2910001277924,330,TheEmptinessMachine,HTCP,Bola,HTTP/1.1
2025-05-02 14:42:39,index,72.2910001277924,330,TheEmptinessMachine,HTCP,Bola,HTTP/1.1
2025-05-02 14:42:41,index,74.2910001277924,330,TheEmptinessMachine,HTCP,Bola,HTTP/1.1
2025-05-02 14:42:43,index,76.2910001277924,330,TheEmptinessMachine,HTCP,Bola,HTTP/1.1
2025-05-02 14:42:45,index,78.2910001277924,330,TheEmptinessMachine,HTCP,Bola,HTTP/1.1
2025-05-02 14:42:47,index,80.2910001277924,330,TheEmptinessMachine,HTCP,Bola,HTTP/1.1
2025-05-02 14:42:51,index,84.2910001277924,330,TheEmptinessMachine,HTCP,Bola,HTTP/1.1
2025-05-02 14:42:53,index,86.2910001277924,330,TheEmptinessMachine,HTCP,Bola,HTTP/1.1
2025-05-02 14:42:55,index,88.2910001277924,330,TheEmptinessMachine,HTCP,Bola,HTTP/1.1
2025-05-02 14:42:57,index,90.2910001277924,330,TheEmptinessMachine,HTCP,Bola,HTTP/1.1
2025-05-02 14:42:59,index,92.2910001277924,330,TheEmptinessMachine,HTCP,Bola,HTTP/1.1
2025-05-02 14:43:01,index,94.2910001277924,330,TheEmptinessMachine,HTCP,Bola,HTTP/1.1
2025-05-02 14:43:03,index,96.2910001277924,330,TheEmptinessMachine,HTCP,Bola,HTTP/1.1
2025-05-02 14:43:05,index,98.2910001277924,330,TheEmptinessMachine,HTCP,Bola,HTTP/1.1
2025-05-02 14:43:07,index,100.291000127792,330,TheEmptinessMachine,HTCP,Bola,HTTP/1.1
2025-05-02 14:43:09,index,102.291000127792,330,TheEmptinessMachine,HTCP,Bola,HTTP/1.1
2025-05-02 14:43:11,index,104.291000127792,330,TheEmptinessMachine,HTCP,Bola,HTTP/1.1
2025-05-02 14:43:13,index,106.291000127792,330,TheEmptinessMachine,HTCP,Bola,HTTP/1.1
2025-05-02 14:43:15,index,108.291000127792,330,TheEmptinessMachine,HTCP,Bola,HTTP/1.1
2025-05-02 14:43:17,index,110.291000127792,330,TheEmptinessMachine,HTCP,Bola,HTTP/1.1
2025-05-02 14:43:19,index,112.291000127792,330,TheEmptinessMachine,HTCP,Bola,HTTP/1.1
2025-05-02 14:43:21,index,114.291000127792,330,TheEmptinessMachine,HTCP,Bola,HTTP/1.1
2025-05-02 14:43:23,index,116.292000055313,330,TheEmptinessMachine,HTCP,Bola,HTTP/1.1
2025-05-02 14:43:25,index,118.291000127792,330,TheEmptinessMachine,HTCP,Bola,HTTP/1.1
2025-05-02 14:43:27,index,120.291000127792,330,TheEmptinessMachine,HTCP,Bola,HTTP/1.1
2025-05-02 14:43:29,index,122.291000127792,635,TheEmptinessMachine,HTCP,Bola,HTTP/1.1
2025-05-02 14:43:31,index,124.291000127792,674,TheEmptinessMachine,HTCP,Bola,HTTP/1.1
2025-05-02 14:43:33,index,126.291000127792,674,TheEmptinessMachine,HTCP,Bola,HTTP/1.1
2025-05-02 14:43:35,index,128.291000127792,674,TheEmptinessMachine,HTCP,Bola,HTTP/1.1
2025-05-02 14:43:37,index,130.291000127792,674,TheEmptinessMachine,HTCP,Bola,HTTP/1.1
2025-05-02 14:43:39,index,132.291000127792,674,TheEmptinessMachine,HTCP,Bola,HTTP/1.1
2025-05-02 14:43:41,index,134.291000127792,674,TheEmptinessMachine,HTCP,Bola,HTTP/1.1
2025-05-02 14:43:43,index,136.291000127792,84,TheEmptinessMachine,HTCP,Bola,HTTP/1.1
2025-05-02 14:43:45,index,138.291000127792,166,TheEmptinessMachine,HTCP,Bola,HTTP/1.1
2025-05-02 14:43:47,index,140.291000127792,169,TheEmptinessMachine,HTCP,Bola,HTTP/1.1
2025-05-02 14:43:49,index,142.291000127792,169,TheEmptinessMachine,HTCP,Bola,HTTP/1.1
2025-05-02 14:43:51,index,144.291000127792,330,TheEmptinessMachine,HTCP,Bola,HTTP/1.1
2025-05-02 14:43:53,index,146.291000127792,320,TheEmptinessMachine,HTCP,Bola,HTTP/1.1
2025-05-02 14:43:55,index,148.291000127792,214,TheEmptinessMachine,HTCP,Bola,HTTP/1.1
2025-05-02 14:43:57,index,150.291000127792,166,TheEmptinessMachine,HTCP,Bola,HTTP/1.1
2025-05-02 14:43:59,index,152.291000127792,166,TheEmptinessMachine,HTCP,Bola,HTTP/1.1
2025-05-02 14:44:01,index,154.291000127792,169,TheEmptinessMachine,HTCP,Bola,HTTP/1.1
2025-05-02 14:44:03,index,156.291000127792,214,TheEmptinessMachine,HTCP,Bola,HTTP/1.1
2025-05-02 14:44:05,index,158.291000127792,84,TheEmptinessMachine,HTCP,Bola,HTTP/1.1
2025-05-02 14:44:07,index,160.291000127792,169,TheEmptinessMachine,HTCP,Bola,HTTP/1.1
2025-05-02 14:44:09,index,162.291000127792,169,TheEmptinessMachine,HTCP,Bola,HTTP/1.1
2025-05-02 14:44:11,index,164.291000127792,169,TheEmptinessMachine,HTCP,Bola,HTTP/1.1
2025-05-02 14:44:13,index,166.291000127792,169,TheEmptinessMachine,HTCP,Bola,HTTP/1.1
2025-05-02 14:44:15,index,168.291000127792,169,TheEmptinessMachine,HTCP,Bola,HTTP/1.1
2025-05-02 14:44:17,index,170.291000127792,169,TheEmptinessMachine,HTCP,Bola,HTTP/1.1
2025-05-02 14:44:19,index,172.291000127792,330,TheEmptinessMachine,HTCP,Bola,HTTP/1.1
2025-05-02 14:44:21,index,174.291000127792,330,TheEmptinessMachine,HTCP,Bola,HTTP/1.1
2025-05-02 14:44:23,index,176.291000127792,330,TheEmptinessMachine,HTCP,Bola,HTTP/1.1
2025-05-02 14:44:25,index,178.291000127792,330,TheEmptinessMachine,HTCP,Bola,HTTP/1.1
2025-05-02 14:44:27,index,180.291000127792,330,TheEmptinessMachine,HTCP,Bola,HTTP/1.1
2025-05-02 14:44:29,index,182.291000127792,330,TheEmptinessMachine,HTCP,Bola,HTTP/1.1
2025-05-02 14:44:31,index,184.291000127792,330,TheEmptinessMachine,HTCP,Bola,HTTP/1.1
2025-05-02 14:44:33,index,186.291000127792,330,TheEmptinessMachine,HTCP,Bola,HTTP/1.1
2025-05-02 14:44:35,index,188.291000127792,330,TheEmptinessMachine,HTCP,Bola,HTTP/1.1
2025-05-02 14:44:37,index,190.291000127792,330,TheEmptinessMachine,HTCP,Bola,HTTP/1.1
2025-05-02 14:44:39,index,192.292000055313,330,TheEmptinessMachine,HTCP,Bola,HTTP/1.1
2025-05-02 14:44:41,index,194.291000127792,330,TheEmptinessMachine,HTCP,Bola,HTTP/1.1
2025-05-02 14:44:43,index,196.291000127792,330,TheEmptinessMachine,HTCP,Bola,HTTP/1.1
2025-05-02 14:44:45,index,198.291000127792,330,TheEmptinessMachine,HTCP,Bola,HTTP/1.1
2025-05-02 14:44:47,index,200.291000127792,330,TheEmptinessMachine,HTCP,Bola,HTTP/1.1
2025-05-02 14:44:49,index,202.291000127792,330,TheEmptinessMachine,HTCP,Bola,HTTP/1.1
2025-05-02 14:44:51,index,204.292000055313,330,TheEmptinessMachine,HTCP,Bola,HTTP/1.1
2025-05-02 14:44:53,index,206.291000127792,330,TheEmptinessMachine,HTCP,Bola,HTTP/1.1
2025-05-02 14:45:32,index,8.35999989509583,169,TheEmptinessMachine,HTCP,Bola,HTTP/2
2025-05-02 14:45:34,index,10.3599998950958,169,TheEmptinessMachine,HTCP,Bola,HTTP/2
2025-05-02 14:45:36,index,12.3599998950958,169,TheEmptinessMachine,HTCP,Bola,HTTP/2
2025-05-02 14:45:38,index,14.3599998950958,169,TheEmptinessMachine,HTCP,Bola,HTTP/2
2025-05-02 14:45:40,index,16.3599998950958,169,TheEmptinessMachine,HTCP,Bola,HTTP/2
2025-05-02 14:45:42,index,18.3599998950958,214,TheEmptinessMachine,HTCP,Bola,HTTP/2
2025-05-02 14:45:44,index,20.3599998950958,330,TheEmptinessMachine,HTCP,Bola,HTTP/2
2025-05-02 14:45:46,index,22.3599998950958,330,TheEmptinessMachine,HTCP,Bola,HTTP/2
2025-05-02 14:45:48,index,24.3599998950958,330,TheEmptinessMachine,HTCP,Bola,HTTP/2
2025-05-02 14:45:50,index,26.3599998950958,320,TheEmptinessMachine,HTCP,Bola,HTTP/2
2025-05-02 14:45:52,index,28.3599998950958,320,TheEmptinessMachine,HTCP,Bola,HTTP/2
2025-05-02 14:45:54,index,30.3599998950958,320,TheEmptinessMachine,HTCP,Bola,HTTP/2
2025-05-02 14:45:56,index,32.3599998950958,320,TheEmptinessMachine,HTCP,Bola,HTTP/2
2025-05-02 14:45:58,index,34.3599998950958,320,TheEmptinessMachine,HTCP,Bola,HTTP/2
2025-05-02 14:46:00,index,36.3599998950958,320,TheEmptinessMachine,HTCP,Bola,HTTP/2
2025-05-02 14:46:02,index,38.3599998950958,320,TheEmptinessMachine,HTCP,Bola,HTTP/2
2025-05-02 14:46:04,index,40.3599998950958,320,TheEmptinessMachine,HTCP,Bola,HTTP/2
2025-05-02 14:46:06,index,42.3599998950958,330,TheEmptinessMachine,HTCP,Bola,HTTP/2
2025-05-02 14:46:08,index,44.3599998950958,330,TheEmptinessMachine,HTCP,Bola,HTTP/2
2025-05-02 14:46:10,index,46.3599998950958,330,TheEmptinessMachine,HTCP,Bola,HTTP/2
2025-05-02 14:46:12,index,48.3599998950958,330,TheEmptinessMachine,HTCP,Bola,HTTP/2
2025-05-02 14:46:14,index,50.3599998950958,330,TheEmptinessMachine,HTCP,Bola,HTTP/2
2025-05-02 14:46:16,index,52.3599998950958,330,TheEmptinessMachine,HTCP,Bola,HTTP/2
2025-05-02 14:46:18,index,54.3599998950958,320,TheEmptinessMachine,HTCP,Bola,HTTP/2
2025-05-02 14:46:20,index,56.3599998950958,320,TheEmptinessMachine,HTCP,Bola,HTTP/2
2025-05-02 14:46:22,index,58.3599998950958,320,TheEmptinessMachine,HTCP,Bola,HTTP/2
2025-05-02 14:46:24,index,60.3599998950958,320,TheEmptinessMachine,HTCP,Bola,HTTP/2
2025-05-02 14:46:26,index,62.3599998950958,320,TheEmptinessMachine,HTCP,Bola,HTTP/2
2025-05-02 14:46:28,index,64.3599998950958,320,TheEmptinessMachine,HTCP,Bola,HTTP/2
2025-05-02 14:46:30,index,66.3599998950958,320,TheEmptinessMachine,HTCP,Bola,HTTP/2
2025-05-02 14:46:32,index,68.3599998950958,320,TheEmptinessMachine,HTCP,Bola,HTTP/2
2025-05-02 14:46:34,index,70.3599998950958,320,TheEmptinessMachine,HTCP,Bola,HTTP/2
2025-05-02 14:46:36,index,72.3599998950958,320,TheEmptinessMachine,HTCP,Bola,HTTP/2
2025-05-02 14:46:38,index,74.3599998950958,330,TheEmptinessMachine,HTCP,Bola,HTTP/2
2025-05-02 14:46:40,index,76.3599998950958,330,TheEmptinessMachine,HTCP,Bola,HTTP/2
2025-05-02 14:46:42,index,78.3610000610352,330,TheEmptinessMachine,HTCP,Bola,HTTP/2
2025-05-02 14:46:44,index,80.3599998950958,330,TheEmptinessMachine,HTCP,Bola,HTTP/2
2025-05-02 14:46:46,index,82.3599998950958,330,TheEmptinessMachine,HTCP,Bola,HTTP/2
2025-05-02 14:46:48,index,84.3599998950958,635,TheEmptinessMachine,HTCP,Bola,HTTP/2
2025-05-02 14:46:50,index,86.3599998950958,674,TheEmptinessMachine,HTCP,Bola,HTTP/2
2025-05-02 14:46:52,index,88.3599998950958,330,TheEmptinessMachine,HTCP,Bola,HTTP/2
2025-05-02 14:46:54,index,90.3599998950958,330,TheEmptinessMachine,HTCP,Bola,HTTP/2
2025-05-02 14:46:56,index,92.3599998950958,674,TheEmptinessMachine,HTCP,Bola,HTTP/2
2025-05-02 14:46:58,index,94.3599998950958,330,TheEmptinessMachine,HTCP,Bola,HTTP/2
2025-05-02 14:47:00,index,96.3599998950958,674,TheEmptinessMachine,HTCP,Bola,HTTP/2
2025-05-02 14:47:02,index,98.3599998950958,214,TheEmptinessMachine,HTCP,Bola,HTTP/2
2025-05-02 14:47:04,index,100.359999895096,166,TheEmptinessMachine,HTCP,Bola,HTTP/2
2025-05-02 14:47:06,index,102.359999895096,169,TheEmptinessMachine,HTCP,Bola,HTTP/2
2025-05-02 14:47:08,index,104.359999895096,214,TheEmptinessMachine,HTCP,Bola,HTTP/2
2025-05-02 14:47:10,index,106.359999895096,330,TheEmptinessMachine,HTCP,Bola,HTTP/2
2025-05-02 14:47:12,index,108.359999895096,84,TheEmptinessMachine,HTCP,Bola,HTTP/2
2025-05-02 14:47:14,index,110.359999895096,214,TheEmptinessMachine,HTCP,Bola,HTTP/2
2025-05-02 14:47:18,index,114.359999895096,166,TheEmptinessMachine,HTCP,Bola,HTTP/2
2025-05-02 14:47:20,index,116.359999895096,169,TheEmptinessMachine,HTCP,Bola,HTTP/2
2025-05-02 14:47:22,index,118.361000061035,214,TheEmptinessMachine,HTCP,Bola,HTTP/2
2025-05-02 14:47:24,index,120.359999895096,169,TheEmptinessMachine,HTCP,Bola,HTTP/2
2025-05-02 14:47:26,index,122.359999895096,169,TheEmptinessMachine,HTCP,Bola,HTTP/2
2025-05-02 14:47:28,index,124.359999895096,169,TheEmptinessMachine,HTCP,Bola,HTTP/2
2025-05-02 14:47:30,index,126.358999967575,169,TheEmptinessMachine,HTCP,Bola,HTTP/2
2025-05-02 14:47:32,index,128.359999895096,169,TheEmptinessMachine,HTCP,Bola,HTTP/2
2025-05-02 14:47:34,index,130.359999895096,169,TheEmptinessMachine,HTCP,Bola,HTTP/2
2025-05-02 14:47:36,index,132.359999895096,169,TheEmptinessMachine,HTCP,Bola,HTTP/2
2025-05-02 14:47:38,index,134.359999895096,330,TheEmptinessMachine,HTCP,Bola,HTTP/2
2025-05-02 14:47:40,index,136.359999895096,330,TheEmptinessMachine,HTCP,Bola,HTTP/2
2025-05-02 14:47:42,index,138.359999895096,330,TheEmptinessMachine,HTCP,Bola,HTTP/2
2025-05-02 14:47:44,index,140.359999895096,330,TheEmptinessMachine,HTCP,Bola,HTTP/2
2025-05-02 14:47:46,index,142.359999895096,330,TheEmptinessMachine,HTCP,Bola,HTTP/2
2025-05-02 14:47:48,index,144.359999895096,214,TheEmptinessMachine,HTCP,Bola,HTTP/2
2025-05-02 14:47:50,index,146.359999895096,320,TheEmptinessMachine,HTCP,Bola,HTTP/2
2025-05-02 14:47:52,index,148.359999895096,214,TheEmptinessMachine,HTCP,Bola,HTTP/2
2025-05-02 14:47:54,index,150.359999895096,84,TheEmptinessMachine,HTCP,Bola,HTTP/2
2025-05-02 14:47:56,index,152.359999895096,166,TheEmptinessMachine,HTCP,Bola,HTTP/2
2025-05-02 14:47:58,index,154.361000061035,166,TheEmptinessMachine,HTCP,Bola,HTTP/2
2025-05-02 14:48:00,index,156.359999895096,166,TheEmptinessMachine,HTCP,Bola,HTTP/2
2025-05-02 14:48:02,index,158.359999895096,169,TheEmptinessMachine,HTCP,Bola,HTTP/2
2025-05-02 14:48:04,index,160.359999895096,166,TheEmptinessMachine,HTCP,Bola,HTTP/2
2025-05-02 14:48:06,index,162.359999895096,166,TheEmptinessMachine,HTCP,Bola,HTTP/2
2025-05-02 14:48:08,index,164.359999895096,166,TheEmptinessMachine,HTCP,Bola,HTTP/2
2025-05-02 14:48:10,index,166.359999895096,166,TheEmptinessMachine,HTCP,Bola,HTTP/2
2025-05-02 14:48:12,index,168.359999895096,166,TheEmptinessMachine,HTCP,Bola,HTTP/2
2025-05-02 14:48:14,index,170.359999895096,330,TheEmptinessMachine,HTCP,Bola,HTTP/2
2025-05-02 14:48:16,index,172.359999895096,330,TheEmptinessMachine,HTCP,Bola,HTTP/2
2025-05-02 14:48:18,index,174.359999895096,330,TheEmptinessMachine,HTCP,Bola,HTTP/2
2025-05-02 14:48:20,index,176.359999895096,330,TheEmptinessMachine,HTCP,Bola,HTTP/2
2025-05-02 14:48:22,index,178.359999895096,330,TheEmptinessMachine,HTCP,Bola,HTTP/2
2025-05-02 14:48:24,index,180.359999895096,635,TheEmptinessMachine,HTCP,Bola,HTTP/2
2025-05-02 14:48:26,index,182.359999895096,635,TheEmptinessMachine,HTCP,Bola,HTTP/2
2025-05-02 14:48:28,index,184.359999895096,674,TheEmptinessMachine,HTCP,Bola,HTTP/2
2025-05-02 14:48:30,index,186.359999895096,674,TheEmptinessMachine,HTCP,Bola,HTTP/2
2025-05-02 14:48:32,index,188.359999895096,674,TheEmptinessMachine,HTCP,Bola,HTTP/2
2025-05-02 14:48:34,index,190.359999895096,674,TheEmptinessMachine,HTCP,Bola,HTTP/2
2025-05-02 14:48:38,index,194.359999895096,84,TheEmptinessMachine,HTCP,Bola,HTTP/2
2025-05-02 14:48:40,index,196.359999895096,214,TheEmptinessMachine,HTCP,Bola,HTTP/2
2025-05-02 14:48:42,index,198.359999895096,214,TheEmptinessMachine,HTCP,Bola,HTTP/2
2025-05-02 14:48:44,index,200.359999895096,214,TheEmptinessMachine,HTCP,Bola,HTTP/2
2025-05-02 14:48:46,index,202.359999895096,214,TheEmptinessMachine,HTCP,Bola,HTTP/2
2025-05-02 14:48:48,index,204.359999895096,214,TheEmptinessMachine,HTCP,Bola,HTTP/2
2025-05-02 14:48:50,index,206.359999895096,214,TheEmptinessMachine,HTCP,Bola,HTTP/2
2025-05-02 14:48:52,index,208.359999895096,214,TheEmptinessMachine,HTCP,Bola,HTTP/2
2025-05-02 14:48:54,index,210.359999895096,214,TheEmptinessMachine,HTCP,Bola,HTTP/2
2025-05-02 14:49:29,index,4.10500001907349,330,TheEmptinessMachine,HTCP,Bola,HTTP/3
2025-05-02 14:49:35,index,10.1060001850128,72,TheEmptinessMachine,HTCP,Bola,HTTP/3
2025-05-02 14:49:39,index,14.1060001850128,72,TheEmptinessMachine,HTCP,Bola,HTTP/3
2025-05-02 14:49:43,index,18.1060001850128,84,TheEmptinessMachine,HTCP,Bola,HTTP/3
2025-05-02 14:49:45,index,20.1050000190735,214,TheEmptinessMachine,HTCP,Bola,HTTP/3
2025-05-02 14:49:47,index,22.1060001850128,169,TheEmptinessMachine,HTCP,Bola,HTTP/3
2025-05-02 14:49:49,index,24.1050000190735,169,TheEmptinessMachine,HTCP,Bola,HTTP/3
2025-05-02 14:49:53,index,28.1060001850128,72,TheEmptinessMachine,HTCP,Bola,HTTP/3
2025-05-02 14:49:55,index,30.1060001850128,84,TheEmptinessMachine,HTCP,Bola,HTTP/3
2025-05-02 14:49:57,index,32.1060001850128,166,TheEmptinessMachine,HTCP,Bola,HTTP/3
2025-05-02 14:49:59,index,34.1060001850128,166,TheEmptinessMachine,HTCP,Bola,HTTP/3
2025-05-02 14:50:05,index,40.1060001850128,84,TheEmptinessMachine,HTCP,Bola,HTTP/3
2025-05-02 14:50:07,index,42.1060001850128,84,TheEmptinessMachine,HTCP,Bola,HTTP/3
2025-05-02 14:50:09,index,44.1050000190735,84,TheEmptinessMachine,HTCP,Bola,HTTP/3
2025-05-02 14:50:11,index,46.1050000190735,84,TheEmptinessMachine,HTCP,Bola,HTTP/3
2025-05-02 14:50:13,index,48.1050000190735,169,TheEmptinessMachine,HTCP,Bola,HTTP/3
2025-05-02 14:50:15,index,50.1060001850128,214,TheEmptinessMachine,HTCP,Bola,HTTP/3
2025-05-02 14:50:17,index,52.1050000190735,214,TheEmptinessMachine,HTCP,Bola,HTTP/3
2025-05-02 14:50:19,index,54.1060001850128,330,TheEmptinessMachine,HTCP,Bola,HTTP/3
2025-05-02 14:50:21,index,56.1060001850128,320,TheEmptinessMachine,HTCP,Bola,HTTP/3
2025-05-02 14:50:23,index,58.1060001850128,214,TheEmptinessMachine,HTCP,Bola,HTTP/3
2025-05-02 14:50:25,index,60.1060001850128,320,TheEmptinessMachine,HTCP,Bola,HTTP/3
2025-05-02 14:50:27,index,62.1050000190735,320,TheEmptinessMachine,HTCP,Bola,HTTP/3
2025-05-02 14:50:31,index,66.1050000190735,72,TheEmptinessMachine,HTCP,Bola,HTTP/3
2025-05-02 14:50:33,index,68.1060001850128,166,TheEmptinessMachine,HTCP,Bola,HTTP/3
2025-05-02 14:50:35,index,70.1050000190735,84,TheEmptinessMachine,HTCP,Bola,HTTP/3
2025-05-02 14:50:37,index,72.1050000190735,84,TheEmptinessMachine,HTCP,Bola,HTTP/3
2025-05-02 14:50:39,index,74.1050000190735,166,TheEmptinessMachine,HTCP,Bola,HTTP/3
2025-05-02 14:50:43,index,78.1060001850128,84,TheEmptinessMachine,HTCP,Bola,HTTP/3
2025-05-02 14:50:47,index,82.1060001850128,84,TheEmptinessMachine,HTCP,Bola,HTTP/3
2025-05-02 14:50:49,index,84.1050000190735,84,TheEmptinessMachine,HTCP,Bola,HTTP/3
2025-05-02 14:50:51,index,86.1060001850128,81,TheEmptinessMachine,HTCP,Bola,HTTP/3
2025-05-02 14:50:53,index,88.1050000190735,81,TheEmptinessMachine,HTCP,Bola,HTTP/3
2025-05-02 14:50:55,index,90.1050000190735,81,TheEmptinessMachine,HTCP,Bola,HTTP/3
2025-05-02 14:50:57,index,92.1060001850128,81,TheEmptinessMachine,HTCP,Bola,HTTP/3
2025-05-02 14:50:59,index,94.1050000190735,81,TheEmptinessMachine,HTCP,Bola,HTTP/3
2025-05-02 14:51:01,index,96.1050000190735,81,TheEmptinessMachine,HTCP,Bola,HTTP/3
2025-05-02 14:51:03,index,98.1050000190735,81,TheEmptinessMachine,HTCP,Bola,HTTP/3
2025-05-02 14:51:05,index,100.106000185013,81,TheEmptinessMachine,HTCP,Bola,HTTP/3
2025-05-02 14:51:07,index,102.105000019073,81,TheEmptinessMachine,HTCP,Bola,HTTP/3
2025-05-02 14:51:09,index,104.105000019073,81,TheEmptinessMachine,HTCP,Bola,HTTP/3
2025-05-02 14:51:11,index,106.106000185013,81,TheEmptinessMachine,HTCP,Bola,HTTP/3
2025-05-02 14:51:13,index,108.106000185013,81,TheEmptinessMachine,HTCP,Bola,HTTP/3
2025-05-02 14:51:15,index,110.105000019073,214,TheEmptinessMachine,HTCP,Bola,HTTP/3
2025-05-02 14:51:17,index,112.106000185013,214,TheEmptinessMachine,HTCP,Bola,HTTP/3
2025-05-02 14:51:19,index,114.106000185013,214,TheEmptinessMachine,HTCP,Bola,HTTP/3
2025-05-02 14:51:21,index,116.105000019073,214,TheEmptinessMachine,HTCP,Bola,HTTP/3
2025-05-02 14:51:23,index,118.105000019073,76,TheEmptinessMachine,HTCP,Bola,HTTP/3
2025-05-02 14:51:27,index,122.106000185013,76,TheEmptinessMachine,HTCP,Bola,HTTP/3
2025-05-02 14:51:29,index,124.106000185013,76,TheEmptinessMachine,HTCP,Bola,HTTP/3
2025-05-02 14:51:31,index,126.105000019073,76,TheEmptinessMachine,HTCP,Bola,HTTP/3
2025-05-02 14:51:33,index,128.105000019073,76,TheEmptinessMachine,HTCP,Bola,HTTP/3
2025-05-02 14:51:35,index,130.105000019073,169,TheEmptinessMachine,HTCP,Bola,HTTP/3
2025-05-02 14:51:37,index,132.105000019073,214,TheEmptinessMachine,HTCP,Bola,HTTP/3
2025-05-02 14:51:39,index,134.105000019073,214,TheEmptinessMachine,HTCP,Bola,HTTP/3
2025-05-02 14:51:41,index,136.106000185013,214,TheEmptinessMachine,HTCP,Bola,HTTP/3
2025-05-02 14:51:43,index,138.105000019073,84,TheEmptinessMachine,HTCP,Bola,HTTP/3
2025-05-02 14:51:45,index,140.105000019073,84,TheEmptinessMachine,HTCP,Bola,HTTP/3
2025-05-02 14:51:47,index,142.105000019073,84,TheEmptinessMachine,HTCP,Bola,HTTP/3
2025-05-02 14:51:49,index,144.105000019073,84,TheEmptinessMachine,HTCP,Bola,HTTP/3
2025-05-02 14:51:51,index,146.105000019073,84,TheEmptinessMachine,HTCP,Bola,HTTP/3
2025-05-02 14:51:53,index,148.106000185013,84,TheEmptinessMachine,HTCP,Bola,HTTP/3
2025-05-02 14:51:55,index,150.106000185013,214,TheEmptinessMachine,HTCP,Bola,HTTP/3
2025-05-02 14:51:57,index,152.106000185013,214,TheEmptinessMachine,HTCP,Bola,HTTP/3
2025-05-02 14:51:59,index,154.106000185013,330,TheEmptinessMachine,HTCP,Bola,HTTP/3
2025-05-02 14:52:01,index,156.105000019073,330,TheEmptinessMachine,HTCP,Bola,HTTP/3
2025-05-02 14:52:03,index,158.105000019073,330,TheEmptinessMachine,HTCP,Bola,HTTP/3
2025-05-02 14:52:05,index,160.105000019073,330,TheEmptinessMachine,HTCP,Bola,HTTP/3
2025-05-02 14:52:07,index,162.105000019073,330,TheEmptinessMachine,HTCP,Bola,HTTP/3
2025-05-02 14:52:09,index,164.106000185013,330,TheEmptinessMachine,HTCP,Bola,HTTP/3
2025-05-02 14:52:11,index,166.105000019073,330,TheEmptinessMachine,HTCP,Bola,HTTP/3
2025-05-02 14:52:13,index,168.106000185013,330,TheEmptinessMachine,HTCP,Bola,HTTP/3
2025-05-02 14:52:17,index,172.106000185013,84,TheEmptinessMachine,HTCP,Bola,HTTP/3
2025-05-02 14:52:19,index,174.105000019073,84,TheEmptinessMachine,HTCP,Bola,HTTP/3
2025-05-02 14:52:21,index,176.106000185013,84,TheEmptinessMachine,HTCP,Bola,HTTP/3
2025-05-02 14:52:23,index,178.106000185013,84,TheEmptinessMachine,HTCP,Bola,HTTP/3
2025-05-02 14:52:25,index,180.105000019073,84,TheEmptinessMachine,HTCP,Bola,HTTP/3
2025-05-02 14:52:27,index,182.105000019073,214,TheEmptinessMachine,HTCP,Bola,HTTP/3
2025-05-02 14:52:29,index,184.105000019073,320,TheEmptinessMachine,HTCP,Bola,HTTP/3
2025-05-02 14:52:31,index,186.106000185013,320,TheEmptinessMachine,HTCP,Bola,HTTP/3
2025-05-02 14:52:33,index,188.105000019073,84,TheEmptinessMachine,HTCP,Bola,HTTP/3
2025-05-02 14:52:35,index,190.105000019073,84,TheEmptinessMachine,HTCP,Bola,HTTP/3
2025-05-02 14:52:37,index,192.106000185013,84,TheEmptinessMachine,HTCP,Bola,HTTP/3
2025-05-02 14:52:39,index,194.106000185013,84,TheEmptinessMachine,HTCP,Bola,HTTP/3
2025-05-02 14:52:41,index,196.106000185013,84,TheEmptinessMachine,HTCP,Bola,HTTP/3
2025-05-02 14:52:43,index,198.105000019073,84,TheEmptinessMachine,HTCP,Bola,HTTP/3
2025-05-02 14:52:45,index,200.105000019073,84,TheEmptinessMachine,HTCP,Bola,HTTP/3
2025-05-02 14:52:47,index,202.106000185013,84,TheEmptinessMachine,HTCP,Bola,HTTP/3
2025-05-02 14:52:49,index,204.105000019073,84,TheEmptinessMachine,HTCP,Bola,HTTP/3
2025-05-02 14:52:51,index,206.106000185013,84,TheEmptinessMachine,HTCP,Bola,HTTP/3
2025-05-02 14:52:53,index,208.105000019073,84,TheEmptinessMachine,HTCP,Bola,HTTP/3
2025-05-02 14:53:32,index,4.29399991035461,980,TheEmptinessMachine,HTCP,Festive,HTTP/1.1
2025-05-02 14:53:36,index,8.29399991035461,1767,TheEmptinessMachine,HTCP,Festive,HTTP/1.1
2025-05-02 14:53:42,index,14.2939999103546,674,TheEmptinessMachine,HTCP,Festive,HTTP/1.1
2025-05-02 14:53:44,index,16.2939999103546,674,TheEmptinessMachine,HTCP,Festive,HTTP/1.1
2025-05-02 14:53:46,index,18.2939999103546,1106,TheEmptinessMachine,HTCP,Festive,HTTP/1.1
2025-05-02 14:53:48,index,20.2939999103546,330,TheEmptinessMachine,HTCP,Festive,HTTP/1.1
2025-05-02 14:53:50,index,22.2939999103546,674,TheEmptinessMachine,HTCP,Festive,HTTP/1.1
2025-05-02 14:53:52,index,24.2939999103546,674,TheEmptinessMachine,HTCP,Festive,HTTP/1.1
2025-05-02 14:53:54,index,26.2939999103546,674,TheEmptinessMachine,HTCP,Festive,HTTP/1.1
2025-05-02 14:53:56,index,28.2939999103546,1106,TheEmptinessMachine,HTCP,Festive,HTTP/1.1
2025-05-02 14:53:58,index,30.2939999103546,1106,TheEmptinessMachine,HTCP,Festive,HTTP/1.1
2025-05-02 14:54:04,index,36.2939999103546,674,TheEmptinessMachine,HTCP,Festive,HTTP/1.1
2025-05-02 14:54:06,index,38.2939999103546,674,TheEmptinessMachine,HTCP,Festive,HTTP/1.1
2025-05-02 14:54:08,index,40.2939999103546,674,TheEmptinessMachine,HTCP,Festive,HTTP/1.1
2025-05-02 14:54:10,index,42.2939999103546,330,TheEmptinessMachine,HTCP,Festive,HTTP/1.1
2025-05-02 14:54:12,index,44.2939999103546,674,TheEmptinessMachine,HTCP,Festive,HTTP/1.1
2025-05-02 14:54:14,index,46.2939999103546,674,TheEmptinessMachine,HTCP,Festive,HTTP/1.1
2025-05-02 14:54:16,index,48.2939999103546,674,TheEmptinessMachine,HTCP,Festive,HTTP/1.1
2025-05-02 14:54:18,index,50.2939999103546,674,TheEmptinessMachine,HTCP,Festive,HTTP/1.1
2025-05-02 14:54:20,index,52.2939999103546,674,TheEmptinessMachine,HTCP,Festive,HTTP/1.1
2025-05-02 14:54:22,index,54.2939999103546,674,TheEmptinessMachine,HTCP,Festive,HTTP/1.1
2025-05-02 14:54:24,index,56.2939999103546,674,TheEmptinessMachine,HTCP,Festive,HTTP/1.1
2025-05-02 14:54:26,index,58.2939999103546,732,TheEmptinessMachine,HTCP,Festive,HTTP/1.1
2025-05-02 14:54:28,index,60.2939999103546,732,TheEmptinessMachine,HTCP,Festive,HTTP/1.1
2025-05-02 14:54:30,index,62.2939999103546,330,TheEmptinessMachine,HTCP,Festive,HTTP/1.1
2025-05-02 14:54:36,index,68.2939999103546,330,TheEmptinessMachine,HTCP,Festive,HTTP/1.1
2025-05-02 14:54:38,index,70.2939999103546,330,TheEmptinessMachine,HTCP,Festive,HTTP/1.1
2025-05-02 14:54:40,index,72.2939999103546,330,TheEmptinessMachine,HTCP,Festive,HTTP/1.1
2025-05-02 14:54:42,index,74.2939999103546,320,TheEmptinessMachine,HTCP,Festive,HTTP/1.1
2025-05-02 14:54:44,index,76.2939999103546,320,TheEmptinessMachine,HTCP,Festive,HTTP/1.1
2025-05-02 14:54:46,index,78.2939999103546,84,TheEmptinessMachine,HTCP,Festive,HTTP/1.1
2025-05-02 14:54:48,index,80.2939999103546,169,TheEmptinessMachine,HTCP,Festive,HTTP/1.1
2025-05-02 14:54:50,index,82.2939999103546,320,TheEmptinessMachine,HTCP,Festive,HTTP/1.1
2025-05-02 14:54:52,index,84.2939999103546,320,TheEmptinessMachine,HTCP,Festive,HTTP/1.1
2025-05-02 14:54:54,index,86.2939999103546,214,TheEmptinessMachine,HTCP,Festive,HTTP/1.1
2025-05-02 14:54:56,index,88.2939999103546,214,TheEmptinessMachine,HTCP,Festive,HTTP/1.1
2025-05-02 14:54:58,index,90.2939999103546,166,TheEmptinessMachine,HTCP,Festive,HTTP/1.1
2025-05-02 14:55:00,index,92.2939999103546,214,TheEmptinessMachine,HTCP,Festive,HTTP/1.1
2025-05-02 14:55:02,index,94.2939999103546,214,TheEmptinessMachine,HTCP,Festive,HTTP/1.1
2025-05-02 14:55:04,index,96.2939999103546,214,TheEmptinessMachine,HTCP,Festive,HTTP/1.1
2025-05-02 14:55:08,index,100.293999910355,169,TheEmptinessMachine,HTCP,Festive,HTTP/1.1
2025-05-02 14:55:10,index,102.293999910355,169,TheEmptinessMachine,HTCP,Festive,HTTP/1.1
2025-05-02 14:55:12,index,104.293999910355,169,TheEmptinessMachine,HTCP,Festive,HTTP/1.1
2025-05-02 14:55:14,index,106.293999910355,169,TheEmptinessMachine,HTCP,Festive,HTTP/1.1
2025-05-02 14:55:16,index,108.293999910355,169,TheEmptinessMachine,HTCP,Festive,HTTP/1.1
2025-05-02 14:55:18,index,110.293999910355,169,TheEmptinessMachine,HTCP,Festive,HTTP/1.1
2025-05-02 14:55:20,index,112.293999910355,169,TheEmptinessMachine,HTCP,Festive,HTTP/1.1
2025-05-02 14:55:22,index,114.293999910355,169,TheEmptinessMachine,HTCP,Festive,HTTP/1.1
2025-05-02 14:55:24,index,116.293999910355,169,TheEmptinessMachine,HTCP,Festive,HTTP/1.1
2025-05-02 14:55:26,index,118.293999910355,169,TheEmptinessMachine,HTCP,Festive,HTTP/1.1
2025-05-02 14:55:28,index,120.293999910355,169,TheEmptinessMachine,HTCP,Festive,HTTP/1.1
2025-05-02 14:55:30,index,122.293999910355,169,TheEmptinessMachine,HTCP,Festive,HTTP/1.1
2025-05-02 14:55:32,index,124.293999910355,980,TheEmptinessMachine,HTCP,Festive,HTTP/1.1
2025-05-02 14:55:34,index,126.293999910355,980,TheEmptinessMachine,HTCP,Festive,HTTP/1.1
2025-05-02 14:55:36,index,128.293999910355,980,TheEmptinessMachine,HTCP,Festive,HTTP/1.1
2025-05-02 14:55:38,index,130.293999910355,980,TheEmptinessMachine,HTCP,Festive,HTTP/1.1
2025-05-02 14:55:40,index,132.293999910355,980,TheEmptinessMachine,HTCP,Festive,HTTP/1.1
2025-05-02 14:55:42,index,134.293999910355,980,TheEmptinessMachine,HTCP,Festive,HTTP/1.1
2025-05-02 14:55:44,index,136.293999910355,320,TheEmptinessMachine,HTCP,Festive,HTTP/1.1
2025-05-02 14:55:46,index,138.293999910355,330,TheEmptinessMachine,HTCP,Festive,HTTP/1.1
2025-05-02 14:55:48,index,140.293999910355,214,TheEmptinessMachine,HTCP,Festive,HTTP/1.1
2025-05-02 14:55:50,index,142.293999910355,330,TheEmptinessMachine,HTCP,Festive,HTTP/1.1
2025-05-02 14:55:54,index,146.293999910355,330,TheEmptinessMachine,HTCP,Festive,HTTP/1.1
2025-05-02 14:55:58,index,150.293999910355,214,TheEmptinessMachine,HTCP,Festive,HTTP/1.1
2025-05-02 14:56:00,index,152.293999910355,214,TheEmptinessMachine,HTCP,Festive,HTTP/1.1
2025-05-02 14:56:02,index,154.295000076294,320,TheEmptinessMachine,HTCP,Festive,HTTP/1.1
2025-05-02 14:56:04,index,156.293999910355,320,TheEmptinessMachine,HTCP,Festive,HTTP/1.1
2025-05-02 14:56:06,index,158.293999910355,214,TheEmptinessMachine,HTCP,Festive,HTTP/1.1
2025-05-02 14:56:08,index,160.293999910355,214,TheEmptinessMachine,HTCP,Festive,HTTP/1.1
2025-05-02 14:56:10,index,162.293999910355,214,TheEmptinessMachine,HTCP,Festive,HTTP/1.1
2025-05-02 14:56:14,index,166.293999910355,214,TheEmptinessMachine,HTCP,Festive,HTTP/1.1
2025-05-02 14:56:16,index,168.293999910355,169,TheEmptinessMachine,HTCP,Festive,HTTP/1.1
2025-05-02 14:56:18,index,170.293999910355,169,TheEmptinessMachine,HTCP,Festive,HTTP/1.1
2025-05-02 14:56:20,index,172.293999910355,169,TheEmptinessMachine,HTCP,Festive,HTTP/1.1
2025-05-02 14:56:22,index,174.293999910355,169,TheEmptinessMachine,HTCP,Festive,HTTP/1.1
2025-05-02 14:56:24,index,176.293999910355,169,TheEmptinessMachine,HTCP,Festive,HTTP/1.1
2025-05-02 14:56:26,index,178.293999910355,169,TheEmptinessMachine,HTCP,Festive,HTTP/1.1
2025-05-02 14:56:28,index,180.293999910355,169,TheEmptinessMachine,HTCP,Festive,HTTP/1.1
2025-05-02 14:56:30,index,182.293999910355,169,TheEmptinessMachine,HTCP,Festive,HTTP/1.1
2025-05-02 14:56:32,index,184.293999910355,169,TheEmptinessMachine,HTCP,Festive,HTTP/1.1
2025-05-02 14:56:34,index,186.293999910355,169,TheEmptinessMachine,HTCP,Festive,HTTP/1.1
2025-05-02 14:56:36,index,188.293999910355,169,TheEmptinessMachine,HTCP,Festive,HTTP/1.1
2025-05-02 14:56:38,index,190.293999910355,169,TheEmptinessMachine,HTCP,Festive,HTTP/1.1
2025-05-02 14:56:40,index,192.293999910355,169,TheEmptinessMachine,HTCP,Festive,HTTP/1.1
2025-05-02 14:56:42,index,194.293999910355,169,TheEmptinessMachine,HTCP,Festive,HTTP/1.1
2025-05-02 14:56:44,index,196.293999910355,169,TheEmptinessMachine,HTCP,Festive,HTTP/1.1
2025-05-02 14:56:46,index,198.293999910355,169,TheEmptinessMachine,HTCP,Festive,HTTP/1.1
2025-05-02 14:56:48,index,200.293999910355,169,TheEmptinessMachine,HTCP,Festive,HTTP/1.1
2025-05-02 14:56:50,index,202.293999910355,169,TheEmptinessMachine,HTCP,Festive,HTTP/1.1
2025-05-02 14:56:52,index,204.293999910355,169,TheEmptinessMachine,HTCP,Festive,HTTP/1.1
2025-05-02 14:56:54,index,206.293999910355,169,TheEmptinessMachine,HTCP,Festive,HTTP/1.1
2025-05-02 14:57:32,index,6.29800009727478,674,TheEmptinessMachine,HTCP,Festive,HTTP/2
2025-05-02 14:57:40,index,14.2980000972748,72,TheEmptinessMachine,HTCP,Festive,HTTP/2
2025-05-02 14:57:42,index,16.2990000247955,72,TheEmptinessMachine,HTCP,Festive,HTTP/2
2025-05-02 14:57:44,index,18.2980000972748,1767,TheEmptinessMachine,HTCP,Festive,HTTP/2
2025-05-02 14:57:46,index,20.2990000247955,674,TheEmptinessMachine,HTCP,Festive,HTTP/2
2025-05-02 14:57:48,index,22.2990000247955,674,TheEmptinessMachine,HTCP,Festive,HTTP/2
2025-05-02 14:57:50,index,24.2990000247955,674,TheEmptinessMachine,HTCP,Festive,HTTP/2
2025-05-02 14:57:52,index,26.2990000247955,674,TheEmptinessMachine,HTCP,Festive,HTTP/2
2025-05-02 14:57:54,index,28.2980000972748,674,TheEmptinessMachine,HTCP,Festive,HTTP/2
2025-05-02 14:57:56,index,30.2980000972748,674,TheEmptinessMachine,HTCP,Festive,HTTP/2
2025-05-02 14:57:58,index,32.2980000972748,320,TheEmptinessMachine,HTCP,Festive,HTTP/2
2025-05-02 14:58:00,index,34.2980000972748,320,TheEmptinessMachine,HTCP,Festive,HTTP/2
2025-05-02 14:58:04,index,38.2980000972748,330,TheEmptinessMachine,HTCP,Festive,HTTP/2
2025-05-02 14:58:06,index,40.2990000247955,84,TheEmptinessMachine,HTCP,Festive,HTTP/2
2025-05-02 14:58:08,index,42.2980000972748,320,TheEmptinessMachine,HTCP,Festive,HTTP/2
2025-05-02 14:58:10,index,44.2990000247955,320,TheEmptinessMachine,HTCP,Festive,HTTP/2
2025-05-02 14:58:12,index,46.2980000972748,320,TheEmptinessMachine,HTCP,Festive,HTTP/2
2025-05-02 14:58:14,index,48.2980000972748,320,TheEmptinessMachine,HTCP,Festive,HTTP/2
2025-05-02 14:58:16,index,50.2990000247955,320,TheEmptinessMachine,HTCP,Festive,HTTP/2
2025-05-02 14:58:18,index,52.2980000972748,320,TheEmptinessMachine,HTCP,Festive,HTTP/2
2025-05-02 14:58:20,index,54.2990000247955,320,TheEmptinessMachine,HTCP,Festive,HTTP/2
2025-05-02 14:58:22,index,56.2980000972748,320,TheEmptinessMachine,HTCP,Festive,HTTP/2
2025-05-02 14:58:24,index,58.2980000972748,320,TheEmptinessMachine,HTCP,Festive,HTTP/2
2025-05-02 14:58:26,index,60.2990000247955,1226,TheEmptinessMachine,HTCP,Festive,HTTP/2
2025-05-02 14:58:28,index,62.2980000972748,1226,TheEmptinessMachine,HTCP,Festive,HTTP/2
2025-05-02 14:58:30,index,64.2980000972748,1226,TheEmptinessMachine,HTCP,Festive,HTTP/2
2025-05-02 14:58:32,index,66.2990000247955,330,TheEmptinessMachine,HTCP,Festive,HTTP/2
2025-05-02 14:58:34,index,68.2980000972748,330,TheEmptinessMachine,HTCP,Festive,HTTP/2
2025-05-02 14:58:38,index,72.2980000972748,72,TheEmptinessMachine,HTCP,Festive,HTTP/2
2025-05-02 14:58:40,index,74.2980000972748,72,TheEmptinessMachine,HTCP,Festive,HTTP/2
2025-05-02 14:58:42,index,76.2980000972748,1767,TheEmptinessMachine,HTCP,Festive,HTTP/2
2025-05-02 14:58:44,index,78.2980000972748,330,TheEmptinessMachine,HTCP,Festive,HTTP/2
2025-05-02 14:58:46,index,80.2980000972748,330,TheEmptinessMachine,HTCP,Festive,HTTP/2
2025-05-02 14:58:48,index,82.2980000972748,330,TheEmptinessMachine,HTCP,Festive,HTTP/2
2025-05-02 14:58:50,index,84.2990000247955,330,TheEmptinessMachine,HTCP,Festive,HTTP/2
2025-05-02 14:58:52,index,86.2990000247955,330,TheEmptinessMachine,HTCP,Festive,HTTP/2
2025-05-02 14:58:54,index,88.2980000972748,330,TheEmptinessMachine,HTCP,Festive,HTTP/2
2025-05-02 14:58:56,index,90.2980000972748,214,TheEmptinessMachine,HTCP,Festive,HTTP/2
2025-05-02 14:58:58,index,92.2980000972748,330,TheEmptinessMachine,HTCP,Festive,HTTP/2
2025-05-02 14:59:00,index,94.2980000972748,214,TheEmptinessMachine,HTCP,Festive,HTTP/2
2025-05-02 14:59:02,index,96.2980000972748,214,TheEmptinessMachine,HTCP,Festive,HTTP/2
2025-05-02 14:59:06,index,100.298000097275,76,TheEmptinessMachine,HTCP,Festive,HTTP/2
2025-05-02 14:59:08,index,102.299000024796,214,TheEmptinessMachine,HTCP,Festive,HTTP/2
2025-05-02 14:59:10,index,104.298000097275,320,TheEmptinessMachine,HTCP,Festive,HTTP/2
2025-05-02 14:59:12,index,106.298000097275,169,TheEmptinessMachine,HTCP,Festive,HTTP/2
2025-05-02 14:59:14,index,108.299000024796,214,TheEmptinessMachine,HTCP,Festive,HTTP/2
2025-05-02 14:59:16,index,110.30999994278,214,TheEmptinessMachine,HTCP,Festive,HTTP/2
2025-05-02 14:59:18,index,112.298000097275,214,TheEmptinessMachine,HTCP,Festive,HTTP/2
2025-05-02 14:59:20,index,114.299000024796,214,TheEmptinessMachine,HTCP,Festive,HTTP/2
2025-05-02 14:59:22,index,116.298000097275,214,TheEmptinessMachine,HTCP,Festive,HTTP/2
2025-05-02 14:59:24,index,118.298000097275,1767,TheEmptinessMachine,HTCP,Festive,HTTP/2
2025-05-02 14:59:26,index,120.298000097275,674,TheEmptinessMachine,HTCP,Festive,HTTP/2
2025-05-02 14:59:28,index,122.299000024796,674,TheEmptinessMachine,HTCP,Festive,HTTP/2
2025-05-02 14:59:30,index,124.298000097275,674,TheEmptinessMachine,HTCP,Festive,HTTP/2
2025-05-02 14:59:32,index,126.299000024796,674,TheEmptinessMachine,HTCP,Festive,HTTP/2
2025-05-02 14:59:34,index,128.298000097275,674,TheEmptinessMachine,HTCP,Festive,HTTP/2
2025-05-02 14:59:36,index,130.298000097275,330,TheEmptinessMachine,HTCP,Festive,HTTP/2
2025-05-02 14:59:38,index,132.298000097275,330,TheEmptinessMachine,HTCP,Festive,HTTP/2
2025-05-02 14:59:44,index,138.298000097275,72,TheEmptinessMachine,HTCP,Festive,HTTP/2
2025-05-02 14:59:46,index,140.298000097275,72,TheEmptinessMachine,HTCP,Festive,HTTP/2
2025-05-02 14:59:48,index,142.299000024796,320,TheEmptinessMachine,HTCP,Festive,HTTP/2
2025-05-02 14:59:50,index,144.298000097275,1226,TheEmptinessMachine,HTCP,Festive,HTTP/2
2025-05-02 14:59:52,index,146.299000024796,635,TheEmptinessMachine,HTCP,Festive,HTTP/2
2025-05-02 14:59:54,index,148.298000097275,635,TheEmptinessMachine,HTCP,Festive,HTTP/2
2025-05-02 14:59:56,index,150.299000024796,330,TheEmptinessMachine,HTCP,Festive,HTTP/2
2025-05-02 14:59:58,index,152.298000097275,84,TheEmptinessMachine,HTCP,Festive,HTTP/2
2025-05-02 15:00:00,index,154.299000024796,72,TheEmptinessMachine,HTCP,Festive,HTTP/2
2025-05-02 15:00:02,index,156.298000097275,980,TheEmptinessMachine,HTCP,Festive,HTTP/2
2025-05-02 15:00:04,index,158.298000097275,980,TheEmptinessMachine,HTCP,Festive,HTTP/2
2025-05-02 15:00:06,index,160.299000024796,214,TheEmptinessMachine,HTCP,Festive,HTTP/2
2025-05-02 15:00:08,index,162.298000097275,330,TheEmptinessMachine,HTCP,Festive,HTTP/2
2025-05-02 15:00:10,index,164.299000024796,214,TheEmptinessMachine,HTCP,Festive,HTTP/2
2025-05-02 15:00:12,index,166.298000097275,330,TheEmptinessMachine,HTCP,Festive,HTTP/2
2025-05-02 15:00:18,index,172.298000097275,330,TheEmptinessMachine,HTCP,Festive,HTTP/2
2025-05-02 15:00:20,index,174.298000097275,320,TheEmptinessMachine,HTCP,Festive,HTTP/2
2025-05-02 15:00:22,index,176.299000024796,320,TheEmptinessMachine,HTCP,Festive,HTTP/2
2025-05-02 15:00:24,index,178.298000097275,320,TheEmptinessMachine,HTCP,Festive,HTTP/2
2025-05-02 15:00:26,index,180.298000097275,320,TheEmptinessMachine,HTCP,Festive,HTTP/2
2025-05-02 15:00:28,index,182.298000097275,320,TheEmptinessMachine,HTCP,Festive,HTTP/2
2025-05-02 15:00:30,index,184.298000097275,320,TheEmptinessMachine,HTCP,Festive,HTTP/2
2025-05-02 15:00:34,index,188.298000097275,320,TheEmptinessMachine,HTCP,Festive,HTTP/2
2025-05-02 15:00:36,index,190.298000097275,320,TheEmptinessMachine,HTCP,Festive,HTTP/2
2025-05-02 15:00:38,index,192.298000097275,1767,TheEmptinessMachine,HTCP,Festive,HTTP/2
2025-05-02 15:00:40,index,194.299000024796,674,TheEmptinessMachine,HTCP,Festive,HTTP/2
2025-05-02 15:00:42,index,196.298000097275,674,TheEmptinessMachine,HTCP,Festive,HTTP/2
2025-05-02 15:00:44,index,198.298000097275,674,TheEmptinessMachine,HTCP,Festive,HTTP/2
2025-05-02 15:00:46,index,200.298000097275,674,TheEmptinessMachine,HTCP,Festive,HTTP/2
2025-05-02 15:00:48,index,202.298000097275,674,TheEmptinessMachine,HTCP,Festive,HTTP/2
2025-05-02 15:00:50,index,204.298000097275,674,TheEmptinessMachine,HTCP,Festive,HTTP/2
2025-05-02 15:00:52,index,206.298000097275,84,TheEmptinessMachine,HTCP,Festive,HTTP/2
2025-05-02 15:01:33,index,4.1029999256134,980,TheEmptinessMachine,HTCP,Festive,HTTP/3
2025-05-02 15:01:41,index,12.1029999256134,72,TheEmptinessMachine,HTCP,Festive,HTTP/3
2025-05-02 15:01:43,index,14.1019999980927,72,TheEmptinessMachine,HTCP,Festive,HTTP/3
2025-05-02 15:01:45,index,16.1029999256134,72,TheEmptinessMachine,HTCP,Festive,HTTP/3
2025-05-02 15:01:47,index,18.1029999256134,72,TheEmptinessMachine,HTCP,Festive,HTTP/3
2025-05-02 15:01:49,index,20.1029999256134,1767,TheEmptinessMachine,HTCP,Festive,HTTP/3
2025-05-02 15:01:51,index,22.1029999256134,214,TheEmptinessMachine,HTCP,Festive,HTTP/3
2025-05-02 15:01:53,index,24.1029999256134,214,TheEmptinessMachine,HTCP,Festive,HTTP/3
2025-05-02 15:01:55,index,26.1029999256134,214,TheEmptinessMachine,HTCP,Festive,HTTP/3
2025-05-02 15:01:57,index,28.1029999256134,214,TheEmptinessMachine,HTCP,Festive,HTTP/3
2025-05-02 15:01:59,index,30.1029999256134,214,TheEmptinessMachine,HTCP,Festive,HTTP/3
2025-05-02 15:02:01,index,32.1029999256134,674,TheEmptinessMachine,HTCP,Festive,HTTP/3
2025-05-02 15:02:03,index,34.1029999256134,330,TheEmptinessMachine,HTCP,Festive,HTTP/3
2025-05-02 15:02:05,index,36.1029999256134,330,TheEmptinessMachine,HTCP,Festive,HTTP/3
2025-05-02 15:02:07,index,38.1029999256134,72,TheEmptinessMachine,HTCP,Festive,HTTP/3
2025-05-02 15:02:09,index,40.1029999256134,72,TheEmptinessMachine,HTCP,Festive,HTTP/3
2025-05-02 15:02:11,index,42.1029999256134,72,TheEmptinessMachine,HTCP,Festive,HTTP/3
2025-05-02 15:02:13,index,44.1029999256134,72,TheEmptinessMachine,HTCP,Festive,HTTP/3
2025-05-02 15:02:15,index,46.1029999256134,81,TheEmptinessMachine,HTCP,Festive,HTTP/3
2025-05-02 15:02:17,index,48.1029999256134,214,TheEmptinessMachine,HTCP,Festive,HTTP/3
2025-05-02 15:02:19,index,50.1029999256134,214,TheEmptinessMachine,HTCP,Festive,HTTP/3
2025-05-02 15:02:21,index,52.1029999256134,214,TheEmptinessMachine,HTCP,Festive,HTTP/3
2025-05-02 15:02:23,index,54.1029999256134,214,TheEmptinessMachine,HTCP,Festive,HTTP/3
2025-05-02 15:02:25,index,56.1039998531342,214,TheEmptinessMachine,HTCP,Festive,HTTP/3
2025-05-02 15:02:27,index,58.1029999256134,214,TheEmptinessMachine,HTCP,Festive,HTTP/3
2025-05-02 15:02:29,index,60.1029999256134,1106,TheEmptinessMachine,HTCP,Festive,HTTP/3
2025-05-02 15:02:31,index,62.1029999256134,330,TheEmptinessMachine,HTCP,Festive,HTTP/3
2025-05-02 15:02:33,index,64.1029999256134,330,TheEmptinessMachine,HTCP,Festive,HTTP/3
2025-05-02 15:02:35,index,66.1029999256134,330,TheEmptinessMachine,HTCP,Festive,HTTP/3
2025-05-02 15:02:37,index,68.1029999256134,169,TheEmptinessMachine,HTCP,Festive,HTTP/3
2025-05-02 15:02:43,index,74.1029999256134,72,TheEmptinessMachine,HTCP,Festive,HTTP/3
2025-05-02 15:02:45,index,76.1029999256134,72,TheEmptinessMachine,HTCP,Festive,HTTP/3
2025-05-02 15:02:47,index,78.1039998531342,1226,TheEmptinessMachine,HTCP,Festive,HTTP/3
2025-05-02 15:02:49,index,80.1029999256134,330,TheEmptinessMachine,HTCP,Festive,HTTP/3
2025-05-02 15:02:51,index,82.1029999256134,330,TheEmptinessMachine,HTCP,Festive,HTTP/3
2025-05-02 15:02:53,index,84.1029999256134,330,TheEmptinessMachine,HTCP,Festive,HTTP/3
2025-05-02 15:02:55,index,86.1029999256134,84,TheEmptinessMachine,HTCP,Festive,HTTP/3
2025-05-02 15:02:57,index,88.1029999256134,84,TheEmptinessMachine,HTCP,Festive,HTTP/3
2025-05-02 15:02:59,index,90.1029999256134,84,TheEmptinessMachine,HTCP,Festive,HTTP/3
2025-05-02 15:03:01,index,92.1029999256134,84,TheEmptinessMachine,HTCP,Festive,HTTP/3
2025-05-02 15:03:03,index,94.1029999256134,84,TheEmptinessMachine,HTCP,Festive,HTTP/3
2025-05-02 15:03:05,index,96.1029999256134,84,TheEmptinessMachine,HTCP,Festive,HTTP/3
2025-05-02 15:03:07,index,98.1029999256134,674,TheEmptinessMachine,HTCP,Festive,HTTP/3
2025-05-02 15:03:09,index,100.102999925613,330,TheEmptinessMachine,HTCP,Festive,HTTP/3
2025-05-02 15:03:11,index,102.102999925613,330,TheEmptinessMachine,HTCP,Festive,HTTP/3
2025-05-02 15:03:13,index,104.102999925613,330,TheEmptinessMachine,HTCP,Festive,HTTP/3
2025-05-02 15:03:15,index,106.102999925613,84,TheEmptinessMachine,HTCP,Festive,HTTP/3
2025-05-02 15:03:17,index,108.102999925613,84,TheEmptinessMachine,HTCP,Festive,HTTP/3
2025-05-02 15:03:19,index,110.102999925613,84,TheEmptinessMachine,HTCP,Festive,HTTP/3
2025-05-02 15:03:21,index,112.102999925613,330,TheEmptinessMachine,HTCP,Festive,HTTP/3
2025-05-02 15:03:23,index,114.102999925613,214,TheEmptinessMachine,HTCP,Festive,HTTP/3
2025-05-02 15:03:25,index,116.102999925613,214,TheEmptinessMachine,HTCP,Festive,HTTP/3
2025-05-02 15:03:27,index,118.102999925613,214,TheEmptinessMachine,HTCP,Festive,HTTP/3
2025-05-02 15:03:29,index,120.102999925613,214,TheEmptinessMachine,HTCP,Festive,HTTP/3
2025-05-02 15:03:31,index,122.102999925613,320,TheEmptinessMachine,HTCP,Festive,HTTP/3
2025-05-02 15:03:33,index,124.102999925613,169,TheEmptinessMachine,HTCP,Festive,HTTP/3
2025-05-02 15:03:35,index,126.102999925613,214,TheEmptinessMachine,HTCP,Festive,HTTP/3
2025-05-02 15:03:37,index,128.102999925613,84,TheEmptinessMachine,HTCP,Festive,HTTP/3
2025-05-02 15:03:39,index,130.102999925613,214,TheEmptinessMachine,HTCP,Festive,HTTP/3
2025-05-02 15:03:41,index,132.102999925613,214,TheEmptinessMachine,HTCP,Festive,HTTP/3
2025-05-02 15:03:43,index,134.102999925613,214,TheEmptinessMachine,HTCP,Festive,HTTP/3
2025-05-02 15:03:45,index,136.102999925613,214,TheEmptinessMachine,HTCP,Festive,HTTP/3
2025-05-02 15:03:47,index,138.102999925613,214,TheEmptinessMachine,HTCP,Festive,HTTP/3
2025-05-02 15:03:49,index,140.102999925613,214,TheEmptinessMachine,HTCP,Festive,HTTP/3
2025-05-02 15:03:51,index,142.102999925613,72,TheEmptinessMachine,HTCP,Festive,HTTP/3
2025-05-02 15:03:53,index,144.102999925613,72,TheEmptinessMachine,HTCP,Festive,HTTP/3
2025-05-02 15:03:55,index,146.102999925613,72,TheEmptinessMachine,HTCP,Festive,HTTP/3
2025-05-02 15:03:57,index,148.102999925613,72,TheEmptinessMachine,HTCP,Festive,HTTP/3
2025-05-02 15:03:59,index,150.102999925613,72,TheEmptinessMachine,HTCP,Festive,HTTP/3
2025-05-02 15:04:01,index,152.102999925613,980,TheEmptinessMachine,HTCP,Festive,HTTP/3
2025-05-02 15:04:03,index,154.102999925613,214,TheEmptinessMachine,HTCP,Festive,HTTP/3
2025-05-02 15:04:05,index,156.102999925613,214,TheEmptinessMachine,HTCP,Festive,HTTP/3
2025-05-02 15:04:07,index,158.102999925613,214,TheEmptinessMachine,HTCP,Festive,HTTP/3
2025-05-02 15:04:09,index,160.102999925613,214,TheEmptinessMachine,HTCP,Festive,HTTP/3
2025-05-02 15:04:11,index,162.102999925613,214,TheEmptinessMachine,HTCP,Festive,HTTP/3
2025-05-02 15:04:13,index,164.102999925613,214,TheEmptinessMachine,HTCP,Festive,HTTP/3
2025-05-02 15:04:15,index,166.102999925613,330,TheEmptinessMachine,HTCP,Festive,HTTP/3
2025-05-02 15:04:17,index,168.102999925613,84,TheEmptinessMachine,HTCP,Festive,HTTP/3
2025-05-02 15:04:19,index,170.102999925613,84,TheEmptinessMachine,HTCP,Festive,HTTP/3
2025-05-02 15:04:21,index,172.102999925613,84,TheEmptinessMachine,HTCP,Festive,HTTP/3
2025-05-02 15:04:23,index,174.102999925613,84,TheEmptinessMachine,HTCP,Festive,HTTP/3
2025-05-02 15:04:25,index,176.102999925613,84,TheEmptinessMachine,HTCP,Festive,HTTP/3
2025-05-02 15:04:27,index,178.103999853134,84,TheEmptinessMachine,HTCP,Festive,HTTP/3
2025-05-02 15:04:29,index,180.102999925613,84,TheEmptinessMachine,HTCP,Festive,HTTP/3
2025-05-02 15:04:31,index,182.102999925613,214,TheEmptinessMachine,HTCP,Festive,HTTP/3
2025-05-02 15:04:33,index,184.102999925613,214,TheEmptinessMachine,HTCP,Festive,HTTP/3
2025-05-02 15:04:35,index,186.102999925613,214,TheEmptinessMachine,HTCP,Festive,HTTP/3
2025-05-02 15:04:37,index,188.102999925613,214,TheEmptinessMachine,HTCP,Festive,HTTP/3
2025-05-02 15:04:39,index,190.102999925613,214,TheEmptinessMachine,HTCP,Festive,HTTP/3
2025-05-02 15:04:41,index,192.102999925613,214,TheEmptinessMachine,HTCP,Festive,HTTP/3
2025-05-02 15:04:43,index,194.102999925613,674,TheEmptinessMachine,HTCP,Festive,HTTP/3
2025-05-02 15:04:45,index,196.102999925613,674,TheEmptinessMachine,HTCP,Festive,HTTP/3
2025-05-02 15:04:47,index,198.101999998093,674,TheEmptinessMachine,HTCP,Festive,HTTP/3
2025-05-02 15:04:49,index,200.102999925613,320,TheEmptinessMachine,HTCP,Festive,HTTP/3
2025-05-02 15:04:51,index,202.102999925613,320,TheEmptinessMachine,HTCP,Festive,HTTP/3
2025-05-02 15:05:35,index,4.3050000667572,1226,TheEmptinessMachine,HTCP,L2A,HTTP/1.1
2025-05-02 15:05:37,index,6.3050000667572,1226,TheEmptinessMachine,HTCP,L2A,HTTP/1.1
2025-05-02 15:05:39,index,8.30400013923645,1226,TheEmptinessMachine,HTCP,L2A,HTTP/1.1
2025-05-02 15:05:45,index,14.3050000667572,635,TheEmptinessMachine,HTCP,L2A,HTTP/1.1
2025-05-02 15:05:51,index,20.3040001392365,330,TheEmptinessMachine,HTCP,L2A,HTTP/1.1
2025-05-02 15:05:53,index,22.3040001392365,169,TheEmptinessMachine,HTCP,L2A,HTTP/1.1
2025-05-02 15:05:55,index,24.3050000667572,84,TheEmptinessMachine,HTCP,L2A,HTTP/1.1
2025-05-02 15:05:57,index,26.3040001392365,330,TheEmptinessMachine,HTCP,L2A,HTTP/1.1
2025-05-02 15:05:59,index,28.3050000667572,320,TheEmptinessMachine,HTCP,L2A,HTTP/1.1
2025-05-02 15:06:01,index,30.3040001392365,84,TheEmptinessMachine,HTCP,L2A,HTTP/1.1
2025-05-02 15:06:03,index,32.3050000667572,214,TheEmptinessMachine,HTCP,L2A,HTTP/1.1
2025-05-02 15:06:05,index,34.3050000667572,320,TheEmptinessMachine,HTCP,L2A,HTTP/1.1
2025-05-02 15:06:07,index,36.3040001392365,169,TheEmptinessMachine,HTCP,L2A,HTTP/1.1
2025-05-02 15:06:09,index,38.3040001392365,214,TheEmptinessMachine,HTCP,L2A,HTTP/1.1
2025-05-02 15:06:11,index,40.3050000667572,214,TheEmptinessMachine,HTCP,L2A,HTTP/1.1
2025-05-02 15:06:13,index,42.3050000667572,214,TheEmptinessMachine,HTCP,L2A,HTTP/1.1
2025-05-02 15:06:15,index,44.3050000667572,214,TheEmptinessMachine,HTCP,L2A,HTTP/1.1
2025-05-02 15:06:17,index,46.3040001392365,214,TheEmptinessMachine,HTCP,L2A,HTTP/1.1
2025-05-02 15:06:19,index,48.3050000667572,330,TheEmptinessMachine,HTCP,L2A,HTTP/1.1
2025-05-02 15:06:21,index,50.3050000667572,330,TheEmptinessMachine,HTCP,L2A,HTTP/1.1
2025-05-02 15:06:23,index,52.3050000667572,330,TheEmptinessMachine,HTCP,L2A,HTTP/1.1
2025-05-02 15:06:25,index,54.3040001392365,330,TheEmptinessMachine,HTCP,L2A,HTTP/1.1
2025-05-02 15:06:27,index,56.3050000667572,330,TheEmptinessMachine,HTCP,L2A,HTTP/1.1
2025-05-02 15:06:29,index,58.3040001392365,330,TheEmptinessMachine,HTCP,L2A,HTTP/1.1
2025-05-02 15:06:31,index,60.3040001392365,330,TheEmptinessMachine,HTCP,L2A,HTTP/1.1
2025-05-02 15:06:33,index,62.3050000667572,330,TheEmptinessMachine,HTCP,L2A,HTTP/1.1
2025-05-02 15:06:35,index,64.3050000667572,635,TheEmptinessMachine,HTCP,L2A,HTTP/1.1
2025-05-02 15:06:37,index,66.3040001392365,674,TheEmptinessMachine,HTCP,L2A,HTTP/1.1
2025-05-02 15:06:39,index,68.3050000667572,674,TheEmptinessMachine,HTCP,L2A,HTTP/1.1
2025-05-02 15:06:41,index,70.3040001392365,674,TheEmptinessMachine,HTCP,L2A,HTTP/1.1
2025-05-02 15:06:43,index,72.3040001392365,674,TheEmptinessMachine,HTCP,L2A,HTTP/1.1
2025-05-02 15:06:45,index,74.3050000667572,674,TheEmptinessMachine,HTCP,L2A,HTTP/1.1
2025-05-02 15:06:47,index,76.3050000667572,674,TheEmptinessMachine,HTCP,L2A,HTTP/1.1
2025-05-02 15:06:49,index,78.3040001392365,635,TheEmptinessMachine,HTCP,L2A,HTTP/1.1
2025-05-02 15:06:51,index,80.3040001392365,214,TheEmptinessMachine,HTCP,L2A,HTTP/1.1
2025-05-02 15:06:53,index,82.3050000667572,330,TheEmptinessMachine,HTCP,L2A,HTTP/1.1
2025-05-02 15:06:57,index,86.3040001392365,330,TheEmptinessMachine,HTCP,L2A,HTTP/1.1
2025-05-02 15:06:59,index,88.3050000667572,330,TheEmptinessMachine,HTCP,L2A,HTTP/1.1
2025-05-02 15:07:01,index,90.3050000667572,330,TheEmptinessMachine,HTCP,L2A,HTTP/1.1
2025-05-02 15:07:03,index,92.3040001392365,320,TheEmptinessMachine,HTCP,L2A,HTTP/1.1
2025-05-02 15:07:05,index,94.3050000667572,320,TheEmptinessMachine,HTCP,L2A,HTTP/1.1
2025-05-02 15:07:07,index,96.305999994278,320,TheEmptinessMachine,HTCP,L2A,HTTP/1.1
2025-05-02 15:07:09,index,98.3050000667572,320,TheEmptinessMachine,HTCP,L2A,HTTP/1.1
2025-05-02 15:07:11,index,100.305000066757,320,TheEmptinessMachine,HTCP,L2A,HTTP/1.1
2025-05-02 15:07:13,index,102.304000139236,320,TheEmptinessMachine,HTCP,L2A,HTTP/1.1
2025-05-02 15:07:15,index,104.304000139236,320,TheEmptinessMachine,HTCP,L2A,HTTP/1.1
2025-05-02 15:07:17,index,106.304000139236,320,TheEmptinessMachine,HTCP,L2A,HTTP/1.1
2025-05-02 15:07:19,index,108.305000066757,320,TheEmptinessMachine,HTCP,L2A,HTTP/1.1
2025-05-02 15:07:21,index,110.305000066757,320,TheEmptinessMachine,HTCP,L2A,HTTP/1.1
2025-05-02 15:07:23,index,112.304000139236,320,TheEmptinessMachine,HTCP,L2A,HTTP/1.1
2025-05-02 15:07:25,index,114.304000139236,330,TheEmptinessMachine,HTCP,L2A,HTTP/1.1
2025-05-02 15:07:27,index,116.305000066757,330,TheEmptinessMachine,HTCP,L2A,HTTP/1.1
2025-05-02 15:07:29,index,118.305000066757,330,TheEmptinessMachine,HTCP,L2A,HTTP/1.1
2025-05-02 15:07:31,index,120.304000139236,330,TheEmptinessMachine,HTCP,L2A,HTTP/1.1
2025-05-02 15:07:33,index,122.304000139236,330,TheEmptinessMachine,HTCP,L2A,HTTP/1.1
2025-05-02 15:07:35,index,124.304000139236,330,TheEmptinessMachine,HTCP,L2A,HTTP/1.1
2025-05-02 15:07:37,index,126.305000066757,674,TheEmptinessMachine,HTCP,L2A,HTTP/1.1
2025-05-02 15:07:39,index,128.305000066757,330,TheEmptinessMachine,HTCP,L2A,HTTP/1.1
2025-05-02 15:07:41,index,130.305000066757,732,TheEmptinessMachine,HTCP,L2A,HTTP/1.1
2025-05-02 15:07:43,index,132.305000066757,330,TheEmptinessMachine,HTCP,L2A,HTTP/1.1
2025-05-02 15:07:45,index,134.304000139236,635,TheEmptinessMachine,HTCP,L2A,HTTP/1.1
2025-05-02 15:07:47,index,136.304000139236,330,TheEmptinessMachine,HTCP,L2A,HTTP/1.1
2025-05-02 15:07:49,index,138.305000066757,635,TheEmptinessMachine,HTCP,L2A,HTTP/1.1
2025-05-02 15:07:51,index,140.305000066757,214,TheEmptinessMachine,HTCP,L2A,HTTP/1.1
2025-05-02 15:07:53,index,142.304000139236,330,TheEmptinessMachine,HTCP,L2A,HTTP/1.1
2025-05-02 15:07:57,index,146.305000066757,330,TheEmptinessMachine,HTCP,L2A,HTTP/1.1
2025-05-02 15:08:01,index,150.304000139236,72,TheEmptinessMachine,HTCP,L2A,HTTP/1.1
2025-05-02 15:08:03,index,152.304000139236,169,TheEmptinessMachine,HTCP,L2A,HTTP/1.1
2025-05-02 15:08:05,index,154.304000139236,320,TheEmptinessMachine,HTCP,L2A,HTTP/1.1
2025-05-02 15:08:07,index,156.304000139236,320,TheEmptinessMachine,HTCP,L2A,HTTP/1.1
2025-05-02 15:08:09,index,158.305000066757,320,TheEmptinessMachine,HTCP,L2A,HTTP/1.1
2025-05-02 15:08:11,index,160.304000139236,214,TheEmptinessMachine,HTCP,L2A,HTTP/1.1
2025-05-02 15:08:13,index,162.305000066757,214,TheEmptinessMachine,HTCP,L2A,HTTP/1.1
2025-05-02 15:08:15,index,164.304000139236,214,TheEmptinessMachine,HTCP,L2A,HTTP/1.1
2025-05-02 15:08:17,index,166.304000139236,214,TheEmptinessMachine,HTCP,L2A,HTTP/1.1
2025-05-02 15:08:19,index,168.304000139236,214,TheEmptinessMachine,HTCP,L2A,HTTP/1.1
2025-05-02 15:08:21,index,170.304000139236,214,TheEmptinessMachine,HTCP,L2A,HTTP/1.1
2025-05-02 15:08:23,index,172.304000139236,214,TheEmptinessMachine,HTCP,L2A,HTTP/1.1
2025-05-02 15:08:25,index,174.304000139236,635,TheEmptinessMachine,HTCP,L2A,HTTP/1.1
2025-05-02 15:08:27,index,176.305000066757,635,TheEmptinessMachine,HTCP,L2A,HTTP/1.1
2025-05-02 15:08:29,index,178.304000139236,330,TheEmptinessMachine,HTCP,L2A,HTTP/1.1
2025-05-02 15:08:31,index,180.305000066757,330,TheEmptinessMachine,HTCP,L2A,HTTP/1.1
2025-05-02 15:08:33,index,182.304000139236,330,TheEmptinessMachine,HTCP,L2A,HTTP/1.1
2025-05-02 15:08:35,index,184.304000139236,330,TheEmptinessMachine,HTCP,L2A,HTTP/1.1
2025-05-02 15:08:37,index,186.304000139236,330,TheEmptinessMachine,HTCP,L2A,HTTP/1.1
2025-05-02 15:08:39,index,188.305000066757,330,TheEmptinessMachine,HTCP,L2A,HTTP/1.1
2025-05-02 15:08:41,index,190.305000066757,330,TheEmptinessMachine,HTCP,L2A,HTTP/1.1
2025-05-02 15:08:43,index,192.305000066757,330,TheEmptinessMachine,HTCP,L2A,HTTP/1.1
2025-05-02 15:08:45,index,194.305000066757,635,TheEmptinessMachine,HTCP,L2A,HTTP/1.1
2025-05-02 15:08:47,index,196.304000139236,635,TheEmptinessMachine,HTCP,L2A,HTTP/1.1
2025-05-02 15:08:49,index,198.305000066757,635,TheEmptinessMachine,HTCP,L2A,HTTP/1.1
2025-05-02 15:08:51,index,200.304000139236,674,TheEmptinessMachine,HTCP,L2A,HTTP/1.1
2025-05-02 15:08:53,index,202.305000066757,674,TheEmptinessMachine,HTCP,L2A,HTTP/1.1
2025-05-02 15:08:55,index,204.305000066757,81,TheEmptinessMachine,HTCP,L2A,HTTP/1.1
2025-05-02 15:08:57,index,206.304000139236,81,TheEmptinessMachine,HTCP,L2A,HTTP/1.1
2025-05-02 15:09:33,index,2.09599995613098,1767,TheEmptinessMachine,HTCP,L2A,HTTP/2
2025-05-02 15:09:35,index,4.09500002861023,1767,TheEmptinessMachine,HTCP,L2A,HTTP/2
2025-05-02 15:09:39,index,8.09500002861023,169,TheEmptinessMachine,HTCP,L2A,HTTP/2
2025-05-02 15:09:41,index,10.0950000286102,330,TheEmptinessMachine,HTCP,L2A,HTTP/2
2025-05-02 15:09:43,index,12.0950000286102,674,TheEmptinessMachine,HTCP,L2A,HTTP/2
2025-05-02 15:09:45,index,14.095999956131,674,TheEmptinessMachine,HTCP,L2A,HTTP/2
2025-05-02 15:09:51,index,20.0950000286102,330,TheEmptinessMachine,HTCP,L2A,HTTP/2
2025-05-02 15:09:53,index,22.0950000286102,169,TheEmptinessMachine,HTCP,L2A,HTTP/2
2025-05-02 15:09:55,index,24.0950000286102,330,TheEmptinessMachine,HTCP,L2A,HTTP/2
2025-05-02 15:09:59,index,28.095999956131,84,TheEmptinessMachine,HTCP,L2A,HTTP/2
2025-05-02 15:10:01,index,30.0950000286102,320,TheEmptinessMachine,HTCP,L2A,HTTP/2
2025-05-02 15:10:03,index,32.0950000286102,320,TheEmptinessMachine,HTCP,L2A,HTTP/2
2025-05-02 15:10:05,index,34.095999956131,320,TheEmptinessMachine,HTCP,L2A,HTTP/2
2025-05-02 15:10:07,index,36.0950000286102,320,TheEmptinessMachine,HTCP,L2A,HTTP/2
2025-05-02 15:10:09,index,38.0950000286102,320,TheEmptinessMachine,HTCP,L2A,HTTP/2
2025-05-02 15:10:11,index,40.0950000286102,320,TheEmptinessMachine,HTCP,L2A,HTTP/2
2025-05-02 15:10:13,index,42.0950000286102,1499,TheEmptinessMachine,HTCP,L2A,HTTP/2
2025-05-02 15:10:15,index,44.095999956131,1499,TheEmptinessMachine,HTCP,L2A,HTTP/2
2025-05-02 15:10:17,index,46.0950000286102,1106,TheEmptinessMachine,HTCP,L2A,HTTP/2
2025-05-02 15:10:23,index,52.0950000286102,330,TheEmptinessMachine,HTCP,L2A,HTTP/2
2025-05-02 15:10:27,index,56.0950000286102,84,TheEmptinessMachine,HTCP,L2A,HTTP/2
2025-05-02 15:10:33,index,62.0950000286102,214,TheEmptinessMachine,HTCP,L2A,HTTP/2
2025-05-02 15:10:35,index,64.0950000286102,330,TheEmptinessMachine,HTCP,L2A,HTTP/2
2025-05-02 15:10:37,index,66.0950000286102,214,TheEmptinessMachine,HTCP,L2A,HTTP/2
2025-05-02 15:10:39,index,68.0950000286102,320,TheEmptinessMachine,HTCP,L2A,HTTP/2
2025-05-02 15:10:41,index,70.0950000286102,320,TheEmptinessMachine,HTCP,L2A,HTTP/2
2025-05-02 15:10:43,index,72.0950000286102,320,TheEmptinessMachine,HTCP,L2A,HTTP/2
2025-05-02 15:10:45,index,74.0950000286102,320,TheEmptinessMachine,HTCP,L2A,HTTP/2
2025-05-02 15:10:47,index,76.0950000286102,214,TheEmptinessMachine,HTCP,L2A,HTTP/2
2025-05-02 15:10:49,index,78.0950000286102,214,TheEmptinessMachine,HTCP,L2A,HTTP/2
2025-05-02 15:10:51,index,80.0950000286102,214,TheEmptinessMachine,HTCP,L2A,HTTP/2
2025-05-02 15:10:53,index,82.0950000286102,214,TheEmptinessMachine,HTCP,L2A,HTTP/2
2025-05-02 15:10:57,index,86.0980000495911,214,TheEmptinessMachine,HTCP,L2A,HTTP/2
2025-05-02 15:10:59,index,88.0950000286102,214,TheEmptinessMachine,HTCP,L2A,HTTP/2
2025-05-02 15:11:01,index,90.0950000286102,214,TheEmptinessMachine,HTCP,L2A,HTTP/2
2025-05-02 15:11:03,index,92.0950000286102,214,TheEmptinessMachine,HTCP,L2A,HTTP/2
2025-05-02 15:11:05,index,94.0950000286102,214,TheEmptinessMachine,HTCP,L2A,HTTP/2
2025-05-02 15:11:07,index,96.095999956131,214,TheEmptinessMachine,HTCP,L2A,HTTP/2
2025-05-02 15:11:09,index,98.0950000286102,214,TheEmptinessMachine,HTCP,L2A,HTTP/2
2025-05-02 15:11:11,index,100.09500002861,2074,TheEmptinessMachine,HTCP,L2A,HTTP/2
2025-05-02 15:11:13,index,102.09500002861,674,TheEmptinessMachine,HTCP,L2A,HTTP/2
2025-05-02 15:11:15,index,104.09500002861,674,TheEmptinessMachine,HTCP,L2A,HTTP/2
2025-05-02 15:11:17,index,106.09500002861,674,TheEmptinessMachine,HTCP,L2A,HTTP/2
2025-05-02 15:11:19,index,108.09500002861,635,TheEmptinessMachine,HTCP,L2A,HTTP/2
2025-05-02 15:11:21,index,110.09500002861,635,TheEmptinessMachine,HTCP,L2A,HTTP/2
2025-05-02 15:11:23,index,112.09500002861,635,TheEmptinessMachine,HTCP,L2A,HTTP/2
2025-05-02 15:11:27,index,116.09500002861,330,TheEmptinessMachine,HTCP,L2A,HTTP/2
2025-05-02 15:11:31,index,120.098000049591,72,TheEmptinessMachine,HTCP,L2A,HTTP/2
2025-05-02 15:11:33,index,122.09500002861,214,TheEmptinessMachine,HTCP,L2A,HTTP/2
2025-05-02 15:11:35,index,124.09500002861,320,TheEmptinessMachine,HTCP,L2A,HTTP/2
2025-05-02 15:11:37,index,126.09500002861,214,TheEmptinessMachine,HTCP,L2A,HTTP/2
2025-05-02 15:11:39,index,128.09500002861,320,TheEmptinessMachine,HTCP,L2A,HTTP/2
2025-05-02 15:11:41,index,130.09500002861,320,TheEmptinessMachine,HTCP,L2A,HTTP/2
2025-05-02 15:11:43,index,132.09500002861,320,TheEmptinessMachine,HTCP,L2A,HTTP/2
2025-05-02 15:11:45,index,134.09500002861,214,TheEmptinessMachine,HTCP,L2A,HTTP/2
2025-05-02 15:11:47,index,136.095999956131,214,TheEmptinessMachine,HTCP,L2A,HTTP/2
2025-05-02 15:11:49,index,138.09500002861,214,TheEmptinessMachine,HTCP,L2A,HTTP/2
2025-05-02 15:11:51,index,140.09500002861,214,TheEmptinessMachine,HTCP,L2A,HTTP/2
2025-05-02 15:11:53,index,142.09500002861,214,TheEmptinessMachine,HTCP,L2A,HTTP/2
2025-05-02 15:11:55,index,144.09500002861,214,TheEmptinessMachine,HTCP,L2A,HTTP/2
2025-05-02 15:11:57,index,146.09500002861,214,TheEmptinessMachine,HTCP,L2A,HTTP/2
2025-05-02 15:11:59,index,148.09500002861,214,TheEmptinessMachine,HTCP,L2A,HTTP/2
2025-05-02 15:12:01,index,150.09500002861,214,TheEmptinessMachine,HTCP,L2A,HTTP/2
2025-05-02 15:12:03,index,152.09500002861,214,TheEmptinessMachine,HTCP,L2A,HTTP/2
2025-05-02 15:12:05,index,154.09500002861,214,TheEmptinessMachine,HTCP,L2A,HTTP/2
2025-05-02 15:12:07,index,156.09500002861,214,TheEmptinessMachine,HTCP,L2A,HTTP/2
2025-05-02 15:12:09,index,158.09500002861,214,TheEmptinessMachine,HTCP,L2A,HTTP/2
2025-05-02 15:12:11,index,160.09500002861,330,TheEmptinessMachine,HTCP,L2A,HTTP/2
2025-05-02 15:12:13,index,162.09500002861,330,TheEmptinessMachine,HTCP,L2A,HTTP/2
2025-05-02 15:12:15,index,164.09500002861,330,TheEmptinessMachine,HTCP,L2A,HTTP/2
2025-05-02 15:12:17,index,166.09500002861,330,TheEmptinessMachine,HTCP,L2A,HTTP/2
2025-05-02 15:12:19,index,168.09500002861,330,TheEmptinessMachine,HTCP,L2A,HTTP/2
2025-05-02 15:12:21,index,170.09500002861,330,TheEmptinessMachine,HTCP,L2A,HTTP/2
2025-05-02 15:12:23,index,172.09500002861,214,TheEmptinessMachine,HTCP,L2A,HTTP/2
2025-05-02 15:12:25,index,174.09500002861,320,TheEmptinessMachine,HTCP,L2A,HTTP/2
2025-05-02 15:12:27,index,176.09500002861,320,TheEmptinessMachine,HTCP,L2A,HTTP/2
2025-05-02 15:12:29,index,178.09500002861,320,TheEmptinessMachine,HTCP,L2A,HTTP/2
2025-05-02 15:12:31,index,180.09500002861,320,TheEmptinessMachine,HTCP,L2A,HTTP/2
2025-05-02 15:12:33,index,182.09500002861,320,TheEmptinessMachine,HTCP,L2A,HTTP/2
2025-05-02 15:12:35,index,184.09500002861,320,TheEmptinessMachine,HTCP,L2A,HTTP/2
2025-05-02 15:12:37,index,186.09500002861,320,TheEmptinessMachine,HTCP,L2A,HTTP/2
2025-05-02 15:12:39,index,188.09500002861,320,TheEmptinessMachine,HTCP,L2A,HTTP/2
2025-05-02 15:12:41,index,190.09500002861,635,TheEmptinessMachine,HTCP,L2A,HTTP/2
2025-05-02 15:12:43,index,192.09500002861,732,TheEmptinessMachine,HTCP,L2A,HTTP/2
2025-05-02 15:12:45,index,194.09500002861,732,TheEmptinessMachine,HTCP,L2A,HTTP/2
2025-05-02 15:12:47,index,196.09500002861,732,TheEmptinessMachine,HTCP,L2A,HTTP/2
2025-05-02 15:12:49,index,198.09500002861,732,TheEmptinessMachine,HTCP,L2A,HTTP/2
2025-05-02 15:12:51,index,200.09500002861,330,TheEmptinessMachine,HTCP,L2A,HTTP/2
2025-05-02 15:12:53,index,202.09500002861,169,TheEmptinessMachine,HTCP,L2A,HTTP/2
2025-05-02 15:12:55,index,204.09500002861,214,TheEmptinessMachine,HTCP,L2A,HTTP/2
2025-05-02 15:12:57,index,206.09500002861,84,TheEmptinessMachine,HTCP,L2A,HTTP/2
2025-05-02 15:13:37,index,4.09300017356873,1226,TheEmptinessMachine,HTCP,L2A,HTTP/3
2025-05-02 15:13:41,index,8.09300017356873,674,TheEmptinessMachine,HTCP,L2A,HTTP/3
2025-05-02 15:13:47,index,14.0930001735687,72,TheEmptinessMachine,HTCP,L2A,HTTP/3
2025-05-02 15:13:49,index,16.0930001735687,72,TheEmptinessMachine,HTCP,L2A,HTTP/3
2025-05-02 15:13:51,index,18.0930001735687,72,TheEmptinessMachine,HTCP,L2A,HTTP/3
2025-05-02 15:13:53,index,20.0930001735687,732,TheEmptinessMachine,HTCP,L2A,HTTP/3
2025-05-02 15:13:55,index,22.0930001735687,732,TheEmptinessMachine,HTCP,L2A,HTTP/3
2025-05-02 15:13:57,index,24.0930001735687,635,TheEmptinessMachine,HTCP,L2A,HTTP/3
2025-05-02 15:13:59,index,26.0930001735687,635,TheEmptinessMachine,HTCP,L2A,HTTP/3
2025-05-02 15:14:01,index,28.0930001735687,330,TheEmptinessMachine,HTCP,L2A,HTTP/3
2025-05-02 15:14:03,index,30.0930001735687,214,TheEmptinessMachine,HTCP,L2A,HTTP/3
2025-05-02 15:14:07,index,34.0930001735687,330,TheEmptinessMachine,HTCP,L2A,HTTP/3
2025-05-02 15:14:11,index,38.0930001735687,72,TheEmptinessMachine,HTCP,L2A,HTTP/3
2025-05-02 15:14:13,index,40.0930001735687,72,TheEmptinessMachine,HTCP,L2A,HTTP/3
2025-05-02 15:14:15,index,42.0930001735687,72,TheEmptinessMachine,HTCP,L2A,HTTP/3
2025-05-02 15:14:17,index,44.0930001735687,72,TheEmptinessMachine,HTCP,L2A,HTTP/3
2025-05-02 15:14:19,index,46.0930001735687,72,TheEmptinessMachine,HTCP,L2A,HTTP/3
2025-05-02 15:14:21,index,48.0930001735687,81,TheEmptinessMachine,HTCP,L2A,HTTP/3
2025-05-02 15:14:23,index,50.0930001735687,81,TheEmptinessMachine,HTCP,L2A,HTTP/3
2025-05-02 15:14:25,index,52.0930001735687,169,TheEmptinessMachine,HTCP,L2A,HTTP/3
2025-05-02 15:14:27,index,54.0930001735687,330,TheEmptinessMachine,HTCP,L2A,HTTP/3
2025-05-02 15:14:29,index,56.0930001735687,330,TheEmptinessMachine,HTCP,L2A,HTTP/3
2025-05-02 15:14:31,index,58.0930001735687,214,TheEmptinessMachine,HTCP,L2A,HTTP/3
2025-05-02 15:14:33,index,60.0930001735687,214,TheEmptinessMachine,HTCP,L2A,HTTP/3
2025-05-02 15:14:35,index,62.0930001735687,214,TheEmptinessMachine,HTCP,L2A,HTTP/3
2025-05-02 15:14:39,index,66.0930001735687,72,TheEmptinessMachine,HTCP,L2A,HTTP/3
2025-05-02 15:14:41,index,68.0930001735687,72,TheEmptinessMachine,HTCP,L2A,HTTP/3
2025-05-02 15:14:43,index,70.0930001735687,72,TheEmptinessMachine,HTCP,L2A,HTTP/3
2025-05-02 15:14:45,index,72.0930001735687,72,TheEmptinessMachine,HTCP,L2A,HTTP/3
2025-05-02 15:14:47,index,74.0930001735687,72,TheEmptinessMachine,HTCP,L2A,HTTP/3
2025-05-02 15:14:49,index,76.0930001735687,214,TheEmptinessMachine,HTCP,L2A,HTTP/3
2025-05-02 15:14:51,index,78.0930001735687,214,TheEmptinessMachine,HTCP,L2A,HTTP/3
2025-05-02 15:14:53,index,80.0930001735687,169,TheEmptinessMachine,HTCP,L2A,HTTP/3
2025-05-02 15:14:55,index,82.0930001735687,169,TheEmptinessMachine,HTCP,L2A,HTTP/3
2025-05-02 15:14:57,index,84.0930001735687,84,TheEmptinessMachine,HTCP,L2A,HTTP/3
2025-05-02 15:14:59,index,86.0930001735687,169,TheEmptinessMachine,HTCP,L2A,HTTP/3
2025-05-02 15:15:01,index,88.0930001735687,76,TheEmptinessMachine,HTCP,L2A,HTTP/3
2025-05-02 15:15:03,index,90.0930001735687,84,TheEmptinessMachine,HTCP,L2A,HTTP/3
2025-05-02 15:15:07,index,94.0930001735687,84,TheEmptinessMachine,HTCP,L2A,HTTP/3
2025-05-02 15:15:09,index,96.0930001735687,166,TheEmptinessMachine,HTCP,L2A,HTTP/3
2025-05-02 15:15:11,index,98.0930001735687,84,TheEmptinessMachine,HTCP,L2A,HTTP/3
2025-05-02 15:15:13,index,100.093000173569,84,TheEmptinessMachine,HTCP,L2A,HTTP/3
2025-05-02 15:15:15,index,102.093000173569,84,TheEmptinessMachine,HTCP,L2A,HTTP/3
2025-05-02 15:15:17,index,104.093000173569,84,TheEmptinessMachine,HTCP,L2A,HTTP/3
2025-05-02 15:15:19,index,106.093000173569,84,TheEmptinessMachine,HTCP,L2A,HTTP/3
2025-05-02 15:15:21,index,108.093000173569,84,TheEmptinessMachine,HTCP,L2A,HTTP/3
2025-05-02 15:15:23,index,110.093000173569,84,TheEmptinessMachine,HTCP,L2A,HTTP/3
2025-05-02 15:15:25,index,112.093000173569,330,TheEmptinessMachine,HTCP,L2A,HTTP/3
2025-05-02 15:15:27,index,114.093000173569,330,TheEmptinessMachine,HTCP,L2A,HTTP/3
2025-05-02 15:15:29,index,116.093000173569,84,TheEmptinessMachine,HTCP,L2A,HTTP/3
2025-05-02 15:15:31,index,118.093000173569,84,TheEmptinessMachine,HTCP,L2A,HTTP/3
2025-05-02 15:15:33,index,120.093000173569,84,TheEmptinessMachine,HTCP,L2A,HTTP/3
2025-05-02 15:15:35,index,122.093000173569,84,TheEmptinessMachine,HTCP,L2A,HTTP/3
2025-05-02 15:15:37,index,124.093000173569,84,TheEmptinessMachine,HTCP,L2A,HTTP/3
2025-05-02 15:15:39,index,126.093000173569,84,TheEmptinessMachine,HTCP,L2A,HTTP/3
2025-05-02 15:15:41,index,128.093000173569,330,TheEmptinessMachine,HTCP,L2A,HTTP/3
2025-05-02 15:15:43,index,130.093000173569,84,TheEmptinessMachine,HTCP,L2A,HTTP/3
2025-05-02 15:15:45,index,132.093000173569,84,TheEmptinessMachine,HTCP,L2A,HTTP/3
2025-05-02 15:15:47,index,134.093000173569,84,TheEmptinessMachine,HTCP,L2A,HTTP/3
2025-05-02 15:15:49,index,136.093000173569,76,TheEmptinessMachine,HTCP,L2A,HTTP/3
2025-05-02 15:15:51,index,138.093000173569,76,TheEmptinessMachine,HTCP,L2A,HTTP/3
2025-05-02 15:15:53,index,140.093000173569,76,TheEmptinessMachine,HTCP,L2A,HTTP/3
2025-05-02 15:15:55,index,142.093000173569,81,TheEmptinessMachine,HTCP,L2A,HTTP/3
2025-05-02 15:15:57,index,144.093000173569,81,TheEmptinessMachine,HTCP,L2A,HTTP/3
2025-05-02 15:15:59,index,146.093000173569,81,TheEmptinessMachine,HTCP,L2A,HTTP/3
2025-05-02 15:16:01,index,148.093000173569,81,TheEmptinessMachine,HTCP,L2A,HTTP/3
2025-05-02 15:16:03,index,150.093000173569,81,TheEmptinessMachine,HTCP,L2A,HTTP/3
2025-05-02 15:16:05,index,152.093000173569,81,TheEmptinessMachine,HTCP,L2A,HTTP/3
2025-05-02 15:16:07,index,154.093000173569,81,TheEmptinessMachine,HTCP,L2A,HTTP/3
2025-05-02 15:16:09,index,156.093000173569,81,TheEmptinessMachine,HTCP,L2A,HTTP/3
2025-05-02 15:16:11,index,158.093000173569,81,TheEmptinessMachine,HTCP,L2A,HTTP/3
2025-05-02 15:16:13,index,160.093000173569,81,TheEmptinessMachine,HTCP,L2A,HTTP/3
2025-05-02 15:16:15,index,162.093000173569,81,TheEmptinessMachine,HTCP,L2A,HTTP/3
2025-05-02 15:16:17,index,164.093000173569,330,TheEmptinessMachine,HTCP,L2A,HTTP/3
2025-05-02 15:16:19,index,166.093000173569,84,TheEmptinessMachine,HTCP,L2A,HTTP/3
2025-05-02 15:16:21,index,168.093000173569,84,TheEmptinessMachine,HTCP,L2A,HTTP/3
2025-05-02 15:16:23,index,170.093000173569,84,TheEmptinessMachine,HTCP,L2A,HTTP/3
2025-05-02 15:16:25,index,172.093000173569,84,TheEmptinessMachine,HTCP,L2A,HTTP/3
2025-05-02 15:16:27,index,174.093000173569,84,TheEmptinessMachine,HTCP,L2A,HTTP/3
2025-05-02 15:16:29,index,176.093000173569,214,TheEmptinessMachine,HTCP,L2A,HTTP/3
2025-05-02 15:16:31,index,178.093000173569,330,TheEmptinessMachine,HTCP,L2A,HTTP/3
2025-05-02 15:16:33,index,180.093000173569,330,TheEmptinessMachine,HTCP,L2A,HTTP/3
2025-05-02 15:16:35,index,182.093000173569,84,TheEmptinessMachine,HTCP,L2A,HTTP/3
2025-05-02 15:16:37,index,184.093000173569,84,TheEmptinessMachine,HTCP,L2A,HTTP/3
2025-05-02 15:16:39,index,186.093000173569,84,TheEmptinessMachine,HTCP,L2A,HTTP/3
2025-05-02 15:16:41,index,188.093000173569,84,TheEmptinessMachine,HTCP,L2A,HTTP/3
2025-05-02 15:16:43,index,190.093000173569,84,TheEmptinessMachine,HTCP,L2A,HTTP/3
2025-05-02 15:16:45,index,192.093000173569,84,TheEmptinessMachine,HTCP,L2A,HTTP/3
2025-05-02 15:16:47,index,194.093000173569,84,TheEmptinessMachine,HTCP,L2A,HTTP/3
2025-05-02 15:16:49,index,196.093000173569,84,TheEmptinessMachine,HTCP,L2A,HTTP/3
2025-05-02 15:16:51,index,198.093000173569,84,TheEmptinessMachine,HTCP,L2A,HTTP/3
2025-05-02 15:16:53,index,200.093000173569,84,TheEmptinessMachine,HTCP,L2A,HTTP/3
2025-05-02 15:16:55,index,202.093000173569,84,TheEmptinessMachine,HTCP,L2A,HTTP/3
2025-05-02 15:16:57,index,204.093000173569,84,TheEmptinessMachine,HTCP,L2A,HTTP/3
2025-05-02 15:16:59,index,206.093000173569,84,TheEmptinessMachine,HTCP,L2A,HTTP/3
2025-05-02 15:17:01,index,208.093000173569,84,TheEmptinessMachine,HTCP,L2A,HTTP/3
2025-05-02 15:17:35,index,4.29999995231628,1226,TheEmptinessMachine,HTCP,RB,HTTP/1.1
2025-05-02 15:17:39,index,8.29999995231628,1226,TheEmptinessMachine,HTCP,RB,HTTP/1.1
2025-05-02 15:17:41,index,10.2990000247955,1226,TheEmptinessMachine,HTCP,RB,HTTP/1.1
2025-05-02 15:17:43,index,12.2990000247955,1226,TheEmptinessMachine,HTCP,RB,HTTP/1.1
2025-05-02 15:17:45,index,14.2990000247955,674,TheEmptinessMachine,HTCP,RB,HTTP/1.1
2025-05-02 15:17:47,index,16.2999999523163,674,TheEmptinessMachine,HTCP,RB,HTTP/1.1
2025-05-02 15:17:51,index,20.2999999523163,72,TheEmptinessMachine,HTCP,RB,HTTP/1.1
2025-05-02 15:17:53,index,22.2999999523163,674,TheEmptinessMachine,HTCP,RB,HTTP/1.1
2025-05-02 15:17:55,index,24.2999999523163,674,TheEmptinessMachine,HTCP,RB,HTTP/1.1
2025-05-02 15:17:57,index,26.2990000247955,674,TheEmptinessMachine,HTCP,RB,HTTP/1.1
2025-05-02 15:17:59,index,28.2990000247955,674,TheEmptinessMachine,HTCP,RB,HTTP/1.1
2025-05-02 15:18:01,index,30.2999999523163,674,TheEmptinessMachine,HTCP,RB,HTTP/1.1
2025-05-02 15:18:03,index,32.2999999523163,72,TheEmptinessMachine,HTCP,RB,HTTP/1.1
2025-05-02 15:18:05,index,34.2990000247955,674,TheEmptinessMachine,HTCP,RB,HTTP/1.1
2025-05-02 15:18:07,index,36.2999999523163,674,TheEmptinessMachine,HTCP,RB,HTTP/1.1
2025-05-02 15:18:09,index,38.2990000247955,72,TheEmptinessMachine,HTCP,RB,HTTP/1.1
2025-05-02 15:18:11,index,40.2990000247955,674,TheEmptinessMachine,HTCP,RB,HTTP/1.1
2025-05-02 15:18:13,index,42.2999999523163,674,TheEmptinessMachine,HTCP,RB,HTTP/1.1
2025-05-02 15:18:15,index,44.2990000247955,674,TheEmptinessMachine,HTCP,RB,HTTP/1.1
2025-05-02 15:18:17,index,46.2999999523163,674,TheEmptinessMachine,HTCP,RB,HTTP/1.1
2025-05-02 15:18:19,index,48.2990000247955,674,TheEmptinessMachine,HTCP,RB,HTTP/1.1
2025-05-02 15:18:21,index,50.2999999523163,72,TheEmptinessMachine,HTCP,RB,HTTP/1.1
2025-05-02 15:18:23,index,52.2990000247955,674,TheEmptinessMachine,HTCP,RB,HTTP/1.1
2025-05-02 15:18:25,index,54.2999999523163,674,TheEmptinessMachine,HTCP,RB,HTTP/1.1
2025-05-02 15:18:27,index,56.2999999523163,674,TheEmptinessMachine,HTCP,RB,HTTP/1.1
2025-05-02 15:18:29,index,58.2990000247955,72,TheEmptinessMachine,HTCP,RB,HTTP/1.1
2025-05-02 15:18:31,index,60.2999999523163,72,TheEmptinessMachine,HTCP,RB,HTTP/1.1
2025-05-02 15:18:33,index,62.2999999523163,635,TheEmptinessMachine,HTCP,RB,HTTP/1.1
2025-05-02 15:18:35,index,64.2990000247955,635,TheEmptinessMachine,HTCP,RB,HTTP/1.1
2025-05-02 15:18:37,index,66.2999999523163,635,TheEmptinessMachine,HTCP,RB,HTTP/1.1
2025-05-02 15:18:39,index,68.2999999523163,72,TheEmptinessMachine,HTCP,RB,HTTP/1.1
2025-05-02 15:18:41,index,70.2990000247955,330,TheEmptinessMachine,HTCP,RB,HTTP/1.1
2025-05-02 15:18:43,index,72.2999999523163,330,TheEmptinessMachine,HTCP,RB,HTTP/1.1
2025-05-02 15:18:45,index,74.2990000247955,72,TheEmptinessMachine,HTCP,RB,HTTP/1.1
2025-05-02 15:18:47,index,76.2999999523163,330,TheEmptinessMachine,HTCP,RB,HTTP/1.1
2025-05-02 15:18:49,index,78.2999999523163,330,TheEmptinessMachine,HTCP,RB,HTTP/1.1
2025-05-02 15:18:51,index,80.2999999523163,72,TheEmptinessMachine,HTCP,RB,HTTP/1.1
2025-05-02 15:18:53,index,82.2990000247955,72,TheEmptinessMachine,HTCP,RB,HTTP/1.1
2025-05-02 15:18:55,index,84.2999999523163,674,TheEmptinessMachine,HTCP,RB,HTTP/1.1
2025-05-02 15:18:57,index,86.2999999523163,330,TheEmptinessMachine,HTCP,RB,HTTP/1.1
2025-05-02 15:18:59,index,88.2999999523163,330,TheEmptinessMachine,HTCP,RB,HTTP/1.1
2025-05-02 15:19:01,index,90.2990000247955,330,TheEmptinessMachine,HTCP,RB,HTTP/1.1
2025-05-02 15:19:03,index,92.2990000247955,635,TheEmptinessMachine,HTCP,RB,HTTP/1.1
2025-05-02 15:19:05,index,94.2999999523163,635,TheEmptinessMachine,HTCP,RB,HTTP/1.1
2025-05-02 15:19:07,index,96.2999999523163,635,TheEmptinessMachine,HTCP,RB,HTTP/1.1
2025-05-02 15:19:09,index,98.2999999523163,330,TheEmptinessMachine,HTCP,RB,HTTP/1.1
2025-05-02 15:19:11,index,100.299999952316,330,TheEmptinessMachine,HTCP,RB,HTTP/1.1
2025-05-02 15:19:13,index,102.299999952316,330,TheEmptinessMachine,HTCP,RB,HTTP/1.1
2025-05-02 15:19:15,index,104.299000024796,330,TheEmptinessMachine,HTCP,RB,HTTP/1.1
2025-05-02 15:19:17,index,106.299000024796,72,TheEmptinessMachine,HTCP,RB,HTTP/1.1
2025-05-02 15:19:19,index,108.299999952316,330,TheEmptinessMachine,HTCP,RB,HTTP/1.1
2025-05-02 15:19:21,index,110.299000024796,330,TheEmptinessMachine,HTCP,RB,HTTP/1.1
2025-05-02 15:19:23,index,112.299999952316,330,TheEmptinessMachine,HTCP,RB,HTTP/1.1
2025-05-02 15:19:25,index,114.299000024796,330,TheEmptinessMachine,HTCP,RB,HTTP/1.1
2025-05-02 15:19:27,index,116.299999952316,330,TheEmptinessMachine,HTCP,RB,HTTP/1.1
2025-05-02 15:19:29,index,118.299999952316,330,TheEmptinessMachine,HTCP,RB,HTTP/1.1
2025-05-02 15:19:31,index,120.299999952316,72,TheEmptinessMachine,HTCP,RB,HTTP/1.1
2025-05-02 15:19:33,index,122.299999952316,72,TheEmptinessMachine,HTCP,RB,HTTP/1.1
2025-05-02 15:19:35,index,124.299000024796,330,TheEmptinessMachine,HTCP,RB,HTTP/1.1
2025-05-02 15:19:37,index,126.299000024796,72,TheEmptinessMachine,HTCP,RB,HTTP/1.1
2025-05-02 15:19:39,index,128.299000024796,72,TheEmptinessMachine,HTCP,RB,HTTP/1.1
2025-05-02 15:19:41,index,130.299999952316,330,TheEmptinessMachine,HTCP,RB,HTTP/1.1
2025-05-02 15:19:43,index,132.299000024796,330,TheEmptinessMachine,HTCP,RB,HTTP/1.1
2025-05-02 15:19:45,index,134.299000024796,330,TheEmptinessMachine,HTCP,RB,HTTP/1.1
2025-05-02 15:19:47,index,136.299999952316,330,TheEmptinessMachine,HTCP,RB,HTTP/1.1
2025-05-02 15:19:49,index,138.299000024796,330,TheEmptinessMachine,HTCP,RB,HTTP/1.1
2025-05-02 15:19:51,index,140.299999952316,330,TheEmptinessMachine,HTCP,RB,HTTP/1.1
2025-05-02 15:19:53,index,142.299999952316,320,TheEmptinessMachine,HTCP,RB,HTTP/1.1
2025-05-02 15:19:55,index,144.299999952316,330,TheEmptinessMachine,HTCP,RB,HTTP/1.1
2025-05-02 15:19:57,index,146.299999952316,330,TheEmptinessMachine,HTCP,RB,HTTP/1.1
2025-05-02 15:19:59,index,148.299000024796,330,TheEmptinessMachine,HTCP,RB,HTTP/1.1
2025-05-02 15:20:01,index,150.299000024796,72,TheEmptinessMachine,HTCP,RB,HTTP/1.1
2025-05-02 15:20:03,index,152.299000024796,330,TheEmptinessMachine,HTCP,RB,HTTP/1.1
2025-05-02 15:20:05,index,154.299999952316,330,TheEmptinessMachine,HTCP,RB,HTTP/1.1
2025-05-02 15:20:07,index,156.299999952316,330,TheEmptinessMachine,HTCP,RB,HTTP/1.1
2025-05-02 15:20:09,index,158.299000024796,330,TheEmptinessMachine,HTCP,RB,HTTP/1.1
2025-05-02 15:20:11,index,160.299999952316,72,TheEmptinessMachine,HTCP,RB,HTTP/1.1
2025-05-02 15:20:13,index,162.299999952316,330,TheEmptinessMachine,HTCP,RB,HTTP/1.1
2025-05-02 15:20:15,index,164.299999952316,72,TheEmptinessMachine,HTCP,RB,HTTP/1.1
2025-05-02 15:20:17,index,166.299000024796,72,TheEmptinessMachine,HTCP,RB,HTTP/1.1
2025-05-02 15:20:19,index,168.299000024796,330,TheEmptinessMachine,HTCP,RB,HTTP/1.1
2025-05-02 15:20:23,index,172.299000024796,72,TheEmptinessMachine,HTCP,RB,HTTP/1.1
2025-05-02 15:20:25,index,174.299000024796,330,TheEmptinessMachine,HTCP,RB,HTTP/1.1
2025-05-02 15:20:27,index,176.299999952316,330,TheEmptinessMachine,HTCP,RB,HTTP/1.1
2025-05-02 15:20:29,index,178.299999952316,330,TheEmptinessMachine,HTCP,RB,HTTP/1.1
2025-05-02 15:20:31,index,180.299999952316,330,TheEmptinessMachine,HTCP,RB,HTTP/1.1
2025-05-02 15:20:33,index,182.299000024796,330,TheEmptinessMachine,HTCP,RB,HTTP/1.1
2025-05-02 15:20:35,index,184.299999952316,330,TheEmptinessMachine,HTCP,RB,HTTP/1.1
2025-05-02 15:20:37,index,186.299999952316,72,TheEmptinessMachine,HTCP,RB,HTTP/1.1
2025-05-02 15:20:39,index,188.299999952316,330,TheEmptinessMachine,HTCP,RB,HTTP/1.1
2025-05-02 15:20:41,index,190.299999952316,330,TheEmptinessMachine,HTCP,RB,HTTP/1.1
2025-05-02 15:20:43,index,192.299000024796,330,TheEmptinessMachine,HTCP,RB,HTTP/1.1
2025-05-02 15:20:45,index,194.299000024796,330,TheEmptinessMachine,HTCP,RB,HTTP/1.1
2025-05-02 15:20:47,index,196.299999952316,330,TheEmptinessMachine,HTCP,RB,HTTP/1.1
2025-05-02 15:20:49,index,198.299999952316,330,TheEmptinessMachine,HTCP,RB,HTTP/1.1
2025-05-02 15:20:51,index,200.299999952316,330,TheEmptinessMachine,HTCP,RB,HTTP/1.1
2025-05-02 15:20:53,index,202.299999952316,330,TheEmptinessMachine,HTCP,RB,HTTP/1.1
2025-05-02 15:20:55,index,204.299999952316,330,TheEmptinessMachine,HTCP,RB,HTTP/1.1
2025-05-02 15:20:57,index,206.299999952316,330,TheEmptinessMachine,HTCP,RB,HTTP/1.1
2025-05-02 15:21:37,index,4.09699988365173,1226,TheEmptinessMachine,HTCP,RB,HTTP/2
2025-05-02 15:21:39,index,6.09699988365173,1226,TheEmptinessMachine,HTCP,RB,HTTP/2
2025-05-02 15:21:41,index,8.09699988365173,1226,TheEmptinessMachine,HTCP,RB,HTTP/2
2025-05-02 15:21:43,index,10.0969998836517,1226,TheEmptinessMachine,HTCP,RB,HTTP/2
2025-05-02 15:22:09,index,36.0969998836517,330,TheEmptinessMachine,HTCP,RB,HTTP/2
2025-05-02 15:22:11,index,38.0969998836517,330,TheEmptinessMachine,HTCP,RB,HTTP/2
2025-05-02 15:22:13,index,40.0969998836517,72,TheEmptinessMachine,HTCP,RB,HTTP/2
2025-05-02 15:22:15,index,42.0969998836517,330,TheEmptinessMachine,HTCP,RB,HTTP/2
2025-05-02 15:22:17,index,44.0969998836517,72,TheEmptinessMachine,HTCP,RB,HTTP/2
2025-05-02 15:22:19,index,46.0969998836517,330,TheEmptinessMachine,HTCP,RB,HTTP/2
2025-05-02 15:22:21,index,48.0969998836517,72,TheEmptinessMachine,HTCP,RB,HTTP/2
2025-05-02 15:22:23,index,50.0969998836517,330,TheEmptinessMachine,HTCP,RB,HTTP/2
2025-05-02 15:22:25,index,52.0969998836517,330,TheEmptinessMachine,HTCP,RB,HTTP/2
2025-05-02 15:22:27,index,54.095999956131,330,TheEmptinessMachine,HTCP,RB,HTTP/2
2025-05-02 15:22:29,index,56.0969998836517,330,TheEmptinessMachine,HTCP,RB,HTTP/2
2025-05-02 15:22:31,index,58.0969998836517,330,TheEmptinessMachine,HTCP,RB,HTTP/2
2025-05-02 15:22:33,index,60.095999956131,330,TheEmptinessMachine,HTCP,RB,HTTP/2
2025-05-02 15:22:35,index,62.095999956131,72,TheEmptinessMachine,HTCP,RB,HTTP/2
2025-05-02 15:22:37,index,64.0969998836517,330,TheEmptinessMachine,HTCP,RB,HTTP/2
2025-05-02 15:22:39,index,66.0969998836517,330,TheEmptinessMachine,HTCP,RB,HTTP/2
2025-05-02 15:22:41,index,68.0969998836517,330,TheEmptinessMachine,HTCP,RB,HTTP/2
2025-05-02 15:22:43,index,70.0969998836517,330,TheEmptinessMachine,HTCP,RB,HTTP/2
2025-05-02 15:22:45,index,72.0969998836517,72,TheEmptinessMachine,HTCP,RB,HTTP/2
2025-05-02 15:22:47,index,74.0969998836517,330,TheEmptinessMachine,HTCP,RB,HTTP/2
2025-05-02 15:22:49,index,76.0969998836517,330,TheEmptinessMachine,HTCP,RB,HTTP/2
2025-05-02 15:22:51,index,78.0969998836517,72,TheEmptinessMachine,HTCP,RB,HTTP/2
2025-05-02 15:22:53,index,80.095999956131,330,TheEmptinessMachine,HTCP,RB,HTTP/2
2025-05-02 15:22:55,index,82.0969998836517,330,TheEmptinessMachine,HTCP,RB,HTTP/2
2025-05-02 15:22:57,index,84.0969998836517,72,TheEmptinessMachine,HTCP,RB,HTTP/2
2025-05-02 15:22:59,index,86.0969998836517,330,TheEmptinessMachine,HTCP,RB,HTTP/2
2025-05-02 15:23:01,index,88.0969998836517,330,TheEmptinessMachine,HTCP,RB,HTTP/2
2025-05-02 15:23:03,index,90.0969998836517,330,TheEmptinessMachine,HTCP,RB,HTTP/2
2025-05-02 15:23:05,index,92.0969998836517,330,TheEmptinessMachine,HTCP,RB,HTTP/2
2025-05-02 15:23:07,index,94.0969998836517,330,TheEmptinessMachine,HTCP,RB,HTTP/2
2025-05-02 15:23:09,index,96.095999956131,330,TheEmptinessMachine,HTCP,RB,HTTP/2
2025-05-02 15:23:11,index,98.0969998836517,330,TheEmptinessMachine,HTCP,RB,HTTP/2
2025-05-02 15:23:13,index,100.095999956131,72,TheEmptinessMachine,HTCP,RB,HTTP/2
2025-05-02 15:23:15,index,102.096999883652,330,TheEmptinessMachine,HTCP,RB,HTTP/2
2025-05-02 15:23:17,index,104.096999883652,330,TheEmptinessMachine,HTCP,RB,HTTP/2
2025-05-02 15:23:19,index,106.096999883652,72,TheEmptinessMachine,HTCP,RB,HTTP/2
2025-05-02 15:23:21,index,108.095999956131,635,TheEmptinessMachine,HTCP,RB,HTTP/2
2025-05-02 15:23:23,index,110.095999956131,674,TheEmptinessMachine,HTCP,RB,HTTP/2
2025-05-02 15:23:25,index,112.095999956131,674,TheEmptinessMachine,HTCP,RB,HTTP/2
2025-05-02 15:23:27,index,114.096999883652,674,TheEmptinessMachine,HTCP,RB,HTTP/2
2025-05-02 15:23:29,index,116.095999956131,674,TheEmptinessMachine,HTCP,RB,HTTP/2
2025-05-02 15:23:31,index,118.096999883652,674,TheEmptinessMachine,HTCP,RB,HTTP/2
2025-05-02 15:23:33,index,120.096999883652,635,TheEmptinessMachine,HTCP,RB,HTTP/2
2025-05-02 15:23:35,index,122.096999883652,635,TheEmptinessMachine,HTCP,RB,HTTP/2
2025-05-02 15:23:41,index,128.096999883652,72,TheEmptinessMachine,HTCP,RB,HTTP/2
2025-05-02 15:23:43,index,130.096999883652,674,TheEmptinessMachine,HTCP,RB,HTTP/2
2025-05-02 15:23:45,index,132.096999883652,674,TheEmptinessMachine,HTCP,RB,HTTP/2
2025-05-02 15:23:47,index,134.096999883652,674,TheEmptinessMachine,HTCP,RB,HTTP/2
2025-05-02 15:23:49,index,136.096999883652,674,TheEmptinessMachine,HTCP,RB,HTTP/2
2025-05-02 15:23:51,index,138.096999883652,674,TheEmptinessMachine,HTCP,RB,HTTP/2
2025-05-02 15:23:53,index,140.096999883652,674,TheEmptinessMachine,HTCP,RB,HTTP/2
2025-05-02 15:23:55,index,142.096999883652,980,TheEmptinessMachine,HTCP,RB,HTTP/2
2025-05-02 15:23:57,index,144.096999883652,980,TheEmptinessMachine,HTCP,RB,HTTP/2
2025-05-02 15:23:59,index,146.096999883652,980,TheEmptinessMachine,HTCP,RB,HTTP/2
2025-05-02 15:24:29,index,176.096999883652,330,TheEmptinessMachine,HTCP,RB,HTTP/2
2025-05-02 15:24:31,index,178.095999956131,72,TheEmptinessMachine,HTCP,RB,HTTP/2
2025-05-02 15:24:33,index,180.096999883652,72,TheEmptinessMachine,HTCP,RB,HTTP/2
2025-05-02 15:24:35,index,182.096999883652,330,TheEmptinessMachine,HTCP,RB,HTTP/2
2025-05-02 15:24:37,index,184.096999883652,330,TheEmptinessMachine,HTCP,RB,HTTP/2
2025-05-02 15:24:39,index,186.096999883652,72,TheEmptinessMachine,HTCP,RB,HTTP/2
2025-05-02 15:24:41,index,188.095999956131,330,TheEmptinessMachine,HTCP,RB,HTTP/2
2025-05-02 15:24:43,index,190.096999883652,330,TheEmptinessMachine,HTCP,RB,HTTP/2
2025-05-02 15:24:45,index,192.096999883652,330,TheEmptinessMachine,HTCP,RB,HTTP/2
2025-05-02 15:24:47,index,194.096999883652,330,TheEmptinessMachine,HTCP,RB,HTTP/2
2025-05-02 15:24:49,index,196.096999883652,72,TheEmptinessMachine,HTCP,RB,HTTP/2
2025-05-02 15:24:51,index,198.096999883652,330,TheEmptinessMachine,HTCP,RB,HTTP/2
2025-05-02 15:24:53,index,200.096999883652,635,TheEmptinessMachine,HTCP,RB,HTTP/2
2025-05-02 15:24:55,index,202.096999883652,674,TheEmptinessMachine,HTCP,RB,HTTP/2
2025-05-02 15:24:57,index,204.096999883652,674,TheEmptinessMachine,HTCP,RB,HTTP/2
2025-05-02 15:24:59,index,206.096999883652,674,TheEmptinessMachine,HTCP,RB,HTTP/2
2025-05-02 15:25:11,index,218.096999883652,674,TheEmptinessMachine,HTCP,RB,HTTP/2
2025-05-02 15:25:41,index,4.11700010299683,72,TheEmptinessMachine,HTCP,RB,HTTP/3
2025-05-02 15:25:43,index,6.11700010299683,674,TheEmptinessMachine,HTCP,RB,HTTP/3
2025-05-02 15:25:45,index,8.11700010299683,674,TheEmptinessMachine,HTCP,RB,HTTP/3
2025-05-02 15:25:47,index,10.1170001029968,674,TheEmptinessMachine,HTCP,RB,HTTP/3
2025-05-02 15:25:49,index,12.1170001029968,330,TheEmptinessMachine,HTCP,RB,HTTP/3
2025-05-02 15:25:51,index,14.1170001029968,330,TheEmptinessMachine,HTCP,RB,HTTP/3
2025-05-02 15:25:53,index,16.1170001029968,330,TheEmptinessMachine,HTCP,RB,HTTP/3
2025-05-02 15:25:55,index,18.1170001029968,72,TheEmptinessMachine,HTCP,RB,HTTP/3
2025-05-02 15:25:57,index,20.1170001029968,72,TheEmptinessMachine,HTCP,RB,HTTP/3
2025-05-02 15:25:59,index,22.1170001029968,72,TheEmptinessMachine,HTCP,RB,HTTP/3
2025-05-02 15:26:01,index,24.1170001029968,72,TheEmptinessMachine,HTCP,RB,HTTP/3
2025-05-02 15:26:03,index,26.1170001029968,214,TheEmptinessMachine,HTCP,RB,HTTP/3
2025-05-02 15:26:05,index,28.1170001029968,214,TheEmptinessMachine,HTCP,RB,HTTP/3
2025-05-02 15:26:07,index,30.1170001029968,214,TheEmptinessMachine,HTCP,RB,HTTP/3
2025-05-02 15:26:09,index,32.1170001029968,214,TheEmptinessMachine,HTCP,RB,HTTP/3
2025-05-02 15:26:11,index,34.1170001029968,214,TheEmptinessMachine,HTCP,RB,HTTP/3
2025-05-02 15:26:13,index,36.1170001029968,214,TheEmptinessMachine,HTCP,RB,HTTP/3
2025-05-02 15:26:15,index,38.1170001029968,72,TheEmptinessMachine,HTCP,RB,HTTP/3
2025-05-02 15:26:17,index,40.1170001029968,214,TheEmptinessMachine,HTCP,RB,HTTP/3
2025-05-02 15:26:19,index,42.1170001029968,214,TheEmptinessMachine,HTCP,RB,HTTP/3
2025-05-02 15:26:21,index,44.1170001029968,330,TheEmptinessMachine,HTCP,RB,HTTP/3
2025-05-02 15:26:23,index,46.1170001029968,330,TheEmptinessMachine,HTCP,RB,HTTP/3
2025-05-02 15:26:25,index,48.1170001029968,330,TheEmptinessMachine,HTCP,RB,HTTP/3
2025-05-02 15:26:27,index,50.1170001029968,330,TheEmptinessMachine,HTCP,RB,HTTP/3
2025-05-02 15:26:29,index,52.1170001029968,330,TheEmptinessMachine,HTCP,RB,HTTP/3
2025-05-02 15:26:31,index,54.1170001029968,330,TheEmptinessMachine,HTCP,RB,HTTP/3
2025-05-02 15:26:33,index,56.1170001029968,330,TheEmptinessMachine,HTCP,RB,HTTP/3
2025-05-02 15:26:35,index,58.1170001029968,72,TheEmptinessMachine,HTCP,RB,HTTP/3
2025-05-02 15:26:37,index,60.1170001029968,330,TheEmptinessMachine,HTCP,RB,HTTP/3
2025-05-02 15:26:39,index,62.1170001029968,330,TheEmptinessMachine,HTCP,RB,HTTP/3
2025-05-02 15:26:41,index,64.1170001029968,330,TheEmptinessMachine,HTCP,RB,HTTP/3
2025-05-02 15:26:43,index,66.1170001029968,330,TheEmptinessMachine,HTCP,RB,HTTP/3
2025-05-02 15:26:45,index,68.1170001029968,330,TheEmptinessMachine,HTCP,RB,HTTP/3
2025-05-02 15:26:47,index,70.1170001029968,330,TheEmptinessMachine,HTCP,RB,HTTP/3
2025-05-02 15:26:49,index,72.1170001029968,330,TheEmptinessMachine,HTCP,RB,HTTP/3
2025-05-02 15:26:51,index,74.1170001029968,330,TheEmptinessMachine,HTCP,RB,HTTP/3
2025-05-02 15:26:53,index,76.1170001029968,330,TheEmptinessMachine,HTCP,RB,HTTP/3
2025-05-02 15:26:55,index,78.1170001029968,214,TheEmptinessMachine,HTCP,RB,HTTP/3
2025-05-02 15:26:57,index,80.1170001029968,214,TheEmptinessMachine,HTCP,RB,HTTP/3
2025-05-02 15:26:59,index,82.1170001029968,72,TheEmptinessMachine,HTCP,RB,HTTP/3
2025-05-02 15:27:01,index,84.1170001029968,330,TheEmptinessMachine,HTCP,RB,HTTP/3
2025-05-02 15:27:03,index,86.1170001029968,72,TheEmptinessMachine,HTCP,RB,HTTP/3
2025-05-02 15:27:05,index,88.1170001029968,320,TheEmptinessMachine,HTCP,RB,HTTP/3
2025-05-02 15:27:07,index,90.1170001029968,320,TheEmptinessMachine,HTCP,RB,HTTP/3
2025-05-02 15:27:09,index,92.1170001029968,330,TheEmptinessMachine,HTCP,RB,HTTP/3
2025-05-02 15:27:11,index,94.1170001029968,330,TheEmptinessMachine,HTCP,RB,HTTP/3
2025-05-02 15:27:13,index,96.1170001029968,72,TheEmptinessMachine,HTCP,RB,HTTP/3
2025-05-02 15:27:15,index,98.1170001029968,72,TheEmptinessMachine,HTCP,RB,HTTP/3
2025-05-02 15:27:17,index,100.117000102997,169,TheEmptinessMachine,HTCP,RB,HTTP/3
2025-05-02 15:27:19,index,102.115999937057,169,TheEmptinessMachine,HTCP,RB,HTTP/3
2025-05-02 15:27:21,index,104.117000102997,214,TheEmptinessMachine,HTCP,RB,HTTP/3
2025-05-02 15:27:23,index,106.117000102997,214,TheEmptinessMachine,HTCP,RB,HTTP/3
2025-05-02 15:27:25,index,108.117000102997,214,TheEmptinessMachine,HTCP,RB,HTTP/3
2025-05-02 15:27:27,index,110.117000102997,214,TheEmptinessMachine,HTCP,RB,HTTP/3
2025-05-02 15:27:29,index,112.117000102997,214,TheEmptinessMachine,HTCP,RB,HTTP/3
2025-05-02 15:27:31,index,114.117000102997,214,TheEmptinessMachine,HTCP,RB,HTTP/3
2025-05-02 15:27:33,index,116.117000102997,72,TheEmptinessMachine,HTCP,RB,HTTP/3
2025-05-02 15:27:35,index,118.117000102997,214,TheEmptinessMachine,HTCP,RB,HTTP/3
2025-05-02 15:27:37,index,120.117000102997,72,TheEmptinessMachine,HTCP,RB,HTTP/3
2025-05-02 15:27:39,index,122.117000102997,214,TheEmptinessMachine,HTCP,RB,HTTP/3
2025-05-02 15:27:41,index,124.117000102997,214,TheEmptinessMachine,HTCP,RB,HTTP/3
2025-05-02 15:27:43,index,126.117000102997,214,TheEmptinessMachine,HTCP,RB,HTTP/3
2025-05-02 15:27:45,index,128.117000102997,214,TheEmptinessMachine,HTCP,RB,HTTP/3
2025-05-02 15:27:47,index,130.117000102997,214,TheEmptinessMachine,HTCP,RB,HTTP/3
2025-05-02 15:27:49,index,132.117000102997,214,TheEmptinessMachine,HTCP,RB,HTTP/3
2025-05-02 15:27:51,index,134.115999937057,214,TheEmptinessMachine,HTCP,RB,HTTP/3
2025-05-02 15:27:53,index,136.117000102997,320,TheEmptinessMachine,HTCP,RB,HTTP/3
2025-05-02 15:27:55,index,138.117000102997,320,TheEmptinessMachine,HTCP,RB,HTTP/3
2025-05-02 15:27:57,index,140.117000102997,330,TheEmptinessMachine,HTCP,RB,HTTP/3
2025-05-02 15:27:59,index,142.117000102997,330,TheEmptinessMachine,HTCP,RB,HTTP/3
2025-05-02 15:28:01,index,144.117000102997,72,TheEmptinessMachine,HTCP,RB,HTTP/3
2025-05-02 15:28:03,index,146.117000102997,214,TheEmptinessMachine,HTCP,RB,HTTP/3
2025-05-02 15:28:05,index,148.118000030518,72,TheEmptinessMachine,HTCP,RB,HTTP/3
2025-05-02 15:28:07,index,150.117000102997,214,TheEmptinessMachine,HTCP,RB,HTTP/3
2025-05-02 15:28:09,index,152.117000102997,72,TheEmptinessMachine,HTCP,RB,HTTP/3
2025-05-02 15:28:11,index,154.117000102997,330,TheEmptinessMachine,HTCP,RB,HTTP/3
2025-05-02 15:28:13,index,156.117000102997,330,TheEmptinessMachine,HTCP,RB,HTTP/3
2025-05-02 15:28:15,index,158.117000102997,330,TheEmptinessMachine,HTCP,RB,HTTP/3
2025-05-02 15:28:17,index,160.117000102997,330,TheEmptinessMachine,HTCP,RB,HTTP/3
2025-05-02 15:28:27,index,170.117000102997,330,TheEmptinessMachine,HTCP,RB,HTTP/3
2025-05-02 15:28:29,index,172.117000102997,330,TheEmptinessMachine,HTCP,RB,HTTP/3
2025-05-02 15:28:31,index,174.117000102997,330,TheEmptinessMachine,HTCP,RB,HTTP/3
2025-05-02 15:28:33,index,176.117000102997,330,TheEmptinessMachine,HTCP,RB,HTTP/3
2025-05-02 15:28:35,index,178.117000102997,330,TheEmptinessMachine,HTCP,RB,HTTP/3
2025-05-02 15:28:37,index,180.117000102997,330,TheEmptinessMachine,HTCP,RB,HTTP/3
2025-05-02 15:28:39,index,182.117000102997,330,TheEmptinessMachine,HTCP,RB,HTTP/3
2025-05-02 15:28:41,index,184.117000102997,72,TheEmptinessMachine,HTCP,RB,HTTP/3
2025-05-02 15:28:43,index,186.117000102997,72,TheEmptinessMachine,HTCP,RB,HTTP/3
2025-05-02 15:28:45,index,188.117000102997,320,TheEmptinessMachine,HTCP,RB,HTTP/3
2025-05-02 15:28:47,index,190.117000102997,72,TheEmptinessMachine,HTCP,RB,HTTP/3
2025-05-02 15:28:49,index,192.117000102997,330,TheEmptinessMachine,HTCP,RB,HTTP/3
2025-05-02 15:28:51,index,194.117000102997,330,TheEmptinessMachine,HTCP,RB,HTTP/3
2025-05-02 15:28:53,index,196.117000102997,330,TheEmptinessMachine,HTCP,RB,HTTP/3
2025-05-02 15:28:55,index,198.117000102997,330,TheEmptinessMachine,HTCP,RB,HTTP/3
2025-05-02 15:28:57,index,200.117000102997,330,TheEmptinessMachine,HTCP,RB,HTTP/3
2025-05-02 15:28:59,index,202.117000102997,330,TheEmptinessMachine,HTCP,RB,HTTP/3
2025-05-02 15:29:01,index,204.117000102997,214,TheEmptinessMachine,HTCP,RB,HTTP/3
2025-05-02 15:29:03,index,206.117000102997,72,TheEmptinessMachine,HTCP,RB,HTTP/3
2025-05-02 15:29:05,index,208.117000102997,72,TheEmptinessMachine,HTCP,RB,HTTP/3
2025-05-02 15:29:07,index,210.117000102997,72,TheEmptinessMachine,HTCP,RB,HTTP/3
2025-05-02 15:29:37,index,4.30299997329712,1226,TheEmptinessMachine,HTCP,Throughput,HTTP/1.1
2025-05-02 15:29:39,index,6.30299997329712,1226,TheEmptinessMachine,HTCP,Throughput,HTTP/1.1
2025-05-02 15:29:41,index,8.30200004577637,1226,TheEmptinessMachine,HTCP,Throughput,HTTP/1.1
2025-05-02 15:29:43,index,10.3029999732971,674,TheEmptinessMachine,HTCP,Throughput,HTTP/1.1
2025-05-02 15:29:45,index,12.3020000457764,1106,TheEmptinessMachine,HTCP,Throughput,HTTP/1.1
2025-05-02 15:29:47,index,14.3029999732971,1106,TheEmptinessMachine,HTCP,Throughput,HTTP/1.1
2025-05-02 15:29:51,index,18.3020000457764,674,TheEmptinessMachine,HTCP,Throughput,HTTP/1.1
2025-05-02 15:29:53,index,20.3020000457764,674,TheEmptinessMachine,HTCP,Throughput,HTTP/1.1
2025-05-02 15:29:55,index,22.3020000457764,330,TheEmptinessMachine,HTCP,Throughput,HTTP/1.1
2025-05-02 15:29:57,index,24.3029999732971,330,TheEmptinessMachine,HTCP,Throughput,HTTP/1.1
2025-05-02 15:29:59,index,26.3020000457764,330,TheEmptinessMachine,HTCP,Throughput,HTTP/1.1
2025-05-02 15:30:01,index,28.3020000457764,330,TheEmptinessMachine,HTCP,Throughput,HTTP/1.1
2025-05-02 15:30:03,index,30.3020000457764,330,TheEmptinessMachine,HTCP,Throughput,HTTP/1.1
2025-05-02 15:30:05,index,32.3029999732971,330,TheEmptinessMachine,HTCP,Throughput,HTTP/1.1
2025-05-02 15:30:07,index,34.3029999732971,635,TheEmptinessMachine,HTCP,Throughput,HTTP/1.1
2025-05-02 15:30:09,index,36.3020000457764,635,TheEmptinessMachine,HTCP,Throughput,HTTP/1.1
2025-05-02 15:30:11,index,38.3029999732971,330,TheEmptinessMachine,HTCP,Throughput,HTTP/1.1
2025-05-02 15:30:13,index,40.3020000457764,330,TheEmptinessMachine,HTCP,Throughput,HTTP/1.1
2025-05-02 15:30:16,index,42.4110000133514,330,TheEmptinessMachine,HTCP,Throughput,HTTP/1.1
2025-05-02 15:30:17,index,44.3029999732971,330,TheEmptinessMachine,HTCP,Throughput,HTTP/1.1
2025-05-02 15:30:19,index,46.3029999732971,330,TheEmptinessMachine,HTCP,Throughput,HTTP/1.1
2025-05-02 15:30:21,index,48.3020000457764,674,TheEmptinessMachine,HTCP,Throughput,HTTP/1.1
2025-05-02 15:30:23,index,50.3029999732971,674,TheEmptinessMachine,HTCP,Throughput,HTTP/1.1
2025-05-02 15:30:25,index,52.3029999732971,330,TheEmptinessMachine,HTCP,Throughput,HTTP/1.1
2025-05-02 15:30:27,index,54.3020000457764,330,TheEmptinessMachine,HTCP,Throughput,HTTP/1.1
2025-05-02 15:30:29,index,56.3020000457764,330,TheEmptinessMachine,HTCP,Throughput,HTTP/1.1
2025-05-02 15:30:31,index,58.3029999732971,330,TheEmptinessMachine,HTCP,Throughput,HTTP/1.1
2025-05-02 15:30:33,index,60.3020000457764,330,TheEmptinessMachine,HTCP,Throughput,HTTP/1.1
2025-05-02 15:30:35,index,62.3020000457764,330,TheEmptinessMachine,HTCP,Throughput,HTTP/1.1
2025-05-02 15:30:37,index,64.3020000457764,330,TheEmptinessMachine,HTCP,Throughput,HTTP/1.1
2025-05-02 15:30:39,index,66.3020000457764,330,TheEmptinessMachine,HTCP,Throughput,HTTP/1.1
2025-05-02 15:30:41,index,68.3029999732971,330,TheEmptinessMachine,HTCP,Throughput,HTTP/1.1
2025-05-02 15:30:43,index,70.3020000457764,330,TheEmptinessMachine,HTCP,Throughput,HTTP/1.1
2025-05-02 15:30:45,index,72.3029999732971,330,TheEmptinessMachine,HTCP,Throughput,HTTP/1.1
2025-05-02 15:30:47,index,74.3029999732971,330,TheEmptinessMachine,HTCP,Throughput,HTTP/1.1
2025-05-02 15:30:49,index,76.3020000457764,635,TheEmptinessMachine,HTCP,Throughput,HTTP/1.1
2025-05-02 15:30:51,index,78.3029999732971,674,TheEmptinessMachine,HTCP,Throughput,HTTP/1.1
2025-05-02 15:30:53,index,80.3029999732971,674,TheEmptinessMachine,HTCP,Throughput,HTTP/1.1
2025-05-02 15:30:55,index,82.3029999732971,674,TheEmptinessMachine,HTCP,Throughput,HTTP/1.1
2025-05-02 15:30:57,index,84.3020000457764,674,TheEmptinessMachine,HTCP,Throughput,HTTP/1.1
2025-05-02 15:30:59,index,86.3029999732971,674,TheEmptinessMachine,HTCP,Throughput,HTTP/1.1
2025-05-02 15:31:01,index,88.3020000457764,674,TheEmptinessMachine,HTCP,Throughput,HTTP/1.1
2025-05-02 15:31:03,index,90.3020000457764,330,TheEmptinessMachine,HTCP,Throughput,HTTP/1.1
2025-05-02 15:31:05,index,92.3020000457764,330,TheEmptinessMachine,HTCP,Throughput,HTTP/1.1
2025-05-02 15:31:07,index,94.3029999732971,330,TheEmptinessMachine,HTCP,Throughput,HTTP/1.1
2025-05-02 15:31:09,index,96.3029999732971,330,TheEmptinessMachine,HTCP,Throughput,HTTP/1.1
2025-05-02 15:31:11,index,98.3020000457764,635,TheEmptinessMachine,HTCP,Throughput,HTTP/1.1
2025-05-02 15:31:13,index,100.302000045776,635,TheEmptinessMachine,HTCP,Throughput,HTTP/1.1
2025-05-02 15:31:15,index,102.302000045776,635,TheEmptinessMachine,HTCP,Throughput,HTTP/1.1
2025-05-02 15:31:17,index,104.302000045776,330,TheEmptinessMachine,HTCP,Throughput,HTTP/1.1
2025-05-02 15:31:19,index,106.302000045776,330,TheEmptinessMachine,HTCP,Throughput,HTTP/1.1
2025-05-02 15:31:21,index,108.302000045776,330,TheEmptinessMachine,HTCP,Throughput,HTTP/1.1
2025-05-02 15:31:23,index,110.302000045776,330,TheEmptinessMachine,HTCP,Throughput,HTTP/1.1
2025-05-02 15:31:25,index,112.302000045776,330,TheEmptinessMachine,HTCP,Throughput,HTTP/1.1
2025-05-02 15:31:27,index,114.302000045776,330,TheEmptinessMachine,HTCP,Throughput,HTTP/1.1
2025-05-02 15:31:29,index,116.302000045776,330,TheEmptinessMachine,HTCP,Throughput,HTTP/1.1
2025-05-02 15:31:31,index,118.302999973297,330,TheEmptinessMachine,HTCP,Throughput,HTTP/1.1
2025-05-02 15:31:33,index,120.302000045776,330,TheEmptinessMachine,HTCP,Throughput,HTTP/1.1
2025-05-02 15:31:35,index,122.302999973297,330,TheEmptinessMachine,HTCP,Throughput,HTTP/1.1
2025-05-02 15:31:37,index,124.302000045776,330,TheEmptinessMachine,HTCP,Throughput,HTTP/1.1
2025-05-02 15:31:39,index,126.302000045776,330,TheEmptinessMachine,HTCP,Throughput,HTTP/1.1
2025-05-02 15:31:41,index,128.302000045776,330,TheEmptinessMachine,HTCP,Throughput,HTTP/1.1
2025-05-02 15:31:43,index,130.302999973297,330,TheEmptinessMachine,HTCP,Throughput,HTTP/1.1
2025-05-02 15:31:45,index,132.302000045776,330,TheEmptinessMachine,HTCP,Throughput,HTTP/1.1
2025-05-02 15:31:47,index,134.302999973297,330,TheEmptinessMachine,HTCP,Throughput,HTTP/1.1
2025-05-02 15:31:49,index,136.302000045776,330,TheEmptinessMachine,HTCP,Throughput,HTTP/1.1
2025-05-02 15:31:51,index,138.302000045776,330,TheEmptinessMachine,HTCP,Throughput,HTTP/1.1
2025-05-02 15:31:53,index,140.302000045776,330,TheEmptinessMachine,HTCP,Throughput,HTTP/1.1
2025-05-02 15:31:55,index,142.302000045776,330,TheEmptinessMachine,HTCP,Throughput,HTTP/1.1
2025-05-02 15:31:57,index,144.302000045776,330,TheEmptinessMachine,HTCP,Throughput,HTTP/1.1
2025-05-02 15:31:59,index,146.302000045776,330,TheEmptinessMachine,HTCP,Throughput,HTTP/1.1
2025-05-02 15:32:01,index,148.302000045776,330,TheEmptinessMachine,HTCP,Throughput,HTTP/1.1
2025-05-02 15:32:03,index,150.302000045776,330,TheEmptinessMachine,HTCP,Throughput,HTTP/1.1
2025-05-02 15:32:05,index,152.302000045776,330,TheEmptinessMachine,HTCP,Throughput,HTTP/1.1
2025-05-02 15:32:07,index,154.302999973297,330,TheEmptinessMachine,HTCP,Throughput,HTTP/1.1
2025-05-02 15:32:09,index,156.302000045776,330,TheEmptinessMachine,HTCP,Throughput,HTTP/1.1
2025-05-02 15:32:11,index,158.302999973297,330,TheEmptinessMachine,HTCP,Throughput,HTTP/1.1
2025-05-02 15:32:13,index,160.302000045776,330,TheEmptinessMachine,HTCP,Throughput,HTTP/1.1
2025-05-02 15:32:15,index,162.302000045776,330,TheEmptinessMachine,HTCP,Throughput,HTTP/1.1
2025-05-02 15:32:17,index,164.302000045776,330,TheEmptinessMachine,HTCP,Throughput,HTTP/1.1
2025-05-02 15:32:19,index,166.302000045776,330,TheEmptinessMachine,HTCP,Throughput,HTTP/1.1
2025-05-02 15:32:21,index,168.302000045776,330,TheEmptinessMachine,HTCP,Throughput,HTTP/1.1
2025-05-02 15:32:23,index,170.302000045776,330,TheEmptinessMachine,HTCP,Throughput,HTTP/1.1
2025-05-02 15:32:25,index,172.302999973297,330,TheEmptinessMachine,HTCP,Throughput,HTTP/1.1
2025-05-02 15:32:27,index,174.302000045776,330,TheEmptinessMachine,HTCP,Throughput,HTTP/1.1
2025-05-02 15:32:29,index,176.302000045776,330,TheEmptinessMachine,HTCP,Throughput,HTTP/1.1
2025-05-02 15:32:31,index,178.302000045776,330,TheEmptinessMachine,HTCP,Throughput,HTTP/1.1
2025-05-02 15:32:33,index,180.302999973297,330,TheEmptinessMachine,HTCP,Throughput,HTTP/1.1
2025-05-02 15:32:35,index,182.302000045776,330,TheEmptinessMachine,HTCP,Throughput,HTTP/1.1
2025-05-02 15:32:37,index,184.302999973297,330,TheEmptinessMachine,HTCP,Throughput,HTTP/1.1
2025-05-02 15:32:39,index,186.302000045776,330,TheEmptinessMachine,HTCP,Throughput,HTTP/1.1
2025-05-02 15:32:41,index,188.302000045776,330,TheEmptinessMachine,HTCP,Throughput,HTTP/1.1
2025-05-02 15:32:43,index,190.302000045776,330,TheEmptinessMachine,HTCP,Throughput,HTTP/1.1
2025-05-02 15:32:45,index,192.302999973297,330,TheEmptinessMachine,HTCP,Throughput,HTTP/1.1
2025-05-02 15:32:47,index,194.302999973297,330,TheEmptinessMachine,HTCP,Throughput,HTTP/1.1
2025-05-02 15:32:49,index,196.302999973297,330,TheEmptinessMachine,HTCP,Throughput,HTTP/1.1
2025-05-02 15:32:51,index,198.302000045776,330,TheEmptinessMachine,HTCP,Throughput,HTTP/1.1
2025-05-02 15:32:53,index,200.302000045776,330,TheEmptinessMachine,HTCP,Throughput,HTTP/1.1
2025-05-02 15:32:55,index,202.302999973297,330,TheEmptinessMachine,HTCP,Throughput,HTTP/1.1
2025-05-02 15:32:57,index,204.302000045776,330,TheEmptinessMachine,HTCP,Throughput,HTTP/1.1
2025-05-02 15:32:59,index,206.302999973297,330,TheEmptinessMachine,HTCP,Throughput,HTTP/1.1
2025-05-02 15:33:36,index,2.12999987602234,1767,TheEmptinessMachine,HTCP,Throughput,HTTP/2
2025-05-02 15:33:38,index,4.12899994850159,4676,TheEmptinessMachine,HTCP,Throughput,HTTP/2
2025-05-02 15:33:40,index,6.12899994850159,4676,TheEmptinessMachine,HTCP,Throughput,HTTP/2
2025-05-02 15:33:42,index,8.12899994850159,1767,TheEmptinessMachine,HTCP,Throughput,HTTP/2
2025-05-02 15:33:54,index,20.1289999485016,980,TheEmptinessMachine,HTCP,Throughput,HTTP/2
2025-05-02 15:33:56,index,22.1289999485016,980,TheEmptinessMachine,HTCP,Throughput,HTTP/2
2025-05-02 15:33:58,index,24.1289999485016,635,TheEmptinessMachine,HTCP,Throughput,HTTP/2
2025-05-02 15:34:00,index,26.1299998760223,330,TheEmptinessMachine,HTCP,Throughput,HTTP/2
2025-05-02 15:34:02,index,28.1289999485016,674,TheEmptinessMachine,HTCP,Throughput,HTTP/2
2025-05-02 15:34:04,index,30.1289999485016,674,TheEmptinessMachine,HTCP,Throughput,HTTP/2
2025-05-02 15:34:10,index,36.1289999485016,84,TheEmptinessMachine,HTCP,Throughput,HTTP/2
2025-05-02 15:34:12,index,38.1289999485016,330,TheEmptinessMachine,HTCP,Throughput,HTTP/2
2025-05-02 15:34:16,index,42.1289999485016,169,TheEmptinessMachine,HTCP,Throughput,HTTP/2
2025-05-02 15:34:18,index,44.1289999485016,320,TheEmptinessMachine,HTCP,Throughput,HTTP/2
2025-05-02 15:34:20,index,46.1289999485016,84,TheEmptinessMachine,HTCP,Throughput,HTTP/2
2025-05-02 15:34:22,index,48.1289999485016,320,TheEmptinessMachine,HTCP,Throughput,HTTP/2
2025-05-02 15:34:24,index,50.1289999485016,320,TheEmptinessMachine,HTCP,Throughput,HTTP/2
2025-05-02 15:34:26,index,52.1289999485016,320,TheEmptinessMachine,HTCP,Throughput,HTTP/2
2025-05-02 15:34:28,index,54.1289999485016,320,TheEmptinessMachine,HTCP,Throughput,HTTP/2
2025-05-02 15:34:30,index,56.1289999485016,320,TheEmptinessMachine,HTCP,Throughput,HTTP/2
2025-05-02 15:34:32,index,58.1289999485016,320,TheEmptinessMachine,HTCP,Throughput,HTTP/2
2025-05-02 15:34:34,index,60.1289999485016,214,TheEmptinessMachine,HTCP,Throughput,HTTP/2
2025-05-02 15:34:36,index,62.1289999485016,214,TheEmptinessMachine,HTCP,Throughput,HTTP/2
2025-05-02 15:34:38,index,64.1289999485016,214,TheEmptinessMachine,HTCP,Throughput,HTTP/2
2025-05-02 15:34:40,index,66.1289999485016,214,TheEmptinessMachine,HTCP,Throughput,HTTP/2
2025-05-02 15:34:42,index,68.1289999485016,214,TheEmptinessMachine,HTCP,Throughput,HTTP/2
2025-05-02 15:34:44,index,70.1289999485016,214,TheEmptinessMachine,HTCP,Throughput,HTTP/2
2025-05-02 15:34:46,index,72.1289999485016,214,TheEmptinessMachine,HTCP,Throughput,HTTP/2
2025-05-02 15:34:48,index,74.1289999485016,214,TheEmptinessMachine,HTCP,Throughput,HTTP/2
2025-05-02 15:34:50,index,76.1289999485016,214,TheEmptinessMachine,HTCP,Throughput,HTTP/2
2025-05-02 15:34:52,index,78.1289999485016,214,TheEmptinessMachine,HTCP,Throughput,HTTP/2
2025-05-02 15:34:54,index,80.1289999485016,214,TheEmptinessMachine,HTCP,Throughput,HTTP/2
2025-05-02 15:34:56,index,82.1289999485016,330,TheEmptinessMachine,HTCP,Throughput,HTTP/2
2025-05-02 15:34:58,index,84.1289999485016,330,TheEmptinessMachine,HTCP,Throughput,HTTP/2
2025-05-02 15:35:00,index,86.1289999485016,330,TheEmptinessMachine,HTCP,Throughput,HTTP/2
2025-05-02 15:35:02,index,88.1289999485016,330,TheEmptinessMachine,HTCP,Throughput,HTTP/2
2025-05-02 15:35:04,index,90.1289999485016,330,TheEmptinessMachine,HTCP,Throughput,HTTP/2
2025-05-02 15:35:06,index,92.1289999485016,330,TheEmptinessMachine,HTCP,Throughput,HTTP/2
2025-05-02 15:35:08,index,94.1289999485016,330,TheEmptinessMachine,HTCP,Throughput,HTTP/2
2025-05-02 15:35:10,index,96.1289999485016,330,TheEmptinessMachine,HTCP,Throughput,HTTP/2
2025-05-02 15:35:12,index,98.1289999485016,330,TheEmptinessMachine,HTCP,Throughput,HTTP/2
2025-05-02 15:35:14,index,100.128999948502,330,TheEmptinessMachine,HTCP,Throughput,HTTP/2
2025-05-02 15:35:16,index,102.128999948502,330,TheEmptinessMachine,HTCP,Throughput,HTTP/2
2025-05-02 15:35:18,index,104.128999948502,330,TheEmptinessMachine,HTCP,Throughput,HTTP/2
2025-05-02 15:35:20,index,106.128999948502,330,TheEmptinessMachine,HTCP,Throughput,HTTP/2
2025-05-02 15:35:22,index,108.128999948502,635,TheEmptinessMachine,HTCP,Throughput,HTTP/2
2025-05-02 15:35:24,index,110.128999948502,330,TheEmptinessMachine,HTCP,Throughput,HTTP/2
2025-05-02 15:35:26,index,112.128999948502,330,TheEmptinessMachine,HTCP,Throughput,HTTP/2
2025-05-02 15:35:28,index,114.128999948502,330,TheEmptinessMachine,HTCP,Throughput,HTTP/2
2025-05-02 15:35:30,index,116.128999948502,330,TheEmptinessMachine,HTCP,Throughput,HTTP/2
2025-05-02 15:35:32,index,118.128999948502,330,TheEmptinessMachine,HTCP,Throughput,HTTP/2
2025-05-02 15:35:34,index,120.128999948502,330,TheEmptinessMachine,HTCP,Throughput,HTTP/2
2025-05-02 15:35:36,index,122.128999948502,330,TheEmptinessMachine,HTCP,Throughput,HTTP/2
2025-05-02 15:35:38,index,124.128999948502,330,TheEmptinessMachine,HTCP,Throughput,HTTP/2
2025-05-02 15:35:40,index,126.128999948502,330,TheEmptinessMachine,HTCP,Throughput,HTTP/2
2025-05-02 15:35:42,index,128.128999948502,330,TheEmptinessMachine,HTCP,Throughput,HTTP/2
2025-05-02 15:35:44,index,130.128999948502,330,TheEmptinessMachine,HTCP,Throughput,HTTP/2
2025-05-02 15:35:46,index,132.128999948502,330,TheEmptinessMachine,HTCP,Throughput,HTTP/2
2025-05-02 15:35:48,index,134.128999948502,330,TheEmptinessMachine,HTCP,Throughput,HTTP/2
2025-05-02 15:35:50,index,136.128999948502,330,TheEmptinessMachine,HTCP,Throughput,HTTP/2
2025-05-02 15:35:52,index,138.128999948502,330,TheEmptinessMachine,HTCP,Throughput,HTTP/2
2025-05-02 15:35:54,index,140.128999948502,635,TheEmptinessMachine,HTCP,Throughput,HTTP/2
2025-05-02 15:35:56,index,142.128999948502,330,TheEmptinessMachine,HTCP,Throughput,HTTP/2
2025-05-02 15:35:58,index,144.132999897003,330,TheEmptinessMachine,HTCP,Throughput,HTTP/2
2025-05-02 15:36:00,index,146.128999948502,330,TheEmptinessMachine,HTCP,Throughput,HTTP/2
2025-05-02 15:36:02,index,148.128999948502,330,TheEmptinessMachine,HTCP,Throughput,HTTP/2
2025-05-02 15:36:04,index,150.128999948502,330,TheEmptinessMachine,HTCP,Throughput,HTTP/2
2025-05-02 15:36:06,index,152.128999948502,330,TheEmptinessMachine,HTCP,Throughput,HTTP/2
2025-05-02 15:36:08,index,154.128999948502,635,TheEmptinessMachine,HTCP,Throughput,HTTP/2
2025-05-02 15:36:10,index,156.128999948502,635,TheEmptinessMachine,HTCP,Throughput,HTTP/2
2025-05-02 15:36:12,index,158.128999948502,674,TheEmptinessMachine,HTCP,Throughput,HTTP/2
2025-05-02 15:36:14,index,160.128999948502,635,TheEmptinessMachine,HTCP,Throughput,HTTP/2
2025-05-02 15:36:16,index,162.128999948502,635,TheEmptinessMachine,HTCP,Throughput,HTTP/2
2025-05-02 15:36:18,index,164.128999948502,330,TheEmptinessMachine,HTCP,Throughput,HTTP/2
2025-05-02 15:36:20,index,166.128999948502,330,TheEmptinessMachine,HTCP,Throughput,HTTP/2
2025-05-02 15:36:22,index,168.128999948502,330,TheEmptinessMachine,HTCP,Throughput,HTTP/2
2025-05-02 15:36:24,index,170.128999948502,330,TheEmptinessMachine,HTCP,Throughput,HTTP/2
2025-05-02 15:36:26,index,172.128999948502,330,TheEmptinessMachine,HTCP,Throughput,HTTP/2
2025-05-02 15:36:28,index,174.128999948502,330,TheEmptinessMachine,HTCP,Throughput,HTTP/2
2025-05-02 15:36:30,index,176.128999948502,330,TheEmptinessMachine,HTCP,Throughput,HTTP/2
2025-05-02 15:36:32,index,178.128999948502,330,TheEmptinessMachine,HTCP,Throughput,HTTP/2
2025-05-02 15:36:34,index,180.128999948502,330,TheEmptinessMachine,HTCP,Throughput,HTTP/2
2025-05-02 15:36:36,index,182.128999948502,330,TheEmptinessMachine,HTCP,Throughput,HTTP/2
2025-05-02 15:36:38,index,184.128999948502,330,TheEmptinessMachine,HTCP,Throughput,HTTP/2
2025-05-02 15:36:40,index,186.128999948502,330,TheEmptinessMachine,HTCP,Throughput,HTTP/2
2025-05-02 15:36:42,index,188.128999948502,330,TheEmptinessMachine,HTCP,Throughput,HTTP/2
2025-05-02 15:36:44,index,190.128999948502,330,TheEmptinessMachine,HTCP,Throughput,HTTP/2
2025-05-02 15:36:46,index,192.128999948502,330,TheEmptinessMachine,HTCP,Throughput,HTTP/2
2025-05-02 15:36:48,index,194.128999948502,330,TheEmptinessMachine,HTCP,Throughput,HTTP/2
2025-05-02 15:36:50,index,196.128999948502,330,TheEmptinessMachine,HTCP,Throughput,HTTP/2
2025-05-02 15:36:52,index,198.128999948502,635,TheEmptinessMachine,HTCP,Throughput,HTTP/2
2025-05-02 15:36:54,index,200.128999948502,674,TheEmptinessMachine,HTCP,Throughput,HTTP/2
2025-05-02 15:36:56,index,202.128999948502,674,TheEmptinessMachine,HTCP,Throughput,HTTP/2
2025-05-02 15:36:58,index,204.128999948502,674,TheEmptinessMachine,HTCP,Throughput,HTTP/2
2025-05-02 15:37:00,index,206.128999948502,674,TheEmptinessMachine,HTCP,Throughput,HTTP/2
2025-05-02 15:37:02,index,208.128999948502,330,TheEmptinessMachine,HTCP,Throughput,HTTP/2
2025-05-02 15:37:04,index,210.128999948502,330,TheEmptinessMachine,HTCP,Throughput,HTTP/2
2025-05-02 15:37:06,index,212.128999948502,330,TheEmptinessMachine,HTCP,Throughput,HTTP/2
2025-05-02 15:37:08,index,214.128999948502,330,TheEmptinessMachine,HTCP,Throughput,HTTP/2
2025-05-02 15:37:37,index,4.10000014305115,1226,TheEmptinessMachine,HTCP,Throughput,HTTP/3
2025-05-02 15:37:43,index,10.1000001430511,72,TheEmptinessMachine,HTCP,Throughput,HTTP/3
2025-05-02 15:37:45,index,12.1000001430511,72,TheEmptinessMachine,HTCP,Throughput,HTTP/3
2025-05-02 15:37:47,index,14.1000001430511,72,TheEmptinessMachine,HTCP,Throughput,HTTP/3
2025-05-02 15:37:49,index,16.1000001430511,81,TheEmptinessMachine,HTCP,Throughput,HTTP/3
2025-05-02 15:37:51,index,18.1000001430511,330,TheEmptinessMachine,HTCP,Throughput,HTTP/3
2025-05-02 15:37:53,index,20.1000001430511,84,TheEmptinessMachine,HTCP,Throughput,HTTP/3
2025-05-02 15:37:55,index,22.1000001430511,84,TheEmptinessMachine,HTCP,Throughput,HTTP/3
2025-05-02 15:37:57,index,24.1000001430511,84,TheEmptinessMachine,HTCP,Throughput,HTTP/3
2025-05-02 15:37:59,index,26.1010000705719,84,TheEmptinessMachine,HTCP,Throughput,HTTP/3
2025-05-02 15:38:01,index,28.1000001430511,84,TheEmptinessMachine,HTCP,Throughput,HTTP/3
2025-05-02 15:38:03,index,30.1000001430511,84,TheEmptinessMachine,HTCP,Throughput,HTTP/3
2025-05-02 15:38:05,index,32.1000001430511,330,TheEmptinessMachine,HTCP,Throughput,HTTP/3
2025-05-02 15:38:07,index,34.1000001430511,330,TheEmptinessMachine,HTCP,Throughput,HTTP/3
2025-05-02 15:38:09,index,36.1000001430511,72,TheEmptinessMachine,HTCP,Throughput,HTTP/3
2025-05-02 15:38:11,index,38.1000001430511,72,TheEmptinessMachine,HTCP,Throughput,HTTP/3
2025-05-02 15:38:13,index,40.1000001430511,72,TheEmptinessMachine,HTCP,Throughput,HTTP/3
2025-05-02 15:38:15,index,42.1000001430511,72,TheEmptinessMachine,HTCP,Throughput,HTTP/3
2025-05-02 15:38:17,index,44.1000001430511,72,TheEmptinessMachine,HTCP,Throughput,HTTP/3
2025-05-02 15:38:19,index,46.1000001430511,72,TheEmptinessMachine,HTCP,Throughput,HTTP/3
2025-05-02 15:38:21,index,48.1000001430511,330,TheEmptinessMachine,HTCP,Throughput,HTTP/3
2025-05-02 15:38:23,index,50.1000001430511,330,TheEmptinessMachine,HTCP,Throughput,HTTP/3
2025-05-02 15:38:25,index,52.1000001430511,214,TheEmptinessMachine,HTCP,Throughput,HTTP/3
2025-05-02 15:38:27,index,54.1000001430511,214,TheEmptinessMachine,HTCP,Throughput,HTTP/3
2025-05-02 15:38:29,index,56.1000001430511,214,TheEmptinessMachine,HTCP,Throughput,HTTP/3
2025-05-02 15:38:31,index,58.1000001430511,214,TheEmptinessMachine,HTCP,Throughput,HTTP/3
2025-05-02 15:38:33,index,60.1000001430511,214,TheEmptinessMachine,HTCP,Throughput,HTTP/3
2025-05-02 15:38:35,index,62.1000001430511,320,TheEmptinessMachine,HTCP,Throughput,HTTP/3
2025-05-02 15:38:37,index,64.1000001430511,320,TheEmptinessMachine,HTCP,Throughput,HTTP/3
2025-05-02 15:38:45,index,72.1000001430511,72,TheEmptinessMachine,HTCP,Throughput,HTTP/3
2025-05-02 15:38:47,index,74.1000001430511,72,TheEmptinessMachine,HTCP,Throughput,HTTP/3
2025-05-02 15:38:49,index,76.1010000705719,169,TheEmptinessMachine,HTCP,Throughput,HTTP/3
2025-05-02 15:38:51,index,78.1000001430511,169,TheEmptinessMachine,HTCP,Throughput,HTTP/3
2025-05-02 15:38:53,index,80.1000001430511,169,TheEmptinessMachine,HTCP,Throughput,HTTP/3
2025-05-02 15:38:55,index,82.1000001430511,169,TheEmptinessMachine,HTCP,Throughput,HTTP/3
2025-05-02 15:38:57,index,84.1000001430511,169,TheEmptinessMachine,HTCP,Throughput,HTTP/3
2025-05-02 15:38:59,index,86.1000001430511,169,TheEmptinessMachine,HTCP,Throughput,HTTP/3
2025-05-02 15:39:01,index,88.1000001430511,169,TheEmptinessMachine,HTCP,Throughput,HTTP/3
2025-05-02 15:39:03,index,90.1000001430511,169,TheEmptinessMachine,HTCP,Throughput,HTTP/3
2025-05-02 15:39:05,index,92.1000001430511,169,TheEmptinessMachine,HTCP,Throughput,HTTP/3
2025-05-02 15:39:07,index,94.1000001430511,169,TheEmptinessMachine,HTCP,Throughput,HTTP/3
2025-05-02 15:39:09,index,96.1000001430511,72,TheEmptinessMachine,HTCP,Throughput,HTTP/3
2025-05-02 15:39:11,index,98.1000001430511,72,TheEmptinessMachine,HTCP,Throughput,HTTP/3
2025-05-02 15:39:13,index,100.100000143051,72,TheEmptinessMachine,HTCP,Throughput,HTTP/3
2025-05-02 15:39:15,index,102.100000143051,72,TheEmptinessMachine,HTCP,Throughput,HTTP/3
2025-05-02 15:39:17,index,104.100000143051,72,TheEmptinessMachine,HTCP,Throughput,HTTP/3
2025-05-02 15:39:19,index,106.100000143051,214,TheEmptinessMachine,HTCP,Throughput,HTTP/3
2025-05-02 15:39:21,index,108.100000143051,214,TheEmptinessMachine,HTCP,Throughput,HTTP/3
2025-05-02 15:39:23,index,110.100000143051,330,TheEmptinessMachine,HTCP,Throughput,HTTP/3
2025-05-02 15:39:25,index,112.100000143051,84,TheEmptinessMachine,HTCP,Throughput,HTTP/3
2025-05-02 15:39:27,index,114.100000143051,84,TheEmptinessMachine,HTCP,Throughput,HTTP/3
2025-05-02 15:39:29,index,116.100000143051,84,TheEmptinessMachine,HTCP,Throughput,HTTP/3
2025-05-02 15:39:31,index,118.100000143051,84,TheEmptinessMachine,HTCP,Throughput,HTTP/3
2025-05-02 15:39:33,index,120.100000143051,84,TheEmptinessMachine,HTCP,Throughput,HTTP/3
2025-05-02 15:39:35,index,122.100000143051,84,TheEmptinessMachine,HTCP,Throughput,HTTP/3
2025-05-02 15:39:37,index,124.100000143051,330,TheEmptinessMachine,HTCP,Throughput,HTTP/3
2025-05-02 15:39:39,index,126.100000143051,330,TheEmptinessMachine,HTCP,Throughput,HTTP/3
2025-05-02 15:39:41,index,128.100000143051,84,TheEmptinessMachine,HTCP,Throughput,HTTP/3
2025-05-02 15:39:43,index,130.100000143051,84,TheEmptinessMachine,HTCP,Throughput,HTTP/3
2025-05-02 15:39:45,index,132.101000070572,84,TheEmptinessMachine,HTCP,Throughput,HTTP/3
2025-05-02 15:39:47,index,134.100000143051,84,TheEmptinessMachine,HTCP,Throughput,HTTP/3
2025-05-02 15:39:49,index,136.100000143051,84,TheEmptinessMachine,HTCP,Throughput,HTTP/3
2025-05-02 15:39:51,index,138.100000143051,214,TheEmptinessMachine,HTCP,Throughput,HTTP/3
2025-05-02 15:39:53,index,140.100000143051,214,TheEmptinessMachine,HTCP,Throughput,HTTP/3
2025-05-02 15:39:55,index,142.100000143051,330,TheEmptinessMachine,HTCP,Throughput,HTTP/3
2025-05-02 15:39:57,index,144.100000143051,330,TheEmptinessMachine,HTCP,Throughput,HTTP/3
2025-05-02 15:39:59,index,146.100000143051,84,TheEmptinessMachine,HTCP,Throughput,HTTP/3
2025-05-02 15:40:01,index,148.100000143051,84,TheEmptinessMachine,HTCP,Throughput,HTTP/3
2025-05-02 15:40:03,index,150.100000143051,84,TheEmptinessMachine,HTCP,Throughput,HTTP/3
2025-05-02 15:40:05,index,152.100000143051,84,TheEmptinessMachine,HTCP,Throughput,HTTP/3
2025-05-02 15:40:07,index,154.100000143051,84,TheEmptinessMachine,HTCP,Throughput,HTTP/3
2025-05-02 15:40:09,index,156.100000143051,84,TheEmptinessMachine,HTCP,Throughput,HTTP/3
2025-05-02 15:40:11,index,158.100000143051,84,TheEmptinessMachine,HTCP,Throughput,HTTP/3
2025-05-02 15:40:13,index,160.100000143051,169,TheEmptinessMachine,HTCP,Throughput,HTTP/3
2025-05-02 15:40:15,index,162.100000143051,214,TheEmptinessMachine,HTCP,Throughput,HTTP/3
2025-05-02 15:40:17,index,164.100000143051,214,TheEmptinessMachine,HTCP,Throughput,HTTP/3
2025-05-02 15:40:19,index,166.100000143051,214,TheEmptinessMachine,HTCP,Throughput,HTTP/3
2025-05-02 15:40:21,index,168.100000143051,214,TheEmptinessMachine,HTCP,Throughput,HTTP/3
2025-05-02 15:40:23,index,170.100000143051,214,TheEmptinessMachine,HTCP,Throughput,HTTP/3
2025-05-02 15:40:25,index,172.100000143051,320,TheEmptinessMachine,HTCP,Throughput,HTTP/3
2025-05-02 15:40:27,index,174.100000143051,320,TheEmptinessMachine,HTCP,Throughput,HTTP/3
2025-05-02 15:40:29,index,176.100000143051,214,TheEmptinessMachine,HTCP,Throughput,HTTP/3
2025-05-02 15:40:31,index,178.100000143051,214,TheEmptinessMachine,HTCP,Throughput,HTTP/3
2025-05-02 15:40:33,index,180.100000143051,214,TheEmptinessMachine,HTCP,Throughput,HTTP/3
2025-05-02 15:40:35,index,182.100000143051,72,TheEmptinessMachine,HTCP,Throughput,HTTP/3
2025-05-02 15:40:37,index,184.100000143051,72,TheEmptinessMachine,HTCP,Throughput,HTTP/3
2025-05-02 15:40:39,index,186.100000143051,72,TheEmptinessMachine,HTCP,Throughput,HTTP/3
2025-05-02 15:40:41,index,188.100000143051,72,TheEmptinessMachine,HTCP,Throughput,HTTP/3
2025-05-02 15:40:43,index,190.100000143051,72,TheEmptinessMachine,HTCP,Throughput,HTTP/3
2025-05-02 15:40:45,index,192.100000143051,72,TheEmptinessMachine,HTCP,Throughput,HTTP/3
2025-05-02 15:40:47,index,194.100000143051,72,TheEmptinessMachine,HTCP,Throughput,HTTP/3
2025-05-02 15:40:49,index,196.100000143051,72,TheEmptinessMachine,HTCP,Throughput,HTTP/3
2025-05-02 15:40:51,index,198.100000143051,72,TheEmptinessMachine,HTCP,Throughput,HTTP/3
2025-05-02 15:40:53,index,200.100000143051,72,TheEmptinessMachine,HTCP,Throughput,HTTP/3
2025-05-02 15:40:55,index,202.100000143051,72,TheEmptinessMachine,HTCP,Throughput,HTTP/3
2025-05-02 15:40:57,index,204.100000143051,72,TheEmptinessMachine,HTCP,Throughput,HTTP/3
2025-05-02 15:40:59,index,206.100000143051,72,TheEmptinessMachine,HTCP,Throughput,HTTP/3
2025-05-02 15:41:01,index,208.100000143051,72,TheEmptinessMachine,HTCP,Throughput,HTTP/3
