time,metric,metricTime,metricValue,video,cc,abr,http
2025-04-30 22:05:28,index,4.29999995231628,1767,TheEmptinessMachine,CUBIC,Dynamic,HTTP/1.1
2025-04-30 22:05:36,index,12.2999999523163,1106,TheEmptinessMachine,CUBIC,Dynamic,HTTP/1.1
2025-04-30 22:05:38,index,14.2999999523163,1106,TheEmptinessMachine,CUBIC,Dynamic,HTTP/1.1
2025-04-30 22:05:44,index,20.2999999523163,72,TheEmptinessMachine,CUBIC,Dynamic,HTTP/1.1
2025-04-30 22:05:50,index,26.3010001182556,72,TheEmptinessMachine,CUBIC,Dynamic,HTTP/1.1
2025-04-30 22:05:52,index,28.2999999523163,674,TheEmptinessMachine,CUBIC,Dynamic,HTTP/1.1
2025-04-30 22:05:56,index,32.2999999523163,674,TheEmptinessMachine,CUBIC,Dynamic,HTTP/1.1
2025-04-30 22:05:58,index,34.2999999523163,674,TheEmptinessMachine,CUBIC,Dynamic,HTTP/1.1
2025-04-30 22:06:00,index,36.2999999523163,674,TheEmptinessMachine,CUBIC,Dynamic,HTTP/1.1
2025-04-30 22:06:02,index,38.2999999523163,635,TheEmptinessMachine,CUBIC,Dynamic,HTTP/1.1
2025-04-30 22:06:04,index,40.2999999523163,330,TheEmptinessMachine,CUBIC,Dynamic,HTTP/1.1
2025-04-30 22:06:12,index,48.2999999523163,330,TheEmptinessMachine,CUBIC,Dynamic,HTTP/1.1
2025-04-30 22:06:14,index,50.2999999523163,214,TheEmptinessMachine,CUBIC,Dynamic,HTTP/1.1
2025-04-30 22:06:16,index,52.2999999523163,320,TheEmptinessMachine,CUBIC,Dynamic,HTTP/1.1
2025-04-30 22:06:18,index,54.2999999523163,320,TheEmptinessMachine,CUBIC,Dynamic,HTTP/1.1
2025-04-30 22:06:20,index,56.2999999523163,320,TheEmptinessMachine,CUBIC,Dynamic,HTTP/1.1
2025-04-30 22:06:22,index,58.2999999523163,320,TheEmptinessMachine,CUBIC,Dynamic,HTTP/1.1
2025-04-30 22:06:26,index,62.2999999523163,169,TheEmptinessMachine,CUBIC,Dynamic,HTTP/1.1
2025-04-30 22:06:32,index,68.2999999523163,84,TheEmptinessMachine,CUBIC,Dynamic,HTTP/1.1
2025-04-30 22:06:34,index,70.2999999523163,214,TheEmptinessMachine,CUBIC,Dynamic,HTTP/1.1
2025-04-30 22:06:36,index,72.2999999523163,169,TheEmptinessMachine,CUBIC,Dynamic,HTTP/1.1
2025-04-30 22:06:38,index,74.2999999523163,169,TheEmptinessMachine,CUBIC,Dynamic,HTTP/1.1
2025-04-30 22:06:40,index,76.2999999523163,169,TheEmptinessMachine,CUBIC,Dynamic,HTTP/1.1
2025-04-30 22:06:42,index,78.2999999523163,169,TheEmptinessMachine,CUBIC,Dynamic,HTTP/1.1
2025-04-30 22:06:44,index,80.2999999523163,169,TheEmptinessMachine,CUBIC,Dynamic,HTTP/1.1
2025-04-30 22:06:46,index,82.2999999523163,166,TheEmptinessMachine,CUBIC,Dynamic,HTTP/1.1
2025-04-30 22:06:48,index,84.2999999523163,166,TheEmptinessMachine,CUBIC,Dynamic,HTTP/1.1
2025-04-30 22:06:50,index,86.2999999523163,166,TheEmptinessMachine,CUBIC,Dynamic,HTTP/1.1
2025-04-30 22:06:52,index,88.2999999523163,166,TheEmptinessMachine,CUBIC,Dynamic,HTTP/1.1
2025-04-30 22:06:54,index,90.2999999523163,166,TheEmptinessMachine,CUBIC,Dynamic,HTTP/1.1
2025-04-30 22:06:56,index,92.2999999523163,166,TheEmptinessMachine,CUBIC,Dynamic,HTTP/1.1
2025-04-30 22:06:58,index,94.2999999523163,166,TheEmptinessMachine,CUBIC,Dynamic,HTTP/1.1
2025-04-30 22:07:00,index,96.2999999523163,166,TheEmptinessMachine,CUBIC,Dynamic,HTTP/1.1
2025-04-30 22:07:02,index,98.2999999523163,166,TheEmptinessMachine,CUBIC,Dynamic,HTTP/1.1
2025-04-30 22:07:04,index,100.299999952316,166,TheEmptinessMachine,CUBIC,Dynamic,HTTP/1.1
2025-04-30 22:07:06,index,102.299999952316,166,TheEmptinessMachine,CUBIC,Dynamic,HTTP/1.1
2025-04-30 22:07:08,index,104.299999952316,166,TheEmptinessMachine,CUBIC,Dynamic,HTTP/1.1
2025-04-30 22:07:10,index,106.299999952316,166,TheEmptinessMachine,CUBIC,Dynamic,HTTP/1.1
2025-04-30 22:07:12,index,108.299999952316,166,TheEmptinessMachine,CUBIC,Dynamic,HTTP/1.1
2025-04-30 22:07:14,index,110.299999952316,330,TheEmptinessMachine,CUBIC,Dynamic,HTTP/1.1
2025-04-30 22:07:16,index,112.299999952316,330,TheEmptinessMachine,CUBIC,Dynamic,HTTP/1.1
2025-04-30 22:07:18,index,114.299999952316,330,TheEmptinessMachine,CUBIC,Dynamic,HTTP/1.1
2025-04-30 22:07:20,index,116.299999952316,330,TheEmptinessMachine,CUBIC,Dynamic,HTTP/1.1
2025-04-30 22:07:22,index,118.299999952316,214,TheEmptinessMachine,CUBIC,Dynamic,HTTP/1.1
2025-04-30 22:07:24,index,120.299999952316,214,TheEmptinessMachine,CUBIC,Dynamic,HTTP/1.1
2025-04-30 22:07:26,index,122.299999952316,214,TheEmptinessMachine,CUBIC,Dynamic,HTTP/1.1
2025-04-30 22:07:28,index,124.299999952316,214,TheEmptinessMachine,CUBIC,Dynamic,HTTP/1.1
2025-04-30 22:07:30,index,126.299999952316,214,TheEmptinessMachine,CUBIC,Dynamic,HTTP/1.1
2025-04-30 22:07:32,index,128.299999952316,214,TheEmptinessMachine,CUBIC,Dynamic,HTTP/1.1
2025-04-30 22:07:34,index,130.299999952316,214,TheEmptinessMachine,CUBIC,Dynamic,HTTP/1.1
2025-04-30 22:07:36,index,132.299999952316,320,TheEmptinessMachine,CUBIC,Dynamic,HTTP/1.1
2025-04-30 22:07:38,index,134.299999952316,320,TheEmptinessMachine,CUBIC,Dynamic,HTTP/1.1
2025-04-30 22:07:40,index,136.299999952316,214,TheEmptinessMachine,CUBIC,Dynamic,HTTP/1.1
2025-04-30 22:07:42,index,138.299999952316,214,TheEmptinessMachine,CUBIC,Dynamic,HTTP/1.1
2025-04-30 22:07:44,index,140.299999952316,214,TheEmptinessMachine,CUBIC,Dynamic,HTTP/1.1
2025-04-30 22:07:46,index,142.299999952316,214,TheEmptinessMachine,CUBIC,Dynamic,HTTP/1.1
2025-04-30 22:07:48,index,144.299999952316,214,TheEmptinessMachine,CUBIC,Dynamic,HTTP/1.1
2025-04-30 22:07:50,index,146.299999952316,214,TheEmptinessMachine,CUBIC,Dynamic,HTTP/1.1
2025-04-30 22:07:52,index,148.299999952316,214,TheEmptinessMachine,CUBIC,Dynamic,HTTP/1.1
2025-04-30 22:07:54,index,150.299999952316,214,TheEmptinessMachine,CUBIC,Dynamic,HTTP/1.1
2025-04-30 22:07:56,index,152.299999952316,330,TheEmptinessMachine,CUBIC,Dynamic,HTTP/1.1
2025-04-30 22:07:58,index,154.299999952316,330,TheEmptinessMachine,CUBIC,Dynamic,HTTP/1.1
2025-04-30 22:08:00,index,156.299999952316,330,TheEmptinessMachine,CUBIC,Dynamic,HTTP/1.1
2025-04-30 22:08:02,index,158.299999952316,330,TheEmptinessMachine,CUBIC,Dynamic,HTTP/1.1
2025-04-30 22:08:04,index,160.299999952316,330,TheEmptinessMachine,CUBIC,Dynamic,HTTP/1.1
2025-04-30 22:08:06,index,162.299999952316,330,TheEmptinessMachine,CUBIC,Dynamic,HTTP/1.1
2025-04-30 22:08:08,index,164.299999952316,330,TheEmptinessMachine,CUBIC,Dynamic,HTTP/1.1
2025-04-30 22:08:10,index,166.299999952316,330,TheEmptinessMachine,CUBIC,Dynamic,HTTP/1.1
2025-04-30 22:08:12,index,168.299999952316,330,TheEmptinessMachine,CUBIC,Dynamic,HTTP/1.1
2025-04-30 22:08:14,index,170.299999952316,635,TheEmptinessMachine,CUBIC,Dynamic,HTTP/1.1
2025-04-30 22:08:16,index,172.303999900818,635,TheEmptinessMachine,CUBIC,Dynamic,HTTP/1.1
2025-04-30 22:08:18,index,174.299999952316,330,TheEmptinessMachine,CUBIC,Dynamic,HTTP/1.1
2025-04-30 22:08:20,index,176.299999952316,330,TheEmptinessMachine,CUBIC,Dynamic,HTTP/1.1
2025-04-30 22:08:22,index,178.299999952316,330,TheEmptinessMachine,CUBIC,Dynamic,HTTP/1.1
2025-04-30 22:08:24,index,180.299999952316,330,TheEmptinessMachine,CUBIC,Dynamic,HTTP/1.1
2025-04-30 22:08:26,index,182.299999952316,330,TheEmptinessMachine,CUBIC,Dynamic,HTTP/1.1
2025-04-30 22:08:28,index,184.299999952316,330,TheEmptinessMachine,CUBIC,Dynamic,HTTP/1.1
2025-04-30 22:08:30,index,186.299999952316,330,TheEmptinessMachine,CUBIC,Dynamic,HTTP/1.1
2025-04-30 22:08:32,index,188.299999952316,330,TheEmptinessMachine,CUBIC,Dynamic,HTTP/1.1
2025-04-30 22:08:34,index,190.299999952316,330,TheEmptinessMachine,CUBIC,Dynamic,HTTP/1.1
2025-04-30 22:08:36,index,192.299999952316,330,TheEmptinessMachine,CUBIC,Dynamic,HTTP/1.1
2025-04-30 22:08:38,index,194.299999952316,330,TheEmptinessMachine,CUBIC,Dynamic,HTTP/1.1
2025-04-30 22:08:40,index,196.299999952316,330,TheEmptinessMachine,CUBIC,Dynamic,HTTP/1.1
2025-04-30 22:09:23,index,2.10800004005432,1767,TheEmptinessMachine,CUBIC,Dynamic,HTTP/2
2025-04-30 22:09:25,index,4.10599994659424,1226,TheEmptinessMachine,CUBIC,Dynamic,HTTP/2
2025-04-30 22:09:27,index,6.10700011253357,2974,TheEmptinessMachine,CUBIC,Dynamic,HTTP/2
2025-04-30 22:09:29,index,8.10599994659424,1226,TheEmptinessMachine,CUBIC,Dynamic,HTTP/2
2025-04-30 22:09:31,index,10.1059999465942,1226,TheEmptinessMachine,CUBIC,Dynamic,HTTP/2
2025-04-30 22:09:33,index,12.1070001125336,1226,TheEmptinessMachine,CUBIC,Dynamic,HTTP/2
2025-04-30 22:09:35,index,14.1070001125336,1226,TheEmptinessMachine,CUBIC,Dynamic,HTTP/2
2025-04-30 22:09:37,index,16.1070001125336,1226,TheEmptinessMachine,CUBIC,Dynamic,HTTP/2
2025-04-30 22:09:41,index,20.1059999465942,1226,TheEmptinessMachine,CUBIC,Dynamic,HTTP/2
2025-04-30 22:09:43,index,22.1070001125336,674,TheEmptinessMachine,CUBIC,Dynamic,HTTP/2
2025-04-30 22:09:45,index,24.1059999465942,980,TheEmptinessMachine,CUBIC,Dynamic,HTTP/2
2025-04-30 22:09:49,index,28.1070001125336,980,TheEmptinessMachine,CUBIC,Dynamic,HTTP/2
2025-04-30 22:09:51,index,30.1070001125336,674,TheEmptinessMachine,CUBIC,Dynamic,HTTP/2
2025-04-30 22:09:53,index,32.1070001125336,674,TheEmptinessMachine,CUBIC,Dynamic,HTTP/2
2025-04-30 22:09:55,index,34.1059999465942,330,TheEmptinessMachine,CUBIC,Dynamic,HTTP/2
2025-04-30 22:09:57,index,36.1070001125336,674,TheEmptinessMachine,CUBIC,Dynamic,HTTP/2
2025-04-30 22:09:59,index,38.1059999465942,674,TheEmptinessMachine,CUBIC,Dynamic,HTTP/2
2025-04-30 22:10:01,index,40.1070001125336,674,TheEmptinessMachine,CUBIC,Dynamic,HTTP/2
2025-04-30 22:10:03,index,42.1070001125336,674,TheEmptinessMachine,CUBIC,Dynamic,HTTP/2
2025-04-30 22:10:05,index,44.1070001125336,674,TheEmptinessMachine,CUBIC,Dynamic,HTTP/2
2025-04-30 22:10:07,index,46.1059999465942,330,TheEmptinessMachine,CUBIC,Dynamic,HTTP/2
2025-04-30 22:10:09,index,48.1070001125336,635,TheEmptinessMachine,CUBIC,Dynamic,HTTP/2
2025-04-30 22:10:11,index,50.1070001125336,674,TheEmptinessMachine,CUBIC,Dynamic,HTTP/2
2025-04-30 22:10:13,index,52.1059999465942,732,TheEmptinessMachine,CUBIC,Dynamic,HTTP/2
2025-04-30 22:10:15,index,54.1070001125336,732,TheEmptinessMachine,CUBIC,Dynamic,HTTP/2
2025-04-30 22:10:17,index,56.1070001125336,732,TheEmptinessMachine,CUBIC,Dynamic,HTTP/2
2025-04-30 22:10:19,index,58.1070001125336,674,TheEmptinessMachine,CUBIC,Dynamic,HTTP/2
2025-04-30 22:10:21,index,60.1070001125336,674,TheEmptinessMachine,CUBIC,Dynamic,HTTP/2
2025-04-30 22:10:23,index,62.1070001125336,674,TheEmptinessMachine,CUBIC,Dynamic,HTTP/2
2025-04-30 22:10:25,index,64.1070001125336,674,TheEmptinessMachine,CUBIC,Dynamic,HTTP/2
2025-04-30 22:10:27,index,66.1059999465942,674,TheEmptinessMachine,CUBIC,Dynamic,HTTP/2
2025-04-30 22:10:31,index,70.1070001125336,674,TheEmptinessMachine,CUBIC,Dynamic,HTTP/2
2025-04-30 22:10:33,index,72.1070001125336,674,TheEmptinessMachine,CUBIC,Dynamic,HTTP/2
2025-04-30 22:10:35,index,74.1070001125336,674,TheEmptinessMachine,CUBIC,Dynamic,HTTP/2
2025-04-30 22:10:37,index,76.1070001125336,674,TheEmptinessMachine,CUBIC,Dynamic,HTTP/2
2025-04-30 22:10:39,index,78.1070001125336,674,TheEmptinessMachine,CUBIC,Dynamic,HTTP/2
2025-04-30 22:10:41,index,80.1070001125336,674,TheEmptinessMachine,CUBIC,Dynamic,HTTP/2
2025-04-30 22:10:43,index,82.1070001125336,674,TheEmptinessMachine,CUBIC,Dynamic,HTTP/2
2025-04-30 22:10:45,index,84.1070001125336,330,TheEmptinessMachine,CUBIC,Dynamic,HTTP/2
2025-04-30 22:10:47,index,86.1059999465942,330,TheEmptinessMachine,CUBIC,Dynamic,HTTP/2
2025-04-30 22:10:49,index,88.1070001125336,330,TheEmptinessMachine,CUBIC,Dynamic,HTTP/2
2025-04-30 22:10:51,index,90.1059999465942,330,TheEmptinessMachine,CUBIC,Dynamic,HTTP/2
2025-04-30 22:10:53,index,92.1070001125336,330,TheEmptinessMachine,CUBIC,Dynamic,HTTP/2
2025-04-30 22:10:55,index,94.1070001125336,330,TheEmptinessMachine,CUBIC,Dynamic,HTTP/2
2025-04-30 22:10:57,index,96.1070001125336,330,TheEmptinessMachine,CUBIC,Dynamic,HTTP/2
2025-04-30 22:10:59,index,98.1070001125336,330,TheEmptinessMachine,CUBIC,Dynamic,HTTP/2
2025-04-30 22:11:01,index,100.107000112534,330,TheEmptinessMachine,CUBIC,Dynamic,HTTP/2
2025-04-30 22:11:03,index,102.107000112534,330,TheEmptinessMachine,CUBIC,Dynamic,HTTP/2
2025-04-30 22:11:05,index,104.107000112534,330,TheEmptinessMachine,CUBIC,Dynamic,HTTP/2
2025-04-30 22:11:07,index,106.107000112534,330,TheEmptinessMachine,CUBIC,Dynamic,HTTP/2
2025-04-30 22:11:09,index,108.107000112534,330,TheEmptinessMachine,CUBIC,Dynamic,HTTP/2
2025-04-30 22:11:11,index,110.107000112534,330,TheEmptinessMachine,CUBIC,Dynamic,HTTP/2
2025-04-30 22:11:13,index,112.107000112534,330,TheEmptinessMachine,CUBIC,Dynamic,HTTP/2
2025-04-30 22:11:15,index,114.107000112534,330,TheEmptinessMachine,CUBIC,Dynamic,HTTP/2
2025-04-30 22:11:17,index,116.107000112534,330,TheEmptinessMachine,CUBIC,Dynamic,HTTP/2
2025-04-30 22:11:19,index,118.107000112534,330,TheEmptinessMachine,CUBIC,Dynamic,HTTP/2
2025-04-30 22:11:21,index,120.107000112534,330,TheEmptinessMachine,CUBIC,Dynamic,HTTP/2
2025-04-30 22:11:23,index,122.105999946594,330,TheEmptinessMachine,CUBIC,Dynamic,HTTP/2
2025-04-30 22:11:25,index,124.107000112534,330,TheEmptinessMachine,CUBIC,Dynamic,HTTP/2
2025-04-30 22:11:27,index,126.107000112534,330,TheEmptinessMachine,CUBIC,Dynamic,HTTP/2
2025-04-30 22:11:29,index,128.105999946594,635,TheEmptinessMachine,CUBIC,Dynamic,HTTP/2
2025-04-30 22:11:31,index,130.107000112534,635,TheEmptinessMachine,CUBIC,Dynamic,HTTP/2
2025-04-30 22:11:33,index,132.107000112534,635,TheEmptinessMachine,CUBIC,Dynamic,HTTP/2
2025-04-30 22:11:35,index,134.105999946594,330,TheEmptinessMachine,CUBIC,Dynamic,HTTP/2
2025-04-30 22:11:37,index,136.107000112534,330,TheEmptinessMachine,CUBIC,Dynamic,HTTP/2
2025-04-30 22:11:39,index,138.107000112534,330,TheEmptinessMachine,CUBIC,Dynamic,HTTP/2
2025-04-30 22:11:41,index,140.105999946594,330,TheEmptinessMachine,CUBIC,Dynamic,HTTP/2
2025-04-30 22:11:43,index,142.107000112534,330,TheEmptinessMachine,CUBIC,Dynamic,HTTP/2
2025-04-30 22:11:45,index,144.107000112534,330,TheEmptinessMachine,CUBIC,Dynamic,HTTP/2
2025-04-30 22:11:47,index,146.107000112534,330,TheEmptinessMachine,CUBIC,Dynamic,HTTP/2
2025-04-30 22:11:49,index,148.107000112534,330,TheEmptinessMachine,CUBIC,Dynamic,HTTP/2
2025-04-30 22:11:51,index,150.105999946594,330,TheEmptinessMachine,CUBIC,Dynamic,HTTP/2
2025-04-30 22:11:53,index,152.107000112534,330,TheEmptinessMachine,CUBIC,Dynamic,HTTP/2
2025-04-30 22:11:55,index,154.107000112534,330,TheEmptinessMachine,CUBIC,Dynamic,HTTP/2
2025-04-30 22:11:57,index,156.105999946594,330,TheEmptinessMachine,CUBIC,Dynamic,HTTP/2
2025-04-30 22:11:59,index,158.107000112534,330,TheEmptinessMachine,CUBIC,Dynamic,HTTP/2
2025-04-30 22:12:01,index,160.107000112534,330,TheEmptinessMachine,CUBIC,Dynamic,HTTP/2
2025-04-30 22:12:03,index,162.105999946594,330,TheEmptinessMachine,CUBIC,Dynamic,HTTP/2
2025-04-30 22:12:05,index,164.107000112534,330,TheEmptinessMachine,CUBIC,Dynamic,HTTP/2
2025-04-30 22:12:07,index,166.107000112534,674,TheEmptinessMachine,CUBIC,Dynamic,HTTP/2
2025-04-30 22:12:09,index,168.107000112534,674,TheEmptinessMachine,CUBIC,Dynamic,HTTP/2
2025-04-30 22:12:11,index,170.105999946594,674,TheEmptinessMachine,CUBIC,Dynamic,HTTP/2
2025-04-30 22:12:13,index,172.105999946594,674,TheEmptinessMachine,CUBIC,Dynamic,HTTP/2
2025-04-30 22:12:15,index,174.107000112534,674,TheEmptinessMachine,CUBIC,Dynamic,HTTP/2
2025-04-30 22:12:17,index,176.107000112534,635,TheEmptinessMachine,CUBIC,Dynamic,HTTP/2
2025-04-30 22:12:19,index,178.107000112534,674,TheEmptinessMachine,CUBIC,Dynamic,HTTP/2
2025-04-30 22:12:21,index,180.107000112534,674,TheEmptinessMachine,CUBIC,Dynamic,HTTP/2
2025-04-30 22:12:23,index,182.107000112534,674,TheEmptinessMachine,CUBIC,Dynamic,HTTP/2
2025-04-30 22:12:25,index,184.107000112534,674,TheEmptinessMachine,CUBIC,Dynamic,HTTP/2
2025-04-30 22:12:27,index,186.107000112534,674,TheEmptinessMachine,CUBIC,Dynamic,HTTP/2
2025-04-30 22:12:29,index,188.107000112534,674,TheEmptinessMachine,CUBIC,Dynamic,HTTP/2
2025-04-30 22:12:31,index,190.107000112534,330,TheEmptinessMachine,CUBIC,Dynamic,HTTP/2
2025-04-30 22:12:33,index,192.107000112534,330,TheEmptinessMachine,CUBIC,Dynamic,HTTP/2
2025-04-30 22:12:35,index,194.107000112534,330,TheEmptinessMachine,CUBIC,Dynamic,HTTP/2
2025-04-30 22:12:37,index,196.107000112534,330,TheEmptinessMachine,CUBIC,Dynamic,HTTP/2
2025-04-30 22:12:39,index,198.107000112534,330,TheEmptinessMachine,CUBIC,Dynamic,HTTP/2
2025-04-30 22:12:41,index,200.105999946594,330,TheEmptinessMachine,CUBIC,Dynamic,HTTP/2
2025-04-30 22:12:43,index,202.105999946594,330,TheEmptinessMachine,CUBIC,Dynamic,HTTP/2
2025-04-30 22:12:45,index,204.105999946594,330,TheEmptinessMachine,CUBIC,Dynamic,HTTP/2
2025-04-30 22:12:47,index,206.107000112534,330,TheEmptinessMachine,CUBIC,Dynamic,HTTP/2
2025-04-30 22:13:26,index,6.09999990463257,330,TheEmptinessMachine,CUBIC,Dynamic,HTTP/3
2025-04-30 22:13:28,index,8.14599990844727,169,TheEmptinessMachine,CUBIC,Dynamic,HTTP/3
2025-04-30 22:13:30,index,10.0999999046326,169,TheEmptinessMachine,CUBIC,Dynamic,HTTP/3
2025-04-30 22:13:34,index,14.0999999046326,169,TheEmptinessMachine,CUBIC,Dynamic,HTTP/3
2025-04-30 22:13:36,index,16.0989999771118,169,TheEmptinessMachine,CUBIC,Dynamic,HTTP/3
2025-04-30 22:13:38,index,18.0999999046326,330,TheEmptinessMachine,CUBIC,Dynamic,HTTP/3
2025-04-30 22:13:40,index,20.0989999771118,330,TheEmptinessMachine,CUBIC,Dynamic,HTTP/3
2025-04-30 22:13:42,index,22.0999999046326,330,TheEmptinessMachine,CUBIC,Dynamic,HTTP/3
2025-04-30 22:13:44,index,24.0989999771118,330,TheEmptinessMachine,CUBIC,Dynamic,HTTP/3
2025-04-30 22:13:46,index,26.0999999046326,330,TheEmptinessMachine,CUBIC,Dynamic,HTTP/3
2025-04-30 22:13:48,index,28.0999999046326,330,TheEmptinessMachine,CUBIC,Dynamic,HTTP/3
2025-04-30 22:13:50,index,30.0989999771118,214,TheEmptinessMachine,CUBIC,Dynamic,HTTP/3
2025-04-30 22:13:56,index,36.0989999771118,72,TheEmptinessMachine,CUBIC,Dynamic,HTTP/3
2025-04-30 22:13:58,index,38.0989999771118,72,TheEmptinessMachine,CUBIC,Dynamic,HTTP/3
2025-04-30 22:14:00,index,40.0989999771118,72,TheEmptinessMachine,CUBIC,Dynamic,HTTP/3
2025-04-30 22:14:02,index,42.0989999771118,72,TheEmptinessMachine,CUBIC,Dynamic,HTTP/3
2025-04-30 22:14:04,index,44.0989999771118,81,TheEmptinessMachine,CUBIC,Dynamic,HTTP/3
2025-04-30 22:14:06,index,46.0989999771118,330,TheEmptinessMachine,CUBIC,Dynamic,HTTP/3
2025-04-30 22:14:08,index,48.0999999046326,84,TheEmptinessMachine,CUBIC,Dynamic,HTTP/3
2025-04-30 22:14:10,index,50.0989999771118,84,TheEmptinessMachine,CUBIC,Dynamic,HTTP/3
2025-04-30 22:14:12,index,52.0999999046326,84,TheEmptinessMachine,CUBIC,Dynamic,HTTP/3
2025-04-30 22:14:14,index,54.0989999771118,84,TheEmptinessMachine,CUBIC,Dynamic,HTTP/3
2025-04-30 22:14:16,index,56.0989999771118,84,TheEmptinessMachine,CUBIC,Dynamic,HTTP/3
2025-04-30 22:14:18,index,58.0989999771118,84,TheEmptinessMachine,CUBIC,Dynamic,HTTP/3
2025-04-30 22:14:20,index,60.0999999046326,330,TheEmptinessMachine,CUBIC,Dynamic,HTTP/3
2025-04-30 22:14:22,index,62.0999999046326,330,TheEmptinessMachine,CUBIC,Dynamic,HTTP/3
2025-04-30 22:14:24,index,64.0989999771118,330,TheEmptinessMachine,CUBIC,Dynamic,HTTP/3
2025-04-30 22:14:26,index,66.0989999771118,84,TheEmptinessMachine,CUBIC,Dynamic,HTTP/3
2025-04-30 22:14:28,index,68.0999999046326,84,TheEmptinessMachine,CUBIC,Dynamic,HTTP/3
2025-04-30 22:14:30,index,70.0999999046326,84,TheEmptinessMachine,CUBIC,Dynamic,HTTP/3
2025-04-30 22:14:32,index,72.0989999771118,84,TheEmptinessMachine,CUBIC,Dynamic,HTTP/3
2025-04-30 22:14:34,index,74.0989999771118,84,TheEmptinessMachine,CUBIC,Dynamic,HTTP/3
2025-04-30 22:14:36,index,76.0989999771118,84,TheEmptinessMachine,CUBIC,Dynamic,HTTP/3
2025-04-30 22:14:38,index,78.0989999771118,330,TheEmptinessMachine,CUBIC,Dynamic,HTTP/3
2025-04-30 22:14:40,index,80.0989999771118,330,TheEmptinessMachine,CUBIC,Dynamic,HTTP/3
2025-04-30 22:14:42,index,82.0999999046326,330,TheEmptinessMachine,CUBIC,Dynamic,HTTP/3
2025-04-30 22:14:44,index,84.0989999771118,166,TheEmptinessMachine,CUBIC,Dynamic,HTTP/3
2025-04-30 22:14:46,index,86.0989999771118,166,TheEmptinessMachine,CUBIC,Dynamic,HTTP/3
2025-04-30 22:14:48,index,88.0989999771118,166,TheEmptinessMachine,CUBIC,Dynamic,HTTP/3
2025-04-30 22:14:50,index,90.0989999771118,166,TheEmptinessMachine,CUBIC,Dynamic,HTTP/3
2025-04-30 22:14:52,index,92.0989999771118,166,TheEmptinessMachine,CUBIC,Dynamic,HTTP/3
2025-04-30 22:14:54,index,94.0999999046326,330,TheEmptinessMachine,CUBIC,Dynamic,HTTP/3
2025-04-30 22:14:56,index,96.0989999771118,330,TheEmptinessMachine,CUBIC,Dynamic,HTTP/3
2025-04-30 22:14:58,index,98.0989999771118,84,TheEmptinessMachine,CUBIC,Dynamic,HTTP/3
2025-04-30 22:15:00,index,100.098999977112,84,TheEmptinessMachine,CUBIC,Dynamic,HTTP/3
2025-04-30 22:15:02,index,102.098999977112,84,TheEmptinessMachine,CUBIC,Dynamic,HTTP/3
2025-04-30 22:15:04,index,104.098999977112,84,TheEmptinessMachine,CUBIC,Dynamic,HTTP/3
2025-04-30 22:15:10,index,110.098999977112,214,TheEmptinessMachine,CUBIC,Dynamic,HTTP/3
2025-04-30 22:15:12,index,112.098999977112,214,TheEmptinessMachine,CUBIC,Dynamic,HTTP/3
2025-04-30 22:15:24,index,124.098999977112,84,TheEmptinessMachine,CUBIC,Dynamic,HTTP/3
2025-04-30 22:15:26,index,126.098999977112,169,TheEmptinessMachine,CUBIC,Dynamic,HTTP/3
2025-04-30 22:15:30,index,130.098999977112,84,TheEmptinessMachine,CUBIC,Dynamic,HTTP/3
2025-04-30 22:15:32,index,132.098999977112,166,TheEmptinessMachine,CUBIC,Dynamic,HTTP/3
2025-04-30 22:15:34,index,134.098999977112,166,TheEmptinessMachine,CUBIC,Dynamic,HTTP/3
2025-04-30 22:15:36,index,136.099999904633,166,TheEmptinessMachine,CUBIC,Dynamic,HTTP/3
2025-04-30 22:15:48,index,148.098999977112,84,TheEmptinessMachine,CUBIC,Dynamic,HTTP/3
2025-04-30 22:15:50,index,150.098999977112,76,TheEmptinessMachine,CUBIC,Dynamic,HTTP/3
2025-04-30 22:15:52,index,152.098999977112,81,TheEmptinessMachine,CUBIC,Dynamic,HTTP/3
2025-04-30 22:15:56,index,156.098999977112,81,TheEmptinessMachine,CUBIC,Dynamic,HTTP/3
2025-04-30 22:15:58,index,158.098999977112,81,TheEmptinessMachine,CUBIC,Dynamic,HTTP/3
2025-04-30 22:16:00,index,160.099999904633,76,TheEmptinessMachine,CUBIC,Dynamic,HTTP/3
2025-04-30 22:16:02,index,162.098999977112,76,TheEmptinessMachine,CUBIC,Dynamic,HTTP/3
2025-04-30 22:16:04,index,164.098999977112,76,TheEmptinessMachine,CUBIC,Dynamic,HTTP/3
2025-04-30 22:16:06,index,166.098999977112,76,TheEmptinessMachine,CUBIC,Dynamic,HTTP/3
2025-04-30 22:16:08,index,168.099999904633,76,TheEmptinessMachine,CUBIC,Dynamic,HTTP/3
2025-04-30 22:16:10,index,170.098999977112,76,TheEmptinessMachine,CUBIC,Dynamic,HTTP/3
2025-04-30 22:16:12,index,172.098999977112,214,TheEmptinessMachine,CUBIC,Dynamic,HTTP/3
2025-04-30 22:16:14,index,174.098999977112,214,TheEmptinessMachine,CUBIC,Dynamic,HTTP/3
2025-04-30 22:16:16,index,176.098999977112,214,TheEmptinessMachine,CUBIC,Dynamic,HTTP/3
2025-04-30 22:16:18,index,178.099999904633,330,TheEmptinessMachine,CUBIC,Dynamic,HTTP/3
2025-04-30 22:16:20,index,180.099999904633,330,TheEmptinessMachine,CUBIC,Dynamic,HTTP/3
2025-04-30 22:16:22,index,182.099999904633,84,TheEmptinessMachine,CUBIC,Dynamic,HTTP/3
2025-04-30 22:16:24,index,184.099999904633,84,TheEmptinessMachine,CUBIC,Dynamic,HTTP/3
2025-04-30 22:16:26,index,186.098999977112,84,TheEmptinessMachine,CUBIC,Dynamic,HTTP/3
2025-04-30 22:16:28,index,188.098999977112,84,TheEmptinessMachine,CUBIC,Dynamic,HTTP/3
2025-04-30 22:16:30,index,190.099999904633,84,TheEmptinessMachine,CUBIC,Dynamic,HTTP/3
2025-04-30 22:16:32,index,192.098999977112,84,TheEmptinessMachine,CUBIC,Dynamic,HTTP/3
2025-04-30 22:16:34,index,194.099999904633,84,TheEmptinessMachine,CUBIC,Dynamic,HTTP/3
2025-04-30 22:16:36,index,196.098999977112,84,TheEmptinessMachine,CUBIC,Dynamic,HTTP/3
2025-04-30 22:16:38,index,198.098999977112,84,TheEmptinessMachine,CUBIC,Dynamic,HTTP/3
2025-04-30 22:16:42,index,202.099999904633,84,TheEmptinessMachine,CUBIC,Dynamic,HTTP/3
2025-04-30 22:17:24,index,6.53600001335144,330,TheEmptinessMachine,CUBIC,Bola,HTTP/1.1
2025-04-30 22:17:26,index,8.53499984741211,330,TheEmptinessMachine,CUBIC,Bola,HTTP/1.1
2025-04-30 22:17:28,index,10.5360000133514,330,TheEmptinessMachine,CUBIC,Bola,HTTP/1.1
2025-04-30 22:17:30,index,12.5349998474121,330,TheEmptinessMachine,CUBIC,Bola,HTTP/1.1
2025-04-30 22:17:32,index,14.5349998474121,330,TheEmptinessMachine,CUBIC,Bola,HTTP/1.1
2025-04-30 22:17:34,index,16.5360000133514,330,TheEmptinessMachine,CUBIC,Bola,HTTP/1.1
2025-04-30 22:17:36,index,18.5349998474121,330,TheEmptinessMachine,CUBIC,Bola,HTTP/1.1
2025-04-30 22:17:38,index,20.5349998474121,330,TheEmptinessMachine,CUBIC,Bola,HTTP/1.1
2025-04-30 22:17:40,index,22.5349998474121,635,TheEmptinessMachine,CUBIC,Bola,HTTP/1.1
2025-04-30 22:17:42,index,24.5349998474121,674,TheEmptinessMachine,CUBIC,Bola,HTTP/1.1
2025-04-30 22:17:44,index,26.5349998474121,674,TheEmptinessMachine,CUBIC,Bola,HTTP/1.1
2025-04-30 22:17:46,index,28.5349998474121,674,TheEmptinessMachine,CUBIC,Bola,HTTP/1.1
2025-04-30 22:17:48,index,30.5349998474121,674,TheEmptinessMachine,CUBIC,Bola,HTTP/1.1
2025-04-30 22:17:50,index,32.5349998474121,674,TheEmptinessMachine,CUBIC,Bola,HTTP/1.1
2025-04-30 22:17:52,index,34.5360000133514,674,TheEmptinessMachine,CUBIC,Bola,HTTP/1.1
2025-04-30 22:17:54,index,36.5349998474121,169,TheEmptinessMachine,CUBIC,Bola,HTTP/1.1
2025-04-30 22:17:56,index,38.5349998474121,84,TheEmptinessMachine,CUBIC,Bola,HTTP/1.1
2025-04-30 22:17:58,index,40.5360000133514,84,TheEmptinessMachine,CUBIC,Bola,HTTP/1.1
2025-04-30 22:18:00,index,42.5349998474121,169,TheEmptinessMachine,CUBIC,Bola,HTTP/1.1
2025-04-30 22:18:02,index,44.5360000133514,214,TheEmptinessMachine,CUBIC,Bola,HTTP/1.1
2025-04-30 22:18:04,index,46.5349998474121,169,TheEmptinessMachine,CUBIC,Bola,HTTP/1.1
2025-04-30 22:18:06,index,48.5360000133514,169,TheEmptinessMachine,CUBIC,Bola,HTTP/1.1
2025-04-30 22:18:08,index,50.5349998474121,169,TheEmptinessMachine,CUBIC,Bola,HTTP/1.1
2025-04-30 22:18:10,index,52.5349998474121,169,TheEmptinessMachine,CUBIC,Bola,HTTP/1.1
2025-04-30 22:18:12,index,54.5349998474121,169,TheEmptinessMachine,CUBIC,Bola,HTTP/1.1
2025-04-30 22:18:14,index,56.5349998474121,169,TheEmptinessMachine,CUBIC,Bola,HTTP/1.1
2025-04-30 22:18:16,index,58.5349998474121,330,TheEmptinessMachine,CUBIC,Bola,HTTP/1.1
2025-04-30 22:18:18,index,60.5349998474121,330,TheEmptinessMachine,CUBIC,Bola,HTTP/1.1
2025-04-30 22:18:20,index,62.5349998474121,330,TheEmptinessMachine,CUBIC,Bola,HTTP/1.1
2025-04-30 22:18:22,index,64.5349998474121,330,TheEmptinessMachine,CUBIC,Bola,HTTP/1.1
2025-04-30 22:18:24,index,66.5349998474121,330,TheEmptinessMachine,CUBIC,Bola,HTTP/1.1
2025-04-30 22:18:26,index,68.5349998474121,635,TheEmptinessMachine,CUBIC,Bola,HTTP/1.1
2025-04-30 22:18:28,index,70.5349998474121,674,TheEmptinessMachine,CUBIC,Bola,HTTP/1.1
2025-04-30 22:18:30,index,72.5360000133514,674,TheEmptinessMachine,CUBIC,Bola,HTTP/1.1
2025-04-30 22:18:32,index,74.5360000133514,330,TheEmptinessMachine,CUBIC,Bola,HTTP/1.1
2025-04-30 22:18:34,index,76.5349998474121,674,TheEmptinessMachine,CUBIC,Bola,HTTP/1.1
2025-04-30 22:18:36,index,78.5349998474121,674,TheEmptinessMachine,CUBIC,Bola,HTTP/1.1
2025-04-30 22:18:38,index,80.5349998474121,166,TheEmptinessMachine,CUBIC,Bola,HTTP/1.1
2025-04-30 22:18:40,index,82.5349998474121,214,TheEmptinessMachine,CUBIC,Bola,HTTP/1.1
2025-04-30 22:18:42,index,84.5349998474121,84,TheEmptinessMachine,CUBIC,Bola,HTTP/1.1
2025-04-30 22:18:44,index,86.5349998474121,214,TheEmptinessMachine,CUBIC,Bola,HTTP/1.1
2025-04-30 22:18:46,index,88.5360000133514,166,TheEmptinessMachine,CUBIC,Bola,HTTP/1.1
2025-04-30 22:18:48,index,90.5349998474121,214,TheEmptinessMachine,CUBIC,Bola,HTTP/1.1
2025-04-30 22:18:50,index,92.5349998474121,320,TheEmptinessMachine,CUBIC,Bola,HTTP/1.1
2025-04-30 22:18:52,index,94.5349998474121,214,TheEmptinessMachine,CUBIC,Bola,HTTP/1.1
2025-04-30 22:18:54,index,96.5349998474121,214,TheEmptinessMachine,CUBIC,Bola,HTTP/1.1
2025-04-30 22:18:56,index,98.5349998474121,214,TheEmptinessMachine,CUBIC,Bola,HTTP/1.1
2025-04-30 22:18:58,index,100.534999847412,214,TheEmptinessMachine,CUBIC,Bola,HTTP/1.1
2025-04-30 22:19:00,index,102.534999847412,214,TheEmptinessMachine,CUBIC,Bola,HTTP/1.1
2025-04-30 22:19:02,index,104.534999847412,214,TheEmptinessMachine,CUBIC,Bola,HTTP/1.1
2025-04-30 22:19:04,index,106.534999847412,330,TheEmptinessMachine,CUBIC,Bola,HTTP/1.1
2025-04-30 22:19:06,index,108.534999847412,330,TheEmptinessMachine,CUBIC,Bola,HTTP/1.1
2025-04-30 22:19:08,index,110.534999847412,330,TheEmptinessMachine,CUBIC,Bola,HTTP/1.1
2025-04-30 22:19:10,index,112.534999847412,330,TheEmptinessMachine,CUBIC,Bola,HTTP/1.1
2025-04-30 22:19:12,index,114.534999847412,330,TheEmptinessMachine,CUBIC,Bola,HTTP/1.1
2025-04-30 22:19:14,index,116.534999847412,330,TheEmptinessMachine,CUBIC,Bola,HTTP/1.1
2025-04-30 22:19:16,index,118.534999847412,330,TheEmptinessMachine,CUBIC,Bola,HTTP/1.1
2025-04-30 22:19:18,index,120.536000013351,330,TheEmptinessMachine,CUBIC,Bola,HTTP/1.1
2025-04-30 22:19:20,index,122.534999847412,330,TheEmptinessMachine,CUBIC,Bola,HTTP/1.1
2025-04-30 22:19:22,index,124.534999847412,330,TheEmptinessMachine,CUBIC,Bola,HTTP/1.1
2025-04-30 22:19:24,index,126.534999847412,330,TheEmptinessMachine,CUBIC,Bola,HTTP/1.1
2025-04-30 22:19:26,index,128.534999847412,330,TheEmptinessMachine,CUBIC,Bola,HTTP/1.1
2025-04-30 22:19:28,index,130.534999847412,330,TheEmptinessMachine,CUBIC,Bola,HTTP/1.1
2025-04-30 22:19:30,index,132.534999847412,330,TheEmptinessMachine,CUBIC,Bola,HTTP/1.1
2025-04-30 22:19:32,index,134.534999847412,330,TheEmptinessMachine,CUBIC,Bola,HTTP/1.1
2025-04-30 22:19:34,index,136.534999847412,330,TheEmptinessMachine,CUBIC,Bola,HTTP/1.1
2025-04-30 22:19:36,index,138.534999847412,330,TheEmptinessMachine,CUBIC,Bola,HTTP/1.1
2025-04-30 22:19:38,index,140.534999847412,330,TheEmptinessMachine,CUBIC,Bola,HTTP/1.1
2025-04-30 22:19:40,index,142.536000013351,330,TheEmptinessMachine,CUBIC,Bola,HTTP/1.1
2025-04-30 22:19:42,index,144.534999847412,330,TheEmptinessMachine,CUBIC,Bola,HTTP/1.1
2025-04-30 22:19:44,index,146.534999847412,330,TheEmptinessMachine,CUBIC,Bola,HTTP/1.1
2025-04-30 22:19:46,index,148.534999847412,635,TheEmptinessMachine,CUBIC,Bola,HTTP/1.1
2025-04-30 22:19:48,index,150.534999847412,635,TheEmptinessMachine,CUBIC,Bola,HTTP/1.1
2025-04-30 22:19:50,index,152.534999847412,635,TheEmptinessMachine,CUBIC,Bola,HTTP/1.1
2025-04-30 22:19:52,index,154.534999847412,635,TheEmptinessMachine,CUBIC,Bola,HTTP/1.1
2025-04-30 22:19:54,index,156.534999847412,635,TheEmptinessMachine,CUBIC,Bola,HTTP/1.1
2025-04-30 22:19:56,index,158.534999847412,635,TheEmptinessMachine,CUBIC,Bola,HTTP/1.1
2025-04-30 22:19:58,index,160.536000013351,635,TheEmptinessMachine,CUBIC,Bola,HTTP/1.1
2025-04-30 22:20:00,index,162.536000013351,84,TheEmptinessMachine,CUBIC,Bola,HTTP/1.1
2025-04-30 22:20:02,index,164.536999940872,214,TheEmptinessMachine,CUBIC,Bola,HTTP/1.1
2025-04-30 22:20:04,index,166.534999847412,330,TheEmptinessMachine,CUBIC,Bola,HTTP/1.1
2025-04-30 22:20:06,index,168.534999847412,320,TheEmptinessMachine,CUBIC,Bola,HTTP/1.1
2025-04-30 22:20:08,index,170.534999847412,320,TheEmptinessMachine,CUBIC,Bola,HTTP/1.1
2025-04-30 22:20:10,index,172.536000013351,320,TheEmptinessMachine,CUBIC,Bola,HTTP/1.1
2025-04-30 22:20:12,index,174.534999847412,320,TheEmptinessMachine,CUBIC,Bola,HTTP/1.1
2025-04-30 22:20:14,index,176.534999847412,320,TheEmptinessMachine,CUBIC,Bola,HTTP/1.1
2025-04-30 22:20:16,index,178.534999847412,320,TheEmptinessMachine,CUBIC,Bola,HTTP/1.1
2025-04-30 22:20:18,index,180.534999847412,320,TheEmptinessMachine,CUBIC,Bola,HTTP/1.1
2025-04-30 22:20:20,index,182.534999847412,635,TheEmptinessMachine,CUBIC,Bola,HTTP/1.1
2025-04-30 22:20:22,index,184.536000013351,635,TheEmptinessMachine,CUBIC,Bola,HTTP/1.1
2025-04-30 22:20:24,index,186.534999847412,635,TheEmptinessMachine,CUBIC,Bola,HTTP/1.1
2025-04-30 22:20:26,index,188.534999847412,635,TheEmptinessMachine,CUBIC,Bola,HTTP/1.1
2025-04-30 22:20:28,index,190.536000013351,214,TheEmptinessMachine,CUBIC,Bola,HTTP/1.1
2025-04-30 22:20:30,index,192.534999847412,84,TheEmptinessMachine,CUBIC,Bola,HTTP/1.1
2025-04-30 22:20:32,index,194.534999847412,166,TheEmptinessMachine,CUBIC,Bola,HTTP/1.1
2025-04-30 22:20:34,index,196.534999847412,169,TheEmptinessMachine,CUBIC,Bola,HTTP/1.1
2025-04-30 22:20:36,index,198.534999847412,84,TheEmptinessMachine,CUBIC,Bola,HTTP/1.1
2025-04-30 22:20:38,index,200.534999847412,84,TheEmptinessMachine,CUBIC,Bola,HTTP/1.1
2025-04-30 22:21:28,index,8.71600008010864,330,TheEmptinessMachine,CUBIC,Bola,HTTP/2
2025-04-30 22:21:30,index,10.7160000801086,330,TheEmptinessMachine,CUBIC,Bola,HTTP/2
2025-04-30 22:21:32,index,12.7160000801086,330,TheEmptinessMachine,CUBIC,Bola,HTTP/2
2025-04-30 22:21:34,index,14.7160000801086,330,TheEmptinessMachine,CUBIC,Bola,HTTP/2
2025-04-30 22:21:36,index,16.7160000801086,330,TheEmptinessMachine,CUBIC,Bola,HTTP/2
2025-04-30 22:21:38,index,18.7160000801086,330,TheEmptinessMachine,CUBIC,Bola,HTTP/2
2025-04-30 22:21:40,index,20.7160000801086,330,TheEmptinessMachine,CUBIC,Bola,HTTP/2
2025-04-30 22:21:42,index,22.7170000076294,330,TheEmptinessMachine,CUBIC,Bola,HTTP/2
2025-04-30 22:21:44,index,24.7170000076294,330,TheEmptinessMachine,CUBIC,Bola,HTTP/2
2025-04-30 22:21:46,index,26.7160000801086,330,TheEmptinessMachine,CUBIC,Bola,HTTP/2
2025-04-30 22:21:48,index,28.7160000801086,330,TheEmptinessMachine,CUBIC,Bola,HTTP/2
2025-04-30 22:21:50,index,30.7160000801086,330,TheEmptinessMachine,CUBIC,Bola,HTTP/2
2025-04-30 22:21:52,index,32.7160000801086,330,TheEmptinessMachine,CUBIC,Bola,HTTP/2
2025-04-30 22:21:54,index,34.7160000801086,330,TheEmptinessMachine,CUBIC,Bola,HTTP/2
2025-04-30 22:21:56,index,36.7160000801086,330,TheEmptinessMachine,CUBIC,Bola,HTTP/2
2025-04-30 22:21:58,index,38.7160000801086,330,TheEmptinessMachine,CUBIC,Bola,HTTP/2
2025-04-30 22:22:00,index,40.7160000801086,330,TheEmptinessMachine,CUBIC,Bola,HTTP/2
2025-04-30 22:22:02,index,42.7160000801086,330,TheEmptinessMachine,CUBIC,Bola,HTTP/2
2025-04-30 22:22:04,index,44.7160000801086,330,TheEmptinessMachine,CUBIC,Bola,HTTP/2
2025-04-30 22:22:06,index,46.7170000076294,330,TheEmptinessMachine,CUBIC,Bola,HTTP/2
2025-04-30 22:22:08,index,48.7160000801086,330,TheEmptinessMachine,CUBIC,Bola,HTTP/2
2025-04-30 22:22:10,index,50.7160000801086,330,TheEmptinessMachine,CUBIC,Bola,HTTP/2
2025-04-30 22:22:12,index,52.7160000801086,330,TheEmptinessMachine,CUBIC,Bola,HTTP/2
2025-04-30 22:22:14,index,54.7160000801086,635,TheEmptinessMachine,CUBIC,Bola,HTTP/2
2025-04-30 22:22:16,index,56.7160000801086,674,TheEmptinessMachine,CUBIC,Bola,HTTP/2
2025-04-30 22:22:18,index,58.7160000801086,674,TheEmptinessMachine,CUBIC,Bola,HTTP/2
2025-04-30 22:22:20,index,60.7160000801086,674,TheEmptinessMachine,CUBIC,Bola,HTTP/2
2025-04-30 22:22:22,index,62.7160000801086,674,TheEmptinessMachine,CUBIC,Bola,HTTP/2
2025-04-30 22:22:24,index,64.7160000801086,674,TheEmptinessMachine,CUBIC,Bola,HTTP/2
2025-04-30 22:22:26,index,66.7160000801086,84,TheEmptinessMachine,CUBIC,Bola,HTTP/2
2025-04-30 22:22:30,index,70.7160000801086,72,TheEmptinessMachine,CUBIC,Bola,HTTP/2
2025-04-30 22:22:32,index,72.7160000801086,84,TheEmptinessMachine,CUBIC,Bola,HTTP/2
2025-04-30 22:22:38,index,78.7160000801086,84,TheEmptinessMachine,CUBIC,Bola,HTTP/2
2025-04-30 22:22:40,index,80.7160000801086,81,TheEmptinessMachine,CUBIC,Bola,HTTP/2
2025-04-30 22:22:42,index,82.7160000801086,81,TheEmptinessMachine,CUBIC,Bola,HTTP/2
2025-04-30 22:22:44,index,84.7160000801086,81,TheEmptinessMachine,CUBIC,Bola,HTTP/2
2025-04-30 22:22:46,index,86.7160000801086,81,TheEmptinessMachine,CUBIC,Bola,HTTP/2
2025-04-30 22:22:48,index,88.7160000801086,81,TheEmptinessMachine,CUBIC,Bola,HTTP/2
2025-04-30 22:22:50,index,90.7160000801086,81,TheEmptinessMachine,CUBIC,Bola,HTTP/2
2025-04-30 22:22:52,index,92.7160000801086,330,TheEmptinessMachine,CUBIC,Bola,HTTP/2
2025-04-30 22:22:54,index,94.7160000801086,330,TheEmptinessMachine,CUBIC,Bola,HTTP/2
2025-04-30 22:22:56,index,96.7160000801086,330,TheEmptinessMachine,CUBIC,Bola,HTTP/2
2025-04-30 22:22:58,index,98.7160000801086,330,TheEmptinessMachine,CUBIC,Bola,HTTP/2
2025-04-30 22:23:00,index,100.716000080109,330,TheEmptinessMachine,CUBIC,Bola,HTTP/2
2025-04-30 22:23:02,index,102.716000080109,330,TheEmptinessMachine,CUBIC,Bola,HTTP/2
2025-04-30 22:23:04,index,104.716000080109,330,TheEmptinessMachine,CUBIC,Bola,HTTP/2
2025-04-30 22:23:06,index,106.716000080109,330,TheEmptinessMachine,CUBIC,Bola,HTTP/2
2025-04-30 22:23:08,index,108.716000080109,330,TheEmptinessMachine,CUBIC,Bola,HTTP/2
2025-04-30 22:23:10,index,110.716000080109,330,TheEmptinessMachine,CUBIC,Bola,HTTP/2
2025-04-30 22:23:12,index,112.716000080109,635,TheEmptinessMachine,CUBIC,Bola,HTTP/2
2025-04-30 22:23:14,index,114.716000080109,674,TheEmptinessMachine,CUBIC,Bola,HTTP/2
2025-04-30 22:23:16,index,116.716000080109,674,TheEmptinessMachine,CUBIC,Bola,HTTP/2
2025-04-30 22:23:18,index,118.716000080109,674,TheEmptinessMachine,CUBIC,Bola,HTTP/2
2025-04-30 22:23:20,index,120.716000080109,674,TheEmptinessMachine,CUBIC,Bola,HTTP/2
2025-04-30 22:23:22,index,122.716000080109,330,TheEmptinessMachine,CUBIC,Bola,HTTP/2
2025-04-30 22:23:24,index,124.717000007629,330,TheEmptinessMachine,CUBIC,Bola,HTTP/2
2025-04-30 22:23:26,index,126.716000080109,635,TheEmptinessMachine,CUBIC,Bola,HTTP/2
2025-04-30 22:23:28,index,128.716000080109,674,TheEmptinessMachine,CUBIC,Bola,HTTP/2
2025-04-30 22:23:30,index,130.716000080109,674,TheEmptinessMachine,CUBIC,Bola,HTTP/2
2025-04-30 22:23:32,index,132.716000080109,674,TheEmptinessMachine,CUBIC,Bola,HTTP/2
2025-04-30 22:23:34,index,134.716000080109,166,TheEmptinessMachine,CUBIC,Bola,HTTP/2
2025-04-30 22:23:38,index,138.716000080109,166,TheEmptinessMachine,CUBIC,Bola,HTTP/2
2025-04-30 22:23:40,index,140.716000080109,169,TheEmptinessMachine,CUBIC,Bola,HTTP/2
2025-04-30 22:23:42,index,142.716000080109,84,TheEmptinessMachine,CUBIC,Bola,HTTP/2
2025-04-30 22:23:44,index,144.716000080109,166,TheEmptinessMachine,CUBIC,Bola,HTTP/2
2025-04-30 22:23:46,index,146.716000080109,169,TheEmptinessMachine,CUBIC,Bola,HTTP/2
2025-04-30 22:23:48,index,148.716000080109,169,TheEmptinessMachine,CUBIC,Bola,HTTP/2
2025-04-30 22:23:50,index,150.716000080109,635,TheEmptinessMachine,CUBIC,Bola,HTTP/2
2025-04-30 22:23:52,index,152.716000080109,635,TheEmptinessMachine,CUBIC,Bola,HTTP/2
2025-04-30 22:23:54,index,154.716000080109,330,TheEmptinessMachine,CUBIC,Bola,HTTP/2
2025-04-30 22:23:56,index,156.717000007629,214,TheEmptinessMachine,CUBIC,Bola,HTTP/2
2025-04-30 22:23:58,index,158.716000080109,166,TheEmptinessMachine,CUBIC,Bola,HTTP/2
2025-04-30 22:24:00,index,160.716000080109,169,TheEmptinessMachine,CUBIC,Bola,HTTP/2
2025-04-30 22:24:02,index,162.716000080109,214,TheEmptinessMachine,CUBIC,Bola,HTTP/2
2025-04-30 22:24:04,index,164.716000080109,330,TheEmptinessMachine,CUBIC,Bola,HTTP/2
2025-04-30 22:24:08,index,168.716000080109,166,TheEmptinessMachine,CUBIC,Bola,HTTP/2
2025-04-30 22:24:10,index,170.716000080109,214,TheEmptinessMachine,CUBIC,Bola,HTTP/2
2025-04-30 22:24:12,index,172.716000080109,320,TheEmptinessMachine,CUBIC,Bola,HTTP/2
2025-04-30 22:24:14,index,174.716000080109,320,TheEmptinessMachine,CUBIC,Bola,HTTP/2
2025-04-30 22:24:16,index,176.716000080109,166,TheEmptinessMachine,CUBIC,Bola,HTTP/2
2025-04-30 22:24:18,index,178.716000080109,166,TheEmptinessMachine,CUBIC,Bola,HTTP/2
2025-04-30 22:24:20,index,180.716000080109,214,TheEmptinessMachine,CUBIC,Bola,HTTP/2
2025-04-30 22:24:22,index,182.716000080109,84,TheEmptinessMachine,CUBIC,Bola,HTTP/2
2025-04-30 22:24:24,index,184.716000080109,166,TheEmptinessMachine,CUBIC,Bola,HTTP/2
2025-04-30 22:24:26,index,186.716000080109,166,TheEmptinessMachine,CUBIC,Bola,HTTP/2
2025-04-30 22:24:28,index,188.716000080109,169,TheEmptinessMachine,CUBIC,Bola,HTTP/2
2025-04-30 22:24:30,index,190.716000080109,169,TheEmptinessMachine,CUBIC,Bola,HTTP/2
2025-04-30 22:24:32,index,192.716000080109,166,TheEmptinessMachine,CUBIC,Bola,HTTP/2
2025-04-30 22:24:34,index,194.716000080109,166,TheEmptinessMachine,CUBIC,Bola,HTTP/2
2025-04-30 22:24:36,index,196.716000080109,166,TheEmptinessMachine,CUBIC,Bola,HTTP/2
2025-04-30 22:24:38,index,198.716000080109,166,TheEmptinessMachine,CUBIC,Bola,HTTP/2
2025-04-30 22:24:40,index,200.716000080109,166,TheEmptinessMachine,CUBIC,Bola,HTTP/2
2025-04-30 22:25:30,index,10.0989999771118,330,TheEmptinessMachine,CUBIC,Bola,HTTP/3
2025-04-30 22:25:32,index,12.0980000495911,330,TheEmptinessMachine,CUBIC,Bola,HTTP/3
2025-04-30 22:25:34,index,14.0980000495911,330,TheEmptinessMachine,CUBIC,Bola,HTTP/3
2025-04-30 22:25:36,index,16.0980000495911,330,TheEmptinessMachine,CUBIC,Bola,HTTP/3
2025-04-30 22:25:38,index,18.0980000495911,84,TheEmptinessMachine,CUBIC,Bola,HTTP/3
2025-04-30 22:25:40,index,20.0980000495911,84,TheEmptinessMachine,CUBIC,Bola,HTTP/3
2025-04-30 22:25:44,index,24.0980000495911,84,TheEmptinessMachine,CUBIC,Bola,HTTP/3
2025-04-30 22:25:46,index,26.0989999771118,84,TheEmptinessMachine,CUBIC,Bola,HTTP/3
2025-04-30 22:25:50,index,30.0989999771118,214,TheEmptinessMachine,CUBIC,Bola,HTTP/3
2025-04-30 22:25:52,index,32.0980000495911,330,TheEmptinessMachine,CUBIC,Bola,HTTP/3
2025-04-30 22:25:54,index,34.0980000495911,214,TheEmptinessMachine,CUBIC,Bola,HTTP/3
2025-04-30 22:25:56,index,36.0989999771118,320,TheEmptinessMachine,CUBIC,Bola,HTTP/3
2025-04-30 22:25:58,index,38.0980000495911,320,TheEmptinessMachine,CUBIC,Bola,HTTP/3
2025-04-30 22:26:00,index,40.0989999771118,166,TheEmptinessMachine,CUBIC,Bola,HTTP/3
2025-04-30 22:26:04,index,44.0989999771118,166,TheEmptinessMachine,CUBIC,Bola,HTTP/3
2025-04-30 22:26:06,index,46.0989999771118,84,TheEmptinessMachine,CUBIC,Bola,HTTP/3
2025-04-30 22:26:10,index,50.0980000495911,84,TheEmptinessMachine,CUBIC,Bola,HTTP/3
2025-04-30 22:26:12,index,52.0980000495911,84,TheEmptinessMachine,CUBIC,Bola,HTTP/3
2025-04-30 22:26:16,index,56.0989999771118,84,TheEmptinessMachine,CUBIC,Bola,HTTP/3
2025-04-30 22:26:18,index,58.0980000495911,81,TheEmptinessMachine,CUBIC,Bola,HTTP/3
2025-04-30 22:26:20,index,60.0989999771118,81,TheEmptinessMachine,CUBIC,Bola,HTTP/3
2025-04-30 22:26:22,index,62.0980000495911,81,TheEmptinessMachine,CUBIC,Bola,HTTP/3
2025-04-30 22:26:24,index,64.0980000495911,81,TheEmptinessMachine,CUBIC,Bola,HTTP/3
2025-04-30 22:26:26,index,66.0980000495911,81,TheEmptinessMachine,CUBIC,Bola,HTTP/3
2025-04-30 22:26:28,index,68.0980000495911,81,TheEmptinessMachine,CUBIC,Bola,HTTP/3
2025-04-30 22:26:30,index,70.0980000495911,81,TheEmptinessMachine,CUBIC,Bola,HTTP/3
2025-04-30 22:26:32,index,72.0980000495911,166,TheEmptinessMachine,CUBIC,Bola,HTTP/3
2025-04-30 22:26:34,index,74.0989999771118,214,TheEmptinessMachine,CUBIC,Bola,HTTP/3
2025-04-30 22:26:36,index,76.0980000495911,214,TheEmptinessMachine,CUBIC,Bola,HTTP/3
2025-04-30 22:26:38,index,78.0989999771118,320,TheEmptinessMachine,CUBIC,Bola,HTTP/3
2025-04-30 22:26:40,index,80.0989999771118,169,TheEmptinessMachine,CUBIC,Bola,HTTP/3
2025-04-30 22:26:42,index,82.0980000495911,214,TheEmptinessMachine,CUBIC,Bola,HTTP/3
2025-04-30 22:26:44,index,84.0980000495911,214,TheEmptinessMachine,CUBIC,Bola,HTTP/3
2025-04-30 22:26:46,index,86.0989999771118,214,TheEmptinessMachine,CUBIC,Bola,HTTP/3
2025-04-30 22:26:48,index,88.0980000495911,214,TheEmptinessMachine,CUBIC,Bola,HTTP/3
2025-04-30 22:26:50,index,90.0980000495911,214,TheEmptinessMachine,CUBIC,Bola,HTTP/3
2025-04-30 22:26:52,index,92.0980000495911,214,TheEmptinessMachine,CUBIC,Bola,HTTP/3
2025-04-30 22:26:54,index,94.0980000495911,214,TheEmptinessMachine,CUBIC,Bola,HTTP/3
2025-04-30 22:26:56,index,96.0980000495911,214,TheEmptinessMachine,CUBIC,Bola,HTTP/3
2025-04-30 22:26:58,index,98.0989999771118,214,TheEmptinessMachine,CUBIC,Bola,HTTP/3
2025-04-30 22:27:00,index,100.098999977112,169,TheEmptinessMachine,CUBIC,Bola,HTTP/3
2025-04-30 22:27:02,index,102.098000049591,169,TheEmptinessMachine,CUBIC,Bola,HTTP/3
2025-04-30 22:27:04,index,104.098000049591,169,TheEmptinessMachine,CUBIC,Bola,HTTP/3
2025-04-30 22:27:06,index,106.098000049591,169,TheEmptinessMachine,CUBIC,Bola,HTTP/3
2025-04-30 22:27:08,index,108.098000049591,169,TheEmptinessMachine,CUBIC,Bola,HTTP/3
2025-04-30 22:27:10,index,110.098999977112,169,TheEmptinessMachine,CUBIC,Bola,HTTP/3
2025-04-30 22:27:12,index,112.098000049591,169,TheEmptinessMachine,CUBIC,Bola,HTTP/3
2025-04-30 22:27:16,index,116.098000049591,169,TheEmptinessMachine,CUBIC,Bola,HTTP/3
2025-04-30 22:27:18,index,118.098000049591,169,TheEmptinessMachine,CUBIC,Bola,HTTP/3
2025-04-30 22:27:22,index,122.098000049591,214,TheEmptinessMachine,CUBIC,Bola,HTTP/3
2025-04-30 22:27:24,index,124.098000049591,214,TheEmptinessMachine,CUBIC,Bola,HTTP/3
2025-04-30 22:27:26,index,126.098999977112,214,TheEmptinessMachine,CUBIC,Bola,HTTP/3
2025-04-30 22:27:28,index,128.098000049591,214,TheEmptinessMachine,CUBIC,Bola,HTTP/3
2025-04-30 22:27:30,index,130.098999977112,214,TheEmptinessMachine,CUBIC,Bola,HTTP/3
2025-04-30 22:27:32,index,132.098000049591,330,TheEmptinessMachine,CUBIC,Bola,HTTP/3
2025-04-30 22:27:34,index,134.098000049591,84,TheEmptinessMachine,CUBIC,Bola,HTTP/3
2025-04-30 22:27:36,index,136.098000049591,84,TheEmptinessMachine,CUBIC,Bola,HTTP/3
2025-04-30 22:27:38,index,138.098000049591,84,TheEmptinessMachine,CUBIC,Bola,HTTP/3
2025-04-30 22:27:40,index,140.098000049591,84,TheEmptinessMachine,CUBIC,Bola,HTTP/3
2025-04-30 22:27:42,index,142.098000049591,166,TheEmptinessMachine,CUBIC,Bola,HTTP/3
2025-04-30 22:27:46,index,146.099999904633,84,TheEmptinessMachine,CUBIC,Bola,HTTP/3
2025-04-30 22:27:48,index,148.098000049591,84,TheEmptinessMachine,CUBIC,Bola,HTTP/3
2025-04-30 22:27:50,index,150.098000049591,84,TheEmptinessMachine,CUBIC,Bola,HTTP/3
2025-04-30 22:27:52,index,152.098000049591,84,TheEmptinessMachine,CUBIC,Bola,HTTP/3
2025-04-30 22:27:54,index,154.098000049591,84,TheEmptinessMachine,CUBIC,Bola,HTTP/3
2025-04-30 22:27:56,index,156.098000049591,84,TheEmptinessMachine,CUBIC,Bola,HTTP/3
2025-04-30 22:27:58,index,158.098000049591,84,TheEmptinessMachine,CUBIC,Bola,HTTP/3
2025-04-30 22:28:00,index,160.098999977112,214,TheEmptinessMachine,CUBIC,Bola,HTTP/3
2025-04-30 22:28:02,index,162.098000049591,214,TheEmptinessMachine,CUBIC,Bola,HTTP/3
2025-04-30 22:28:04,index,164.098000049591,214,TheEmptinessMachine,CUBIC,Bola,HTTP/3
2025-04-30 22:28:06,index,166.098000049591,330,TheEmptinessMachine,CUBIC,Bola,HTTP/3
2025-04-30 22:28:08,index,168.098000049591,330,TheEmptinessMachine,CUBIC,Bola,HTTP/3
2025-04-30 22:28:10,index,170.098000049591,330,TheEmptinessMachine,CUBIC,Bola,HTTP/3
2025-04-30 22:28:12,index,172.098000049591,72,TheEmptinessMachine,CUBIC,Bola,HTTP/3
2025-04-30 22:28:16,index,176.098000049591,72,TheEmptinessMachine,CUBIC,Bola,HTTP/3
2025-04-30 22:28:18,index,178.098000049591,72,TheEmptinessMachine,CUBIC,Bola,HTTP/3
2025-04-30 22:28:20,index,180.098999977112,72,TheEmptinessMachine,CUBIC,Bola,HTTP/3
2025-04-30 22:28:22,index,182.098000049591,72,TheEmptinessMachine,CUBIC,Bola,HTTP/3
2025-04-30 22:28:24,index,184.098999977112,169,TheEmptinessMachine,CUBIC,Bola,HTTP/3
2025-04-30 22:28:26,index,186.098000049591,214,TheEmptinessMachine,CUBIC,Bola,HTTP/3
2025-04-30 22:28:28,index,188.098000049591,320,TheEmptinessMachine,CUBIC,Bola,HTTP/3
2025-04-30 22:28:30,index,190.098999977112,320,TheEmptinessMachine,CUBIC,Bola,HTTP/3
2025-04-30 22:28:34,index,194.098000049591,84,TheEmptinessMachine,CUBIC,Bola,HTTP/3
2025-04-30 22:28:36,index,196.098000049591,84,TheEmptinessMachine,CUBIC,Bola,HTTP/3
2025-04-30 22:28:38,index,198.098000049591,84,TheEmptinessMachine,CUBIC,Bola,HTTP/3
2025-04-30 22:28:40,index,200.098000049591,84,TheEmptinessMachine,CUBIC,Bola,HTTP/3
2025-04-30 22:28:42,index,202.098000049591,84,TheEmptinessMachine,CUBIC,Bola,HTTP/3
2025-04-30 22:28:44,index,204.098000049591,84,TheEmptinessMachine,CUBIC,Bola,HTTP/3
2025-04-30 22:29:22,index,4.49399995803833,2974,TheEmptinessMachine,CUBIC,Festive,HTTP/1.1
2025-04-30 22:29:24,index,6.49399995803833,2974,TheEmptinessMachine,CUBIC,Festive,HTTP/1.1
2025-04-30 22:29:26,index,8.49399995803833,980,TheEmptinessMachine,CUBIC,Festive,HTTP/1.1
2025-04-30 22:29:28,index,10.4990000724792,980,TheEmptinessMachine,CUBIC,Festive,HTTP/1.1
2025-04-30 22:29:30,index,12.4939999580383,980,TheEmptinessMachine,CUBIC,Festive,HTTP/1.1
2025-04-30 22:29:32,index,14.4939999580383,980,TheEmptinessMachine,CUBIC,Festive,HTTP/1.1
2025-04-30 22:29:34,index,16.4939999580383,330,TheEmptinessMachine,CUBIC,Festive,HTTP/1.1
2025-04-30 22:29:36,index,18.4939999580383,674,TheEmptinessMachine,CUBIC,Festive,HTTP/1.1
2025-04-30 22:29:40,index,22.4939999580383,330,TheEmptinessMachine,CUBIC,Festive,HTTP/1.1
2025-04-30 22:29:42,index,24.4939999580383,674,TheEmptinessMachine,CUBIC,Festive,HTTP/1.1
2025-04-30 22:29:46,index,28.4939999580383,330,TheEmptinessMachine,CUBIC,Festive,HTTP/1.1
2025-04-30 22:29:48,index,30.4939999580383,635,TheEmptinessMachine,CUBIC,Festive,HTTP/1.1
2025-04-30 22:29:52,index,34.4939999580383,330,TheEmptinessMachine,CUBIC,Festive,HTTP/1.1
2025-04-30 22:29:54,index,36.4939999580383,674,TheEmptinessMachine,CUBIC,Festive,HTTP/1.1
2025-04-30 22:29:58,index,40.4939999580383,214,TheEmptinessMachine,CUBIC,Festive,HTTP/1.1
2025-04-30 22:30:00,index,42.4939999580383,330,TheEmptinessMachine,CUBIC,Festive,HTTP/1.1
2025-04-30 22:30:02,index,44.4939999580383,330,TheEmptinessMachine,CUBIC,Festive,HTTP/1.1
2025-04-30 22:30:04,index,46.4939999580383,169,TheEmptinessMachine,CUBIC,Festive,HTTP/1.1
2025-04-30 22:30:06,index,48.4939999580383,330,TheEmptinessMachine,CUBIC,Festive,HTTP/1.1
2025-04-30 22:30:08,index,50.4939999580383,320,TheEmptinessMachine,CUBIC,Festive,HTTP/1.1
2025-04-30 22:30:10,index,52.4939999580383,320,TheEmptinessMachine,CUBIC,Festive,HTTP/1.1
2025-04-30 22:30:12,index,54.4939999580383,320,TheEmptinessMachine,CUBIC,Festive,HTTP/1.1
2025-04-30 22:30:14,index,56.4939999580383,320,TheEmptinessMachine,CUBIC,Festive,HTTP/1.1
2025-04-30 22:30:16,index,58.4939999580383,320,TheEmptinessMachine,CUBIC,Festive,HTTP/1.1
2025-04-30 22:30:18,index,60.4939999580383,214,TheEmptinessMachine,CUBIC,Festive,HTTP/1.1
2025-04-30 22:30:20,index,62.4939999580383,214,TheEmptinessMachine,CUBIC,Festive,HTTP/1.1
2025-04-30 22:30:22,index,64.4939999580383,214,TheEmptinessMachine,CUBIC,Festive,HTTP/1.1
2025-04-30 22:30:24,index,66.4939999580383,214,TheEmptinessMachine,CUBIC,Festive,HTTP/1.1
2025-04-30 22:30:26,index,68.4939999580383,214,TheEmptinessMachine,CUBIC,Festive,HTTP/1.1
2025-04-30 22:30:28,index,70.4939999580383,214,TheEmptinessMachine,CUBIC,Festive,HTTP/1.1
2025-04-30 22:30:30,index,72.4939999580383,214,TheEmptinessMachine,CUBIC,Festive,HTTP/1.1
2025-04-30 22:30:32,index,74.4939999580383,214,TheEmptinessMachine,CUBIC,Festive,HTTP/1.1
2025-04-30 22:30:34,index,76.4939999580383,214,TheEmptinessMachine,CUBIC,Festive,HTTP/1.1
2025-04-30 22:30:36,index,78.4939999580383,214,TheEmptinessMachine,CUBIC,Festive,HTTP/1.1
2025-04-30 22:30:38,index,80.4939999580383,214,TheEmptinessMachine,CUBIC,Festive,HTTP/1.1
2025-04-30 22:30:40,index,82.4939999580383,214,TheEmptinessMachine,CUBIC,Festive,HTTP/1.1
2025-04-30 22:30:42,index,84.4939999580383,214,TheEmptinessMachine,CUBIC,Festive,HTTP/1.1
2025-04-30 22:30:44,index,86.4939999580383,214,TheEmptinessMachine,CUBIC,Festive,HTTP/1.1
2025-04-30 22:30:46,index,88.4939999580383,674,TheEmptinessMachine,CUBIC,Festive,HTTP/1.1
2025-04-30 22:30:48,index,90.4939999580383,674,TheEmptinessMachine,CUBIC,Festive,HTTP/1.1
2025-04-30 22:30:50,index,92.4939999580383,674,TheEmptinessMachine,CUBIC,Festive,HTTP/1.1
2025-04-30 22:30:52,index,94.4939999580383,674,TheEmptinessMachine,CUBIC,Festive,HTTP/1.1
2025-04-30 22:30:54,index,96.4939999580383,674,TheEmptinessMachine,CUBIC,Festive,HTTP/1.1
2025-04-30 22:30:56,index,98.4939999580383,330,TheEmptinessMachine,CUBIC,Festive,HTTP/1.1
2025-04-30 22:30:58,index,100.493999958038,330,TheEmptinessMachine,CUBIC,Festive,HTTP/1.1
2025-04-30 22:31:00,index,102.493999958038,330,TheEmptinessMachine,CUBIC,Festive,HTTP/1.1
2025-04-30 22:31:02,index,104.493999958038,330,TheEmptinessMachine,CUBIC,Festive,HTTP/1.1
2025-04-30 22:31:04,index,106.493999958038,674,TheEmptinessMachine,CUBIC,Festive,HTTP/1.1
2025-04-30 22:31:06,index,108.493999958038,320,TheEmptinessMachine,CUBIC,Festive,HTTP/1.1
2025-04-30 22:31:08,index,110.493999958038,330,TheEmptinessMachine,CUBIC,Festive,HTTP/1.1
2025-04-30 22:31:10,index,112.493999958038,169,TheEmptinessMachine,CUBIC,Festive,HTTP/1.1
2025-04-30 22:31:12,index,114.493999958038,330,TheEmptinessMachine,CUBIC,Festive,HTTP/1.1
2025-04-30 22:31:14,index,116.493999958038,674,TheEmptinessMachine,CUBIC,Festive,HTTP/1.1
2025-04-30 22:31:16,index,118.493999958038,84,TheEmptinessMachine,CUBIC,Festive,HTTP/1.1
2025-04-30 22:31:18,index,120.493999958038,330,TheEmptinessMachine,CUBIC,Festive,HTTP/1.1
2025-04-30 22:31:20,index,122.493999958038,330,TheEmptinessMachine,CUBIC,Festive,HTTP/1.1
2025-04-30 22:31:22,index,124.493999958038,674,TheEmptinessMachine,CUBIC,Festive,HTTP/1.1
2025-04-30 22:31:24,index,126.493999958038,674,TheEmptinessMachine,CUBIC,Festive,HTTP/1.1
2025-04-30 22:31:28,index,130.493999958038,330,TheEmptinessMachine,CUBIC,Festive,HTTP/1.1
2025-04-30 22:31:30,index,132.493999958038,330,TheEmptinessMachine,CUBIC,Festive,HTTP/1.1
2025-04-30 22:31:32,index,134.493999958038,330,TheEmptinessMachine,CUBIC,Festive,HTTP/1.1
2025-04-30 22:31:34,index,136.495000123978,84,TheEmptinessMachine,CUBIC,Festive,HTTP/1.1
2025-04-30 22:31:36,index,138.493999958038,320,TheEmptinessMachine,CUBIC,Festive,HTTP/1.1
2025-04-30 22:31:38,index,140.493999958038,320,TheEmptinessMachine,CUBIC,Festive,HTTP/1.1
2025-04-30 22:31:40,index,142.493999958038,214,TheEmptinessMachine,CUBIC,Festive,HTTP/1.1
2025-04-30 22:31:42,index,144.493999958038,320,TheEmptinessMachine,CUBIC,Festive,HTTP/1.1
2025-04-30 22:31:44,index,146.493999958038,320,TheEmptinessMachine,CUBIC,Festive,HTTP/1.1
2025-04-30 22:31:46,index,148.493999958038,320,TheEmptinessMachine,CUBIC,Festive,HTTP/1.1
2025-04-30 22:31:48,index,150.493999958038,320,TheEmptinessMachine,CUBIC,Festive,HTTP/1.1
2025-04-30 22:31:50,index,152.493999958038,320,TheEmptinessMachine,CUBIC,Festive,HTTP/1.1
2025-04-30 22:31:52,index,154.493999958038,214,TheEmptinessMachine,CUBIC,Festive,HTTP/1.1
2025-04-30 22:31:54,index,156.493999958038,214,TheEmptinessMachine,CUBIC,Festive,HTTP/1.1
2025-04-30 22:31:56,index,158.493999958038,214,TheEmptinessMachine,CUBIC,Festive,HTTP/1.1
2025-04-30 22:31:58,index,160.493999958038,214,TheEmptinessMachine,CUBIC,Festive,HTTP/1.1
2025-04-30 22:32:00,index,162.493999958038,214,TheEmptinessMachine,CUBIC,Festive,HTTP/1.1
2025-04-30 22:32:02,index,164.493999958038,214,TheEmptinessMachine,CUBIC,Festive,HTTP/1.1
2025-04-30 22:32:04,index,166.493999958038,214,TheEmptinessMachine,CUBIC,Festive,HTTP/1.1
2025-04-30 22:32:06,index,168.493999958038,214,TheEmptinessMachine,CUBIC,Festive,HTTP/1.1
2025-04-30 22:32:08,index,170.493999958038,214,TheEmptinessMachine,CUBIC,Festive,HTTP/1.1
2025-04-30 22:32:10,index,172.493999958038,214,TheEmptinessMachine,CUBIC,Festive,HTTP/1.1
2025-04-30 22:32:12,index,174.495000123978,214,TheEmptinessMachine,CUBIC,Festive,HTTP/1.1
2025-04-30 22:32:14,index,176.493999958038,214,TheEmptinessMachine,CUBIC,Festive,HTTP/1.1
2025-04-30 22:32:16,index,178.493999958038,674,TheEmptinessMachine,CUBIC,Festive,HTTP/1.1
2025-04-30 22:32:18,index,180.493999958038,674,TheEmptinessMachine,CUBIC,Festive,HTTP/1.1
2025-04-30 22:32:20,index,182.495000123978,674,TheEmptinessMachine,CUBIC,Festive,HTTP/1.1
2025-04-30 22:32:22,index,184.493999958038,674,TheEmptinessMachine,CUBIC,Festive,HTTP/1.1
2025-04-30 22:32:24,index,186.493999958038,674,TheEmptinessMachine,CUBIC,Festive,HTTP/1.1
2025-04-30 22:32:26,index,188.493999958038,674,TheEmptinessMachine,CUBIC,Festive,HTTP/1.1
2025-04-30 22:32:28,index,190.493999958038,674,TheEmptinessMachine,CUBIC,Festive,HTTP/1.1
2025-04-30 22:32:30,index,192.493999958038,674,TheEmptinessMachine,CUBIC,Festive,HTTP/1.1
2025-04-30 22:32:32,index,194.493999958038,674,TheEmptinessMachine,CUBIC,Festive,HTTP/1.1
2025-04-30 22:32:34,index,196.493999958038,674,TheEmptinessMachine,CUBIC,Festive,HTTP/1.1
2025-04-30 22:32:36,index,198.493999958038,674,TheEmptinessMachine,CUBIC,Festive,HTTP/1.1
2025-04-30 22:33:24,index,8.7189998626709,214,TheEmptinessMachine,CUBIC,Festive,HTTP/2
2025-04-30 22:33:26,index,10.7189998626709,214,TheEmptinessMachine,CUBIC,Festive,HTTP/2
2025-04-30 22:33:28,index,12.7189998626709,214,TheEmptinessMachine,CUBIC,Festive,HTTP/2
2025-04-30 22:33:30,index,14.7189998626709,214,TheEmptinessMachine,CUBIC,Festive,HTTP/2
2025-04-30 22:33:32,index,16.7189998626709,1767,TheEmptinessMachine,CUBIC,Festive,HTTP/2
2025-04-30 22:33:34,index,18.7189998626709,674,TheEmptinessMachine,CUBIC,Festive,HTTP/2
2025-04-30 22:33:36,index,20.7189998626709,674,TheEmptinessMachine,CUBIC,Festive,HTTP/2
2025-04-30 22:33:38,index,22.7189998626709,674,TheEmptinessMachine,CUBIC,Festive,HTTP/2
2025-04-30 22:33:40,index,24.7189998626709,674,TheEmptinessMachine,CUBIC,Festive,HTTP/2
2025-04-30 22:33:42,index,26.7189998626709,674,TheEmptinessMachine,CUBIC,Festive,HTTP/2
2025-04-30 22:33:44,index,28.7189998626709,330,TheEmptinessMachine,CUBIC,Festive,HTTP/2
2025-04-30 22:33:46,index,30.7189998626709,330,TheEmptinessMachine,CUBIC,Festive,HTTP/2
2025-04-30 22:33:50,index,34.7189998626709,330,TheEmptinessMachine,CUBIC,Festive,HTTP/2
2025-04-30 22:33:52,index,36.7189998626709,330,TheEmptinessMachine,CUBIC,Festive,HTTP/2
2025-04-30 22:33:54,index,38.7189998626709,635,TheEmptinessMachine,CUBIC,Festive,HTTP/2
2025-04-30 22:33:56,index,40.7189998626709,635,TheEmptinessMachine,CUBIC,Festive,HTTP/2
2025-04-30 22:34:02,index,46.7189998626709,330,TheEmptinessMachine,CUBIC,Festive,HTTP/2
2025-04-30 22:34:04,index,48.7189998626709,214,TheEmptinessMachine,CUBIC,Festive,HTTP/2
2025-04-30 22:34:06,index,50.7189998626709,214,TheEmptinessMachine,CUBIC,Festive,HTTP/2
2025-04-30 22:34:08,index,52.7189998626709,320,TheEmptinessMachine,CUBIC,Festive,HTTP/2
2025-04-30 22:34:10,index,54.7189998626709,320,TheEmptinessMachine,CUBIC,Festive,HTTP/2
2025-04-30 22:34:12,index,56.7189998626709,320,TheEmptinessMachine,CUBIC,Festive,HTTP/2
2025-04-30 22:34:14,index,58.7189998626709,214,TheEmptinessMachine,CUBIC,Festive,HTTP/2
2025-04-30 22:34:16,index,60.7189998626709,214,TheEmptinessMachine,CUBIC,Festive,HTTP/2
2025-04-30 22:34:18,index,62.7189998626709,214,TheEmptinessMachine,CUBIC,Festive,HTTP/2
2025-04-30 22:34:20,index,64.7189998626709,214,TheEmptinessMachine,CUBIC,Festive,HTTP/2
2025-04-30 22:34:22,index,66.7189998626709,214,TheEmptinessMachine,CUBIC,Festive,HTTP/2
2025-04-30 22:34:24,index,68.7189998626709,3486,TheEmptinessMachine,CUBIC,Festive,HTTP/2
2025-04-30 22:34:26,index,70.7189998626709,674,TheEmptinessMachine,CUBIC,Festive,HTTP/2
2025-04-30 22:34:28,index,72.7189998626709,674,TheEmptinessMachine,CUBIC,Festive,HTTP/2
2025-04-30 22:34:30,index,74.7189998626709,674,TheEmptinessMachine,CUBIC,Festive,HTTP/2
2025-04-30 22:34:32,index,76.7189998626709,674,TheEmptinessMachine,CUBIC,Festive,HTTP/2
2025-04-30 22:34:34,index,78.7199997901917,674,TheEmptinessMachine,CUBIC,Festive,HTTP/2
2025-04-30 22:34:36,index,80.7189998626709,674,TheEmptinessMachine,CUBIC,Festive,HTTP/2
2025-04-30 22:34:40,index,84.7189998626709,320,TheEmptinessMachine,CUBIC,Festive,HTTP/2
2025-04-30 22:34:42,index,86.7189998626709,330,TheEmptinessMachine,CUBIC,Festive,HTTP/2
2025-04-30 22:34:44,index,88.7189998626709,635,TheEmptinessMachine,CUBIC,Festive,HTTP/2
2025-04-30 22:34:46,index,90.7189998626709,214,TheEmptinessMachine,CUBIC,Festive,HTTP/2
2025-04-30 22:34:48,index,92.7189998626709,330,TheEmptinessMachine,CUBIC,Festive,HTTP/2
2025-04-30 22:34:50,index,94.7189998626709,330,TheEmptinessMachine,CUBIC,Festive,HTTP/2
2025-04-30 22:34:52,index,96.7189998626709,330,TheEmptinessMachine,CUBIC,Festive,HTTP/2
2025-04-30 22:34:54,index,98.7189998626709,330,TheEmptinessMachine,CUBIC,Festive,HTTP/2
2025-04-30 22:34:56,index,100.718999862671,330,TheEmptinessMachine,CUBIC,Festive,HTTP/2
2025-04-30 22:34:58,index,102.718999862671,320,TheEmptinessMachine,CUBIC,Festive,HTTP/2
2025-04-30 22:35:00,index,104.718999862671,320,TheEmptinessMachine,CUBIC,Festive,HTTP/2
2025-04-30 22:35:02,index,106.718999862671,320,TheEmptinessMachine,CUBIC,Festive,HTTP/2
2025-04-30 22:35:04,index,108.718999862671,320,TheEmptinessMachine,CUBIC,Festive,HTTP/2
2025-04-30 22:35:06,index,110.718999862671,320,TheEmptinessMachine,CUBIC,Festive,HTTP/2
2025-04-30 22:35:08,index,112.718999862671,320,TheEmptinessMachine,CUBIC,Festive,HTTP/2
2025-04-30 22:35:10,index,114.718999862671,320,TheEmptinessMachine,CUBIC,Festive,HTTP/2
2025-04-30 22:35:12,index,116.718999862671,320,TheEmptinessMachine,CUBIC,Festive,HTTP/2
2025-04-30 22:35:14,index,118.719999790192,320,TheEmptinessMachine,CUBIC,Festive,HTTP/2
2025-04-30 22:35:16,index,120.718999862671,320,TheEmptinessMachine,CUBIC,Festive,HTTP/2
2025-04-30 22:35:18,index,122.718999862671,320,TheEmptinessMachine,CUBIC,Festive,HTTP/2
2025-04-30 22:35:20,index,124.718999862671,320,TheEmptinessMachine,CUBIC,Festive,HTTP/2
2025-04-30 22:35:22,index,126.718999862671,980,TheEmptinessMachine,CUBIC,Festive,HTTP/2
2025-04-30 22:35:24,index,128.718999862671,980,TheEmptinessMachine,CUBIC,Festive,HTTP/2
2025-04-30 22:35:26,index,130.718999862671,980,TheEmptinessMachine,CUBIC,Festive,HTTP/2
2025-04-30 22:35:28,index,132.720999956131,980,TheEmptinessMachine,CUBIC,Festive,HTTP/2
2025-04-30 22:35:30,index,134.718999862671,980,TheEmptinessMachine,CUBIC,Festive,HTTP/2
2025-04-30 22:35:32,index,136.718999862671,330,TheEmptinessMachine,CUBIC,Festive,HTTP/2
2025-04-30 22:35:34,index,138.718999862671,330,TheEmptinessMachine,CUBIC,Festive,HTTP/2
2025-04-30 22:35:40,index,144.718999862671,330,TheEmptinessMachine,CUBIC,Festive,HTTP/2
2025-04-30 22:35:44,index,148.718999862671,214,TheEmptinessMachine,CUBIC,Festive,HTTP/2
2025-04-30 22:35:46,index,150.718999862671,330,TheEmptinessMachine,CUBIC,Festive,HTTP/2
2025-04-30 22:35:48,index,152.718999862671,214,TheEmptinessMachine,CUBIC,Festive,HTTP/2
2025-04-30 22:35:50,index,154.718999862671,320,TheEmptinessMachine,CUBIC,Festive,HTTP/2
2025-04-30 22:35:52,index,156.718999862671,320,TheEmptinessMachine,CUBIC,Festive,HTTP/2
2025-04-30 22:35:54,index,158.718999862671,320,TheEmptinessMachine,CUBIC,Festive,HTTP/2
2025-04-30 22:35:56,index,160.718999862671,320,TheEmptinessMachine,CUBIC,Festive,HTTP/2
2025-04-30 22:35:58,index,162.718999862671,320,TheEmptinessMachine,CUBIC,Festive,HTTP/2
2025-04-30 22:36:00,index,164.718999862671,320,TheEmptinessMachine,CUBIC,Festive,HTTP/2
2025-04-30 22:36:02,index,166.718999862671,320,TheEmptinessMachine,CUBIC,Festive,HTTP/2
2025-04-30 22:36:04,index,168.718999862671,320,TheEmptinessMachine,CUBIC,Festive,HTTP/2
2025-04-30 22:36:06,index,170.718999862671,1226,TheEmptinessMachine,CUBIC,Festive,HTTP/2
2025-04-30 22:36:08,index,172.718999862671,1226,TheEmptinessMachine,CUBIC,Festive,HTTP/2
2025-04-30 22:36:10,index,174.718999862671,674,TheEmptinessMachine,CUBIC,Festive,HTTP/2
2025-04-30 22:36:12,index,176.718999862671,674,TheEmptinessMachine,CUBIC,Festive,HTTP/2
2025-04-30 22:36:14,index,178.718999862671,214,TheEmptinessMachine,CUBIC,Festive,HTTP/2
2025-04-30 22:36:18,index,182.718999862671,72,TheEmptinessMachine,CUBIC,Festive,HTTP/2
2025-04-30 22:36:20,index,184.718999862671,1226,TheEmptinessMachine,CUBIC,Festive,HTTP/2
2025-04-30 22:36:22,index,186.718999862671,1226,TheEmptinessMachine,CUBIC,Festive,HTTP/2
2025-04-30 22:36:24,index,188.718999862671,1226,TheEmptinessMachine,CUBIC,Festive,HTTP/2
2025-04-30 22:36:26,index,190.718999862671,330,TheEmptinessMachine,CUBIC,Festive,HTTP/2
2025-04-30 22:36:30,index,194.718999862671,214,TheEmptinessMachine,CUBIC,Festive,HTTP/2
2025-04-30 22:36:32,index,196.718999862671,330,TheEmptinessMachine,CUBIC,Festive,HTTP/2
2025-04-30 22:36:34,index,198.718999862671,674,TheEmptinessMachine,CUBIC,Festive,HTTP/2
2025-04-30 22:36:36,index,200.718999862671,674,TheEmptinessMachine,CUBIC,Festive,HTTP/2
2025-04-30 22:36:38,index,202.718999862671,330,TheEmptinessMachine,CUBIC,Festive,HTTP/2
2025-04-30 22:36:40,index,204.718999862671,330,TheEmptinessMachine,CUBIC,Festive,HTTP/2
2025-04-30 22:36:42,index,206.718999862671,330,TheEmptinessMachine,CUBIC,Festive,HTTP/2
2025-04-30 22:37:29,index,10.0940001010895,169,TheEmptinessMachine,CUBIC,Festive,HTTP/3
2025-04-30 22:37:31,index,12.0940001010895,214,TheEmptinessMachine,CUBIC,Festive,HTTP/3
2025-04-30 22:37:33,index,14.0940001010895,214,TheEmptinessMachine,CUBIC,Festive,HTTP/3
2025-04-30 22:37:35,index,16.0940001010895,84,TheEmptinessMachine,CUBIC,Festive,HTTP/3
2025-04-30 22:37:39,index,20.0940001010895,84,TheEmptinessMachine,CUBIC,Festive,HTTP/3
2025-04-30 22:37:41,index,22.0940001010895,169,TheEmptinessMachine,CUBIC,Festive,HTTP/3
2025-04-30 22:37:45,index,26.0940001010895,84,TheEmptinessMachine,CUBIC,Festive,HTTP/3
2025-04-30 22:37:47,index,28.0940001010895,169,TheEmptinessMachine,CUBIC,Festive,HTTP/3
2025-04-30 22:37:49,index,30.0940001010895,166,TheEmptinessMachine,CUBIC,Festive,HTTP/3
2025-04-30 22:37:51,index,32.0940001010895,84,TheEmptinessMachine,CUBIC,Festive,HTTP/3
2025-04-30 22:37:53,index,34.0950000286102,166,TheEmptinessMachine,CUBIC,Festive,HTTP/3
2025-04-30 22:37:55,index,36.0940001010895,166,TheEmptinessMachine,CUBIC,Festive,HTTP/3
2025-04-30 22:37:59,index,40.0950000286102,166,TheEmptinessMachine,CUBIC,Festive,HTTP/3
2025-04-30 22:38:01,index,42.0940001010895,166,TheEmptinessMachine,CUBIC,Festive,HTTP/3
2025-04-30 22:38:05,index,46.0940001010895,72,TheEmptinessMachine,CUBIC,Festive,HTTP/3
2025-04-30 22:38:07,index,48.0940001010895,84,TheEmptinessMachine,CUBIC,Festive,HTTP/3
2025-04-30 22:38:09,index,50.0940001010895,84,TheEmptinessMachine,CUBIC,Festive,HTTP/3
2025-04-30 22:38:11,index,52.0940001010895,84,TheEmptinessMachine,CUBIC,Festive,HTTP/3
2025-04-30 22:38:13,index,54.0940001010895,81,TheEmptinessMachine,CUBIC,Festive,HTTP/3
2025-04-30 22:38:15,index,56.0940001010895,81,TheEmptinessMachine,CUBIC,Festive,HTTP/3
2025-04-30 22:38:17,index,58.0940001010895,81,TheEmptinessMachine,CUBIC,Festive,HTTP/3
2025-04-30 22:38:19,index,60.0940001010895,81,TheEmptinessMachine,CUBIC,Festive,HTTP/3
2025-04-30 22:38:21,index,62.0940001010895,81,TheEmptinessMachine,CUBIC,Festive,HTTP/3
2025-04-30 22:38:23,index,64.0940001010895,81,TheEmptinessMachine,CUBIC,Festive,HTTP/3
2025-04-30 22:38:25,index,66.0940001010895,81,TheEmptinessMachine,CUBIC,Festive,HTTP/3
2025-04-30 22:38:27,index,68.0940001010895,81,TheEmptinessMachine,CUBIC,Festive,HTTP/3
2025-04-30 22:38:29,index,70.0940001010895,81,TheEmptinessMachine,CUBIC,Festive,HTTP/3
2025-04-30 22:38:31,index,72.0940001010895,81,TheEmptinessMachine,CUBIC,Festive,HTTP/3
2025-04-30 22:38:33,index,74.0940001010895,81,TheEmptinessMachine,CUBIC,Festive,HTTP/3
2025-04-30 22:38:35,index,76.0940001010895,81,TheEmptinessMachine,CUBIC,Festive,HTTP/3
2025-04-30 22:38:37,index,78.0940001010895,81,TheEmptinessMachine,CUBIC,Festive,HTTP/3
2025-04-30 22:38:39,index,80.0940001010895,1226,TheEmptinessMachine,CUBIC,Festive,HTTP/3
2025-04-30 22:38:41,index,82.0940001010895,635,TheEmptinessMachine,CUBIC,Festive,HTTP/3
2025-04-30 22:38:43,index,84.0940001010895,635,TheEmptinessMachine,CUBIC,Festive,HTTP/3
2025-04-30 22:38:45,index,86.0940001010895,169,TheEmptinessMachine,CUBIC,Festive,HTTP/3
2025-04-30 22:38:47,index,88.0940001010895,169,TheEmptinessMachine,CUBIC,Festive,HTTP/3
2025-04-30 22:38:49,index,90.0940001010895,169,TheEmptinessMachine,CUBIC,Festive,HTTP/3
2025-04-30 22:38:51,index,92.0940001010895,169,TheEmptinessMachine,CUBIC,Festive,HTTP/3
2025-04-30 22:38:53,index,94.0940001010895,84,TheEmptinessMachine,CUBIC,Festive,HTTP/3
2025-04-30 22:38:55,index,96.0940001010895,330,TheEmptinessMachine,CUBIC,Festive,HTTP/3
2025-04-30 22:38:57,index,98.0940001010895,330,TheEmptinessMachine,CUBIC,Festive,HTTP/3
2025-04-30 22:38:59,index,100.094000101089,330,TheEmptinessMachine,CUBIC,Festive,HTTP/3
2025-04-30 22:39:03,index,104.094000101089,214,TheEmptinessMachine,CUBIC,Festive,HTTP/3
2025-04-30 22:39:05,index,106.094000101089,84,TheEmptinessMachine,CUBIC,Festive,HTTP/3
2025-04-30 22:39:07,index,108.094000101089,214,TheEmptinessMachine,CUBIC,Festive,HTTP/3
2025-04-30 22:39:11,index,112.094000101089,72,TheEmptinessMachine,CUBIC,Festive,HTTP/3
2025-04-30 22:39:13,index,114.094000101089,72,TheEmptinessMachine,CUBIC,Festive,HTTP/3
2025-04-30 22:39:15,index,116.094000101089,72,TheEmptinessMachine,CUBIC,Festive,HTTP/3
2025-04-30 22:39:17,index,118.09500002861,72,TheEmptinessMachine,CUBIC,Festive,HTTP/3
2025-04-30 22:39:19,index,120.094000101089,72,TheEmptinessMachine,CUBIC,Festive,HTTP/3
2025-04-30 22:39:21,index,122.094000101089,72,TheEmptinessMachine,CUBIC,Festive,HTTP/3
2025-04-30 22:39:23,index,124.094000101089,330,TheEmptinessMachine,CUBIC,Festive,HTTP/3
2025-04-30 22:39:25,index,126.094000101089,330,TheEmptinessMachine,CUBIC,Festive,HTTP/3
2025-04-30 22:39:27,index,128.094000101089,330,TheEmptinessMachine,CUBIC,Festive,HTTP/3
2025-04-30 22:39:29,index,130.094000101089,330,TheEmptinessMachine,CUBIC,Festive,HTTP/3
2025-04-30 22:39:31,index,132.094000101089,330,TheEmptinessMachine,CUBIC,Festive,HTTP/3
2025-04-30 22:39:33,index,134.094000101089,330,TheEmptinessMachine,CUBIC,Festive,HTTP/3
2025-04-30 22:39:35,index,136.094000101089,76,TheEmptinessMachine,CUBIC,Festive,HTTP/3
2025-04-30 22:39:37,index,138.094000101089,84,TheEmptinessMachine,CUBIC,Festive,HTTP/3
2025-04-30 22:39:41,index,142.094000101089,214,TheEmptinessMachine,CUBIC,Festive,HTTP/3
2025-04-30 22:39:43,index,144.094000101089,214,TheEmptinessMachine,CUBIC,Festive,HTTP/3
2025-04-30 22:39:45,index,146.094000101089,320,TheEmptinessMachine,CUBIC,Festive,HTTP/3
2025-04-30 22:39:47,index,148.094000101089,169,TheEmptinessMachine,CUBIC,Festive,HTTP/3
2025-04-30 22:39:53,index,154.094000101089,72,TheEmptinessMachine,CUBIC,Festive,HTTP/3
2025-04-30 22:39:55,index,156.094000101089,72,TheEmptinessMachine,CUBIC,Festive,HTTP/3
2025-04-30 22:39:57,index,158.094000101089,72,TheEmptinessMachine,CUBIC,Festive,HTTP/3
2025-04-30 22:39:59,index,160.094000101089,330,TheEmptinessMachine,CUBIC,Festive,HTTP/3
2025-04-30 22:40:01,index,162.094000101089,330,TheEmptinessMachine,CUBIC,Festive,HTTP/3
2025-04-30 22:40:03,index,164.094000101089,330,TheEmptinessMachine,CUBIC,Festive,HTTP/3
2025-04-30 22:40:05,index,166.094000101089,330,TheEmptinessMachine,CUBIC,Festive,HTTP/3
2025-04-30 22:40:07,index,168.094000101089,84,TheEmptinessMachine,CUBIC,Festive,HTTP/3
2025-04-30 22:40:09,index,170.094000101089,84,TheEmptinessMachine,CUBIC,Festive,HTTP/3
2025-04-30 22:40:11,index,172.094000101089,84,TheEmptinessMachine,CUBIC,Festive,HTTP/3
2025-04-30 22:40:13,index,174.09500002861,84,TheEmptinessMachine,CUBIC,Festive,HTTP/3
2025-04-30 22:40:15,index,176.094000101089,84,TheEmptinessMachine,CUBIC,Festive,HTTP/3
2025-04-30 22:40:17,index,178.094000101089,84,TheEmptinessMachine,CUBIC,Festive,HTTP/3
2025-04-30 22:40:19,index,180.094000101089,674,TheEmptinessMachine,CUBIC,Festive,HTTP/3
2025-04-30 22:40:21,index,182.094000101089,214,TheEmptinessMachine,CUBIC,Festive,HTTP/3
2025-04-30 22:40:23,index,184.094000101089,214,TheEmptinessMachine,CUBIC,Festive,HTTP/3
2025-04-30 22:40:25,index,186.094000101089,214,TheEmptinessMachine,CUBIC,Festive,HTTP/3
2025-04-30 22:40:27,index,188.094000101089,169,TheEmptinessMachine,CUBIC,Festive,HTTP/3
2025-04-30 22:40:29,index,190.094000101089,169,TheEmptinessMachine,CUBIC,Festive,HTTP/3
2025-04-30 22:40:31,index,192.094000101089,169,TheEmptinessMachine,CUBIC,Festive,HTTP/3
2025-04-30 22:40:33,index,194.094000101089,84,TheEmptinessMachine,CUBIC,Festive,HTTP/3
2025-04-30 22:40:35,index,196.094000101089,84,TheEmptinessMachine,CUBIC,Festive,HTTP/3
2025-04-30 22:40:37,index,198.094000101089,84,TheEmptinessMachine,CUBIC,Festive,HTTP/3
2025-04-30 22:40:39,index,200.094000101089,84,TheEmptinessMachine,CUBIC,Festive,HTTP/3
2025-04-30 22:40:41,index,202.094000101089,84,TheEmptinessMachine,CUBIC,Festive,HTTP/3
2025-04-30 22:40:43,index,204.09500002861,84,TheEmptinessMachine,CUBIC,Festive,HTTP/3
2025-04-30 22:40:45,index,206.094000101089,674,TheEmptinessMachine,CUBIC,Festive,HTTP/3
2025-04-30 22:40:47,index,208.094000101089,214,TheEmptinessMachine,CUBIC,Festive,HTTP/3
2025-04-30 22:40:49,index,210.094000101089,214,TheEmptinessMachine,CUBIC,Festive,HTTP/3
2025-04-30 22:40:51,index,212.094000101089,214,TheEmptinessMachine,CUBIC,Festive,HTTP/3
2025-04-30 22:40:53,index,214.094000101089,214,TheEmptinessMachine,CUBIC,Festive,HTTP/3
2025-04-30 22:40:55,index,216.094000101089,214,TheEmptinessMachine,CUBIC,Festive,HTTP/3
2025-04-30 22:40:57,index,218.094000101089,214,TheEmptinessMachine,CUBIC,Festive,HTTP/3
2025-04-30 22:40:59,index,220.094000101089,214,TheEmptinessMachine,CUBIC,Festive,HTTP/3
2025-04-30 22:41:20,index,4.88900017738342,1767,TheEmptinessMachine,CUBIC,L2A,HTTP/1.1
2025-04-30 22:41:22,index,6.88900017738342,3486,TheEmptinessMachine,CUBIC,L2A,HTTP/1.1
2025-04-30 22:41:24,index,8.88800001144409,3486,TheEmptinessMachine,CUBIC,L2A,HTTP/1.1
2025-04-30 22:41:26,index,10.8880000114441,3486,TheEmptinessMachine,CUBIC,L2A,HTTP/1.1
2025-04-30 22:41:38,index,22.8890001773834,330,TheEmptinessMachine,CUBIC,L2A,HTTP/1.1
2025-04-30 22:41:40,index,24.8880000114441,330,TheEmptinessMachine,CUBIC,L2A,HTTP/1.1
2025-04-30 22:41:44,index,28.8880000114441,84,TheEmptinessMachine,CUBIC,L2A,HTTP/1.1
2025-04-30 22:41:46,index,30.8880000114441,320,TheEmptinessMachine,CUBIC,L2A,HTTP/1.1
2025-04-30 22:41:48,index,32.8880000114441,320,TheEmptinessMachine,CUBIC,L2A,HTTP/1.1
2025-04-30 22:41:50,index,34.8880000114441,320,TheEmptinessMachine,CUBIC,L2A,HTTP/1.1
2025-04-30 22:41:52,index,36.8880000114441,320,TheEmptinessMachine,CUBIC,L2A,HTTP/1.1
2025-04-30 22:41:54,index,38.8890001773834,320,TheEmptinessMachine,CUBIC,L2A,HTTP/1.1
2025-04-30 22:41:56,index,40.8880000114441,214,TheEmptinessMachine,CUBIC,L2A,HTTP/1.1
2025-04-30 22:41:58,index,42.8880000114441,214,TheEmptinessMachine,CUBIC,L2A,HTTP/1.1
2025-04-30 22:42:00,index,44.8890001773834,214,TheEmptinessMachine,CUBIC,L2A,HTTP/1.1
2025-04-30 22:42:02,index,46.8880000114441,214,TheEmptinessMachine,CUBIC,L2A,HTTP/1.1
2025-04-30 22:42:04,index,48.8880000114441,214,TheEmptinessMachine,CUBIC,L2A,HTTP/1.1
2025-04-30 22:42:06,index,50.8880000114441,214,TheEmptinessMachine,CUBIC,L2A,HTTP/1.1
2025-04-30 22:42:08,index,52.8880000114441,214,TheEmptinessMachine,CUBIC,L2A,HTTP/1.1
2025-04-30 22:42:10,index,54.8880000114441,214,TheEmptinessMachine,CUBIC,L2A,HTTP/1.1
2025-04-30 22:42:12,index,56.8880000114441,214,TheEmptinessMachine,CUBIC,L2A,HTTP/1.1
2025-04-30 22:42:14,index,58.8890001773834,214,TheEmptinessMachine,CUBIC,L2A,HTTP/1.1
2025-04-30 22:42:16,index,60.8890001773834,214,TheEmptinessMachine,CUBIC,L2A,HTTP/1.1
2025-04-30 22:42:18,index,62.8880000114441,214,TheEmptinessMachine,CUBIC,L2A,HTTP/1.1
2025-04-30 22:42:20,index,64.8880000114441,635,TheEmptinessMachine,CUBIC,L2A,HTTP/1.1
2025-04-30 22:42:22,index,66.8880000114441,635,TheEmptinessMachine,CUBIC,L2A,HTTP/1.1
2025-04-30 22:42:24,index,68.8880000114441,635,TheEmptinessMachine,CUBIC,L2A,HTTP/1.1
2025-04-30 22:42:26,index,70.8880000114441,330,TheEmptinessMachine,CUBIC,L2A,HTTP/1.1
2025-04-30 22:42:28,index,72.8880000114441,330,TheEmptinessMachine,CUBIC,L2A,HTTP/1.1
2025-04-30 22:42:30,index,74.8890001773834,330,TheEmptinessMachine,CUBIC,L2A,HTTP/1.1
2025-04-30 22:42:32,index,76.8890001773834,330,TheEmptinessMachine,CUBIC,L2A,HTTP/1.1
2025-04-30 22:42:34,index,78.8880000114441,330,TheEmptinessMachine,CUBIC,L2A,HTTP/1.1
2025-04-30 22:42:36,index,80.8890001773834,330,TheEmptinessMachine,CUBIC,L2A,HTTP/1.1
2025-04-30 22:42:38,index,82.8880000114441,330,TheEmptinessMachine,CUBIC,L2A,HTTP/1.1
2025-04-30 22:42:40,index,84.8890001773834,635,TheEmptinessMachine,CUBIC,L2A,HTTP/1.1
2025-04-30 22:42:42,index,86.8880000114441,635,TheEmptinessMachine,CUBIC,L2A,HTTP/1.1
2025-04-30 22:42:44,index,88.8880000114441,330,TheEmptinessMachine,CUBIC,L2A,HTTP/1.1
2025-04-30 22:42:46,index,90.8880000114441,330,TheEmptinessMachine,CUBIC,L2A,HTTP/1.1
2025-04-30 22:42:48,index,92.8880000114441,330,TheEmptinessMachine,CUBIC,L2A,HTTP/1.1
2025-04-30 22:42:50,index,94.8890001773834,330,TheEmptinessMachine,CUBIC,L2A,HTTP/1.1
2025-04-30 22:42:52,index,96.8890001773834,330,TheEmptinessMachine,CUBIC,L2A,HTTP/1.1
2025-04-30 22:42:54,index,98.8890001773834,635,TheEmptinessMachine,CUBIC,L2A,HTTP/1.1
2025-04-30 22:42:56,index,100.888000011444,635,TheEmptinessMachine,CUBIC,L2A,HTTP/1.1
2025-04-30 22:42:58,index,102.888000011444,330,TheEmptinessMachine,CUBIC,L2A,HTTP/1.1
2025-04-30 22:43:00,index,104.888000011444,330,TheEmptinessMachine,CUBIC,L2A,HTTP/1.1
2025-04-30 22:43:02,index,106.889000177383,330,TheEmptinessMachine,CUBIC,L2A,HTTP/1.1
2025-04-30 22:43:04,index,108.888000011444,330,TheEmptinessMachine,CUBIC,L2A,HTTP/1.1
2025-04-30 22:43:06,index,110.889000177383,330,TheEmptinessMachine,CUBIC,L2A,HTTP/1.1
2025-04-30 22:43:08,index,112.889000177383,330,TheEmptinessMachine,CUBIC,L2A,HTTP/1.1
2025-04-30 22:43:10,index,114.888000011444,330,TheEmptinessMachine,CUBIC,L2A,HTTP/1.1
2025-04-30 22:43:12,index,116.889000177383,330,TheEmptinessMachine,CUBIC,L2A,HTTP/1.1
2025-04-30 22:43:14,index,118.888000011444,732,TheEmptinessMachine,CUBIC,L2A,HTTP/1.1
2025-04-30 22:43:16,index,120.888000011444,980,TheEmptinessMachine,CUBIC,L2A,HTTP/1.1
2025-04-30 22:43:18,index,122.889000177383,980,TheEmptinessMachine,CUBIC,L2A,HTTP/1.1
2025-04-30 22:43:20,index,124.889000177383,732,TheEmptinessMachine,CUBIC,L2A,HTTP/1.1
2025-04-30 22:43:22,index,126.888000011444,732,TheEmptinessMachine,CUBIC,L2A,HTTP/1.1
2025-04-30 22:43:24,index,128.888000011444,330,TheEmptinessMachine,CUBIC,L2A,HTTP/1.1
2025-04-30 22:43:26,index,130.889000177383,330,TheEmptinessMachine,CUBIC,L2A,HTTP/1.1
2025-04-30 22:43:28,index,132.889000177383,330,TheEmptinessMachine,CUBIC,L2A,HTTP/1.1
2025-04-30 22:43:30,index,134.888000011444,330,TheEmptinessMachine,CUBIC,L2A,HTTP/1.1
2025-04-30 22:43:32,index,136.888000011444,635,TheEmptinessMachine,CUBIC,L2A,HTTP/1.1
2025-04-30 22:43:34,index,138.888000011444,635,TheEmptinessMachine,CUBIC,L2A,HTTP/1.1
2025-04-30 22:43:36,index,140.888000011444,635,TheEmptinessMachine,CUBIC,L2A,HTTP/1.1
2025-04-30 22:43:38,index,142.888000011444,214,TheEmptinessMachine,CUBIC,L2A,HTTP/1.1
2025-04-30 22:43:40,index,144.888000011444,84,TheEmptinessMachine,CUBIC,L2A,HTTP/1.1
2025-04-30 22:43:44,index,148.888000011444,214,TheEmptinessMachine,CUBIC,L2A,HTTP/1.1
2025-04-30 22:43:48,index,152.888000011444,214,TheEmptinessMachine,CUBIC,L2A,HTTP/1.1
2025-04-30 22:43:50,index,154.888000011444,84,TheEmptinessMachine,CUBIC,L2A,HTTP/1.1
2025-04-30 22:43:52,index,156.888000011444,169,TheEmptinessMachine,CUBIC,L2A,HTTP/1.1
2025-04-30 22:43:54,index,158.889000177383,169,TheEmptinessMachine,CUBIC,L2A,HTTP/1.1
2025-04-30 22:43:56,index,160.888000011444,169,TheEmptinessMachine,CUBIC,L2A,HTTP/1.1
2025-04-30 22:43:58,index,162.888000011444,169,TheEmptinessMachine,CUBIC,L2A,HTTP/1.1
2025-04-30 22:44:00,index,164.888000011444,169,TheEmptinessMachine,CUBIC,L2A,HTTP/1.1
2025-04-30 22:44:02,index,166.889000177383,166,TheEmptinessMachine,CUBIC,L2A,HTTP/1.1
2025-04-30 22:44:04,index,168.888000011444,166,TheEmptinessMachine,CUBIC,L2A,HTTP/1.1
2025-04-30 22:44:06,index,170.888000011444,166,TheEmptinessMachine,CUBIC,L2A,HTTP/1.1
2025-04-30 22:44:08,index,172.888000011444,166,TheEmptinessMachine,CUBIC,L2A,HTTP/1.1
2025-04-30 22:44:10,index,174.889000177383,166,TheEmptinessMachine,CUBIC,L2A,HTTP/1.1
2025-04-30 22:44:12,index,176.889000177383,166,TheEmptinessMachine,CUBIC,L2A,HTTP/1.1
2025-04-30 22:44:14,index,178.888000011444,166,TheEmptinessMachine,CUBIC,L2A,HTTP/1.1
2025-04-30 22:44:16,index,180.888000011444,166,TheEmptinessMachine,CUBIC,L2A,HTTP/1.1
2025-04-30 22:44:18,index,182.888000011444,166,TheEmptinessMachine,CUBIC,L2A,HTTP/1.1
2025-04-30 22:44:20,index,184.888000011444,166,TheEmptinessMachine,CUBIC,L2A,HTTP/1.1
2025-04-30 22:44:22,index,186.888000011444,166,TheEmptinessMachine,CUBIC,L2A,HTTP/1.1
2025-04-30 22:44:24,index,188.889000177383,166,TheEmptinessMachine,CUBIC,L2A,HTTP/1.1
2025-04-30 22:44:26,index,190.888000011444,166,TheEmptinessMachine,CUBIC,L2A,HTTP/1.1
2025-04-30 22:44:28,index,192.888000011444,166,TheEmptinessMachine,CUBIC,L2A,HTTP/1.1
2025-04-30 22:44:30,index,194.889000177383,166,TheEmptinessMachine,CUBIC,L2A,HTTP/1.1
2025-04-30 22:44:32,index,196.888000011444,166,TheEmptinessMachine,CUBIC,L2A,HTTP/1.1
2025-04-30 22:44:34,index,198.889000177383,166,TheEmptinessMachine,CUBIC,L2A,HTTP/1.1
2025-04-30 22:44:36,index,200.889000177383,166,TheEmptinessMachine,CUBIC,L2A,HTTP/1.1
2025-04-30 22:44:38,index,202.888000011444,166,TheEmptinessMachine,CUBIC,L2A,HTTP/1.1
2025-04-30 22:45:17,index,2.09099984169006,1767,TheEmptinessMachine,CUBIC,L2A,HTTP/2
2025-04-30 22:45:19,index,4.09099984169006,4676,TheEmptinessMachine,CUBIC,L2A,HTTP/2
2025-04-30 22:45:21,index,6.08999991416931,4676,TheEmptinessMachine,CUBIC,L2A,HTTP/2
2025-04-30 22:45:23,index,8.09099984169006,4676,TheEmptinessMachine,CUBIC,L2A,HTTP/2
2025-04-30 22:45:25,index,10.0899999141693,214,TheEmptinessMachine,CUBIC,L2A,HTTP/2
2025-04-30 22:45:31,index,16.0899999141693,214,TheEmptinessMachine,CUBIC,L2A,HTTP/2
2025-04-30 22:45:33,index,18.0899999141693,330,TheEmptinessMachine,CUBIC,L2A,HTTP/2
2025-04-30 22:45:41,index,26.0899999141693,320,TheEmptinessMachine,CUBIC,L2A,HTTP/2
2025-04-30 22:45:43,index,28.0909998416901,320,TheEmptinessMachine,CUBIC,L2A,HTTP/2
2025-04-30 22:45:47,index,32.0899999141693,72,TheEmptinessMachine,CUBIC,L2A,HTTP/2
2025-04-30 22:45:49,index,34.0909998416901,214,TheEmptinessMachine,CUBIC,L2A,HTTP/2
2025-04-30 22:45:51,index,36.0899999141693,214,TheEmptinessMachine,CUBIC,L2A,HTTP/2
2025-04-30 22:45:53,index,38.0899999141693,81,TheEmptinessMachine,CUBIC,L2A,HTTP/2
2025-04-30 22:45:55,index,40.0899999141693,214,TheEmptinessMachine,CUBIC,L2A,HTTP/2
2025-04-30 22:45:57,index,42.0899999141693,169,TheEmptinessMachine,CUBIC,L2A,HTTP/2
2025-04-30 22:45:59,index,44.0899999141693,169,TheEmptinessMachine,CUBIC,L2A,HTTP/2
2025-04-30 22:46:01,index,46.0899999141693,169,TheEmptinessMachine,CUBIC,L2A,HTTP/2
2025-04-30 22:46:03,index,48.0909998416901,169,TheEmptinessMachine,CUBIC,L2A,HTTP/2
2025-04-30 22:46:05,index,50.0899999141693,169,TheEmptinessMachine,CUBIC,L2A,HTTP/2
2025-04-30 22:46:07,index,52.0909998416901,169,TheEmptinessMachine,CUBIC,L2A,HTTP/2
2025-04-30 22:46:09,index,54.0899999141693,169,TheEmptinessMachine,CUBIC,L2A,HTTP/2
2025-04-30 22:46:11,index,56.0899999141693,732,TheEmptinessMachine,CUBIC,L2A,HTTP/2
2025-04-30 22:46:13,index,58.0899999141693,732,TheEmptinessMachine,CUBIC,L2A,HTTP/2
2025-04-30 22:46:15,index,60.0909998416901,980,TheEmptinessMachine,CUBIC,L2A,HTTP/2
2025-04-30 22:46:17,index,62.0899999141693,980,TheEmptinessMachine,CUBIC,L2A,HTTP/2
2025-04-30 22:46:19,index,64.0899999141693,980,TheEmptinessMachine,CUBIC,L2A,HTTP/2
2025-04-30 22:46:21,index,66.0899999141693,330,TheEmptinessMachine,CUBIC,L2A,HTTP/2
2025-04-30 22:46:23,index,68.0909998416901,169,TheEmptinessMachine,CUBIC,L2A,HTTP/2
2025-04-30 22:46:25,index,70.0899999141693,674,TheEmptinessMachine,CUBIC,L2A,HTTP/2
2025-04-30 22:46:27,index,72.0899999141693,674,TheEmptinessMachine,CUBIC,L2A,HTTP/2
2025-04-30 22:46:29,index,74.0899999141693,214,TheEmptinessMachine,CUBIC,L2A,HTTP/2
2025-04-30 22:46:31,index,76.0899999141693,330,TheEmptinessMachine,CUBIC,L2A,HTTP/2
2025-04-30 22:46:33,index,78.0899999141693,330,TheEmptinessMachine,CUBIC,L2A,HTTP/2
2025-04-30 22:46:35,index,80.0899999141693,674,TheEmptinessMachine,CUBIC,L2A,HTTP/2
2025-04-30 22:46:37,index,82.0899999141693,674,TheEmptinessMachine,CUBIC,L2A,HTTP/2
2025-04-30 22:46:41,index,86.0899999141693,214,TheEmptinessMachine,CUBIC,L2A,HTTP/2
2025-04-30 22:46:43,index,88.0899999141693,330,TheEmptinessMachine,CUBIC,L2A,HTTP/2
2025-04-30 22:46:47,index,92.0899999141693,84,TheEmptinessMachine,CUBIC,L2A,HTTP/2
2025-04-30 22:46:49,index,94.0899999141693,169,TheEmptinessMachine,CUBIC,L2A,HTTP/2
2025-04-30 22:46:55,index,100.089999914169,214,TheEmptinessMachine,CUBIC,L2A,HTTP/2
2025-04-30 22:46:57,index,102.089999914169,214,TheEmptinessMachine,CUBIC,L2A,HTTP/2
2025-04-30 22:46:59,index,104.089999914169,169,TheEmptinessMachine,CUBIC,L2A,HTTP/2
2025-04-30 22:47:01,index,106.089999914169,169,TheEmptinessMachine,CUBIC,L2A,HTTP/2
2025-04-30 22:47:05,index,110.089999914169,169,TheEmptinessMachine,CUBIC,L2A,HTTP/2
2025-04-30 22:47:07,index,112.089999914169,169,TheEmptinessMachine,CUBIC,L2A,HTTP/2
2025-04-30 22:47:09,index,114.089999914169,166,TheEmptinessMachine,CUBIC,L2A,HTTP/2
2025-04-30 22:47:11,index,116.09099984169,166,TheEmptinessMachine,CUBIC,L2A,HTTP/2
2025-04-30 22:47:13,index,118.089999914169,166,TheEmptinessMachine,CUBIC,L2A,HTTP/2
2025-04-30 22:47:15,index,120.089999914169,166,TheEmptinessMachine,CUBIC,L2A,HTTP/2
2025-04-30 22:47:17,index,122.089999914169,166,TheEmptinessMachine,CUBIC,L2A,HTTP/2
2025-04-30 22:47:19,index,124.089999914169,166,TheEmptinessMachine,CUBIC,L2A,HTTP/2
2025-04-30 22:47:21,index,126.089999914169,166,TheEmptinessMachine,CUBIC,L2A,HTTP/2
2025-04-30 22:47:23,index,128.089999914169,166,TheEmptinessMachine,CUBIC,L2A,HTTP/2
2025-04-30 22:47:25,index,130.09099984169,166,TheEmptinessMachine,CUBIC,L2A,HTTP/2
2025-04-30 22:47:27,index,132.09099984169,166,TheEmptinessMachine,CUBIC,L2A,HTTP/2
2025-04-30 22:47:29,index,134.089999914169,732,TheEmptinessMachine,CUBIC,L2A,HTTP/2
2025-04-30 22:47:31,index,136.089999914169,732,TheEmptinessMachine,CUBIC,L2A,HTTP/2
2025-04-30 22:47:33,index,138.089999914169,330,TheEmptinessMachine,CUBIC,L2A,HTTP/2
2025-04-30 22:47:35,index,140.089999914169,330,TheEmptinessMachine,CUBIC,L2A,HTTP/2
2025-04-30 22:47:37,index,142.089999914169,330,TheEmptinessMachine,CUBIC,L2A,HTTP/2
2025-04-30 22:47:39,index,144.089999914169,330,TheEmptinessMachine,CUBIC,L2A,HTTP/2
2025-04-30 22:47:41,index,146.089999914169,169,TheEmptinessMachine,CUBIC,L2A,HTTP/2
2025-04-30 22:47:43,index,148.089999914169,635,TheEmptinessMachine,CUBIC,L2A,HTTP/2
2025-04-30 22:47:45,index,150.089999914169,635,TheEmptinessMachine,CUBIC,L2A,HTTP/2
2025-04-30 22:47:47,index,152.09099984169,635,TheEmptinessMachine,CUBIC,L2A,HTTP/2
2025-04-30 22:47:51,index,156.09099984169,330,TheEmptinessMachine,CUBIC,L2A,HTTP/2
2025-04-30 22:47:53,index,158.089999914169,169,TheEmptinessMachine,CUBIC,L2A,HTTP/2
2025-04-30 22:47:55,index,160.089999914169,214,TheEmptinessMachine,CUBIC,L2A,HTTP/2
2025-04-30 22:47:57,index,162.089999914169,84,TheEmptinessMachine,CUBIC,L2A,HTTP/2
2025-04-30 22:47:59,index,164.089999914169,214,TheEmptinessMachine,CUBIC,L2A,HTTP/2
2025-04-30 22:48:01,index,166.089999914169,320,TheEmptinessMachine,CUBIC,L2A,HTTP/2
2025-04-30 22:48:03,index,168.089999914169,214,TheEmptinessMachine,CUBIC,L2A,HTTP/2
2025-04-30 22:48:05,index,170.089999914169,214,TheEmptinessMachine,CUBIC,L2A,HTTP/2
2025-04-30 22:48:07,index,172.089999914169,214,TheEmptinessMachine,CUBIC,L2A,HTTP/2
2025-04-30 22:48:09,index,174.089999914169,214,TheEmptinessMachine,CUBIC,L2A,HTTP/2
2025-04-30 22:48:11,index,176.089999914169,214,TheEmptinessMachine,CUBIC,L2A,HTTP/2
2025-04-30 22:48:13,index,178.09099984169,214,TheEmptinessMachine,CUBIC,L2A,HTTP/2
2025-04-30 22:48:15,index,180.089999914169,214,TheEmptinessMachine,CUBIC,L2A,HTTP/2
2025-04-30 22:48:17,index,182.089999914169,635,TheEmptinessMachine,CUBIC,L2A,HTTP/2
2025-04-30 22:48:19,index,184.089999914169,635,TheEmptinessMachine,CUBIC,L2A,HTTP/2
2025-04-30 22:48:21,index,186.09099984169,635,TheEmptinessMachine,CUBIC,L2A,HTTP/2
2025-04-30 22:48:23,index,188.089999914169,635,TheEmptinessMachine,CUBIC,L2A,HTTP/2
2025-04-30 22:48:25,index,190.089999914169,635,TheEmptinessMachine,CUBIC,L2A,HTTP/2
2025-04-30 22:48:27,index,192.089999914169,635,TheEmptinessMachine,CUBIC,L2A,HTTP/2
2025-04-30 22:48:29,index,194.089999914169,635,TheEmptinessMachine,CUBIC,L2A,HTTP/2
2025-04-30 22:48:31,index,196.089999914169,330,TheEmptinessMachine,CUBIC,L2A,HTTP/2
2025-04-30 22:48:35,index,200.089999914169,84,TheEmptinessMachine,CUBIC,L2A,HTTP/2
2025-04-30 22:49:23,index,8.22399997711182,214,TheEmptinessMachine,CUBIC,L2A,HTTP/3
2025-04-30 22:49:25,index,10.2249999046326,214,TheEmptinessMachine,CUBIC,L2A,HTTP/3
2025-04-30 22:49:27,index,12.2249999046326,214,TheEmptinessMachine,CUBIC,L2A,HTTP/3
2025-04-30 22:49:29,index,14.2249999046326,214,TheEmptinessMachine,CUBIC,L2A,HTTP/3
2025-04-30 22:49:31,index,16.2249999046326,214,TheEmptinessMachine,CUBIC,L2A,HTTP/3
2025-04-30 22:49:33,index,18.2239999771118,214,TheEmptinessMachine,CUBIC,L2A,HTTP/3
2025-04-30 22:49:35,index,20.2249999046326,635,TheEmptinessMachine,CUBIC,L2A,HTTP/3
2025-04-30 22:49:37,index,22.2239999771118,635,TheEmptinessMachine,CUBIC,L2A,HTTP/3
2025-04-30 22:49:39,index,24.2239999771118,635,TheEmptinessMachine,CUBIC,L2A,HTTP/3
2025-04-30 22:49:45,index,30.2239999771118,330,TheEmptinessMachine,CUBIC,L2A,HTTP/3
2025-04-30 22:49:47,index,32.2239999771118,214,TheEmptinessMachine,CUBIC,L2A,HTTP/3
2025-04-30 22:49:51,index,36.2249999046326,84,TheEmptinessMachine,CUBIC,L2A,HTTP/3
2025-04-30 22:49:53,index,38.2249999046326,214,TheEmptinessMachine,CUBIC,L2A,HTTP/3
2025-04-30 22:49:57,index,42.2249999046326,169,TheEmptinessMachine,CUBIC,L2A,HTTP/3
2025-04-30 22:49:59,index,44.2249999046326,169,TheEmptinessMachine,CUBIC,L2A,HTTP/3
2025-04-30 22:50:01,index,46.2239999771118,169,TheEmptinessMachine,CUBIC,L2A,HTTP/3
2025-04-30 22:50:03,index,48.2249999046326,169,TheEmptinessMachine,CUBIC,L2A,HTTP/3
2025-04-30 22:50:05,index,50.2249999046326,166,TheEmptinessMachine,CUBIC,L2A,HTTP/3
2025-04-30 22:50:07,index,52.2239999771118,166,TheEmptinessMachine,CUBIC,L2A,HTTP/3
2025-04-30 22:50:09,index,54.2239999771118,169,TheEmptinessMachine,CUBIC,L2A,HTTP/3
2025-04-30 22:50:11,index,56.2239999771118,169,TheEmptinessMachine,CUBIC,L2A,HTTP/3
2025-04-30 22:50:13,index,58.2249999046326,169,TheEmptinessMachine,CUBIC,L2A,HTTP/3
2025-04-30 22:50:15,index,60.2239999771118,169,TheEmptinessMachine,CUBIC,L2A,HTTP/3
2025-04-30 22:50:17,index,62.2249999046326,166,TheEmptinessMachine,CUBIC,L2A,HTTP/3
2025-04-30 22:50:19,index,64.2249999046326,166,TheEmptinessMachine,CUBIC,L2A,HTTP/3
2025-04-30 22:50:21,index,66.2239999771118,166,TheEmptinessMachine,CUBIC,L2A,HTTP/3
2025-04-30 22:50:23,index,68.2239999771118,166,TheEmptinessMachine,CUBIC,L2A,HTTP/3
2025-04-30 22:50:25,index,70.2249999046326,166,TheEmptinessMachine,CUBIC,L2A,HTTP/3
2025-04-30 22:50:27,index,72.2239999771118,166,TheEmptinessMachine,CUBIC,L2A,HTTP/3
2025-04-30 22:50:29,index,74.2249999046326,166,TheEmptinessMachine,CUBIC,L2A,HTTP/3
2025-04-30 22:50:31,index,76.2249999046326,166,TheEmptinessMachine,CUBIC,L2A,HTTP/3
2025-04-30 22:50:33,index,78.2239999771118,166,TheEmptinessMachine,CUBIC,L2A,HTTP/3
2025-04-30 22:50:35,index,80.2239999771118,980,TheEmptinessMachine,CUBIC,L2A,HTTP/3
2025-04-30 22:50:37,index,82.2249999046326,84,TheEmptinessMachine,CUBIC,L2A,HTTP/3
2025-04-30 22:50:39,index,84.2249999046326,84,TheEmptinessMachine,CUBIC,L2A,HTTP/3
2025-04-30 22:50:41,index,86.2239999771118,84,TheEmptinessMachine,CUBIC,L2A,HTTP/3
2025-04-30 22:50:43,index,88.2239999771118,84,TheEmptinessMachine,CUBIC,L2A,HTTP/3
2025-04-30 22:50:45,index,90.2249999046326,84,TheEmptinessMachine,CUBIC,L2A,HTTP/3
2025-04-30 22:50:47,index,92.2239999771118,84,TheEmptinessMachine,CUBIC,L2A,HTTP/3
2025-04-30 22:50:49,index,94.2249999046326,330,TheEmptinessMachine,CUBIC,L2A,HTTP/3
2025-04-30 22:50:51,index,96.2239999771118,330,TheEmptinessMachine,CUBIC,L2A,HTTP/3
2025-04-30 22:50:53,index,98.2249999046326,674,TheEmptinessMachine,CUBIC,L2A,HTTP/3
2025-04-30 22:50:55,index,100.223999977112,674,TheEmptinessMachine,CUBIC,L2A,HTTP/3
2025-04-30 22:50:57,index,102.223999977112,674,TheEmptinessMachine,CUBIC,L2A,HTTP/3
2025-04-30 22:50:59,index,104.223999977112,330,TheEmptinessMachine,CUBIC,L2A,HTTP/3
2025-04-30 22:51:01,index,106.223999977112,84,TheEmptinessMachine,CUBIC,L2A,HTTP/3
2025-04-30 22:51:03,index,108.223999977112,330,TheEmptinessMachine,CUBIC,L2A,HTTP/3
2025-04-30 22:51:11,index,116.223999977112,72,TheEmptinessMachine,CUBIC,L2A,HTTP/3
2025-04-30 22:51:13,index,118.223999977112,72,TheEmptinessMachine,CUBIC,L2A,HTTP/3
2025-04-30 22:51:15,index,120.223999977112,72,TheEmptinessMachine,CUBIC,L2A,HTTP/3
2025-04-30 22:51:17,index,122.223999977112,330,TheEmptinessMachine,CUBIC,L2A,HTTP/3
2025-04-30 22:51:19,index,124.223999977112,330,TheEmptinessMachine,CUBIC,L2A,HTTP/3
2025-04-30 22:51:21,index,126.224999904633,330,TheEmptinessMachine,CUBIC,L2A,HTTP/3
2025-04-30 22:51:23,index,128.223999977112,330,TheEmptinessMachine,CUBIC,L2A,HTTP/3
2025-04-30 22:51:25,index,130.224999904633,330,TheEmptinessMachine,CUBIC,L2A,HTTP/3
2025-04-30 22:51:27,index,132.223999977112,330,TheEmptinessMachine,CUBIC,L2A,HTTP/3
2025-04-30 22:51:29,index,134.224999904633,169,TheEmptinessMachine,CUBIC,L2A,HTTP/3
2025-04-30 22:51:31,index,136.224999904633,169,TheEmptinessMachine,CUBIC,L2A,HTTP/3
2025-04-30 22:51:33,index,138.224999904633,169,TheEmptinessMachine,CUBIC,L2A,HTTP/3
2025-04-30 22:51:35,index,140.224999904633,169,TheEmptinessMachine,CUBIC,L2A,HTTP/3
2025-04-30 22:51:37,index,142.224999904633,169,TheEmptinessMachine,CUBIC,L2A,HTTP/3
2025-04-30 22:51:39,index,144.223999977112,169,TheEmptinessMachine,CUBIC,L2A,HTTP/3
2025-04-30 22:51:41,index,146.224999904633,214,TheEmptinessMachine,CUBIC,L2A,HTTP/3
2025-04-30 22:51:43,index,148.223999977112,72,TheEmptinessMachine,CUBIC,L2A,HTTP/3
2025-04-30 22:51:45,index,150.223999977112,72,TheEmptinessMachine,CUBIC,L2A,HTTP/3
2025-04-30 22:51:47,index,152.223999977112,72,TheEmptinessMachine,CUBIC,L2A,HTTP/3
2025-04-30 22:51:49,index,154.223999977112,72,TheEmptinessMachine,CUBIC,L2A,HTTP/3
2025-04-30 22:51:51,index,156.223999977112,72,TheEmptinessMachine,CUBIC,L2A,HTTP/3
2025-04-30 22:51:53,index,158.224999904633,72,TheEmptinessMachine,CUBIC,L2A,HTTP/3
2025-04-30 22:51:55,index,160.223999977112,72,TheEmptinessMachine,CUBIC,L2A,HTTP/3
2025-04-30 22:51:57,index,162.223999977112,330,TheEmptinessMachine,CUBIC,L2A,HTTP/3
2025-04-30 22:51:59,index,164.224999904633,330,TheEmptinessMachine,CUBIC,L2A,HTTP/3
2025-04-30 22:52:01,index,166.223999977112,330,TheEmptinessMachine,CUBIC,L2A,HTTP/3
2025-04-30 22:52:03,index,168.224999904633,84,TheEmptinessMachine,CUBIC,L2A,HTTP/3
2025-04-30 22:52:05,index,170.223999977112,84,TheEmptinessMachine,CUBIC,L2A,HTTP/3
2025-04-30 22:52:07,index,172.223999977112,84,TheEmptinessMachine,CUBIC,L2A,HTTP/3
2025-04-30 22:52:09,index,174.223999977112,84,TheEmptinessMachine,CUBIC,L2A,HTTP/3
2025-04-30 22:52:11,index,176.223999977112,84,TheEmptinessMachine,CUBIC,L2A,HTTP/3
2025-04-30 22:52:13,index,178.223999977112,84,TheEmptinessMachine,CUBIC,L2A,HTTP/3
2025-04-30 22:52:15,index,180.224999904633,169,TheEmptinessMachine,CUBIC,L2A,HTTP/3
2025-04-30 22:52:17,index,182.223999977112,169,TheEmptinessMachine,CUBIC,L2A,HTTP/3
2025-04-30 22:52:19,index,184.224999904633,166,TheEmptinessMachine,CUBIC,L2A,HTTP/3
2025-04-30 22:52:21,index,186.224999904633,166,TheEmptinessMachine,CUBIC,L2A,HTTP/3
2025-04-30 22:52:23,index,188.223999977112,166,TheEmptinessMachine,CUBIC,L2A,HTTP/3
2025-04-30 22:52:25,index,190.224999904633,166,TheEmptinessMachine,CUBIC,L2A,HTTP/3
2025-04-30 22:52:27,index,192.224999904633,330,TheEmptinessMachine,CUBIC,L2A,HTTP/3
2025-04-30 22:52:29,index,194.223999977112,330,TheEmptinessMachine,CUBIC,L2A,HTTP/3
2025-04-30 22:52:31,index,196.223999977112,76,TheEmptinessMachine,CUBIC,L2A,HTTP/3
2025-04-30 22:52:33,index,198.223999977112,76,TheEmptinessMachine,CUBIC,L2A,HTTP/3
2025-04-30 22:52:35,index,200.230999946594,72,TheEmptinessMachine,CUBIC,L2A,HTTP/3
2025-04-30 22:52:37,index,202.223999977112,72,TheEmptinessMachine,CUBIC,L2A,HTTP/3
2025-04-30 22:52:39,index,204.223999977112,72,TheEmptinessMachine,CUBIC,L2A,HTTP/3
2025-04-30 22:53:18,index,4.31800007820129,72,TheEmptinessMachine,CUBIC,RB,HTTP/1.1
2025-04-30 22:53:20,index,6.31800007820129,3486,TheEmptinessMachine,CUBIC,RB,HTTP/1.1
2025-04-30 22:53:24,index,10.3170001506805,1106,TheEmptinessMachine,CUBIC,RB,HTTP/1.1
2025-04-30 22:53:26,index,12.3180000782013,1106,TheEmptinessMachine,CUBIC,RB,HTTP/1.1
2025-04-30 22:53:50,index,36.3180000782013,330,TheEmptinessMachine,CUBIC,RB,HTTP/1.1
2025-04-30 22:53:52,index,38.3180000782013,635,TheEmptinessMachine,CUBIC,RB,HTTP/1.1
2025-04-30 22:53:54,index,40.3180000782013,674,TheEmptinessMachine,CUBIC,RB,HTTP/1.1
2025-04-30 22:53:56,index,42.3170001506805,674,TheEmptinessMachine,CUBIC,RB,HTTP/1.1
2025-04-30 22:53:58,index,44.3170001506805,674,TheEmptinessMachine,CUBIC,RB,HTTP/1.1
2025-04-30 22:54:00,index,46.3170001506805,674,TheEmptinessMachine,CUBIC,RB,HTTP/1.1
2025-04-30 22:54:02,index,48.3180000782013,674,TheEmptinessMachine,CUBIC,RB,HTTP/1.1
2025-04-30 22:54:04,index,50.3180000782013,674,TheEmptinessMachine,CUBIC,RB,HTTP/1.1
2025-04-30 22:54:06,index,52.3170001506805,330,TheEmptinessMachine,CUBIC,RB,HTTP/1.1
2025-04-30 22:54:08,index,54.3180000782013,330,TheEmptinessMachine,CUBIC,RB,HTTP/1.1
2025-04-30 22:54:10,index,56.3170001506805,330,TheEmptinessMachine,CUBIC,RB,HTTP/1.1
2025-04-30 22:54:12,index,58.3170001506805,330,TheEmptinessMachine,CUBIC,RB,HTTP/1.1
2025-04-30 22:54:14,index,60.3180000782013,72,TheEmptinessMachine,CUBIC,RB,HTTP/1.1
2025-04-30 22:54:16,index,62.3170001506805,330,TheEmptinessMachine,CUBIC,RB,HTTP/1.1
2025-04-30 22:54:18,index,64.3180000782013,674,TheEmptinessMachine,CUBIC,RB,HTTP/1.1
2025-04-30 22:54:20,index,66.3180000782013,674,TheEmptinessMachine,CUBIC,RB,HTTP/1.1
2025-04-30 22:54:22,index,68.3180000782013,674,TheEmptinessMachine,CUBIC,RB,HTTP/1.1
2025-04-30 22:54:24,index,70.3170001506805,674,TheEmptinessMachine,CUBIC,RB,HTTP/1.1
2025-04-30 22:54:26,index,72.3170001506805,674,TheEmptinessMachine,CUBIC,RB,HTTP/1.1
2025-04-30 22:54:28,index,74.3170001506805,330,TheEmptinessMachine,CUBIC,RB,HTTP/1.1
2025-04-30 22:54:32,index,78.3180000782013,72,TheEmptinessMachine,CUBIC,RB,HTTP/1.1
2025-04-30 22:54:34,index,80.3180000782013,72,TheEmptinessMachine,CUBIC,RB,HTTP/1.1
2025-04-30 22:54:36,index,82.3170001506805,330,TheEmptinessMachine,CUBIC,RB,HTTP/1.1
2025-04-30 22:54:38,index,84.3170001506805,635,TheEmptinessMachine,CUBIC,RB,HTTP/1.1
2025-04-30 22:54:40,index,86.3170001506805,635,TheEmptinessMachine,CUBIC,RB,HTTP/1.1
2025-04-30 22:54:42,index,88.3170001506805,330,TheEmptinessMachine,CUBIC,RB,HTTP/1.1
2025-04-30 22:54:44,index,90.3170001506805,635,TheEmptinessMachine,CUBIC,RB,HTTP/1.1
2025-04-30 22:54:46,index,92.3180000782013,635,TheEmptinessMachine,CUBIC,RB,HTTP/1.1
2025-04-30 22:54:48,index,94.3180000782013,635,TheEmptinessMachine,CUBIC,RB,HTTP/1.1
2025-04-30 22:55:00,index,106.320000171661,330,TheEmptinessMachine,CUBIC,RB,HTTP/1.1
2025-04-30 22:55:02,index,108.317000150681,330,TheEmptinessMachine,CUBIC,RB,HTTP/1.1
2025-04-30 22:55:04,index,110.317000150681,72,TheEmptinessMachine,CUBIC,RB,HTTP/1.1
2025-04-30 22:55:06,index,112.318000078201,330,TheEmptinessMachine,CUBIC,RB,HTTP/1.1
2025-04-30 22:55:08,index,114.317000150681,72,TheEmptinessMachine,CUBIC,RB,HTTP/1.1
2025-04-30 22:55:10,index,116.317000150681,330,TheEmptinessMachine,CUBIC,RB,HTTP/1.1
2025-04-30 22:55:12,index,118.317000150681,72,TheEmptinessMachine,CUBIC,RB,HTTP/1.1
2025-04-30 22:55:14,index,120.317000150681,330,TheEmptinessMachine,CUBIC,RB,HTTP/1.1
2025-04-30 22:55:16,index,122.317000150681,330,TheEmptinessMachine,CUBIC,RB,HTTP/1.1
2025-04-30 22:55:18,index,124.318000078201,72,TheEmptinessMachine,CUBIC,RB,HTTP/1.1
2025-04-30 22:55:20,index,126.317000150681,72,TheEmptinessMachine,CUBIC,RB,HTTP/1.1
2025-04-30 22:55:22,index,128.317000150681,330,TheEmptinessMachine,CUBIC,RB,HTTP/1.1
2025-04-30 22:55:24,index,130.317000150681,72,TheEmptinessMachine,CUBIC,RB,HTTP/1.1
2025-04-30 22:55:26,index,132.317000150681,72,TheEmptinessMachine,CUBIC,RB,HTTP/1.1
2025-04-30 22:55:28,index,134.317000150681,330,TheEmptinessMachine,CUBIC,RB,HTTP/1.1
2025-04-30 22:55:30,index,136.317000150681,330,TheEmptinessMachine,CUBIC,RB,HTTP/1.1
2025-04-30 22:55:32,index,138.317000150681,330,TheEmptinessMachine,CUBIC,RB,HTTP/1.1
2025-04-30 22:55:34,index,140.318000078201,330,TheEmptinessMachine,CUBIC,RB,HTTP/1.1
2025-04-30 22:55:36,index,142.317000150681,330,TheEmptinessMachine,CUBIC,RB,HTTP/1.1
2025-04-30 22:55:38,index,144.318000078201,72,TheEmptinessMachine,CUBIC,RB,HTTP/1.1
2025-04-30 22:55:40,index,146.317000150681,330,TheEmptinessMachine,CUBIC,RB,HTTP/1.1
2025-04-30 22:55:42,index,148.317000150681,330,TheEmptinessMachine,CUBIC,RB,HTTP/1.1
2025-04-30 22:55:44,index,150.318000078201,330,TheEmptinessMachine,CUBIC,RB,HTTP/1.1
2025-04-30 22:55:46,index,152.317000150681,72,TheEmptinessMachine,CUBIC,RB,HTTP/1.1
2025-04-30 22:55:48,index,154.317000150681,330,TheEmptinessMachine,CUBIC,RB,HTTP/1.1
2025-04-30 22:55:50,index,156.318000078201,330,TheEmptinessMachine,CUBIC,RB,HTTP/1.1
2025-04-30 22:55:52,index,158.317000150681,330,TheEmptinessMachine,CUBIC,RB,HTTP/1.1
2025-04-30 22:55:54,index,160.317000150681,330,TheEmptinessMachine,CUBIC,RB,HTTP/1.1
2025-04-30 22:55:56,index,162.317000150681,72,TheEmptinessMachine,CUBIC,RB,HTTP/1.1
2025-04-30 22:55:58,index,164.318000078201,330,TheEmptinessMachine,CUBIC,RB,HTTP/1.1
2025-04-30 22:56:00,index,166.317000150681,72,TheEmptinessMachine,CUBIC,RB,HTTP/1.1
2025-04-30 22:56:02,index,168.317000150681,72,TheEmptinessMachine,CUBIC,RB,HTTP/1.1
2025-04-30 22:56:04,index,170.318000078201,330,TheEmptinessMachine,CUBIC,RB,HTTP/1.1
2025-04-30 22:56:06,index,172.318000078201,330,TheEmptinessMachine,CUBIC,RB,HTTP/1.1
2025-04-30 22:56:08,index,174.318000078201,72,TheEmptinessMachine,CUBIC,RB,HTTP/1.1
2025-04-30 22:56:10,index,176.317000150681,635,TheEmptinessMachine,CUBIC,RB,HTTP/1.1
2025-04-30 22:56:12,index,178.317000150681,674,TheEmptinessMachine,CUBIC,RB,HTTP/1.1
2025-04-30 22:56:14,index,180.317000150681,980,TheEmptinessMachine,CUBIC,RB,HTTP/1.1
2025-04-30 22:56:16,index,182.318000078201,980,TheEmptinessMachine,CUBIC,RB,HTTP/1.1
2025-04-30 22:56:18,index,184.318000078201,980,TheEmptinessMachine,CUBIC,RB,HTTP/1.1
2025-04-30 22:56:20,index,186.317000150681,674,TheEmptinessMachine,CUBIC,RB,HTTP/1.1
2025-04-30 22:56:22,index,188.317000150681,674,TheEmptinessMachine,CUBIC,RB,HTTP/1.1
2025-04-30 22:56:34,index,200.318000078201,72,TheEmptinessMachine,CUBIC,RB,HTTP/1.1
2025-04-30 22:56:36,index,202.318000078201,330,TheEmptinessMachine,CUBIC,RB,HTTP/1.1
2025-04-30 22:56:50,index,216.318000078201,330,TheEmptinessMachine,CUBIC,RB,HTTP/1.1
2025-04-30 22:56:54,index,220.318000078201,330,TheEmptinessMachine,CUBIC,RB,HTTP/1.1
2025-04-30 22:57:17,index,4.09599995613098,1767,TheEmptinessMachine,CUBIC,RB,HTTP/2
2025-04-30 22:57:19,index,6.09599995613098,1767,TheEmptinessMachine,CUBIC,RB,HTTP/2
2025-04-30 22:57:25,index,12.095999956131,72,TheEmptinessMachine,CUBIC,RB,HTTP/2
2025-04-30 22:57:27,index,14.095999956131,674,TheEmptinessMachine,CUBIC,RB,HTTP/2
2025-04-30 22:57:29,index,16.095999956131,674,TheEmptinessMachine,CUBIC,RB,HTTP/2
2025-04-30 22:57:31,index,18.095999956131,674,TheEmptinessMachine,CUBIC,RB,HTTP/2
2025-04-30 22:57:33,index,20.095999956131,674,TheEmptinessMachine,CUBIC,RB,HTTP/2
2025-04-30 22:57:35,index,22.095999956131,674,TheEmptinessMachine,CUBIC,RB,HTTP/2
2025-04-30 22:57:37,index,24.095999956131,980,TheEmptinessMachine,CUBIC,RB,HTTP/2
2025-04-30 22:57:39,index,26.095999956131,980,TheEmptinessMachine,CUBIC,RB,HTTP/2
2025-04-30 22:57:41,index,28.095999956131,980,TheEmptinessMachine,CUBIC,RB,HTTP/2
2025-04-30 22:57:43,index,30.095999956131,72,TheEmptinessMachine,CUBIC,RB,HTTP/2
2025-04-30 22:57:45,index,32.095999956131,674,TheEmptinessMachine,CUBIC,RB,HTTP/2
2025-04-30 22:57:47,index,34.095999956131,674,TheEmptinessMachine,CUBIC,RB,HTTP/2
2025-04-30 22:57:49,index,36.095999956131,72,TheEmptinessMachine,CUBIC,RB,HTTP/2
2025-04-30 22:57:51,index,38.095999956131,330,TheEmptinessMachine,CUBIC,RB,HTTP/2
2025-04-30 22:57:53,index,40.095999956131,330,TheEmptinessMachine,CUBIC,RB,HTTP/2
2025-04-30 22:57:55,index,42.095999956131,72,TheEmptinessMachine,CUBIC,RB,HTTP/2
2025-04-30 22:57:57,index,44.095999956131,330,TheEmptinessMachine,CUBIC,RB,HTTP/2
2025-04-30 22:57:59,index,46.095999956131,330,TheEmptinessMachine,CUBIC,RB,HTTP/2
2025-04-30 22:58:01,index,48.095999956131,330,TheEmptinessMachine,CUBIC,RB,HTTP/2
2025-04-30 22:58:03,index,50.095999956131,72,TheEmptinessMachine,CUBIC,RB,HTTP/2
2025-04-30 22:58:05,index,52.095999956131,330,TheEmptinessMachine,CUBIC,RB,HTTP/2
2025-04-30 22:58:07,index,54.095999956131,330,TheEmptinessMachine,CUBIC,RB,HTTP/2
2025-04-30 22:58:09,index,56.0969998836517,330,TheEmptinessMachine,CUBIC,RB,HTTP/2
2025-04-30 22:58:11,index,58.095999956131,330,TheEmptinessMachine,CUBIC,RB,HTTP/2
2025-04-30 22:58:13,index,60.095999956131,72,TheEmptinessMachine,CUBIC,RB,HTTP/2
2025-04-30 22:58:15,index,62.095999956131,330,TheEmptinessMachine,CUBIC,RB,HTTP/2
2025-04-30 22:58:17,index,64.095999956131,330,TheEmptinessMachine,CUBIC,RB,HTTP/2
2025-04-30 22:58:19,index,66.095999956131,330,TheEmptinessMachine,CUBIC,RB,HTTP/2
2025-04-30 22:58:21,index,68.095999956131,72,TheEmptinessMachine,CUBIC,RB,HTTP/2
2025-04-30 22:58:23,index,70.095999956131,330,TheEmptinessMachine,CUBIC,RB,HTTP/2
2025-04-30 22:58:25,index,72.095999956131,330,TheEmptinessMachine,CUBIC,RB,HTTP/2
2025-04-30 22:58:27,index,74.095999956131,72,TheEmptinessMachine,CUBIC,RB,HTTP/2
2025-04-30 22:58:29,index,76.095999956131,330,TheEmptinessMachine,CUBIC,RB,HTTP/2
2025-04-30 22:58:31,index,78.095999956131,330,TheEmptinessMachine,CUBIC,RB,HTTP/2
2025-04-30 22:58:33,index,80.095999956131,330,TheEmptinessMachine,CUBIC,RB,HTTP/2
2025-04-30 22:58:35,index,82.095999956131,330,TheEmptinessMachine,CUBIC,RB,HTTP/2
2025-04-30 22:58:37,index,84.0969998836517,72,TheEmptinessMachine,CUBIC,RB,HTTP/2
2025-04-30 22:58:39,index,86.095999956131,330,TheEmptinessMachine,CUBIC,RB,HTTP/2
2025-04-30 22:58:41,index,88.095999956131,72,TheEmptinessMachine,CUBIC,RB,HTTP/2
2025-04-30 22:58:43,index,90.095999956131,330,TheEmptinessMachine,CUBIC,RB,HTTP/2
2025-04-30 22:58:45,index,92.095999956131,330,TheEmptinessMachine,CUBIC,RB,HTTP/2
2025-04-30 22:58:47,index,94.095999956131,330,TheEmptinessMachine,CUBIC,RB,HTTP/2
2025-04-30 22:58:49,index,96.095999956131,330,TheEmptinessMachine,CUBIC,RB,HTTP/2
2025-04-30 22:58:51,index,98.095999956131,330,TheEmptinessMachine,CUBIC,RB,HTTP/2
2025-04-30 22:58:53,index,100.095999956131,330,TheEmptinessMachine,CUBIC,RB,HTTP/2
2025-04-30 22:58:55,index,102.095999956131,72,TheEmptinessMachine,CUBIC,RB,HTTP/2
2025-04-30 22:58:57,index,104.096999883652,330,TheEmptinessMachine,CUBIC,RB,HTTP/2
2025-04-30 22:58:59,index,106.095999956131,72,TheEmptinessMachine,CUBIC,RB,HTTP/2
2025-04-30 22:59:01,index,108.095999956131,330,TheEmptinessMachine,CUBIC,RB,HTTP/2
2025-04-30 22:59:03,index,110.095999956131,72,TheEmptinessMachine,CUBIC,RB,HTTP/2
2025-04-30 22:59:05,index,112.095999956131,330,TheEmptinessMachine,CUBIC,RB,HTTP/2
2025-04-30 22:59:07,index,114.095999956131,330,TheEmptinessMachine,CUBIC,RB,HTTP/2
2025-04-30 22:59:09,index,116.095999956131,330,TheEmptinessMachine,CUBIC,RB,HTTP/2
2025-04-30 22:59:11,index,118.095999956131,330,TheEmptinessMachine,CUBIC,RB,HTTP/2
2025-04-30 22:59:13,index,120.095999956131,330,TheEmptinessMachine,CUBIC,RB,HTTP/2
2025-04-30 22:59:15,index,122.095999956131,72,TheEmptinessMachine,CUBIC,RB,HTTP/2
2025-04-30 22:59:17,index,124.095999956131,330,TheEmptinessMachine,CUBIC,RB,HTTP/2
2025-04-30 22:59:19,index,126.095999956131,330,TheEmptinessMachine,CUBIC,RB,HTTP/2
2025-04-30 22:59:21,index,128.095999956131,330,TheEmptinessMachine,CUBIC,RB,HTTP/2
2025-04-30 22:59:23,index,130.095999956131,72,TheEmptinessMachine,CUBIC,RB,HTTP/2
2025-04-30 22:59:25,index,132.095999956131,330,TheEmptinessMachine,CUBIC,RB,HTTP/2
2025-04-30 22:59:27,index,134.095999956131,635,TheEmptinessMachine,CUBIC,RB,HTTP/2
2025-04-30 22:59:29,index,136.095999956131,674,TheEmptinessMachine,CUBIC,RB,HTTP/2
2025-04-30 22:59:31,index,138.095999956131,674,TheEmptinessMachine,CUBIC,RB,HTTP/2
2025-04-30 22:59:33,index,140.095999956131,674,TheEmptinessMachine,CUBIC,RB,HTTP/2
2025-04-30 22:59:35,index,142.095999956131,330,TheEmptinessMachine,CUBIC,RB,HTTP/2
2025-04-30 22:59:37,index,144.095999956131,674,TheEmptinessMachine,CUBIC,RB,HTTP/2
2025-04-30 22:59:39,index,146.095999956131,72,TheEmptinessMachine,CUBIC,RB,HTTP/2
2025-04-30 22:59:41,index,148.095999956131,330,TheEmptinessMachine,CUBIC,RB,HTTP/2
2025-04-30 22:59:43,index,150.095999956131,72,TheEmptinessMachine,CUBIC,RB,HTTP/2
2025-04-30 22:59:45,index,152.095999956131,330,TheEmptinessMachine,CUBIC,RB,HTTP/2
2025-04-30 22:59:47,index,154.095999956131,72,TheEmptinessMachine,CUBIC,RB,HTTP/2
2025-04-30 22:59:49,index,156.095999956131,72,TheEmptinessMachine,CUBIC,RB,HTTP/2
2025-04-30 22:59:51,index,158.095999956131,330,TheEmptinessMachine,CUBIC,RB,HTTP/2
2025-04-30 22:59:53,index,160.095999956131,72,TheEmptinessMachine,CUBIC,RB,HTTP/2
2025-04-30 22:59:55,index,162.095999956131,72,TheEmptinessMachine,CUBIC,RB,HTTP/2
2025-04-30 22:59:57,index,164.096999883652,330,TheEmptinessMachine,CUBIC,RB,HTTP/2
2025-04-30 22:59:59,index,166.095999956131,72,TheEmptinessMachine,CUBIC,RB,HTTP/2
2025-04-30 23:00:01,index,168.095999956131,330,TheEmptinessMachine,CUBIC,RB,HTTP/2
2025-04-30 23:00:03,index,170.095999956131,72,TheEmptinessMachine,CUBIC,RB,HTTP/2
2025-04-30 23:00:05,index,172.095999956131,330,TheEmptinessMachine,CUBIC,RB,HTTP/2
2025-04-30 23:00:07,index,174.095999956131,330,TheEmptinessMachine,CUBIC,RB,HTTP/2
2025-04-30 23:00:09,index,176.095999956131,330,TheEmptinessMachine,CUBIC,RB,HTTP/2
2025-04-30 23:00:11,index,178.095999956131,72,TheEmptinessMachine,CUBIC,RB,HTTP/2
2025-04-30 23:00:13,index,180.096999883652,330,TheEmptinessMachine,CUBIC,RB,HTTP/2
2025-04-30 23:00:15,index,182.095999956131,72,TheEmptinessMachine,CUBIC,RB,HTTP/2
2025-04-30 23:00:17,index,184.095999956131,330,TheEmptinessMachine,CUBIC,RB,HTTP/2
2025-04-30 23:00:19,index,186.095999956131,330,TheEmptinessMachine,CUBIC,RB,HTTP/2
2025-04-30 23:00:21,index,188.095999956131,330,TheEmptinessMachine,CUBIC,RB,HTTP/2
2025-04-30 23:00:23,index,190.095999956131,72,TheEmptinessMachine,CUBIC,RB,HTTP/2
2025-04-30 23:00:25,index,192.095999956131,330,TheEmptinessMachine,CUBIC,RB,HTTP/2
2025-04-30 23:00:27,index,194.096999883652,72,TheEmptinessMachine,CUBIC,RB,HTTP/2
2025-04-30 23:00:29,index,196.095999956131,330,TheEmptinessMachine,CUBIC,RB,HTTP/2
2025-04-30 23:00:31,index,198.095999956131,330,TheEmptinessMachine,CUBIC,RB,HTTP/2
2025-04-30 23:00:33,index,200.095999956131,330,TheEmptinessMachine,CUBIC,RB,HTTP/2
2025-04-30 23:00:35,index,202.095999956131,330,TheEmptinessMachine,CUBIC,RB,HTTP/2
2025-04-30 23:01:24,index,12.3070001602173,72,TheEmptinessMachine,CUBIC,RB,HTTP/3
2025-04-30 23:01:26,index,14.3070001602173,72,TheEmptinessMachine,CUBIC,RB,HTTP/3
2025-04-30 23:01:28,index,16.3070001602173,84,TheEmptinessMachine,CUBIC,RB,HTTP/3
2025-04-30 23:01:30,index,18.3070001602173,214,TheEmptinessMachine,CUBIC,RB,HTTP/3
2025-04-30 23:01:32,index,20.3070001602173,72,TheEmptinessMachine,CUBIC,RB,HTTP/3
2025-04-30 23:01:34,index,22.3070001602173,214,TheEmptinessMachine,CUBIC,RB,HTTP/3
2025-04-30 23:01:36,index,24.3070001602173,214,TheEmptinessMachine,CUBIC,RB,HTTP/3
2025-04-30 23:01:38,index,26.3070001602173,214,TheEmptinessMachine,CUBIC,RB,HTTP/3
2025-04-30 23:01:40,index,28.3070001602173,214,TheEmptinessMachine,CUBIC,RB,HTTP/3
2025-04-30 23:01:42,index,30.3070001602173,72,TheEmptinessMachine,CUBIC,RB,HTTP/3
2025-04-30 23:01:44,index,32.3070001602173,214,TheEmptinessMachine,CUBIC,RB,HTTP/3
2025-04-30 23:01:46,index,34.3070001602173,214,TheEmptinessMachine,CUBIC,RB,HTTP/3
2025-04-30 23:01:48,index,36.3070001602173,214,TheEmptinessMachine,CUBIC,RB,HTTP/3
2025-04-30 23:01:50,index,38.3070001602173,320,TheEmptinessMachine,CUBIC,RB,HTTP/3
2025-04-30 23:01:52,index,40.3070001602173,320,TheEmptinessMachine,CUBIC,RB,HTTP/3
2025-04-30 23:01:54,index,42.3070001602173,330,TheEmptinessMachine,CUBIC,RB,HTTP/3
2025-04-30 23:01:56,index,44.3070001602173,330,TheEmptinessMachine,CUBIC,RB,HTTP/3
2025-04-30 23:01:58,index,46.3070001602173,330,TheEmptinessMachine,CUBIC,RB,HTTP/3
2025-04-30 23:02:00,index,48.3070001602173,330,TheEmptinessMachine,CUBIC,RB,HTTP/3
2025-04-30 23:02:02,index,50.3070001602173,330,TheEmptinessMachine,CUBIC,RB,HTTP/3
2025-04-30 23:02:04,index,52.3070001602173,330,TheEmptinessMachine,CUBIC,RB,HTTP/3
2025-04-30 23:02:06,index,54.3070001602173,330,TheEmptinessMachine,CUBIC,RB,HTTP/3
2025-04-30 23:02:08,index,56.3070001602173,72,TheEmptinessMachine,CUBIC,RB,HTTP/3
2025-04-30 23:02:10,index,58.3070001602173,330,TheEmptinessMachine,CUBIC,RB,HTTP/3
2025-04-30 23:02:12,index,60.308000087738,330,TheEmptinessMachine,CUBIC,RB,HTTP/3
2025-04-30 23:02:14,index,62.3070001602173,320,TheEmptinessMachine,CUBIC,RB,HTTP/3
2025-04-30 23:02:16,index,64.3070001602173,320,TheEmptinessMachine,CUBIC,RB,HTTP/3
2025-04-30 23:02:18,index,66.3070001602173,320,TheEmptinessMachine,CUBIC,RB,HTTP/3
2025-04-30 23:02:28,index,76.3070001602173,330,TheEmptinessMachine,CUBIC,RB,HTTP/3
2025-04-30 23:02:30,index,78.3070001602173,330,TheEmptinessMachine,CUBIC,RB,HTTP/3
2025-04-30 23:02:32,index,80.3070001602173,330,TheEmptinessMachine,CUBIC,RB,HTTP/3
2025-04-30 23:02:34,index,82.3070001602173,72,TheEmptinessMachine,CUBIC,RB,HTTP/3
2025-04-30 23:02:36,index,84.3070001602173,72,TheEmptinessMachine,CUBIC,RB,HTTP/3
2025-04-30 23:02:38,index,86.3070001602173,214,TheEmptinessMachine,CUBIC,RB,HTTP/3
2025-04-30 23:02:40,index,88.3070001602173,330,TheEmptinessMachine,CUBIC,RB,HTTP/3
2025-04-30 23:02:42,index,90.3070001602173,72,TheEmptinessMachine,CUBIC,RB,HTTP/3
2025-04-30 23:02:44,index,92.308000087738,214,TheEmptinessMachine,CUBIC,RB,HTTP/3
2025-04-30 23:02:46,index,94.3070001602173,320,TheEmptinessMachine,CUBIC,RB,HTTP/3
2025-04-30 23:02:48,index,96.3070001602173,320,TheEmptinessMachine,CUBIC,RB,HTTP/3
2025-04-30 23:02:50,index,98.3070001602173,72,TheEmptinessMachine,CUBIC,RB,HTTP/3
2025-04-30 23:02:52,index,100.307000160217,214,TheEmptinessMachine,CUBIC,RB,HTTP/3
2025-04-30 23:02:54,index,102.307000160217,214,TheEmptinessMachine,CUBIC,RB,HTTP/3
2025-04-30 23:02:56,index,104.307000160217,214,TheEmptinessMachine,CUBIC,RB,HTTP/3
2025-04-30 23:02:58,index,106.307000160217,72,TheEmptinessMachine,CUBIC,RB,HTTP/3
2025-04-30 23:03:00,index,108.307000160217,72,TheEmptinessMachine,CUBIC,RB,HTTP/3
2025-04-30 23:03:02,index,110.307000160217,84,TheEmptinessMachine,CUBIC,RB,HTTP/3
2025-04-30 23:03:04,index,112.307000160217,214,TheEmptinessMachine,CUBIC,RB,HTTP/3
2025-04-30 23:03:06,index,114.307000160217,214,TheEmptinessMachine,CUBIC,RB,HTTP/3
2025-04-30 23:03:08,index,116.307000160217,214,TheEmptinessMachine,CUBIC,RB,HTTP/3
2025-04-30 23:03:10,index,118.307000160217,72,TheEmptinessMachine,CUBIC,RB,HTTP/3
2025-04-30 23:03:12,index,120.307000160217,330,TheEmptinessMachine,CUBIC,RB,HTTP/3
2025-04-30 23:03:14,index,122.307000160217,330,TheEmptinessMachine,CUBIC,RB,HTTP/3
2025-04-30 23:03:16,index,124.307000160217,330,TheEmptinessMachine,CUBIC,RB,HTTP/3
2025-04-30 23:03:18,index,126.307000160217,330,TheEmptinessMachine,CUBIC,RB,HTTP/3
2025-04-30 23:03:20,index,128.307000160217,330,TheEmptinessMachine,CUBIC,RB,HTTP/3
2025-04-30 23:03:22,index,130.307000160217,72,TheEmptinessMachine,CUBIC,RB,HTTP/3
2025-04-30 23:03:24,index,132.307000160217,330,TheEmptinessMachine,CUBIC,RB,HTTP/3
2025-04-30 23:03:26,index,134.307000160217,72,TheEmptinessMachine,CUBIC,RB,HTTP/3
2025-04-30 23:03:28,index,136.307000160217,330,TheEmptinessMachine,CUBIC,RB,HTTP/3
2025-04-30 23:03:30,index,138.307000160217,330,TheEmptinessMachine,CUBIC,RB,HTTP/3
2025-04-30 23:03:32,index,140.307000160217,330,TheEmptinessMachine,CUBIC,RB,HTTP/3
2025-04-30 23:03:34,index,142.307000160217,214,TheEmptinessMachine,CUBIC,RB,HTTP/3
2025-04-30 23:03:36,index,144.307000160217,214,TheEmptinessMachine,CUBIC,RB,HTTP/3
2025-04-30 23:03:38,index,146.307000160217,72,TheEmptinessMachine,CUBIC,RB,HTTP/3
2025-04-30 23:03:40,index,148.307000160217,330,TheEmptinessMachine,CUBIC,RB,HTTP/3
2025-04-30 23:03:42,index,150.307000160217,330,TheEmptinessMachine,CUBIC,RB,HTTP/3
2025-04-30 23:03:44,index,152.307000160217,330,TheEmptinessMachine,CUBIC,RB,HTTP/3
2025-04-30 23:03:48,index,156.307000160217,72,TheEmptinessMachine,CUBIC,RB,HTTP/3
2025-04-30 23:03:50,index,158.307000160217,169,TheEmptinessMachine,CUBIC,RB,HTTP/3
2025-04-30 23:03:52,index,160.307000160217,169,TheEmptinessMachine,CUBIC,RB,HTTP/3
2025-04-30 23:03:54,index,162.307000160217,72,TheEmptinessMachine,CUBIC,RB,HTTP/3
2025-04-30 23:03:56,index,164.307000160217,72,TheEmptinessMachine,CUBIC,RB,HTTP/3
2025-04-30 23:03:58,index,166.307000160217,72,TheEmptinessMachine,CUBIC,RB,HTTP/3
2025-04-30 23:04:00,index,168.307000160217,166,TheEmptinessMachine,CUBIC,RB,HTTP/3
2025-04-30 23:04:02,index,170.307000160217,166,TheEmptinessMachine,CUBIC,RB,HTTP/3
2025-04-30 23:04:06,index,174.307000160217,166,TheEmptinessMachine,CUBIC,RB,HTTP/3
2025-04-30 23:04:08,index,176.307000160217,72,TheEmptinessMachine,CUBIC,RB,HTTP/3
2025-04-30 23:04:10,index,178.307000160217,214,TheEmptinessMachine,CUBIC,RB,HTTP/3
2025-04-30 23:04:12,index,180.307000160217,72,TheEmptinessMachine,CUBIC,RB,HTTP/3
2025-04-30 23:04:14,index,182.307000160217,214,TheEmptinessMachine,CUBIC,RB,HTTP/3
2025-04-30 23:04:16,index,184.307000160217,214,TheEmptinessMachine,CUBIC,RB,HTTP/3
2025-04-30 23:04:18,index,186.307000160217,214,TheEmptinessMachine,CUBIC,RB,HTTP/3
2025-04-30 23:04:20,index,188.307000160217,72,TheEmptinessMachine,CUBIC,RB,HTTP/3
2025-04-30 23:04:22,index,190.307000160217,214,TheEmptinessMachine,CUBIC,RB,HTTP/3
2025-04-30 23:04:24,index,192.307000160217,214,TheEmptinessMachine,CUBIC,RB,HTTP/3
2025-04-30 23:04:26,index,194.307000160217,214,TheEmptinessMachine,CUBIC,RB,HTTP/3
2025-04-30 23:04:28,index,196.307000160217,214,TheEmptinessMachine,CUBIC,RB,HTTP/3
2025-04-30 23:04:30,index,198.307000160217,214,TheEmptinessMachine,CUBIC,RB,HTTP/3
2025-04-30 23:04:32,index,200.307000160217,214,TheEmptinessMachine,CUBIC,RB,HTTP/3
2025-04-30 23:04:34,index,202.307000160217,214,TheEmptinessMachine,CUBIC,RB,HTTP/3
2025-04-30 23:04:36,index,204.307000160217,72,TheEmptinessMachine,CUBIC,RB,HTTP/3
2025-04-30 23:04:38,index,206.307000160217,72,TheEmptinessMachine,CUBIC,RB,HTTP/3
2025-04-30 23:04:40,index,208.307000160217,72,TheEmptinessMachine,CUBIC,RB,HTTP/3
2025-04-30 23:04:42,index,210.307000160217,72,TheEmptinessMachine,CUBIC,RB,HTTP/3
2025-04-30 23:05:16,index,4.30699992179871,1767,TheEmptinessMachine,CUBIC,Throughput,HTTP/1.1
2025-04-30 23:05:20,index,8.30299997329712,674,TheEmptinessMachine,CUBIC,Throughput,HTTP/1.1
2025-04-30 23:05:22,index,10.3039999008179,330,TheEmptinessMachine,CUBIC,Throughput,HTTP/1.1
2025-04-30 23:05:24,index,12.3029999732971,674,TheEmptinessMachine,CUBIC,Throughput,HTTP/1.1
2025-04-30 23:05:26,index,14.3039999008179,674,TheEmptinessMachine,CUBIC,Throughput,HTTP/1.1
2025-04-30 23:05:28,index,16.3029999732971,674,TheEmptinessMachine,CUBIC,Throughput,HTTP/1.1
2025-04-30 23:05:30,index,18.3029999732971,674,TheEmptinessMachine,CUBIC,Throughput,HTTP/1.1
2025-04-30 23:05:32,index,20.3039999008179,674,TheEmptinessMachine,CUBIC,Throughput,HTTP/1.1
2025-04-30 23:05:34,index,22.3029999732971,214,TheEmptinessMachine,CUBIC,Throughput,HTTP/1.1
2025-04-30 23:05:36,index,24.3039999008179,330,TheEmptinessMachine,CUBIC,Throughput,HTTP/1.1
2025-04-30 23:05:38,index,26.3029999732971,330,TheEmptinessMachine,CUBIC,Throughput,HTTP/1.1
2025-04-30 23:05:40,index,28.3039999008179,330,TheEmptinessMachine,CUBIC,Throughput,HTTP/1.1
2025-04-30 23:05:42,index,30.3039999008179,330,TheEmptinessMachine,CUBIC,Throughput,HTTP/1.1
2025-04-30 23:05:44,index,32.3029999732971,330,TheEmptinessMachine,CUBIC,Throughput,HTTP/1.1
2025-04-30 23:05:46,index,34.3039999008179,330,TheEmptinessMachine,CUBIC,Throughput,HTTP/1.1
2025-04-30 23:05:48,index,36.3039999008179,330,TheEmptinessMachine,CUBIC,Throughput,HTTP/1.1
2025-04-30 23:05:50,index,38.3039999008179,330,TheEmptinessMachine,CUBIC,Throughput,HTTP/1.1
2025-04-30 23:05:54,index,42.3029999732971,330,TheEmptinessMachine,CUBIC,Throughput,HTTP/1.1
2025-04-30 23:05:56,index,44.3039999008179,330,TheEmptinessMachine,CUBIC,Throughput,HTTP/1.1
2025-04-30 23:05:58,index,46.3039999008179,330,TheEmptinessMachine,CUBIC,Throughput,HTTP/1.1
2025-04-30 23:06:00,index,48.3029999732971,330,TheEmptinessMachine,CUBIC,Throughput,HTTP/1.1
2025-04-30 23:06:02,index,50.3029999732971,330,TheEmptinessMachine,CUBIC,Throughput,HTTP/1.1
2025-04-30 23:06:04,index,52.3029999732971,330,TheEmptinessMachine,CUBIC,Throughput,HTTP/1.1
2025-04-30 23:06:06,index,54.3039999008179,330,TheEmptinessMachine,CUBIC,Throughput,HTTP/1.1
2025-04-30 23:06:08,index,56.3039999008179,330,TheEmptinessMachine,CUBIC,Throughput,HTTP/1.1
2025-04-30 23:06:10,index,58.3039999008179,330,TheEmptinessMachine,CUBIC,Throughput,HTTP/1.1
2025-04-30 23:06:12,index,60.3039999008179,330,TheEmptinessMachine,CUBIC,Throughput,HTTP/1.1
2025-04-30 23:06:14,index,62.3039999008179,330,TheEmptinessMachine,CUBIC,Throughput,HTTP/1.1
2025-04-30 23:06:16,index,64.3029999732971,330,TheEmptinessMachine,CUBIC,Throughput,HTTP/1.1
2025-04-30 23:06:18,index,66.3029999732971,330,TheEmptinessMachine,CUBIC,Throughput,HTTP/1.1
2025-04-30 23:06:20,index,68.3029999732971,330,TheEmptinessMachine,CUBIC,Throughput,HTTP/1.1
2025-04-30 23:06:22,index,70.3029999732971,635,TheEmptinessMachine,CUBIC,Throughput,HTTP/1.1
2025-04-30 23:06:24,index,72.3039999008179,674,TheEmptinessMachine,CUBIC,Throughput,HTTP/1.1
2025-04-30 23:06:28,index,76.3039999008179,674,TheEmptinessMachine,CUBIC,Throughput,HTTP/1.1
2025-04-30 23:06:30,index,78.3029999732971,635,TheEmptinessMachine,CUBIC,Throughput,HTTP/1.1
2025-04-30 23:06:32,index,80.3029999732971,674,TheEmptinessMachine,CUBIC,Throughput,HTTP/1.1
2025-04-30 23:06:34,index,82.3039999008179,674,TheEmptinessMachine,CUBIC,Throughput,HTTP/1.1
2025-04-30 23:06:36,index,84.3029999732971,330,TheEmptinessMachine,CUBIC,Throughput,HTTP/1.1
2025-04-30 23:06:38,index,86.3039999008179,84,TheEmptinessMachine,CUBIC,Throughput,HTTP/1.1
2025-04-30 23:06:40,index,88.3029999732971,330,TheEmptinessMachine,CUBIC,Throughput,HTTP/1.1
2025-04-30 23:06:42,index,90.3029999732971,330,TheEmptinessMachine,CUBIC,Throughput,HTTP/1.1
2025-04-30 23:06:44,index,92.3039999008179,330,TheEmptinessMachine,CUBIC,Throughput,HTTP/1.1
2025-04-30 23:06:46,index,94.3029999732971,330,TheEmptinessMachine,CUBIC,Throughput,HTTP/1.1
2025-04-30 23:06:48,index,96.3029999732971,320,TheEmptinessMachine,CUBIC,Throughput,HTTP/1.1
2025-04-30 23:06:52,index,100.303999900818,320,TheEmptinessMachine,CUBIC,Throughput,HTTP/1.1
2025-04-30 23:06:54,index,102.303999900818,320,TheEmptinessMachine,CUBIC,Throughput,HTTP/1.1
2025-04-30 23:06:56,index,104.303999900818,320,TheEmptinessMachine,CUBIC,Throughput,HTTP/1.1
2025-04-30 23:06:58,index,106.303999900818,320,TheEmptinessMachine,CUBIC,Throughput,HTTP/1.1
2025-04-30 23:07:00,index,108.303999900818,320,TheEmptinessMachine,CUBIC,Throughput,HTTP/1.1
2025-04-30 23:07:02,index,110.302999973297,320,TheEmptinessMachine,CUBIC,Throughput,HTTP/1.1
2025-04-30 23:07:04,index,112.302999973297,320,TheEmptinessMachine,CUBIC,Throughput,HTTP/1.1
2025-04-30 23:07:06,index,114.303999900818,330,TheEmptinessMachine,CUBIC,Throughput,HTTP/1.1
2025-04-30 23:07:08,index,116.302999973297,330,TheEmptinessMachine,CUBIC,Throughput,HTTP/1.1
2025-04-30 23:07:10,index,118.303999900818,330,TheEmptinessMachine,CUBIC,Throughput,HTTP/1.1
2025-04-30 23:07:12,index,120.302999973297,330,TheEmptinessMachine,CUBIC,Throughput,HTTP/1.1
2025-04-30 23:07:14,index,122.302999973297,330,TheEmptinessMachine,CUBIC,Throughput,HTTP/1.1
2025-04-30 23:07:16,index,124.303999900818,330,TheEmptinessMachine,CUBIC,Throughput,HTTP/1.1
2025-04-30 23:07:18,index,126.303999900818,330,TheEmptinessMachine,CUBIC,Throughput,HTTP/1.1
2025-04-30 23:07:20,index,128.303999900818,330,TheEmptinessMachine,CUBIC,Throughput,HTTP/1.1
2025-04-30 23:07:22,index,130.302999973297,330,TheEmptinessMachine,CUBIC,Throughput,HTTP/1.1
2025-04-30 23:07:24,index,132.303999900818,330,TheEmptinessMachine,CUBIC,Throughput,HTTP/1.1
2025-04-30 23:07:26,index,134.303999900818,330,TheEmptinessMachine,CUBIC,Throughput,HTTP/1.1
2025-04-30 23:07:28,index,136.303999900818,330,TheEmptinessMachine,CUBIC,Throughput,HTTP/1.1
2025-04-30 23:07:30,index,138.302999973297,330,TheEmptinessMachine,CUBIC,Throughput,HTTP/1.1
2025-04-30 23:07:32,index,140.303999900818,330,TheEmptinessMachine,CUBIC,Throughput,HTTP/1.1
2025-04-30 23:07:34,index,142.303999900818,330,TheEmptinessMachine,CUBIC,Throughput,HTTP/1.1
2025-04-30 23:07:36,index,144.303999900818,330,TheEmptinessMachine,CUBIC,Throughput,HTTP/1.1
2025-04-30 23:07:38,index,146.303999900818,330,TheEmptinessMachine,CUBIC,Throughput,HTTP/1.1
2025-04-30 23:07:40,index,148.302999973297,330,TheEmptinessMachine,CUBIC,Throughput,HTTP/1.1
2025-04-30 23:07:42,index,150.303999900818,330,TheEmptinessMachine,CUBIC,Throughput,HTTP/1.1
2025-04-30 23:07:44,index,152.302999973297,330,TheEmptinessMachine,CUBIC,Throughput,HTTP/1.1
2025-04-30 23:07:46,index,154.302999973297,635,TheEmptinessMachine,CUBIC,Throughput,HTTP/1.1
2025-04-30 23:07:48,index,156.302999973297,635,TheEmptinessMachine,CUBIC,Throughput,HTTP/1.1
2025-04-30 23:07:50,index,158.303999900818,635,TheEmptinessMachine,CUBIC,Throughput,HTTP/1.1
2025-04-30 23:07:52,index,160.303999900818,330,TheEmptinessMachine,CUBIC,Throughput,HTTP/1.1
2025-04-30 23:07:54,index,162.302999973297,330,TheEmptinessMachine,CUBIC,Throughput,HTTP/1.1
2025-04-30 23:07:56,index,164.303999900818,330,TheEmptinessMachine,CUBIC,Throughput,HTTP/1.1
2025-04-30 23:07:58,index,166.302999973297,330,TheEmptinessMachine,CUBIC,Throughput,HTTP/1.1
2025-04-30 23:08:00,index,168.303999900818,330,TheEmptinessMachine,CUBIC,Throughput,HTTP/1.1
2025-04-30 23:08:02,index,170.303999900818,330,TheEmptinessMachine,CUBIC,Throughput,HTTP/1.1
2025-04-30 23:08:04,index,172.303999900818,330,TheEmptinessMachine,CUBIC,Throughput,HTTP/1.1
2025-04-30 23:08:08,index,176.303999900818,330,TheEmptinessMachine,CUBIC,Throughput,HTTP/1.1
2025-04-30 23:08:10,index,178.303999900818,330,TheEmptinessMachine,CUBIC,Throughput,HTTP/1.1
2025-04-30 23:08:12,index,180.302999973297,330,TheEmptinessMachine,CUBIC,Throughput,HTTP/1.1
2025-04-30 23:08:14,index,182.302999973297,330,TheEmptinessMachine,CUBIC,Throughput,HTTP/1.1
2025-04-30 23:08:20,index,188.302999973297,330,TheEmptinessMachine,CUBIC,Throughput,HTTP/1.1
2025-04-30 23:08:22,index,190.302999973297,330,TheEmptinessMachine,CUBIC,Throughput,HTTP/1.1
2025-04-30 23:08:24,index,192.302999973297,330,TheEmptinessMachine,CUBIC,Throughput,HTTP/1.1
2025-04-30 23:08:26,index,194.302999973297,330,TheEmptinessMachine,CUBIC,Throughput,HTTP/1.1
2025-04-30 23:08:28,index,196.302999973297,330,TheEmptinessMachine,CUBIC,Throughput,HTTP/1.1
2025-04-30 23:09:18,index,6.86800003051758,330,TheEmptinessMachine,CUBIC,Throughput,HTTP/2
2025-04-30 23:09:20,index,8.86800003051758,635,TheEmptinessMachine,CUBIC,Throughput,HTTP/2
2025-04-30 23:09:22,index,10.8680000305176,635,TheEmptinessMachine,CUBIC,Throughput,HTTP/2
2025-04-30 23:09:24,index,12.8680000305176,635,TheEmptinessMachine,CUBIC,Throughput,HTTP/2
2025-04-30 23:09:26,index,14.8680000305176,330,TheEmptinessMachine,CUBIC,Throughput,HTTP/2
2025-04-30 23:09:28,index,16.8680000305176,330,TheEmptinessMachine,CUBIC,Throughput,HTTP/2
2025-04-30 23:09:30,index,18.8670001029968,330,TheEmptinessMachine,CUBIC,Throughput,HTTP/2
2025-04-30 23:09:32,index,20.8680000305176,330,TheEmptinessMachine,CUBIC,Throughput,HTTP/2
2025-04-30 23:09:34,index,22.8680000305176,330,TheEmptinessMachine,CUBIC,Throughput,HTTP/2
2025-04-30 23:09:36,index,24.8670001029968,330,TheEmptinessMachine,CUBIC,Throughput,HTTP/2
2025-04-30 23:09:38,index,26.8680000305176,330,TheEmptinessMachine,CUBIC,Throughput,HTTP/2
2025-04-30 23:09:40,index,28.8680000305176,330,TheEmptinessMachine,CUBIC,Throughput,HTTP/2
2025-04-30 23:09:42,index,30.8670001029968,330,TheEmptinessMachine,CUBIC,Throughput,HTTP/2
2025-04-30 23:09:44,index,32.8680000305176,635,TheEmptinessMachine,CUBIC,Throughput,HTTP/2
2025-04-30 23:09:46,index,34.8670001029968,674,TheEmptinessMachine,CUBIC,Throughput,HTTP/2
2025-04-30 23:09:48,index,36.8680000305176,674,TheEmptinessMachine,CUBIC,Throughput,HTTP/2
2025-04-30 23:09:50,index,38.8670001029968,674,TheEmptinessMachine,CUBIC,Throughput,HTTP/2
2025-04-30 23:09:52,index,40.8670001029968,674,TheEmptinessMachine,CUBIC,Throughput,HTTP/2
2025-04-30 23:09:54,index,42.8680000305176,330,TheEmptinessMachine,CUBIC,Throughput,HTTP/2
2025-04-30 23:09:56,index,44.8680000305176,330,TheEmptinessMachine,CUBIC,Throughput,HTTP/2
2025-04-30 23:09:58,index,46.8680000305176,330,TheEmptinessMachine,CUBIC,Throughput,HTTP/2
2025-04-30 23:10:00,index,48.8680000305176,330,TheEmptinessMachine,CUBIC,Throughput,HTTP/2
2025-04-30 23:10:02,index,50.8680000305176,330,TheEmptinessMachine,CUBIC,Throughput,HTTP/2
2025-04-30 23:10:04,index,52.8680000305176,330,TheEmptinessMachine,CUBIC,Throughput,HTTP/2
2025-04-30 23:10:06,index,54.8670001029968,330,TheEmptinessMachine,CUBIC,Throughput,HTTP/2
2025-04-30 23:10:08,index,56.8680000305176,214,TheEmptinessMachine,CUBIC,Throughput,HTTP/2
2025-04-30 23:10:10,index,58.8680000305176,214,TheEmptinessMachine,CUBIC,Throughput,HTTP/2
2025-04-30 23:10:12,index,60.8680000305176,330,TheEmptinessMachine,CUBIC,Throughput,HTTP/2
2025-04-30 23:10:14,index,62.8680000305176,320,TheEmptinessMachine,CUBIC,Throughput,HTTP/2
2025-04-30 23:10:16,index,64.8680000305176,320,TheEmptinessMachine,CUBIC,Throughput,HTTP/2
2025-04-30 23:10:18,index,66.8680000305176,169,TheEmptinessMachine,CUBIC,Throughput,HTTP/2
2025-04-30 23:10:20,index,68.8680000305176,320,TheEmptinessMachine,CUBIC,Throughput,HTTP/2
2025-04-30 23:10:22,index,70.8680000305176,320,TheEmptinessMachine,CUBIC,Throughput,HTTP/2
2025-04-30 23:10:24,index,72.8680000305176,320,TheEmptinessMachine,CUBIC,Throughput,HTTP/2
2025-04-30 23:10:26,index,74.8680000305176,320,TheEmptinessMachine,CUBIC,Throughput,HTTP/2
2025-04-30 23:10:28,index,76.8680000305176,320,TheEmptinessMachine,CUBIC,Throughput,HTTP/2
2025-04-30 23:10:30,index,78.8680000305176,320,TheEmptinessMachine,CUBIC,Throughput,HTTP/2
2025-04-30 23:10:32,index,80.8680000305176,214,TheEmptinessMachine,CUBIC,Throughput,HTTP/2
2025-04-30 23:10:34,index,82.8680000305176,214,TheEmptinessMachine,CUBIC,Throughput,HTTP/2
2025-04-30 23:10:36,index,84.8680000305176,214,TheEmptinessMachine,CUBIC,Throughput,HTTP/2
2025-04-30 23:10:38,index,86.8680000305176,214,TheEmptinessMachine,CUBIC,Throughput,HTTP/2
2025-04-30 23:10:40,index,88.8680000305176,214,TheEmptinessMachine,CUBIC,Throughput,HTTP/2
2025-04-30 23:10:42,index,90.8680000305176,214,TheEmptinessMachine,CUBIC,Throughput,HTTP/2
2025-04-30 23:10:44,index,92.8680000305176,214,TheEmptinessMachine,CUBIC,Throughput,HTTP/2
2025-04-30 23:10:46,index,94.8670001029968,214,TheEmptinessMachine,CUBIC,Throughput,HTTP/2
2025-04-30 23:10:48,index,96.8670001029968,214,TheEmptinessMachine,CUBIC,Throughput,HTTP/2
2025-04-30 23:10:50,index,98.8680000305176,214,TheEmptinessMachine,CUBIC,Throughput,HTTP/2
2025-04-30 23:10:52,index,100.868000030518,330,TheEmptinessMachine,CUBIC,Throughput,HTTP/2
2025-04-30 23:10:54,index,102.868000030518,330,TheEmptinessMachine,CUBIC,Throughput,HTTP/2
2025-04-30 23:10:56,index,104.867000102997,330,TheEmptinessMachine,CUBIC,Throughput,HTTP/2
2025-04-30 23:10:58,index,106.868000030518,330,TheEmptinessMachine,CUBIC,Throughput,HTTP/2
2025-04-30 23:11:00,index,108.867000102997,330,TheEmptinessMachine,CUBIC,Throughput,HTTP/2
2025-04-30 23:11:02,index,110.868000030518,330,TheEmptinessMachine,CUBIC,Throughput,HTTP/2
2025-04-30 23:11:04,index,112.868000030518,330,TheEmptinessMachine,CUBIC,Throughput,HTTP/2
2025-04-30 23:11:06,index,114.868000030518,330,TheEmptinessMachine,CUBIC,Throughput,HTTP/2
2025-04-30 23:11:08,index,116.868000030518,330,TheEmptinessMachine,CUBIC,Throughput,HTTP/2
2025-04-30 23:11:10,index,118.868000030518,330,TheEmptinessMachine,CUBIC,Throughput,HTTP/2
2025-04-30 23:11:12,index,120.868000030518,330,TheEmptinessMachine,CUBIC,Throughput,HTTP/2
2025-04-30 23:11:14,index,122.868000030518,330,TheEmptinessMachine,CUBIC,Throughput,HTTP/2
2025-04-30 23:11:16,index,124.868000030518,330,TheEmptinessMachine,CUBIC,Throughput,HTTP/2
2025-04-30 23:11:18,index,126.868000030518,330,TheEmptinessMachine,CUBIC,Throughput,HTTP/2
2025-04-30 23:11:20,index,128.868000030518,330,TheEmptinessMachine,CUBIC,Throughput,HTTP/2
2025-04-30 23:11:22,index,130.868000030518,330,TheEmptinessMachine,CUBIC,Throughput,HTTP/2
2025-04-30 23:11:24,index,132.868000030518,330,TheEmptinessMachine,CUBIC,Throughput,HTTP/2
2025-04-30 23:11:26,index,134.868000030518,330,TheEmptinessMachine,CUBIC,Throughput,HTTP/2
2025-04-30 23:11:28,index,136.868000030518,330,TheEmptinessMachine,CUBIC,Throughput,HTTP/2
2025-04-30 23:11:30,index,138.867000102997,330,TheEmptinessMachine,CUBIC,Throughput,HTTP/2
2025-04-30 23:11:32,index,140.868000030518,330,TheEmptinessMachine,CUBIC,Throughput,HTTP/2
2025-04-30 23:11:34,index,142.868000030518,330,TheEmptinessMachine,CUBIC,Throughput,HTTP/2
2025-04-30 23:11:36,index,144.868000030518,330,TheEmptinessMachine,CUBIC,Throughput,HTTP/2
2025-04-30 23:11:38,index,146.868000030518,330,TheEmptinessMachine,CUBIC,Throughput,HTTP/2
2025-04-30 23:11:40,index,148.868000030518,330,TheEmptinessMachine,CUBIC,Throughput,HTTP/2
2025-04-30 23:11:42,index,150.868000030518,330,TheEmptinessMachine,CUBIC,Throughput,HTTP/2
2025-04-30 23:11:44,index,152.868000030518,330,TheEmptinessMachine,CUBIC,Throughput,HTTP/2
2025-04-30 23:11:46,index,154.868000030518,330,TheEmptinessMachine,CUBIC,Throughput,HTTP/2
2025-04-30 23:11:48,index,156.868000030518,330,TheEmptinessMachine,CUBIC,Throughput,HTTP/2
2025-04-30 23:11:50,index,158.868000030518,330,TheEmptinessMachine,CUBIC,Throughput,HTTP/2
2025-04-30 23:11:52,index,160.868000030518,330,TheEmptinessMachine,CUBIC,Throughput,HTTP/2
2025-04-30 23:11:54,index,162.867000102997,330,TheEmptinessMachine,CUBIC,Throughput,HTTP/2
2025-04-30 23:11:56,index,164.867000102997,330,TheEmptinessMachine,CUBIC,Throughput,HTTP/2
2025-04-30 23:11:58,index,166.867000102997,330,TheEmptinessMachine,CUBIC,Throughput,HTTP/2
2025-04-30 23:12:00,index,168.868000030518,330,TheEmptinessMachine,CUBIC,Throughput,HTTP/2
2025-04-30 23:12:02,index,170.868000030518,330,TheEmptinessMachine,CUBIC,Throughput,HTTP/2
2025-04-30 23:12:04,index,172.868000030518,330,TheEmptinessMachine,CUBIC,Throughput,HTTP/2
2025-04-30 23:12:06,index,174.868000030518,330,TheEmptinessMachine,CUBIC,Throughput,HTTP/2
2025-04-30 23:12:08,index,176.867000102997,330,TheEmptinessMachine,CUBIC,Throughput,HTTP/2
2025-04-30 23:12:10,index,178.868000030518,635,TheEmptinessMachine,CUBIC,Throughput,HTTP/2
2025-04-30 23:12:12,index,180.868000030518,635,TheEmptinessMachine,CUBIC,Throughput,HTTP/2
2025-04-30 23:12:14,index,182.867000102997,635,TheEmptinessMachine,CUBIC,Throughput,HTTP/2
2025-04-30 23:12:16,index,184.868000030518,635,TheEmptinessMachine,CUBIC,Throughput,HTTP/2
2025-04-30 23:12:18,index,186.868000030518,330,TheEmptinessMachine,CUBIC,Throughput,HTTP/2
2025-04-30 23:12:20,index,188.867000102997,330,TheEmptinessMachine,CUBIC,Throughput,HTTP/2
2025-04-30 23:12:22,index,190.867000102997,330,TheEmptinessMachine,CUBIC,Throughput,HTTP/2
2025-04-30 23:12:24,index,192.868000030518,330,TheEmptinessMachine,CUBIC,Throughput,HTTP/2
2025-04-30 23:12:26,index,194.868000030518,330,TheEmptinessMachine,CUBIC,Throughput,HTTP/2
2025-04-30 23:12:28,index,196.868000030518,330,TheEmptinessMachine,CUBIC,Throughput,HTTP/2
2025-04-30 23:12:30,index,198.868000030518,330,TheEmptinessMachine,CUBIC,Throughput,HTTP/2
2025-04-30 23:12:32,index,200.868000030518,330,TheEmptinessMachine,CUBIC,Throughput,HTTP/2
2025-04-30 23:13:17,index,6.10999989509583,674,TheEmptinessMachine,CUBIC,Throughput,HTTP/3
2025-04-30 23:13:19,index,8.09899997711182,674,TheEmptinessMachine,CUBIC,Throughput,HTTP/3
2025-04-30 23:13:21,index,10.0989999771118,214,TheEmptinessMachine,CUBIC,Throughput,HTTP/3
2025-04-30 23:13:27,index,16.0989999771118,214,TheEmptinessMachine,CUBIC,Throughput,HTTP/3
2025-04-30 23:13:29,index,18.0989999771118,214,TheEmptinessMachine,CUBIC,Throughput,HTTP/3
2025-04-30 23:13:31,index,20.0989999771118,72,TheEmptinessMachine,CUBIC,Throughput,HTTP/3
2025-04-30 23:13:35,index,24.0989999771118,72,TheEmptinessMachine,CUBIC,Throughput,HTTP/3
2025-04-30 23:13:37,index,26.0989999771118,72,TheEmptinessMachine,CUBIC,Throughput,HTTP/3
2025-04-30 23:13:41,index,30.0989999771118,330,TheEmptinessMachine,CUBIC,Throughput,HTTP/3
2025-04-30 23:13:43,index,32.0980000495911,330,TheEmptinessMachine,CUBIC,Throughput,HTTP/3
2025-04-30 23:13:47,index,36.0989999771118,169,TheEmptinessMachine,CUBIC,Throughput,HTTP/3
2025-04-30 23:13:49,index,38.0989999771118,169,TheEmptinessMachine,CUBIC,Throughput,HTTP/3
2025-04-30 23:13:51,index,40.0989999771118,169,TheEmptinessMachine,CUBIC,Throughput,HTTP/3
2025-04-30 23:13:53,index,42.0989999771118,169,TheEmptinessMachine,CUBIC,Throughput,HTTP/3
2025-04-30 23:13:55,index,44.0989999771118,169,TheEmptinessMachine,CUBIC,Throughput,HTTP/3
2025-04-30 23:13:57,index,46.0989999771118,214,TheEmptinessMachine,CUBIC,Throughput,HTTP/3
2025-04-30 23:13:59,index,48.0989999771118,214,TheEmptinessMachine,CUBIC,Throughput,HTTP/3
2025-04-30 23:14:01,index,50.0989999771118,84,TheEmptinessMachine,CUBIC,Throughput,HTTP/3
2025-04-30 23:14:05,index,54.0989999771118,169,TheEmptinessMachine,CUBIC,Throughput,HTTP/3
2025-04-30 23:14:07,index,56.0989999771118,72,TheEmptinessMachine,CUBIC,Throughput,HTTP/3
2025-04-30 23:14:09,index,58.0989999771118,169,TheEmptinessMachine,CUBIC,Throughput,HTTP/3
2025-04-30 23:14:11,index,60.0989999771118,169,TheEmptinessMachine,CUBIC,Throughput,HTTP/3
2025-04-30 23:14:13,index,62.0989999771118,166,TheEmptinessMachine,CUBIC,Throughput,HTTP/3
2025-04-30 23:14:15,index,64.0989999771118,166,TheEmptinessMachine,CUBIC,Throughput,HTTP/3
2025-04-30 23:14:17,index,66.0989999771118,166,TheEmptinessMachine,CUBIC,Throughput,HTTP/3
2025-04-30 23:14:19,index,68.0989999771118,166,TheEmptinessMachine,CUBIC,Throughput,HTTP/3
2025-04-30 23:14:21,index,70.0989999771118,166,TheEmptinessMachine,CUBIC,Throughput,HTTP/3
2025-04-30 23:14:23,index,72.0989999771118,166,TheEmptinessMachine,CUBIC,Throughput,HTTP/3
2025-04-30 23:14:25,index,74.0989999771118,166,TheEmptinessMachine,CUBIC,Throughput,HTTP/3
2025-04-30 23:14:27,index,76.0989999771118,72,TheEmptinessMachine,CUBIC,Throughput,HTTP/3
2025-04-30 23:14:29,index,78.0989999771118,72,TheEmptinessMachine,CUBIC,Throughput,HTTP/3
2025-04-30 23:14:31,index,80.0989999771118,72,TheEmptinessMachine,CUBIC,Throughput,HTTP/3
2025-04-30 23:14:33,index,82.0989999771118,72,TheEmptinessMachine,CUBIC,Throughput,HTTP/3
2025-04-30 23:14:35,index,84.0989999771118,72,TheEmptinessMachine,CUBIC,Throughput,HTTP/3
2025-04-30 23:14:37,index,86.0989999771118,72,TheEmptinessMachine,CUBIC,Throughput,HTTP/3
2025-04-30 23:14:39,index,88.0989999771118,214,TheEmptinessMachine,CUBIC,Throughput,HTTP/3
2025-04-30 23:14:41,index,90.0989999771118,214,TheEmptinessMachine,CUBIC,Throughput,HTTP/3
2025-04-30 23:14:43,index,92.0989999771118,214,TheEmptinessMachine,CUBIC,Throughput,HTTP/3
2025-04-30 23:14:45,index,94.0989999771118,330,TheEmptinessMachine,CUBIC,Throughput,HTTP/3
2025-04-30 23:14:47,index,96.0989999771118,330,TheEmptinessMachine,CUBIC,Throughput,HTTP/3
2025-04-30 23:14:49,index,98.0989999771118,330,TheEmptinessMachine,CUBIC,Throughput,HTTP/3
2025-04-30 23:14:51,index,100.098999977112,214,TheEmptinessMachine,CUBIC,Throughput,HTTP/3
2025-04-30 23:14:53,index,102.098999977112,320,TheEmptinessMachine,CUBIC,Throughput,HTTP/3
2025-04-30 23:14:55,index,104.098999977112,320,TheEmptinessMachine,CUBIC,Throughput,HTTP/3
2025-04-30 23:15:01,index,110.098999977112,214,TheEmptinessMachine,CUBIC,Throughput,HTTP/3
2025-04-30 23:15:03,index,112.098999977112,214,TheEmptinessMachine,CUBIC,Throughput,HTTP/3
2025-04-30 23:15:15,index,124.098999977112,72,TheEmptinessMachine,CUBIC,Throughput,HTTP/3
2025-04-30 23:15:17,index,126.098999977112,214,TheEmptinessMachine,CUBIC,Throughput,HTTP/3
2025-04-30 23:15:19,index,128.098999977112,330,TheEmptinessMachine,CUBIC,Throughput,HTTP/3
2025-04-30 23:15:21,index,130.098999977112,214,TheEmptinessMachine,CUBIC,Throughput,HTTP/3
2025-04-30 23:15:23,index,132.098999977112,214,TheEmptinessMachine,CUBIC,Throughput,HTTP/3
2025-04-30 23:15:25,index,134.098999977112,84,TheEmptinessMachine,CUBIC,Throughput,HTTP/3
2025-04-30 23:15:27,index,136.098999977112,84,TheEmptinessMachine,CUBIC,Throughput,HTTP/3
2025-04-30 23:15:31,index,140.098999977112,84,TheEmptinessMachine,CUBIC,Throughput,HTTP/3
2025-04-30 23:15:39,index,148.098999977112,169,TheEmptinessMachine,CUBIC,Throughput,HTTP/3
2025-04-30 23:15:41,index,150.098999977112,169,TheEmptinessMachine,CUBIC,Throughput,HTTP/3
2025-04-30 23:15:43,index,152.098999977112,169,TheEmptinessMachine,CUBIC,Throughput,HTTP/3
2025-04-30 23:15:45,index,154.098999977112,169,TheEmptinessMachine,CUBIC,Throughput,HTTP/3
2025-04-30 23:15:47,index,156.098999977112,169,TheEmptinessMachine,CUBIC,Throughput,HTTP/3
2025-04-30 23:15:49,index,158.098999977112,169,TheEmptinessMachine,CUBIC,Throughput,HTTP/3
2025-04-30 23:15:51,index,160.098999977112,169,TheEmptinessMachine,CUBIC,Throughput,HTTP/3
2025-04-30 23:15:53,index,162.098999977112,169,TheEmptinessMachine,CUBIC,Throughput,HTTP/3
2025-04-30 23:15:55,index,164.098999977112,214,TheEmptinessMachine,CUBIC,Throughput,HTTP/3
2025-04-30 23:15:57,index,166.098999977112,214,TheEmptinessMachine,CUBIC,Throughput,HTTP/3
2025-04-30 23:15:59,index,168.098999977112,330,TheEmptinessMachine,CUBIC,Throughput,HTTP/3
2025-04-30 23:16:01,index,170.098999977112,169,TheEmptinessMachine,CUBIC,Throughput,HTTP/3
2025-04-30 23:16:03,index,172.098999977112,169,TheEmptinessMachine,CUBIC,Throughput,HTTP/3
2025-04-30 23:16:05,index,174.098999977112,169,TheEmptinessMachine,CUBIC,Throughput,HTTP/3
2025-04-30 23:16:07,index,176.098999977112,169,TheEmptinessMachine,CUBIC,Throughput,HTTP/3
2025-04-30 23:16:09,index,178.098999977112,169,TheEmptinessMachine,CUBIC,Throughput,HTTP/3
2025-04-30 23:16:11,index,180.098000049591,330,TheEmptinessMachine,CUBIC,Throughput,HTTP/3
2025-04-30 23:16:13,index,182.098999977112,330,TheEmptinessMachine,CUBIC,Throughput,HTTP/3
2025-04-30 23:16:15,index,184.098999977112,84,TheEmptinessMachine,CUBIC,Throughput,HTTP/3
2025-04-30 23:16:17,index,186.098999977112,84,TheEmptinessMachine,CUBIC,Throughput,HTTP/3
2025-04-30 23:16:20,index,188.888999938965,84,TheEmptinessMachine,CUBIC,Throughput,HTTP/3
2025-04-30 23:16:21,index,190.098999977112,84,TheEmptinessMachine,CUBIC,Throughput,HTTP/3
2025-04-30 23:16:23,index,192.098999977112,84,TheEmptinessMachine,CUBIC,Throughput,HTTP/3
2025-04-30 23:16:25,index,194.098999977112,84,TheEmptinessMachine,CUBIC,Throughput,HTTP/3
2025-04-30 23:16:27,index,196.098999977112,84,TheEmptinessMachine,CUBIC,Throughput,HTTP/3
2025-04-30 23:16:29,index,198.098999977112,84,TheEmptinessMachine,CUBIC,Throughput,HTTP/3
2025-04-30 23:17:20,index,4.2960000038147,1767,TheEmptinessMachine,BBR,Dynamic,HTTP/1.1
2025-04-30 23:17:22,index,6.29499983787537,1226,TheEmptinessMachine,BBR,Dynamic,HTTP/1.1
2025-04-30 23:17:24,index,8.29499983787537,1226,TheEmptinessMachine,BBR,Dynamic,HTTP/1.1
2025-04-30 23:17:26,index,10.2949998378754,1226,TheEmptinessMachine,BBR,Dynamic,HTTP/1.1
2025-04-30 23:17:28,index,12.2949998378754,214,TheEmptinessMachine,BBR,Dynamic,HTTP/1.1
2025-04-30 23:17:30,index,14.2949998378754,330,TheEmptinessMachine,BBR,Dynamic,HTTP/1.1
2025-04-30 23:17:32,index,16.2949998378754,674,TheEmptinessMachine,BBR,Dynamic,HTTP/1.1
2025-04-30 23:17:34,index,18.2960000038147,1226,TheEmptinessMachine,BBR,Dynamic,HTTP/1.1
2025-04-30 23:17:36,index,20.2960000038147,1226,TheEmptinessMachine,BBR,Dynamic,HTTP/1.1
2025-04-30 23:17:38,index,22.2949998378754,214,TheEmptinessMachine,BBR,Dynamic,HTTP/1.1
2025-04-30 23:17:40,index,24.2949998378754,980,TheEmptinessMachine,BBR,Dynamic,HTTP/1.1
2025-04-30 23:17:46,index,30.2949998378754,330,TheEmptinessMachine,BBR,Dynamic,HTTP/1.1
2025-04-30 23:17:48,index,32.2960000038147,330,TheEmptinessMachine,BBR,Dynamic,HTTP/1.1
2025-04-30 23:17:50,index,34.2960000038147,674,TheEmptinessMachine,BBR,Dynamic,HTTP/1.1
2025-04-30 23:17:52,index,36.2949998378754,330,TheEmptinessMachine,BBR,Dynamic,HTTP/1.1
2025-04-30 23:17:54,index,38.2960000038147,674,TheEmptinessMachine,BBR,Dynamic,HTTP/1.1
2025-04-30 23:17:58,index,42.2949998378754,330,TheEmptinessMachine,BBR,Dynamic,HTTP/1.1
2025-04-30 23:18:00,index,44.2949998378754,330,TheEmptinessMachine,BBR,Dynamic,HTTP/1.1
2025-04-30 23:18:02,index,46.2949998378754,330,TheEmptinessMachine,BBR,Dynamic,HTTP/1.1
2025-04-30 23:18:04,index,48.2960000038147,330,TheEmptinessMachine,BBR,Dynamic,HTTP/1.1
2025-04-30 23:18:06,index,50.2960000038147,330,TheEmptinessMachine,BBR,Dynamic,HTTP/1.1
2025-04-30 23:18:08,index,52.2969999313354,320,TheEmptinessMachine,BBR,Dynamic,HTTP/1.1
2025-04-30 23:18:10,index,54.3029999732971,320,TheEmptinessMachine,BBR,Dynamic,HTTP/1.1
2025-04-30 23:18:12,index,56.2949998378754,320,TheEmptinessMachine,BBR,Dynamic,HTTP/1.1
2025-04-30 23:18:14,index,58.2949998378754,320,TheEmptinessMachine,BBR,Dynamic,HTTP/1.1
2025-04-30 23:18:16,index,60.2960000038147,320,TheEmptinessMachine,BBR,Dynamic,HTTP/1.1
2025-04-30 23:18:18,index,62.2949998378754,320,TheEmptinessMachine,BBR,Dynamic,HTTP/1.1
2025-04-30 23:18:20,index,64.2960000038147,320,TheEmptinessMachine,BBR,Dynamic,HTTP/1.1
2025-04-30 23:18:22,index,66.2960000038147,320,TheEmptinessMachine,BBR,Dynamic,HTTP/1.1
2025-04-30 23:18:24,index,68.2949998378754,320,TheEmptinessMachine,BBR,Dynamic,HTTP/1.1
2025-04-30 23:18:26,index,70.2960000038147,320,TheEmptinessMachine,BBR,Dynamic,HTTP/1.1
2025-04-30 23:18:28,index,72.2949998378754,635,TheEmptinessMachine,BBR,Dynamic,HTTP/1.1
2025-04-30 23:18:30,index,74.2960000038147,674,TheEmptinessMachine,BBR,Dynamic,HTTP/1.1
2025-04-30 23:18:32,index,76.2960000038147,674,TheEmptinessMachine,BBR,Dynamic,HTTP/1.1
2025-04-30 23:18:34,index,78.2960000038147,674,TheEmptinessMachine,BBR,Dynamic,HTTP/1.1
2025-04-30 23:18:36,index,80.2960000038147,674,TheEmptinessMachine,BBR,Dynamic,HTTP/1.1
2025-04-30 23:18:38,index,82.2949998378754,674,TheEmptinessMachine,BBR,Dynamic,HTTP/1.1
2025-04-30 23:18:40,index,84.2960000038147,330,TheEmptinessMachine,BBR,Dynamic,HTTP/1.1
2025-04-30 23:18:42,index,86.2960000038147,330,TheEmptinessMachine,BBR,Dynamic,HTTP/1.1
2025-04-30 23:18:44,index,88.2960000038147,330,TheEmptinessMachine,BBR,Dynamic,HTTP/1.1
2025-04-30 23:18:46,index,90.2960000038147,330,TheEmptinessMachine,BBR,Dynamic,HTTP/1.1
2025-04-30 23:18:48,index,92.2960000038147,330,TheEmptinessMachine,BBR,Dynamic,HTTP/1.1
2025-04-30 23:18:50,index,94.2960000038147,330,TheEmptinessMachine,BBR,Dynamic,HTTP/1.1
2025-04-30 23:18:52,index,96.2949998378754,330,TheEmptinessMachine,BBR,Dynamic,HTTP/1.1
2025-04-30 23:18:54,index,98.2960000038147,330,TheEmptinessMachine,BBR,Dynamic,HTTP/1.1
2025-04-30 23:18:56,index,100.294999837875,330,TheEmptinessMachine,BBR,Dynamic,HTTP/1.1
2025-04-30 23:18:58,index,102.294999837875,330,TheEmptinessMachine,BBR,Dynamic,HTTP/1.1
2025-04-30 23:19:00,index,104.296000003815,320,TheEmptinessMachine,BBR,Dynamic,HTTP/1.1
2025-04-30 23:19:02,index,106.296000003815,320,TheEmptinessMachine,BBR,Dynamic,HTTP/1.1
2025-04-30 23:19:04,index,108.294999837875,320,TheEmptinessMachine,BBR,Dynamic,HTTP/1.1
2025-04-30 23:19:06,index,110.294999837875,320,TheEmptinessMachine,BBR,Dynamic,HTTP/1.1
2025-04-30 23:19:08,index,112.296000003815,320,TheEmptinessMachine,BBR,Dynamic,HTTP/1.1
2025-04-30 23:19:10,index,114.296000003815,320,TheEmptinessMachine,BBR,Dynamic,HTTP/1.1
2025-04-30 23:19:12,index,116.296000003815,320,TheEmptinessMachine,BBR,Dynamic,HTTP/1.1
2025-04-30 23:19:14,index,118.296000003815,320,TheEmptinessMachine,BBR,Dynamic,HTTP/1.1
2025-04-30 23:19:16,index,120.294999837875,320,TheEmptinessMachine,BBR,Dynamic,HTTP/1.1
2025-04-30 23:19:18,index,122.296000003815,330,TheEmptinessMachine,BBR,Dynamic,HTTP/1.1
2025-04-30 23:19:20,index,124.294999837875,330,TheEmptinessMachine,BBR,Dynamic,HTTP/1.1
2025-04-30 23:19:22,index,126.296000003815,330,TheEmptinessMachine,BBR,Dynamic,HTTP/1.1
2025-04-30 23:19:24,index,128.296000003815,330,TheEmptinessMachine,BBR,Dynamic,HTTP/1.1
2025-04-30 23:19:26,index,130.294999837875,330,TheEmptinessMachine,BBR,Dynamic,HTTP/1.1
2025-04-30 23:19:28,index,132.296000003815,330,TheEmptinessMachine,BBR,Dynamic,HTTP/1.1
2025-04-30 23:19:30,index,134.294999837875,214,TheEmptinessMachine,BBR,Dynamic,HTTP/1.1
2025-04-30 23:19:32,index,136.296000003815,320,TheEmptinessMachine,BBR,Dynamic,HTTP/1.1
2025-04-30 23:19:34,index,138.296000003815,320,TheEmptinessMachine,BBR,Dynamic,HTTP/1.1
2025-04-30 23:19:36,index,140.294999837875,320,TheEmptinessMachine,BBR,Dynamic,HTTP/1.1
2025-04-30 23:19:38,index,142.296000003815,320,TheEmptinessMachine,BBR,Dynamic,HTTP/1.1
2025-04-30 23:19:40,index,144.294999837875,320,TheEmptinessMachine,BBR,Dynamic,HTTP/1.1
2025-04-30 23:19:42,index,146.296000003815,320,TheEmptinessMachine,BBR,Dynamic,HTTP/1.1
2025-04-30 23:19:44,index,148.294999837875,320,TheEmptinessMachine,BBR,Dynamic,HTTP/1.1
2025-04-30 23:19:46,index,150.296000003815,330,TheEmptinessMachine,BBR,Dynamic,HTTP/1.1
2025-04-30 23:19:48,index,152.294999837875,330,TheEmptinessMachine,BBR,Dynamic,HTTP/1.1
2025-04-30 23:19:50,index,154.296000003815,330,TheEmptinessMachine,BBR,Dynamic,HTTP/1.1
2025-04-30 23:19:52,index,156.296000003815,330,TheEmptinessMachine,BBR,Dynamic,HTTP/1.1
2025-04-30 23:19:54,index,158.296000003815,330,TheEmptinessMachine,BBR,Dynamic,HTTP/1.1
2025-04-30 23:19:56,index,160.296000003815,330,TheEmptinessMachine,BBR,Dynamic,HTTP/1.1
2025-04-30 23:19:58,index,162.296000003815,330,TheEmptinessMachine,BBR,Dynamic,HTTP/1.1
2025-04-30 23:20:00,index,164.296000003815,330,TheEmptinessMachine,BBR,Dynamic,HTTP/1.1
2025-04-30 23:20:02,index,166.296000003815,330,TheEmptinessMachine,BBR,Dynamic,HTTP/1.1
2025-04-30 23:20:04,index,168.296000003815,635,TheEmptinessMachine,BBR,Dynamic,HTTP/1.1
2025-04-30 23:20:06,index,170.294999837875,674,TheEmptinessMachine,BBR,Dynamic,HTTP/1.1
2025-04-30 23:20:08,index,172.296000003815,635,TheEmptinessMachine,BBR,Dynamic,HTTP/1.1
2025-04-30 23:20:10,index,174.296000003815,635,TheEmptinessMachine,BBR,Dynamic,HTTP/1.1
2025-04-30 23:20:12,index,176.296000003815,330,TheEmptinessMachine,BBR,Dynamic,HTTP/1.1
2025-04-30 23:20:14,index,178.294999837875,330,TheEmptinessMachine,BBR,Dynamic,HTTP/1.1
2025-04-30 23:20:16,index,180.294999837875,330,TheEmptinessMachine,BBR,Dynamic,HTTP/1.1
2025-04-30 23:20:18,index,182.294999837875,330,TheEmptinessMachine,BBR,Dynamic,HTTP/1.1
2025-04-30 23:20:20,index,184.296000003815,330,TheEmptinessMachine,BBR,Dynamic,HTTP/1.1
2025-04-30 23:20:22,index,186.296000003815,330,TheEmptinessMachine,BBR,Dynamic,HTTP/1.1
2025-04-30 23:20:24,index,188.296000003815,330,TheEmptinessMachine,BBR,Dynamic,HTTP/1.1
2025-04-30 23:20:26,index,190.296000003815,330,TheEmptinessMachine,BBR,Dynamic,HTTP/1.1
2025-04-30 23:20:28,index,192.296000003815,330,TheEmptinessMachine,BBR,Dynamic,HTTP/1.1
2025-04-30 23:20:30,index,194.296000003815,330,TheEmptinessMachine,BBR,Dynamic,HTTP/1.1
2025-04-30 23:20:32,index,196.294999837875,330,TheEmptinessMachine,BBR,Dynamic,HTTP/1.1
2025-04-30 23:20:34,index,198.296000003815,330,TheEmptinessMachine,BBR,Dynamic,HTTP/1.1
2025-04-30 23:20:36,index,200.296000003815,330,TheEmptinessMachine,BBR,Dynamic,HTTP/1.1
2025-04-30 23:20:38,index,202.294999837875,330,TheEmptinessMachine,BBR,Dynamic,HTTP/1.1
2025-04-30 23:20:40,index,204.294999837875,330,TheEmptinessMachine,BBR,Dynamic,HTTP/1.1
2025-04-30 23:20:42,index,206.296000003815,330,TheEmptinessMachine,BBR,Dynamic,HTTP/1.1
2025-04-30 23:21:22,index,4.11199998855591,1106,TheEmptinessMachine,BBR,Dynamic,HTTP/2
2025-04-30 23:21:24,index,6.11199998855591,674,TheEmptinessMachine,BBR,Dynamic,HTTP/2
2025-04-30 23:21:26,index,8.11199998855591,674,TheEmptinessMachine,BBR,Dynamic,HTTP/2
2025-04-30 23:21:36,index,18.1119999885559,330,TheEmptinessMachine,BBR,Dynamic,HTTP/2
2025-04-30 23:21:40,index,22.1119999885559,169,TheEmptinessMachine,BBR,Dynamic,HTTP/2
2025-04-30 23:21:42,index,24.1119999885559,330,TheEmptinessMachine,BBR,Dynamic,HTTP/2
2025-04-30 23:21:44,index,26.1119999885559,320,TheEmptinessMachine,BBR,Dynamic,HTTP/2
2025-04-30 23:21:46,index,28.1119999885559,320,TheEmptinessMachine,BBR,Dynamic,HTTP/2
2025-04-30 23:21:48,index,30.1119999885559,320,TheEmptinessMachine,BBR,Dynamic,HTTP/2
2025-04-30 23:21:50,index,32.1119999885559,320,TheEmptinessMachine,BBR,Dynamic,HTTP/2
2025-04-30 23:21:52,index,34.1119999885559,320,TheEmptinessMachine,BBR,Dynamic,HTTP/2
2025-04-30 23:21:54,index,36.1119999885559,320,TheEmptinessMachine,BBR,Dynamic,HTTP/2
2025-04-30 23:21:56,index,38.1119999885559,320,TheEmptinessMachine,BBR,Dynamic,HTTP/2
2025-04-30 23:21:58,index,40.1119999885559,320,TheEmptinessMachine,BBR,Dynamic,HTTP/2
2025-04-30 23:22:00,index,42.1119999885559,330,TheEmptinessMachine,BBR,Dynamic,HTTP/2
2025-04-30 23:22:02,index,44.1119999885559,330,TheEmptinessMachine,BBR,Dynamic,HTTP/2
2025-04-30 23:22:04,index,46.1119999885559,330,TheEmptinessMachine,BBR,Dynamic,HTTP/2
2025-04-30 23:22:06,index,48.1129999160767,330,TheEmptinessMachine,BBR,Dynamic,HTTP/2
2025-04-30 23:22:08,index,50.1119999885559,330,TheEmptinessMachine,BBR,Dynamic,HTTP/2
2025-04-30 23:22:10,index,52.1119999885559,330,TheEmptinessMachine,BBR,Dynamic,HTTP/2
2025-04-30 23:22:12,index,54.1119999885559,330,TheEmptinessMachine,BBR,Dynamic,HTTP/2
2025-04-30 23:22:14,index,56.1119999885559,330,TheEmptinessMachine,BBR,Dynamic,HTTP/2
2025-04-30 23:22:16,index,58.1119999885559,330,TheEmptinessMachine,BBR,Dynamic,HTTP/2
2025-04-30 23:22:18,index,60.1119999885559,330,TheEmptinessMachine,BBR,Dynamic,HTTP/2
2025-04-30 23:22:20,index,62.1129999160767,330,TheEmptinessMachine,BBR,Dynamic,HTTP/2
2025-04-30 23:22:22,index,64.1129999160767,330,TheEmptinessMachine,BBR,Dynamic,HTTP/2
2025-04-30 23:22:24,index,66.1119999885559,330,TheEmptinessMachine,BBR,Dynamic,HTTP/2
2025-04-30 23:22:26,index,68.1119999885559,330,TheEmptinessMachine,BBR,Dynamic,HTTP/2
2025-04-30 23:22:28,index,70.1119999885559,330,TheEmptinessMachine,BBR,Dynamic,HTTP/2
2025-04-30 23:22:30,index,72.1119999885559,330,TheEmptinessMachine,BBR,Dynamic,HTTP/2
2025-04-30 23:22:32,index,74.1119999885559,330,TheEmptinessMachine,BBR,Dynamic,HTTP/2
2025-04-30 23:22:34,index,76.1119999885559,330,TheEmptinessMachine,BBR,Dynamic,HTTP/2
2025-04-30 23:22:36,index,78.1119999885559,330,TheEmptinessMachine,BBR,Dynamic,HTTP/2
2025-04-30 23:22:38,index,80.1119999885559,330,TheEmptinessMachine,BBR,Dynamic,HTTP/2
2025-04-30 23:22:40,index,82.1119999885559,330,TheEmptinessMachine,BBR,Dynamic,HTTP/2
2025-04-30 23:22:42,index,84.1119999885559,330,TheEmptinessMachine,BBR,Dynamic,HTTP/2
2025-04-30 23:22:44,index,86.1119999885559,330,TheEmptinessMachine,BBR,Dynamic,HTTP/2
2025-04-30 23:22:46,index,88.1119999885559,330,TheEmptinessMachine,BBR,Dynamic,HTTP/2
2025-04-30 23:22:48,index,90.1119999885559,635,TheEmptinessMachine,BBR,Dynamic,HTTP/2
2025-04-30 23:22:50,index,92.1119999885559,674,TheEmptinessMachine,BBR,Dynamic,HTTP/2
2025-04-30 23:22:52,index,94.1119999885559,674,TheEmptinessMachine,BBR,Dynamic,HTTP/2
2025-04-30 23:22:54,index,96.1119999885559,674,TheEmptinessMachine,BBR,Dynamic,HTTP/2
2025-04-30 23:22:56,index,98.1119999885559,674,TheEmptinessMachine,BBR,Dynamic,HTTP/2
2025-04-30 23:22:58,index,100.111999988556,674,TheEmptinessMachine,BBR,Dynamic,HTTP/2
2025-04-30 23:23:00,index,102.111999988556,635,TheEmptinessMachine,BBR,Dynamic,HTTP/2
2025-04-30 23:23:04,index,106.111999988556,214,TheEmptinessMachine,BBR,Dynamic,HTTP/2
2025-04-30 23:23:06,index,108.111999988556,330,TheEmptinessMachine,BBR,Dynamic,HTTP/2
2025-04-30 23:23:08,index,110.111999988556,674,TheEmptinessMachine,BBR,Dynamic,HTTP/2
2025-04-30 23:23:10,index,112.112999916077,674,TheEmptinessMachine,BBR,Dynamic,HTTP/2
2025-04-30 23:23:16,index,118.111999988556,214,TheEmptinessMachine,BBR,Dynamic,HTTP/2
2025-04-30 23:23:18,index,120.111999988556,72,TheEmptinessMachine,BBR,Dynamic,HTTP/2
2025-04-30 23:23:20,index,122.111999988556,214,TheEmptinessMachine,BBR,Dynamic,HTTP/2
2025-04-30 23:23:22,index,124.111999988556,330,TheEmptinessMachine,BBR,Dynamic,HTTP/2
2025-04-30 23:23:24,index,126.111999988556,84,TheEmptinessMachine,BBR,Dynamic,HTTP/2
2025-04-30 23:23:26,index,128.111999988556,214,TheEmptinessMachine,BBR,Dynamic,HTTP/2
2025-04-30 23:23:28,index,130.111999988556,320,TheEmptinessMachine,BBR,Dynamic,HTTP/2
2025-04-30 23:23:30,index,132.111999988556,320,TheEmptinessMachine,BBR,Dynamic,HTTP/2
2025-04-30 23:23:34,index,136.111999988556,214,TheEmptinessMachine,BBR,Dynamic,HTTP/2
2025-04-30 23:23:36,index,138.111999988556,214,TheEmptinessMachine,BBR,Dynamic,HTTP/2
2025-04-30 23:23:38,index,140.111999988556,214,TheEmptinessMachine,BBR,Dynamic,HTTP/2
2025-04-30 23:23:40,index,142.111999988556,214,TheEmptinessMachine,BBR,Dynamic,HTTP/2
2025-04-30 23:23:42,index,144.111999988556,214,TheEmptinessMachine,BBR,Dynamic,HTTP/2
2025-04-30 23:23:44,index,146.111999988556,169,TheEmptinessMachine,BBR,Dynamic,HTTP/2
2025-04-30 23:23:46,index,148.111999988556,169,TheEmptinessMachine,BBR,Dynamic,HTTP/2
2025-04-30 23:23:48,index,150.111999988556,169,TheEmptinessMachine,BBR,Dynamic,HTTP/2
2025-04-30 23:23:50,index,152.111999988556,169,TheEmptinessMachine,BBR,Dynamic,HTTP/2
2025-04-30 23:23:52,index,154.111999988556,169,TheEmptinessMachine,BBR,Dynamic,HTTP/2
2025-04-30 23:23:54,index,156.111999988556,169,TheEmptinessMachine,BBR,Dynamic,HTTP/2
2025-04-30 23:23:56,index,158.111999988556,169,TheEmptinessMachine,BBR,Dynamic,HTTP/2
2025-04-30 23:23:58,index,160.111999988556,169,TheEmptinessMachine,BBR,Dynamic,HTTP/2
2025-04-30 23:24:00,index,162.111999988556,169,TheEmptinessMachine,BBR,Dynamic,HTTP/2
2025-04-30 23:24:02,index,164.111999988556,169,TheEmptinessMachine,BBR,Dynamic,HTTP/2
2025-04-30 23:24:04,index,166.111999988556,169,TheEmptinessMachine,BBR,Dynamic,HTTP/2
2025-04-30 23:24:06,index,168.111999988556,330,TheEmptinessMachine,BBR,Dynamic,HTTP/2
2025-04-30 23:24:08,index,170.111999988556,330,TheEmptinessMachine,BBR,Dynamic,HTTP/2
2025-04-30 23:24:10,index,172.111999988556,330,TheEmptinessMachine,BBR,Dynamic,HTTP/2
2025-04-30 23:24:12,index,174.111999988556,635,TheEmptinessMachine,BBR,Dynamic,HTTP/2
2025-04-30 23:24:14,index,176.111999988556,674,TheEmptinessMachine,BBR,Dynamic,HTTP/2
2025-04-30 23:24:16,index,178.111999988556,674,TheEmptinessMachine,BBR,Dynamic,HTTP/2
2025-04-30 23:24:18,index,180.111999988556,330,TheEmptinessMachine,BBR,Dynamic,HTTP/2
2025-04-30 23:24:20,index,182.111999988556,674,TheEmptinessMachine,BBR,Dynamic,HTTP/2
2025-04-30 23:24:22,index,184.111999988556,674,TheEmptinessMachine,BBR,Dynamic,HTTP/2
2025-04-30 23:24:24,index,186.111999988556,674,TheEmptinessMachine,BBR,Dynamic,HTTP/2
2025-04-30 23:24:26,index,188.111999988556,674,TheEmptinessMachine,BBR,Dynamic,HTTP/2
2025-04-30 23:24:28,index,190.111999988556,674,TheEmptinessMachine,BBR,Dynamic,HTTP/2
2025-04-30 23:24:30,index,192.111999988556,330,TheEmptinessMachine,BBR,Dynamic,HTTP/2
2025-04-30 23:24:32,index,194.111999988556,330,TheEmptinessMachine,BBR,Dynamic,HTTP/2
2025-04-30 23:24:34,index,196.111999988556,330,TheEmptinessMachine,BBR,Dynamic,HTTP/2
2025-04-30 23:24:36,index,198.112999916077,330,TheEmptinessMachine,BBR,Dynamic,HTTP/2
2025-04-30 23:24:38,index,200.111999988556,330,TheEmptinessMachine,BBR,Dynamic,HTTP/2
2025-04-30 23:24:40,index,202.111999988556,330,TheEmptinessMachine,BBR,Dynamic,HTTP/2
2025-04-30 23:24:42,index,204.111999988556,330,TheEmptinessMachine,BBR,Dynamic,HTTP/2
2025-04-30 23:25:26,index,6.1029999256134,330,TheEmptinessMachine,BBR,Dynamic,HTTP/3
2025-04-30 23:25:32,index,12.1019999980927,84,TheEmptinessMachine,BBR,Dynamic,HTTP/3
2025-04-30 23:25:34,index,14.1019999980927,84,TheEmptinessMachine,BBR,Dynamic,HTTP/3
2025-04-30 23:25:36,index,16.1019999980927,84,TheEmptinessMachine,BBR,Dynamic,HTTP/3
2025-04-30 23:25:38,index,18.1019999980927,84,TheEmptinessMachine,BBR,Dynamic,HTTP/3
2025-04-30 23:25:40,index,20.1019999980927,84,TheEmptinessMachine,BBR,Dynamic,HTTP/3
2025-04-30 23:25:42,index,22.1019999980927,169,TheEmptinessMachine,BBR,Dynamic,HTTP/3
2025-04-30 23:25:44,index,24.1019999980927,214,TheEmptinessMachine,BBR,Dynamic,HTTP/3
2025-04-30 23:25:46,index,26.1019999980927,214,TheEmptinessMachine,BBR,Dynamic,HTTP/3
2025-04-30 23:25:48,index,28.1019999980927,214,TheEmptinessMachine,BBR,Dynamic,HTTP/3
2025-04-30 23:25:50,index,30.1019999980927,84,TheEmptinessMachine,BBR,Dynamic,HTTP/3
2025-04-30 23:25:52,index,32.1019999980927,169,TheEmptinessMachine,BBR,Dynamic,HTTP/3
2025-04-30 23:25:54,index,34.1019999980927,169,TheEmptinessMachine,BBR,Dynamic,HTTP/3
2025-04-30 23:25:58,index,38.1019999980927,169,TheEmptinessMachine,BBR,Dynamic,HTTP/3
2025-04-30 23:26:00,index,40.1019999980927,169,TheEmptinessMachine,BBR,Dynamic,HTTP/3
2025-04-30 23:26:02,index,42.1019999980927,166,TheEmptinessMachine,BBR,Dynamic,HTTP/3
2025-04-30 23:26:04,index,44.1019999980927,166,TheEmptinessMachine,BBR,Dynamic,HTTP/3
2025-04-30 23:26:06,index,46.1019999980927,166,TheEmptinessMachine,BBR,Dynamic,HTTP/3
2025-04-30 23:26:08,index,48.1019999980927,166,TheEmptinessMachine,BBR,Dynamic,HTTP/3
2025-04-30 23:26:10,index,50.1019999980927,166,TheEmptinessMachine,BBR,Dynamic,HTTP/3
2025-04-30 23:26:12,index,52.1019999980927,166,TheEmptinessMachine,BBR,Dynamic,HTTP/3
2025-04-30 23:26:14,index,54.1019999980927,166,TheEmptinessMachine,BBR,Dynamic,HTTP/3
2025-04-30 23:26:16,index,56.1019999980927,166,TheEmptinessMachine,BBR,Dynamic,HTTP/3
2025-04-30 23:26:18,index,58.1019999980927,166,TheEmptinessMachine,BBR,Dynamic,HTTP/3
2025-04-30 23:26:20,index,60.1019999980927,166,TheEmptinessMachine,BBR,Dynamic,HTTP/3
2025-04-30 23:26:22,index,62.1019999980927,330,TheEmptinessMachine,BBR,Dynamic,HTTP/3
2025-04-30 23:26:24,index,64.1019999980927,169,TheEmptinessMachine,BBR,Dynamic,HTTP/3
2025-04-30 23:26:26,index,66.1019999980927,169,TheEmptinessMachine,BBR,Dynamic,HTTP/3
2025-04-30 23:26:28,index,68.1019999980927,169,TheEmptinessMachine,BBR,Dynamic,HTTP/3
2025-04-30 23:26:30,index,70.1019999980927,169,TheEmptinessMachine,BBR,Dynamic,HTTP/3
2025-04-30 23:26:32,index,72.1019999980927,169,TheEmptinessMachine,BBR,Dynamic,HTTP/3
2025-04-30 23:26:34,index,74.1019999980927,330,TheEmptinessMachine,BBR,Dynamic,HTTP/3
2025-04-30 23:26:36,index,76.1019999980927,84,TheEmptinessMachine,BBR,Dynamic,HTTP/3
2025-04-30 23:26:38,index,78.1019999980927,84,TheEmptinessMachine,BBR,Dynamic,HTTP/3
2025-04-30 23:26:40,index,80.1019999980927,84,TheEmptinessMachine,BBR,Dynamic,HTTP/3
2025-04-30 23:26:42,index,82.1019999980927,84,TheEmptinessMachine,BBR,Dynamic,HTTP/3
2025-04-30 23:26:44,index,84.1019999980927,84,TheEmptinessMachine,BBR,Dynamic,HTTP/3
2025-04-30 23:26:46,index,86.1019999980927,84,TheEmptinessMachine,BBR,Dynamic,HTTP/3
2025-04-30 23:26:48,index,88.1019999980927,214,TheEmptinessMachine,BBR,Dynamic,HTTP/3
2025-04-30 23:26:50,index,90.1019999980927,214,TheEmptinessMachine,BBR,Dynamic,HTTP/3
2025-04-30 23:26:52,index,92.1019999980927,84,TheEmptinessMachine,BBR,Dynamic,HTTP/3
2025-04-30 23:26:54,index,94.1019999980927,84,TheEmptinessMachine,BBR,Dynamic,HTTP/3
2025-04-30 23:26:56,index,96.1019999980927,84,TheEmptinessMachine,BBR,Dynamic,HTTP/3
2025-04-30 23:26:58,index,98.1019999980927,84,TheEmptinessMachine,BBR,Dynamic,HTTP/3
2025-04-30 23:27:04,index,104.101999998093,214,TheEmptinessMachine,BBR,Dynamic,HTTP/3
2025-04-30 23:27:10,index,110.101999998093,330,TheEmptinessMachine,BBR,Dynamic,HTTP/3
2025-04-30 23:27:12,index,112.101999998093,84,TheEmptinessMachine,BBR,Dynamic,HTTP/3
2025-04-30 23:27:14,index,114.101999998093,84,TheEmptinessMachine,BBR,Dynamic,HTTP/3
2025-04-30 23:27:16,index,116.101999998093,84,TheEmptinessMachine,BBR,Dynamic,HTTP/3
2025-04-30 23:27:18,index,118.101999998093,84,TheEmptinessMachine,BBR,Dynamic,HTTP/3
2025-04-30 23:27:20,index,120.101999998093,84,TheEmptinessMachine,BBR,Dynamic,HTTP/3
2025-04-30 23:27:22,index,122.101999998093,214,TheEmptinessMachine,BBR,Dynamic,HTTP/3
2025-04-30 23:27:24,index,124.101999998093,214,TheEmptinessMachine,BBR,Dynamic,HTTP/3
2025-04-30 23:27:26,index,126.101999998093,84,TheEmptinessMachine,BBR,Dynamic,HTTP/3
2025-04-30 23:27:28,index,128.101999998093,84,TheEmptinessMachine,BBR,Dynamic,HTTP/3
2025-04-30 23:27:30,index,130.101999998093,84,TheEmptinessMachine,BBR,Dynamic,HTTP/3
2025-04-30 23:27:32,index,132.101999998093,84,TheEmptinessMachine,BBR,Dynamic,HTTP/3
2025-04-30 23:27:34,index,134.101999998093,84,TheEmptinessMachine,BBR,Dynamic,HTTP/3
2025-04-30 23:27:36,index,136.101999998093,84,TheEmptinessMachine,BBR,Dynamic,HTTP/3
2025-04-30 23:27:38,index,138.101999998093,214,TheEmptinessMachine,BBR,Dynamic,HTTP/3
2025-04-30 23:27:40,index,140.101999998093,72,TheEmptinessMachine,BBR,Dynamic,HTTP/3
2025-04-30 23:27:42,index,142.101999998093,72,TheEmptinessMachine,BBR,Dynamic,HTTP/3
2025-04-30 23:27:44,index,144.101999998093,72,TheEmptinessMachine,BBR,Dynamic,HTTP/3
2025-04-30 23:27:46,index,146.101999998093,72,TheEmptinessMachine,BBR,Dynamic,HTTP/3
2025-04-30 23:27:48,index,148.101999998093,72,TheEmptinessMachine,BBR,Dynamic,HTTP/3
2025-04-30 23:27:50,index,150.101999998093,72,TheEmptinessMachine,BBR,Dynamic,HTTP/3
2025-04-30 23:27:52,index,152.101999998093,214,TheEmptinessMachine,BBR,Dynamic,HTTP/3
2025-04-30 23:27:54,index,154.101999998093,330,TheEmptinessMachine,BBR,Dynamic,HTTP/3
2025-04-30 23:27:56,index,156.101999998093,330,TheEmptinessMachine,BBR,Dynamic,HTTP/3
2025-04-30 23:27:58,index,158.101999998093,330,TheEmptinessMachine,BBR,Dynamic,HTTP/3
2025-04-30 23:28:00,index,160.101999998093,330,TheEmptinessMachine,BBR,Dynamic,HTTP/3
2025-04-30 23:28:02,index,162.102999925613,84,TheEmptinessMachine,BBR,Dynamic,HTTP/3
2025-04-30 23:28:04,index,164.102999925613,84,TheEmptinessMachine,BBR,Dynamic,HTTP/3
2025-04-30 23:28:06,index,166.101999998093,84,TheEmptinessMachine,BBR,Dynamic,HTTP/3
2025-04-30 23:28:08,index,168.101999998093,84,TheEmptinessMachine,BBR,Dynamic,HTTP/3
2025-04-30 23:28:10,index,170.101999998093,84,TheEmptinessMachine,BBR,Dynamic,HTTP/3
2025-04-30 23:28:12,index,172.101999998093,84,TheEmptinessMachine,BBR,Dynamic,HTTP/3
2025-04-30 23:28:14,index,174.101999998093,214,TheEmptinessMachine,BBR,Dynamic,HTTP/3
2025-04-30 23:28:16,index,176.101999998093,214,TheEmptinessMachine,BBR,Dynamic,HTTP/3
2025-04-30 23:28:18,index,178.101999998093,214,TheEmptinessMachine,BBR,Dynamic,HTTP/3
2025-04-30 23:28:22,index,182.101999998093,330,TheEmptinessMachine,BBR,Dynamic,HTTP/3
2025-04-30 23:28:24,index,184.101999998093,169,TheEmptinessMachine,BBR,Dynamic,HTTP/3
2025-04-30 23:28:26,index,186.101999998093,214,TheEmptinessMachine,BBR,Dynamic,HTTP/3
2025-04-30 23:28:28,index,188.101999998093,214,TheEmptinessMachine,BBR,Dynamic,HTTP/3
2025-04-30 23:28:30,index,190.102999925613,214,TheEmptinessMachine,BBR,Dynamic,HTTP/3
2025-04-30 23:28:34,index,194.101999998093,169,TheEmptinessMachine,BBR,Dynamic,HTTP/3
2025-04-30 23:28:36,index,196.101999998093,169,TheEmptinessMachine,BBR,Dynamic,HTTP/3
2025-04-30 23:29:23,index,4.30099987983704,1767,TheEmptinessMachine,BBR,Bola,HTTP/1.1
2025-04-30 23:29:25,index,6.30199980735779,1767,TheEmptinessMachine,BBR,Bola,HTTP/1.1
2025-04-30 23:29:27,index,8.30099987983704,1767,TheEmptinessMachine,BBR,Bola,HTTP/1.1
2025-04-30 23:29:29,index,10.300999879837,84,TheEmptinessMachine,BBR,Bola,HTTP/1.1
2025-04-30 23:29:31,index,12.300999879837,169,TheEmptinessMachine,BBR,Bola,HTTP/1.1
2025-04-30 23:29:33,index,14.300999879837,320,TheEmptinessMachine,BBR,Bola,HTTP/1.1
2025-04-30 23:29:35,index,16.300999879837,330,TheEmptinessMachine,BBR,Bola,HTTP/1.1
2025-04-30 23:29:37,index,18.300999879837,635,TheEmptinessMachine,BBR,Bola,HTTP/1.1
2025-04-30 23:29:39,index,20.300999879837,635,TheEmptinessMachine,BBR,Bola,HTTP/1.1
2025-04-30 23:29:41,index,22.300999879837,635,TheEmptinessMachine,BBR,Bola,HTTP/1.1
2025-04-30 23:29:43,index,24.300999879837,84,TheEmptinessMachine,BBR,Bola,HTTP/1.1
2025-04-30 23:29:45,index,26.300999879837,166,TheEmptinessMachine,BBR,Bola,HTTP/1.1
2025-04-30 23:29:47,index,28.300999879837,214,TheEmptinessMachine,BBR,Bola,HTTP/1.1
2025-04-30 23:29:49,index,30.300999879837,330,TheEmptinessMachine,BBR,Bola,HTTP/1.1
2025-04-30 23:29:51,index,32.300999879837,330,TheEmptinessMachine,BBR,Bola,HTTP/1.1
2025-04-30 23:29:53,index,34.300999879837,320,TheEmptinessMachine,BBR,Bola,HTTP/1.1
2025-04-30 23:29:55,index,36.300999879837,320,TheEmptinessMachine,BBR,Bola,HTTP/1.1
2025-04-30 23:29:57,index,38.300999879837,320,TheEmptinessMachine,BBR,Bola,HTTP/1.1
2025-04-30 23:29:59,index,40.300999879837,320,TheEmptinessMachine,BBR,Bola,HTTP/1.1
2025-04-30 23:30:01,index,42.300999879837,320,TheEmptinessMachine,BBR,Bola,HTTP/1.1
2025-04-30 23:30:03,index,44.300999879837,320,TheEmptinessMachine,BBR,Bola,HTTP/1.1
2025-04-30 23:30:05,index,46.300999879837,330,TheEmptinessMachine,BBR,Bola,HTTP/1.1
2025-04-30 23:30:07,index,48.300999879837,330,TheEmptinessMachine,BBR,Bola,HTTP/1.1
2025-04-30 23:30:09,index,50.300999879837,330,TheEmptinessMachine,BBR,Bola,HTTP/1.1
2025-04-30 23:30:11,index,52.300999879837,330,TheEmptinessMachine,BBR,Bola,HTTP/1.1
2025-04-30 23:30:13,index,54.300999879837,635,TheEmptinessMachine,BBR,Bola,HTTP/1.1
2025-04-30 23:30:15,index,56.300999879837,674,TheEmptinessMachine,BBR,Bola,HTTP/1.1
2025-04-30 23:30:17,index,58.300999879837,674,TheEmptinessMachine,BBR,Bola,HTTP/1.1
2025-04-30 23:30:19,index,60.300999879837,635,TheEmptinessMachine,BBR,Bola,HTTP/1.1
2025-04-30 23:30:21,index,62.300999879837,635,TheEmptinessMachine,BBR,Bola,HTTP/1.1
2025-04-30 23:30:23,index,64.300999879837,84,TheEmptinessMachine,BBR,Bola,HTTP/1.1
2025-04-30 23:30:25,index,66.300999879837,169,TheEmptinessMachine,BBR,Bola,HTTP/1.1
2025-04-30 23:30:27,index,68.300999879837,214,TheEmptinessMachine,BBR,Bola,HTTP/1.1
2025-04-30 23:30:29,index,70.300999879837,214,TheEmptinessMachine,BBR,Bola,HTTP/1.1
2025-04-30 23:30:31,index,72.300999879837,169,TheEmptinessMachine,BBR,Bola,HTTP/1.1
2025-04-30 23:30:33,index,74.300999879837,84,TheEmptinessMachine,BBR,Bola,HTTP/1.1
2025-04-30 23:30:35,index,76.300999879837,330,TheEmptinessMachine,BBR,Bola,HTTP/1.1
2025-04-30 23:30:37,index,78.300999879837,84,TheEmptinessMachine,BBR,Bola,HTTP/1.1
2025-04-30 23:30:39,index,80.300999879837,214,TheEmptinessMachine,BBR,Bola,HTTP/1.1
2025-04-30 23:30:41,index,82.300999879837,320,TheEmptinessMachine,BBR,Bola,HTTP/1.1
2025-04-30 23:30:43,index,84.300999879837,214,TheEmptinessMachine,BBR,Bola,HTTP/1.1
2025-04-30 23:30:45,index,86.300999879837,214,TheEmptinessMachine,BBR,Bola,HTTP/1.1
2025-04-30 23:30:47,index,88.300999879837,214,TheEmptinessMachine,BBR,Bola,HTTP/1.1
2025-04-30 23:30:49,index,90.300999879837,214,TheEmptinessMachine,BBR,Bola,HTTP/1.1
2025-04-30 23:30:51,index,92.300999879837,214,TheEmptinessMachine,BBR,Bola,HTTP/1.1
2025-04-30 23:30:53,index,94.300999879837,214,TheEmptinessMachine,BBR,Bola,HTTP/1.1
2025-04-30 23:30:55,index,96.300999879837,214,TheEmptinessMachine,BBR,Bola,HTTP/1.1
2025-04-30 23:30:57,index,98.300999879837,330,TheEmptinessMachine,BBR,Bola,HTTP/1.1
2025-04-30 23:30:59,index,100.300999879837,330,TheEmptinessMachine,BBR,Bola,HTTP/1.1
2025-04-30 23:31:01,index,102.300999879837,330,TheEmptinessMachine,BBR,Bola,HTTP/1.1
2025-04-30 23:31:03,index,104.300999879837,330,TheEmptinessMachine,BBR,Bola,HTTP/1.1
2025-04-30 23:31:05,index,106.300999879837,330,TheEmptinessMachine,BBR,Bola,HTTP/1.1
2025-04-30 23:31:07,index,108.300999879837,330,TheEmptinessMachine,BBR,Bola,HTTP/1.1
2025-04-30 23:31:09,index,110.300999879837,320,TheEmptinessMachine,BBR,Bola,HTTP/1.1
2025-04-30 23:31:11,index,112.300999879837,320,TheEmptinessMachine,BBR,Bola,HTTP/1.1
2025-04-30 23:31:13,index,114.300999879837,320,TheEmptinessMachine,BBR,Bola,HTTP/1.1
2025-04-30 23:31:15,index,116.300999879837,320,TheEmptinessMachine,BBR,Bola,HTTP/1.1
2025-04-30 23:31:17,index,118.300999879837,320,TheEmptinessMachine,BBR,Bola,HTTP/1.1
2025-04-30 23:31:19,index,120.300999879837,320,TheEmptinessMachine,BBR,Bola,HTTP/1.1
2025-04-30 23:31:21,index,122.300999879837,320,TheEmptinessMachine,BBR,Bola,HTTP/1.1
2025-04-30 23:31:23,index,124.300999879837,635,TheEmptinessMachine,BBR,Bola,HTTP/1.1
2025-04-30 23:31:25,index,126.300999879837,635,TheEmptinessMachine,BBR,Bola,HTTP/1.1
2025-04-30 23:31:27,index,128.301999807358,635,TheEmptinessMachine,BBR,Bola,HTTP/1.1
2025-04-30 23:31:29,index,130.300999879837,635,TheEmptinessMachine,BBR,Bola,HTTP/1.1
2025-04-30 23:31:31,index,132.300999879837,635,TheEmptinessMachine,BBR,Bola,HTTP/1.1
2025-04-30 23:31:33,index,134.300999879837,635,TheEmptinessMachine,BBR,Bola,HTTP/1.1
2025-04-30 23:31:35,index,136.300999879837,330,TheEmptinessMachine,BBR,Bola,HTTP/1.1
2025-04-30 23:31:39,index,140.300999879837,214,TheEmptinessMachine,BBR,Bola,HTTP/1.1
2025-04-30 23:31:41,index,142.300999879837,320,TheEmptinessMachine,BBR,Bola,HTTP/1.1
2025-04-30 23:31:43,index,144.300999879837,214,TheEmptinessMachine,BBR,Bola,HTTP/1.1
2025-04-30 23:31:45,index,146.300999879837,214,TheEmptinessMachine,BBR,Bola,HTTP/1.1
2025-04-30 23:31:47,index,148.300999879837,214,TheEmptinessMachine,BBR,Bola,HTTP/1.1
2025-04-30 23:31:49,index,150.300999879837,214,TheEmptinessMachine,BBR,Bola,HTTP/1.1
2025-04-30 23:31:51,index,152.300999879837,214,TheEmptinessMachine,BBR,Bola,HTTP/1.1
2025-04-30 23:31:53,index,154.300999879837,214,TheEmptinessMachine,BBR,Bola,HTTP/1.1
2025-04-30 23:31:55,index,156.300999879837,214,TheEmptinessMachine,BBR,Bola,HTTP/1.1
2025-04-30 23:31:57,index,158.300999879837,635,TheEmptinessMachine,BBR,Bola,HTTP/1.1
2025-04-30 23:31:59,index,160.300999879837,635,TheEmptinessMachine,BBR,Bola,HTTP/1.1
2025-04-30 23:32:01,index,162.300999879837,674,TheEmptinessMachine,BBR,Bola,HTTP/1.1
2025-04-30 23:32:03,index,164.300999879837,674,TheEmptinessMachine,BBR,Bola,HTTP/1.1
2025-04-30 23:32:05,index,166.300999879837,674,TheEmptinessMachine,BBR,Bola,HTTP/1.1
2025-04-30 23:32:07,index,168.300999879837,330,TheEmptinessMachine,BBR,Bola,HTTP/1.1
2025-04-30 23:32:09,index,170.300999879837,330,TheEmptinessMachine,BBR,Bola,HTTP/1.1
2025-04-30 23:32:11,index,172.300999879837,166,TheEmptinessMachine,BBR,Bola,HTTP/1.1
2025-04-30 23:32:13,index,174.300999879837,169,TheEmptinessMachine,BBR,Bola,HTTP/1.1
2025-04-30 23:32:15,index,176.300999879837,214,TheEmptinessMachine,BBR,Bola,HTTP/1.1
2025-04-30 23:32:17,index,178.300999879837,320,TheEmptinessMachine,BBR,Bola,HTTP/1.1
2025-04-30 23:32:19,index,180.300999879837,214,TheEmptinessMachine,BBR,Bola,HTTP/1.1
2025-04-30 23:32:21,index,182.300999879837,214,TheEmptinessMachine,BBR,Bola,HTTP/1.1
2025-04-30 23:32:23,index,184.300999879837,214,TheEmptinessMachine,BBR,Bola,HTTP/1.1
2025-04-30 23:32:25,index,186.300999879837,214,TheEmptinessMachine,BBR,Bola,HTTP/1.1
2025-04-30 23:32:27,index,188.300999879837,214,TheEmptinessMachine,BBR,Bola,HTTP/1.1
2025-04-30 23:32:29,index,190.300999879837,214,TheEmptinessMachine,BBR,Bola,HTTP/1.1
2025-04-30 23:32:31,index,192.300999879837,214,TheEmptinessMachine,BBR,Bola,HTTP/1.1
2025-04-30 23:32:33,index,194.300999879837,214,TheEmptinessMachine,BBR,Bola,HTTP/1.1
2025-04-30 23:32:35,index,196.300999879837,214,TheEmptinessMachine,BBR,Bola,HTTP/1.1
2025-04-30 23:33:24,index,6.57100009918213,674,TheEmptinessMachine,BBR,Bola,HTTP/2
2025-04-30 23:33:26,index,8.57100009918213,674,TheEmptinessMachine,BBR,Bola,HTTP/2
2025-04-30 23:33:28,index,10.5710000991821,674,TheEmptinessMachine,BBR,Bola,HTTP/2
2025-04-30 23:33:30,index,12.5710000991821,674,TheEmptinessMachine,BBR,Bola,HTTP/2
2025-04-30 23:33:32,index,14.5710000991821,330,TheEmptinessMachine,BBR,Bola,HTTP/2
2025-04-30 23:33:34,index,16.5710000991821,330,TheEmptinessMachine,BBR,Bola,HTTP/2
2025-04-30 23:33:36,index,18.5710000991821,330,TheEmptinessMachine,BBR,Bola,HTTP/2
2025-04-30 23:33:38,index,20.5710000991821,330,TheEmptinessMachine,BBR,Bola,HTTP/2
2025-04-30 23:33:40,index,22.5710000991821,330,TheEmptinessMachine,BBR,Bola,HTTP/2
2025-04-30 23:33:42,index,24.5710000991821,330,TheEmptinessMachine,BBR,Bola,HTTP/2
2025-04-30 23:33:44,index,26.5710000991821,330,TheEmptinessMachine,BBR,Bola,HTTP/2
2025-04-30 23:33:46,index,28.5710000991821,330,TheEmptinessMachine,BBR,Bola,HTTP/2
2025-04-30 23:33:48,index,30.5710000991821,330,TheEmptinessMachine,BBR,Bola,HTTP/2
2025-04-30 23:33:50,index,32.5710000991821,330,TheEmptinessMachine,BBR,Bola,HTTP/2
2025-04-30 23:33:52,index,34.5710000991821,330,TheEmptinessMachine,BBR,Bola,HTTP/2
2025-04-30 23:33:54,index,36.5710000991821,330,TheEmptinessMachine,BBR,Bola,HTTP/2
2025-04-30 23:33:56,index,38.5710000991821,635,TheEmptinessMachine,BBR,Bola,HTTP/2
2025-04-30 23:33:58,index,40.5710000991821,635,TheEmptinessMachine,BBR,Bola,HTTP/2
2025-04-30 23:34:00,index,42.5710000991821,674,TheEmptinessMachine,BBR,Bola,HTTP/2
2025-04-30 23:34:02,index,44.5710000991821,674,TheEmptinessMachine,BBR,Bola,HTTP/2
2025-04-30 23:34:04,index,46.5710000991821,674,TheEmptinessMachine,BBR,Bola,HTTP/2
2025-04-30 23:34:06,index,48.5710000991821,330,TheEmptinessMachine,BBR,Bola,HTTP/2
2025-04-30 23:34:08,index,50.5710000991821,330,TheEmptinessMachine,BBR,Bola,HTTP/2
2025-04-30 23:34:10,index,52.5720000267029,330,TheEmptinessMachine,BBR,Bola,HTTP/2
2025-04-30 23:34:12,index,54.5710000991821,330,TheEmptinessMachine,BBR,Bola,HTTP/2
2025-04-30 23:34:14,index,56.5710000991821,330,TheEmptinessMachine,BBR,Bola,HTTP/2
2025-04-30 23:34:16,index,58.5710000991821,330,TheEmptinessMachine,BBR,Bola,HTTP/2
2025-04-30 23:34:18,index,60.5710000991821,330,TheEmptinessMachine,BBR,Bola,HTTP/2
2025-04-30 23:34:20,index,62.5710000991821,330,TheEmptinessMachine,BBR,Bola,HTTP/2
2025-04-30 23:34:22,index,64.5710000991821,330,TheEmptinessMachine,BBR,Bola,HTTP/2
2025-04-30 23:34:24,index,66.5710000991821,330,TheEmptinessMachine,BBR,Bola,HTTP/2
2025-04-30 23:34:26,index,68.5710000991821,635,TheEmptinessMachine,BBR,Bola,HTTP/2
2025-04-30 23:34:28,index,70.5710000991821,635,TheEmptinessMachine,BBR,Bola,HTTP/2
2025-04-30 23:34:30,index,72.5710000991821,635,TheEmptinessMachine,BBR,Bola,HTTP/2
2025-04-30 23:34:32,index,74.5710000991821,674,TheEmptinessMachine,BBR,Bola,HTTP/2
2025-04-30 23:34:34,index,76.5710000991821,674,TheEmptinessMachine,BBR,Bola,HTTP/2
2025-04-30 23:34:36,index,78.5710000991821,674,TheEmptinessMachine,BBR,Bola,HTTP/2
2025-04-30 23:34:38,index,80.5710000991821,330,TheEmptinessMachine,BBR,Bola,HTTP/2
2025-04-30 23:34:40,index,82.5710000991821,330,TheEmptinessMachine,BBR,Bola,HTTP/2
2025-04-30 23:34:42,index,84.5710000991821,330,TheEmptinessMachine,BBR,Bola,HTTP/2
2025-04-30 23:34:44,index,86.6319999694824,330,TheEmptinessMachine,BBR,Bola,HTTP/2
2025-04-30 23:34:46,index,88.5710000991821,330,TheEmptinessMachine,BBR,Bola,HTTP/2
2025-04-30 23:34:48,index,90.5710000991821,330,TheEmptinessMachine,BBR,Bola,HTTP/2
2025-04-30 23:34:50,index,92.5710000991821,330,TheEmptinessMachine,BBR,Bola,HTTP/2
2025-04-30 23:34:52,index,94.5710000991821,330,TheEmptinessMachine,BBR,Bola,HTTP/2
2025-04-30 23:34:54,index,96.5710000991821,330,TheEmptinessMachine,BBR,Bola,HTTP/2
2025-04-30 23:34:56,index,98.5710000991821,635,TheEmptinessMachine,BBR,Bola,HTTP/2
2025-04-30 23:34:58,index,100.571000099182,674,TheEmptinessMachine,BBR,Bola,HTTP/2
2025-04-30 23:35:00,index,102.571000099182,674,TheEmptinessMachine,BBR,Bola,HTTP/2
2025-04-30 23:35:02,index,104.575000047684,674,TheEmptinessMachine,BBR,Bola,HTTP/2
2025-04-30 23:35:04,index,106.571000099182,674,TheEmptinessMachine,BBR,Bola,HTTP/2
2025-04-30 23:35:06,index,108.571000099182,330,TheEmptinessMachine,BBR,Bola,HTTP/2
2025-04-30 23:35:08,index,110.571000099182,635,TheEmptinessMachine,BBR,Bola,HTTP/2
2025-04-30 23:35:10,index,112.571000099182,330,TheEmptinessMachine,BBR,Bola,HTTP/2
2025-04-30 23:35:12,index,114.571000099182,674,TheEmptinessMachine,BBR,Bola,HTTP/2
2025-04-30 23:35:14,index,116.571000099182,330,TheEmptinessMachine,BBR,Bola,HTTP/2
2025-04-30 23:35:16,index,118.571000099182,330,TheEmptinessMachine,BBR,Bola,HTTP/2
2025-04-30 23:35:18,index,120.571000099182,330,TheEmptinessMachine,BBR,Bola,HTTP/2
2025-04-30 23:35:20,index,122.571000099182,330,TheEmptinessMachine,BBR,Bola,HTTP/2
2025-04-30 23:35:22,index,124.571000099182,635,TheEmptinessMachine,BBR,Bola,HTTP/2
2025-04-30 23:35:24,index,126.571000099182,674,TheEmptinessMachine,BBR,Bola,HTTP/2
2025-04-30 23:35:26,index,128.571000099182,674,TheEmptinessMachine,BBR,Bola,HTTP/2
2025-04-30 23:35:30,index,132.571000099182,166,TheEmptinessMachine,BBR,Bola,HTTP/2
2025-04-30 23:35:32,index,134.571000099182,214,TheEmptinessMachine,BBR,Bola,HTTP/2
2025-04-30 23:35:34,index,136.571000099182,320,TheEmptinessMachine,BBR,Bola,HTTP/2
2025-04-30 23:35:36,index,138.571000099182,214,TheEmptinessMachine,BBR,Bola,HTTP/2
2025-04-30 23:35:38,index,140.571000099182,166,TheEmptinessMachine,BBR,Bola,HTTP/2
2025-04-30 23:35:40,index,142.571000099182,214,TheEmptinessMachine,BBR,Bola,HTTP/2
2025-04-30 23:35:42,index,144.578000068665,214,TheEmptinessMachine,BBR,Bola,HTTP/2
2025-04-30 23:35:44,index,146.571000099182,166,TheEmptinessMachine,BBR,Bola,HTTP/2
2025-04-30 23:35:46,index,148.571000099182,166,TheEmptinessMachine,BBR,Bola,HTTP/2
2025-04-30 23:35:48,index,150.571000099182,169,TheEmptinessMachine,BBR,Bola,HTTP/2
2025-04-30 23:35:50,index,152.571000099182,169,TheEmptinessMachine,BBR,Bola,HTTP/2
2025-04-30 23:35:52,index,154.571000099182,169,TheEmptinessMachine,BBR,Bola,HTTP/2
2025-04-30 23:35:54,index,156.571000099182,169,TheEmptinessMachine,BBR,Bola,HTTP/2
2025-04-30 23:35:56,index,158.571000099182,330,TheEmptinessMachine,BBR,Bola,HTTP/2
2025-04-30 23:35:58,index,160.571000099182,330,TheEmptinessMachine,BBR,Bola,HTTP/2
2025-04-30 23:36:00,index,162.571000099182,330,TheEmptinessMachine,BBR,Bola,HTTP/2
2025-04-30 23:36:02,index,164.571000099182,330,TheEmptinessMachine,BBR,Bola,HTTP/2
2025-04-30 23:36:04,index,166.571000099182,320,TheEmptinessMachine,BBR,Bola,HTTP/2
2025-04-30 23:36:06,index,168.571000099182,320,TheEmptinessMachine,BBR,Bola,HTTP/2
2025-04-30 23:36:08,index,170.571000099182,320,TheEmptinessMachine,BBR,Bola,HTTP/2
2025-04-30 23:36:10,index,172.571000099182,320,TheEmptinessMachine,BBR,Bola,HTTP/2
2025-04-30 23:36:12,index,174.571000099182,320,TheEmptinessMachine,BBR,Bola,HTTP/2
2025-04-30 23:36:14,index,176.571000099182,320,TheEmptinessMachine,BBR,Bola,HTTP/2
2025-04-30 23:36:16,index,178.571000099182,320,TheEmptinessMachine,BBR,Bola,HTTP/2
2025-04-30 23:36:18,index,180.571000099182,320,TheEmptinessMachine,BBR,Bola,HTTP/2
2025-04-30 23:36:20,index,182.571000099182,320,TheEmptinessMachine,BBR,Bola,HTTP/2
2025-04-30 23:36:22,index,184.571000099182,320,TheEmptinessMachine,BBR,Bola,HTTP/2
2025-04-30 23:36:24,index,186.571000099182,320,TheEmptinessMachine,BBR,Bola,HTTP/2
2025-04-30 23:36:26,index,188.571000099182,330,TheEmptinessMachine,BBR,Bola,HTTP/2
2025-04-30 23:36:28,index,190.571000099182,330,TheEmptinessMachine,BBR,Bola,HTTP/2
2025-04-30 23:36:30,index,192.571000099182,330,TheEmptinessMachine,BBR,Bola,HTTP/2
2025-04-30 23:36:32,index,194.571000099182,166,TheEmptinessMachine,BBR,Bola,HTTP/2
2025-04-30 23:36:34,index,196.571000099182,166,TheEmptinessMachine,BBR,Bola,HTTP/2
2025-04-30 23:36:36,index,198.571000099182,214,TheEmptinessMachine,BBR,Bola,HTTP/2
2025-04-30 23:36:38,index,200.571000099182,214,TheEmptinessMachine,BBR,Bola,HTTP/2
2025-04-30 23:36:40,index,202.571000099182,169,TheEmptinessMachine,BBR,Bola,HTTP/2
2025-04-30 23:36:42,index,204.571000099182,169,TheEmptinessMachine,BBR,Bola,HTTP/2
2025-04-30 23:37:21,index,8.3199999332428,84,TheEmptinessMachine,BBR,Bola,HTTP/3
2025-04-30 23:37:23,index,10.3199999332428,84,TheEmptinessMachine,BBR,Bola,HTTP/3
2025-04-30 23:37:25,index,12.3199999332428,84,TheEmptinessMachine,BBR,Bola,HTTP/3
2025-04-30 23:37:27,index,14.3199999332428,84,TheEmptinessMachine,BBR,Bola,HTTP/3
2025-04-30 23:37:29,index,16.3199999332428,214,TheEmptinessMachine,BBR,Bola,HTTP/3
2025-04-30 23:37:31,index,18.3199999332428,214,TheEmptinessMachine,BBR,Bola,HTTP/3
2025-04-30 23:37:33,index,20.3199999332428,72,TheEmptinessMachine,BBR,Bola,HTTP/3
2025-04-30 23:37:35,index,22.3199999332428,72,TheEmptinessMachine,BBR,Bola,HTTP/3
2025-04-30 23:37:37,index,24.3199999332428,72,TheEmptinessMachine,BBR,Bola,HTTP/3
2025-04-30 23:37:39,index,26.3199999332428,72,TheEmptinessMachine,BBR,Bola,HTTP/3
2025-04-30 23:37:41,index,28.3199999332428,72,TheEmptinessMachine,BBR,Bola,HTTP/3
2025-04-30 23:37:43,index,30.3199999332428,72,TheEmptinessMachine,BBR,Bola,HTTP/3
2025-04-30 23:37:45,index,32.3199999332428,330,TheEmptinessMachine,BBR,Bola,HTTP/3
2025-04-30 23:37:47,index,34.3199999332428,330,TheEmptinessMachine,BBR,Bola,HTTP/3
2025-04-30 23:37:49,index,36.3209998607635,330,TheEmptinessMachine,BBR,Bola,HTTP/3
2025-04-30 23:37:51,index,38.3199999332428,330,TheEmptinessMachine,BBR,Bola,HTTP/3
2025-04-30 23:37:53,index,40.3199999332428,330,TheEmptinessMachine,BBR,Bola,HTTP/3
2025-04-30 23:37:55,index,42.3199999332428,330,TheEmptinessMachine,BBR,Bola,HTTP/3
2025-04-30 23:37:57,index,44.3199999332428,330,TheEmptinessMachine,BBR,Bola,HTTP/3
2025-04-30 23:37:59,index,46.3199999332428,330,TheEmptinessMachine,BBR,Bola,HTTP/3
2025-04-30 23:38:01,index,48.3199999332428,84,TheEmptinessMachine,BBR,Bola,HTTP/3
2025-04-30 23:38:03,index,50.3199999332428,84,TheEmptinessMachine,BBR,Bola,HTTP/3
2025-04-30 23:38:05,index,52.3199999332428,84,TheEmptinessMachine,BBR,Bola,HTTP/3
2025-04-30 23:38:07,index,54.3199999332428,84,TheEmptinessMachine,BBR,Bola,HTTP/3
2025-04-30 23:38:09,index,56.3199999332428,84,TheEmptinessMachine,BBR,Bola,HTTP/3
2025-04-30 23:38:11,index,58.3199999332428,330,TheEmptinessMachine,BBR,Bola,HTTP/3
2025-04-30 23:38:13,index,60.3199999332428,330,TheEmptinessMachine,BBR,Bola,HTTP/3
2025-04-30 23:38:15,index,62.3199999332428,330,TheEmptinessMachine,BBR,Bola,HTTP/3
2025-04-30 23:38:17,index,64.3199999332428,330,TheEmptinessMachine,BBR,Bola,HTTP/3
2025-04-30 23:38:19,index,66.3199999332428,330,TheEmptinessMachine,BBR,Bola,HTTP/3
2025-04-30 23:38:21,index,68.3199999332428,330,TheEmptinessMachine,BBR,Bola,HTTP/3
2025-04-30 23:38:23,index,70.3199999332428,84,TheEmptinessMachine,BBR,Bola,HTTP/3
2025-04-30 23:38:25,index,72.3199999332428,84,TheEmptinessMachine,BBR,Bola,HTTP/3
2025-04-30 23:38:27,index,74.3199999332428,84,TheEmptinessMachine,BBR,Bola,HTTP/3
2025-04-30 23:38:29,index,76.3199999332428,84,TheEmptinessMachine,BBR,Bola,HTTP/3
2025-04-30 23:38:31,index,78.3199999332428,84,TheEmptinessMachine,BBR,Bola,HTTP/3
2025-04-30 23:38:33,index,80.3199999332428,84,TheEmptinessMachine,BBR,Bola,HTTP/3
2025-04-30 23:38:35,index,82.3199999332428,84,TheEmptinessMachine,BBR,Bola,HTTP/3
2025-04-30 23:38:37,index,84.3199999332428,84,TheEmptinessMachine,BBR,Bola,HTTP/3
2025-04-30 23:38:39,index,86.3199999332428,169,TheEmptinessMachine,BBR,Bola,HTTP/3
2025-04-30 23:38:41,index,88.3199999332428,169,TheEmptinessMachine,BBR,Bola,HTTP/3
2025-04-30 23:38:43,index,90.3199999332428,169,TheEmptinessMachine,BBR,Bola,HTTP/3
2025-04-30 23:38:45,index,92.3199999332428,169,TheEmptinessMachine,BBR,Bola,HTTP/3
2025-04-30 23:38:47,index,94.3199999332428,72,TheEmptinessMachine,BBR,Bola,HTTP/3
2025-04-30 23:38:49,index,96.3199999332428,72,TheEmptinessMachine,BBR,Bola,HTTP/3
2025-04-30 23:38:51,index,98.3199999332428,72,TheEmptinessMachine,BBR,Bola,HTTP/3
2025-04-30 23:38:53,index,100.319999933243,72,TheEmptinessMachine,BBR,Bola,HTTP/3
2025-04-30 23:38:55,index,102.319999933243,72,TheEmptinessMachine,BBR,Bola,HTTP/3
2025-04-30 23:38:57,index,104.319999933243,72,TheEmptinessMachine,BBR,Bola,HTTP/3
2025-04-30 23:38:59,index,106.319999933243,214,TheEmptinessMachine,BBR,Bola,HTTP/3
2025-04-30 23:39:01,index,108.319999933243,214,TheEmptinessMachine,BBR,Bola,HTTP/3
2025-04-30 23:39:03,index,110.319999933243,214,TheEmptinessMachine,BBR,Bola,HTTP/3
2025-04-30 23:39:05,index,112.319999933243,214,TheEmptinessMachine,BBR,Bola,HTTP/3
2025-04-30 23:39:07,index,114.319999933243,214,TheEmptinessMachine,BBR,Bola,HTTP/3
2025-04-30 23:39:09,index,116.319999933243,320,TheEmptinessMachine,BBR,Bola,HTTP/3
2025-04-30 23:39:11,index,118.319999933243,84,TheEmptinessMachine,BBR,Bola,HTTP/3
2025-04-30 23:39:13,index,120.319999933243,214,TheEmptinessMachine,BBR,Bola,HTTP/3
2025-04-30 23:39:15,index,122.319999933243,72,TheEmptinessMachine,BBR,Bola,HTTP/3
2025-04-30 23:39:17,index,124.319999933243,72,TheEmptinessMachine,BBR,Bola,HTTP/3
2025-04-30 23:39:19,index,126.320999860764,72,TheEmptinessMachine,BBR,Bola,HTTP/3
2025-04-30 23:39:21,index,128.319999933243,72,TheEmptinessMachine,BBR,Bola,HTTP/3
2025-04-30 23:39:23,index,130.319999933243,72,TheEmptinessMachine,BBR,Bola,HTTP/3
2025-04-30 23:39:25,index,132.322000026703,72,TheEmptinessMachine,BBR,Bola,HTTP/3
2025-04-30 23:39:27,index,134.319999933243,214,TheEmptinessMachine,BBR,Bola,HTTP/3
2025-04-30 23:39:29,index,136.319999933243,84,TheEmptinessMachine,BBR,Bola,HTTP/3
2025-04-30 23:39:31,index,138.319999933243,84,TheEmptinessMachine,BBR,Bola,HTTP/3
2025-04-30 23:39:33,index,140.319999933243,84,TheEmptinessMachine,BBR,Bola,HTTP/3
2025-04-30 23:39:35,index,142.319999933243,84,TheEmptinessMachine,BBR,Bola,HTTP/3
2025-04-30 23:39:37,index,144.320999860764,84,TheEmptinessMachine,BBR,Bola,HTTP/3
2025-04-30 23:39:39,index,146.320999860764,84,TheEmptinessMachine,BBR,Bola,HTTP/3
2025-04-30 23:39:41,index,148.319999933243,169,TheEmptinessMachine,BBR,Bola,HTTP/3
2025-04-30 23:39:43,index,150.319999933243,214,TheEmptinessMachine,BBR,Bola,HTTP/3
2025-04-30 23:39:45,index,152.319999933243,214,TheEmptinessMachine,BBR,Bola,HTTP/3
2025-04-30 23:39:47,index,154.319999933243,330,TheEmptinessMachine,BBR,Bola,HTTP/3
2025-04-30 23:39:49,index,156.319999933243,330,TheEmptinessMachine,BBR,Bola,HTTP/3
2025-04-30 23:39:51,index,158.319999933243,169,TheEmptinessMachine,BBR,Bola,HTTP/3
2025-04-30 23:39:53,index,160.319999933243,72,TheEmptinessMachine,BBR,Bola,HTTP/3
2025-04-30 23:39:55,index,162.319999933243,72,TheEmptinessMachine,BBR,Bola,HTTP/3
2025-04-30 23:39:57,index,164.319999933243,72,TheEmptinessMachine,BBR,Bola,HTTP/3
2025-04-30 23:39:59,index,166.319999933243,72,TheEmptinessMachine,BBR,Bola,HTTP/3
2025-04-30 23:40:01,index,168.319999933243,166,TheEmptinessMachine,BBR,Bola,HTTP/3
2025-04-30 23:40:03,index,170.319999933243,166,TheEmptinessMachine,BBR,Bola,HTTP/3
2025-04-30 23:40:05,index,172.319999933243,214,TheEmptinessMachine,BBR,Bola,HTTP/3
2025-04-30 23:40:07,index,174.320999860764,330,TheEmptinessMachine,BBR,Bola,HTTP/3
2025-04-30 23:40:09,index,176.319999933243,330,TheEmptinessMachine,BBR,Bola,HTTP/3
2025-04-30 23:40:11,index,178.319999933243,330,TheEmptinessMachine,BBR,Bola,HTTP/3
2025-04-30 23:40:13,index,180.319999933243,76,TheEmptinessMachine,BBR,Bola,HTTP/3
2025-04-30 23:40:15,index,182.319999933243,72,TheEmptinessMachine,BBR,Bola,HTTP/3
2025-04-30 23:40:17,index,184.319999933243,72,TheEmptinessMachine,BBR,Bola,HTTP/3
2025-04-30 23:40:19,index,186.319999933243,72,TheEmptinessMachine,BBR,Bola,HTTP/3
2025-04-30 23:40:21,index,188.319999933243,72,TheEmptinessMachine,BBR,Bola,HTTP/3
2025-04-30 23:40:23,index,190.319999933243,72,TheEmptinessMachine,BBR,Bola,HTTP/3
2025-04-30 23:40:25,index,192.319999933243,72,TheEmptinessMachine,BBR,Bola,HTTP/3
2025-04-30 23:40:27,index,194.319999933243,72,TheEmptinessMachine,BBR,Bola,HTTP/3
2025-04-30 23:40:29,index,196.319999933243,72,TheEmptinessMachine,BBR,Bola,HTTP/3
2025-04-30 23:40:31,index,198.319999933243,72,TheEmptinessMachine,BBR,Bola,HTTP/3
2025-04-30 23:40:33,index,200.319999933243,72,TheEmptinessMachine,BBR,Bola,HTTP/3
2025-04-30 23:40:35,index,202.319999933243,72,TheEmptinessMachine,BBR,Bola,HTTP/3
2025-04-30 23:41:17,index,4.31699991226196,3486,TheEmptinessMachine,BBR,Festive,HTTP/1.1
2025-04-30 23:41:19,index,6.31699991226196,3486,TheEmptinessMachine,BBR,Festive,HTTP/1.1
2025-04-30 23:41:21,index,8.31800007820129,1226,TheEmptinessMachine,BBR,Festive,HTTP/1.1
2025-04-30 23:41:25,index,12.316999912262,72,TheEmptinessMachine,BBR,Festive,HTTP/1.1
2025-04-30 23:41:27,index,14.316999912262,72,TheEmptinessMachine,BBR,Festive,HTTP/1.1
2025-04-30 23:41:29,index,16.316999912262,72,TheEmptinessMachine,BBR,Festive,HTTP/1.1
2025-04-30 23:41:31,index,18.316999912262,72,TheEmptinessMachine,BBR,Festive,HTTP/1.1
2025-04-30 23:41:33,index,20.316999912262,320,TheEmptinessMachine,BBR,Festive,HTTP/1.1
2025-04-30 23:41:37,index,24.316999912262,1226,TheEmptinessMachine,BBR,Festive,HTTP/1.1
2025-04-30 23:41:39,index,26.316999912262,1226,TheEmptinessMachine,BBR,Festive,HTTP/1.1
2025-04-30 23:41:41,index,28.316999912262,1226,TheEmptinessMachine,BBR,Festive,HTTP/1.1
2025-04-30 23:41:43,index,30.316999912262,330,TheEmptinessMachine,BBR,Festive,HTTP/1.1
2025-04-30 23:41:45,index,32.316999912262,330,TheEmptinessMachine,BBR,Festive,HTTP/1.1
2025-04-30 23:41:47,index,34.316999912262,330,TheEmptinessMachine,BBR,Festive,HTTP/1.1
2025-04-30 23:41:49,index,36.316999912262,330,TheEmptinessMachine,BBR,Festive,HTTP/1.1
2025-04-30 23:41:51,index,38.316999912262,330,TheEmptinessMachine,BBR,Festive,HTTP/1.1
2025-04-30 23:41:53,index,40.316999912262,1767,TheEmptinessMachine,BBR,Festive,HTTP/1.1
2025-04-30 23:41:55,index,42.316999912262,674,TheEmptinessMachine,BBR,Festive,HTTP/1.1
2025-04-30 23:41:57,index,44.316999912262,674,TheEmptinessMachine,BBR,Festive,HTTP/1.1
2025-04-30 23:41:59,index,46.316999912262,674,TheEmptinessMachine,BBR,Festive,HTTP/1.1
2025-04-30 23:42:01,index,48.3180000782013,330,TheEmptinessMachine,BBR,Festive,HTTP/1.1
2025-04-30 23:42:03,index,50.316999912262,330,TheEmptinessMachine,BBR,Festive,HTTP/1.1
2025-04-30 23:42:05,index,52.316999912262,330,TheEmptinessMachine,BBR,Festive,HTTP/1.1
2025-04-30 23:42:07,index,54.316999912262,674,TheEmptinessMachine,BBR,Festive,HTTP/1.1
2025-04-30 23:42:09,index,56.319000005722,674,TheEmptinessMachine,BBR,Festive,HTTP/1.1
2025-04-30 23:42:11,index,58.316999912262,674,TheEmptinessMachine,BBR,Festive,HTTP/1.1
2025-04-30 23:42:13,index,60.316999912262,674,TheEmptinessMachine,BBR,Festive,HTTP/1.1
2025-04-30 23:42:15,index,62.3180000782013,330,TheEmptinessMachine,BBR,Festive,HTTP/1.1
2025-04-30 23:42:17,index,64.3180000782013,980,TheEmptinessMachine,BBR,Festive,HTTP/1.1
2025-04-30 23:42:19,index,66.316999912262,980,TheEmptinessMachine,BBR,Festive,HTTP/1.1
2025-04-30 23:42:21,index,68.3180000782013,980,TheEmptinessMachine,BBR,Festive,HTTP/1.1
2025-04-30 23:42:25,index,72.316999912262,84,TheEmptinessMachine,BBR,Festive,HTTP/1.1
2025-04-30 23:42:27,index,74.316999912262,674,TheEmptinessMachine,BBR,Festive,HTTP/1.1
2025-04-30 23:42:29,index,76.316999912262,674,TheEmptinessMachine,BBR,Festive,HTTP/1.1
2025-04-30 23:42:31,index,78.316999912262,635,TheEmptinessMachine,BBR,Festive,HTTP/1.1
2025-04-30 23:42:33,index,80.316999912262,635,TheEmptinessMachine,BBR,Festive,HTTP/1.1
2025-04-30 23:42:37,index,84.319000005722,72,TheEmptinessMachine,BBR,Festive,HTTP/1.1
2025-04-30 23:42:39,index,86.316999912262,214,TheEmptinessMachine,BBR,Festive,HTTP/1.1
2025-04-30 23:42:41,index,88.316999912262,330,TheEmptinessMachine,BBR,Festive,HTTP/1.1
2025-04-30 23:42:43,index,90.316999912262,330,TheEmptinessMachine,BBR,Festive,HTTP/1.1
2025-04-30 23:42:45,index,92.316999912262,330,TheEmptinessMachine,BBR,Festive,HTTP/1.1
2025-04-30 23:42:47,index,94.316999912262,320,TheEmptinessMachine,BBR,Festive,HTTP/1.1
2025-04-30 23:42:49,index,96.316999912262,320,TheEmptinessMachine,BBR,Festive,HTTP/1.1
2025-04-30 23:42:51,index,98.316999912262,320,TheEmptinessMachine,BBR,Festive,HTTP/1.1
2025-04-30 23:42:53,index,100.316999912262,320,TheEmptinessMachine,BBR,Festive,HTTP/1.1
2025-04-30 23:42:55,index,102.316999912262,320,TheEmptinessMachine,BBR,Festive,HTTP/1.1
2025-04-30 23:42:57,index,104.316999912262,320,TheEmptinessMachine,BBR,Festive,HTTP/1.1
2025-04-30 23:42:59,index,106.318000078201,320,TheEmptinessMachine,BBR,Festive,HTTP/1.1
2025-04-30 23:43:01,index,108.316999912262,320,TheEmptinessMachine,BBR,Festive,HTTP/1.1
2025-04-30 23:43:03,index,110.316999912262,320,TheEmptinessMachine,BBR,Festive,HTTP/1.1
2025-04-30 23:43:05,index,112.316999912262,320,TheEmptinessMachine,BBR,Festive,HTTP/1.1
2025-04-30 23:43:07,index,114.316999912262,1767,TheEmptinessMachine,BBR,Festive,HTTP/1.1
2025-04-30 23:43:09,index,116.316999912262,330,TheEmptinessMachine,BBR,Festive,HTTP/1.1
2025-04-30 23:43:11,index,118.316999912262,330,TheEmptinessMachine,BBR,Festive,HTTP/1.1
2025-04-30 23:43:13,index,120.316999912262,330,TheEmptinessMachine,BBR,Festive,HTTP/1.1
2025-04-30 23:43:15,index,122.316999912262,330,TheEmptinessMachine,BBR,Festive,HTTP/1.1
2025-04-30 23:43:17,index,124.316999912262,330,TheEmptinessMachine,BBR,Festive,HTTP/1.1
2025-04-30 23:43:19,index,126.316999912262,330,TheEmptinessMachine,BBR,Festive,HTTP/1.1
2025-04-30 23:43:21,index,128.316999912262,674,TheEmptinessMachine,BBR,Festive,HTTP/1.1
2025-04-30 23:43:23,index,130.316999912262,330,TheEmptinessMachine,BBR,Festive,HTTP/1.1
2025-04-30 23:43:25,index,132.316999912262,330,TheEmptinessMachine,BBR,Festive,HTTP/1.1
2025-04-30 23:43:27,index,134.316999912262,674,TheEmptinessMachine,BBR,Festive,HTTP/1.1
2025-04-30 23:43:29,index,136.316999912262,330,TheEmptinessMachine,BBR,Festive,HTTP/1.1
2025-04-30 23:43:31,index,138.316999912262,635,TheEmptinessMachine,BBR,Festive,HTTP/1.1
2025-04-30 23:43:33,index,140.316999912262,635,TheEmptinessMachine,BBR,Festive,HTTP/1.1
2025-04-30 23:43:37,index,144.318000078201,166,TheEmptinessMachine,BBR,Festive,HTTP/1.1
2025-04-30 23:43:39,index,146.316999912262,674,TheEmptinessMachine,BBR,Festive,HTTP/1.1
2025-04-30 23:43:41,index,148.316999912262,674,TheEmptinessMachine,BBR,Festive,HTTP/1.1
2025-04-30 23:43:43,index,150.316999912262,330,TheEmptinessMachine,BBR,Festive,HTTP/1.1
2025-04-30 23:43:45,index,152.316999912262,330,TheEmptinessMachine,BBR,Festive,HTTP/1.1
2025-04-30 23:43:47,index,154.316999912262,674,TheEmptinessMachine,BBR,Festive,HTTP/1.1
2025-04-30 23:43:49,index,156.316999912262,674,TheEmptinessMachine,BBR,Festive,HTTP/1.1
2025-04-30 23:43:51,index,158.316999912262,330,TheEmptinessMachine,BBR,Festive,HTTP/1.1
2025-04-30 23:43:53,index,160.316999912262,674,TheEmptinessMachine,BBR,Festive,HTTP/1.1
2025-04-30 23:43:55,index,162.318000078201,674,TheEmptinessMachine,BBR,Festive,HTTP/1.1
2025-04-30 23:43:57,index,164.316999912262,330,TheEmptinessMachine,BBR,Festive,HTTP/1.1
2025-04-30 23:43:59,index,166.316999912262,330,TheEmptinessMachine,BBR,Festive,HTTP/1.1
2025-04-30 23:44:01,index,168.316999912262,674,TheEmptinessMachine,BBR,Festive,HTTP/1.1
2025-04-30 23:44:03,index,170.316999912262,214,TheEmptinessMachine,BBR,Festive,HTTP/1.1
2025-04-30 23:44:05,index,172.316999912262,330,TheEmptinessMachine,BBR,Festive,HTTP/1.1
2025-04-30 23:44:07,index,174.316999912262,635,TheEmptinessMachine,BBR,Festive,HTTP/1.1
2025-04-30 23:44:09,index,176.318000078201,635,TheEmptinessMachine,BBR,Festive,HTTP/1.1
2025-04-30 23:44:11,index,178.316999912262,330,TheEmptinessMachine,BBR,Festive,HTTP/1.1
2025-04-30 23:44:13,index,180.316999912262,84,TheEmptinessMachine,BBR,Festive,HTTP/1.1
2025-04-30 23:44:15,index,182.316999912262,330,TheEmptinessMachine,BBR,Festive,HTTP/1.1
2025-04-30 23:44:17,index,184.316999912262,330,TheEmptinessMachine,BBR,Festive,HTTP/1.1
2025-04-30 23:44:19,index,186.316999912262,330,TheEmptinessMachine,BBR,Festive,HTTP/1.1
2025-04-30 23:44:21,index,188.316999912262,330,TheEmptinessMachine,BBR,Festive,HTTP/1.1
2025-04-30 23:44:23,index,190.316999912262,330,TheEmptinessMachine,BBR,Festive,HTTP/1.1
2025-04-30 23:44:25,index,192.316999912262,330,TheEmptinessMachine,BBR,Festive,HTTP/1.1
2025-04-30 23:44:27,index,194.316999912262,330,TheEmptinessMachine,BBR,Festive,HTTP/1.1
2025-04-30 23:44:29,index,196.316999912262,330,TheEmptinessMachine,BBR,Festive,HTTP/1.1
2025-04-30 23:44:31,index,198.316999912262,330,TheEmptinessMachine,BBR,Festive,HTTP/1.1
2025-04-30 23:45:20,index,4.12000012397766,4676,TheEmptinessMachine,BBR,Festive,HTTP/2
2025-04-30 23:45:22,index,6.12100005149841,2781,TheEmptinessMachine,BBR,Festive,HTTP/2
2025-04-30 23:45:24,index,8.12000012397766,980,TheEmptinessMachine,BBR,Festive,HTTP/2
2025-04-30 23:45:50,index,34.1200001239777,214,TheEmptinessMachine,BBR,Festive,HTTP/2
2025-04-30 23:45:52,index,36.1210000514984,1226,TheEmptinessMachine,BBR,Festive,HTTP/2
2025-04-30 23:45:56,index,40.1200001239777,674,TheEmptinessMachine,BBR,Festive,HTTP/2
2025-04-30 23:46:04,index,48.1200001239777,674,TheEmptinessMachine,BBR,Festive,HTTP/2
2025-04-30 23:46:08,index,52.1200001239777,674,TheEmptinessMachine,BBR,Festive,HTTP/2
2025-04-30 23:46:10,index,54.1210000514984,674,TheEmptinessMachine,BBR,Festive,HTTP/2
2025-04-30 23:46:12,index,56.1200001239777,674,TheEmptinessMachine,BBR,Festive,HTTP/2
2025-04-30 23:46:14,index,58.1200001239777,674,TheEmptinessMachine,BBR,Festive,HTTP/2
2025-04-30 23:46:16,index,60.1200001239777,732,TheEmptinessMachine,BBR,Festive,HTTP/2
2025-04-30 23:46:18,index,62.1200001239777,732,TheEmptinessMachine,BBR,Festive,HTTP/2
2025-04-30 23:46:20,index,64.1210000514984,330,TheEmptinessMachine,BBR,Festive,HTTP/2
2025-04-30 23:46:24,index,68.1200001239777,76,TheEmptinessMachine,BBR,Festive,HTTP/2
2025-04-30 23:46:26,index,70.1200001239777,214,TheEmptinessMachine,BBR,Festive,HTTP/2
2025-04-30 23:46:28,index,72.1210000514984,330,TheEmptinessMachine,BBR,Festive,HTTP/2
2025-04-30 23:46:30,index,74.1210000514984,330,TheEmptinessMachine,BBR,Festive,HTTP/2
2025-04-30 23:46:32,index,76.1200001239777,320,TheEmptinessMachine,BBR,Festive,HTTP/2
2025-04-30 23:46:34,index,78.1200001239777,320,TheEmptinessMachine,BBR,Festive,HTTP/2
2025-04-30 23:46:36,index,80.1200001239777,320,TheEmptinessMachine,BBR,Festive,HTTP/2
2025-04-30 23:46:38,index,82.1200001239777,320,TheEmptinessMachine,BBR,Festive,HTTP/2
2025-04-30 23:46:40,index,84.1200001239777,320,TheEmptinessMachine,BBR,Festive,HTTP/2
2025-04-30 23:46:42,index,86.1200001239777,320,TheEmptinessMachine,BBR,Festive,HTTP/2
2025-04-30 23:46:44,index,88.1210000514984,320,TheEmptinessMachine,BBR,Festive,HTTP/2
2025-04-30 23:46:46,index,90.1200001239777,320,TheEmptinessMachine,BBR,Festive,HTTP/2
2025-04-30 23:46:48,index,92.1200001239777,320,TheEmptinessMachine,BBR,Festive,HTTP/2
2025-04-30 23:46:50,index,94.1210000514984,320,TheEmptinessMachine,BBR,Festive,HTTP/2
2025-04-30 23:46:52,index,96.1200001239777,1226,TheEmptinessMachine,BBR,Festive,HTTP/2
2025-04-30 23:46:54,index,98.1210000514984,1226,TheEmptinessMachine,BBR,Festive,HTTP/2
2025-04-30 23:46:56,index,100.120000123978,330,TheEmptinessMachine,BBR,Festive,HTTP/2
2025-04-30 23:46:58,index,102.120000123978,214,TheEmptinessMachine,BBR,Festive,HTTP/2
2025-04-30 23:47:00,index,104.120000123978,674,TheEmptinessMachine,BBR,Festive,HTTP/2
2025-04-30 23:47:02,index,106.120000123978,330,TheEmptinessMachine,BBR,Festive,HTTP/2
2025-04-30 23:47:04,index,108.120000123978,674,TheEmptinessMachine,BBR,Festive,HTTP/2
2025-04-30 23:47:06,index,110.120000123978,330,TheEmptinessMachine,BBR,Festive,HTTP/2
2025-04-30 23:47:08,index,112.120000123978,330,TheEmptinessMachine,BBR,Festive,HTTP/2
2025-04-30 23:47:10,index,114.120000123978,330,TheEmptinessMachine,BBR,Festive,HTTP/2
2025-04-30 23:47:12,index,116.120000123978,674,TheEmptinessMachine,BBR,Festive,HTTP/2
2025-04-30 23:47:14,index,118.120000123978,674,TheEmptinessMachine,BBR,Festive,HTTP/2
2025-04-30 23:47:18,index,122.120000123978,169,TheEmptinessMachine,BBR,Festive,HTTP/2
2025-04-30 23:47:20,index,124.120000123978,330,TheEmptinessMachine,BBR,Festive,HTTP/2
2025-04-30 23:47:24,index,128.120000123978,330,TheEmptinessMachine,BBR,Festive,HTTP/2
2025-04-30 23:47:26,index,130.120000123978,674,TheEmptinessMachine,BBR,Festive,HTTP/2
2025-04-30 23:47:28,index,132.121000051498,674,TheEmptinessMachine,BBR,Festive,HTTP/2
2025-04-30 23:47:32,index,136.121000051498,330,TheEmptinessMachine,BBR,Festive,HTTP/2
2025-04-30 23:47:34,index,138.120000123978,330,TheEmptinessMachine,BBR,Festive,HTTP/2
2025-04-30 23:47:36,index,140.120000123978,674,TheEmptinessMachine,BBR,Festive,HTTP/2
2025-04-30 23:47:38,index,142.120000123978,330,TheEmptinessMachine,BBR,Festive,HTTP/2
2025-04-30 23:47:40,index,144.124000072479,674,TheEmptinessMachine,BBR,Festive,HTTP/2
2025-04-30 23:47:42,index,146.120000123978,674,TheEmptinessMachine,BBR,Festive,HTTP/2
2025-04-30 23:47:44,index,148.120000123978,330,TheEmptinessMachine,BBR,Festive,HTTP/2
2025-04-30 23:47:46,index,150.120000123978,674,TheEmptinessMachine,BBR,Festive,HTTP/2
2025-04-30 23:47:48,index,152.120000123978,330,TheEmptinessMachine,BBR,Festive,HTTP/2
2025-04-30 23:47:50,index,154.120000123978,330,TheEmptinessMachine,BBR,Festive,HTTP/2
2025-04-30 23:47:52,index,156.120000123978,674,TheEmptinessMachine,BBR,Festive,HTTP/2
2025-04-30 23:47:54,index,158.121000051498,330,TheEmptinessMachine,BBR,Festive,HTTP/2
2025-04-30 23:47:56,index,160.120000123978,635,TheEmptinessMachine,BBR,Festive,HTTP/2
2025-04-30 23:48:00,index,164.120000123978,330,TheEmptinessMachine,BBR,Festive,HTTP/2
2025-04-30 23:48:04,index,168.121000051498,214,TheEmptinessMachine,BBR,Festive,HTTP/2
2025-04-30 23:48:06,index,170.120000123978,330,TheEmptinessMachine,BBR,Festive,HTTP/2
2025-04-30 23:48:08,index,172.121000051498,330,TheEmptinessMachine,BBR,Festive,HTTP/2
2025-04-30 23:48:10,index,174.120000123978,330,TheEmptinessMachine,BBR,Festive,HTTP/2
2025-04-30 23:48:12,index,176.121000051498,330,TheEmptinessMachine,BBR,Festive,HTTP/2
2025-04-30 23:48:14,index,178.121000051498,320,TheEmptinessMachine,BBR,Festive,HTTP/2
2025-04-30 23:48:16,index,180.121000051498,320,TheEmptinessMachine,BBR,Festive,HTTP/2
2025-04-30 23:48:18,index,182.120000123978,320,TheEmptinessMachine,BBR,Festive,HTTP/2
2025-04-30 23:48:20,index,184.120000123978,320,TheEmptinessMachine,BBR,Festive,HTTP/2
2025-04-30 23:48:22,index,186.121000051498,320,TheEmptinessMachine,BBR,Festive,HTTP/2
2025-04-30 23:48:24,index,188.120000123978,320,TheEmptinessMachine,BBR,Festive,HTTP/2
2025-04-30 23:48:26,index,190.120000123978,320,TheEmptinessMachine,BBR,Festive,HTTP/2
2025-04-30 23:48:28,index,192.120000123978,320,TheEmptinessMachine,BBR,Festive,HTTP/2
2025-04-30 23:48:30,index,194.121000051498,320,TheEmptinessMachine,BBR,Festive,HTTP/2
2025-04-30 23:48:32,index,196.121000051498,320,TheEmptinessMachine,BBR,Festive,HTTP/2
2025-04-30 23:48:34,index,198.121000051498,320,TheEmptinessMachine,BBR,Festive,HTTP/2
2025-04-30 23:48:36,index,200.120000123978,320,TheEmptinessMachine,BBR,Festive,HTTP/2
2025-04-30 23:48:38,index,202.120000123978,320,TheEmptinessMachine,BBR,Festive,HTTP/2
2025-04-30 23:48:40,index,204.120000123978,1106,TheEmptinessMachine,BBR,Festive,HTTP/2
2025-04-30 23:48:42,index,206.121000051498,1106,TheEmptinessMachine,BBR,Festive,HTTP/2
2025-04-30 23:48:44,index,208.120000123978,1106,TheEmptinessMachine,BBR,Festive,HTTP/2
2025-04-30 23:48:46,index,210.120000123978,214,TheEmptinessMachine,BBR,Festive,HTTP/2
2025-04-30 23:48:50,index,214.121000051498,81,TheEmptinessMachine,BBR,Festive,HTTP/2
2025-04-30 23:48:52,index,216.121000051498,330,TheEmptinessMachine,BBR,Festive,HTTP/2
2025-04-30 23:48:56,index,220.120000123978,169,TheEmptinessMachine,BBR,Festive,HTTP/2
2025-04-30 23:49:21,index,4.13499999046326,980,TheEmptinessMachine,BBR,Festive,HTTP/3
2025-04-30 23:49:23,index,6.13499999046326,980,TheEmptinessMachine,BBR,Festive,HTTP/3
2025-04-30 23:49:25,index,8.13499999046326,330,TheEmptinessMachine,BBR,Festive,HTTP/3
2025-04-30 23:49:27,index,10.1349999904633,330,TheEmptinessMachine,BBR,Festive,HTTP/3
2025-04-30 23:49:29,index,12.1349999904633,330,TheEmptinessMachine,BBR,Festive,HTTP/3
2025-04-30 23:49:31,index,14.1349999904633,330,TheEmptinessMachine,BBR,Festive,HTTP/3
2025-04-30 23:49:35,index,18.1349999904633,330,TheEmptinessMachine,BBR,Festive,HTTP/3
2025-04-30 23:49:39,index,22.1349999904633,330,TheEmptinessMachine,BBR,Festive,HTTP/3
2025-04-30 23:49:41,index,24.1349999904633,330,TheEmptinessMachine,BBR,Festive,HTTP/3
2025-04-30 23:49:43,index,26.1349999904633,330,TheEmptinessMachine,BBR,Festive,HTTP/3
2025-04-30 23:49:49,index,32.1349999904633,72,TheEmptinessMachine,BBR,Festive,HTTP/3
2025-04-30 23:49:51,index,34.1349999904633,72,TheEmptinessMachine,BBR,Festive,HTTP/3
2025-04-30 23:49:53,index,36.1340000629425,72,TheEmptinessMachine,BBR,Festive,HTTP/3
2025-04-30 23:49:55,index,38.1349999904633,330,TheEmptinessMachine,BBR,Festive,HTTP/3
2025-04-30 23:49:57,index,40.1349999904633,330,TheEmptinessMachine,BBR,Festive,HTTP/3
2025-04-30 23:49:59,index,42.1349999904633,330,TheEmptinessMachine,BBR,Festive,HTTP/3
2025-04-30 23:50:01,index,44.1349999904633,330,TheEmptinessMachine,BBR,Festive,HTTP/3
2025-04-30 23:50:03,index,46.1340000629425,330,TheEmptinessMachine,BBR,Festive,HTTP/3
2025-04-30 23:50:05,index,48.1380000114441,214,TheEmptinessMachine,BBR,Festive,HTTP/3
2025-04-30 23:50:07,index,50.1349999904633,330,TheEmptinessMachine,BBR,Festive,HTTP/3
2025-04-30 23:50:09,index,52.1349999904633,330,TheEmptinessMachine,BBR,Festive,HTTP/3
2025-04-30 23:50:11,index,54.1349999904633,330,TheEmptinessMachine,BBR,Festive,HTTP/3
2025-04-30 23:50:13,index,56.1349999904633,320,TheEmptinessMachine,BBR,Festive,HTTP/3
2025-04-30 23:50:15,index,58.1349999904633,320,TheEmptinessMachine,BBR,Festive,HTTP/3
2025-04-30 23:50:17,index,60.1340000629425,320,TheEmptinessMachine,BBR,Festive,HTTP/3
2025-04-30 23:50:19,index,62.1349999904633,320,TheEmptinessMachine,BBR,Festive,HTTP/3
2025-04-30 23:50:21,index,64.1349999904633,320,TheEmptinessMachine,BBR,Festive,HTTP/3
2025-04-30 23:50:23,index,66.1349999904633,320,TheEmptinessMachine,BBR,Festive,HTTP/3
2025-04-30 23:50:25,index,68.1349999904633,320,TheEmptinessMachine,BBR,Festive,HTTP/3
2025-04-30 23:50:27,index,70.1349999904633,320,TheEmptinessMachine,BBR,Festive,HTTP/3
2025-04-30 23:50:29,index,72.1349999904633,320,TheEmptinessMachine,BBR,Festive,HTTP/3
2025-04-30 23:50:31,index,74.1349999904633,320,TheEmptinessMachine,BBR,Festive,HTTP/3
2025-04-30 23:50:33,index,76.1349999904633,320,TheEmptinessMachine,BBR,Festive,HTTP/3
2025-04-30 23:50:35,index,78.1340000629425,320,TheEmptinessMachine,BBR,Festive,HTTP/3
2025-04-30 23:50:37,index,80.1349999904633,84,TheEmptinessMachine,BBR,Festive,HTTP/3
2025-04-30 23:50:39,index,82.1349999904633,84,TheEmptinessMachine,BBR,Festive,HTTP/3
2025-04-30 23:50:41,index,84.1349999904633,84,TheEmptinessMachine,BBR,Festive,HTTP/3
2025-04-30 23:50:43,index,86.1349999904633,84,TheEmptinessMachine,BBR,Festive,HTTP/3
2025-04-30 23:50:45,index,88.1349999904633,84,TheEmptinessMachine,BBR,Festive,HTTP/3
2025-04-30 23:50:47,index,90.1349999904633,84,TheEmptinessMachine,BBR,Festive,HTTP/3
2025-04-30 23:50:49,index,92.1349999904633,330,TheEmptinessMachine,BBR,Festive,HTTP/3
2025-04-30 23:50:51,index,94.1349999904633,330,TheEmptinessMachine,BBR,Festive,HTTP/3
2025-04-30 23:50:53,index,96.1349999904633,330,TheEmptinessMachine,BBR,Festive,HTTP/3
2025-04-30 23:50:55,index,98.1349999904633,330,TheEmptinessMachine,BBR,Festive,HTTP/3
2025-04-30 23:50:57,index,100.134999990463,330,TheEmptinessMachine,BBR,Festive,HTTP/3
2025-04-30 23:50:59,index,102.134999990463,166,TheEmptinessMachine,BBR,Festive,HTTP/3
2025-04-30 23:51:01,index,104.134999990463,166,TheEmptinessMachine,BBR,Festive,HTTP/3
2025-04-30 23:51:03,index,106.134999990463,166,TheEmptinessMachine,BBR,Festive,HTTP/3
2025-04-30 23:51:05,index,108.134000062943,166,TheEmptinessMachine,BBR,Festive,HTTP/3
2025-04-30 23:51:07,index,110.134999990463,166,TheEmptinessMachine,BBR,Festive,HTTP/3
2025-04-30 23:51:09,index,112.134999990463,166,TheEmptinessMachine,BBR,Festive,HTTP/3
2025-04-30 23:51:11,index,114.134999990463,1226,TheEmptinessMachine,BBR,Festive,HTTP/3
2025-04-30 23:51:13,index,116.134999990463,330,TheEmptinessMachine,BBR,Festive,HTTP/3
2025-04-30 23:51:15,index,118.134999990463,330,TheEmptinessMachine,BBR,Festive,HTTP/3
2025-04-30 23:51:17,index,120.134999990463,330,TheEmptinessMachine,BBR,Festive,HTTP/3
2025-04-30 23:51:19,index,122.134999990463,330,TheEmptinessMachine,BBR,Festive,HTTP/3
2025-04-30 23:51:21,index,124.134999990463,214,TheEmptinessMachine,BBR,Festive,HTTP/3
2025-04-30 23:51:25,index,128.134000062943,84,TheEmptinessMachine,BBR,Festive,HTTP/3
2025-04-30 23:51:27,index,130.134999990463,214,TheEmptinessMachine,BBR,Festive,HTTP/3
2025-04-30 23:51:31,index,134.134999990463,214,TheEmptinessMachine,BBR,Festive,HTTP/3
2025-04-30 23:51:35,index,138.134999990463,214,TheEmptinessMachine,BBR,Festive,HTTP/3
2025-04-30 23:51:37,index,140.134999990463,72,TheEmptinessMachine,BBR,Festive,HTTP/3
2025-04-30 23:51:39,index,142.134999990463,72,TheEmptinessMachine,BBR,Festive,HTTP/3
2025-04-30 23:51:41,index,144.134999990463,72,TheEmptinessMachine,BBR,Festive,HTTP/3
2025-04-30 23:51:43,index,146.134999990463,72,TheEmptinessMachine,BBR,Festive,HTTP/3
2025-04-30 23:51:45,index,148.134999990463,72,TheEmptinessMachine,BBR,Festive,HTTP/3
2025-04-30 23:51:47,index,150.134999990463,72,TheEmptinessMachine,BBR,Festive,HTTP/3
2025-04-30 23:51:49,index,152.134999990463,72,TheEmptinessMachine,BBR,Festive,HTTP/3
2025-04-30 23:51:51,index,154.134999990463,1226,TheEmptinessMachine,BBR,Festive,HTTP/3
2025-04-30 23:51:53,index,156.134999990463,84,TheEmptinessMachine,BBR,Festive,HTTP/3
2025-04-30 23:51:55,index,158.134999990463,84,TheEmptinessMachine,BBR,Festive,HTTP/3
2025-04-30 23:51:57,index,160.134999990463,84,TheEmptinessMachine,BBR,Festive,HTTP/3
2025-04-30 23:51:59,index,162.134000062943,84,TheEmptinessMachine,BBR,Festive,HTTP/3
2025-04-30 23:52:01,index,164.134999990463,84,TheEmptinessMachine,BBR,Festive,HTTP/3
2025-04-30 23:52:03,index,166.134999990463,84,TheEmptinessMachine,BBR,Festive,HTTP/3
2025-04-30 23:52:05,index,168.134999990463,330,TheEmptinessMachine,BBR,Festive,HTTP/3
2025-04-30 23:52:07,index,170.134999990463,330,TheEmptinessMachine,BBR,Festive,HTTP/3
2025-04-30 23:52:09,index,172.134999990463,330,TheEmptinessMachine,BBR,Festive,HTTP/3
2025-04-30 23:52:11,index,174.134999990463,72,TheEmptinessMachine,BBR,Festive,HTTP/3
2025-04-30 23:52:15,index,178.134999990463,72,TheEmptinessMachine,BBR,Festive,HTTP/3
2025-04-30 23:52:17,index,180.134999990463,72,TheEmptinessMachine,BBR,Festive,HTTP/3
2025-04-30 23:52:19,index,182.134999990463,72,TheEmptinessMachine,BBR,Festive,HTTP/3
2025-04-30 23:52:21,index,184.134999990463,72,TheEmptinessMachine,BBR,Festive,HTTP/3
2025-04-30 23:52:23,index,186.134999990463,674,TheEmptinessMachine,BBR,Festive,HTTP/3
2025-04-30 23:52:25,index,188.134999990463,169,TheEmptinessMachine,BBR,Festive,HTTP/3
2025-04-30 23:52:27,index,190.134999990463,169,TheEmptinessMachine,BBR,Festive,HTTP/3
2025-04-30 23:52:29,index,192.134999990463,169,TheEmptinessMachine,BBR,Festive,HTTP/3
2025-04-30 23:52:31,index,194.134999990463,169,TheEmptinessMachine,BBR,Festive,HTTP/3
2025-04-30 23:52:33,index,196.134999990463,169,TheEmptinessMachine,BBR,Festive,HTTP/3
2025-04-30 23:52:35,index,198.134000062943,84,TheEmptinessMachine,BBR,Festive,HTTP/3
2025-04-30 23:52:37,index,200.134999990463,84,TheEmptinessMachine,BBR,Festive,HTTP/3
2025-04-30 23:52:39,index,202.134999990463,214,TheEmptinessMachine,BBR,Festive,HTTP/3
2025-04-30 23:52:41,index,204.134999990463,84,TheEmptinessMachine,BBR,Festive,HTTP/3
2025-04-30 23:52:43,index,206.134999990463,84,TheEmptinessMachine,BBR,Festive,HTTP/3
2025-04-30 23:53:23,index,6.3270001411438,330,TheEmptinessMachine,BBR,L2A,HTTP/1.1
2025-04-30 23:53:25,index,8.3270001411438,330,TheEmptinessMachine,BBR,L2A,HTTP/1.1
2025-04-30 23:53:27,index,10.3270001411438,330,TheEmptinessMachine,BBR,L2A,HTTP/1.1
2025-04-30 23:53:29,index,12.3280000686646,330,TheEmptinessMachine,BBR,L2A,HTTP/1.1
2025-04-30 23:53:31,index,14.3270001411438,330,TheEmptinessMachine,BBR,L2A,HTTP/1.1
2025-04-30 23:53:33,index,16.3270001411438,330,TheEmptinessMachine,BBR,L2A,HTTP/1.1
2025-04-30 23:53:35,index,18.3270001411438,635,TheEmptinessMachine,BBR,L2A,HTTP/1.1
2025-04-30 23:53:37,index,20.3280000686646,330,TheEmptinessMachine,BBR,L2A,HTTP/1.1
2025-04-30 23:53:39,index,22.3270001411438,330,TheEmptinessMachine,BBR,L2A,HTTP/1.1
2025-04-30 23:53:41,index,24.3270001411438,330,TheEmptinessMachine,BBR,L2A,HTTP/1.1
2025-04-30 23:53:43,index,26.3270001411438,330,TheEmptinessMachine,BBR,L2A,HTTP/1.1
2025-04-30 23:53:45,index,28.326000213623,330,TheEmptinessMachine,BBR,L2A,HTTP/1.1
2025-04-30 23:53:47,index,30.3270001411438,330,TheEmptinessMachine,BBR,L2A,HTTP/1.1
2025-04-30 23:53:49,index,32.3270001411438,330,TheEmptinessMachine,BBR,L2A,HTTP/1.1
2025-04-30 23:53:51,index,34.3270001411438,330,TheEmptinessMachine,BBR,L2A,HTTP/1.1
2025-04-30 23:53:53,index,36.3270001411438,330,TheEmptinessMachine,BBR,L2A,HTTP/1.1
2025-04-30 23:53:55,index,38.326000213623,635,TheEmptinessMachine,BBR,L2A,HTTP/1.1
2025-04-30 23:53:57,index,40.3270001411438,635,TheEmptinessMachine,BBR,L2A,HTTP/1.1
2025-04-30 23:53:59,index,42.3270001411438,635,TheEmptinessMachine,BBR,L2A,HTTP/1.1
2025-04-30 23:54:01,index,44.3270001411438,330,TheEmptinessMachine,BBR,L2A,HTTP/1.1
2025-04-30 23:54:03,index,46.3270001411438,330,TheEmptinessMachine,BBR,L2A,HTTP/1.1
2025-04-30 23:54:05,index,48.3270001411438,330,TheEmptinessMachine,BBR,L2A,HTTP/1.1
2025-04-30 23:54:07,index,50.3270001411438,330,TheEmptinessMachine,BBR,L2A,HTTP/1.1
2025-04-30 23:54:09,index,52.3270001411438,330,TheEmptinessMachine,BBR,L2A,HTTP/1.1
2025-04-30 23:54:11,index,54.3270001411438,330,TheEmptinessMachine,BBR,L2A,HTTP/1.1
2025-04-30 23:54:13,index,56.3270001411438,330,TheEmptinessMachine,BBR,L2A,HTTP/1.1
2025-04-30 23:54:15,index,58.3270001411438,330,TheEmptinessMachine,BBR,L2A,HTTP/1.1
2025-04-30 23:54:17,index,60.3270001411438,1499,TheEmptinessMachine,BBR,L2A,HTTP/1.1
2025-04-30 23:54:19,index,62.326000213623,2074,TheEmptinessMachine,BBR,L2A,HTTP/1.1
2025-04-30 23:54:21,index,64.3270001411438,2074,TheEmptinessMachine,BBR,L2A,HTTP/1.1
2025-04-30 23:54:23,index,66.3270001411438,1106,TheEmptinessMachine,BBR,L2A,HTTP/1.1
2025-04-30 23:54:25,index,68.3270001411438,1106,TheEmptinessMachine,BBR,L2A,HTTP/1.1
2025-04-30 23:54:27,index,70.3270001411438,980,TheEmptinessMachine,BBR,L2A,HTTP/1.1
2025-04-30 23:54:29,index,72.3270001411438,980,TheEmptinessMachine,BBR,L2A,HTTP/1.1
2025-04-30 23:54:31,index,74.3270001411438,330,TheEmptinessMachine,BBR,L2A,HTTP/1.1
2025-04-30 23:54:33,index,76.3280000686646,330,TheEmptinessMachine,BBR,L2A,HTTP/1.1
2025-04-30 23:54:35,index,78.3270001411438,330,TheEmptinessMachine,BBR,L2A,HTTP/1.1
2025-04-30 23:54:37,index,80.3270001411438,674,TheEmptinessMachine,BBR,L2A,HTTP/1.1
2025-04-30 23:54:39,index,82.3270001411438,330,TheEmptinessMachine,BBR,L2A,HTTP/1.1
2025-04-30 23:54:41,index,84.3270001411438,674,TheEmptinessMachine,BBR,L2A,HTTP/1.1
2025-04-30 23:54:43,index,86.326000213623,674,TheEmptinessMachine,BBR,L2A,HTTP/1.1
2025-04-30 23:54:45,index,88.3270001411438,330,TheEmptinessMachine,BBR,L2A,HTTP/1.1
2025-04-30 23:54:47,index,90.3270001411438,674,TheEmptinessMachine,BBR,L2A,HTTP/1.1
2025-04-30 23:54:49,index,92.3270001411438,674,TheEmptinessMachine,BBR,L2A,HTTP/1.1
2025-04-30 23:54:55,index,98.3270001411438,330,TheEmptinessMachine,BBR,L2A,HTTP/1.1
2025-04-30 23:54:57,index,100.327000141144,214,TheEmptinessMachine,BBR,L2A,HTTP/1.1
2025-04-30 23:55:01,index,104.327000141144,214,TheEmptinessMachine,BBR,L2A,HTTP/1.1
2025-04-30 23:55:03,index,106.327000141144,320,TheEmptinessMachine,BBR,L2A,HTTP/1.1
2025-04-30 23:55:05,index,108.327000141144,214,TheEmptinessMachine,BBR,L2A,HTTP/1.1
2025-04-30 23:55:07,index,110.327000141144,214,TheEmptinessMachine,BBR,L2A,HTTP/1.1
2025-04-30 23:55:09,index,112.327000141144,214,TheEmptinessMachine,BBR,L2A,HTTP/1.1
2025-04-30 23:55:11,index,114.327000141144,214,TheEmptinessMachine,BBR,L2A,HTTP/1.1
2025-04-30 23:55:13,index,116.327000141144,214,TheEmptinessMachine,BBR,L2A,HTTP/1.1
2025-04-30 23:55:15,index,118.327000141144,214,TheEmptinessMachine,BBR,L2A,HTTP/1.1
2025-04-30 23:55:17,index,120.327000141144,214,TheEmptinessMachine,BBR,L2A,HTTP/1.1
2025-04-30 23:55:19,index,122.327000141144,732,TheEmptinessMachine,BBR,L2A,HTTP/1.1
2025-04-30 23:55:21,index,124.327000141144,732,TheEmptinessMachine,BBR,L2A,HTTP/1.1
2025-04-30 23:55:23,index,126.327000141144,732,TheEmptinessMachine,BBR,L2A,HTTP/1.1
2025-04-30 23:55:25,index,128.327000141144,732,TheEmptinessMachine,BBR,L2A,HTTP/1.1
2025-04-30 23:55:27,index,130.328000068665,330,TheEmptinessMachine,BBR,L2A,HTTP/1.1
2025-04-30 23:55:29,index,132.327000141144,330,TheEmptinessMachine,BBR,L2A,HTTP/1.1
2025-04-30 23:55:31,index,134.327000141144,330,TheEmptinessMachine,BBR,L2A,HTTP/1.1
2025-04-30 23:55:33,index,136.327000141144,214,TheEmptinessMachine,BBR,L2A,HTTP/1.1
2025-04-30 23:55:35,index,138.327000141144,330,TheEmptinessMachine,BBR,L2A,HTTP/1.1
2025-04-30 23:55:37,index,140.327000141144,169,TheEmptinessMachine,BBR,L2A,HTTP/1.1
2025-04-30 23:55:43,index,146.327000141144,169,TheEmptinessMachine,BBR,L2A,HTTP/1.1
2025-04-30 23:55:45,index,148.327000141144,214,TheEmptinessMachine,BBR,L2A,HTTP/1.1
2025-04-30 23:55:47,index,150.326000213623,320,TheEmptinessMachine,BBR,L2A,HTTP/1.1
2025-04-30 23:55:49,index,152.327000141144,214,TheEmptinessMachine,BBR,L2A,HTTP/1.1
2025-04-30 23:55:51,index,154.327000141144,214,TheEmptinessMachine,BBR,L2A,HTTP/1.1
2025-04-30 23:55:53,index,156.330000162125,214,TheEmptinessMachine,BBR,L2A,HTTP/1.1
2025-04-30 23:55:55,index,158.327000141144,214,TheEmptinessMachine,BBR,L2A,HTTP/1.1
2025-04-30 23:55:57,index,160.327000141144,169,TheEmptinessMachine,BBR,L2A,HTTP/1.1
2025-04-30 23:55:59,index,162.327000141144,169,TheEmptinessMachine,BBR,L2A,HTTP/1.1
2025-04-30 23:56:01,index,164.327000141144,169,TheEmptinessMachine,BBR,L2A,HTTP/1.1
2025-04-30 23:56:03,index,166.327000141144,169,TheEmptinessMachine,BBR,L2A,HTTP/1.1
2025-04-30 23:56:05,index,168.327000141144,169,TheEmptinessMachine,BBR,L2A,HTTP/1.1
2025-04-30 23:56:07,index,170.327000141144,169,TheEmptinessMachine,BBR,L2A,HTTP/1.1
2025-04-30 23:56:09,index,172.327000141144,169,TheEmptinessMachine,BBR,L2A,HTTP/1.1
2025-04-30 23:56:11,index,174.327000141144,169,TheEmptinessMachine,BBR,L2A,HTTP/1.1
2025-04-30 23:56:13,index,176.327000141144,169,TheEmptinessMachine,BBR,L2A,HTTP/1.1
2025-04-30 23:56:15,index,178.327000141144,169,TheEmptinessMachine,BBR,L2A,HTTP/1.1
2025-04-30 23:56:17,index,180.327000141144,169,TheEmptinessMachine,BBR,L2A,HTTP/1.1
2025-04-30 23:56:19,index,182.327000141144,169,TheEmptinessMachine,BBR,L2A,HTTP/1.1
2025-04-30 23:56:21,index,184.327000141144,169,TheEmptinessMachine,BBR,L2A,HTTP/1.1
2025-04-30 23:56:23,index,186.327000141144,169,TheEmptinessMachine,BBR,L2A,HTTP/1.1
2025-04-30 23:56:25,index,188.327000141144,169,TheEmptinessMachine,BBR,L2A,HTTP/1.1
2025-04-30 23:56:27,index,190.326000213623,169,TheEmptinessMachine,BBR,L2A,HTTP/1.1
2025-04-30 23:56:29,index,192.327000141144,169,TheEmptinessMachine,BBR,L2A,HTTP/1.1
2025-04-30 23:56:31,index,194.327000141144,169,TheEmptinessMachine,BBR,L2A,HTTP/1.1
2025-04-30 23:56:33,index,196.327000141144,169,TheEmptinessMachine,BBR,L2A,HTTP/1.1
2025-04-30 23:56:35,index,198.327000141144,169,TheEmptinessMachine,BBR,L2A,HTTP/1.1
2025-04-30 23:56:37,index,200.327000141144,169,TheEmptinessMachine,BBR,L2A,HTTP/1.1
2025-04-30 23:57:20,index,4.15799999237061,1226,TheEmptinessMachine,BBR,L2A,HTTP/2
2025-04-30 23:57:22,index,6.15799999237061,1226,TheEmptinessMachine,BBR,L2A,HTTP/2
2025-04-30 23:57:24,index,8.15899991989136,1226,TheEmptinessMachine,BBR,L2A,HTTP/2
2025-04-30 23:57:26,index,10.1579999923706,1226,TheEmptinessMachine,BBR,L2A,HTTP/2
2025-04-30 23:57:28,index,12.1579999923706,1226,TheEmptinessMachine,BBR,L2A,HTTP/2
2025-04-30 23:57:30,index,14.1579999923706,674,TheEmptinessMachine,BBR,L2A,HTTP/2
2025-04-30 23:57:32,index,16.1579999923706,674,TheEmptinessMachine,BBR,L2A,HTTP/2
2025-04-30 23:57:34,index,18.1579999923706,674,TheEmptinessMachine,BBR,L2A,HTTP/2
2025-04-30 23:57:36,index,20.1579999923706,674,TheEmptinessMachine,BBR,L2A,HTTP/2
2025-04-30 23:57:38,index,22.1579999923706,674,TheEmptinessMachine,BBR,L2A,HTTP/2
2025-04-30 23:57:40,index,24.1589999198914,674,TheEmptinessMachine,BBR,L2A,HTTP/2
2025-04-30 23:57:42,index,26.1579999923706,635,TheEmptinessMachine,BBR,L2A,HTTP/2
2025-04-30 23:57:44,index,28.1579999923706,635,TheEmptinessMachine,BBR,L2A,HTTP/2
2025-04-30 23:57:50,index,34.1579999923706,214,TheEmptinessMachine,BBR,L2A,HTTP/2
2025-04-30 23:57:52,index,36.1579999923706,330,TheEmptinessMachine,BBR,L2A,HTTP/2
2025-04-30 23:57:56,index,40.1579999923706,84,TheEmptinessMachine,BBR,L2A,HTTP/2
2025-04-30 23:57:58,index,42.1579999923706,320,TheEmptinessMachine,BBR,L2A,HTTP/2
2025-04-30 23:58:00,index,44.1579999923706,320,TheEmptinessMachine,BBR,L2A,HTTP/2
2025-04-30 23:58:02,index,46.1589999198914,320,TheEmptinessMachine,BBR,L2A,HTTP/2
2025-04-30 23:58:04,index,48.1700000762939,320,TheEmptinessMachine,BBR,L2A,HTTP/2
2025-04-30 23:58:06,index,50.1579999923706,320,TheEmptinessMachine,BBR,L2A,HTTP/2
2025-04-30 23:58:08,index,52.1589999198914,320,TheEmptinessMachine,BBR,L2A,HTTP/2
2025-04-30 23:58:10,index,54.1579999923706,320,TheEmptinessMachine,BBR,L2A,HTTP/2
2025-04-30 23:58:12,index,56.1579999923706,214,TheEmptinessMachine,BBR,L2A,HTTP/2
2025-04-30 23:58:14,index,58.1579999923706,320,TheEmptinessMachine,BBR,L2A,HTTP/2
2025-04-30 23:58:16,index,60.1579999923706,214,TheEmptinessMachine,BBR,L2A,HTTP/2
2025-04-30 23:58:18,index,62.1579999923706,214,TheEmptinessMachine,BBR,L2A,HTTP/2
2025-04-30 23:58:20,index,64.1579999923706,214,TheEmptinessMachine,BBR,L2A,HTTP/2
2025-04-30 23:58:22,index,66.1579999923706,214,TheEmptinessMachine,BBR,L2A,HTTP/2
2025-04-30 23:58:24,index,68.1579999923706,214,TheEmptinessMachine,BBR,L2A,HTTP/2
2025-04-30 23:58:26,index,70.1579999923706,214,TheEmptinessMachine,BBR,L2A,HTTP/2
2025-04-30 23:58:28,index,72.1589999198914,214,TheEmptinessMachine,BBR,L2A,HTTP/2
2025-04-30 23:58:30,index,74.1579999923706,214,TheEmptinessMachine,BBR,L2A,HTTP/2
2025-04-30 23:58:32,index,76.1579999923706,214,TheEmptinessMachine,BBR,L2A,HTTP/2
2025-04-30 23:58:34,index,78.1579999923706,214,TheEmptinessMachine,BBR,L2A,HTTP/2
2025-04-30 23:58:36,index,80.1579999923706,732,TheEmptinessMachine,BBR,L2A,HTTP/2
2025-04-30 23:58:38,index,82.1589999198914,732,TheEmptinessMachine,BBR,L2A,HTTP/2
2025-04-30 23:58:40,index,84.1579999923706,635,TheEmptinessMachine,BBR,L2A,HTTP/2
2025-04-30 23:58:42,index,86.1579999923706,635,TheEmptinessMachine,BBR,L2A,HTTP/2
2025-04-30 23:58:44,index,88.1579999923706,635,TheEmptinessMachine,BBR,L2A,HTTP/2
2025-04-30 23:58:46,index,90.1579999923706,635,TheEmptinessMachine,BBR,L2A,HTTP/2
2025-04-30 23:58:48,index,92.1579999923706,635,TheEmptinessMachine,BBR,L2A,HTTP/2
2025-04-30 23:58:50,index,94.1579999923706,330,TheEmptinessMachine,BBR,L2A,HTTP/2
2025-04-30 23:58:52,index,96.1579999923706,214,TheEmptinessMachine,BBR,L2A,HTTP/2
2025-04-30 23:58:54,index,98.1579999923706,330,TheEmptinessMachine,BBR,L2A,HTTP/2
2025-04-30 23:58:56,index,100.158999919891,330,TheEmptinessMachine,BBR,L2A,HTTP/2
2025-04-30 23:58:58,index,102.157999992371,214,TheEmptinessMachine,BBR,L2A,HTTP/2
2025-04-30 23:59:02,index,106.158999919891,214,TheEmptinessMachine,BBR,L2A,HTTP/2
2025-04-30 23:59:04,index,108.157999992371,320,TheEmptinessMachine,BBR,L2A,HTTP/2
2025-04-30 23:59:06,index,110.157999992371,320,TheEmptinessMachine,BBR,L2A,HTTP/2
2025-04-30 23:59:08,index,112.165999889374,214,TheEmptinessMachine,BBR,L2A,HTTP/2
2025-04-30 23:59:10,index,114.157999992371,214,TheEmptinessMachine,BBR,L2A,HTTP/2
2025-04-30 23:59:12,index,116.157999992371,214,TheEmptinessMachine,BBR,L2A,HTTP/2
2025-04-30 23:59:14,index,118.157999992371,214,TheEmptinessMachine,BBR,L2A,HTTP/2
2025-04-30 23:59:16,index,120.157999992371,214,TheEmptinessMachine,BBR,L2A,HTTP/2
2025-04-30 23:59:18,index,122.157999992371,214,TheEmptinessMachine,BBR,L2A,HTTP/2
2025-04-30 23:59:20,index,124.157999992371,214,TheEmptinessMachine,BBR,L2A,HTTP/2
2025-04-30 23:59:22,index,126.158999919891,214,TheEmptinessMachine,BBR,L2A,HTTP/2
2025-04-30 23:59:24,index,128.157999992371,330,TheEmptinessMachine,BBR,L2A,HTTP/2
2025-04-30 23:59:26,index,130.157999992371,330,TheEmptinessMachine,BBR,L2A,HTTP/2
2025-04-30 23:59:28,index,132.157999992371,330,TheEmptinessMachine,BBR,L2A,HTTP/2
2025-04-30 23:59:30,index,134.157999992371,330,TheEmptinessMachine,BBR,L2A,HTTP/2
2025-04-30 23:59:32,index,136.157999992371,214,TheEmptinessMachine,BBR,L2A,HTTP/2
2025-04-30 23:59:34,index,138.157999992371,214,TheEmptinessMachine,BBR,L2A,HTTP/2
2025-04-30 23:59:36,index,140.158999919891,320,TheEmptinessMachine,BBR,L2A,HTTP/2
2025-04-30 23:59:38,index,142.158999919891,320,TheEmptinessMachine,BBR,L2A,HTTP/2
2025-04-30 23:59:40,index,144.157999992371,320,TheEmptinessMachine,BBR,L2A,HTTP/2
2025-04-30 23:59:42,index,146.157999992371,320,TheEmptinessMachine,BBR,L2A,HTTP/2
2025-04-30 23:59:44,index,148.158999919891,169,TheEmptinessMachine,BBR,L2A,HTTP/2
2025-04-30 23:59:46,index,150.158999919891,214,TheEmptinessMachine,BBR,L2A,HTTP/2
2025-04-30 23:59:48,index,152.158999919891,214,TheEmptinessMachine,BBR,L2A,HTTP/2
2025-04-30 23:59:50,index,154.157999992371,214,TheEmptinessMachine,BBR,L2A,HTTP/2
2025-04-30 23:59:52,index,156.157999992371,214,TheEmptinessMachine,BBR,L2A,HTTP/2
2025-04-30 23:59:54,index,158.157999992371,214,TheEmptinessMachine,BBR,L2A,HTTP/2
2025-04-30 23:59:56,index,160.158999919891,214,TheEmptinessMachine,BBR,L2A,HTTP/2
2025-04-30 23:59:58,index,162.158999919891,214,TheEmptinessMachine,BBR,L2A,HTTP/2
2025-05-01 00:00:00,index,164.157999992371,169,TheEmptinessMachine,BBR,L2A,HTTP/2
2025-05-01 00:00:02,index,166.158999919891,169,TheEmptinessMachine,BBR,L2A,HTTP/2
2025-05-01 00:00:04,index,168.157999992371,169,TheEmptinessMachine,BBR,L2A,HTTP/2
2025-05-01 00:00:06,index,170.157999992371,169,TheEmptinessMachine,BBR,L2A,HTTP/2
2025-05-01 00:00:08,index,172.157999992371,169,TheEmptinessMachine,BBR,L2A,HTTP/2
2025-05-01 00:00:10,index,174.158999919891,169,TheEmptinessMachine,BBR,L2A,HTTP/2
2025-05-01 00:00:12,index,176.157999992371,169,TheEmptinessMachine,BBR,L2A,HTTP/2
2025-05-01 00:00:14,index,178.158999919891,169,TheEmptinessMachine,BBR,L2A,HTTP/2
2025-05-01 00:00:16,index,180.157999992371,169,TheEmptinessMachine,BBR,L2A,HTTP/2
2025-05-01 00:00:18,index,182.157999992371,169,TheEmptinessMachine,BBR,L2A,HTTP/2
2025-05-01 00:00:20,index,184.158999919891,169,TheEmptinessMachine,BBR,L2A,HTTP/2
2025-05-01 00:00:22,index,186.158999919891,169,TheEmptinessMachine,BBR,L2A,HTTP/2
2025-05-01 00:00:24,index,188.158999919891,980,TheEmptinessMachine,BBR,L2A,HTTP/2
2025-05-01 00:00:26,index,190.158999919891,980,TheEmptinessMachine,BBR,L2A,HTTP/2
2025-05-01 00:00:28,index,192.157999992371,635,TheEmptinessMachine,BBR,L2A,HTTP/2
2025-05-01 00:00:30,index,194.157999992371,635,TheEmptinessMachine,BBR,L2A,HTTP/2
2025-05-01 00:00:32,index,196.158999919891,674,TheEmptinessMachine,BBR,L2A,HTTP/2
2025-05-01 00:00:34,index,198.157999992371,674,TheEmptinessMachine,BBR,L2A,HTTP/2
2025-05-01 00:00:36,index,200.158999919891,635,TheEmptinessMachine,BBR,L2A,HTTP/2
2025-05-01 00:00:38,index,202.157999992371,72,TheEmptinessMachine,BBR,L2A,HTTP/2
2025-05-01 00:00:40,index,204.158999919891,72,TheEmptinessMachine,BBR,L2A,HTTP/2
2025-05-01 00:01:21,index,4.13700008392334,674,TheEmptinessMachine,BBR,L2A,HTTP/3
2025-05-01 00:01:23,index,6.13700008392334,330,TheEmptinessMachine,BBR,L2A,HTTP/3
2025-05-01 00:01:29,index,12.1370000839233,72,TheEmptinessMachine,BBR,L2A,HTTP/3
2025-05-01 00:01:31,index,14.1360001564026,72,TheEmptinessMachine,BBR,L2A,HTTP/3
2025-05-01 00:01:33,index,16.1360001564026,320,TheEmptinessMachine,BBR,L2A,HTTP/3
2025-05-01 00:01:35,index,18.1370000839233,320,TheEmptinessMachine,BBR,L2A,HTTP/3
2025-05-01 00:01:37,index,20.1370000839233,330,TheEmptinessMachine,BBR,L2A,HTTP/3
2025-05-01 00:01:39,index,22.1360001564026,76,TheEmptinessMachine,BBR,L2A,HTTP/3
2025-05-01 00:01:41,index,24.1360001564026,84,TheEmptinessMachine,BBR,L2A,HTTP/3
2025-05-01 00:01:47,index,30.1370000839233,214,TheEmptinessMachine,BBR,L2A,HTTP/3
2025-05-01 00:01:51,index,34.1360001564026,214,TheEmptinessMachine,BBR,L2A,HTTP/3
2025-05-01 00:01:53,index,36.1360001564026,169,TheEmptinessMachine,BBR,L2A,HTTP/3
2025-05-01 00:01:57,index,40.1370000839233,169,TheEmptinessMachine,BBR,L2A,HTTP/3
2025-05-01 00:02:01,index,44.1360001564026,72,TheEmptinessMachine,BBR,L2A,HTTP/3
2025-05-01 00:02:03,index,46.1370000839233,84,TheEmptinessMachine,BBR,L2A,HTTP/3
2025-05-01 00:02:05,index,48.1360001564026,166,TheEmptinessMachine,BBR,L2A,HTTP/3
2025-05-01 00:02:07,index,50.1360001564026,166,TheEmptinessMachine,BBR,L2A,HTTP/3
2025-05-01 00:02:09,index,52.1370000839233,166,TheEmptinessMachine,BBR,L2A,HTTP/3
2025-05-01 00:02:11,index,54.1370000839233,166,TheEmptinessMachine,BBR,L2A,HTTP/3
2025-05-01 00:02:13,index,56.1360001564026,166,TheEmptinessMachine,BBR,L2A,HTTP/3
2025-05-01 00:02:15,index,58.1370000839233,72,TheEmptinessMachine,BBR,L2A,HTTP/3
2025-05-01 00:02:17,index,60.1370000839233,72,TheEmptinessMachine,BBR,L2A,HTTP/3
2025-05-01 00:02:19,index,62.1360001564026,72,TheEmptinessMachine,BBR,L2A,HTTP/3
2025-05-01 00:02:21,index,64.1370000839233,72,TheEmptinessMachine,BBR,L2A,HTTP/3
2025-05-01 00:02:23,index,66.1370000839233,72,TheEmptinessMachine,BBR,L2A,HTTP/3
2025-05-01 00:02:25,index,68.1370000839233,330,TheEmptinessMachine,BBR,L2A,HTTP/3
2025-05-01 00:02:27,index,70.1370000839233,330,TheEmptinessMachine,BBR,L2A,HTTP/3
2025-05-01 00:02:29,index,72.1370000839233,330,TheEmptinessMachine,BBR,L2A,HTTP/3
2025-05-01 00:02:31,index,74.1370000839233,330,TheEmptinessMachine,BBR,L2A,HTTP/3
2025-05-01 00:02:33,index,76.1370000839233,330,TheEmptinessMachine,BBR,L2A,HTTP/3
2025-05-01 00:02:35,index,78.1370000839233,674,TheEmptinessMachine,BBR,L2A,HTTP/3
2025-05-01 00:02:37,index,80.1370000839233,169,TheEmptinessMachine,BBR,L2A,HTTP/3
2025-05-01 00:02:39,index,82.1370000839233,169,TheEmptinessMachine,BBR,L2A,HTTP/3
2025-05-01 00:02:45,index,88.1370000839233,72,TheEmptinessMachine,BBR,L2A,HTTP/3
2025-05-01 00:02:47,index,90.1360001564026,330,TheEmptinessMachine,BBR,L2A,HTTP/3
2025-05-01 00:02:49,index,92.1370000839233,330,TheEmptinessMachine,BBR,L2A,HTTP/3
2025-05-01 00:02:51,index,94.1370000839233,84,TheEmptinessMachine,BBR,L2A,HTTP/3
2025-05-01 00:02:53,index,96.1370000839233,84,TheEmptinessMachine,BBR,L2A,HTTP/3
2025-05-01 00:02:55,index,98.1360001564026,84,TheEmptinessMachine,BBR,L2A,HTTP/3
2025-05-01 00:02:57,index,100.136000156403,72,TheEmptinessMachine,BBR,L2A,HTTP/3
2025-05-01 00:02:59,index,102.136000156403,72,TheEmptinessMachine,BBR,L2A,HTTP/3
2025-05-01 00:03:01,index,104.137000083923,72,TheEmptinessMachine,BBR,L2A,HTTP/3
2025-05-01 00:03:03,index,106.137000083923,214,TheEmptinessMachine,BBR,L2A,HTTP/3
2025-05-01 00:03:05,index,108.136000156403,169,TheEmptinessMachine,BBR,L2A,HTTP/3
2025-05-01 00:03:07,index,110.136000156403,169,TheEmptinessMachine,BBR,L2A,HTTP/3
2025-05-01 00:03:09,index,112.137000083923,169,TheEmptinessMachine,BBR,L2A,HTTP/3
2025-05-01 00:03:11,index,114.136000156403,169,TheEmptinessMachine,BBR,L2A,HTTP/3
2025-05-01 00:03:13,index,116.136000156403,169,TheEmptinessMachine,BBR,L2A,HTTP/3
2025-05-01 00:03:15,index,118.137000083923,169,TheEmptinessMachine,BBR,L2A,HTTP/3
2025-05-01 00:03:17,index,120.136000156403,84,TheEmptinessMachine,BBR,L2A,HTTP/3
2025-05-01 00:03:19,index,122.137000083923,169,TheEmptinessMachine,BBR,L2A,HTTP/3
2025-05-01 00:03:21,index,124.138000011444,169,TheEmptinessMachine,BBR,L2A,HTTP/3
2025-05-01 00:03:23,index,126.136000156403,166,TheEmptinessMachine,BBR,L2A,HTTP/3
2025-05-01 00:03:25,index,128.136000156403,166,TheEmptinessMachine,BBR,L2A,HTTP/3
2025-05-01 00:03:27,index,130.138000011444,166,TheEmptinessMachine,BBR,L2A,HTTP/3
2025-05-01 00:03:31,index,134.136000156403,72,TheEmptinessMachine,BBR,L2A,HTTP/3
2025-05-01 00:03:33,index,136.137000083923,72,TheEmptinessMachine,BBR,L2A,HTTP/3
2025-05-01 00:03:35,index,138.137000083923,72,TheEmptinessMachine,BBR,L2A,HTTP/3
2025-05-01 00:03:37,index,140.136000156403,72,TheEmptinessMachine,BBR,L2A,HTTP/3
2025-05-01 00:03:39,index,142.137000083923,72,TheEmptinessMachine,BBR,L2A,HTTP/3
2025-05-01 00:03:41,index,144.137000083923,330,TheEmptinessMachine,BBR,L2A,HTTP/3
2025-05-01 00:03:43,index,146.137000083923,330,TheEmptinessMachine,BBR,L2A,HTTP/3
2025-05-01 00:03:45,index,148.136000156403,84,TheEmptinessMachine,BBR,L2A,HTTP/3
2025-05-01 00:03:47,index,150.136000156403,84,TheEmptinessMachine,BBR,L2A,HTTP/3
2025-05-01 00:03:49,index,152.137000083923,84,TheEmptinessMachine,BBR,L2A,HTTP/3
2025-05-01 00:03:51,index,154.136000156403,84,TheEmptinessMachine,BBR,L2A,HTTP/3
2025-05-01 00:03:53,index,156.137000083923,84,TheEmptinessMachine,BBR,L2A,HTTP/3
2025-05-01 00:03:55,index,158.137000083923,214,TheEmptinessMachine,BBR,L2A,HTTP/3
2025-05-01 00:03:57,index,160.136000156403,214,TheEmptinessMachine,BBR,L2A,HTTP/3
2025-05-01 00:03:59,index,162.136000156403,320,TheEmptinessMachine,BBR,L2A,HTTP/3
2025-05-01 00:04:01,index,164.137000083923,330,TheEmptinessMachine,BBR,L2A,HTTP/3
2025-05-01 00:04:03,index,166.138000011444,330,TheEmptinessMachine,BBR,L2A,HTTP/3
2025-05-01 00:04:05,index,168.136000156403,84,TheEmptinessMachine,BBR,L2A,HTTP/3
2025-05-01 00:04:07,index,170.137000083923,84,TheEmptinessMachine,BBR,L2A,HTTP/3
2025-05-01 00:04:09,index,172.137000083923,84,TheEmptinessMachine,BBR,L2A,HTTP/3
2025-05-01 00:04:11,index,174.136000156403,84,TheEmptinessMachine,BBR,L2A,HTTP/3
2025-05-01 00:04:13,index,176.136000156403,84,TheEmptinessMachine,BBR,L2A,HTTP/3
2025-05-01 00:04:15,index,178.136000156403,84,TheEmptinessMachine,BBR,L2A,HTTP/3
2025-05-01 00:04:17,index,180.137000083923,330,TheEmptinessMachine,BBR,L2A,HTTP/3
2025-05-01 00:04:19,index,182.136000156403,330,TheEmptinessMachine,BBR,L2A,HTTP/3
2025-05-01 00:04:21,index,184.136000156403,330,TheEmptinessMachine,BBR,L2A,HTTP/3
2025-05-01 00:04:23,index,186.137000083923,330,TheEmptinessMachine,BBR,L2A,HTTP/3
2025-05-01 00:04:25,index,188.136000156403,330,TheEmptinessMachine,BBR,L2A,HTTP/3
2025-05-01 00:04:27,index,190.136000156403,214,TheEmptinessMachine,BBR,L2A,HTTP/3
2025-05-01 00:04:29,index,192.137000083923,214,TheEmptinessMachine,BBR,L2A,HTTP/3
2025-05-01 00:04:31,index,194.137000083923,214,TheEmptinessMachine,BBR,L2A,HTTP/3
2025-05-01 00:04:35,index,198.136000156403,72,TheEmptinessMachine,BBR,L2A,HTTP/3
2025-05-01 00:04:37,index,200.137000083923,72,TheEmptinessMachine,BBR,L2A,HTTP/3
2025-05-01 00:04:39,index,202.137000083923,72,TheEmptinessMachine,BBR,L2A,HTTP/3
2025-05-01 00:04:41,index,204.137000083923,72,TheEmptinessMachine,BBR,L2A,HTTP/3
2025-05-01 00:04:43,index,206.136000156403,72,TheEmptinessMachine,BBR,L2A,HTTP/3
2025-05-01 00:05:19,index,4.35099983215332,1226,TheEmptinessMachine,BBR,RB,HTTP/1.1
2025-05-01 00:05:21,index,6.35099983215332,1767,TheEmptinessMachine,BBR,RB,HTTP/1.1
2025-05-01 00:05:23,index,8.35899996757507,1226,TheEmptinessMachine,BBR,RB,HTTP/1.1
2025-05-01 00:05:25,index,10.3519999980927,1226,TheEmptinessMachine,BBR,RB,HTTP/1.1
2025-05-01 00:05:27,index,12.3509998321533,1226,TheEmptinessMachine,BBR,RB,HTTP/1.1
2025-05-01 00:05:39,index,24.3509998321533,635,TheEmptinessMachine,BBR,RB,HTTP/1.1
2025-05-01 00:05:41,index,26.3509998321533,635,TheEmptinessMachine,BBR,RB,HTTP/1.1
2025-05-01 00:05:43,index,28.3499999046326,330,TheEmptinessMachine,BBR,RB,HTTP/1.1
2025-05-01 00:05:45,index,30.3499999046326,330,TheEmptinessMachine,BBR,RB,HTTP/1.1
2025-05-01 00:05:47,index,32.3509998321533,635,TheEmptinessMachine,BBR,RB,HTTP/1.1
2025-05-01 00:05:49,index,34.3509998321533,635,TheEmptinessMachine,BBR,RB,HTTP/1.1
2025-05-01 00:05:51,index,36.3499999046326,330,TheEmptinessMachine,BBR,RB,HTTP/1.1
2025-05-01 00:05:55,index,40.3499999046326,330,TheEmptinessMachine,BBR,RB,HTTP/1.1
2025-05-01 00:05:57,index,42.3509998321533,72,TheEmptinessMachine,BBR,RB,HTTP/1.1
2025-05-01 00:05:59,index,44.3509998321533,72,TheEmptinessMachine,BBR,RB,HTTP/1.1
2025-05-01 00:06:01,index,46.3499999046326,330,TheEmptinessMachine,BBR,RB,HTTP/1.1
2025-05-01 00:06:03,index,48.3509998321533,330,TheEmptinessMachine,BBR,RB,HTTP/1.1
2025-05-01 00:06:05,index,50.3509998321533,330,TheEmptinessMachine,BBR,RB,HTTP/1.1
2025-05-01 00:06:07,index,52.3499999046326,330,TheEmptinessMachine,BBR,RB,HTTP/1.1
2025-05-01 00:06:09,index,54.3509998321533,330,TheEmptinessMachine,BBR,RB,HTTP/1.1
2025-05-01 00:06:11,index,56.3509998321533,72,TheEmptinessMachine,BBR,RB,HTTP/1.1
2025-05-01 00:06:13,index,58.3499999046326,330,TheEmptinessMachine,BBR,RB,HTTP/1.1
2025-05-01 00:06:15,index,60.3509998321533,72,TheEmptinessMachine,BBR,RB,HTTP/1.1
2025-05-01 00:06:17,index,62.3499999046326,72,TheEmptinessMachine,BBR,RB,HTTP/1.1
2025-05-01 00:06:19,index,64.3499999046326,330,TheEmptinessMachine,BBR,RB,HTTP/1.1
2025-05-01 00:06:21,index,66.3509998321533,330,TheEmptinessMachine,BBR,RB,HTTP/1.1
2025-05-01 00:06:23,index,68.3509998321533,330,TheEmptinessMachine,BBR,RB,HTTP/1.1
2025-05-01 00:06:25,index,70.3499999046326,330,TheEmptinessMachine,BBR,RB,HTTP/1.1
2025-05-01 00:06:27,index,72.3509998321533,72,TheEmptinessMachine,BBR,RB,HTTP/1.1
2025-05-01 00:06:29,index,74.3509998321533,330,TheEmptinessMachine,BBR,RB,HTTP/1.1
2025-05-01 00:06:31,index,76.3509998321533,330,TheEmptinessMachine,BBR,RB,HTTP/1.1
2025-05-01 00:06:33,index,78.3509998321533,72,TheEmptinessMachine,BBR,RB,HTTP/1.1
2025-05-01 00:06:35,index,80.3499999046326,72,TheEmptinessMachine,BBR,RB,HTTP/1.1
2025-05-01 00:06:37,index,82.3499999046326,330,TheEmptinessMachine,BBR,RB,HTTP/1.1
2025-05-01 00:06:39,index,84.3499999046326,330,TheEmptinessMachine,BBR,RB,HTTP/1.1
2025-05-01 00:06:41,index,86.3499999046326,330,TheEmptinessMachine,BBR,RB,HTTP/1.1
2025-05-01 00:06:43,index,88.3499999046326,72,TheEmptinessMachine,BBR,RB,HTTP/1.1
2025-05-01 00:06:45,index,90.3499999046326,635,TheEmptinessMachine,BBR,RB,HTTP/1.1
2025-05-01 00:06:47,index,92.3509998321533,635,TheEmptinessMachine,BBR,RB,HTTP/1.1
2025-05-01 00:06:49,index,94.3499999046326,635,TheEmptinessMachine,BBR,RB,HTTP/1.1
2025-05-01 00:06:51,index,96.3509998321533,674,TheEmptinessMachine,BBR,RB,HTTP/1.1
2025-05-01 00:06:53,index,98.3509998321533,674,TheEmptinessMachine,BBR,RB,HTTP/1.1
2025-05-01 00:06:55,index,100.350999832153,674,TheEmptinessMachine,BBR,RB,HTTP/1.1
2025-05-01 00:06:57,index,102.349999904633,635,TheEmptinessMachine,BBR,RB,HTTP/1.1
2025-05-01 00:07:05,index,110.349999904633,72,TheEmptinessMachine,BBR,RB,HTTP/1.1
2025-05-01 00:07:07,index,112.350999832153,674,TheEmptinessMachine,BBR,RB,HTTP/1.1
2025-05-01 00:07:09,index,114.350999832153,72,TheEmptinessMachine,BBR,RB,HTTP/1.1
2025-05-01 00:07:11,index,116.349999904633,330,TheEmptinessMachine,BBR,RB,HTTP/1.1
2025-05-01 00:07:13,index,118.350999832153,330,TheEmptinessMachine,BBR,RB,HTTP/1.1
2025-05-01 00:07:15,index,120.349999904633,330,TheEmptinessMachine,BBR,RB,HTTP/1.1
2025-05-01 00:07:17,index,122.349999904633,330,TheEmptinessMachine,BBR,RB,HTTP/1.1
2025-05-01 00:07:19,index,124.349999904633,72,TheEmptinessMachine,BBR,RB,HTTP/1.1
2025-05-01 00:07:21,index,126.350999832153,330,TheEmptinessMachine,BBR,RB,HTTP/1.1
2025-05-01 00:07:23,index,128.350999832153,330,TheEmptinessMachine,BBR,RB,HTTP/1.1
2025-05-01 00:07:25,index,130.350999832153,330,TheEmptinessMachine,BBR,RB,HTTP/1.1
2025-05-01 00:07:27,index,132.350999832153,330,TheEmptinessMachine,BBR,RB,HTTP/1.1
2025-05-01 00:07:29,index,134.350999832153,330,TheEmptinessMachine,BBR,RB,HTTP/1.1
2025-05-01 00:07:31,index,136.350999832153,330,TheEmptinessMachine,BBR,RB,HTTP/1.1
2025-05-01 00:07:33,index,138.349999904633,330,TheEmptinessMachine,BBR,RB,HTTP/1.1
2025-05-01 00:07:35,index,140.349999904633,330,TheEmptinessMachine,BBR,RB,HTTP/1.1
2025-05-01 00:07:37,index,142.349999904633,330,TheEmptinessMachine,BBR,RB,HTTP/1.1
2025-05-01 00:07:39,index,144.350999832153,72,TheEmptinessMachine,BBR,RB,HTTP/1.1
2025-05-01 00:07:41,index,146.350999832153,72,TheEmptinessMachine,BBR,RB,HTTP/1.1
2025-05-01 00:07:43,index,148.350999832153,330,TheEmptinessMachine,BBR,RB,HTTP/1.1
2025-05-01 00:07:45,index,150.349999904633,72,TheEmptinessMachine,BBR,RB,HTTP/1.1
2025-05-01 00:07:47,index,152.349999904633,72,TheEmptinessMachine,BBR,RB,HTTP/1.1
2025-05-01 00:07:49,index,154.350999832153,330,TheEmptinessMachine,BBR,RB,HTTP/1.1
2025-05-01 00:07:51,index,156.350999832153,72,TheEmptinessMachine,BBR,RB,HTTP/1.1
2025-05-01 00:07:53,index,158.349999904633,72,TheEmptinessMachine,BBR,RB,HTTP/1.1
2025-05-01 00:07:55,index,160.350999832153,330,TheEmptinessMachine,BBR,RB,HTTP/1.1
2025-05-01 00:07:57,index,162.350999832153,330,TheEmptinessMachine,BBR,RB,HTTP/1.1
2025-05-01 00:07:59,index,164.350999832153,330,TheEmptinessMachine,BBR,RB,HTTP/1.1
2025-05-01 00:08:01,index,166.349999904633,330,TheEmptinessMachine,BBR,RB,HTTP/1.1
2025-05-01 00:08:03,index,168.350999832153,330,TheEmptinessMachine,BBR,RB,HTTP/1.1
2025-05-01 00:08:05,index,170.350999832153,330,TheEmptinessMachine,BBR,RB,HTTP/1.1
2025-05-01 00:08:07,index,172.350999832153,330,TheEmptinessMachine,BBR,RB,HTTP/1.1
2025-05-01 00:08:09,index,174.350999832153,330,TheEmptinessMachine,BBR,RB,HTTP/1.1
2025-05-01 00:08:11,index,176.350999832153,330,TheEmptinessMachine,BBR,RB,HTTP/1.1
2025-05-01 00:08:13,index,178.349999904633,72,TheEmptinessMachine,BBR,RB,HTTP/1.1
2025-05-01 00:08:15,index,180.350999832153,330,TheEmptinessMachine,BBR,RB,HTTP/1.1
2025-05-01 00:08:17,index,182.350999832153,330,TheEmptinessMachine,BBR,RB,HTTP/1.1
2025-05-01 00:08:19,index,184.350999832153,330,TheEmptinessMachine,BBR,RB,HTTP/1.1
2025-05-01 00:08:21,index,186.349999904633,330,TheEmptinessMachine,BBR,RB,HTTP/1.1
2025-05-01 00:08:23,index,188.350999832153,72,TheEmptinessMachine,BBR,RB,HTTP/1.1
2025-05-01 00:08:25,index,190.349999904633,330,TheEmptinessMachine,BBR,RB,HTTP/1.1
2025-05-01 00:08:27,index,192.349999904633,72,TheEmptinessMachine,BBR,RB,HTTP/1.1
2025-05-01 00:08:29,index,194.350999832153,72,TheEmptinessMachine,BBR,RB,HTTP/1.1
2025-05-01 00:08:31,index,196.350999832153,72,TheEmptinessMachine,BBR,RB,HTTP/1.1
2025-05-01 00:08:33,index,198.350999832153,72,TheEmptinessMachine,BBR,RB,HTTP/1.1
2025-05-01 00:08:35,index,200.350999832153,72,TheEmptinessMachine,BBR,RB,HTTP/1.1
2025-05-01 00:08:37,index,202.350999832153,72,TheEmptinessMachine,BBR,RB,HTTP/1.1
2025-05-01 00:08:39,index,204.350999832153,72,TheEmptinessMachine,BBR,RB,HTTP/1.1
2025-05-01 00:08:41,index,206.349999904633,72,TheEmptinessMachine,BBR,RB,HTTP/1.1
2025-05-01 00:08:43,index,208.350999832153,72,TheEmptinessMachine,BBR,RB,HTTP/1.1
2025-05-01 00:09:20,index,4.13599991798401,1767,TheEmptinessMachine,BBR,RB,HTTP/2
2025-05-01 00:09:22,index,6.13599991798401,1767,TheEmptinessMachine,BBR,RB,HTTP/2
2025-05-01 00:09:24,index,8.13599991798401,1767,TheEmptinessMachine,BBR,RB,HTTP/2
2025-05-01 00:09:26,index,10.135999917984,674,TheEmptinessMachine,BBR,RB,HTTP/2
2025-05-01 00:09:28,index,12.135999917984,674,TheEmptinessMachine,BBR,RB,HTTP/2
2025-05-01 00:09:30,index,14.135999917984,72,TheEmptinessMachine,BBR,RB,HTTP/2
2025-05-01 00:09:32,index,16.135999917984,330,TheEmptinessMachine,BBR,RB,HTTP/2
2025-05-01 00:09:34,index,18.135999917984,635,TheEmptinessMachine,BBR,RB,HTTP/2
2025-05-01 00:09:36,index,20.135999917984,72,TheEmptinessMachine,BBR,RB,HTTP/2
2025-05-01 00:09:38,index,22.135999917984,674,TheEmptinessMachine,BBR,RB,HTTP/2
2025-05-01 00:09:40,index,24.135999917984,674,TheEmptinessMachine,BBR,RB,HTTP/2
2025-05-01 00:09:42,index,26.135999917984,674,TheEmptinessMachine,BBR,RB,HTTP/2
2025-05-01 00:09:44,index,28.135999917984,674,TheEmptinessMachine,BBR,RB,HTTP/2
2025-05-01 00:09:46,index,30.135999917984,72,TheEmptinessMachine,BBR,RB,HTTP/2
2025-05-01 00:09:50,index,34.135999917984,72,TheEmptinessMachine,BBR,RB,HTTP/2
2025-05-01 00:09:52,index,36.135999917984,330,TheEmptinessMachine,BBR,RB,HTTP/2
2025-05-01 00:09:54,index,38.135999917984,72,TheEmptinessMachine,BBR,RB,HTTP/2
2025-05-01 00:09:56,index,40.135999917984,635,TheEmptinessMachine,BBR,RB,HTTP/2
2025-05-01 00:09:58,index,42.135999917984,72,TheEmptinessMachine,BBR,RB,HTTP/2
2025-05-01 00:10:00,index,44.135999917984,330,TheEmptinessMachine,BBR,RB,HTTP/2
2025-05-01 00:10:02,index,46.1370000839233,330,TheEmptinessMachine,BBR,RB,HTTP/2
2025-05-01 00:10:04,index,48.135999917984,330,TheEmptinessMachine,BBR,RB,HTTP/2
2025-05-01 00:10:06,index,50.135999917984,330,TheEmptinessMachine,BBR,RB,HTTP/2
2025-05-01 00:10:08,index,52.135999917984,72,TheEmptinessMachine,BBR,RB,HTTP/2
2025-05-01 00:10:10,index,54.135999917984,330,TheEmptinessMachine,BBR,RB,HTTP/2
2025-05-01 00:10:12,index,56.135999917984,72,TheEmptinessMachine,BBR,RB,HTTP/2
2025-05-01 00:10:14,index,58.135999917984,330,TheEmptinessMachine,BBR,RB,HTTP/2
2025-05-01 00:10:16,index,60.135999917984,330,TheEmptinessMachine,BBR,RB,HTTP/2
2025-05-01 00:10:18,index,62.135999917984,330,TheEmptinessMachine,BBR,RB,HTTP/2
2025-05-01 00:10:20,index,64.135999917984,330,TheEmptinessMachine,BBR,RB,HTTP/2
2025-05-01 00:10:22,index,66.135999917984,72,TheEmptinessMachine,BBR,RB,HTTP/2
2025-05-01 00:10:24,index,68.135999917984,330,TheEmptinessMachine,BBR,RB,HTTP/2
2025-05-01 00:10:26,index,70.135999917984,330,TheEmptinessMachine,BBR,RB,HTTP/2
2025-05-01 00:10:28,index,72.135999917984,72,TheEmptinessMachine,BBR,RB,HTTP/2
2025-05-01 00:10:30,index,74.135999917984,72,TheEmptinessMachine,BBR,RB,HTTP/2
2025-05-01 00:10:32,index,76.135999917984,330,TheEmptinessMachine,BBR,RB,HTTP/2
2025-05-01 00:10:34,index,78.135999917984,635,TheEmptinessMachine,BBR,RB,HTTP/2
2025-05-01 00:10:36,index,80.135999917984,635,TheEmptinessMachine,BBR,RB,HTTP/2
2025-05-01 00:10:38,index,82.135999917984,330,TheEmptinessMachine,BBR,RB,HTTP/2
2025-05-01 00:10:40,index,84.135999917984,330,TheEmptinessMachine,BBR,RB,HTTP/2
2025-05-01 00:10:44,index,88.135999917984,72,TheEmptinessMachine,BBR,RB,HTTP/2
2025-05-01 00:10:46,index,90.135999917984,72,TheEmptinessMachine,BBR,RB,HTTP/2
2025-05-01 00:10:48,index,92.135999917984,635,TheEmptinessMachine,BBR,RB,HTTP/2
2025-05-01 00:10:50,index,94.135999917984,635,TheEmptinessMachine,BBR,RB,HTTP/2
2025-05-01 00:10:52,index,96.135999917984,635,TheEmptinessMachine,BBR,RB,HTTP/2
2025-05-01 00:10:54,index,98.135999917984,330,TheEmptinessMachine,BBR,RB,HTTP/2
2025-05-01 00:10:56,index,100.137000083923,330,TheEmptinessMachine,BBR,RB,HTTP/2
2025-05-01 00:10:58,index,102.135999917984,330,TheEmptinessMachine,BBR,RB,HTTP/2
2025-05-01 00:11:00,index,104.135999917984,330,TheEmptinessMachine,BBR,RB,HTTP/2
2025-05-01 00:11:02,index,106.135999917984,330,TheEmptinessMachine,BBR,RB,HTTP/2
2025-05-01 00:11:04,index,108.135999917984,330,TheEmptinessMachine,BBR,RB,HTTP/2
2025-05-01 00:11:06,index,110.137000083923,72,TheEmptinessMachine,BBR,RB,HTTP/2
2025-05-01 00:11:08,index,112.135999917984,330,TheEmptinessMachine,BBR,RB,HTTP/2
2025-05-01 00:11:10,index,114.135999917984,330,TheEmptinessMachine,BBR,RB,HTTP/2
2025-05-01 00:11:12,index,116.135999917984,330,TheEmptinessMachine,BBR,RB,HTTP/2
2025-05-01 00:11:14,index,118.135999917984,330,TheEmptinessMachine,BBR,RB,HTTP/2
2025-05-01 00:11:16,index,120.135999917984,330,TheEmptinessMachine,BBR,RB,HTTP/2
2025-05-01 00:11:18,index,122.135999917984,330,TheEmptinessMachine,BBR,RB,HTTP/2
2025-05-01 00:11:20,index,124.135999917984,330,TheEmptinessMachine,BBR,RB,HTTP/2
2025-05-01 00:11:22,index,126.135999917984,72,TheEmptinessMachine,BBR,RB,HTTP/2
2025-05-01 00:11:24,index,128.135999917984,330,TheEmptinessMachine,BBR,RB,HTTP/2
2025-05-01 00:11:26,index,130.135999917984,330,TheEmptinessMachine,BBR,RB,HTTP/2
2025-05-01 00:11:28,index,132.135999917984,72,TheEmptinessMachine,BBR,RB,HTTP/2
2025-05-01 00:11:30,index,134.135999917984,72,TheEmptinessMachine,BBR,RB,HTTP/2
2025-05-01 00:11:32,index,136.135999917984,330,TheEmptinessMachine,BBR,RB,HTTP/2
2025-05-01 00:11:34,index,138.137000083923,330,TheEmptinessMachine,BBR,RB,HTTP/2
2025-05-01 00:11:36,index,140.135999917984,72,TheEmptinessMachine,BBR,RB,HTTP/2
2025-05-01 00:11:38,index,142.135999917984,330,TheEmptinessMachine,BBR,RB,HTTP/2
2025-05-01 00:11:40,index,144.135999917984,330,TheEmptinessMachine,BBR,RB,HTTP/2
2025-05-01 00:11:42,index,146.135999917984,72,TheEmptinessMachine,BBR,RB,HTTP/2
2025-05-01 00:11:44,index,148.135999917984,330,TheEmptinessMachine,BBR,RB,HTTP/2
2025-05-01 00:11:46,index,150.135999917984,330,TheEmptinessMachine,BBR,RB,HTTP/2
2025-05-01 00:11:48,index,152.135999917984,72,TheEmptinessMachine,BBR,RB,HTTP/2
2025-05-01 00:11:50,index,154.135999917984,330,TheEmptinessMachine,BBR,RB,HTTP/2
2025-05-01 00:11:52,index,156.135999917984,330,TheEmptinessMachine,BBR,RB,HTTP/2
2025-05-01 00:11:54,index,158.135999917984,330,TheEmptinessMachine,BBR,RB,HTTP/2
2025-05-01 00:11:56,index,160.135999917984,330,TheEmptinessMachine,BBR,RB,HTTP/2
2025-05-01 00:11:58,index,162.135999917984,330,TheEmptinessMachine,BBR,RB,HTTP/2
2025-05-01 00:12:00,index,164.135999917984,72,TheEmptinessMachine,BBR,RB,HTTP/2
2025-05-01 00:12:02,index,166.135999917984,330,TheEmptinessMachine,BBR,RB,HTTP/2
2025-05-01 00:12:04,index,168.135999917984,330,TheEmptinessMachine,BBR,RB,HTTP/2
2025-05-01 00:12:06,index,170.135999917984,330,TheEmptinessMachine,BBR,RB,HTTP/2
2025-05-01 00:12:08,index,172.135999917984,72,TheEmptinessMachine,BBR,RB,HTTP/2
2025-05-01 00:12:10,index,174.135999917984,72,TheEmptinessMachine,BBR,RB,HTTP/2
2025-05-01 00:12:12,index,176.135999917984,330,TheEmptinessMachine,BBR,RB,HTTP/2
2025-05-01 00:12:14,index,178.135999917984,330,TheEmptinessMachine,BBR,RB,HTTP/2
2025-05-01 00:12:16,index,180.135999917984,330,TheEmptinessMachine,BBR,RB,HTTP/2
2025-05-01 00:12:18,index,182.135999917984,330,TheEmptinessMachine,BBR,RB,HTTP/2
2025-05-01 00:12:20,index,184.135999917984,72,TheEmptinessMachine,BBR,RB,HTTP/2
2025-05-01 00:12:22,index,186.135999917984,72,TheEmptinessMachine,BBR,RB,HTTP/2
2025-05-01 00:12:24,index,188.135999917984,72,TheEmptinessMachine,BBR,RB,HTTP/2
2025-05-01 00:12:26,index,190.135999917984,72,TheEmptinessMachine,BBR,RB,HTTP/2
2025-05-01 00:12:28,index,192.137000083923,72,TheEmptinessMachine,BBR,RB,HTTP/2
2025-05-01 00:12:30,index,194.135999917984,72,TheEmptinessMachine,BBR,RB,HTTP/2
2025-05-01 00:12:32,index,196.135999917984,72,TheEmptinessMachine,BBR,RB,HTTP/2
2025-05-01 00:13:29,index,11.4670000076294,72,TheEmptinessMachine,BBR,RB,HTTP/3
2025-05-01 00:13:31,index,13.4670000076294,169,TheEmptinessMachine,BBR,RB,HTTP/3
2025-05-01 00:13:33,index,15.4670000076294,169,TheEmptinessMachine,BBR,RB,HTTP/3
2025-05-01 00:13:35,index,17.4670000076294,214,TheEmptinessMachine,BBR,RB,HTTP/3
2025-05-01 00:13:37,index,19.4750001430511,214,TheEmptinessMachine,BBR,RB,HTTP/3
2025-05-01 00:13:39,index,21.4670000076294,72,TheEmptinessMachine,BBR,RB,HTTP/3
2025-05-01 00:13:41,index,23.4670000076294,214,TheEmptinessMachine,BBR,RB,HTTP/3
2025-05-01 00:13:43,index,25.4670000076294,72,TheEmptinessMachine,BBR,RB,HTTP/3
2025-05-01 00:13:45,index,27.4670000076294,214,TheEmptinessMachine,BBR,RB,HTTP/3
2025-05-01 00:13:47,index,29.4670000076294,72,TheEmptinessMachine,BBR,RB,HTTP/3
2025-05-01 00:13:49,index,31.4670000076294,72,TheEmptinessMachine,BBR,RB,HTTP/3
2025-05-01 00:13:51,index,33.4670000076294,169,TheEmptinessMachine,BBR,RB,HTTP/3
2025-05-01 00:13:53,index,35.4670000076294,214,TheEmptinessMachine,BBR,RB,HTTP/3
2025-05-01 00:13:55,index,37.4670000076294,214,TheEmptinessMachine,BBR,RB,HTTP/3
2025-05-01 00:13:57,index,39.4670000076294,214,TheEmptinessMachine,BBR,RB,HTTP/3
2025-05-01 00:13:59,index,41.4660000801086,214,TheEmptinessMachine,BBR,RB,HTTP/3
2025-05-01 00:14:09,index,51.4670000076294,214,TheEmptinessMachine,BBR,RB,HTTP/3
2025-05-01 00:14:11,index,53.4670000076294,330,TheEmptinessMachine,BBR,RB,HTTP/3
2025-05-01 00:14:13,index,55.4670000076294,330,TheEmptinessMachine,BBR,RB,HTTP/3
2025-05-01 00:14:15,index,57.4670000076294,330,TheEmptinessMachine,BBR,RB,HTTP/3
2025-05-01 00:14:17,index,59.4670000076294,330,TheEmptinessMachine,BBR,RB,HTTP/3
2025-05-01 00:14:19,index,61.4670000076294,214,TheEmptinessMachine,BBR,RB,HTTP/3
2025-05-01 00:14:27,index,69.4670000076294,214,TheEmptinessMachine,BBR,RB,HTTP/3
2025-05-01 00:14:29,index,71.4670000076294,214,TheEmptinessMachine,BBR,RB,HTTP/3
2025-05-01 00:14:31,index,73.4670000076294,72,TheEmptinessMachine,BBR,RB,HTTP/3
2025-05-01 00:14:33,index,75.4670000076294,330,TheEmptinessMachine,BBR,RB,HTTP/3
2025-05-01 00:14:35,index,77.4670000076294,330,TheEmptinessMachine,BBR,RB,HTTP/3
2025-05-01 00:14:37,index,79.4670000076294,330,TheEmptinessMachine,BBR,RB,HTTP/3
2025-05-01 00:14:39,index,81.4670000076294,330,TheEmptinessMachine,BBR,RB,HTTP/3
2025-05-01 00:14:41,index,83.4670000076294,330,TheEmptinessMachine,BBR,RB,HTTP/3
2025-05-01 00:14:43,index,85.4670000076294,330,TheEmptinessMachine,BBR,RB,HTTP/3
2025-05-01 00:14:53,index,95.4660000801086,320,TheEmptinessMachine,BBR,RB,HTTP/3
2025-05-01 00:14:55,index,97.4670000076294,72,TheEmptinessMachine,BBR,RB,HTTP/3
2025-05-01 00:14:57,index,99.4670000076294,330,TheEmptinessMachine,BBR,RB,HTTP/3
2025-05-01 00:14:59,index,101.466000080109,330,TheEmptinessMachine,BBR,RB,HTTP/3
2025-05-01 00:15:01,index,103.467000007629,330,TheEmptinessMachine,BBR,RB,HTTP/3
2025-05-01 00:15:03,index,105.467000007629,72,TheEmptinessMachine,BBR,RB,HTTP/3
2025-05-01 00:15:05,index,107.467000007629,330,TheEmptinessMachine,BBR,RB,HTTP/3
2025-05-01 00:15:07,index,109.467000007629,330,TheEmptinessMachine,BBR,RB,HTTP/3
2025-05-01 00:15:09,index,111.466000080109,330,TheEmptinessMachine,BBR,RB,HTTP/3
2025-05-01 00:15:11,index,113.467000007629,330,TheEmptinessMachine,BBR,RB,HTTP/3
2025-05-01 00:15:13,index,115.467000007629,72,TheEmptinessMachine,BBR,RB,HTTP/3
2025-05-01 00:15:15,index,117.467000007629,214,TheEmptinessMachine,BBR,RB,HTTP/3
2025-05-01 00:15:17,index,119.467000007629,72,TheEmptinessMachine,BBR,RB,HTTP/3
2025-05-01 00:15:19,index,121.467000007629,214,TheEmptinessMachine,BBR,RB,HTTP/3
2025-05-01 00:15:21,index,123.466000080109,72,TheEmptinessMachine,BBR,RB,HTTP/3
2025-05-01 00:15:23,index,125.467000007629,214,TheEmptinessMachine,BBR,RB,HTTP/3
2025-05-01 00:15:25,index,127.467000007629,214,TheEmptinessMachine,BBR,RB,HTTP/3
2025-05-01 00:15:27,index,129.466000080109,214,TheEmptinessMachine,BBR,RB,HTTP/3
2025-05-01 00:15:29,index,131.466000080109,72,TheEmptinessMachine,BBR,RB,HTTP/3
2025-05-01 00:15:31,index,133.466000080109,214,TheEmptinessMachine,BBR,RB,HTTP/3
2025-05-01 00:15:33,index,135.467000007629,214,TheEmptinessMachine,BBR,RB,HTTP/3
2025-05-01 00:15:35,index,137.467000007629,214,TheEmptinessMachine,BBR,RB,HTTP/3
2025-05-01 00:15:37,index,139.466000080109,72,TheEmptinessMachine,BBR,RB,HTTP/3
2025-05-01 00:15:39,index,141.467000007629,214,TheEmptinessMachine,BBR,RB,HTTP/3
2025-05-01 00:15:41,index,143.467000007629,72,TheEmptinessMachine,BBR,RB,HTTP/3
2025-05-01 00:15:43,index,145.467000007629,72,TheEmptinessMachine,BBR,RB,HTTP/3
2025-05-01 00:15:45,index,147.467000007629,214,TheEmptinessMachine,BBR,RB,HTTP/3
2025-05-01 00:15:47,index,149.467000007629,214,TheEmptinessMachine,BBR,RB,HTTP/3
2025-05-01 00:15:49,index,151.467000007629,214,TheEmptinessMachine,BBR,RB,HTTP/3
2025-05-01 00:15:51,index,153.467000007629,72,TheEmptinessMachine,BBR,RB,HTTP/3
2025-05-01 00:15:53,index,155.467000007629,72,TheEmptinessMachine,BBR,RB,HTTP/3
2025-05-01 00:15:55,index,157.467000007629,169,TheEmptinessMachine,BBR,RB,HTTP/3
2025-05-01 00:15:57,index,159.466000080109,214,TheEmptinessMachine,BBR,RB,HTTP/3
2025-05-01 00:15:59,index,161.467000007629,214,TheEmptinessMachine,BBR,RB,HTTP/3
2025-05-01 00:16:01,index,163.467000007629,72,TheEmptinessMachine,BBR,RB,HTTP/3
2025-05-01 00:16:03,index,165.467000007629,169,TheEmptinessMachine,BBR,RB,HTTP/3
2025-05-01 00:16:05,index,167.467000007629,214,TheEmptinessMachine,BBR,RB,HTTP/3
2025-05-01 00:16:07,index,169.467000007629,214,TheEmptinessMachine,BBR,RB,HTTP/3
2025-05-01 00:16:09,index,171.467000007629,330,TheEmptinessMachine,BBR,RB,HTTP/3
2025-05-01 00:16:11,index,173.467000007629,330,TheEmptinessMachine,BBR,RB,HTTP/3
2025-05-01 00:16:13,index,175.467000007629,330,TheEmptinessMachine,BBR,RB,HTTP/3
2025-05-01 00:16:15,index,177.467000007629,330,TheEmptinessMachine,BBR,RB,HTTP/3
2025-05-01 00:16:17,index,179.467000007629,72,TheEmptinessMachine,BBR,RB,HTTP/3
2025-05-01 00:16:19,index,181.467000007629,72,TheEmptinessMachine,BBR,RB,HTTP/3
2025-05-01 00:16:21,index,183.467000007629,214,TheEmptinessMachine,BBR,RB,HTTP/3
2025-05-01 00:16:23,index,185.467000007629,214,TheEmptinessMachine,BBR,RB,HTTP/3
2025-05-01 00:16:25,index,187.467000007629,214,TheEmptinessMachine,BBR,RB,HTTP/3
2025-05-01 00:16:27,index,189.467000007629,72,TheEmptinessMachine,BBR,RB,HTTP/3
2025-05-01 00:16:29,index,191.467000007629,214,TheEmptinessMachine,BBR,RB,HTTP/3
2025-05-01 00:16:31,index,193.467000007629,72,TheEmptinessMachine,BBR,RB,HTTP/3
2025-05-01 00:16:33,index,195.467000007629,214,TheEmptinessMachine,BBR,RB,HTTP/3
2025-05-01 00:16:35,index,197.467000007629,214,TheEmptinessMachine,BBR,RB,HTTP/3
2025-05-01 00:16:37,index,199.467000007629,214,TheEmptinessMachine,BBR,RB,HTTP/3
2025-05-01 00:16:39,index,201.466000080109,320,TheEmptinessMachine,BBR,RB,HTTP/3
2025-05-01 00:16:41,index,203.466000080109,320,TheEmptinessMachine,BBR,RB,HTTP/3
2025-05-01 00:16:43,index,205.466000080109,320,TheEmptinessMachine,BBR,RB,HTTP/3
2025-05-01 00:16:49,index,211.467000007629,72,TheEmptinessMachine,BBR,RB,HTTP/3
2025-05-01 00:16:51,index,213.466000080109,72,TheEmptinessMachine,BBR,RB,HTTP/3
2025-05-01 00:16:53,index,215.467000007629,214,TheEmptinessMachine,BBR,RB,HTTP/3
2025-05-01 00:16:55,index,217.467000007629,214,TheEmptinessMachine,BBR,RB,HTTP/3
2025-05-01 00:16:57,index,219.467000007629,214,TheEmptinessMachine,BBR,RB,HTTP/3
2025-05-01 00:17:34,index,12.385999917984,674,TheEmptinessMachine,BBR,Throughput,HTTP/1.1
2025-05-01 00:17:36,index,14.385999917984,1767,TheEmptinessMachine,BBR,Throughput,HTTP/1.1
2025-05-01 00:17:38,index,16.385999917984,635,TheEmptinessMachine,BBR,Throughput,HTTP/1.1
2025-05-01 00:17:44,index,22.3849999904633,214,TheEmptinessMachine,BBR,Throughput,HTTP/1.1
2025-05-01 00:17:46,index,24.3880000114441,330,TheEmptinessMachine,BBR,Throughput,HTTP/1.1
2025-05-01 00:17:48,index,26.3849999904633,635,TheEmptinessMachine,BBR,Throughput,HTTP/1.1
2025-05-01 00:17:50,index,28.385999917984,84,TheEmptinessMachine,BBR,Throughput,HTTP/1.1
2025-05-01 00:17:52,index,30.3849999904633,330,TheEmptinessMachine,BBR,Throughput,HTTP/1.1
2025-05-01 00:17:54,index,32.3849999904633,330,TheEmptinessMachine,BBR,Throughput,HTTP/1.1
2025-05-01 00:17:56,index,34.3849999904633,84,TheEmptinessMachine,BBR,Throughput,HTTP/1.1
2025-05-01 00:17:58,index,36.3849999904633,330,TheEmptinessMachine,BBR,Throughput,HTTP/1.1
2025-05-01 00:18:00,index,38.3849999904633,330,TheEmptinessMachine,BBR,Throughput,HTTP/1.1
2025-05-01 00:18:02,index,40.3849999904633,330,TheEmptinessMachine,BBR,Throughput,HTTP/1.1
2025-05-01 00:18:04,index,42.385999917984,320,TheEmptinessMachine,BBR,Throughput,HTTP/1.1
2025-05-01 00:18:06,index,44.3849999904633,320,TheEmptinessMachine,BBR,Throughput,HTTP/1.1
2025-05-01 00:18:08,index,46.385999917984,320,TheEmptinessMachine,BBR,Throughput,HTTP/1.1
2025-05-01 00:18:10,index,48.3849999904633,320,TheEmptinessMachine,BBR,Throughput,HTTP/1.1
2025-05-01 00:18:12,index,50.385999917984,320,TheEmptinessMachine,BBR,Throughput,HTTP/1.1
2025-05-01 00:18:14,index,52.385999917984,320,TheEmptinessMachine,BBR,Throughput,HTTP/1.1
2025-05-01 00:18:16,index,54.385999917984,320,TheEmptinessMachine,BBR,Throughput,HTTP/1.1
2025-05-01 00:18:18,index,56.3849999904633,320,TheEmptinessMachine,BBR,Throughput,HTTP/1.1
2025-05-01 00:18:20,index,58.3880000114441,320,TheEmptinessMachine,BBR,Throughput,HTTP/1.1
2025-05-01 00:18:22,index,60.3849999904633,635,TheEmptinessMachine,BBR,Throughput,HTTP/1.1
2025-05-01 00:18:24,index,62.3849999904633,674,TheEmptinessMachine,BBR,Throughput,HTTP/1.1
2025-05-01 00:18:26,index,64.385999917984,674,TheEmptinessMachine,BBR,Throughput,HTTP/1.1
2025-05-01 00:18:28,index,66.3849999904633,674,TheEmptinessMachine,BBR,Throughput,HTTP/1.1
2025-05-01 00:18:30,index,68.3849999904633,674,TheEmptinessMachine,BBR,Throughput,HTTP/1.1
2025-05-01 00:18:32,index,70.3849999904633,674,TheEmptinessMachine,BBR,Throughput,HTTP/1.1
2025-05-01 00:18:34,index,72.3849999904633,330,TheEmptinessMachine,BBR,Throughput,HTTP/1.1
2025-05-01 00:18:36,index,74.3849999904633,330,TheEmptinessMachine,BBR,Throughput,HTTP/1.1
2025-05-01 00:18:38,index,76.385999917984,635,TheEmptinessMachine,BBR,Throughput,HTTP/1.1
2025-05-01 00:18:40,index,78.385999917984,635,TheEmptinessMachine,BBR,Throughput,HTTP/1.1
2025-05-01 00:18:42,index,80.3849999904633,674,TheEmptinessMachine,BBR,Throughput,HTTP/1.1
2025-05-01 00:18:44,index,82.3849999904633,674,TheEmptinessMachine,BBR,Throughput,HTTP/1.1
2025-05-01 00:18:46,index,84.3849999904633,214,TheEmptinessMachine,BBR,Throughput,HTTP/1.1
2025-05-01 00:18:48,index,86.3849999904633,330,TheEmptinessMachine,BBR,Throughput,HTTP/1.1
2025-05-01 00:18:50,index,88.3849999904633,674,TheEmptinessMachine,BBR,Throughput,HTTP/1.1
2025-05-01 00:18:52,index,90.3849999904633,330,TheEmptinessMachine,BBR,Throughput,HTTP/1.1
2025-05-01 00:18:56,index,94.3849999904633,214,TheEmptinessMachine,BBR,Throughput,HTTP/1.1
2025-05-01 00:18:58,index,96.385999917984,330,TheEmptinessMachine,BBR,Throughput,HTTP/1.1
2025-05-01 00:19:02,index,100.384999990463,84,TheEmptinessMachine,BBR,Throughput,HTTP/1.1
2025-05-01 00:19:04,index,102.385999917984,214,TheEmptinessMachine,BBR,Throughput,HTTP/1.1
2025-05-01 00:19:06,index,104.384999990463,214,TheEmptinessMachine,BBR,Throughput,HTTP/1.1
2025-05-01 00:19:08,index,106.384999990463,320,TheEmptinessMachine,BBR,Throughput,HTTP/1.1
2025-05-01 00:19:10,index,108.384999990463,214,TheEmptinessMachine,BBR,Throughput,HTTP/1.1
2025-05-01 00:19:12,index,110.385999917984,214,TheEmptinessMachine,BBR,Throughput,HTTP/1.1
2025-05-01 00:19:14,index,112.385999917984,214,TheEmptinessMachine,BBR,Throughput,HTTP/1.1
2025-05-01 00:19:16,index,114.385999917984,214,TheEmptinessMachine,BBR,Throughput,HTTP/1.1
2025-05-01 00:19:18,index,116.385999917984,214,TheEmptinessMachine,BBR,Throughput,HTTP/1.1
2025-05-01 00:19:20,index,118.385999917984,214,TheEmptinessMachine,BBR,Throughput,HTTP/1.1
2025-05-01 00:19:22,index,120.384999990463,169,TheEmptinessMachine,BBR,Throughput,HTTP/1.1
2025-05-01 00:19:24,index,122.385999917984,169,TheEmptinessMachine,BBR,Throughput,HTTP/1.1
2025-05-01 00:19:26,index,124.384999990463,169,TheEmptinessMachine,BBR,Throughput,HTTP/1.1
2025-05-01 00:19:28,index,126.386999845505,169,TheEmptinessMachine,BBR,Throughput,HTTP/1.1
2025-05-01 00:19:30,index,128.384999990463,169,TheEmptinessMachine,BBR,Throughput,HTTP/1.1
2025-05-01 00:19:32,index,130.384999990463,169,TheEmptinessMachine,BBR,Throughput,HTTP/1.1
2025-05-01 00:19:34,index,132.384999990463,169,TheEmptinessMachine,BBR,Throughput,HTTP/1.1
2025-05-01 00:19:36,index,134.384999990463,169,TheEmptinessMachine,BBR,Throughput,HTTP/1.1
2025-05-01 00:19:38,index,136.384999990463,169,TheEmptinessMachine,BBR,Throughput,HTTP/1.1
2025-05-01 00:19:40,index,138.384999990463,169,TheEmptinessMachine,BBR,Throughput,HTTP/1.1
2025-05-01 00:19:42,index,140.385999917984,169,TheEmptinessMachine,BBR,Throughput,HTTP/1.1
2025-05-01 00:19:44,index,142.385999917984,169,TheEmptinessMachine,BBR,Throughput,HTTP/1.1
2025-05-01 00:19:46,index,144.384999990463,169,TheEmptinessMachine,BBR,Throughput,HTTP/1.1
2025-05-01 00:19:48,index,146.384999990463,635,TheEmptinessMachine,BBR,Throughput,HTTP/1.1
2025-05-01 00:19:50,index,148.384999990463,635,TheEmptinessMachine,BBR,Throughput,HTTP/1.1
2025-05-01 00:19:52,index,150.385999917984,635,TheEmptinessMachine,BBR,Throughput,HTTP/1.1
2025-05-01 00:19:54,index,152.384999990463,330,TheEmptinessMachine,BBR,Throughput,HTTP/1.1
2025-05-01 00:19:56,index,154.386999845505,330,TheEmptinessMachine,BBR,Throughput,HTTP/1.1
2025-05-01 00:19:58,index,156.384999990463,330,TheEmptinessMachine,BBR,Throughput,HTTP/1.1
2025-05-01 00:20:00,index,158.385999917984,330,TheEmptinessMachine,BBR,Throughput,HTTP/1.1
2025-05-01 00:20:02,index,160.384999990463,330,TheEmptinessMachine,BBR,Throughput,HTTP/1.1
2025-05-01 00:20:04,index,162.385999917984,330,TheEmptinessMachine,BBR,Throughput,HTTP/1.1
2025-05-01 00:20:06,index,164.384999990463,330,TheEmptinessMachine,BBR,Throughput,HTTP/1.1
2025-05-01 00:20:08,index,166.384999990463,330,TheEmptinessMachine,BBR,Throughput,HTTP/1.1
2025-05-01 00:20:10,index,168.384999990463,330,TheEmptinessMachine,BBR,Throughput,HTTP/1.1
2025-05-01 00:20:12,index,170.384999990463,635,TheEmptinessMachine,BBR,Throughput,HTTP/1.1
2025-05-01 00:20:14,index,172.385999917984,674,TheEmptinessMachine,BBR,Throughput,HTTP/1.1
2025-05-01 00:20:16,index,174.384999990463,674,TheEmptinessMachine,BBR,Throughput,HTTP/1.1
2025-05-01 00:20:18,index,176.384999990463,674,TheEmptinessMachine,BBR,Throughput,HTTP/1.1
2025-05-01 00:20:20,index,178.384999990463,635,TheEmptinessMachine,BBR,Throughput,HTTP/1.1
2025-05-01 00:20:22,index,180.384999990463,635,TheEmptinessMachine,BBR,Throughput,HTTP/1.1
2025-05-01 00:20:24,index,182.384999990463,330,TheEmptinessMachine,BBR,Throughput,HTTP/1.1
2025-05-01 00:20:26,index,184.384999990463,674,TheEmptinessMachine,BBR,Throughput,HTTP/1.1
2025-05-01 00:20:28,index,186.384999990463,674,TheEmptinessMachine,BBR,Throughput,HTTP/1.1
2025-05-01 00:20:30,index,188.384999990463,674,TheEmptinessMachine,BBR,Throughput,HTTP/1.1
2025-05-01 00:20:32,index,190.384999990463,84,TheEmptinessMachine,BBR,Throughput,HTTP/1.1
2025-05-01 00:20:36,index,194.394000053406,214,TheEmptinessMachine,BBR,Throughput,HTTP/1.1
2025-05-01 00:20:38,index,196.384999990463,84,TheEmptinessMachine,BBR,Throughput,HTTP/1.1
2025-05-01 00:20:40,index,198.384999990463,330,TheEmptinessMachine,BBR,Throughput,HTTP/1.1
2025-05-01 00:20:44,index,202.384999990463,84,TheEmptinessMachine,BBR,Throughput,HTTP/1.1
2025-05-01 00:20:46,index,204.384999990463,84,TheEmptinessMachine,BBR,Throughput,HTTP/1.1
2025-05-01 00:21:24,index,2.12599992752075,1767,TheEmptinessMachine,BBR,Throughput,HTTP/2
2025-05-01 00:21:26,index,4.12400007247925,1226,TheEmptinessMachine,BBR,Throughput,HTTP/2
2025-05-01 00:21:28,index,6.12400007247925,1767,TheEmptinessMachine,BBR,Throughput,HTTP/2
2025-05-01 00:21:30,index,8.12400007247925,980,TheEmptinessMachine,BBR,Throughput,HTTP/2
2025-05-01 00:21:32,index,10.1240000724792,980,TheEmptinessMachine,BBR,Throughput,HTTP/2
2025-05-01 00:21:34,index,12.1240000724792,980,TheEmptinessMachine,BBR,Throughput,HTTP/2
2025-05-01 00:21:38,index,16.1240000724792,84,TheEmptinessMachine,BBR,Throughput,HTTP/2
2025-05-01 00:21:40,index,18.1240000724792,980,TheEmptinessMachine,BBR,Throughput,HTTP/2
2025-05-01 00:21:42,index,20.1240000724792,980,TheEmptinessMachine,BBR,Throughput,HTTP/2
2025-05-01 00:21:44,index,22.125,674,TheEmptinessMachine,BBR,Throughput,HTTP/2
2025-05-01 00:21:46,index,24.1240000724792,674,TheEmptinessMachine,BBR,Throughput,HTTP/2
2025-05-01 00:21:48,index,26.1240000724792,330,TheEmptinessMachine,BBR,Throughput,HTTP/2
2025-05-01 00:21:50,index,28.1240000724792,214,TheEmptinessMachine,BBR,Throughput,HTTP/2
2025-05-01 00:21:52,index,30.1240000724792,214,TheEmptinessMachine,BBR,Throughput,HTTP/2
2025-05-01 00:21:54,index,32.1240000724792,330,TheEmptinessMachine,BBR,Throughput,HTTP/2
2025-05-01 00:21:56,index,34.1240000724792,72,TheEmptinessMachine,BBR,Throughput,HTTP/2
2025-05-01 00:21:58,index,36.1240000724792,320,TheEmptinessMachine,BBR,Throughput,HTTP/2
2025-05-01 00:22:00,index,38.1240000724792,320,TheEmptinessMachine,BBR,Throughput,HTTP/2
2025-05-01 00:22:02,index,40.1329998970032,169,TheEmptinessMachine,BBR,Throughput,HTTP/2
2025-05-01 00:22:04,index,42.1240000724792,320,TheEmptinessMachine,BBR,Throughput,HTTP/2
2025-05-01 00:22:06,index,44.125,320,TheEmptinessMachine,BBR,Throughput,HTTP/2
2025-05-01 00:22:08,index,46.1240000724792,320,TheEmptinessMachine,BBR,Throughput,HTTP/2
2025-05-01 00:22:10,index,48.1240000724792,320,TheEmptinessMachine,BBR,Throughput,HTTP/2
2025-05-01 00:22:12,index,50.1240000724792,214,TheEmptinessMachine,BBR,Throughput,HTTP/2
2025-05-01 00:22:14,index,52.1240000724792,214,TheEmptinessMachine,BBR,Throughput,HTTP/2
2025-05-01 00:22:16,index,54.1240000724792,214,TheEmptinessMachine,BBR,Throughput,HTTP/2
2025-05-01 00:22:18,index,56.1240000724792,214,TheEmptinessMachine,BBR,Throughput,HTTP/2
2025-05-01 00:22:20,index,58.1240000724792,214,TheEmptinessMachine,BBR,Throughput,HTTP/2
2025-05-01 00:22:22,index,60.1240000724792,214,TheEmptinessMachine,BBR,Throughput,HTTP/2
2025-05-01 00:22:24,index,62.1240000724792,214,TheEmptinessMachine,BBR,Throughput,HTTP/2
2025-05-01 00:22:26,index,64.1240000724792,214,TheEmptinessMachine,BBR,Throughput,HTTP/2
2025-05-01 00:22:28,index,66.1240000724792,635,TheEmptinessMachine,BBR,Throughput,HTTP/2
2025-05-01 00:22:30,index,68.1240000724792,635,TheEmptinessMachine,BBR,Throughput,HTTP/2
2025-05-01 00:22:32,index,70.1240000724792,330,TheEmptinessMachine,BBR,Throughput,HTTP/2
2025-05-01 00:22:34,index,72.1240000724792,330,TheEmptinessMachine,BBR,Throughput,HTTP/2
2025-05-01 00:22:36,index,74.1240000724792,330,TheEmptinessMachine,BBR,Throughput,HTTP/2
2025-05-01 00:22:38,index,76.1240000724792,330,TheEmptinessMachine,BBR,Throughput,HTTP/2
2025-05-01 00:22:40,index,78.1240000724792,330,TheEmptinessMachine,BBR,Throughput,HTTP/2
2025-05-01 00:22:42,index,80.1240000724792,330,TheEmptinessMachine,BBR,Throughput,HTTP/2
2025-05-01 00:22:44,index,82.1240000724792,674,TheEmptinessMachine,BBR,Throughput,HTTP/2
2025-05-01 00:22:46,index,84.1240000724792,674,TheEmptinessMachine,BBR,Throughput,HTTP/2
2025-05-01 00:22:48,index,86.1240000724792,674,TheEmptinessMachine,BBR,Throughput,HTTP/2
2025-05-01 00:22:50,index,88.1240000724792,330,TheEmptinessMachine,BBR,Throughput,HTTP/2
2025-05-01 00:22:52,index,90.1240000724792,330,TheEmptinessMachine,BBR,Throughput,HTTP/2
2025-05-01 00:22:54,index,92.1240000724792,330,TheEmptinessMachine,BBR,Throughput,HTTP/2
2025-05-01 00:22:56,index,94.1240000724792,330,TheEmptinessMachine,BBR,Throughput,HTTP/2
2025-05-01 00:22:58,index,96.1240000724792,330,TheEmptinessMachine,BBR,Throughput,HTTP/2
2025-05-01 00:23:00,index,98.1240000724792,330,TheEmptinessMachine,BBR,Throughput,HTTP/2
2025-05-01 00:23:02,index,100.124000072479,330,TheEmptinessMachine,BBR,Throughput,HTTP/2
2025-05-01 00:23:04,index,102.124000072479,330,TheEmptinessMachine,BBR,Throughput,HTTP/2
2025-05-01 00:23:06,index,104.124000072479,330,TheEmptinessMachine,BBR,Throughput,HTTP/2
2025-05-01 00:23:08,index,106.124000072479,330,TheEmptinessMachine,BBR,Throughput,HTTP/2
2025-05-01 00:23:10,index,108.124000072479,330,TheEmptinessMachine,BBR,Throughput,HTTP/2
2025-05-01 00:23:12,index,110.124000072479,330,TheEmptinessMachine,BBR,Throughput,HTTP/2
2025-05-01 00:23:14,index,112.124000072479,330,TheEmptinessMachine,BBR,Throughput,HTTP/2
2025-05-01 00:23:16,index,114.124000072479,330,TheEmptinessMachine,BBR,Throughput,HTTP/2
2025-05-01 00:23:18,index,116.124000072479,330,TheEmptinessMachine,BBR,Throughput,HTTP/2
2025-05-01 00:23:20,index,118.124000072479,330,TheEmptinessMachine,BBR,Throughput,HTTP/2
2025-05-01 00:23:22,index,120.124000072479,330,TheEmptinessMachine,BBR,Throughput,HTTP/2
2025-05-01 00:23:24,index,122.124000072479,330,TheEmptinessMachine,BBR,Throughput,HTTP/2
2025-05-01 00:23:26,index,124.124000072479,330,TheEmptinessMachine,BBR,Throughput,HTTP/2
2025-05-01 00:23:28,index,126.124000072479,330,TheEmptinessMachine,BBR,Throughput,HTTP/2
2025-05-01 00:23:30,index,128.124000072479,330,TheEmptinessMachine,BBR,Throughput,HTTP/2
2025-05-01 00:23:32,index,130.124000072479,330,TheEmptinessMachine,BBR,Throughput,HTTP/2
2025-05-01 00:23:34,index,132.124000072479,330,TheEmptinessMachine,BBR,Throughput,HTTP/2
2025-05-01 00:23:36,index,134.124000072479,330,TheEmptinessMachine,BBR,Throughput,HTTP/2
2025-05-01 00:23:38,index,136.124000072479,330,TheEmptinessMachine,BBR,Throughput,HTTP/2
2025-05-01 00:23:40,index,138.124000072479,330,TheEmptinessMachine,BBR,Throughput,HTTP/2
2025-05-01 00:23:42,index,140.124000072479,330,TheEmptinessMachine,BBR,Throughput,HTTP/2
2025-05-01 00:23:44,index,142.124000072479,330,TheEmptinessMachine,BBR,Throughput,HTTP/2
2025-05-01 00:23:46,index,144.124000072479,635,TheEmptinessMachine,BBR,Throughput,HTTP/2
2025-05-01 00:23:48,index,146.124000072479,635,TheEmptinessMachine,BBR,Throughput,HTTP/2
2025-05-01 00:23:50,index,148.124000072479,635,TheEmptinessMachine,BBR,Throughput,HTTP/2
2025-05-01 00:23:52,index,150.124000072479,330,TheEmptinessMachine,BBR,Throughput,HTTP/2
2025-05-01 00:23:54,index,152.124000072479,330,TheEmptinessMachine,BBR,Throughput,HTTP/2
2025-05-01 00:23:56,index,154.124000072479,330,TheEmptinessMachine,BBR,Throughput,HTTP/2
2025-05-01 00:23:58,index,156.124000072479,330,TheEmptinessMachine,BBR,Throughput,HTTP/2
2025-05-01 00:24:00,index,158.124000072479,330,TheEmptinessMachine,BBR,Throughput,HTTP/2
2025-05-01 00:24:02,index,160.124000072479,330,TheEmptinessMachine,BBR,Throughput,HTTP/2
2025-05-01 00:24:04,index,162.124000072479,674,TheEmptinessMachine,BBR,Throughput,HTTP/2
2025-05-01 00:24:06,index,164.124000072479,674,TheEmptinessMachine,BBR,Throughput,HTTP/2
2025-05-01 00:24:08,index,166.124000072479,674,TheEmptinessMachine,BBR,Throughput,HTTP/2
2025-05-01 00:24:10,index,168.124000072479,674,TheEmptinessMachine,BBR,Throughput,HTTP/2
2025-05-01 00:24:12,index,170.124000072479,674,TheEmptinessMachine,BBR,Throughput,HTTP/2
2025-05-01 00:24:14,index,172.124000072479,330,TheEmptinessMachine,BBR,Throughput,HTTP/2
2025-05-01 00:24:16,index,174.124000072479,330,TheEmptinessMachine,BBR,Throughput,HTTP/2
2025-05-01 00:24:18,index,176.124000072479,330,TheEmptinessMachine,BBR,Throughput,HTTP/2
2025-05-01 00:24:20,index,178.124000072479,330,TheEmptinessMachine,BBR,Throughput,HTTP/2
2025-05-01 00:24:22,index,180.124000072479,330,TheEmptinessMachine,BBR,Throughput,HTTP/2
2025-05-01 00:24:24,index,182.124000072479,330,TheEmptinessMachine,BBR,Throughput,HTTP/2
2025-05-01 00:24:26,index,184.124000072479,635,TheEmptinessMachine,BBR,Throughput,HTTP/2
2025-05-01 00:24:28,index,186.124000072479,674,TheEmptinessMachine,BBR,Throughput,HTTP/2
2025-05-01 00:24:30,index,188.124000072479,674,TheEmptinessMachine,BBR,Throughput,HTTP/2
2025-05-01 00:24:32,index,190.124000072479,674,TheEmptinessMachine,BBR,Throughput,HTTP/2
2025-05-01 00:24:34,index,192.124000072479,674,TheEmptinessMachine,BBR,Throughput,HTTP/2
2025-05-01 00:24:36,index,194.124000072479,674,TheEmptinessMachine,BBR,Throughput,HTTP/2
2025-05-01 00:24:38,index,196.124000072479,674,TheEmptinessMachine,BBR,Throughput,HTTP/2
2025-05-01 00:24:40,index,198.124000072479,674,TheEmptinessMachine,BBR,Throughput,HTTP/2
2025-05-01 00:24:42,index,200.124000072479,674,TheEmptinessMachine,BBR,Throughput,HTTP/2
2025-05-01 00:24:44,index,202.124000072479,674,TheEmptinessMachine,BBR,Throughput,HTTP/2
2025-05-01 00:24:46,index,204.124000072479,674,TheEmptinessMachine,BBR,Throughput,HTTP/2
2025-05-01 00:25:30,index,4.11800003051758,674,TheEmptinessMachine,BBR,Throughput,HTTP/3
2025-05-01 00:25:32,index,6.11800003051758,330,TheEmptinessMachine,BBR,Throughput,HTTP/3
2025-05-01 00:25:36,index,10.1170001029968,330,TheEmptinessMachine,BBR,Throughput,HTTP/3
2025-05-01 00:25:38,index,12.1170001029968,330,TheEmptinessMachine,BBR,Throughput,HTTP/3
2025-05-01 00:25:42,index,16.1170001029968,214,TheEmptinessMachine,BBR,Throughput,HTTP/3
2025-05-01 00:25:48,index,22.1170001029968,72,TheEmptinessMachine,BBR,Throughput,HTTP/3
2025-05-01 00:25:50,index,24.1170001029968,72,TheEmptinessMachine,BBR,Throughput,HTTP/3
2025-05-01 00:25:52,index,26.1170001029968,72,TheEmptinessMachine,BBR,Throughput,HTTP/3
2025-05-01 00:25:54,index,28.1170001029968,72,TheEmptinessMachine,BBR,Throughput,HTTP/3
2025-05-01 00:25:56,index,30.1170001029968,214,TheEmptinessMachine,BBR,Throughput,HTTP/3
2025-05-01 00:25:58,index,32.1170001029968,81,TheEmptinessMachine,BBR,Throughput,HTTP/3
2025-05-01 00:26:00,index,34.1170001029968,169,TheEmptinessMachine,BBR,Throughput,HTTP/3
2025-05-01 00:26:02,index,36.1170001029968,169,TheEmptinessMachine,BBR,Throughput,HTTP/3
2025-05-01 00:26:04,index,38.1170001029968,169,TheEmptinessMachine,BBR,Throughput,HTTP/3
2025-05-01 00:26:06,index,40.1170001029968,169,TheEmptinessMachine,BBR,Throughput,HTTP/3
2025-05-01 00:26:08,index,42.1170001029968,169,TheEmptinessMachine,BBR,Throughput,HTTP/3
2025-05-01 00:26:10,index,44.1170001029968,169,TheEmptinessMachine,BBR,Throughput,HTTP/3
2025-05-01 00:26:12,index,46.1170001029968,169,TheEmptinessMachine,BBR,Throughput,HTTP/3
2025-05-01 00:26:14,index,48.1170001029968,169,TheEmptinessMachine,BBR,Throughput,HTTP/3
2025-05-01 00:26:16,index,50.1170001029968,169,TheEmptinessMachine,BBR,Throughput,HTTP/3
2025-05-01 00:26:18,index,52.1170001029968,214,TheEmptinessMachine,BBR,Throughput,HTTP/3
2025-05-01 00:26:20,index,54.1170001029968,214,TheEmptinessMachine,BBR,Throughput,HTTP/3
2025-05-01 00:26:22,index,56.1170001029968,330,TheEmptinessMachine,BBR,Throughput,HTTP/3
2025-05-01 00:26:24,index,58.1170001029968,84,TheEmptinessMachine,BBR,Throughput,HTTP/3
2025-05-01 00:26:30,index,64.1170001029968,214,TheEmptinessMachine,BBR,Throughput,HTTP/3
2025-05-01 00:26:32,index,66.1170001029968,169,TheEmptinessMachine,BBR,Throughput,HTTP/3
2025-05-01 00:26:34,index,68.1170001029968,320,TheEmptinessMachine,BBR,Throughput,HTTP/3
2025-05-01 00:26:36,index,70.1170001029968,320,TheEmptinessMachine,BBR,Throughput,HTTP/3
2025-05-01 00:26:42,index,76.1170001029968,72,TheEmptinessMachine,BBR,Throughput,HTTP/3
2025-05-01 00:26:44,index,78.1170001029968,72,TheEmptinessMachine,BBR,Throughput,HTTP/3
2025-05-01 00:26:46,index,80.1170001029968,72,TheEmptinessMachine,BBR,Throughput,HTTP/3
2025-05-01 00:26:48,index,82.1170001029968,72,TheEmptinessMachine,BBR,Throughput,HTTP/3
2025-05-01 00:26:50,index,84.1180000305176,169,TheEmptinessMachine,BBR,Throughput,HTTP/3
2025-05-01 00:26:52,index,86.1170001029968,330,TheEmptinessMachine,BBR,Throughput,HTTP/3
2025-05-01 00:26:54,index,88.1170001029968,330,TheEmptinessMachine,BBR,Throughput,HTTP/3
2025-05-01 00:26:56,index,90.1170001029968,330,TheEmptinessMachine,BBR,Throughput,HTTP/3
2025-05-01 00:26:58,index,92.1170001029968,330,TheEmptinessMachine,BBR,Throughput,HTTP/3
2025-05-01 00:27:00,index,94.1170001029968,330,TheEmptinessMachine,BBR,Throughput,HTTP/3
2025-05-01 00:27:02,index,96.1170001029968,330,TheEmptinessMachine,BBR,Throughput,HTTP/3
2025-05-01 00:27:04,index,98.1170001029968,330,TheEmptinessMachine,BBR,Throughput,HTTP/3
2025-05-01 00:27:10,index,104.117000102997,72,TheEmptinessMachine,BBR,Throughput,HTTP/3
2025-05-01 00:27:12,index,106.117000102997,72,TheEmptinessMachine,BBR,Throughput,HTTP/3
2025-05-01 00:27:14,index,108.117000102997,72,TheEmptinessMachine,BBR,Throughput,HTTP/3
2025-05-01 00:27:16,index,110.118000030518,214,TheEmptinessMachine,BBR,Throughput,HTTP/3
2025-05-01 00:27:18,index,112.117000102997,214,TheEmptinessMachine,BBR,Throughput,HTTP/3
2025-05-01 00:27:20,index,114.117000102997,214,TheEmptinessMachine,BBR,Throughput,HTTP/3
2025-05-01 00:27:22,index,116.118000030518,214,TheEmptinessMachine,BBR,Throughput,HTTP/3
2025-05-01 00:27:24,index,118.117000102997,214,TheEmptinessMachine,BBR,Throughput,HTTP/3
2025-05-01 00:27:26,index,120.117000102997,81,TheEmptinessMachine,BBR,Throughput,HTTP/3
2025-05-01 00:27:28,index,122.117000102997,169,TheEmptinessMachine,BBR,Throughput,HTTP/3
2025-05-01 00:27:34,index,128.117000102997,84,TheEmptinessMachine,BBR,Throughput,HTTP/3
2025-05-01 00:27:36,index,130.117000102997,72,TheEmptinessMachine,BBR,Throughput,HTTP/3
2025-05-01 00:27:38,index,132.117000102997,84,TheEmptinessMachine,BBR,Throughput,HTTP/3
2025-05-01 00:27:40,index,134.117000102997,166,TheEmptinessMachine,BBR,Throughput,HTTP/3
2025-05-01 00:27:44,index,138.117000102997,84,TheEmptinessMachine,BBR,Throughput,HTTP/3
2025-05-01 00:27:46,index,140.117000102997,84,TheEmptinessMachine,BBR,Throughput,HTTP/3
2025-05-01 00:27:48,index,142.117000102997,84,TheEmptinessMachine,BBR,Throughput,HTTP/3
2025-05-01 00:27:50,index,144.118000030518,84,TheEmptinessMachine,BBR,Throughput,HTTP/3
2025-05-01 00:27:52,index,146.117000102997,214,TheEmptinessMachine,BBR,Throughput,HTTP/3
2025-05-01 00:27:54,index,148.117000102997,214,TheEmptinessMachine,BBR,Throughput,HTTP/3
2025-05-01 00:27:56,index,150.117000102997,84,TheEmptinessMachine,BBR,Throughput,HTTP/3
2025-05-01 00:27:58,index,152.117000102997,84,TheEmptinessMachine,BBR,Throughput,HTTP/3
2025-05-01 00:28:00,index,154.117000102997,84,TheEmptinessMachine,BBR,Throughput,HTTP/3
2025-05-01 00:28:02,index,156.117000102997,84,TheEmptinessMachine,BBR,Throughput,HTTP/3
2025-05-01 00:28:04,index,158.118000030518,84,TheEmptinessMachine,BBR,Throughput,HTTP/3
2025-05-01 00:28:06,index,160.117000102997,84,TheEmptinessMachine,BBR,Throughput,HTTP/3
2025-05-01 00:28:08,index,162.117000102997,84,TheEmptinessMachine,BBR,Throughput,HTTP/3
2025-05-01 00:28:10,index,164.117000102997,169,TheEmptinessMachine,BBR,Throughput,HTTP/3
2025-05-01 00:28:12,index,166.117000102997,84,TheEmptinessMachine,BBR,Throughput,HTTP/3
2025-05-01 00:28:14,index,168.117000102997,166,TheEmptinessMachine,BBR,Throughput,HTTP/3
2025-05-01 00:28:16,index,170.117000102997,166,TheEmptinessMachine,BBR,Throughput,HTTP/3
2025-05-01 00:28:18,index,172.117000102997,166,TheEmptinessMachine,BBR,Throughput,HTTP/3
2025-05-01 00:28:20,index,174.117000102997,214,TheEmptinessMachine,BBR,Throughput,HTTP/3
2025-05-01 00:28:22,index,176.117000102997,214,TheEmptinessMachine,BBR,Throughput,HTTP/3
2025-05-01 00:28:24,index,178.117000102997,169,TheEmptinessMachine,BBR,Throughput,HTTP/3
2025-05-01 00:28:26,index,180.117000102997,169,TheEmptinessMachine,BBR,Throughput,HTTP/3
2025-05-01 00:28:30,index,184.117000102997,72,TheEmptinessMachine,BBR,Throughput,HTTP/3
2025-05-01 00:28:32,index,186.117000102997,72,TheEmptinessMachine,BBR,Throughput,HTTP/3
2025-05-01 00:28:34,index,188.117000102997,72,TheEmptinessMachine,BBR,Throughput,HTTP/3
2025-05-01 00:28:36,index,190.117000102997,72,TheEmptinessMachine,BBR,Throughput,HTTP/3
2025-05-01 00:28:38,index,192.117000102997,72,TheEmptinessMachine,BBR,Throughput,HTTP/3
2025-05-01 00:28:40,index,194.117000102997,72,TheEmptinessMachine,BBR,Throughput,HTTP/3
2025-05-01 00:28:42,index,196.117000102997,72,TheEmptinessMachine,BBR,Throughput,HTTP/3
2025-05-01 00:28:44,index,198.117000102997,72,TheEmptinessMachine,BBR,Throughput,HTTP/3
2025-05-01 00:28:46,index,200.117000102997,72,TheEmptinessMachine,BBR,Throughput,HTTP/3
2025-05-01 00:29:34,index,4.55699992179871,2974,TheEmptinessMachine,Westwood,Dynamic,HTTP/1.1
2025-05-01 00:29:36,index,6.55699992179871,1767,TheEmptinessMachine,Westwood,Dynamic,HTTP/1.1
2025-05-01 00:29:38,index,8.55699992179871,1767,TheEmptinessMachine,Westwood,Dynamic,HTTP/1.1
2025-05-01 00:29:40,index,10.5569999217987,1767,TheEmptinessMachine,Westwood,Dynamic,HTTP/1.1
2025-05-01 00:29:44,index,14.5569999217987,330,TheEmptinessMachine,Westwood,Dynamic,HTTP/1.1
2025-05-01 00:29:46,index,16.5569999217987,330,TheEmptinessMachine,Westwood,Dynamic,HTTP/1.1
2025-05-01 00:29:48,index,18.5569999217987,980,TheEmptinessMachine,Westwood,Dynamic,HTTP/1.1
2025-05-01 00:29:50,index,20.5569999217987,980,TheEmptinessMachine,Westwood,Dynamic,HTTP/1.1
2025-05-01 00:29:52,index,22.5569999217987,674,TheEmptinessMachine,Westwood,Dynamic,HTTP/1.1
2025-05-01 00:29:54,index,24.5569999217987,674,TheEmptinessMachine,Westwood,Dynamic,HTTP/1.1
2025-05-01 00:29:58,index,28.5579998493195,330,TheEmptinessMachine,Westwood,Dynamic,HTTP/1.1
2025-05-01 00:30:00,index,30.5569999217987,330,TheEmptinessMachine,Westwood,Dynamic,HTTP/1.1
2025-05-01 00:30:02,index,32.5599999427795,330,TheEmptinessMachine,Westwood,Dynamic,HTTP/1.1
2025-05-01 00:30:04,index,34.5569999217987,84,TheEmptinessMachine,Westwood,Dynamic,HTTP/1.1
2025-05-01 00:30:06,index,36.5569999217987,330,TheEmptinessMachine,Westwood,Dynamic,HTTP/1.1
2025-05-01 00:30:08,index,38.5569999217987,320,TheEmptinessMachine,Westwood,Dynamic,HTTP/1.1
2025-05-01 00:30:10,index,40.5569999217987,320,TheEmptinessMachine,Westwood,Dynamic,HTTP/1.1
2025-05-01 00:30:12,index,42.5569999217987,320,TheEmptinessMachine,Westwood,Dynamic,HTTP/1.1
2025-05-01 00:30:14,index,44.5569999217987,320,TheEmptinessMachine,Westwood,Dynamic,HTTP/1.1
2025-05-01 00:30:16,index,46.5569999217987,320,TheEmptinessMachine,Westwood,Dynamic,HTTP/1.1
2025-05-01 00:30:18,index,48.5569999217987,320,TheEmptinessMachine,Westwood,Dynamic,HTTP/1.1
2025-05-01 00:30:20,index,50.5569999217987,320,TheEmptinessMachine,Westwood,Dynamic,HTTP/1.1
2025-05-01 00:30:22,index,52.5569999217987,320,TheEmptinessMachine,Westwood,Dynamic,HTTP/1.1
2025-05-01 00:30:24,index,54.5569999217987,320,TheEmptinessMachine,Westwood,Dynamic,HTTP/1.1
2025-05-01 00:30:26,index,56.5579998493195,330,TheEmptinessMachine,Westwood,Dynamic,HTTP/1.1
2025-05-01 00:30:28,index,58.5569999217987,330,TheEmptinessMachine,Westwood,Dynamic,HTTP/1.1
2025-05-01 00:30:30,index,60.5569999217987,330,TheEmptinessMachine,Westwood,Dynamic,HTTP/1.1
2025-05-01 00:30:32,index,62.5569999217987,330,TheEmptinessMachine,Westwood,Dynamic,HTTP/1.1
2025-05-01 00:30:34,index,64.5569999217987,330,TheEmptinessMachine,Westwood,Dynamic,HTTP/1.1
2025-05-01 00:30:36,index,66.5569999217987,330,TheEmptinessMachine,Westwood,Dynamic,HTTP/1.1
2025-05-01 00:30:38,index,68.5569999217987,330,TheEmptinessMachine,Westwood,Dynamic,HTTP/1.1
2025-05-01 00:30:40,index,70.5569999217987,330,TheEmptinessMachine,Westwood,Dynamic,HTTP/1.1
2025-05-01 00:30:42,index,72.5569999217987,330,TheEmptinessMachine,Westwood,Dynamic,HTTP/1.1
2025-05-01 00:30:44,index,74.5569999217987,330,TheEmptinessMachine,Westwood,Dynamic,HTTP/1.1
2025-05-01 00:30:46,index,76.5569999217987,330,TheEmptinessMachine,Westwood,Dynamic,HTTP/1.1
2025-05-01 00:30:48,index,78.5569999217987,330,TheEmptinessMachine,Westwood,Dynamic,HTTP/1.1
2025-05-01 00:30:50,index,80.5569999217987,330,TheEmptinessMachine,Westwood,Dynamic,HTTP/1.1
2025-05-01 00:30:52,index,82.5569999217987,330,TheEmptinessMachine,Westwood,Dynamic,HTTP/1.1
2025-05-01 00:30:54,index,84.5569999217987,330,TheEmptinessMachine,Westwood,Dynamic,HTTP/1.1
2025-05-01 00:30:56,index,86.5569999217987,330,TheEmptinessMachine,Westwood,Dynamic,HTTP/1.1
2025-05-01 00:30:58,index,88.5579998493195,330,TheEmptinessMachine,Westwood,Dynamic,HTTP/1.1
2025-05-01 00:31:00,index,90.5569999217987,330,TheEmptinessMachine,Westwood,Dynamic,HTTP/1.1
2025-05-01 00:31:02,index,92.5569999217987,330,TheEmptinessMachine,Westwood,Dynamic,HTTP/1.1
2025-05-01 00:31:04,index,94.5569999217987,330,TheEmptinessMachine,Westwood,Dynamic,HTTP/1.1
2025-05-01 00:31:06,index,96.5569999217987,330,TheEmptinessMachine,Westwood,Dynamic,HTTP/1.1
2025-05-01 00:31:08,index,98.5569999217987,330,TheEmptinessMachine,Westwood,Dynamic,HTTP/1.1
2025-05-01 00:31:10,index,100.557999849319,330,TheEmptinessMachine,Westwood,Dynamic,HTTP/1.1
2025-05-01 00:31:12,index,102.556999921799,330,TheEmptinessMachine,Westwood,Dynamic,HTTP/1.1
2025-05-01 00:31:14,index,104.556999921799,330,TheEmptinessMachine,Westwood,Dynamic,HTTP/1.1
2025-05-01 00:31:16,index,106.557999849319,330,TheEmptinessMachine,Westwood,Dynamic,HTTP/1.1
2025-05-01 00:31:18,index,108.556999921799,330,TheEmptinessMachine,Westwood,Dynamic,HTTP/1.1
2025-05-01 00:31:20,index,110.556999921799,330,TheEmptinessMachine,Westwood,Dynamic,HTTP/1.1
2025-05-01 00:31:22,index,112.556999921799,330,TheEmptinessMachine,Westwood,Dynamic,HTTP/1.1
2025-05-01 00:31:24,index,114.556999921799,330,TheEmptinessMachine,Westwood,Dynamic,HTTP/1.1
2025-05-01 00:31:26,index,116.556999921799,330,TheEmptinessMachine,Westwood,Dynamic,HTTP/1.1
2025-05-01 00:31:28,index,118.556999921799,330,TheEmptinessMachine,Westwood,Dynamic,HTTP/1.1
2025-05-01 00:31:30,index,120.556999921799,330,TheEmptinessMachine,Westwood,Dynamic,HTTP/1.1
2025-05-01 00:31:32,index,122.556999921799,330,TheEmptinessMachine,Westwood,Dynamic,HTTP/1.1
2025-05-01 00:31:34,index,124.557999849319,330,TheEmptinessMachine,Westwood,Dynamic,HTTP/1.1
2025-05-01 00:31:36,index,126.556999921799,330,TheEmptinessMachine,Westwood,Dynamic,HTTP/1.1
2025-05-01 00:31:38,index,128.556999921799,330,TheEmptinessMachine,Westwood,Dynamic,HTTP/1.1
2025-05-01 00:31:40,index,130.556999921799,330,TheEmptinessMachine,Westwood,Dynamic,HTTP/1.1
2025-05-01 00:31:42,index,132.556999921799,330,TheEmptinessMachine,Westwood,Dynamic,HTTP/1.1
2025-05-01 00:31:44,index,134.556999921799,330,TheEmptinessMachine,Westwood,Dynamic,HTTP/1.1
2025-05-01 00:31:46,index,136.556999921799,330,TheEmptinessMachine,Westwood,Dynamic,HTTP/1.1
2025-05-01 00:31:48,index,138.557999849319,330,TheEmptinessMachine,Westwood,Dynamic,HTTP/1.1
2025-05-01 00:31:50,index,140.556999921799,330,TheEmptinessMachine,Westwood,Dynamic,HTTP/1.1
2025-05-01 00:31:52,index,142.556999921799,635,TheEmptinessMachine,Westwood,Dynamic,HTTP/1.1
2025-05-01 00:31:54,index,144.556999921799,674,TheEmptinessMachine,Westwood,Dynamic,HTTP/1.1
2025-05-01 00:31:56,index,146.556999921799,674,TheEmptinessMachine,Westwood,Dynamic,HTTP/1.1
2025-05-01 00:31:58,index,148.557999849319,674,TheEmptinessMachine,Westwood,Dynamic,HTTP/1.1
2025-05-01 00:32:00,index,150.556999921799,674,TheEmptinessMachine,Westwood,Dynamic,HTTP/1.1
2025-05-01 00:32:02,index,152.556999921799,674,TheEmptinessMachine,Westwood,Dynamic,HTTP/1.1
2025-05-01 00:32:04,index,154.556999921799,674,TheEmptinessMachine,Westwood,Dynamic,HTTP/1.1
2025-05-01 00:32:06,index,156.556999921799,674,TheEmptinessMachine,Westwood,Dynamic,HTTP/1.1
2025-05-01 00:32:08,index,158.556999921799,674,TheEmptinessMachine,Westwood,Dynamic,HTTP/1.1
2025-05-01 00:32:10,index,160.556999921799,84,TheEmptinessMachine,Westwood,Dynamic,HTTP/1.1
2025-05-01 00:32:12,index,162.556999921799,330,TheEmptinessMachine,Westwood,Dynamic,HTTP/1.1
2025-05-01 00:32:14,index,164.556999921799,330,TheEmptinessMachine,Westwood,Dynamic,HTTP/1.1
2025-05-01 00:32:16,index,166.556999921799,169,TheEmptinessMachine,Westwood,Dynamic,HTTP/1.1
2025-05-01 00:32:18,index,168.556999921799,330,TheEmptinessMachine,Westwood,Dynamic,HTTP/1.1
2025-05-01 00:32:20,index,170.556999921799,320,TheEmptinessMachine,Westwood,Dynamic,HTTP/1.1
2025-05-01 00:32:22,index,172.556999921799,320,TheEmptinessMachine,Westwood,Dynamic,HTTP/1.1
2025-05-01 00:32:24,index,174.556999921799,320,TheEmptinessMachine,Westwood,Dynamic,HTTP/1.1
2025-05-01 00:32:26,index,176.556999921799,320,TheEmptinessMachine,Westwood,Dynamic,HTTP/1.1
2025-05-01 00:32:28,index,178.556999921799,320,TheEmptinessMachine,Westwood,Dynamic,HTTP/1.1
2025-05-01 00:32:30,index,180.556999921799,320,TheEmptinessMachine,Westwood,Dynamic,HTTP/1.1
2025-05-01 00:32:32,index,182.556999921799,320,TheEmptinessMachine,Westwood,Dynamic,HTTP/1.1
2025-05-01 00:32:34,index,184.557999849319,320,TheEmptinessMachine,Westwood,Dynamic,HTTP/1.1
2025-05-01 00:32:36,index,186.556999921799,320,TheEmptinessMachine,Westwood,Dynamic,HTTP/1.1
2025-05-01 00:32:38,index,188.557999849319,320,TheEmptinessMachine,Westwood,Dynamic,HTTP/1.1
2025-05-01 00:32:40,index,190.556999921799,320,TheEmptinessMachine,Westwood,Dynamic,HTTP/1.1
2025-05-01 00:32:42,index,192.556999921799,320,TheEmptinessMachine,Westwood,Dynamic,HTTP/1.1
2025-05-01 00:32:44,index,194.556999921799,320,TheEmptinessMachine,Westwood,Dynamic,HTTP/1.1
2025-05-01 00:32:46,index,196.556999921799,320,TheEmptinessMachine,Westwood,Dynamic,HTTP/1.1
2025-05-01 00:32:48,index,198.556999921799,320,TheEmptinessMachine,Westwood,Dynamic,HTTP/1.1
2025-05-01 00:33:36,index,6.95700001716614,330,TheEmptinessMachine,Westwood,Dynamic,HTTP/2
2025-05-01 00:33:38,index,8.95600008964539,330,TheEmptinessMachine,Westwood,Dynamic,HTTP/2
2025-05-01 00:33:40,index,10.9560000896454,330,TheEmptinessMachine,Westwood,Dynamic,HTTP/2
2025-05-01 00:33:42,index,12.9560000896454,330,TheEmptinessMachine,Westwood,Dynamic,HTTP/2
2025-05-01 00:33:44,index,14.9560000896454,330,TheEmptinessMachine,Westwood,Dynamic,HTTP/2
2025-05-01 00:33:46,index,16.9560000896454,330,TheEmptinessMachine,Westwood,Dynamic,HTTP/2
2025-05-01 00:33:48,index,18.9560000896454,330,TheEmptinessMachine,Westwood,Dynamic,HTTP/2
2025-05-01 00:33:50,index,20.9560000896454,330,TheEmptinessMachine,Westwood,Dynamic,HTTP/2
2025-05-01 00:33:52,index,22.9560000896454,330,TheEmptinessMachine,Westwood,Dynamic,HTTP/2
2025-05-01 00:33:54,index,24.9560000896454,330,TheEmptinessMachine,Westwood,Dynamic,HTTP/2
2025-05-01 00:33:56,index,26.9560000896454,330,TheEmptinessMachine,Westwood,Dynamic,HTTP/2
2025-05-01 00:33:58,index,28.9560000896454,330,TheEmptinessMachine,Westwood,Dynamic,HTTP/2
2025-05-01 00:34:00,index,30.9560000896454,330,TheEmptinessMachine,Westwood,Dynamic,HTTP/2
2025-05-01 00:34:02,index,32.9560000896454,330,TheEmptinessMachine,Westwood,Dynamic,HTTP/2
2025-05-01 00:34:04,index,34.9560000896454,330,TheEmptinessMachine,Westwood,Dynamic,HTTP/2
2025-05-01 00:34:06,index,36.9560000896454,330,TheEmptinessMachine,Westwood,Dynamic,HTTP/2
2025-05-01 00:34:08,index,38.9560000896454,330,TheEmptinessMachine,Westwood,Dynamic,HTTP/2
2025-05-01 00:34:10,index,40.9560000896454,330,TheEmptinessMachine,Westwood,Dynamic,HTTP/2
2025-05-01 00:34:12,index,42.9560000896454,330,TheEmptinessMachine,Westwood,Dynamic,HTTP/2
2025-05-01 00:34:14,index,44.9560000896454,330,TheEmptinessMachine,Westwood,Dynamic,HTTP/2
2025-05-01 00:34:16,index,46.9560000896454,330,TheEmptinessMachine,Westwood,Dynamic,HTTP/2
2025-05-01 00:34:18,index,48.9560000896454,330,TheEmptinessMachine,Westwood,Dynamic,HTTP/2
2025-05-01 00:34:20,index,50.9560000896454,330,TheEmptinessMachine,Westwood,Dynamic,HTTP/2
2025-05-01 00:34:22,index,52.9570000171661,330,TheEmptinessMachine,Westwood,Dynamic,HTTP/2
2025-05-01 00:34:24,index,54.9560000896454,635,TheEmptinessMachine,Westwood,Dynamic,HTTP/2
2025-05-01 00:34:26,index,56.9570000171661,635,TheEmptinessMachine,Westwood,Dynamic,HTTP/2
2025-05-01 00:34:28,index,58.9570000171661,330,TheEmptinessMachine,Westwood,Dynamic,HTTP/2
2025-05-01 00:34:30,index,60.9560000896454,330,TheEmptinessMachine,Westwood,Dynamic,HTTP/2
2025-05-01 00:34:32,index,62.9560000896454,330,TheEmptinessMachine,Westwood,Dynamic,HTTP/2
2025-05-01 00:34:34,index,64.9560000896454,330,TheEmptinessMachine,Westwood,Dynamic,HTTP/2
2025-05-01 00:34:36,index,66.9560000896454,330,TheEmptinessMachine,Westwood,Dynamic,HTTP/2
2025-05-01 00:34:38,index,68.9560000896454,330,TheEmptinessMachine,Westwood,Dynamic,HTTP/2
2025-05-01 00:34:40,index,70.9560000896454,330,TheEmptinessMachine,Westwood,Dynamic,HTTP/2
2025-05-01 00:34:42,index,72.9570000171661,674,TheEmptinessMachine,Westwood,Dynamic,HTTP/2
2025-05-01 00:34:44,index,74.9560000896454,674,TheEmptinessMachine,Westwood,Dynamic,HTTP/2
2025-05-01 00:34:46,index,76.9560000896454,980,TheEmptinessMachine,Westwood,Dynamic,HTTP/2
2025-05-01 00:34:48,index,78.9560000896454,674,TheEmptinessMachine,Westwood,Dynamic,HTTP/2
2025-05-01 00:34:50,index,80.9560000896454,674,TheEmptinessMachine,Westwood,Dynamic,HTTP/2
2025-05-01 00:34:52,index,82.9560000896454,674,TheEmptinessMachine,Westwood,Dynamic,HTTP/2
2025-05-01 00:34:54,index,84.9570000171661,674,TheEmptinessMachine,Westwood,Dynamic,HTTP/2
2025-05-01 00:34:58,index,88.9560000896454,330,TheEmptinessMachine,Westwood,Dynamic,HTTP/2
2025-05-01 00:35:00,index,90.9560000896454,330,TheEmptinessMachine,Westwood,Dynamic,HTTP/2
2025-05-01 00:35:02,index,92.9560000896454,330,TheEmptinessMachine,Westwood,Dynamic,HTTP/2
2025-05-01 00:35:04,index,94.9560000896454,635,TheEmptinessMachine,Westwood,Dynamic,HTTP/2
2025-05-01 00:35:06,index,96.9560000896454,635,TheEmptinessMachine,Westwood,Dynamic,HTTP/2
2025-05-01 00:35:08,index,98.9560000896454,330,TheEmptinessMachine,Westwood,Dynamic,HTTP/2
2025-05-01 00:35:10,index,100.956000089645,330,TheEmptinessMachine,Westwood,Dynamic,HTTP/2
2025-05-01 00:35:12,index,102.956000089645,330,TheEmptinessMachine,Westwood,Dynamic,HTTP/2
2025-05-01 00:35:14,index,104.957000017166,330,TheEmptinessMachine,Westwood,Dynamic,HTTP/2
2025-05-01 00:35:16,index,106.956000089645,330,TheEmptinessMachine,Westwood,Dynamic,HTTP/2
2025-05-01 00:35:18,index,108.956000089645,330,TheEmptinessMachine,Westwood,Dynamic,HTTP/2
2025-05-01 00:35:20,index,110.956000089645,330,TheEmptinessMachine,Westwood,Dynamic,HTTP/2
2025-05-01 00:35:22,index,112.956000089645,330,TheEmptinessMachine,Westwood,Dynamic,HTTP/2
2025-05-01 00:35:24,index,114.956000089645,330,TheEmptinessMachine,Westwood,Dynamic,HTTP/2
2025-05-01 00:35:26,index,116.956000089645,330,TheEmptinessMachine,Westwood,Dynamic,HTTP/2
2025-05-01 00:35:28,index,118.956000089645,330,TheEmptinessMachine,Westwood,Dynamic,HTTP/2
2025-05-01 00:35:30,index,120.956000089645,330,TheEmptinessMachine,Westwood,Dynamic,HTTP/2
2025-05-01 00:35:32,index,122.956000089645,330,TheEmptinessMachine,Westwood,Dynamic,HTTP/2
2025-05-01 00:35:34,index,124.956000089645,330,TheEmptinessMachine,Westwood,Dynamic,HTTP/2
2025-05-01 00:35:36,index,126.956000089645,330,TheEmptinessMachine,Westwood,Dynamic,HTTP/2
2025-05-01 00:35:38,index,128.956000089645,330,TheEmptinessMachine,Westwood,Dynamic,HTTP/2
2025-05-01 00:35:40,index,130.957000017166,330,TheEmptinessMachine,Westwood,Dynamic,HTTP/2
2025-05-01 00:35:42,index,132.956000089645,330,TheEmptinessMachine,Westwood,Dynamic,HTTP/2
2025-05-01 00:35:44,index,134.956000089645,330,TheEmptinessMachine,Westwood,Dynamic,HTTP/2
2025-05-01 00:35:46,index,136.956000089645,330,TheEmptinessMachine,Westwood,Dynamic,HTTP/2
2025-05-01 00:35:48,index,138.956000089645,330,TheEmptinessMachine,Westwood,Dynamic,HTTP/2
2025-05-01 00:35:50,index,140.956000089645,330,TheEmptinessMachine,Westwood,Dynamic,HTTP/2
2025-05-01 00:35:52,index,142.956000089645,330,TheEmptinessMachine,Westwood,Dynamic,HTTP/2
2025-05-01 00:35:54,index,144.956000089645,330,TheEmptinessMachine,Westwood,Dynamic,HTTP/2
2025-05-01 00:35:56,index,146.956000089645,330,TheEmptinessMachine,Westwood,Dynamic,HTTP/2
2025-05-01 00:35:58,index,148.956000089645,330,TheEmptinessMachine,Westwood,Dynamic,HTTP/2
2025-05-01 00:36:00,index,150.957000017166,330,TheEmptinessMachine,Westwood,Dynamic,HTTP/2
2025-05-01 00:36:02,index,152.956000089645,330,TheEmptinessMachine,Westwood,Dynamic,HTTP/2
2025-05-01 00:36:04,index,154.956000089645,330,TheEmptinessMachine,Westwood,Dynamic,HTTP/2
2025-05-01 00:36:06,index,156.956000089645,330,TheEmptinessMachine,Westwood,Dynamic,HTTP/2
2025-05-01 00:36:08,index,158.957000017166,330,TheEmptinessMachine,Westwood,Dynamic,HTTP/2
2025-05-01 00:36:10,index,160.956000089645,330,TheEmptinessMachine,Westwood,Dynamic,HTTP/2
2025-05-01 00:36:12,index,162.956000089645,330,TheEmptinessMachine,Westwood,Dynamic,HTTP/2
2025-05-01 00:36:14,index,164.956000089645,330,TheEmptinessMachine,Westwood,Dynamic,HTTP/2
2025-05-01 00:36:16,index,166.956000089645,330,TheEmptinessMachine,Westwood,Dynamic,HTTP/2
2025-05-01 00:36:18,index,168.956000089645,330,TheEmptinessMachine,Westwood,Dynamic,HTTP/2
2025-05-01 00:36:20,index,170.956000089645,330,TheEmptinessMachine,Westwood,Dynamic,HTTP/2
2025-05-01 00:36:22,index,172.956000089645,214,TheEmptinessMachine,Westwood,Dynamic,HTTP/2
2025-05-01 00:36:24,index,174.956000089645,214,TheEmptinessMachine,Westwood,Dynamic,HTTP/2
2025-05-01 00:36:26,index,176.956000089645,214,TheEmptinessMachine,Westwood,Dynamic,HTTP/2
2025-05-01 00:36:28,index,178.956000089645,320,TheEmptinessMachine,Westwood,Dynamic,HTTP/2
2025-05-01 00:36:30,index,180.956000089645,320,TheEmptinessMachine,Westwood,Dynamic,HTTP/2
2025-05-01 00:36:32,index,182.956000089645,320,TheEmptinessMachine,Westwood,Dynamic,HTTP/2
2025-05-01 00:36:34,index,184.956000089645,320,TheEmptinessMachine,Westwood,Dynamic,HTTP/2
2025-05-01 00:36:36,index,186.956000089645,320,TheEmptinessMachine,Westwood,Dynamic,HTTP/2
2025-05-01 00:36:38,index,188.956000089645,320,TheEmptinessMachine,Westwood,Dynamic,HTTP/2
2025-05-01 00:36:40,index,190.956000089645,320,TheEmptinessMachine,Westwood,Dynamic,HTTP/2
2025-05-01 00:36:42,index,192.956000089645,320,TheEmptinessMachine,Westwood,Dynamic,HTTP/2
2025-05-01 00:36:44,index,194.956000089645,320,TheEmptinessMachine,Westwood,Dynamic,HTTP/2
2025-05-01 00:36:46,index,196.956000089645,320,TheEmptinessMachine,Westwood,Dynamic,HTTP/2
2025-05-01 00:36:48,index,198.956000089645,320,TheEmptinessMachine,Westwood,Dynamic,HTTP/2
2025-05-01 00:37:36,index,8.32500004768372,169,TheEmptinessMachine,Westwood,Dynamic,HTTP/3
2025-05-01 00:37:38,index,10.3250000476837,169,TheEmptinessMachine,Westwood,Dynamic,HTTP/3
2025-05-01 00:37:40,index,12.3250000476837,169,TheEmptinessMachine,Westwood,Dynamic,HTTP/3
2025-05-01 00:37:42,index,14.3250000476837,330,TheEmptinessMachine,Westwood,Dynamic,HTTP/3
2025-05-01 00:37:44,index,16.3250000476837,330,TheEmptinessMachine,Westwood,Dynamic,HTTP/3
2025-05-01 00:37:46,index,18.3250000476837,330,TheEmptinessMachine,Westwood,Dynamic,HTTP/3
2025-05-01 00:37:48,index,20.3250000476837,330,TheEmptinessMachine,Westwood,Dynamic,HTTP/3
2025-05-01 00:37:50,index,22.324000120163,84,TheEmptinessMachine,Westwood,Dynamic,HTTP/3
2025-05-01 00:37:52,index,24.3250000476837,84,TheEmptinessMachine,Westwood,Dynamic,HTTP/3
2025-05-01 00:37:54,index,26.3250000476837,84,TheEmptinessMachine,Westwood,Dynamic,HTTP/3
2025-05-01 00:37:56,index,28.326000213623,84,TheEmptinessMachine,Westwood,Dynamic,HTTP/3
2025-05-01 00:37:58,index,30.326000213623,84,TheEmptinessMachine,Westwood,Dynamic,HTTP/3
2025-05-01 00:38:00,index,32.324000120163,84,TheEmptinessMachine,Westwood,Dynamic,HTTP/3
2025-05-01 00:38:02,index,34.3250000476837,330,TheEmptinessMachine,Westwood,Dynamic,HTTP/3
2025-05-01 00:38:04,index,36.3250000476837,330,TheEmptinessMachine,Westwood,Dynamic,HTTP/3
2025-05-01 00:38:06,index,38.324000120163,330,TheEmptinessMachine,Westwood,Dynamic,HTTP/3
2025-05-01 00:38:08,index,40.3250000476837,330,TheEmptinessMachine,Westwood,Dynamic,HTTP/3
2025-05-01 00:38:10,index,42.3250000476837,330,TheEmptinessMachine,Westwood,Dynamic,HTTP/3
2025-05-01 00:38:12,index,44.3250000476837,214,TheEmptinessMachine,Westwood,Dynamic,HTTP/3
2025-05-01 00:38:14,index,46.3250000476837,320,TheEmptinessMachine,Westwood,Dynamic,HTTP/3
2025-05-01 00:38:16,index,48.324000120163,320,TheEmptinessMachine,Westwood,Dynamic,HTTP/3
2025-05-01 00:38:18,index,50.326000213623,320,TheEmptinessMachine,Westwood,Dynamic,HTTP/3
2025-05-01 00:38:20,index,52.3250000476837,320,TheEmptinessMachine,Westwood,Dynamic,HTTP/3
2025-05-01 00:38:22,index,54.324000120163,320,TheEmptinessMachine,Westwood,Dynamic,HTTP/3
2025-05-01 00:38:24,index,56.3250000476837,320,TheEmptinessMachine,Westwood,Dynamic,HTTP/3
2025-05-01 00:38:26,index,58.3250000476837,84,TheEmptinessMachine,Westwood,Dynamic,HTTP/3
2025-05-01 00:38:28,index,60.3250000476837,84,TheEmptinessMachine,Westwood,Dynamic,HTTP/3
2025-05-01 00:38:30,index,62.326000213623,84,TheEmptinessMachine,Westwood,Dynamic,HTTP/3
2025-05-01 00:38:32,index,64.324000120163,84,TheEmptinessMachine,Westwood,Dynamic,HTTP/3
2025-05-01 00:38:34,index,66.3250000476837,84,TheEmptinessMachine,Westwood,Dynamic,HTTP/3
2025-05-01 00:38:36,index,68.3250000476837,214,TheEmptinessMachine,Westwood,Dynamic,HTTP/3
2025-05-01 00:38:38,index,70.3250000476837,214,TheEmptinessMachine,Westwood,Dynamic,HTTP/3
2025-05-01 00:38:40,index,72.3250000476837,330,TheEmptinessMachine,Westwood,Dynamic,HTTP/3
2025-05-01 00:38:42,index,74.3250000476837,330,TheEmptinessMachine,Westwood,Dynamic,HTTP/3
2025-05-01 00:38:44,index,76.3250000476837,330,TheEmptinessMachine,Westwood,Dynamic,HTTP/3
2025-05-01 00:38:46,index,78.3250000476837,330,TheEmptinessMachine,Westwood,Dynamic,HTTP/3
2025-05-01 00:38:48,index,80.3250000476837,330,TheEmptinessMachine,Westwood,Dynamic,HTTP/3
2025-05-01 00:38:50,index,82.324000120163,330,TheEmptinessMachine,Westwood,Dynamic,HTTP/3
2025-05-01 00:38:52,index,84.3250000476837,330,TheEmptinessMachine,Westwood,Dynamic,HTTP/3
2025-05-01 00:38:54,index,86.3250000476837,330,TheEmptinessMachine,Westwood,Dynamic,HTTP/3
2025-05-01 00:38:56,index,88.3250000476837,214,TheEmptinessMachine,Westwood,Dynamic,HTTP/3
2025-05-01 00:38:58,index,90.3250000476837,214,TheEmptinessMachine,Westwood,Dynamic,HTTP/3
2025-05-01 00:39:00,index,92.3250000476837,214,TheEmptinessMachine,Westwood,Dynamic,HTTP/3
2025-05-01 00:39:02,index,94.3250000476837,214,TheEmptinessMachine,Westwood,Dynamic,HTTP/3
2025-05-01 00:39:04,index,96.326000213623,320,TheEmptinessMachine,Westwood,Dynamic,HTTP/3
2025-05-01 00:39:06,index,98.324000120163,169,TheEmptinessMachine,Westwood,Dynamic,HTTP/3
2025-05-01 00:39:08,index,100.325000047684,84,TheEmptinessMachine,Westwood,Dynamic,HTTP/3
2025-05-01 00:39:10,index,102.324000120163,84,TheEmptinessMachine,Westwood,Dynamic,HTTP/3
2025-05-01 00:39:12,index,104.324000120163,84,TheEmptinessMachine,Westwood,Dynamic,HTTP/3
2025-05-01 00:39:14,index,106.324000120163,84,TheEmptinessMachine,Westwood,Dynamic,HTTP/3
2025-05-01 00:39:16,index,108.324000120163,84,TheEmptinessMachine,Westwood,Dynamic,HTTP/3
2025-05-01 00:39:18,index,110.325000047684,166,TheEmptinessMachine,Westwood,Dynamic,HTTP/3
2025-05-01 00:39:20,index,112.325000047684,166,TheEmptinessMachine,Westwood,Dynamic,HTTP/3
2025-05-01 00:39:22,index,114.325000047684,72,TheEmptinessMachine,Westwood,Dynamic,HTTP/3
2025-05-01 00:39:24,index,116.326000213623,72,TheEmptinessMachine,Westwood,Dynamic,HTTP/3
2025-05-01 00:39:26,index,118.325000047684,72,TheEmptinessMachine,Westwood,Dynamic,HTTP/3
2025-05-01 00:39:28,index,120.324000120163,72,TheEmptinessMachine,Westwood,Dynamic,HTTP/3
2025-05-01 00:39:30,index,122.326000213623,72,TheEmptinessMachine,Westwood,Dynamic,HTTP/3
2025-05-01 00:39:32,index,124.325000047684,72,TheEmptinessMachine,Westwood,Dynamic,HTTP/3
2025-05-01 00:39:34,index,126.325000047684,214,TheEmptinessMachine,Westwood,Dynamic,HTTP/3
2025-05-01 00:39:36,index,128.325000047684,330,TheEmptinessMachine,Westwood,Dynamic,HTTP/3
2025-05-01 00:39:38,index,130.325000047684,330,TheEmptinessMachine,Westwood,Dynamic,HTTP/3
2025-05-01 00:39:40,index,132.325000047684,330,TheEmptinessMachine,Westwood,Dynamic,HTTP/3
2025-05-01 00:39:42,index,134.324000120163,330,TheEmptinessMachine,Westwood,Dynamic,HTTP/3
2025-05-01 00:39:44,index,136.324000120163,214,TheEmptinessMachine,Westwood,Dynamic,HTTP/3
2025-05-01 00:39:46,index,138.325000047684,320,TheEmptinessMachine,Westwood,Dynamic,HTTP/3
2025-05-01 00:39:48,index,140.325000047684,214,TheEmptinessMachine,Westwood,Dynamic,HTTP/3
2025-05-01 00:39:52,index,144.324000120163,169,TheEmptinessMachine,Westwood,Dynamic,HTTP/3
2025-05-01 00:39:54,index,146.325000047684,320,TheEmptinessMachine,Westwood,Dynamic,HTTP/3
2025-05-01 00:39:56,index,148.325000047684,320,TheEmptinessMachine,Westwood,Dynamic,HTTP/3
2025-05-01 00:40:04,index,156.325000047684,214,TheEmptinessMachine,Westwood,Dynamic,HTTP/3
2025-05-01 00:40:10,index,162.324000120163,169,TheEmptinessMachine,Westwood,Dynamic,HTTP/3
2025-05-01 00:40:14,index,166.325000047684,169,TheEmptinessMachine,Westwood,Dynamic,HTTP/3
2025-05-01 00:40:16,index,168.325000047684,169,TheEmptinessMachine,Westwood,Dynamic,HTTP/3
2025-05-01 00:40:18,index,170.325000047684,169,TheEmptinessMachine,Westwood,Dynamic,HTTP/3
2025-05-01 00:40:20,index,172.324000120163,169,TheEmptinessMachine,Westwood,Dynamic,HTTP/3
2025-05-01 00:40:22,index,174.325000047684,169,TheEmptinessMachine,Westwood,Dynamic,HTTP/3
2025-05-01 00:40:24,index,176.326000213623,166,TheEmptinessMachine,Westwood,Dynamic,HTTP/3
2025-05-01 00:40:26,index,178.325000047684,166,TheEmptinessMachine,Westwood,Dynamic,HTTP/3
2025-05-01 00:40:28,index,180.325000047684,72,TheEmptinessMachine,Westwood,Dynamic,HTTP/3
2025-05-01 00:40:30,index,182.325000047684,72,TheEmptinessMachine,Westwood,Dynamic,HTTP/3
2025-05-01 00:40:32,index,184.325000047684,72,TheEmptinessMachine,Westwood,Dynamic,HTTP/3
2025-05-01 00:40:34,index,186.325000047684,72,TheEmptinessMachine,Westwood,Dynamic,HTTP/3
2025-05-01 00:40:36,index,188.325000047684,72,TheEmptinessMachine,Westwood,Dynamic,HTTP/3
2025-05-01 00:40:38,index,190.325000047684,72,TheEmptinessMachine,Westwood,Dynamic,HTTP/3
2025-05-01 00:40:40,index,192.324000120163,72,TheEmptinessMachine,Westwood,Dynamic,HTTP/3
2025-05-01 00:40:42,index,194.324000120163,72,TheEmptinessMachine,Westwood,Dynamic,HTTP/3
2025-05-01 00:40:44,index,196.325000047684,72,TheEmptinessMachine,Westwood,Dynamic,HTTP/3
2025-05-01 00:40:46,index,198.326000213623,72,TheEmptinessMachine,Westwood,Dynamic,HTTP/3
2025-05-01 00:40:48,index,200.325000047684,72,TheEmptinessMachine,Westwood,Dynamic,HTTP/3
2025-05-01 00:40:50,index,202.324000120163,72,TheEmptinessMachine,Westwood,Dynamic,HTTP/3
2025-05-01 00:41:34,index,7.1560001373291,330,TheEmptinessMachine,Westwood,Bola,HTTP/1.1
2025-05-01 00:41:36,index,9.1560001373291,635,TheEmptinessMachine,Westwood,Bola,HTTP/1.1
2025-05-01 00:41:38,index,11.1560001373291,674,TheEmptinessMachine,Westwood,Bola,HTTP/1.1
2025-05-01 00:41:40,index,13.1560001373291,330,TheEmptinessMachine,Westwood,Bola,HTTP/1.1
2025-05-01 00:41:42,index,15.1560001373291,330,TheEmptinessMachine,Westwood,Bola,HTTP/1.1
2025-05-01 00:41:44,index,17.1560001373291,166,TheEmptinessMachine,Westwood,Bola,HTTP/1.1
2025-05-01 00:41:46,index,19.1560001373291,166,TheEmptinessMachine,Westwood,Bola,HTTP/1.1
2025-05-01 00:41:48,index,21.1560001373291,169,TheEmptinessMachine,Westwood,Bola,HTTP/1.1
2025-05-01 00:41:50,index,23.1549999713898,214,TheEmptinessMachine,Westwood,Bola,HTTP/1.1
2025-05-01 00:41:52,index,25.1560001373291,320,TheEmptinessMachine,Westwood,Bola,HTTP/1.1
2025-05-01 00:41:54,index,27.1560001373291,320,TheEmptinessMachine,Westwood,Bola,HTTP/1.1
2025-05-01 00:41:56,index,29.1570000648499,84,TheEmptinessMachine,Westwood,Bola,HTTP/1.1
2025-05-01 00:41:58,index,31.1560001373291,214,TheEmptinessMachine,Westwood,Bola,HTTP/1.1
2025-05-01 00:42:00,index,33.1560001373291,214,TheEmptinessMachine,Westwood,Bola,HTTP/1.1
2025-05-01 00:42:02,index,35.1560001373291,214,TheEmptinessMachine,Westwood,Bola,HTTP/1.1
2025-05-01 00:42:04,index,37.1560001373291,214,TheEmptinessMachine,Westwood,Bola,HTTP/1.1
2025-05-01 00:42:06,index,39.1560001373291,214,TheEmptinessMachine,Westwood,Bola,HTTP/1.1
2025-05-01 00:42:08,index,41.1560001373291,214,TheEmptinessMachine,Westwood,Bola,HTTP/1.1
2025-05-01 00:42:10,index,43.1549999713898,330,TheEmptinessMachine,Westwood,Bola,HTTP/1.1
2025-05-01 00:42:12,index,45.1560001373291,330,TheEmptinessMachine,Westwood,Bola,HTTP/1.1
2025-05-01 00:42:14,index,47.1560001373291,330,TheEmptinessMachine,Westwood,Bola,HTTP/1.1
2025-05-01 00:42:16,index,49.1560001373291,330,TheEmptinessMachine,Westwood,Bola,HTTP/1.1
2025-05-01 00:42:18,index,51.1560001373291,330,TheEmptinessMachine,Westwood,Bola,HTTP/1.1
2025-05-01 00:42:20,index,53.1570000648499,330,TheEmptinessMachine,Westwood,Bola,HTTP/1.1
2025-05-01 00:42:22,index,55.1560001373291,330,TheEmptinessMachine,Westwood,Bola,HTTP/1.1
2025-05-01 00:42:24,index,57.1549999713898,330,TheEmptinessMachine,Westwood,Bola,HTTP/1.1
2025-05-01 00:42:26,index,59.1560001373291,330,TheEmptinessMachine,Westwood,Bola,HTTP/1.1
2025-05-01 00:42:28,index,61.1560001373291,330,TheEmptinessMachine,Westwood,Bola,HTTP/1.1
2025-05-01 00:42:30,index,63.1549999713898,330,TheEmptinessMachine,Westwood,Bola,HTTP/1.1
2025-05-01 00:42:32,index,65.1560001373291,635,TheEmptinessMachine,Westwood,Bola,HTTP/1.1
2025-05-01 00:42:34,index,67.1560001373291,635,TheEmptinessMachine,Westwood,Bola,HTTP/1.1
2025-05-01 00:42:36,index,69.1549999713898,635,TheEmptinessMachine,Westwood,Bola,HTTP/1.1
2025-05-01 00:42:38,index,71.1560001373291,635,TheEmptinessMachine,Westwood,Bola,HTTP/1.1
2025-05-01 00:42:40,index,73.1560001373291,635,TheEmptinessMachine,Westwood,Bola,HTTP/1.1
2025-05-01 00:42:42,index,75.1570000648499,330,TheEmptinessMachine,Westwood,Bola,HTTP/1.1
2025-05-01 00:42:44,index,77.1560001373291,330,TheEmptinessMachine,Westwood,Bola,HTTP/1.1
2025-05-01 00:42:46,index,79.1560001373291,330,TheEmptinessMachine,Westwood,Bola,HTTP/1.1
2025-05-01 00:42:48,index,81.1560001373291,330,TheEmptinessMachine,Westwood,Bola,HTTP/1.1
2025-05-01 00:42:50,index,83.1560001373291,330,TheEmptinessMachine,Westwood,Bola,HTTP/1.1
2025-05-01 00:42:52,index,85.1560001373291,330,TheEmptinessMachine,Westwood,Bola,HTTP/1.1
2025-05-01 00:42:54,index,87.1560001373291,330,TheEmptinessMachine,Westwood,Bola,HTTP/1.1
2025-05-01 00:42:56,index,89.1549999713898,330,TheEmptinessMachine,Westwood,Bola,HTTP/1.1
2025-05-01 00:42:58,index,91.1560001373291,330,TheEmptinessMachine,Westwood,Bola,HTTP/1.1
2025-05-01 00:43:00,index,93.1560001373291,330,TheEmptinessMachine,Westwood,Bola,HTTP/1.1
2025-05-01 00:43:02,index,95.1549999713898,330,TheEmptinessMachine,Westwood,Bola,HTTP/1.1
2025-05-01 00:43:04,index,97.1560001373291,330,TheEmptinessMachine,Westwood,Bola,HTTP/1.1
2025-05-01 00:43:06,index,99.1560001373291,330,TheEmptinessMachine,Westwood,Bola,HTTP/1.1
2025-05-01 00:43:08,index,101.156000137329,330,TheEmptinessMachine,Westwood,Bola,HTTP/1.1
2025-05-01 00:43:10,index,103.156000137329,330,TheEmptinessMachine,Westwood,Bola,HTTP/1.1
2025-05-01 00:43:12,index,105.15499997139,330,TheEmptinessMachine,Westwood,Bola,HTTP/1.1
2025-05-01 00:43:14,index,107.156000137329,330,TheEmptinessMachine,Westwood,Bola,HTTP/1.1
2025-05-01 00:43:16,index,109.15499997139,330,TheEmptinessMachine,Westwood,Bola,HTTP/1.1
2025-05-01 00:43:18,index,111.156000137329,330,TheEmptinessMachine,Westwood,Bola,HTTP/1.1
2025-05-01 00:43:20,index,113.156000137329,330,TheEmptinessMachine,Westwood,Bola,HTTP/1.1
2025-05-01 00:43:22,index,115.15499997139,330,TheEmptinessMachine,Westwood,Bola,HTTP/1.1
2025-05-01 00:43:24,index,117.156000137329,330,TheEmptinessMachine,Westwood,Bola,HTTP/1.1
2025-05-01 00:43:26,index,119.156000137329,330,TheEmptinessMachine,Westwood,Bola,HTTP/1.1
2025-05-01 00:43:28,index,121.15499997139,330,TheEmptinessMachine,Westwood,Bola,HTTP/1.1
2025-05-01 00:43:30,index,123.15499997139,330,TheEmptinessMachine,Westwood,Bola,HTTP/1.1
2025-05-01 00:43:32,index,125.15499997139,330,TheEmptinessMachine,Westwood,Bola,HTTP/1.1
2025-05-01 00:43:34,index,127.156000137329,330,TheEmptinessMachine,Westwood,Bola,HTTP/1.1
2025-05-01 00:43:36,index,129.156000137329,330,TheEmptinessMachine,Westwood,Bola,HTTP/1.1
2025-05-01 00:43:38,index,131.156000137329,330,TheEmptinessMachine,Westwood,Bola,HTTP/1.1
2025-05-01 00:43:40,index,133.156000137329,330,TheEmptinessMachine,Westwood,Bola,HTTP/1.1
2025-05-01 00:43:42,index,135.156000137329,330,TheEmptinessMachine,Westwood,Bola,HTTP/1.1
2025-05-01 00:43:44,index,137.156000137329,330,TheEmptinessMachine,Westwood,Bola,HTTP/1.1
2025-05-01 00:43:46,index,139.15499997139,330,TheEmptinessMachine,Westwood,Bola,HTTP/1.1
2025-05-01 00:43:48,index,141.156000137329,330,TheEmptinessMachine,Westwood,Bola,HTTP/1.1
2025-05-01 00:43:50,index,143.156000137329,330,TheEmptinessMachine,Westwood,Bola,HTTP/1.1
2025-05-01 00:43:52,index,145.156000137329,635,TheEmptinessMachine,Westwood,Bola,HTTP/1.1
2025-05-01 00:43:54,index,147.15499997139,635,TheEmptinessMachine,Westwood,Bola,HTTP/1.1
2025-05-01 00:43:56,index,149.15499997139,635,TheEmptinessMachine,Westwood,Bola,HTTP/1.1
2025-05-01 00:43:58,index,151.156000137329,635,TheEmptinessMachine,Westwood,Bola,HTTP/1.1
2025-05-01 00:44:00,index,153.156000137329,635,TheEmptinessMachine,Westwood,Bola,HTTP/1.1
2025-05-01 00:44:02,index,155.156000137329,635,TheEmptinessMachine,Westwood,Bola,HTTP/1.1
2025-05-01 00:44:04,index,157.156000137329,320,TheEmptinessMachine,Westwood,Bola,HTTP/1.1
2025-05-01 00:44:08,index,161.156000137329,84,TheEmptinessMachine,Westwood,Bola,HTTP/1.1
2025-05-01 00:44:10,index,163.15499997139,166,TheEmptinessMachine,Westwood,Bola,HTTP/1.1
2025-05-01 00:44:12,index,165.15499997139,214,TheEmptinessMachine,Westwood,Bola,HTTP/1.1
2025-05-01 00:44:14,index,167.156000137329,169,TheEmptinessMachine,Westwood,Bola,HTTP/1.1
2025-05-01 00:44:16,index,169.15499997139,169,TheEmptinessMachine,Westwood,Bola,HTTP/1.1
2025-05-01 00:44:18,index,171.156000137329,169,TheEmptinessMachine,Westwood,Bola,HTTP/1.1
2025-05-01 00:44:20,index,173.156000137329,169,TheEmptinessMachine,Westwood,Bola,HTTP/1.1
2025-05-01 00:44:22,index,175.15499997139,169,TheEmptinessMachine,Westwood,Bola,HTTP/1.1
2025-05-01 00:44:24,index,177.15499997139,169,TheEmptinessMachine,Westwood,Bola,HTTP/1.1
2025-05-01 00:44:26,index,179.156000137329,169,TheEmptinessMachine,Westwood,Bola,HTTP/1.1
2025-05-01 00:44:28,index,181.156000137329,330,TheEmptinessMachine,Westwood,Bola,HTTP/1.1
2025-05-01 00:44:30,index,183.156000137329,330,TheEmptinessMachine,Westwood,Bola,HTTP/1.1
2025-05-01 00:44:32,index,185.15499997139,330,TheEmptinessMachine,Westwood,Bola,HTTP/1.1
2025-05-01 00:44:34,index,187.156000137329,330,TheEmptinessMachine,Westwood,Bola,HTTP/1.1
2025-05-01 00:44:36,index,189.15499997139,330,TheEmptinessMachine,Westwood,Bola,HTTP/1.1
2025-05-01 00:44:38,index,191.15499997139,330,TheEmptinessMachine,Westwood,Bola,HTTP/1.1
2025-05-01 00:44:40,index,193.156000137329,330,TheEmptinessMachine,Westwood,Bola,HTTP/1.1
2025-05-01 00:44:42,index,195.156000137329,330,TheEmptinessMachine,Westwood,Bola,HTTP/1.1
2025-05-01 00:44:44,index,197.156000137329,330,TheEmptinessMachine,Westwood,Bola,HTTP/1.1
2025-05-01 00:44:46,index,199.156000137329,330,TheEmptinessMachine,Westwood,Bola,HTTP/1.1
2025-05-01 00:45:30,index,4.34700012207031,635,TheEmptinessMachine,Westwood,Bola,HTTP/2
2025-05-01 00:45:32,index,6.34500002861023,635,TheEmptinessMachine,Westwood,Bola,HTTP/2
2025-05-01 00:45:34,index,8.34500002861023,84,TheEmptinessMachine,Westwood,Bola,HTTP/2
2025-05-01 00:45:36,index,10.3450000286102,166,TheEmptinessMachine,Westwood,Bola,HTTP/2
2025-05-01 00:45:38,index,12.3450000286102,166,TheEmptinessMachine,Westwood,Bola,HTTP/2
2025-05-01 00:45:40,index,14.3450000286102,169,TheEmptinessMachine,Westwood,Bola,HTTP/2
2025-05-01 00:45:42,index,16.345999956131,214,TheEmptinessMachine,Westwood,Bola,HTTP/2
2025-05-01 00:45:44,index,18.3450000286102,320,TheEmptinessMachine,Westwood,Bola,HTTP/2
2025-05-01 00:45:46,index,20.345999956131,330,TheEmptinessMachine,Westwood,Bola,HTTP/2
2025-05-01 00:45:48,index,22.3450000286102,320,TheEmptinessMachine,Westwood,Bola,HTTP/2
2025-05-01 00:45:50,index,24.3450000286102,320,TheEmptinessMachine,Westwood,Bola,HTTP/2
2025-05-01 00:45:52,index,26.3450000286102,320,TheEmptinessMachine,Westwood,Bola,HTTP/2
2025-05-01 00:45:54,index,28.3450000286102,320,TheEmptinessMachine,Westwood,Bola,HTTP/2
2025-05-01 00:45:56,index,30.3450000286102,320,TheEmptinessMachine,Westwood,Bola,HTTP/2
2025-05-01 00:45:58,index,32.3450000286102,320,TheEmptinessMachine,Westwood,Bola,HTTP/2
2025-05-01 00:46:00,index,34.3450000286102,320,TheEmptinessMachine,Westwood,Bola,HTTP/2
2025-05-01 00:46:02,index,36.3450000286102,320,TheEmptinessMachine,Westwood,Bola,HTTP/2
2025-05-01 00:46:04,index,38.3450000286102,330,TheEmptinessMachine,Westwood,Bola,HTTP/2
2025-05-01 00:46:06,index,40.3450000286102,330,TheEmptinessMachine,Westwood,Bola,HTTP/2
2025-05-01 00:46:08,index,42.3450000286102,330,TheEmptinessMachine,Westwood,Bola,HTTP/2
2025-05-01 00:46:10,index,44.3450000286102,330,TheEmptinessMachine,Westwood,Bola,HTTP/2
2025-05-01 00:46:12,index,46.3450000286102,330,TheEmptinessMachine,Westwood,Bola,HTTP/2
2025-05-01 00:46:14,index,48.3450000286102,214,TheEmptinessMachine,Westwood,Bola,HTTP/2
2025-05-01 00:46:16,index,50.3480000495911,166,TheEmptinessMachine,Westwood,Bola,HTTP/2
2025-05-01 00:46:20,index,54.3450000286102,84,TheEmptinessMachine,Westwood,Bola,HTTP/2
2025-05-01 00:46:22,index,56.3450000286102,84,TheEmptinessMachine,Westwood,Bola,HTTP/2
2025-05-01 00:46:26,index,60.3450000286102,166,TheEmptinessMachine,Westwood,Bola,HTTP/2
2025-05-01 00:46:28,index,62.3450000286102,84,TheEmptinessMachine,Westwood,Bola,HTTP/2
2025-05-01 00:46:30,index,64.3450000286102,84,TheEmptinessMachine,Westwood,Bola,HTTP/2
2025-05-01 00:46:32,index,66.3450000286102,84,TheEmptinessMachine,Westwood,Bola,HTTP/2
2025-05-01 00:46:34,index,68.3450000286102,84,TheEmptinessMachine,Westwood,Bola,HTTP/2
2025-05-01 00:46:36,index,70.3450000286102,84,TheEmptinessMachine,Westwood,Bola,HTTP/2
2025-05-01 00:46:38,index,72.3450000286102,330,TheEmptinessMachine,Westwood,Bola,HTTP/2
2025-05-01 00:46:40,index,74.3450000286102,330,TheEmptinessMachine,Westwood,Bola,HTTP/2
2025-05-01 00:46:42,index,76.3450000286102,330,TheEmptinessMachine,Westwood,Bola,HTTP/2
2025-05-01 00:46:44,index,78.3450000286102,330,TheEmptinessMachine,Westwood,Bola,HTTP/2
2025-05-01 00:46:46,index,80.3450000286102,330,TheEmptinessMachine,Westwood,Bola,HTTP/2
2025-05-01 00:46:48,index,82.3450000286102,330,TheEmptinessMachine,Westwood,Bola,HTTP/2
2025-05-01 00:46:50,index,84.3450000286102,330,TheEmptinessMachine,Westwood,Bola,HTTP/2
2025-05-01 00:46:52,index,86.3450000286102,330,TheEmptinessMachine,Westwood,Bola,HTTP/2
2025-05-01 00:46:54,index,88.3450000286102,330,TheEmptinessMachine,Westwood,Bola,HTTP/2
2025-05-01 00:46:56,index,90.3450000286102,330,TheEmptinessMachine,Westwood,Bola,HTTP/2
2025-05-01 00:46:58,index,92.3450000286102,330,TheEmptinessMachine,Westwood,Bola,HTTP/2
2025-05-01 00:47:00,index,94.3450000286102,330,TheEmptinessMachine,Westwood,Bola,HTTP/2
2025-05-01 00:47:02,index,96.3450000286102,330,TheEmptinessMachine,Westwood,Bola,HTTP/2
2025-05-01 00:47:04,index,98.3450000286102,330,TheEmptinessMachine,Westwood,Bola,HTTP/2
2025-05-01 00:47:06,index,100.34500002861,330,TheEmptinessMachine,Westwood,Bola,HTTP/2
2025-05-01 00:47:08,index,102.34500002861,330,TheEmptinessMachine,Westwood,Bola,HTTP/2
2025-05-01 00:47:10,index,104.34500002861,330,TheEmptinessMachine,Westwood,Bola,HTTP/2
2025-05-01 00:47:12,index,106.34500002861,330,TheEmptinessMachine,Westwood,Bola,HTTP/2
2025-05-01 00:47:14,index,108.34500002861,330,TheEmptinessMachine,Westwood,Bola,HTTP/2
2025-05-01 00:47:16,index,110.34500002861,330,TheEmptinessMachine,Westwood,Bola,HTTP/2
2025-05-01 00:47:18,index,112.34500002861,330,TheEmptinessMachine,Westwood,Bola,HTTP/2
2025-05-01 00:47:20,index,114.34500002861,330,TheEmptinessMachine,Westwood,Bola,HTTP/2
2025-05-01 00:47:22,index,116.34500002861,330,TheEmptinessMachine,Westwood,Bola,HTTP/2
2025-05-01 00:47:24,index,118.34500002861,330,TheEmptinessMachine,Westwood,Bola,HTTP/2
2025-05-01 00:47:26,index,120.34500002861,330,TheEmptinessMachine,Westwood,Bola,HTTP/2
2025-05-01 00:47:28,index,122.34500002861,330,TheEmptinessMachine,Westwood,Bola,HTTP/2
2025-05-01 00:47:30,index,124.34500002861,330,TheEmptinessMachine,Westwood,Bola,HTTP/2
2025-05-01 00:47:32,index,126.34500002861,330,TheEmptinessMachine,Westwood,Bola,HTTP/2
2025-05-01 00:47:34,index,128.34500002861,330,TheEmptinessMachine,Westwood,Bola,HTTP/2
2025-05-01 00:47:36,index,130.34500002861,330,TheEmptinessMachine,Westwood,Bola,HTTP/2
2025-05-01 00:47:38,index,132.34500002861,330,TheEmptinessMachine,Westwood,Bola,HTTP/2
2025-05-01 00:47:40,index,134.34500002861,330,TheEmptinessMachine,Westwood,Bola,HTTP/2
2025-05-01 00:47:42,index,136.34500002861,330,TheEmptinessMachine,Westwood,Bola,HTTP/2
2025-05-01 00:47:44,index,138.34500002861,330,TheEmptinessMachine,Westwood,Bola,HTTP/2
2025-05-01 00:47:46,index,140.34500002861,330,TheEmptinessMachine,Westwood,Bola,HTTP/2
2025-05-01 00:47:48,index,142.34500002861,330,TheEmptinessMachine,Westwood,Bola,HTTP/2
2025-05-01 00:47:50,index,144.34500002861,330,TheEmptinessMachine,Westwood,Bola,HTTP/2
2025-05-01 00:47:52,index,146.34500002861,330,TheEmptinessMachine,Westwood,Bola,HTTP/2
2025-05-01 00:47:54,index,148.34500002861,330,TheEmptinessMachine,Westwood,Bola,HTTP/2
2025-05-01 00:47:56,index,150.34500002861,330,TheEmptinessMachine,Westwood,Bola,HTTP/2
2025-05-01 00:47:58,index,152.34500002861,330,TheEmptinessMachine,Westwood,Bola,HTTP/2
2025-05-01 00:48:00,index,154.34500002861,330,TheEmptinessMachine,Westwood,Bola,HTTP/2
2025-05-01 00:48:02,index,156.34500002861,330,TheEmptinessMachine,Westwood,Bola,HTTP/2
2025-05-01 00:48:04,index,158.34500002861,330,TheEmptinessMachine,Westwood,Bola,HTTP/2
2025-05-01 00:48:06,index,160.34500002861,330,TheEmptinessMachine,Westwood,Bola,HTTP/2
2025-05-01 00:48:08,index,162.34500002861,330,TheEmptinessMachine,Westwood,Bola,HTTP/2
2025-05-01 00:48:10,index,164.34500002861,330,TheEmptinessMachine,Westwood,Bola,HTTP/2
2025-05-01 00:48:12,index,166.34500002861,330,TheEmptinessMachine,Westwood,Bola,HTTP/2
2025-05-01 00:48:14,index,168.345999956131,330,TheEmptinessMachine,Westwood,Bola,HTTP/2
2025-05-01 00:48:16,index,170.34500002861,330,TheEmptinessMachine,Westwood,Bola,HTTP/2
2025-05-01 00:48:18,index,172.34500002861,330,TheEmptinessMachine,Westwood,Bola,HTTP/2
2025-05-01 00:48:20,index,174.34500002861,330,TheEmptinessMachine,Westwood,Bola,HTTP/2
2025-05-01 00:48:22,index,176.34500002861,330,TheEmptinessMachine,Westwood,Bola,HTTP/2
2025-05-01 00:48:24,index,178.34500002861,330,TheEmptinessMachine,Westwood,Bola,HTTP/2
2025-05-01 00:48:26,index,180.34500002861,330,TheEmptinessMachine,Westwood,Bola,HTTP/2
2025-05-01 00:48:28,index,182.34500002861,330,TheEmptinessMachine,Westwood,Bola,HTTP/2
2025-05-01 00:48:30,index,184.34500002861,330,TheEmptinessMachine,Westwood,Bola,HTTP/2
2025-05-01 00:48:32,index,186.34500002861,330,TheEmptinessMachine,Westwood,Bola,HTTP/2
2025-05-01 00:48:34,index,188.34500002861,330,TheEmptinessMachine,Westwood,Bola,HTTP/2
2025-05-01 00:48:36,index,190.345999956131,330,TheEmptinessMachine,Westwood,Bola,HTTP/2
2025-05-01 00:48:38,index,192.34500002861,330,TheEmptinessMachine,Westwood,Bola,HTTP/2
2025-05-01 00:48:40,index,194.34500002861,330,TheEmptinessMachine,Westwood,Bola,HTTP/2
2025-05-01 00:48:42,index,196.34500002861,330,TheEmptinessMachine,Westwood,Bola,HTTP/2
2025-05-01 00:48:44,index,198.34500002861,330,TheEmptinessMachine,Westwood,Bola,HTTP/2
2025-05-01 00:49:50,index,4.1710000038147,1226,TheEmptinessMachine,Westwood,Bola,HTTP/3
2025-05-01 00:50:02,index,16.1710000038147,166,TheEmptinessMachine,Westwood,Bola,HTTP/3
2025-05-01 00:50:04,index,18.1700000762939,166,TheEmptinessMachine,Westwood,Bola,HTTP/3
2025-05-01 00:50:06,index,20.1710000038147,84,TheEmptinessMachine,Westwood,Bola,HTTP/3
2025-05-01 00:50:10,index,24.1700000762939,84,TheEmptinessMachine,Westwood,Bola,HTTP/3
2025-05-01 00:50:12,index,26.1710000038147,84,TheEmptinessMachine,Westwood,Bola,HTTP/3
2025-05-01 00:50:14,index,28.1700000762939,81,TheEmptinessMachine,Westwood,Bola,HTTP/3
2025-05-01 00:50:16,index,30.1710000038147,81,TheEmptinessMachine,Westwood,Bola,HTTP/3
2025-05-01 00:50:18,index,32.1700000762939,81,TheEmptinessMachine,Westwood,Bola,HTTP/3
2025-05-01 00:50:20,index,34.1710000038147,81,TheEmptinessMachine,Westwood,Bola,HTTP/3
2025-05-01 00:50:22,index,36.1710000038147,81,TheEmptinessMachine,Westwood,Bola,HTTP/3
2025-05-01 00:50:24,index,38.1700000762939,81,TheEmptinessMachine,Westwood,Bola,HTTP/3
2025-05-01 00:50:26,index,40.1710000038147,81,TheEmptinessMachine,Westwood,Bola,HTTP/3
2025-05-01 00:50:28,index,42.1700000762939,81,TheEmptinessMachine,Westwood,Bola,HTTP/3
2025-05-01 00:50:30,index,44.1710000038147,81,TheEmptinessMachine,Westwood,Bola,HTTP/3
2025-05-01 00:50:32,index,46.1700000762939,81,TheEmptinessMachine,Westwood,Bola,HTTP/3
2025-05-01 00:50:34,index,48.1700000762939,81,TheEmptinessMachine,Westwood,Bola,HTTP/3
2025-05-01 00:50:36,index,50.1710000038147,214,TheEmptinessMachine,Westwood,Bola,HTTP/3
2025-05-01 00:50:38,index,52.1710000038147,214,TheEmptinessMachine,Westwood,Bola,HTTP/3
2025-05-01 00:50:40,index,54.1710000038147,214,TheEmptinessMachine,Westwood,Bola,HTTP/3
2025-05-01 00:50:42,index,56.1710000038147,214,TheEmptinessMachine,Westwood,Bola,HTTP/3
2025-05-01 00:50:44,index,58.1710000038147,214,TheEmptinessMachine,Westwood,Bola,HTTP/3
2025-05-01 00:50:46,index,60.1710000038147,84,TheEmptinessMachine,Westwood,Bola,HTTP/3
2025-05-01 00:50:48,index,62.1710000038147,84,TheEmptinessMachine,Westwood,Bola,HTTP/3
2025-05-01 00:50:50,index,64.1700000762939,84,TheEmptinessMachine,Westwood,Bola,HTTP/3
2025-05-01 00:50:52,index,66.1710000038147,84,TheEmptinessMachine,Westwood,Bola,HTTP/3
2025-05-01 00:50:54,index,68.1710000038147,84,TheEmptinessMachine,Westwood,Bola,HTTP/3
2025-05-01 00:50:56,index,70.1700000762939,84,TheEmptinessMachine,Westwood,Bola,HTTP/3
2025-05-01 00:50:58,index,72.1710000038147,214,TheEmptinessMachine,Westwood,Bola,HTTP/3
2025-05-01 00:51:00,index,74.1710000038147,214,TheEmptinessMachine,Westwood,Bola,HTTP/3
2025-05-01 00:51:02,index,76.1750001907349,214,TheEmptinessMachine,Westwood,Bola,HTTP/3
2025-05-01 00:51:04,index,78.1710000038147,214,TheEmptinessMachine,Westwood,Bola,HTTP/3
2025-05-01 00:51:06,index,80.1710000038147,320,TheEmptinessMachine,Westwood,Bola,HTTP/3
2025-05-01 00:51:08,index,82.1700000762939,330,TheEmptinessMachine,Westwood,Bola,HTTP/3
2025-05-01 00:51:10,index,84.1710000038147,330,TheEmptinessMachine,Westwood,Bola,HTTP/3
2025-05-01 00:51:14,index,88.1700000762939,72,TheEmptinessMachine,Westwood,Bola,HTTP/3
2025-05-01 00:51:16,index,90.1700000762939,72,TheEmptinessMachine,Westwood,Bola,HTTP/3
2025-05-01 00:51:18,index,92.1700000762939,72,TheEmptinessMachine,Westwood,Bola,HTTP/3
2025-05-01 00:51:20,index,94.1700000762939,72,TheEmptinessMachine,Westwood,Bola,HTTP/3
2025-05-01 00:51:22,index,96.1710000038147,72,TheEmptinessMachine,Westwood,Bola,HTTP/3
2025-05-01 00:51:24,index,98.1700000762939,214,TheEmptinessMachine,Westwood,Bola,HTTP/3
2025-05-01 00:51:26,index,100.171000003815,214,TheEmptinessMachine,Westwood,Bola,HTTP/3
2025-05-01 00:51:28,index,102.170000076294,214,TheEmptinessMachine,Westwood,Bola,HTTP/3
2025-05-01 00:51:30,index,104.171000003815,72,TheEmptinessMachine,Westwood,Bola,HTTP/3
2025-05-01 00:51:32,index,106.171000003815,72,TheEmptinessMachine,Westwood,Bola,HTTP/3
2025-05-01 00:51:34,index,108.171000003815,72,TheEmptinessMachine,Westwood,Bola,HTTP/3
2025-05-01 00:51:36,index,110.171000003815,72,TheEmptinessMachine,Westwood,Bola,HTTP/3
2025-05-01 00:51:38,index,112.171000003815,72,TheEmptinessMachine,Westwood,Bola,HTTP/3
2025-05-01 00:51:40,index,114.170000076294,72,TheEmptinessMachine,Westwood,Bola,HTTP/3
2025-05-01 00:51:42,index,116.170000076294,214,TheEmptinessMachine,Westwood,Bola,HTTP/3
2025-05-01 00:51:44,index,118.171000003815,214,TheEmptinessMachine,Westwood,Bola,HTTP/3
2025-05-01 00:51:46,index,120.171000003815,72,TheEmptinessMachine,Westwood,Bola,HTTP/3
2025-05-01 00:51:48,index,122.170000076294,72,TheEmptinessMachine,Westwood,Bola,HTTP/3
2025-05-01 00:51:50,index,124.171000003815,72,TheEmptinessMachine,Westwood,Bola,HTTP/3
2025-05-01 00:51:52,index,126.170000076294,72,TheEmptinessMachine,Westwood,Bola,HTTP/3
2025-05-01 00:51:54,index,128.171000003815,72,TheEmptinessMachine,Westwood,Bola,HTTP/3
2025-05-01 00:51:56,index,130.171000003815,72,TheEmptinessMachine,Westwood,Bola,HTTP/3
2025-05-01 00:51:58,index,132.171000003815,214,TheEmptinessMachine,Westwood,Bola,HTTP/3
2025-05-01 00:52:00,index,134.171000003815,214,TheEmptinessMachine,Westwood,Bola,HTTP/3
2025-05-01 00:52:02,index,136.170000076294,214,TheEmptinessMachine,Westwood,Bola,HTTP/3
2025-05-01 00:52:04,index,138.171000003815,214,TheEmptinessMachine,Westwood,Bola,HTTP/3
2025-05-01 00:52:06,index,140.170000076294,214,TheEmptinessMachine,Westwood,Bola,HTTP/3
2025-05-01 00:52:08,index,142.170000076294,214,TheEmptinessMachine,Westwood,Bola,HTTP/3
2025-05-01 00:52:10,index,144.171000003815,214,TheEmptinessMachine,Westwood,Bola,HTTP/3
2025-05-01 00:52:12,index,146.171000003815,214,TheEmptinessMachine,Westwood,Bola,HTTP/3
2025-05-01 00:52:14,index,148.171000003815,214,TheEmptinessMachine,Westwood,Bola,HTTP/3
2025-05-01 00:52:16,index,150.170000076294,84,TheEmptinessMachine,Westwood,Bola,HTTP/3
2025-05-01 00:52:18,index,152.171000003815,84,TheEmptinessMachine,Westwood,Bola,HTTP/3
2025-05-01 00:52:20,index,154.170000076294,84,TheEmptinessMachine,Westwood,Bola,HTTP/3
2025-05-01 00:52:22,index,156.171000003815,84,TheEmptinessMachine,Westwood,Bola,HTTP/3
2025-05-01 00:52:24,index,158.170000076294,84,TheEmptinessMachine,Westwood,Bola,HTTP/3
2025-05-01 00:52:26,index,160.171000003815,84,TheEmptinessMachine,Westwood,Bola,HTTP/3
2025-05-01 00:52:28,index,162.171000003815,214,TheEmptinessMachine,Westwood,Bola,HTTP/3
2025-05-01 00:52:30,index,164.171000003815,214,TheEmptinessMachine,Westwood,Bola,HTTP/3
2025-05-01 00:52:32,index,166.170000076294,84,TheEmptinessMachine,Westwood,Bola,HTTP/3
2025-05-01 00:52:34,index,168.170000076294,84,TheEmptinessMachine,Westwood,Bola,HTTP/3
2025-05-01 00:52:36,index,170.171000003815,84,TheEmptinessMachine,Westwood,Bola,HTTP/3
2025-05-01 00:52:38,index,172.170000076294,84,TheEmptinessMachine,Westwood,Bola,HTTP/3
2025-05-01 00:52:40,index,174.171000003815,84,TheEmptinessMachine,Westwood,Bola,HTTP/3
2025-05-01 00:52:42,index,176.171000003815,214,TheEmptinessMachine,Westwood,Bola,HTTP/3
2025-05-01 00:52:44,index,178.170000076294,214,TheEmptinessMachine,Westwood,Bola,HTTP/3
2025-05-01 00:52:46,index,180.170000076294,214,TheEmptinessMachine,Westwood,Bola,HTTP/3
2025-05-01 00:52:48,index,182.171000003815,214,TheEmptinessMachine,Westwood,Bola,HTTP/3
2025-05-01 00:52:50,index,184.170000076294,330,TheEmptinessMachine,Westwood,Bola,HTTP/3
2025-05-01 00:52:52,index,186.171000003815,330,TheEmptinessMachine,Westwood,Bola,HTTP/3
2025-05-01 00:52:54,index,188.171000003815,330,TheEmptinessMachine,Westwood,Bola,HTTP/3
2025-05-01 00:52:56,index,190.170000076294,330,TheEmptinessMachine,Westwood,Bola,HTTP/3
2025-05-01 00:52:58,index,192.171000003815,330,TheEmptinessMachine,Westwood,Bola,HTTP/3
2025-05-01 00:53:00,index,194.171000003815,330,TheEmptinessMachine,Westwood,Bola,HTTP/3
2025-05-01 00:53:02,index,196.171000003815,330,TheEmptinessMachine,Westwood,Bola,HTTP/3
2025-05-01 00:53:04,index,198.171000003815,330,TheEmptinessMachine,Westwood,Bola,HTTP/3
2025-05-01 00:53:54,index,4.87400007247925,3486,TheEmptinessMachine,Westwood,Festive,HTTP/1.1
2025-05-01 00:53:56,index,6.87400007247925,3486,TheEmptinessMachine,Westwood,Festive,HTTP/1.1
2025-05-01 00:53:58,index,8.87400007247925,674,TheEmptinessMachine,Westwood,Festive,HTTP/1.1
2025-05-01 00:54:04,index,14.8740000724792,330,TheEmptinessMachine,Westwood,Festive,HTTP/1.1
2025-05-01 00:54:06,index,16.8740000724792,674,TheEmptinessMachine,Westwood,Festive,HTTP/1.1
2025-05-01 00:54:10,index,20.8740000724792,214,TheEmptinessMachine,Westwood,Festive,HTTP/1.1
2025-05-01 00:54:12,index,22.875,330,TheEmptinessMachine,Westwood,Festive,HTTP/1.1
2025-05-01 00:54:14,index,24.8740000724792,674,TheEmptinessMachine,Westwood,Festive,HTTP/1.1
2025-05-01 00:54:16,index,26.8740000724792,674,TheEmptinessMachine,Westwood,Festive,HTTP/1.1
2025-05-01 00:54:18,index,28.8740000724792,674,TheEmptinessMachine,Westwood,Festive,HTTP/1.1
2025-05-01 00:54:20,index,30.8740000724792,674,TheEmptinessMachine,Westwood,Festive,HTTP/1.1
2025-05-01 00:54:22,index,32.8740000724792,674,TheEmptinessMachine,Westwood,Festive,HTTP/1.1
2025-05-01 00:54:24,index,34.8740000724792,674,TheEmptinessMachine,Westwood,Festive,HTTP/1.1
2025-05-01 00:54:26,index,36.8740000724792,732,TheEmptinessMachine,Westwood,Festive,HTTP/1.1
2025-05-01 00:54:28,index,38.8740000724792,330,TheEmptinessMachine,Westwood,Festive,HTTP/1.1
2025-05-01 00:54:30,index,40.875,330,TheEmptinessMachine,Westwood,Festive,HTTP/1.1
2025-05-01 00:54:32,index,42.8740000724792,674,TheEmptinessMachine,Westwood,Festive,HTTP/1.1
2025-05-01 00:54:34,index,44.8740000724792,330,TheEmptinessMachine,Westwood,Festive,HTTP/1.1
2025-05-01 00:54:38,index,48.875,72,TheEmptinessMachine,Westwood,Festive,HTTP/1.1
2025-05-01 00:54:40,index,50.8740000724792,72,TheEmptinessMachine,Westwood,Festive,HTTP/1.1
2025-05-01 00:54:42,index,52.8740000724792,72,TheEmptinessMachine,Westwood,Festive,HTTP/1.1
2025-05-01 00:54:44,index,54.8740000724792,72,TheEmptinessMachine,Westwood,Festive,HTTP/1.1
2025-05-01 00:54:46,index,56.8740000724792,674,TheEmptinessMachine,Westwood,Festive,HTTP/1.1
2025-05-01 00:54:48,index,58.8740000724792,674,TheEmptinessMachine,Westwood,Festive,HTTP/1.1
2025-05-01 00:54:50,index,60.8740000724792,674,TheEmptinessMachine,Westwood,Festive,HTTP/1.1
2025-05-01 00:54:52,index,62.8740000724792,674,TheEmptinessMachine,Westwood,Festive,HTTP/1.1
2025-05-01 00:54:54,index,64.8740000724792,674,TheEmptinessMachine,Westwood,Festive,HTTP/1.1
2025-05-01 00:54:56,index,66.875,330,TheEmptinessMachine,Westwood,Festive,HTTP/1.1
2025-05-01 00:54:58,index,68.8740000724792,214,TheEmptinessMachine,Westwood,Festive,HTTP/1.1
2025-05-01 00:55:00,index,70.8740000724792,330,TheEmptinessMachine,Westwood,Festive,HTTP/1.1
2025-05-01 00:55:02,index,72.8740000724792,330,TheEmptinessMachine,Westwood,Festive,HTTP/1.1
2025-05-01 00:55:04,index,74.8740000724792,214,TheEmptinessMachine,Westwood,Festive,HTTP/1.1
2025-05-01 00:55:06,index,76.8740000724792,320,TheEmptinessMachine,Westwood,Festive,HTTP/1.1
2025-05-01 00:55:08,index,78.8740000724792,320,TheEmptinessMachine,Westwood,Festive,HTTP/1.1
2025-05-01 00:55:10,index,80.8740000724792,320,TheEmptinessMachine,Westwood,Festive,HTTP/1.1
2025-05-01 00:55:12,index,82.8740000724792,214,TheEmptinessMachine,Westwood,Festive,HTTP/1.1
2025-05-01 00:55:14,index,84.8740000724792,214,TheEmptinessMachine,Westwood,Festive,HTTP/1.1
2025-05-01 00:55:16,index,86.875,214,TheEmptinessMachine,Westwood,Festive,HTTP/1.1
2025-05-01 00:55:18,index,88.8740000724792,214,TheEmptinessMachine,Westwood,Festive,HTTP/1.1
2025-05-01 00:55:20,index,90.8740000724792,214,TheEmptinessMachine,Westwood,Festive,HTTP/1.1
2025-05-01 00:55:22,index,92.8740000724792,214,TheEmptinessMachine,Westwood,Festive,HTTP/1.1
2025-05-01 00:55:24,index,94.8740000724792,1767,TheEmptinessMachine,Westwood,Festive,HTTP/1.1
2025-05-01 00:55:26,index,96.8740000724792,330,TheEmptinessMachine,Westwood,Festive,HTTP/1.1
2025-05-01 00:55:28,index,98.8740000724792,330,TheEmptinessMachine,Westwood,Festive,HTTP/1.1
2025-05-01 00:55:30,index,100.874000072479,330,TheEmptinessMachine,Westwood,Festive,HTTP/1.1
2025-05-01 00:55:32,index,102.874000072479,330,TheEmptinessMachine,Westwood,Festive,HTTP/1.1
2025-05-01 00:55:34,index,104.874000072479,330,TheEmptinessMachine,Westwood,Festive,HTTP/1.1
2025-05-01 00:55:36,index,106.874000072479,330,TheEmptinessMachine,Westwood,Festive,HTTP/1.1
2025-05-01 00:55:38,index,108.874000072479,1226,TheEmptinessMachine,Westwood,Festive,HTTP/1.1
2025-05-01 00:55:40,index,110.874000072479,1226,TheEmptinessMachine,Westwood,Festive,HTTP/1.1
2025-05-01 00:55:42,index,112.874000072479,674,TheEmptinessMachine,Westwood,Festive,HTTP/1.1
2025-05-01 00:55:44,index,114.87900018692,330,TheEmptinessMachine,Westwood,Festive,HTTP/1.1
2025-05-01 00:55:46,index,116.874000072479,674,TheEmptinessMachine,Westwood,Festive,HTTP/1.1
2025-05-01 00:55:48,index,118.874000072479,674,TheEmptinessMachine,Westwood,Festive,HTTP/1.1
2025-05-01 00:55:52,index,122.874000072479,214,TheEmptinessMachine,Westwood,Festive,HTTP/1.1
2025-05-01 00:55:54,index,124.874000072479,674,TheEmptinessMachine,Westwood,Festive,HTTP/1.1
2025-05-01 00:55:56,index,126.874000072479,674,TheEmptinessMachine,Westwood,Festive,HTTP/1.1
2025-05-01 00:55:58,index,128.874000072479,674,TheEmptinessMachine,Westwood,Festive,HTTP/1.1
2025-05-01 00:56:00,index,130.874000072479,674,TheEmptinessMachine,Westwood,Festive,HTTP/1.1
2025-05-01 00:56:02,index,132.874000072479,330,TheEmptinessMachine,Westwood,Festive,HTTP/1.1
2025-05-01 00:56:04,index,134.874000072479,214,TheEmptinessMachine,Westwood,Festive,HTTP/1.1
2025-05-01 00:56:06,index,136.874000072479,635,TheEmptinessMachine,Westwood,Festive,HTTP/1.1
2025-05-01 00:56:10,index,140.874000072479,169,TheEmptinessMachine,Westwood,Festive,HTTP/1.1
2025-05-01 00:56:12,index,142.874000072479,330,TheEmptinessMachine,Westwood,Festive,HTTP/1.1
2025-05-01 00:56:14,index,144.874000072479,330,TheEmptinessMachine,Westwood,Festive,HTTP/1.1
2025-05-01 00:56:16,index,146.874000072479,330,TheEmptinessMachine,Westwood,Festive,HTTP/1.1
2025-05-01 00:56:18,index,148.874000072479,330,TheEmptinessMachine,Westwood,Festive,HTTP/1.1
2025-05-01 00:56:20,index,150.874000072479,320,TheEmptinessMachine,Westwood,Festive,HTTP/1.1
2025-05-01 00:56:22,index,152.874000072479,320,TheEmptinessMachine,Westwood,Festive,HTTP/1.1
2025-05-01 00:56:24,index,154.874000072479,320,TheEmptinessMachine,Westwood,Festive,HTTP/1.1
2025-05-01 00:56:26,index,156.874000072479,320,TheEmptinessMachine,Westwood,Festive,HTTP/1.1
2025-05-01 00:56:28,index,158.874000072479,320,TheEmptinessMachine,Westwood,Festive,HTTP/1.1
2025-05-01 00:56:30,index,160.874000072479,320,TheEmptinessMachine,Westwood,Festive,HTTP/1.1
2025-05-01 00:56:32,index,162.874000072479,320,TheEmptinessMachine,Westwood,Festive,HTTP/1.1
2025-05-01 00:56:34,index,164.874000072479,320,TheEmptinessMachine,Westwood,Festive,HTTP/1.1
2025-05-01 00:56:36,index,166.874000072479,320,TheEmptinessMachine,Westwood,Festive,HTTP/1.1
2025-05-01 00:56:38,index,168.875,320,TheEmptinessMachine,Westwood,Festive,HTTP/1.1
2025-05-01 00:56:40,index,170.874000072479,320,TheEmptinessMachine,Westwood,Festive,HTTP/1.1
2025-05-01 00:56:42,index,172.874000072479,1767,TheEmptinessMachine,Westwood,Festive,HTTP/1.1
2025-05-01 00:56:44,index,174.874000072479,1767,TheEmptinessMachine,Westwood,Festive,HTTP/1.1
2025-05-01 00:56:46,index,176.874000072479,1767,TheEmptinessMachine,Westwood,Festive,HTTP/1.1
2025-05-01 00:56:48,index,178.874000072479,1226,TheEmptinessMachine,Westwood,Festive,HTTP/1.1
2025-05-01 00:56:50,index,180.874000072479,1226,TheEmptinessMachine,Westwood,Festive,HTTP/1.1
2025-05-01 00:56:52,index,182.874000072479,674,TheEmptinessMachine,Westwood,Festive,HTTP/1.1
2025-05-01 00:56:54,index,184.874000072479,330,TheEmptinessMachine,Westwood,Festive,HTTP/1.1
2025-05-01 00:56:56,index,186.874000072479,330,TheEmptinessMachine,Westwood,Festive,HTTP/1.1
2025-05-01 00:56:58,index,188.874000072479,674,TheEmptinessMachine,Westwood,Festive,HTTP/1.1
2025-05-01 00:57:00,index,190.874000072479,330,TheEmptinessMachine,Westwood,Festive,HTTP/1.1
2025-05-01 00:57:02,index,192.874000072479,635,TheEmptinessMachine,Westwood,Festive,HTTP/1.1
2025-05-01 00:57:04,index,194.874000072479,214,TheEmptinessMachine,Westwood,Festive,HTTP/1.1
2025-05-01 00:57:06,index,196.874000072479,84,TheEmptinessMachine,Westwood,Festive,HTTP/1.1
2025-05-01 00:57:57,index,4.36899995803833,980,TheEmptinessMachine,Westwood,Festive,HTTP/2
2025-05-01 00:57:59,index,6.36899995803833,1106,TheEmptinessMachine,Westwood,Festive,HTTP/2
2025-05-01 00:58:01,index,8.36899995803833,330,TheEmptinessMachine,Westwood,Festive,HTTP/2
2025-05-01 00:58:07,index,14.3689999580383,330,TheEmptinessMachine,Westwood,Festive,HTTP/2
2025-05-01 00:58:09,index,16.3689999580383,635,TheEmptinessMachine,Westwood,Festive,HTTP/2
2025-05-01 00:58:13,index,20.3689999580383,635,TheEmptinessMachine,Westwood,Festive,HTTP/2
2025-05-01 00:58:15,index,22.3689999580383,330,TheEmptinessMachine,Westwood,Festive,HTTP/2
2025-05-01 00:58:17,index,24.3689999580383,330,TheEmptinessMachine,Westwood,Festive,HTTP/2
2025-05-01 00:58:19,index,26.3689999580383,330,TheEmptinessMachine,Westwood,Festive,HTTP/2
2025-05-01 00:58:21,index,28.3689999580383,330,TheEmptinessMachine,Westwood,Festive,HTTP/2
2025-05-01 00:58:23,index,30.3689999580383,330,TheEmptinessMachine,Westwood,Festive,HTTP/2
2025-05-01 00:58:25,index,32.3689999580383,330,TheEmptinessMachine,Westwood,Festive,HTTP/2
2025-05-01 00:58:27,index,34.3689999580383,1767,TheEmptinessMachine,Westwood,Festive,HTTP/2
2025-05-01 00:58:29,index,36.3689999580383,1767,TheEmptinessMachine,Westwood,Festive,HTTP/2
2025-05-01 00:58:31,index,38.3689999580383,330,TheEmptinessMachine,Westwood,Festive,HTTP/2
2025-05-01 00:58:33,index,40.3689999580383,330,TheEmptinessMachine,Westwood,Festive,HTTP/2
2025-05-01 00:58:35,index,42.3689999580383,330,TheEmptinessMachine,Westwood,Festive,HTTP/2
2025-05-01 00:58:37,index,44.3689999580383,330,TheEmptinessMachine,Westwood,Festive,HTTP/2
2025-05-01 00:58:39,index,46.3689999580383,330,TheEmptinessMachine,Westwood,Festive,HTTP/2
2025-05-01 00:58:41,index,48.3680000305176,330,TheEmptinessMachine,Westwood,Festive,HTTP/2
2025-05-01 00:58:43,index,50.3689999580383,1226,TheEmptinessMachine,Westwood,Festive,HTTP/2
2025-05-01 00:58:45,index,52.3689999580383,330,TheEmptinessMachine,Westwood,Festive,HTTP/2
2025-05-01 00:58:47,index,54.3689999580383,330,TheEmptinessMachine,Westwood,Festive,HTTP/2
2025-05-01 00:58:49,index,56.3689999580383,330,TheEmptinessMachine,Westwood,Festive,HTTP/2
2025-05-01 00:58:53,index,60.3689999580383,169,TheEmptinessMachine,Westwood,Festive,HTTP/2
2025-05-01 00:58:55,index,62.3689999580383,169,TheEmptinessMachine,Westwood,Festive,HTTP/2
2025-05-01 00:58:57,index,64.3689999580383,980,TheEmptinessMachine,Westwood,Festive,HTTP/2
2025-05-01 00:58:59,index,66.3689999580383,330,TheEmptinessMachine,Westwood,Festive,HTTP/2
2025-05-01 00:59:01,index,68.3689999580383,330,TheEmptinessMachine,Westwood,Festive,HTTP/2
2025-05-01 00:59:09,index,76.3689999580383,980,TheEmptinessMachine,Westwood,Festive,HTTP/2
2025-05-01 00:59:11,index,78.3689999580383,674,TheEmptinessMachine,Westwood,Festive,HTTP/2
2025-05-01 00:59:13,index,80.3689999580383,674,TheEmptinessMachine,Westwood,Festive,HTTP/2
2025-05-01 00:59:15,index,82.3689999580383,330,TheEmptinessMachine,Westwood,Festive,HTTP/2
2025-05-01 00:59:17,index,84.3689999580383,330,TheEmptinessMachine,Westwood,Festive,HTTP/2
2025-05-01 00:59:19,index,86.3689999580383,635,TheEmptinessMachine,Westwood,Festive,HTTP/2
2025-05-01 00:59:21,index,88.3689999580383,635,TheEmptinessMachine,Westwood,Festive,HTTP/2
2025-05-01 00:59:25,index,92.3689999580383,330,TheEmptinessMachine,Westwood,Festive,HTTP/2
2025-05-01 00:59:27,index,94.3689999580383,330,TheEmptinessMachine,Westwood,Festive,HTTP/2
2025-05-01 00:59:29,index,96.3689999580383,330,TheEmptinessMachine,Westwood,Festive,HTTP/2
2025-05-01 00:59:31,index,98.3689999580383,330,TheEmptinessMachine,Westwood,Festive,HTTP/2
2025-05-01 00:59:33,index,100.368999958038,330,TheEmptinessMachine,Westwood,Festive,HTTP/2
2025-05-01 00:59:35,index,102.368999958038,330,TheEmptinessMachine,Westwood,Festive,HTTP/2
2025-05-01 00:59:37,index,104.368999958038,330,TheEmptinessMachine,Westwood,Festive,HTTP/2
2025-05-01 00:59:39,index,106.368999958038,1226,TheEmptinessMachine,Westwood,Festive,HTTP/2
2025-05-01 00:59:41,index,108.368999958038,330,TheEmptinessMachine,Westwood,Festive,HTTP/2
2025-05-01 00:59:43,index,110.368999958038,330,TheEmptinessMachine,Westwood,Festive,HTTP/2
2025-05-01 00:59:45,index,112.368999958038,330,TheEmptinessMachine,Westwood,Festive,HTTP/2
2025-05-01 00:59:49,index,116.368999958038,214,TheEmptinessMachine,Westwood,Festive,HTTP/2
2025-05-01 00:59:51,index,118.368999958038,330,TheEmptinessMachine,Westwood,Festive,HTTP/2
2025-05-01 00:59:53,index,120.368999958038,330,TheEmptinessMachine,Westwood,Festive,HTTP/2
2025-05-01 00:59:55,index,122.370000123978,330,TheEmptinessMachine,Westwood,Festive,HTTP/2
2025-05-01 00:59:59,index,126.368999958038,320,TheEmptinessMachine,Westwood,Festive,HTTP/2
2025-05-01 01:00:01,index,128.368999958038,320,TheEmptinessMachine,Westwood,Festive,HTTP/2
2025-05-01 01:00:03,index,130.368999958038,214,TheEmptinessMachine,Westwood,Festive,HTTP/2
2025-05-01 01:00:05,index,132.368999958038,320,TheEmptinessMachine,Westwood,Festive,HTTP/2
2025-05-01 01:00:07,index,134.368999958038,169,TheEmptinessMachine,Westwood,Festive,HTTP/2
2025-05-01 01:00:09,index,136.368999958038,214,TheEmptinessMachine,Westwood,Festive,HTTP/2
2025-05-01 01:00:11,index,138.368999958038,214,TheEmptinessMachine,Westwood,Festive,HTTP/2
2025-05-01 01:00:13,index,140.368999958038,214,TheEmptinessMachine,Westwood,Festive,HTTP/2
2025-05-01 01:00:15,index,142.368999958038,214,TheEmptinessMachine,Westwood,Festive,HTTP/2
2025-05-01 01:00:17,index,144.368999958038,214,TheEmptinessMachine,Westwood,Festive,HTTP/2
2025-05-01 01:00:19,index,146.368999958038,214,TheEmptinessMachine,Westwood,Festive,HTTP/2
2025-05-01 01:00:21,index,148.368999958038,214,TheEmptinessMachine,Westwood,Festive,HTTP/2
2025-05-01 01:00:23,index,150.368999958038,1226,TheEmptinessMachine,Westwood,Festive,HTTP/2
2025-05-01 01:00:25,index,152.368999958038,635,TheEmptinessMachine,Westwood,Festive,HTTP/2
2025-05-01 01:00:27,index,154.368999958038,635,TheEmptinessMachine,Westwood,Festive,HTTP/2
2025-05-01 01:00:29,index,156.368999958038,635,TheEmptinessMachine,Westwood,Festive,HTTP/2
2025-05-01 01:00:31,index,158.368000030518,635,TheEmptinessMachine,Westwood,Festive,HTTP/2
2025-05-01 01:00:33,index,160.368999958038,214,TheEmptinessMachine,Westwood,Festive,HTTP/2
2025-05-01 01:00:35,index,162.368999958038,674,TheEmptinessMachine,Westwood,Festive,HTTP/2
2025-05-01 01:00:37,index,164.368999958038,674,TheEmptinessMachine,Westwood,Festive,HTTP/2
2025-05-01 01:00:39,index,166.368999958038,330,TheEmptinessMachine,Westwood,Festive,HTTP/2
2025-05-01 01:00:43,index,170.368999958038,330,TheEmptinessMachine,Westwood,Festive,HTTP/2
2025-05-01 01:00:45,index,172.368999958038,330,TheEmptinessMachine,Westwood,Festive,HTTP/2
2025-05-01 01:00:47,index,174.368999958038,330,TheEmptinessMachine,Westwood,Festive,HTTP/2
2025-05-01 01:00:49,index,176.368999958038,84,TheEmptinessMachine,Westwood,Festive,HTTP/2
2025-05-01 01:00:51,index,178.368999958038,320,TheEmptinessMachine,Westwood,Festive,HTTP/2
2025-05-01 01:00:53,index,180.368999958038,320,TheEmptinessMachine,Westwood,Festive,HTTP/2
2025-05-01 01:00:55,index,182.368999958038,320,TheEmptinessMachine,Westwood,Festive,HTTP/2
2025-05-01 01:00:57,index,184.368999958038,320,TheEmptinessMachine,Westwood,Festive,HTTP/2
2025-05-01 01:00:59,index,186.368999958038,320,TheEmptinessMachine,Westwood,Festive,HTTP/2
2025-05-01 01:01:01,index,188.368999958038,320,TheEmptinessMachine,Westwood,Festive,HTTP/2
2025-05-01 01:01:03,index,190.368999958038,320,TheEmptinessMachine,Westwood,Festive,HTTP/2
2025-05-01 01:01:05,index,192.368999958038,320,TheEmptinessMachine,Westwood,Festive,HTTP/2
2025-05-01 01:01:07,index,194.368999958038,320,TheEmptinessMachine,Westwood,Festive,HTTP/2
2025-05-01 01:01:09,index,196.368000030518,320,TheEmptinessMachine,Westwood,Festive,HTTP/2
2025-05-01 01:01:11,index,198.368999958038,320,TheEmptinessMachine,Westwood,Festive,HTTP/2
2025-05-01 01:01:13,index,200.368999958038,320,TheEmptinessMachine,Westwood,Festive,HTTP/2
2025-05-01 01:01:15,index,202.368999958038,320,TheEmptinessMachine,Westwood,Festive,HTTP/2
2025-05-01 01:02:02,index,4.13299989700317,980,TheEmptinessMachine,Westwood,Festive,HTTP/3
2025-05-01 01:02:04,index,6.13199996948242,330,TheEmptinessMachine,Westwood,Festive,HTTP/3
2025-05-01 01:02:12,index,14.1319999694824,330,TheEmptinessMachine,Westwood,Festive,HTTP/3
2025-05-01 01:02:14,index,16.1319999694824,330,TheEmptinessMachine,Westwood,Festive,HTTP/3
2025-05-01 01:02:16,index,18.1319999694824,330,TheEmptinessMachine,Westwood,Festive,HTTP/3
2025-05-01 01:02:18,index,20.1339998245239,330,TheEmptinessMachine,Westwood,Festive,HTTP/3
2025-05-01 01:02:22,index,24.1309998035431,72,TheEmptinessMachine,Westwood,Festive,HTTP/3
2025-05-01 01:02:24,index,26.1319999694824,72,TheEmptinessMachine,Westwood,Festive,HTTP/3
2025-05-01 01:02:26,index,28.1309998035431,72,TheEmptinessMachine,Westwood,Festive,HTTP/3
2025-05-01 01:02:28,index,30.1309998035431,72,TheEmptinessMachine,Westwood,Festive,HTTP/3
2025-05-01 01:02:30,index,32.1319999694824,72,TheEmptinessMachine,Westwood,Festive,HTTP/3
2025-05-01 01:02:32,index,34.1319999694824,330,TheEmptinessMachine,Westwood,Festive,HTTP/3
2025-05-01 01:02:34,index,36.1319999694824,330,TheEmptinessMachine,Westwood,Festive,HTTP/3
2025-05-01 01:02:36,index,38.1319999694824,330,TheEmptinessMachine,Westwood,Festive,HTTP/3
2025-05-01 01:02:38,index,40.1319999694824,330,TheEmptinessMachine,Westwood,Festive,HTTP/3
2025-05-01 01:02:40,index,42.1319999694824,84,TheEmptinessMachine,Westwood,Festive,HTTP/3
2025-05-01 01:02:42,index,44.1319999694824,84,TheEmptinessMachine,Westwood,Festive,HTTP/3
2025-05-01 01:02:44,index,46.1309998035431,84,TheEmptinessMachine,Westwood,Festive,HTTP/3
2025-05-01 01:02:46,index,48.1319999694824,84,TheEmptinessMachine,Westwood,Festive,HTTP/3
2025-05-01 01:02:48,index,50.1309998035431,84,TheEmptinessMachine,Westwood,Festive,HTTP/3
2025-05-01 01:02:50,index,52.1319999694824,330,TheEmptinessMachine,Westwood,Festive,HTTP/3
2025-05-01 01:02:52,index,54.1319999694824,330,TheEmptinessMachine,Westwood,Festive,HTTP/3
2025-05-01 01:02:54,index,56.1319999694824,330,TheEmptinessMachine,Westwood,Festive,HTTP/3
2025-05-01 01:02:56,index,58.1319999694824,214,TheEmptinessMachine,Westwood,Festive,HTTP/3
2025-05-01 01:02:58,index,60.1319999694824,320,TheEmptinessMachine,Westwood,Festive,HTTP/3
2025-05-01 01:03:00,index,62.1319999694824,84,TheEmptinessMachine,Westwood,Festive,HTTP/3
2025-05-01 01:03:02,index,64.1319999694824,214,TheEmptinessMachine,Westwood,Festive,HTTP/3
2025-05-01 01:03:04,index,66.1319999694824,214,TheEmptinessMachine,Westwood,Festive,HTTP/3
2025-05-01 01:03:06,index,68.1319999694824,214,TheEmptinessMachine,Westwood,Festive,HTTP/3
2025-05-01 01:03:08,index,70.1319999694824,84,TheEmptinessMachine,Westwood,Festive,HTTP/3
2025-05-01 01:03:10,index,72.1319999694824,84,TheEmptinessMachine,Westwood,Festive,HTTP/3
2025-05-01 01:03:12,index,74.1309998035431,84,TheEmptinessMachine,Westwood,Festive,HTTP/3
2025-05-01 01:03:14,index,76.1319999694824,84,TheEmptinessMachine,Westwood,Festive,HTTP/3
2025-05-01 01:03:16,index,78.1319999694824,84,TheEmptinessMachine,Westwood,Festive,HTTP/3
2025-05-01 01:03:18,index,80.1319999694824,84,TheEmptinessMachine,Westwood,Festive,HTTP/3
2025-05-01 01:03:20,index,82.1309998035431,1106,TheEmptinessMachine,Westwood,Festive,HTTP/3
2025-05-01 01:03:22,index,84.1319999694824,1106,TheEmptinessMachine,Westwood,Festive,HTTP/3
2025-05-01 01:03:24,index,86.1319999694824,1106,TheEmptinessMachine,Westwood,Festive,HTTP/3
2025-05-01 01:03:26,index,88.1319999694824,214,TheEmptinessMachine,Westwood,Festive,HTTP/3
2025-05-01 01:03:28,index,90.1319999694824,214,TheEmptinessMachine,Westwood,Festive,HTTP/3
2025-05-01 01:03:30,index,92.1319999694824,214,TheEmptinessMachine,Westwood,Festive,HTTP/3
2025-05-01 01:03:32,index,94.1309998035431,214,TheEmptinessMachine,Westwood,Festive,HTTP/3
2025-05-01 01:03:34,index,96.1319999694824,84,TheEmptinessMachine,Westwood,Festive,HTTP/3
2025-05-01 01:03:36,index,98.1319999694824,330,TheEmptinessMachine,Westwood,Festive,HTTP/3
2025-05-01 01:03:38,index,100.131999969482,330,TheEmptinessMachine,Westwood,Festive,HTTP/3
2025-05-01 01:03:40,index,102.131999969482,76,TheEmptinessMachine,Westwood,Festive,HTTP/3
2025-05-01 01:03:42,index,104.131999969482,84,TheEmptinessMachine,Westwood,Festive,HTTP/3
2025-05-01 01:03:44,index,106.131999969482,320,TheEmptinessMachine,Westwood,Festive,HTTP/3
2025-05-01 01:03:46,index,108.131999969482,84,TheEmptinessMachine,Westwood,Festive,HTTP/3
2025-05-01 01:03:48,index,110.131999969482,214,TheEmptinessMachine,Westwood,Festive,HTTP/3
2025-05-01 01:03:50,index,112.131999969482,214,TheEmptinessMachine,Westwood,Festive,HTTP/3
2025-05-01 01:03:52,index,114.131999969482,72,TheEmptinessMachine,Westwood,Festive,HTTP/3
2025-05-01 01:03:54,index,116.131999969482,214,TheEmptinessMachine,Westwood,Festive,HTTP/3
2025-05-01 01:03:58,index,120.131999969482,84,TheEmptinessMachine,Westwood,Festive,HTTP/3
2025-05-01 01:04:04,index,126.131999969482,169,TheEmptinessMachine,Westwood,Festive,HTTP/3
2025-05-01 01:04:06,index,128.131999969482,169,TheEmptinessMachine,Westwood,Festive,HTTP/3
2025-05-01 01:04:08,index,130.131999969482,169,TheEmptinessMachine,Westwood,Festive,HTTP/3
2025-05-01 01:04:10,index,132.131999969482,166,TheEmptinessMachine,Westwood,Festive,HTTP/3
2025-05-01 01:04:12,index,134.130999803543,166,TheEmptinessMachine,Westwood,Festive,HTTP/3
2025-05-01 01:04:16,index,138.131999969482,166,TheEmptinessMachine,Westwood,Festive,HTTP/3
2025-05-01 01:04:18,index,140.131999969482,166,TheEmptinessMachine,Westwood,Festive,HTTP/3
2025-05-01 01:04:20,index,142.130999803543,166,TheEmptinessMachine,Westwood,Festive,HTTP/3
2025-05-01 01:04:22,index,144.131999969482,166,TheEmptinessMachine,Westwood,Festive,HTTP/3
2025-05-01 01:04:24,index,146.131999969482,166,TheEmptinessMachine,Westwood,Festive,HTTP/3
2025-05-01 01:04:26,index,148.131999969482,166,TheEmptinessMachine,Westwood,Festive,HTTP/3
2025-05-01 01:04:28,index,150.131999969482,635,TheEmptinessMachine,Westwood,Festive,HTTP/3
2025-05-01 01:04:30,index,152.131999969482,214,TheEmptinessMachine,Westwood,Festive,HTTP/3
2025-05-01 01:04:32,index,154.131999969482,214,TheEmptinessMachine,Westwood,Festive,HTTP/3
2025-05-01 01:04:34,index,156.131999969482,214,TheEmptinessMachine,Westwood,Festive,HTTP/3
2025-05-01 01:04:36,index,158.131999969482,214,TheEmptinessMachine,Westwood,Festive,HTTP/3
2025-05-01 01:04:38,index,160.131999969482,84,TheEmptinessMachine,Westwood,Festive,HTTP/3
2025-05-01 01:04:40,index,162.131999969482,169,TheEmptinessMachine,Westwood,Festive,HTTP/3
2025-05-01 01:04:42,index,164.131999969482,169,TheEmptinessMachine,Westwood,Festive,HTTP/3
2025-05-01 01:04:44,index,166.131999969482,1226,TheEmptinessMachine,Westwood,Festive,HTTP/3
2025-05-01 01:04:46,index,168.130999803543,330,TheEmptinessMachine,Westwood,Festive,HTTP/3
2025-05-01 01:04:48,index,170.131999969482,330,TheEmptinessMachine,Westwood,Festive,HTTP/3
2025-05-01 01:04:50,index,172.131999969482,330,TheEmptinessMachine,Westwood,Festive,HTTP/3
2025-05-01 01:04:52,index,174.130999803543,84,TheEmptinessMachine,Westwood,Festive,HTTP/3
2025-05-01 01:04:54,index,176.130999803543,84,TheEmptinessMachine,Westwood,Festive,HTTP/3
2025-05-01 01:04:56,index,178.131999969482,84,TheEmptinessMachine,Westwood,Festive,HTTP/3
2025-05-01 01:04:58,index,180.131999969482,84,TheEmptinessMachine,Westwood,Festive,HTTP/3
2025-05-01 01:05:00,index,182.131999969482,84,TheEmptinessMachine,Westwood,Festive,HTTP/3
2025-05-01 01:05:02,index,184.131999969482,674,TheEmptinessMachine,Westwood,Festive,HTTP/3
2025-05-01 01:05:04,index,186.131999969482,214,TheEmptinessMachine,Westwood,Festive,HTTP/3
2025-05-01 01:05:06,index,188.130999803543,214,TheEmptinessMachine,Westwood,Festive,HTTP/3
2025-05-01 01:05:08,index,190.131999969482,214,TheEmptinessMachine,Westwood,Festive,HTTP/3
2025-05-01 01:05:10,index,192.131999969482,84,TheEmptinessMachine,Westwood,Festive,HTTP/3
2025-05-01 01:05:12,index,194.131999969482,84,TheEmptinessMachine,Westwood,Festive,HTTP/3
2025-05-01 01:05:14,index,196.131999969482,84,TheEmptinessMachine,Westwood,Festive,HTTP/3
2025-05-01 01:05:16,index,198.131999969482,84,TheEmptinessMachine,Westwood,Festive,HTTP/3
2025-05-01 01:05:18,index,200.131999969482,84,TheEmptinessMachine,Westwood,Festive,HTTP/3
2025-05-01 01:05:20,index,202.131999969482,84,TheEmptinessMachine,Westwood,Festive,HTTP/3
2025-05-01 01:05:22,index,204.131999969482,84,TheEmptinessMachine,Westwood,Festive,HTTP/3
2025-05-01 01:05:24,index,206.131999969482,84,TheEmptinessMachine,Westwood,Festive,HTTP/3
2025-05-01 01:05:26,index,208.130999803543,84,TheEmptinessMachine,Westwood,Festive,HTTP/3
2025-05-01 01:05:28,index,210.130999803543,84,TheEmptinessMachine,Westwood,Festive,HTTP/3
2025-05-01 01:06:12,index,4.3050000667572,1767,TheEmptinessMachine,Westwood,L2A,HTTP/1.1
2025-05-01 01:06:14,index,6.3050000667572,674,TheEmptinessMachine,Westwood,L2A,HTTP/1.1
2025-05-01 01:06:16,index,8.3050000667572,674,TheEmptinessMachine,Westwood,L2A,HTTP/1.1
2025-05-01 01:06:20,index,12.3050000667572,330,TheEmptinessMachine,Westwood,L2A,HTTP/1.1
2025-05-01 01:06:22,index,14.3050000667572,330,TheEmptinessMachine,Westwood,L2A,HTTP/1.1
2025-05-01 01:06:24,index,16.3050000667572,635,TheEmptinessMachine,Westwood,L2A,HTTP/1.1
2025-05-01 01:06:26,index,18.305999994278,635,TheEmptinessMachine,Westwood,L2A,HTTP/1.1
2025-05-01 01:06:28,index,20.3050000667572,214,TheEmptinessMachine,Westwood,L2A,HTTP/1.1
2025-05-01 01:06:32,index,24.3050000667572,84,TheEmptinessMachine,Westwood,L2A,HTTP/1.1
2025-05-01 01:06:34,index,26.3050000667572,330,TheEmptinessMachine,Westwood,L2A,HTTP/1.1
2025-05-01 01:06:36,index,28.3050000667572,330,TheEmptinessMachine,Westwood,L2A,HTTP/1.1
2025-05-01 01:06:38,index,30.3050000667572,320,TheEmptinessMachine,Westwood,L2A,HTTP/1.1
2025-05-01 01:06:40,index,32.3050000667572,320,TheEmptinessMachine,Westwood,L2A,HTTP/1.1
2025-05-01 01:06:42,index,34.305999994278,320,TheEmptinessMachine,Westwood,L2A,HTTP/1.1
2025-05-01 01:06:44,index,36.3050000667572,320,TheEmptinessMachine,Westwood,L2A,HTTP/1.1
2025-05-01 01:06:46,index,38.3050000667572,320,TheEmptinessMachine,Westwood,L2A,HTTP/1.1
2025-05-01 01:06:48,index,40.3050000667572,320,TheEmptinessMachine,Westwood,L2A,HTTP/1.1
2025-05-01 01:06:50,index,42.3050000667572,320,TheEmptinessMachine,Westwood,L2A,HTTP/1.1
2025-05-01 01:06:52,index,44.3050000667572,320,TheEmptinessMachine,Westwood,L2A,HTTP/1.1
2025-05-01 01:06:54,index,46.305999994278,320,TheEmptinessMachine,Westwood,L2A,HTTP/1.1
2025-05-01 01:06:56,index,48.3050000667572,320,TheEmptinessMachine,Westwood,L2A,HTTP/1.1
2025-05-01 01:06:58,index,50.3050000667572,635,TheEmptinessMachine,Westwood,L2A,HTTP/1.1
2025-05-01 01:07:00,index,52.3050000667572,635,TheEmptinessMachine,Westwood,L2A,HTTP/1.1
2025-05-01 01:07:02,index,54.3050000667572,330,TheEmptinessMachine,Westwood,L2A,HTTP/1.1
2025-05-01 01:07:04,index,56.3050000667572,330,TheEmptinessMachine,Westwood,L2A,HTTP/1.1
2025-05-01 01:07:06,index,58.3050000667572,330,TheEmptinessMachine,Westwood,L2A,HTTP/1.1
2025-05-01 01:07:08,index,60.3050000667572,330,TheEmptinessMachine,Westwood,L2A,HTTP/1.1
2025-05-01 01:07:10,index,62.305999994278,330,TheEmptinessMachine,Westwood,L2A,HTTP/1.1
2025-05-01 01:07:12,index,64.3050000667572,330,TheEmptinessMachine,Westwood,L2A,HTTP/1.1
2025-05-01 01:07:14,index,66.3050000667572,330,TheEmptinessMachine,Westwood,L2A,HTTP/1.1
2025-05-01 01:07:16,index,68.3050000667572,330,TheEmptinessMachine,Westwood,L2A,HTTP/1.1
2025-05-01 01:07:18,index,70.3050000667572,330,TheEmptinessMachine,Westwood,L2A,HTTP/1.1
2025-05-01 01:07:20,index,72.3050000667572,320,TheEmptinessMachine,Westwood,L2A,HTTP/1.1
2025-05-01 01:07:22,index,74.3050000667572,320,TheEmptinessMachine,Westwood,L2A,HTTP/1.1
2025-05-01 01:07:24,index,76.3050000667572,320,TheEmptinessMachine,Westwood,L2A,HTTP/1.1
2025-05-01 01:07:26,index,78.3050000667572,320,TheEmptinessMachine,Westwood,L2A,HTTP/1.1
2025-05-01 01:07:28,index,80.3050000667572,320,TheEmptinessMachine,Westwood,L2A,HTTP/1.1
2025-05-01 01:07:30,index,82.3050000667572,320,TheEmptinessMachine,Westwood,L2A,HTTP/1.1
2025-05-01 01:07:32,index,84.3050000667572,320,TheEmptinessMachine,Westwood,L2A,HTTP/1.1
2025-05-01 01:07:34,index,86.3050000667572,320,TheEmptinessMachine,Westwood,L2A,HTTP/1.1
2025-05-01 01:07:36,index,88.3050000667572,320,TheEmptinessMachine,Westwood,L2A,HTTP/1.1
2025-05-01 01:07:38,index,90.3050000667572,320,TheEmptinessMachine,Westwood,L2A,HTTP/1.1
2025-05-01 01:07:40,index,92.3050000667572,330,TheEmptinessMachine,Westwood,L2A,HTTP/1.1
2025-05-01 01:07:42,index,94.3050000667572,635,TheEmptinessMachine,Westwood,L2A,HTTP/1.1
2025-05-01 01:07:44,index,96.3050000667572,635,TheEmptinessMachine,Westwood,L2A,HTTP/1.1
2025-05-01 01:07:46,index,98.3050000667572,635,TheEmptinessMachine,Westwood,L2A,HTTP/1.1
2025-05-01 01:07:48,index,100.305000066757,732,TheEmptinessMachine,Westwood,L2A,HTTP/1.1
2025-05-01 01:07:50,index,102.305000066757,732,TheEmptinessMachine,Westwood,L2A,HTTP/1.1
2025-05-01 01:07:52,index,104.305000066757,330,TheEmptinessMachine,Westwood,L2A,HTTP/1.1
2025-05-01 01:07:54,index,106.308000087738,330,TheEmptinessMachine,Westwood,L2A,HTTP/1.1
2025-05-01 01:07:56,index,108.305000066757,214,TheEmptinessMachine,Westwood,L2A,HTTP/1.1
2025-05-01 01:07:58,index,110.305000066757,635,TheEmptinessMachine,Westwood,L2A,HTTP/1.1
2025-05-01 01:08:00,index,112.305000066757,635,TheEmptinessMachine,Westwood,L2A,HTTP/1.1
2025-05-01 01:08:02,index,114.305000066757,214,TheEmptinessMachine,Westwood,L2A,HTTP/1.1
2025-05-01 01:08:08,index,120.305000066757,72,TheEmptinessMachine,Westwood,L2A,HTTP/1.1
2025-05-01 01:08:10,index,122.305000066757,169,TheEmptinessMachine,Westwood,L2A,HTTP/1.1
2025-05-01 01:08:12,index,124.305000066757,169,TheEmptinessMachine,Westwood,L2A,HTTP/1.1
2025-05-01 01:08:14,index,126.305000066757,169,TheEmptinessMachine,Westwood,L2A,HTTP/1.1
2025-05-01 01:08:16,index,128.305000066757,169,TheEmptinessMachine,Westwood,L2A,HTTP/1.1
2025-05-01 01:08:18,index,130.305000066757,169,TheEmptinessMachine,Westwood,L2A,HTTP/1.1
2025-05-01 01:08:20,index,132.305000066757,169,TheEmptinessMachine,Westwood,L2A,HTTP/1.1
2025-05-01 01:08:22,index,134.305000066757,166,TheEmptinessMachine,Westwood,L2A,HTTP/1.1
2025-05-01 01:08:24,index,136.305000066757,166,TheEmptinessMachine,Westwood,L2A,HTTP/1.1
2025-05-01 01:08:26,index,138.305000066757,166,TheEmptinessMachine,Westwood,L2A,HTTP/1.1
2025-05-01 01:08:28,index,140.305000066757,166,TheEmptinessMachine,Westwood,L2A,HTTP/1.1
2025-05-01 01:08:30,index,142.305000066757,166,TheEmptinessMachine,Westwood,L2A,HTTP/1.1
2025-05-01 01:08:32,index,144.305000066757,166,TheEmptinessMachine,Westwood,L2A,HTTP/1.1
2025-05-01 01:08:34,index,146.305000066757,166,TheEmptinessMachine,Westwood,L2A,HTTP/1.1
2025-05-01 01:08:36,index,148.305000066757,166,TheEmptinessMachine,Westwood,L2A,HTTP/1.1
2025-05-01 01:08:38,index,150.305000066757,166,TheEmptinessMachine,Westwood,L2A,HTTP/1.1
2025-05-01 01:08:40,index,152.305000066757,166,TheEmptinessMachine,Westwood,L2A,HTTP/1.1
2025-05-01 01:08:42,index,154.305000066757,166,TheEmptinessMachine,Westwood,L2A,HTTP/1.1
2025-05-01 01:08:44,index,156.305000066757,166,TheEmptinessMachine,Westwood,L2A,HTTP/1.1
2025-05-01 01:08:46,index,158.305000066757,166,TheEmptinessMachine,Westwood,L2A,HTTP/1.1
2025-05-01 01:08:48,index,160.305000066757,166,TheEmptinessMachine,Westwood,L2A,HTTP/1.1
2025-05-01 01:08:50,index,162.305999994278,330,TheEmptinessMachine,Westwood,L2A,HTTP/1.1
2025-05-01 01:08:52,index,164.305000066757,635,TheEmptinessMachine,Westwood,L2A,HTTP/1.1
2025-05-01 01:08:54,index,166.305000066757,635,TheEmptinessMachine,Westwood,L2A,HTTP/1.1
2025-05-01 01:08:56,index,168.305000066757,330,TheEmptinessMachine,Westwood,L2A,HTTP/1.1
2025-05-01 01:08:58,index,170.305000066757,330,TheEmptinessMachine,Westwood,L2A,HTTP/1.1
2025-05-01 01:09:00,index,172.305000066757,330,TheEmptinessMachine,Westwood,L2A,HTTP/1.1
2025-05-01 01:09:02,index,174.305000066757,330,TheEmptinessMachine,Westwood,L2A,HTTP/1.1
2025-05-01 01:09:04,index,176.305000066757,330,TheEmptinessMachine,Westwood,L2A,HTTP/1.1
2025-05-01 01:09:06,index,178.305000066757,330,TheEmptinessMachine,Westwood,L2A,HTTP/1.1
2025-05-01 01:09:08,index,180.305000066757,330,TheEmptinessMachine,Westwood,L2A,HTTP/1.1
2025-05-01 01:09:10,index,182.305000066757,330,TheEmptinessMachine,Westwood,L2A,HTTP/1.1
2025-05-01 01:09:12,index,184.305000066757,732,TheEmptinessMachine,Westwood,L2A,HTTP/1.1
2025-05-01 01:09:14,index,186.305000066757,732,TheEmptinessMachine,Westwood,L2A,HTTP/1.1
2025-05-01 01:09:16,index,188.305000066757,732,TheEmptinessMachine,Westwood,L2A,HTTP/1.1
2025-05-01 01:09:18,index,190.305000066757,732,TheEmptinessMachine,Westwood,L2A,HTTP/1.1
2025-05-01 01:09:20,index,192.305000066757,674,TheEmptinessMachine,Westwood,L2A,HTTP/1.1
2025-05-01 01:09:22,index,194.305000066757,674,TheEmptinessMachine,Westwood,L2A,HTTP/1.1
2025-05-01 01:09:26,index,198.305000066757,72,TheEmptinessMachine,Westwood,L2A,HTTP/1.1
2025-05-01 01:10:13,index,7.77999997138977,1226,TheEmptinessMachine,Westwood,L2A,HTTP/2
2025-05-01 01:10:15,index,9.80200004577637,84,TheEmptinessMachine,Westwood,L2A,HTTP/2
2025-05-01 01:10:17,index,11.7799999713898,674,TheEmptinessMachine,Westwood,L2A,HTTP/2
2025-05-01 01:10:23,index,17.7799999713898,330,TheEmptinessMachine,Westwood,L2A,HTTP/2
2025-05-01 01:10:29,index,23.7799999713898,72,TheEmptinessMachine,Westwood,L2A,HTTP/2
2025-05-01 01:10:31,index,25.7799999713898,330,TheEmptinessMachine,Westwood,L2A,HTTP/2
2025-05-01 01:10:33,index,27.7799999713898,72,TheEmptinessMachine,Westwood,L2A,HTTP/2
2025-05-01 01:10:35,index,29.7799999713898,214,TheEmptinessMachine,Westwood,L2A,HTTP/2
2025-05-01 01:10:39,index,33.779000043869,214,TheEmptinessMachine,Westwood,L2A,HTTP/2
2025-05-01 01:10:41,index,35.7799999713898,214,TheEmptinessMachine,Westwood,L2A,HTTP/2
2025-05-01 01:10:43,index,37.7799999713898,320,TheEmptinessMachine,Westwood,L2A,HTTP/2
2025-05-01 01:10:45,index,39.7799999713898,320,TheEmptinessMachine,Westwood,L2A,HTTP/2
2025-05-01 01:10:51,index,45.779000043869,214,TheEmptinessMachine,Westwood,L2A,HTTP/2
2025-05-01 01:10:53,index,47.7799999713898,214,TheEmptinessMachine,Westwood,L2A,HTTP/2
2025-05-01 01:10:55,index,49.779000043869,214,TheEmptinessMachine,Westwood,L2A,HTTP/2
2025-05-01 01:10:57,index,51.7799999713898,214,TheEmptinessMachine,Westwood,L2A,HTTP/2
2025-05-01 01:11:01,index,55.7799999713898,169,TheEmptinessMachine,Westwood,L2A,HTTP/2
2025-05-01 01:11:03,index,57.7799999713898,169,TheEmptinessMachine,Westwood,L2A,HTTP/2
2025-05-01 01:11:05,index,59.7799999713898,166,TheEmptinessMachine,Westwood,L2A,HTTP/2
2025-05-01 01:11:07,index,61.7799999713898,169,TheEmptinessMachine,Westwood,L2A,HTTP/2
2025-05-01 01:11:09,index,63.779000043869,166,TheEmptinessMachine,Westwood,L2A,HTTP/2
2025-05-01 01:11:11,index,65.7799999713898,166,TheEmptinessMachine,Westwood,L2A,HTTP/2
2025-05-01 01:11:13,index,67.779000043869,166,TheEmptinessMachine,Westwood,L2A,HTTP/2
2025-05-01 01:11:15,index,69.7799999713898,166,TheEmptinessMachine,Westwood,L2A,HTTP/2
2025-05-01 01:11:17,index,71.779000043869,166,TheEmptinessMachine,Westwood,L2A,HTTP/2
2025-05-01 01:11:19,index,73.7799999713898,166,TheEmptinessMachine,Westwood,L2A,HTTP/2
2025-05-01 01:11:21,index,75.779000043869,166,TheEmptinessMachine,Westwood,L2A,HTTP/2
2025-05-01 01:11:23,index,77.779000043869,166,TheEmptinessMachine,Westwood,L2A,HTTP/2
2025-05-01 01:11:25,index,79.7799999713898,166,TheEmptinessMachine,Westwood,L2A,HTTP/2
2025-05-01 01:11:27,index,81.779000043869,635,TheEmptinessMachine,Westwood,L2A,HTTP/2
2025-05-01 01:11:29,index,83.7799999713898,635,TheEmptinessMachine,Westwood,L2A,HTTP/2
2025-05-01 01:11:31,index,85.779000043869,330,TheEmptinessMachine,Westwood,L2A,HTTP/2
2025-05-01 01:11:33,index,87.7799999713898,330,TheEmptinessMachine,Westwood,L2A,HTTP/2
2025-05-01 01:11:35,index,89.7799999713898,330,TheEmptinessMachine,Westwood,L2A,HTTP/2
2025-05-01 01:11:37,index,91.779000043869,330,TheEmptinessMachine,Westwood,L2A,HTTP/2
2025-05-01 01:11:39,index,93.7799999713898,330,TheEmptinessMachine,Westwood,L2A,HTTP/2
2025-05-01 01:11:41,index,95.779000043869,330,TheEmptinessMachine,Westwood,L2A,HTTP/2
2025-05-01 01:11:43,index,97.7799999713898,330,TheEmptinessMachine,Westwood,L2A,HTTP/2
2025-05-01 01:11:45,index,99.7799999713898,330,TheEmptinessMachine,Westwood,L2A,HTTP/2
2025-05-01 01:11:47,index,101.77999997139,330,TheEmptinessMachine,Westwood,L2A,HTTP/2
2025-05-01 01:11:49,index,103.77999997139,330,TheEmptinessMachine,Westwood,L2A,HTTP/2
2025-05-01 01:11:51,index,105.77999997139,330,TheEmptinessMachine,Westwood,L2A,HTTP/2
2025-05-01 01:11:53,index,107.77999997139,330,TheEmptinessMachine,Westwood,L2A,HTTP/2
2025-05-01 01:11:55,index,109.77999997139,330,TheEmptinessMachine,Westwood,L2A,HTTP/2
2025-05-01 01:11:57,index,111.77999997139,732,TheEmptinessMachine,Westwood,L2A,HTTP/2
2025-05-01 01:11:59,index,113.77999997139,732,TheEmptinessMachine,Westwood,L2A,HTTP/2
2025-05-01 01:12:01,index,115.77999997139,674,TheEmptinessMachine,Westwood,L2A,HTTP/2
2025-05-01 01:12:03,index,117.77999997139,330,TheEmptinessMachine,Westwood,L2A,HTTP/2
2025-05-01 01:12:05,index,119.77999997139,674,TheEmptinessMachine,Westwood,L2A,HTTP/2
2025-05-01 01:12:07,index,121.77999997139,674,TheEmptinessMachine,Westwood,L2A,HTTP/2
2025-05-01 01:12:09,index,123.77999997139,674,TheEmptinessMachine,Westwood,L2A,HTTP/2
2025-05-01 01:12:11,index,125.77999997139,330,TheEmptinessMachine,Westwood,L2A,HTTP/2
2025-05-01 01:12:13,index,127.77999997139,674,TheEmptinessMachine,Westwood,L2A,HTTP/2
2025-05-01 01:12:15,index,129.77999997139,674,TheEmptinessMachine,Westwood,L2A,HTTP/2
2025-05-01 01:12:17,index,131.779000043869,330,TheEmptinessMachine,Westwood,L2A,HTTP/2
2025-05-01 01:12:19,index,133.779000043869,330,TheEmptinessMachine,Westwood,L2A,HTTP/2
2025-05-01 01:12:21,index,135.77999997139,674,TheEmptinessMachine,Westwood,L2A,HTTP/2
2025-05-01 01:12:23,index,137.77999997139,330,TheEmptinessMachine,Westwood,L2A,HTTP/2
2025-05-01 01:12:25,index,139.779000043869,84,TheEmptinessMachine,Westwood,L2A,HTTP/2
2025-05-01 01:12:27,index,141.77999997139,330,TheEmptinessMachine,Westwood,L2A,HTTP/2
2025-05-01 01:12:29,index,143.77999997139,330,TheEmptinessMachine,Westwood,L2A,HTTP/2
2025-05-01 01:12:31,index,145.77999997139,674,TheEmptinessMachine,Westwood,L2A,HTTP/2
2025-05-01 01:12:33,index,147.77999997139,674,TheEmptinessMachine,Westwood,L2A,HTTP/2
2025-05-01 01:12:37,index,151.779000043869,330,TheEmptinessMachine,Westwood,L2A,HTTP/2
2025-05-01 01:12:39,index,153.77999997139,330,TheEmptinessMachine,Westwood,L2A,HTTP/2
2025-05-01 01:12:41,index,155.77999997139,674,TheEmptinessMachine,Westwood,L2A,HTTP/2
2025-05-01 01:12:43,index,157.77999997139,214,TheEmptinessMachine,Westwood,L2A,HTTP/2
2025-05-01 01:12:47,index,161.77999997139,84,TheEmptinessMachine,Westwood,L2A,HTTP/2
2025-05-01 01:12:49,index,163.77999997139,330,TheEmptinessMachine,Westwood,L2A,HTTP/2
2025-05-01 01:12:51,index,165.77999997139,330,TheEmptinessMachine,Westwood,L2A,HTTP/2
2025-05-01 01:12:53,index,167.77999997139,330,TheEmptinessMachine,Westwood,L2A,HTTP/2
2025-05-01 01:12:55,index,169.77999997139,320,TheEmptinessMachine,Westwood,L2A,HTTP/2
2025-05-01 01:12:57,index,171.77999997139,320,TheEmptinessMachine,Westwood,L2A,HTTP/2
2025-05-01 01:12:59,index,173.779000043869,320,TheEmptinessMachine,Westwood,L2A,HTTP/2
2025-05-01 01:13:01,index,175.779000043869,320,TheEmptinessMachine,Westwood,L2A,HTTP/2
2025-05-01 01:13:03,index,177.77999997139,320,TheEmptinessMachine,Westwood,L2A,HTTP/2
2025-05-01 01:13:05,index,179.77999997139,76,TheEmptinessMachine,Westwood,L2A,HTTP/2
2025-05-01 01:13:07,index,181.77999997139,320,TheEmptinessMachine,Westwood,L2A,HTTP/2
2025-05-01 01:13:09,index,183.779000043869,320,TheEmptinessMachine,Westwood,L2A,HTTP/2
2025-05-01 01:13:11,index,185.77999997139,214,TheEmptinessMachine,Westwood,L2A,HTTP/2
2025-05-01 01:13:13,index,187.77999997139,214,TheEmptinessMachine,Westwood,L2A,HTTP/2
2025-05-01 01:13:15,index,189.77999997139,214,TheEmptinessMachine,Westwood,L2A,HTTP/2
2025-05-01 01:13:17,index,191.779000043869,214,TheEmptinessMachine,Westwood,L2A,HTTP/2
2025-05-01 01:13:19,index,193.781000137329,214,TheEmptinessMachine,Westwood,L2A,HTTP/2
2025-05-01 01:13:21,index,195.779000043869,214,TheEmptinessMachine,Westwood,L2A,HTTP/2
2025-05-01 01:13:23,index,197.77999997139,732,TheEmptinessMachine,Westwood,L2A,HTTP/2
2025-05-01 01:13:25,index,199.779000043869,732,TheEmptinessMachine,Westwood,L2A,HTTP/2
2025-05-01 01:13:27,index,201.779000043869,330,TheEmptinessMachine,Westwood,L2A,HTTP/2
2025-05-01 01:13:29,index,203.77999997139,330,TheEmptinessMachine,Westwood,L2A,HTTP/2
2025-05-01 01:13:31,index,205.77999997139,330,TheEmptinessMachine,Westwood,L2A,HTTP/2
2025-05-01 01:13:33,index,207.77999997139,330,TheEmptinessMachine,Westwood,L2A,HTTP/2
2025-05-01 01:13:35,index,209.77999997139,330,TheEmptinessMachine,Westwood,L2A,HTTP/2
2025-05-01 01:13:37,index,211.77999997139,330,TheEmptinessMachine,Westwood,L2A,HTTP/2
2025-05-01 01:13:39,index,213.779000043869,330,TheEmptinessMachine,Westwood,L2A,HTTP/2
2025-05-01 01:14:24,index,12.1129999160767,214,TheEmptinessMachine,Westwood,L2A,HTTP/3
2025-05-01 01:14:26,index,14.1129999160767,214,TheEmptinessMachine,Westwood,L2A,HTTP/3
2025-05-01 01:14:28,index,16.1129999160767,330,TheEmptinessMachine,Westwood,L2A,HTTP/3
2025-05-01 01:14:30,index,18.1129999160767,330,TheEmptinessMachine,Westwood,L2A,HTTP/3
2025-05-01 01:14:34,index,22.1129999160767,330,TheEmptinessMachine,Westwood,L2A,HTTP/3
2025-05-01 01:14:36,index,24.1129999160767,330,TheEmptinessMachine,Westwood,L2A,HTTP/3
2025-05-01 01:14:38,index,26.1119999885559,84,TheEmptinessMachine,Westwood,L2A,HTTP/3
2025-05-01 01:14:40,index,28.1129999160767,84,TheEmptinessMachine,Westwood,L2A,HTTP/3
2025-05-01 01:14:42,index,30.1119999885559,84,TheEmptinessMachine,Westwood,L2A,HTTP/3
2025-05-01 01:14:44,index,32.1129999160767,84,TheEmptinessMachine,Westwood,L2A,HTTP/3
2025-05-01 01:14:46,index,34.1119999885559,84,TheEmptinessMachine,Westwood,L2A,HTTP/3
2025-05-01 01:14:48,index,36.1129999160767,84,TheEmptinessMachine,Westwood,L2A,HTTP/3
2025-05-01 01:14:50,index,38.1119999885559,330,TheEmptinessMachine,Westwood,L2A,HTTP/3
2025-05-01 01:14:52,index,40.1119999885559,330,TheEmptinessMachine,Westwood,L2A,HTTP/3
2025-05-01 01:14:54,index,42.1129999160767,84,TheEmptinessMachine,Westwood,L2A,HTTP/3
2025-05-01 01:14:56,index,44.1129999160767,84,TheEmptinessMachine,Westwood,L2A,HTTP/3
2025-05-01 01:14:58,index,46.1119999885559,84,TheEmptinessMachine,Westwood,L2A,HTTP/3
2025-05-01 01:15:00,index,48.1129999160767,84,TheEmptinessMachine,Westwood,L2A,HTTP/3
2025-05-01 01:15:02,index,50.1119999885559,84,TheEmptinessMachine,Westwood,L2A,HTTP/3
2025-05-01 01:15:04,index,52.1129999160767,169,TheEmptinessMachine,Westwood,L2A,HTTP/3
2025-05-01 01:15:06,index,54.1119999885559,169,TheEmptinessMachine,Westwood,L2A,HTTP/3
2025-05-01 01:15:08,index,56.1119999885559,330,TheEmptinessMachine,Westwood,L2A,HTTP/3
2025-05-01 01:15:10,index,58.1119999885559,330,TheEmptinessMachine,Westwood,L2A,HTTP/3
2025-05-01 01:15:12,index,60.1119999885559,84,TheEmptinessMachine,Westwood,L2A,HTTP/3
2025-05-01 01:15:14,index,62.1119999885559,84,TheEmptinessMachine,Westwood,L2A,HTTP/3
2025-05-01 01:15:16,index,64.1129999160767,84,TheEmptinessMachine,Westwood,L2A,HTTP/3
2025-05-01 01:15:18,index,66.1129999160767,84,TheEmptinessMachine,Westwood,L2A,HTTP/3
2025-05-01 01:15:20,index,68.1129999160767,84,TheEmptinessMachine,Westwood,L2A,HTTP/3
2025-05-01 01:15:22,index,70.1119999885559,330,TheEmptinessMachine,Westwood,L2A,HTTP/3
2025-05-01 01:15:24,index,72.1119999885559,635,TheEmptinessMachine,Westwood,L2A,HTTP/3
2025-05-01 01:15:26,index,74.1119999885559,214,TheEmptinessMachine,Westwood,L2A,HTTP/3
2025-05-01 01:15:28,index,76.1119999885559,214,TheEmptinessMachine,Westwood,L2A,HTTP/3
2025-05-01 01:15:30,index,78.1119999885559,214,TheEmptinessMachine,Westwood,L2A,HTTP/3
2025-05-01 01:15:32,index,80.1119999885559,84,TheEmptinessMachine,Westwood,L2A,HTTP/3
2025-05-01 01:15:34,index,82.1129999160767,84,TheEmptinessMachine,Westwood,L2A,HTTP/3
2025-05-01 01:15:36,index,84.1119999885559,84,TheEmptinessMachine,Westwood,L2A,HTTP/3
2025-05-01 01:15:38,index,86.1129999160767,84,TheEmptinessMachine,Westwood,L2A,HTTP/3
2025-05-01 01:15:40,index,88.1119999885559,84,TheEmptinessMachine,Westwood,L2A,HTTP/3
2025-05-01 01:15:42,index,90.1129999160767,84,TheEmptinessMachine,Westwood,L2A,HTTP/3
2025-05-01 01:15:44,index,92.1119999885559,330,TheEmptinessMachine,Westwood,L2A,HTTP/3
2025-05-01 01:15:46,index,94.1119999885559,330,TheEmptinessMachine,Westwood,L2A,HTTP/3
2025-05-01 01:15:48,index,96.1119999885559,330,TheEmptinessMachine,Westwood,L2A,HTTP/3
2025-05-01 01:15:50,index,98.1129999160767,84,TheEmptinessMachine,Westwood,L2A,HTTP/3
2025-05-01 01:15:52,index,100.112999916077,84,TheEmptinessMachine,Westwood,L2A,HTTP/3
2025-05-01 01:15:54,index,102.111999988556,84,TheEmptinessMachine,Westwood,L2A,HTTP/3
2025-05-01 01:15:58,index,106.111999988556,84,TheEmptinessMachine,Westwood,L2A,HTTP/3
2025-05-01 01:16:00,index,108.112999916077,84,TheEmptinessMachine,Westwood,L2A,HTTP/3
2025-05-01 01:16:02,index,110.112999916077,214,TheEmptinessMachine,Westwood,L2A,HTTP/3
2025-05-01 01:16:04,index,112.111999988556,330,TheEmptinessMachine,Westwood,L2A,HTTP/3
2025-05-01 01:16:08,index,116.112999916077,169,TheEmptinessMachine,Westwood,L2A,HTTP/3
2025-05-01 01:16:10,index,118.112999916077,169,TheEmptinessMachine,Westwood,L2A,HTTP/3
2025-05-01 01:16:12,index,120.112999916077,169,TheEmptinessMachine,Westwood,L2A,HTTP/3
2025-05-01 01:16:14,index,122.112999916077,169,TheEmptinessMachine,Westwood,L2A,HTTP/3
2025-05-01 01:16:16,index,124.112999916077,214,TheEmptinessMachine,Westwood,L2A,HTTP/3
2025-05-01 01:16:18,index,126.111999988556,330,TheEmptinessMachine,Westwood,L2A,HTTP/3
2025-05-01 01:16:20,index,128.111999988556,330,TheEmptinessMachine,Westwood,L2A,HTTP/3
2025-05-01 01:16:22,index,130.111999988556,214,TheEmptinessMachine,Westwood,L2A,HTTP/3
2025-05-01 01:16:24,index,132.112999916077,214,TheEmptinessMachine,Westwood,L2A,HTTP/3
2025-05-01 01:16:28,index,136.111999988556,72,TheEmptinessMachine,Westwood,L2A,HTTP/3
2025-05-01 01:16:30,index,138.112999916077,72,TheEmptinessMachine,Westwood,L2A,HTTP/3
2025-05-01 01:16:32,index,140.111999988556,72,TheEmptinessMachine,Westwood,L2A,HTTP/3
2025-05-01 01:16:34,index,142.111999988556,72,TheEmptinessMachine,Westwood,L2A,HTTP/3
2025-05-01 01:16:36,index,144.112999916077,169,TheEmptinessMachine,Westwood,L2A,HTTP/3
2025-05-01 01:16:38,index,146.112999916077,166,TheEmptinessMachine,Westwood,L2A,HTTP/3
2025-05-01 01:16:40,index,148.112999916077,166,TheEmptinessMachine,Westwood,L2A,HTTP/3
2025-05-01 01:16:42,index,150.112999916077,166,TheEmptinessMachine,Westwood,L2A,HTTP/3
2025-05-01 01:16:44,index,152.112999916077,166,TheEmptinessMachine,Westwood,L2A,HTTP/3
2025-05-01 01:16:46,index,154.111999988556,166,TheEmptinessMachine,Westwood,L2A,HTTP/3
2025-05-01 01:16:48,index,156.112999916077,166,TheEmptinessMachine,Westwood,L2A,HTTP/3
2025-05-01 01:16:50,index,158.112999916077,166,TheEmptinessMachine,Westwood,L2A,HTTP/3
2025-05-01 01:16:52,index,160.111999988556,330,TheEmptinessMachine,Westwood,L2A,HTTP/3
2025-05-01 01:16:54,index,162.112999916077,169,TheEmptinessMachine,Westwood,L2A,HTTP/3
2025-05-01 01:16:56,index,164.112999916077,169,TheEmptinessMachine,Westwood,L2A,HTTP/3
2025-05-01 01:16:58,index,166.111999988556,169,TheEmptinessMachine,Westwood,L2A,HTTP/3
2025-05-01 01:17:00,index,168.112999916077,84,TheEmptinessMachine,Westwood,L2A,HTTP/3
2025-05-01 01:17:02,index,170.112999916077,84,TheEmptinessMachine,Westwood,L2A,HTTP/3
2025-05-01 01:17:04,index,172.111999988556,84,TheEmptinessMachine,Westwood,L2A,HTTP/3
2025-05-01 01:17:06,index,174.111999988556,84,TheEmptinessMachine,Westwood,L2A,HTTP/3
2025-05-01 01:17:08,index,176.111999988556,84,TheEmptinessMachine,Westwood,L2A,HTTP/3
2025-05-01 01:17:10,index,178.112999916077,84,TheEmptinessMachine,Westwood,L2A,HTTP/3
2025-05-01 01:17:12,index,180.112999916077,166,TheEmptinessMachine,Westwood,L2A,HTTP/3
2025-05-01 01:17:14,index,182.112999916077,166,TheEmptinessMachine,Westwood,L2A,HTTP/3
2025-05-01 01:17:16,index,184.112999916077,166,TheEmptinessMachine,Westwood,L2A,HTTP/3
2025-05-01 01:17:18,index,186.111999988556,84,TheEmptinessMachine,Westwood,L2A,HTTP/3
2025-05-01 01:17:20,index,188.112999916077,84,TheEmptinessMachine,Westwood,L2A,HTTP/3
2025-05-01 01:17:22,index,190.112999916077,84,TheEmptinessMachine,Westwood,L2A,HTTP/3
2025-05-01 01:17:24,index,192.112999916077,84,TheEmptinessMachine,Westwood,L2A,HTTP/3
2025-05-01 01:17:26,index,194.111999988556,84,TheEmptinessMachine,Westwood,L2A,HTTP/3
2025-05-01 01:17:28,index,196.112999916077,84,TheEmptinessMachine,Westwood,L2A,HTTP/3
2025-05-01 01:17:30,index,198.112999916077,84,TheEmptinessMachine,Westwood,L2A,HTTP/3
2025-05-01 01:17:32,index,200.112999916077,84,TheEmptinessMachine,Westwood,L2A,HTTP/3
2025-05-01 01:17:34,index,202.112999916077,84,TheEmptinessMachine,Westwood,L2A,HTTP/3
2025-05-01 01:17:36,index,204.111999988556,84,TheEmptinessMachine,Westwood,L2A,HTTP/3
2025-05-01 01:18:17,index,4.30200004577637,72,TheEmptinessMachine,Westwood,RB,HTTP/1.1
2025-05-01 01:18:25,index,12.2999999523163,1226,TheEmptinessMachine,Westwood,RB,HTTP/1.1
2025-05-01 01:18:27,index,14.2999999523163,1226,TheEmptinessMachine,Westwood,RB,HTTP/1.1
2025-05-01 01:18:45,index,32.2999999523163,72,TheEmptinessMachine,Westwood,RB,HTTP/1.1
2025-05-01 01:18:47,index,34.2999999523163,635,TheEmptinessMachine,Westwood,RB,HTTP/1.1
2025-05-01 01:18:49,index,36.3010001182556,72,TheEmptinessMachine,Westwood,RB,HTTP/1.1
2025-05-01 01:18:51,index,38.2999999523163,72,TheEmptinessMachine,Westwood,RB,HTTP/1.1
2025-05-01 01:18:53,index,40.2999999523163,330,TheEmptinessMachine,Westwood,RB,HTTP/1.1
2025-05-01 01:19:01,index,48.2999999523163,330,TheEmptinessMachine,Westwood,RB,HTTP/1.1
2025-05-01 01:19:03,index,50.3010001182556,330,TheEmptinessMachine,Westwood,RB,HTTP/1.1
2025-05-01 01:19:05,index,52.2999999523163,330,TheEmptinessMachine,Westwood,RB,HTTP/1.1
2025-05-01 01:19:07,index,54.3010001182556,330,TheEmptinessMachine,Westwood,RB,HTTP/1.1
2025-05-01 01:19:09,index,56.2999999523163,330,TheEmptinessMachine,Westwood,RB,HTTP/1.1
2025-05-01 01:19:11,index,58.2999999523163,330,TheEmptinessMachine,Westwood,RB,HTTP/1.1
2025-05-01 01:19:15,index,62.2999999523163,330,TheEmptinessMachine,Westwood,RB,HTTP/1.1
2025-05-01 01:19:19,index,66.3010001182556,330,TheEmptinessMachine,Westwood,RB,HTTP/1.1
2025-05-01 01:19:21,index,68.3010001182556,72,TheEmptinessMachine,Westwood,RB,HTTP/1.1
2025-05-01 01:19:23,index,70.2999999523163,330,TheEmptinessMachine,Westwood,RB,HTTP/1.1
2025-05-01 01:19:25,index,72.2999999523163,330,TheEmptinessMachine,Westwood,RB,HTTP/1.1
2025-05-01 01:19:27,index,74.2999999523163,330,TheEmptinessMachine,Westwood,RB,HTTP/1.1
2025-05-01 01:19:29,index,76.2999999523163,72,TheEmptinessMachine,Westwood,RB,HTTP/1.1
2025-05-01 01:19:31,index,78.3010001182556,330,TheEmptinessMachine,Westwood,RB,HTTP/1.1
2025-05-01 01:19:33,index,80.2999999523163,330,TheEmptinessMachine,Westwood,RB,HTTP/1.1
2025-05-01 01:19:35,index,82.2999999523163,72,TheEmptinessMachine,Westwood,RB,HTTP/1.1
2025-05-01 01:19:37,index,84.2999999523163,330,TheEmptinessMachine,Westwood,RB,HTTP/1.1
2025-05-01 01:19:39,index,86.2999999523163,330,TheEmptinessMachine,Westwood,RB,HTTP/1.1
2025-05-01 01:19:41,index,88.2999999523163,72,TheEmptinessMachine,Westwood,RB,HTTP/1.1
2025-05-01 01:19:43,index,90.2999999523163,330,TheEmptinessMachine,Westwood,RB,HTTP/1.1
2025-05-01 01:19:45,index,92.2999999523163,330,TheEmptinessMachine,Westwood,RB,HTTP/1.1
2025-05-01 01:19:47,index,94.3010001182556,330,TheEmptinessMachine,Westwood,RB,HTTP/1.1
2025-05-01 01:19:49,index,96.2999999523163,330,TheEmptinessMachine,Westwood,RB,HTTP/1.1
2025-05-01 01:19:51,index,98.2999999523163,72,TheEmptinessMachine,Westwood,RB,HTTP/1.1
2025-05-01 01:19:53,index,100.301000118256,330,TheEmptinessMachine,Westwood,RB,HTTP/1.1
2025-05-01 01:19:55,index,102.301000118256,72,TheEmptinessMachine,Westwood,RB,HTTP/1.1
2025-05-01 01:19:57,index,104.299999952316,72,TheEmptinessMachine,Westwood,RB,HTTP/1.1
2025-05-01 01:19:59,index,106.299999952316,330,TheEmptinessMachine,Westwood,RB,HTTP/1.1
2025-05-01 01:20:01,index,108.299999952316,72,TheEmptinessMachine,Westwood,RB,HTTP/1.1
2025-05-01 01:20:03,index,110.299999952316,72,TheEmptinessMachine,Westwood,RB,HTTP/1.1
2025-05-01 01:20:05,index,112.301000118256,330,TheEmptinessMachine,Westwood,RB,HTTP/1.1
2025-05-01 01:20:07,index,114.299999952316,330,TheEmptinessMachine,Westwood,RB,HTTP/1.1
2025-05-01 01:20:09,index,116.299999952316,330,TheEmptinessMachine,Westwood,RB,HTTP/1.1
2025-05-01 01:20:11,index,118.299999952316,330,TheEmptinessMachine,Westwood,RB,HTTP/1.1
2025-05-01 01:20:13,index,120.299999952316,330,TheEmptinessMachine,Westwood,RB,HTTP/1.1
2025-05-01 01:20:15,index,122.299999952316,330,TheEmptinessMachine,Westwood,RB,HTTP/1.1
2025-05-01 01:20:17,index,124.299999952316,72,TheEmptinessMachine,Westwood,RB,HTTP/1.1
2025-05-01 01:20:19,index,126.299999952316,330,TheEmptinessMachine,Westwood,RB,HTTP/1.1
2025-05-01 01:20:21,index,128.299999952316,330,TheEmptinessMachine,Westwood,RB,HTTP/1.1
2025-05-01 01:20:23,index,130.299999952316,72,TheEmptinessMachine,Westwood,RB,HTTP/1.1
2025-05-01 01:20:25,index,132.299999952316,330,TheEmptinessMachine,Westwood,RB,HTTP/1.1
2025-05-01 01:20:27,index,134.301000118256,330,TheEmptinessMachine,Westwood,RB,HTTP/1.1
2025-05-01 01:20:29,index,136.299999952316,330,TheEmptinessMachine,Westwood,RB,HTTP/1.1
2025-05-01 01:20:31,index,138.299999952316,330,TheEmptinessMachine,Westwood,RB,HTTP/1.1
2025-05-01 01:20:33,index,140.299999952316,72,TheEmptinessMachine,Westwood,RB,HTTP/1.1
2025-05-01 01:20:35,index,142.301000118256,330,TheEmptinessMachine,Westwood,RB,HTTP/1.1
2025-05-01 01:20:37,index,144.301000118256,72,TheEmptinessMachine,Westwood,RB,HTTP/1.1
2025-05-01 01:20:39,index,146.299999952316,72,TheEmptinessMachine,Westwood,RB,HTTP/1.1
2025-05-01 01:20:41,index,148.299999952316,330,TheEmptinessMachine,Westwood,RB,HTTP/1.1
2025-05-01 01:20:43,index,150.299999952316,72,TheEmptinessMachine,Westwood,RB,HTTP/1.1
2025-05-01 01:20:45,index,152.299999952316,72,TheEmptinessMachine,Westwood,RB,HTTP/1.1
2025-05-01 01:20:47,index,154.299999952316,330,TheEmptinessMachine,Westwood,RB,HTTP/1.1
2025-05-01 01:20:49,index,156.299999952316,330,TheEmptinessMachine,Westwood,RB,HTTP/1.1
2025-05-01 01:20:51,index,158.301000118256,330,TheEmptinessMachine,Westwood,RB,HTTP/1.1
2025-05-01 01:20:53,index,160.299999952316,330,TheEmptinessMachine,Westwood,RB,HTTP/1.1
2025-05-01 01:20:55,index,162.299999952316,330,TheEmptinessMachine,Westwood,RB,HTTP/1.1
2025-05-01 01:20:57,index,164.299999952316,330,TheEmptinessMachine,Westwood,RB,HTTP/1.1
2025-05-01 01:20:59,index,166.299999952316,72,TheEmptinessMachine,Westwood,RB,HTTP/1.1
2025-05-01 01:21:01,index,168.299999952316,330,TheEmptinessMachine,Westwood,RB,HTTP/1.1
2025-05-01 01:21:03,index,170.301000118256,330,TheEmptinessMachine,Westwood,RB,HTTP/1.1
2025-05-01 01:21:05,index,172.301000118256,72,TheEmptinessMachine,Westwood,RB,HTTP/1.1
2025-05-01 01:21:07,index,174.301000118256,330,TheEmptinessMachine,Westwood,RB,HTTP/1.1
2025-05-01 01:21:09,index,176.301000118256,330,TheEmptinessMachine,Westwood,RB,HTTP/1.1
2025-05-01 01:21:11,index,178.301000118256,330,TheEmptinessMachine,Westwood,RB,HTTP/1.1
2025-05-01 01:21:13,index,180.299999952316,330,TheEmptinessMachine,Westwood,RB,HTTP/1.1
2025-05-01 01:21:15,index,182.299999952316,330,TheEmptinessMachine,Westwood,RB,HTTP/1.1
2025-05-01 01:21:17,index,184.299999952316,330,TheEmptinessMachine,Westwood,RB,HTTP/1.1
2025-05-01 01:21:19,index,186.299999952316,72,TheEmptinessMachine,Westwood,RB,HTTP/1.1
2025-05-01 01:21:21,index,188.299999952316,72,TheEmptinessMachine,Westwood,RB,HTTP/1.1
2025-05-01 01:21:23,index,190.301000118256,330,TheEmptinessMachine,Westwood,RB,HTTP/1.1
2025-05-01 01:21:25,index,192.301000118256,330,TheEmptinessMachine,Westwood,RB,HTTP/1.1
2025-05-01 01:21:27,index,194.299999952316,330,TheEmptinessMachine,Westwood,RB,HTTP/1.1
2025-05-01 01:21:29,index,196.299999952316,330,TheEmptinessMachine,Westwood,RB,HTTP/1.1
2025-05-01 01:22:22,index,6.10199999809265,72,TheEmptinessMachine,Westwood,RB,HTTP/2
2025-05-01 01:22:24,index,8.1010000705719,330,TheEmptinessMachine,Westwood,RB,HTTP/2
2025-05-01 01:22:26,index,10.1010000705719,330,TheEmptinessMachine,Westwood,RB,HTTP/2
2025-05-01 01:22:28,index,12.1010000705719,330,TheEmptinessMachine,Westwood,RB,HTTP/2
2025-05-01 01:22:30,index,14.1010000705719,330,TheEmptinessMachine,Westwood,RB,HTTP/2
2025-05-01 01:22:32,index,16.1010000705719,635,TheEmptinessMachine,Westwood,RB,HTTP/2
2025-05-01 01:22:34,index,18.1010000705719,635,TheEmptinessMachine,Westwood,RB,HTTP/2
2025-05-01 01:22:36,index,20.1010000705719,635,TheEmptinessMachine,Westwood,RB,HTTP/2
2025-05-01 01:22:38,index,22.1010000705719,635,TheEmptinessMachine,Westwood,RB,HTTP/2
2025-05-01 01:22:40,index,24.1010000705719,674,TheEmptinessMachine,Westwood,RB,HTTP/2
2025-05-01 01:22:42,index,26.1010000705719,72,TheEmptinessMachine,Westwood,RB,HTTP/2
2025-05-01 01:22:44,index,28.1010000705719,674,TheEmptinessMachine,Westwood,RB,HTTP/2
2025-05-01 01:22:46,index,30.1010000705719,674,TheEmptinessMachine,Westwood,RB,HTTP/2
2025-05-01 01:23:02,index,46.1010000705719,72,TheEmptinessMachine,Westwood,RB,HTTP/2
2025-05-01 01:23:04,index,48.1010000705719,330,TheEmptinessMachine,Westwood,RB,HTTP/2
2025-05-01 01:23:06,index,50.1010000705719,330,TheEmptinessMachine,Westwood,RB,HTTP/2
2025-05-01 01:23:08,index,52.1010000705719,72,TheEmptinessMachine,Westwood,RB,HTTP/2
2025-05-01 01:23:10,index,54.1010000705719,330,TheEmptinessMachine,Westwood,RB,HTTP/2
2025-05-01 01:23:12,index,56.1010000705719,330,TheEmptinessMachine,Westwood,RB,HTTP/2
2025-05-01 01:23:14,index,58.1010000705719,72,TheEmptinessMachine,Westwood,RB,HTTP/2
2025-05-01 01:23:16,index,60.1010000705719,330,TheEmptinessMachine,Westwood,RB,HTTP/2
2025-05-01 01:23:18,index,62.1010000705719,330,TheEmptinessMachine,Westwood,RB,HTTP/2
2025-05-01 01:23:20,index,64.1010000705719,72,TheEmptinessMachine,Westwood,RB,HTTP/2
2025-05-01 01:23:22,index,66.1010000705719,72,TheEmptinessMachine,Westwood,RB,HTTP/2
2025-05-01 01:23:24,index,68.1010000705719,635,TheEmptinessMachine,Westwood,RB,HTTP/2
2025-05-01 01:23:26,index,70.1010000705719,674,TheEmptinessMachine,Westwood,RB,HTTP/2
2025-05-01 01:23:28,index,72.1010000705719,674,TheEmptinessMachine,Westwood,RB,HTTP/2
2025-05-01 01:23:30,index,74.1010000705719,674,TheEmptinessMachine,Westwood,RB,HTTP/2
2025-05-01 01:23:32,index,76.1010000705719,674,TheEmptinessMachine,Westwood,RB,HTTP/2
2025-05-01 01:23:34,index,78.1010000705719,330,TheEmptinessMachine,Westwood,RB,HTTP/2
2025-05-01 01:23:36,index,80.0999999046326,72,TheEmptinessMachine,Westwood,RB,HTTP/2
2025-05-01 01:23:38,index,82.1010000705719,330,TheEmptinessMachine,Westwood,RB,HTTP/2
2025-05-01 01:23:40,index,84.1010000705719,330,TheEmptinessMachine,Westwood,RB,HTTP/2
2025-05-01 01:23:42,index,86.1010000705719,72,TheEmptinessMachine,Westwood,RB,HTTP/2
2025-05-01 01:23:44,index,88.0999999046326,330,TheEmptinessMachine,Westwood,RB,HTTP/2
2025-05-01 01:23:46,index,90.1010000705719,330,TheEmptinessMachine,Westwood,RB,HTTP/2
2025-05-01 01:23:48,index,92.1010000705719,330,TheEmptinessMachine,Westwood,RB,HTTP/2
2025-05-01 01:23:52,index,96.0999999046326,72,TheEmptinessMachine,Westwood,RB,HTTP/2
2025-05-01 01:23:54,index,98.1010000705719,330,TheEmptinessMachine,Westwood,RB,HTTP/2
2025-05-01 01:23:56,index,100.101000070572,72,TheEmptinessMachine,Westwood,RB,HTTP/2
2025-05-01 01:23:58,index,102.101000070572,330,TheEmptinessMachine,Westwood,RB,HTTP/2
2025-05-01 01:24:00,index,104.101000070572,330,TheEmptinessMachine,Westwood,RB,HTTP/2
2025-05-01 01:24:02,index,106.101000070572,330,TheEmptinessMachine,Westwood,RB,HTTP/2
2025-05-01 01:24:04,index,108.101000070572,330,TheEmptinessMachine,Westwood,RB,HTTP/2
2025-05-01 01:24:06,index,110.101000070572,330,TheEmptinessMachine,Westwood,RB,HTTP/2
2025-05-01 01:24:08,index,112.101000070572,330,TheEmptinessMachine,Westwood,RB,HTTP/2
2025-05-01 01:24:10,index,114.101000070572,72,TheEmptinessMachine,Westwood,RB,HTTP/2
2025-05-01 01:24:12,index,116.101000070572,72,TheEmptinessMachine,Westwood,RB,HTTP/2
2025-05-01 01:24:14,index,118.101000070572,330,TheEmptinessMachine,Westwood,RB,HTTP/2
2025-05-01 01:24:16,index,120.099999904633,330,TheEmptinessMachine,Westwood,RB,HTTP/2
2025-05-01 01:24:18,index,122.101000070572,330,TheEmptinessMachine,Westwood,RB,HTTP/2
2025-05-01 01:24:20,index,124.101000070572,330,TheEmptinessMachine,Westwood,RB,HTTP/2
2025-05-01 01:24:22,index,126.101000070572,330,TheEmptinessMachine,Westwood,RB,HTTP/2
2025-05-01 01:24:24,index,128.101000070572,72,TheEmptinessMachine,Westwood,RB,HTTP/2
2025-05-01 01:24:26,index,130.101000070572,330,TheEmptinessMachine,Westwood,RB,HTTP/2
2025-05-01 01:24:28,index,132.101000070572,330,TheEmptinessMachine,Westwood,RB,HTTP/2
2025-05-01 01:24:30,index,134.101000070572,72,TheEmptinessMachine,Westwood,RB,HTTP/2
2025-05-01 01:24:32,index,136.101000070572,330,TheEmptinessMachine,Westwood,RB,HTTP/2
2025-05-01 01:24:34,index,138.101000070572,330,TheEmptinessMachine,Westwood,RB,HTTP/2
2025-05-01 01:24:36,index,140.101000070572,330,TheEmptinessMachine,Westwood,RB,HTTP/2
2025-05-01 01:24:38,index,142.101000070572,72,TheEmptinessMachine,Westwood,RB,HTTP/2
2025-05-01 01:24:40,index,144.101000070572,330,TheEmptinessMachine,Westwood,RB,HTTP/2
2025-05-01 01:24:42,index,146.101000070572,330,TheEmptinessMachine,Westwood,RB,HTTP/2
2025-05-01 01:24:44,index,148.101000070572,330,TheEmptinessMachine,Westwood,RB,HTTP/2
2025-05-01 01:24:46,index,150.101000070572,72,TheEmptinessMachine,Westwood,RB,HTTP/2
2025-05-01 01:24:48,index,152.101000070572,330,TheEmptinessMachine,Westwood,RB,HTTP/2
2025-05-01 01:24:50,index,154.101999998093,330,TheEmptinessMachine,Westwood,RB,HTTP/2
2025-05-01 01:24:52,index,156.101000070572,72,TheEmptinessMachine,Westwood,RB,HTTP/2
2025-05-01 01:24:54,index,158.101000070572,330,TheEmptinessMachine,Westwood,RB,HTTP/2
2025-05-01 01:24:56,index,160.101000070572,330,TheEmptinessMachine,Westwood,RB,HTTP/2
2025-05-01 01:24:58,index,162.101000070572,330,TheEmptinessMachine,Westwood,RB,HTTP/2
2025-05-01 01:25:00,index,164.101999998093,72,TheEmptinessMachine,Westwood,RB,HTTP/2
2025-05-01 01:25:02,index,166.101000070572,72,TheEmptinessMachine,Westwood,RB,HTTP/2
2025-05-01 01:25:04,index,168.101000070572,330,TheEmptinessMachine,Westwood,RB,HTTP/2
2025-05-01 01:25:06,index,170.101000070572,330,TheEmptinessMachine,Westwood,RB,HTTP/2
2025-05-01 01:25:08,index,172.101000070572,330,TheEmptinessMachine,Westwood,RB,HTTP/2
2025-05-01 01:25:10,index,174.101000070572,72,TheEmptinessMachine,Westwood,RB,HTTP/2
2025-05-01 01:25:12,index,176.101000070572,330,TheEmptinessMachine,Westwood,RB,HTTP/2
2025-05-01 01:25:14,index,178.101000070572,330,TheEmptinessMachine,Westwood,RB,HTTP/2
2025-05-01 01:25:16,index,180.101000070572,72,TheEmptinessMachine,Westwood,RB,HTTP/2
2025-05-01 01:25:18,index,182.101000070572,330,TheEmptinessMachine,Westwood,RB,HTTP/2
2025-05-01 01:25:20,index,184.101000070572,330,TheEmptinessMachine,Westwood,RB,HTTP/2
2025-05-01 01:25:22,index,186.101000070572,72,TheEmptinessMachine,Westwood,RB,HTTP/2
2025-05-01 01:25:24,index,188.101000070572,330,TheEmptinessMachine,Westwood,RB,HTTP/2
2025-05-01 01:25:26,index,190.101000070572,330,TheEmptinessMachine,Westwood,RB,HTTP/2
2025-05-01 01:25:28,index,192.101000070572,330,TheEmptinessMachine,Westwood,RB,HTTP/2
2025-05-01 01:25:30,index,194.101000070572,330,TheEmptinessMachine,Westwood,RB,HTTP/2
2025-05-01 01:25:32,index,196.101000070572,72,TheEmptinessMachine,Westwood,RB,HTTP/2
2025-05-01 01:25:34,index,198.101000070572,72,TheEmptinessMachine,Westwood,RB,HTTP/2
2025-05-01 01:25:36,index,200.099999904633,72,TheEmptinessMachine,Westwood,RB,HTTP/2
2025-05-01 01:25:38,index,202.101000070572,72,TheEmptinessMachine,Westwood,RB,HTTP/2
2025-05-01 01:25:40,index,204.101000070572,72,TheEmptinessMachine,Westwood,RB,HTTP/2
2025-05-01 01:25:42,index,206.101000070572,72,TheEmptinessMachine,Westwood,RB,HTTP/2
2025-05-01 01:25:44,index,208.101000070572,72,TheEmptinessMachine,Westwood,RB,HTTP/2
2025-05-01 01:25:46,index,210.101000070572,72,TheEmptinessMachine,Westwood,RB,HTTP/2
2025-05-01 01:26:22,index,10.1039998531342,72,TheEmptinessMachine,Westwood,RB,HTTP/3
2025-05-01 01:26:26,index,14.1039998531342,330,TheEmptinessMachine,Westwood,RB,HTTP/3
2025-05-01 01:26:28,index,16.1029999256134,330,TheEmptinessMachine,Westwood,RB,HTTP/3
2025-05-01 01:26:30,index,18.1039998531342,330,TheEmptinessMachine,Westwood,RB,HTTP/3
2025-05-01 01:26:40,index,28.1039998531342,214,TheEmptinessMachine,Westwood,RB,HTTP/3
2025-05-01 01:26:42,index,30.1039998531342,214,TheEmptinessMachine,Westwood,RB,HTTP/3
2025-05-01 01:26:44,index,32.1039998531342,72,TheEmptinessMachine,Westwood,RB,HTTP/3
2025-05-01 01:26:46,index,34.1039998531342,214,TheEmptinessMachine,Westwood,RB,HTTP/3
2025-05-01 01:26:48,index,36.1039998531342,72,TheEmptinessMachine,Westwood,RB,HTTP/3
2025-05-01 01:26:50,index,38.1039998531342,214,TheEmptinessMachine,Westwood,RB,HTTP/3
2025-05-01 01:26:52,index,40.1039998531342,214,TheEmptinessMachine,Westwood,RB,HTTP/3
2025-05-01 01:26:54,index,42.1029999256134,214,TheEmptinessMachine,Westwood,RB,HTTP/3
2025-05-01 01:26:56,index,44.1039998531342,72,TheEmptinessMachine,Westwood,RB,HTTP/3
2025-05-01 01:26:58,index,46.1029999256134,214,TheEmptinessMachine,Westwood,RB,HTTP/3
2025-05-01 01:27:00,index,48.1039998531342,214,TheEmptinessMachine,Westwood,RB,HTTP/3
2025-05-01 01:27:02,index,50.1039998531342,72,TheEmptinessMachine,Westwood,RB,HTTP/3
2025-05-01 01:27:04,index,52.1039998531342,214,TheEmptinessMachine,Westwood,RB,HTTP/3
2025-05-01 01:27:06,index,54.1039998531342,214,TheEmptinessMachine,Westwood,RB,HTTP/3
2025-05-01 01:27:08,index,56.1039998531342,214,TheEmptinessMachine,Westwood,RB,HTTP/3
2025-05-01 01:27:10,index,58.1039998531342,214,TheEmptinessMachine,Westwood,RB,HTTP/3
2025-05-01 01:27:12,index,60.1039998531342,214,TheEmptinessMachine,Westwood,RB,HTTP/3
2025-05-01 01:27:18,index,66.1039998531342,330,TheEmptinessMachine,Westwood,RB,HTTP/3
2025-05-01 01:27:20,index,68.1029999256134,330,TheEmptinessMachine,Westwood,RB,HTTP/3
2025-05-01 01:27:22,index,70.1039998531342,330,TheEmptinessMachine,Westwood,RB,HTTP/3
2025-05-01 01:27:24,index,72.1039998531342,72,TheEmptinessMachine,Westwood,RB,HTTP/3
2025-05-01 01:27:26,index,74.1029999256134,214,TheEmptinessMachine,Westwood,RB,HTTP/3
2025-05-01 01:27:28,index,76.1039998531342,214,TheEmptinessMachine,Westwood,RB,HTTP/3
2025-05-01 01:27:30,index,78.1029999256134,330,TheEmptinessMachine,Westwood,RB,HTTP/3
2025-05-01 01:27:32,index,80.1039998531342,330,TheEmptinessMachine,Westwood,RB,HTTP/3
2025-05-01 01:27:34,index,82.1039998531342,330,TheEmptinessMachine,Westwood,RB,HTTP/3
2025-05-01 01:27:36,index,84.1029999256134,214,TheEmptinessMachine,Westwood,RB,HTTP/3
2025-05-01 01:27:38,index,86.1029999256134,214,TheEmptinessMachine,Westwood,RB,HTTP/3
2025-05-01 01:27:40,index,88.1039998531342,214,TheEmptinessMachine,Westwood,RB,HTTP/3
2025-05-01 01:27:48,index,96.1039998531342,214,TheEmptinessMachine,Westwood,RB,HTTP/3
2025-05-01 01:27:50,index,98.1039998531342,72,TheEmptinessMachine,Westwood,RB,HTTP/3
2025-05-01 01:27:52,index,100.105999946594,214,TheEmptinessMachine,Westwood,RB,HTTP/3
2025-05-01 01:27:54,index,102.103999853134,72,TheEmptinessMachine,Westwood,RB,HTTP/3
2025-05-01 01:27:56,index,104.103999853134,214,TheEmptinessMachine,Westwood,RB,HTTP/3
2025-05-01 01:27:58,index,106.103999853134,214,TheEmptinessMachine,Westwood,RB,HTTP/3
2025-05-01 01:28:00,index,108.102999925613,72,TheEmptinessMachine,Westwood,RB,HTTP/3
2025-05-01 01:28:02,index,110.102999925613,214,TheEmptinessMachine,Westwood,RB,HTTP/3
2025-05-01 01:28:04,index,112.103999853134,214,TheEmptinessMachine,Westwood,RB,HTTP/3
2025-05-01 01:28:06,index,114.102999925613,330,TheEmptinessMachine,Westwood,RB,HTTP/3
2025-05-01 01:28:08,index,116.109999895096,72,TheEmptinessMachine,Westwood,RB,HTTP/3
2025-05-01 01:28:10,index,118.103999853134,330,TheEmptinessMachine,Westwood,RB,HTTP/3
2025-05-01 01:28:12,index,120.103999853134,330,TheEmptinessMachine,Westwood,RB,HTTP/3
2025-05-01 01:28:14,index,122.102999925613,330,TheEmptinessMachine,Westwood,RB,HTTP/3
2025-05-01 01:28:16,index,124.103999853134,72,TheEmptinessMachine,Westwood,RB,HTTP/3
2025-05-01 01:28:18,index,126.103999853134,214,TheEmptinessMachine,Westwood,RB,HTTP/3
2025-05-01 01:28:20,index,128.103999853134,72,TheEmptinessMachine,Westwood,RB,HTTP/3
2025-05-01 01:28:22,index,130.102999925613,214,TheEmptinessMachine,Westwood,RB,HTTP/3
2025-05-01 01:28:24,index,132.103999853134,330,TheEmptinessMachine,Westwood,RB,HTTP/3
2025-05-01 01:28:26,index,134.103999853134,330,TheEmptinessMachine,Westwood,RB,HTTP/3
2025-05-01 01:28:28,index,136.103999853134,330,TheEmptinessMachine,Westwood,RB,HTTP/3
2025-05-01 01:28:30,index,138.103999853134,330,TheEmptinessMachine,Westwood,RB,HTTP/3
2025-05-01 01:28:32,index,140.103999853134,330,TheEmptinessMachine,Westwood,RB,HTTP/3
2025-05-01 01:28:34,index,142.102999925613,330,TheEmptinessMachine,Westwood,RB,HTTP/3
2025-05-01 01:28:36,index,144.103999853134,330,TheEmptinessMachine,Westwood,RB,HTTP/3
2025-05-01 01:28:38,index,146.102999925613,330,TheEmptinessMachine,Westwood,RB,HTTP/3
2025-05-01 01:28:40,index,148.103999853134,330,TheEmptinessMachine,Westwood,RB,HTTP/3
2025-05-01 01:28:42,index,150.103999853134,330,TheEmptinessMachine,Westwood,RB,HTTP/3
2025-05-01 01:28:48,index,156.102999925613,330,TheEmptinessMachine,Westwood,RB,HTTP/3
2025-05-01 01:28:50,index,158.102999925613,330,TheEmptinessMachine,Westwood,RB,HTTP/3
2025-05-01 01:28:52,index,160.103999853134,72,TheEmptinessMachine,Westwood,RB,HTTP/3
2025-05-01 01:28:54,index,162.103999853134,330,TheEmptinessMachine,Westwood,RB,HTTP/3
2025-05-01 01:28:56,index,164.103999853134,72,TheEmptinessMachine,Westwood,RB,HTTP/3
2025-05-01 01:28:58,index,166.103999853134,330,TheEmptinessMachine,Westwood,RB,HTTP/3
2025-05-01 01:29:00,index,168.103999853134,72,TheEmptinessMachine,Westwood,RB,HTTP/3
2025-05-01 01:29:02,index,170.103999853134,320,TheEmptinessMachine,Westwood,RB,HTTP/3
2025-05-01 01:29:04,index,172.103999853134,320,TheEmptinessMachine,Westwood,RB,HTTP/3
2025-05-01 01:29:06,index,174.103999853134,330,TheEmptinessMachine,Westwood,RB,HTTP/3
2025-05-01 01:29:08,index,176.103999853134,330,TheEmptinessMachine,Westwood,RB,HTTP/3
2025-05-01 01:29:10,index,178.103999853134,330,TheEmptinessMachine,Westwood,RB,HTTP/3
2025-05-01 01:29:12,index,180.103999853134,72,TheEmptinessMachine,Westwood,RB,HTTP/3
2025-05-01 01:29:14,index,182.102999925613,330,TheEmptinessMachine,Westwood,RB,HTTP/3
2025-05-01 01:29:16,index,184.103999853134,330,TheEmptinessMachine,Westwood,RB,HTTP/3
2025-05-01 01:29:18,index,186.103999853134,330,TheEmptinessMachine,Westwood,RB,HTTP/3
2025-05-01 01:29:20,index,188.103999853134,72,TheEmptinessMachine,Westwood,RB,HTTP/3
2025-05-01 01:29:22,index,190.103999853134,72,TheEmptinessMachine,Westwood,RB,HTTP/3
2025-05-01 01:29:24,index,192.103999853134,214,TheEmptinessMachine,Westwood,RB,HTTP/3
2025-05-01 01:29:26,index,194.104999780655,214,TheEmptinessMachine,Westwood,RB,HTTP/3
2025-05-01 01:29:28,index,196.103999853134,320,TheEmptinessMachine,Westwood,RB,HTTP/3
2025-05-01 01:29:30,index,198.103999853134,320,TheEmptinessMachine,Westwood,RB,HTTP/3
2025-05-01 01:29:36,index,204.103999853134,72,TheEmptinessMachine,Westwood,RB,HTTP/3
2025-05-01 01:29:38,index,206.103999853134,320,TheEmptinessMachine,Westwood,RB,HTTP/3
2025-05-01 01:29:40,index,208.102999925613,320,TheEmptinessMachine,Westwood,RB,HTTP/3
2025-05-01 01:29:42,index,210.103999853134,72,TheEmptinessMachine,Westwood,RB,HTTP/3
2025-05-01 01:29:44,index,212.103999853134,72,TheEmptinessMachine,Westwood,RB,HTTP/3
2025-05-01 01:29:46,index,214.103999853134,72,TheEmptinessMachine,Westwood,RB,HTTP/3
2025-05-01 01:29:48,index,216.103999853134,72,TheEmptinessMachine,Westwood,RB,HTTP/3
2025-05-01 01:30:20,index,2.79500007629395,1767,TheEmptinessMachine,Westwood,Throughput,HTTP/1.1
2025-05-01 01:30:22,index,4.79500007629395,1767,TheEmptinessMachine,Westwood,Throughput,HTTP/1.1
2025-05-01 01:30:24,index,6.79500007629395,3486,TheEmptinessMachine,Westwood,Throughput,HTTP/1.1
2025-05-01 01:30:26,index,8.79399991035461,3486,TheEmptinessMachine,Westwood,Throughput,HTTP/1.1
2025-05-01 01:30:32,index,14.7939999103546,635,TheEmptinessMachine,Westwood,Throughput,HTTP/1.1
2025-05-01 01:30:38,index,20.7939999103546,330,TheEmptinessMachine,Westwood,Throughput,HTTP/1.1
2025-05-01 01:30:40,index,22.7950000762939,330,TheEmptinessMachine,Westwood,Throughput,HTTP/1.1
2025-05-01 01:30:42,index,24.7939999103546,330,TheEmptinessMachine,Westwood,Throughput,HTTP/1.1
2025-05-01 01:30:44,index,26.7939999103546,214,TheEmptinessMachine,Westwood,Throughput,HTTP/1.1
2025-05-01 01:30:46,index,28.7950000762939,214,TheEmptinessMachine,Westwood,Throughput,HTTP/1.1
2025-05-01 01:30:48,index,30.7950000762939,214,TheEmptinessMachine,Westwood,Throughput,HTTP/1.1
2025-05-01 01:30:50,index,32.7939999103546,320,TheEmptinessMachine,Westwood,Throughput,HTTP/1.1
2025-05-01 01:30:52,index,34.7939999103546,320,TheEmptinessMachine,Westwood,Throughput,HTTP/1.1
2025-05-01 01:30:54,index,36.7939999103546,320,TheEmptinessMachine,Westwood,Throughput,HTTP/1.1
2025-05-01 01:30:56,index,38.7939999103546,214,TheEmptinessMachine,Westwood,Throughput,HTTP/1.1
2025-05-01 01:30:58,index,40.7939999103546,214,TheEmptinessMachine,Westwood,Throughput,HTTP/1.1
2025-05-01 01:31:00,index,42.7950000762939,214,TheEmptinessMachine,Westwood,Throughput,HTTP/1.1
2025-05-01 01:31:02,index,44.7939999103546,214,TheEmptinessMachine,Westwood,Throughput,HTTP/1.1
2025-05-01 01:31:04,index,46.7939999103546,214,TheEmptinessMachine,Westwood,Throughput,HTTP/1.1
2025-05-01 01:31:06,index,48.7939999103546,214,TheEmptinessMachine,Westwood,Throughput,HTTP/1.1
2025-05-01 01:31:08,index,50.7939999103546,214,TheEmptinessMachine,Westwood,Throughput,HTTP/1.1
2025-05-01 01:31:10,index,52.7939999103546,214,TheEmptinessMachine,Westwood,Throughput,HTTP/1.1
2025-05-01 01:31:12,index,54.7939999103546,214,TheEmptinessMachine,Westwood,Throughput,HTTP/1.1
2025-05-01 01:31:14,index,56.7939999103546,214,TheEmptinessMachine,Westwood,Throughput,HTTP/1.1
2025-05-01 01:31:16,index,58.7939999103546,214,TheEmptinessMachine,Westwood,Throughput,HTTP/1.1
2025-05-01 01:31:18,index,60.7950000762939,214,TheEmptinessMachine,Westwood,Throughput,HTTP/1.1
2025-05-01 01:31:20,index,62.7939999103546,674,TheEmptinessMachine,Westwood,Throughput,HTTP/1.1
2025-05-01 01:31:22,index,64.7939999103546,674,TheEmptinessMachine,Westwood,Throughput,HTTP/1.1
2025-05-01 01:31:24,index,66.7950000762939,674,TheEmptinessMachine,Westwood,Throughput,HTTP/1.1
2025-05-01 01:31:26,index,68.7939999103546,674,TheEmptinessMachine,Westwood,Throughput,HTTP/1.1
2025-05-01 01:31:28,index,70.7950000762939,674,TheEmptinessMachine,Westwood,Throughput,HTTP/1.1
2025-05-01 01:31:30,index,72.7939999103546,674,TheEmptinessMachine,Westwood,Throughput,HTTP/1.1
2025-05-01 01:31:32,index,74.7950000762939,635,TheEmptinessMachine,Westwood,Throughput,HTTP/1.1
2025-05-01 01:31:34,index,76.7939999103546,330,TheEmptinessMachine,Westwood,Throughput,HTTP/1.1
2025-05-01 01:31:36,index,78.7939999103546,330,TheEmptinessMachine,Westwood,Throughput,HTTP/1.1
2025-05-01 01:31:38,index,80.7939999103546,330,TheEmptinessMachine,Westwood,Throughput,HTTP/1.1
2025-05-01 01:31:40,index,82.7939999103546,330,TheEmptinessMachine,Westwood,Throughput,HTTP/1.1
2025-05-01 01:31:42,index,84.7950000762939,635,TheEmptinessMachine,Westwood,Throughput,HTTP/1.1
2025-05-01 01:31:44,index,86.7939999103546,674,TheEmptinessMachine,Westwood,Throughput,HTTP/1.1
2025-05-01 01:31:46,index,88.7939999103546,674,TheEmptinessMachine,Westwood,Throughput,HTTP/1.1
2025-05-01 01:31:48,index,90.7939999103546,674,TheEmptinessMachine,Westwood,Throughput,HTTP/1.1
2025-05-01 01:31:50,index,92.7939999103546,330,TheEmptinessMachine,Westwood,Throughput,HTTP/1.1
2025-05-01 01:31:54,index,96.7939999103546,169,TheEmptinessMachine,Westwood,Throughput,HTTP/1.1
2025-05-01 01:31:56,index,98.7939999103546,330,TheEmptinessMachine,Westwood,Throughput,HTTP/1.1
2025-05-01 01:31:58,index,100.793999910355,330,TheEmptinessMachine,Westwood,Throughput,HTTP/1.1
2025-05-01 01:32:00,index,102.793999910355,320,TheEmptinessMachine,Westwood,Throughput,HTTP/1.1
2025-05-01 01:32:02,index,104.793999910355,320,TheEmptinessMachine,Westwood,Throughput,HTTP/1.1
2025-05-01 01:32:04,index,106.793999910355,320,TheEmptinessMachine,Westwood,Throughput,HTTP/1.1
2025-05-01 01:32:06,index,108.793999910355,320,TheEmptinessMachine,Westwood,Throughput,HTTP/1.1
2025-05-01 01:32:08,index,110.793999910355,320,TheEmptinessMachine,Westwood,Throughput,HTTP/1.1
2025-05-01 01:32:10,index,112.793999910355,320,TheEmptinessMachine,Westwood,Throughput,HTTP/1.1
2025-05-01 01:32:12,index,114.793999910355,320,TheEmptinessMachine,Westwood,Throughput,HTTP/1.1
2025-05-01 01:32:14,index,116.795000076294,320,TheEmptinessMachine,Westwood,Throughput,HTTP/1.1
2025-05-01 01:32:16,index,118.793999910355,214,TheEmptinessMachine,Westwood,Throughput,HTTP/1.1
2025-05-01 01:32:18,index,120.793999910355,214,TheEmptinessMachine,Westwood,Throughput,HTTP/1.1
2025-05-01 01:32:20,index,122.793999910355,214,TheEmptinessMachine,Westwood,Throughput,HTTP/1.1
2025-05-01 01:32:22,index,124.793999910355,214,TheEmptinessMachine,Westwood,Throughput,HTTP/1.1
2025-05-01 01:32:24,index,126.793999910355,214,TheEmptinessMachine,Westwood,Throughput,HTTP/1.1
2025-05-01 01:32:26,index,128.793999910355,214,TheEmptinessMachine,Westwood,Throughput,HTTP/1.1
2025-05-01 01:32:28,index,130.793999910355,214,TheEmptinessMachine,Westwood,Throughput,HTTP/1.1
2025-05-01 01:32:30,index,132.793999910355,214,TheEmptinessMachine,Westwood,Throughput,HTTP/1.1
2025-05-01 01:32:32,index,134.793999910355,214,TheEmptinessMachine,Westwood,Throughput,HTTP/1.1
2025-05-01 01:32:34,index,136.793999910355,214,TheEmptinessMachine,Westwood,Throughput,HTTP/1.1
2025-05-01 01:32:36,index,138.793999910355,214,TheEmptinessMachine,Westwood,Throughput,HTTP/1.1
2025-05-01 01:32:38,index,140.793999910355,330,TheEmptinessMachine,Westwood,Throughput,HTTP/1.1
2025-05-01 01:32:40,index,142.793999910355,330,TheEmptinessMachine,Westwood,Throughput,HTTP/1.1
2025-05-01 01:32:42,index,144.793999910355,674,TheEmptinessMachine,Westwood,Throughput,HTTP/1.1
2025-05-01 01:32:44,index,146.793999910355,674,TheEmptinessMachine,Westwood,Throughput,HTTP/1.1
2025-05-01 01:32:46,index,148.793999910355,674,TheEmptinessMachine,Westwood,Throughput,HTTP/1.1
2025-05-01 01:32:48,index,150.793999910355,330,TheEmptinessMachine,Westwood,Throughput,HTTP/1.1
2025-05-01 01:32:50,index,152.793999910355,330,TheEmptinessMachine,Westwood,Throughput,HTTP/1.1
2025-05-01 01:32:52,index,154.793999910355,330,TheEmptinessMachine,Westwood,Throughput,HTTP/1.1
2025-05-01 01:32:54,index,156.793999910355,84,TheEmptinessMachine,Westwood,Throughput,HTTP/1.1
2025-05-01 01:32:56,index,158.793999910355,330,TheEmptinessMachine,Westwood,Throughput,HTTP/1.1
2025-05-01 01:32:58,index,160.793999910355,320,TheEmptinessMachine,Westwood,Throughput,HTTP/1.1
2025-05-01 01:33:00,index,162.793999910355,84,TheEmptinessMachine,Westwood,Throughput,HTTP/1.1
2025-05-01 01:33:02,index,164.793999910355,320,TheEmptinessMachine,Westwood,Throughput,HTTP/1.1
2025-05-01 01:33:06,index,168.793999910355,84,TheEmptinessMachine,Westwood,Throughput,HTTP/1.1
2025-05-01 01:33:08,index,170.793999910355,214,TheEmptinessMachine,Westwood,Throughput,HTTP/1.1
2025-05-01 01:33:10,index,172.793999910355,214,TheEmptinessMachine,Westwood,Throughput,HTTP/1.1
2025-05-01 01:33:12,index,174.793999910355,214,TheEmptinessMachine,Westwood,Throughput,HTTP/1.1
2025-05-01 01:33:14,index,176.793999910355,169,TheEmptinessMachine,Westwood,Throughput,HTTP/1.1
2025-05-01 01:33:16,index,178.795000076294,169,TheEmptinessMachine,Westwood,Throughput,HTTP/1.1
2025-05-01 01:33:18,index,180.793999910355,169,TheEmptinessMachine,Westwood,Throughput,HTTP/1.1
2025-05-01 01:33:20,index,182.793999910355,169,TheEmptinessMachine,Westwood,Throughput,HTTP/1.1
2025-05-01 01:33:22,index,184.793999910355,169,TheEmptinessMachine,Westwood,Throughput,HTTP/1.1
2025-05-01 01:33:24,index,186.793999910355,169,TheEmptinessMachine,Westwood,Throughput,HTTP/1.1
2025-05-01 01:33:26,index,188.793999910355,169,TheEmptinessMachine,Westwood,Throughput,HTTP/1.1
2025-05-01 01:33:28,index,190.793999910355,169,TheEmptinessMachine,Westwood,Throughput,HTTP/1.1
2025-05-01 01:33:30,index,192.793999910355,169,TheEmptinessMachine,Westwood,Throughput,HTTP/1.1
2025-05-01 01:33:32,index,194.793999910355,169,TheEmptinessMachine,Westwood,Throughput,HTTP/1.1
2025-05-01 01:33:34,index,196.793999910355,169,TheEmptinessMachine,Westwood,Throughput,HTTP/1.1
2025-05-01 01:33:36,index,198.793999910355,169,TheEmptinessMachine,Westwood,Throughput,HTTP/1.1
2025-05-01 01:34:19,index,4.11199998855591,674,TheEmptinessMachine,Westwood,Throughput,HTTP/2
2025-05-01 01:34:21,index,6.11199998855591,674,TheEmptinessMachine,Westwood,Throughput,HTTP/2
2025-05-01 01:34:27,index,12.1110000610352,214,TheEmptinessMachine,Westwood,Throughput,HTTP/2
2025-05-01 01:34:29,index,14.1110000610352,330,TheEmptinessMachine,Westwood,Throughput,HTTP/2
2025-05-01 01:34:31,index,16.1110000610352,214,TheEmptinessMachine,Westwood,Throughput,HTTP/2
2025-05-01 01:34:33,index,18.1110000610352,330,TheEmptinessMachine,Westwood,Throughput,HTTP/2
2025-05-01 01:34:37,index,22.1110000610352,330,TheEmptinessMachine,Westwood,Throughput,HTTP/2
2025-05-01 01:34:39,index,24.1119999885559,320,TheEmptinessMachine,Westwood,Throughput,HTTP/2
2025-05-01 01:34:43,index,28.1110000610352,84,TheEmptinessMachine,Westwood,Throughput,HTTP/2
2025-05-01 01:34:45,index,30.1110000610352,320,TheEmptinessMachine,Westwood,Throughput,HTTP/2
2025-05-01 01:34:49,index,34.1110000610352,214,TheEmptinessMachine,Westwood,Throughput,HTTP/2
2025-05-01 01:34:55,index,40.1110000610352,214,TheEmptinessMachine,Westwood,Throughput,HTTP/2
2025-05-01 01:34:57,index,42.1160001754761,214,TheEmptinessMachine,Westwood,Throughput,HTTP/2
2025-05-01 01:34:59,index,44.1110000610352,169,TheEmptinessMachine,Westwood,Throughput,HTTP/2
2025-05-01 01:35:01,index,46.1110000610352,169,TheEmptinessMachine,Westwood,Throughput,HTTP/2
2025-05-01 01:35:03,index,48.1110000610352,169,TheEmptinessMachine,Westwood,Throughput,HTTP/2
2025-05-01 01:35:05,index,50.1110000610352,169,TheEmptinessMachine,Westwood,Throughput,HTTP/2
2025-05-01 01:35:07,index,52.1110000610352,169,TheEmptinessMachine,Westwood,Throughput,HTTP/2
2025-05-01 01:35:09,index,54.1110000610352,169,TheEmptinessMachine,Westwood,Throughput,HTTP/2
2025-05-01 01:35:11,index,56.1110000610352,169,TheEmptinessMachine,Westwood,Throughput,HTTP/2
2025-05-01 01:35:13,index,58.1110000610352,330,TheEmptinessMachine,Westwood,Throughput,HTTP/2
2025-05-01 01:35:15,index,60.1110000610352,330,TheEmptinessMachine,Westwood,Throughput,HTTP/2
2025-05-01 01:35:17,index,62.1110000610352,330,TheEmptinessMachine,Westwood,Throughput,HTTP/2
2025-05-01 01:35:19,index,64.1110000610352,330,TheEmptinessMachine,Westwood,Throughput,HTTP/2
2025-05-01 01:35:21,index,66.1110000610352,330,TheEmptinessMachine,Westwood,Throughput,HTTP/2
2025-05-01 01:35:23,index,68.1110000610352,635,TheEmptinessMachine,Westwood,Throughput,HTTP/2
2025-05-01 01:35:25,index,70.1110000610352,635,TheEmptinessMachine,Westwood,Throughput,HTTP/2
2025-05-01 01:35:27,index,72.1119999885559,635,TheEmptinessMachine,Westwood,Throughput,HTTP/2
2025-05-01 01:35:29,index,74.1110000610352,330,TheEmptinessMachine,Westwood,Throughput,HTTP/2
2025-05-01 01:35:31,index,76.1110000610352,330,TheEmptinessMachine,Westwood,Throughput,HTTP/2
2025-05-01 01:35:33,index,78.1110000610352,330,TheEmptinessMachine,Westwood,Throughput,HTTP/2
2025-05-01 01:35:35,index,80.1110000610352,330,TheEmptinessMachine,Westwood,Throughput,HTTP/2
2025-05-01 01:35:37,index,82.1110000610352,330,TheEmptinessMachine,Westwood,Throughput,HTTP/2
2025-05-01 01:35:39,index,84.1110000610352,635,TheEmptinessMachine,Westwood,Throughput,HTTP/2
2025-05-01 01:35:41,index,86.1110000610352,635,TheEmptinessMachine,Westwood,Throughput,HTTP/2
2025-05-01 01:35:43,index,88.1110000610352,635,TheEmptinessMachine,Westwood,Throughput,HTTP/2
2025-05-01 01:35:45,index,90.1110000610352,635,TheEmptinessMachine,Westwood,Throughput,HTTP/2
2025-05-01 01:35:47,index,92.1110000610352,330,TheEmptinessMachine,Westwood,Throughput,HTTP/2
2025-05-01 01:35:49,index,94.1110000610352,330,TheEmptinessMachine,Westwood,Throughput,HTTP/2
2025-05-01 01:35:51,index,96.1110000610352,330,TheEmptinessMachine,Westwood,Throughput,HTTP/2
2025-05-01 01:35:53,index,98.1110000610352,330,TheEmptinessMachine,Westwood,Throughput,HTTP/2
2025-05-01 01:35:55,index,100.111000061035,330,TheEmptinessMachine,Westwood,Throughput,HTTP/2
2025-05-01 01:35:57,index,102.111000061035,330,TheEmptinessMachine,Westwood,Throughput,HTTP/2
2025-05-01 01:35:59,index,104.111000061035,330,TheEmptinessMachine,Westwood,Throughput,HTTP/2
2025-05-01 01:36:01,index,106.111000061035,330,TheEmptinessMachine,Westwood,Throughput,HTTP/2
2025-05-01 01:36:03,index,108.111000061035,330,TheEmptinessMachine,Westwood,Throughput,HTTP/2
2025-05-01 01:36:05,index,110.111000061035,330,TheEmptinessMachine,Westwood,Throughput,HTTP/2
2025-05-01 01:36:07,index,112.111000061035,674,TheEmptinessMachine,Westwood,Throughput,HTTP/2
2025-05-01 01:36:09,index,114.111000061035,674,TheEmptinessMachine,Westwood,Throughput,HTTP/2
2025-05-01 01:36:11,index,116.111000061035,674,TheEmptinessMachine,Westwood,Throughput,HTTP/2
2025-05-01 01:36:13,index,118.111000061035,674,TheEmptinessMachine,Westwood,Throughput,HTTP/2
2025-05-01 01:36:15,index,120.111999988556,674,TheEmptinessMachine,Westwood,Throughput,HTTP/2
2025-05-01 01:36:17,index,122.111000061035,674,TheEmptinessMachine,Westwood,Throughput,HTTP/2
2025-05-01 01:36:19,index,124.111000061035,674,TheEmptinessMachine,Westwood,Throughput,HTTP/2
2025-05-01 01:36:21,index,126.111000061035,674,TheEmptinessMachine,Westwood,Throughput,HTTP/2
2025-05-01 01:36:23,index,128.111000061035,674,TheEmptinessMachine,Westwood,Throughput,HTTP/2
2025-05-01 01:36:25,index,130.111000061035,330,TheEmptinessMachine,Westwood,Throughput,HTTP/2
2025-05-01 01:36:27,index,132.111000061035,330,TheEmptinessMachine,Westwood,Throughput,HTTP/2
2025-05-01 01:36:29,index,134.111000061035,330,TheEmptinessMachine,Westwood,Throughput,HTTP/2
2025-05-01 01:36:31,index,136.111999988556,330,TheEmptinessMachine,Westwood,Throughput,HTTP/2
2025-05-01 01:36:33,index,138.111000061035,330,TheEmptinessMachine,Westwood,Throughput,HTTP/2
2025-05-01 01:36:35,index,140.111000061035,330,TheEmptinessMachine,Westwood,Throughput,HTTP/2
2025-05-01 01:36:37,index,142.111000061035,330,TheEmptinessMachine,Westwood,Throughput,HTTP/2
2025-05-01 01:36:39,index,144.111000061035,330,TheEmptinessMachine,Westwood,Throughput,HTTP/2
2025-05-01 01:36:41,index,146.111999988556,330,TheEmptinessMachine,Westwood,Throughput,HTTP/2
2025-05-01 01:36:43,index,148.111000061035,330,TheEmptinessMachine,Westwood,Throughput,HTTP/2
2025-05-01 01:36:45,index,150.111000061035,330,TheEmptinessMachine,Westwood,Throughput,HTTP/2
2025-05-01 01:36:47,index,152.111000061035,330,TheEmptinessMachine,Westwood,Throughput,HTTP/2
2025-05-01 01:36:49,index,154.111000061035,330,TheEmptinessMachine,Westwood,Throughput,HTTP/2
2025-05-01 01:36:51,index,156.111000061035,330,TheEmptinessMachine,Westwood,Throughput,HTTP/2
2025-05-01 01:36:53,index,158.111000061035,330,TheEmptinessMachine,Westwood,Throughput,HTTP/2
2025-05-01 01:36:55,index,160.111000061035,330,TheEmptinessMachine,Westwood,Throughput,HTTP/2
2025-05-01 01:36:57,index,162.111000061035,330,TheEmptinessMachine,Westwood,Throughput,HTTP/2
2025-05-01 01:36:59,index,164.111000061035,330,TheEmptinessMachine,Westwood,Throughput,HTTP/2
2025-05-01 01:37:01,index,166.111000061035,330,TheEmptinessMachine,Westwood,Throughput,HTTP/2
2025-05-01 01:37:03,index,168.111000061035,330,TheEmptinessMachine,Westwood,Throughput,HTTP/2
2025-05-01 01:37:05,index,170.111000061035,330,TheEmptinessMachine,Westwood,Throughput,HTTP/2
2025-05-01 01:37:07,index,172.111000061035,330,TheEmptinessMachine,Westwood,Throughput,HTTP/2
2025-05-01 01:37:09,index,174.111000061035,330,TheEmptinessMachine,Westwood,Throughput,HTTP/2
2025-05-01 01:37:11,index,176.111000061035,330,TheEmptinessMachine,Westwood,Throughput,HTTP/2
2025-05-01 01:37:13,index,178.111000061035,330,TheEmptinessMachine,Westwood,Throughput,HTTP/2
2025-05-01 01:37:15,index,180.111000061035,330,TheEmptinessMachine,Westwood,Throughput,HTTP/2
2025-05-01 01:37:17,index,182.111999988556,330,TheEmptinessMachine,Westwood,Throughput,HTTP/2
2025-05-01 01:37:19,index,184.111000061035,330,TheEmptinessMachine,Westwood,Throughput,HTTP/2
2025-05-01 01:37:21,index,186.111000061035,330,TheEmptinessMachine,Westwood,Throughput,HTTP/2
2025-05-01 01:37:23,index,188.111000061035,330,TheEmptinessMachine,Westwood,Throughput,HTTP/2
2025-05-01 01:37:25,index,190.111000061035,320,TheEmptinessMachine,Westwood,Throughput,HTTP/2
2025-05-01 01:37:27,index,192.111000061035,320,TheEmptinessMachine,Westwood,Throughput,HTTP/2
2025-05-01 01:37:29,index,194.111000061035,320,TheEmptinessMachine,Westwood,Throughput,HTTP/2
2025-05-01 01:37:31,index,196.111000061035,320,TheEmptinessMachine,Westwood,Throughput,HTTP/2
2025-05-01 01:37:33,index,198.111000061035,320,TheEmptinessMachine,Westwood,Throughput,HTTP/2
2025-05-01 01:37:35,index,200.111000061035,320,TheEmptinessMachine,Westwood,Throughput,HTTP/2
2025-05-01 01:37:37,index,202.111000061035,320,TheEmptinessMachine,Westwood,Throughput,HTTP/2
2025-05-01 01:37:39,index,204.111000061035,320,TheEmptinessMachine,Westwood,Throughput,HTTP/2
2025-05-01 01:37:41,index,206.111000061035,320,TheEmptinessMachine,Westwood,Throughput,HTTP/2
2025-05-01 01:38:22,index,4.1100001335144,674,TheEmptinessMachine,Westwood,Throughput,HTTP/3
2025-05-01 01:38:24,index,6.1100001335144,330,TheEmptinessMachine,Westwood,Throughput,HTTP/3
2025-05-01 01:38:28,index,10.1100001335144,214,TheEmptinessMachine,Westwood,Throughput,HTTP/3
2025-05-01 01:38:30,index,12.1100001335144,214,TheEmptinessMachine,Westwood,Throughput,HTTP/3
2025-05-01 01:38:32,index,14.1100001335144,214,TheEmptinessMachine,Westwood,Throughput,HTTP/3
2025-05-01 01:38:34,index,16.1110000610352,214,TheEmptinessMachine,Westwood,Throughput,HTTP/3
2025-05-01 01:38:36,index,18.1100001335144,330,TheEmptinessMachine,Westwood,Throughput,HTTP/3
2025-05-01 01:38:38,index,20.1100001335144,330,TheEmptinessMachine,Westwood,Throughput,HTTP/3
2025-05-01 01:38:40,index,22.1100001335144,169,TheEmptinessMachine,Westwood,Throughput,HTTP/3
2025-05-01 01:38:48,index,30.1100001335144,72,TheEmptinessMachine,Westwood,Throughput,HTTP/3
2025-05-01 01:38:50,index,32.1100001335144,320,TheEmptinessMachine,Westwood,Throughput,HTTP/3
2025-05-01 01:38:52,index,34.1100001335144,320,TheEmptinessMachine,Westwood,Throughput,HTTP/3
2025-05-01 01:38:54,index,36.1100001335144,330,TheEmptinessMachine,Westwood,Throughput,HTTP/3
2025-05-01 01:38:56,index,38.1100001335144,320,TheEmptinessMachine,Westwood,Throughput,HTTP/3
2025-05-01 01:38:58,index,40.1100001335144,320,TheEmptinessMachine,Westwood,Throughput,HTTP/3
2025-05-01 01:39:00,index,42.1100001335144,320,TheEmptinessMachine,Westwood,Throughput,HTTP/3
2025-05-01 01:39:04,index,46.1100001335144,72,TheEmptinessMachine,Westwood,Throughput,HTTP/3
2025-05-01 01:39:06,index,48.1100001335144,320,TheEmptinessMachine,Westwood,Throughput,HTTP/3
2025-05-01 01:39:10,index,52.1110000610352,72,TheEmptinessMachine,Westwood,Throughput,HTTP/3
2025-05-01 01:39:12,index,54.1100001335144,72,TheEmptinessMachine,Westwood,Throughput,HTTP/3
2025-05-01 01:39:14,index,56.1100001335144,72,TheEmptinessMachine,Westwood,Throughput,HTTP/3
2025-05-01 01:39:16,index,58.1100001335144,72,TheEmptinessMachine,Westwood,Throughput,HTTP/3
2025-05-01 01:39:18,index,60.1100001335144,72,TheEmptinessMachine,Westwood,Throughput,HTTP/3
2025-05-01 01:39:20,index,62.1100001335144,214,TheEmptinessMachine,Westwood,Throughput,HTTP/3
2025-05-01 01:39:22,index,64.1100001335144,320,TheEmptinessMachine,Westwood,Throughput,HTTP/3
2025-05-01 01:39:24,index,66.1100001335144,330,TheEmptinessMachine,Westwood,Throughput,HTTP/3
2025-05-01 01:39:26,index,68.1100001335144,330,TheEmptinessMachine,Westwood,Throughput,HTTP/3
2025-05-01 01:39:28,index,70.1100001335144,169,TheEmptinessMachine,Westwood,Throughput,HTTP/3
2025-05-01 01:39:30,index,72.1100001335144,169,TheEmptinessMachine,Westwood,Throughput,HTTP/3
2025-05-01 01:39:32,index,74.1100001335144,169,TheEmptinessMachine,Westwood,Throughput,HTTP/3
2025-05-01 01:39:34,index,76.1100001335144,169,TheEmptinessMachine,Westwood,Throughput,HTTP/3
2025-05-01 01:39:36,index,78.1100001335144,169,TheEmptinessMachine,Westwood,Throughput,HTTP/3
2025-05-01 01:39:38,index,80.1100001335144,330,TheEmptinessMachine,Westwood,Throughput,HTTP/3
2025-05-01 01:39:40,index,82.1100001335144,330,TheEmptinessMachine,Westwood,Throughput,HTTP/3
2025-05-01 01:39:42,index,84.1100001335144,84,TheEmptinessMachine,Westwood,Throughput,HTTP/3
2025-05-01 01:39:44,index,86.1100001335144,84,TheEmptinessMachine,Westwood,Throughput,HTTP/3
2025-05-01 01:39:46,index,88.1100001335144,84,TheEmptinessMachine,Westwood,Throughput,HTTP/3
2025-05-01 01:39:48,index,90.1100001335144,84,TheEmptinessMachine,Westwood,Throughput,HTTP/3
2025-05-01 01:39:50,index,92.1100001335144,84,TheEmptinessMachine,Westwood,Throughput,HTTP/3
2025-05-01 01:39:52,index,94.1100001335144,214,TheEmptinessMachine,Westwood,Throughput,HTTP/3
2025-05-01 01:39:54,index,96.1100001335144,320,TheEmptinessMachine,Westwood,Throughput,HTTP/3
2025-05-01 01:39:56,index,98.1100001335144,330,TheEmptinessMachine,Westwood,Throughput,HTTP/3
2025-05-01 01:39:58,index,100.110000133514,330,TheEmptinessMachine,Westwood,Throughput,HTTP/3
2025-05-01 01:40:00,index,102.110000133514,330,TheEmptinessMachine,Westwood,Throughput,HTTP/3
2025-05-01 01:40:02,index,104.110000133514,330,TheEmptinessMachine,Westwood,Throughput,HTTP/3
2025-05-01 01:40:04,index,106.110000133514,330,TheEmptinessMachine,Westwood,Throughput,HTTP/3
2025-05-01 01:40:06,index,108.110000133514,330,TheEmptinessMachine,Westwood,Throughput,HTTP/3
2025-05-01 01:40:08,index,110.110000133514,72,TheEmptinessMachine,Westwood,Throughput,HTTP/3
2025-05-01 01:40:10,index,112.110000133514,72,TheEmptinessMachine,Westwood,Throughput,HTTP/3
2025-05-01 01:40:12,index,114.110000133514,72,TheEmptinessMachine,Westwood,Throughput,HTTP/3
2025-05-01 01:40:14,index,116.111000061035,72,TheEmptinessMachine,Westwood,Throughput,HTTP/3
2025-05-01 01:40:16,index,118.110000133514,72,TheEmptinessMachine,Westwood,Throughput,HTTP/3
2025-05-01 01:40:18,index,120.110000133514,214,TheEmptinessMachine,Westwood,Throughput,HTTP/3
2025-05-01 01:40:20,index,122.110000133514,214,TheEmptinessMachine,Westwood,Throughput,HTTP/3
2025-05-01 01:40:22,index,124.110000133514,320,TheEmptinessMachine,Westwood,Throughput,HTTP/3
2025-05-01 01:40:24,index,126.110000133514,330,TheEmptinessMachine,Westwood,Throughput,HTTP/3
2025-05-01 01:40:26,index,128.110000133514,330,TheEmptinessMachine,Westwood,Throughput,HTTP/3
2025-05-01 01:40:28,index,130.110000133514,330,TheEmptinessMachine,Westwood,Throughput,HTTP/3
2025-05-01 01:40:30,index,132.110000133514,214,TheEmptinessMachine,Westwood,Throughput,HTTP/3
2025-05-01 01:40:36,index,138.110000133514,84,TheEmptinessMachine,Westwood,Throughput,HTTP/3
2025-05-01 01:40:38,index,140.110000133514,169,TheEmptinessMachine,Westwood,Throughput,HTTP/3
2025-05-01 01:40:40,index,142.110000133514,169,TheEmptinessMachine,Westwood,Throughput,HTTP/3
2025-05-01 01:40:42,index,144.110000133514,169,TheEmptinessMachine,Westwood,Throughput,HTTP/3
2025-05-01 01:40:46,index,148.110000133514,169,TheEmptinessMachine,Westwood,Throughput,HTTP/3
2025-05-01 01:40:48,index,150.110000133514,166,TheEmptinessMachine,Westwood,Throughput,HTTP/3
2025-05-01 01:40:50,index,152.111000061035,166,TheEmptinessMachine,Westwood,Throughput,HTTP/3
2025-05-01 01:40:52,index,154.110000133514,166,TheEmptinessMachine,Westwood,Throughput,HTTP/3
2025-05-01 01:40:54,index,156.110000133514,166,TheEmptinessMachine,Westwood,Throughput,HTTP/3
2025-05-01 01:40:56,index,158.110000133514,166,TheEmptinessMachine,Westwood,Throughput,HTTP/3
2025-05-01 01:40:58,index,160.110000133514,166,TheEmptinessMachine,Westwood,Throughput,HTTP/3
2025-05-01 01:41:00,index,162.110000133514,84,TheEmptinessMachine,Westwood,Throughput,HTTP/3
2025-05-01 01:41:02,index,164.110000133514,84,TheEmptinessMachine,Westwood,Throughput,HTTP/3
2025-05-01 01:41:04,index,166.111000061035,84,TheEmptinessMachine,Westwood,Throughput,HTTP/3
2025-05-01 01:41:06,index,168.110000133514,84,TheEmptinessMachine,Westwood,Throughput,HTTP/3
2025-05-01 01:41:08,index,170.111000061035,84,TheEmptinessMachine,Westwood,Throughput,HTTP/3
2025-05-01 01:41:10,index,172.110000133514,84,TheEmptinessMachine,Westwood,Throughput,HTTP/3
2025-05-01 01:41:12,index,174.110000133514,320,TheEmptinessMachine,Westwood,Throughput,HTTP/3
2025-05-01 01:41:14,index,176.110000133514,330,TheEmptinessMachine,Westwood,Throughput,HTTP/3
2025-05-01 01:41:16,index,178.111000061035,330,TheEmptinessMachine,Westwood,Throughput,HTTP/3
2025-05-01 01:41:18,index,180.110000133514,330,TheEmptinessMachine,Westwood,Throughput,HTTP/3
2025-05-01 01:41:20,index,182.110000133514,330,TheEmptinessMachine,Westwood,Throughput,HTTP/3
2025-05-01 01:41:22,index,184.110000133514,330,TheEmptinessMachine,Westwood,Throughput,HTTP/3
2025-05-01 01:41:24,index,186.111000061035,214,TheEmptinessMachine,Westwood,Throughput,HTTP/3
2025-05-01 01:41:26,index,188.110000133514,320,TheEmptinessMachine,Westwood,Throughput,HTTP/3
2025-05-01 01:41:28,index,190.111000061035,169,TheEmptinessMachine,Westwood,Throughput,HTTP/3
2025-05-01 01:41:30,index,192.110000133514,169,TheEmptinessMachine,Westwood,Throughput,HTTP/3
2025-05-01 01:41:32,index,194.110000133514,169,TheEmptinessMachine,Westwood,Throughput,HTTP/3
2025-05-01 01:41:34,index,196.110000133514,169,TheEmptinessMachine,Westwood,Throughput,HTTP/3
2025-05-01 01:41:36,index,198.110000133514,169,TheEmptinessMachine,Westwood,Throughput,HTTP/3
2025-05-01 01:42:31,index,7.15400004386902,1767,TheEmptinessMachine,HTCP,Dynamic,HTTP/1.1
2025-05-01 01:42:35,index,11.154000043869,635,TheEmptinessMachine,HTCP,Dynamic,HTTP/1.1
2025-05-01 01:42:39,index,15.154000043869,72,TheEmptinessMachine,HTCP,Dynamic,HTTP/1.1
2025-05-01 01:42:41,index,17.154000043869,72,TheEmptinessMachine,HTCP,Dynamic,HTTP/1.1
2025-05-01 01:42:43,index,19.154000043869,72,TheEmptinessMachine,HTCP,Dynamic,HTTP/1.1
2025-05-01 01:42:45,index,21.154000043869,72,TheEmptinessMachine,HTCP,Dynamic,HTTP/1.1
2025-05-01 01:42:47,index,23.154000043869,72,TheEmptinessMachine,HTCP,Dynamic,HTTP/1.1
2025-05-01 01:42:49,index,25.154000043869,980,TheEmptinessMachine,HTCP,Dynamic,HTTP/1.1
2025-05-01 01:42:51,index,27.154000043869,980,TheEmptinessMachine,HTCP,Dynamic,HTTP/1.1
2025-05-01 01:42:53,index,29.154000043869,674,TheEmptinessMachine,HTCP,Dynamic,HTTP/1.1
2025-05-01 01:42:55,index,31.154000043869,674,TheEmptinessMachine,HTCP,Dynamic,HTTP/1.1
2025-05-01 01:42:57,index,33.154000043869,674,TheEmptinessMachine,HTCP,Dynamic,HTTP/1.1
2025-05-01 01:42:59,index,35.154000043869,674,TheEmptinessMachine,HTCP,Dynamic,HTTP/1.1
2025-05-01 01:43:01,index,37.154000043869,635,TheEmptinessMachine,HTCP,Dynamic,HTTP/1.1
2025-05-01 01:43:03,index,39.154000043869,674,TheEmptinessMachine,HTCP,Dynamic,HTTP/1.1
2025-05-01 01:43:05,index,41.154000043869,214,TheEmptinessMachine,HTCP,Dynamic,HTTP/1.1
2025-05-01 01:43:07,index,43.154000043869,330,TheEmptinessMachine,HTCP,Dynamic,HTTP/1.1
2025-05-01 01:43:09,index,45.154000043869,674,TheEmptinessMachine,HTCP,Dynamic,HTTP/1.1
2025-05-01 01:43:11,index,47.154000043869,674,TheEmptinessMachine,HTCP,Dynamic,HTTP/1.1
2025-05-01 01:43:13,index,49.154000043869,674,TheEmptinessMachine,HTCP,Dynamic,HTTP/1.1
2025-05-01 01:43:15,index,51.154000043869,330,TheEmptinessMachine,HTCP,Dynamic,HTTP/1.1
2025-05-01 01:43:17,index,53.154000043869,169,TheEmptinessMachine,HTCP,Dynamic,HTTP/1.1
2025-05-01 01:43:19,index,55.154000043869,330,TheEmptinessMachine,HTCP,Dynamic,HTTP/1.1
2025-05-01 01:43:21,index,57.154000043869,330,TheEmptinessMachine,HTCP,Dynamic,HTTP/1.1
2025-05-01 01:43:23,index,59.154000043869,674,TheEmptinessMachine,HTCP,Dynamic,HTTP/1.1
2025-05-01 01:43:25,index,61.154000043869,320,TheEmptinessMachine,HTCP,Dynamic,HTTP/1.1
2025-05-01 01:43:27,index,63.154000043869,674,TheEmptinessMachine,HTCP,Dynamic,HTTP/1.1
2025-05-01 01:43:29,index,65.154000043869,84,TheEmptinessMachine,HTCP,Dynamic,HTTP/1.1
2025-05-01 01:43:31,index,67.154000043869,635,TheEmptinessMachine,HTCP,Dynamic,HTTP/1.1
2025-05-01 01:43:35,index,71.154000043869,81,TheEmptinessMachine,HTCP,Dynamic,HTTP/1.1
2025-05-01 01:43:37,index,73.154000043869,214,TheEmptinessMachine,HTCP,Dynamic,HTTP/1.1
2025-05-01 01:43:39,index,75.154000043869,330,TheEmptinessMachine,HTCP,Dynamic,HTTP/1.1
2025-05-01 01:43:41,index,77.154000043869,330,TheEmptinessMachine,HTCP,Dynamic,HTTP/1.1
2025-05-01 01:43:43,index,79.1550002098083,330,TheEmptinessMachine,HTCP,Dynamic,HTTP/1.1
2025-05-01 01:43:45,index,81.154000043869,330,TheEmptinessMachine,HTCP,Dynamic,HTTP/1.1
2025-05-01 01:43:47,index,83.154000043869,320,TheEmptinessMachine,HTCP,Dynamic,HTTP/1.1
2025-05-01 01:43:49,index,85.154000043869,320,TheEmptinessMachine,HTCP,Dynamic,HTTP/1.1
2025-05-01 01:43:51,index,87.154000043869,320,TheEmptinessMachine,HTCP,Dynamic,HTTP/1.1
2025-05-01 01:43:53,index,89.154000043869,320,TheEmptinessMachine,HTCP,Dynamic,HTTP/1.1
2025-05-01 01:43:55,index,91.154000043869,320,TheEmptinessMachine,HTCP,Dynamic,HTTP/1.1
2025-05-01 01:43:57,index,93.154000043869,320,TheEmptinessMachine,HTCP,Dynamic,HTTP/1.1
2025-05-01 01:43:59,index,95.154000043869,320,TheEmptinessMachine,HTCP,Dynamic,HTTP/1.1
2025-05-01 01:44:01,index,97.154000043869,320,TheEmptinessMachine,HTCP,Dynamic,HTTP/1.1
2025-05-01 01:44:03,index,99.154000043869,330,TheEmptinessMachine,HTCP,Dynamic,HTTP/1.1
2025-05-01 01:44:05,index,101.154000043869,330,TheEmptinessMachine,HTCP,Dynamic,HTTP/1.1
2025-05-01 01:44:07,index,103.154000043869,635,TheEmptinessMachine,HTCP,Dynamic,HTTP/1.1
2025-05-01 01:44:09,index,105.154000043869,674,TheEmptinessMachine,HTCP,Dynamic,HTTP/1.1
2025-05-01 01:44:11,index,107.154000043869,674,TheEmptinessMachine,HTCP,Dynamic,HTTP/1.1
2025-05-01 01:44:13,index,109.154000043869,674,TheEmptinessMachine,HTCP,Dynamic,HTTP/1.1
2025-05-01 01:44:15,index,111.154000043869,330,TheEmptinessMachine,HTCP,Dynamic,HTTP/1.1
2025-05-01 01:44:17,index,113.154000043869,214,TheEmptinessMachine,HTCP,Dynamic,HTTP/1.1
2025-05-01 01:44:19,index,115.154000043869,214,TheEmptinessMachine,HTCP,Dynamic,HTTP/1.1
2025-05-01 01:44:21,index,117.154000043869,330,TheEmptinessMachine,HTCP,Dynamic,HTTP/1.1
2025-05-01 01:44:23,index,119.154000043869,84,TheEmptinessMachine,HTCP,Dynamic,HTTP/1.1
2025-05-01 01:44:25,index,121.154000043869,214,TheEmptinessMachine,HTCP,Dynamic,HTTP/1.1
2025-05-01 01:44:27,index,123.154000043869,330,TheEmptinessMachine,HTCP,Dynamic,HTTP/1.1
2025-05-01 01:44:29,index,125.154000043869,320,TheEmptinessMachine,HTCP,Dynamic,HTTP/1.1
2025-05-01 01:44:31,index,127.154000043869,320,TheEmptinessMachine,HTCP,Dynamic,HTTP/1.1
2025-05-01 01:44:33,index,129.154000043869,320,TheEmptinessMachine,HTCP,Dynamic,HTTP/1.1
2025-05-01 01:44:35,index,131.154000043869,320,TheEmptinessMachine,HTCP,Dynamic,HTTP/1.1
2025-05-01 01:44:37,index,133.154000043869,320,TheEmptinessMachine,HTCP,Dynamic,HTTP/1.1
2025-05-01 01:44:39,index,135.155000209808,214,TheEmptinessMachine,HTCP,Dynamic,HTTP/1.1
2025-05-01 01:44:41,index,137.154000043869,214,TheEmptinessMachine,HTCP,Dynamic,HTTP/1.1
2025-05-01 01:44:43,index,139.154000043869,214,TheEmptinessMachine,HTCP,Dynamic,HTTP/1.1
2025-05-01 01:44:45,index,141.154000043869,214,TheEmptinessMachine,HTCP,Dynamic,HTTP/1.1
2025-05-01 01:44:47,index,143.154000043869,214,TheEmptinessMachine,HTCP,Dynamic,HTTP/1.1
2025-05-01 01:44:49,index,145.154000043869,214,TheEmptinessMachine,HTCP,Dynamic,HTTP/1.1
2025-05-01 01:44:51,index,147.154000043869,214,TheEmptinessMachine,HTCP,Dynamic,HTTP/1.1
2025-05-01 01:44:53,index,149.154000043869,214,TheEmptinessMachine,HTCP,Dynamic,HTTP/1.1
2025-05-01 01:44:55,index,151.154000043869,214,TheEmptinessMachine,HTCP,Dynamic,HTTP/1.1
2025-05-01 01:44:57,index,153.154000043869,214,TheEmptinessMachine,HTCP,Dynamic,HTTP/1.1
2025-05-01 01:44:59,index,155.154000043869,214,TheEmptinessMachine,HTCP,Dynamic,HTTP/1.1
2025-05-01 01:45:01,index,157.154000043869,674,TheEmptinessMachine,HTCP,Dynamic,HTTP/1.1
2025-05-01 01:45:03,index,159.154000043869,674,TheEmptinessMachine,HTCP,Dynamic,HTTP/1.1
2025-05-01 01:45:05,index,161.154000043869,674,TheEmptinessMachine,HTCP,Dynamic,HTTP/1.1
2025-05-01 01:45:07,index,163.154000043869,674,TheEmptinessMachine,HTCP,Dynamic,HTTP/1.1
2025-05-01 01:45:09,index,165.154000043869,674,TheEmptinessMachine,HTCP,Dynamic,HTTP/1.1
2025-05-01 01:45:11,index,167.154000043869,674,TheEmptinessMachine,HTCP,Dynamic,HTTP/1.1
2025-05-01 01:45:13,index,169.154000043869,674,TheEmptinessMachine,HTCP,Dynamic,HTTP/1.1
2025-05-01 01:45:15,index,171.154000043869,330,TheEmptinessMachine,HTCP,Dynamic,HTTP/1.1
2025-05-01 01:45:17,index,173.154000043869,330,TheEmptinessMachine,HTCP,Dynamic,HTTP/1.1
2025-05-01 01:45:19,index,175.154000043869,330,TheEmptinessMachine,HTCP,Dynamic,HTTP/1.1
2025-05-01 01:45:21,index,177.154000043869,330,TheEmptinessMachine,HTCP,Dynamic,HTTP/1.1
2025-05-01 01:45:23,index,179.154000043869,330,TheEmptinessMachine,HTCP,Dynamic,HTTP/1.1
2025-05-01 01:45:25,index,181.154000043869,330,TheEmptinessMachine,HTCP,Dynamic,HTTP/1.1
2025-05-01 01:45:27,index,183.154000043869,330,TheEmptinessMachine,HTCP,Dynamic,HTTP/1.1
2025-05-01 01:45:29,index,185.154000043869,320,TheEmptinessMachine,HTCP,Dynamic,HTTP/1.1
2025-05-01 01:45:31,index,187.154000043869,320,TheEmptinessMachine,HTCP,Dynamic,HTTP/1.1
2025-05-01 01:45:33,index,189.154000043869,320,TheEmptinessMachine,HTCP,Dynamic,HTTP/1.1
2025-05-01 01:45:35,index,191.154000043869,320,TheEmptinessMachine,HTCP,Dynamic,HTTP/1.1
2025-05-01 01:45:37,index,193.154000043869,320,TheEmptinessMachine,HTCP,Dynamic,HTTP/1.1
2025-05-01 01:45:39,index,195.154000043869,320,TheEmptinessMachine,HTCP,Dynamic,HTTP/1.1
2025-05-01 01:45:41,index,197.154000043869,320,TheEmptinessMachine,HTCP,Dynamic,HTTP/1.1
2025-05-01 01:45:43,index,199.154000043869,320,TheEmptinessMachine,HTCP,Dynamic,HTTP/1.1
2025-05-01 01:46:32,index,4.09600019454956,980,TheEmptinessMachine,HTCP,Dynamic,HTTP/2
2025-05-01 01:46:33,index,6.09600019454956,980,TheEmptinessMachine,HTCP,Dynamic,HTTP/2
2025-05-01 01:46:36,index,8.11600017547607,674,TheEmptinessMachine,HTCP,Dynamic,HTTP/2
2025-05-01 01:46:37,index,10.0960001945496,674,TheEmptinessMachine,HTCP,Dynamic,HTTP/2
2025-05-01 01:46:43,index,16.0970001220703,330,TheEmptinessMachine,HTCP,Dynamic,HTTP/2
2025-05-01 01:46:45,index,18.0960001945496,674,TheEmptinessMachine,HTCP,Dynamic,HTTP/2
2025-05-01 01:46:47,index,20.0960001945496,980,TheEmptinessMachine,HTCP,Dynamic,HTTP/2
2025-05-01 01:46:49,index,22.0970001220703,674,TheEmptinessMachine,HTCP,Dynamic,HTTP/2
2025-05-01 01:46:51,index,24.0960001945496,674,TheEmptinessMachine,HTCP,Dynamic,HTTP/2
2025-05-01 01:46:53,index,26.0960001945496,72,TheEmptinessMachine,HTCP,Dynamic,HTTP/2
2025-05-01 01:46:56,index,28.0960001945496,635,TheEmptinessMachine,HTCP,Dynamic,HTTP/2
2025-05-01 01:46:59,index,32.0960001945496,214,TheEmptinessMachine,HTCP,Dynamic,HTTP/2
2025-05-01 01:47:01,index,34.0970001220703,330,TheEmptinessMachine,HTCP,Dynamic,HTTP/2
2025-05-01 01:47:05,index,38.0960001945496,330,TheEmptinessMachine,HTCP,Dynamic,HTTP/2
2025-05-01 01:47:09,index,42.0970001220703,330,TheEmptinessMachine,HTCP,Dynamic,HTTP/2
2025-05-01 01:47:11,index,44.0960001945496,330,TheEmptinessMachine,HTCP,Dynamic,HTTP/2
2025-05-01 01:47:13,index,46.0970001220703,320,TheEmptinessMachine,HTCP,Dynamic,HTTP/2
2025-05-01 01:47:15,index,48.0960001945496,320,TheEmptinessMachine,HTCP,Dynamic,HTTP/2
2025-05-01 01:47:17,index,50.0970001220703,320,TheEmptinessMachine,HTCP,Dynamic,HTTP/2
2025-05-01 01:47:21,index,54.0960001945496,169,TheEmptinessMachine,HTCP,Dynamic,HTTP/2
2025-05-01 01:47:23,index,56.0970001220703,320,TheEmptinessMachine,HTCP,Dynamic,HTTP/2
2025-05-01 01:47:25,index,58.0970001220703,214,TheEmptinessMachine,HTCP,Dynamic,HTTP/2
2025-05-01 01:47:27,index,60.0970001220703,214,TheEmptinessMachine,HTCP,Dynamic,HTTP/2
2025-05-01 01:47:29,index,62.0970001220703,214,TheEmptinessMachine,HTCP,Dynamic,HTTP/2
2025-05-01 01:47:31,index,64.0960001945496,214,TheEmptinessMachine,HTCP,Dynamic,HTTP/2
2025-05-01 01:47:33,index,66.0970001220703,214,TheEmptinessMachine,HTCP,Dynamic,HTTP/2
2025-05-01 01:47:35,index,68.0960001945496,214,TheEmptinessMachine,HTCP,Dynamic,HTTP/2
2025-05-01 01:47:37,index,70.0960001945496,214,TheEmptinessMachine,HTCP,Dynamic,HTTP/2
2025-05-01 01:47:39,index,72.0970001220703,330,TheEmptinessMachine,HTCP,Dynamic,HTTP/2
2025-05-01 01:47:41,index,74.0960001945496,330,TheEmptinessMachine,HTCP,Dynamic,HTTP/2
2025-05-01 01:47:43,index,76.0960001945496,330,TheEmptinessMachine,HTCP,Dynamic,HTTP/2
2025-05-01 01:47:45,index,78.0960001945496,330,TheEmptinessMachine,HTCP,Dynamic,HTTP/2
2025-05-01 01:47:47,index,80.0960001945496,330,TheEmptinessMachine,HTCP,Dynamic,HTTP/2
2025-05-01 01:47:49,index,82.0960001945496,330,TheEmptinessMachine,HTCP,Dynamic,HTTP/2
2025-05-01 01:47:51,index,84.0970001220703,214,TheEmptinessMachine,HTCP,Dynamic,HTTP/2
2025-05-01 01:47:53,index,86.0960001945496,320,TheEmptinessMachine,HTCP,Dynamic,HTTP/2
2025-05-01 01:47:55,index,88.0970001220703,320,TheEmptinessMachine,HTCP,Dynamic,HTTP/2
2025-05-01 01:47:57,index,90.0960001945496,320,TheEmptinessMachine,HTCP,Dynamic,HTTP/2
2025-05-01 01:47:59,index,92.0960001945496,320,TheEmptinessMachine,HTCP,Dynamic,HTTP/2
2025-05-01 01:48:01,index,94.0970001220703,320,TheEmptinessMachine,HTCP,Dynamic,HTTP/2
2025-05-01 01:48:03,index,96.0960001945496,320,TheEmptinessMachine,HTCP,Dynamic,HTTP/2
2025-05-01 01:48:05,index,98.0960001945496,320,TheEmptinessMachine,HTCP,Dynamic,HTTP/2
2025-05-01 01:48:07,index,100.09600019455,635,TheEmptinessMachine,HTCP,Dynamic,HTTP/2
2025-05-01 01:48:10,index,102.09700012207,635,TheEmptinessMachine,HTCP,Dynamic,HTTP/2
2025-05-01 01:48:11,index,104.09600019455,674,TheEmptinessMachine,HTCP,Dynamic,HTTP/2
2025-05-01 01:48:13,index,106.09600019455,674,TheEmptinessMachine,HTCP,Dynamic,HTTP/2
2025-05-01 01:48:15,index,108.09700012207,674,TheEmptinessMachine,HTCP,Dynamic,HTTP/2
2025-05-01 01:48:17,index,110.09600019455,980,TheEmptinessMachine,HTCP,Dynamic,HTTP/2
2025-05-01 01:48:19,index,112.09600019455,980,TheEmptinessMachine,HTCP,Dynamic,HTTP/2
2025-05-01 01:48:21,index,114.09700012207,330,TheEmptinessMachine,HTCP,Dynamic,HTTP/2
2025-05-01 01:48:23,index,116.09600019455,674,TheEmptinessMachine,HTCP,Dynamic,HTTP/2
2025-05-01 01:48:27,index,120.09600019455,330,TheEmptinessMachine,HTCP,Dynamic,HTTP/2
2025-05-01 01:48:29,index,122.09600019455,330,TheEmptinessMachine,HTCP,Dynamic,HTTP/2
2025-05-01 01:48:33,index,126.09600019455,330,TheEmptinessMachine,HTCP,Dynamic,HTTP/2
2025-05-01 01:48:35,index,128.09600019455,330,TheEmptinessMachine,HTCP,Dynamic,HTTP/2
2025-05-01 01:48:37,index,130.09700012207,330,TheEmptinessMachine,HTCP,Dynamic,HTTP/2
2025-05-01 01:48:39,index,132.09600019455,330,TheEmptinessMachine,HTCP,Dynamic,HTTP/2
2025-05-01 01:48:41,index,134.09600019455,320,TheEmptinessMachine,HTCP,Dynamic,HTTP/2
2025-05-01 01:48:43,index,136.09600019455,320,TheEmptinessMachine,HTCP,Dynamic,HTTP/2
2025-05-01 01:48:45,index,138.09600019455,320,TheEmptinessMachine,HTCP,Dynamic,HTTP/2
2025-05-01 01:48:47,index,140.09600019455,320,TheEmptinessMachine,HTCP,Dynamic,HTTP/2
2025-05-01 01:48:49,index,142.09700012207,320,TheEmptinessMachine,HTCP,Dynamic,HTTP/2
2025-05-01 01:48:51,index,144.09700012207,320,TheEmptinessMachine,HTCP,Dynamic,HTTP/2
2025-05-01 01:48:53,index,146.09600019455,320,TheEmptinessMachine,HTCP,Dynamic,HTTP/2
2025-05-01 01:48:55,index,148.09600019455,320,TheEmptinessMachine,HTCP,Dynamic,HTTP/2
2025-05-01 01:48:57,index,150.09700012207,320,TheEmptinessMachine,HTCP,Dynamic,HTTP/2
2025-05-01 01:48:59,index,152.09600019455,320,TheEmptinessMachine,HTCP,Dynamic,HTTP/2
2025-05-01 01:49:01,index,154.09600019455,330,TheEmptinessMachine,HTCP,Dynamic,HTTP/2
2025-05-01 01:49:03,index,156.09600019455,330,TheEmptinessMachine,HTCP,Dynamic,HTTP/2
2025-05-01 01:49:05,index,158.09700012207,635,TheEmptinessMachine,HTCP,Dynamic,HTTP/2
2025-05-01 01:49:07,index,160.09600019455,635,TheEmptinessMachine,HTCP,Dynamic,HTTP/2
2025-05-01 01:49:09,index,162.09600019455,635,TheEmptinessMachine,HTCP,Dynamic,HTTP/2
2025-05-01 01:49:11,index,164.09600019455,330,TheEmptinessMachine,HTCP,Dynamic,HTTP/2
2025-05-01 01:49:13,index,166.09600019455,72,TheEmptinessMachine,HTCP,Dynamic,HTTP/2
2025-05-01 01:49:15,index,168.09700012207,320,TheEmptinessMachine,HTCP,Dynamic,HTTP/2
2025-05-01 01:49:19,index,172.09600019455,320,TheEmptinessMachine,HTCP,Dynamic,HTTP/2
2025-05-01 01:49:22,index,174.100000143051,214,TheEmptinessMachine,HTCP,Dynamic,HTTP/2
2025-05-01 01:49:23,index,176.09600019455,84,TheEmptinessMachine,HTCP,Dynamic,HTTP/2
2025-05-01 01:49:25,index,178.09600019455,214,TheEmptinessMachine,HTCP,Dynamic,HTTP/2
2025-05-01 01:49:29,index,182.09600019455,84,TheEmptinessMachine,HTCP,Dynamic,HTTP/2
2025-05-01 01:49:31,index,184.09700012207,214,TheEmptinessMachine,HTCP,Dynamic,HTTP/2
2025-05-01 01:49:33,index,186.09600019455,320,TheEmptinessMachine,HTCP,Dynamic,HTTP/2
2025-05-01 01:49:35,index,188.09600019455,320,TheEmptinessMachine,HTCP,Dynamic,HTTP/2
2025-05-01 01:49:37,index,190.09600019455,214,TheEmptinessMachine,HTCP,Dynamic,HTTP/2
2025-05-01 01:49:39,index,192.09600019455,214,TheEmptinessMachine,HTCP,Dynamic,HTTP/2
2025-05-01 01:49:41,index,194.09600019455,214,TheEmptinessMachine,HTCP,Dynamic,HTTP/2
2025-05-01 01:49:43,index,196.09600019455,214,TheEmptinessMachine,HTCP,Dynamic,HTTP/2
2025-05-01 01:49:46,index,198.09700012207,214,TheEmptinessMachine,HTCP,Dynamic,HTTP/2
2025-05-01 01:49:47,index,200.09600019455,214,TheEmptinessMachine,HTCP,Dynamic,HTTP/2
2025-05-01 01:49:49,index,202.09600019455,214,TheEmptinessMachine,HTCP,Dynamic,HTTP/2
2025-05-01 01:49:51,index,204.09600019455,214,TheEmptinessMachine,HTCP,Dynamic,HTTP/2
2025-05-01 01:49:53,index,206.09600019455,214,TheEmptinessMachine,HTCP,Dynamic,HTTP/2
2025-05-01 01:50:33,index,8.29699993133545,214,TheEmptinessMachine,HTCP,Dynamic,HTTP/3
2025-05-01 01:50:35,index,10.2969999313354,214,TheEmptinessMachine,HTCP,Dynamic,HTTP/3
2025-05-01 01:50:37,index,12.2969999313354,214,TheEmptinessMachine,HTCP,Dynamic,HTTP/3
2025-05-01 01:50:39,index,14.2969999313354,72,TheEmptinessMachine,HTCP,Dynamic,HTTP/3
2025-05-01 01:50:41,index,16.2969999313354,72,TheEmptinessMachine,HTCP,Dynamic,HTTP/3
2025-05-01 01:50:43,index,18.2969999313354,72,TheEmptinessMachine,HTCP,Dynamic,HTTP/3
2025-05-01 01:50:45,index,20.2969999313354,72,TheEmptinessMachine,HTCP,Dynamic,HTTP/3
2025-05-01 01:50:47,index,22.2969999313354,72,TheEmptinessMachine,HTCP,Dynamic,HTTP/3
2025-05-01 01:50:49,index,24.2969999313354,72,TheEmptinessMachine,HTCP,Dynamic,HTTP/3
2025-05-01 01:50:51,index,26.2969999313354,169,TheEmptinessMachine,HTCP,Dynamic,HTTP/3
2025-05-01 01:50:53,index,28.2969999313354,169,TheEmptinessMachine,HTCP,Dynamic,HTTP/3
2025-05-01 01:50:55,index,30.2969999313354,214,TheEmptinessMachine,HTCP,Dynamic,HTTP/3
2025-05-01 01:50:57,index,32.2969999313354,214,TheEmptinessMachine,HTCP,Dynamic,HTTP/3
2025-05-01 01:50:59,index,34.2969999313354,214,TheEmptinessMachine,HTCP,Dynamic,HTTP/3
2025-05-01 01:51:01,index,36.2969999313354,84,TheEmptinessMachine,HTCP,Dynamic,HTTP/3
2025-05-01 01:51:03,index,38.2969999313354,84,TheEmptinessMachine,HTCP,Dynamic,HTTP/3
2025-05-01 01:51:05,index,40.2969999313354,84,TheEmptinessMachine,HTCP,Dynamic,HTTP/3
2025-05-01 01:51:07,index,42.2969999313354,84,TheEmptinessMachine,HTCP,Dynamic,HTTP/3
2025-05-01 01:51:09,index,44.2969999313354,84,TheEmptinessMachine,HTCP,Dynamic,HTTP/3
2025-05-01 01:51:11,index,46.2969999313354,84,TheEmptinessMachine,HTCP,Dynamic,HTTP/3
2025-05-01 01:51:13,index,48.2969999313354,214,TheEmptinessMachine,HTCP,Dynamic,HTTP/3
2025-05-01 01:51:15,index,50.2969999313354,214,TheEmptinessMachine,HTCP,Dynamic,HTTP/3
2025-05-01 01:51:17,index,52.2969999313354,214,TheEmptinessMachine,HTCP,Dynamic,HTTP/3
2025-05-01 01:51:19,index,54.2969999313354,214,TheEmptinessMachine,HTCP,Dynamic,HTTP/3
2025-05-01 01:51:21,index,56.2969999313354,214,TheEmptinessMachine,HTCP,Dynamic,HTTP/3
2025-05-01 01:51:23,index,58.2969999313354,214,TheEmptinessMachine,HTCP,Dynamic,HTTP/3
2025-05-01 01:51:25,index,60.2969999313354,169,TheEmptinessMachine,HTCP,Dynamic,HTTP/3
2025-05-01 01:51:27,index,62.2969999313354,169,TheEmptinessMachine,HTCP,Dynamic,HTTP/3
2025-05-01 01:51:29,index,64.2980000972748,72,TheEmptinessMachine,HTCP,Dynamic,HTTP/3
2025-05-01 01:51:31,index,66.2969999313354,72,TheEmptinessMachine,HTCP,Dynamic,HTTP/3
2025-05-01 01:51:33,index,68.2969999313354,72,TheEmptinessMachine,HTCP,Dynamic,HTTP/3
2025-05-01 01:51:35,index,70.2969999313354,72,TheEmptinessMachine,HTCP,Dynamic,HTTP/3
2025-05-01 01:51:37,index,72.2969999313354,72,TheEmptinessMachine,HTCP,Dynamic,HTTP/3
2025-05-01 01:51:39,index,74.2969999313354,214,TheEmptinessMachine,HTCP,Dynamic,HTTP/3
2025-05-01 01:51:41,index,76.2969999313354,214,TheEmptinessMachine,HTCP,Dynamic,HTTP/3
2025-05-01 01:51:43,index,78.2969999313354,214,TheEmptinessMachine,HTCP,Dynamic,HTTP/3
2025-05-01 01:51:45,index,80.2969999313354,214,TheEmptinessMachine,HTCP,Dynamic,HTTP/3
2025-05-01 01:51:47,index,82.2969999313354,214,TheEmptinessMachine,HTCP,Dynamic,HTTP/3
2025-05-01 01:51:49,index,84.2969999313354,214,TheEmptinessMachine,HTCP,Dynamic,HTTP/3
2025-05-01 01:51:51,index,86.2969999313354,214,TheEmptinessMachine,HTCP,Dynamic,HTTP/3
2025-05-01 01:51:53,index,88.2969999313354,169,TheEmptinessMachine,HTCP,Dynamic,HTTP/3
2025-05-01 01:51:55,index,90.2969999313354,169,TheEmptinessMachine,HTCP,Dynamic,HTTP/3
2025-05-01 01:51:57,index,92.2969999313354,169,TheEmptinessMachine,HTCP,Dynamic,HTTP/3
2025-05-01 01:51:59,index,94.2969999313354,169,TheEmptinessMachine,HTCP,Dynamic,HTTP/3
2025-05-01 01:52:01,index,96.2969999313354,169,TheEmptinessMachine,HTCP,Dynamic,HTTP/3
2025-05-01 01:52:03,index,98.2969999313354,169,TheEmptinessMachine,HTCP,Dynamic,HTTP/3
2025-05-01 01:52:05,index,100.296999931335,169,TheEmptinessMachine,HTCP,Dynamic,HTTP/3
2025-05-01 01:52:07,index,102.296999931335,169,TheEmptinessMachine,HTCP,Dynamic,HTTP/3
2025-05-01 01:52:09,index,104.296999931335,169,TheEmptinessMachine,HTCP,Dynamic,HTTP/3
2025-05-01 01:52:11,index,106.296999931335,169,TheEmptinessMachine,HTCP,Dynamic,HTTP/3
2025-05-01 01:52:13,index,108.296999931335,169,TheEmptinessMachine,HTCP,Dynamic,HTTP/3
2025-05-01 01:52:15,index,110.296999931335,72,TheEmptinessMachine,HTCP,Dynamic,HTTP/3
2025-05-01 01:52:17,index,112.296999931335,72,TheEmptinessMachine,HTCP,Dynamic,HTTP/3
2025-05-01 01:52:19,index,114.296999931335,72,TheEmptinessMachine,HTCP,Dynamic,HTTP/3
2025-05-01 01:52:21,index,116.296999931335,72,TheEmptinessMachine,HTCP,Dynamic,HTTP/3
2025-05-01 01:52:23,index,118.296999931335,72,TheEmptinessMachine,HTCP,Dynamic,HTTP/3
2025-05-01 01:52:25,index,120.296999931335,72,TheEmptinessMachine,HTCP,Dynamic,HTTP/3
2025-05-01 01:52:27,index,122.296999931335,166,TheEmptinessMachine,HTCP,Dynamic,HTTP/3
2025-05-01 01:52:29,index,124.296999931335,169,TheEmptinessMachine,HTCP,Dynamic,HTTP/3
2025-05-01 01:52:31,index,126.296999931335,214,TheEmptinessMachine,HTCP,Dynamic,HTTP/3
2025-05-01 01:52:33,index,128.296999931335,72,TheEmptinessMachine,HTCP,Dynamic,HTTP/3
2025-05-01 01:52:35,index,130.296999931335,72,TheEmptinessMachine,HTCP,Dynamic,HTTP/3
2025-05-01 01:52:37,index,132.296000003815,72,TheEmptinessMachine,HTCP,Dynamic,HTTP/3
2025-05-01 01:52:39,index,134.296999931335,72,TheEmptinessMachine,HTCP,Dynamic,HTTP/3
2025-05-01 01:52:41,index,136.296999931335,72,TheEmptinessMachine,HTCP,Dynamic,HTTP/3
2025-05-01 01:52:43,index,138.296999931335,72,TheEmptinessMachine,HTCP,Dynamic,HTTP/3
2025-05-01 01:52:45,index,140.296999931335,214,TheEmptinessMachine,HTCP,Dynamic,HTTP/3
2025-05-01 01:52:47,index,142.296999931335,214,TheEmptinessMachine,HTCP,Dynamic,HTTP/3
2025-05-01 01:52:49,index,144.296999931335,214,TheEmptinessMachine,HTCP,Dynamic,HTTP/3
2025-05-01 01:52:51,index,146.296999931335,214,TheEmptinessMachine,HTCP,Dynamic,HTTP/3
2025-05-01 01:52:53,index,148.296999931335,214,TheEmptinessMachine,HTCP,Dynamic,HTTP/3
2025-05-01 01:52:55,index,150.296999931335,320,TheEmptinessMachine,HTCP,Dynamic,HTTP/3
2025-05-01 01:52:57,index,152.296999931335,169,TheEmptinessMachine,HTCP,Dynamic,HTTP/3
2025-05-01 01:52:59,index,154.296999931335,84,TheEmptinessMachine,HTCP,Dynamic,HTTP/3
2025-05-01 01:53:03,index,158.296999931335,72,TheEmptinessMachine,HTCP,Dynamic,HTTP/3
2025-05-01 01:53:05,index,160.296999931335,72,TheEmptinessMachine,HTCP,Dynamic,HTTP/3
2025-05-01 01:53:07,index,162.296999931335,72,TheEmptinessMachine,HTCP,Dynamic,HTTP/3
2025-05-01 01:53:09,index,164.296999931335,214,TheEmptinessMachine,HTCP,Dynamic,HTTP/3
2025-05-01 01:53:11,index,166.296999931335,214,TheEmptinessMachine,HTCP,Dynamic,HTTP/3
2025-05-01 01:53:13,index,168.296000003815,214,TheEmptinessMachine,HTCP,Dynamic,HTTP/3
2025-05-01 01:53:15,index,170.296000003815,169,TheEmptinessMachine,HTCP,Dynamic,HTTP/3
2025-05-01 01:53:17,index,172.296999931335,169,TheEmptinessMachine,HTCP,Dynamic,HTTP/3
2025-05-01 01:53:19,index,174.296999931335,169,TheEmptinessMachine,HTCP,Dynamic,HTTP/3
2025-05-01 01:53:21,index,176.296999931335,169,TheEmptinessMachine,HTCP,Dynamic,HTTP/3
2025-05-01 01:53:23,index,178.296999931335,169,TheEmptinessMachine,HTCP,Dynamic,HTTP/3
2025-05-01 01:53:25,index,180.296999931335,169,TheEmptinessMachine,HTCP,Dynamic,HTTP/3
2025-05-01 01:53:27,index,182.296999931335,169,TheEmptinessMachine,HTCP,Dynamic,HTTP/3
2025-05-01 01:53:29,index,184.296999931335,330,TheEmptinessMachine,HTCP,Dynamic,HTTP/3
2025-05-01 01:53:31,index,186.296999931335,330,TheEmptinessMachine,HTCP,Dynamic,HTTP/3
2025-05-01 01:53:33,index,188.296999931335,330,TheEmptinessMachine,HTCP,Dynamic,HTTP/3
2025-05-01 01:53:35,index,190.296999931335,330,TheEmptinessMachine,HTCP,Dynamic,HTTP/3
2025-05-01 01:53:37,index,192.296999931335,214,TheEmptinessMachine,HTCP,Dynamic,HTTP/3
2025-05-01 01:53:39,index,194.296999931335,320,TheEmptinessMachine,HTCP,Dynamic,HTTP/3
2025-05-01 01:53:41,index,196.296999931335,320,TheEmptinessMachine,HTCP,Dynamic,HTTP/3
2025-05-01 01:53:50,index,205.296999931335,72,TheEmptinessMachine,HTCP,Dynamic,HTTP/3
2025-05-01 01:54:25,index,4.31700015068054,1767,TheEmptinessMachine,HTCP,Bola,HTTP/1.1
2025-05-01 01:54:27,index,6.33500003814697,1767,TheEmptinessMachine,HTCP,Bola,HTTP/1.1
2025-05-01 01:54:31,index,10.3170001506805,76,TheEmptinessMachine,HTCP,Bola,HTTP/1.1
2025-05-01 01:54:33,index,12.3170001506805,166,TheEmptinessMachine,HTCP,Bola,HTTP/1.1
2025-05-01 01:54:37,index,16.3170001506805,330,TheEmptinessMachine,HTCP,Bola,HTTP/1.1
2025-05-01 01:54:41,index,20.3170001506805,635,TheEmptinessMachine,HTCP,Bola,HTTP/1.1
2025-05-01 01:54:43,index,22.3170001506805,635,TheEmptinessMachine,HTCP,Bola,HTTP/1.1
2025-05-01 01:54:49,index,28.3170001506805,330,TheEmptinessMachine,HTCP,Bola,HTTP/1.1
2025-05-01 01:54:57,index,36.3170001506805,320,TheEmptinessMachine,HTCP,Bola,HTTP/1.1
2025-05-01 01:54:59,index,38.3170001506805,320,TheEmptinessMachine,HTCP,Bola,HTTP/1.1
2025-05-01 01:55:01,index,40.3170001506805,320,TheEmptinessMachine,HTCP,Bola,HTTP/1.1
2025-05-01 01:55:03,index,42.3170001506805,214,TheEmptinessMachine,HTCP,Bola,HTTP/1.1
2025-05-01 01:55:05,index,44.3170001506805,214,TheEmptinessMachine,HTCP,Bola,HTTP/1.1
2025-05-01 01:55:07,index,46.3170001506805,214,TheEmptinessMachine,HTCP,Bola,HTTP/1.1
2025-05-01 01:55:09,index,48.3170001506805,214,TheEmptinessMachine,HTCP,Bola,HTTP/1.1
2025-05-01 01:55:11,index,50.3170001506805,214,TheEmptinessMachine,HTCP,Bola,HTTP/1.1
2025-05-01 01:55:13,index,52.3170001506805,214,TheEmptinessMachine,HTCP,Bola,HTTP/1.1
2025-05-01 01:55:15,index,54.3170001506805,214,TheEmptinessMachine,HTCP,Bola,HTTP/1.1
2025-05-01 01:55:17,index,56.3170001506805,214,TheEmptinessMachine,HTCP,Bola,HTTP/1.1
2025-05-01 01:55:19,index,58.3170001506805,214,TheEmptinessMachine,HTCP,Bola,HTTP/1.1
2025-05-01 01:55:21,index,60.3180000782013,214,TheEmptinessMachine,HTCP,Bola,HTTP/1.1
2025-05-01 01:55:23,index,62.3170001506805,214,TheEmptinessMachine,HTCP,Bola,HTTP/1.1
2025-05-01 01:55:25,index,64.3170001506805,214,TheEmptinessMachine,HTCP,Bola,HTTP/1.1
2025-05-01 01:55:27,index,66.3170001506805,214,TheEmptinessMachine,HTCP,Bola,HTTP/1.1
2025-05-01 01:55:29,index,68.3170001506805,674,TheEmptinessMachine,HTCP,Bola,HTTP/1.1
2025-05-01 01:55:31,index,70.3170001506805,674,TheEmptinessMachine,HTCP,Bola,HTTP/1.1
2025-05-01 01:55:33,index,72.3170001506805,674,TheEmptinessMachine,HTCP,Bola,HTTP/1.1
2025-05-01 01:55:35,index,74.3170001506805,674,TheEmptinessMachine,HTCP,Bola,HTTP/1.1
2025-05-01 01:55:39,index,78.3170001506805,674,TheEmptinessMachine,HTCP,Bola,HTTP/1.1
2025-05-01 01:55:41,index,80.3170001506805,635,TheEmptinessMachine,HTCP,Bola,HTTP/1.1
2025-05-01 01:55:43,index,82.3170001506805,169,TheEmptinessMachine,HTCP,Bola,HTTP/1.1
2025-05-01 01:55:45,index,84.3170001506805,635,TheEmptinessMachine,HTCP,Bola,HTTP/1.1
2025-05-01 01:55:47,index,86.3170001506805,635,TheEmptinessMachine,HTCP,Bola,HTTP/1.1
2025-05-01 01:55:49,index,88.3170001506805,635,TheEmptinessMachine,HTCP,Bola,HTTP/1.1
2025-05-01 01:55:51,index,90.3170001506805,635,TheEmptinessMachine,HTCP,Bola,HTTP/1.1
2025-05-01 01:55:53,index,92.3170001506805,84,TheEmptinessMachine,HTCP,Bola,HTTP/1.1
2025-05-01 01:55:55,index,94.3170001506805,169,TheEmptinessMachine,HTCP,Bola,HTTP/1.1
2025-05-01 01:56:01,index,100.317000150681,214,TheEmptinessMachine,HTCP,Bola,HTTP/1.1
2025-05-01 01:56:07,index,106.317000150681,320,TheEmptinessMachine,HTCP,Bola,HTTP/1.1
2025-05-01 01:56:09,index,108.317000150681,214,TheEmptinessMachine,HTCP,Bola,HTTP/1.1
2025-05-01 01:56:11,index,110.317000150681,214,TheEmptinessMachine,HTCP,Bola,HTTP/1.1
2025-05-01 01:56:13,index,112.317000150681,214,TheEmptinessMachine,HTCP,Bola,HTTP/1.1
2025-05-01 01:56:15,index,114.317000150681,214,TheEmptinessMachine,HTCP,Bola,HTTP/1.1
2025-05-01 01:56:17,index,116.317000150681,214,TheEmptinessMachine,HTCP,Bola,HTTP/1.1
2025-05-01 01:56:19,index,118.317000150681,214,TheEmptinessMachine,HTCP,Bola,HTTP/1.1
2025-05-01 01:56:21,index,120.317000150681,330,TheEmptinessMachine,HTCP,Bola,HTTP/1.1
2025-05-01 01:56:23,index,122.317000150681,330,TheEmptinessMachine,HTCP,Bola,HTTP/1.1
2025-05-01 01:56:25,index,124.317000150681,330,TheEmptinessMachine,HTCP,Bola,HTTP/1.1
2025-05-01 01:56:27,index,126.317000150681,330,TheEmptinessMachine,HTCP,Bola,HTTP/1.1
2025-05-01 01:56:29,index,128.317000150681,330,TheEmptinessMachine,HTCP,Bola,HTTP/1.1
2025-05-01 01:56:31,index,130.317000150681,330,TheEmptinessMachine,HTCP,Bola,HTTP/1.1
2025-05-01 01:56:33,index,132.317000150681,635,TheEmptinessMachine,HTCP,Bola,HTTP/1.1
2025-05-01 01:56:35,index,134.317000150681,635,TheEmptinessMachine,HTCP,Bola,HTTP/1.1
2025-05-01 01:56:37,index,136.317000150681,635,TheEmptinessMachine,HTCP,Bola,HTTP/1.1
2025-05-01 01:56:39,index,138.317000150681,635,TheEmptinessMachine,HTCP,Bola,HTTP/1.1
2025-05-01 01:56:41,index,140.317000150681,330,TheEmptinessMachine,HTCP,Bola,HTTP/1.1
2025-05-01 01:56:43,index,142.317000150681,330,TheEmptinessMachine,HTCP,Bola,HTTP/1.1
2025-05-01 01:56:45,index,144.317000150681,330,TheEmptinessMachine,HTCP,Bola,HTTP/1.1
2025-05-01 01:56:47,index,146.317000150681,330,TheEmptinessMachine,HTCP,Bola,HTTP/1.1
2025-05-01 01:56:49,index,148.317000150681,330,TheEmptinessMachine,HTCP,Bola,HTTP/1.1
2025-05-01 01:56:51,index,150.317000150681,330,TheEmptinessMachine,HTCP,Bola,HTTP/1.1
2025-05-01 01:56:53,index,152.317000150681,330,TheEmptinessMachine,HTCP,Bola,HTTP/1.1
2025-05-01 01:56:55,index,154.317000150681,330,TheEmptinessMachine,HTCP,Bola,HTTP/1.1
2025-05-01 01:56:57,index,156.317000150681,330,TheEmptinessMachine,HTCP,Bola,HTTP/1.1
2025-05-01 01:56:59,index,158.317000150681,330,TheEmptinessMachine,HTCP,Bola,HTTP/1.1
2025-05-01 01:57:01,index,160.317000150681,330,TheEmptinessMachine,HTCP,Bola,HTTP/1.1
2025-05-01 01:57:03,index,162.317000150681,635,TheEmptinessMachine,HTCP,Bola,HTTP/1.1
2025-05-01 01:57:05,index,164.317000150681,674,TheEmptinessMachine,HTCP,Bola,HTTP/1.1
2025-05-01 01:57:07,index,166.317000150681,674,TheEmptinessMachine,HTCP,Bola,HTTP/1.1
2025-05-01 01:57:09,index,168.317000150681,674,TheEmptinessMachine,HTCP,Bola,HTTP/1.1
2025-05-01 01:57:11,index,170.317000150681,674,TheEmptinessMachine,HTCP,Bola,HTTP/1.1
2025-05-01 01:57:13,index,172.317000150681,674,TheEmptinessMachine,HTCP,Bola,HTTP/1.1
2025-05-01 01:57:15,index,174.317000150681,674,TheEmptinessMachine,HTCP,Bola,HTTP/1.1
2025-05-01 01:57:17,index,176.317000150681,330,TheEmptinessMachine,HTCP,Bola,HTTP/1.1
2025-05-01 01:57:19,index,178.317000150681,330,TheEmptinessMachine,HTCP,Bola,HTTP/1.1
2025-05-01 01:57:21,index,180.317000150681,330,TheEmptinessMachine,HTCP,Bola,HTTP/1.1
2025-05-01 01:57:23,index,182.317000150681,330,TheEmptinessMachine,HTCP,Bola,HTTP/1.1
2025-05-01 01:57:25,index,184.317000150681,330,TheEmptinessMachine,HTCP,Bola,HTTP/1.1
2025-05-01 01:57:27,index,186.317000150681,330,TheEmptinessMachine,HTCP,Bola,HTTP/1.1
2025-05-01 01:57:29,index,188.317000150681,330,TheEmptinessMachine,HTCP,Bola,HTTP/1.1
2025-05-01 01:57:33,index,192.317000150681,330,TheEmptinessMachine,HTCP,Bola,HTTP/1.1
2025-05-01 01:57:35,index,194.317000150681,330,TheEmptinessMachine,HTCP,Bola,HTTP/1.1
2025-05-01 01:57:37,index,196.317000150681,330,TheEmptinessMachine,HTCP,Bola,HTTP/1.1
2025-05-01 01:58:30,index,10.1150000095367,214,TheEmptinessMachine,HTCP,Bola,HTTP/2
2025-05-01 01:58:32,index,12.1150000095367,214,TheEmptinessMachine,HTCP,Bola,HTTP/2
2025-05-01 01:58:34,index,14.1150000095367,214,TheEmptinessMachine,HTCP,Bola,HTTP/2
2025-05-01 01:58:36,index,16.1150000095367,330,TheEmptinessMachine,HTCP,Bola,HTTP/2
2025-05-01 01:58:38,index,18.1150000095367,674,TheEmptinessMachine,HTCP,Bola,HTTP/2
2025-05-01 01:58:40,index,20.1159999370575,980,TheEmptinessMachine,HTCP,Bola,HTTP/2
2025-05-01 01:58:42,index,22.1150000095367,980,TheEmptinessMachine,HTCP,Bola,HTTP/2
2025-05-01 01:58:44,index,24.1159999370575,980,TheEmptinessMachine,HTCP,Bola,HTTP/2
2025-05-01 01:58:46,index,26.1159999370575,674,TheEmptinessMachine,HTCP,Bola,HTTP/2
2025-05-01 01:58:48,index,28.1159999370575,674,TheEmptinessMachine,HTCP,Bola,HTTP/2
2025-05-01 01:58:50,index,30.1159999370575,674,TheEmptinessMachine,HTCP,Bola,HTTP/2
2025-05-01 01:58:52,index,32.1159999370575,674,TheEmptinessMachine,HTCP,Bola,HTTP/2
2025-05-01 01:58:56,index,36.1150000095367,166,TheEmptinessMachine,HTCP,Bola,HTTP/2
2025-05-01 01:58:58,index,38.1150000095367,84,TheEmptinessMachine,HTCP,Bola,HTTP/2
2025-05-01 01:59:00,index,40.1150000095367,169,TheEmptinessMachine,HTCP,Bola,HTTP/2
2025-05-01 01:59:02,index,42.1150000095367,214,TheEmptinessMachine,HTCP,Bola,HTTP/2
2025-05-01 01:59:04,index,44.1159999370575,166,TheEmptinessMachine,HTCP,Bola,HTTP/2
2025-05-01 01:59:08,index,48.1150000095367,166,TheEmptinessMachine,HTCP,Bola,HTTP/2
2025-05-01 01:59:10,index,50.1150000095367,166,TheEmptinessMachine,HTCP,Bola,HTTP/2
2025-05-01 01:59:12,index,52.1150000095367,169,TheEmptinessMachine,HTCP,Bola,HTTP/2
2025-05-01 01:59:14,index,54.1150000095367,84,TheEmptinessMachine,HTCP,Bola,HTTP/2
2025-05-01 01:59:16,index,56.1150000095367,166,TheEmptinessMachine,HTCP,Bola,HTTP/2
2025-05-01 01:59:18,index,58.1150000095367,166,TheEmptinessMachine,HTCP,Bola,HTTP/2
2025-05-01 01:59:20,index,60.1150000095367,166,TheEmptinessMachine,HTCP,Bola,HTTP/2
2025-05-01 01:59:22,index,62.1150000095367,166,TheEmptinessMachine,HTCP,Bola,HTTP/2
2025-05-01 01:59:24,index,64.1150000095367,166,TheEmptinessMachine,HTCP,Bola,HTTP/2
2025-05-01 01:59:26,index,66.1150000095367,330,TheEmptinessMachine,HTCP,Bola,HTTP/2
2025-05-01 01:59:28,index,68.1150000095367,330,TheEmptinessMachine,HTCP,Bola,HTTP/2
2025-05-01 01:59:30,index,70.1150000095367,330,TheEmptinessMachine,HTCP,Bola,HTTP/2
2025-05-01 01:59:32,index,72.1150000095367,330,TheEmptinessMachine,HTCP,Bola,HTTP/2
2025-05-01 01:59:34,index,74.1150000095367,330,TheEmptinessMachine,HTCP,Bola,HTTP/2
2025-05-01 01:59:36,index,76.1150000095367,330,TheEmptinessMachine,HTCP,Bola,HTTP/2
2025-05-01 01:59:38,index,78.1150000095367,330,TheEmptinessMachine,HTCP,Bola,HTTP/2
2025-05-01 01:59:40,index,80.1150000095367,330,TheEmptinessMachine,HTCP,Bola,HTTP/2
2025-05-01 01:59:42,index,82.1150000095367,330,TheEmptinessMachine,HTCP,Bola,HTTP/2
2025-05-01 01:59:44,index,84.1169998645782,330,TheEmptinessMachine,HTCP,Bola,HTTP/2
2025-05-01 01:59:46,index,86.1150000095367,635,TheEmptinessMachine,HTCP,Bola,HTTP/2
2025-05-01 01:59:48,index,88.1150000095367,635,TheEmptinessMachine,HTCP,Bola,HTTP/2
2025-05-01 01:59:50,index,90.1150000095367,635,TheEmptinessMachine,HTCP,Bola,HTTP/2
2025-05-01 01:59:52,index,92.1150000095367,674,TheEmptinessMachine,HTCP,Bola,HTTP/2
2025-05-01 01:59:54,index,94.1150000095367,674,TheEmptinessMachine,HTCP,Bola,HTTP/2
2025-05-01 01:59:56,index,96.1150000095367,214,TheEmptinessMachine,HTCP,Bola,HTTP/2
2025-05-01 01:59:58,index,98.1159999370575,166,TheEmptinessMachine,HTCP,Bola,HTTP/2
2025-05-01 02:00:00,index,100.115999937057,214,TheEmptinessMachine,HTCP,Bola,HTTP/2
2025-05-01 02:00:02,index,102.115000009537,330,TheEmptinessMachine,HTCP,Bola,HTTP/2
2025-05-01 02:00:04,index,104.115000009537,169,TheEmptinessMachine,HTCP,Bola,HTTP/2
2025-05-01 02:00:06,index,106.115000009537,166,TheEmptinessMachine,HTCP,Bola,HTTP/2
2025-05-01 02:00:08,index,108.115000009537,166,TheEmptinessMachine,HTCP,Bola,HTTP/2
2025-05-01 02:00:10,index,110.115000009537,84,TheEmptinessMachine,HTCP,Bola,HTTP/2
2025-05-01 02:00:12,index,112.115000009537,166,TheEmptinessMachine,HTCP,Bola,HTTP/2
2025-05-01 02:00:14,index,114.115000009537,84,TheEmptinessMachine,HTCP,Bola,HTTP/2
2025-05-01 02:00:16,index,116.115000009537,84,TheEmptinessMachine,HTCP,Bola,HTTP/2
2025-05-01 02:00:18,index,118.115000009537,84,TheEmptinessMachine,HTCP,Bola,HTTP/2
2025-05-01 02:00:20,index,120.115000009537,84,TheEmptinessMachine,HTCP,Bola,HTTP/2
2025-05-01 02:00:22,index,122.115000009537,84,TheEmptinessMachine,HTCP,Bola,HTTP/2
2025-05-01 02:00:24,index,124.115999937057,84,TheEmptinessMachine,HTCP,Bola,HTTP/2
2025-05-01 02:00:26,index,126.115000009537,320,TheEmptinessMachine,HTCP,Bola,HTTP/2
2025-05-01 02:00:28,index,128.115000009537,320,TheEmptinessMachine,HTCP,Bola,HTTP/2
2025-05-01 02:00:30,index,130.115000009537,330,TheEmptinessMachine,HTCP,Bola,HTTP/2
2025-05-01 02:00:32,index,132.115999937057,330,TheEmptinessMachine,HTCP,Bola,HTTP/2
2025-05-01 02:00:34,index,134.115000009537,330,TheEmptinessMachine,HTCP,Bola,HTTP/2
2025-05-01 02:00:36,index,136.115000009537,330,TheEmptinessMachine,HTCP,Bola,HTTP/2
2025-05-01 02:00:38,index,138.115999937057,214,TheEmptinessMachine,HTCP,Bola,HTTP/2
2025-05-01 02:00:40,index,140.115000009537,320,TheEmptinessMachine,HTCP,Bola,HTTP/2
2025-05-01 02:00:42,index,142.115000009537,320,TheEmptinessMachine,HTCP,Bola,HTTP/2
2025-05-01 02:00:44,index,144.115999937057,320,TheEmptinessMachine,HTCP,Bola,HTTP/2
2025-05-01 02:00:46,index,146.115999937057,320,TheEmptinessMachine,HTCP,Bola,HTTP/2
2025-05-01 02:00:48,index,148.115999937057,320,TheEmptinessMachine,HTCP,Bola,HTTP/2
2025-05-01 02:00:50,index,150.115000009537,320,TheEmptinessMachine,HTCP,Bola,HTTP/2
2025-05-01 02:00:52,index,152.115000009537,320,TheEmptinessMachine,HTCP,Bola,HTTP/2
2025-05-01 02:00:54,index,154.115000009537,320,TheEmptinessMachine,HTCP,Bola,HTTP/2
2025-05-01 02:00:56,index,156.115000009537,320,TheEmptinessMachine,HTCP,Bola,HTTP/2
2025-05-01 02:00:58,index,158.115999937057,330,TheEmptinessMachine,HTCP,Bola,HTTP/2
2025-05-01 02:01:00,index,160.115000009537,330,TheEmptinessMachine,HTCP,Bola,HTTP/2
2025-05-01 02:01:02,index,162.115000009537,330,TheEmptinessMachine,HTCP,Bola,HTTP/2
2025-05-01 02:01:04,index,164.115000009537,330,TheEmptinessMachine,HTCP,Bola,HTTP/2
2025-05-01 02:01:06,index,166.115000009537,330,TheEmptinessMachine,HTCP,Bola,HTTP/2
2025-05-01 02:01:08,index,168.115999937057,330,TheEmptinessMachine,HTCP,Bola,HTTP/2
2025-05-01 02:01:10,index,170.115000009537,330,TheEmptinessMachine,HTCP,Bola,HTTP/2
2025-05-01 02:01:12,index,172.115000009537,330,TheEmptinessMachine,HTCP,Bola,HTTP/2
2025-05-01 02:01:14,index,174.115000009537,635,TheEmptinessMachine,HTCP,Bola,HTTP/2
2025-05-01 02:01:16,index,176.115000009537,674,TheEmptinessMachine,HTCP,Bola,HTTP/2
2025-05-01 02:01:18,index,178.115999937057,674,TheEmptinessMachine,HTCP,Bola,HTTP/2
2025-05-01 02:01:20,index,180.115000009537,674,TheEmptinessMachine,HTCP,Bola,HTTP/2
2025-05-01 02:01:22,index,182.115000009537,674,TheEmptinessMachine,HTCP,Bola,HTTP/2
2025-05-01 02:01:24,index,184.115000009537,214,TheEmptinessMachine,HTCP,Bola,HTTP/2
2025-05-01 02:01:26,index,186.115000009537,214,TheEmptinessMachine,HTCP,Bola,HTTP/2
2025-05-01 02:01:34,index,194.115000009537,320,TheEmptinessMachine,HTCP,Bola,HTTP/2
2025-05-01 02:01:36,index,196.115000009537,320,TheEmptinessMachine,HTCP,Bola,HTTP/2
2025-05-01 02:01:38,index,198.115000009537,320,TheEmptinessMachine,HTCP,Bola,HTTP/2
2025-05-01 02:01:40,index,200.115000009537,214,TheEmptinessMachine,HTCP,Bola,HTTP/2
2025-05-01 02:01:42,index,202.115000009537,214,TheEmptinessMachine,HTCP,Bola,HTTP/2
2025-05-01 02:01:44,index,204.115000009537,214,TheEmptinessMachine,HTCP,Bola,HTTP/2
2025-05-01 02:01:46,index,206.115000009537,214,TheEmptinessMachine,HTCP,Bola,HTTP/2
2025-05-01 02:02:23,index,4.12299990653992,84,TheEmptinessMachine,HTCP,Bola,HTTP/3
2025-05-01 02:02:25,index,6.12299990653992,84,TheEmptinessMachine,HTCP,Bola,HTTP/3
2025-05-01 02:02:27,index,8.12299990653992,84,TheEmptinessMachine,HTCP,Bola,HTTP/3
2025-05-01 02:02:29,index,10.1229999065399,84,TheEmptinessMachine,HTCP,Bola,HTTP/3
2025-05-01 02:02:31,index,12.1229999065399,84,TheEmptinessMachine,HTCP,Bola,HTTP/3
2025-05-01 02:02:33,index,14.1229999065399,84,TheEmptinessMachine,HTCP,Bola,HTTP/3
2025-05-01 02:02:35,index,16.1229999065399,330,TheEmptinessMachine,HTCP,Bola,HTTP/3
2025-05-01 02:02:37,index,18.1229999065399,330,TheEmptinessMachine,HTCP,Bola,HTTP/3
2025-05-01 02:02:39,index,20.1229999065399,330,TheEmptinessMachine,HTCP,Bola,HTTP/3
2025-05-01 02:02:41,index,22.1229999065399,330,TheEmptinessMachine,HTCP,Bola,HTTP/3
2025-05-01 02:02:43,index,24.1229999065399,169,TheEmptinessMachine,HTCP,Bola,HTTP/3
2025-05-01 02:02:45,index,26.1229999065399,169,TheEmptinessMachine,HTCP,Bola,HTTP/3
2025-05-01 02:02:47,index,28.1229999065399,84,TheEmptinessMachine,HTCP,Bola,HTTP/3
2025-05-01 02:02:49,index,30.1229999065399,84,TheEmptinessMachine,HTCP,Bola,HTTP/3
2025-05-01 02:02:51,index,32.1229999065399,84,TheEmptinessMachine,HTCP,Bola,HTTP/3
2025-05-01 02:02:53,index,34.1229999065399,166,TheEmptinessMachine,HTCP,Bola,HTTP/3
2025-05-01 02:02:55,index,36.1229999065399,166,TheEmptinessMachine,HTCP,Bola,HTTP/3
2025-05-01 02:02:57,index,38.1229999065399,330,TheEmptinessMachine,HTCP,Bola,HTTP/3
2025-05-01 02:02:59,index,40.1229999065399,330,TheEmptinessMachine,HTCP,Bola,HTTP/3
2025-05-01 02:03:01,index,42.1229999065399,330,TheEmptinessMachine,HTCP,Bola,HTTP/3
2025-05-01 02:03:03,index,44.1229999065399,330,TheEmptinessMachine,HTCP,Bola,HTTP/3
2025-05-01 02:03:05,index,46.1229999065399,330,TheEmptinessMachine,HTCP,Bola,HTTP/3
2025-05-01 02:03:07,index,48.1229999065399,330,TheEmptinessMachine,HTCP,Bola,HTTP/3
2025-05-01 02:03:09,index,50.1229999065399,330,TheEmptinessMachine,HTCP,Bola,HTTP/3
2025-05-01 02:03:11,index,52.1229999065399,330,TheEmptinessMachine,HTCP,Bola,HTTP/3
2025-05-01 02:03:13,index,54.1229999065399,72,TheEmptinessMachine,HTCP,Bola,HTTP/3
2025-05-01 02:03:15,index,56.1229999065399,72,TheEmptinessMachine,HTCP,Bola,HTTP/3
2025-05-01 02:03:17,index,58.1229999065399,72,TheEmptinessMachine,HTCP,Bola,HTTP/3
2025-05-01 02:03:19,index,60.1229999065399,72,TheEmptinessMachine,HTCP,Bola,HTTP/3
2025-05-01 02:03:21,index,62.1229999065399,72,TheEmptinessMachine,HTCP,Bola,HTTP/3
2025-05-01 02:03:23,index,64.1229999065399,72,TheEmptinessMachine,HTCP,Bola,HTTP/3
2025-05-01 02:03:25,index,66.1229999065399,330,TheEmptinessMachine,HTCP,Bola,HTTP/3
2025-05-01 02:03:27,index,68.1229999065399,330,TheEmptinessMachine,HTCP,Bola,HTTP/3
2025-05-01 02:03:29,index,70.1229999065399,330,TheEmptinessMachine,HTCP,Bola,HTTP/3
2025-05-01 02:03:31,index,72.1240000724792,330,TheEmptinessMachine,HTCP,Bola,HTTP/3
2025-05-01 02:03:33,index,74.1229999065399,330,TheEmptinessMachine,HTCP,Bola,HTTP/3
2025-05-01 02:03:35,index,76.1229999065399,330,TheEmptinessMachine,HTCP,Bola,HTTP/3
2025-05-01 02:03:37,index,78.1229999065399,330,TheEmptinessMachine,HTCP,Bola,HTTP/3
2025-05-01 02:03:39,index,80.1229999065399,214,TheEmptinessMachine,HTCP,Bola,HTTP/3
2025-05-01 02:03:41,index,82.1229999065399,214,TheEmptinessMachine,HTCP,Bola,HTTP/3
2025-05-01 02:03:43,index,84.1229999065399,166,TheEmptinessMachine,HTCP,Bola,HTTP/3
2025-05-01 02:03:45,index,86.1229999065399,166,TheEmptinessMachine,HTCP,Bola,HTTP/3
2025-05-01 02:03:47,index,88.1229999065399,166,TheEmptinessMachine,HTCP,Bola,HTTP/3
2025-05-01 02:03:49,index,90.1229999065399,169,TheEmptinessMachine,HTCP,Bola,HTTP/3
2025-05-01 02:03:51,index,92.1229999065399,169,TheEmptinessMachine,HTCP,Bola,HTTP/3
2025-05-01 02:03:53,index,94.1229999065399,169,TheEmptinessMachine,HTCP,Bola,HTTP/3
2025-05-01 02:03:55,index,96.1229999065399,169,TheEmptinessMachine,HTCP,Bola,HTTP/3
2025-05-01 02:03:57,index,98.1229999065399,169,TheEmptinessMachine,HTCP,Bola,HTTP/3
2025-05-01 02:03:59,index,100.12299990654,169,TheEmptinessMachine,HTCP,Bola,HTTP/3
2025-05-01 02:04:01,index,102.12299990654,169,TheEmptinessMachine,HTCP,Bola,HTTP/3
2025-05-01 02:04:03,index,104.12299990654,169,TheEmptinessMachine,HTCP,Bola,HTTP/3
2025-05-01 02:04:05,index,106.12299990654,169,TheEmptinessMachine,HTCP,Bola,HTTP/3
2025-05-01 02:04:07,index,108.12299990654,169,TheEmptinessMachine,HTCP,Bola,HTTP/3
2025-05-01 02:04:09,index,110.12299990654,169,TheEmptinessMachine,HTCP,Bola,HTTP/3
2025-05-01 02:04:11,index,112.12299990654,169,TheEmptinessMachine,HTCP,Bola,HTTP/3
2025-05-01 02:04:13,index,114.12299990654,169,TheEmptinessMachine,HTCP,Bola,HTTP/3
2025-05-01 02:04:15,index,116.12299990654,169,TheEmptinessMachine,HTCP,Bola,HTTP/3
2025-05-01 02:04:17,index,118.12299990654,169,TheEmptinessMachine,HTCP,Bola,HTTP/3
2025-05-01 02:04:19,index,120.12299990654,214,TheEmptinessMachine,HTCP,Bola,HTTP/3
2025-05-01 02:04:21,index,122.12299990654,84,TheEmptinessMachine,HTCP,Bola,HTTP/3
2025-05-01 02:04:23,index,124.12299990654,84,TheEmptinessMachine,HTCP,Bola,HTTP/3
2025-05-01 02:04:25,index,126.12299990654,72,TheEmptinessMachine,HTCP,Bola,HTTP/3
2025-05-01 02:04:27,index,128.12299990654,72,TheEmptinessMachine,HTCP,Bola,HTTP/3
2025-05-01 02:04:29,index,130.12299990654,72,TheEmptinessMachine,HTCP,Bola,HTTP/3
2025-05-01 02:04:31,index,132.12299990654,214,TheEmptinessMachine,HTCP,Bola,HTTP/3
2025-05-01 02:04:33,index,134.12299990654,214,TheEmptinessMachine,HTCP,Bola,HTTP/3
2025-05-01 02:04:35,index,136.12299990654,81,TheEmptinessMachine,HTCP,Bola,HTTP/3
2025-05-01 02:04:37,index,138.12299990654,169,TheEmptinessMachine,HTCP,Bola,HTTP/3
2025-05-01 02:04:39,index,140.12299990654,169,TheEmptinessMachine,HTCP,Bola,HTTP/3
2025-05-01 02:04:41,index,142.12299990654,84,TheEmptinessMachine,HTCP,Bola,HTTP/3
2025-05-01 02:04:43,index,144.124000072479,169,TheEmptinessMachine,HTCP,Bola,HTTP/3
2025-05-01 02:04:45,index,146.12299990654,169,TheEmptinessMachine,HTCP,Bola,HTTP/3
2025-05-01 02:04:47,index,148.12299990654,166,TheEmptinessMachine,HTCP,Bola,HTTP/3
2025-05-01 02:04:49,index,150.12299990654,166,TheEmptinessMachine,HTCP,Bola,HTTP/3
2025-05-01 02:04:51,index,152.12299990654,166,TheEmptinessMachine,HTCP,Bola,HTTP/3
2025-05-01 02:04:53,index,154.12299990654,166,TheEmptinessMachine,HTCP,Bola,HTTP/3
2025-05-01 02:04:55,index,156.12299990654,166,TheEmptinessMachine,HTCP,Bola,HTTP/3
2025-05-01 02:04:57,index,158.12299990654,166,TheEmptinessMachine,HTCP,Bola,HTTP/3
2025-05-01 02:04:59,index,160.12299990654,166,TheEmptinessMachine,HTCP,Bola,HTTP/3
2025-05-01 02:05:01,index,162.12299990654,166,TheEmptinessMachine,HTCP,Bola,HTTP/3
2025-05-01 02:05:03,index,164.12299990654,166,TheEmptinessMachine,HTCP,Bola,HTTP/3
2025-05-01 02:05:05,index,166.12299990654,166,TheEmptinessMachine,HTCP,Bola,HTTP/3
2025-05-01 02:05:07,index,168.12299990654,166,TheEmptinessMachine,HTCP,Bola,HTTP/3
2025-05-01 02:05:09,index,170.12299990654,166,TheEmptinessMachine,HTCP,Bola,HTTP/3
2025-05-01 02:05:11,index,172.12299990654,330,TheEmptinessMachine,HTCP,Bola,HTTP/3
2025-05-01 02:05:13,index,174.12299990654,330,TheEmptinessMachine,HTCP,Bola,HTTP/3
2025-05-01 02:05:15,index,176.12299990654,330,TheEmptinessMachine,HTCP,Bola,HTTP/3
2025-05-01 02:05:17,index,178.12299990654,330,TheEmptinessMachine,HTCP,Bola,HTTP/3
2025-05-01 02:05:19,index,180.12299990654,330,TheEmptinessMachine,HTCP,Bola,HTTP/3
2025-05-01 02:05:21,index,182.12299990654,330,TheEmptinessMachine,HTCP,Bola,HTTP/3
2025-05-01 02:05:23,index,184.12299990654,330,TheEmptinessMachine,HTCP,Bola,HTTP/3
2025-05-01 02:05:25,index,186.12299990654,330,TheEmptinessMachine,HTCP,Bola,HTTP/3
2025-05-01 02:05:27,index,188.12299990654,330,TheEmptinessMachine,HTCP,Bola,HTTP/3
2025-05-01 02:05:29,index,190.12299990654,330,TheEmptinessMachine,HTCP,Bola,HTTP/3
2025-05-01 02:05:31,index,192.12299990654,330,TheEmptinessMachine,HTCP,Bola,HTTP/3
2025-05-01 02:05:33,index,194.12299990654,330,TheEmptinessMachine,HTCP,Bola,HTTP/3
2025-05-01 02:05:35,index,196.12299990654,330,TheEmptinessMachine,HTCP,Bola,HTTP/3
2025-05-01 02:05:37,index,198.12299990654,330,TheEmptinessMachine,HTCP,Bola,HTTP/3
2025-05-01 02:05:39,index,200.12299990654,330,TheEmptinessMachine,HTCP,Bola,HTTP/3
2025-05-01 02:06:25,index,4.31499981880188,980,TheEmptinessMachine,HTCP,Festive,HTTP/1.1
2025-05-01 02:06:27,index,6.31900000572205,1226,TheEmptinessMachine,HTCP,Festive,HTTP/1.1
2025-05-01 02:06:29,index,8.34899997711182,1226,TheEmptinessMachine,HTCP,Festive,HTTP/1.1
2025-05-01 02:06:31,index,10.3159999847412,320,TheEmptinessMachine,HTCP,Festive,HTTP/1.1
2025-05-01 02:06:35,index,14.3149998188019,214,TheEmptinessMachine,HTCP,Festive,HTTP/1.1
2025-05-01 02:06:37,index,16.3149998188019,674,TheEmptinessMachine,HTCP,Festive,HTTP/1.1
2025-05-01 02:06:39,index,18.3149998188019,674,TheEmptinessMachine,HTCP,Festive,HTTP/1.1
2025-05-01 02:06:41,index,20.3149998188019,980,TheEmptinessMachine,HTCP,Festive,HTTP/1.1
2025-05-01 02:06:43,index,22.3149998188019,980,TheEmptinessMachine,HTCP,Festive,HTTP/1.1
2025-05-01 02:06:45,index,24.3149998188019,330,TheEmptinessMachine,HTCP,Festive,HTTP/1.1
2025-05-01 02:06:49,index,28.3149998188019,84,TheEmptinessMachine,HTCP,Festive,HTTP/1.1
2025-05-01 02:06:51,index,30.3149998188019,635,TheEmptinessMachine,HTCP,Festive,HTTP/1.1
2025-05-01 02:06:57,index,36.3149998188019,330,TheEmptinessMachine,HTCP,Festive,HTTP/1.1
2025-05-01 02:06:59,index,38.3139998912811,169,TheEmptinessMachine,HTCP,Festive,HTTP/1.1
2025-05-01 02:07:01,index,40.3149998188019,330,TheEmptinessMachine,HTCP,Festive,HTTP/1.1
2025-05-01 02:07:03,index,42.3149998188019,330,TheEmptinessMachine,HTCP,Festive,HTTP/1.1
2025-05-01 02:07:05,index,44.3149998188019,320,TheEmptinessMachine,HTCP,Festive,HTTP/1.1
2025-05-01 02:07:07,index,46.3149998188019,320,TheEmptinessMachine,HTCP,Festive,HTTP/1.1
2025-05-01 02:07:09,index,48.3149998188019,320,TheEmptinessMachine,HTCP,Festive,HTTP/1.1
2025-05-01 02:07:11,index,50.3149998188019,320,TheEmptinessMachine,HTCP,Festive,HTTP/1.1
2025-05-01 02:07:13,index,52.3149998188019,320,TheEmptinessMachine,HTCP,Festive,HTTP/1.1
2025-05-01 02:07:15,index,54.3149998188019,320,TheEmptinessMachine,HTCP,Festive,HTTP/1.1
2025-05-01 02:07:17,index,56.3149998188019,320,TheEmptinessMachine,HTCP,Festive,HTTP/1.1
2025-05-01 02:07:19,index,58.3149998188019,674,TheEmptinessMachine,HTCP,Festive,HTTP/1.1
2025-05-01 02:07:21,index,60.3149998188019,674,TheEmptinessMachine,HTCP,Festive,HTTP/1.1
2025-05-01 02:07:23,index,62.3149998188019,674,TheEmptinessMachine,HTCP,Festive,HTTP/1.1
2025-05-01 02:07:25,index,64.3149998188019,674,TheEmptinessMachine,HTCP,Festive,HTTP/1.1
2025-05-01 02:07:27,index,66.3149998188019,674,TheEmptinessMachine,HTCP,Festive,HTTP/1.1
2025-05-01 02:07:29,index,68.3149998188019,674,TheEmptinessMachine,HTCP,Festive,HTTP/1.1
2025-05-01 02:07:31,index,70.3149998188019,330,TheEmptinessMachine,HTCP,Festive,HTTP/1.1
2025-05-01 02:07:35,index,74.3149998188019,330,TheEmptinessMachine,HTCP,Festive,HTTP/1.1
2025-05-01 02:07:37,index,76.3149998188019,674,TheEmptinessMachine,HTCP,Festive,HTTP/1.1
2025-05-01 02:07:39,index,78.3149998188019,674,TheEmptinessMachine,HTCP,Festive,HTTP/1.1
2025-05-01 02:07:41,index,80.3149998188019,674,TheEmptinessMachine,HTCP,Festive,HTTP/1.1
2025-05-01 02:07:43,index,82.3149998188019,674,TheEmptinessMachine,HTCP,Festive,HTTP/1.1
2025-05-01 02:07:45,index,84.3149998188019,674,TheEmptinessMachine,HTCP,Festive,HTTP/1.1
2025-05-01 02:07:47,index,86.3149998188019,674,TheEmptinessMachine,HTCP,Festive,HTTP/1.1
2025-05-01 02:07:49,index,88.3149998188019,674,TheEmptinessMachine,HTCP,Festive,HTTP/1.1
2025-05-01 02:07:51,index,90.3149998188019,674,TheEmptinessMachine,HTCP,Festive,HTTP/1.1
2025-05-01 02:07:53,index,92.3149998188019,674,TheEmptinessMachine,HTCP,Festive,HTTP/1.1
2025-05-01 02:07:55,index,94.3149998188019,674,TheEmptinessMachine,HTCP,Festive,HTTP/1.1
2025-05-01 02:07:57,index,96.3149998188019,732,TheEmptinessMachine,HTCP,Festive,HTTP/1.1
2025-05-01 02:07:59,index,98.3149998188019,732,TheEmptinessMachine,HTCP,Festive,HTTP/1.1
2025-05-01 02:08:01,index,100.314999818802,214,TheEmptinessMachine,HTCP,Festive,HTTP/1.1
2025-05-01 02:08:03,index,102.314999818802,330,TheEmptinessMachine,HTCP,Festive,HTTP/1.1
2025-05-01 02:08:05,index,104.314999818802,84,TheEmptinessMachine,HTCP,Festive,HTTP/1.1
2025-05-01 02:08:07,index,106.314999818802,635,TheEmptinessMachine,HTCP,Festive,HTTP/1.1
2025-05-01 02:08:11,index,110.314999818802,214,TheEmptinessMachine,HTCP,Festive,HTTP/1.1
2025-05-01 02:08:13,index,112.314999818802,330,TheEmptinessMachine,HTCP,Festive,HTTP/1.1
2025-05-01 02:08:15,index,114.314999818802,330,TheEmptinessMachine,HTCP,Festive,HTTP/1.1
2025-05-01 02:08:17,index,116.314999818802,330,TheEmptinessMachine,HTCP,Festive,HTTP/1.1
2025-05-01 02:08:19,index,118.314999818802,330,TheEmptinessMachine,HTCP,Festive,HTTP/1.1
2025-05-01 02:08:21,index,120.314999818802,320,TheEmptinessMachine,HTCP,Festive,HTTP/1.1
2025-05-01 02:08:23,index,122.314999818802,320,TheEmptinessMachine,HTCP,Festive,HTTP/1.1
2025-05-01 02:08:25,index,124.314999818802,320,TheEmptinessMachine,HTCP,Festive,HTTP/1.1
2025-05-01 02:08:27,index,126.314999818802,320,TheEmptinessMachine,HTCP,Festive,HTTP/1.1
2025-05-01 02:08:29,index,128.314999818802,320,TheEmptinessMachine,HTCP,Festive,HTTP/1.1
2025-05-01 02:08:31,index,130.314999818802,320,TheEmptinessMachine,HTCP,Festive,HTTP/1.1
2025-05-01 02:08:33,index,132.314999818802,320,TheEmptinessMachine,HTCP,Festive,HTTP/1.1
2025-05-01 02:08:35,index,134.314999818802,320,TheEmptinessMachine,HTCP,Festive,HTTP/1.1
2025-05-01 02:08:37,index,136.314999818802,320,TheEmptinessMachine,HTCP,Festive,HTTP/1.1
2025-05-01 02:08:39,index,138.314999818802,1226,TheEmptinessMachine,HTCP,Festive,HTTP/1.1
2025-05-01 02:08:41,index,140.314999818802,1226,TheEmptinessMachine,HTCP,Festive,HTTP/1.1
2025-05-01 02:08:43,index,142.314999818802,1226,TheEmptinessMachine,HTCP,Festive,HTTP/1.1
2025-05-01 02:08:45,index,144.314999818802,1106,TheEmptinessMachine,HTCP,Festive,HTTP/1.1
2025-05-01 02:08:47,index,146.314999818802,330,TheEmptinessMachine,HTCP,Festive,HTTP/1.1
2025-05-01 02:08:49,index,148.314999818802,330,TheEmptinessMachine,HTCP,Festive,HTTP/1.1
2025-05-01 02:08:51,index,150.314999818802,330,TheEmptinessMachine,HTCP,Festive,HTTP/1.1
2025-05-01 02:08:53,index,152.313999891281,330,TheEmptinessMachine,HTCP,Festive,HTTP/1.1
2025-05-01 02:08:55,index,154.314999818802,330,TheEmptinessMachine,HTCP,Festive,HTTP/1.1
2025-05-01 02:08:57,index,156.314999818802,1767,TheEmptinessMachine,HTCP,Festive,HTTP/1.1
2025-05-01 02:08:59,index,158.314999818802,1767,TheEmptinessMachine,HTCP,Festive,HTTP/1.1
2025-05-01 02:09:01,index,160.314999818802,1767,TheEmptinessMachine,HTCP,Festive,HTTP/1.1
2025-05-01 02:09:03,index,162.314999818802,1767,TheEmptinessMachine,HTCP,Festive,HTTP/1.1
2025-05-01 02:09:05,index,164.314999818802,1767,TheEmptinessMachine,HTCP,Festive,HTTP/1.1
2025-05-01 02:09:07,index,166.314999818802,980,TheEmptinessMachine,HTCP,Festive,HTTP/1.1
2025-05-01 02:09:09,index,168.314999818802,980,TheEmptinessMachine,HTCP,Festive,HTTP/1.1
2025-05-01 02:09:11,index,170.314999818802,214,TheEmptinessMachine,HTCP,Festive,HTTP/1.1
2025-05-01 02:09:13,index,172.314999818802,330,TheEmptinessMachine,HTCP,Festive,HTTP/1.1
2025-05-01 02:09:15,index,174.314999818802,674,TheEmptinessMachine,HTCP,Festive,HTTP/1.1
2025-05-01 02:09:17,index,176.314999818802,674,TheEmptinessMachine,HTCP,Festive,HTTP/1.1
2025-05-01 02:09:19,index,178.314999818802,330,TheEmptinessMachine,HTCP,Festive,HTTP/1.1
2025-05-01 02:09:21,index,180.314999818802,635,TheEmptinessMachine,HTCP,Festive,HTTP/1.1
2025-05-01 02:09:23,index,182.314999818802,635,TheEmptinessMachine,HTCP,Festive,HTTP/1.1
2025-05-01 02:09:25,index,184.314999818802,330,TheEmptinessMachine,HTCP,Festive,HTTP/1.1
2025-05-01 02:09:27,index,186.314999818802,330,TheEmptinessMachine,HTCP,Festive,HTTP/1.1
2025-05-01 02:09:29,index,188.314999818802,330,TheEmptinessMachine,HTCP,Festive,HTTP/1.1
2025-05-01 02:09:31,index,190.314999818802,330,TheEmptinessMachine,HTCP,Festive,HTTP/1.1
2025-05-01 02:09:33,index,192.314999818802,330,TheEmptinessMachine,HTCP,Festive,HTTP/1.1
2025-05-01 02:09:35,index,194.314999818802,330,TheEmptinessMachine,HTCP,Festive,HTTP/1.1
2025-05-01 02:09:37,index,196.314999818802,330,TheEmptinessMachine,HTCP,Festive,HTTP/1.1
2025-05-01 02:09:39,index,198.314999818802,330,TheEmptinessMachine,HTCP,Festive,HTTP/1.1
2025-05-01 02:09:41,index,200.314999818802,330,TheEmptinessMachine,HTCP,Festive,HTTP/1.1
2025-05-01 02:10:31,index,6.10199999809265,674,TheEmptinessMachine,HTCP,Festive,HTTP/2
2025-05-01 02:10:39,index,14.1019999980927,84,TheEmptinessMachine,HTCP,Festive,HTTP/2
2025-05-01 02:10:41,index,16.1019999980927,84,TheEmptinessMachine,HTCP,Festive,HTTP/2
2025-05-01 02:10:43,index,18.1029999256134,674,TheEmptinessMachine,HTCP,Festive,HTTP/2
2025-05-01 02:10:45,index,20.1029999256134,674,TheEmptinessMachine,HTCP,Festive,HTTP/2
2025-05-01 02:10:47,index,22.1029999256134,674,TheEmptinessMachine,HTCP,Festive,HTTP/2
2025-05-01 02:10:49,index,24.1029999256134,169,TheEmptinessMachine,HTCP,Festive,HTTP/2
2025-05-01 02:10:51,index,26.1029999256134,214,TheEmptinessMachine,HTCP,Festive,HTTP/2
2025-05-01 02:10:53,index,28.1019999980927,84,TheEmptinessMachine,HTCP,Festive,HTTP/2
2025-05-01 02:10:55,index,30.1019999980927,330,TheEmptinessMachine,HTCP,Festive,HTTP/2
2025-05-01 02:10:57,index,32.1019999980927,330,TheEmptinessMachine,HTCP,Festive,HTTP/2
2025-05-01 02:10:59,index,34.1019999980927,169,TheEmptinessMachine,HTCP,Festive,HTTP/2
2025-05-01 02:11:01,index,36.1029999256134,320,TheEmptinessMachine,HTCP,Festive,HTTP/2
2025-05-01 02:11:03,index,38.1019999980927,320,TheEmptinessMachine,HTCP,Festive,HTTP/2
2025-05-01 02:11:05,index,40.1019999980927,84,TheEmptinessMachine,HTCP,Festive,HTTP/2
2025-05-01 02:11:07,index,42.1029999256134,320,TheEmptinessMachine,HTCP,Festive,HTTP/2
2025-05-01 02:11:11,index,46.1019999980927,320,TheEmptinessMachine,HTCP,Festive,HTTP/2
2025-05-01 02:11:13,index,48.1029999256134,214,TheEmptinessMachine,HTCP,Festive,HTTP/2
2025-05-01 02:11:15,index,50.1019999980927,169,TheEmptinessMachine,HTCP,Festive,HTTP/2
2025-05-01 02:11:17,index,52.1029999256134,214,TheEmptinessMachine,HTCP,Festive,HTTP/2
2025-05-01 02:11:19,index,54.1019999980927,214,TheEmptinessMachine,HTCP,Festive,HTTP/2
2025-05-01 02:11:21,index,56.1019999980927,214,TheEmptinessMachine,HTCP,Festive,HTTP/2
2025-05-01 02:11:23,index,58.1029999256134,214,TheEmptinessMachine,HTCP,Festive,HTTP/2
2025-05-01 02:11:25,index,60.1019999980927,169,TheEmptinessMachine,HTCP,Festive,HTTP/2
2025-05-01 02:11:27,index,62.1019999980927,169,TheEmptinessMachine,HTCP,Festive,HTTP/2
2025-05-01 02:11:29,index,64.1019999980927,169,TheEmptinessMachine,HTCP,Festive,HTTP/2
2025-05-01 02:11:31,index,66.1029999256134,169,TheEmptinessMachine,HTCP,Festive,HTTP/2
2025-05-01 02:11:33,index,68.1019999980927,169,TheEmptinessMachine,HTCP,Festive,HTTP/2
2025-05-01 02:11:35,index,70.1019999980927,169,TheEmptinessMachine,HTCP,Festive,HTTP/2
2025-05-01 02:11:37,index,72.1029999256134,169,TheEmptinessMachine,HTCP,Festive,HTTP/2
2025-05-01 02:11:39,index,74.1029999256134,169,TheEmptinessMachine,HTCP,Festive,HTTP/2
2025-05-01 02:11:41,index,76.1019999980927,169,TheEmptinessMachine,HTCP,Festive,HTTP/2
2025-05-01 02:11:43,index,78.1019999980927,169,TheEmptinessMachine,HTCP,Festive,HTTP/2
2025-05-01 02:11:46,index,80.1029999256134,169,TheEmptinessMachine,HTCP,Festive,HTTP/2
2025-05-01 02:11:47,index,82.1019999980927,169,TheEmptinessMachine,HTCP,Festive,HTTP/2
2025-05-01 02:11:49,index,84.1019999980927,1767,TheEmptinessMachine,HTCP,Festive,HTTP/2
2025-05-01 02:11:51,index,86.1019999980927,1767,TheEmptinessMachine,HTCP,Festive,HTTP/2
2025-05-01 02:11:53,index,88.1029999256134,1767,TheEmptinessMachine,HTCP,Festive,HTTP/2
2025-05-01 02:11:56,index,90.1029999256134,674,TheEmptinessMachine,HTCP,Festive,HTTP/2
2025-05-01 02:11:57,index,92.1029999256134,674,TheEmptinessMachine,HTCP,Festive,HTTP/2
2025-05-01 02:11:59,index,94.1019999980927,674,TheEmptinessMachine,HTCP,Festive,HTTP/2
2025-05-01 02:12:02,index,96.1019999980927,674,TheEmptinessMachine,HTCP,Festive,HTTP/2
2025-05-01 02:12:03,index,98.1029999256134,214,TheEmptinessMachine,HTCP,Festive,HTTP/2
2025-05-01 02:12:09,index,104.101999998093,214,TheEmptinessMachine,HTCP,Festive,HTTP/2
2025-05-01 02:12:15,index,110.102999925613,84,TheEmptinessMachine,HTCP,Festive,HTTP/2
2025-05-01 02:12:17,index,112.101999998093,169,TheEmptinessMachine,HTCP,Festive,HTTP/2
2025-05-01 02:12:19,index,114.101999998093,169,TheEmptinessMachine,HTCP,Festive,HTTP/2
2025-05-01 02:12:21,index,116.102999925613,166,TheEmptinessMachine,HTCP,Festive,HTTP/2
2025-05-01 02:12:23,index,118.101999998093,166,TheEmptinessMachine,HTCP,Festive,HTTP/2
2025-05-01 02:12:25,index,120.103999853134,166,TheEmptinessMachine,HTCP,Festive,HTTP/2
2025-05-01 02:12:27,index,122.101999998093,166,TheEmptinessMachine,HTCP,Festive,HTTP/2
2025-05-01 02:12:29,index,124.101999998093,166,TheEmptinessMachine,HTCP,Festive,HTTP/2
2025-05-01 02:12:31,index,126.102999925613,166,TheEmptinessMachine,HTCP,Festive,HTTP/2
2025-05-01 02:12:33,index,128.101999998093,166,TheEmptinessMachine,HTCP,Festive,HTTP/2
2025-05-01 02:12:35,index,130.101999998093,166,TheEmptinessMachine,HTCP,Festive,HTTP/2
2025-05-01 02:12:37,index,132.102999925613,166,TheEmptinessMachine,HTCP,Festive,HTTP/2
2025-05-01 02:12:39,index,134.102999925613,166,TheEmptinessMachine,HTCP,Festive,HTTP/2
2025-05-01 02:12:41,index,136.101999998093,166,TheEmptinessMachine,HTCP,Festive,HTTP/2
2025-05-01 02:12:43,index,138.101999998093,166,TheEmptinessMachine,HTCP,Festive,HTTP/2
2025-05-01 02:12:45,index,140.101999998093,674,TheEmptinessMachine,HTCP,Festive,HTTP/2
2025-05-01 02:12:47,index,142.101999998093,674,TheEmptinessMachine,HTCP,Festive,HTTP/2
2025-05-01 02:12:49,index,144.101999998093,674,TheEmptinessMachine,HTCP,Festive,HTTP/2
2025-05-01 02:12:51,index,146.101999998093,674,TheEmptinessMachine,HTCP,Festive,HTTP/2
2025-05-01 02:12:53,index,148.101999998093,674,TheEmptinessMachine,HTCP,Festive,HTTP/2
2025-05-01 02:12:55,index,150.101999998093,330,TheEmptinessMachine,HTCP,Festive,HTTP/2
2025-05-01 02:12:57,index,152.101999998093,330,TheEmptinessMachine,HTCP,Festive,HTTP/2
2025-05-01 02:13:01,index,156.101999998093,72,TheEmptinessMachine,HTCP,Festive,HTTP/2
2025-05-01 02:13:04,index,158.101999998093,72,TheEmptinessMachine,HTCP,Festive,HTTP/2
2025-05-01 02:13:05,index,160.101999998093,1767,TheEmptinessMachine,HTCP,Festive,HTTP/2
2025-05-01 02:13:07,index,162.101999998093,330,TheEmptinessMachine,HTCP,Festive,HTTP/2
2025-05-01 02:13:09,index,164.101999998093,330,TheEmptinessMachine,HTCP,Festive,HTTP/2
2025-05-01 02:13:11,index,166.101999998093,330,TheEmptinessMachine,HTCP,Festive,HTTP/2
2025-05-01 02:13:13,index,168.101999998093,330,TheEmptinessMachine,HTCP,Festive,HTTP/2
2025-05-01 02:13:16,index,170.101999998093,330,TheEmptinessMachine,HTCP,Festive,HTTP/2
2025-05-01 02:13:17,index,172.101999998093,330,TheEmptinessMachine,HTCP,Festive,HTTP/2
2025-05-01 02:13:19,index,174.101999998093,330,TheEmptinessMachine,HTCP,Festive,HTTP/2
2025-05-01 02:13:21,index,176.101999998093,84,TheEmptinessMachine,HTCP,Festive,HTTP/2
2025-05-01 02:13:24,index,178.101999998093,330,TheEmptinessMachine,HTCP,Festive,HTTP/2
2025-05-01 02:13:27,index,182.101999998093,320,TheEmptinessMachine,HTCP,Festive,HTTP/2
2025-05-01 02:13:33,index,188.102999925613,214,TheEmptinessMachine,HTCP,Festive,HTTP/2
2025-05-01 02:13:35,index,190.101999998093,320,TheEmptinessMachine,HTCP,Festive,HTTP/2
2025-05-01 02:13:39,index,194.101999998093,84,TheEmptinessMachine,HTCP,Festive,HTTP/2
2025-05-01 02:13:41,index,196.101999998093,214,TheEmptinessMachine,HTCP,Festive,HTTP/2
2025-05-01 02:13:45,index,200.102999925613,214,TheEmptinessMachine,HTCP,Festive,HTTP/2
2025-05-01 02:14:33,index,8.30299997329712,320,TheEmptinessMachine,HTCP,Festive,HTTP/3
2025-05-01 02:14:35,index,10.3029999732971,320,TheEmptinessMachine,HTCP,Festive,HTTP/3
2025-05-01 02:14:37,index,12.3029999732971,84,TheEmptinessMachine,HTCP,Festive,HTTP/3
2025-05-01 02:14:39,index,14.3029999732971,84,TheEmptinessMachine,HTCP,Festive,HTTP/3
2025-05-01 02:14:41,index,16.3029999732971,84,TheEmptinessMachine,HTCP,Festive,HTTP/3
2025-05-01 02:14:43,index,18.3029999732971,84,TheEmptinessMachine,HTCP,Festive,HTTP/3
2025-05-01 02:14:45,index,20.3029999732971,84,TheEmptinessMachine,HTCP,Festive,HTTP/3
2025-05-01 02:14:47,index,22.3029999732971,330,TheEmptinessMachine,HTCP,Festive,HTTP/3
2025-05-01 02:14:49,index,24.3029999732971,84,TheEmptinessMachine,HTCP,Festive,HTTP/3
2025-05-01 02:14:51,index,26.3029999732971,214,TheEmptinessMachine,HTCP,Festive,HTTP/3
2025-05-01 02:14:53,index,28.3029999732971,84,TheEmptinessMachine,HTCP,Festive,HTTP/3
2025-05-01 02:14:55,index,30.3029999732971,169,TheEmptinessMachine,HTCP,Festive,HTTP/3
2025-05-01 02:14:57,index,32.3029999732971,84,TheEmptinessMachine,HTCP,Festive,HTTP/3
2025-05-01 02:14:59,index,34.3029999732971,169,TheEmptinessMachine,HTCP,Festive,HTTP/3
2025-05-01 02:15:03,index,38.3029999732971,169,TheEmptinessMachine,HTCP,Festive,HTTP/3
2025-05-01 02:15:07,index,42.3029999732971,169,TheEmptinessMachine,HTCP,Festive,HTTP/3
2025-05-01 02:15:09,index,44.3029999732971,84,TheEmptinessMachine,HTCP,Festive,HTTP/3
2025-05-01 02:15:11,index,46.3029999732971,166,TheEmptinessMachine,HTCP,Festive,HTTP/3
2025-05-01 02:15:13,index,48.3029999732971,166,TheEmptinessMachine,HTCP,Festive,HTTP/3
2025-05-01 02:15:15,index,50.3029999732971,166,TheEmptinessMachine,HTCP,Festive,HTTP/3
2025-05-01 02:15:17,index,52.3029999732971,166,TheEmptinessMachine,HTCP,Festive,HTTP/3
2025-05-01 02:15:19,index,54.3029999732971,166,TheEmptinessMachine,HTCP,Festive,HTTP/3
2025-05-01 02:15:21,index,56.3029999732971,166,TheEmptinessMachine,HTCP,Festive,HTTP/3
2025-05-01 02:15:23,index,58.3029999732971,166,TheEmptinessMachine,HTCP,Festive,HTTP/3
2025-05-01 02:15:25,index,60.3029999732971,166,TheEmptinessMachine,HTCP,Festive,HTTP/3
2025-05-01 02:15:27,index,62.3029999732971,166,TheEmptinessMachine,HTCP,Festive,HTTP/3
2025-05-01 02:15:29,index,64.3029999732971,635,TheEmptinessMachine,HTCP,Festive,HTTP/3
2025-05-01 02:15:31,index,66.3029999732971,635,TheEmptinessMachine,HTCP,Festive,HTTP/3
2025-05-01 02:15:33,index,68.3029999732971,635,TheEmptinessMachine,HTCP,Festive,HTTP/3
2025-05-01 02:15:35,index,70.3029999732971,169,TheEmptinessMachine,HTCP,Festive,HTTP/3
2025-05-01 02:15:37,index,72.3029999732971,81,TheEmptinessMachine,HTCP,Festive,HTTP/3
2025-05-01 02:15:41,index,76.3029999732971,72,TheEmptinessMachine,HTCP,Festive,HTTP/3
2025-05-01 02:15:43,index,78.3029999732971,72,TheEmptinessMachine,HTCP,Festive,HTTP/3
2025-05-01 02:15:45,index,80.3029999732971,330,TheEmptinessMachine,HTCP,Festive,HTTP/3
2025-05-01 02:15:47,index,82.3029999732971,169,TheEmptinessMachine,HTCP,Festive,HTTP/3
2025-05-01 02:15:49,index,84.3040001392365,214,TheEmptinessMachine,HTCP,Festive,HTTP/3
2025-05-01 02:15:51,index,86.3029999732971,214,TheEmptinessMachine,HTCP,Festive,HTTP/3
2025-05-01 02:15:53,index,88.3029999732971,214,TheEmptinessMachine,HTCP,Festive,HTTP/3
2025-05-01 02:15:55,index,90.3029999732971,320,TheEmptinessMachine,HTCP,Festive,HTTP/3
2025-05-01 02:15:57,index,92.3029999732971,84,TheEmptinessMachine,HTCP,Festive,HTTP/3
2025-05-01 02:15:59,index,94.3029999732971,214,TheEmptinessMachine,HTCP,Festive,HTTP/3
2025-05-01 02:16:01,index,96.3029999732971,72,TheEmptinessMachine,HTCP,Festive,HTTP/3
2025-05-01 02:16:05,index,100.302999973297,214,TheEmptinessMachine,HTCP,Festive,HTTP/3
2025-05-01 02:16:07,index,102.302999973297,214,TheEmptinessMachine,HTCP,Festive,HTTP/3
2025-05-01 02:16:09,index,104.302999973297,169,TheEmptinessMachine,HTCP,Festive,HTTP/3
2025-05-01 02:16:11,index,106.302999973297,169,TheEmptinessMachine,HTCP,Festive,HTTP/3
2025-05-01 02:16:13,index,108.302999973297,84,TheEmptinessMachine,HTCP,Festive,HTTP/3
2025-05-01 02:16:15,index,110.302999973297,169,TheEmptinessMachine,HTCP,Festive,HTTP/3
2025-05-01 02:16:17,index,112.302999973297,169,TheEmptinessMachine,HTCP,Festive,HTTP/3
2025-05-01 02:16:19,index,114.302999973297,166,TheEmptinessMachine,HTCP,Festive,HTTP/3
2025-05-01 02:16:21,index,116.302999973297,166,TheEmptinessMachine,HTCP,Festive,HTTP/3
2025-05-01 02:16:23,index,118.304000139236,166,TheEmptinessMachine,HTCP,Festive,HTTP/3
2025-05-01 02:16:25,index,120.302999973297,166,TheEmptinessMachine,HTCP,Festive,HTTP/3
2025-05-01 02:16:27,index,122.302999973297,166,TheEmptinessMachine,HTCP,Festive,HTTP/3
2025-05-01 02:16:29,index,124.302999973297,166,TheEmptinessMachine,HTCP,Festive,HTTP/3
2025-05-01 02:16:31,index,126.302999973297,166,TheEmptinessMachine,HTCP,Festive,HTTP/3
2025-05-01 02:16:33,index,128.302999973297,166,TheEmptinessMachine,HTCP,Festive,HTTP/3
2025-05-01 02:16:35,index,130.302999973297,166,TheEmptinessMachine,HTCP,Festive,HTTP/3
2025-05-01 02:16:37,index,132.302999973297,166,TheEmptinessMachine,HTCP,Festive,HTTP/3
2025-05-01 02:16:39,index,134.302999973297,1226,TheEmptinessMachine,HTCP,Festive,HTTP/3
2025-05-01 02:16:41,index,136.302999973297,84,TheEmptinessMachine,HTCP,Festive,HTTP/3
2025-05-01 02:16:43,index,138.302999973297,84,TheEmptinessMachine,HTCP,Festive,HTTP/3
2025-05-01 02:16:45,index,140.302999973297,84,TheEmptinessMachine,HTCP,Festive,HTTP/3
2025-05-01 02:16:47,index,142.302999973297,84,TheEmptinessMachine,HTCP,Festive,HTTP/3
2025-05-01 02:16:49,index,144.302999973297,84,TheEmptinessMachine,HTCP,Festive,HTTP/3
2025-05-01 02:16:51,index,146.302999973297,674,TheEmptinessMachine,HTCP,Festive,HTTP/3
2025-05-01 02:16:53,index,148.302999973297,674,TheEmptinessMachine,HTCP,Festive,HTTP/3
2025-05-01 02:16:55,index,150.302999973297,214,TheEmptinessMachine,HTCP,Festive,HTTP/3
2025-05-01 02:16:57,index,152.302999973297,214,TheEmptinessMachine,HTCP,Festive,HTTP/3
2025-05-01 02:16:59,index,154.302999973297,214,TheEmptinessMachine,HTCP,Festive,HTTP/3
2025-05-01 02:17:01,index,156.302999973297,84,TheEmptinessMachine,HTCP,Festive,HTTP/3
2025-05-01 02:17:03,index,158.302999973297,84,TheEmptinessMachine,HTCP,Festive,HTTP/3
2025-05-01 02:17:05,index,160.302999973297,674,TheEmptinessMachine,HTCP,Festive,HTTP/3
2025-05-01 02:17:07,index,162.302999973297,674,TheEmptinessMachine,HTCP,Festive,HTTP/3
2025-05-01 02:17:09,index,164.302999973297,674,TheEmptinessMachine,HTCP,Festive,HTTP/3
2025-05-01 02:17:11,index,166.302999973297,169,TheEmptinessMachine,HTCP,Festive,HTTP/3
2025-05-01 02:17:13,index,168.302999973297,81,TheEmptinessMachine,HTCP,Festive,HTTP/3
2025-05-01 02:17:21,index,176.302999973297,72,TheEmptinessMachine,HTCP,Festive,HTTP/3
2025-05-01 02:17:23,index,178.302999973297,330,TheEmptinessMachine,HTCP,Festive,HTTP/3
2025-05-01 02:17:25,index,180.302999973297,166,TheEmptinessMachine,HTCP,Festive,HTTP/3
2025-05-01 02:17:27,index,182.302999973297,214,TheEmptinessMachine,HTCP,Festive,HTTP/3
2025-05-01 02:17:33,index,188.302999973297,169,TheEmptinessMachine,HTCP,Festive,HTTP/3
2025-05-01 02:17:35,index,190.302999973297,214,TheEmptinessMachine,HTCP,Festive,HTTP/3
2025-05-01 02:17:37,index,192.302999973297,84,TheEmptinessMachine,HTCP,Festive,HTTP/3
2025-05-01 02:17:39,index,194.302999973297,169,TheEmptinessMachine,HTCP,Festive,HTTP/3
2025-05-01 02:17:41,index,196.302999973297,169,TheEmptinessMachine,HTCP,Festive,HTTP/3
2025-05-01 02:17:43,index,198.302999973297,169,TheEmptinessMachine,HTCP,Festive,HTTP/3
2025-05-01 02:17:47,index,202.302999973297,169,TheEmptinessMachine,HTCP,Festive,HTTP/3
2025-05-01 02:17:53,index,208.302999973297,169,TheEmptinessMachine,HTCP,Festive,HTTP/3
2025-05-01 02:17:55,index,210.302999973297,169,TheEmptinessMachine,HTCP,Festive,HTTP/3
2025-05-01 02:18:30,index,4.29100012779236,1226,TheEmptinessMachine,HTCP,L2A,HTTP/1.1
2025-05-01 02:18:32,index,6.29200005531311,330,TheEmptinessMachine,HTCP,L2A,HTTP/1.1
2025-05-01 02:18:34,index,8.29100012779236,980,TheEmptinessMachine,HTCP,L2A,HTTP/1.1
2025-05-01 02:18:36,index,10.2910001277924,980,TheEmptinessMachine,HTCP,L2A,HTTP/1.1
2025-05-01 02:18:38,index,12.2910001277924,674,TheEmptinessMachine,HTCP,L2A,HTTP/1.1
2025-05-01 02:18:46,index,20.2910001277924,214,TheEmptinessMachine,HTCP,L2A,HTTP/1.1
2025-05-01 02:18:48,index,22.2910001277924,330,TheEmptinessMachine,HTCP,L2A,HTTP/1.1
2025-05-01 02:18:50,index,24.2910001277924,635,TheEmptinessMachine,HTCP,L2A,HTTP/1.1
2025-05-01 02:18:52,index,26.2920000553131,330,TheEmptinessMachine,HTCP,L2A,HTTP/1.1
2025-05-01 02:18:54,index,28.2910001277924,330,TheEmptinessMachine,HTCP,L2A,HTTP/1.1
2025-05-01 02:18:56,index,30.2910001277924,330,TheEmptinessMachine,HTCP,L2A,HTTP/1.1
2025-05-01 02:18:58,index,32.2910001277924,330,TheEmptinessMachine,HTCP,L2A,HTTP/1.1
2025-05-01 02:19:00,index,34.2910001277924,330,TheEmptinessMachine,HTCP,L2A,HTTP/1.1
2025-05-01 02:19:02,index,36.2910001277924,330,TheEmptinessMachine,HTCP,L2A,HTTP/1.1
2025-05-01 02:19:04,index,38.2910001277924,320,TheEmptinessMachine,HTCP,L2A,HTTP/1.1
2025-05-01 02:19:06,index,40.2910001277924,320,TheEmptinessMachine,HTCP,L2A,HTTP/1.1
2025-05-01 02:19:08,index,42.2910001277924,320,TheEmptinessMachine,HTCP,L2A,HTTP/1.1
2025-05-01 02:19:10,index,44.2910001277924,320,TheEmptinessMachine,HTCP,L2A,HTTP/1.1
2025-05-01 02:19:12,index,46.2910001277924,320,TheEmptinessMachine,HTCP,L2A,HTTP/1.1
2025-05-01 02:19:14,index,48.2910001277924,320,TheEmptinessMachine,HTCP,L2A,HTTP/1.1
2025-05-01 02:19:16,index,50.2910001277924,320,TheEmptinessMachine,HTCP,L2A,HTTP/1.1
2025-05-01 02:19:18,index,52.2910001277924,320,TheEmptinessMachine,HTCP,L2A,HTTP/1.1
2025-05-01 02:19:20,index,54.2910001277924,320,TheEmptinessMachine,HTCP,L2A,HTTP/1.1
2025-05-01 02:19:22,index,56.2910001277924,320,TheEmptinessMachine,HTCP,L2A,HTTP/1.1
2025-05-01 02:19:24,index,58.2910001277924,320,TheEmptinessMachine,HTCP,L2A,HTTP/1.1
2025-05-01 02:19:26,index,60.2910001277924,320,TheEmptinessMachine,HTCP,L2A,HTTP/1.1
2025-05-01 02:19:28,index,62.2910001277924,320,TheEmptinessMachine,HTCP,L2A,HTTP/1.1
2025-05-01 02:19:30,index,64.2910001277924,1499,TheEmptinessMachine,HTCP,L2A,HTTP/1.1
2025-05-01 02:19:32,index,66.2910001277924,1499,TheEmptinessMachine,HTCP,L2A,HTTP/1.1
2025-05-01 02:19:34,index,68.2910001277924,1499,TheEmptinessMachine,HTCP,L2A,HTTP/1.1
2025-05-01 02:19:36,index,70.2910001277924,1499,TheEmptinessMachine,HTCP,L2A,HTTP/1.1
2025-05-01 02:19:38,index,72.2910001277924,732,TheEmptinessMachine,HTCP,L2A,HTTP/1.1
2025-05-01 02:19:40,index,74.2910001277924,732,TheEmptinessMachine,HTCP,L2A,HTTP/1.1
2025-05-01 02:19:42,index,76.2920000553131,732,TheEmptinessMachine,HTCP,L2A,HTTP/1.1
2025-05-01 02:19:44,index,78.2910001277924,84,TheEmptinessMachine,HTCP,L2A,HTTP/1.1
2025-05-01 02:19:46,index,80.2910001277924,330,TheEmptinessMachine,HTCP,L2A,HTTP/1.1
2025-05-01 02:19:48,index,82.2910001277924,214,TheEmptinessMachine,HTCP,L2A,HTTP/1.1
2025-05-01 02:19:50,index,84.2910001277924,330,TheEmptinessMachine,HTCP,L2A,HTTP/1.1
2025-05-01 02:19:52,index,86.2910001277924,330,TheEmptinessMachine,HTCP,L2A,HTTP/1.1
2025-05-01 02:19:54,index,88.2910001277924,320,TheEmptinessMachine,HTCP,L2A,HTTP/1.1
2025-05-01 02:19:56,index,90.2910001277924,320,TheEmptinessMachine,HTCP,L2A,HTTP/1.1
2025-05-01 02:19:58,index,92.2910001277924,320,TheEmptinessMachine,HTCP,L2A,HTTP/1.1
2025-05-01 02:20:00,index,94.2910001277924,320,TheEmptinessMachine,HTCP,L2A,HTTP/1.1
2025-05-01 02:20:02,index,96.2910001277924,320,TheEmptinessMachine,HTCP,L2A,HTTP/1.1
2025-05-01 02:20:04,index,98.2910001277924,320,TheEmptinessMachine,HTCP,L2A,HTTP/1.1
2025-05-01 02:20:06,index,100.291000127792,732,TheEmptinessMachine,HTCP,L2A,HTTP/1.1
2025-05-01 02:20:08,index,102.291000127792,732,TheEmptinessMachine,HTCP,L2A,HTTP/1.1
2025-05-01 02:20:10,index,104.291000127792,732,TheEmptinessMachine,HTCP,L2A,HTTP/1.1
2025-05-01 02:20:12,index,106.291000127792,1106,TheEmptinessMachine,HTCP,L2A,HTTP/1.1
2025-05-01 02:20:14,index,108.291000127792,1106,TheEmptinessMachine,HTCP,L2A,HTTP/1.1
2025-05-01 02:20:16,index,110.291000127792,732,TheEmptinessMachine,HTCP,L2A,HTTP/1.1
2025-05-01 02:20:18,index,112.291000127792,732,TheEmptinessMachine,HTCP,L2A,HTTP/1.1
2025-05-01 02:20:20,index,114.291000127792,214,TheEmptinessMachine,HTCP,L2A,HTTP/1.1
2025-05-01 02:20:22,index,116.291000127792,635,TheEmptinessMachine,HTCP,L2A,HTTP/1.1
2025-05-01 02:20:24,index,118.291000127792,635,TheEmptinessMachine,HTCP,L2A,HTTP/1.1
2025-05-01 02:20:26,index,120.291000127792,214,TheEmptinessMachine,HTCP,L2A,HTTP/1.1
2025-05-01 02:20:28,index,122.291000127792,330,TheEmptinessMachine,HTCP,L2A,HTTP/1.1
2025-05-01 02:20:30,index,124.291000127792,330,TheEmptinessMachine,HTCP,L2A,HTTP/1.1
2025-05-01 02:20:32,index,126.291000127792,169,TheEmptinessMachine,HTCP,L2A,HTTP/1.1
2025-05-01 02:20:34,index,128.291000127792,330,TheEmptinessMachine,HTCP,L2A,HTTP/1.1
2025-05-01 02:20:36,index,130.291000127792,330,TheEmptinessMachine,HTCP,L2A,HTTP/1.1
2025-05-01 02:20:38,index,132.291000127792,330,TheEmptinessMachine,HTCP,L2A,HTTP/1.1
2025-05-01 02:20:40,index,134.291000127792,320,TheEmptinessMachine,HTCP,L2A,HTTP/1.1
2025-05-01 02:20:42,index,136.291000127792,320,TheEmptinessMachine,HTCP,L2A,HTTP/1.1
2025-05-01 02:20:44,index,138.291000127792,320,TheEmptinessMachine,HTCP,L2A,HTTP/1.1
2025-05-01 02:20:46,index,140.291000127792,320,TheEmptinessMachine,HTCP,L2A,HTTP/1.1
2025-05-01 02:20:48,index,142.291000127792,320,TheEmptinessMachine,HTCP,L2A,HTTP/1.1
2025-05-01 02:20:50,index,144.291000127792,320,TheEmptinessMachine,HTCP,L2A,HTTP/1.1
2025-05-01 02:20:52,index,146.291000127792,320,TheEmptinessMachine,HTCP,L2A,HTTP/1.1
2025-05-01 02:20:54,index,148.291000127792,320,TheEmptinessMachine,HTCP,L2A,HTTP/1.1
2025-05-01 02:20:56,index,150.291000127792,320,TheEmptinessMachine,HTCP,L2A,HTTP/1.1
2025-05-01 02:20:58,index,152.291000127792,1499,TheEmptinessMachine,HTCP,L2A,HTTP/1.1
2025-05-01 02:21:00,index,154.291000127792,1499,TheEmptinessMachine,HTCP,L2A,HTTP/1.1
2025-05-01 02:21:02,index,156.291000127792,980,TheEmptinessMachine,HTCP,L2A,HTTP/1.1
2025-05-01 02:21:04,index,158.291000127792,980,TheEmptinessMachine,HTCP,L2A,HTTP/1.1
2025-05-01 02:21:06,index,160.291000127792,1106,TheEmptinessMachine,HTCP,L2A,HTTP/1.1
2025-05-01 02:21:08,index,162.291000127792,980,TheEmptinessMachine,HTCP,L2A,HTTP/1.1
2025-05-01 02:21:10,index,164.291000127792,980,TheEmptinessMachine,HTCP,L2A,HTTP/1.1
2025-05-01 02:21:12,index,166.291000127792,674,TheEmptinessMachine,HTCP,L2A,HTTP/1.1
2025-05-01 02:21:14,index,168.291000127792,674,TheEmptinessMachine,HTCP,L2A,HTTP/1.1
2025-05-01 02:21:16,index,170.291000127792,330,TheEmptinessMachine,HTCP,L2A,HTTP/1.1
2025-05-01 02:21:18,index,172.291000127792,330,TheEmptinessMachine,HTCP,L2A,HTTP/1.1
2025-05-01 02:21:20,index,174.291000127792,330,TheEmptinessMachine,HTCP,L2A,HTTP/1.1
2025-05-01 02:21:22,index,176.291000127792,330,TheEmptinessMachine,HTCP,L2A,HTTP/1.1
2025-05-01 02:21:24,index,178.291000127792,635,TheEmptinessMachine,HTCP,L2A,HTTP/1.1
2025-05-01 02:21:26,index,180.291000127792,635,TheEmptinessMachine,HTCP,L2A,HTTP/1.1
2025-05-01 02:21:28,index,182.291000127792,330,TheEmptinessMachine,HTCP,L2A,HTTP/1.1
2025-05-01 02:21:30,index,184.291000127792,330,TheEmptinessMachine,HTCP,L2A,HTTP/1.1
2025-05-01 02:21:32,index,186.291000127792,330,TheEmptinessMachine,HTCP,L2A,HTTP/1.1
2025-05-01 02:21:34,index,188.291000127792,330,TheEmptinessMachine,HTCP,L2A,HTTP/1.1
2025-05-01 02:21:36,index,190.291000127792,330,TheEmptinessMachine,HTCP,L2A,HTTP/1.1
2025-05-01 02:21:38,index,192.291000127792,330,TheEmptinessMachine,HTCP,L2A,HTTP/1.1
2025-05-01 02:21:40,index,194.291000127792,330,TheEmptinessMachine,HTCP,L2A,HTTP/1.1
2025-05-01 02:21:42,index,196.291000127792,330,TheEmptinessMachine,HTCP,L2A,HTTP/1.1
2025-05-01 02:21:44,index,198.291000127792,330,TheEmptinessMachine,HTCP,L2A,HTTP/1.1
2025-05-01 02:21:46,index,200.291000127792,330,TheEmptinessMachine,HTCP,L2A,HTTP/1.1
2025-05-01 02:22:32,index,2.10000014305115,1767,TheEmptinessMachine,HTCP,L2A,HTTP/2
2025-05-01 02:22:40,index,10.0989999771118,1226,TheEmptinessMachine,HTCP,L2A,HTTP/2
2025-05-01 02:22:46,index,16.1000001430511,330,TheEmptinessMachine,HTCP,L2A,HTTP/2
2025-05-01 02:22:48,index,18.0989999771118,330,TheEmptinessMachine,HTCP,L2A,HTTP/2
2025-05-01 02:22:50,index,20.0989999771118,330,TheEmptinessMachine,HTCP,L2A,HTTP/2
2025-05-01 02:22:54,index,24.0989999771118,320,TheEmptinessMachine,HTCP,L2A,HTTP/2
2025-05-01 02:22:56,index,26.0989999771118,320,TheEmptinessMachine,HTCP,L2A,HTTP/2
2025-05-01 02:23:00,index,30.0989999771118,320,TheEmptinessMachine,HTCP,L2A,HTTP/2
2025-05-01 02:23:06,index,36.0989999771118,214,TheEmptinessMachine,HTCP,L2A,HTTP/2
2025-05-01 02:23:08,index,38.0989999771118,214,TheEmptinessMachine,HTCP,L2A,HTTP/2
2025-05-01 02:23:10,index,40.0989999771118,214,TheEmptinessMachine,HTCP,L2A,HTTP/2
2025-05-01 02:23:12,index,42.0989999771118,214,TheEmptinessMachine,HTCP,L2A,HTTP/2
2025-05-01 02:23:14,index,44.0989999771118,214,TheEmptinessMachine,HTCP,L2A,HTTP/2
2025-05-01 02:23:16,index,46.0989999771118,214,TheEmptinessMachine,HTCP,L2A,HTTP/2
2025-05-01 02:23:18,index,48.0989999771118,330,TheEmptinessMachine,HTCP,L2A,HTTP/2
2025-05-01 02:23:20,index,50.0989999771118,330,TheEmptinessMachine,HTCP,L2A,HTTP/2
2025-05-01 02:23:24,index,54.0989999771118,330,TheEmptinessMachine,HTCP,L2A,HTTP/2
2025-05-01 02:23:26,index,56.0989999771118,330,TheEmptinessMachine,HTCP,L2A,HTTP/2
2025-05-01 02:23:28,index,58.0989999771118,674,TheEmptinessMachine,HTCP,L2A,HTTP/2
2025-05-01 02:23:30,index,60.0989999771118,330,TheEmptinessMachine,HTCP,L2A,HTTP/2
2025-05-01 02:23:32,index,62.0989999771118,330,TheEmptinessMachine,HTCP,L2A,HTTP/2
2025-05-01 02:23:34,index,64.0989999771118,330,TheEmptinessMachine,HTCP,L2A,HTTP/2
2025-05-01 02:23:36,index,66.0989999771118,330,TheEmptinessMachine,HTCP,L2A,HTTP/2
2025-05-01 02:23:38,index,68.0989999771118,635,TheEmptinessMachine,HTCP,L2A,HTTP/2
2025-05-01 02:23:40,index,70.0989999771118,635,TheEmptinessMachine,HTCP,L2A,HTTP/2
2025-05-01 02:23:42,index,72.0989999771118,635,TheEmptinessMachine,HTCP,L2A,HTTP/2
2025-05-01 02:23:44,index,74.0989999771118,214,TheEmptinessMachine,HTCP,L2A,HTTP/2
2025-05-01 02:23:46,index,76.0989999771118,330,TheEmptinessMachine,HTCP,L2A,HTTP/2
2025-05-01 02:23:48,index,78.0989999771118,214,TheEmptinessMachine,HTCP,L2A,HTTP/2
2025-05-01 02:23:50,index,80.0989999771118,330,TheEmptinessMachine,HTCP,L2A,HTTP/2
2025-05-01 02:23:52,index,82.0989999771118,330,TheEmptinessMachine,HTCP,L2A,HTTP/2
2025-05-01 02:23:54,index,84.0989999771118,320,TheEmptinessMachine,HTCP,L2A,HTTP/2
2025-05-01 02:23:56,index,86.0989999771118,320,TheEmptinessMachine,HTCP,L2A,HTTP/2
2025-05-01 02:23:58,index,88.0989999771118,320,TheEmptinessMachine,HTCP,L2A,HTTP/2
2025-05-01 02:24:00,index,90.0989999771118,320,TheEmptinessMachine,HTCP,L2A,HTTP/2
2025-05-01 02:24:02,index,92.0989999771118,320,TheEmptinessMachine,HTCP,L2A,HTTP/2
2025-05-01 02:24:04,index,94.0989999771118,320,TheEmptinessMachine,HTCP,L2A,HTTP/2
2025-05-01 02:24:06,index,96.0989999771118,320,TheEmptinessMachine,HTCP,L2A,HTTP/2
2025-05-01 02:24:08,index,98.0989999771118,320,TheEmptinessMachine,HTCP,L2A,HTTP/2
2025-05-01 02:24:10,index,100.098999977112,320,TheEmptinessMachine,HTCP,L2A,HTTP/2
2025-05-01 02:24:12,index,102.098999977112,980,TheEmptinessMachine,HTCP,L2A,HTTP/2
2025-05-01 02:24:14,index,104.098999977112,980,TheEmptinessMachine,HTCP,L2A,HTTP/2
2025-05-01 02:24:20,index,110.098999977112,732,TheEmptinessMachine,HTCP,L2A,HTTP/2
2025-05-01 02:24:22,index,112.098999977112,732,TheEmptinessMachine,HTCP,L2A,HTTP/2
2025-05-01 02:24:34,index,124.098999977112,84,TheEmptinessMachine,HTCP,L2A,HTTP/2
2025-05-01 02:24:36,index,126.098999977112,330,TheEmptinessMachine,HTCP,L2A,HTTP/2
2025-05-01 02:24:38,index,128.098999977112,320,TheEmptinessMachine,HTCP,L2A,HTTP/2
2025-05-01 02:24:40,index,130.098999977112,84,TheEmptinessMachine,HTCP,L2A,HTTP/2
2025-05-01 02:24:42,index,132.098999977112,320,TheEmptinessMachine,HTCP,L2A,HTTP/2
2025-05-01 02:24:44,index,134.098999977112,320,TheEmptinessMachine,HTCP,L2A,HTTP/2
2025-05-01 02:24:46,index,136.098999977112,320,TheEmptinessMachine,HTCP,L2A,HTTP/2
2025-05-01 02:24:50,index,140.098999977112,320,TheEmptinessMachine,HTCP,L2A,HTTP/2
2025-05-01 02:24:58,index,148.098999977112,214,TheEmptinessMachine,HTCP,L2A,HTTP/2
2025-05-01 02:25:00,index,150.098999977112,214,TheEmptinessMachine,HTCP,L2A,HTTP/2
2025-05-01 02:25:02,index,152.098999977112,214,TheEmptinessMachine,HTCP,L2A,HTTP/2
2025-05-01 02:25:04,index,154.098999977112,214,TheEmptinessMachine,HTCP,L2A,HTTP/2
2025-05-01 02:25:06,index,156.098999977112,214,TheEmptinessMachine,HTCP,L2A,HTTP/2
2025-05-01 02:25:08,index,158.098999977112,214,TheEmptinessMachine,HTCP,L2A,HTTP/2
2025-05-01 02:25:10,index,160.098999977112,214,TheEmptinessMachine,HTCP,L2A,HTTP/2
2025-05-01 02:25:12,index,162.098999977112,330,TheEmptinessMachine,HTCP,L2A,HTTP/2
2025-05-01 02:25:14,index,164.098999977112,330,TheEmptinessMachine,HTCP,L2A,HTTP/2
2025-05-01 02:25:16,index,166.098999977112,330,TheEmptinessMachine,HTCP,L2A,HTTP/2
2025-05-01 02:25:18,index,168.098999977112,635,TheEmptinessMachine,HTCP,L2A,HTTP/2
2025-05-01 02:25:20,index,170.098999977112,635,TheEmptinessMachine,HTCP,L2A,HTTP/2
2025-05-01 02:25:22,index,172.100000143051,330,TheEmptinessMachine,HTCP,L2A,HTTP/2
2025-05-01 02:25:24,index,174.098999977112,330,TheEmptinessMachine,HTCP,L2A,HTTP/2
2025-05-01 02:25:26,index,176.098999977112,330,TheEmptinessMachine,HTCP,L2A,HTTP/2
2025-05-01 02:25:28,index,178.098999977112,330,TheEmptinessMachine,HTCP,L2A,HTTP/2
2025-05-01 02:25:30,index,180.098999977112,330,TheEmptinessMachine,HTCP,L2A,HTTP/2
2025-05-01 02:25:32,index,182.098999977112,330,TheEmptinessMachine,HTCP,L2A,HTTP/2
2025-05-01 02:25:34,index,184.098999977112,330,TheEmptinessMachine,HTCP,L2A,HTTP/2
2025-05-01 02:25:36,index,186.098999977112,330,TheEmptinessMachine,HTCP,L2A,HTTP/2
2025-05-01 02:25:38,index,188.098999977112,635,TheEmptinessMachine,HTCP,L2A,HTTP/2
2025-05-01 02:25:40,index,190.098999977112,635,TheEmptinessMachine,HTCP,L2A,HTTP/2
2025-05-01 02:25:42,index,192.098999977112,635,TheEmptinessMachine,HTCP,L2A,HTTP/2
2025-05-01 02:25:44,index,194.098999977112,635,TheEmptinessMachine,HTCP,L2A,HTTP/2
2025-05-01 02:25:46,index,196.098999977112,214,TheEmptinessMachine,HTCP,L2A,HTTP/2
2025-05-01 02:25:48,index,198.098999977112,72,TheEmptinessMachine,HTCP,L2A,HTTP/2
2025-05-01 02:26:37,index,10.2990000247955,169,TheEmptinessMachine,HTCP,L2A,HTTP/3
2025-05-01 02:26:39,index,12.2990000247955,330,TheEmptinessMachine,HTCP,L2A,HTTP/3
2025-05-01 02:26:41,index,14.2990000247955,330,TheEmptinessMachine,HTCP,L2A,HTTP/3
2025-05-01 02:26:43,index,16.2990000247955,169,TheEmptinessMachine,HTCP,L2A,HTTP/3
2025-05-01 02:26:45,index,18.2990000247955,214,TheEmptinessMachine,HTCP,L2A,HTTP/3
2025-05-01 02:26:47,index,20.2990000247955,320,TheEmptinessMachine,HTCP,L2A,HTTP/3
2025-05-01 02:26:49,index,22.2990000247955,214,TheEmptinessMachine,HTCP,L2A,HTTP/3
2025-05-01 02:26:55,index,28.2990000247955,214,TheEmptinessMachine,HTCP,L2A,HTTP/3
2025-05-01 02:26:59,index,32.2990000247955,214,TheEmptinessMachine,HTCP,L2A,HTTP/3
2025-05-01 02:27:03,index,36.2990000247955,169,TheEmptinessMachine,HTCP,L2A,HTTP/3
2025-05-01 02:27:05,index,38.2999999523163,169,TheEmptinessMachine,HTCP,L2A,HTTP/3
2025-05-01 02:27:09,index,42.2990000247955,84,TheEmptinessMachine,HTCP,L2A,HTTP/3
2025-05-01 02:27:11,index,44.2990000247955,169,TheEmptinessMachine,HTCP,L2A,HTTP/3
2025-05-01 02:27:15,index,48.2990000247955,76,TheEmptinessMachine,HTCP,L2A,HTTP/3
2025-05-01 02:27:19,index,52.2990000247955,84,TheEmptinessMachine,HTCP,L2A,HTTP/3
2025-05-01 02:27:21,index,54.2990000247955,84,TheEmptinessMachine,HTCP,L2A,HTTP/3
2025-05-01 02:27:23,index,56.2990000247955,84,TheEmptinessMachine,HTCP,L2A,HTTP/3
2025-05-01 02:27:25,index,58.2990000247955,166,TheEmptinessMachine,HTCP,L2A,HTTP/3
2025-05-01 02:27:27,index,60.2990000247955,84,TheEmptinessMachine,HTCP,L2A,HTTP/3
2025-05-01 02:27:29,index,62.2990000247955,84,TheEmptinessMachine,HTCP,L2A,HTTP/3
2025-05-01 02:27:33,index,66.2990000247955,84,TheEmptinessMachine,HTCP,L2A,HTTP/3
2025-05-01 02:27:35,index,68.2990000247955,84,TheEmptinessMachine,HTCP,L2A,HTTP/3
2025-05-01 02:27:37,index,70.2990000247955,330,TheEmptinessMachine,HTCP,L2A,HTTP/3
2025-05-01 02:27:39,index,72.2990000247955,330,TheEmptinessMachine,HTCP,L2A,HTTP/3
2025-05-01 02:27:41,index,74.2990000247955,330,TheEmptinessMachine,HTCP,L2A,HTTP/3
2025-05-01 02:27:43,index,76.2990000247955,330,TheEmptinessMachine,HTCP,L2A,HTTP/3
2025-05-01 02:27:45,index,78.2990000247955,635,TheEmptinessMachine,HTCP,L2A,HTTP/3
2025-05-01 02:27:47,index,80.2990000247955,330,TheEmptinessMachine,HTCP,L2A,HTTP/3
2025-05-01 02:27:49,index,82.2990000247955,330,TheEmptinessMachine,HTCP,L2A,HTTP/3
2025-05-01 02:27:55,index,88.2990000247955,84,TheEmptinessMachine,HTCP,L2A,HTTP/3
2025-05-01 02:27:57,index,90.2990000247955,214,TheEmptinessMachine,HTCP,L2A,HTTP/3
2025-05-01 02:27:59,index,92.2990000247955,214,TheEmptinessMachine,HTCP,L2A,HTTP/3
2025-05-01 02:28:01,index,94.2990000247955,214,TheEmptinessMachine,HTCP,L2A,HTTP/3
2025-05-01 02:28:03,index,96.2990000247955,320,TheEmptinessMachine,HTCP,L2A,HTTP/3
2025-05-01 02:28:05,index,98.2990000247955,320,TheEmptinessMachine,HTCP,L2A,HTTP/3
2025-05-01 02:28:07,index,100.299000024796,214,TheEmptinessMachine,HTCP,L2A,HTTP/3
2025-05-01 02:28:09,index,102.299000024796,214,TheEmptinessMachine,HTCP,L2A,HTTP/3
2025-05-01 02:28:13,index,106.299000024796,72,TheEmptinessMachine,HTCP,L2A,HTTP/3
2025-05-01 02:28:15,index,108.299000024796,72,TheEmptinessMachine,HTCP,L2A,HTTP/3
2025-05-01 02:28:17,index,110.299000024796,72,TheEmptinessMachine,HTCP,L2A,HTTP/3
2025-05-01 02:28:19,index,112.299000024796,72,TheEmptinessMachine,HTCP,L2A,HTTP/3
2025-05-01 02:28:21,index,114.299000024796,72,TheEmptinessMachine,HTCP,L2A,HTTP/3
2025-05-01 02:28:23,index,116.299000024796,81,TheEmptinessMachine,HTCP,L2A,HTTP/3
2025-05-01 02:28:25,index,118.299000024796,214,TheEmptinessMachine,HTCP,L2A,HTTP/3
2025-05-01 02:28:27,index,120.299000024796,330,TheEmptinessMachine,HTCP,L2A,HTTP/3
2025-05-01 02:28:29,index,122.299000024796,330,TheEmptinessMachine,HTCP,L2A,HTTP/3
2025-05-01 02:28:31,index,124.299000024796,330,TheEmptinessMachine,HTCP,L2A,HTTP/3
2025-05-01 02:28:33,index,126.299000024796,330,TheEmptinessMachine,HTCP,L2A,HTTP/3
2025-05-01 02:28:35,index,128.299000024796,330,TheEmptinessMachine,HTCP,L2A,HTTP/3
2025-05-01 02:28:37,index,130.299000024796,330,TheEmptinessMachine,HTCP,L2A,HTTP/3
2025-05-01 02:28:39,index,132.299000024796,330,TheEmptinessMachine,HTCP,L2A,HTTP/3
2025-05-01 02:28:41,index,134.299999952316,330,TheEmptinessMachine,HTCP,L2A,HTTP/3
2025-05-01 02:28:43,index,136.299000024796,169,TheEmptinessMachine,HTCP,L2A,HTTP/3
2025-05-01 02:28:45,index,138.299000024796,169,TheEmptinessMachine,HTCP,L2A,HTTP/3
2025-05-01 02:28:47,index,140.299000024796,169,TheEmptinessMachine,HTCP,L2A,HTTP/3
2025-05-01 02:28:49,index,142.299000024796,169,TheEmptinessMachine,HTCP,L2A,HTTP/3
2025-05-01 02:28:51,index,144.299000024796,169,TheEmptinessMachine,HTCP,L2A,HTTP/3
2025-05-01 02:28:53,index,146.299000024796,169,TheEmptinessMachine,HTCP,L2A,HTTP/3
2025-05-01 02:28:55,index,148.299000024796,72,TheEmptinessMachine,HTCP,L2A,HTTP/3
2025-05-01 02:28:57,index,150.302000045776,166,TheEmptinessMachine,HTCP,L2A,HTTP/3
2025-05-01 02:28:59,index,152.299000024796,166,TheEmptinessMachine,HTCP,L2A,HTTP/3
2025-05-01 02:29:01,index,154.299000024796,166,TheEmptinessMachine,HTCP,L2A,HTTP/3
2025-05-01 02:29:03,index,156.299000024796,166,TheEmptinessMachine,HTCP,L2A,HTTP/3
2025-05-01 02:29:05,index,158.299000024796,166,TheEmptinessMachine,HTCP,L2A,HTTP/3
2025-05-01 02:29:07,index,160.299000024796,166,TheEmptinessMachine,HTCP,L2A,HTTP/3
2025-05-01 02:29:09,index,162.299000024796,166,TheEmptinessMachine,HTCP,L2A,HTTP/3
2025-05-01 02:29:11,index,164.299000024796,166,TheEmptinessMachine,HTCP,L2A,HTTP/3
2025-05-01 02:29:13,index,166.299000024796,166,TheEmptinessMachine,HTCP,L2A,HTTP/3
2025-05-01 02:29:15,index,168.299000024796,166,TheEmptinessMachine,HTCP,L2A,HTTP/3
2025-05-01 02:29:17,index,170.299000024796,166,TheEmptinessMachine,HTCP,L2A,HTTP/3
2025-05-01 02:29:19,index,172.299000024796,166,TheEmptinessMachine,HTCP,L2A,HTTP/3
2025-05-01 02:29:21,index,174.299000024796,732,TheEmptinessMachine,HTCP,L2A,HTTP/3
2025-05-01 02:29:23,index,176.299000024796,732,TheEmptinessMachine,HTCP,L2A,HTTP/3
2025-05-01 02:29:25,index,178.299000024796,330,TheEmptinessMachine,HTCP,L2A,HTTP/3
2025-05-01 02:29:27,index,180.299000024796,84,TheEmptinessMachine,HTCP,L2A,HTTP/3
2025-05-01 02:29:29,index,182.299000024796,84,TheEmptinessMachine,HTCP,L2A,HTTP/3
2025-05-01 02:29:31,index,184.299000024796,84,TheEmptinessMachine,HTCP,L2A,HTTP/3
2025-05-01 02:29:33,index,186.299000024796,84,TheEmptinessMachine,HTCP,L2A,HTTP/3
2025-05-01 02:29:35,index,188.299000024796,84,TheEmptinessMachine,HTCP,L2A,HTTP/3
2025-05-01 02:29:37,index,190.299000024796,84,TheEmptinessMachine,HTCP,L2A,HTTP/3
2025-05-01 02:29:39,index,192.299000024796,330,TheEmptinessMachine,HTCP,L2A,HTTP/3
2025-05-01 02:29:41,index,194.299000024796,330,TheEmptinessMachine,HTCP,L2A,HTTP/3
2025-05-01 02:29:43,index,196.299000024796,330,TheEmptinessMachine,HTCP,L2A,HTTP/3
2025-05-01 02:29:45,index,198.299000024796,330,TheEmptinessMachine,HTCP,L2A,HTTP/3
2025-05-01 02:29:47,index,200.299000024796,330,TheEmptinessMachine,HTCP,L2A,HTTP/3
2025-05-01 02:29:49,index,202.299000024796,330,TheEmptinessMachine,HTCP,L2A,HTTP/3
2025-05-01 02:29:51,index,204.299000024796,214,TheEmptinessMachine,HTCP,L2A,HTTP/3
2025-05-01 02:29:55,index,208.299000024796,214,TheEmptinessMachine,HTCP,L2A,HTTP/3
2025-05-01 02:30:01,index,214.299000024796,72,TheEmptinessMachine,HTCP,L2A,HTTP/3
2025-05-01 02:30:03,index,216.299000024796,72,TheEmptinessMachine,HTCP,L2A,HTTP/3
2025-05-01 02:30:37,index,6.9449999332428,330,TheEmptinessMachine,HTCP,RB,HTTP/1.1
2025-05-01 02:30:39,index,8.9449999332428,330,TheEmptinessMachine,HTCP,RB,HTTP/1.1
2025-05-01 02:30:41,index,10.9449999332428,330,TheEmptinessMachine,HTCP,RB,HTTP/1.1
2025-05-01 02:30:43,index,12.9439997673035,330,TheEmptinessMachine,HTCP,RB,HTTP/1.1
2025-05-01 02:30:45,index,14.9449999332428,330,TheEmptinessMachine,HTCP,RB,HTTP/1.1
2025-05-01 02:30:47,index,16.9449999332428,330,TheEmptinessMachine,HTCP,RB,HTTP/1.1
2025-05-01 02:30:49,index,18.9449999332428,330,TheEmptinessMachine,HTCP,RB,HTTP/1.1
2025-05-01 02:30:51,index,20.9449999332428,72,TheEmptinessMachine,HTCP,RB,HTTP/1.1
2025-05-01 02:30:53,index,22.9449999332428,72,TheEmptinessMachine,HTCP,RB,HTTP/1.1
2025-05-01 02:30:55,index,24.9449999332428,635,TheEmptinessMachine,HTCP,RB,HTTP/1.1
2025-05-01 02:30:57,index,26.9449999332428,674,TheEmptinessMachine,HTCP,RB,HTTP/1.1
2025-05-01 02:30:59,index,28.9449999332428,674,TheEmptinessMachine,HTCP,RB,HTTP/1.1
2025-05-01 02:31:01,index,30.9449999332428,674,TheEmptinessMachine,HTCP,RB,HTTP/1.1
2025-05-01 02:31:03,index,32.9449999332428,674,TheEmptinessMachine,HTCP,RB,HTTP/1.1
2025-05-01 02:31:05,index,34.9449999332428,674,TheEmptinessMachine,HTCP,RB,HTTP/1.1
2025-05-01 02:31:07,index,36.9449999332428,674,TheEmptinessMachine,HTCP,RB,HTTP/1.1
2025-05-01 02:31:09,index,38.9449999332428,674,TheEmptinessMachine,HTCP,RB,HTTP/1.1
2025-05-01 02:31:11,index,40.9449999332428,674,TheEmptinessMachine,HTCP,RB,HTTP/1.1
2025-05-01 02:31:13,index,42.9449999332428,674,TheEmptinessMachine,HTCP,RB,HTTP/1.1
2025-05-01 02:31:15,index,44.9449999332428,674,TheEmptinessMachine,HTCP,RB,HTTP/1.1
2025-05-01 02:31:17,index,46.9449999332428,635,TheEmptinessMachine,HTCP,RB,HTTP/1.1
2025-05-01 02:31:19,index,48.9449999332428,635,TheEmptinessMachine,HTCP,RB,HTTP/1.1
2025-05-01 02:31:21,index,50.9449999332428,330,TheEmptinessMachine,HTCP,RB,HTTP/1.1
2025-05-01 02:31:23,index,52.9479999542236,635,TheEmptinessMachine,HTCP,RB,HTTP/1.1
2025-05-01 02:31:25,index,54.9449999332428,635,TheEmptinessMachine,HTCP,RB,HTTP/1.1
2025-05-01 02:31:27,index,56.9449999332428,635,TheEmptinessMachine,HTCP,RB,HTTP/1.1
2025-05-01 02:31:29,index,58.9449999332428,635,TheEmptinessMachine,HTCP,RB,HTTP/1.1
2025-05-01 02:31:39,index,68.9449999332428,72,TheEmptinessMachine,HTCP,RB,HTTP/1.1
2025-05-01 02:31:41,index,70.9449999332428,330,TheEmptinessMachine,HTCP,RB,HTTP/1.1
2025-05-01 02:31:43,index,72.9449999332428,330,TheEmptinessMachine,HTCP,RB,HTTP/1.1
2025-05-01 02:31:45,index,74.9449999332428,330,TheEmptinessMachine,HTCP,RB,HTTP/1.1
2025-05-01 02:31:47,index,76.9449999332428,330,TheEmptinessMachine,HTCP,RB,HTTP/1.1
2025-05-01 02:31:49,index,78.9449999332428,635,TheEmptinessMachine,HTCP,RB,HTTP/1.1
2025-05-01 02:31:51,index,80.9449999332428,674,TheEmptinessMachine,HTCP,RB,HTTP/1.1
2025-05-01 02:31:53,index,82.9449999332428,674,TheEmptinessMachine,HTCP,RB,HTTP/1.1
2025-05-01 02:31:55,index,84.9449999332428,674,TheEmptinessMachine,HTCP,RB,HTTP/1.1
2025-05-01 02:31:57,index,86.9449999332428,674,TheEmptinessMachine,HTCP,RB,HTTP/1.1
2025-05-01 02:31:59,index,88.9449999332428,72,TheEmptinessMachine,HTCP,RB,HTTP/1.1
2025-05-01 02:32:01,index,90.9449999332428,674,TheEmptinessMachine,HTCP,RB,HTTP/1.1
2025-05-01 02:32:03,index,92.9449999332428,674,TheEmptinessMachine,HTCP,RB,HTTP/1.1
2025-05-01 02:32:05,index,94.9449999332428,674,TheEmptinessMachine,HTCP,RB,HTTP/1.1
2025-05-01 02:32:07,index,96.9449999332428,674,TheEmptinessMachine,HTCP,RB,HTTP/1.1
2025-05-01 02:32:09,index,98.9449999332428,674,TheEmptinessMachine,HTCP,RB,HTTP/1.1
2025-05-01 02:32:11,index,100.944999933243,330,TheEmptinessMachine,HTCP,RB,HTTP/1.1
2025-05-01 02:32:13,index,102.944999933243,330,TheEmptinessMachine,HTCP,RB,HTTP/1.1
2025-05-01 02:32:15,index,104.944999933243,330,TheEmptinessMachine,HTCP,RB,HTTP/1.1
2025-05-01 02:32:17,index,106.944999933243,635,TheEmptinessMachine,HTCP,RB,HTTP/1.1
2025-05-01 02:32:19,index,108.944999933243,72,TheEmptinessMachine,HTCP,RB,HTTP/1.1
2025-05-01 02:32:21,index,110.944999933243,635,TheEmptinessMachine,HTCP,RB,HTTP/1.1
2025-05-01 02:32:23,index,112.944999933243,635,TheEmptinessMachine,HTCP,RB,HTTP/1.1
2025-05-01 02:32:25,index,114.944999933243,330,TheEmptinessMachine,HTCP,RB,HTTP/1.1
2025-05-01 02:32:27,index,116.944999933243,330,TheEmptinessMachine,HTCP,RB,HTTP/1.1
2025-05-01 02:32:29,index,118.944999933243,330,TheEmptinessMachine,HTCP,RB,HTTP/1.1
2025-05-01 02:32:31,index,120.944999933243,330,TheEmptinessMachine,HTCP,RB,HTTP/1.1
2025-05-01 02:32:35,index,124.944999933243,330,TheEmptinessMachine,HTCP,RB,HTTP/1.1
2025-05-01 02:32:37,index,126.944999933243,330,TheEmptinessMachine,HTCP,RB,HTTP/1.1
2025-05-01 02:32:39,index,128.944999933243,330,TheEmptinessMachine,HTCP,RB,HTTP/1.1
2025-05-01 02:32:41,index,130.944999933243,330,TheEmptinessMachine,HTCP,RB,HTTP/1.1
2025-05-01 02:32:43,index,132.944999933243,330,TheEmptinessMachine,HTCP,RB,HTTP/1.1
2025-05-01 02:32:45,index,134.944999933243,330,TheEmptinessMachine,HTCP,RB,HTTP/1.1
2025-05-01 02:32:47,index,136.944999933243,330,TheEmptinessMachine,HTCP,RB,HTTP/1.1
2025-05-01 02:32:49,index,138.944999933243,330,TheEmptinessMachine,HTCP,RB,HTTP/1.1
2025-05-01 02:32:51,index,140.944999933243,330,TheEmptinessMachine,HTCP,RB,HTTP/1.1
2025-05-01 02:32:53,index,142.944999933243,72,TheEmptinessMachine,HTCP,RB,HTTP/1.1
2025-05-01 02:32:55,index,144.944999933243,330,TheEmptinessMachine,HTCP,RB,HTTP/1.1
2025-05-01 02:32:57,index,146.944999933243,330,TheEmptinessMachine,HTCP,RB,HTTP/1.1
2025-05-01 02:32:59,index,148.944999933243,330,TheEmptinessMachine,HTCP,RB,HTTP/1.1
2025-05-01 02:33:01,index,150.944999933243,330,TheEmptinessMachine,HTCP,RB,HTTP/1.1
2025-05-01 02:33:03,index,152.944999933243,72,TheEmptinessMachine,HTCP,RB,HTTP/1.1
2025-05-01 02:33:05,index,154.943999767303,330,TheEmptinessMachine,HTCP,RB,HTTP/1.1
2025-05-01 02:33:07,index,156.944999933243,330,TheEmptinessMachine,HTCP,RB,HTTP/1.1
2025-05-01 02:33:09,index,158.944999933243,330,TheEmptinessMachine,HTCP,RB,HTTP/1.1
2025-05-01 02:33:11,index,160.944999933243,72,TheEmptinessMachine,HTCP,RB,HTTP/1.1
2025-05-01 02:33:13,index,162.944999933243,330,TheEmptinessMachine,HTCP,RB,HTTP/1.1
2025-05-01 02:33:15,index,164.944999933243,330,TheEmptinessMachine,HTCP,RB,HTTP/1.1
2025-05-01 02:33:17,index,166.944999933243,72,TheEmptinessMachine,HTCP,RB,HTTP/1.1
2025-05-01 02:33:19,index,168.944999933243,330,TheEmptinessMachine,HTCP,RB,HTTP/1.1
2025-05-01 02:33:21,index,170.944999933243,330,TheEmptinessMachine,HTCP,RB,HTTP/1.1
2025-05-01 02:33:23,index,172.944999933243,72,TheEmptinessMachine,HTCP,RB,HTTP/1.1
2025-05-01 02:33:25,index,174.944999933243,330,TheEmptinessMachine,HTCP,RB,HTTP/1.1
2025-05-01 02:33:27,index,176.944999933243,330,TheEmptinessMachine,HTCP,RB,HTTP/1.1
2025-05-01 02:33:29,index,178.944999933243,330,TheEmptinessMachine,HTCP,RB,HTTP/1.1
2025-05-01 02:33:31,index,180.944999933243,330,TheEmptinessMachine,HTCP,RB,HTTP/1.1
2025-05-01 02:33:33,index,182.944999933243,72,TheEmptinessMachine,HTCP,RB,HTTP/1.1
2025-05-01 02:33:35,index,184.944999933243,330,TheEmptinessMachine,HTCP,RB,HTTP/1.1
2025-05-01 02:33:37,index,186.944999933243,72,TheEmptinessMachine,HTCP,RB,HTTP/1.1
2025-05-01 02:33:39,index,188.944999933243,72,TheEmptinessMachine,HTCP,RB,HTTP/1.1
2025-05-01 02:33:41,index,190.944999933243,330,TheEmptinessMachine,HTCP,RB,HTTP/1.1
2025-05-01 02:33:43,index,192.944999933243,330,TheEmptinessMachine,HTCP,RB,HTTP/1.1
2025-05-01 02:33:45,index,194.944999933243,330,TheEmptinessMachine,HTCP,RB,HTTP/1.1
2025-05-01 02:33:47,index,196.944999933243,330,TheEmptinessMachine,HTCP,RB,HTTP/1.1
2025-05-01 02:33:49,index,198.944999933243,330,TheEmptinessMachine,HTCP,RB,HTTP/1.1
2025-05-01 02:33:51,index,200.943999767303,330,TheEmptinessMachine,HTCP,RB,HTTP/1.1
2025-05-01 02:33:53,index,202.943999767303,330,TheEmptinessMachine,HTCP,RB,HTTP/1.1
2025-05-01 02:33:55,index,204.944999933243,330,TheEmptinessMachine,HTCP,RB,HTTP/1.1
2025-05-01 02:34:32,index,4.10600018501282,72,TheEmptinessMachine,HTCP,RB,HTTP/2
2025-05-01 02:34:34,index,6.10600018501282,330,TheEmptinessMachine,HTCP,RB,HTTP/2
2025-05-01 02:34:36,index,8.10500001907349,330,TheEmptinessMachine,HTCP,RB,HTTP/2
2025-05-01 02:34:38,index,10.1050000190735,330,TheEmptinessMachine,HTCP,RB,HTTP/2
2025-05-01 02:34:40,index,12.1050000190735,330,TheEmptinessMachine,HTCP,RB,HTTP/2
2025-05-01 02:34:42,index,14.1050000190735,330,TheEmptinessMachine,HTCP,RB,HTTP/2
2025-05-01 02:34:44,index,16.1050000190735,330,TheEmptinessMachine,HTCP,RB,HTTP/2
2025-05-01 02:34:46,index,18.1050000190735,330,TheEmptinessMachine,HTCP,RB,HTTP/2
2025-05-01 02:34:48,index,20.1060001850128,330,TheEmptinessMachine,HTCP,RB,HTTP/2
2025-05-01 02:34:50,index,22.1050000190735,330,TheEmptinessMachine,HTCP,RB,HTTP/2
2025-05-01 02:34:52,index,24.1050000190735,330,TheEmptinessMachine,HTCP,RB,HTTP/2
2025-05-01 02:34:54,index,26.1060001850128,72,TheEmptinessMachine,HTCP,RB,HTTP/2
2025-05-01 02:34:56,index,28.1050000190735,72,TheEmptinessMachine,HTCP,RB,HTTP/2
2025-05-01 02:34:58,index,30.1050000190735,330,TheEmptinessMachine,HTCP,RB,HTTP/2
2025-05-01 02:35:00,index,32.1050000190735,635,TheEmptinessMachine,HTCP,RB,HTTP/2
2025-05-01 02:35:02,index,34.1050000190735,674,TheEmptinessMachine,HTCP,RB,HTTP/2
2025-05-01 02:35:04,index,36.1050000190735,674,TheEmptinessMachine,HTCP,RB,HTTP/2
2025-05-01 02:35:06,index,38.1050000190735,674,TheEmptinessMachine,HTCP,RB,HTTP/2
2025-05-01 02:35:08,index,40.1060001850128,674,TheEmptinessMachine,HTCP,RB,HTTP/2
2025-05-01 02:35:10,index,42.1050000190735,674,TheEmptinessMachine,HTCP,RB,HTTP/2
2025-05-01 02:35:14,index,46.1050000190735,674,TheEmptinessMachine,HTCP,RB,HTTP/2
2025-05-01 02:35:16,index,48.1050000190735,72,TheEmptinessMachine,HTCP,RB,HTTP/2
2025-05-01 02:35:18,index,50.1050000190735,674,TheEmptinessMachine,HTCP,RB,HTTP/2
2025-05-01 02:35:20,index,52.1050000190735,674,TheEmptinessMachine,HTCP,RB,HTTP/2
2025-05-01 02:35:22,index,54.1050000190735,674,TheEmptinessMachine,HTCP,RB,HTTP/2
2025-05-01 02:35:24,index,56.1050000190735,674,TheEmptinessMachine,HTCP,RB,HTTP/2
2025-05-01 02:35:36,index,68.1050000190735,330,TheEmptinessMachine,HTCP,RB,HTTP/2
2025-05-01 02:35:38,index,70.1050000190735,72,TheEmptinessMachine,HTCP,RB,HTTP/2
2025-05-01 02:35:40,index,72.1050000190735,330,TheEmptinessMachine,HTCP,RB,HTTP/2
2025-05-01 02:35:42,index,74.1050000190735,72,TheEmptinessMachine,HTCP,RB,HTTP/2
2025-05-01 02:35:44,index,76.1050000190735,330,TheEmptinessMachine,HTCP,RB,HTTP/2
2025-05-01 02:35:46,index,78.1050000190735,330,TheEmptinessMachine,HTCP,RB,HTTP/2
2025-05-01 02:35:48,index,80.1050000190735,330,TheEmptinessMachine,HTCP,RB,HTTP/2
2025-05-01 02:35:50,index,82.1050000190735,330,TheEmptinessMachine,HTCP,RB,HTTP/2
2025-05-01 02:35:52,index,84.1050000190735,330,TheEmptinessMachine,HTCP,RB,HTTP/2
2025-05-01 02:35:54,index,86.1050000190735,330,TheEmptinessMachine,HTCP,RB,HTTP/2
2025-05-01 02:35:56,index,88.1050000190735,674,TheEmptinessMachine,HTCP,RB,HTTP/2
2025-05-01 02:35:58,index,90.1050000190735,674,TheEmptinessMachine,HTCP,RB,HTTP/2
2025-05-01 02:36:00,index,92.1050000190735,674,TheEmptinessMachine,HTCP,RB,HTTP/2
2025-05-01 02:36:02,index,94.1050000190735,674,TheEmptinessMachine,HTCP,RB,HTTP/2
2025-05-01 02:36:04,index,96.1050000190735,674,TheEmptinessMachine,HTCP,RB,HTTP/2
2025-05-01 02:36:06,index,98.1090002059937,674,TheEmptinessMachine,HTCP,RB,HTTP/2
2025-05-01 02:36:08,index,100.105000019073,674,TheEmptinessMachine,HTCP,RB,HTTP/2
2025-05-01 02:36:10,index,102.106000185013,72,TheEmptinessMachine,HTCP,RB,HTTP/2
2025-05-01 02:36:12,index,104.105000019073,330,TheEmptinessMachine,HTCP,RB,HTTP/2
2025-05-01 02:36:14,index,106.105000019073,72,TheEmptinessMachine,HTCP,RB,HTTP/2
2025-05-01 02:36:16,index,108.105000019073,330,TheEmptinessMachine,HTCP,RB,HTTP/2
2025-05-01 02:36:18,index,110.105000019073,330,TheEmptinessMachine,HTCP,RB,HTTP/2
2025-05-01 02:36:20,index,112.105000019073,330,TheEmptinessMachine,HTCP,RB,HTTP/2
2025-05-01 02:36:22,index,114.105000019073,330,TheEmptinessMachine,HTCP,RB,HTTP/2
2025-05-01 02:36:24,index,116.105000019073,72,TheEmptinessMachine,HTCP,RB,HTTP/2
2025-05-01 02:36:26,index,118.105000019073,635,TheEmptinessMachine,HTCP,RB,HTTP/2
2025-05-01 02:36:28,index,120.105000019073,72,TheEmptinessMachine,HTCP,RB,HTTP/2
2025-05-01 02:36:30,index,122.105000019073,330,TheEmptinessMachine,HTCP,RB,HTTP/2
2025-05-01 02:36:32,index,124.105000019073,72,TheEmptinessMachine,HTCP,RB,HTTP/2
2025-05-01 02:36:34,index,126.105000019073,330,TheEmptinessMachine,HTCP,RB,HTTP/2
2025-05-01 02:36:36,index,128.105000019073,330,TheEmptinessMachine,HTCP,RB,HTTP/2
2025-05-01 02:36:38,index,130.105000019073,72,TheEmptinessMachine,HTCP,RB,HTTP/2
2025-05-01 02:36:40,index,132.105000019073,330,TheEmptinessMachine,HTCP,RB,HTTP/2
2025-05-01 02:36:42,index,134.105000019073,330,TheEmptinessMachine,HTCP,RB,HTTP/2
2025-05-01 02:36:44,index,136.105000019073,72,TheEmptinessMachine,HTCP,RB,HTTP/2
2025-05-01 02:36:46,index,138.105000019073,635,TheEmptinessMachine,HTCP,RB,HTTP/2
2025-05-01 02:36:48,index,140.105000019073,674,TheEmptinessMachine,HTCP,RB,HTTP/2
2025-05-01 02:36:50,index,142.105000019073,674,TheEmptinessMachine,HTCP,RB,HTTP/2
2025-05-01 02:36:52,index,144.105000019073,674,TheEmptinessMachine,HTCP,RB,HTTP/2
2025-05-01 02:36:56,index,148.105000019073,72,TheEmptinessMachine,HTCP,RB,HTTP/2
2025-05-01 02:36:58,index,150.105000019073,674,TheEmptinessMachine,HTCP,RB,HTTP/2
2025-05-01 02:37:00,index,152.105000019073,674,TheEmptinessMachine,HTCP,RB,HTTP/2
2025-05-01 02:37:02,index,154.105000019073,674,TheEmptinessMachine,HTCP,RB,HTTP/2
2025-05-01 02:37:04,index,156.105000019073,674,TheEmptinessMachine,HTCP,RB,HTTP/2
2025-05-01 02:37:06,index,158.105000019073,674,TheEmptinessMachine,HTCP,RB,HTTP/2
2025-05-01 02:37:08,index,160.105000019073,674,TheEmptinessMachine,HTCP,RB,HTTP/2
2025-05-01 02:37:10,index,162.105000019073,330,TheEmptinessMachine,HTCP,RB,HTTP/2
2025-05-01 02:37:14,index,166.105000019073,72,TheEmptinessMachine,HTCP,RB,HTTP/2
2025-05-01 02:37:16,index,168.105000019073,330,TheEmptinessMachine,HTCP,RB,HTTP/2
2025-05-01 02:37:18,index,170.105000019073,72,TheEmptinessMachine,HTCP,RB,HTTP/2
2025-05-01 02:37:20,index,172.105000019073,72,TheEmptinessMachine,HTCP,RB,HTTP/2
2025-05-01 02:37:22,index,174.105000019073,635,TheEmptinessMachine,HTCP,RB,HTTP/2
2025-05-01 02:37:24,index,176.105000019073,635,TheEmptinessMachine,HTCP,RB,HTTP/2
2025-05-01 02:37:26,index,178.105000019073,635,TheEmptinessMachine,HTCP,RB,HTTP/2
2025-05-01 02:37:28,index,180.105000019073,72,TheEmptinessMachine,HTCP,RB,HTTP/2
2025-05-01 02:37:30,index,182.105000019073,330,TheEmptinessMachine,HTCP,RB,HTTP/2
2025-05-01 02:37:32,index,184.105000019073,330,TheEmptinessMachine,HTCP,RB,HTTP/2
2025-05-01 02:37:34,index,186.105000019073,72,TheEmptinessMachine,HTCP,RB,HTTP/2
2025-05-01 02:37:36,index,188.105000019073,330,TheEmptinessMachine,HTCP,RB,HTTP/2
2025-05-01 02:37:38,index,190.105000019073,330,TheEmptinessMachine,HTCP,RB,HTTP/2
2025-05-01 02:37:40,index,192.105000019073,330,TheEmptinessMachine,HTCP,RB,HTTP/2
2025-05-01 02:37:42,index,194.105000019073,330,TheEmptinessMachine,HTCP,RB,HTTP/2
2025-05-01 02:37:44,index,196.106000185013,330,TheEmptinessMachine,HTCP,RB,HTTP/2
2025-05-01 02:37:46,index,198.105000019073,330,TheEmptinessMachine,HTCP,RB,HTTP/2
2025-05-01 02:37:48,index,200.105000019073,330,TheEmptinessMachine,HTCP,RB,HTTP/2
2025-05-01 02:37:50,index,202.105000019073,330,TheEmptinessMachine,HTCP,RB,HTTP/2
2025-05-01 02:37:52,index,204.105000019073,330,TheEmptinessMachine,HTCP,RB,HTTP/2
2025-05-01 02:38:29,index,4.1100001335144,1226,TheEmptinessMachine,HTCP,RB,HTTP/3
2025-05-01 02:38:31,index,6.1100001335144,1226,TheEmptinessMachine,HTCP,RB,HTTP/3
2025-05-01 02:38:35,index,10.1100001335144,1226,TheEmptinessMachine,HTCP,RB,HTTP/3
2025-05-01 02:38:37,index,12.1089999675751,72,TheEmptinessMachine,HTCP,RB,HTTP/3
2025-05-01 02:38:39,index,14.1100001335144,330,TheEmptinessMachine,HTCP,RB,HTTP/3
2025-05-01 02:38:41,index,16.1100001335144,330,TheEmptinessMachine,HTCP,RB,HTTP/3
2025-05-01 02:38:43,index,18.1100001335144,330,TheEmptinessMachine,HTCP,RB,HTTP/3
2025-05-01 02:38:45,index,20.1100001335144,72,TheEmptinessMachine,HTCP,RB,HTTP/3
2025-05-01 02:38:47,index,22.1100001335144,214,TheEmptinessMachine,HTCP,RB,HTTP/3
2025-05-01 02:38:49,index,24.1100001335144,214,TheEmptinessMachine,HTCP,RB,HTTP/3
2025-05-01 02:38:51,index,26.1089999675751,214,TheEmptinessMachine,HTCP,RB,HTTP/3
2025-05-01 02:38:55,index,30.1100001335144,72,TheEmptinessMachine,HTCP,RB,HTTP/3
2025-05-01 02:38:57,index,32.1100001335144,214,TheEmptinessMachine,HTCP,RB,HTTP/3
2025-05-01 02:38:59,index,34.1100001335144,214,TheEmptinessMachine,HTCP,RB,HTTP/3
2025-05-01 02:39:01,index,36.1100001335144,214,TheEmptinessMachine,HTCP,RB,HTTP/3
2025-05-01 02:39:03,index,38.1100001335144,214,TheEmptinessMachine,HTCP,RB,HTTP/3
2025-05-01 02:39:05,index,40.1089999675751,330,TheEmptinessMachine,HTCP,RB,HTTP/3
2025-05-01 02:39:07,index,42.1089999675751,72,TheEmptinessMachine,HTCP,RB,HTTP/3
2025-05-01 02:39:11,index,46.1089999675751,330,TheEmptinessMachine,HTCP,RB,HTTP/3
2025-05-01 02:39:13,index,48.1100001335144,330,TheEmptinessMachine,HTCP,RB,HTTP/3
2025-05-01 02:39:17,index,52.1100001335144,330,TheEmptinessMachine,HTCP,RB,HTTP/3
2025-05-01 02:39:19,index,54.1089999675751,330,TheEmptinessMachine,HTCP,RB,HTTP/3
2025-05-01 02:39:21,index,56.1100001335144,330,TheEmptinessMachine,HTCP,RB,HTTP/3
2025-05-01 02:39:23,index,58.1100001335144,72,TheEmptinessMachine,HTCP,RB,HTTP/3
2025-05-01 02:39:25,index,60.1100001335144,320,TheEmptinessMachine,HTCP,RB,HTTP/3
2025-05-01 02:39:27,index,62.1100001335144,320,TheEmptinessMachine,HTCP,RB,HTTP/3
2025-05-01 02:39:29,index,64.1089999675751,330,TheEmptinessMachine,HTCP,RB,HTTP/3
2025-05-01 02:39:31,index,66.1100001335144,330,TheEmptinessMachine,HTCP,RB,HTTP/3
2025-05-01 02:39:33,index,68.1089999675751,330,TheEmptinessMachine,HTCP,RB,HTTP/3
2025-05-01 02:39:35,index,70.1100001335144,330,TheEmptinessMachine,HTCP,RB,HTTP/3
2025-05-01 02:39:37,index,72.1100001335144,330,TheEmptinessMachine,HTCP,RB,HTTP/3
2025-05-01 02:39:39,index,74.1100001335144,330,TheEmptinessMachine,HTCP,RB,HTTP/3
2025-05-01 02:39:41,index,76.1100001335144,330,TheEmptinessMachine,HTCP,RB,HTTP/3
2025-05-01 02:39:43,index,78.1100001335144,72,TheEmptinessMachine,HTCP,RB,HTTP/3
2025-05-01 02:39:45,index,80.1100001335144,330,TheEmptinessMachine,HTCP,RB,HTTP/3
2025-05-01 02:39:47,index,82.1100001335144,330,TheEmptinessMachine,HTCP,RB,HTTP/3
2025-05-01 02:39:49,index,84.1100001335144,72,TheEmptinessMachine,HTCP,RB,HTTP/3
2025-05-01 02:39:51,index,86.1100001335144,330,TheEmptinessMachine,HTCP,RB,HTTP/3
2025-05-01 02:39:53,index,88.1100001335144,72,TheEmptinessMachine,HTCP,RB,HTTP/3
2025-05-01 02:39:55,index,90.1100001335144,214,TheEmptinessMachine,HTCP,RB,HTTP/3
2025-05-01 02:39:57,index,92.1100001335144,214,TheEmptinessMachine,HTCP,RB,HTTP/3
2025-05-01 02:39:59,index,94.1100001335144,214,TheEmptinessMachine,HTCP,RB,HTTP/3
2025-05-01 02:40:01,index,96.1089999675751,214,TheEmptinessMachine,HTCP,RB,HTTP/3
2025-05-01 02:40:03,index,98.1100001335144,214,TheEmptinessMachine,HTCP,RB,HTTP/3
2025-05-01 02:40:05,index,100.111000061035,72,TheEmptinessMachine,HTCP,RB,HTTP/3
2025-05-01 02:40:07,index,102.108999967575,214,TheEmptinessMachine,HTCP,RB,HTTP/3
2025-05-01 02:40:09,index,104.110000133514,214,TheEmptinessMachine,HTCP,RB,HTTP/3
2025-05-01 02:40:11,index,106.110000133514,214,TheEmptinessMachine,HTCP,RB,HTTP/3
2025-05-01 02:40:13,index,108.110000133514,330,TheEmptinessMachine,HTCP,RB,HTTP/3
2025-05-01 02:40:15,index,110.110000133514,330,TheEmptinessMachine,HTCP,RB,HTTP/3
2025-05-01 02:40:17,index,112.110000133514,330,TheEmptinessMachine,HTCP,RB,HTTP/3
2025-05-01 02:40:19,index,114.108999967575,330,TheEmptinessMachine,HTCP,RB,HTTP/3
2025-05-01 02:40:21,index,116.110000133514,72,TheEmptinessMachine,HTCP,RB,HTTP/3
2025-05-01 02:40:23,index,118.110000133514,330,TheEmptinessMachine,HTCP,RB,HTTP/3
2025-05-01 02:40:25,index,120.110000133514,72,TheEmptinessMachine,HTCP,RB,HTTP/3
2025-05-01 02:40:27,index,122.110000133514,330,TheEmptinessMachine,HTCP,RB,HTTP/3
2025-05-01 02:40:29,index,124.110000133514,330,TheEmptinessMachine,HTCP,RB,HTTP/3
2025-05-01 02:40:33,index,128.110000133514,330,TheEmptinessMachine,HTCP,RB,HTTP/3
2025-05-01 02:40:35,index,130.108999967575,330,TheEmptinessMachine,HTCP,RB,HTTP/3
2025-05-01 02:40:37,index,132.110000133514,330,TheEmptinessMachine,HTCP,RB,HTTP/3
2025-05-01 02:40:43,index,138.110000133514,72,TheEmptinessMachine,HTCP,RB,HTTP/3
2025-05-01 02:40:45,index,140.110000133514,214,TheEmptinessMachine,HTCP,RB,HTTP/3
2025-05-01 02:40:47,index,142.110000133514,330,TheEmptinessMachine,HTCP,RB,HTTP/3
2025-05-01 02:40:49,index,144.110000133514,330,TheEmptinessMachine,HTCP,RB,HTTP/3
2025-05-01 02:40:53,index,148.110000133514,330,TheEmptinessMachine,HTCP,RB,HTTP/3
2025-05-01 02:40:55,index,150.110000133514,330,TheEmptinessMachine,HTCP,RB,HTTP/3
2025-05-01 02:40:57,index,152.108999967575,72,TheEmptinessMachine,HTCP,RB,HTTP/3
2025-05-01 02:40:59,index,154.108999967575,214,TheEmptinessMachine,HTCP,RB,HTTP/3
2025-05-01 02:41:01,index,156.110000133514,214,TheEmptinessMachine,HTCP,RB,HTTP/3
2025-05-01 02:41:03,index,158.110000133514,214,TheEmptinessMachine,HTCP,RB,HTTP/3
2025-05-01 02:41:05,index,160.111999988556,72,TheEmptinessMachine,HTCP,RB,HTTP/3
2025-05-01 02:41:07,index,162.110000133514,214,TheEmptinessMachine,HTCP,RB,HTTP/3
2025-05-01 02:41:09,index,164.110000133514,330,TheEmptinessMachine,HTCP,RB,HTTP/3
2025-05-01 02:41:11,index,166.110000133514,330,TheEmptinessMachine,HTCP,RB,HTTP/3
2025-05-01 02:41:13,index,168.110000133514,330,TheEmptinessMachine,HTCP,RB,HTTP/3
2025-05-01 02:41:15,index,170.110000133514,72,TheEmptinessMachine,HTCP,RB,HTTP/3
2025-05-01 02:41:17,index,172.110000133514,214,TheEmptinessMachine,HTCP,RB,HTTP/3
2025-05-01 02:41:19,index,174.110000133514,214,TheEmptinessMachine,HTCP,RB,HTTP/3
2025-05-01 02:41:21,index,176.110000133514,320,TheEmptinessMachine,HTCP,RB,HTTP/3
2025-05-01 02:41:23,index,178.110000133514,72,TheEmptinessMachine,HTCP,RB,HTTP/3
2025-05-01 02:41:25,index,180.110000133514,330,TheEmptinessMachine,HTCP,RB,HTTP/3
2025-05-01 02:41:27,index,182.108999967575,330,TheEmptinessMachine,HTCP,RB,HTTP/3
2025-05-01 02:41:29,index,184.110000133514,72,TheEmptinessMachine,HTCP,RB,HTTP/3
2025-05-01 02:41:31,index,186.110000133514,214,TheEmptinessMachine,HTCP,RB,HTTP/3
2025-05-01 02:41:33,index,188.108999967575,72,TheEmptinessMachine,HTCP,RB,HTTP/3
2025-05-01 02:41:35,index,190.110000133514,72,TheEmptinessMachine,HTCP,RB,HTTP/3
2025-05-01 02:41:37,index,192.110000133514,72,TheEmptinessMachine,HTCP,RB,HTTP/3
2025-05-01 02:41:39,index,194.110000133514,72,TheEmptinessMachine,HTCP,RB,HTTP/3
2025-05-01 02:41:41,index,196.110000133514,72,TheEmptinessMachine,HTCP,RB,HTTP/3
2025-05-01 02:41:43,index,198.110000133514,72,TheEmptinessMachine,HTCP,RB,HTTP/3
2025-05-01 02:42:30,index,4.28999996185303,674,TheEmptinessMachine,HTCP,Throughput,HTTP/1.1
2025-05-01 02:42:32,index,6.28999996185303,674,TheEmptinessMachine,HTCP,Throughput,HTTP/1.1
2025-05-01 02:42:34,index,8.28900003433228,1226,TheEmptinessMachine,HTCP,Throughput,HTTP/1.1
2025-05-01 02:42:36,index,10.289999961853,1767,TheEmptinessMachine,HTCP,Throughput,HTTP/1.1
2025-05-01 02:42:38,index,12.289999961853,1767,TheEmptinessMachine,HTCP,Throughput,HTTP/1.1
2025-05-01 02:42:40,index,14.289999961853,1767,TheEmptinessMachine,HTCP,Throughput,HTTP/1.1
2025-05-01 02:42:46,index,20.289999961853,330,TheEmptinessMachine,HTCP,Throughput,HTTP/1.1
2025-05-01 02:42:48,index,22.2910001277924,330,TheEmptinessMachine,HTCP,Throughput,HTTP/1.1
2025-05-01 02:42:52,index,26.289999961853,330,TheEmptinessMachine,HTCP,Throughput,HTTP/1.1
2025-05-01 02:42:54,index,28.289999961853,320,TheEmptinessMachine,HTCP,Throughput,HTTP/1.1
2025-05-01 02:42:56,index,30.289999961853,320,TheEmptinessMachine,HTCP,Throughput,HTTP/1.1
2025-05-01 02:42:58,index,32.289999961853,320,TheEmptinessMachine,HTCP,Throughput,HTTP/1.1
2025-05-01 02:43:00,index,34.289999961853,320,TheEmptinessMachine,HTCP,Throughput,HTTP/1.1
2025-05-01 02:43:02,index,36.289999961853,320,TheEmptinessMachine,HTCP,Throughput,HTTP/1.1
2025-05-01 02:43:04,index,38.289999961853,320,TheEmptinessMachine,HTCP,Throughput,HTTP/1.1
2025-05-01 02:43:06,index,40.289999961853,330,TheEmptinessMachine,HTCP,Throughput,HTTP/1.1
2025-05-01 02:43:08,index,42.2890000343323,330,TheEmptinessMachine,HTCP,Throughput,HTTP/1.1
2025-05-01 02:43:10,index,44.289999961853,330,TheEmptinessMachine,HTCP,Throughput,HTTP/1.1
2025-05-01 02:43:12,index,46.289999961853,330,TheEmptinessMachine,HTCP,Throughput,HTTP/1.1
2025-05-01 02:43:14,index,48.289999961853,330,TheEmptinessMachine,HTCP,Throughput,HTTP/1.1
2025-05-01 02:43:16,index,50.289999961853,330,TheEmptinessMachine,HTCP,Throughput,HTTP/1.1
2025-05-01 02:43:18,index,52.289999961853,330,TheEmptinessMachine,HTCP,Throughput,HTTP/1.1
2025-05-01 02:43:20,index,54.289999961853,330,TheEmptinessMachine,HTCP,Throughput,HTTP/1.1
2025-05-01 02:43:22,index,56.289999961853,330,TheEmptinessMachine,HTCP,Throughput,HTTP/1.1
2025-05-01 02:43:24,index,58.289999961853,330,TheEmptinessMachine,HTCP,Throughput,HTTP/1.1
2025-05-01 02:43:26,index,60.289999961853,330,TheEmptinessMachine,HTCP,Throughput,HTTP/1.1
2025-05-01 02:43:28,index,62.289999961853,330,TheEmptinessMachine,HTCP,Throughput,HTTP/1.1
2025-05-01 02:43:30,index,64.289999961853,330,TheEmptinessMachine,HTCP,Throughput,HTTP/1.1
2025-05-01 02:43:32,index,66.289999961853,330,TheEmptinessMachine,HTCP,Throughput,HTTP/1.1
2025-05-01 02:43:34,index,68.2890000343323,330,TheEmptinessMachine,HTCP,Throughput,HTTP/1.1
2025-05-01 02:43:36,index,70.289999961853,635,TheEmptinessMachine,HTCP,Throughput,HTTP/1.1
2025-05-01 02:43:38,index,72.2890000343323,635,TheEmptinessMachine,HTCP,Throughput,HTTP/1.1
2025-05-01 02:43:40,index,74.289999961853,635,TheEmptinessMachine,HTCP,Throughput,HTTP/1.1
2025-05-01 02:43:42,index,76.289999961853,635,TheEmptinessMachine,HTCP,Throughput,HTTP/1.1
2025-05-01 02:43:44,index,78.289999961853,635,TheEmptinessMachine,HTCP,Throughput,HTTP/1.1
2025-05-01 02:43:46,index,80.2890000343323,330,TheEmptinessMachine,HTCP,Throughput,HTTP/1.1
2025-05-01 02:43:48,index,82.289999961853,330,TheEmptinessMachine,HTCP,Throughput,HTTP/1.1
2025-05-01 02:43:50,index,84.289999961853,330,TheEmptinessMachine,HTCP,Throughput,HTTP/1.1
2025-05-01 02:43:52,index,86.2890000343323,330,TheEmptinessMachine,HTCP,Throughput,HTTP/1.1
2025-05-01 02:43:54,index,88.289999961853,330,TheEmptinessMachine,HTCP,Throughput,HTTP/1.1
2025-05-01 02:43:56,index,90.289999961853,330,TheEmptinessMachine,HTCP,Throughput,HTTP/1.1
2025-05-01 02:43:58,index,92.289999961853,330,TheEmptinessMachine,HTCP,Throughput,HTTP/1.1
2025-05-01 02:44:00,index,94.289999961853,330,TheEmptinessMachine,HTCP,Throughput,HTTP/1.1
2025-05-01 02:44:02,index,96.289999961853,330,TheEmptinessMachine,HTCP,Throughput,HTTP/1.1
2025-05-01 02:44:04,index,98.289999961853,330,TheEmptinessMachine,HTCP,Throughput,HTTP/1.1
2025-05-01 02:44:06,index,100.289999961853,330,TheEmptinessMachine,HTCP,Throughput,HTTP/1.1
2025-05-01 02:44:08,index,102.289999961853,330,TheEmptinessMachine,HTCP,Throughput,HTTP/1.1
2025-05-01 02:44:10,index,104.289999961853,330,TheEmptinessMachine,HTCP,Throughput,HTTP/1.1
2025-05-01 02:44:12,index,106.289999961853,330,TheEmptinessMachine,HTCP,Throughput,HTTP/1.1
2025-05-01 02:44:14,index,108.289999961853,330,TheEmptinessMachine,HTCP,Throughput,HTTP/1.1
2025-05-01 02:44:16,index,110.289999961853,330,TheEmptinessMachine,HTCP,Throughput,HTTP/1.1
2025-05-01 02:44:18,index,112.289999961853,330,TheEmptinessMachine,HTCP,Throughput,HTTP/1.1
2025-05-01 02:44:20,index,114.289999961853,330,TheEmptinessMachine,HTCP,Throughput,HTTP/1.1
2025-05-01 02:44:22,index,116.289999961853,330,TheEmptinessMachine,HTCP,Throughput,HTTP/1.1
2025-05-01 02:44:24,index,118.289999961853,330,TheEmptinessMachine,HTCP,Throughput,HTTP/1.1
2025-05-01 02:44:26,index,120.291000127792,330,TheEmptinessMachine,HTCP,Throughput,HTTP/1.1
2025-05-01 02:44:28,index,122.289999961853,330,TheEmptinessMachine,HTCP,Throughput,HTTP/1.1
2025-05-01 02:44:30,index,124.289999961853,330,TheEmptinessMachine,HTCP,Throughput,HTTP/1.1
2025-05-01 02:44:32,index,126.289999961853,330,TheEmptinessMachine,HTCP,Throughput,HTTP/1.1
2025-05-01 02:44:34,index,128.289000034332,330,TheEmptinessMachine,HTCP,Throughput,HTTP/1.1
2025-05-01 02:44:36,index,130.289999961853,330,TheEmptinessMachine,HTCP,Throughput,HTTP/1.1
2025-05-01 02:44:38,index,132.289999961853,330,TheEmptinessMachine,HTCP,Throughput,HTTP/1.1
2025-05-01 02:44:40,index,134.289999961853,330,TheEmptinessMachine,HTCP,Throughput,HTTP/1.1
2025-05-01 02:44:42,index,136.289999961853,330,TheEmptinessMachine,HTCP,Throughput,HTTP/1.1
2025-05-01 02:44:44,index,138.289999961853,330,TheEmptinessMachine,HTCP,Throughput,HTTP/1.1
2025-05-01 02:44:46,index,140.289999961853,330,TheEmptinessMachine,HTCP,Throughput,HTTP/1.1
2025-05-01 02:44:48,index,142.289000034332,635,TheEmptinessMachine,HTCP,Throughput,HTTP/1.1
2025-05-01 02:44:50,index,144.289999961853,674,TheEmptinessMachine,HTCP,Throughput,HTTP/1.1
2025-05-01 02:44:52,index,146.289000034332,674,TheEmptinessMachine,HTCP,Throughput,HTTP/1.1
2025-05-01 02:44:54,index,148.289000034332,635,TheEmptinessMachine,HTCP,Throughput,HTTP/1.1
2025-05-01 02:44:56,index,150.289000034332,674,TheEmptinessMachine,HTCP,Throughput,HTTP/1.1
2025-05-01 02:44:58,index,152.289999961853,635,TheEmptinessMachine,HTCP,Throughput,HTTP/1.1
2025-05-01 02:45:00,index,154.289999961853,635,TheEmptinessMachine,HTCP,Throughput,HTTP/1.1
2025-05-01 02:45:04,index,158.289000034332,214,TheEmptinessMachine,HTCP,Throughput,HTTP/1.1
2025-05-01 02:45:06,index,160.289999961853,330,TheEmptinessMachine,HTCP,Throughput,HTTP/1.1
2025-05-01 02:45:10,index,164.289999961853,169,TheEmptinessMachine,HTCP,Throughput,HTTP/1.1
2025-05-01 02:45:12,index,166.289999961853,320,TheEmptinessMachine,HTCP,Throughput,HTTP/1.1
2025-05-01 02:45:14,index,168.291000127792,320,TheEmptinessMachine,HTCP,Throughput,HTTP/1.1
2025-05-01 02:45:16,index,170.289000034332,214,TheEmptinessMachine,HTCP,Throughput,HTTP/1.1
2025-05-01 02:45:18,index,172.289000034332,214,TheEmptinessMachine,HTCP,Throughput,HTTP/1.1
2025-05-01 02:45:20,index,174.289999961853,214,TheEmptinessMachine,HTCP,Throughput,HTTP/1.1
2025-05-01 02:45:22,index,176.289000034332,214,TheEmptinessMachine,HTCP,Throughput,HTTP/1.1
2025-05-01 02:45:24,index,178.289000034332,214,TheEmptinessMachine,HTCP,Throughput,HTTP/1.1
2025-05-01 02:45:26,index,180.289999961853,214,TheEmptinessMachine,HTCP,Throughput,HTTP/1.1
2025-05-01 02:45:28,index,182.289999961853,169,TheEmptinessMachine,HTCP,Throughput,HTTP/1.1
2025-05-01 02:45:30,index,184.289999961853,169,TheEmptinessMachine,HTCP,Throughput,HTTP/1.1
2025-05-01 02:45:32,index,186.289999961853,169,TheEmptinessMachine,HTCP,Throughput,HTTP/1.1
2025-05-01 02:45:34,index,188.289000034332,169,TheEmptinessMachine,HTCP,Throughput,HTTP/1.1
2025-05-01 02:45:36,index,190.289999961853,169,TheEmptinessMachine,HTCP,Throughput,HTTP/1.1
2025-05-01 02:45:38,index,192.289999961853,169,TheEmptinessMachine,HTCP,Throughput,HTTP/1.1
2025-05-01 02:45:40,index,194.289999961853,169,TheEmptinessMachine,HTCP,Throughput,HTTP/1.1
2025-05-01 02:45:42,index,196.289999961853,169,TheEmptinessMachine,HTCP,Throughput,HTTP/1.1
2025-05-01 02:45:44,index,198.289999961853,169,TheEmptinessMachine,HTCP,Throughput,HTTP/1.1
2025-05-01 02:45:46,index,200.289999961853,169,TheEmptinessMachine,HTCP,Throughput,HTTP/1.1
2025-05-01 02:46:28,index,4.18299984931946,980,TheEmptinessMachine,HTCP,Throughput,HTTP/2
2025-05-01 02:46:30,index,6.10699987411499,980,TheEmptinessMachine,HTCP,Throughput,HTTP/2
2025-05-01 02:46:32,index,8.10599994659424,674,TheEmptinessMachine,HTCP,Throughput,HTTP/2
2025-05-01 02:46:34,index,10.1059999465942,674,TheEmptinessMachine,HTCP,Throughput,HTTP/2
2025-05-01 02:46:36,index,12.106999874115,635,TheEmptinessMachine,HTCP,Throughput,HTTP/2
2025-05-01 02:46:38,index,14.1059999465942,635,TheEmptinessMachine,HTCP,Throughput,HTTP/2
2025-05-01 02:46:44,index,20.1059999465942,214,TheEmptinessMachine,HTCP,Throughput,HTTP/2
2025-05-01 02:46:48,index,24.106999874115,169,TheEmptinessMachine,HTCP,Throughput,HTTP/2
2025-05-01 02:46:54,index,30.1059999465942,214,TheEmptinessMachine,HTCP,Throughput,HTTP/2
2025-05-01 02:46:58,index,34.106999874115,169,TheEmptinessMachine,HTCP,Throughput,HTTP/2
2025-05-01 02:47:00,index,36.106999874115,169,TheEmptinessMachine,HTCP,Throughput,HTTP/2
2025-05-01 02:47:02,index,38.106999874115,169,TheEmptinessMachine,HTCP,Throughput,HTTP/2
2025-05-01 02:47:04,index,40.106999874115,330,TheEmptinessMachine,HTCP,Throughput,HTTP/2
2025-05-01 02:47:06,index,42.106999874115,635,TheEmptinessMachine,HTCP,Throughput,HTTP/2
2025-05-01 02:47:08,index,44.1059999465942,674,TheEmptinessMachine,HTCP,Throughput,HTTP/2
2025-05-01 02:47:10,index,46.106999874115,674,TheEmptinessMachine,HTCP,Throughput,HTTP/2
2025-05-01 02:47:12,index,48.1059999465942,674,TheEmptinessMachine,HTCP,Throughput,HTTP/2
2025-05-01 02:47:14,index,50.1059999465942,674,TheEmptinessMachine,HTCP,Throughput,HTTP/2
2025-05-01 02:47:16,index,52.106999874115,674,TheEmptinessMachine,HTCP,Throughput,HTTP/2
2025-05-01 02:47:18,index,54.106999874115,214,TheEmptinessMachine,HTCP,Throughput,HTTP/2
2025-05-01 02:47:22,index,58.1059999465942,169,TheEmptinessMachine,HTCP,Throughput,HTTP/2
2025-05-01 02:47:24,index,60.106999874115,330,TheEmptinessMachine,HTCP,Throughput,HTTP/2
2025-05-01 02:47:26,index,62.1059999465942,330,TheEmptinessMachine,HTCP,Throughput,HTTP/2
2025-05-01 02:47:28,index,64.106999874115,320,TheEmptinessMachine,HTCP,Throughput,HTTP/2
2025-05-01 02:47:30,index,66.1059999465942,320,TheEmptinessMachine,HTCP,Throughput,HTTP/2
2025-05-01 02:47:34,index,70.1059999465942,320,TheEmptinessMachine,HTCP,Throughput,HTTP/2
2025-05-01 02:47:40,index,76.1059999465942,320,TheEmptinessMachine,HTCP,Throughput,HTTP/2
2025-05-01 02:47:42,index,78.1059999465942,214,TheEmptinessMachine,HTCP,Throughput,HTTP/2
2025-05-01 02:47:44,index,80.106999874115,214,TheEmptinessMachine,HTCP,Throughput,HTTP/2
2025-05-01 02:47:46,index,82.1059999465942,214,TheEmptinessMachine,HTCP,Throughput,HTTP/2
2025-05-01 02:47:48,index,84.106999874115,214,TheEmptinessMachine,HTCP,Throughput,HTTP/2
2025-05-01 02:47:50,index,86.106999874115,214,TheEmptinessMachine,HTCP,Throughput,HTTP/2
2025-05-01 02:47:52,index,88.1059999465942,214,TheEmptinessMachine,HTCP,Throughput,HTTP/2
2025-05-01 02:47:54,index,90.1059999465942,674,TheEmptinessMachine,HTCP,Throughput,HTTP/2
2025-05-01 02:47:56,index,92.106999874115,674,TheEmptinessMachine,HTCP,Throughput,HTTP/2
2025-05-01 02:47:58,index,94.106999874115,674,TheEmptinessMachine,HTCP,Throughput,HTTP/2
2025-05-01 02:48:00,index,96.106999874115,674,TheEmptinessMachine,HTCP,Throughput,HTTP/2
2025-05-01 02:48:02,index,98.106999874115,674,TheEmptinessMachine,HTCP,Throughput,HTTP/2
2025-05-01 02:48:04,index,100.106999874115,674,TheEmptinessMachine,HTCP,Throughput,HTTP/2
2025-05-01 02:48:06,index,102.106999874115,330,TheEmptinessMachine,HTCP,Throughput,HTTP/2
2025-05-01 02:48:08,index,104.105999946594,76,TheEmptinessMachine,HTCP,Throughput,HTTP/2
2025-05-01 02:48:10,index,106.106999874115,320,TheEmptinessMachine,HTCP,Throughput,HTTP/2
2025-05-01 02:48:12,index,108.106999874115,330,TheEmptinessMachine,HTCP,Throughput,HTTP/2
2025-05-01 02:48:14,index,110.106999874115,330,TheEmptinessMachine,HTCP,Throughput,HTTP/2
2025-05-01 02:48:16,index,112.105999946594,330,TheEmptinessMachine,HTCP,Throughput,HTTP/2
2025-05-01 02:48:18,index,114.105999946594,330,TheEmptinessMachine,HTCP,Throughput,HTTP/2
2025-05-01 02:48:20,index,116.106999874115,320,TheEmptinessMachine,HTCP,Throughput,HTTP/2
2025-05-01 02:48:22,index,118.106999874115,320,TheEmptinessMachine,HTCP,Throughput,HTTP/2
2025-05-01 02:48:24,index,120.106999874115,320,TheEmptinessMachine,HTCP,Throughput,HTTP/2
2025-05-01 02:48:26,index,122.106999874115,320,TheEmptinessMachine,HTCP,Throughput,HTTP/2
2025-05-01 02:48:28,index,124.105999946594,320,TheEmptinessMachine,HTCP,Throughput,HTTP/2
2025-05-01 02:48:30,index,126.105999946594,320,TheEmptinessMachine,HTCP,Throughput,HTTP/2
2025-05-01 02:48:32,index,128.105999946594,320,TheEmptinessMachine,HTCP,Throughput,HTTP/2
2025-05-01 02:48:34,index,130.106999874115,320,TheEmptinessMachine,HTCP,Throughput,HTTP/2
2025-05-01 02:48:36,index,132.106999874115,320,TheEmptinessMachine,HTCP,Throughput,HTTP/2
2025-05-01 02:48:38,index,134.105999946594,320,TheEmptinessMachine,HTCP,Throughput,HTTP/2
2025-05-01 02:48:40,index,136.106999874115,320,TheEmptinessMachine,HTCP,Throughput,HTTP/2
2025-05-01 02:48:42,index,138.105999946594,320,TheEmptinessMachine,HTCP,Throughput,HTTP/2
2025-05-01 02:48:44,index,140.106999874115,330,TheEmptinessMachine,HTCP,Throughput,HTTP/2
2025-05-01 02:48:46,index,142.106999874115,330,TheEmptinessMachine,HTCP,Throughput,HTTP/2
2025-05-01 02:48:48,index,144.105999946594,320,TheEmptinessMachine,HTCP,Throughput,HTTP/2
2025-05-01 02:48:50,index,146.106999874115,320,TheEmptinessMachine,HTCP,Throughput,HTTP/2
2025-05-01 02:48:52,index,148.106999874115,320,TheEmptinessMachine,HTCP,Throughput,HTTP/2
2025-05-01 02:48:54,index,150.105999946594,320,TheEmptinessMachine,HTCP,Throughput,HTTP/2
2025-05-01 02:48:56,index,152.106999874115,320,TheEmptinessMachine,HTCP,Throughput,HTTP/2
2025-05-01 02:48:58,index,154.106999874115,320,TheEmptinessMachine,HTCP,Throughput,HTTP/2
2025-05-01 02:49:00,index,156.105999946594,330,TheEmptinessMachine,HTCP,Throughput,HTTP/2
2025-05-01 02:49:02,index,158.106999874115,330,TheEmptinessMachine,HTCP,Throughput,HTTP/2
2025-05-01 02:49:04,index,160.106999874115,330,TheEmptinessMachine,HTCP,Throughput,HTTP/2
2025-05-01 02:49:06,index,162.106999874115,330,TheEmptinessMachine,HTCP,Throughput,HTTP/2
2025-05-01 02:49:08,index,164.105999946594,330,TheEmptinessMachine,HTCP,Throughput,HTTP/2
2025-05-01 02:49:10,index,166.106999874115,330,TheEmptinessMachine,HTCP,Throughput,HTTP/2
2025-05-01 02:49:12,index,168.106999874115,330,TheEmptinessMachine,HTCP,Throughput,HTTP/2
2025-05-01 02:49:14,index,170.106999874115,635,TheEmptinessMachine,HTCP,Throughput,HTTP/2
2025-05-01 02:49:16,index,172.105999946594,635,TheEmptinessMachine,HTCP,Throughput,HTTP/2
2025-05-01 02:49:18,index,174.105999946594,674,TheEmptinessMachine,HTCP,Throughput,HTTP/2
2025-05-01 02:49:20,index,176.105999946594,330,TheEmptinessMachine,HTCP,Throughput,HTTP/2
2025-05-01 02:49:22,index,178.105999946594,674,TheEmptinessMachine,HTCP,Throughput,HTTP/2
2025-05-01 02:49:24,index,180.106999874115,214,TheEmptinessMachine,HTCP,Throughput,HTTP/2
2025-05-01 02:49:28,index,184.105999946594,84,TheEmptinessMachine,HTCP,Throughput,HTTP/2
2025-05-01 02:49:30,index,186.106999874115,214,TheEmptinessMachine,HTCP,Throughput,HTTP/2
2025-05-01 02:49:32,index,188.105999946594,330,TheEmptinessMachine,HTCP,Throughput,HTTP/2
2025-05-01 02:49:34,index,190.105999946594,214,TheEmptinessMachine,HTCP,Throughput,HTTP/2
2025-05-01 02:49:36,index,192.111000061035,214,TheEmptinessMachine,HTCP,Throughput,HTTP/2
2025-05-01 02:49:38,index,194.105999946594,320,TheEmptinessMachine,HTCP,Throughput,HTTP/2
2025-05-01 02:49:40,index,196.106999874115,320,TheEmptinessMachine,HTCP,Throughput,HTTP/2
2025-05-01 02:49:42,index,198.105999946594,320,TheEmptinessMachine,HTCP,Throughput,HTTP/2
2025-05-01 02:49:44,index,200.108000040054,320,TheEmptinessMachine,HTCP,Throughput,HTTP/2
2025-05-01 02:49:46,index,202.106999874115,320,TheEmptinessMachine,HTCP,Throughput,HTTP/2
2025-05-01 02:49:48,index,204.106999874115,320,TheEmptinessMachine,HTCP,Throughput,HTTP/2
2025-05-01 02:49:50,index,206.106999874115,320,TheEmptinessMachine,HTCP,Throughput,HTTP/2
2025-05-01 02:49:52,index,208.106999874115,320,TheEmptinessMachine,HTCP,Throughput,HTTP/2
2025-05-01 02:50:53,index,24.4539999961853,169,TheEmptinessMachine,HTCP,Throughput,HTTP/3
2025-05-01 02:50:55,index,26.4539999961853,84,TheEmptinessMachine,HTCP,Throughput,HTTP/3
2025-05-01 02:50:57,index,28.4539999961853,84,TheEmptinessMachine,HTCP,Throughput,HTTP/3
2025-05-01 02:50:59,index,30.4539999961853,84,TheEmptinessMachine,HTCP,Throughput,HTTP/3
2025-05-01 02:51:01,index,32.4539999961853,84,TheEmptinessMachine,HTCP,Throughput,HTTP/3
2025-05-01 02:51:03,index,34.4539999961853,84,TheEmptinessMachine,HTCP,Throughput,HTTP/3
2025-05-01 02:51:05,index,36.4539999961853,84,TheEmptinessMachine,HTCP,Throughput,HTTP/3
2025-05-01 02:51:07,index,38.4539999961853,214,TheEmptinessMachine,HTCP,Throughput,HTTP/3
2025-05-01 02:51:09,index,40.4539999961853,214,TheEmptinessMachine,HTCP,Throughput,HTTP/3
2025-05-01 02:51:11,index,42.4539999961853,84,TheEmptinessMachine,HTCP,Throughput,HTTP/3
2025-05-01 02:51:13,index,44.4539999961853,84,TheEmptinessMachine,HTCP,Throughput,HTTP/3
2025-05-01 02:51:15,index,46.4539999961853,84,TheEmptinessMachine,HTCP,Throughput,HTTP/3
2025-05-01 02:51:17,index,48.4539999961853,84,TheEmptinessMachine,HTCP,Throughput,HTTP/3
2025-05-01 02:51:19,index,50.4539999961853,84,TheEmptinessMachine,HTCP,Throughput,HTTP/3
2025-05-01 02:51:21,index,52.4539999961853,84,TheEmptinessMachine,HTCP,Throughput,HTTP/3
2025-05-01 02:51:23,index,54.4539999961853,169,TheEmptinessMachine,HTCP,Throughput,HTTP/3
2025-05-01 02:51:25,index,56.4539999961853,169,TheEmptinessMachine,HTCP,Throughput,HTTP/3
2025-05-01 02:51:27,index,58.4539999961853,214,TheEmptinessMachine,HTCP,Throughput,HTTP/3
2025-05-01 02:51:29,index,60.4539999961853,330,TheEmptinessMachine,HTCP,Throughput,HTTP/3
2025-05-01 02:51:31,index,62.4539999961853,169,TheEmptinessMachine,HTCP,Throughput,HTTP/3
2025-05-01 02:51:33,index,64.4539999961853,169,TheEmptinessMachine,HTCP,Throughput,HTTP/3
2025-05-01 02:51:37,index,68.4539999961853,72,TheEmptinessMachine,HTCP,Throughput,HTTP/3
2025-05-01 02:51:39,index,70.4539999961853,72,TheEmptinessMachine,HTCP,Throughput,HTTP/3
2025-05-01 02:51:41,index,72.4539999961853,214,TheEmptinessMachine,HTCP,Throughput,HTTP/3
2025-05-01 02:51:43,index,74.4539999961853,214,TheEmptinessMachine,HTCP,Throughput,HTTP/3
2025-05-01 02:51:45,index,76.4539999961853,214,TheEmptinessMachine,HTCP,Throughput,HTTP/3
2025-05-01 02:51:49,index,80.4539999961853,72,TheEmptinessMachine,HTCP,Throughput,HTTP/3
2025-05-01 02:51:51,index,82.4539999961853,72,TheEmptinessMachine,HTCP,Throughput,HTTP/3
2025-05-01 02:51:53,index,84.4539999961853,72,TheEmptinessMachine,HTCP,Throughput,HTTP/3
2025-05-01 02:51:55,index,86.4539999961853,72,TheEmptinessMachine,HTCP,Throughput,HTTP/3
2025-05-01 02:51:57,index,88.4539999961853,72,TheEmptinessMachine,HTCP,Throughput,HTTP/3
2025-05-01 02:51:59,index,90.4539999961853,72,TheEmptinessMachine,HTCP,Throughput,HTTP/3
2025-05-01 02:52:01,index,92.4539999961853,84,TheEmptinessMachine,HTCP,Throughput,HTTP/3
2025-05-01 02:52:03,index,94.4539999961853,84,TheEmptinessMachine,HTCP,Throughput,HTTP/3
2025-05-01 02:52:05,index,96.4539999961853,214,TheEmptinessMachine,HTCP,Throughput,HTTP/3
2025-05-01 02:52:07,index,98.4539999961853,214,TheEmptinessMachine,HTCP,Throughput,HTTP/3
2025-05-01 02:52:09,index,100.453999996185,330,TheEmptinessMachine,HTCP,Throughput,HTTP/3
2025-05-01 02:52:11,index,102.453999996185,320,TheEmptinessMachine,HTCP,Throughput,HTTP/3
2025-05-01 02:52:13,index,104.453999996185,320,TheEmptinessMachine,HTCP,Throughput,HTTP/3
2025-05-01 02:52:19,index,110.453999996185,169,TheEmptinessMachine,HTCP,Throughput,HTTP/3
2025-05-01 02:52:21,index,112.453999996185,214,TheEmptinessMachine,HTCP,Throughput,HTTP/3
2025-05-01 02:52:25,index,116.453999996185,84,TheEmptinessMachine,HTCP,Throughput,HTTP/3
2025-05-01 02:52:27,index,118.453999996185,169,TheEmptinessMachine,HTCP,Throughput,HTTP/3
2025-05-01 02:52:31,index,122.453999996185,84,TheEmptinessMachine,HTCP,Throughput,HTTP/3
2025-05-01 02:52:35,index,126.453999996185,84,TheEmptinessMachine,HTCP,Throughput,HTTP/3
2025-05-01 02:52:37,index,128.453999996185,166,TheEmptinessMachine,HTCP,Throughput,HTTP/3
2025-05-01 02:52:39,index,130.453999996185,166,TheEmptinessMachine,HTCP,Throughput,HTTP/3
2025-05-01 02:52:41,index,132.453999996185,166,TheEmptinessMachine,HTCP,Throughput,HTTP/3
2025-05-01 02:52:43,index,134.453999996185,166,TheEmptinessMachine,HTCP,Throughput,HTTP/3
2025-05-01 02:52:45,index,136.453999996185,166,TheEmptinessMachine,HTCP,Throughput,HTTP/3
2025-05-01 02:52:47,index,138.453999996185,166,TheEmptinessMachine,HTCP,Throughput,HTTP/3
2025-05-01 02:52:49,index,140.453999996185,166,TheEmptinessMachine,HTCP,Throughput,HTTP/3
2025-05-01 02:52:51,index,142.453999996185,84,TheEmptinessMachine,HTCP,Throughput,HTTP/3
2025-05-01 02:52:53,index,144.453999996185,84,TheEmptinessMachine,HTCP,Throughput,HTTP/3
2025-05-01 02:52:55,index,146.453999996185,84,TheEmptinessMachine,HTCP,Throughput,HTTP/3
2025-05-01 02:52:57,index,148.453999996185,84,TheEmptinessMachine,HTCP,Throughput,HTTP/3
2025-05-01 02:52:59,index,150.453999996185,84,TheEmptinessMachine,HTCP,Throughput,HTTP/3
2025-05-01 02:53:01,index,152.453999996185,84,TheEmptinessMachine,HTCP,Throughput,HTTP/3
2025-05-01 02:53:03,index,154.453999996185,84,TheEmptinessMachine,HTCP,Throughput,HTTP/3
2025-05-01 02:53:06,index,156.453999996185,84,TheEmptinessMachine,HTCP,Throughput,HTTP/3
2025-05-01 02:53:07,index,158.453999996185,84,TheEmptinessMachine,HTCP,Throughput,HTTP/3
2025-05-01 02:53:09,index,160.453999996185,84,TheEmptinessMachine,HTCP,Throughput,HTTP/3
2025-05-01 02:53:11,index,162.453999996185,84,TheEmptinessMachine,HTCP,Throughput,HTTP/3
2025-05-01 02:53:13,index,164.453999996185,84,TheEmptinessMachine,HTCP,Throughput,HTTP/3
2025-05-01 02:53:15,index,166.453999996185,330,TheEmptinessMachine,HTCP,Throughput,HTTP/3
2025-05-01 02:53:17,index,168.453999996185,84,TheEmptinessMachine,HTCP,Throughput,HTTP/3
2025-05-01 02:53:19,index,170.453999996185,84,TheEmptinessMachine,HTCP,Throughput,HTTP/3
2025-05-01 02:53:21,index,172.453999996185,84,TheEmptinessMachine,HTCP,Throughput,HTTP/3
2025-05-01 02:53:23,index,174.453999996185,84,TheEmptinessMachine,HTCP,Throughput,HTTP/3
2025-05-01 02:53:25,index,176.453999996185,84,TheEmptinessMachine,HTCP,Throughput,HTTP/3
2025-05-01 02:53:27,index,178.453999996185,84,TheEmptinessMachine,HTCP,Throughput,HTTP/3
2025-05-01 02:53:29,index,180.453999996185,330,TheEmptinessMachine,HTCP,Throughput,HTTP/3
2025-05-01 02:53:31,index,182.453999996185,330,TheEmptinessMachine,HTCP,Throughput,HTTP/3
2025-05-01 02:53:33,index,184.453999996185,330,TheEmptinessMachine,HTCP,Throughput,HTTP/3
2025-05-01 02:53:35,index,186.453999996185,84,TheEmptinessMachine,HTCP,Throughput,HTTP/3
2025-05-01 02:53:37,index,188.453999996185,84,TheEmptinessMachine,HTCP,Throughput,HTTP/3
2025-05-01 02:53:39,index,190.453999996185,84,TheEmptinessMachine,HTCP,Throughput,HTTP/3
2025-05-01 02:53:41,index,192.453999996185,84,TheEmptinessMachine,HTCP,Throughput,HTTP/3
2025-05-01 02:53:43,index,194.453999996185,84,TheEmptinessMachine,HTCP,Throughput,HTTP/3
2025-05-01 02:53:45,index,196.453999996185,84,TheEmptinessMachine,HTCP,Throughput,HTTP/3
2025-05-01 02:53:47,index,198.453999996185,330,TheEmptinessMachine,HTCP,Throughput,HTTP/3
2025-05-01 02:53:49,index,200.453000068665,330,TheEmptinessMachine,HTCP,Throughput,HTTP/3
2025-05-01 02:53:51,index,202.453999996185,330,TheEmptinessMachine,HTCP,Throughput,HTTP/3
2025-05-01 02:53:53,index,204.453999996185,72,TheEmptinessMachine,HTCP,Throughput,HTTP/3
2025-05-01 02:53:55,index,206.453999996185,72,TheEmptinessMachine,HTCP,Throughput,HTTP/3
2025-05-01 02:53:57,index,208.453999996185,72,TheEmptinessMachine,HTCP,Throughput,HTTP/3
2025-05-01 02:53:59,index,210.453999996185,72,TheEmptinessMachine,HTCP,Throughput,HTTP/3
2025-05-01 02:54:01,index,212.453999996185,72,TheEmptinessMachine,HTCP,Throughput,HTTP/3
2025-05-01 02:54:03,index,214.453999996185,72,TheEmptinessMachine,HTCP,Throughput,HTTP/3
2025-05-01 02:54:05,index,216.453999996185,72,TheEmptinessMachine,HTCP,Throughput,HTTP/3
2025-05-01 02:54:07,index,218.453999996185,72,TheEmptinessMachine,HTCP,Throughput,HTTP/3
2025-05-01 02:54:09,index,220.453999996185,72,TheEmptinessMachine,HTCP,Throughput,HTTP/3
