time,metric,metricTime,metricValue,video,cc,abr,http
2025-05-02 02:25:59,index,1.49000000953674,8631.0,TheEmptinessMachine,CUBIC,Dynamic,HTTP/1.1
2025-05-02 02:26:03,index,3.27699995040894,8631.0,TheEmptinessMachine,CUBIC,Dynamic,HTTP/1.1
2025-05-02 02:26:04,index,5.36999988555908,8631.0,TheEmptinessMachine,CUBIC,Dynamic,HTTP/1.1
2025-05-02 02:26:04,index,8.16400003433228,8631.0,TheEmptinessMachine,CUBIC,Dynamic,HTTP/1.1
2025-05-02 02:26:09,index,10.2289998531342,320.0,TheEmptinessMachine,CUBIC,Dynamic,HTTP/1.1
2025-05-02 02:26:10,index,12.2699999809265,1499.0,TheEmptinessMachine,CUBIC,Dynamic,HTTP/1.1
2025-05-02 02:26:10,index,14.2699999809265,2781.0,TheEmptinessMachine,CUBIC,Dynamic,HTTP/1.1
2025-05-02 02:26:13,index,16.2739999294281,2974.0,TheEmptinessMachine,CUBIC,Dynamic,HTTP/1.1
2025-05-02 02:26:14,index,18.2699999809265,2781.0,TheEmptinessMachine,CUBIC,Dynamic,HTTP/1.1
2025-05-02 02:26:16,index,20.3090000152588,2781.0,TheEmptinessMachine,CUBIC,Dynamic,HTTP/1.1
2025-05-02 02:26:18,index,22.2690000534058,2781.0,TheEmptinessMachine,CUBIC,Dynamic,HTTP/1.1
2025-05-02 02:26:20,index,24.2699999809265,2781.0,TheEmptinessMachine,CUBIC,Dynamic,HTTP/1.1
2025-05-02 02:26:22,index,26.2699999809265,2781.0,TheEmptinessMachine,CUBIC,Dynamic,HTTP/1.1
2025-05-02 02:26:24,index,28.2699999809265,2781.0,TheEmptinessMachine,CUBIC,Dynamic,HTTP/1.1
2025-05-02 02:26:26,index,30.2699999809265,8631.0,TheEmptinessMachine,CUBIC,Dynamic,HTTP/1.1
2025-05-02 02:26:33,index,33.0019998550415,8631.0,TheEmptinessMachine,CUBIC,Dynamic,HTTP/1.1
2025-05-02 02:26:39,index,34.8150000572205,8631.0,TheEmptinessMachine,CUBIC,Dynamic,HTTP/1.1
2025-05-02 02:26:42,index,40.2690000534058,1767.0,TheEmptinessMachine,CUBIC,Dynamic,HTTP/1.1
2025-05-02 02:26:45,index,42.2960000038147,1767.0,TheEmptinessMachine,CUBIC,Dynamic,HTTP/1.1
2025-05-02 02:26:45,index,44.6610000133514,1767.0,TheEmptinessMachine,CUBIC,Dynamic,HTTP/1.1
2025-05-02 02:26:45,index,46.5520000457764,1767.0,TheEmptinessMachine,CUBIC,Dynamic,HTTP/1.1
2025-05-02 02:26:46,index,48.2690000534058,1767.0,TheEmptinessMachine,CUBIC,Dynamic,HTTP/1.1
2025-05-02 02:26:46,index,50.3269999027252,1767.0,TheEmptinessMachine,CUBIC,Dynamic,HTTP/1.1
2025-05-02 02:26:49,index,52.7560000419617,2974.0,TheEmptinessMachine,CUBIC,Dynamic,HTTP/1.1
2025-05-02 02:26:50,index,54.2690000534058,4676.0,TheEmptinessMachine,CUBIC,Dynamic,HTTP/1.1
2025-05-02 02:26:52,index,56.2690000534058,4676.0,TheEmptinessMachine,CUBIC,Dynamic,HTTP/1.1
2025-05-02 02:26:55,index,58.4960000514984,4676.0,TheEmptinessMachine,CUBIC,Dynamic,HTTP/1.1
2025-05-02 02:26:56,index,60.2699999809265,1767.0,TheEmptinessMachine,CUBIC,Dynamic,HTTP/1.1
2025-05-02 02:26:58,index,62.2699999809265,4692.0,TheEmptinessMachine,CUBIC,Dynamic,HTTP/1.1
2025-05-02 02:27:00,index,64.2699999809265,635.0,TheEmptinessMachine,CUBIC,Dynamic,HTTP/1.1
2025-05-02 02:27:02,index,66.2699999809265,2974.0,TheEmptinessMachine,CUBIC,Dynamic,HTTP/1.1
2025-05-02 02:27:05,index,69.2469999790192,8631.0,TheEmptinessMachine,CUBIC,Dynamic,HTTP/1.1
2025-05-02 02:27:07,index,71.2690000534058,4676.0,TheEmptinessMachine,CUBIC,Dynamic,HTTP/1.1
2025-05-02 02:27:09,index,73.2699999809265,4676.0,TheEmptinessMachine,CUBIC,Dynamic,HTTP/1.1
2025-05-02 02:27:11,index,75.2709999084473,4676.0,TheEmptinessMachine,CUBIC,Dynamic,HTTP/1.1
2025-05-02 02:27:13,index,77.2699999809265,4676.0,TheEmptinessMachine,CUBIC,Dynamic,HTTP/1.1
2025-05-02 02:27:15,index,79.2709999084473,3486.0,TheEmptinessMachine,CUBIC,Dynamic,HTTP/1.1
2025-05-02 02:27:17,index,81.2699999809265,3486.0,TheEmptinessMachine,CUBIC,Dynamic,HTTP/1.1
2025-05-02 02:27:19,index,83.2699999809265,3486.0,TheEmptinessMachine,CUBIC,Dynamic,HTTP/1.1
2025-05-02 02:27:21,index,85.2699999809265,3486.0,TheEmptinessMachine,CUBIC,Dynamic,HTTP/1.1
2025-05-02 02:27:23,index,87.2699999809265,3486.0,TheEmptinessMachine,CUBIC,Dynamic,HTTP/1.1
2025-05-02 02:27:25,index,89.2720000743866,3486.0,TheEmptinessMachine,CUBIC,Dynamic,HTTP/1.1
2025-05-02 02:27:27,index,91.2690000534058,3486.0,TheEmptinessMachine,CUBIC,Dynamic,HTTP/1.1
2025-05-02 02:27:29,index,93.2699999809265,3486.0,TheEmptinessMachine,CUBIC,Dynamic,HTTP/1.1
2025-05-02 02:27:35,index,99.4479999542236,3486.0,TheEmptinessMachine,CUBIC,Dynamic,HTTP/1.1
2025-05-02 02:27:37,index,101.269000053406,8631.0,TheEmptinessMachine,CUBIC,Dynamic,HTTP/1.1
2025-05-02 02:27:41,index,105.023000001907,8631.0,TheEmptinessMachine,CUBIC,Dynamic,HTTP/1.1
2025-05-02 02:27:42,index,106.269999980927,8631.0,TheEmptinessMachine,CUBIC,Dynamic,HTTP/1.1
2025-05-02 02:27:45,index,109.269999980927,8631.0,TheEmptinessMachine,CUBIC,Dynamic,HTTP/1.1
2025-05-02 02:27:47,index,111.569000005722,8631.0,TheEmptinessMachine,CUBIC,Dynamic,HTTP/1.1
2025-05-02 02:27:49,index,113.269999980927,13308.0,TheEmptinessMachine,CUBIC,Dynamic,HTTP/1.1
2025-05-02 02:27:51,index,115.269000053406,13308.0,TheEmptinessMachine,CUBIC,Dynamic,HTTP/1.1
2025-05-02 02:27:53,index,117.274999856949,8631.0,TheEmptinessMachine,CUBIC,Dynamic,HTTP/1.1
2025-05-02 02:27:55,index,119.269999980927,13308.0,TheEmptinessMachine,CUBIC,Dynamic,HTTP/1.1
2025-05-02 02:27:57,index,121.409999847412,13308.0,TheEmptinessMachine,CUBIC,Dynamic,HTTP/1.1
2025-05-02 02:27:59,index,123.269999980927,13308.0,TheEmptinessMachine,CUBIC,Dynamic,HTTP/1.1
2025-05-02 02:28:01,index,125.269999980927,1767.0,TheEmptinessMachine,CUBIC,Dynamic,HTTP/1.1
2025-05-02 02:28:03,index,127.269999980927,13308.0,TheEmptinessMachine,CUBIC,Dynamic,HTTP/1.1
2025-05-02 02:28:05,index,129.269999980927,8631.0,TheEmptinessMachine,CUBIC,Dynamic,HTTP/1.1
2025-05-02 02:28:07,index,131.269999980927,4676.0,TheEmptinessMachine,CUBIC,Dynamic,HTTP/1.1
2025-05-02 02:28:09,index,133.269999980927,8631.0,TheEmptinessMachine,CUBIC,Dynamic,HTTP/1.1
2025-05-02 02:28:11,index,135.269999980927,8631.0,TheEmptinessMachine,CUBIC,Dynamic,HTTP/1.1
2025-05-02 02:28:13,index,137.269999980927,4676.0,TheEmptinessMachine,CUBIC,Dynamic,HTTP/1.1
2025-05-02 02:28:15,index,139.269999980927,4676.0,TheEmptinessMachine,CUBIC,Dynamic,HTTP/1.1
2025-05-02 02:28:17,index,141.269000053406,4676.0,TheEmptinessMachine,CUBIC,Dynamic,HTTP/1.1
2025-05-02 02:28:19,index,143.269999980927,4676.0,TheEmptinessMachine,CUBIC,Dynamic,HTTP/1.1
2025-05-02 02:28:21,index,145.269999980927,4676.0,TheEmptinessMachine,CUBIC,Dynamic,HTTP/1.1
2025-05-02 02:28:23,index,147.269000053406,4676.0,TheEmptinessMachine,CUBIC,Dynamic,HTTP/1.1
2025-05-02 02:28:25,index,149.269999980927,3486.0,TheEmptinessMachine,CUBIC,Dynamic,HTTP/1.1
2025-05-02 02:28:27,index,151.269999980927,3486.0,TheEmptinessMachine,CUBIC,Dynamic,HTTP/1.1
2025-05-02 02:28:29,index,153.269999980927,3486.0,TheEmptinessMachine,CUBIC,Dynamic,HTTP/1.1
2025-05-02 02:28:31,index,155.269999980927,3486.0,TheEmptinessMachine,CUBIC,Dynamic,HTTP/1.1
2025-05-02 02:28:33,index,157.269000053406,3486.0,TheEmptinessMachine,CUBIC,Dynamic,HTTP/1.1
2025-05-02 02:28:35,index,159.269999980927,3486.0,TheEmptinessMachine,CUBIC,Dynamic,HTTP/1.1
2025-05-02 02:28:37,index,161.269999980927,3486.0,TheEmptinessMachine,CUBIC,Dynamic,HTTP/1.1
2025-05-02 02:28:39,index,163.269999980927,3486.0,TheEmptinessMachine,CUBIC,Dynamic,HTTP/1.1
2025-05-02 02:28:41,index,165.269999980927,13308.0,TheEmptinessMachine,CUBIC,Dynamic,HTTP/1.1
2025-05-02 02:28:43,index,167.269999980927,13308.0,TheEmptinessMachine,CUBIC,Dynamic,HTTP/1.1
2025-05-02 02:28:45,index,169.371000051498,13308.0,TheEmptinessMachine,CUBIC,Dynamic,HTTP/1.1
2025-05-02 02:28:48,index,171.299000024796,13308.0,TheEmptinessMachine,CUBIC,Dynamic,HTTP/1.1
2025-05-02 02:28:51,index,173.282999992371,13308.0,TheEmptinessMachine,CUBIC,Dynamic,HTTP/1.1
2025-05-02 02:28:53,index,177.270999908447,8631.0,TheEmptinessMachine,CUBIC,Dynamic,HTTP/1.1
2025-05-02 02:28:55,index,179.540999889374,8631.0,TheEmptinessMachine,CUBIC,Dynamic,HTTP/1.1
2025-05-02 02:28:58,index,181.447999954224,8631.0,TheEmptinessMachine,CUBIC,Dynamic,HTTP/1.1
2025-05-02 02:29:00,index,183.303999900818,2781.0,TheEmptinessMachine,CUBIC,Dynamic,HTTP/1.1
2025-05-02 02:29:03,index,187.269000053406,4676.0,TheEmptinessMachine,CUBIC,Dynamic,HTTP/1.1
2025-05-02 02:29:05,index,189.269999980927,13308.0,TheEmptinessMachine,CUBIC,Dynamic,HTTP/1.1
2025-05-02 02:29:07,index,191.269999980927,8631.0,TheEmptinessMachine,CUBIC,Dynamic,HTTP/1.1
2025-05-02 02:29:09,index,193.269000053406,8631.0,TheEmptinessMachine,CUBIC,Dynamic,HTTP/1.1
2025-05-02 02:29:11,index,195.269000053406,13308.0,TheEmptinessMachine,CUBIC,Dynamic,HTTP/1.1
2025-05-02 02:29:13,index,197.269999980927,8631.0,TheEmptinessMachine,CUBIC,Dynamic,HTTP/1.1
2025-05-02 02:29:15,index,199.269999980927,13308.0,TheEmptinessMachine,CUBIC,Dynamic,HTTP/1.1
2025-05-02 02:29:17,index,201.269999980927,4692.0,TheEmptinessMachine,CUBIC,Dynamic,HTTP/1.1
2025-05-02 02:29:19,index,203.269000053406,4676.0,TheEmptinessMachine,CUBIC,Dynamic,HTTP/1.1
2025-05-02 02:29:21,index,205.269000053406,13308.0,TheEmptinessMachine,CUBIC,Dynamic,HTTP/1.1
2025-05-02 02:29:23,index,207.269000053406,4692.0,TheEmptinessMachine,CUBIC,Dynamic,HTTP/1.1
2025-05-02 02:29:25,index,209.269000053406,13308.0,TheEmptinessMachine,CUBIC,Dynamic,HTTP/1.1
2025-05-02 02:29:27,index,211.269999980927,8631.0,TheEmptinessMachine,CUBIC,Dynamic,HTTP/1.1
2025-05-02 02:29:29,index,213.269999980927,4676.0,TheEmptinessMachine,CUBIC,Dynamic,HTTP/1.1
2025-05-02 02:29:31,index,215.269999980927,8631.0,TheEmptinessMachine,CUBIC,Dynamic,HTTP/1.1
2025-05-02 02:29:33,index,217.269999980927,1106.0,TheEmptinessMachine,CUBIC,Dynamic,HTTP/1.1
2025-05-02 02:29:35,index,219.269999980927,4692.0,TheEmptinessMachine,CUBIC,Dynamic,HTTP/1.1
2025-05-02 02:29:51,index,1.21099996566772,13308.0,TheEmptinessMachine,CUBIC,Dynamic,HTTP/2
2025-05-02 02:29:53,index,3.21000003814697,1767.0,TheEmptinessMachine,CUBIC,Dynamic,HTTP/2
2025-05-02 02:29:55,index,5.21000003814697,1499.0,TheEmptinessMachine,CUBIC,Dynamic,HTTP/2
2025-05-02 02:29:57,index,7.21000003814697,1499.0,TheEmptinessMachine,CUBIC,Dynamic,HTTP/2
2025-05-02 02:29:59,index,9.21000003814697,1499.0,TheEmptinessMachine,CUBIC,Dynamic,HTTP/2
2025-05-02 02:30:01,index,11.210000038147,1499.0,TheEmptinessMachine,CUBIC,Dynamic,HTTP/2
2025-05-02 02:30:03,index,13.210000038147,1499.0,TheEmptinessMachine,CUBIC,Dynamic,HTTP/2
2025-05-02 02:30:05,index,15.210000038147,1226.0,TheEmptinessMachine,CUBIC,Dynamic,HTTP/2
2025-05-02 02:30:07,index,17.210000038147,4676.0,TheEmptinessMachine,CUBIC,Dynamic,HTTP/2
2025-05-02 02:30:09,index,19.210000038147,4676.0,TheEmptinessMachine,CUBIC,Dynamic,HTTP/2
2025-05-02 02:30:11,index,21.210000038147,4676.0,TheEmptinessMachine,CUBIC,Dynamic,HTTP/2
2025-05-02 02:30:13,index,23.210000038147,4676.0,TheEmptinessMachine,CUBIC,Dynamic,HTTP/2
2025-05-02 02:30:15,index,25.210000038147,4676.0,TheEmptinessMachine,CUBIC,Dynamic,HTTP/2
2025-05-02 02:30:17,index,27.210000038147,4676.0,TheEmptinessMachine,CUBIC,Dynamic,HTTP/2
2025-05-02 02:30:19,index,29.210000038147,13308.0,TheEmptinessMachine,CUBIC,Dynamic,HTTP/2
2025-05-02 02:30:21,index,31.210000038147,13308.0,TheEmptinessMachine,CUBIC,Dynamic,HTTP/2
2025-05-02 02:30:23,index,33.210000038147,13308.0,TheEmptinessMachine,CUBIC,Dynamic,HTTP/2
2025-05-02 02:30:25,index,35.210000038147,13308.0,TheEmptinessMachine,CUBIC,Dynamic,HTTP/2
2025-05-02 02:30:27,index,37.2109999656677,13308.0,TheEmptinessMachine,CUBIC,Dynamic,HTTP/2
2025-05-02 02:30:29,index,39.210000038147,13308.0,TheEmptinessMachine,CUBIC,Dynamic,HTTP/2
2025-05-02 02:30:31,index,41.210000038147,13308.0,TheEmptinessMachine,CUBIC,Dynamic,HTTP/2
2025-05-02 02:30:33,index,43.210000038147,13308.0,TheEmptinessMachine,CUBIC,Dynamic,HTTP/2
2025-05-02 02:30:35,index,45.210000038147,1499.0,TheEmptinessMachine,CUBIC,Dynamic,HTTP/2
2025-05-02 02:30:37,index,47.2109999656677,1499.0,TheEmptinessMachine,CUBIC,Dynamic,HTTP/2
2025-05-02 02:30:39,index,49.2109999656677,1499.0,TheEmptinessMachine,CUBIC,Dynamic,HTTP/2
2025-05-02 02:30:41,index,51.210000038147,1499.0,TheEmptinessMachine,CUBIC,Dynamic,HTTP/2
2025-05-02 02:30:43,index,53.210000038147,1499.0,TheEmptinessMachine,CUBIC,Dynamic,HTTP/2
2025-05-02 02:30:45,index,55.2109999656677,1499.0,TheEmptinessMachine,CUBIC,Dynamic,HTTP/2
2025-05-02 02:30:47,index,57.210000038147,4676.0,TheEmptinessMachine,CUBIC,Dynamic,HTTP/2
2025-05-02 02:30:49,index,59.210000038147,8631.0,TheEmptinessMachine,CUBIC,Dynamic,HTTP/2
2025-05-02 02:30:51,index,61.210000038147,8631.0,TheEmptinessMachine,CUBIC,Dynamic,HTTP/2
2025-05-02 02:30:53,index,63.210000038147,13308.0,TheEmptinessMachine,CUBIC,Dynamic,HTTP/2
2025-05-02 02:30:55,index,65.210000038147,13308.0,TheEmptinessMachine,CUBIC,Dynamic,HTTP/2
2025-05-02 02:30:57,index,67.210000038147,13308.0,TheEmptinessMachine,CUBIC,Dynamic,HTTP/2
2025-05-02 02:30:59,index,69.210000038147,13308.0,TheEmptinessMachine,CUBIC,Dynamic,HTTP/2
2025-05-02 02:31:01,index,71.210000038147,4692.0,TheEmptinessMachine,CUBIC,Dynamic,HTTP/2
2025-05-02 02:31:03,index,73.2109999656677,13308.0,TheEmptinessMachine,CUBIC,Dynamic,HTTP/2
2025-05-02 02:31:05,index,75.210000038147,13308.0,TheEmptinessMachine,CUBIC,Dynamic,HTTP/2
2025-05-02 02:31:07,index,77.210000038147,13308.0,TheEmptinessMachine,CUBIC,Dynamic,HTTP/2
2025-05-02 02:31:09,index,79.210000038147,13308.0,TheEmptinessMachine,CUBIC,Dynamic,HTTP/2
2025-05-02 02:31:11,index,81.210000038147,13308.0,TheEmptinessMachine,CUBIC,Dynamic,HTTP/2
2025-05-02 02:31:13,index,83.210000038147,13308.0,TheEmptinessMachine,CUBIC,Dynamic,HTTP/2
2025-05-02 02:31:15,index,85.210000038147,13308.0,TheEmptinessMachine,CUBIC,Dynamic,HTTP/2
2025-05-02 02:31:17,index,87.210000038147,13308.0,TheEmptinessMachine,CUBIC,Dynamic,HTTP/2
2025-05-02 02:31:19,index,89.2109999656677,13308.0,TheEmptinessMachine,CUBIC,Dynamic,HTTP/2
2025-05-02 02:31:21,index,91.210000038147,13308.0,TheEmptinessMachine,CUBIC,Dynamic,HTTP/2
2025-05-02 02:31:23,index,93.2109999656677,13308.0,TheEmptinessMachine,CUBIC,Dynamic,HTTP/2
2025-05-02 02:31:25,index,95.210000038147,13308.0,TheEmptinessMachine,CUBIC,Dynamic,HTTP/2
2025-05-02 02:31:27,index,97.210000038147,13308.0,TheEmptinessMachine,CUBIC,Dynamic,HTTP/2
2025-05-02 02:31:29,index,99.210000038147,13308.0,TheEmptinessMachine,CUBIC,Dynamic,HTTP/2
2025-05-02 02:31:31,index,101.210000038147,13308.0,TheEmptinessMachine,CUBIC,Dynamic,HTTP/2
2025-05-02 02:31:33,index,103.210000038147,13308.0,TheEmptinessMachine,CUBIC,Dynamic,HTTP/2
2025-05-02 02:31:35,index,105.210000038147,13308.0,TheEmptinessMachine,CUBIC,Dynamic,HTTP/2
2025-05-02 02:31:37,index,107.210000038147,13308.0,TheEmptinessMachine,CUBIC,Dynamic,HTTP/2
2025-05-02 02:31:39,index,109.212000131607,13308.0,TheEmptinessMachine,CUBIC,Dynamic,HTTP/2
2025-05-02 02:31:41,index,111.212000131607,13308.0,TheEmptinessMachine,CUBIC,Dynamic,HTTP/2
2025-05-02 02:31:43,index,113.210999965668,13308.0,TheEmptinessMachine,CUBIC,Dynamic,HTTP/2
2025-05-02 02:31:45,index,115.210000038147,13308.0,TheEmptinessMachine,CUBIC,Dynamic,HTTP/2
2025-05-02 02:31:47,index,117.210000038147,13308.0,TheEmptinessMachine,CUBIC,Dynamic,HTTP/2
2025-05-02 02:31:49,index,119.210000038147,13308.0,TheEmptinessMachine,CUBIC,Dynamic,HTTP/2
2025-05-02 02:31:51,index,121.210000038147,13308.0,TheEmptinessMachine,CUBIC,Dynamic,HTTP/2
2025-05-02 02:31:54,index,123.210000038147,13308.0,TheEmptinessMachine,CUBIC,Dynamic,HTTP/2
2025-05-02 02:31:57,index,127.210000038147,8631.0,TheEmptinessMachine,CUBIC,Dynamic,HTTP/2
2025-05-02 02:31:59,index,129.210000038147,8631.0,TheEmptinessMachine,CUBIC,Dynamic,HTTP/2
2025-05-02 02:32:01,index,131.210000038147,8631.0,TheEmptinessMachine,CUBIC,Dynamic,HTTP/2
2025-05-02 02:32:03,index,133.210000038147,8631.0,TheEmptinessMachine,CUBIC,Dynamic,HTTP/2
2025-05-02 02:32:05,index,135.210000038147,13308.0,TheEmptinessMachine,CUBIC,Dynamic,HTTP/2
2025-05-02 02:32:07,index,137.210000038147,13308.0,TheEmptinessMachine,CUBIC,Dynamic,HTTP/2
2025-05-02 02:32:09,index,139.210000038147,13308.0,TheEmptinessMachine,CUBIC,Dynamic,HTTP/2
2025-05-02 02:32:11,index,141.210000038147,13308.0,TheEmptinessMachine,CUBIC,Dynamic,HTTP/2
2025-05-02 02:32:13,index,143.210000038147,13308.0,TheEmptinessMachine,CUBIC,Dynamic,HTTP/2
2025-05-02 02:32:15,index,145.210000038147,13308.0,TheEmptinessMachine,CUBIC,Dynamic,HTTP/2
2025-05-02 02:32:17,index,147.210000038147,13308.0,TheEmptinessMachine,CUBIC,Dynamic,HTTP/2
2025-05-02 02:32:19,index,149.210000038147,13308.0,TheEmptinessMachine,CUBIC,Dynamic,HTTP/2
2025-05-02 02:32:21,index,151.210000038147,13308.0,TheEmptinessMachine,CUBIC,Dynamic,HTTP/2
2025-05-02 02:32:23,index,153.210000038147,13308.0,TheEmptinessMachine,CUBIC,Dynamic,HTTP/2
2025-05-02 02:32:25,index,155.210000038147,13308.0,TheEmptinessMachine,CUBIC,Dynamic,HTTP/2
2025-05-02 02:32:27,index,157.210000038147,13308.0,TheEmptinessMachine,CUBIC,Dynamic,HTTP/2
2025-05-02 02:32:29,index,159.210000038147,13308.0,TheEmptinessMachine,CUBIC,Dynamic,HTTP/2
2025-05-02 02:32:31,index,161.210000038147,13308.0,TheEmptinessMachine,CUBIC,Dynamic,HTTP/2
2025-05-02 02:32:33,index,163.210000038147,13308.0,TheEmptinessMachine,CUBIC,Dynamic,HTTP/2
2025-05-02 02:32:35,index,165.210000038147,13308.0,TheEmptinessMachine,CUBIC,Dynamic,HTTP/2
2025-05-02 02:32:37,index,167.210000038147,13308.0,TheEmptinessMachine,CUBIC,Dynamic,HTTP/2
2025-05-02 02:32:39,index,169.210000038147,13308.0,TheEmptinessMachine,CUBIC,Dynamic,HTTP/2
2025-05-02 02:32:44,index,174.210000038147,13308.0,TheEmptinessMachine,CUBIC,Dynamic,HTTP/2
2025-05-02 02:32:47,index,176.464999914169,13308.0,TheEmptinessMachine,CUBIC,Dynamic,HTTP/2
2025-05-02 02:32:48,index,178.210000038147,13308.0,TheEmptinessMachine,CUBIC,Dynamic,HTTP/2
2025-05-02 02:32:50,index,180.210000038147,13308.0,TheEmptinessMachine,CUBIC,Dynamic,HTTP/2
2025-05-02 02:32:52,index,182.210000038147,13308.0,TheEmptinessMachine,CUBIC,Dynamic,HTTP/2
2025-05-02 02:32:54,index,184.210999965668,1767.0,TheEmptinessMachine,CUBIC,Dynamic,HTTP/2
2025-05-02 02:32:56,index,186.210000038147,1767.0,TheEmptinessMachine,CUBIC,Dynamic,HTTP/2
2025-05-02 02:32:58,index,188.210000038147,1767.0,TheEmptinessMachine,CUBIC,Dynamic,HTTP/2
2025-05-02 02:33:00,index,190.210000038147,1767.0,TheEmptinessMachine,CUBIC,Dynamic,HTTP/2
2025-05-02 02:33:02,index,192.210000038147,1767.0,TheEmptinessMachine,CUBIC,Dynamic,HTTP/2
2025-05-02 02:33:04,index,194.210000038147,1767.0,TheEmptinessMachine,CUBIC,Dynamic,HTTP/2
2025-05-02 02:33:06,index,196.210000038147,8631.0,TheEmptinessMachine,CUBIC,Dynamic,HTTP/2
2025-05-02 02:33:08,index,198.210000038147,8631.0,TheEmptinessMachine,CUBIC,Dynamic,HTTP/2
2025-05-02 02:33:10,index,200.210000038147,8631.0,TheEmptinessMachine,CUBIC,Dynamic,HTTP/2
2025-05-02 02:33:12,index,202.210000038147,8631.0,TheEmptinessMachine,CUBIC,Dynamic,HTTP/2
2025-05-02 02:33:14,index,204.210000038147,8631.0,TheEmptinessMachine,CUBIC,Dynamic,HTTP/2
2025-05-02 02:33:16,index,206.210000038147,8631.0,TheEmptinessMachine,CUBIC,Dynamic,HTTP/2
2025-05-02 02:33:18,index,208.210000038147,8631.0,TheEmptinessMachine,CUBIC,Dynamic,HTTP/2
2025-05-02 02:33:20,index,210.22000002861,8631.0,TheEmptinessMachine,CUBIC,Dynamic,HTTP/2
2025-05-02 02:33:22,index,212.210000038147,8631.0,TheEmptinessMachine,CUBIC,Dynamic,HTTP/2
2025-05-02 02:33:45,index,1.2260000705719,8631.0,TheEmptinessMachine,CUBIC,Dynamic,HTTP/3
2025-05-02 02:33:47,index,3.22499990463257,8631.0,TheEmptinessMachine,CUBIC,Dynamic,HTTP/3
2025-05-02 02:33:49,index,5.22499990463257,980.0,TheEmptinessMachine,CUBIC,Dynamic,HTTP/3
2025-05-02 02:33:51,index,7.22399997711182,980.0,TheEmptinessMachine,CUBIC,Dynamic,HTTP/3
2025-05-02 02:33:53,index,9.22499990463257,980.0,TheEmptinessMachine,CUBIC,Dynamic,HTTP/3
2025-05-02 02:33:55,index,11.2249999046326,980.0,TheEmptinessMachine,CUBIC,Dynamic,HTTP/3
2025-05-02 02:33:57,index,13.2239999771118,980.0,TheEmptinessMachine,CUBIC,Dynamic,HTTP/3
2025-05-02 02:33:59,index,15.2249999046326,4676.0,TheEmptinessMachine,CUBIC,Dynamic,HTTP/3
2025-05-02 02:34:01,index,17.2249999046326,8631.0,TheEmptinessMachine,CUBIC,Dynamic,HTTP/3
2025-05-02 02:34:03,index,19.2249999046326,8631.0,TheEmptinessMachine,CUBIC,Dynamic,HTTP/3
2025-05-02 02:34:05,index,21.2239999771118,8631.0,TheEmptinessMachine,CUBIC,Dynamic,HTTP/3
2025-05-02 02:34:07,index,23.2249999046326,8631.0,TheEmptinessMachine,CUBIC,Dynamic,HTTP/3
2025-05-02 02:34:09,index,25.2249999046326,8631.0,TheEmptinessMachine,CUBIC,Dynamic,HTTP/3
2025-05-02 02:34:11,index,27.2249999046326,8631.0,TheEmptinessMachine,CUBIC,Dynamic,HTTP/3
2025-05-02 02:34:13,index,29.2249999046326,13308.0,TheEmptinessMachine,CUBIC,Dynamic,HTTP/3
2025-05-02 02:34:15,index,31.2249999046326,13308.0,TheEmptinessMachine,CUBIC,Dynamic,HTTP/3
2025-05-02 02:34:17,index,33.2249999046326,13308.0,TheEmptinessMachine,CUBIC,Dynamic,HTTP/3
2025-05-02 02:34:19,index,35.2249999046326,13308.0,TheEmptinessMachine,CUBIC,Dynamic,HTTP/3
2025-05-02 02:34:21,index,37.2249999046326,13308.0,TheEmptinessMachine,CUBIC,Dynamic,HTTP/3
2025-05-02 02:34:23,index,39.2239999771118,13308.0,TheEmptinessMachine,CUBIC,Dynamic,HTTP/3
2025-05-02 02:34:25,index,41.2239999771118,13308.0,TheEmptinessMachine,CUBIC,Dynamic,HTTP/3
2025-05-02 02:34:27,index,43.2239999771118,4676.0,TheEmptinessMachine,CUBIC,Dynamic,HTTP/3
2025-05-02 02:34:29,index,45.2249999046326,13308.0,TheEmptinessMachine,CUBIC,Dynamic,HTTP/3
2025-05-02 02:34:31,index,47.2249999046326,2974.0,TheEmptinessMachine,CUBIC,Dynamic,HTTP/3
2025-05-02 02:34:33,index,49.2249999046326,8631.0,TheEmptinessMachine,CUBIC,Dynamic,HTTP/3
2025-05-02 02:34:37,index,53.2239999771118,4676.0,TheEmptinessMachine,CUBIC,Dynamic,HTTP/3
2025-05-02 02:34:39,index,55.2249999046326,8631.0,TheEmptinessMachine,CUBIC,Dynamic,HTTP/3
2025-05-02 02:34:41,index,57.2239999771118,1767.0,TheEmptinessMachine,CUBIC,Dynamic,HTTP/3
2025-05-02 02:34:43,index,59.2249999046326,4676.0,TheEmptinessMachine,CUBIC,Dynamic,HTTP/3
2025-05-02 02:34:45,index,61.2249999046326,4676.0,TheEmptinessMachine,CUBIC,Dynamic,HTTP/3
2025-05-02 02:34:47,index,63.2239999771118,4676.0,TheEmptinessMachine,CUBIC,Dynamic,HTTP/3
2025-05-02 02:34:49,index,65.2239999771118,4676.0,TheEmptinessMachine,CUBIC,Dynamic,HTTP/3
2025-05-02 02:34:51,index,67.2249999046326,4676.0,TheEmptinessMachine,CUBIC,Dynamic,HTTP/3
2025-05-02 02:34:53,index,69.2239999771118,3486.0,TheEmptinessMachine,CUBIC,Dynamic,HTTP/3
2025-05-02 02:34:55,index,71.2249999046326,3486.0,TheEmptinessMachine,CUBIC,Dynamic,HTTP/3
2025-05-02 02:34:57,index,73.2239999771118,3486.0,TheEmptinessMachine,CUBIC,Dynamic,HTTP/3
2025-05-02 02:34:59,index,75.2249999046326,3486.0,TheEmptinessMachine,CUBIC,Dynamic,HTTP/3
2025-05-02 02:35:01,index,77.2249999046326,3486.0,TheEmptinessMachine,CUBIC,Dynamic,HTTP/3
2025-05-02 02:35:03,index,79.2249999046326,3486.0,TheEmptinessMachine,CUBIC,Dynamic,HTTP/3
2025-05-02 02:35:05,index,81.2249999046326,3486.0,TheEmptinessMachine,CUBIC,Dynamic,HTTP/3
2025-05-02 02:35:07,index,83.2239999771118,13308.0,TheEmptinessMachine,CUBIC,Dynamic,HTTP/3
2025-05-02 02:35:09,index,85.2249999046326,13308.0,TheEmptinessMachine,CUBIC,Dynamic,HTTP/3
2025-05-02 02:35:11,index,87.2249999046326,13308.0,TheEmptinessMachine,CUBIC,Dynamic,HTTP/3
2025-05-02 02:35:13,index,89.2249999046326,13308.0,TheEmptinessMachine,CUBIC,Dynamic,HTTP/3
2025-05-02 02:35:15,index,91.2249999046326,13308.0,TheEmptinessMachine,CUBIC,Dynamic,HTTP/3
2025-05-02 02:35:17,index,93.2249999046326,13308.0,TheEmptinessMachine,CUBIC,Dynamic,HTTP/3
2025-05-02 02:35:19,index,95.2239999771118,13308.0,TheEmptinessMachine,CUBIC,Dynamic,HTTP/3
2025-05-02 02:35:21,index,97.2239999771118,13308.0,TheEmptinessMachine,CUBIC,Dynamic,HTTP/3
2025-05-02 02:35:23,index,99.2290000915527,13308.0,TheEmptinessMachine,CUBIC,Dynamic,HTTP/3
2025-05-02 02:35:25,index,101.223999977112,13308.0,TheEmptinessMachine,CUBIC,Dynamic,HTTP/3
2025-05-02 02:35:27,index,103.226000070572,13308.0,TheEmptinessMachine,CUBIC,Dynamic,HTTP/3
2025-05-02 02:35:29,index,105.224999904633,13308.0,TheEmptinessMachine,CUBIC,Dynamic,HTTP/3
2025-05-02 02:35:31,index,107.224999904633,13308.0,TheEmptinessMachine,CUBIC,Dynamic,HTTP/3
2025-05-02 02:35:33,index,109.224999904633,13308.0,TheEmptinessMachine,CUBIC,Dynamic,HTTP/3
2025-05-02 02:35:35,index,111.224999904633,13308.0,TheEmptinessMachine,CUBIC,Dynamic,HTTP/3
2025-05-02 02:35:37,index,113.224999904633,13308.0,TheEmptinessMachine,CUBIC,Dynamic,HTTP/3
2025-05-02 02:35:39,index,115.223999977112,13308.0,TheEmptinessMachine,CUBIC,Dynamic,HTTP/3
2025-05-02 02:35:41,index,117.224999904633,13308.0,TheEmptinessMachine,CUBIC,Dynamic,HTTP/3
2025-05-02 02:35:43,index,119.224999904633,13308.0,TheEmptinessMachine,CUBIC,Dynamic,HTTP/3
2025-05-02 02:35:45,index,121.224999904633,13308.0,TheEmptinessMachine,CUBIC,Dynamic,HTTP/3
2025-05-02 02:35:47,index,123.224999904633,13308.0,TheEmptinessMachine,CUBIC,Dynamic,HTTP/3
2025-05-02 02:35:49,index,125.224999904633,13308.0,TheEmptinessMachine,CUBIC,Dynamic,HTTP/3
2025-05-02 02:35:51,index,127.224999904633,13308.0,TheEmptinessMachine,CUBIC,Dynamic,HTTP/3
2025-05-02 02:35:53,index,129.223999977112,13308.0,TheEmptinessMachine,CUBIC,Dynamic,HTTP/3
2025-05-02 02:35:55,index,131.224999904633,13308.0,TheEmptinessMachine,CUBIC,Dynamic,HTTP/3
2025-05-02 02:35:57,index,133.224999904633,13308.0,TheEmptinessMachine,CUBIC,Dynamic,HTTP/3
2025-05-02 02:35:59,index,135.224999904633,13308.0,TheEmptinessMachine,CUBIC,Dynamic,HTTP/3
2025-05-02 02:36:01,index,137.224999904633,13308.0,TheEmptinessMachine,CUBIC,Dynamic,HTTP/3
2025-05-02 02:36:03,index,139.223999977112,13308.0,TheEmptinessMachine,CUBIC,Dynamic,HTTP/3
2025-05-02 02:36:06,index,141.614000082016,13308.0,TheEmptinessMachine,CUBIC,Dynamic,HTTP/3
2025-05-02 02:36:07,index,143.223999977112,13308.0,TheEmptinessMachine,CUBIC,Dynamic,HTTP/3
2025-05-02 02:36:09,index,145.224999904633,13308.0,TheEmptinessMachine,CUBIC,Dynamic,HTTP/3
2025-05-02 02:36:11,index,147.224999904633,13308.0,TheEmptinessMachine,CUBIC,Dynamic,HTTP/3
2025-05-02 02:36:13,index,149.224999904633,13308.0,TheEmptinessMachine,CUBIC,Dynamic,HTTP/3
2025-05-02 02:36:15,index,151.233999967575,13308.0,TheEmptinessMachine,CUBIC,Dynamic,HTTP/3
2025-05-02 02:36:17,index,153.224999904633,13308.0,TheEmptinessMachine,CUBIC,Dynamic,HTTP/3
2025-05-02 02:36:19,index,155.224999904633,13308.0,TheEmptinessMachine,CUBIC,Dynamic,HTTP/3
2025-05-02 02:36:22,index,157.769999980927,13308.0,TheEmptinessMachine,CUBIC,Dynamic,HTTP/3
2025-05-02 02:36:23,index,159.223999977112,13308.0,TheEmptinessMachine,CUBIC,Dynamic,HTTP/3
2025-05-02 02:36:25,index,161.224999904633,13308.0,TheEmptinessMachine,CUBIC,Dynamic,HTTP/3
2025-05-02 02:36:27,index,163.223999977112,13308.0,TheEmptinessMachine,CUBIC,Dynamic,HTTP/3
2025-05-02 02:36:29,index,165.224999904633,13308.0,TheEmptinessMachine,CUBIC,Dynamic,HTTP/3
2025-05-02 02:36:31,index,167.223999977112,13308.0,TheEmptinessMachine,CUBIC,Dynamic,HTTP/3
2025-05-02 02:36:33,index,169.226000070572,13308.0,TheEmptinessMachine,CUBIC,Dynamic,HTTP/3
2025-05-02 02:36:36,index,171.31299996376,13308.0,TheEmptinessMachine,CUBIC,Dynamic,HTTP/3
2025-05-02 02:36:40,index,175.629999876022,13308.0,TheEmptinessMachine,CUBIC,Dynamic,HTTP/3
2025-05-02 02:36:41,index,177.224999904633,8631.0,TheEmptinessMachine,CUBIC,Dynamic,HTTP/3
2025-05-02 02:36:43,index,179.224999904633,8631.0,TheEmptinessMachine,CUBIC,Dynamic,HTTP/3
2025-05-02 02:36:45,index,181.224999904633,13308.0,TheEmptinessMachine,CUBIC,Dynamic,HTTP/3
2025-05-02 02:36:47,index,183.224999904633,13308.0,TheEmptinessMachine,CUBIC,Dynamic,HTTP/3
2025-05-02 02:36:49,index,185.224999904633,13308.0,TheEmptinessMachine,CUBIC,Dynamic,HTTP/3
2025-05-02 02:36:51,index,187.224999904633,13308.0,TheEmptinessMachine,CUBIC,Dynamic,HTTP/3
2025-05-02 02:36:53,index,189.223999977112,13308.0,TheEmptinessMachine,CUBIC,Dynamic,HTTP/3
2025-05-02 02:36:55,index,191.223999977112,13308.0,TheEmptinessMachine,CUBIC,Dynamic,HTTP/3
2025-05-02 02:36:57,index,193.223999977112,13308.0,TheEmptinessMachine,CUBIC,Dynamic,HTTP/3
2025-05-02 02:36:59,index,195.224999904633,13308.0,TheEmptinessMachine,CUBIC,Dynamic,HTTP/3
2025-05-02 02:37:01,index,197.224999904633,13308.0,TheEmptinessMachine,CUBIC,Dynamic,HTTP/3
2025-05-02 02:37:03,index,199.224999904633,13308.0,TheEmptinessMachine,CUBIC,Dynamic,HTTP/3
2025-05-02 02:37:05,index,201.224999904633,13308.0,TheEmptinessMachine,CUBIC,Dynamic,HTTP/3
2025-05-02 02:37:07,index,203.226999998093,13308.0,TheEmptinessMachine,CUBIC,Dynamic,HTTP/3
2025-05-02 02:37:09,index,205.224999904633,13308.0,TheEmptinessMachine,CUBIC,Dynamic,HTTP/3
2025-05-02 02:37:11,index,207.224999904633,13308.0,TheEmptinessMachine,CUBIC,Dynamic,HTTP/3
2025-05-02 02:37:13,index,209.224999904633,13308.0,TheEmptinessMachine,CUBIC,Dynamic,HTTP/3
2025-05-02 02:37:15,index,211.224999904633,13308.0,TheEmptinessMachine,CUBIC,Dynamic,HTTP/3
2025-05-02 02:37:39,index,1.23600006103516,13308.0,TheEmptinessMachine,CUBIC,Bola,HTTP/1.1
2025-05-02 02:37:41,index,3.23600006103516,13308.0,TheEmptinessMachine,CUBIC,Bola,HTTP/1.1
2025-05-02 02:37:43,index,5.2350001335144,13308.0,TheEmptinessMachine,CUBIC,Bola,HTTP/1.1
2025-05-02 02:37:45,index,7.2350001335144,13308.0,TheEmptinessMachine,CUBIC,Bola,HTTP/1.1
2025-05-02 02:37:47,index,9.2350001335144,13308.0,TheEmptinessMachine,CUBIC,Bola,HTTP/1.1
2025-05-02 02:37:49,index,11.2360000610352,13308.0,TheEmptinessMachine,CUBIC,Bola,HTTP/1.1
2025-05-02 02:37:51,index,13.2350001335144,13308.0,TheEmptinessMachine,CUBIC,Bola,HTTP/1.1
2025-05-02 02:37:53,index,15.2350001335144,13308.0,TheEmptinessMachine,CUBIC,Bola,HTTP/1.1
2025-05-02 02:37:55,index,17.2350001335144,13308.0,TheEmptinessMachine,CUBIC,Bola,HTTP/1.1
2025-05-02 02:37:57,index,19.2360000610352,13308.0,TheEmptinessMachine,CUBIC,Bola,HTTP/1.1
2025-05-02 02:37:59,index,21.2350001335144,13308.0,TheEmptinessMachine,CUBIC,Bola,HTTP/1.1
2025-05-02 02:38:01,index,23.2350001335144,13308.0,TheEmptinessMachine,CUBIC,Bola,HTTP/1.1
2025-05-02 02:38:03,index,25.2350001335144,13308.0,TheEmptinessMachine,CUBIC,Bola,HTTP/1.1
2025-05-02 02:38:05,index,27.2350001335144,13308.0,TheEmptinessMachine,CUBIC,Bola,HTTP/1.1
2025-05-02 02:38:07,index,29.2350001335144,13308.0,TheEmptinessMachine,CUBIC,Bola,HTTP/1.1
2025-05-02 02:38:09,index,31.2350001335144,13308.0,TheEmptinessMachine,CUBIC,Bola,HTTP/1.1
2025-05-02 02:38:11,index,33.2369999885559,13308.0,TheEmptinessMachine,CUBIC,Bola,HTTP/1.1
2025-05-02 02:38:13,index,35.2350001335144,13308.0,TheEmptinessMachine,CUBIC,Bola,HTTP/1.1
2025-05-02 02:38:15,index,37.2350001335144,13308.0,TheEmptinessMachine,CUBIC,Bola,HTTP/1.1
2025-05-02 02:38:17,index,39.2369999885559,13308.0,TheEmptinessMachine,CUBIC,Bola,HTTP/1.1
2025-05-02 02:38:19,index,41.2360000610352,13308.0,TheEmptinessMachine,CUBIC,Bola,HTTP/1.1
2025-05-02 02:38:21,index,43.2360000610352,13308.0,TheEmptinessMachine,CUBIC,Bola,HTTP/1.1
2025-05-02 02:38:23,index,45.2350001335144,13308.0,TheEmptinessMachine,CUBIC,Bola,HTTP/1.1
2025-05-02 02:38:25,index,47.2350001335144,13308.0,TheEmptinessMachine,CUBIC,Bola,HTTP/1.1
2025-05-02 02:38:27,index,49.2350001335144,13308.0,TheEmptinessMachine,CUBIC,Bola,HTTP/1.1
2025-05-02 02:38:29,index,51.2360000610352,13308.0,TheEmptinessMachine,CUBIC,Bola,HTTP/1.1
2025-05-02 02:38:31,index,53.2360000610352,13308.0,TheEmptinessMachine,CUBIC,Bola,HTTP/1.1
2025-05-02 02:38:33,index,55.2350001335144,13308.0,TheEmptinessMachine,CUBIC,Bola,HTTP/1.1
2025-05-02 02:38:35,index,57.2350001335144,13308.0,TheEmptinessMachine,CUBIC,Bola,HTTP/1.1
2025-05-02 02:38:37,index,59.2350001335144,13308.0,TheEmptinessMachine,CUBIC,Bola,HTTP/1.1
2025-05-02 02:38:39,index,61.2350001335144,13308.0,TheEmptinessMachine,CUBIC,Bola,HTTP/1.1
2025-05-02 02:38:41,index,63.2360000610352,13308.0,TheEmptinessMachine,CUBIC,Bola,HTTP/1.1
2025-05-02 02:38:43,index,65.2350001335144,13308.0,TheEmptinessMachine,CUBIC,Bola,HTTP/1.1
2025-05-02 02:38:45,index,67.2350001335144,13308.0,TheEmptinessMachine,CUBIC,Bola,HTTP/1.1
2025-05-02 02:38:47,index,69.2360000610352,13308.0,TheEmptinessMachine,CUBIC,Bola,HTTP/1.1
2025-05-02 02:38:49,index,71.2440001964569,13308.0,TheEmptinessMachine,CUBIC,Bola,HTTP/1.1
2025-05-02 02:38:51,index,73.2350001335144,13308.0,TheEmptinessMachine,CUBIC,Bola,HTTP/1.1
2025-05-02 02:38:53,index,75.2350001335144,13308.0,TheEmptinessMachine,CUBIC,Bola,HTTP/1.1
2025-05-02 02:38:55,index,77.2350001335144,13308.0,TheEmptinessMachine,CUBIC,Bola,HTTP/1.1
2025-05-02 02:38:57,index,79.2350001335144,13308.0,TheEmptinessMachine,CUBIC,Bola,HTTP/1.1
2025-05-02 02:38:59,index,81.2350001335144,13308.0,TheEmptinessMachine,CUBIC,Bola,HTTP/1.1
2025-05-02 02:39:01,index,83.2350001335144,13308.0,TheEmptinessMachine,CUBIC,Bola,HTTP/1.1
2025-05-02 02:39:03,index,85.2350001335144,13308.0,TheEmptinessMachine,CUBIC,Bola,HTTP/1.1
2025-05-02 02:39:05,index,87.2360000610352,13308.0,TheEmptinessMachine,CUBIC,Bola,HTTP/1.1
2025-05-02 02:39:07,index,89.2360000610352,13308.0,TheEmptinessMachine,CUBIC,Bola,HTTP/1.1
2025-05-02 02:39:09,index,91.2350001335144,13308.0,TheEmptinessMachine,CUBIC,Bola,HTTP/1.1
2025-05-02 02:39:11,index,93.2350001335144,13308.0,TheEmptinessMachine,CUBIC,Bola,HTTP/1.1
2025-05-02 02:39:13,index,95.2350001335144,13308.0,TheEmptinessMachine,CUBIC,Bola,HTTP/1.1
2025-05-02 02:39:15,index,97.2350001335144,13308.0,TheEmptinessMachine,CUBIC,Bola,HTTP/1.1
2025-05-02 02:39:17,index,99.2350001335144,13308.0,TheEmptinessMachine,CUBIC,Bola,HTTP/1.1
2025-05-02 02:39:19,index,101.235000133514,13308.0,TheEmptinessMachine,CUBIC,Bola,HTTP/1.1
2025-05-02 02:39:21,index,103.236000061035,13308.0,TheEmptinessMachine,CUBIC,Bola,HTTP/1.1
2025-05-02 02:39:23,index,105.235000133514,13308.0,TheEmptinessMachine,CUBIC,Bola,HTTP/1.1
2025-05-02 02:39:25,index,107.236999988556,13308.0,TheEmptinessMachine,CUBIC,Bola,HTTP/1.1
2025-05-02 02:39:27,index,109.235000133514,13308.0,TheEmptinessMachine,CUBIC,Bola,HTTP/1.1
2025-05-02 02:39:29,index,111.236000061035,13308.0,TheEmptinessMachine,CUBIC,Bola,HTTP/1.1
2025-05-02 02:39:31,index,113.235000133514,13308.0,TheEmptinessMachine,CUBIC,Bola,HTTP/1.1
2025-05-02 02:39:33,index,115.235000133514,13308.0,TheEmptinessMachine,CUBIC,Bola,HTTP/1.1
2025-05-02 02:39:35,index,117.235000133514,13308.0,TheEmptinessMachine,CUBIC,Bola,HTTP/1.1
2025-05-02 02:39:37,index,119.235000133514,13308.0,TheEmptinessMachine,CUBIC,Bola,HTTP/1.1
2025-05-02 02:39:39,index,121.235000133514,13308.0,TheEmptinessMachine,CUBIC,Bola,HTTP/1.1
2025-05-02 02:39:41,index,123.235000133514,13308.0,TheEmptinessMachine,CUBIC,Bola,HTTP/1.1
2025-05-02 02:39:43,index,125.235000133514,13308.0,TheEmptinessMachine,CUBIC,Bola,HTTP/1.1
2025-05-02 02:39:45,index,127.235000133514,13308.0,TheEmptinessMachine,CUBIC,Bola,HTTP/1.1
2025-05-02 02:39:47,index,129.235000133514,13308.0,TheEmptinessMachine,CUBIC,Bola,HTTP/1.1
2025-05-02 02:39:49,index,131.235000133514,13308.0,TheEmptinessMachine,CUBIC,Bola,HTTP/1.1
2025-05-02 02:39:51,index,133.235000133514,13308.0,TheEmptinessMachine,CUBIC,Bola,HTTP/1.1
2025-05-02 02:39:53,index,135.239000082016,13308.0,TheEmptinessMachine,CUBIC,Bola,HTTP/1.1
2025-05-02 02:39:55,index,137.236000061035,13308.0,TheEmptinessMachine,CUBIC,Bola,HTTP/1.1
2025-05-02 02:39:57,index,139.238000154495,13308.0,TheEmptinessMachine,CUBIC,Bola,HTTP/1.1
2025-05-02 02:39:59,index,141.235000133514,13308.0,TheEmptinessMachine,CUBIC,Bola,HTTP/1.1
2025-05-02 02:40:01,index,143.236000061035,13308.0,TheEmptinessMachine,CUBIC,Bola,HTTP/1.1
2025-05-02 02:40:03,index,145.235000133514,13308.0,TheEmptinessMachine,CUBIC,Bola,HTTP/1.1
2025-05-02 02:40:05,index,147.236000061035,13308.0,TheEmptinessMachine,CUBIC,Bola,HTTP/1.1
2025-05-02 02:40:07,index,149.235000133514,13308.0,TheEmptinessMachine,CUBIC,Bola,HTTP/1.1
2025-05-02 02:40:09,index,151.235000133514,13308.0,TheEmptinessMachine,CUBIC,Bola,HTTP/1.1
2025-05-02 02:40:11,index,153.235000133514,13308.0,TheEmptinessMachine,CUBIC,Bola,HTTP/1.1
2025-05-02 02:40:13,index,155.235000133514,13308.0,TheEmptinessMachine,CUBIC,Bola,HTTP/1.1
2025-05-02 02:40:15,index,157.235000133514,13308.0,TheEmptinessMachine,CUBIC,Bola,HTTP/1.1
2025-05-02 02:40:17,index,159.235000133514,13308.0,TheEmptinessMachine,CUBIC,Bola,HTTP/1.1
2025-05-02 02:40:19,index,161.235000133514,13308.0,TheEmptinessMachine,CUBIC,Bola,HTTP/1.1
2025-05-02 02:40:21,index,163.235000133514,13308.0,TheEmptinessMachine,CUBIC,Bola,HTTP/1.1
2025-05-02 02:40:23,index,165.235000133514,13308.0,TheEmptinessMachine,CUBIC,Bola,HTTP/1.1
2025-05-02 02:40:25,index,167.235000133514,13308.0,TheEmptinessMachine,CUBIC,Bola,HTTP/1.1
2025-05-02 02:40:27,index,169.235000133514,13308.0,TheEmptinessMachine,CUBIC,Bola,HTTP/1.1
2025-05-02 02:40:29,index,171.236000061035,13308.0,TheEmptinessMachine,CUBIC,Bola,HTTP/1.1
2025-05-02 02:40:31,index,173.235000133514,13308.0,TheEmptinessMachine,CUBIC,Bola,HTTP/1.1
2025-05-02 02:40:33,index,175.235000133514,13308.0,TheEmptinessMachine,CUBIC,Bola,HTTP/1.1
2025-05-02 02:40:35,index,177.235000133514,13308.0,TheEmptinessMachine,CUBIC,Bola,HTTP/1.1
2025-05-02 02:40:37,index,179.235000133514,13308.0,TheEmptinessMachine,CUBIC,Bola,HTTP/1.1
2025-05-02 02:40:39,index,181.235000133514,13308.0,TheEmptinessMachine,CUBIC,Bola,HTTP/1.1
2025-05-02 02:40:41,index,183.236000061035,13308.0,TheEmptinessMachine,CUBIC,Bola,HTTP/1.1
2025-05-02 02:40:43,index,185.236000061035,13308.0,TheEmptinessMachine,CUBIC,Bola,HTTP/1.1
2025-05-02 02:40:45,index,187.236000061035,13308.0,TheEmptinessMachine,CUBIC,Bola,HTTP/1.1
2025-05-02 02:40:47,index,189.235000133514,13308.0,TheEmptinessMachine,CUBIC,Bola,HTTP/1.1
2025-05-02 02:40:49,index,191.235000133514,13308.0,TheEmptinessMachine,CUBIC,Bola,HTTP/1.1
2025-05-02 02:40:51,index,193.235000133514,13308.0,TheEmptinessMachine,CUBIC,Bola,HTTP/1.1
2025-05-02 02:40:53,index,195.236000061035,13308.0,TheEmptinessMachine,CUBIC,Bola,HTTP/1.1
2025-05-02 02:40:55,index,197.236000061035,13308.0,TheEmptinessMachine,CUBIC,Bola,HTTP/1.1
2025-05-02 02:40:57,index,199.236999988556,13308.0,TheEmptinessMachine,CUBIC,Bola,HTTP/1.1
2025-05-02 02:40:59,index,201.235000133514,13308.0,TheEmptinessMachine,CUBIC,Bola,HTTP/1.1
2025-05-02 02:41:01,index,203.235000133514,13308.0,TheEmptinessMachine,CUBIC,Bola,HTTP/1.1
2025-05-02 02:41:03,index,205.236000061035,13308.0,TheEmptinessMachine,CUBIC,Bola,HTTP/1.1
2025-05-02 02:41:05,index,207.236000061035,13308.0,TheEmptinessMachine,CUBIC,Bola,HTTP/1.1
2025-05-02 02:41:33,index,1.21499991416931,13308.0,TheEmptinessMachine,CUBIC,Bola,HTTP/2
2025-05-02 02:41:35,index,3.21399998664856,13308.0,TheEmptinessMachine,CUBIC,Bola,HTTP/2
2025-05-02 02:41:37,index,5.21399998664856,13308.0,TheEmptinessMachine,CUBIC,Bola,HTTP/2
2025-05-02 02:41:39,index,7.21399998664856,13308.0,TheEmptinessMachine,CUBIC,Bola,HTTP/2
2025-05-02 02:41:41,index,9.21399998664856,13308.0,TheEmptinessMachine,CUBIC,Bola,HTTP/2
2025-05-02 02:41:43,index,11.2139999866486,13308.0,TheEmptinessMachine,CUBIC,Bola,HTTP/2
2025-05-02 02:41:45,index,13.2139999866486,13308.0,TheEmptinessMachine,CUBIC,Bola,HTTP/2
2025-05-02 02:41:47,index,15.2139999866486,13308.0,TheEmptinessMachine,CUBIC,Bola,HTTP/2
2025-05-02 02:41:49,index,17.2139999866486,13308.0,TheEmptinessMachine,CUBIC,Bola,HTTP/2
2025-05-02 02:41:51,index,19.2139999866486,13308.0,TheEmptinessMachine,CUBIC,Bola,HTTP/2
2025-05-02 02:41:53,index,21.2139999866486,13308.0,TheEmptinessMachine,CUBIC,Bola,HTTP/2
2025-05-02 02:41:55,index,23.2139999866486,13308.0,TheEmptinessMachine,CUBIC,Bola,HTTP/2
2025-05-02 02:41:57,index,25.2139999866486,13308.0,TheEmptinessMachine,CUBIC,Bola,HTTP/2
2025-05-02 02:41:59,index,27.2149999141693,13308.0,TheEmptinessMachine,CUBIC,Bola,HTTP/2
2025-05-02 02:42:01,index,29.2139999866486,13308.0,TheEmptinessMachine,CUBIC,Bola,HTTP/2
2025-05-02 02:42:03,index,31.2139999866486,13308.0,TheEmptinessMachine,CUBIC,Bola,HTTP/2
2025-05-02 02:42:05,index,33.2139999866486,13308.0,TheEmptinessMachine,CUBIC,Bola,HTTP/2
2025-05-02 02:42:07,index,35.2139999866486,13308.0,TheEmptinessMachine,CUBIC,Bola,HTTP/2
2025-05-02 02:42:09,index,37.2139999866486,13308.0,TheEmptinessMachine,CUBIC,Bola,HTTP/2
2025-05-02 02:42:11,index,39.2139999866486,13308.0,TheEmptinessMachine,CUBIC,Bola,HTTP/2
2025-05-02 02:42:13,index,41.2139999866486,13308.0,TheEmptinessMachine,CUBIC,Bola,HTTP/2
2025-05-02 02:42:15,index,43.2139999866486,13308.0,TheEmptinessMachine,CUBIC,Bola,HTTP/2
2025-05-02 02:42:17,index,45.2139999866486,13308.0,TheEmptinessMachine,CUBIC,Bola,HTTP/2
2025-05-02 02:42:19,index,47.2139999866486,13308.0,TheEmptinessMachine,CUBIC,Bola,HTTP/2
2025-05-02 02:42:21,index,49.2139999866486,13308.0,TheEmptinessMachine,CUBIC,Bola,HTTP/2
2025-05-02 02:42:23,index,51.2139999866486,13308.0,TheEmptinessMachine,CUBIC,Bola,HTTP/2
2025-05-02 02:42:25,index,53.2139999866486,13308.0,TheEmptinessMachine,CUBIC,Bola,HTTP/2
2025-05-02 02:42:27,index,55.2139999866486,13308.0,TheEmptinessMachine,CUBIC,Bola,HTTP/2
2025-05-02 02:42:29,index,57.2139999866486,13308.0,TheEmptinessMachine,CUBIC,Bola,HTTP/2
2025-05-02 02:42:31,index,59.2139999866486,13308.0,TheEmptinessMachine,CUBIC,Bola,HTTP/2
2025-05-02 02:42:33,index,61.2149999141693,13308.0,TheEmptinessMachine,CUBIC,Bola,HTTP/2
2025-05-02 02:42:35,index,63.2139999866486,13308.0,TheEmptinessMachine,CUBIC,Bola,HTTP/2
2025-05-02 02:42:37,index,65.2139999866486,13308.0,TheEmptinessMachine,CUBIC,Bola,HTTP/2
2025-05-02 02:42:39,index,67.2139999866486,13308.0,TheEmptinessMachine,CUBIC,Bola,HTTP/2
2025-05-02 02:42:41,index,69.2139999866486,13308.0,TheEmptinessMachine,CUBIC,Bola,HTTP/2
2025-05-02 02:42:43,index,71.2139999866486,13308.0,TheEmptinessMachine,CUBIC,Bola,HTTP/2
2025-05-02 02:42:45,index,73.2149999141693,13308.0,TheEmptinessMachine,CUBIC,Bola,HTTP/2
2025-05-02 02:42:47,index,75.2139999866486,13308.0,TheEmptinessMachine,CUBIC,Bola,HTTP/2
2025-05-02 02:42:49,index,77.2139999866486,13308.0,TheEmptinessMachine,CUBIC,Bola,HTTP/2
2025-05-02 02:42:51,index,79.2139999866486,13308.0,TheEmptinessMachine,CUBIC,Bola,HTTP/2
2025-05-02 02:42:53,index,81.2139999866486,13308.0,TheEmptinessMachine,CUBIC,Bola,HTTP/2
2025-05-02 02:42:55,index,83.2139999866486,13308.0,TheEmptinessMachine,CUBIC,Bola,HTTP/2
2025-05-02 02:42:57,index,85.2139999866486,13308.0,TheEmptinessMachine,CUBIC,Bola,HTTP/2
2025-05-02 02:42:59,index,87.2139999866486,13308.0,TheEmptinessMachine,CUBIC,Bola,HTTP/2
2025-05-02 02:43:01,index,89.2139999866486,13308.0,TheEmptinessMachine,CUBIC,Bola,HTTP/2
2025-05-02 02:43:03,index,91.2139999866486,13308.0,TheEmptinessMachine,CUBIC,Bola,HTTP/2
2025-05-02 02:43:05,index,93.2139999866486,13308.0,TheEmptinessMachine,CUBIC,Bola,HTTP/2
2025-05-02 02:43:07,index,95.2139999866486,13308.0,TheEmptinessMachine,CUBIC,Bola,HTTP/2
2025-05-02 02:43:09,index,97.2139999866486,13308.0,TheEmptinessMachine,CUBIC,Bola,HTTP/2
2025-05-02 02:43:11,index,99.2139999866486,13308.0,TheEmptinessMachine,CUBIC,Bola,HTTP/2
2025-05-02 02:43:13,index,101.213999986649,13308.0,TheEmptinessMachine,CUBIC,Bola,HTTP/2
2025-05-02 02:43:15,index,103.213999986649,13308.0,TheEmptinessMachine,CUBIC,Bola,HTTP/2
2025-05-02 02:43:17,index,105.213999986649,13308.0,TheEmptinessMachine,CUBIC,Bola,HTTP/2
2025-05-02 02:43:19,index,107.213999986649,13308.0,TheEmptinessMachine,CUBIC,Bola,HTTP/2
2025-05-02 02:43:21,index,109.213999986649,13308.0,TheEmptinessMachine,CUBIC,Bola,HTTP/2
2025-05-02 02:43:23,index,111.21599984169,13308.0,TheEmptinessMachine,CUBIC,Bola,HTTP/2
2025-05-02 02:43:25,index,113.21599984169,13308.0,TheEmptinessMachine,CUBIC,Bola,HTTP/2
2025-05-02 02:43:27,index,115.213999986649,13308.0,TheEmptinessMachine,CUBIC,Bola,HTTP/2
2025-05-02 02:43:29,index,117.214999914169,13308.0,TheEmptinessMachine,CUBIC,Bola,HTTP/2
2025-05-02 02:43:31,index,119.213999986649,13308.0,TheEmptinessMachine,CUBIC,Bola,HTTP/2
2025-05-02 02:43:33,index,121.213999986649,13308.0,TheEmptinessMachine,CUBIC,Bola,HTTP/2
2025-05-02 02:43:35,index,123.213999986649,13308.0,TheEmptinessMachine,CUBIC,Bola,HTTP/2
2025-05-02 02:43:37,index,125.214999914169,13308.0,TheEmptinessMachine,CUBIC,Bola,HTTP/2
2025-05-02 02:43:39,index,127.213999986649,13308.0,TheEmptinessMachine,CUBIC,Bola,HTTP/2
2025-05-02 02:43:41,index,129.213999986649,13308.0,TheEmptinessMachine,CUBIC,Bola,HTTP/2
2025-05-02 02:43:43,index,131.213999986649,13308.0,TheEmptinessMachine,CUBIC,Bola,HTTP/2
2025-05-02 02:43:45,index,133.21599984169,13308.0,TheEmptinessMachine,CUBIC,Bola,HTTP/2
2025-05-02 02:43:47,index,135.214999914169,13308.0,TheEmptinessMachine,CUBIC,Bola,HTTP/2
2025-05-02 02:43:49,index,137.213999986649,13308.0,TheEmptinessMachine,CUBIC,Bola,HTTP/2
2025-05-02 02:43:51,index,139.213999986649,13308.0,TheEmptinessMachine,CUBIC,Bola,HTTP/2
2025-05-02 02:43:53,index,141.213999986649,13308.0,TheEmptinessMachine,CUBIC,Bola,HTTP/2
2025-05-02 02:43:55,index,143.213999986649,13308.0,TheEmptinessMachine,CUBIC,Bola,HTTP/2
2025-05-02 02:43:57,index,145.213999986649,13308.0,TheEmptinessMachine,CUBIC,Bola,HTTP/2
2025-05-02 02:43:59,index,147.214999914169,13308.0,TheEmptinessMachine,CUBIC,Bola,HTTP/2
2025-05-02 02:44:01,index,149.213999986649,13308.0,TheEmptinessMachine,CUBIC,Bola,HTTP/2
2025-05-02 02:44:03,index,151.213999986649,13308.0,TheEmptinessMachine,CUBIC,Bola,HTTP/2
2025-05-02 02:44:05,index,153.213999986649,13308.0,TheEmptinessMachine,CUBIC,Bola,HTTP/2
2025-05-02 02:44:07,index,155.213999986649,13308.0,TheEmptinessMachine,CUBIC,Bola,HTTP/2
2025-05-02 02:44:09,index,157.214999914169,13308.0,TheEmptinessMachine,CUBIC,Bola,HTTP/2
2025-05-02 02:44:11,index,159.213999986649,13308.0,TheEmptinessMachine,CUBIC,Bola,HTTP/2
2025-05-02 02:44:13,index,161.214999914169,13308.0,TheEmptinessMachine,CUBIC,Bola,HTTP/2
2025-05-02 02:44:15,index,163.213999986649,13308.0,TheEmptinessMachine,CUBIC,Bola,HTTP/2
2025-05-02 02:44:17,index,165.213999986649,13308.0,TheEmptinessMachine,CUBIC,Bola,HTTP/2
2025-05-02 02:44:19,index,167.213999986649,13308.0,TheEmptinessMachine,CUBIC,Bola,HTTP/2
2025-05-02 02:44:21,index,169.213999986649,13308.0,TheEmptinessMachine,CUBIC,Bola,HTTP/2
2025-05-02 02:44:23,index,171.213999986649,13308.0,TheEmptinessMachine,CUBIC,Bola,HTTP/2
2025-05-02 02:44:25,index,173.213999986649,4692.0,TheEmptinessMachine,CUBIC,Bola,HTTP/2
2025-05-02 02:44:27,index,175.213999986649,4692.0,TheEmptinessMachine,CUBIC,Bola,HTTP/2
2025-05-02 02:44:29,index,177.213999986649,4692.0,TheEmptinessMachine,CUBIC,Bola,HTTP/2
2025-05-02 02:44:31,index,179.213999986649,4692.0,TheEmptinessMachine,CUBIC,Bola,HTTP/2
2025-05-02 02:44:33,index,181.214999914169,4692.0,TheEmptinessMachine,CUBIC,Bola,HTTP/2
2025-05-02 02:44:35,index,183.213999986649,4692.0,TheEmptinessMachine,CUBIC,Bola,HTTP/2
2025-05-02 02:44:37,index,185.213999986649,13308.0,TheEmptinessMachine,CUBIC,Bola,HTTP/2
2025-05-02 02:44:39,index,187.269000053406,13308.0,TheEmptinessMachine,CUBIC,Bola,HTTP/2
2025-05-02 02:44:41,index,189.213999986649,13308.0,TheEmptinessMachine,CUBIC,Bola,HTTP/2
2025-05-02 02:44:43,index,191.213999986649,13308.0,TheEmptinessMachine,CUBIC,Bola,HTTP/2
2025-05-02 02:44:45,index,193.213999986649,13308.0,TheEmptinessMachine,CUBIC,Bola,HTTP/2
2025-05-02 02:44:47,index,195.213999986649,13308.0,TheEmptinessMachine,CUBIC,Bola,HTTP/2
2025-05-02 02:44:49,index,197.213999986649,13308.0,TheEmptinessMachine,CUBIC,Bola,HTTP/2
2025-05-02 02:44:51,index,199.213999986649,13308.0,TheEmptinessMachine,CUBIC,Bola,HTTP/2
2025-05-02 02:44:53,index,201.348000049591,13308.0,TheEmptinessMachine,CUBIC,Bola,HTTP/2
2025-05-02 02:44:55,index,203.213999986649,13308.0,TheEmptinessMachine,CUBIC,Bola,HTTP/2
2025-05-02 02:45:27,index,1.27999997138977,13308.0,TheEmptinessMachine,CUBIC,Bola,HTTP/3
2025-05-02 02:45:29,index,3.27900004386902,13308.0,TheEmptinessMachine,CUBIC,Bola,HTTP/3
2025-05-02 02:45:31,index,5.27900004386902,13308.0,TheEmptinessMachine,CUBIC,Bola,HTTP/3
2025-05-02 02:45:33,index,7.27800011634827,13308.0,TheEmptinessMachine,CUBIC,Bola,HTTP/3
2025-05-02 02:45:35,index,9.27800011634827,13308.0,TheEmptinessMachine,CUBIC,Bola,HTTP/3
2025-05-02 02:45:37,index,11.279000043869,13308.0,TheEmptinessMachine,CUBIC,Bola,HTTP/3
2025-05-02 02:45:39,index,13.279000043869,13308.0,TheEmptinessMachine,CUBIC,Bola,HTTP/3
2025-05-02 02:45:41,index,15.2780001163483,13308.0,TheEmptinessMachine,CUBIC,Bola,HTTP/3
2025-05-02 02:45:43,index,17.2780001163483,13308.0,TheEmptinessMachine,CUBIC,Bola,HTTP/3
2025-05-02 02:45:45,index,19.279000043869,13308.0,TheEmptinessMachine,CUBIC,Bola,HTTP/3
2025-05-02 02:45:47,index,21.2780001163483,13308.0,TheEmptinessMachine,CUBIC,Bola,HTTP/3
2025-05-02 02:45:49,index,23.2780001163483,13308.0,TheEmptinessMachine,CUBIC,Bola,HTTP/3
2025-05-02 02:45:51,index,25.279000043869,13308.0,TheEmptinessMachine,CUBIC,Bola,HTTP/3
2025-05-02 02:45:53,index,27.279000043869,13308.0,TheEmptinessMachine,CUBIC,Bola,HTTP/3
2025-05-02 02:45:55,index,29.2780001163483,13308.0,TheEmptinessMachine,CUBIC,Bola,HTTP/3
2025-05-02 02:45:57,index,31.2780001163483,13308.0,TheEmptinessMachine,CUBIC,Bola,HTTP/3
2025-05-02 02:45:59,index,33.279000043869,13308.0,TheEmptinessMachine,CUBIC,Bola,HTTP/3
2025-05-02 02:46:01,index,35.279000043869,13308.0,TheEmptinessMachine,CUBIC,Bola,HTTP/3
2025-05-02 02:46:03,index,37.279000043869,13308.0,TheEmptinessMachine,CUBIC,Bola,HTTP/3
2025-05-02 02:46:05,index,39.2780001163483,13308.0,TheEmptinessMachine,CUBIC,Bola,HTTP/3
2025-05-02 02:46:07,index,41.279000043869,13308.0,TheEmptinessMachine,CUBIC,Bola,HTTP/3
2025-05-02 02:46:09,index,43.279000043869,13308.0,TheEmptinessMachine,CUBIC,Bola,HTTP/3
2025-05-02 02:46:11,index,45.279000043869,13308.0,TheEmptinessMachine,CUBIC,Bola,HTTP/3
2025-05-02 02:46:13,index,47.2780001163483,13308.0,TheEmptinessMachine,CUBIC,Bola,HTTP/3
2025-05-02 02:46:15,index,49.2780001163483,13308.0,TheEmptinessMachine,CUBIC,Bola,HTTP/3
2025-05-02 02:46:17,index,51.2799999713898,13308.0,TheEmptinessMachine,CUBIC,Bola,HTTP/3
2025-05-02 02:46:19,index,53.2780001163483,13308.0,TheEmptinessMachine,CUBIC,Bola,HTTP/3
2025-05-02 02:46:21,index,55.2780001163483,13308.0,TheEmptinessMachine,CUBIC,Bola,HTTP/3
2025-05-02 02:46:23,index,57.2780001163483,13308.0,TheEmptinessMachine,CUBIC,Bola,HTTP/3
2025-05-02 02:46:25,index,59.279000043869,13308.0,TheEmptinessMachine,CUBIC,Bola,HTTP/3
2025-05-02 02:46:27,index,61.279000043869,13308.0,TheEmptinessMachine,CUBIC,Bola,HTTP/3
2025-05-02 02:46:29,index,63.279000043869,13308.0,TheEmptinessMachine,CUBIC,Bola,HTTP/3
2025-05-02 02:46:31,index,65.2799999713898,13308.0,TheEmptinessMachine,CUBIC,Bola,HTTP/3
2025-05-02 02:46:33,index,67.2780001163483,13308.0,TheEmptinessMachine,CUBIC,Bola,HTTP/3
2025-05-02 02:46:35,index,69.279000043869,13308.0,TheEmptinessMachine,CUBIC,Bola,HTTP/3
2025-05-02 02:46:37,index,71.279000043869,13308.0,TheEmptinessMachine,CUBIC,Bola,HTTP/3
2025-05-02 02:46:39,index,73.279000043869,13308.0,TheEmptinessMachine,CUBIC,Bola,HTTP/3
2025-05-02 02:46:41,index,75.279000043869,13308.0,TheEmptinessMachine,CUBIC,Bola,HTTP/3
2025-05-02 02:46:43,index,77.279000043869,13308.0,TheEmptinessMachine,CUBIC,Bola,HTTP/3
2025-05-02 02:46:45,index,79.2799999713898,13308.0,TheEmptinessMachine,CUBIC,Bola,HTTP/3
2025-05-02 02:46:47,index,81.279000043869,13308.0,TheEmptinessMachine,CUBIC,Bola,HTTP/3
2025-05-02 02:46:49,index,83.279000043869,13308.0,TheEmptinessMachine,CUBIC,Bola,HTTP/3
2025-05-02 02:46:51,index,85.2780001163483,13308.0,TheEmptinessMachine,CUBIC,Bola,HTTP/3
2025-05-02 02:46:53,index,87.279000043869,13308.0,TheEmptinessMachine,CUBIC,Bola,HTTP/3
2025-05-02 02:46:55,index,89.279000043869,13308.0,TheEmptinessMachine,CUBIC,Bola,HTTP/3
2025-05-02 02:46:57,index,91.279000043869,13308.0,TheEmptinessMachine,CUBIC,Bola,HTTP/3
2025-05-02 02:46:59,index,93.279000043869,13308.0,TheEmptinessMachine,CUBIC,Bola,HTTP/3
2025-05-02 02:47:01,index,95.2780001163483,13308.0,TheEmptinessMachine,CUBIC,Bola,HTTP/3
2025-05-02 02:47:03,index,97.2780001163483,13308.0,TheEmptinessMachine,CUBIC,Bola,HTTP/3
2025-05-02 02:47:05,index,99.2780001163483,13308.0,TheEmptinessMachine,CUBIC,Bola,HTTP/3
2025-05-02 02:47:07,index,101.279000043869,1767.0,TheEmptinessMachine,CUBIC,Bola,HTTP/3
2025-05-02 02:47:09,index,103.279000043869,1767.0,TheEmptinessMachine,CUBIC,Bola,HTTP/3
2025-05-02 02:47:11,index,105.279000043869,1767.0,TheEmptinessMachine,CUBIC,Bola,HTTP/3
2025-05-02 02:47:13,index,107.279000043869,1767.0,TheEmptinessMachine,CUBIC,Bola,HTTP/3
2025-05-02 02:47:15,index,109.279000043869,1767.0,TheEmptinessMachine,CUBIC,Bola,HTTP/3
2025-05-02 02:47:17,index,111.279000043869,4692.0,TheEmptinessMachine,CUBIC,Bola,HTTP/3
2025-05-02 02:47:19,index,113.279000043869,1767.0,TheEmptinessMachine,CUBIC,Bola,HTTP/3
2025-05-02 02:47:21,index,115.279000043869,1767.0,TheEmptinessMachine,CUBIC,Bola,HTTP/3
2025-05-02 02:47:23,index,117.279000043869,1767.0,TheEmptinessMachine,CUBIC,Bola,HTTP/3
2025-05-02 02:47:25,index,119.279000043869,1767.0,TheEmptinessMachine,CUBIC,Bola,HTTP/3
2025-05-02 02:47:27,index,121.278000116348,1767.0,TheEmptinessMachine,CUBIC,Bola,HTTP/3
2025-05-02 02:47:29,index,123.278000116348,1767.0,TheEmptinessMachine,CUBIC,Bola,HTTP/3
2025-05-02 02:47:31,index,125.279000043869,4676.0,TheEmptinessMachine,CUBIC,Bola,HTTP/3
2025-05-02 02:47:33,index,127.279000043869,4676.0,TheEmptinessMachine,CUBIC,Bola,HTTP/3
2025-05-02 02:47:35,index,129.279000043869,4676.0,TheEmptinessMachine,CUBIC,Bola,HTTP/3
2025-05-02 02:47:37,index,131.279000043869,4676.0,TheEmptinessMachine,CUBIC,Bola,HTTP/3
2025-05-02 02:47:39,index,133.279000043869,4676.0,TheEmptinessMachine,CUBIC,Bola,HTTP/3
2025-05-02 02:47:41,index,135.278000116348,4676.0,TheEmptinessMachine,CUBIC,Bola,HTTP/3
2025-05-02 02:47:43,index,137.278000116348,1767.0,TheEmptinessMachine,CUBIC,Bola,HTTP/3
2025-05-02 02:47:45,index,139.279000043869,2781.0,TheEmptinessMachine,CUBIC,Bola,HTTP/3
2025-05-02 02:47:47,index,141.279000043869,4676.0,TheEmptinessMachine,CUBIC,Bola,HTTP/3
2025-05-02 02:47:49,index,143.278000116348,4692.0,TheEmptinessMachine,CUBIC,Bola,HTTP/3
2025-05-02 02:47:51,index,145.279000043869,8631.0,TheEmptinessMachine,CUBIC,Bola,HTTP/3
2025-05-02 02:47:53,index,147.28400015831,1767.0,TheEmptinessMachine,CUBIC,Bola,HTTP/3
2025-05-02 02:47:55,index,149.279000043869,4676.0,TheEmptinessMachine,CUBIC,Bola,HTTP/3
2025-05-02 02:47:59,index,153.279000043869,169.0,TheEmptinessMachine,CUBIC,Bola,HTTP/3
2025-05-02 02:48:01,index,155.279000043869,635.0,TheEmptinessMachine,CUBIC,Bola,HTTP/3
2025-05-02 02:48:03,index,157.279000043869,1767.0,TheEmptinessMachine,CUBIC,Bola,HTTP/3
2025-05-02 02:48:05,index,159.279000043869,1767.0,TheEmptinessMachine,CUBIC,Bola,HTTP/3
2025-05-02 02:48:07,index,161.278000116348,1767.0,TheEmptinessMachine,CUBIC,Bola,HTTP/3
2025-05-02 02:48:09,index,163.278000116348,1767.0,TheEmptinessMachine,CUBIC,Bola,HTTP/3
2025-05-02 02:48:11,index,165.279000043869,1767.0,TheEmptinessMachine,CUBIC,Bola,HTTP/3
2025-05-02 02:48:13,index,167.279000043869,1767.0,TheEmptinessMachine,CUBIC,Bola,HTTP/3
2025-05-02 02:48:15,index,169.278000116348,1767.0,TheEmptinessMachine,CUBIC,Bola,HTTP/3
2025-05-02 02:48:17,index,171.278000116348,8631.0,TheEmptinessMachine,CUBIC,Bola,HTTP/3
2025-05-02 02:48:19,index,173.278000116348,8631.0,TheEmptinessMachine,CUBIC,Bola,HTTP/3
2025-05-02 02:48:21,index,175.279000043869,8631.0,TheEmptinessMachine,CUBIC,Bola,HTTP/3
2025-05-02 02:48:23,index,177.278000116348,8631.0,TheEmptinessMachine,CUBIC,Bola,HTTP/3
2025-05-02 02:48:25,index,179.278000116348,13308.0,TheEmptinessMachine,CUBIC,Bola,HTTP/3
2025-05-02 02:48:27,index,181.278000116348,13308.0,TheEmptinessMachine,CUBIC,Bola,HTTP/3
2025-05-02 02:48:29,index,183.279000043869,13308.0,TheEmptinessMachine,CUBIC,Bola,HTTP/3
2025-05-02 02:48:31,index,185.279000043869,4692.0,TheEmptinessMachine,CUBIC,Bola,HTTP/3
2025-05-02 02:48:33,index,187.279000043869,13308.0,TheEmptinessMachine,CUBIC,Bola,HTTP/3
2025-05-02 02:48:35,index,189.278000116348,13308.0,TheEmptinessMachine,CUBIC,Bola,HTTP/3
2025-05-02 02:48:37,index,191.279000043869,13308.0,TheEmptinessMachine,CUBIC,Bola,HTTP/3
2025-05-02 02:48:39,index,193.279000043869,13308.0,TheEmptinessMachine,CUBIC,Bola,HTTP/3
2025-05-02 02:48:41,index,195.279000043869,13308.0,TheEmptinessMachine,CUBIC,Bola,HTTP/3
2025-05-02 02:48:43,index,197.279000043869,13308.0,TheEmptinessMachine,CUBIC,Bola,HTTP/3
2025-05-02 02:48:45,index,199.279000043869,13308.0,TheEmptinessMachine,CUBIC,Bola,HTTP/3
2025-05-02 02:48:47,index,201.279000043869,13308.0,TheEmptinessMachine,CUBIC,Bola,HTTP/3
2025-05-02 02:48:49,index,203.279000043869,13308.0,TheEmptinessMachine,CUBIC,Bola,HTTP/3
2025-05-02 02:48:51,index,205.279000043869,13308.0,TheEmptinessMachine,CUBIC,Bola,HTTP/3
2025-05-02 02:48:53,index,207.278000116348,13308.0,TheEmptinessMachine,CUBIC,Bola,HTTP/3
2025-05-02 02:49:21,index,1.34599995613098,1106.0,TheEmptinessMachine,CUBIC,Festive,HTTP/1.1
2025-05-02 02:49:23,index,3.3439998626709,4692.0,TheEmptinessMachine,CUBIC,Festive,HTTP/1.1
2025-05-02 02:49:25,index,5.34500002861023,4676.0,TheEmptinessMachine,CUBIC,Festive,HTTP/1.1
2025-05-02 02:49:27,index,7.3439998626709,8631.0,TheEmptinessMachine,CUBIC,Festive,HTTP/1.1
2025-05-02 02:49:29,index,9.3439998626709,8631.0,TheEmptinessMachine,CUBIC,Festive,HTTP/1.1
2025-05-02 02:49:31,index,11.3439998626709,4692.0,TheEmptinessMachine,CUBIC,Festive,HTTP/1.1
2025-05-02 02:49:33,index,13.3439998626709,8631.0,TheEmptinessMachine,CUBIC,Festive,HTTP/1.1
2025-05-02 02:49:35,index,15.3439998626709,4676.0,TheEmptinessMachine,CUBIC,Festive,HTTP/1.1
2025-05-02 02:49:37,index,17.3439998626709,4676.0,TheEmptinessMachine,CUBIC,Festive,HTTP/1.1
2025-05-02 02:49:39,index,19.3439998626709,4676.0,TheEmptinessMachine,CUBIC,Festive,HTTP/1.1
2025-05-02 02:49:41,index,21.3439998626709,4676.0,TheEmptinessMachine,CUBIC,Festive,HTTP/1.1
2025-05-02 02:49:43,index,23.3439998626709,4676.0,TheEmptinessMachine,CUBIC,Festive,HTTP/1.1
2025-05-02 02:49:45,index,25.3439998626709,4676.0,TheEmptinessMachine,CUBIC,Festive,HTTP/1.1
2025-05-02 02:49:47,index,27.3439998626709,13308.0,TheEmptinessMachine,CUBIC,Festive,HTTP/1.1
2025-05-02 02:49:49,index,29.3439998626709,13308.0,TheEmptinessMachine,CUBIC,Festive,HTTP/1.1
2025-05-02 02:49:51,index,31.3450000286102,13308.0,TheEmptinessMachine,CUBIC,Festive,HTTP/1.1
2025-05-02 02:49:53,index,33.3439998626709,13308.0,TheEmptinessMachine,CUBIC,Festive,HTTP/1.1
2025-05-02 02:49:55,index,35.3439998626709,13308.0,TheEmptinessMachine,CUBIC,Festive,HTTP/1.1
2025-05-02 02:49:57,index,37.3439998626709,13308.0,TheEmptinessMachine,CUBIC,Festive,HTTP/1.1
2025-05-02 02:49:59,index,39.3439998626709,8631.0,TheEmptinessMachine,CUBIC,Festive,HTTP/1.1
2025-05-02 02:50:01,index,41.3439998626709,13308.0,TheEmptinessMachine,CUBIC,Festive,HTTP/1.1
2025-05-02 02:50:03,index,43.3439998626709,13308.0,TheEmptinessMachine,CUBIC,Festive,HTTP/1.1
2025-05-02 02:50:05,index,45.3439998626709,13308.0,TheEmptinessMachine,CUBIC,Festive,HTTP/1.1
2025-05-02 02:50:09,index,49.3439998626709,13308.0,TheEmptinessMachine,CUBIC,Festive,HTTP/1.1
2025-05-02 02:50:11,index,51.3439998626709,13308.0,TheEmptinessMachine,CUBIC,Festive,HTTP/1.1
2025-05-02 02:50:13,index,53.3439998626709,13308.0,TheEmptinessMachine,CUBIC,Festive,HTTP/1.1
2025-05-02 02:50:15,index,55.3439998626709,13308.0,TheEmptinessMachine,CUBIC,Festive,HTTP/1.1
2025-05-02 02:50:17,index,57.3450000286102,6978.0,TheEmptinessMachine,CUBIC,Festive,HTTP/1.1
2025-05-02 02:50:19,index,59.3439998626709,13308.0,TheEmptinessMachine,CUBIC,Festive,HTTP/1.1
2025-05-02 02:50:21,index,61.3439998626709,13308.0,TheEmptinessMachine,CUBIC,Festive,HTTP/1.1
2025-05-02 02:50:23,index,63.3439998626709,6978.0,TheEmptinessMachine,CUBIC,Festive,HTTP/1.1
2025-05-02 02:50:25,index,65.3439998626709,6978.0,TheEmptinessMachine,CUBIC,Festive,HTTP/1.1
2025-05-02 02:50:27,index,67.3450000286102,13308.0,TheEmptinessMachine,CUBIC,Festive,HTTP/1.1
2025-05-02 02:50:29,index,69.3439998626709,13308.0,TheEmptinessMachine,CUBIC,Festive,HTTP/1.1
2025-05-02 02:50:31,index,71.3450000286102,13308.0,TheEmptinessMachine,CUBIC,Festive,HTTP/1.1
2025-05-02 02:50:33,index,73.3439998626709,6978.0,TheEmptinessMachine,CUBIC,Festive,HTTP/1.1
2025-05-02 02:50:35,index,75.3439998626709,6978.0,TheEmptinessMachine,CUBIC,Festive,HTTP/1.1
2025-05-02 02:50:37,index,77.3439998626709,13308.0,TheEmptinessMachine,CUBIC,Festive,HTTP/1.1
2025-05-02 02:50:39,index,79.3439998626709,13308.0,TheEmptinessMachine,CUBIC,Festive,HTTP/1.1
2025-05-02 02:50:41,index,81.3439998626709,13308.0,TheEmptinessMachine,CUBIC,Festive,HTTP/1.1
2025-05-02 02:50:43,index,83.3439998626709,13308.0,TheEmptinessMachine,CUBIC,Festive,HTTP/1.1
2025-05-02 02:50:45,index,85.3439998626709,13308.0,TheEmptinessMachine,CUBIC,Festive,HTTP/1.1
2025-05-02 02:50:47,index,87.3439998626709,6978.0,TheEmptinessMachine,CUBIC,Festive,HTTP/1.1
2025-05-02 02:50:49,index,89.3439998626709,13308.0,TheEmptinessMachine,CUBIC,Festive,HTTP/1.1
2025-05-02 02:50:51,index,91.3439998626709,13308.0,TheEmptinessMachine,CUBIC,Festive,HTTP/1.1
2025-05-02 02:50:53,index,93.3439998626709,6978.0,TheEmptinessMachine,CUBIC,Festive,HTTP/1.1
2025-05-02 02:50:55,index,95.3439998626709,6978.0,TheEmptinessMachine,CUBIC,Festive,HTTP/1.1
2025-05-02 02:50:57,index,97.3439998626709,8631.0,TheEmptinessMachine,CUBIC,Festive,HTTP/1.1
2025-05-02 02:50:59,index,99.3439998626709,13308.0,TheEmptinessMachine,CUBIC,Festive,HTTP/1.1
2025-05-02 02:51:01,index,101.343999862671,13308.0,TheEmptinessMachine,CUBIC,Festive,HTTP/1.1
2025-05-02 02:51:03,index,103.343999862671,13308.0,TheEmptinessMachine,CUBIC,Festive,HTTP/1.1
2025-05-02 02:51:05,index,105.343999862671,13308.0,TheEmptinessMachine,CUBIC,Festive,HTTP/1.1
2025-05-02 02:51:07,index,107.343999862671,13308.0,TheEmptinessMachine,CUBIC,Festive,HTTP/1.1
2025-05-02 02:51:09,index,109.343999862671,13308.0,TheEmptinessMachine,CUBIC,Festive,HTTP/1.1
2025-05-02 02:51:13,index,113.343999862671,4676.0,TheEmptinessMachine,CUBIC,Festive,HTTP/1.1
2025-05-02 02:51:15,index,115.343999862671,13308.0,TheEmptinessMachine,CUBIC,Festive,HTTP/1.1
2025-05-02 02:51:17,index,117.343999862671,13308.0,TheEmptinessMachine,CUBIC,Festive,HTTP/1.1
2025-05-02 02:51:19,index,119.343999862671,13308.0,TheEmptinessMachine,CUBIC,Festive,HTTP/1.1
2025-05-02 02:51:21,index,121.343999862671,6978.0,TheEmptinessMachine,CUBIC,Festive,HTTP/1.1
2025-05-02 02:51:23,index,123.34500002861,6978.0,TheEmptinessMachine,CUBIC,Festive,HTTP/1.1
2025-05-02 02:51:25,index,125.343999862671,4692.0,TheEmptinessMachine,CUBIC,Festive,HTTP/1.1
2025-05-02 02:51:27,index,127.343999862671,8631.0,TheEmptinessMachine,CUBIC,Festive,HTTP/1.1
2025-05-02 02:51:29,index,129.343999862671,1499.0,TheEmptinessMachine,CUBIC,Festive,HTTP/1.1
2025-05-02 02:51:31,index,131.343999862671,4692.0,TheEmptinessMachine,CUBIC,Festive,HTTP/1.1
2025-05-02 02:51:33,index,133.343999862671,4676.0,TheEmptinessMachine,CUBIC,Festive,HTTP/1.1
2025-05-02 02:51:35,index,135.343999862671,4676.0,TheEmptinessMachine,CUBIC,Festive,HTTP/1.1
2025-05-02 02:51:37,index,137.343999862671,4676.0,TheEmptinessMachine,CUBIC,Festive,HTTP/1.1
2025-05-02 02:51:39,index,139.343999862671,4676.0,TheEmptinessMachine,CUBIC,Festive,HTTP/1.1
2025-05-02 02:51:41,index,141.343999862671,3486.0,TheEmptinessMachine,CUBIC,Festive,HTTP/1.1
2025-05-02 02:51:43,index,143.343999862671,3486.0,TheEmptinessMachine,CUBIC,Festive,HTTP/1.1
2025-05-02 02:51:45,index,145.34500002861,3486.0,TheEmptinessMachine,CUBIC,Festive,HTTP/1.1
2025-05-02 02:51:47,index,147.343999862671,3486.0,TheEmptinessMachine,CUBIC,Festive,HTTP/1.1
2025-05-02 02:51:49,index,149.343999862671,3486.0,TheEmptinessMachine,CUBIC,Festive,HTTP/1.1
2025-05-02 02:51:51,index,151.343999862671,3486.0,TheEmptinessMachine,CUBIC,Festive,HTTP/1.1
2025-05-02 02:51:53,index,153.343999862671,3486.0,TheEmptinessMachine,CUBIC,Festive,HTTP/1.1
2025-05-02 02:51:55,index,155.343999862671,,TheEmptinessMachine,CUBIC,Festive,HTTP/1.1
2025-05-02 02:51:57,index,157.343999862671,,TheEmptinessMachine,CUBIC,Festive,HTTP/1.1
2025-05-02 02:51:59,index,159.343999862671,,TheEmptinessMachine,CUBIC,Festive,HTTP/1.1
2025-05-02 02:52:01,index,161.343999862671,18625.0,TheEmptinessMachine,CUBIC,Festive,HTTP/1.1
2025-05-02 02:52:03,index,163.343999862671,18625.0,TheEmptinessMachine,CUBIC,Festive,HTTP/1.1
2025-05-02 02:52:05,index,165.343999862671,8631.0,TheEmptinessMachine,CUBIC,Festive,HTTP/1.1
2025-05-02 02:52:07,index,167.345999956131,76.0,TheEmptinessMachine,CUBIC,Festive,HTTP/1.1
2025-05-02 02:52:09,index,169.343999862671,76.0,TheEmptinessMachine,CUBIC,Festive,HTTP/1.1
2025-05-02 02:52:11,index,171.343999862671,76.0,TheEmptinessMachine,CUBIC,Festive,HTTP/1.1
2025-05-02 02:52:13,index,173.343999862671,76.0,TheEmptinessMachine,CUBIC,Festive,HTTP/1.1
2025-05-02 02:52:15,index,175.343999862671,3486.0,TheEmptinessMachine,CUBIC,Festive,HTTP/1.1
2025-05-02 02:52:17,index,177.343999862671,4692.0,TheEmptinessMachine,CUBIC,Festive,HTTP/1.1
2025-05-02 02:52:19,index,179.343999862671,4692.0,TheEmptinessMachine,CUBIC,Festive,HTTP/1.1
2025-05-02 02:52:21,index,181.343999862671,4692.0,TheEmptinessMachine,CUBIC,Festive,HTTP/1.1
2025-05-02 02:52:23,index,183.343999862671,4692.0,TheEmptinessMachine,CUBIC,Festive,HTTP/1.1
2025-05-02 02:52:25,index,185.343999862671,4692.0,TheEmptinessMachine,CUBIC,Festive,HTTP/1.1
2025-05-02 02:52:27,index,187.343999862671,4692.0,TheEmptinessMachine,CUBIC,Festive,HTTP/1.1
2025-05-02 02:52:29,index,189.343999862671,4692.0,TheEmptinessMachine,CUBIC,Festive,HTTP/1.1
2025-05-02 02:52:31,index,191.343999862671,,TheEmptinessMachine,CUBIC,Festive,HTTP/1.1
2025-05-02 02:52:33,index,193.343999862671,,TheEmptinessMachine,CUBIC,Festive,HTTP/1.1
2025-05-02 02:52:35,index,195.343999862671,,TheEmptinessMachine,CUBIC,Festive,HTTP/1.1
2025-05-02 02:52:37,index,197.343999862671,,TheEmptinessMachine,CUBIC,Festive,HTTP/1.1
2025-05-02 02:52:39,index,199.343999862671,,TheEmptinessMachine,CUBIC,Festive,HTTP/1.1
2025-05-02 02:52:41,index,201.343999862671,13308.0,TheEmptinessMachine,CUBIC,Festive,HTTP/1.1
2025-05-02 02:52:43,index,203.343999862671,13308.0,TheEmptinessMachine,CUBIC,Festive,HTTP/1.1
2025-05-02 02:52:45,index,205.343999862671,2974.0,TheEmptinessMachine,CUBIC,Festive,HTTP/1.1
2025-05-02 02:52:47,index,207.343999862671,2974.0,TheEmptinessMachine,CUBIC,Festive,HTTP/1.1
2025-05-02 02:53:15,index,1.24000000953674,13308.0,TheEmptinessMachine,CUBIC,Festive,HTTP/2
2025-05-02 02:53:17,index,3.24000000953674,13308.0,TheEmptinessMachine,CUBIC,Festive,HTTP/2
2025-05-02 02:53:19,index,5.24000000953674,4676.0,TheEmptinessMachine,CUBIC,Festive,HTTP/2
2025-05-02 02:53:21,index,7.24000000953674,13308.0,TheEmptinessMachine,CUBIC,Festive,HTTP/2
2025-05-02 02:53:23,index,9.24000000953674,13308.0,TheEmptinessMachine,CUBIC,Festive,HTTP/2
2025-05-02 02:53:25,index,11.2400000095367,13308.0,TheEmptinessMachine,CUBIC,Festive,HTTP/2
2025-05-02 02:53:27,index,13.2400000095367,13308.0,TheEmptinessMachine,CUBIC,Festive,HTTP/2
2025-05-02 02:53:29,index,15.2400000095367,18625.0,TheEmptinessMachine,CUBIC,Festive,HTTP/2
2025-05-02 02:53:31,index,17.2400000095367,18625.0,TheEmptinessMachine,CUBIC,Festive,HTTP/2
2025-05-02 02:53:33,index,19.2400000095367,13308.0,TheEmptinessMachine,CUBIC,Festive,HTTP/2
2025-05-02 02:53:35,index,21.2400000095367,13308.0,TheEmptinessMachine,CUBIC,Festive,HTTP/2
2025-05-02 02:53:37,index,23.2400000095367,13308.0,TheEmptinessMachine,CUBIC,Festive,HTTP/2
2025-05-02 02:53:39,index,25.2400000095367,13308.0,TheEmptinessMachine,CUBIC,Festive,HTTP/2
2025-05-02 02:53:41,index,27.2400000095367,13308.0,TheEmptinessMachine,CUBIC,Festive,HTTP/2
2025-05-02 02:53:43,index,29.2410001754761,13308.0,TheEmptinessMachine,CUBIC,Festive,HTTP/2
2025-05-02 02:53:45,index,31.2410001754761,13308.0,TheEmptinessMachine,CUBIC,Festive,HTTP/2
2025-05-02 02:53:47,index,33.2400000095367,13308.0,TheEmptinessMachine,CUBIC,Festive,HTTP/2
2025-05-02 02:53:49,index,35.239000082016,13308.0,TheEmptinessMachine,CUBIC,Festive,HTTP/2
2025-05-02 02:53:51,index,37.2400000095367,13308.0,TheEmptinessMachine,CUBIC,Festive,HTTP/2
2025-05-02 02:53:53,index,39.2400000095367,13308.0,TheEmptinessMachine,CUBIC,Festive,HTTP/2
2025-05-02 02:53:55,index,41.2400000095367,13308.0,TheEmptinessMachine,CUBIC,Festive,HTTP/2
2025-05-02 02:53:57,index,43.2400000095367,13308.0,TheEmptinessMachine,CUBIC,Festive,HTTP/2
2025-05-02 02:53:59,index,45.2460000514984,13308.0,TheEmptinessMachine,CUBIC,Festive,HTTP/2
2025-05-02 02:54:01,index,47.2400000095367,13308.0,TheEmptinessMachine,CUBIC,Festive,HTTP/2
2025-05-02 02:54:03,index,49.2410001754761,13308.0,TheEmptinessMachine,CUBIC,Festive,HTTP/2
2025-05-02 02:54:05,index,51.2400000095367,13308.0,TheEmptinessMachine,CUBIC,Festive,HTTP/2
2025-05-02 02:54:07,index,53.2400000095367,13308.0,TheEmptinessMachine,CUBIC,Festive,HTTP/2
2025-05-02 02:54:09,index,55.2400000095367,13308.0,TheEmptinessMachine,CUBIC,Festive,HTTP/2
2025-05-02 02:54:11,index,57.2400000095367,13308.0,TheEmptinessMachine,CUBIC,Festive,HTTP/2
2025-05-02 02:54:13,index,59.2400000095367,13308.0,TheEmptinessMachine,CUBIC,Festive,HTTP/2
2025-05-02 02:54:15,index,61.2410001754761,13308.0,TheEmptinessMachine,CUBIC,Festive,HTTP/2
2025-05-02 02:54:17,index,63.2400000095367,13308.0,TheEmptinessMachine,CUBIC,Festive,HTTP/2
2025-05-02 02:54:19,index,65.2400000095367,13308.0,TheEmptinessMachine,CUBIC,Festive,HTTP/2
2025-05-02 02:54:21,index,67.2400000095367,13308.0,TheEmptinessMachine,CUBIC,Festive,HTTP/2
2025-05-02 02:54:23,index,69.2410001754761,13308.0,TheEmptinessMachine,CUBIC,Festive,HTTP/2
2025-05-02 02:54:25,index,71.2410001754761,13308.0,TheEmptinessMachine,CUBIC,Festive,HTTP/2
2025-05-02 02:54:27,index,73.2400000095367,13308.0,TheEmptinessMachine,CUBIC,Festive,HTTP/2
2025-05-02 02:54:29,index,75.2400000095367,13308.0,TheEmptinessMachine,CUBIC,Festive,HTTP/2
2025-05-02 02:54:31,index,77.2400000095367,13308.0,TheEmptinessMachine,CUBIC,Festive,HTTP/2
2025-05-02 02:54:33,index,79.2420001029968,13308.0,TheEmptinessMachine,CUBIC,Festive,HTTP/2
2025-05-02 02:54:35,index,81.2400000095367,13308.0,TheEmptinessMachine,CUBIC,Festive,HTTP/2
2025-05-02 02:54:37,index,83.2420001029968,13308.0,TheEmptinessMachine,CUBIC,Festive,HTTP/2
2025-05-02 02:54:39,index,85.2400000095367,13308.0,TheEmptinessMachine,CUBIC,Festive,HTTP/2
2025-05-02 02:54:41,index,87.2400000095367,13308.0,TheEmptinessMachine,CUBIC,Festive,HTTP/2
2025-05-02 02:54:43,index,89.2400000095367,13308.0,TheEmptinessMachine,CUBIC,Festive,HTTP/2
2025-05-02 02:54:45,index,91.2400000095367,13308.0,TheEmptinessMachine,CUBIC,Festive,HTTP/2
2025-05-02 02:54:47,index,93.2410001754761,13308.0,TheEmptinessMachine,CUBIC,Festive,HTTP/2
2025-05-02 02:54:49,index,95.2400000095367,13308.0,TheEmptinessMachine,CUBIC,Festive,HTTP/2
2025-05-02 02:54:51,index,97.2400000095367,13308.0,TheEmptinessMachine,CUBIC,Festive,HTTP/2
2025-05-02 02:54:53,index,99.2400000095367,13308.0,TheEmptinessMachine,CUBIC,Festive,HTTP/2
2025-05-02 02:54:55,index,101.240000009537,13308.0,TheEmptinessMachine,CUBIC,Festive,HTTP/2
2025-05-02 02:54:57,index,103.240000009537,13308.0,TheEmptinessMachine,CUBIC,Festive,HTTP/2
2025-05-02 02:54:59,index,105.240000009537,13308.0,TheEmptinessMachine,CUBIC,Festive,HTTP/2
2025-05-02 02:55:01,index,107.240000009537,13308.0,TheEmptinessMachine,CUBIC,Festive,HTTP/2
2025-05-02 02:55:03,index,109.239000082016,13308.0,TheEmptinessMachine,CUBIC,Festive,HTTP/2
2025-05-02 02:55:05,index,111.240000009537,13308.0,TheEmptinessMachine,CUBIC,Festive,HTTP/2
2025-05-02 02:55:07,index,113.240000009537,13308.0,TheEmptinessMachine,CUBIC,Festive,HTTP/2
2025-05-02 02:55:09,index,115.240000009537,13308.0,TheEmptinessMachine,CUBIC,Festive,HTTP/2
2025-05-02 02:55:11,index,117.240000009537,13308.0,TheEmptinessMachine,CUBIC,Festive,HTTP/2
2025-05-02 02:55:13,index,119.243000030518,13308.0,TheEmptinessMachine,CUBIC,Festive,HTTP/2
2025-05-02 02:55:15,index,121.240000009537,,TheEmptinessMachine,CUBIC,Festive,HTTP/2
2025-05-02 02:55:17,index,123.240000009537,,TheEmptinessMachine,CUBIC,Festive,HTTP/2
2025-05-02 02:55:19,index,125.240000009537,13308.0,TheEmptinessMachine,CUBIC,Festive,HTTP/2
2025-05-02 02:55:21,index,127.242000102997,13308.0,TheEmptinessMachine,CUBIC,Festive,HTTP/2
2025-05-02 02:55:23,index,129.240000009537,13308.0,TheEmptinessMachine,CUBIC,Festive,HTTP/2
2025-05-02 02:55:25,index,131.243000030518,13308.0,TheEmptinessMachine,CUBIC,Festive,HTTP/2
2025-05-02 02:55:27,index,133.25,13308.0,TheEmptinessMachine,CUBIC,Festive,HTTP/2
2025-05-02 02:55:29,index,135.242000102997,13308.0,TheEmptinessMachine,CUBIC,Festive,HTTP/2
2025-05-02 02:55:31,index,137.240000009537,13308.0,TheEmptinessMachine,CUBIC,Festive,HTTP/2
2025-05-02 02:55:33,index,139.240000009537,13308.0,TheEmptinessMachine,CUBIC,Festive,HTTP/2
2025-05-02 02:55:35,index,141.241000175476,13308.0,TheEmptinessMachine,CUBIC,Festive,HTTP/2
2025-05-02 02:55:37,index,143.240000009537,13308.0,TheEmptinessMachine,CUBIC,Festive,HTTP/2
2025-05-02 02:55:39,index,145.240000009537,13308.0,TheEmptinessMachine,CUBIC,Festive,HTTP/2
2025-05-02 02:55:41,index,147.240000009537,13308.0,TheEmptinessMachine,CUBIC,Festive,HTTP/2
2025-05-02 02:55:43,index,149.240000009537,,TheEmptinessMachine,CUBIC,Festive,HTTP/2
2025-05-02 02:55:45,index,151.240000009537,13308.0,TheEmptinessMachine,CUBIC,Festive,HTTP/2
2025-05-02 02:55:47,index,153.240000009537,13308.0,TheEmptinessMachine,CUBIC,Festive,HTTP/2
2025-05-02 02:55:49,index,155.240000009537,13308.0,TheEmptinessMachine,CUBIC,Festive,HTTP/2
2025-05-02 02:55:51,index,157.240000009537,13308.0,TheEmptinessMachine,CUBIC,Festive,HTTP/2
2025-05-02 02:55:53,index,159.240000009537,13308.0,TheEmptinessMachine,CUBIC,Festive,HTTP/2
2025-05-02 02:55:55,index,161.240000009537,13308.0,TheEmptinessMachine,CUBIC,Festive,HTTP/2
2025-05-02 02:55:57,index,163.240000009537,,TheEmptinessMachine,CUBIC,Festive,HTTP/2
2025-05-02 02:55:59,index,165.240000009537,,TheEmptinessMachine,CUBIC,Festive,HTTP/2
2025-05-02 02:56:01,index,167.240000009537,13308.0,TheEmptinessMachine,CUBIC,Festive,HTTP/2
2025-05-02 02:56:03,index,169.240000009537,13308.0,TheEmptinessMachine,CUBIC,Festive,HTTP/2
2025-05-02 02:56:05,index,171.240000009537,13308.0,TheEmptinessMachine,CUBIC,Festive,HTTP/2
2025-05-02 02:56:07,index,173.240000009537,13308.0,TheEmptinessMachine,CUBIC,Festive,HTTP/2
2025-05-02 02:56:09,index,175.240000009537,13308.0,TheEmptinessMachine,CUBIC,Festive,HTTP/2
2025-05-02 02:56:11,index,177.240000009537,13308.0,TheEmptinessMachine,CUBIC,Festive,HTTP/2
2025-05-02 02:56:13,index,179.240000009537,13308.0,TheEmptinessMachine,CUBIC,Festive,HTTP/2
2025-05-02 02:56:15,index,181.240000009537,13308.0,TheEmptinessMachine,CUBIC,Festive,HTTP/2
2025-05-02 02:56:17,index,183.240000009537,13308.0,TheEmptinessMachine,CUBIC,Festive,HTTP/2
2025-05-02 02:56:19,index,185.240000009537,13308.0,TheEmptinessMachine,CUBIC,Festive,HTTP/2
2025-05-02 02:56:21,index,187.239000082016,13308.0,TheEmptinessMachine,CUBIC,Festive,HTTP/2
2025-05-02 02:56:23,index,189.240000009537,13308.0,TheEmptinessMachine,CUBIC,Festive,HTTP/2
2025-05-02 02:56:25,index,191.240000009537,,TheEmptinessMachine,CUBIC,Festive,HTTP/2
2025-05-02 02:56:27,index,193.240000009537,,TheEmptinessMachine,CUBIC,Festive,HTTP/2
2025-05-02 02:56:29,index,195.241000175476,13308.0,TheEmptinessMachine,CUBIC,Festive,HTTP/2
2025-05-02 02:56:31,index,197.240000009537,18625.0,TheEmptinessMachine,CUBIC,Festive,HTTP/2
2025-05-02 02:56:35,index,201.240000009537,13308.0,TheEmptinessMachine,CUBIC,Festive,HTTP/2
2025-05-02 02:56:37,index,203.240000009537,13308.0,TheEmptinessMachine,CUBIC,Festive,HTTP/2
2025-05-02 02:56:39,index,205.240000009537,13308.0,TheEmptinessMachine,CUBIC,Festive,HTTP/2
2025-05-02 02:56:41,index,207.240000009537,13308.0,TheEmptinessMachine,CUBIC,Festive,HTTP/2
2025-05-02 02:57:09,index,1.35899996757507,1106.0,TheEmptinessMachine,CUBIC,Festive,HTTP/3
2025-05-02 02:57:11,index,3.35800004005432,13308.0,TheEmptinessMachine,CUBIC,Festive,HTTP/3
2025-05-02 02:57:13,index,5.35800004005432,4676.0,TheEmptinessMachine,CUBIC,Festive,HTTP/3
2025-05-02 02:57:15,index,7.35800004005432,8631.0,TheEmptinessMachine,CUBIC,Festive,HTTP/3
2025-05-02 02:57:17,index,9.35800004005432,13308.0,TheEmptinessMachine,CUBIC,Festive,HTTP/3
2025-05-02 02:57:19,index,11.3580000400543,13308.0,TheEmptinessMachine,CUBIC,Festive,HTTP/3
2025-05-02 02:57:21,index,13.3580000400543,13308.0,TheEmptinessMachine,CUBIC,Festive,HTTP/3
2025-05-02 02:57:23,index,15.3580000400543,13308.0,TheEmptinessMachine,CUBIC,Festive,HTTP/3
2025-05-02 02:57:25,index,17.3580000400543,13308.0,TheEmptinessMachine,CUBIC,Festive,HTTP/3
2025-05-02 02:57:27,index,19.3580000400543,4692.0,TheEmptinessMachine,CUBIC,Festive,HTTP/3
2025-05-02 02:57:29,index,21.3580000400543,8631.0,TheEmptinessMachine,CUBIC,Festive,HTTP/3
2025-05-02 02:57:31,index,23.3580000400543,8631.0,TheEmptinessMachine,CUBIC,Festive,HTTP/3
2025-05-02 02:57:33,index,25.3580000400543,4676.0,TheEmptinessMachine,CUBIC,Festive,HTTP/3
2025-05-02 02:57:35,index,27.3580000400543,13308.0,TheEmptinessMachine,CUBIC,Festive,HTTP/3
2025-05-02 02:57:37,index,29.3580000400543,13308.0,TheEmptinessMachine,CUBIC,Festive,HTTP/3
2025-05-02 02:57:39,index,31.3580000400543,13308.0,TheEmptinessMachine,CUBIC,Festive,HTTP/3
2025-05-02 02:57:41,index,33.3580000400543,13308.0,TheEmptinessMachine,CUBIC,Festive,HTTP/3
2025-05-02 02:57:43,index,35.3580000400543,13308.0,TheEmptinessMachine,CUBIC,Festive,HTTP/3
2025-05-02 02:57:45,index,37.3580000400543,13308.0,TheEmptinessMachine,CUBIC,Festive,HTTP/3
2025-05-02 02:57:47,index,39.3580000400543,13308.0,TheEmptinessMachine,CUBIC,Festive,HTTP/3
2025-05-02 02:57:49,index,41.3580000400543,2781.0,TheEmptinessMachine,CUBIC,Festive,HTTP/3
2025-05-02 02:57:51,index,43.3580000400543,8631.0,TheEmptinessMachine,CUBIC,Festive,HTTP/3
2025-05-02 02:57:53,index,45.3580000400543,8631.0,TheEmptinessMachine,CUBIC,Festive,HTTP/3
2025-05-02 02:57:55,index,47.3580000400543,4692.0,TheEmptinessMachine,CUBIC,Festive,HTTP/3
2025-05-02 02:57:57,index,49.3580000400543,8631.0,TheEmptinessMachine,CUBIC,Festive,HTTP/3
2025-05-02 02:58:01,index,53.3580000400543,4676.0,TheEmptinessMachine,CUBIC,Festive,HTTP/3
2025-05-02 02:58:03,index,55.3580000400543,4676.0,TheEmptinessMachine,CUBIC,Festive,HTTP/3
2025-05-02 02:58:05,index,57.3580000400543,4676.0,TheEmptinessMachine,CUBIC,Festive,HTTP/3
2025-05-02 02:58:07,index,59.3580000400543,4676.0,TheEmptinessMachine,CUBIC,Festive,HTTP/3
2025-05-02 02:58:09,index,61.3580000400543,4676.0,TheEmptinessMachine,CUBIC,Festive,HTTP/3
2025-05-02 02:58:11,index,63.3580000400543,3486.0,TheEmptinessMachine,CUBIC,Festive,HTTP/3
2025-05-02 02:58:13,index,65.3580000400543,3486.0,TheEmptinessMachine,CUBIC,Festive,HTTP/3
2025-05-02 02:58:15,index,67.3580000400543,3486.0,TheEmptinessMachine,CUBIC,Festive,HTTP/3
2025-05-02 02:58:17,index,69.3580000400543,3486.0,TheEmptinessMachine,CUBIC,Festive,HTTP/3
2025-05-02 02:58:19,index,71.3580000400543,3486.0,TheEmptinessMachine,CUBIC,Festive,HTTP/3
2025-05-02 02:58:21,index,73.3580000400543,3486.0,TheEmptinessMachine,CUBIC,Festive,HTTP/3
2025-05-02 02:58:23,index,75.3580000400543,3486.0,TheEmptinessMachine,CUBIC,Festive,HTTP/3
2025-05-02 02:58:25,index,77.3580000400543,,TheEmptinessMachine,CUBIC,Festive,HTTP/3
2025-05-02 02:58:27,index,79.3580000400543,,TheEmptinessMachine,CUBIC,Festive,HTTP/3
2025-05-02 02:58:29,index,81.3580000400543,18625.0,TheEmptinessMachine,CUBIC,Festive,HTTP/3
2025-05-02 02:58:31,index,83.3580000400543,18625.0,TheEmptinessMachine,CUBIC,Festive,HTTP/3
2025-05-02 02:58:33,index,85.3580000400543,13308.0,TheEmptinessMachine,CUBIC,Festive,HTTP/3
2025-05-02 02:58:35,index,87.3580000400543,13308.0,TheEmptinessMachine,CUBIC,Festive,HTTP/3
2025-05-02 02:58:37,index,89.3580000400543,8631.0,TheEmptinessMachine,CUBIC,Festive,HTTP/3
2025-05-02 02:58:39,index,91.3580000400543,4676.0,TheEmptinessMachine,CUBIC,Festive,HTTP/3
2025-05-02 02:58:41,index,93.3580000400543,8631.0,TheEmptinessMachine,CUBIC,Festive,HTTP/3
2025-05-02 02:58:43,index,95.3580000400543,1106.0,TheEmptinessMachine,CUBIC,Festive,HTTP/3
2025-05-02 02:58:45,index,97.3580000400543,13308.0,TheEmptinessMachine,CUBIC,Festive,HTTP/3
2025-05-02 02:58:47,index,99.3580000400543,8631.0,TheEmptinessMachine,CUBIC,Festive,HTTP/3
2025-05-02 02:58:49,index,101.358000040054,1767.0,TheEmptinessMachine,CUBIC,Festive,HTTP/3
2025-05-02 02:58:51,index,103.358000040054,13308.0,TheEmptinessMachine,CUBIC,Festive,HTTP/3
2025-05-02 02:58:53,index,105.358000040054,8631.0,TheEmptinessMachine,CUBIC,Festive,HTTP/3
2025-05-02 02:58:55,index,107.358000040054,4692.0,TheEmptinessMachine,CUBIC,Festive,HTTP/3
2025-05-02 02:58:57,index,109.358000040054,8631.0,TheEmptinessMachine,CUBIC,Festive,HTTP/3
2025-05-02 02:58:59,index,111.358000040054,13308.0,TheEmptinessMachine,CUBIC,Festive,HTTP/3
2025-05-02 02:59:01,index,113.358000040054,13308.0,TheEmptinessMachine,CUBIC,Festive,HTTP/3
2025-05-02 02:59:03,index,115.358000040054,8631.0,TheEmptinessMachine,CUBIC,Festive,HTTP/3
2025-05-02 02:59:05,index,117.358000040054,1499.0,TheEmptinessMachine,CUBIC,Festive,HTTP/3
2025-05-02 02:59:07,index,119.358000040054,13308.0,TheEmptinessMachine,CUBIC,Festive,HTTP/3
2025-05-02 02:59:09,index,121.358000040054,8631.0,TheEmptinessMachine,CUBIC,Festive,HTTP/3
2025-05-02 02:59:11,index,123.358000040054,4676.0,TheEmptinessMachine,CUBIC,Festive,HTTP/3
2025-05-02 02:59:13,index,125.358000040054,8631.0,TheEmptinessMachine,CUBIC,Festive,HTTP/3
2025-05-02 02:59:15,index,127.358000040054,13308.0,TheEmptinessMachine,CUBIC,Festive,HTTP/3
2025-05-02 02:59:17,index,129.358000040054,2781.0,TheEmptinessMachine,CUBIC,Festive,HTTP/3
2025-05-02 02:59:19,index,131.358000040054,8631.0,TheEmptinessMachine,CUBIC,Festive,HTTP/3
2025-05-02 02:59:21,index,133.358000040054,13308.0,TheEmptinessMachine,CUBIC,Festive,HTTP/3
2025-05-02 02:59:23,index,135.358000040054,2974.0,TheEmptinessMachine,CUBIC,Festive,HTTP/3
2025-05-02 02:59:25,index,137.358000040054,8631.0,TheEmptinessMachine,CUBIC,Festive,HTTP/3
2025-05-02 02:59:27,index,139.358000040054,13308.0,TheEmptinessMachine,CUBIC,Festive,HTTP/3
2025-05-02 02:59:29,index,141.358000040054,13308.0,TheEmptinessMachine,CUBIC,Festive,HTTP/3
2025-05-02 02:59:31,index,143.358000040054,8631.0,TheEmptinessMachine,CUBIC,Festive,HTTP/3
2025-05-02 02:59:33,index,145.358000040054,2974.0,TheEmptinessMachine,CUBIC,Festive,HTTP/3
2025-05-02 02:59:35,index,147.358000040054,8631.0,TheEmptinessMachine,CUBIC,Festive,HTTP/3
2025-05-02 02:59:37,index,149.361000061035,8631.0,TheEmptinessMachine,CUBIC,Festive,HTTP/3
2025-05-02 02:59:39,index,151.358000040054,4676.0,TheEmptinessMachine,CUBIC,Festive,HTTP/3
2025-05-02 02:59:41,index,153.358000040054,4676.0,TheEmptinessMachine,CUBIC,Festive,HTTP/3
2025-05-02 02:59:43,index,155.358000040054,4676.0,TheEmptinessMachine,CUBIC,Festive,HTTP/3
2025-05-02 02:59:45,index,157.358000040054,4676.0,TheEmptinessMachine,CUBIC,Festive,HTTP/3
2025-05-02 02:59:47,index,159.358000040054,4676.0,TheEmptinessMachine,CUBIC,Festive,HTTP/3
2025-05-02 02:59:49,index,161.358000040054,4676.0,TheEmptinessMachine,CUBIC,Festive,HTTP/3
2025-05-02 02:59:51,index,163.358000040054,3486.0,TheEmptinessMachine,CUBIC,Festive,HTTP/3
2025-05-02 02:59:53,index,165.358000040054,3486.0,TheEmptinessMachine,CUBIC,Festive,HTTP/3
2025-05-02 02:59:55,index,167.358000040054,3486.0,TheEmptinessMachine,CUBIC,Festive,HTTP/3
2025-05-02 02:59:57,index,169.358000040054,3486.0,TheEmptinessMachine,CUBIC,Festive,HTTP/3
2025-05-02 02:59:59,index,171.358000040054,3486.0,TheEmptinessMachine,CUBIC,Festive,HTTP/3
2025-05-02 03:00:01,index,173.358999967575,3486.0,TheEmptinessMachine,CUBIC,Festive,HTTP/3
2025-05-02 03:00:03,index,175.358000040054,3486.0,TheEmptinessMachine,CUBIC,Festive,HTTP/3
2025-05-02 03:00:05,index,177.358999967575,13308.0,TheEmptinessMachine,CUBIC,Festive,HTTP/3
2025-05-02 03:00:07,index,179.358000040054,13308.0,TheEmptinessMachine,CUBIC,Festive,HTTP/3
2025-05-02 03:00:09,index,181.358000040054,13308.0,TheEmptinessMachine,CUBIC,Festive,HTTP/3
2025-05-02 03:00:11,index,183.358000040054,13308.0,TheEmptinessMachine,CUBIC,Festive,HTTP/3
2025-05-02 03:00:13,index,185.358000040054,13308.0,TheEmptinessMachine,CUBIC,Festive,HTTP/3
2025-05-02 03:00:15,index,187.358000040054,13308.0,TheEmptinessMachine,CUBIC,Festive,HTTP/3
2025-05-02 03:00:17,index,189.358999967575,13308.0,TheEmptinessMachine,CUBIC,Festive,HTTP/3
2025-05-02 03:00:19,index,191.358000040054,13308.0,TheEmptinessMachine,CUBIC,Festive,HTTP/3
2025-05-02 03:00:21,index,193.358000040054,13308.0,TheEmptinessMachine,CUBIC,Festive,HTTP/3
2025-05-02 03:00:23,index,195.358000040054,13308.0,TheEmptinessMachine,CUBIC,Festive,HTTP/3
2025-05-02 03:00:25,index,197.358000040054,6978.0,TheEmptinessMachine,CUBIC,Festive,HTTP/3
2025-05-02 03:00:27,index,199.358000040054,13308.0,TheEmptinessMachine,CUBIC,Festive,HTTP/3
2025-05-02 03:00:29,index,201.358999967575,13308.0,TheEmptinessMachine,CUBIC,Festive,HTTP/3
2025-05-02 03:00:31,index,203.358000040054,13308.0,TheEmptinessMachine,CUBIC,Festive,HTTP/3
2025-05-02 03:01:03,index,1.22699999809265,8631.0,TheEmptinessMachine,CUBIC,L2A,HTTP/1.1
2025-05-02 03:01:05,index,3.2260000705719,13308.0,TheEmptinessMachine,CUBIC,L2A,HTTP/1.1
2025-05-02 03:01:07,index,5.22699999809265,8631.0,TheEmptinessMachine,CUBIC,L2A,HTTP/1.1
2025-05-02 03:01:09,index,7.2260000705719,13308.0,TheEmptinessMachine,CUBIC,L2A,HTTP/1.1
2025-05-02 03:01:11,index,9.22499990463257,2781.0,TheEmptinessMachine,CUBIC,L2A,HTTP/1.1
2025-05-02 03:01:13,index,11.2260000705719,13308.0,TheEmptinessMachine,CUBIC,L2A,HTTP/1.1
2025-05-02 03:01:17,index,15.2260000705719,13308.0,TheEmptinessMachine,CUBIC,L2A,HTTP/1.1
2025-05-02 03:01:19,index,17.2260000705719,13308.0,TheEmptinessMachine,CUBIC,L2A,HTTP/1.1
2025-05-02 03:01:21,index,19.2260000705719,1106.0,TheEmptinessMachine,CUBIC,L2A,HTTP/1.1
2025-05-02 03:01:23,index,21.2260000705719,13308.0,TheEmptinessMachine,CUBIC,L2A,HTTP/1.1
2025-05-02 03:01:25,index,23.2260000705719,8631.0,TheEmptinessMachine,CUBIC,L2A,HTTP/1.1
2025-05-02 03:01:27,index,25.2260000705719,1767.0,TheEmptinessMachine,CUBIC,L2A,HTTP/1.1
2025-05-02 03:01:29,index,27.2260000705719,13308.0,TheEmptinessMachine,CUBIC,L2A,HTTP/1.1
2025-05-02 03:01:31,index,29.2260000705719,8631.0,TheEmptinessMachine,CUBIC,L2A,HTTP/1.1
2025-05-02 03:01:33,index,31.2260000705719,4676.0,TheEmptinessMachine,CUBIC,L2A,HTTP/1.1
2025-05-02 03:01:35,index,33.2260000705719,13308.0,TheEmptinessMachine,CUBIC,L2A,HTTP/1.1
2025-05-02 03:01:39,index,37.2260000705719,4692.0,TheEmptinessMachine,CUBIC,L2A,HTTP/1.1
2025-05-02 03:01:41,index,39.2260000705719,13308.0,TheEmptinessMachine,CUBIC,L2A,HTTP/1.1
2025-05-02 03:01:43,index,41.2260000705719,1499.0,TheEmptinessMachine,CUBIC,L2A,HTTP/1.1
2025-05-02 03:01:45,index,43.2260000705719,4676.0,TheEmptinessMachine,CUBIC,L2A,HTTP/1.1
2025-05-02 03:01:47,index,45.2260000705719,13308.0,TheEmptinessMachine,CUBIC,L2A,HTTP/1.1
2025-05-02 03:01:49,index,47.2260000705719,2781.0,TheEmptinessMachine,CUBIC,L2A,HTTP/1.1
2025-05-02 03:01:51,index,49.2260000705719,13308.0,TheEmptinessMachine,CUBIC,L2A,HTTP/1.1
2025-05-02 03:01:53,index,51.2260000705719,13308.0,TheEmptinessMachine,CUBIC,L2A,HTTP/1.1
2025-05-02 03:01:55,index,53.2260000705719,2781.0,TheEmptinessMachine,CUBIC,L2A,HTTP/1.1
2025-05-02 03:01:57,index,55.2260000705719,13308.0,TheEmptinessMachine,CUBIC,L2A,HTTP/1.1
2025-05-02 03:01:59,index,57.2260000705719,1767.0,TheEmptinessMachine,CUBIC,L2A,HTTP/1.1
2025-05-02 03:02:01,index,59.2260000705719,13308.0,TheEmptinessMachine,CUBIC,L2A,HTTP/1.1
2025-05-02 03:02:03,index,61.2260000705719,8631.0,TheEmptinessMachine,CUBIC,L2A,HTTP/1.1
2025-05-02 03:02:05,index,63.2260000705719,1767.0,TheEmptinessMachine,CUBIC,L2A,HTTP/1.1
2025-05-02 03:02:07,index,65.2260000705719,13308.0,TheEmptinessMachine,CUBIC,L2A,HTTP/1.1
2025-05-02 03:02:09,index,67.2260000705719,13308.0,TheEmptinessMachine,CUBIC,L2A,HTTP/1.1
2025-05-02 03:02:11,index,69.2309999465942,1767.0,TheEmptinessMachine,CUBIC,L2A,HTTP/1.1
2025-05-02 03:02:13,index,71.2260000705719,8631.0,TheEmptinessMachine,CUBIC,L2A,HTTP/1.1
2025-05-02 03:02:15,index,73.2260000705719,13308.0,TheEmptinessMachine,CUBIC,L2A,HTTP/1.1
2025-05-02 03:02:17,index,75.2260000705719,13308.0,TheEmptinessMachine,CUBIC,L2A,HTTP/1.1
2025-05-02 03:02:19,index,77.2260000705719,8631.0,TheEmptinessMachine,CUBIC,L2A,HTTP/1.1
2025-05-02 03:02:21,index,79.2260000705719,13308.0,TheEmptinessMachine,CUBIC,L2A,HTTP/1.1
2025-05-02 03:02:23,index,81.2260000705719,13308.0,TheEmptinessMachine,CUBIC,L2A,HTTP/1.1
2025-05-02 03:02:25,index,83.2260000705719,8631.0,TheEmptinessMachine,CUBIC,L2A,HTTP/1.1
2025-05-02 03:02:27,index,85.2269999980927,1106.0,TheEmptinessMachine,CUBIC,L2A,HTTP/1.1
2025-05-02 03:02:29,index,87.2260000705719,8631.0,TheEmptinessMachine,CUBIC,L2A,HTTP/1.1
2025-05-02 03:02:31,index,89.2260000705719,13308.0,TheEmptinessMachine,CUBIC,L2A,HTTP/1.1
2025-05-02 03:02:33,index,91.2260000705719,2781.0,TheEmptinessMachine,CUBIC,L2A,HTTP/1.1
2025-05-02 03:02:35,index,93.2260000705719,8631.0,TheEmptinessMachine,CUBIC,L2A,HTTP/1.1
2025-05-02 03:02:37,index,95.2260000705719,13308.0,TheEmptinessMachine,CUBIC,L2A,HTTP/1.1
2025-05-02 03:02:39,index,97.2260000705719,2781.0,TheEmptinessMachine,CUBIC,L2A,HTTP/1.1
2025-05-02 03:02:41,index,99.2260000705719,8631.0,TheEmptinessMachine,CUBIC,L2A,HTTP/1.1
2025-05-02 03:02:43,index,101.226000070572,1767.0,TheEmptinessMachine,CUBIC,L2A,HTTP/1.1
2025-05-02 03:02:45,index,103.226000070572,13308.0,TheEmptinessMachine,CUBIC,L2A,HTTP/1.1
2025-05-02 03:02:47,index,105.226000070572,8631.0,TheEmptinessMachine,CUBIC,L2A,HTTP/1.1
2025-05-02 03:02:49,index,107.226000070572,4676.0,TheEmptinessMachine,CUBIC,L2A,HTTP/1.1
2025-05-02 03:02:51,index,109.226000070572,13308.0,TheEmptinessMachine,CUBIC,L2A,HTTP/1.1
2025-05-02 03:02:53,index,111.226000070572,8631.0,TheEmptinessMachine,CUBIC,L2A,HTTP/1.1
2025-05-02 03:02:55,index,113.226000070572,4676.0,TheEmptinessMachine,CUBIC,L2A,HTTP/1.1
2025-05-02 03:02:57,index,115.226999998093,13308.0,TheEmptinessMachine,CUBIC,L2A,HTTP/1.1
2025-05-02 03:02:59,index,117.226000070572,13308.0,TheEmptinessMachine,CUBIC,L2A,HTTP/1.1
2025-05-02 03:03:01,index,119.226999998093,13308.0,TheEmptinessMachine,CUBIC,L2A,HTTP/1.1
2025-05-02 03:03:03,index,121.226000070572,8631.0,TheEmptinessMachine,CUBIC,L2A,HTTP/1.1
2025-05-02 03:03:07,index,125.226000070572,4692.0,TheEmptinessMachine,CUBIC,L2A,HTTP/1.1
2025-05-02 03:03:09,index,127.226000070572,13308.0,TheEmptinessMachine,CUBIC,L2A,HTTP/1.1
2025-05-02 03:03:11,index,129.226000070572,2781.0,TheEmptinessMachine,CUBIC,L2A,HTTP/1.1
2025-05-02 03:03:13,index,131.226000070572,4676.0,TheEmptinessMachine,CUBIC,L2A,HTTP/1.1
2025-05-02 03:03:15,index,133.226000070572,13308.0,TheEmptinessMachine,CUBIC,L2A,HTTP/1.1
2025-05-02 03:03:17,index,135.226000070572,4692.0,TheEmptinessMachine,CUBIC,L2A,HTTP/1.1
2025-05-02 03:03:19,index,137.226999998093,13308.0,TheEmptinessMachine,CUBIC,L2A,HTTP/1.1
2025-05-02 03:03:21,index,139.226000070572,13308.0,TheEmptinessMachine,CUBIC,L2A,HTTP/1.1
2025-05-02 03:03:23,index,141.226000070572,2781.0,TheEmptinessMachine,CUBIC,L2A,HTTP/1.1
2025-05-02 03:03:25,index,143.226999998093,8631.0,TheEmptinessMachine,CUBIC,L2A,HTTP/1.1
2025-05-02 03:03:27,index,145.226000070572,980.0,TheEmptinessMachine,CUBIC,L2A,HTTP/1.1
2025-05-02 03:03:29,index,147.226000070572,13308.0,TheEmptinessMachine,CUBIC,L2A,HTTP/1.1
2025-05-02 03:03:31,index,149.226000070572,13308.0,TheEmptinessMachine,CUBIC,L2A,HTTP/1.1
2025-05-02 03:03:33,index,151.226000070572,2781.0,TheEmptinessMachine,CUBIC,L2A,HTTP/1.1
2025-05-02 03:03:35,index,153.226000070572,13308.0,TheEmptinessMachine,CUBIC,L2A,HTTP/1.1
2025-05-02 03:03:37,index,155.226000070572,8631.0,TheEmptinessMachine,CUBIC,L2A,HTTP/1.1
2025-05-02 03:03:39,index,157.226000070572,4676.0,TheEmptinessMachine,CUBIC,L2A,HTTP/1.1
2025-05-02 03:03:41,index,159.226000070572,13308.0,TheEmptinessMachine,CUBIC,L2A,HTTP/1.1
2025-05-02 03:03:43,index,161.226000070572,8631.0,TheEmptinessMachine,CUBIC,L2A,HTTP/1.1
2025-05-02 03:03:45,index,163.226999998093,4676.0,TheEmptinessMachine,CUBIC,L2A,HTTP/1.1
2025-05-02 03:03:47,index,165.226000070572,13308.0,TheEmptinessMachine,CUBIC,L2A,HTTP/1.1
2025-05-02 03:03:49,index,167.226999998093,2974.0,TheEmptinessMachine,CUBIC,L2A,HTTP/1.1
2025-05-02 03:03:51,index,169.226000070572,8631.0,TheEmptinessMachine,CUBIC,L2A,HTTP/1.1
2025-05-02 03:03:53,index,171.226000070572,8631.0,TheEmptinessMachine,CUBIC,L2A,HTTP/1.1
2025-05-02 03:03:55,index,173.226000070572,1767.0,TheEmptinessMachine,CUBIC,L2A,HTTP/1.1
2025-05-02 03:03:57,index,175.226000070572,13308.0,TheEmptinessMachine,CUBIC,L2A,HTTP/1.1
2025-05-02 03:03:59,index,177.226000070572,8631.0,TheEmptinessMachine,CUBIC,L2A,HTTP/1.1
2025-05-02 03:04:01,index,179.226000070572,4676.0,TheEmptinessMachine,CUBIC,L2A,HTTP/1.1
2025-05-02 03:04:03,index,181.226000070572,13308.0,TheEmptinessMachine,CUBIC,L2A,HTTP/1.1
2025-05-02 03:04:05,index,183.226000070572,8631.0,TheEmptinessMachine,CUBIC,L2A,HTTP/1.1
2025-05-02 03:04:07,index,185.226000070572,4692.0,TheEmptinessMachine,CUBIC,L2A,HTTP/1.1
2025-05-02 03:04:09,index,187.226000070572,13308.0,TheEmptinessMachine,CUBIC,L2A,HTTP/1.1
2025-05-02 03:04:11,index,189.230000019073,980.0,TheEmptinessMachine,CUBIC,L2A,HTTP/1.1
2025-05-02 03:04:13,index,191.226999998093,4676.0,TheEmptinessMachine,CUBIC,L2A,HTTP/1.1
2025-05-02 03:04:15,index,193.226000070572,8631.0,TheEmptinessMachine,CUBIC,L2A,HTTP/1.1
2025-05-02 03:04:17,index,195.226000070572,4676.0,TheEmptinessMachine,CUBIC,L2A,HTTP/1.1
2025-05-02 03:04:19,index,197.226000070572,13308.0,TheEmptinessMachine,CUBIC,L2A,HTTP/1.1
2025-05-02 03:04:21,index,199.226000070572,8631.0,TheEmptinessMachine,CUBIC,L2A,HTTP/1.1
2025-05-02 03:04:23,index,201.226000070572,4676.0,TheEmptinessMachine,CUBIC,L2A,HTTP/1.1
2025-05-02 03:04:25,index,203.226000070572,1767.0,TheEmptinessMachine,CUBIC,L2A,HTTP/1.1
2025-05-02 03:04:56,index,1.20300006866455,13308.0,TheEmptinessMachine,CUBIC,L2A,HTTP/2
2025-05-02 03:04:58,index,3.2020001411438,4676.0,TheEmptinessMachine,CUBIC,L2A,HTTP/2
2025-05-02 03:05:01,index,5.73000001907349,4676.0,TheEmptinessMachine,CUBIC,L2A,HTTP/2
2025-05-02 03:05:02,index,7.2020001411438,8631.0,TheEmptinessMachine,CUBIC,L2A,HTTP/2
2025-05-02 03:05:04,index,9.2020001411438,8631.0,TheEmptinessMachine,CUBIC,L2A,HTTP/2
2025-05-02 03:05:06,index,11.2020001411438,8631.0,TheEmptinessMachine,CUBIC,L2A,HTTP/2
2025-05-02 03:05:08,index,13.2020001411438,13308.0,TheEmptinessMachine,CUBIC,L2A,HTTP/2
2025-05-02 03:05:10,index,15.2020001411438,13308.0,TheEmptinessMachine,CUBIC,L2A,HTTP/2
2025-05-02 03:05:12,index,17.201000213623,13308.0,TheEmptinessMachine,CUBIC,L2A,HTTP/2
2025-05-02 03:05:14,index,19.201000213623,13308.0,TheEmptinessMachine,CUBIC,L2A,HTTP/2
2025-05-02 03:05:16,index,21.2020001411438,13308.0,TheEmptinessMachine,CUBIC,L2A,HTTP/2
2025-05-02 03:05:18,index,23.2020001411438,4692.0,TheEmptinessMachine,CUBIC,L2A,HTTP/2
2025-05-02 03:05:20,index,25.2020001411438,13308.0,TheEmptinessMachine,CUBIC,L2A,HTTP/2
2025-05-02 03:05:22,index,27.2020001411438,8631.0,TheEmptinessMachine,CUBIC,L2A,HTTP/2
2025-05-02 03:05:24,index,29.2020001411438,2781.0,TheEmptinessMachine,CUBIC,L2A,HTTP/2
2025-05-02 03:05:26,index,31.2020001411438,13308.0,TheEmptinessMachine,CUBIC,L2A,HTTP/2
2025-05-02 03:05:28,index,33.2020001411438,13308.0,TheEmptinessMachine,CUBIC,L2A,HTTP/2
2025-05-02 03:05:30,index,35.2020001411438,2781.0,TheEmptinessMachine,CUBIC,L2A,HTTP/2
2025-05-02 03:05:32,index,37.201000213623,13308.0,TheEmptinessMachine,CUBIC,L2A,HTTP/2
2025-05-02 03:05:34,index,39.2020001411438,13308.0,TheEmptinessMachine,CUBIC,L2A,HTTP/2
2025-05-02 03:05:36,index,41.2020001411438,2974.0,TheEmptinessMachine,CUBIC,L2A,HTTP/2
2025-05-02 03:05:38,index,43.2020001411438,8631.0,TheEmptinessMachine,CUBIC,L2A,HTTP/2
2025-05-02 03:05:40,index,45.201000213623,1767.0,TheEmptinessMachine,CUBIC,L2A,HTTP/2
2025-05-02 03:05:42,index,47.2020001411438,13308.0,TheEmptinessMachine,CUBIC,L2A,HTTP/2
2025-05-02 03:05:44,index,49.2020001411438,13308.0,TheEmptinessMachine,CUBIC,L2A,HTTP/2
2025-05-02 03:05:46,index,51.2020001411438,2781.0,TheEmptinessMachine,CUBIC,L2A,HTTP/2
2025-05-02 03:05:48,index,53.201000213623,13308.0,TheEmptinessMachine,CUBIC,L2A,HTTP/2
2025-05-02 03:05:50,index,55.2020001411438,13308.0,TheEmptinessMachine,CUBIC,L2A,HTTP/2
2025-05-02 03:05:52,index,57.2020001411438,2781.0,TheEmptinessMachine,CUBIC,L2A,HTTP/2
2025-05-02 03:05:54,index,59.2020001411438,13308.0,TheEmptinessMachine,CUBIC,L2A,HTTP/2
2025-05-02 03:05:58,index,63.2020001411438,13308.0,TheEmptinessMachine,CUBIC,L2A,HTTP/2
2025-05-02 03:06:00,index,65.201000213623,8631.0,TheEmptinessMachine,CUBIC,L2A,HTTP/2
2025-05-02 03:06:02,index,67.2020001411438,1767.0,TheEmptinessMachine,CUBIC,L2A,HTTP/2
2025-05-02 03:06:04,index,69.2020001411438,13308.0,TheEmptinessMachine,CUBIC,L2A,HTTP/2
2025-05-02 03:06:06,index,71.2020001411438,13308.0,TheEmptinessMachine,CUBIC,L2A,HTTP/2
2025-05-02 03:06:08,index,73.201000213623,13308.0,TheEmptinessMachine,CUBIC,L2A,HTTP/2
2025-05-02 03:06:10,index,75.2020001411438,8631.0,TheEmptinessMachine,CUBIC,L2A,HTTP/2
2025-05-02 03:06:12,index,77.2020001411438,13308.0,TheEmptinessMachine,CUBIC,L2A,HTTP/2
2025-05-02 03:06:14,index,79.2020001411438,13308.0,TheEmptinessMachine,CUBIC,L2A,HTTP/2
2025-05-02 03:06:16,index,81.2020001411438,13308.0,TheEmptinessMachine,CUBIC,L2A,HTTP/2
2025-05-02 03:06:18,index,83.2020001411438,980.0,TheEmptinessMachine,CUBIC,L2A,HTTP/2
2025-05-02 03:06:20,index,85.2020001411438,4692.0,TheEmptinessMachine,CUBIC,L2A,HTTP/2
2025-05-02 03:06:22,index,87.2020001411438,13308.0,TheEmptinessMachine,CUBIC,L2A,HTTP/2
2025-05-02 03:06:24,index,89.201000213623,1767.0,TheEmptinessMachine,CUBIC,L2A,HTTP/2
2025-05-02 03:06:26,index,91.2020001411438,13308.0,TheEmptinessMachine,CUBIC,L2A,HTTP/2
2025-05-02 03:06:28,index,93.2020001411438,8631.0,TheEmptinessMachine,CUBIC,L2A,HTTP/2
2025-05-02 03:06:30,index,95.2020001411438,4676.0,TheEmptinessMachine,CUBIC,L2A,HTTP/2
2025-05-02 03:06:32,index,97.2020001411438,8631.0,TheEmptinessMachine,CUBIC,L2A,HTTP/2
2025-05-02 03:06:34,index,99.2020001411438,13308.0,TheEmptinessMachine,CUBIC,L2A,HTTP/2
2025-05-02 03:06:36,index,101.202000141144,2781.0,TheEmptinessMachine,CUBIC,L2A,HTTP/2
2025-05-02 03:06:38,index,103.202000141144,8631.0,TheEmptinessMachine,CUBIC,L2A,HTTP/2
2025-05-02 03:06:40,index,105.202000141144,1767.0,TheEmptinessMachine,CUBIC,L2A,HTTP/2
2025-05-02 03:06:42,index,107.202000141144,13308.0,TheEmptinessMachine,CUBIC,L2A,HTTP/2
2025-05-02 03:06:44,index,109.202000141144,8631.0,TheEmptinessMachine,CUBIC,L2A,HTTP/2
2025-05-02 03:06:46,index,111.202000141144,4676.0,TheEmptinessMachine,CUBIC,L2A,HTTP/2
2025-05-02 03:06:48,index,113.202000141144,8631.0,TheEmptinessMachine,CUBIC,L2A,HTTP/2
2025-05-02 03:06:50,index,115.202000141144,8631.0,TheEmptinessMachine,CUBIC,L2A,HTTP/2
2025-05-02 03:06:52,index,117.201000213623,4676.0,TheEmptinessMachine,CUBIC,L2A,HTTP/2
2025-05-02 03:06:54,index,119.202000141144,4676.0,TheEmptinessMachine,CUBIC,L2A,HTTP/2
2025-05-02 03:06:56,index,121.201000213623,4676.0,TheEmptinessMachine,CUBIC,L2A,HTTP/2
2025-05-02 03:06:58,index,123.201000213623,4676.0,TheEmptinessMachine,CUBIC,L2A,HTTP/2
2025-05-02 03:07:00,index,125.202000141144,4676.0,TheEmptinessMachine,CUBIC,L2A,HTTP/2
2025-05-02 03:07:02,index,127.202000141144,4676.0,TheEmptinessMachine,CUBIC,L2A,HTTP/2
2025-05-02 03:07:04,index,129.202000141144,3486.0,TheEmptinessMachine,CUBIC,L2A,HTTP/2
2025-05-02 03:07:06,index,131.202000141144,3486.0,TheEmptinessMachine,CUBIC,L2A,HTTP/2
2025-05-02 03:07:08,index,133.202000141144,3486.0,TheEmptinessMachine,CUBIC,L2A,HTTP/2
2025-05-02 03:07:10,index,135.202000141144,3486.0,TheEmptinessMachine,CUBIC,L2A,HTTP/2
2025-05-02 03:07:12,index,137.202000141144,3486.0,TheEmptinessMachine,CUBIC,L2A,HTTP/2
2025-05-02 03:07:14,index,139.201000213623,3486.0,TheEmptinessMachine,CUBIC,L2A,HTTP/2
2025-05-02 03:07:16,index,141.202000141144,3486.0,TheEmptinessMachine,CUBIC,L2A,HTTP/2
2025-05-02 03:07:18,index,143.202000141144,6978.0,TheEmptinessMachine,CUBIC,L2A,HTTP/2
2025-05-02 03:07:20,index,145.202000141144,6978.0,TheEmptinessMachine,CUBIC,L2A,HTTP/2
2025-05-02 03:07:22,index,147.202000141144,6978.0,TheEmptinessMachine,CUBIC,L2A,HTTP/2
2025-05-02 03:07:24,index,149.202000141144,6978.0,TheEmptinessMachine,CUBIC,L2A,HTTP/2
2025-05-02 03:07:26,index,151.201000213623,6978.0,TheEmptinessMachine,CUBIC,L2A,HTTP/2
2025-05-02 03:07:28,index,153.202000141144,13308.0,TheEmptinessMachine,CUBIC,L2A,HTTP/2
2025-05-02 03:07:30,index,155.202000141144,13308.0,TheEmptinessMachine,CUBIC,L2A,HTTP/2
2025-05-02 03:07:32,index,157.202000141144,2781.0,TheEmptinessMachine,CUBIC,L2A,HTTP/2
2025-05-02 03:07:34,index,159.202000141144,8631.0,TheEmptinessMachine,CUBIC,L2A,HTTP/2
2025-05-02 03:07:36,index,161.202000141144,2781.0,TheEmptinessMachine,CUBIC,L2A,HTTP/2
2025-05-02 03:07:38,index,163.202000141144,13308.0,TheEmptinessMachine,CUBIC,L2A,HTTP/2
2025-05-02 03:07:40,index,165.201000213623,8631.0,TheEmptinessMachine,CUBIC,L2A,HTTP/2
2025-05-02 03:07:42,index,167.202000141144,4676.0,TheEmptinessMachine,CUBIC,L2A,HTTP/2
2025-05-02 03:07:44,index,169.202000141144,8631.0,TheEmptinessMachine,CUBIC,L2A,HTTP/2
2025-05-02 03:07:46,index,171.202000141144,1767.0,TheEmptinessMachine,CUBIC,L2A,HTTP/2
2025-05-02 03:07:48,index,173.202000141144,4692.0,TheEmptinessMachine,CUBIC,L2A,HTTP/2
2025-05-02 03:07:50,index,175.202000141144,4676.0,TheEmptinessMachine,CUBIC,L2A,HTTP/2
2025-05-02 03:07:52,index,177.202000141144,2781.0,TheEmptinessMachine,CUBIC,L2A,HTTP/2
2025-05-02 03:07:54,index,179.201000213623,4676.0,TheEmptinessMachine,CUBIC,L2A,HTTP/2
2025-05-02 03:07:56,index,181.202000141144,4676.0,TheEmptinessMachine,CUBIC,L2A,HTTP/2
2025-05-02 03:07:58,index,183.201000213623,3486.0,TheEmptinessMachine,CUBIC,L2A,HTTP/2
2025-05-02 03:08:00,index,185.202000141144,3486.0,TheEmptinessMachine,CUBIC,L2A,HTTP/2
2025-05-02 03:08:02,index,187.202000141144,3486.0,TheEmptinessMachine,CUBIC,L2A,HTTP/2
2025-05-02 03:08:04,index,189.201000213623,3486.0,TheEmptinessMachine,CUBIC,L2A,HTTP/2
2025-05-02 03:08:06,index,191.202000141144,3486.0,TheEmptinessMachine,CUBIC,L2A,HTTP/2
2025-05-02 03:08:08,index,193.201000213623,3486.0,TheEmptinessMachine,CUBIC,L2A,HTTP/2
2025-05-02 03:08:10,index,195.202000141144,3486.0,TheEmptinessMachine,CUBIC,L2A,HTTP/2
2025-05-02 03:08:12,index,197.202000141144,3486.0,TheEmptinessMachine,CUBIC,L2A,HTTP/2
2025-05-02 03:08:14,index,199.201000213623,3486.0,TheEmptinessMachine,CUBIC,L2A,HTTP/2
2025-05-02 03:08:16,index,201.202000141144,3486.0,TheEmptinessMachine,CUBIC,L2A,HTTP/2
2025-05-02 03:08:18,index,203.202000141144,3486.0,TheEmptinessMachine,CUBIC,L2A,HTTP/2
2025-05-02 03:08:20,index,205.202000141144,3486.0,TheEmptinessMachine,CUBIC,L2A,HTTP/2
2025-05-02 03:08:22,index,207.202000141144,3486.0,TheEmptinessMachine,CUBIC,L2A,HTTP/2
2025-05-02 03:08:50,index,1.21499991416931,8631.0,TheEmptinessMachine,CUBIC,L2A,HTTP/3
2025-05-02 03:08:52,index,3.21399998664856,13308.0,TheEmptinessMachine,CUBIC,L2A,HTTP/3
2025-05-02 03:08:54,index,5.21399998664856,8631.0,TheEmptinessMachine,CUBIC,L2A,HTTP/3
2025-05-02 03:08:56,index,7.21399998664856,13308.0,TheEmptinessMachine,CUBIC,L2A,HTTP/3
2025-05-02 03:08:58,index,9.21299982070923,2781.0,TheEmptinessMachine,CUBIC,L2A,HTTP/3
2025-05-02 03:09:00,index,11.2139999866486,8631.0,TheEmptinessMachine,CUBIC,L2A,HTTP/3
2025-05-02 03:09:02,index,13.2139999866486,13308.0,TheEmptinessMachine,CUBIC,L2A,HTTP/3
2025-05-02 03:09:04,index,15.2129998207092,13308.0,TheEmptinessMachine,CUBIC,L2A,HTTP/3
2025-05-02 03:09:06,index,17.2139999866486,8631.0,TheEmptinessMachine,CUBIC,L2A,HTTP/3
2025-05-02 03:09:08,index,19.2139999866486,1499.0,TheEmptinessMachine,CUBIC,L2A,HTTP/3
2025-05-02 03:09:10,index,21.2139999866486,4676.0,TheEmptinessMachine,CUBIC,L2A,HTTP/3
2025-05-02 03:09:12,index,23.2139999866486,13308.0,TheEmptinessMachine,CUBIC,L2A,HTTP/3
2025-05-02 03:09:14,index,25.2139999866486,4692.0,TheEmptinessMachine,CUBIC,L2A,HTTP/3
2025-05-02 03:09:16,index,27.2139999866486,8631.0,TheEmptinessMachine,CUBIC,L2A,HTTP/3
2025-05-02 03:09:18,index,29.2139999866486,8631.0,TheEmptinessMachine,CUBIC,L2A,HTTP/3
2025-05-02 03:09:20,index,31.2139999866486,4676.0,TheEmptinessMachine,CUBIC,L2A,HTTP/3
2025-05-02 03:09:22,index,33.2139999866486,13308.0,TheEmptinessMachine,CUBIC,L2A,HTTP/3
2025-05-02 03:09:24,index,35.2139999866486,13308.0,TheEmptinessMachine,CUBIC,L2A,HTTP/3
2025-05-02 03:09:26,index,37.2139999866486,13308.0,TheEmptinessMachine,CUBIC,L2A,HTTP/3
2025-05-02 03:09:28,index,39.2139999866486,8631.0,TheEmptinessMachine,CUBIC,L2A,HTTP/3
2025-05-02 03:09:30,index,41.2139999866486,1767.0,TheEmptinessMachine,CUBIC,L2A,HTTP/3
2025-05-02 03:09:32,index,43.2139999866486,13308.0,TheEmptinessMachine,CUBIC,L2A,HTTP/3
2025-05-02 03:09:34,index,45.2139999866486,8631.0,TheEmptinessMachine,CUBIC,L2A,HTTP/3
2025-05-02 03:09:36,index,47.2139999866486,4692.0,TheEmptinessMachine,CUBIC,L2A,HTTP/3
2025-05-02 03:09:38,index,49.2129998207092,8631.0,TheEmptinessMachine,CUBIC,L2A,HTTP/3
2025-05-02 03:09:40,index,51.2159998416901,13308.0,TheEmptinessMachine,CUBIC,L2A,HTTP/3
2025-05-02 03:09:42,index,53.2139999866486,2781.0,TheEmptinessMachine,CUBIC,L2A,HTTP/3
2025-05-02 03:09:44,index,55.2139999866486,13308.0,TheEmptinessMachine,CUBIC,L2A,HTTP/3
2025-05-02 03:09:46,index,57.2170000076294,13308.0,TheEmptinessMachine,CUBIC,L2A,HTTP/3
2025-05-02 03:09:48,index,59.2139999866486,13308.0,TheEmptinessMachine,CUBIC,L2A,HTTP/3
2025-05-02 03:09:50,index,61.2139999866486,8631.0,TheEmptinessMachine,CUBIC,L2A,HTTP/3
2025-05-02 03:09:52,index,63.2139999866486,1767.0,TheEmptinessMachine,CUBIC,L2A,HTTP/3
2025-05-02 03:09:54,index,65.2139999866486,13308.0,TheEmptinessMachine,CUBIC,L2A,HTTP/3
2025-05-02 03:09:56,index,67.2139999866486,13308.0,TheEmptinessMachine,CUBIC,L2A,HTTP/3
2025-05-02 03:09:58,index,69.2139999866486,1767.0,TheEmptinessMachine,CUBIC,L2A,HTTP/3
2025-05-02 03:10:00,index,71.2139999866486,8631.0,TheEmptinessMachine,CUBIC,L2A,HTTP/3
2025-05-02 03:10:02,index,73.2139999866486,13308.0,TheEmptinessMachine,CUBIC,L2A,HTTP/3
2025-05-02 03:10:04,index,75.2139999866486,13308.0,TheEmptinessMachine,CUBIC,L2A,HTTP/3
2025-05-02 03:10:06,index,77.2139999866486,8631.0,TheEmptinessMachine,CUBIC,L2A,HTTP/3
2025-05-02 03:10:08,index,79.2139999866486,13308.0,TheEmptinessMachine,CUBIC,L2A,HTTP/3
2025-05-02 03:10:10,index,81.2139999866486,13308.0,TheEmptinessMachine,CUBIC,L2A,HTTP/3
2025-05-02 03:10:12,index,83.2139999866486,8631.0,TheEmptinessMachine,CUBIC,L2A,HTTP/3
2025-05-02 03:10:14,index,85.2139999866486,1499.0,TheEmptinessMachine,CUBIC,L2A,HTTP/3
2025-05-02 03:10:16,index,87.2139999866486,8631.0,TheEmptinessMachine,CUBIC,L2A,HTTP/3
2025-05-02 03:10:18,index,89.2139999866486,13308.0,TheEmptinessMachine,CUBIC,L2A,HTTP/3
2025-05-02 03:10:20,index,91.2139999866486,2781.0,TheEmptinessMachine,CUBIC,L2A,HTTP/3
2025-05-02 03:10:22,index,93.2129998207092,8631.0,TheEmptinessMachine,CUBIC,L2A,HTTP/3
2025-05-02 03:10:24,index,95.2139999866486,13308.0,TheEmptinessMachine,CUBIC,L2A,HTTP/3
2025-05-02 03:10:26,index,97.2189998626709,2781.0,TheEmptinessMachine,CUBIC,L2A,HTTP/3
2025-05-02 03:10:28,index,99.2139999866486,8631.0,TheEmptinessMachine,CUBIC,L2A,HTTP/3
2025-05-02 03:10:30,index,101.231999874115,8631.0,TheEmptinessMachine,CUBIC,L2A,HTTP/3
2025-05-02 03:10:32,index,103.213999986649,4692.0,TheEmptinessMachine,CUBIC,L2A,HTTP/3
2025-05-02 03:10:34,index,105.213999986649,8631.0,TheEmptinessMachine,CUBIC,L2A,HTTP/3
2025-05-02 03:10:36,index,107.213999986649,1499.0,TheEmptinessMachine,CUBIC,L2A,HTTP/3
2025-05-02 03:10:38,index,109.213999986649,4676.0,TheEmptinessMachine,CUBIC,L2A,HTTP/3
2025-05-02 03:10:40,index,111.213999986649,4676.0,TheEmptinessMachine,CUBIC,L2A,HTTP/3
2025-05-02 03:10:42,index,113.212999820709,4676.0,TheEmptinessMachine,CUBIC,L2A,HTTP/3
2025-05-02 03:10:44,index,115.213999986649,4676.0,TheEmptinessMachine,CUBIC,L2A,HTTP/3
2025-05-02 03:10:46,index,117.213999986649,4676.0,TheEmptinessMachine,CUBIC,L2A,HTTP/3
2025-05-02 03:10:48,index,119.212999820709,3486.0,TheEmptinessMachine,CUBIC,L2A,HTTP/3
2025-05-02 03:10:50,index,121.213999986649,3486.0,TheEmptinessMachine,CUBIC,L2A,HTTP/3
2025-05-02 03:10:52,index,123.213999986649,3486.0,TheEmptinessMachine,CUBIC,L2A,HTTP/3
2025-05-02 03:10:54,index,125.213999986649,3486.0,TheEmptinessMachine,CUBIC,L2A,HTTP/3
2025-05-02 03:10:56,index,127.213999986649,3486.0,TheEmptinessMachine,CUBIC,L2A,HTTP/3
2025-05-02 03:10:58,index,129.212999820709,3486.0,TheEmptinessMachine,CUBIC,L2A,HTTP/3
2025-05-02 03:11:00,index,131.213999986649,3486.0,TheEmptinessMachine,CUBIC,L2A,HTTP/3
2025-05-02 03:11:02,index,133.213999986649,6978.0,TheEmptinessMachine,CUBIC,L2A,HTTP/3
2025-05-02 03:11:04,index,135.212999820709,6978.0,TheEmptinessMachine,CUBIC,L2A,HTTP/3
2025-05-02 03:11:06,index,137.213999986649,6978.0,TheEmptinessMachine,CUBIC,L2A,HTTP/3
2025-05-02 03:11:08,index,139.213999986649,6978.0,TheEmptinessMachine,CUBIC,L2A,HTTP/3
2025-05-02 03:11:10,index,141.213999986649,6978.0,TheEmptinessMachine,CUBIC,L2A,HTTP/3
2025-05-02 03:11:12,index,143.213999986649,8631.0,TheEmptinessMachine,CUBIC,L2A,HTTP/3
2025-05-02 03:11:14,index,145.213999986649,8631.0,TheEmptinessMachine,CUBIC,L2A,HTTP/3
2025-05-02 03:11:16,index,147.212999820709,8631.0,TheEmptinessMachine,CUBIC,L2A,HTTP/3
2025-05-02 03:11:18,index,149.213999986649,8631.0,TheEmptinessMachine,CUBIC,L2A,HTTP/3
2025-05-02 03:11:20,index,151.213999986649,8631.0,TheEmptinessMachine,CUBIC,L2A,HTTP/3
2025-05-02 03:11:22,index,153.213999986649,8631.0,TheEmptinessMachine,CUBIC,L2A,HTTP/3
2025-05-02 03:11:24,index,155.213999986649,8631.0,TheEmptinessMachine,CUBIC,L2A,HTTP/3
2025-05-02 03:11:26,index,157.213999986649,4676.0,TheEmptinessMachine,CUBIC,L2A,HTTP/3
2025-05-02 03:11:28,index,159.213999986649,4676.0,TheEmptinessMachine,CUBIC,L2A,HTTP/3
2025-05-02 03:11:30,index,161.213999986649,4676.0,TheEmptinessMachine,CUBIC,L2A,HTTP/3
2025-05-02 03:11:32,index,163.212999820709,4676.0,TheEmptinessMachine,CUBIC,L2A,HTTP/3
2025-05-02 03:11:34,index,165.212999820709,4676.0,TheEmptinessMachine,CUBIC,L2A,HTTP/3
2025-05-02 03:11:36,index,167.213999986649,4676.0,TheEmptinessMachine,CUBIC,L2A,HTTP/3
2025-05-02 03:11:38,index,169.213999986649,4676.0,TheEmptinessMachine,CUBIC,L2A,HTTP/3
2025-05-02 03:11:40,index,171.213999986649,4676.0,TheEmptinessMachine,CUBIC,L2A,HTTP/3
2025-05-02 03:11:42,index,173.213999986649,4676.0,TheEmptinessMachine,CUBIC,L2A,HTTP/3
2025-05-02 03:11:44,index,175.212999820709,4676.0,TheEmptinessMachine,CUBIC,L2A,HTTP/3
2025-05-02 03:11:46,index,177.213999986649,4676.0,TheEmptinessMachine,CUBIC,L2A,HTTP/3
2025-05-02 03:11:48,index,179.213999986649,4676.0,TheEmptinessMachine,CUBIC,L2A,HTTP/3
2025-05-02 03:11:50,index,181.213999986649,4676.0,TheEmptinessMachine,CUBIC,L2A,HTTP/3
2025-05-02 03:11:52,index,183.213999986649,4676.0,TheEmptinessMachine,CUBIC,L2A,HTTP/3
2025-05-02 03:11:54,index,185.213999986649,6978.0,TheEmptinessMachine,CUBIC,L2A,HTTP/3
2025-05-02 03:11:56,index,187.213999986649,6978.0,TheEmptinessMachine,CUBIC,L2A,HTTP/3
2025-05-02 03:11:58,index,189.213999986649,6978.0,TheEmptinessMachine,CUBIC,L2A,HTTP/3
2025-05-02 03:12:00,index,191.213999986649,6978.0,TheEmptinessMachine,CUBIC,L2A,HTTP/3
2025-05-02 03:12:02,index,193.213999986649,6978.0,TheEmptinessMachine,CUBIC,L2A,HTTP/3
2025-05-02 03:12:04,index,195.213999986649,13308.0,TheEmptinessMachine,CUBIC,L2A,HTTP/3
2025-05-02 03:12:06,index,197.213999986649,4676.0,TheEmptinessMachine,CUBIC,L2A,HTTP/3
2025-05-02 03:12:08,index,199.212999820709,13308.0,TheEmptinessMachine,CUBIC,L2A,HTTP/3
2025-05-02 03:12:10,index,201.213999986649,13308.0,TheEmptinessMachine,CUBIC,L2A,HTTP/3
2025-05-02 03:12:12,index,203.213999986649,13308.0,TheEmptinessMachine,CUBIC,L2A,HTTP/3
2025-05-02 03:12:47,index,1.21799993515015,8631.0,TheEmptinessMachine,CUBIC,RB,HTTP/1.1
2025-05-02 03:12:49,index,3.21700000762939,13308.0,TheEmptinessMachine,CUBIC,RB,HTTP/1.1
2025-05-02 03:12:51,index,5.21700000762939,13308.0,TheEmptinessMachine,CUBIC,RB,HTTP/1.1
2025-05-02 03:12:53,index,7.21799993515015,13308.0,TheEmptinessMachine,CUBIC,RB,HTTP/1.1
2025-05-02 03:12:55,index,9.21799993515015,13308.0,TheEmptinessMachine,CUBIC,RB,HTTP/1.1
2025-05-02 03:12:57,index,11.2179999351501,13308.0,TheEmptinessMachine,CUBIC,RB,HTTP/1.1
2025-05-02 03:12:59,index,13.2170000076294,13308.0,TheEmptinessMachine,CUBIC,RB,HTTP/1.1
2025-05-02 03:13:01,index,15.2179999351501,76.0,TheEmptinessMachine,CUBIC,RB,HTTP/1.1
2025-05-02 03:13:03,index,17.2170000076294,13308.0,TheEmptinessMachine,CUBIC,RB,HTTP/1.1
2025-05-02 03:13:05,index,19.2179999351501,13308.0,TheEmptinessMachine,CUBIC,RB,HTTP/1.1
2025-05-02 03:13:07,index,21.2170000076294,13308.0,TheEmptinessMachine,CUBIC,RB,HTTP/1.1
2025-05-02 03:13:09,index,23.2179999351501,13308.0,TheEmptinessMachine,CUBIC,RB,HTTP/1.1
2025-05-02 03:13:11,index,25.2179999351501,13308.0,TheEmptinessMachine,CUBIC,RB,HTTP/1.1
2025-05-02 03:13:13,index,27.2179999351501,13308.0,TheEmptinessMachine,CUBIC,RB,HTTP/1.1
2025-05-02 03:13:15,index,29.2179999351501,13308.0,TheEmptinessMachine,CUBIC,RB,HTTP/1.1
2025-05-02 03:13:17,index,31.2170000076294,13308.0,TheEmptinessMachine,CUBIC,RB,HTTP/1.1
2025-05-02 03:13:19,index,33.2179999351501,13308.0,TheEmptinessMachine,CUBIC,RB,HTTP/1.1
2025-05-02 03:13:21,index,35.2179999351501,13308.0,TheEmptinessMachine,CUBIC,RB,HTTP/1.1
2025-05-02 03:13:23,index,37.2170000076294,76.0,TheEmptinessMachine,CUBIC,RB,HTTP/1.1
2025-05-02 03:13:25,index,39.2179999351501,13308.0,TheEmptinessMachine,CUBIC,RB,HTTP/1.1
2025-05-02 03:13:27,index,41.2170000076294,13308.0,TheEmptinessMachine,CUBIC,RB,HTTP/1.1
2025-05-02 03:13:29,index,43.2279999256134,13308.0,TheEmptinessMachine,CUBIC,RB,HTTP/1.1
2025-05-02 03:13:31,index,45.2170000076294,13308.0,TheEmptinessMachine,CUBIC,RB,HTTP/1.1
2025-05-02 03:13:33,index,47.2170000076294,13308.0,TheEmptinessMachine,CUBIC,RB,HTTP/1.1
2025-05-02 03:13:35,index,49.2170000076294,13308.0,TheEmptinessMachine,CUBIC,RB,HTTP/1.1
2025-05-02 03:13:37,index,51.2179999351501,13308.0,TheEmptinessMachine,CUBIC,RB,HTTP/1.1
2025-05-02 03:13:39,index,53.2170000076294,76.0,TheEmptinessMachine,CUBIC,RB,HTTP/1.1
2025-05-02 03:13:41,index,55.2179999351501,13308.0,TheEmptinessMachine,CUBIC,RB,HTTP/1.1
2025-05-02 03:13:43,index,57.2179999351501,13308.0,TheEmptinessMachine,CUBIC,RB,HTTP/1.1
2025-05-02 03:13:45,index,59.2170000076294,76.0,TheEmptinessMachine,CUBIC,RB,HTTP/1.1
2025-05-02 03:13:47,index,61.2179999351501,76.0,TheEmptinessMachine,CUBIC,RB,HTTP/1.1
2025-05-02 03:13:49,index,63.2170000076294,13308.0,TheEmptinessMachine,CUBIC,RB,HTTP/1.1
2025-05-02 03:13:51,index,65.2179999351501,13308.0,TheEmptinessMachine,CUBIC,RB,HTTP/1.1
2025-05-02 03:13:53,index,67.2179999351501,13308.0,TheEmptinessMachine,CUBIC,RB,HTTP/1.1
2025-05-02 03:13:55,index,69.2179999351501,13308.0,TheEmptinessMachine,CUBIC,RB,HTTP/1.1
2025-05-02 03:13:57,index,71.2179999351501,13308.0,TheEmptinessMachine,CUBIC,RB,HTTP/1.1
2025-05-02 03:13:59,index,73.2170000076294,13308.0,TheEmptinessMachine,CUBIC,RB,HTTP/1.1
2025-05-02 03:14:01,index,75.2179999351501,4676.0,TheEmptinessMachine,CUBIC,RB,HTTP/1.1
2025-05-02 03:14:03,index,77.2170000076294,8631.0,TheEmptinessMachine,CUBIC,RB,HTTP/1.1
2025-05-02 03:14:05,index,79.2179999351501,8631.0,TheEmptinessMachine,CUBIC,RB,HTTP/1.1
2025-05-02 03:14:07,index,81.2170000076294,76.0,TheEmptinessMachine,CUBIC,RB,HTTP/1.1
2025-05-02 03:14:09,index,83.2179999351501,76.0,TheEmptinessMachine,CUBIC,RB,HTTP/1.1
2025-05-02 03:14:11,index,85.2179999351501,13308.0,TheEmptinessMachine,CUBIC,RB,HTTP/1.1
2025-05-02 03:14:13,index,87.2179999351501,13308.0,TheEmptinessMachine,CUBIC,RB,HTTP/1.1
2025-05-02 03:14:15,index,89.2170000076294,13308.0,TheEmptinessMachine,CUBIC,RB,HTTP/1.1
2025-05-02 03:14:17,index,91.2170000076294,13308.0,TheEmptinessMachine,CUBIC,RB,HTTP/1.1
2025-05-02 03:14:19,index,93.2170000076294,13308.0,TheEmptinessMachine,CUBIC,RB,HTTP/1.1
2025-05-02 03:14:21,index,95.2170000076294,13308.0,TheEmptinessMachine,CUBIC,RB,HTTP/1.1
2025-05-02 03:14:23,index,97.2179999351501,13308.0,TheEmptinessMachine,CUBIC,RB,HTTP/1.1
2025-05-02 03:14:25,index,99.2179999351501,13308.0,TheEmptinessMachine,CUBIC,RB,HTTP/1.1
2025-05-02 03:14:27,index,101.21799993515,13308.0,TheEmptinessMachine,CUBIC,RB,HTTP/1.1
2025-05-02 03:14:29,index,103.21799993515,13308.0,TheEmptinessMachine,CUBIC,RB,HTTP/1.1
2025-05-02 03:14:31,index,105.21799993515,13308.0,TheEmptinessMachine,CUBIC,RB,HTTP/1.1
2025-05-02 03:14:33,index,107.21799993515,13308.0,TheEmptinessMachine,CUBIC,RB,HTTP/1.1
2025-05-02 03:14:35,index,109.217000007629,13308.0,TheEmptinessMachine,CUBIC,RB,HTTP/1.1
2025-05-02 03:14:37,index,111.21799993515,13308.0,TheEmptinessMachine,CUBIC,RB,HTTP/1.1
2025-05-02 03:14:39,index,113.217000007629,13308.0,TheEmptinessMachine,CUBIC,RB,HTTP/1.1
2025-05-02 03:14:41,index,115.21799993515,13308.0,TheEmptinessMachine,CUBIC,RB,HTTP/1.1
2025-05-02 03:14:43,index,117.21799993515,76.0,TheEmptinessMachine,CUBIC,RB,HTTP/1.1
2025-05-02 03:14:45,index,119.219999790192,13308.0,TheEmptinessMachine,CUBIC,RB,HTTP/1.1
2025-05-02 03:14:47,index,121.21799993515,76.0,TheEmptinessMachine,CUBIC,RB,HTTP/1.1
2025-05-02 03:14:49,index,123.217000007629,76.0,TheEmptinessMachine,CUBIC,RB,HTTP/1.1
2025-05-02 03:14:51,index,125.21799993515,13308.0,TheEmptinessMachine,CUBIC,RB,HTTP/1.1
2025-05-02 03:14:53,index,127.217000007629,76.0,TheEmptinessMachine,CUBIC,RB,HTTP/1.1
2025-05-02 03:14:55,index,129.21799993515,76.0,TheEmptinessMachine,CUBIC,RB,HTTP/1.1
2025-05-02 03:14:57,index,131.21799993515,13308.0,TheEmptinessMachine,CUBIC,RB,HTTP/1.1
2025-05-02 03:14:59,index,133.21799993515,13308.0,TheEmptinessMachine,CUBIC,RB,HTTP/1.1
2025-05-02 03:15:01,index,135.21799993515,13308.0,TheEmptinessMachine,CUBIC,RB,HTTP/1.1
2025-05-02 03:15:03,index,137.217000007629,13308.0,TheEmptinessMachine,CUBIC,RB,HTTP/1.1
2025-05-02 03:15:05,index,139.21799993515,13308.0,TheEmptinessMachine,CUBIC,RB,HTTP/1.1
2025-05-02 03:15:07,index,141.21799993515,13308.0,TheEmptinessMachine,CUBIC,RB,HTTP/1.1
2025-05-02 03:15:09,index,143.21799993515,13308.0,TheEmptinessMachine,CUBIC,RB,HTTP/1.1
2025-05-02 03:15:11,index,145.21799993515,76.0,TheEmptinessMachine,CUBIC,RB,HTTP/1.1
2025-05-02 03:15:13,index,147.21799993515,13308.0,TheEmptinessMachine,CUBIC,RB,HTTP/1.1
2025-05-02 03:15:15,index,149.217000007629,76.0,TheEmptinessMachine,CUBIC,RB,HTTP/1.1
2025-05-02 03:15:17,index,151.21799993515,76.0,TheEmptinessMachine,CUBIC,RB,HTTP/1.1
2025-05-02 03:15:19,index,153.21799993515,13308.0,TheEmptinessMachine,CUBIC,RB,HTTP/1.1
2025-05-02 03:15:21,index,155.21799993515,13308.0,TheEmptinessMachine,CUBIC,RB,HTTP/1.1
2025-05-02 03:15:23,index,157.217000007629,13308.0,TheEmptinessMachine,CUBIC,RB,HTTP/1.1
2025-05-02 03:15:25,index,159.218999862671,13308.0,TheEmptinessMachine,CUBIC,RB,HTTP/1.1
2025-05-02 03:15:27,index,161.217000007629,13308.0,TheEmptinessMachine,CUBIC,RB,HTTP/1.1
2025-05-02 03:15:29,index,163.217000007629,13308.0,TheEmptinessMachine,CUBIC,RB,HTTP/1.1
2025-05-02 03:15:31,index,165.21799993515,13308.0,TheEmptinessMachine,CUBIC,RB,HTTP/1.1
2025-05-02 03:15:33,index,167.217000007629,76.0,TheEmptinessMachine,CUBIC,RB,HTTP/1.1
2025-05-02 03:15:35,index,169.21799993515,13308.0,TheEmptinessMachine,CUBIC,RB,HTTP/1.1
2025-05-02 03:15:37,index,171.217000007629,76.0,TheEmptinessMachine,CUBIC,RB,HTTP/1.1
2025-05-02 03:15:39,index,173.21799993515,76.0,TheEmptinessMachine,CUBIC,RB,HTTP/1.1
2025-05-02 03:15:41,index,175.21799993515,13308.0,TheEmptinessMachine,CUBIC,RB,HTTP/1.1
2025-05-02 03:15:43,index,177.21799993515,13308.0,TheEmptinessMachine,CUBIC,RB,HTTP/1.1
2025-05-02 03:15:45,index,179.21799993515,13308.0,TheEmptinessMachine,CUBIC,RB,HTTP/1.1
2025-05-02 03:15:47,index,181.21799993515,13308.0,TheEmptinessMachine,CUBIC,RB,HTTP/1.1
2025-05-02 03:15:49,index,183.21799993515,13308.0,TheEmptinessMachine,CUBIC,RB,HTTP/1.1
2025-05-02 03:15:51,index,185.217000007629,13308.0,TheEmptinessMachine,CUBIC,RB,HTTP/1.1
2025-05-02 03:15:53,index,187.21799993515,13308.0,TheEmptinessMachine,CUBIC,RB,HTTP/1.1
2025-05-02 03:15:55,index,189.217000007629,76.0,TheEmptinessMachine,CUBIC,RB,HTTP/1.1
2025-05-02 03:15:57,index,191.21799993515,76.0,TheEmptinessMachine,CUBIC,RB,HTTP/1.1
2025-05-02 03:15:59,index,193.21799993515,76.0,TheEmptinessMachine,CUBIC,RB,HTTP/1.1
2025-05-02 03:16:01,index,195.21799993515,76.0,TheEmptinessMachine,CUBIC,RB,HTTP/1.1
2025-05-02 03:16:03,index,197.21799993515,76.0,TheEmptinessMachine,CUBIC,RB,HTTP/1.1
2025-05-02 03:16:05,index,199.217000007629,76.0,TheEmptinessMachine,CUBIC,RB,HTTP/1.1
2025-05-02 03:16:07,index,201.217000007629,76.0,TheEmptinessMachine,CUBIC,RB,HTTP/1.1
2025-05-02 03:16:09,index,203.217000007629,76.0,TheEmptinessMachine,CUBIC,RB,HTTP/1.1
2025-05-02 03:16:41,index,1.19899988174438,13308.0,TheEmptinessMachine,CUBIC,RB,HTTP/2
2025-05-02 03:16:43,index,3.19799995422363,13308.0,TheEmptinessMachine,CUBIC,RB,HTTP/2
2025-05-02 03:16:45,index,5.19899988174438,13308.0,TheEmptinessMachine,CUBIC,RB,HTTP/2
2025-05-02 03:16:47,index,7.19799995422363,13308.0,TheEmptinessMachine,CUBIC,RB,HTTP/2
2025-05-02 03:16:49,index,9.19799995422363,13308.0,TheEmptinessMachine,CUBIC,RB,HTTP/2
2025-05-02 03:16:51,index,11.1979999542236,13308.0,TheEmptinessMachine,CUBIC,RB,HTTP/2
2025-05-02 03:16:53,index,13.1979999542236,76.0,TheEmptinessMachine,CUBIC,RB,HTTP/2
2025-05-02 03:16:55,index,15.1979999542236,13308.0,TheEmptinessMachine,CUBIC,RB,HTTP/2
2025-05-02 03:16:57,index,17.1979999542236,76.0,TheEmptinessMachine,CUBIC,RB,HTTP/2
2025-05-02 03:16:59,index,19.1979999542236,76.0,TheEmptinessMachine,CUBIC,RB,HTTP/2
2025-05-02 03:17:01,index,21.1979999542236,13308.0,TheEmptinessMachine,CUBIC,RB,HTTP/2
2025-05-02 03:17:03,index,23.1979999542236,13308.0,TheEmptinessMachine,CUBIC,RB,HTTP/2
2025-05-02 03:17:05,index,25.1979999542236,18625.0,TheEmptinessMachine,CUBIC,RB,HTTP/2
2025-05-02 03:17:07,index,27.1979999542236,18625.0,TheEmptinessMachine,CUBIC,RB,HTTP/2
2025-05-02 03:17:09,index,29.1979999542236,13308.0,TheEmptinessMachine,CUBIC,RB,HTTP/2
2025-05-02 03:17:11,index,31.1989998817444,13308.0,TheEmptinessMachine,CUBIC,RB,HTTP/2
2025-05-02 03:17:13,index,33.1979999542236,13308.0,TheEmptinessMachine,CUBIC,RB,HTTP/2
2025-05-02 03:17:15,index,35.1979999542236,13308.0,TheEmptinessMachine,CUBIC,RB,HTTP/2
2025-05-02 03:17:17,index,37.1979999542236,8631.0,TheEmptinessMachine,CUBIC,RB,HTTP/2
2025-05-02 03:17:19,index,39.1979999542236,13308.0,TheEmptinessMachine,CUBIC,RB,HTTP/2
2025-05-02 03:17:21,index,41.1979999542236,76.0,TheEmptinessMachine,CUBIC,RB,HTTP/2
2025-05-02 03:17:23,index,43.1979999542236,13308.0,TheEmptinessMachine,CUBIC,RB,HTTP/2
2025-05-02 03:17:25,index,45.1979999542236,13308.0,TheEmptinessMachine,CUBIC,RB,HTTP/2
2025-05-02 03:17:27,index,47.1979999542236,13308.0,TheEmptinessMachine,CUBIC,RB,HTTP/2
2025-05-02 03:17:29,index,49.1979999542236,13308.0,TheEmptinessMachine,CUBIC,RB,HTTP/2
2025-05-02 03:17:31,index,51.1979999542236,13308.0,TheEmptinessMachine,CUBIC,RB,HTTP/2
2025-05-02 03:17:33,index,53.1979999542236,13308.0,TheEmptinessMachine,CUBIC,RB,HTTP/2
2025-05-02 03:17:35,index,55.1979999542236,13308.0,TheEmptinessMachine,CUBIC,RB,HTTP/2
2025-05-02 03:17:37,index,57.1979999542236,13308.0,TheEmptinessMachine,CUBIC,RB,HTTP/2
2025-05-02 03:17:39,index,59.1979999542236,13308.0,TheEmptinessMachine,CUBIC,RB,HTTP/2
2025-05-02 03:17:41,index,61.1979999542236,76.0,TheEmptinessMachine,CUBIC,RB,HTTP/2
2025-05-02 03:17:43,index,63.1979999542236,76.0,TheEmptinessMachine,CUBIC,RB,HTTP/2
2025-05-02 03:17:45,index,65.1979999542236,13308.0,TheEmptinessMachine,CUBIC,RB,HTTP/2
2025-05-02 03:17:47,index,67.1979999542236,13308.0,TheEmptinessMachine,CUBIC,RB,HTTP/2
2025-05-02 03:17:49,index,69.1979999542236,13308.0,TheEmptinessMachine,CUBIC,RB,HTTP/2
2025-05-02 03:17:51,index,71.1979999542236,13308.0,TheEmptinessMachine,CUBIC,RB,HTTP/2
2025-05-02 03:17:53,index,73.1979999542236,13308.0,TheEmptinessMachine,CUBIC,RB,HTTP/2
2025-05-02 03:17:55,index,75.1979999542236,13308.0,TheEmptinessMachine,CUBIC,RB,HTTP/2
2025-05-02 03:17:57,index,77.1989998817444,13308.0,TheEmptinessMachine,CUBIC,RB,HTTP/2
2025-05-02 03:17:59,index,79.1979999542236,76.0,TheEmptinessMachine,CUBIC,RB,HTTP/2
2025-05-02 03:18:01,index,81.1979999542236,13308.0,TheEmptinessMachine,CUBIC,RB,HTTP/2
2025-05-02 03:18:03,index,83.1979999542236,76.0,TheEmptinessMachine,CUBIC,RB,HTTP/2
2025-05-02 03:18:05,index,85.1979999542236,76.0,TheEmptinessMachine,CUBIC,RB,HTTP/2
2025-05-02 03:18:07,index,87.1979999542236,13308.0,TheEmptinessMachine,CUBIC,RB,HTTP/2
2025-05-02 03:18:09,index,89.1979999542236,13308.0,TheEmptinessMachine,CUBIC,RB,HTTP/2
2025-05-02 03:18:11,index,91.1989998817444,13308.0,TheEmptinessMachine,CUBIC,RB,HTTP/2
2025-05-02 03:18:13,index,93.1979999542236,13308.0,TheEmptinessMachine,CUBIC,RB,HTTP/2
2025-05-02 03:18:15,index,95.1979999542236,13308.0,TheEmptinessMachine,CUBIC,RB,HTTP/2
2025-05-02 03:18:17,index,97.1979999542236,13308.0,TheEmptinessMachine,CUBIC,RB,HTTP/2
2025-05-02 03:18:19,index,99.1979999542236,13308.0,TheEmptinessMachine,CUBIC,RB,HTTP/2
2025-05-02 03:18:21,index,101.197999954224,76.0,TheEmptinessMachine,CUBIC,RB,HTTP/2
2025-05-02 03:18:23,index,103.198999881744,13308.0,TheEmptinessMachine,CUBIC,RB,HTTP/2
2025-05-02 03:18:25,index,105.197999954224,76.0,TheEmptinessMachine,CUBIC,RB,HTTP/2
2025-05-02 03:18:27,index,107.197999954224,76.0,TheEmptinessMachine,CUBIC,RB,HTTP/2
2025-05-02 03:18:29,index,109.197999954224,13308.0,TheEmptinessMachine,CUBIC,RB,HTTP/2
2025-05-02 03:18:31,index,111.197999954224,13308.0,TheEmptinessMachine,CUBIC,RB,HTTP/2
2025-05-02 03:18:33,index,113.197999954224,13308.0,TheEmptinessMachine,CUBIC,RB,HTTP/2
2025-05-02 03:18:35,index,115.198999881744,13308.0,TheEmptinessMachine,CUBIC,RB,HTTP/2
2025-05-02 03:18:37,index,117.197999954224,13308.0,TheEmptinessMachine,CUBIC,RB,HTTP/2
2025-05-02 03:18:39,index,119.197999954224,13308.0,TheEmptinessMachine,CUBIC,RB,HTTP/2
2025-05-02 03:18:41,index,121.197999954224,13308.0,TheEmptinessMachine,CUBIC,RB,HTTP/2
2025-05-02 03:18:43,index,123.197999954224,76.0,TheEmptinessMachine,CUBIC,RB,HTTP/2
2025-05-02 03:18:45,index,125.197999954224,13308.0,TheEmptinessMachine,CUBIC,RB,HTTP/2
2025-05-02 03:18:47,index,127.197999954224,76.0,TheEmptinessMachine,CUBIC,RB,HTTP/2
2025-05-02 03:18:49,index,129.197999954224,76.0,TheEmptinessMachine,CUBIC,RB,HTTP/2
2025-05-02 03:18:51,index,131.197999954224,13308.0,TheEmptinessMachine,CUBIC,RB,HTTP/2
2025-05-02 03:18:53,index,133.197999954224,13308.0,TheEmptinessMachine,CUBIC,RB,HTTP/2
2025-05-02 03:18:55,index,135.197999954224,13308.0,TheEmptinessMachine,CUBIC,RB,HTTP/2
2025-05-02 03:18:57,index,137.197999954224,13308.0,TheEmptinessMachine,CUBIC,RB,HTTP/2
2025-05-02 03:18:59,index,139.197999954224,13308.0,TheEmptinessMachine,CUBIC,RB,HTTP/2
2025-05-02 03:19:01,index,141.197999954224,13308.0,TheEmptinessMachine,CUBIC,RB,HTTP/2
2025-05-02 03:19:03,index,143.197999954224,13308.0,TheEmptinessMachine,CUBIC,RB,HTTP/2
2025-05-02 03:19:05,index,145.197999954224,76.0,TheEmptinessMachine,CUBIC,RB,HTTP/2
2025-05-02 03:19:07,index,147.197999954224,13308.0,TheEmptinessMachine,CUBIC,RB,HTTP/2
2025-05-02 03:19:09,index,149.197999954224,76.0,TheEmptinessMachine,CUBIC,RB,HTTP/2
2025-05-02 03:19:11,index,151.197999954224,76.0,TheEmptinessMachine,CUBIC,RB,HTTP/2
2025-05-02 03:19:13,index,153.197999954224,13308.0,TheEmptinessMachine,CUBIC,RB,HTTP/2
2025-05-02 03:19:15,index,155.197999954224,13308.0,TheEmptinessMachine,CUBIC,RB,HTTP/2
2025-05-02 03:19:17,index,157.197999954224,13308.0,TheEmptinessMachine,CUBIC,RB,HTTP/2
2025-05-02 03:19:19,index,159.197999954224,13308.0,TheEmptinessMachine,CUBIC,RB,HTTP/2
2025-05-02 03:19:21,index,161.197999954224,13308.0,TheEmptinessMachine,CUBIC,RB,HTTP/2
2025-05-02 03:19:23,index,163.197999954224,13308.0,TheEmptinessMachine,CUBIC,RB,HTTP/2
2025-05-02 03:19:25,index,165.197999954224,13308.0,TheEmptinessMachine,CUBIC,RB,HTTP/2
2025-05-02 03:19:27,index,167.197999954224,13308.0,TheEmptinessMachine,CUBIC,RB,HTTP/2
2025-05-02 03:19:29,index,169.198999881744,76.0,TheEmptinessMachine,CUBIC,RB,HTTP/2
2025-05-02 03:19:31,index,171.197999954224,13308.0,TheEmptinessMachine,CUBIC,RB,HTTP/2
2025-05-02 03:19:33,index,173.197999954224,13308.0,TheEmptinessMachine,CUBIC,RB,HTTP/2
2025-05-02 03:19:35,index,175.197999954224,76.0,TheEmptinessMachine,CUBIC,RB,HTTP/2
2025-05-02 03:19:37,index,177.197999954224,13308.0,TheEmptinessMachine,CUBIC,RB,HTTP/2
2025-05-02 03:19:39,index,179.197999954224,13308.0,TheEmptinessMachine,CUBIC,RB,HTTP/2
2025-05-02 03:19:41,index,181.197999954224,13308.0,TheEmptinessMachine,CUBIC,RB,HTTP/2
2025-05-02 03:19:43,index,183.197999954224,13308.0,TheEmptinessMachine,CUBIC,RB,HTTP/2
2025-05-02 03:19:45,index,185.197999954224,13308.0,TheEmptinessMachine,CUBIC,RB,HTTP/2
2025-05-02 03:19:47,index,187.197999954224,13308.0,TheEmptinessMachine,CUBIC,RB,HTTP/2
2025-05-02 03:19:49,index,189.197999954224,13308.0,TheEmptinessMachine,CUBIC,RB,HTTP/2
2025-05-02 03:19:51,index,191.197999954224,13308.0,TheEmptinessMachine,CUBIC,RB,HTTP/2
2025-05-02 03:19:53,index,193.197999954224,13308.0,TheEmptinessMachine,CUBIC,RB,HTTP/2
2025-05-02 03:19:55,index,195.197999954224,13308.0,TheEmptinessMachine,CUBIC,RB,HTTP/2
2025-05-02 03:19:57,index,197.198999881744,13308.0,TheEmptinessMachine,CUBIC,RB,HTTP/2
2025-05-02 03:19:59,index,199.197999954224,13308.0,TheEmptinessMachine,CUBIC,RB,HTTP/2
2025-05-02 03:20:01,index,201.197999954224,13308.0,TheEmptinessMachine,CUBIC,RB,HTTP/2
2025-05-02 03:20:03,index,203.197999954224,13308.0,TheEmptinessMachine,CUBIC,RB,HTTP/2
2025-05-02 03:20:34,index,1.2020001411438,8631.0,TheEmptinessMachine,CUBIC,RB,HTTP/3
2025-05-02 03:20:36,index,3.20000004768372,13308.0,TheEmptinessMachine,CUBIC,RB,HTTP/3
2025-05-02 03:20:40,index,7.20000004768372,13308.0,TheEmptinessMachine,CUBIC,RB,HTTP/3
2025-05-02 03:20:42,index,9.20000004768372,13308.0,TheEmptinessMachine,CUBIC,RB,HTTP/3
2025-05-02 03:20:44,index,11.2000000476837,13308.0,TheEmptinessMachine,CUBIC,RB,HTTP/3
2025-05-02 03:20:46,index,13.2000000476837,13308.0,TheEmptinessMachine,CUBIC,RB,HTTP/3
2025-05-02 03:20:48,index,15.2000000476837,76.0,TheEmptinessMachine,CUBIC,RB,HTTP/3
2025-05-02 03:20:50,index,17.2000000476837,13308.0,TheEmptinessMachine,CUBIC,RB,HTTP/3
2025-05-02 03:20:52,index,19.2000000476837,13308.0,TheEmptinessMachine,CUBIC,RB,HTTP/3
2025-05-02 03:20:54,index,21.2000000476837,13308.0,TheEmptinessMachine,CUBIC,RB,HTTP/3
2025-05-02 03:20:56,index,23.2000000476837,13308.0,TheEmptinessMachine,CUBIC,RB,HTTP/3
2025-05-02 03:20:58,index,25.2000000476837,13308.0,TheEmptinessMachine,CUBIC,RB,HTTP/3
2025-05-02 03:21:00,index,27.2000000476837,13308.0,TheEmptinessMachine,CUBIC,RB,HTTP/3
2025-05-02 03:21:02,index,29.2060000896454,13308.0,TheEmptinessMachine,CUBIC,RB,HTTP/3
2025-05-02 03:21:04,index,31.2000000476837,13308.0,TheEmptinessMachine,CUBIC,RB,HTTP/3
2025-05-02 03:21:06,index,33.2000000476837,13308.0,TheEmptinessMachine,CUBIC,RB,HTTP/3
2025-05-02 03:21:08,index,35.2000000476837,13308.0,TheEmptinessMachine,CUBIC,RB,HTTP/3
2025-05-02 03:21:10,index,37.2000000476837,76.0,TheEmptinessMachine,CUBIC,RB,HTTP/3
2025-05-02 03:21:12,index,39.2000000476837,13308.0,TheEmptinessMachine,CUBIC,RB,HTTP/3
2025-05-02 03:21:14,index,41.2000000476837,13308.0,TheEmptinessMachine,CUBIC,RB,HTTP/3
2025-05-02 03:21:16,index,43.2000000476837,13308.0,TheEmptinessMachine,CUBIC,RB,HTTP/3
2025-05-02 03:21:18,index,45.2000000476837,18625.0,TheEmptinessMachine,CUBIC,RB,HTTP/3
2025-05-02 03:21:20,index,47.2000000476837,18625.0,TheEmptinessMachine,CUBIC,RB,HTTP/3
2025-05-02 03:21:22,index,49.2000000476837,13308.0,TheEmptinessMachine,CUBIC,RB,HTTP/3
2025-05-02 03:21:24,index,51.2000000476837,13308.0,TheEmptinessMachine,CUBIC,RB,HTTP/3
2025-05-02 03:21:26,index,53.2000000476837,13308.0,TheEmptinessMachine,CUBIC,RB,HTTP/3
2025-05-02 03:21:28,index,55.2000000476837,13308.0,TheEmptinessMachine,CUBIC,RB,HTTP/3
2025-05-02 03:21:30,index,57.2000000476837,13308.0,TheEmptinessMachine,CUBIC,RB,HTTP/3
2025-05-02 03:21:32,index,59.2000000476837,76.0,TheEmptinessMachine,CUBIC,RB,HTTP/3
2025-05-02 03:21:34,index,61.2000000476837,13308.0,TheEmptinessMachine,CUBIC,RB,HTTP/3
2025-05-02 03:21:36,index,63.2000000476837,13308.0,TheEmptinessMachine,CUBIC,RB,HTTP/3
2025-05-02 03:21:38,index,65.2000000476837,13308.0,TheEmptinessMachine,CUBIC,RB,HTTP/3
2025-05-02 03:21:41,index,67.2090001106262,13308.0,TheEmptinessMachine,CUBIC,RB,HTTP/3
2025-05-02 03:21:42,index,69.2000000476837,13308.0,TheEmptinessMachine,CUBIC,RB,HTTP/3
2025-05-02 03:21:46,index,73.2000000476837,76.0,TheEmptinessMachine,CUBIC,RB,HTTP/3
2025-05-02 03:21:48,index,75.2000000476837,13308.0,TheEmptinessMachine,CUBIC,RB,HTTP/3
2025-05-02 03:21:50,index,77.2000000476837,76.0,TheEmptinessMachine,CUBIC,RB,HTTP/3
2025-05-02 03:21:52,index,79.2009999752045,76.0,TheEmptinessMachine,CUBIC,RB,HTTP/3
2025-05-02 03:21:54,index,81.2000000476837,13308.0,TheEmptinessMachine,CUBIC,RB,HTTP/3
2025-05-02 03:21:56,index,83.2000000476837,76.0,TheEmptinessMachine,CUBIC,RB,HTTP/3
2025-05-02 03:21:58,index,85.2000000476837,76.0,TheEmptinessMachine,CUBIC,RB,HTTP/3
2025-05-02 03:22:00,index,87.2000000476837,13308.0,TheEmptinessMachine,CUBIC,RB,HTTP/3
2025-05-02 03:22:02,index,89.2009999752045,13308.0,TheEmptinessMachine,CUBIC,RB,HTTP/3
2025-05-02 03:22:04,index,91.2000000476837,13308.0,TheEmptinessMachine,CUBIC,RB,HTTP/3
2025-05-02 03:22:06,index,93.2000000476837,13308.0,TheEmptinessMachine,CUBIC,RB,HTTP/3
2025-05-02 03:22:08,index,95.2000000476837,13308.0,TheEmptinessMachine,CUBIC,RB,HTTP/3
2025-05-02 03:22:10,index,97.2000000476837,13308.0,TheEmptinessMachine,CUBIC,RB,HTTP/3
2025-05-02 03:22:12,index,99.2000000476837,13308.0,TheEmptinessMachine,CUBIC,RB,HTTP/3
2025-05-02 03:22:14,index,101.200000047684,76.0,TheEmptinessMachine,CUBIC,RB,HTTP/3
2025-05-02 03:22:16,index,103.200000047684,13308.0,TheEmptinessMachine,CUBIC,RB,HTTP/3
2025-05-02 03:22:18,index,105.200000047684,76.0,TheEmptinessMachine,CUBIC,RB,HTTP/3
2025-05-02 03:22:20,index,107.200000047684,76.0,TheEmptinessMachine,CUBIC,RB,HTTP/3
2025-05-02 03:22:22,index,109.200000047684,13308.0,TheEmptinessMachine,CUBIC,RB,HTTP/3
2025-05-02 03:22:24,index,111.200000047684,13308.0,TheEmptinessMachine,CUBIC,RB,HTTP/3
2025-05-02 03:22:26,index,113.200000047684,13308.0,TheEmptinessMachine,CUBIC,RB,HTTP/3
2025-05-02 03:22:28,index,115.200000047684,13308.0,TheEmptinessMachine,CUBIC,RB,HTTP/3
2025-05-02 03:22:30,index,117.200000047684,13308.0,TheEmptinessMachine,CUBIC,RB,HTTP/3
2025-05-02 03:22:32,index,119.200000047684,13308.0,TheEmptinessMachine,CUBIC,RB,HTTP/3
2025-05-02 03:22:34,index,121.200000047684,13308.0,TheEmptinessMachine,CUBIC,RB,HTTP/3
2025-05-02 03:22:36,index,123.200999975204,13308.0,TheEmptinessMachine,CUBIC,RB,HTTP/3
2025-05-02 03:22:38,index,125.200000047684,76.0,TheEmptinessMachine,CUBIC,RB,HTTP/3
2025-05-02 03:22:40,index,127.200000047684,13308.0,TheEmptinessMachine,CUBIC,RB,HTTP/3
2025-05-02 03:22:42,index,129.200000047684,13308.0,TheEmptinessMachine,CUBIC,RB,HTTP/3
2025-05-02 03:22:44,index,131.200000047684,76.0,TheEmptinessMachine,CUBIC,RB,HTTP/3
2025-05-02 03:22:46,index,133.200000047684,76.0,TheEmptinessMachine,CUBIC,RB,HTTP/3
2025-05-02 03:22:48,index,135.200000047684,13308.0,TheEmptinessMachine,CUBIC,RB,HTTP/3
2025-05-02 03:22:50,index,137.200000047684,13308.0,TheEmptinessMachine,CUBIC,RB,HTTP/3
2025-05-02 03:22:52,index,139.200999975204,13308.0,TheEmptinessMachine,CUBIC,RB,HTTP/3
2025-05-02 03:22:54,index,141.200000047684,13308.0,TheEmptinessMachine,CUBIC,RB,HTTP/3
2025-05-02 03:22:56,index,143.200000047684,13308.0,TheEmptinessMachine,CUBIC,RB,HTTP/3
2025-05-02 03:22:58,index,145.200000047684,76.0,TheEmptinessMachine,CUBIC,RB,HTTP/3
2025-05-02 03:23:00,index,147.200000047684,13308.0,TheEmptinessMachine,CUBIC,RB,HTTP/3
2025-05-02 03:23:02,index,149.200000047684,76.0,TheEmptinessMachine,CUBIC,RB,HTTP/3
2025-05-02 03:23:04,index,151.200000047684,76.0,TheEmptinessMachine,CUBIC,RB,HTTP/3
2025-05-02 03:23:06,index,153.200000047684,13308.0,TheEmptinessMachine,CUBIC,RB,HTTP/3
2025-05-02 03:23:08,index,155.200000047684,13308.0,TheEmptinessMachine,CUBIC,RB,HTTP/3
2025-05-02 03:23:10,index,157.200000047684,76.0,TheEmptinessMachine,CUBIC,RB,HTTP/3
2025-05-02 03:23:12,index,159.200000047684,13308.0,TheEmptinessMachine,CUBIC,RB,HTTP/3
2025-05-02 03:23:14,index,161.200000047684,13308.0,TheEmptinessMachine,CUBIC,RB,HTTP/3
2025-05-02 03:23:16,index,163.200000047684,13308.0,TheEmptinessMachine,CUBIC,RB,HTTP/3
2025-05-02 03:23:18,index,165.200000047684,13308.0,TheEmptinessMachine,CUBIC,RB,HTTP/3
2025-05-02 03:23:20,index,167.200000047684,13308.0,TheEmptinessMachine,CUBIC,RB,HTTP/3
2025-05-02 03:23:22,index,169.200000047684,13308.0,TheEmptinessMachine,CUBIC,RB,HTTP/3
2025-05-02 03:23:24,index,171.200999975204,13308.0,TheEmptinessMachine,CUBIC,RB,HTTP/3
2025-05-02 03:23:26,index,173.200000047684,13308.0,TheEmptinessMachine,CUBIC,RB,HTTP/3
2025-05-02 03:23:28,index,175.200000047684,76.0,TheEmptinessMachine,CUBIC,RB,HTTP/3
2025-05-02 03:23:30,index,177.200000047684,76.0,TheEmptinessMachine,CUBIC,RB,HTTP/3
2025-05-02 03:23:32,index,179.200000047684,13308.0,TheEmptinessMachine,CUBIC,RB,HTTP/3
2025-05-02 03:23:34,index,181.200000047684,76.0,TheEmptinessMachine,CUBIC,RB,HTTP/3
2025-05-02 03:23:36,index,183.200000047684,76.0,TheEmptinessMachine,CUBIC,RB,HTTP/3
2025-05-02 03:23:38,index,185.200000047684,13308.0,TheEmptinessMachine,CUBIC,RB,HTTP/3
2025-05-02 03:23:40,index,187.200000047684,13308.0,TheEmptinessMachine,CUBIC,RB,HTTP/3
2025-05-02 03:23:42,index,189.200000047684,13308.0,TheEmptinessMachine,CUBIC,RB,HTTP/3
2025-05-02 03:23:44,index,191.200999975204,13308.0,TheEmptinessMachine,CUBIC,RB,HTTP/3
2025-05-02 03:23:46,index,193.200000047684,13308.0,TheEmptinessMachine,CUBIC,RB,HTTP/3
2025-05-02 03:23:48,index,195.200000047684,13308.0,TheEmptinessMachine,CUBIC,RB,HTTP/3
2025-05-02 03:23:50,index,197.200000047684,13308.0,TheEmptinessMachine,CUBIC,RB,HTTP/3
2025-05-02 03:23:52,index,199.200000047684,13308.0,TheEmptinessMachine,CUBIC,RB,HTTP/3
2025-05-02 03:23:54,index,201.200000047684,13308.0,TheEmptinessMachine,CUBIC,RB,HTTP/3
2025-05-02 03:23:56,index,203.200000047684,13308.0,TheEmptinessMachine,CUBIC,RB,HTTP/3
2025-05-02 03:24:28,index,1.22500014305115,8631.0,TheEmptinessMachine,CUBIC,Throughput,HTTP/1.1
2025-05-02 03:24:30,index,3.22300004959106,13308.0,TheEmptinessMachine,CUBIC,Throughput,HTTP/1.1
2025-05-02 03:24:32,index,5.22300004959106,13308.0,TheEmptinessMachine,CUBIC,Throughput,HTTP/1.1
2025-05-02 03:24:34,index,7.22300004959106,13308.0,TheEmptinessMachine,CUBIC,Throughput,HTTP/1.1
2025-05-02 03:24:36,index,9.22300004959106,13308.0,TheEmptinessMachine,CUBIC,Throughput,HTTP/1.1
2025-05-02 03:24:38,index,11.2230000495911,13308.0,TheEmptinessMachine,CUBIC,Throughput,HTTP/1.1
2025-05-02 03:24:40,index,13.2230000495911,13308.0,TheEmptinessMachine,CUBIC,Throughput,HTTP/1.1
2025-05-02 03:24:42,index,15.2230000495911,13308.0,TheEmptinessMachine,CUBIC,Throughput,HTTP/1.1
2025-05-02 03:24:44,index,17.2230000495911,13308.0,TheEmptinessMachine,CUBIC,Throughput,HTTP/1.1
2025-05-02 03:24:46,index,19.2230000495911,13308.0,TheEmptinessMachine,CUBIC,Throughput,HTTP/1.1
2025-05-02 03:24:48,index,21.2230000495911,13308.0,TheEmptinessMachine,CUBIC,Throughput,HTTP/1.1
2025-05-02 03:24:50,index,23.2230000495911,13308.0,TheEmptinessMachine,CUBIC,Throughput,HTTP/1.1
2025-05-02 03:24:52,index,25.2230000495911,13308.0,TheEmptinessMachine,CUBIC,Throughput,HTTP/1.1
2025-05-02 03:24:54,index,27.2230000495911,13308.0,TheEmptinessMachine,CUBIC,Throughput,HTTP/1.1
2025-05-02 03:24:56,index,29.2230000495911,13308.0,TheEmptinessMachine,CUBIC,Throughput,HTTP/1.1
2025-05-02 03:24:58,index,31.2230000495911,13308.0,TheEmptinessMachine,CUBIC,Throughput,HTTP/1.1
2025-05-02 03:25:00,index,33.2230000495911,13308.0,TheEmptinessMachine,CUBIC,Throughput,HTTP/1.1
2025-05-02 03:25:02,index,35.2230000495911,13308.0,TheEmptinessMachine,CUBIC,Throughput,HTTP/1.1
2025-05-02 03:25:04,index,37.2230000495911,13308.0,TheEmptinessMachine,CUBIC,Throughput,HTTP/1.1
2025-05-02 03:25:06,index,39.2239999771118,13308.0,TheEmptinessMachine,CUBIC,Throughput,HTTP/1.1
2025-05-02 03:25:08,index,41.2230000495911,13308.0,TheEmptinessMachine,CUBIC,Throughput,HTTP/1.1
2025-05-02 03:25:10,index,43.2239999771118,13308.0,TheEmptinessMachine,CUBIC,Throughput,HTTP/1.1
2025-05-02 03:25:12,index,45.2250001430511,13308.0,TheEmptinessMachine,CUBIC,Throughput,HTTP/1.1
2025-05-02 03:25:14,index,47.2230000495911,13308.0,TheEmptinessMachine,CUBIC,Throughput,HTTP/1.1
2025-05-02 03:25:16,index,49.2230000495911,13308.0,TheEmptinessMachine,CUBIC,Throughput,HTTP/1.1
2025-05-02 03:25:18,index,51.2239999771118,13308.0,TheEmptinessMachine,CUBIC,Throughput,HTTP/1.1
2025-05-02 03:25:20,index,53.2239999771118,13308.0,TheEmptinessMachine,CUBIC,Throughput,HTTP/1.1
2025-05-02 03:25:22,index,55.2230000495911,13308.0,TheEmptinessMachine,CUBIC,Throughput,HTTP/1.1
2025-05-02 03:25:24,index,57.2230000495911,13308.0,TheEmptinessMachine,CUBIC,Throughput,HTTP/1.1
2025-05-02 03:25:26,index,59.2260000705719,13308.0,TheEmptinessMachine,CUBIC,Throughput,HTTP/1.1
2025-05-02 03:25:28,index,61.2239999771118,13308.0,TheEmptinessMachine,CUBIC,Throughput,HTTP/1.1
2025-05-02 03:25:30,index,63.2230000495911,13308.0,TheEmptinessMachine,CUBIC,Throughput,HTTP/1.1
2025-05-02 03:25:32,index,65.2239999771118,13308.0,TheEmptinessMachine,CUBIC,Throughput,HTTP/1.1
2025-05-02 03:25:34,index,67.2239999771118,13308.0,TheEmptinessMachine,CUBIC,Throughput,HTTP/1.1
2025-05-02 03:25:36,index,69.2230000495911,13308.0,TheEmptinessMachine,CUBIC,Throughput,HTTP/1.1
2025-05-02 03:25:38,index,71.2239999771118,13308.0,TheEmptinessMachine,CUBIC,Throughput,HTTP/1.1
2025-05-02 03:25:40,index,73.2239999771118,13308.0,TheEmptinessMachine,CUBIC,Throughput,HTTP/1.1
2025-05-02 03:25:42,index,75.2230000495911,13308.0,TheEmptinessMachine,CUBIC,Throughput,HTTP/1.1
2025-05-02 03:25:44,index,77.2230000495911,13308.0,TheEmptinessMachine,CUBIC,Throughput,HTTP/1.1
2025-05-02 03:25:46,index,79.2239999771118,13308.0,TheEmptinessMachine,CUBIC,Throughput,HTTP/1.1
2025-05-02 03:25:48,index,81.2239999771118,13308.0,TheEmptinessMachine,CUBIC,Throughput,HTTP/1.1
2025-05-02 03:25:50,index,83.2230000495911,13308.0,TheEmptinessMachine,CUBIC,Throughput,HTTP/1.1
2025-05-02 03:25:52,index,85.2230000495911,13308.0,TheEmptinessMachine,CUBIC,Throughput,HTTP/1.1
2025-05-02 03:25:54,index,87.2230000495911,13308.0,TheEmptinessMachine,CUBIC,Throughput,HTTP/1.1
2025-05-02 03:25:56,index,89.2230000495911,13308.0,TheEmptinessMachine,CUBIC,Throughput,HTTP/1.1
2025-05-02 03:25:58,index,91.2239999771118,13308.0,TheEmptinessMachine,CUBIC,Throughput,HTTP/1.1
2025-05-02 03:26:00,index,93.2239999771118,13308.0,TheEmptinessMachine,CUBIC,Throughput,HTTP/1.1
2025-05-02 03:26:02,index,95.2230000495911,13308.0,TheEmptinessMachine,CUBIC,Throughput,HTTP/1.1
2025-05-02 03:26:04,index,97.2250001430511,13308.0,TheEmptinessMachine,CUBIC,Throughput,HTTP/1.1
2025-05-02 03:26:06,index,99.2230000495911,13308.0,TheEmptinessMachine,CUBIC,Throughput,HTTP/1.1
2025-05-02 03:26:08,index,101.225000143051,13308.0,TheEmptinessMachine,CUBIC,Throughput,HTTP/1.1
2025-05-02 03:26:10,index,103.223999977112,13308.0,TheEmptinessMachine,CUBIC,Throughput,HTTP/1.1
2025-05-02 03:26:12,index,105.223000049591,13308.0,TheEmptinessMachine,CUBIC,Throughput,HTTP/1.1
2025-05-02 03:26:14,index,107.223000049591,13308.0,TheEmptinessMachine,CUBIC,Throughput,HTTP/1.1
2025-05-02 03:26:16,index,109.225000143051,13308.0,TheEmptinessMachine,CUBIC,Throughput,HTTP/1.1
2025-05-02 03:26:18,index,111.223999977112,13308.0,TheEmptinessMachine,CUBIC,Throughput,HTTP/1.1
2025-05-02 03:26:20,index,113.223999977112,13308.0,TheEmptinessMachine,CUBIC,Throughput,HTTP/1.1
2025-05-02 03:26:22,index,115.223999977112,13308.0,TheEmptinessMachine,CUBIC,Throughput,HTTP/1.1
2025-05-02 03:26:24,index,117.223000049591,13308.0,TheEmptinessMachine,CUBIC,Throughput,HTTP/1.1
2025-05-02 03:26:26,index,119.223000049591,13308.0,TheEmptinessMachine,CUBIC,Throughput,HTTP/1.1
2025-05-02 03:26:28,index,121.223000049591,13308.0,TheEmptinessMachine,CUBIC,Throughput,HTTP/1.1
2025-05-02 03:26:30,index,123.223000049591,13308.0,TheEmptinessMachine,CUBIC,Throughput,HTTP/1.1
2025-05-02 03:26:32,index,125.223000049591,13308.0,TheEmptinessMachine,CUBIC,Throughput,HTTP/1.1
2025-05-02 03:26:34,index,127.223999977112,13308.0,TheEmptinessMachine,CUBIC,Throughput,HTTP/1.1
2025-05-02 03:26:36,index,129.223999977112,13308.0,TheEmptinessMachine,CUBIC,Throughput,HTTP/1.1
2025-05-02 03:26:38,index,131.223000049591,13308.0,TheEmptinessMachine,CUBIC,Throughput,HTTP/1.1
2025-05-02 03:26:40,index,133.223000049591,13308.0,TheEmptinessMachine,CUBIC,Throughput,HTTP/1.1
2025-05-02 03:26:42,index,135.223000049591,13308.0,TheEmptinessMachine,CUBIC,Throughput,HTTP/1.1
2025-05-02 03:26:44,index,137.223000049591,13308.0,TheEmptinessMachine,CUBIC,Throughput,HTTP/1.1
2025-05-02 03:26:46,index,139.223000049591,13308.0,TheEmptinessMachine,CUBIC,Throughput,HTTP/1.1
2025-05-02 03:26:48,index,141.223000049591,13308.0,TheEmptinessMachine,CUBIC,Throughput,HTTP/1.1
2025-05-02 03:26:50,index,143.223999977112,13308.0,TheEmptinessMachine,CUBIC,Throughput,HTTP/1.1
2025-05-02 03:26:52,index,145.223000049591,13308.0,TheEmptinessMachine,CUBIC,Throughput,HTTP/1.1
2025-05-02 03:26:54,index,147.223000049591,13308.0,TheEmptinessMachine,CUBIC,Throughput,HTTP/1.1
2025-05-02 03:26:56,index,149.223000049591,13308.0,TheEmptinessMachine,CUBIC,Throughput,HTTP/1.1
2025-05-02 03:26:58,index,151.223999977112,13308.0,TheEmptinessMachine,CUBIC,Throughput,HTTP/1.1
2025-05-02 03:27:00,index,153.223000049591,13308.0,TheEmptinessMachine,CUBIC,Throughput,HTTP/1.1
2025-05-02 03:27:02,index,155.223999977112,13308.0,TheEmptinessMachine,CUBIC,Throughput,HTTP/1.1
2025-05-02 03:27:04,index,157.223000049591,13308.0,TheEmptinessMachine,CUBIC,Throughput,HTTP/1.1
2025-05-02 03:27:06,index,159.223999977112,13308.0,TheEmptinessMachine,CUBIC,Throughput,HTTP/1.1
2025-05-02 03:27:08,index,161.223000049591,13308.0,TheEmptinessMachine,CUBIC,Throughput,HTTP/1.1
2025-05-02 03:27:10,index,163.223000049591,13308.0,TheEmptinessMachine,CUBIC,Throughput,HTTP/1.1
2025-05-02 03:27:12,index,165.223000049591,13308.0,TheEmptinessMachine,CUBIC,Throughput,HTTP/1.1
2025-05-02 03:27:14,index,167.223000049591,13308.0,TheEmptinessMachine,CUBIC,Throughput,HTTP/1.1
2025-05-02 03:27:16,index,169.223000049591,13308.0,TheEmptinessMachine,CUBIC,Throughput,HTTP/1.1
2025-05-02 03:27:18,index,171.223000049591,13308.0,TheEmptinessMachine,CUBIC,Throughput,HTTP/1.1
2025-05-02 03:27:20,index,173.223000049591,13308.0,TheEmptinessMachine,CUBIC,Throughput,HTTP/1.1
2025-05-02 03:27:22,index,175.223000049591,13308.0,TheEmptinessMachine,CUBIC,Throughput,HTTP/1.1
2025-05-02 03:27:24,index,177.223000049591,13308.0,TheEmptinessMachine,CUBIC,Throughput,HTTP/1.1
2025-05-02 03:27:26,index,179.223000049591,13308.0,TheEmptinessMachine,CUBIC,Throughput,HTTP/1.1
2025-05-02 03:27:28,index,181.223000049591,13308.0,TheEmptinessMachine,CUBIC,Throughput,HTTP/1.1
2025-05-02 03:27:30,index,183.223000049591,13308.0,TheEmptinessMachine,CUBIC,Throughput,HTTP/1.1
2025-05-02 03:27:32,index,185.223999977112,13308.0,TheEmptinessMachine,CUBIC,Throughput,HTTP/1.1
2025-05-02 03:27:34,index,187.223999977112,13308.0,TheEmptinessMachine,CUBIC,Throughput,HTTP/1.1
2025-05-02 03:27:36,index,189.223000049591,13308.0,TheEmptinessMachine,CUBIC,Throughput,HTTP/1.1
2025-05-02 03:27:38,index,191.223000049591,13308.0,TheEmptinessMachine,CUBIC,Throughput,HTTP/1.1
2025-05-02 03:27:40,index,193.223000049591,13308.0,TheEmptinessMachine,CUBIC,Throughput,HTTP/1.1
2025-05-02 03:27:42,index,195.223000049591,13308.0,TheEmptinessMachine,CUBIC,Throughput,HTTP/1.1
2025-05-02 03:27:44,index,197.225000143051,13308.0,TheEmptinessMachine,CUBIC,Throughput,HTTP/1.1
2025-05-02 03:27:46,index,199.225000143051,13308.0,TheEmptinessMachine,CUBIC,Throughput,HTTP/1.1
2025-05-02 03:27:48,index,201.223999977112,13308.0,TheEmptinessMachine,CUBIC,Throughput,HTTP/1.1
2025-05-02 03:27:50,index,203.223000049591,13308.0,TheEmptinessMachine,CUBIC,Throughput,HTTP/1.1
2025-05-02 03:27:52,index,205.223999977112,13308.0,TheEmptinessMachine,CUBIC,Throughput,HTTP/1.1
2025-05-02 03:27:54,index,207.223000049591,13308.0,TheEmptinessMachine,CUBIC,Throughput,HTTP/1.1
2025-05-02 03:27:56,index,209.223000049591,13308.0,TheEmptinessMachine,CUBIC,Throughput,HTTP/1.1
2025-05-02 03:28:23,index,1.21200013160706,13308.0,TheEmptinessMachine,CUBIC,Throughput,HTTP/2
2025-05-02 03:28:25,index,3.21200013160706,4676.0,TheEmptinessMachine,CUBIC,Throughput,HTTP/2
2025-05-02 03:28:27,index,5.21099996566772,4676.0,TheEmptinessMachine,CUBIC,Throughput,HTTP/2
2025-05-02 03:28:29,index,7.21200013160706,2974.0,TheEmptinessMachine,CUBIC,Throughput,HTTP/2
2025-05-02 03:28:31,index,9.21099996566772,8631.0,TheEmptinessMachine,CUBIC,Throughput,HTTP/2
2025-05-02 03:28:33,index,11.2109999656677,8631.0,TheEmptinessMachine,CUBIC,Throughput,HTTP/2
2025-05-02 03:28:35,index,13.2120001316071,8631.0,TheEmptinessMachine,CUBIC,Throughput,HTTP/2
2025-05-02 03:28:37,index,15.2109999656677,8631.0,TheEmptinessMachine,CUBIC,Throughput,HTTP/2
2025-05-02 03:28:39,index,17.2109999656677,13308.0,TheEmptinessMachine,CUBIC,Throughput,HTTP/2
2025-05-02 03:28:41,index,19.2109999656677,4676.0,TheEmptinessMachine,CUBIC,Throughput,HTTP/2
2025-05-02 03:28:43,index,21.2120001316071,13308.0,TheEmptinessMachine,CUBIC,Throughput,HTTP/2
2025-05-02 03:28:45,index,23.2150001525879,980.0,TheEmptinessMachine,CUBIC,Throughput,HTTP/2
2025-05-02 03:28:47,index,25.2109999656677,4692.0,TheEmptinessMachine,CUBIC,Throughput,HTTP/2
2025-05-02 03:28:49,index,27.2109999656677,8631.0,TheEmptinessMachine,CUBIC,Throughput,HTTP/2
2025-05-02 03:28:51,index,29.2120001316071,1767.0,TheEmptinessMachine,CUBIC,Throughput,HTTP/2
2025-05-02 03:28:53,index,31.2109999656677,13308.0,TheEmptinessMachine,CUBIC,Throughput,HTTP/2
2025-05-02 03:28:55,index,33.2120001316071,8631.0,TheEmptinessMachine,CUBIC,Throughput,HTTP/2
2025-05-02 03:28:57,index,35.2109999656677,4676.0,TheEmptinessMachine,CUBIC,Throughput,HTTP/2
2025-05-02 03:28:59,index,37.2109999656677,8631.0,TheEmptinessMachine,CUBIC,Throughput,HTTP/2
2025-05-02 03:29:01,index,39.2109999656677,8631.0,TheEmptinessMachine,CUBIC,Throughput,HTTP/2
2025-05-02 03:29:03,index,41.2120001316071,4676.0,TheEmptinessMachine,CUBIC,Throughput,HTTP/2
2025-05-02 03:29:05,index,43.2120001316071,4676.0,TheEmptinessMachine,CUBIC,Throughput,HTTP/2
2025-05-02 03:29:07,index,45.2109999656677,4676.0,TheEmptinessMachine,CUBIC,Throughput,HTTP/2
2025-05-02 03:29:09,index,47.2120001316071,4676.0,TheEmptinessMachine,CUBIC,Throughput,HTTP/2
2025-05-02 03:29:11,index,49.2109999656677,4676.0,TheEmptinessMachine,CUBIC,Throughput,HTTP/2
2025-05-02 03:29:13,index,51.2120001316071,4676.0,TheEmptinessMachine,CUBIC,Throughput,HTTP/2
2025-05-02 03:29:15,index,53.2109999656677,3486.0,TheEmptinessMachine,CUBIC,Throughput,HTTP/2
2025-05-02 03:29:17,index,55.2120001316071,3486.0,TheEmptinessMachine,CUBIC,Throughput,HTTP/2
2025-05-02 03:29:19,index,57.2120001316071,3486.0,TheEmptinessMachine,CUBIC,Throughput,HTTP/2
2025-05-02 03:29:21,index,59.2120001316071,3486.0,TheEmptinessMachine,CUBIC,Throughput,HTTP/2
2025-05-02 03:29:23,index,61.2109999656677,3486.0,TheEmptinessMachine,CUBIC,Throughput,HTTP/2
2025-05-02 03:29:25,index,63.2109999656677,3486.0,TheEmptinessMachine,CUBIC,Throughput,HTTP/2
2025-05-02 03:29:27,index,65.2109999656677,3486.0,TheEmptinessMachine,CUBIC,Throughput,HTTP/2
2025-05-02 03:29:29,index,67.2109999656677,13308.0,TheEmptinessMachine,CUBIC,Throughput,HTTP/2
2025-05-02 03:29:31,index,69.2120001316071,13308.0,TheEmptinessMachine,CUBIC,Throughput,HTTP/2
2025-05-02 03:29:33,index,71.2120001316071,13308.0,TheEmptinessMachine,CUBIC,Throughput,HTTP/2
2025-05-02 03:29:35,index,73.2109999656677,13308.0,TheEmptinessMachine,CUBIC,Throughput,HTTP/2
2025-05-02 03:29:37,index,75.2120001316071,13308.0,TheEmptinessMachine,CUBIC,Throughput,HTTP/2
2025-05-02 03:29:39,index,77.2120001316071,13308.0,TheEmptinessMachine,CUBIC,Throughput,HTTP/2
2025-05-02 03:29:41,index,79.2109999656677,13308.0,TheEmptinessMachine,CUBIC,Throughput,HTTP/2
2025-05-02 03:29:43,index,81.2109999656677,13308.0,TheEmptinessMachine,CUBIC,Throughput,HTTP/2
2025-05-02 03:29:45,index,83.2109999656677,13308.0,TheEmptinessMachine,CUBIC,Throughput,HTTP/2
2025-05-02 03:29:47,index,85.2109999656677,13308.0,TheEmptinessMachine,CUBIC,Throughput,HTTP/2
2025-05-02 03:29:49,index,87.2120001316071,13308.0,TheEmptinessMachine,CUBIC,Throughput,HTTP/2
2025-05-02 03:29:51,index,89.2120001316071,13308.0,TheEmptinessMachine,CUBIC,Throughput,HTTP/2
2025-05-02 03:29:53,index,91.2120001316071,13308.0,TheEmptinessMachine,CUBIC,Throughput,HTTP/2
2025-05-02 03:29:55,index,93.2109999656677,13308.0,TheEmptinessMachine,CUBIC,Throughput,HTTP/2
2025-05-02 03:29:57,index,95.2109999656677,13308.0,TheEmptinessMachine,CUBIC,Throughput,HTTP/2
2025-05-02 03:29:59,index,97.2109999656677,13308.0,TheEmptinessMachine,CUBIC,Throughput,HTTP/2
2025-05-02 03:30:01,index,99.2109999656677,13308.0,TheEmptinessMachine,CUBIC,Throughput,HTTP/2
2025-05-02 03:30:03,index,101.210999965668,13308.0,TheEmptinessMachine,CUBIC,Throughput,HTTP/2
2025-05-02 03:30:05,index,103.212000131607,13308.0,TheEmptinessMachine,CUBIC,Throughput,HTTP/2
2025-05-02 03:30:07,index,105.210999965668,13308.0,TheEmptinessMachine,CUBIC,Throughput,HTTP/2
2025-05-02 03:30:09,index,107.210999965668,13308.0,TheEmptinessMachine,CUBIC,Throughput,HTTP/2
2025-05-02 03:30:11,index,109.210999965668,13308.0,TheEmptinessMachine,CUBIC,Throughput,HTTP/2
2025-05-02 03:30:13,index,111.210999965668,13308.0,TheEmptinessMachine,CUBIC,Throughput,HTTP/2
2025-05-02 03:30:15,index,113.212000131607,13308.0,TheEmptinessMachine,CUBIC,Throughput,HTTP/2
2025-05-02 03:30:17,index,115.213999986649,13308.0,TheEmptinessMachine,CUBIC,Throughput,HTTP/2
2025-05-02 03:30:19,index,117.212000131607,13308.0,TheEmptinessMachine,CUBIC,Throughput,HTTP/2
2025-05-02 03:30:21,index,119.212000131607,13308.0,TheEmptinessMachine,CUBIC,Throughput,HTTP/2
2025-05-02 03:30:23,index,121.210999965668,13308.0,TheEmptinessMachine,CUBIC,Throughput,HTTP/2
2025-05-02 03:30:25,index,123.212000131607,13308.0,TheEmptinessMachine,CUBIC,Throughput,HTTP/2
2025-05-02 03:30:27,index,125.212000131607,13308.0,TheEmptinessMachine,CUBIC,Throughput,HTTP/2
2025-05-02 03:30:29,index,127.210999965668,13308.0,TheEmptinessMachine,CUBIC,Throughput,HTTP/2
2025-05-02 03:30:31,index,129.212000131607,13308.0,TheEmptinessMachine,CUBIC,Throughput,HTTP/2
2025-05-02 03:30:33,index,131.210999965668,13308.0,TheEmptinessMachine,CUBIC,Throughput,HTTP/2
2025-05-02 03:30:35,index,133.212000131607,13308.0,TheEmptinessMachine,CUBIC,Throughput,HTTP/2
2025-05-02 03:30:37,index,135.212000131607,13308.0,TheEmptinessMachine,CUBIC,Throughput,HTTP/2
2025-05-02 03:30:39,index,137.210999965668,13308.0,TheEmptinessMachine,CUBIC,Throughput,HTTP/2
2025-05-02 03:30:41,index,139.210999965668,13308.0,TheEmptinessMachine,CUBIC,Throughput,HTTP/2
2025-05-02 03:30:43,index,141.212000131607,13308.0,TheEmptinessMachine,CUBIC,Throughput,HTTP/2
2025-05-02 03:30:45,index,143.210999965668,13308.0,TheEmptinessMachine,CUBIC,Throughput,HTTP/2
2025-05-02 03:30:47,index,145.210999965668,13308.0,TheEmptinessMachine,CUBIC,Throughput,HTTP/2
2025-05-02 03:30:49,index,147.212000131607,13308.0,TheEmptinessMachine,CUBIC,Throughput,HTTP/2
2025-05-02 03:30:51,index,149.212000131607,13308.0,TheEmptinessMachine,CUBIC,Throughput,HTTP/2
2025-05-02 03:30:53,index,151.242000102997,13308.0,TheEmptinessMachine,CUBIC,Throughput,HTTP/2
2025-05-02 03:30:55,index,153.210999965668,13308.0,TheEmptinessMachine,CUBIC,Throughput,HTTP/2
2025-05-02 03:30:57,index,155.212000131607,13308.0,TheEmptinessMachine,CUBIC,Throughput,HTTP/2
2025-05-02 03:30:59,index,157.212000131607,13308.0,TheEmptinessMachine,CUBIC,Throughput,HTTP/2
2025-05-02 03:31:01,index,159.210999965668,13308.0,TheEmptinessMachine,CUBIC,Throughput,HTTP/2
2025-05-02 03:31:03,index,161.210999965668,13308.0,TheEmptinessMachine,CUBIC,Throughput,HTTP/2
2025-05-02 03:31:05,index,163.210999965668,13308.0,TheEmptinessMachine,CUBIC,Throughput,HTTP/2
2025-05-02 03:31:07,index,165.212000131607,13308.0,TheEmptinessMachine,CUBIC,Throughput,HTTP/2
2025-05-02 03:31:09,index,167.212000131607,13308.0,TheEmptinessMachine,CUBIC,Throughput,HTTP/2
2025-05-02 03:31:11,index,169.210999965668,13308.0,TheEmptinessMachine,CUBIC,Throughput,HTTP/2
2025-05-02 03:31:13,index,171.210999965668,13308.0,TheEmptinessMachine,CUBIC,Throughput,HTTP/2
2025-05-02 03:31:15,index,173.210999965668,13308.0,TheEmptinessMachine,CUBIC,Throughput,HTTP/2
2025-05-02 03:31:17,index,175.210999965668,13308.0,TheEmptinessMachine,CUBIC,Throughput,HTTP/2
2025-05-02 03:31:19,index,177.212000131607,13308.0,TheEmptinessMachine,CUBIC,Throughput,HTTP/2
2025-05-02 03:31:21,index,179.212000131607,13308.0,TheEmptinessMachine,CUBIC,Throughput,HTTP/2
2025-05-02 03:31:23,index,181.210999965668,13308.0,TheEmptinessMachine,CUBIC,Throughput,HTTP/2
2025-05-02 03:31:25,index,183.212000131607,13308.0,TheEmptinessMachine,CUBIC,Throughput,HTTP/2
2025-05-02 03:31:27,index,185.212000131607,13308.0,TheEmptinessMachine,CUBIC,Throughput,HTTP/2
2025-05-02 03:31:29,index,187.212000131607,13308.0,TheEmptinessMachine,CUBIC,Throughput,HTTP/2
2025-05-02 03:31:31,index,189.212000131607,13308.0,TheEmptinessMachine,CUBIC,Throughput,HTTP/2
2025-05-02 03:31:33,index,191.212000131607,13308.0,TheEmptinessMachine,CUBIC,Throughput,HTTP/2
2025-05-02 03:31:35,index,193.212000131607,13308.0,TheEmptinessMachine,CUBIC,Throughput,HTTP/2
2025-05-02 03:31:37,index,195.212000131607,13308.0,TheEmptinessMachine,CUBIC,Throughput,HTTP/2
2025-05-02 03:31:39,index,197.213000059128,13308.0,TheEmptinessMachine,CUBIC,Throughput,HTTP/2
2025-05-02 03:31:41,index,199.212000131607,13308.0,TheEmptinessMachine,CUBIC,Throughput,HTTP/2
2025-05-02 03:31:43,index,201.212000131607,13308.0,TheEmptinessMachine,CUBIC,Throughput,HTTP/2
2025-05-02 03:31:45,index,203.212000131607,13308.0,TheEmptinessMachine,CUBIC,Throughput,HTTP/2
2025-05-02 03:31:47,index,205.213000059128,13308.0,TheEmptinessMachine,CUBIC,Throughput,HTTP/2
2025-05-02 03:31:51,index,209.212000131607,13308.0,TheEmptinessMachine,CUBIC,Throughput,HTTP/2
2025-05-02 03:32:16,index,1.19700002670288,8631.0,TheEmptinessMachine,CUBIC,Throughput,HTTP/3
2025-05-02 03:32:18,index,3.19500017166138,13308.0,TheEmptinessMachine,CUBIC,Throughput,HTTP/3
2025-05-02 03:32:20,index,5.19500017166138,13308.0,TheEmptinessMachine,CUBIC,Throughput,HTTP/3
2025-05-02 03:32:22,index,7.19500017166138,13308.0,TheEmptinessMachine,CUBIC,Throughput,HTTP/3
2025-05-02 03:32:24,index,9.19500017166138,13308.0,TheEmptinessMachine,CUBIC,Throughput,HTTP/3
2025-05-02 03:32:26,index,11.1950001716614,13308.0,TheEmptinessMachine,CUBIC,Throughput,HTTP/3
2025-05-02 03:32:28,index,13.1950001716614,13308.0,TheEmptinessMachine,CUBIC,Throughput,HTTP/3
2025-05-02 03:32:30,index,15.194000005722,13308.0,TheEmptinessMachine,CUBIC,Throughput,HTTP/3
2025-05-02 03:32:32,index,17.194000005722,13308.0,TheEmptinessMachine,CUBIC,Throughput,HTTP/3
2025-05-02 03:32:34,index,19.1950001716614,13308.0,TheEmptinessMachine,CUBIC,Throughput,HTTP/3
2025-05-02 03:32:36,index,21.1950001716614,13308.0,TheEmptinessMachine,CUBIC,Throughput,HTTP/3
2025-05-02 03:32:38,index,23.194000005722,13308.0,TheEmptinessMachine,CUBIC,Throughput,HTTP/3
2025-05-02 03:32:40,index,25.1950001716614,13308.0,TheEmptinessMachine,CUBIC,Throughput,HTTP/3
2025-05-02 03:32:42,index,27.1950001716614,13308.0,TheEmptinessMachine,CUBIC,Throughput,HTTP/3
2025-05-02 03:32:44,index,29.1950001716614,13308.0,TheEmptinessMachine,CUBIC,Throughput,HTTP/3
2025-05-02 03:32:46,index,31.1950001716614,13308.0,TheEmptinessMachine,CUBIC,Throughput,HTTP/3
2025-05-02 03:32:48,index,33.194000005722,13308.0,TheEmptinessMachine,CUBIC,Throughput,HTTP/3
2025-05-02 03:32:50,index,35.1950001716614,13308.0,TheEmptinessMachine,CUBIC,Throughput,HTTP/3
2025-05-02 03:32:52,index,37.1950001716614,13308.0,TheEmptinessMachine,CUBIC,Throughput,HTTP/3
2025-05-02 03:32:54,index,39.1950001716614,13308.0,TheEmptinessMachine,CUBIC,Throughput,HTTP/3
2025-05-02 03:32:56,index,41.194000005722,13308.0,TheEmptinessMachine,CUBIC,Throughput,HTTP/3
2025-05-02 03:32:58,index,43.194000005722,13308.0,TheEmptinessMachine,CUBIC,Throughput,HTTP/3
2025-05-02 03:33:00,index,45.1950001716614,13308.0,TheEmptinessMachine,CUBIC,Throughput,HTTP/3
2025-05-02 03:33:02,index,47.1950001716614,13308.0,TheEmptinessMachine,CUBIC,Throughput,HTTP/3
2025-05-02 03:33:04,index,49.1950001716614,13308.0,TheEmptinessMachine,CUBIC,Throughput,HTTP/3
2025-05-02 03:33:06,index,51.1950001716614,13308.0,TheEmptinessMachine,CUBIC,Throughput,HTTP/3
2025-05-02 03:33:08,index,53.1950001716614,13308.0,TheEmptinessMachine,CUBIC,Throughput,HTTP/3
2025-05-02 03:33:10,index,55.1950001716614,13308.0,TheEmptinessMachine,CUBIC,Throughput,HTTP/3
2025-05-02 03:33:12,index,57.1950001716614,13308.0,TheEmptinessMachine,CUBIC,Throughput,HTTP/3
2025-05-02 03:33:14,index,59.194000005722,13308.0,TheEmptinessMachine,CUBIC,Throughput,HTTP/3
2025-05-02 03:33:16,index,61.194000005722,13308.0,TheEmptinessMachine,CUBIC,Throughput,HTTP/3
2025-05-02 03:33:18,index,63.1950001716614,13308.0,TheEmptinessMachine,CUBIC,Throughput,HTTP/3
2025-05-02 03:33:20,index,65.1950001716614,13308.0,TheEmptinessMachine,CUBIC,Throughput,HTTP/3
2025-05-02 03:33:22,index,67.1950001716614,13308.0,TheEmptinessMachine,CUBIC,Throughput,HTTP/3
2025-05-02 03:33:24,index,69.1950001716614,13308.0,TheEmptinessMachine,CUBIC,Throughput,HTTP/3
2025-05-02 03:33:26,index,71.1960000991821,13308.0,TheEmptinessMachine,CUBIC,Throughput,HTTP/3
2025-05-02 03:33:28,index,73.194000005722,13308.0,TheEmptinessMachine,CUBIC,Throughput,HTTP/3
2025-05-02 03:33:30,index,75.1950001716614,13308.0,TheEmptinessMachine,CUBIC,Throughput,HTTP/3
2025-05-02 03:33:33,index,77.1960000991821,13308.0,TheEmptinessMachine,CUBIC,Throughput,HTTP/3
2025-05-02 03:33:34,index,79.1960000991821,13308.0,TheEmptinessMachine,CUBIC,Throughput,HTTP/3
2025-05-02 03:33:36,index,81.1950001716614,13308.0,TheEmptinessMachine,CUBIC,Throughput,HTTP/3
2025-05-02 03:33:38,index,83.1950001716614,13308.0,TheEmptinessMachine,CUBIC,Throughput,HTTP/3
2025-05-02 03:33:40,index,85.194000005722,13308.0,TheEmptinessMachine,CUBIC,Throughput,HTTP/3
2025-05-02 03:33:42,index,87.1950001716614,13308.0,TheEmptinessMachine,CUBIC,Throughput,HTTP/3
2025-05-02 03:33:44,index,89.194000005722,13308.0,TheEmptinessMachine,CUBIC,Throughput,HTTP/3
2025-05-02 03:33:46,index,91.1950001716614,13308.0,TheEmptinessMachine,CUBIC,Throughput,HTTP/3
2025-05-02 03:33:48,index,93.1950001716614,13308.0,TheEmptinessMachine,CUBIC,Throughput,HTTP/3
2025-05-02 03:33:50,index,95.194000005722,13308.0,TheEmptinessMachine,CUBIC,Throughput,HTTP/3
2025-05-02 03:33:52,index,97.194000005722,13308.0,TheEmptinessMachine,CUBIC,Throughput,HTTP/3
2025-05-02 03:33:54,index,99.1950001716614,13308.0,TheEmptinessMachine,CUBIC,Throughput,HTTP/3
2025-05-02 03:33:56,index,101.195000171661,13308.0,TheEmptinessMachine,CUBIC,Throughput,HTTP/3
2025-05-02 03:33:58,index,103.195000171661,13308.0,TheEmptinessMachine,CUBIC,Throughput,HTTP/3
2025-05-02 03:34:00,index,105.195000171661,13308.0,TheEmptinessMachine,CUBIC,Throughput,HTTP/3
2025-05-02 03:34:02,index,107.194000005722,13308.0,TheEmptinessMachine,CUBIC,Throughput,HTTP/3
2025-05-02 03:34:04,index,109.195000171661,13308.0,TheEmptinessMachine,CUBIC,Throughput,HTTP/3
2025-05-02 03:34:06,index,111.196000099182,13308.0,TheEmptinessMachine,CUBIC,Throughput,HTTP/3
2025-05-02 03:34:08,index,113.196000099182,13308.0,TheEmptinessMachine,CUBIC,Throughput,HTTP/3
2025-05-02 03:34:10,index,115.196000099182,13308.0,TheEmptinessMachine,CUBIC,Throughput,HTTP/3
2025-05-02 03:34:12,index,117.195000171661,13308.0,TheEmptinessMachine,CUBIC,Throughput,HTTP/3
2025-05-02 03:34:14,index,119.195000171661,13308.0,TheEmptinessMachine,CUBIC,Throughput,HTTP/3
2025-05-02 03:34:16,index,121.195000171661,13308.0,TheEmptinessMachine,CUBIC,Throughput,HTTP/3
2025-05-02 03:34:18,index,123.195000171661,13308.0,TheEmptinessMachine,CUBIC,Throughput,HTTP/3
2025-05-02 03:34:20,index,125.196000099182,13308.0,TheEmptinessMachine,CUBIC,Throughput,HTTP/3
2025-05-02 03:34:22,index,127.195000171661,13308.0,TheEmptinessMachine,CUBIC,Throughput,HTTP/3
2025-05-02 03:34:24,index,129.195000171661,13308.0,TheEmptinessMachine,CUBIC,Throughput,HTTP/3
2025-05-02 03:34:26,index,131.195000171661,13308.0,TheEmptinessMachine,CUBIC,Throughput,HTTP/3
2025-05-02 03:34:28,index,133.195000171661,13308.0,TheEmptinessMachine,CUBIC,Throughput,HTTP/3
2025-05-02 03:34:30,index,135.195000171661,13308.0,TheEmptinessMachine,CUBIC,Throughput,HTTP/3
2025-05-02 03:34:32,index,137.195000171661,13308.0,TheEmptinessMachine,CUBIC,Throughput,HTTP/3
2025-05-02 03:34:34,index,139.195000171661,13308.0,TheEmptinessMachine,CUBIC,Throughput,HTTP/3
2025-05-02 03:34:36,index,141.195000171661,13308.0,TheEmptinessMachine,CUBIC,Throughput,HTTP/3
2025-05-02 03:34:38,index,143.195000171661,13308.0,TheEmptinessMachine,CUBIC,Throughput,HTTP/3
2025-05-02 03:34:40,index,145.195000171661,13308.0,TheEmptinessMachine,CUBIC,Throughput,HTTP/3
2025-05-02 03:34:42,index,147.195000171661,13308.0,TheEmptinessMachine,CUBIC,Throughput,HTTP/3
2025-05-02 03:34:44,index,149.195000171661,13308.0,TheEmptinessMachine,CUBIC,Throughput,HTTP/3
2025-05-02 03:34:46,index,151.195000171661,13308.0,TheEmptinessMachine,CUBIC,Throughput,HTTP/3
2025-05-02 03:34:48,index,153.195000171661,13308.0,TheEmptinessMachine,CUBIC,Throughput,HTTP/3
2025-05-02 03:34:51,index,155.310000181198,13308.0,TheEmptinessMachine,CUBIC,Throughput,HTTP/3
2025-05-02 03:34:52,index,157.195000171661,13308.0,TheEmptinessMachine,CUBIC,Throughput,HTTP/3
2025-05-02 03:34:54,index,159.196000099182,13308.0,TheEmptinessMachine,CUBIC,Throughput,HTTP/3
2025-05-02 03:34:56,index,161.196000099182,13308.0,TheEmptinessMachine,CUBIC,Throughput,HTTP/3
2025-05-02 03:34:58,index,163.195000171661,13308.0,TheEmptinessMachine,CUBIC,Throughput,HTTP/3
2025-05-02 03:35:00,index,165.194000005722,13308.0,TheEmptinessMachine,CUBIC,Throughput,HTTP/3
2025-05-02 03:35:02,index,167.194000005722,13308.0,TheEmptinessMachine,CUBIC,Throughput,HTTP/3
2025-05-02 03:35:05,index,169.262000083923,13308.0,TheEmptinessMachine,CUBIC,Throughput,HTTP/3
2025-05-02 03:35:06,index,171.195000171661,13308.0,TheEmptinessMachine,CUBIC,Throughput,HTTP/3
2025-05-02 03:35:09,index,174.195000171661,13308.0,TheEmptinessMachine,CUBIC,Throughput,HTTP/3
2025-05-02 03:35:11,index,176.195000171661,13308.0,TheEmptinessMachine,CUBIC,Throughput,HTTP/3
2025-05-02 03:35:13,index,178.194000005722,13308.0,TheEmptinessMachine,CUBIC,Throughput,HTTP/3
2025-05-02 03:35:15,index,180.195000171661,13308.0,TheEmptinessMachine,CUBIC,Throughput,HTTP/3
2025-05-02 03:35:17,index,182.195000171661,13308.0,TheEmptinessMachine,CUBIC,Throughput,HTTP/3
2025-05-02 03:35:19,index,184.195000171661,13308.0,TheEmptinessMachine,CUBIC,Throughput,HTTP/3
2025-05-02 03:35:21,index,186.195000171661,13308.0,TheEmptinessMachine,CUBIC,Throughput,HTTP/3
2025-05-02 03:35:23,index,188.195000171661,13308.0,TheEmptinessMachine,CUBIC,Throughput,HTTP/3
2025-05-02 03:35:25,index,190.195000171661,13308.0,TheEmptinessMachine,CUBIC,Throughput,HTTP/3
2025-05-02 03:35:27,index,192.195000171661,13308.0,TheEmptinessMachine,CUBIC,Throughput,HTTP/3
2025-05-02 03:35:29,index,194.194000005722,13308.0,TheEmptinessMachine,CUBIC,Throughput,HTTP/3
2025-05-02 03:35:31,index,196.195000171661,13308.0,TheEmptinessMachine,CUBIC,Throughput,HTTP/3
2025-05-02 03:35:33,index,198.195000171661,13308.0,TheEmptinessMachine,CUBIC,Throughput,HTTP/3
2025-05-02 03:35:35,index,200.195000171661,13308.0,TheEmptinessMachine,CUBIC,Throughput,HTTP/3
2025-05-02 03:35:37,index,202.195000171661,13308.0,TheEmptinessMachine,CUBIC,Throughput,HTTP/3
2025-05-02 03:35:39,index,204.195000171661,13308.0,TheEmptinessMachine,CUBIC,Throughput,HTTP/3
2025-05-02 03:35:41,index,206.195000171661,13308.0,TheEmptinessMachine,CUBIC,Throughput,HTTP/3
2025-05-02 03:35:43,index,208.195000171661,13308.0,TheEmptinessMachine,CUBIC,Throughput,HTTP/3
2025-05-02 03:35:45,index,210.195000171661,13308.0,TheEmptinessMachine,CUBIC,Throughput,HTTP/3
2025-05-02 03:36:17,index,1.2279999256134,8631.0,TheEmptinessMachine,BBR,Dynamic,HTTP/1.1
2025-05-02 03:36:19,index,3.2260000705719,8631.0,TheEmptinessMachine,BBR,Dynamic,HTTP/1.1
2025-05-02 03:36:21,index,5.22499990463257,8631.0,TheEmptinessMachine,BBR,Dynamic,HTTP/1.1
2025-05-02 03:36:23,index,7.22499990463257,8631.0,TheEmptinessMachine,BBR,Dynamic,HTTP/1.1
2025-05-02 03:36:25,index,9.22499990463257,8631.0,TheEmptinessMachine,BBR,Dynamic,HTTP/1.1
2025-05-02 03:36:27,index,11.2249999046326,1767.0,TheEmptinessMachine,BBR,Dynamic,HTTP/1.1
2025-05-02 03:36:29,index,13.2249999046326,4676.0,TheEmptinessMachine,BBR,Dynamic,HTTP/1.1
2025-05-02 03:36:31,index,15.2249999046326,8631.0,TheEmptinessMachine,BBR,Dynamic,HTTP/1.1
2025-05-02 03:36:33,index,17.2249999046326,8631.0,TheEmptinessMachine,BBR,Dynamic,HTTP/1.1
2025-05-02 03:36:35,index,19.2269999980927,4676.0,TheEmptinessMachine,BBR,Dynamic,HTTP/1.1
2025-05-02 03:36:37,index,21.2260000705719,4676.0,TheEmptinessMachine,BBR,Dynamic,HTTP/1.1
2025-05-02 03:36:39,index,23.2260000705719,4676.0,TheEmptinessMachine,BBR,Dynamic,HTTP/1.1
2025-05-02 03:36:41,index,25.2260000705719,4676.0,TheEmptinessMachine,BBR,Dynamic,HTTP/1.1
2025-05-02 03:36:43,index,27.2249999046326,4676.0,TheEmptinessMachine,BBR,Dynamic,HTTP/1.1
2025-05-02 03:36:45,index,29.2260000705719,4676.0,TheEmptinessMachine,BBR,Dynamic,HTTP/1.1
2025-05-02 03:36:47,index,31.2249999046326,4676.0,TheEmptinessMachine,BBR,Dynamic,HTTP/1.1
2025-05-02 03:36:49,index,33.2260000705719,4676.0,TheEmptinessMachine,BBR,Dynamic,HTTP/1.1
2025-05-02 03:36:51,index,35.2249999046326,13308.0,TheEmptinessMachine,BBR,Dynamic,HTTP/1.1
2025-05-02 03:36:53,index,37.2260000705719,13308.0,TheEmptinessMachine,BBR,Dynamic,HTTP/1.1
2025-05-02 03:36:55,index,39.2260000705719,13308.0,TheEmptinessMachine,BBR,Dynamic,HTTP/1.1
2025-05-02 03:36:57,index,41.2249999046326,13308.0,TheEmptinessMachine,BBR,Dynamic,HTTP/1.1
2025-05-02 03:36:59,index,43.2260000705719,13308.0,TheEmptinessMachine,BBR,Dynamic,HTTP/1.1
2025-05-02 03:37:01,index,45.2260000705719,13308.0,TheEmptinessMachine,BBR,Dynamic,HTTP/1.1
2025-05-02 03:37:03,index,47.2260000705719,13308.0,TheEmptinessMachine,BBR,Dynamic,HTTP/1.1
2025-05-02 03:37:05,index,49.2249999046326,13308.0,TheEmptinessMachine,BBR,Dynamic,HTTP/1.1
2025-05-02 03:37:07,index,51.2260000705719,13308.0,TheEmptinessMachine,BBR,Dynamic,HTTP/1.1
2025-05-02 03:37:09,index,53.2249999046326,13308.0,TheEmptinessMachine,BBR,Dynamic,HTTP/1.1
2025-05-02 03:37:11,index,55.2249999046326,13308.0,TheEmptinessMachine,BBR,Dynamic,HTTP/1.1
2025-05-02 03:37:13,index,57.2260000705719,13308.0,TheEmptinessMachine,BBR,Dynamic,HTTP/1.1
2025-05-02 03:37:15,index,59.2249999046326,13308.0,TheEmptinessMachine,BBR,Dynamic,HTTP/1.1
2025-05-02 03:37:17,index,61.2249999046326,13308.0,TheEmptinessMachine,BBR,Dynamic,HTTP/1.1
2025-05-02 03:37:19,index,63.2260000705719,13308.0,TheEmptinessMachine,BBR,Dynamic,HTTP/1.1
2025-05-02 03:37:21,index,65.2260000705719,13308.0,TheEmptinessMachine,BBR,Dynamic,HTTP/1.1
2025-05-02 03:37:23,index,67.2260000705719,13308.0,TheEmptinessMachine,BBR,Dynamic,HTTP/1.1
2025-05-02 03:37:25,index,69.2260000705719,13308.0,TheEmptinessMachine,BBR,Dynamic,HTTP/1.1
2025-05-02 03:37:27,index,71.2260000705719,13308.0,TheEmptinessMachine,BBR,Dynamic,HTTP/1.1
2025-05-02 03:37:29,index,73.2260000705719,13308.0,TheEmptinessMachine,BBR,Dynamic,HTTP/1.1
2025-05-02 03:37:31,index,75.2260000705719,8631.0,TheEmptinessMachine,BBR,Dynamic,HTTP/1.1
2025-05-02 03:37:33,index,77.2309999465942,8631.0,TheEmptinessMachine,BBR,Dynamic,HTTP/1.1
2025-05-02 03:37:35,index,79.2260000705719,8631.0,TheEmptinessMachine,BBR,Dynamic,HTTP/1.1
2025-05-02 03:37:37,index,81.2249999046326,8631.0,TheEmptinessMachine,BBR,Dynamic,HTTP/1.1
2025-05-02 03:37:39,index,83.2260000705719,13308.0,TheEmptinessMachine,BBR,Dynamic,HTTP/1.1
2025-05-02 03:37:41,index,85.2249999046326,13308.0,TheEmptinessMachine,BBR,Dynamic,HTTP/1.1
2025-05-02 03:37:43,index,87.2249999046326,13308.0,TheEmptinessMachine,BBR,Dynamic,HTTP/1.1
2025-05-02 03:37:45,index,89.2260000705719,13308.0,TheEmptinessMachine,BBR,Dynamic,HTTP/1.1
2025-05-02 03:37:47,index,91.2260000705719,13308.0,TheEmptinessMachine,BBR,Dynamic,HTTP/1.1
2025-05-02 03:37:49,index,93.2260000705719,13308.0,TheEmptinessMachine,BBR,Dynamic,HTTP/1.1
2025-05-02 03:37:51,index,95.2249999046326,13308.0,TheEmptinessMachine,BBR,Dynamic,HTTP/1.1
2025-05-02 03:37:53,index,97.2260000705719,13308.0,TheEmptinessMachine,BBR,Dynamic,HTTP/1.1
2025-05-02 03:37:55,index,99.2249999046326,13308.0,TheEmptinessMachine,BBR,Dynamic,HTTP/1.1
2025-05-02 03:37:57,index,101.226000070572,13308.0,TheEmptinessMachine,BBR,Dynamic,HTTP/1.1
2025-05-02 03:37:59,index,103.224999904633,13308.0,TheEmptinessMachine,BBR,Dynamic,HTTP/1.1
2025-05-02 03:38:01,index,105.224999904633,13308.0,TheEmptinessMachine,BBR,Dynamic,HTTP/1.1
2025-05-02 03:38:03,index,107.226000070572,13308.0,TheEmptinessMachine,BBR,Dynamic,HTTP/1.1
2025-05-02 03:38:05,index,109.226000070572,13308.0,TheEmptinessMachine,BBR,Dynamic,HTTP/1.1
2025-05-02 03:38:07,index,111.224999904633,13308.0,TheEmptinessMachine,BBR,Dynamic,HTTP/1.1
2025-05-02 03:38:09,index,113.224999904633,13308.0,TheEmptinessMachine,BBR,Dynamic,HTTP/1.1
2025-05-02 03:38:11,index,115.224999904633,13308.0,TheEmptinessMachine,BBR,Dynamic,HTTP/1.1
2025-05-02 03:38:13,index,117.224999904633,13308.0,TheEmptinessMachine,BBR,Dynamic,HTTP/1.1
2025-05-02 03:38:15,index,119.224999904633,13308.0,TheEmptinessMachine,BBR,Dynamic,HTTP/1.1
2025-05-02 03:38:17,index,121.226000070572,13308.0,TheEmptinessMachine,BBR,Dynamic,HTTP/1.1
2025-05-02 03:38:19,index,123.224999904633,13308.0,TheEmptinessMachine,BBR,Dynamic,HTTP/1.1
2025-05-02 03:38:21,index,125.226000070572,13308.0,TheEmptinessMachine,BBR,Dynamic,HTTP/1.1
2025-05-02 03:38:23,index,127.226000070572,13308.0,TheEmptinessMachine,BBR,Dynamic,HTTP/1.1
2025-05-02 03:38:25,index,129.224999904633,13308.0,TheEmptinessMachine,BBR,Dynamic,HTTP/1.1
2025-05-02 03:38:27,index,131.226000070572,13308.0,TheEmptinessMachine,BBR,Dynamic,HTTP/1.1
2025-05-02 03:38:29,index,133.227999925613,13308.0,TheEmptinessMachine,BBR,Dynamic,HTTP/1.1
2025-05-02 03:38:31,index,135.224999904633,13308.0,TheEmptinessMachine,BBR,Dynamic,HTTP/1.1
2025-05-02 03:38:33,index,137.226000070572,13308.0,TheEmptinessMachine,BBR,Dynamic,HTTP/1.1
2025-05-02 03:38:35,index,139.226000070572,13308.0,TheEmptinessMachine,BBR,Dynamic,HTTP/1.1
2025-05-02 03:38:37,index,141.224999904633,13308.0,TheEmptinessMachine,BBR,Dynamic,HTTP/1.1
2025-05-02 03:38:39,index,143.226000070572,13308.0,TheEmptinessMachine,BBR,Dynamic,HTTP/1.1
2025-05-02 03:38:41,index,145.224999904633,13308.0,TheEmptinessMachine,BBR,Dynamic,HTTP/1.1
2025-05-02 03:38:43,index,147.224999904633,13308.0,TheEmptinessMachine,BBR,Dynamic,HTTP/1.1
2025-05-02 03:38:45,index,149.224999904633,13308.0,TheEmptinessMachine,BBR,Dynamic,HTTP/1.1
2025-05-02 03:38:47,index,151.224999904633,13308.0,TheEmptinessMachine,BBR,Dynamic,HTTP/1.1
2025-05-02 03:38:49,index,153.224999904633,13308.0,TheEmptinessMachine,BBR,Dynamic,HTTP/1.1
2025-05-02 03:38:51,index,155.226000070572,13308.0,TheEmptinessMachine,BBR,Dynamic,HTTP/1.1
2025-05-02 03:38:53,index,157.231999874115,13308.0,TheEmptinessMachine,BBR,Dynamic,HTTP/1.1
2025-05-02 03:38:55,index,159.224999904633,13308.0,TheEmptinessMachine,BBR,Dynamic,HTTP/1.1
2025-05-02 03:38:57,index,161.226000070572,13308.0,TheEmptinessMachine,BBR,Dynamic,HTTP/1.1
2025-05-02 03:38:59,index,163.224999904633,13308.0,TheEmptinessMachine,BBR,Dynamic,HTTP/1.1
2025-05-02 03:39:01,index,165.226000070572,13308.0,TheEmptinessMachine,BBR,Dynamic,HTTP/1.1
2025-05-02 03:39:03,index,167.226000070572,13308.0,TheEmptinessMachine,BBR,Dynamic,HTTP/1.1
2025-05-02 03:39:05,index,169.227999925613,13308.0,TheEmptinessMachine,BBR,Dynamic,HTTP/1.1
2025-05-02 03:39:07,index,171.224999904633,13308.0,TheEmptinessMachine,BBR,Dynamic,HTTP/1.1
2025-05-02 03:39:09,index,173.224999904633,13308.0,TheEmptinessMachine,BBR,Dynamic,HTTP/1.1
2025-05-02 03:39:11,index,175.226000070572,13308.0,TheEmptinessMachine,BBR,Dynamic,HTTP/1.1
2025-05-02 03:39:13,index,177.226999998093,13308.0,TheEmptinessMachine,BBR,Dynamic,HTTP/1.1
2025-05-02 03:39:15,index,179.226000070572,13308.0,TheEmptinessMachine,BBR,Dynamic,HTTP/1.1
2025-05-02 03:39:17,index,181.236000061035,13308.0,TheEmptinessMachine,BBR,Dynamic,HTTP/1.1
2025-05-02 03:39:19,index,183.224999904633,13308.0,TheEmptinessMachine,BBR,Dynamic,HTTP/1.1
2025-05-02 03:39:21,index,185.224999904633,13308.0,TheEmptinessMachine,BBR,Dynamic,HTTP/1.1
2025-05-02 03:39:23,index,187.229000091553,13308.0,TheEmptinessMachine,BBR,Dynamic,HTTP/1.1
2025-05-02 03:39:25,index,189.226000070572,13308.0,TheEmptinessMachine,BBR,Dynamic,HTTP/1.1
2025-05-02 03:39:27,index,191.226000070572,13308.0,TheEmptinessMachine,BBR,Dynamic,HTTP/1.1
2025-05-02 03:39:29,index,193.224999904633,13308.0,TheEmptinessMachine,BBR,Dynamic,HTTP/1.1
2025-05-02 03:39:31,index,195.224999904633,13308.0,TheEmptinessMachine,BBR,Dynamic,HTTP/1.1
2025-05-02 03:39:33,index,197.226000070572,13308.0,TheEmptinessMachine,BBR,Dynamic,HTTP/1.1
2025-05-02 03:39:35,index,199.226000070572,13308.0,TheEmptinessMachine,BBR,Dynamic,HTTP/1.1
2025-05-02 03:39:37,index,201.226000070572,13308.0,TheEmptinessMachine,BBR,Dynamic,HTTP/1.1
2025-05-02 03:39:39,index,203.224999904633,13308.0,TheEmptinessMachine,BBR,Dynamic,HTTP/1.1
2025-05-02 03:39:51,index,215.229000091553,13308.0,TheEmptinessMachine,BBR,Dynamic,HTTP/1.1
2025-05-02 03:40:11,index,1.2039999961853,13308.0,TheEmptinessMachine,BBR,Dynamic,HTTP/2
2025-05-02 03:40:13,index,3.20300006866455,13308.0,TheEmptinessMachine,BBR,Dynamic,HTTP/2
2025-05-02 03:40:15,index,5.20300006866455,1767.0,TheEmptinessMachine,BBR,Dynamic,HTTP/2
2025-05-02 03:40:17,index,7.20300006866455,4692.0,TheEmptinessMachine,BBR,Dynamic,HTTP/2
2025-05-02 03:40:19,index,9.20300006866455,4676.0,TheEmptinessMachine,BBR,Dynamic,HTTP/2
2025-05-02 03:40:21,index,11.2060000896454,4676.0,TheEmptinessMachine,BBR,Dynamic,HTTP/2
2025-05-02 03:40:23,index,13.2030000686646,8631.0,TheEmptinessMachine,BBR,Dynamic,HTTP/2
2025-05-02 03:40:25,index,15.2030000686646,1767.0,TheEmptinessMachine,BBR,Dynamic,HTTP/2
2025-05-02 03:40:27,index,17.2030000686646,4676.0,TheEmptinessMachine,BBR,Dynamic,HTTP/2
2025-05-02 03:40:29,index,19.2030000686646,4676.0,TheEmptinessMachine,BBR,Dynamic,HTTP/2
2025-05-02 03:40:31,index,21.2030000686646,4676.0,TheEmptinessMachine,BBR,Dynamic,HTTP/2
2025-05-02 03:40:33,index,23.2030000686646,4676.0,TheEmptinessMachine,BBR,Dynamic,HTTP/2
2025-05-02 03:40:35,index,25.2030000686646,4676.0,TheEmptinessMachine,BBR,Dynamic,HTTP/2
2025-05-02 03:40:37,index,27.2030000686646,4676.0,TheEmptinessMachine,BBR,Dynamic,HTTP/2
2025-05-02 03:40:39,index,29.2030000686646,4676.0,TheEmptinessMachine,BBR,Dynamic,HTTP/2
2025-05-02 03:40:41,index,31.2030000686646,13308.0,TheEmptinessMachine,BBR,Dynamic,HTTP/2
2025-05-02 03:40:43,index,33.2030000686646,13308.0,TheEmptinessMachine,BBR,Dynamic,HTTP/2
2025-05-02 03:40:45,index,35.2030000686646,13308.0,TheEmptinessMachine,BBR,Dynamic,HTTP/2
2025-05-02 03:40:47,index,37.2030000686646,13308.0,TheEmptinessMachine,BBR,Dynamic,HTTP/2
2025-05-02 03:40:49,index,39.2030000686646,13308.0,TheEmptinessMachine,BBR,Dynamic,HTTP/2
2025-05-02 03:40:51,index,41.2030000686646,8631.0,TheEmptinessMachine,BBR,Dynamic,HTTP/2
2025-05-02 03:40:53,index,43.2030000686646,13308.0,TheEmptinessMachine,BBR,Dynamic,HTTP/2
2025-05-02 03:40:55,index,45.2030000686646,13308.0,TheEmptinessMachine,BBR,Dynamic,HTTP/2
2025-05-02 03:40:57,index,47.2030000686646,13308.0,TheEmptinessMachine,BBR,Dynamic,HTTP/2
2025-05-02 03:40:59,index,49.2200000286102,13308.0,TheEmptinessMachine,BBR,Dynamic,HTTP/2
2025-05-02 03:41:01,index,51.2030000686646,13308.0,TheEmptinessMachine,BBR,Dynamic,HTTP/2
2025-05-02 03:41:03,index,53.2030000686646,13308.0,TheEmptinessMachine,BBR,Dynamic,HTTP/2
2025-05-02 03:41:05,index,55.2030000686646,13308.0,TheEmptinessMachine,BBR,Dynamic,HTTP/2
2025-05-02 03:41:07,index,57.2030000686646,13308.0,TheEmptinessMachine,BBR,Dynamic,HTTP/2
2025-05-02 03:41:09,index,59.2030000686646,13308.0,TheEmptinessMachine,BBR,Dynamic,HTTP/2
2025-05-02 03:41:11,index,61.2030000686646,13308.0,TheEmptinessMachine,BBR,Dynamic,HTTP/2
2025-05-02 03:41:13,index,63.2030000686646,13308.0,TheEmptinessMachine,BBR,Dynamic,HTTP/2
2025-05-02 03:41:15,index,65.2030000686646,13308.0,TheEmptinessMachine,BBR,Dynamic,HTTP/2
2025-05-02 03:41:17,index,67.2030000686646,13308.0,TheEmptinessMachine,BBR,Dynamic,HTTP/2
2025-05-02 03:41:19,index,69.2030000686646,13308.0,TheEmptinessMachine,BBR,Dynamic,HTTP/2
2025-05-02 03:41:21,index,71.2030000686646,13308.0,TheEmptinessMachine,BBR,Dynamic,HTTP/2
2025-05-02 03:41:23,index,73.2030000686646,13308.0,TheEmptinessMachine,BBR,Dynamic,HTTP/2
2025-05-02 03:41:25,index,75.2030000686646,13308.0,TheEmptinessMachine,BBR,Dynamic,HTTP/2
2025-05-02 03:41:27,index,77.2030000686646,13308.0,TheEmptinessMachine,BBR,Dynamic,HTTP/2
2025-05-02 03:41:29,index,79.2030000686646,13308.0,TheEmptinessMachine,BBR,Dynamic,HTTP/2
2025-05-02 03:41:31,index,81.2030000686646,13308.0,TheEmptinessMachine,BBR,Dynamic,HTTP/2
2025-05-02 03:41:33,index,83.2030000686646,13308.0,TheEmptinessMachine,BBR,Dynamic,HTTP/2
2025-05-02 03:41:35,index,85.2030000686646,13308.0,TheEmptinessMachine,BBR,Dynamic,HTTP/2
2025-05-02 03:41:37,index,87.2030000686646,13308.0,TheEmptinessMachine,BBR,Dynamic,HTTP/2
2025-05-02 03:41:39,index,89.2030000686646,13308.0,TheEmptinessMachine,BBR,Dynamic,HTTP/2
2025-05-02 03:41:41,index,91.2030000686646,13308.0,TheEmptinessMachine,BBR,Dynamic,HTTP/2
2025-05-02 03:41:43,index,93.2030000686646,13308.0,TheEmptinessMachine,BBR,Dynamic,HTTP/2
2025-05-02 03:41:45,index,95.2030000686646,13308.0,TheEmptinessMachine,BBR,Dynamic,HTTP/2
2025-05-02 03:41:47,index,97.2030000686646,13308.0,TheEmptinessMachine,BBR,Dynamic,HTTP/2
2025-05-02 03:41:49,index,99.2030000686646,13308.0,TheEmptinessMachine,BBR,Dynamic,HTTP/2
2025-05-02 03:41:51,index,101.203000068665,13308.0,TheEmptinessMachine,BBR,Dynamic,HTTP/2
2025-05-02 03:41:53,index,103.203000068665,13308.0,TheEmptinessMachine,BBR,Dynamic,HTTP/2
2025-05-02 03:41:55,index,105.203000068665,13308.0,TheEmptinessMachine,BBR,Dynamic,HTTP/2
2025-05-02 03:41:57,index,107.203000068665,13308.0,TheEmptinessMachine,BBR,Dynamic,HTTP/2
2025-05-02 03:41:59,index,109.203000068665,13308.0,TheEmptinessMachine,BBR,Dynamic,HTTP/2
2025-05-02 03:42:01,index,111.203000068665,13308.0,TheEmptinessMachine,BBR,Dynamic,HTTP/2
2025-05-02 03:42:03,index,113.203000068665,13308.0,TheEmptinessMachine,BBR,Dynamic,HTTP/2
2025-05-02 03:42:05,index,115.203000068665,13308.0,TheEmptinessMachine,BBR,Dynamic,HTTP/2
2025-05-02 03:42:07,index,117.203000068665,13308.0,TheEmptinessMachine,BBR,Dynamic,HTTP/2
2025-05-02 03:42:09,index,119.203000068665,13308.0,TheEmptinessMachine,BBR,Dynamic,HTTP/2
2025-05-02 03:42:11,index,121.203999996185,13308.0,TheEmptinessMachine,BBR,Dynamic,HTTP/2
2025-05-02 03:42:13,index,123.205000162125,13308.0,TheEmptinessMachine,BBR,Dynamic,HTTP/2
2025-05-02 03:42:15,index,125.203000068665,13308.0,TheEmptinessMachine,BBR,Dynamic,HTTP/2
2025-05-02 03:42:17,index,127.203000068665,13308.0,TheEmptinessMachine,BBR,Dynamic,HTTP/2
2025-05-02 03:42:19,index,129.203999996185,13308.0,TheEmptinessMachine,BBR,Dynamic,HTTP/2
2025-05-02 03:42:21,index,131.203000068665,13308.0,TheEmptinessMachine,BBR,Dynamic,HTTP/2
2025-05-02 03:42:23,index,133.203000068665,13308.0,TheEmptinessMachine,BBR,Dynamic,HTTP/2
2025-05-02 03:42:25,index,135.203000068665,13308.0,TheEmptinessMachine,BBR,Dynamic,HTTP/2
2025-05-02 03:42:27,index,137.203000068665,13308.0,TheEmptinessMachine,BBR,Dynamic,HTTP/2
2025-05-02 03:42:29,index,139.203000068665,13308.0,TheEmptinessMachine,BBR,Dynamic,HTTP/2
2025-05-02 03:42:31,index,141.203000068665,13308.0,TheEmptinessMachine,BBR,Dynamic,HTTP/2
2025-05-02 03:42:33,index,143.203000068665,13308.0,TheEmptinessMachine,BBR,Dynamic,HTTP/2
2025-05-02 03:42:35,index,145.203000068665,13308.0,TheEmptinessMachine,BBR,Dynamic,HTTP/2
2025-05-02 03:42:37,index,147.203000068665,13308.0,TheEmptinessMachine,BBR,Dynamic,HTTP/2
2025-05-02 03:42:39,index,149.203000068665,13308.0,TheEmptinessMachine,BBR,Dynamic,HTTP/2
2025-05-02 03:42:41,index,151.203000068665,13308.0,TheEmptinessMachine,BBR,Dynamic,HTTP/2
2025-05-02 03:42:43,index,153.203000068665,13308.0,TheEmptinessMachine,BBR,Dynamic,HTTP/2
2025-05-02 03:42:45,index,155.203000068665,13308.0,TheEmptinessMachine,BBR,Dynamic,HTTP/2
2025-05-02 03:42:47,index,157.205000162125,13308.0,TheEmptinessMachine,BBR,Dynamic,HTTP/2
2025-05-02 03:42:49,index,159.203999996185,13308.0,TheEmptinessMachine,BBR,Dynamic,HTTP/2
2025-05-02 03:42:51,index,161.203999996185,13308.0,TheEmptinessMachine,BBR,Dynamic,HTTP/2
2025-05-02 03:42:53,index,163.203000068665,13308.0,TheEmptinessMachine,BBR,Dynamic,HTTP/2
2025-05-02 03:42:55,index,165.203000068665,13308.0,TheEmptinessMachine,BBR,Dynamic,HTTP/2
2025-05-02 03:42:57,index,167.203000068665,13308.0,TheEmptinessMachine,BBR,Dynamic,HTTP/2
2025-05-02 03:42:59,index,169.203000068665,13308.0,TheEmptinessMachine,BBR,Dynamic,HTTP/2
2025-05-02 03:43:01,index,171.203000068665,13308.0,TheEmptinessMachine,BBR,Dynamic,HTTP/2
2025-05-02 03:43:03,index,173.203000068665,13308.0,TheEmptinessMachine,BBR,Dynamic,HTTP/2
2025-05-02 03:43:05,index,175.203000068665,13308.0,TheEmptinessMachine,BBR,Dynamic,HTTP/2
2025-05-02 03:43:07,index,177.203000068665,13308.0,TheEmptinessMachine,BBR,Dynamic,HTTP/2
2025-05-02 03:43:09,index,179.203000068665,13308.0,TheEmptinessMachine,BBR,Dynamic,HTTP/2
2025-05-02 03:43:11,index,181.203000068665,13308.0,TheEmptinessMachine,BBR,Dynamic,HTTP/2
2025-05-02 03:43:13,index,183.203000068665,13308.0,TheEmptinessMachine,BBR,Dynamic,HTTP/2
2025-05-02 03:43:15,index,185.203000068665,13308.0,TheEmptinessMachine,BBR,Dynamic,HTTP/2
2025-05-02 03:43:17,index,187.203000068665,13308.0,TheEmptinessMachine,BBR,Dynamic,HTTP/2
2025-05-02 03:43:19,index,189.203000068665,13308.0,TheEmptinessMachine,BBR,Dynamic,HTTP/2
2025-05-02 03:43:21,index,191.203000068665,13308.0,TheEmptinessMachine,BBR,Dynamic,HTTP/2
2025-05-02 03:43:23,index,193.203000068665,13308.0,TheEmptinessMachine,BBR,Dynamic,HTTP/2
2025-05-02 03:43:25,index,195.203000068665,13308.0,TheEmptinessMachine,BBR,Dynamic,HTTP/2
2025-05-02 03:43:27,index,197.203999996185,13308.0,TheEmptinessMachine,BBR,Dynamic,HTTP/2
2025-05-02 03:43:29,index,199.203999996185,13308.0,TheEmptinessMachine,BBR,Dynamic,HTTP/2
2025-05-02 03:43:31,index,201.203999996185,13308.0,TheEmptinessMachine,BBR,Dynamic,HTTP/2
2025-05-02 03:43:33,index,203.203000068665,13308.0,TheEmptinessMachine,BBR,Dynamic,HTTP/2
2025-05-02 03:43:35,index,205.203000068665,13308.0,TheEmptinessMachine,BBR,Dynamic,HTTP/2
2025-05-02 03:43:37,index,207.203999996185,13308.0,TheEmptinessMachine,BBR,Dynamic,HTTP/2
2025-05-02 03:43:39,index,209.209000110626,13308.0,TheEmptinessMachine,BBR,Dynamic,HTTP/2
2025-05-02 03:43:41,index,211.205000162125,13308.0,TheEmptinessMachine,BBR,Dynamic,HTTP/2
2025-05-02 03:44:05,index,1.21600008010864,8631.0,TheEmptinessMachine,BBR,Dynamic,HTTP/3
2025-05-02 03:44:07,index,3.21400022506714,8631.0,TheEmptinessMachine,BBR,Dynamic,HTTP/3
2025-05-02 03:44:09,index,5.21300005912781,8631.0,TheEmptinessMachine,BBR,Dynamic,HTTP/3
2025-05-02 03:44:11,index,7.21300005912781,635.0,TheEmptinessMachine,BBR,Dynamic,HTTP/3
2025-05-02 03:44:13,index,9.21300005912781,635.0,TheEmptinessMachine,BBR,Dynamic,HTTP/3
2025-05-02 03:44:15,index,11.2140002250671,635.0,TheEmptinessMachine,BBR,Dynamic,HTTP/3
2025-05-02 03:44:17,index,13.2140002250671,635.0,TheEmptinessMachine,BBR,Dynamic,HTTP/3
2025-05-02 03:44:19,index,15.2140002250671,635.0,TheEmptinessMachine,BBR,Dynamic,HTTP/3
2025-05-02 03:44:21,index,17.2140002250671,635.0,TheEmptinessMachine,BBR,Dynamic,HTTP/3
2025-05-02 03:44:23,index,19.2130000591278,2974.0,TheEmptinessMachine,BBR,Dynamic,HTTP/3
2025-05-02 03:44:25,index,21.2130000591278,8631.0,TheEmptinessMachine,BBR,Dynamic,HTTP/3
2025-05-02 03:44:27,index,23.2130000591278,8631.0,TheEmptinessMachine,BBR,Dynamic,HTTP/3
2025-05-02 03:44:29,index,25.2130000591278,8631.0,TheEmptinessMachine,BBR,Dynamic,HTTP/3
2025-05-02 03:44:31,index,27.2130000591278,13308.0,TheEmptinessMachine,BBR,Dynamic,HTTP/3
2025-05-02 03:44:33,index,29.2130000591278,13308.0,TheEmptinessMachine,BBR,Dynamic,HTTP/3
2025-05-02 03:44:35,index,31.2130000591278,8631.0,TheEmptinessMachine,BBR,Dynamic,HTTP/3
2025-05-02 03:44:37,index,33.2130000591278,8631.0,TheEmptinessMachine,BBR,Dynamic,HTTP/3
2025-05-02 03:44:39,index,35.2130000591278,13308.0,TheEmptinessMachine,BBR,Dynamic,HTTP/3
2025-05-02 03:44:41,index,37.2130000591278,8631.0,TheEmptinessMachine,BBR,Dynamic,HTTP/3
2025-05-02 03:44:43,index,39.2130000591278,13308.0,TheEmptinessMachine,BBR,Dynamic,HTTP/3
2025-05-02 03:44:45,index,41.2130000591278,4692.0,TheEmptinessMachine,BBR,Dynamic,HTTP/3
2025-05-02 03:44:47,index,43.2130000591278,8631.0,TheEmptinessMachine,BBR,Dynamic,HTTP/3
2025-05-02 03:44:49,index,45.2130000591278,13308.0,TheEmptinessMachine,BBR,Dynamic,HTTP/3
2025-05-02 03:44:51,index,47.2130000591278,4692.0,TheEmptinessMachine,BBR,Dynamic,HTTP/3
2025-05-02 03:44:53,index,49.2140002250671,13308.0,TheEmptinessMachine,BBR,Dynamic,HTTP/3
2025-05-02 03:44:55,index,51.2140002250671,2974.0,TheEmptinessMachine,BBR,Dynamic,HTTP/3
2025-05-02 03:44:57,index,53.2140002250671,8631.0,TheEmptinessMachine,BBR,Dynamic,HTTP/3
2025-05-02 03:44:59,index,55.2130000591278,13308.0,TheEmptinessMachine,BBR,Dynamic,HTTP/3
2025-05-02 03:45:01,index,57.2130000591278,2781.0,TheEmptinessMachine,BBR,Dynamic,HTTP/3
2025-05-02 03:45:03,index,59.2130000591278,8631.0,TheEmptinessMachine,BBR,Dynamic,HTTP/3
2025-05-02 03:45:05,index,61.2130000591278,13308.0,TheEmptinessMachine,BBR,Dynamic,HTTP/3
2025-05-02 03:45:07,index,63.2130000591278,13308.0,TheEmptinessMachine,BBR,Dynamic,HTTP/3
2025-05-02 03:45:09,index,65.2130000591278,8631.0,TheEmptinessMachine,BBR,Dynamic,HTTP/3
2025-05-02 03:45:11,index,67.2130000591278,1767.0,TheEmptinessMachine,BBR,Dynamic,HTTP/3
2025-05-02 03:45:13,index,69.2130000591278,13308.0,TheEmptinessMachine,BBR,Dynamic,HTTP/3
2025-05-02 03:45:15,index,71.2130000591278,8631.0,TheEmptinessMachine,BBR,Dynamic,HTTP/3
2025-05-02 03:45:17,index,73.2130000591278,2974.0,TheEmptinessMachine,BBR,Dynamic,HTTP/3
2025-05-02 03:45:19,index,75.2140002250671,13308.0,TheEmptinessMachine,BBR,Dynamic,HTTP/3
2025-05-02 03:45:21,index,77.2130000591278,8631.0,TheEmptinessMachine,BBR,Dynamic,HTTP/3
2025-05-02 03:45:23,index,79.2140002250671,4692.0,TheEmptinessMachine,BBR,Dynamic,HTTP/3
2025-05-02 03:45:25,index,81.2160000801086,13308.0,TheEmptinessMachine,BBR,Dynamic,HTTP/3
2025-05-02 03:45:27,index,83.2140002250671,8631.0,TheEmptinessMachine,BBR,Dynamic,HTTP/3
2025-05-02 03:45:29,index,85.2130000591278,4692.0,TheEmptinessMachine,BBR,Dynamic,HTTP/3
2025-05-02 03:45:31,index,87.2140002250671,8631.0,TheEmptinessMachine,BBR,Dynamic,HTTP/3
2025-05-02 03:45:33,index,89.2130000591278,1499.0,TheEmptinessMachine,BBR,Dynamic,HTTP/3
2025-05-02 03:45:35,index,91.2130000591278,4692.0,TheEmptinessMachine,BBR,Dynamic,HTTP/3
2025-05-02 03:45:37,index,93.2140002250671,4676.0,TheEmptinessMachine,BBR,Dynamic,HTTP/3
2025-05-02 03:45:39,index,95.2140002250671,2781.0,TheEmptinessMachine,BBR,Dynamic,HTTP/3
2025-05-02 03:45:41,index,97.2140002250671,4676.0,TheEmptinessMachine,BBR,Dynamic,HTTP/3
2025-05-02 03:45:43,index,99.2130000591278,4676.0,TheEmptinessMachine,BBR,Dynamic,HTTP/3
2025-05-02 03:45:45,index,101.213000059128,3486.0,TheEmptinessMachine,BBR,Dynamic,HTTP/3
2025-05-02 03:45:47,index,103.213000059128,3486.0,TheEmptinessMachine,BBR,Dynamic,HTTP/3
2025-05-02 03:45:49,index,105.213000059128,3486.0,TheEmptinessMachine,BBR,Dynamic,HTTP/3
2025-05-02 03:45:51,index,107.214000225067,3486.0,TheEmptinessMachine,BBR,Dynamic,HTTP/3
2025-05-02 03:45:53,index,109.214000225067,3486.0,TheEmptinessMachine,BBR,Dynamic,HTTP/3
2025-05-02 03:45:55,index,111.214000225067,3486.0,TheEmptinessMachine,BBR,Dynamic,HTTP/3
2025-05-02 03:45:57,index,113.213000059128,3486.0,TheEmptinessMachine,BBR,Dynamic,HTTP/3
2025-05-02 03:45:59,index,115.213000059128,13308.0,TheEmptinessMachine,BBR,Dynamic,HTTP/3
2025-05-02 03:46:01,index,117.213000059128,13308.0,TheEmptinessMachine,BBR,Dynamic,HTTP/3
2025-05-02 03:46:03,index,119.213000059128,13308.0,TheEmptinessMachine,BBR,Dynamic,HTTP/3
2025-05-02 03:46:05,index,121.213000059128,13308.0,TheEmptinessMachine,BBR,Dynamic,HTTP/3
2025-05-02 03:46:07,index,123.213000059128,13308.0,TheEmptinessMachine,BBR,Dynamic,HTTP/3
2025-05-02 03:46:09,index,125.230000019073,13308.0,TheEmptinessMachine,BBR,Dynamic,HTTP/3
2025-05-02 03:46:11,index,127.214000225067,13308.0,TheEmptinessMachine,BBR,Dynamic,HTTP/3
2025-05-02 03:46:13,index,129.213000059128,13308.0,TheEmptinessMachine,BBR,Dynamic,HTTP/3
2025-05-02 03:46:15,index,131.214000225067,13308.0,TheEmptinessMachine,BBR,Dynamic,HTTP/3
2025-05-02 03:46:17,index,133.213000059128,13308.0,TheEmptinessMachine,BBR,Dynamic,HTTP/3
2025-05-02 03:46:19,index,135.213000059128,13308.0,TheEmptinessMachine,BBR,Dynamic,HTTP/3
2025-05-02 03:46:21,index,137.213000059128,13308.0,TheEmptinessMachine,BBR,Dynamic,HTTP/3
2025-05-02 03:46:23,index,139.214000225067,13308.0,TheEmptinessMachine,BBR,Dynamic,HTTP/3
2025-05-02 03:46:25,index,141.213000059128,13308.0,TheEmptinessMachine,BBR,Dynamic,HTTP/3
2025-05-02 03:46:27,index,143.213000059128,13308.0,TheEmptinessMachine,BBR,Dynamic,HTTP/3
2025-05-02 03:46:29,index,145.213000059128,13308.0,TheEmptinessMachine,BBR,Dynamic,HTTP/3
2025-05-02 03:46:31,index,147.213000059128,13308.0,TheEmptinessMachine,BBR,Dynamic,HTTP/3
2025-05-02 03:46:33,index,149.213000059128,13308.0,TheEmptinessMachine,BBR,Dynamic,HTTP/3
2025-05-02 03:46:35,index,151.214000225067,13308.0,TheEmptinessMachine,BBR,Dynamic,HTTP/3
2025-05-02 03:46:37,index,153.214000225067,13308.0,TheEmptinessMachine,BBR,Dynamic,HTTP/3
2025-05-02 03:46:39,index,155.213000059128,13308.0,TheEmptinessMachine,BBR,Dynamic,HTTP/3
2025-05-02 03:46:41,index,157.213000059128,13308.0,TheEmptinessMachine,BBR,Dynamic,HTTP/3
2025-05-02 03:46:43,index,159.213000059128,13308.0,TheEmptinessMachine,BBR,Dynamic,HTTP/3
2025-05-02 03:46:45,index,161.213000059128,13308.0,TheEmptinessMachine,BBR,Dynamic,HTTP/3
2025-05-02 03:46:47,index,163.213000059128,13308.0,TheEmptinessMachine,BBR,Dynamic,HTTP/3
2025-05-02 03:46:49,index,165.215000152588,13308.0,TheEmptinessMachine,BBR,Dynamic,HTTP/3
2025-05-02 03:46:51,index,167.214000225067,13308.0,TheEmptinessMachine,BBR,Dynamic,HTTP/3
2025-05-02 03:46:53,index,169.213000059128,13308.0,TheEmptinessMachine,BBR,Dynamic,HTTP/3
2025-05-02 03:46:55,index,171.213000059128,13308.0,TheEmptinessMachine,BBR,Dynamic,HTTP/3
2025-05-02 03:46:57,index,173.214000225067,13308.0,TheEmptinessMachine,BBR,Dynamic,HTTP/3
2025-05-02 03:46:59,index,175.214000225067,13308.0,TheEmptinessMachine,BBR,Dynamic,HTTP/3
2025-05-02 03:47:01,index,177.213000059128,13308.0,TheEmptinessMachine,BBR,Dynamic,HTTP/3
2025-05-02 03:47:05,index,181.213000059128,13308.0,TheEmptinessMachine,BBR,Dynamic,HTTP/3
2025-05-02 03:47:07,index,183.213000059128,13308.0,TheEmptinessMachine,BBR,Dynamic,HTTP/3
2025-05-02 03:47:09,index,185.213000059128,13308.0,TheEmptinessMachine,BBR,Dynamic,HTTP/3
2025-05-02 03:47:11,index,187.214000225067,13308.0,TheEmptinessMachine,BBR,Dynamic,HTTP/3
2025-05-02 03:47:13,index,189.214000225067,13308.0,TheEmptinessMachine,BBR,Dynamic,HTTP/3
2025-05-02 03:47:15,index,191.213000059128,13308.0,TheEmptinessMachine,BBR,Dynamic,HTTP/3
2025-05-02 03:47:17,index,193.214000225067,13308.0,TheEmptinessMachine,BBR,Dynamic,HTTP/3
2025-05-02 03:47:19,index,195.214000225067,13308.0,TheEmptinessMachine,BBR,Dynamic,HTTP/3
2025-05-02 03:47:21,index,197.213000059128,13308.0,TheEmptinessMachine,BBR,Dynamic,HTTP/3
2025-05-02 03:47:23,index,199.214000225067,13308.0,TheEmptinessMachine,BBR,Dynamic,HTTP/3
2025-05-02 03:47:25,index,201.214000225067,13308.0,TheEmptinessMachine,BBR,Dynamic,HTTP/3
2025-05-02 03:47:27,index,203.213000059128,13308.0,TheEmptinessMachine,BBR,Dynamic,HTTP/3
2025-05-02 03:47:29,index,205.214000225067,13308.0,TheEmptinessMachine,BBR,Dynamic,HTTP/3
2025-05-02 03:47:31,index,207.214000225067,13308.0,TheEmptinessMachine,BBR,Dynamic,HTTP/3
2025-05-02 03:47:33,index,209.214000225067,13308.0,TheEmptinessMachine,BBR,Dynamic,HTTP/3
2025-05-02 03:48:00,index,1.20900011062622,8631.0,TheEmptinessMachine,BBR,Bola,HTTP/1.1
2025-05-02 03:48:03,index,3.20799994468689,8631.0,TheEmptinessMachine,BBR,Bola,HTTP/1.1
2025-05-02 03:48:04,index,5.20799994468689,4676.0,TheEmptinessMachine,BBR,Bola,HTTP/1.1
2025-05-02 03:48:06,index,7.20799994468689,8631.0,TheEmptinessMachine,BBR,Bola,HTTP/1.1
2025-05-02 03:48:08,index,9.20799994468689,8631.0,TheEmptinessMachine,BBR,Bola,HTTP/1.1
2025-05-02 03:48:10,index,11.2079999446869,13308.0,TheEmptinessMachine,BBR,Bola,HTTP/1.1
2025-05-02 03:48:12,index,13.2109999656677,13308.0,TheEmptinessMachine,BBR,Bola,HTTP/1.1
2025-05-02 03:48:14,index,15.2079999446869,13308.0,TheEmptinessMachine,BBR,Bola,HTTP/1.1
2025-05-02 03:48:16,index,17.2079999446869,13308.0,TheEmptinessMachine,BBR,Bola,HTTP/1.1
2025-05-02 03:48:18,index,19.2079999446869,13308.0,TheEmptinessMachine,BBR,Bola,HTTP/1.1
2025-05-02 03:48:20,index,21.2079999446869,13308.0,TheEmptinessMachine,BBR,Bola,HTTP/1.1
2025-05-02 03:48:22,index,23.2079999446869,13308.0,TheEmptinessMachine,BBR,Bola,HTTP/1.1
2025-05-02 03:48:24,index,25.2079999446869,13308.0,TheEmptinessMachine,BBR,Bola,HTTP/1.1
2025-05-02 03:48:26,index,27.2079999446869,13308.0,TheEmptinessMachine,BBR,Bola,HTTP/1.1
2025-05-02 03:48:28,index,29.2079999446869,13308.0,TheEmptinessMachine,BBR,Bola,HTTP/1.1
2025-05-02 03:48:30,index,31.2079999446869,13308.0,TheEmptinessMachine,BBR,Bola,HTTP/1.1
2025-05-02 03:48:32,index,33.2079999446869,13308.0,TheEmptinessMachine,BBR,Bola,HTTP/1.1
2025-05-02 03:48:34,index,35.2090001106262,13308.0,TheEmptinessMachine,BBR,Bola,HTTP/1.1
2025-05-02 03:48:36,index,37.2090001106262,13308.0,TheEmptinessMachine,BBR,Bola,HTTP/1.1
2025-05-02 03:48:38,index,39.2079999446869,13308.0,TheEmptinessMachine,BBR,Bola,HTTP/1.1
2025-05-02 03:48:40,index,41.2090001106262,13308.0,TheEmptinessMachine,BBR,Bola,HTTP/1.1
2025-05-02 03:48:42,index,43.2079999446869,13308.0,TheEmptinessMachine,BBR,Bola,HTTP/1.1
2025-05-02 03:48:44,index,45.2079999446869,13308.0,TheEmptinessMachine,BBR,Bola,HTTP/1.1
2025-05-02 03:48:46,index,47.2079999446869,13308.0,TheEmptinessMachine,BBR,Bola,HTTP/1.1
2025-05-02 03:48:48,index,49.2079999446869,13308.0,TheEmptinessMachine,BBR,Bola,HTTP/1.1
2025-05-02 03:48:50,index,51.2079999446869,13308.0,TheEmptinessMachine,BBR,Bola,HTTP/1.1
2025-05-02 03:48:52,index,53.2079999446869,13308.0,TheEmptinessMachine,BBR,Bola,HTTP/1.1
2025-05-02 03:48:54,index,55.2079999446869,13308.0,TheEmptinessMachine,BBR,Bola,HTTP/1.1
2025-05-02 03:48:56,index,57.2079999446869,13308.0,TheEmptinessMachine,BBR,Bola,HTTP/1.1
2025-05-02 03:48:58,index,59.2079999446869,13308.0,TheEmptinessMachine,BBR,Bola,HTTP/1.1
2025-05-02 03:49:00,index,61.2079999446869,13308.0,TheEmptinessMachine,BBR,Bola,HTTP/1.1
2025-05-02 03:49:02,index,63.2079999446869,13308.0,TheEmptinessMachine,BBR,Bola,HTTP/1.1
2025-05-02 03:49:04,index,65.2079999446869,13308.0,TheEmptinessMachine,BBR,Bola,HTTP/1.1
2025-05-02 03:49:06,index,67.2079999446869,13308.0,TheEmptinessMachine,BBR,Bola,HTTP/1.1
2025-05-02 03:49:08,index,69.2079999446869,13308.0,TheEmptinessMachine,BBR,Bola,HTTP/1.1
2025-05-02 03:49:10,index,71.2079999446869,13308.0,TheEmptinessMachine,BBR,Bola,HTTP/1.1
2025-05-02 03:49:12,index,73.2090001106262,13308.0,TheEmptinessMachine,BBR,Bola,HTTP/1.1
2025-05-02 03:49:14,index,75.2079999446869,13308.0,TheEmptinessMachine,BBR,Bola,HTTP/1.1
2025-05-02 03:49:16,index,77.2079999446869,13308.0,TheEmptinessMachine,BBR,Bola,HTTP/1.1
2025-05-02 03:49:18,index,79.2090001106262,13308.0,TheEmptinessMachine,BBR,Bola,HTTP/1.1
2025-05-02 03:49:20,index,81.2079999446869,13308.0,TheEmptinessMachine,BBR,Bola,HTTP/1.1
2025-05-02 03:49:22,index,83.2079999446869,13308.0,TheEmptinessMachine,BBR,Bola,HTTP/1.1
2025-05-02 03:49:24,index,85.2079999446869,13308.0,TheEmptinessMachine,BBR,Bola,HTTP/1.1
2025-05-02 03:49:26,index,87.210000038147,13308.0,TheEmptinessMachine,BBR,Bola,HTTP/1.1
2025-05-02 03:49:28,index,89.2090001106262,13308.0,TheEmptinessMachine,BBR,Bola,HTTP/1.1
2025-05-02 03:49:30,index,91.2079999446869,13308.0,TheEmptinessMachine,BBR,Bola,HTTP/1.1
2025-05-02 03:49:32,index,93.2079999446869,13308.0,TheEmptinessMachine,BBR,Bola,HTTP/1.1
2025-05-02 03:49:34,index,95.2079999446869,13308.0,TheEmptinessMachine,BBR,Bola,HTTP/1.1
2025-05-02 03:49:36,index,97.2079999446869,13308.0,TheEmptinessMachine,BBR,Bola,HTTP/1.1
2025-05-02 03:49:38,index,99.2079999446869,13308.0,TheEmptinessMachine,BBR,Bola,HTTP/1.1
2025-05-02 03:49:40,index,101.209000110626,13308.0,TheEmptinessMachine,BBR,Bola,HTTP/1.1
2025-05-02 03:49:42,index,103.207999944687,13308.0,TheEmptinessMachine,BBR,Bola,HTTP/1.1
2025-05-02 03:49:44,index,105.209000110626,13308.0,TheEmptinessMachine,BBR,Bola,HTTP/1.1
2025-05-02 03:49:46,index,107.207999944687,13308.0,TheEmptinessMachine,BBR,Bola,HTTP/1.1
2025-05-02 03:49:48,index,109.207999944687,13308.0,TheEmptinessMachine,BBR,Bola,HTTP/1.1
2025-05-02 03:49:50,index,111.207999944687,13308.0,TheEmptinessMachine,BBR,Bola,HTTP/1.1
2025-05-02 03:49:52,index,113.207999944687,13308.0,TheEmptinessMachine,BBR,Bola,HTTP/1.1
2025-05-02 03:49:54,index,115.213000059128,13308.0,TheEmptinessMachine,BBR,Bola,HTTP/1.1
2025-05-02 03:49:56,index,117.207999944687,13308.0,TheEmptinessMachine,BBR,Bola,HTTP/1.1
2025-05-02 03:49:58,index,119.209000110626,13308.0,TheEmptinessMachine,BBR,Bola,HTTP/1.1
2025-05-02 03:50:00,index,121.207999944687,13308.0,TheEmptinessMachine,BBR,Bola,HTTP/1.1
2025-05-02 03:50:02,index,123.207999944687,13308.0,TheEmptinessMachine,BBR,Bola,HTTP/1.1
2025-05-02 03:50:04,index,125.209000110626,13308.0,TheEmptinessMachine,BBR,Bola,HTTP/1.1
2025-05-02 03:50:06,index,127.210999965668,13308.0,TheEmptinessMachine,BBR,Bola,HTTP/1.1
2025-05-02 03:50:08,index,129.207999944687,13308.0,TheEmptinessMachine,BBR,Bola,HTTP/1.1
2025-05-02 03:50:10,index,131.207999944687,13308.0,TheEmptinessMachine,BBR,Bola,HTTP/1.1
2025-05-02 03:50:12,index,133.207999944687,13308.0,TheEmptinessMachine,BBR,Bola,HTTP/1.1
2025-05-02 03:50:14,index,135.209000110626,13308.0,TheEmptinessMachine,BBR,Bola,HTTP/1.1
2025-05-02 03:50:16,index,137.213999986649,13308.0,TheEmptinessMachine,BBR,Bola,HTTP/1.1
2025-05-02 03:50:18,index,139.209000110626,13308.0,TheEmptinessMachine,BBR,Bola,HTTP/1.1
2025-05-02 03:50:20,index,141.209000110626,13308.0,TheEmptinessMachine,BBR,Bola,HTTP/1.1
2025-05-02 03:50:22,index,143.209000110626,13308.0,TheEmptinessMachine,BBR,Bola,HTTP/1.1
2025-05-02 03:50:24,index,145.207999944687,13308.0,TheEmptinessMachine,BBR,Bola,HTTP/1.1
2025-05-02 03:50:26,index,147.207999944687,13308.0,TheEmptinessMachine,BBR,Bola,HTTP/1.1
2025-05-02 03:50:28,index,149.219000101089,13308.0,TheEmptinessMachine,BBR,Bola,HTTP/1.1
2025-05-02 03:50:30,index,151.210000038147,13308.0,TheEmptinessMachine,BBR,Bola,HTTP/1.1
2025-05-02 03:50:32,index,153.207999944687,13308.0,TheEmptinessMachine,BBR,Bola,HTTP/1.1
2025-05-02 03:50:34,index,155.207999944687,13308.0,TheEmptinessMachine,BBR,Bola,HTTP/1.1
2025-05-02 03:50:36,index,157.209000110626,13308.0,TheEmptinessMachine,BBR,Bola,HTTP/1.1
2025-05-02 03:50:38,index,159.209000110626,13308.0,TheEmptinessMachine,BBR,Bola,HTTP/1.1
2025-05-02 03:50:40,index,161.209000110626,13308.0,TheEmptinessMachine,BBR,Bola,HTTP/1.1
2025-05-02 03:50:42,index,163.210000038147,13308.0,TheEmptinessMachine,BBR,Bola,HTTP/1.1
2025-05-02 03:50:44,index,165.207999944687,13308.0,TheEmptinessMachine,BBR,Bola,HTTP/1.1
2025-05-02 03:50:46,index,167.207999944687,13308.0,TheEmptinessMachine,BBR,Bola,HTTP/1.1
2025-05-02 03:50:48,index,169.209000110626,13308.0,TheEmptinessMachine,BBR,Bola,HTTP/1.1
2025-05-02 03:50:50,index,171.207999944687,13308.0,TheEmptinessMachine,BBR,Bola,HTTP/1.1
2025-05-02 03:50:52,index,173.207999944687,13308.0,TheEmptinessMachine,BBR,Bola,HTTP/1.1
2025-05-02 03:50:54,index,175.207999944687,13308.0,TheEmptinessMachine,BBR,Bola,HTTP/1.1
2025-05-02 03:50:56,index,177.207999944687,13308.0,TheEmptinessMachine,BBR,Bola,HTTP/1.1
2025-05-02 03:50:58,index,179.207999944687,13308.0,TheEmptinessMachine,BBR,Bola,HTTP/1.1
2025-05-02 03:51:00,index,181.209000110626,13308.0,TheEmptinessMachine,BBR,Bola,HTTP/1.1
2025-05-02 03:51:02,index,183.207999944687,13308.0,TheEmptinessMachine,BBR,Bola,HTTP/1.1
2025-05-02 03:51:04,index,185.209000110626,13308.0,TheEmptinessMachine,BBR,Bola,HTTP/1.1
2025-05-02 03:51:06,index,187.207999944687,13308.0,TheEmptinessMachine,BBR,Bola,HTTP/1.1
2025-05-02 03:51:08,index,189.209000110626,13308.0,TheEmptinessMachine,BBR,Bola,HTTP/1.1
2025-05-02 03:51:10,index,191.207999944687,13308.0,TheEmptinessMachine,BBR,Bola,HTTP/1.1
2025-05-02 03:51:12,index,193.209000110626,13308.0,TheEmptinessMachine,BBR,Bola,HTTP/1.1
2025-05-02 03:51:14,index,195.210000038147,13308.0,TheEmptinessMachine,BBR,Bola,HTTP/1.1
2025-05-02 03:51:16,index,197.207999944687,13308.0,TheEmptinessMachine,BBR,Bola,HTTP/1.1
2025-05-02 03:51:18,index,199.207999944687,13308.0,TheEmptinessMachine,BBR,Bola,HTTP/1.1
2025-05-02 03:51:20,index,201.209000110626,13308.0,TheEmptinessMachine,BBR,Bola,HTTP/1.1
2025-05-02 03:51:22,index,203.210999965668,13308.0,TheEmptinessMachine,BBR,Bola,HTTP/1.1
2025-05-02 03:51:24,index,205.210000038147,13308.0,TheEmptinessMachine,BBR,Bola,HTTP/1.1
2025-05-02 03:51:26,index,207.209000110626,13308.0,TheEmptinessMachine,BBR,Bola,HTTP/1.1
2025-05-02 03:51:54,index,1.31900000572205,13308.0,TheEmptinessMachine,BBR,Bola,HTTP/2
2025-05-02 03:51:56,index,3.31499981880188,13308.0,TheEmptinessMachine,BBR,Bola,HTTP/2
2025-05-02 03:51:58,index,5.31599998474121,13308.0,TheEmptinessMachine,BBR,Bola,HTTP/2
2025-05-02 03:52:00,index,7.31599998474121,13308.0,TheEmptinessMachine,BBR,Bola,HTTP/2
2025-05-02 03:52:02,index,9.31499981880188,13308.0,TheEmptinessMachine,BBR,Bola,HTTP/2
2025-05-02 03:52:04,index,11.3159999847412,13308.0,TheEmptinessMachine,BBR,Bola,HTTP/2
2025-05-02 03:52:06,index,13.3159999847412,13308.0,TheEmptinessMachine,BBR,Bola,HTTP/2
2025-05-02 03:52:08,index,15.3159999847412,13308.0,TheEmptinessMachine,BBR,Bola,HTTP/2
2025-05-02 03:52:10,index,17.3159999847412,13308.0,TheEmptinessMachine,BBR,Bola,HTTP/2
2025-05-02 03:52:12,index,19.3159999847412,13308.0,TheEmptinessMachine,BBR,Bola,HTTP/2
2025-05-02 03:52:14,index,21.3159999847412,13308.0,TheEmptinessMachine,BBR,Bola,HTTP/2
2025-05-02 03:52:16,index,23.3159999847412,13308.0,TheEmptinessMachine,BBR,Bola,HTTP/2
2025-05-02 03:52:18,index,25.3159999847412,13308.0,TheEmptinessMachine,BBR,Bola,HTTP/2
2025-05-02 03:52:20,index,27.3159999847412,13308.0,TheEmptinessMachine,BBR,Bola,HTTP/2
2025-05-02 03:52:22,index,29.3159999847412,13308.0,TheEmptinessMachine,BBR,Bola,HTTP/2
2025-05-02 03:52:24,index,31.3159999847412,13308.0,TheEmptinessMachine,BBR,Bola,HTTP/2
2025-05-02 03:52:26,index,33.3159999847412,13308.0,TheEmptinessMachine,BBR,Bola,HTTP/2
2025-05-02 03:52:28,index,35.3159999847412,13308.0,TheEmptinessMachine,BBR,Bola,HTTP/2
2025-05-02 03:52:30,index,37.3159999847412,13308.0,TheEmptinessMachine,BBR,Bola,HTTP/2
2025-05-02 03:52:32,index,39.3159999847412,13308.0,TheEmptinessMachine,BBR,Bola,HTTP/2
2025-05-02 03:52:34,index,41.3159999847412,13308.0,TheEmptinessMachine,BBR,Bola,HTTP/2
2025-05-02 03:52:36,index,43.3159999847412,13308.0,TheEmptinessMachine,BBR,Bola,HTTP/2
2025-05-02 03:52:38,index,45.3159999847412,13308.0,TheEmptinessMachine,BBR,Bola,HTTP/2
2025-05-02 03:52:40,index,47.3159999847412,13308.0,TheEmptinessMachine,BBR,Bola,HTTP/2
2025-05-02 03:52:42,index,49.3159999847412,13308.0,TheEmptinessMachine,BBR,Bola,HTTP/2
2025-05-02 03:52:44,index,51.3159999847412,13308.0,TheEmptinessMachine,BBR,Bola,HTTP/2
2025-05-02 03:52:46,index,53.3159999847412,13308.0,TheEmptinessMachine,BBR,Bola,HTTP/2
2025-05-02 03:52:48,index,55.3159999847412,13308.0,TheEmptinessMachine,BBR,Bola,HTTP/2
2025-05-02 03:52:50,index,57.3159999847412,13308.0,TheEmptinessMachine,BBR,Bola,HTTP/2
2025-05-02 03:52:52,index,59.3159999847412,13308.0,TheEmptinessMachine,BBR,Bola,HTTP/2
2025-05-02 03:52:54,index,61.3149998188019,13308.0,TheEmptinessMachine,BBR,Bola,HTTP/2
2025-05-02 03:52:56,index,63.3159999847412,13308.0,TheEmptinessMachine,BBR,Bola,HTTP/2
2025-05-02 03:52:58,index,65.3159999847412,13308.0,TheEmptinessMachine,BBR,Bola,HTTP/2
2025-05-02 03:53:00,index,67.3159999847412,13308.0,TheEmptinessMachine,BBR,Bola,HTTP/2
2025-05-02 03:53:02,index,69.3159999847412,13308.0,TheEmptinessMachine,BBR,Bola,HTTP/2
2025-05-02 03:53:04,index,71.3149998188019,13308.0,TheEmptinessMachine,BBR,Bola,HTTP/2
2025-05-02 03:53:06,index,73.3159999847412,13308.0,TheEmptinessMachine,BBR,Bola,HTTP/2
2025-05-02 03:53:08,index,75.3159999847412,13308.0,TheEmptinessMachine,BBR,Bola,HTTP/2
2025-05-02 03:53:10,index,77.3159999847412,13308.0,TheEmptinessMachine,BBR,Bola,HTTP/2
2025-05-02 03:53:12,index,79.3159999847412,13308.0,TheEmptinessMachine,BBR,Bola,HTTP/2
2025-05-02 03:53:14,index,81.3159999847412,13308.0,TheEmptinessMachine,BBR,Bola,HTTP/2
2025-05-02 03:53:16,index,83.3159999847412,13308.0,TheEmptinessMachine,BBR,Bola,HTTP/2
2025-05-02 03:53:18,index,85.3159999847412,13308.0,TheEmptinessMachine,BBR,Bola,HTTP/2
2025-05-02 03:53:20,index,87.3179998397827,13308.0,TheEmptinessMachine,BBR,Bola,HTTP/2
2025-05-02 03:53:22,index,89.3209998607635,13308.0,TheEmptinessMachine,BBR,Bola,HTTP/2
2025-05-02 03:53:24,index,91.316999912262,13308.0,TheEmptinessMachine,BBR,Bola,HTTP/2
2025-05-02 03:53:26,index,93.3149998188019,13308.0,TheEmptinessMachine,BBR,Bola,HTTP/2
2025-05-02 03:53:28,index,95.3159999847412,13308.0,TheEmptinessMachine,BBR,Bola,HTTP/2
2025-05-02 03:53:30,index,97.3159999847412,13308.0,TheEmptinessMachine,BBR,Bola,HTTP/2
2025-05-02 03:53:32,index,99.3159999847412,13308.0,TheEmptinessMachine,BBR,Bola,HTTP/2
2025-05-02 03:53:34,index,101.316999912262,13308.0,TheEmptinessMachine,BBR,Bola,HTTP/2
2025-05-02 03:53:36,index,103.315999984741,13308.0,TheEmptinessMachine,BBR,Bola,HTTP/2
2025-05-02 03:53:38,index,105.315999984741,13308.0,TheEmptinessMachine,BBR,Bola,HTTP/2
2025-05-02 03:53:40,index,107.315999984741,13308.0,TheEmptinessMachine,BBR,Bola,HTTP/2
2025-05-02 03:53:42,index,109.315999984741,13308.0,TheEmptinessMachine,BBR,Bola,HTTP/2
2025-05-02 03:53:44,index,111.315999984741,13308.0,TheEmptinessMachine,BBR,Bola,HTTP/2
2025-05-02 03:53:46,index,113.315999984741,13308.0,TheEmptinessMachine,BBR,Bola,HTTP/2
2025-05-02 03:53:48,index,115.315999984741,13308.0,TheEmptinessMachine,BBR,Bola,HTTP/2
2025-05-02 03:53:50,index,117.315999984741,13308.0,TheEmptinessMachine,BBR,Bola,HTTP/2
2025-05-02 03:53:52,index,119.315999984741,13308.0,TheEmptinessMachine,BBR,Bola,HTTP/2
2025-05-02 03:53:54,index,121.315999984741,13308.0,TheEmptinessMachine,BBR,Bola,HTTP/2
2025-05-02 03:53:56,index,123.315999984741,13308.0,TheEmptinessMachine,BBR,Bola,HTTP/2
2025-05-02 03:53:58,index,125.319999933243,13308.0,TheEmptinessMachine,BBR,Bola,HTTP/2
2025-05-02 03:54:00,index,127.315999984741,13308.0,TheEmptinessMachine,BBR,Bola,HTTP/2
2025-05-02 03:54:02,index,129.381000041962,13308.0,TheEmptinessMachine,BBR,Bola,HTTP/2
2025-05-02 03:54:04,index,131.315999984741,13308.0,TheEmptinessMachine,BBR,Bola,HTTP/2
2025-05-02 03:54:06,index,133.315999984741,13308.0,TheEmptinessMachine,BBR,Bola,HTTP/2
2025-05-02 03:54:08,index,135.315999984741,13308.0,TheEmptinessMachine,BBR,Bola,HTTP/2
2025-05-02 03:54:10,index,137.316999912262,13308.0,TheEmptinessMachine,BBR,Bola,HTTP/2
2025-05-02 03:54:12,index,139.315999984741,13308.0,TheEmptinessMachine,BBR,Bola,HTTP/2
2025-05-02 03:54:14,index,141.315999984741,13308.0,TheEmptinessMachine,BBR,Bola,HTTP/2
2025-05-02 03:54:16,index,143.315999984741,13308.0,TheEmptinessMachine,BBR,Bola,HTTP/2
2025-05-02 03:54:18,index,145.315999984741,13308.0,TheEmptinessMachine,BBR,Bola,HTTP/2
2025-05-02 03:54:20,index,147.315999984741,13308.0,TheEmptinessMachine,BBR,Bola,HTTP/2
2025-05-02 03:54:22,index,149.315999984741,13308.0,TheEmptinessMachine,BBR,Bola,HTTP/2
2025-05-02 03:54:24,index,151.315999984741,13308.0,TheEmptinessMachine,BBR,Bola,HTTP/2
2025-05-02 03:54:26,index,153.315999984741,13308.0,TheEmptinessMachine,BBR,Bola,HTTP/2
2025-05-02 03:54:28,index,155.315999984741,13308.0,TheEmptinessMachine,BBR,Bola,HTTP/2
2025-05-02 03:54:30,index,157.315999984741,13308.0,TheEmptinessMachine,BBR,Bola,HTTP/2
2025-05-02 03:54:32,index,159.316999912262,13308.0,TheEmptinessMachine,BBR,Bola,HTTP/2
2025-05-02 03:54:34,index,161.352999925613,13308.0,TheEmptinessMachine,BBR,Bola,HTTP/2
2025-05-02 03:54:36,index,163.315999984741,13308.0,TheEmptinessMachine,BBR,Bola,HTTP/2
2025-05-02 03:54:38,index,165.314999818802,13308.0,TheEmptinessMachine,BBR,Bola,HTTP/2
2025-05-02 03:54:40,index,167.315999984741,13308.0,TheEmptinessMachine,BBR,Bola,HTTP/2
2025-05-02 03:54:42,index,169.315999984741,13308.0,TheEmptinessMachine,BBR,Bola,HTTP/2
2025-05-02 03:54:44,index,171.315999984741,13308.0,TheEmptinessMachine,BBR,Bola,HTTP/2
2025-05-02 03:54:46,index,173.315999984741,13308.0,TheEmptinessMachine,BBR,Bola,HTTP/2
2025-05-02 03:54:48,index,175.314999818802,13308.0,TheEmptinessMachine,BBR,Bola,HTTP/2
2025-05-02 03:54:50,index,177.315999984741,13308.0,TheEmptinessMachine,BBR,Bola,HTTP/2
2025-05-02 03:54:52,index,179.315999984741,13308.0,TheEmptinessMachine,BBR,Bola,HTTP/2
2025-05-02 03:54:54,index,181.315999984741,13308.0,TheEmptinessMachine,BBR,Bola,HTTP/2
2025-05-02 03:54:56,index,183.315999984741,13308.0,TheEmptinessMachine,BBR,Bola,HTTP/2
2025-05-02 03:54:58,index,185.315999984741,13308.0,TheEmptinessMachine,BBR,Bola,HTTP/2
2025-05-02 03:55:00,index,187.315999984741,13308.0,TheEmptinessMachine,BBR,Bola,HTTP/2
2025-05-02 03:55:02,index,189.315999984741,13308.0,TheEmptinessMachine,BBR,Bola,HTTP/2
2025-05-02 03:55:04,index,191.314999818802,13308.0,TheEmptinessMachine,BBR,Bola,HTTP/2
2025-05-02 03:55:06,index,193.315999984741,13308.0,TheEmptinessMachine,BBR,Bola,HTTP/2
2025-05-02 03:55:08,index,195.315999984741,13308.0,TheEmptinessMachine,BBR,Bola,HTTP/2
2025-05-02 03:55:10,index,197.315999984741,13308.0,TheEmptinessMachine,BBR,Bola,HTTP/2
2025-05-02 03:55:12,index,199.315999984741,13308.0,TheEmptinessMachine,BBR,Bola,HTTP/2
2025-05-02 03:55:14,index,201.315999984741,13308.0,TheEmptinessMachine,BBR,Bola,HTTP/2
2025-05-02 03:55:16,index,203.315999984741,13308.0,TheEmptinessMachine,BBR,Bola,HTTP/2
2025-05-02 03:55:18,index,205.315999984741,13308.0,TheEmptinessMachine,BBR,Bola,HTTP/2
2025-05-02 03:55:20,index,207.315999984741,13308.0,TheEmptinessMachine,BBR,Bola,HTTP/2
2025-05-02 03:55:48,index,1.22000002861023,8631.0,TheEmptinessMachine,BBR,Bola,HTTP/3
2025-05-02 03:55:50,index,3.22300004959106,8631.0,TheEmptinessMachine,BBR,Bola,HTTP/3
2025-05-02 03:55:52,index,5.21900010108948,8631.0,TheEmptinessMachine,BBR,Bola,HTTP/3
2025-05-02 03:55:54,index,7.21900010108948,1767.0,TheEmptinessMachine,BBR,Bola,HTTP/3
2025-05-02 03:55:56,index,9.21900010108948,1767.0,TheEmptinessMachine,BBR,Bola,HTTP/3
2025-05-02 03:55:58,index,11.2190001010895,1767.0,TheEmptinessMachine,BBR,Bola,HTTP/3
2025-05-02 03:56:00,index,13.2200000286102,1767.0,TheEmptinessMachine,BBR,Bola,HTTP/3
2025-05-02 03:56:02,index,15.2190001010895,1767.0,TheEmptinessMachine,BBR,Bola,HTTP/3
2025-05-02 03:56:04,index,17.2190001010895,1767.0,TheEmptinessMachine,BBR,Bola,HTTP/3
2025-05-02 03:56:06,index,19.2190001010895,8631.0,TheEmptinessMachine,BBR,Bola,HTTP/3
2025-05-02 03:56:08,index,21.2190001010895,8631.0,TheEmptinessMachine,BBR,Bola,HTTP/3
2025-05-02 03:56:10,index,23.2200000286102,13308.0,TheEmptinessMachine,BBR,Bola,HTTP/3
2025-05-02 03:56:12,index,25.2190001010895,13308.0,TheEmptinessMachine,BBR,Bola,HTTP/3
2025-05-02 03:56:14,index,27.2200000286102,13308.0,TheEmptinessMachine,BBR,Bola,HTTP/3
2025-05-02 03:56:16,index,29.2190001010895,13308.0,TheEmptinessMachine,BBR,Bola,HTTP/3
2025-05-02 03:56:18,index,31.2190001010895,8631.0,TheEmptinessMachine,BBR,Bola,HTTP/3
2025-05-02 03:56:20,index,33.2190001010895,13308.0,TheEmptinessMachine,BBR,Bola,HTTP/3
2025-05-02 03:56:22,index,35.2190001010895,13308.0,TheEmptinessMachine,BBR,Bola,HTTP/3
2025-05-02 03:56:24,index,37.2190001010895,13308.0,TheEmptinessMachine,BBR,Bola,HTTP/3
2025-05-02 03:56:26,index,39.2190001010895,13308.0,TheEmptinessMachine,BBR,Bola,HTTP/3
2025-05-02 03:56:28,index,41.2190001010895,13308.0,TheEmptinessMachine,BBR,Bola,HTTP/3
2025-05-02 03:56:30,index,43.2190001010895,13308.0,TheEmptinessMachine,BBR,Bola,HTTP/3
2025-05-02 03:56:32,index,45.2190001010895,13308.0,TheEmptinessMachine,BBR,Bola,HTTP/3
2025-05-02 03:56:34,index,47.2210001945496,13308.0,TheEmptinessMachine,BBR,Bola,HTTP/3
2025-05-02 03:56:36,index,49.2190001010895,13308.0,TheEmptinessMachine,BBR,Bola,HTTP/3
2025-05-02 03:56:38,index,51.2190001010895,13308.0,TheEmptinessMachine,BBR,Bola,HTTP/3
2025-05-02 03:56:40,index,53.2190001010895,13308.0,TheEmptinessMachine,BBR,Bola,HTTP/3
2025-05-02 03:56:42,index,55.2190001010895,13308.0,TheEmptinessMachine,BBR,Bola,HTTP/3
2025-05-02 03:56:44,index,57.2190001010895,13308.0,TheEmptinessMachine,BBR,Bola,HTTP/3
2025-05-02 03:56:46,index,59.2190001010895,13308.0,TheEmptinessMachine,BBR,Bola,HTTP/3
2025-05-02 03:56:48,index,61.2190001010895,13308.0,TheEmptinessMachine,BBR,Bola,HTTP/3
2025-05-02 03:56:50,index,63.2200000286102,13308.0,TheEmptinessMachine,BBR,Bola,HTTP/3
2025-05-02 03:56:52,index,65.2190001010895,13308.0,TheEmptinessMachine,BBR,Bola,HTTP/3
2025-05-02 03:56:54,index,67.2190001010895,13308.0,TheEmptinessMachine,BBR,Bola,HTTP/3
2025-05-02 03:56:56,index,69.2200000286102,13308.0,TheEmptinessMachine,BBR,Bola,HTTP/3
2025-05-02 03:56:58,index,71.2190001010895,13308.0,TheEmptinessMachine,BBR,Bola,HTTP/3
2025-05-02 03:57:00,index,73.2190001010895,13308.0,TheEmptinessMachine,BBR,Bola,HTTP/3
2025-05-02 03:57:02,index,75.2190001010895,13308.0,TheEmptinessMachine,BBR,Bola,HTTP/3
2025-05-02 03:57:04,index,77.2190001010895,13308.0,TheEmptinessMachine,BBR,Bola,HTTP/3
2025-05-02 03:57:06,index,79.2190001010895,13308.0,TheEmptinessMachine,BBR,Bola,HTTP/3
2025-05-02 03:57:08,index,81.2200000286102,13308.0,TheEmptinessMachine,BBR,Bola,HTTP/3
2025-05-02 03:57:10,index,83.2190001010895,13308.0,TheEmptinessMachine,BBR,Bola,HTTP/3
2025-05-02 03:57:12,index,85.2190001010895,13308.0,TheEmptinessMachine,BBR,Bola,HTTP/3
2025-05-02 03:57:14,index,87.2190001010895,13308.0,TheEmptinessMachine,BBR,Bola,HTTP/3
2025-05-02 03:57:16,index,89.2190001010895,13308.0,TheEmptinessMachine,BBR,Bola,HTTP/3
2025-05-02 03:57:18,index,91.2190001010895,13308.0,TheEmptinessMachine,BBR,Bola,HTTP/3
2025-05-02 03:57:20,index,93.2190001010895,13308.0,TheEmptinessMachine,BBR,Bola,HTTP/3
2025-05-02 03:57:22,index,95.2190001010895,13308.0,TheEmptinessMachine,BBR,Bola,HTTP/3
2025-05-02 03:57:24,index,97.2190001010895,13308.0,TheEmptinessMachine,BBR,Bola,HTTP/3
2025-05-02 03:57:26,index,99.2190001010895,13308.0,TheEmptinessMachine,BBR,Bola,HTTP/3
2025-05-02 03:57:28,index,101.219000101089,13308.0,TheEmptinessMachine,BBR,Bola,HTTP/3
2025-05-02 03:57:30,index,103.22000002861,13308.0,TheEmptinessMachine,BBR,Bola,HTTP/3
2025-05-02 03:57:32,index,105.22000002861,13308.0,TheEmptinessMachine,BBR,Bola,HTTP/3
2025-05-02 03:57:34,index,107.22000002861,13308.0,TheEmptinessMachine,BBR,Bola,HTTP/3
2025-05-02 03:57:36,index,109.219000101089,13308.0,TheEmptinessMachine,BBR,Bola,HTTP/3
2025-05-02 03:57:38,index,111.22000002861,13308.0,TheEmptinessMachine,BBR,Bola,HTTP/3
2025-05-02 03:57:40,index,113.219000101089,13308.0,TheEmptinessMachine,BBR,Bola,HTTP/3
2025-05-02 03:57:42,index,115.22000002861,13308.0,TheEmptinessMachine,BBR,Bola,HTTP/3
2025-05-02 03:57:44,index,117.22000002861,13308.0,TheEmptinessMachine,BBR,Bola,HTTP/3
2025-05-02 03:57:46,index,119.22000002861,13308.0,TheEmptinessMachine,BBR,Bola,HTTP/3
2025-05-02 03:57:48,index,121.219000101089,13308.0,TheEmptinessMachine,BBR,Bola,HTTP/3
2025-05-02 03:57:50,index,123.219000101089,13308.0,TheEmptinessMachine,BBR,Bola,HTTP/3
2025-05-02 03:57:52,index,125.219000101089,13308.0,TheEmptinessMachine,BBR,Bola,HTTP/3
2025-05-02 03:57:54,index,127.22100019455,13308.0,TheEmptinessMachine,BBR,Bola,HTTP/3
2025-05-02 03:57:56,index,129.22000002861,13308.0,TheEmptinessMachine,BBR,Bola,HTTP/3
2025-05-02 03:57:58,index,131.22000002861,13308.0,TheEmptinessMachine,BBR,Bola,HTTP/3
2025-05-02 03:58:00,index,133.219000101089,13308.0,TheEmptinessMachine,BBR,Bola,HTTP/3
2025-05-02 03:58:02,index,135.219000101089,13308.0,TheEmptinessMachine,BBR,Bola,HTTP/3
2025-05-02 03:58:04,index,137.22000002861,13308.0,TheEmptinessMachine,BBR,Bola,HTTP/3
2025-05-02 03:58:06,index,139.22000002861,13308.0,TheEmptinessMachine,BBR,Bola,HTTP/3
2025-05-02 03:58:08,index,141.22000002861,13308.0,TheEmptinessMachine,BBR,Bola,HTTP/3
2025-05-02 03:58:10,index,143.22000002861,13308.0,TheEmptinessMachine,BBR,Bola,HTTP/3
2025-05-02 03:58:12,index,145.219000101089,13308.0,TheEmptinessMachine,BBR,Bola,HTTP/3
2025-05-02 03:58:14,index,147.219000101089,13308.0,TheEmptinessMachine,BBR,Bola,HTTP/3
2025-05-02 03:58:16,index,149.219000101089,13308.0,TheEmptinessMachine,BBR,Bola,HTTP/3
2025-05-02 03:58:18,index,151.22100019455,13308.0,TheEmptinessMachine,BBR,Bola,HTTP/3
2025-05-02 03:58:20,index,153.22000002861,13308.0,TheEmptinessMachine,BBR,Bola,HTTP/3
2025-05-02 03:58:22,index,155.22000002861,13308.0,TheEmptinessMachine,BBR,Bola,HTTP/3
2025-05-02 03:58:24,index,157.219000101089,13308.0,TheEmptinessMachine,BBR,Bola,HTTP/3
2025-05-02 03:58:26,index,159.219000101089,13308.0,TheEmptinessMachine,BBR,Bola,HTTP/3
2025-05-02 03:58:28,index,161.22000002861,13308.0,TheEmptinessMachine,BBR,Bola,HTTP/3
2025-05-02 03:58:30,index,163.22000002861,13308.0,TheEmptinessMachine,BBR,Bola,HTTP/3
2025-05-02 03:58:32,index,165.219000101089,13308.0,TheEmptinessMachine,BBR,Bola,HTTP/3
2025-05-02 03:58:34,index,167.219000101089,13308.0,TheEmptinessMachine,BBR,Bola,HTTP/3
2025-05-02 03:58:36,index,169.219000101089,13308.0,TheEmptinessMachine,BBR,Bola,HTTP/3
2025-05-02 03:58:38,index,171.219000101089,13308.0,TheEmptinessMachine,BBR,Bola,HTTP/3
2025-05-02 03:58:40,index,173.219000101089,13308.0,TheEmptinessMachine,BBR,Bola,HTTP/3
2025-05-02 03:58:42,index,175.219000101089,13308.0,TheEmptinessMachine,BBR,Bola,HTTP/3
2025-05-02 03:58:44,index,177.219000101089,13308.0,TheEmptinessMachine,BBR,Bola,HTTP/3
2025-05-02 03:58:46,index,179.219000101089,13308.0,TheEmptinessMachine,BBR,Bola,HTTP/3
2025-05-02 03:58:48,index,181.219000101089,13308.0,TheEmptinessMachine,BBR,Bola,HTTP/3
2025-05-02 03:58:50,index,183.219000101089,13308.0,TheEmptinessMachine,BBR,Bola,HTTP/3
2025-05-02 03:58:52,index,185.219000101089,13308.0,TheEmptinessMachine,BBR,Bola,HTTP/3
2025-05-02 03:58:54,index,187.219000101089,13308.0,TheEmptinessMachine,BBR,Bola,HTTP/3
2025-05-02 03:58:56,index,189.22000002861,13308.0,TheEmptinessMachine,BBR,Bola,HTTP/3
2025-05-02 03:58:58,index,191.22000002861,13308.0,TheEmptinessMachine,BBR,Bola,HTTP/3
2025-05-02 03:59:00,index,193.219000101089,13308.0,TheEmptinessMachine,BBR,Bola,HTTP/3
2025-05-02 03:59:02,index,195.219000101089,13308.0,TheEmptinessMachine,BBR,Bola,HTTP/3
2025-05-02 03:59:04,index,197.22000002861,13308.0,TheEmptinessMachine,BBR,Bola,HTTP/3
2025-05-02 03:59:06,index,199.22000002861,13308.0,TheEmptinessMachine,BBR,Bola,HTTP/3
2025-05-02 03:59:08,index,201.22000002861,13308.0,TheEmptinessMachine,BBR,Bola,HTTP/3
2025-05-02 03:59:10,index,203.22000002861,13308.0,TheEmptinessMachine,BBR,Bola,HTTP/3
2025-05-02 03:59:12,index,205.22000002861,13308.0,TheEmptinessMachine,BBR,Bola,HTTP/3
2025-05-02 03:59:14,index,207.219000101089,13308.0,TheEmptinessMachine,BBR,Bola,HTTP/3
2025-05-02 03:59:16,index,209.219000101089,13308.0,TheEmptinessMachine,BBR,Bola,HTTP/3
2025-05-02 03:59:18,index,211.22000002861,13308.0,TheEmptinessMachine,BBR,Bola,HTTP/3
2025-05-02 03:59:20,index,213.22000002861,13308.0,TheEmptinessMachine,BBR,Bola,HTTP/3
2025-05-02 03:59:42,index,1.21900010108948,13308.0,TheEmptinessMachine,BBR,Festive,HTTP/1.1
2025-05-02 03:59:44,index,3.21799993515015,13308.0,TheEmptinessMachine,BBR,Festive,HTTP/1.1
2025-05-02 03:59:46,index,5.21799993515015,4676.0,TheEmptinessMachine,BBR,Festive,HTTP/1.1
2025-05-02 03:59:48,index,7.21799993515015,13308.0,TheEmptinessMachine,BBR,Festive,HTTP/1.1
2025-05-02 03:59:50,index,9.21700000762939,13308.0,TheEmptinessMachine,BBR,Festive,HTTP/1.1
2025-05-02 03:59:52,index,11.2179999351501,13308.0,TheEmptinessMachine,BBR,Festive,HTTP/1.1
2025-05-02 03:59:54,index,13.2179999351501,13308.0,TheEmptinessMachine,BBR,Festive,HTTP/1.1
2025-05-02 03:59:56,index,15.2179999351501,13308.0,TheEmptinessMachine,BBR,Festive,HTTP/1.1
2025-05-02 03:59:58,index,17.2179999351501,18625.0,TheEmptinessMachine,BBR,Festive,HTTP/1.1
2025-05-02 04:00:00,index,19.2179999351501,13308.0,TheEmptinessMachine,BBR,Festive,HTTP/1.1
2025-05-02 04:00:02,index,21.2179999351501,13308.0,TheEmptinessMachine,BBR,Festive,HTTP/1.1
2025-05-02 04:00:04,index,23.2179999351501,13308.0,TheEmptinessMachine,BBR,Festive,HTTP/1.1
2025-05-02 04:00:06,index,25.2179999351501,13308.0,TheEmptinessMachine,BBR,Festive,HTTP/1.1
2025-05-02 04:00:08,index,27.2179999351501,13308.0,TheEmptinessMachine,BBR,Festive,HTTP/1.1
2025-05-02 04:00:10,index,29.2179999351501,13308.0,TheEmptinessMachine,BBR,Festive,HTTP/1.1
2025-05-02 04:00:12,index,31.2179999351501,13308.0,TheEmptinessMachine,BBR,Festive,HTTP/1.1
2025-05-02 04:00:14,index,33.2170000076294,13308.0,TheEmptinessMachine,BBR,Festive,HTTP/1.1
2025-05-02 04:00:16,index,35.2179999351501,13308.0,TheEmptinessMachine,BBR,Festive,HTTP/1.1
2025-05-02 04:00:18,index,37.2170000076294,13308.0,TheEmptinessMachine,BBR,Festive,HTTP/1.1
2025-05-02 04:00:20,index,39.2179999351501,13308.0,TheEmptinessMachine,BBR,Festive,HTTP/1.1
2025-05-02 04:00:22,index,41.2179999351501,13308.0,TheEmptinessMachine,BBR,Festive,HTTP/1.1
2025-05-02 04:00:24,index,43.2190001010895,13308.0,TheEmptinessMachine,BBR,Festive,HTTP/1.1
2025-05-02 04:00:26,index,45.2200000286102,13308.0,TheEmptinessMachine,BBR,Festive,HTTP/1.1
2025-05-02 04:00:28,index,47.2179999351501,,TheEmptinessMachine,BBR,Festive,HTTP/1.1
2025-05-02 04:00:30,index,49.2179999351501,13308.0,TheEmptinessMachine,BBR,Festive,HTTP/1.1
2025-05-02 04:00:32,index,51.2179999351501,13308.0,TheEmptinessMachine,BBR,Festive,HTTP/1.1
2025-05-02 04:00:34,index,53.2179999351501,13308.0,TheEmptinessMachine,BBR,Festive,HTTP/1.1
2025-05-02 04:00:36,index,55.2170000076294,13308.0,TheEmptinessMachine,BBR,Festive,HTTP/1.1
2025-05-02 04:00:38,index,57.2179999351501,13308.0,TheEmptinessMachine,BBR,Festive,HTTP/1.1
2025-05-02 04:00:40,index,59.2179999351501,13308.0,TheEmptinessMachine,BBR,Festive,HTTP/1.1
2025-05-02 04:00:42,index,61.2179999351501,13308.0,TheEmptinessMachine,BBR,Festive,HTTP/1.1
2025-05-02 04:00:44,index,63.2179999351501,13308.0,TheEmptinessMachine,BBR,Festive,HTTP/1.1
2025-05-02 04:00:46,index,65.2179999351501,13308.0,TheEmptinessMachine,BBR,Festive,HTTP/1.1
2025-05-02 04:00:48,index,67.2179999351501,13308.0,TheEmptinessMachine,BBR,Festive,HTTP/1.1
2025-05-02 04:00:50,index,69.2179999351501,13308.0,TheEmptinessMachine,BBR,Festive,HTTP/1.1
2025-05-02 04:00:52,index,71.2179999351501,13308.0,TheEmptinessMachine,BBR,Festive,HTTP/1.1
2025-05-02 04:00:54,index,73.2179999351501,13308.0,TheEmptinessMachine,BBR,Festive,HTTP/1.1
2025-05-02 04:00:56,index,75.2179999351501,13308.0,TheEmptinessMachine,BBR,Festive,HTTP/1.1
2025-05-02 04:00:58,index,77.2179999351501,13308.0,TheEmptinessMachine,BBR,Festive,HTTP/1.1
2025-05-02 04:01:00,index,79.2179999351501,13308.0,TheEmptinessMachine,BBR,Festive,HTTP/1.1
2025-05-02 04:01:02,index,81.2179999351501,13308.0,TheEmptinessMachine,BBR,Festive,HTTP/1.1
2025-05-02 04:01:04,index,83.2179999351501,13308.0,TheEmptinessMachine,BBR,Festive,HTTP/1.1
2025-05-02 04:01:06,index,85.2179999351501,13308.0,TheEmptinessMachine,BBR,Festive,HTTP/1.1
2025-05-02 04:01:08,index,87.2179999351501,13308.0,TheEmptinessMachine,BBR,Festive,HTTP/1.1
2025-05-02 04:01:10,index,89.2179999351501,13308.0,TheEmptinessMachine,BBR,Festive,HTTP/1.1
2025-05-02 04:01:12,index,91.2200000286102,13308.0,TheEmptinessMachine,BBR,Festive,HTTP/1.1
2025-05-02 04:01:14,index,93.2230000495911,13308.0,TheEmptinessMachine,BBR,Festive,HTTP/1.1
2025-05-02 04:01:16,index,95.2170000076294,13308.0,TheEmptinessMachine,BBR,Festive,HTTP/1.1
2025-05-02 04:01:18,index,97.2179999351501,,TheEmptinessMachine,BBR,Festive,HTTP/1.1
2025-05-02 04:01:20,index,99.2179999351501,,TheEmptinessMachine,BBR,Festive,HTTP/1.1
2025-05-02 04:01:22,index,101.21799993515,,TheEmptinessMachine,BBR,Festive,HTTP/1.1
2025-05-02 04:01:24,index,103.21799993515,13308.0,TheEmptinessMachine,BBR,Festive,HTTP/1.1
2025-05-02 04:01:26,index,105.217000007629,13308.0,TheEmptinessMachine,BBR,Festive,HTTP/1.1
2025-05-02 04:01:28,index,107.21799993515,13308.0,TheEmptinessMachine,BBR,Festive,HTTP/1.1
2025-05-02 04:01:30,index,109.21799993515,13308.0,TheEmptinessMachine,BBR,Festive,HTTP/1.1
2025-05-02 04:01:32,index,111.217000007629,13308.0,TheEmptinessMachine,BBR,Festive,HTTP/1.1
2025-05-02 04:01:34,index,113.21799993515,13308.0,TheEmptinessMachine,BBR,Festive,HTTP/1.1
2025-05-02 04:01:36,index,115.21799993515,,TheEmptinessMachine,BBR,Festive,HTTP/1.1
2025-05-02 04:01:38,index,117.21799993515,13308.0,TheEmptinessMachine,BBR,Festive,HTTP/1.1
2025-05-02 04:01:40,index,119.217000007629,13308.0,TheEmptinessMachine,BBR,Festive,HTTP/1.1
2025-05-02 04:01:42,index,121.21799993515,13308.0,TheEmptinessMachine,BBR,Festive,HTTP/1.1
2025-05-02 04:01:44,index,123.21799993515,13308.0,TheEmptinessMachine,BBR,Festive,HTTP/1.1
2025-05-02 04:01:46,index,125.21799993515,13308.0,TheEmptinessMachine,BBR,Festive,HTTP/1.1
2025-05-02 04:01:48,index,127.217000007629,13308.0,TheEmptinessMachine,BBR,Festive,HTTP/1.1
2025-05-02 04:01:50,index,129.21799993515,13308.0,TheEmptinessMachine,BBR,Festive,HTTP/1.1
2025-05-02 04:01:52,index,131.217000007629,13308.0,TheEmptinessMachine,BBR,Festive,HTTP/1.1
2025-05-02 04:01:54,index,133.21799993515,13308.0,TheEmptinessMachine,BBR,Festive,HTTP/1.1
2025-05-02 04:01:56,index,135.21799993515,13308.0,TheEmptinessMachine,BBR,Festive,HTTP/1.1
2025-05-02 04:01:58,index,137.21799993515,13308.0,TheEmptinessMachine,BBR,Festive,HTTP/1.1
2025-05-02 04:02:00,index,139.266000032425,13308.0,TheEmptinessMachine,BBR,Festive,HTTP/1.1
2025-05-02 04:02:02,index,141.21799993515,13308.0,TheEmptinessMachine,BBR,Festive,HTTP/1.1
2025-05-02 04:02:04,index,143.21799993515,13308.0,TheEmptinessMachine,BBR,Festive,HTTP/1.1
2025-05-02 04:02:06,index,145.21799993515,13308.0,TheEmptinessMachine,BBR,Festive,HTTP/1.1
2025-05-02 04:02:08,index,147.21799993515,13308.0,TheEmptinessMachine,BBR,Festive,HTTP/1.1
2025-05-02 04:02:10,index,149.21799993515,13308.0,TheEmptinessMachine,BBR,Festive,HTTP/1.1
2025-05-02 04:02:12,index,151.21799993515,13308.0,TheEmptinessMachine,BBR,Festive,HTTP/1.1
2025-05-02 04:02:14,index,153.21799993515,,TheEmptinessMachine,BBR,Festive,HTTP/1.1
2025-05-02 04:02:16,index,155.21799993515,,TheEmptinessMachine,BBR,Festive,HTTP/1.1
2025-05-02 04:02:18,index,157.21799993515,,TheEmptinessMachine,BBR,Festive,HTTP/1.1
2025-05-02 04:02:20,index,159.21799993515,,TheEmptinessMachine,BBR,Festive,HTTP/1.1
2025-05-02 04:02:22,index,161.21799993515,,TheEmptinessMachine,BBR,Festive,HTTP/1.1
2025-05-02 04:02:24,index,163.21799993515,18625.0,TheEmptinessMachine,BBR,Festive,HTTP/1.1
2025-05-02 04:02:26,index,165.217000007629,18625.0,TheEmptinessMachine,BBR,Festive,HTTP/1.1
2025-05-02 04:02:28,index,167.21799993515,13308.0,TheEmptinessMachine,BBR,Festive,HTTP/1.1
2025-05-02 04:02:30,index,169.21799993515,13308.0,TheEmptinessMachine,BBR,Festive,HTTP/1.1
2025-05-02 04:02:32,index,171.21799993515,13308.0,TheEmptinessMachine,BBR,Festive,HTTP/1.1
2025-05-02 04:02:34,index,173.21799993515,13308.0,TheEmptinessMachine,BBR,Festive,HTTP/1.1
2025-05-02 04:02:36,index,175.217000007629,18625.0,TheEmptinessMachine,BBR,Festive,HTTP/1.1
2025-05-02 04:02:38,index,177.21799993515,18625.0,TheEmptinessMachine,BBR,Festive,HTTP/1.1
2025-05-02 04:02:40,index,179.217000007629,13308.0,TheEmptinessMachine,BBR,Festive,HTTP/1.1
2025-05-02 04:02:42,index,181.21799993515,2781.0,TheEmptinessMachine,BBR,Festive,HTTP/1.1
2025-05-02 04:02:44,index,183.21799993515,13308.0,TheEmptinessMachine,BBR,Festive,HTTP/1.1
2025-05-02 04:02:46,index,185.21799993515,13308.0,TheEmptinessMachine,BBR,Festive,HTTP/1.1
2025-05-02 04:02:48,index,187.21799993515,13308.0,TheEmptinessMachine,BBR,Festive,HTTP/1.1
2025-05-02 04:02:50,index,189.21799993515,13308.0,TheEmptinessMachine,BBR,Festive,HTTP/1.1
2025-05-02 04:02:52,index,191.21799993515,6978.0,TheEmptinessMachine,BBR,Festive,HTTP/1.1
2025-05-02 04:02:54,index,193.21799993515,6978.0,TheEmptinessMachine,BBR,Festive,HTTP/1.1
2025-05-02 04:02:56,index,195.21799993515,13308.0,TheEmptinessMachine,BBR,Festive,HTTP/1.1
2025-05-02 04:02:58,index,197.21799993515,13308.0,TheEmptinessMachine,BBR,Festive,HTTP/1.1
2025-05-02 04:03:00,index,199.21799993515,13308.0,TheEmptinessMachine,BBR,Festive,HTTP/1.1
2025-05-02 04:03:02,index,201.21799993515,6978.0,TheEmptinessMachine,BBR,Festive,HTTP/1.1
2025-05-02 04:03:04,index,203.217000007629,13308.0,TheEmptinessMachine,BBR,Festive,HTTP/1.1
2025-05-02 04:03:35,index,1.27600002288818,13308.0,TheEmptinessMachine,BBR,Festive,HTTP/2
2025-05-02 04:03:37,index,3.27600002288818,13308.0,TheEmptinessMachine,BBR,Festive,HTTP/2
2025-05-02 04:03:39,index,5.27600002288818,1767.0,TheEmptinessMachine,BBR,Festive,HTTP/2
2025-05-02 04:03:41,index,7.27600002288818,1767.0,TheEmptinessMachine,BBR,Festive,HTTP/2
2025-05-02 04:03:43,index,9.27600002288818,1767.0,TheEmptinessMachine,BBR,Festive,HTTP/2
2025-05-02 04:03:45,index,11.2760000228882,1767.0,TheEmptinessMachine,BBR,Festive,HTTP/2
2025-05-02 04:03:47,index,13.2760000228882,1767.0,TheEmptinessMachine,BBR,Festive,HTTP/2
2025-05-02 04:03:49,index,15.2760000228882,1767.0,TheEmptinessMachine,BBR,Festive,HTTP/2
2025-05-02 04:03:51,index,17.2760000228882,,TheEmptinessMachine,BBR,Festive,HTTP/2
2025-05-02 04:03:53,index,19.2760000228882,,TheEmptinessMachine,BBR,Festive,HTTP/2
2025-05-02 04:03:55,index,21.2760000228882,18625.0,TheEmptinessMachine,BBR,Festive,HTTP/2
2025-05-02 04:03:57,index,23.2760000228882,13308.0,TheEmptinessMachine,BBR,Festive,HTTP/2
2025-05-02 04:03:59,index,25.2760000228882,13308.0,TheEmptinessMachine,BBR,Festive,HTTP/2
2025-05-02 04:04:01,index,27.2760000228882,13308.0,TheEmptinessMachine,BBR,Festive,HTTP/2
2025-05-02 04:04:03,index,29.2760000228882,4676.0,TheEmptinessMachine,BBR,Festive,HTTP/2
2025-05-02 04:04:05,index,31.2760000228882,1767.0,TheEmptinessMachine,BBR,Festive,HTTP/2
2025-05-02 04:04:07,index,33.2760000228882,6978.0,TheEmptinessMachine,BBR,Festive,HTTP/2
2025-05-02 04:04:09,index,35.2760000228882,6978.0,TheEmptinessMachine,BBR,Festive,HTTP/2
2025-05-02 04:04:11,index,37.2760000228882,6978.0,TheEmptinessMachine,BBR,Festive,HTTP/2
2025-05-02 04:04:13,index,39.2760000228882,6978.0,TheEmptinessMachine,BBR,Festive,HTTP/2
2025-05-02 04:04:15,index,41.2760000228882,6978.0,TheEmptinessMachine,BBR,Festive,HTTP/2
2025-05-02 04:04:17,index,43.2760000228882,13308.0,TheEmptinessMachine,BBR,Festive,HTTP/2
2025-05-02 04:04:19,index,45.2760000228882,8631.0,TheEmptinessMachine,BBR,Festive,HTTP/2
2025-05-02 04:04:21,index,47.2760000228882,8631.0,TheEmptinessMachine,BBR,Festive,HTTP/2
2025-05-02 04:04:23,index,49.2760000228882,13308.0,TheEmptinessMachine,BBR,Festive,HTTP/2
2025-05-02 04:04:25,index,51.2760000228882,8631.0,TheEmptinessMachine,BBR,Festive,HTTP/2
2025-05-02 04:04:27,index,53.2760000228882,13308.0,TheEmptinessMachine,BBR,Festive,HTTP/2
2025-05-02 04:04:29,index,55.2760000228882,2781.0,TheEmptinessMachine,BBR,Festive,HTTP/2
2025-05-02 04:04:31,index,57.2760000228882,13308.0,TheEmptinessMachine,BBR,Festive,HTTP/2
2025-05-02 04:04:33,index,59.2760000228882,13308.0,TheEmptinessMachine,BBR,Festive,HTTP/2
2025-05-02 04:04:35,index,61.2760000228882,2781.0,TheEmptinessMachine,BBR,Festive,HTTP/2
2025-05-02 04:04:37,index,63.2760000228882,8631.0,TheEmptinessMachine,BBR,Festive,HTTP/2
2025-05-02 04:04:39,index,65.2760000228882,13308.0,TheEmptinessMachine,BBR,Festive,HTTP/2
2025-05-02 04:04:41,index,67.2760000228882,13308.0,TheEmptinessMachine,BBR,Festive,HTTP/2
2025-05-02 04:04:43,index,69.2760000228882,8631.0,TheEmptinessMachine,BBR,Festive,HTTP/2
2025-05-02 04:04:45,index,71.2760000228882,980.0,TheEmptinessMachine,BBR,Festive,HTTP/2
2025-05-02 04:04:47,index,73.2760000228882,13308.0,TheEmptinessMachine,BBR,Festive,HTTP/2
2025-05-02 04:04:49,index,75.2760000228882,8631.0,TheEmptinessMachine,BBR,Festive,HTTP/2
2025-05-02 04:04:51,index,77.2760000228882,1767.0,TheEmptinessMachine,BBR,Festive,HTTP/2
2025-05-02 04:04:53,index,79.2760000228882,13308.0,TheEmptinessMachine,BBR,Festive,HTTP/2
2025-05-02 04:04:55,index,81.2760000228882,8631.0,TheEmptinessMachine,BBR,Festive,HTTP/2
2025-05-02 04:04:57,index,83.2760000228882,4676.0,TheEmptinessMachine,BBR,Festive,HTTP/2
2025-05-02 04:04:59,index,85.2760000228882,13308.0,TheEmptinessMachine,BBR,Festive,HTTP/2
2025-05-02 04:05:01,index,87.2760000228882,8631.0,TheEmptinessMachine,BBR,Festive,HTTP/2
2025-05-02 04:05:03,index,89.2760000228882,4692.0,TheEmptinessMachine,BBR,Festive,HTTP/2
2025-05-02 04:05:05,index,91.2760000228882,13308.0,TheEmptinessMachine,BBR,Festive,HTTP/2
2025-05-02 04:05:07,index,93.2760000228882,1767.0,TheEmptinessMachine,BBR,Festive,HTTP/2
2025-05-02 04:05:09,index,95.2760000228882,13308.0,TheEmptinessMachine,BBR,Festive,HTTP/2
2025-05-02 04:05:11,index,97.2760000228882,8631.0,TheEmptinessMachine,BBR,Festive,HTTP/2
2025-05-02 04:05:13,index,99.2760000228882,4676.0,TheEmptinessMachine,BBR,Festive,HTTP/2
2025-05-02 04:05:15,index,101.276000022888,13308.0,TheEmptinessMachine,BBR,Festive,HTTP/2
2025-05-02 04:05:17,index,103.276000022888,8631.0,TheEmptinessMachine,BBR,Festive,HTTP/2
2025-05-02 04:05:19,index,105.276000022888,4676.0,TheEmptinessMachine,BBR,Festive,HTTP/2
2025-05-02 04:05:21,index,107.276000022888,8631.0,TheEmptinessMachine,BBR,Festive,HTTP/2
2025-05-02 04:05:23,index,109.276000022888,13308.0,TheEmptinessMachine,BBR,Festive,HTTP/2
2025-05-02 04:05:25,index,111.276000022888,13308.0,TheEmptinessMachine,BBR,Festive,HTTP/2
2025-05-02 04:05:27,index,113.276000022888,13308.0,TheEmptinessMachine,BBR,Festive,HTTP/2
2025-05-02 04:05:29,index,115.276000022888,2781.0,TheEmptinessMachine,BBR,Festive,HTTP/2
2025-05-02 04:05:31,index,117.276000022888,4676.0,TheEmptinessMachine,BBR,Festive,HTTP/2
2025-05-02 04:05:33,index,119.276000022888,13308.0,TheEmptinessMachine,BBR,Festive,HTTP/2
2025-05-02 04:05:35,index,121.276000022888,2781.0,TheEmptinessMachine,BBR,Festive,HTTP/2
2025-05-02 04:05:37,index,123.276000022888,8631.0,TheEmptinessMachine,BBR,Festive,HTTP/2
2025-05-02 04:05:39,index,125.276000022888,8631.0,TheEmptinessMachine,BBR,Festive,HTTP/2
2025-05-02 04:05:41,index,127.276000022888,4692.0,TheEmptinessMachine,BBR,Festive,HTTP/2
2025-05-02 04:05:43,index,129.276000022888,13308.0,TheEmptinessMachine,BBR,Festive,HTTP/2
2025-05-02 04:05:47,index,133.276000022888,4676.0,TheEmptinessMachine,BBR,Festive,HTTP/2
2025-05-02 04:05:49,index,135.276000022888,13308.0,TheEmptinessMachine,BBR,Festive,HTTP/2
2025-05-02 04:05:51,index,137.276000022888,1767.0,TheEmptinessMachine,BBR,Festive,HTTP/2
2025-05-02 04:05:53,index,139.276000022888,13308.0,TheEmptinessMachine,BBR,Festive,HTTP/2
2025-05-02 04:05:55,index,141.276000022888,13308.0,TheEmptinessMachine,BBR,Festive,HTTP/2
2025-05-02 04:05:57,index,143.276000022888,2781.0,TheEmptinessMachine,BBR,Festive,HTTP/2
2025-05-02 04:05:59,index,145.276000022888,13308.0,TheEmptinessMachine,BBR,Festive,HTTP/2
2025-05-02 04:06:01,index,147.276000022888,13308.0,TheEmptinessMachine,BBR,Festive,HTTP/2
2025-05-02 04:06:03,index,149.276000022888,13308.0,TheEmptinessMachine,BBR,Festive,HTTP/2
2025-05-02 04:06:05,index,151.276000022888,13308.0,TheEmptinessMachine,BBR,Festive,HTTP/2
2025-05-02 04:06:07,index,153.277000188828,13308.0,TheEmptinessMachine,BBR,Festive,HTTP/2
2025-05-02 04:06:09,index,155.276000022888,13308.0,TheEmptinessMachine,BBR,Festive,HTTP/2
2025-05-02 04:06:11,index,157.277000188828,8631.0,TheEmptinessMachine,BBR,Festive,HTTP/2
2025-05-02 04:06:13,index,159.276000022888,1499.0,TheEmptinessMachine,BBR,Festive,HTTP/2
2025-05-02 04:06:15,index,161.276000022888,4676.0,TheEmptinessMachine,BBR,Festive,HTTP/2
2025-05-02 04:06:17,index,163.276000022888,13308.0,TheEmptinessMachine,BBR,Festive,HTTP/2
2025-05-02 04:06:19,index,165.276000022888,2781.0,TheEmptinessMachine,BBR,Festive,HTTP/2
2025-05-02 04:06:21,index,167.276000022888,8631.0,TheEmptinessMachine,BBR,Festive,HTTP/2
2025-05-02 04:06:23,index,169.276000022888,13308.0,TheEmptinessMachine,BBR,Festive,HTTP/2
2025-05-02 04:06:25,index,171.276000022888,13308.0,TheEmptinessMachine,BBR,Festive,HTTP/2
2025-05-02 04:06:27,index,173.276000022888,13308.0,TheEmptinessMachine,BBR,Festive,HTTP/2
2025-05-02 04:06:31,index,177.276000022888,4692.0,TheEmptinessMachine,BBR,Festive,HTTP/2
2025-05-02 04:06:33,index,179.276000022888,13308.0,TheEmptinessMachine,BBR,Festive,HTTP/2
2025-05-02 04:06:35,index,181.276000022888,2781.0,TheEmptinessMachine,BBR,Festive,HTTP/2
2025-05-02 04:06:37,index,183.277000188828,8631.0,TheEmptinessMachine,BBR,Festive,HTTP/2
2025-05-02 04:06:39,index,185.276000022888,8631.0,TheEmptinessMachine,BBR,Festive,HTTP/2
2025-05-02 04:06:41,index,187.276000022888,4692.0,TheEmptinessMachine,BBR,Festive,HTTP/2
2025-05-02 04:06:43,index,189.276000022888,13308.0,TheEmptinessMachine,BBR,Festive,HTTP/2
2025-05-02 04:06:45,index,191.276000022888,8631.0,TheEmptinessMachine,BBR,Festive,HTTP/2
2025-05-02 04:06:47,index,193.276000022888,4676.0,TheEmptinessMachine,BBR,Festive,HTTP/2
2025-05-02 04:06:49,index,195.276000022888,13308.0,TheEmptinessMachine,BBR,Festive,HTTP/2
2025-05-02 04:06:53,index,199.276000022888,13308.0,TheEmptinessMachine,BBR,Festive,HTTP/2
2025-05-02 04:06:55,index,201.276000022888,8631.0,TheEmptinessMachine,BBR,Festive,HTTP/2
2025-05-02 04:06:57,index,203.276000022888,1767.0,TheEmptinessMachine,BBR,Festive,HTTP/2
2025-05-02 04:06:59,index,205.276000022888,1767.0,TheEmptinessMachine,BBR,Festive,HTTP/2
2025-05-02 04:07:32,index,1.20000004768372,13308.0,TheEmptinessMachine,BBR,Festive,HTTP/3
2025-05-02 04:07:34,index,3.19799995422363,13308.0,TheEmptinessMachine,BBR,Festive,HTTP/3
2025-05-02 04:07:36,index,5.19799995422363,4676.0,TheEmptinessMachine,BBR,Festive,HTTP/3
2025-05-02 04:07:38,index,7.19799995422363,13308.0,TheEmptinessMachine,BBR,Festive,HTTP/3
2025-05-02 04:07:40,index,9.19799995422363,13308.0,TheEmptinessMachine,BBR,Festive,HTTP/3
2025-05-02 04:07:42,index,11.1979999542236,13308.0,TheEmptinessMachine,BBR,Festive,HTTP/3
2025-05-02 04:07:46,index,15.1979999542236,13308.0,TheEmptinessMachine,BBR,Festive,HTTP/3
2025-05-02 04:07:48,index,17.1979999542236,18625.0,TheEmptinessMachine,BBR,Festive,HTTP/3
2025-05-02 04:07:50,index,19.1989998817444,13308.0,TheEmptinessMachine,BBR,Festive,HTTP/3
2025-05-02 04:07:52,index,21.1979999542236,13308.0,TheEmptinessMachine,BBR,Festive,HTTP/3
2025-05-02 04:07:54,index,23.1979999542236,13308.0,TheEmptinessMachine,BBR,Festive,HTTP/3
2025-05-02 04:07:56,index,25.1989998817444,13308.0,TheEmptinessMachine,BBR,Festive,HTTP/3
2025-05-02 04:07:58,index,27.1979999542236,13308.0,TheEmptinessMachine,BBR,Festive,HTTP/3
2025-05-02 04:08:00,index,29.1979999542236,13308.0,TheEmptinessMachine,BBR,Festive,HTTP/3
2025-05-02 04:08:02,index,31.1979999542236,13308.0,TheEmptinessMachine,BBR,Festive,HTTP/3
2025-05-02 04:08:04,index,33.1979999542236,13308.0,TheEmptinessMachine,BBR,Festive,HTTP/3
2025-05-02 04:08:06,index,35.1979999542236,13308.0,TheEmptinessMachine,BBR,Festive,HTTP/3
2025-05-02 04:08:08,index,37.1979999542236,13308.0,TheEmptinessMachine,BBR,Festive,HTTP/3
2025-05-02 04:08:10,index,39.1979999542236,13308.0,TheEmptinessMachine,BBR,Festive,HTTP/3
2025-05-02 04:08:12,index,41.1989998817444,13308.0,TheEmptinessMachine,BBR,Festive,HTTP/3
2025-05-02 04:08:14,index,43.1989998817444,13308.0,TheEmptinessMachine,BBR,Festive,HTTP/3
2025-05-02 04:08:16,index,45.1989998817444,13308.0,TheEmptinessMachine,BBR,Festive,HTTP/3
2025-05-02 04:08:18,index,47.1979999542236,,TheEmptinessMachine,BBR,Festive,HTTP/3
2025-05-02 04:08:20,index,49.1979999542236,13308.0,TheEmptinessMachine,BBR,Festive,HTTP/3
2025-05-02 04:08:22,index,51.1979999542236,13308.0,TheEmptinessMachine,BBR,Festive,HTTP/3
2025-05-02 04:08:24,index,53.1979999542236,13308.0,TheEmptinessMachine,BBR,Festive,HTTP/3
2025-05-02 04:08:26,index,55.1979999542236,13308.0,TheEmptinessMachine,BBR,Festive,HTTP/3
2025-05-02 04:08:28,index,57.2000000476837,13308.0,TheEmptinessMachine,BBR,Festive,HTTP/3
2025-05-02 04:08:30,index,59.2019999027252,13308.0,TheEmptinessMachine,BBR,Festive,HTTP/3
2025-05-02 04:08:32,index,61.1979999542236,13308.0,TheEmptinessMachine,BBR,Festive,HTTP/3
2025-05-02 04:08:34,index,63.1979999542236,13308.0,TheEmptinessMachine,BBR,Festive,HTTP/3
2025-05-02 04:08:36,index,65.1979999542236,13308.0,TheEmptinessMachine,BBR,Festive,HTTP/3
2025-05-02 04:08:38,index,67.1979999542236,13308.0,TheEmptinessMachine,BBR,Festive,HTTP/3
2025-05-02 04:08:40,index,69.2000000476837,13308.0,TheEmptinessMachine,BBR,Festive,HTTP/3
2025-05-02 04:08:42,index,71.1979999542236,,TheEmptinessMachine,BBR,Festive,HTTP/3
2025-05-02 04:08:44,index,73.1979999542236,13308.0,TheEmptinessMachine,BBR,Festive,HTTP/3
2025-05-02 04:08:46,index,75.1979999542236,13308.0,TheEmptinessMachine,BBR,Festive,HTTP/3
2025-05-02 04:08:48,index,77.1979999542236,13308.0,TheEmptinessMachine,BBR,Festive,HTTP/3
2025-05-02 04:08:50,index,79.1979999542236,13308.0,TheEmptinessMachine,BBR,Festive,HTTP/3
2025-05-02 04:08:52,index,81.1979999542236,13308.0,TheEmptinessMachine,BBR,Festive,HTTP/3
2025-05-02 04:08:54,index,83.1979999542236,13308.0,TheEmptinessMachine,BBR,Festive,HTTP/3
2025-05-02 04:08:56,index,85.1979999542236,13308.0,TheEmptinessMachine,BBR,Festive,HTTP/3
2025-05-02 04:08:58,index,87.1979999542236,13308.0,TheEmptinessMachine,BBR,Festive,HTTP/3
2025-05-02 04:09:00,index,89.1989998817444,13308.0,TheEmptinessMachine,BBR,Festive,HTTP/3
2025-05-02 04:09:02,index,91.1979999542236,13308.0,TheEmptinessMachine,BBR,Festive,HTTP/3
2025-05-02 04:09:04,index,93.1989998817444,13308.0,TheEmptinessMachine,BBR,Festive,HTTP/3
2025-05-02 04:09:06,index,95.1989998817444,13308.0,TheEmptinessMachine,BBR,Festive,HTTP/3
2025-05-02 04:09:08,index,97.1989998817444,,TheEmptinessMachine,BBR,Festive,HTTP/3
2025-05-02 04:09:10,index,99.1979999542236,,TheEmptinessMachine,BBR,Festive,HTTP/3
2025-05-02 04:09:12,index,101.197999954224,,TheEmptinessMachine,BBR,Festive,HTTP/3
2025-05-02 04:09:14,index,103.197999954224,13308.0,TheEmptinessMachine,BBR,Festive,HTTP/3
2025-05-02 04:09:16,index,105.198999881744,13308.0,TheEmptinessMachine,BBR,Festive,HTTP/3
2025-05-02 04:09:18,index,107.198999881744,13308.0,TheEmptinessMachine,BBR,Festive,HTTP/3
2025-05-02 04:09:20,index,109.198999881744,13308.0,TheEmptinessMachine,BBR,Festive,HTTP/3
2025-05-02 04:09:22,index,111.197999954224,13308.0,TheEmptinessMachine,BBR,Festive,HTTP/3
2025-05-02 04:09:24,index,113.197999954224,13308.0,TheEmptinessMachine,BBR,Festive,HTTP/3
2025-05-02 04:09:26,index,115.197999954224,,TheEmptinessMachine,BBR,Festive,HTTP/3
2025-05-02 04:09:28,index,117.197999954224,13308.0,TheEmptinessMachine,BBR,Festive,HTTP/3
2025-05-02 04:09:30,index,119.197999954224,13308.0,TheEmptinessMachine,BBR,Festive,HTTP/3
2025-05-02 04:09:32,index,121.197999954224,13308.0,TheEmptinessMachine,BBR,Festive,HTTP/3
2025-05-02 04:09:34,index,123.198999881744,13308.0,TheEmptinessMachine,BBR,Festive,HTTP/3
2025-05-02 04:09:36,index,125.197999954224,13308.0,TheEmptinessMachine,BBR,Festive,HTTP/3
2025-05-02 04:09:38,index,127.197999954224,,TheEmptinessMachine,BBR,Festive,HTTP/3
2025-05-02 04:09:40,index,129.197999954224,13308.0,TheEmptinessMachine,BBR,Festive,HTTP/3
2025-05-02 04:09:42,index,131.197999954224,13308.0,TheEmptinessMachine,BBR,Festive,HTTP/3
2025-05-02 04:09:44,index,133.197999954224,13308.0,TheEmptinessMachine,BBR,Festive,HTTP/3
2025-05-02 04:09:46,index,135.197999954224,13308.0,TheEmptinessMachine,BBR,Festive,HTTP/3
2025-05-02 04:09:48,index,137.197999954224,13308.0,TheEmptinessMachine,BBR,Festive,HTTP/3
2025-05-02 04:09:50,index,139.197999954224,13308.0,TheEmptinessMachine,BBR,Festive,HTTP/3
2025-05-02 04:09:52,index,141.197999954224,13308.0,TheEmptinessMachine,BBR,Festive,HTTP/3
2025-05-02 04:09:54,index,143.197999954224,13308.0,TheEmptinessMachine,BBR,Festive,HTTP/3
2025-05-02 04:09:56,index,145.198999881744,13308.0,TheEmptinessMachine,BBR,Festive,HTTP/3
2025-05-02 04:09:58,index,147.198999881744,13308.0,TheEmptinessMachine,BBR,Festive,HTTP/3
2025-05-02 04:10:00,index,149.197999954224,13308.0,TheEmptinessMachine,BBR,Festive,HTTP/3
2025-05-02 04:10:02,index,151.197999954224,13308.0,TheEmptinessMachine,BBR,Festive,HTTP/3
2025-05-02 04:10:04,index,153.197999954224,13308.0,TheEmptinessMachine,BBR,Festive,HTTP/3
2025-05-02 04:10:06,index,155.197999954224,,TheEmptinessMachine,BBR,Festive,HTTP/3
2025-05-02 04:10:08,index,157.197999954224,,TheEmptinessMachine,BBR,Festive,HTTP/3
2025-05-02 04:10:10,index,159.674999952316,,TheEmptinessMachine,BBR,Festive,HTTP/3
2025-05-02 04:10:12,index,161.197999954224,,TheEmptinessMachine,BBR,Festive,HTTP/3
2025-05-02 04:10:14,index,163.197999954224,,TheEmptinessMachine,BBR,Festive,HTTP/3
2025-05-02 04:10:16,index,165.197999954224,18625.0,TheEmptinessMachine,BBR,Festive,HTTP/3
2025-05-02 04:10:18,index,167.197999954224,18625.0,TheEmptinessMachine,BBR,Festive,HTTP/3
2025-05-02 04:10:20,index,169.197999954224,13308.0,TheEmptinessMachine,BBR,Festive,HTTP/3
2025-05-02 04:10:22,index,171.197999954224,13308.0,TheEmptinessMachine,BBR,Festive,HTTP/3
2025-05-02 04:10:24,index,173.197999954224,13308.0,TheEmptinessMachine,BBR,Festive,HTTP/3
2025-05-02 04:10:26,index,175.197999954224,13308.0,TheEmptinessMachine,BBR,Festive,HTTP/3
2025-05-02 04:10:28,index,177.197999954224,13308.0,TheEmptinessMachine,BBR,Festive,HTTP/3
2025-05-02 04:10:30,index,179.226999998093,13308.0,TheEmptinessMachine,BBR,Festive,HTTP/3
2025-05-02 04:10:32,index,181.197999954224,18625.0,TheEmptinessMachine,BBR,Festive,HTTP/3
2025-05-02 04:10:34,index,183.197999954224,18625.0,TheEmptinessMachine,BBR,Festive,HTTP/3
2025-05-02 04:10:36,index,185.197999954224,13308.0,TheEmptinessMachine,BBR,Festive,HTTP/3
2025-05-02 04:10:38,index,187.197999954224,2781.0,TheEmptinessMachine,BBR,Festive,HTTP/3
2025-05-02 04:10:40,index,189.197999954224,13308.0,TheEmptinessMachine,BBR,Festive,HTTP/3
2025-05-02 04:10:42,index,191.197999954224,13308.0,TheEmptinessMachine,BBR,Festive,HTTP/3
2025-05-02 04:10:44,index,193.197999954224,13308.0,TheEmptinessMachine,BBR,Festive,HTTP/3
2025-05-02 04:10:46,index,195.197999954224,13308.0,TheEmptinessMachine,BBR,Festive,HTTP/3
2025-05-02 04:10:48,index,197.197999954224,6978.0,TheEmptinessMachine,BBR,Festive,HTTP/3
2025-05-02 04:10:50,index,199.197999954224,13308.0,TheEmptinessMachine,BBR,Festive,HTTP/3
2025-05-02 04:10:52,index,201.197999954224,6978.0,TheEmptinessMachine,BBR,Festive,HTTP/3
2025-05-02 04:10:54,index,203.197999954224,6978.0,TheEmptinessMachine,BBR,Festive,HTTP/3
2025-05-02 04:11:26,index,1.25200009346008,8631.0,TheEmptinessMachine,BBR,L2A,HTTP/1.1
2025-05-02 04:11:28,index,3.25100016593933,8631.0,TheEmptinessMachine,BBR,L2A,HTTP/1.1
2025-05-02 04:11:34,index,9.25100016593933,8631.0,TheEmptinessMachine,BBR,L2A,HTTP/1.1
2025-05-02 04:11:36,index,11.2510001659393,13308.0,TheEmptinessMachine,BBR,L2A,HTTP/1.1
2025-05-02 04:11:38,index,13.2510001659393,13308.0,TheEmptinessMachine,BBR,L2A,HTTP/1.1
2025-05-02 04:11:40,index,15.2510001659393,13308.0,TheEmptinessMachine,BBR,L2A,HTTP/1.1
2025-05-02 04:11:42,index,17.2510001659393,13308.0,TheEmptinessMachine,BBR,L2A,HTTP/1.1
2025-05-02 04:11:44,index,19.2510001659393,4676.0,TheEmptinessMachine,BBR,L2A,HTTP/1.1
2025-05-02 04:11:46,index,21.2510001659393,13308.0,TheEmptinessMachine,BBR,L2A,HTTP/1.1
2025-05-02 04:11:48,index,23.2510001659393,2781.0,TheEmptinessMachine,BBR,L2A,HTTP/1.1
2025-05-02 04:11:50,index,25.2510001659393,13308.0,TheEmptinessMachine,BBR,L2A,HTTP/1.1
2025-05-02 04:11:52,index,27.2510001659393,13308.0,TheEmptinessMachine,BBR,L2A,HTTP/1.1
2025-05-02 04:11:54,index,29.2510001659393,1767.0,TheEmptinessMachine,BBR,L2A,HTTP/1.1
2025-05-02 04:11:56,index,31.2510001659393,4676.0,TheEmptinessMachine,BBR,L2A,HTTP/1.1
2025-05-02 04:11:58,index,33.2510001659393,13308.0,TheEmptinessMachine,BBR,L2A,HTTP/1.1
2025-05-02 04:12:00,index,35.2510001659393,2781.0,TheEmptinessMachine,BBR,L2A,HTTP/1.1
2025-05-02 04:12:02,index,37.25,8631.0,TheEmptinessMachine,BBR,L2A,HTTP/1.1
2025-05-02 04:12:04,index,39.2510001659393,8631.0,TheEmptinessMachine,BBR,L2A,HTTP/1.1
2025-05-02 04:12:06,index,41.2510001659393,4692.0,TheEmptinessMachine,BBR,L2A,HTTP/1.1
2025-05-02 04:12:08,index,43.2510001659393,8631.0,TheEmptinessMachine,BBR,L2A,HTTP/1.1
2025-05-02 04:12:10,index,45.2510001659393,4676.0,TheEmptinessMachine,BBR,L2A,HTTP/1.1
2025-05-02 04:12:12,index,47.2510001659393,2974.0,TheEmptinessMachine,BBR,L2A,HTTP/1.1
2025-05-02 04:12:14,index,49.2510001659393,4676.0,TheEmptinessMachine,BBR,L2A,HTTP/1.1
2025-05-02 04:12:16,index,51.2510001659393,4676.0,TheEmptinessMachine,BBR,L2A,HTTP/1.1
2025-05-02 04:12:18,index,53.2510001659393,3486.0,TheEmptinessMachine,BBR,L2A,HTTP/1.1
2025-05-02 04:12:20,index,55.2510001659393,3486.0,TheEmptinessMachine,BBR,L2A,HTTP/1.1
2025-05-02 04:12:22,index,57.2510001659393,3486.0,TheEmptinessMachine,BBR,L2A,HTTP/1.1
2025-05-02 04:12:24,index,59.25,3486.0,TheEmptinessMachine,BBR,L2A,HTTP/1.1
2025-05-02 04:12:26,index,61.2510001659393,3486.0,TheEmptinessMachine,BBR,L2A,HTTP/1.1
2025-05-02 04:12:28,index,63.2510001659393,3486.0,TheEmptinessMachine,BBR,L2A,HTTP/1.1
2025-05-02 04:12:30,index,65.2510001659393,3486.0,TheEmptinessMachine,BBR,L2A,HTTP/1.1
2025-05-02 04:12:32,index,67.2510001659393,6978.0,TheEmptinessMachine,BBR,L2A,HTTP/1.1
2025-05-02 04:12:34,index,69.2510001659393,6978.0,TheEmptinessMachine,BBR,L2A,HTTP/1.1
2025-05-02 04:12:36,index,71.2510001659393,6978.0,TheEmptinessMachine,BBR,L2A,HTTP/1.1
2025-05-02 04:12:38,index,73.2510001659393,6978.0,TheEmptinessMachine,BBR,L2A,HTTP/1.1
2025-05-02 04:12:40,index,75.25,6978.0,TheEmptinessMachine,BBR,L2A,HTTP/1.1
2025-05-02 04:12:42,index,77.2510001659393,13308.0,TheEmptinessMachine,BBR,L2A,HTTP/1.1
2025-05-02 04:12:44,index,79.2510001659393,2781.0,TheEmptinessMachine,BBR,L2A,HTTP/1.1
2025-05-02 04:12:46,index,81.25,13308.0,TheEmptinessMachine,BBR,L2A,HTTP/1.1
2025-05-02 04:12:48,index,83.2510001659393,8631.0,TheEmptinessMachine,BBR,L2A,HTTP/1.1
2025-05-02 04:12:50,index,85.2510001659393,4676.0,TheEmptinessMachine,BBR,L2A,HTTP/1.1
2025-05-02 04:12:52,index,87.2510001659393,13308.0,TheEmptinessMachine,BBR,L2A,HTTP/1.1
2025-05-02 04:12:54,index,89.2510001659393,13308.0,TheEmptinessMachine,BBR,L2A,HTTP/1.1
2025-05-02 04:12:56,index,91.2510001659393,13308.0,TheEmptinessMachine,BBR,L2A,HTTP/1.1
2025-05-02 04:12:58,index,93.2510001659393,13308.0,TheEmptinessMachine,BBR,L2A,HTTP/1.1
2025-05-02 04:13:00,index,95.2510001659393,2781.0,TheEmptinessMachine,BBR,L2A,HTTP/1.1
2025-05-02 04:13:02,index,97.2510001659393,4676.0,TheEmptinessMachine,BBR,L2A,HTTP/1.1
2025-05-02 04:13:04,index,99.2510001659393,8631.0,TheEmptinessMachine,BBR,L2A,HTTP/1.1
2025-05-02 04:13:06,index,101.251000165939,4676.0,TheEmptinessMachine,BBR,L2A,HTTP/1.1
2025-05-02 04:13:08,index,103.251000165939,4676.0,TheEmptinessMachine,BBR,L2A,HTTP/1.1
2025-05-02 04:13:10,index,105.251000165939,4676.0,TheEmptinessMachine,BBR,L2A,HTTP/1.1
2025-05-02 04:13:12,index,107.251000165939,4676.0,TheEmptinessMachine,BBR,L2A,HTTP/1.1
2025-05-02 04:13:14,index,109.251000165939,4676.0,TheEmptinessMachine,BBR,L2A,HTTP/1.1
2025-05-02 04:13:16,index,111.251000165939,4676.0,TheEmptinessMachine,BBR,L2A,HTTP/1.1
2025-05-02 04:13:18,index,113.251000165939,3486.0,TheEmptinessMachine,BBR,L2A,HTTP/1.1
2025-05-02 04:13:20,index,115.25,3486.0,TheEmptinessMachine,BBR,L2A,HTTP/1.1
2025-05-02 04:13:22,index,117.25,3486.0,TheEmptinessMachine,BBR,L2A,HTTP/1.1
2025-05-02 04:13:24,index,119.251000165939,3486.0,TheEmptinessMachine,BBR,L2A,HTTP/1.1
2025-05-02 04:13:26,index,121.251000165939,3486.0,TheEmptinessMachine,BBR,L2A,HTTP/1.1
2025-05-02 04:13:28,index,123.251000165939,3486.0,TheEmptinessMachine,BBR,L2A,HTTP/1.1
2025-05-02 04:13:30,index,125.251000165939,3486.0,TheEmptinessMachine,BBR,L2A,HTTP/1.1
2025-05-02 04:13:32,index,127.251000165939,6978.0,TheEmptinessMachine,BBR,L2A,HTTP/1.1
2025-05-02 04:13:34,index,129.251000165939,6978.0,TheEmptinessMachine,BBR,L2A,HTTP/1.1
2025-05-02 04:13:36,index,131.251000165939,6978.0,TheEmptinessMachine,BBR,L2A,HTTP/1.1
2025-05-02 04:13:38,index,133.251000165939,6978.0,TheEmptinessMachine,BBR,L2A,HTTP/1.1
2025-05-02 04:13:40,index,135.251000165939,13308.0,TheEmptinessMachine,BBR,L2A,HTTP/1.1
2025-05-02 04:13:42,index,137.251000165939,13308.0,TheEmptinessMachine,BBR,L2A,HTTP/1.1
2025-05-02 04:13:44,index,139.251000165939,13308.0,TheEmptinessMachine,BBR,L2A,HTTP/1.1
2025-05-02 04:13:46,index,141.251000165939,13308.0,TheEmptinessMachine,BBR,L2A,HTTP/1.1
2025-05-02 04:13:48,index,143.251000165939,13308.0,TheEmptinessMachine,BBR,L2A,HTTP/1.1
2025-05-02 04:13:50,index,145.251000165939,13308.0,TheEmptinessMachine,BBR,L2A,HTTP/1.1
2025-05-02 04:13:52,index,147.251000165939,13308.0,TheEmptinessMachine,BBR,L2A,HTTP/1.1
2025-05-02 04:13:54,index,149.251000165939,6978.0,TheEmptinessMachine,BBR,L2A,HTTP/1.1
2025-05-02 04:13:56,index,151.251000165939,6978.0,TheEmptinessMachine,BBR,L2A,HTTP/1.1
2025-05-02 04:13:58,index,153.251000165939,8631.0,TheEmptinessMachine,BBR,L2A,HTTP/1.1
2025-05-02 04:14:02,index,157.251000165939,4676.0,TheEmptinessMachine,BBR,L2A,HTTP/1.1
2025-05-02 04:14:04,index,159.251000165939,13308.0,TheEmptinessMachine,BBR,L2A,HTTP/1.1
2025-05-02 04:14:06,index,161.251000165939,1106.0,TheEmptinessMachine,BBR,L2A,HTTP/1.1
2025-05-02 04:14:08,index,163.251000165939,4676.0,TheEmptinessMachine,BBR,L2A,HTTP/1.1
2025-05-02 04:14:10,index,165.251000165939,13308.0,TheEmptinessMachine,BBR,L2A,HTTP/1.1
2025-05-02 04:14:12,index,167.251000165939,2781.0,TheEmptinessMachine,BBR,L2A,HTTP/1.1
2025-05-02 04:14:14,index,169.251000165939,13308.0,TheEmptinessMachine,BBR,L2A,HTTP/1.1
2025-05-02 04:14:16,index,171.251000165939,8631.0,TheEmptinessMachine,BBR,L2A,HTTP/1.1
2025-05-02 04:14:18,index,173.251000165939,4676.0,TheEmptinessMachine,BBR,L2A,HTTP/1.1
2025-05-02 04:14:20,index,175.251000165939,13308.0,TheEmptinessMachine,BBR,L2A,HTTP/1.1
2025-05-02 04:14:24,index,179.251000165939,4676.0,TheEmptinessMachine,BBR,L2A,HTTP/1.1
2025-05-02 04:14:26,index,181.251000165939,13308.0,TheEmptinessMachine,BBR,L2A,HTTP/1.1
2025-05-02 04:14:28,index,183.251000165939,2781.0,TheEmptinessMachine,BBR,L2A,HTTP/1.1
2025-05-02 04:14:30,index,185.251000165939,4676.0,TheEmptinessMachine,BBR,L2A,HTTP/1.1
2025-05-02 04:14:32,index,187.251000165939,13308.0,TheEmptinessMachine,BBR,L2A,HTTP/1.1
2025-05-02 04:14:34,index,189.251000165939,2781.0,TheEmptinessMachine,BBR,L2A,HTTP/1.1
2025-05-02 04:14:36,index,191.251000165939,8631.0,TheEmptinessMachine,BBR,L2A,HTTP/1.1
2025-05-02 04:14:38,index,193.251000165939,13308.0,TheEmptinessMachine,BBR,L2A,HTTP/1.1
2025-05-02 04:14:40,index,195.251000165939,13308.0,TheEmptinessMachine,BBR,L2A,HTTP/1.1
2025-05-02 04:14:42,index,197.251000165939,8631.0,TheEmptinessMachine,BBR,L2A,HTTP/1.1
2025-05-02 04:14:44,index,199.251000165939,13308.0,TheEmptinessMachine,BBR,L2A,HTTP/1.1
2025-05-02 04:14:46,index,201.251000165939,13308.0,TheEmptinessMachine,BBR,L2A,HTTP/1.1
2025-05-02 04:14:48,index,203.251000165939,13308.0,TheEmptinessMachine,BBR,L2A,HTTP/1.1
2025-05-02 04:14:50,index,205.251000165939,2781.0,TheEmptinessMachine,BBR,L2A,HTTP/1.1
2025-05-02 04:14:52,index,207.251000165939,4676.0,TheEmptinessMachine,BBR,L2A,HTTP/1.1
2025-05-02 04:14:54,index,209.251000165939,1767.0,TheEmptinessMachine,BBR,L2A,HTTP/1.1
2025-05-02 04:14:56,index,211.251000165939,1767.0,TheEmptinessMachine,BBR,L2A,HTTP/1.1
2025-05-02 04:15:24,index,1.23699998855591,13308.0,TheEmptinessMachine,BBR,L2A,HTTP/2
2025-05-02 04:15:26,index,3.23699998855591,13308.0,TheEmptinessMachine,BBR,L2A,HTTP/2
2025-05-02 04:15:28,index,5.23699998855591,13308.0,TheEmptinessMachine,BBR,L2A,HTTP/2
2025-05-02 04:15:30,index,7.23699998855591,13308.0,TheEmptinessMachine,BBR,L2A,HTTP/2
2025-05-02 04:15:32,index,9.23699998855591,13308.0,TheEmptinessMachine,BBR,L2A,HTTP/2
2025-05-02 04:15:34,index,11.2369999885559,13308.0,TheEmptinessMachine,BBR,L2A,HTTP/2
2025-05-02 04:15:36,index,13.2369999885559,6978.0,TheEmptinessMachine,BBR,L2A,HTTP/2
2025-05-02 04:15:38,index,15.2360000610352,6978.0,TheEmptinessMachine,BBR,L2A,HTTP/2
2025-05-02 04:15:40,index,17.2360000610352,8631.0,TheEmptinessMachine,BBR,L2A,HTTP/2
2025-05-02 04:15:42,index,19.2369999885559,4692.0,TheEmptinessMachine,BBR,L2A,HTTP/2
2025-05-02 04:15:44,index,21.2369999885559,4676.0,TheEmptinessMachine,BBR,L2A,HTTP/2
2025-05-02 04:15:46,index,23.2369999885559,13308.0,TheEmptinessMachine,BBR,L2A,HTTP/2
2025-05-02 04:15:48,index,25.2369999885559,4692.0,TheEmptinessMachine,BBR,L2A,HTTP/2
2025-05-02 04:15:50,index,27.2369999885559,8631.0,TheEmptinessMachine,BBR,L2A,HTTP/2
2025-05-02 04:15:52,index,29.2369999885559,8631.0,TheEmptinessMachine,BBR,L2A,HTTP/2
2025-05-02 04:15:54,index,31.2360000610352,4676.0,TheEmptinessMachine,BBR,L2A,HTTP/2
2025-05-02 04:15:56,index,33.2369999885559,8631.0,TheEmptinessMachine,BBR,L2A,HTTP/2
2025-05-02 04:15:58,index,35.2369999885559,4676.0,TheEmptinessMachine,BBR,L2A,HTTP/2
2025-05-02 04:16:00,index,37.2369999885559,4676.0,TheEmptinessMachine,BBR,L2A,HTTP/2
2025-05-02 04:16:02,index,39.2360000610352,4676.0,TheEmptinessMachine,BBR,L2A,HTTP/2
2025-05-02 04:16:04,index,41.2360000610352,4676.0,TheEmptinessMachine,BBR,L2A,HTTP/2
2025-05-02 04:16:06,index,43.2360000610352,3486.0,TheEmptinessMachine,BBR,L2A,HTTP/2
2025-05-02 04:16:08,index,45.2369999885559,3486.0,TheEmptinessMachine,BBR,L2A,HTTP/2
2025-05-02 04:16:10,index,47.2369999885559,3486.0,TheEmptinessMachine,BBR,L2A,HTTP/2
2025-05-02 04:16:12,index,49.2369999885559,3486.0,TheEmptinessMachine,BBR,L2A,HTTP/2
2025-05-02 04:16:14,index,51.2360000610352,3486.0,TheEmptinessMachine,BBR,L2A,HTTP/2
2025-05-02 04:16:16,index,53.2369999885559,3486.0,TheEmptinessMachine,BBR,L2A,HTTP/2
2025-05-02 04:16:18,index,55.2369999885559,3486.0,TheEmptinessMachine,BBR,L2A,HTTP/2
2025-05-02 04:16:20,index,57.2369999885559,6978.0,TheEmptinessMachine,BBR,L2A,HTTP/2
2025-05-02 04:16:22,index,59.2469999790192,6978.0,TheEmptinessMachine,BBR,L2A,HTTP/2
2025-05-02 04:16:24,index,61.2360000610352,6978.0,TheEmptinessMachine,BBR,L2A,HTTP/2
2025-05-02 04:16:26,index,63.2360000610352,6978.0,TheEmptinessMachine,BBR,L2A,HTTP/2
2025-05-02 04:16:28,index,65.2360000610352,6978.0,TheEmptinessMachine,BBR,L2A,HTTP/2
2025-05-02 04:16:30,index,67.2369999885559,13308.0,TheEmptinessMachine,BBR,L2A,HTTP/2
2025-05-02 04:16:32,index,69.2369999885559,2781.0,TheEmptinessMachine,BBR,L2A,HTTP/2
2025-05-02 04:16:34,index,71.2360000610352,13308.0,TheEmptinessMachine,BBR,L2A,HTTP/2
2025-05-02 04:16:36,index,73.2360000610352,13308.0,TheEmptinessMachine,BBR,L2A,HTTP/2
2025-05-02 04:16:38,index,75.2369999885559,2781.0,TheEmptinessMachine,BBR,L2A,HTTP/2
2025-05-02 04:16:40,index,77.2369999885559,13308.0,TheEmptinessMachine,BBR,L2A,HTTP/2
2025-05-02 04:16:42,index,79.2369999885559,13308.0,TheEmptinessMachine,BBR,L2A,HTTP/2
2025-05-02 04:16:44,index,81.2369999885559,13308.0,TheEmptinessMachine,BBR,L2A,HTTP/2
2025-05-02 04:16:46,index,83.2360000610352,8631.0,TheEmptinessMachine,BBR,L2A,HTTP/2
2025-05-02 04:16:48,index,85.2369999885559,4692.0,TheEmptinessMachine,BBR,L2A,HTTP/2
2025-05-02 04:16:50,index,87.2360000610352,13308.0,TheEmptinessMachine,BBR,L2A,HTTP/2
2025-05-02 04:16:52,index,89.2360000610352,8631.0,TheEmptinessMachine,BBR,L2A,HTTP/2
2025-05-02 04:16:54,index,91.2360000610352,4676.0,TheEmptinessMachine,BBR,L2A,HTTP/2
2025-05-02 04:16:56,index,93.2369999885559,13308.0,TheEmptinessMachine,BBR,L2A,HTTP/2
2025-05-02 04:16:58,index,95.2360000610352,8631.0,TheEmptinessMachine,BBR,L2A,HTTP/2
2025-05-02 04:17:00,index,97.2360000610352,4676.0,TheEmptinessMachine,BBR,L2A,HTTP/2
2025-05-02 04:17:02,index,99.2369999885559,13308.0,TheEmptinessMachine,BBR,L2A,HTTP/2
2025-05-02 04:17:06,index,103.236999988556,13308.0,TheEmptinessMachine,BBR,L2A,HTTP/2
2025-05-02 04:17:08,index,105.236999988556,8631.0,TheEmptinessMachine,BBR,L2A,HTTP/2
2025-05-02 04:17:10,index,107.236000061035,1106.0,TheEmptinessMachine,BBR,L2A,HTTP/2
2025-05-02 04:17:12,index,109.236999988556,13308.0,TheEmptinessMachine,BBR,L2A,HTTP/2
2025-05-02 04:17:14,index,111.236000061035,8631.0,TheEmptinessMachine,BBR,L2A,HTTP/2
2025-05-02 04:17:16,index,113.236999988556,4676.0,TheEmptinessMachine,BBR,L2A,HTTP/2
2025-05-02 04:17:18,index,115.236999988556,13308.0,TheEmptinessMachine,BBR,L2A,HTTP/2
2025-05-02 04:17:20,index,117.236000061035,13308.0,TheEmptinessMachine,BBR,L2A,HTTP/2
2025-05-02 04:17:22,index,119.250999927521,13308.0,TheEmptinessMachine,BBR,L2A,HTTP/2
2025-05-02 04:17:24,index,121.236000061035,8631.0,TheEmptinessMachine,BBR,L2A,HTTP/2
2025-05-02 04:17:26,index,123.236999988556,1767.0,TheEmptinessMachine,BBR,L2A,HTTP/2
2025-05-02 04:17:28,index,125.236999988556,13308.0,TheEmptinessMachine,BBR,L2A,HTTP/2
2025-05-02 04:17:30,index,127.236000061035,8631.0,TheEmptinessMachine,BBR,L2A,HTTP/2
2025-05-02 04:17:32,index,129.236999988556,1767.0,TheEmptinessMachine,BBR,L2A,HTTP/2
2025-05-02 04:17:34,index,131.236999988556,13308.0,TheEmptinessMachine,BBR,L2A,HTTP/2
2025-05-02 04:17:36,index,133.236000061035,13308.0,TheEmptinessMachine,BBR,L2A,HTTP/2
2025-05-02 04:17:38,index,135.236999988556,2781.0,TheEmptinessMachine,BBR,L2A,HTTP/2
2025-05-02 04:17:40,index,137.236999988556,13308.0,TheEmptinessMachine,BBR,L2A,HTTP/2
2025-05-02 04:17:42,index,139.236999988556,8631.0,TheEmptinessMachine,BBR,L2A,HTTP/2
2025-05-02 04:17:44,index,141.236999988556,4692.0,TheEmptinessMachine,BBR,L2A,HTTP/2
2025-05-02 04:17:46,index,143.236000061035,8631.0,TheEmptinessMachine,BBR,L2A,HTTP/2
2025-05-02 04:17:48,index,145.236999988556,980.0,TheEmptinessMachine,BBR,L2A,HTTP/2
2025-05-02 04:17:50,index,147.236000061035,4692.0,TheEmptinessMachine,BBR,L2A,HTTP/2
2025-05-02 04:17:52,index,149.236999988556,4676.0,TheEmptinessMachine,BBR,L2A,HTTP/2
2025-05-02 04:17:54,index,151.236000061035,2781.0,TheEmptinessMachine,BBR,L2A,HTTP/2
2025-05-02 04:17:56,index,153.236999988556,4676.0,TheEmptinessMachine,BBR,L2A,HTTP/2
2025-05-02 04:17:58,index,155.236000061035,4676.0,TheEmptinessMachine,BBR,L2A,HTTP/2
2025-05-02 04:18:00,index,157.236999988556,3486.0,TheEmptinessMachine,BBR,L2A,HTTP/2
2025-05-02 04:18:02,index,159.236000061035,3486.0,TheEmptinessMachine,BBR,L2A,HTTP/2
2025-05-02 04:18:04,index,161.236000061035,3486.0,TheEmptinessMachine,BBR,L2A,HTTP/2
2025-05-02 04:18:06,index,163.236999988556,3486.0,TheEmptinessMachine,BBR,L2A,HTTP/2
2025-05-02 04:18:08,index,165.236000061035,3486.0,TheEmptinessMachine,BBR,L2A,HTTP/2
2025-05-02 04:18:10,index,167.236999988556,3486.0,TheEmptinessMachine,BBR,L2A,HTTP/2
2025-05-02 04:18:12,index,169.236999988556,3486.0,TheEmptinessMachine,BBR,L2A,HTTP/2
2025-05-02 04:18:14,index,171.236000061035,6978.0,TheEmptinessMachine,BBR,L2A,HTTP/2
2025-05-02 04:18:16,index,173.236999988556,6978.0,TheEmptinessMachine,BBR,L2A,HTTP/2
2025-05-02 04:18:18,index,175.236000061035,6978.0,TheEmptinessMachine,BBR,L2A,HTTP/2
2025-05-02 04:18:20,index,177.236999988556,6978.0,TheEmptinessMachine,BBR,L2A,HTTP/2
2025-05-02 04:18:22,index,179.236000061035,13308.0,TheEmptinessMachine,BBR,L2A,HTTP/2
2025-05-02 04:18:24,index,181.236999988556,4676.0,TheEmptinessMachine,BBR,L2A,HTTP/2
2025-05-02 04:18:26,index,183.236999988556,13308.0,TheEmptinessMachine,BBR,L2A,HTTP/2
2025-05-02 04:18:28,index,185.236999988556,13308.0,TheEmptinessMachine,BBR,L2A,HTTP/2
2025-05-02 04:18:30,index,187.236999988556,13308.0,TheEmptinessMachine,BBR,L2A,HTTP/2
2025-05-02 04:18:32,index,189.236999988556,980.0,TheEmptinessMachine,BBR,L2A,HTTP/2
2025-05-02 04:18:34,index,191.236999988556,4676.0,TheEmptinessMachine,BBR,L2A,HTTP/2
2025-05-02 04:18:36,index,193.236999988556,13308.0,TheEmptinessMachine,BBR,L2A,HTTP/2
2025-05-02 04:18:38,index,195.236000061035,1767.0,TheEmptinessMachine,BBR,L2A,HTTP/2
2025-05-02 04:18:40,index,197.236999988556,13308.0,TheEmptinessMachine,BBR,L2A,HTTP/2
2025-05-02 04:18:42,index,199.236999988556,8631.0,TheEmptinessMachine,BBR,L2A,HTTP/2
2025-05-02 04:18:44,index,201.236999988556,4676.0,TheEmptinessMachine,BBR,L2A,HTTP/2
2025-05-02 04:18:46,index,203.236000061035,1767.0,TheEmptinessMachine,BBR,L2A,HTTP/2
2025-05-02 04:19:18,index,1.21799993515015,8631.0,TheEmptinessMachine,BBR,L2A,HTTP/3
2025-05-02 04:19:20,index,3.21700000762939,8631.0,TheEmptinessMachine,BBR,L2A,HTTP/3
2025-05-02 04:19:22,index,5.21700000762939,980.0,TheEmptinessMachine,BBR,L2A,HTTP/3
2025-05-02 04:19:24,index,7.21700000762939,980.0,TheEmptinessMachine,BBR,L2A,HTTP/3
2025-05-02 04:19:26,index,9.21700000762939,980.0,TheEmptinessMachine,BBR,L2A,HTTP/3
2025-05-02 04:19:28,index,11.2179999351501,980.0,TheEmptinessMachine,BBR,L2A,HTTP/3
2025-05-02 04:19:30,index,13.2179999351501,980.0,TheEmptinessMachine,BBR,L2A,HTTP/3
2025-05-02 04:19:32,index,15.2170000076294,980.0,TheEmptinessMachine,BBR,L2A,HTTP/3
2025-05-02 04:19:34,index,17.2170000076294,6978.0,TheEmptinessMachine,BBR,L2A,HTTP/3
2025-05-02 04:19:36,index,19.2170000076294,6978.0,TheEmptinessMachine,BBR,L2A,HTTP/3
2025-05-02 04:19:38,index,21.2170000076294,6978.0,TheEmptinessMachine,BBR,L2A,HTTP/3
2025-05-02 04:19:40,index,23.2170000076294,6978.0,TheEmptinessMachine,BBR,L2A,HTTP/3
2025-05-02 04:19:42,index,25.2170000076294,6978.0,TheEmptinessMachine,BBR,L2A,HTTP/3
2025-05-02 04:19:44,index,27.2170000076294,13308.0,TheEmptinessMachine,BBR,L2A,HTTP/3
2025-05-02 04:19:46,index,29.2170000076294,4676.0,TheEmptinessMachine,BBR,L2A,HTTP/3
2025-05-02 04:19:48,index,31.2170000076294,13308.0,TheEmptinessMachine,BBR,L2A,HTTP/3
2025-05-02 04:19:50,index,33.2170000076294,13308.0,TheEmptinessMachine,BBR,L2A,HTTP/3
2025-05-02 04:19:52,index,35.2170000076294,13308.0,TheEmptinessMachine,BBR,L2A,HTTP/3
2025-05-02 04:19:54,index,37.2170000076294,6978.0,TheEmptinessMachine,BBR,L2A,HTTP/3
2025-05-02 04:19:56,index,39.2170000076294,6978.0,TheEmptinessMachine,BBR,L2A,HTTP/3
2025-05-02 04:19:58,index,41.2170000076294,8631.0,TheEmptinessMachine,BBR,L2A,HTTP/3
2025-05-02 04:20:00,index,43.2170000076294,1767.0,TheEmptinessMachine,BBR,L2A,HTTP/3
2025-05-02 04:20:02,index,45.2170000076294,13308.0,TheEmptinessMachine,BBR,L2A,HTTP/3
2025-05-02 04:20:04,index,47.2179999351501,13308.0,TheEmptinessMachine,BBR,L2A,HTTP/3
2025-05-02 04:20:06,index,49.2170000076294,13308.0,TheEmptinessMachine,BBR,L2A,HTTP/3
2025-05-02 04:20:08,index,51.2170000076294,13308.0,TheEmptinessMachine,BBR,L2A,HTTP/3
2025-05-02 04:20:10,index,53.2170000076294,6978.0,TheEmptinessMachine,BBR,L2A,HTTP/3
2025-05-02 04:20:12,index,55.2170000076294,6978.0,TheEmptinessMachine,BBR,L2A,HTTP/3
2025-05-02 04:20:14,index,57.2170000076294,13308.0,TheEmptinessMachine,BBR,L2A,HTTP/3
2025-05-02 04:20:16,index,59.2170000076294,6978.0,TheEmptinessMachine,BBR,L2A,HTTP/3
2025-05-02 04:20:18,index,61.2170000076294,13308.0,TheEmptinessMachine,BBR,L2A,HTTP/3
2025-05-02 04:20:20,index,63.2170000076294,13308.0,TheEmptinessMachine,BBR,L2A,HTTP/3
2025-05-02 04:20:22,index,65.2170000076294,13308.0,TheEmptinessMachine,BBR,L2A,HTTP/3
2025-05-02 04:20:24,index,67.2170000076294,13308.0,TheEmptinessMachine,BBR,L2A,HTTP/3
2025-05-02 04:20:26,index,69.2170000076294,13308.0,TheEmptinessMachine,BBR,L2A,HTTP/3
2025-05-02 04:20:28,index,71.2170000076294,13308.0,TheEmptinessMachine,BBR,L2A,HTTP/3
2025-05-02 04:20:30,index,73.2170000076294,6978.0,TheEmptinessMachine,BBR,L2A,HTTP/3
2025-05-02 04:20:32,index,75.2170000076294,13308.0,TheEmptinessMachine,BBR,L2A,HTTP/3
2025-05-02 04:20:34,index,77.2170000076294,13308.0,TheEmptinessMachine,BBR,L2A,HTTP/3
2025-05-02 04:20:36,index,79.2170000076294,13308.0,TheEmptinessMachine,BBR,L2A,HTTP/3
2025-05-02 04:20:38,index,81.2179999351501,13308.0,TheEmptinessMachine,BBR,L2A,HTTP/3
2025-05-02 04:20:40,index,83.2170000076294,13308.0,TheEmptinessMachine,BBR,L2A,HTTP/3
2025-05-02 04:20:42,index,85.2170000076294,6978.0,TheEmptinessMachine,BBR,L2A,HTTP/3
2025-05-02 04:20:44,index,87.2170000076294,6978.0,TheEmptinessMachine,BBR,L2A,HTTP/3
2025-05-02 04:20:46,index,89.2170000076294,6978.0,TheEmptinessMachine,BBR,L2A,HTTP/3
2025-05-02 04:20:48,index,91.2170000076294,4676.0,TheEmptinessMachine,BBR,L2A,HTTP/3
2025-05-02 04:20:50,index,93.2170000076294,13308.0,TheEmptinessMachine,BBR,L2A,HTTP/3
2025-05-02 04:20:52,index,95.2170000076294,2974.0,TheEmptinessMachine,BBR,L2A,HTTP/3
2025-05-02 04:20:54,index,97.2170000076294,13308.0,TheEmptinessMachine,BBR,L2A,HTTP/3
2025-05-02 04:20:56,index,99.2170000076294,13308.0,TheEmptinessMachine,BBR,L2A,HTTP/3
2025-05-02 04:20:58,index,101.217000007629,13308.0,TheEmptinessMachine,BBR,L2A,HTTP/3
2025-05-02 04:21:00,index,103.217000007629,13308.0,TheEmptinessMachine,BBR,L2A,HTTP/3
2025-05-02 04:21:02,index,105.217000007629,13308.0,TheEmptinessMachine,BBR,L2A,HTTP/3
2025-05-02 04:21:04,index,107.217000007629,13308.0,TheEmptinessMachine,BBR,L2A,HTTP/3
2025-05-02 04:21:06,index,109.217000007629,6978.0,TheEmptinessMachine,BBR,L2A,HTTP/3
2025-05-02 04:21:08,index,111.217000007629,13308.0,TheEmptinessMachine,BBR,L2A,HTTP/3
2025-05-02 04:21:10,index,113.217000007629,13308.0,TheEmptinessMachine,BBR,L2A,HTTP/3
2025-05-02 04:21:12,index,115.217000007629,13308.0,TheEmptinessMachine,BBR,L2A,HTTP/3
2025-05-02 04:21:14,index,117.217000007629,13308.0,TheEmptinessMachine,BBR,L2A,HTTP/3
2025-05-02 04:21:16,index,119.217000007629,6978.0,TheEmptinessMachine,BBR,L2A,HTTP/3
2025-05-02 04:21:18,index,121.217000007629,8631.0,TheEmptinessMachine,BBR,L2A,HTTP/3
2025-05-02 04:21:20,index,123.217000007629,4692.0,TheEmptinessMachine,BBR,L2A,HTTP/3
2025-05-02 04:21:22,index,125.217000007629,13308.0,TheEmptinessMachine,BBR,L2A,HTTP/3
2025-05-02 04:21:24,index,127.217000007629,13308.0,TheEmptinessMachine,BBR,L2A,HTTP/3
2025-05-02 04:21:26,index,129.217000007629,13308.0,TheEmptinessMachine,BBR,L2A,HTTP/3
2025-05-02 04:21:28,index,131.217000007629,13308.0,TheEmptinessMachine,BBR,L2A,HTTP/3
2025-05-02 04:21:30,index,133.217000007629,6978.0,TheEmptinessMachine,BBR,L2A,HTTP/3
2025-05-02 04:21:32,index,135.21799993515,13308.0,TheEmptinessMachine,BBR,L2A,HTTP/3
2025-05-02 04:21:34,index,137.217000007629,13308.0,TheEmptinessMachine,BBR,L2A,HTTP/3
2025-05-02 04:21:36,index,139.217000007629,13308.0,TheEmptinessMachine,BBR,L2A,HTTP/3
2025-05-02 04:21:38,index,141.217000007629,13308.0,TheEmptinessMachine,BBR,L2A,HTTP/3
2025-05-02 04:21:40,index,143.217000007629,6978.0,TheEmptinessMachine,BBR,L2A,HTTP/3
2025-05-02 04:21:42,index,145.217000007629,6978.0,TheEmptinessMachine,BBR,L2A,HTTP/3
2025-05-02 04:21:44,index,147.217000007629,8631.0,TheEmptinessMachine,BBR,L2A,HTTP/3
2025-05-02 04:21:46,index,149.217000007629,8631.0,TheEmptinessMachine,BBR,L2A,HTTP/3
2025-05-02 04:21:48,index,151.217000007629,4692.0,TheEmptinessMachine,BBR,L2A,HTTP/3
2025-05-02 04:21:50,index,153.217000007629,8631.0,TheEmptinessMachine,BBR,L2A,HTTP/3
2025-05-02 04:21:52,index,155.217000007629,4676.0,TheEmptinessMachine,BBR,L2A,HTTP/3
2025-05-02 04:21:54,index,157.217000007629,2781.0,TheEmptinessMachine,BBR,L2A,HTTP/3
2025-05-02 04:21:56,index,159.217000007629,4676.0,TheEmptinessMachine,BBR,L2A,HTTP/3
2025-05-02 04:21:58,index,161.217000007629,4676.0,TheEmptinessMachine,BBR,L2A,HTTP/3
2025-05-02 04:22:00,index,163.217000007629,3486.0,TheEmptinessMachine,BBR,L2A,HTTP/3
2025-05-02 04:22:02,index,165.217000007629,3486.0,TheEmptinessMachine,BBR,L2A,HTTP/3
2025-05-02 04:22:04,index,167.217000007629,3486.0,TheEmptinessMachine,BBR,L2A,HTTP/3
2025-05-02 04:22:06,index,169.217000007629,3486.0,TheEmptinessMachine,BBR,L2A,HTTP/3
2025-05-02 04:22:08,index,171.217000007629,3486.0,TheEmptinessMachine,BBR,L2A,HTTP/3
2025-05-02 04:22:10,index,173.217000007629,3486.0,TheEmptinessMachine,BBR,L2A,HTTP/3
2025-05-02 04:22:12,index,175.21799993515,3486.0,TheEmptinessMachine,BBR,L2A,HTTP/3
2025-05-02 04:22:14,index,177.217000007629,6978.0,TheEmptinessMachine,BBR,L2A,HTTP/3
2025-05-02 04:22:16,index,179.217000007629,6978.0,TheEmptinessMachine,BBR,L2A,HTTP/3
2025-05-02 04:22:18,index,181.217000007629,6978.0,TheEmptinessMachine,BBR,L2A,HTTP/3
2025-05-02 04:22:20,index,183.217000007629,6978.0,TheEmptinessMachine,BBR,L2A,HTTP/3
2025-05-02 04:22:22,index,185.217000007629,13308.0,TheEmptinessMachine,BBR,L2A,HTTP/3
2025-05-02 04:22:24,index,187.217000007629,13308.0,TheEmptinessMachine,BBR,L2A,HTTP/3
2025-05-02 04:22:26,index,189.217000007629,13308.0,TheEmptinessMachine,BBR,L2A,HTTP/3
2025-05-02 04:22:28,index,191.217000007629,13308.0,TheEmptinessMachine,BBR,L2A,HTTP/3
2025-05-02 04:22:30,index,193.217000007629,13308.0,TheEmptinessMachine,BBR,L2A,HTTP/3
2025-05-02 04:22:32,index,195.217000007629,4692.0,TheEmptinessMachine,BBR,L2A,HTTP/3
2025-05-02 04:22:34,index,197.22200012207,8631.0,TheEmptinessMachine,BBR,L2A,HTTP/3
2025-05-02 04:22:36,index,199.217000007629,13308.0,TheEmptinessMachine,BBR,L2A,HTTP/3
2025-05-02 04:22:38,index,201.217000007629,13308.0,TheEmptinessMachine,BBR,L2A,HTTP/3
2025-05-02 04:22:40,index,203.217000007629,8631.0,TheEmptinessMachine,BBR,L2A,HTTP/3
2025-05-02 04:22:42,index,205.217000007629,1767.0,TheEmptinessMachine,BBR,L2A,HTTP/3
2025-05-02 04:22:44,index,207.217000007629,1767.0,TheEmptinessMachine,BBR,L2A,HTTP/3
2025-05-02 04:23:11,index,1.21599984169006,8631.0,TheEmptinessMachine,BBR,RB,HTTP/1.1
2025-05-02 04:23:13,index,3.21399998664856,13308.0,TheEmptinessMachine,BBR,RB,HTTP/1.1
2025-05-02 04:23:15,index,5.21399998664856,13308.0,TheEmptinessMachine,BBR,RB,HTTP/1.1
2025-05-02 04:23:17,index,7.21399998664856,13308.0,TheEmptinessMachine,BBR,RB,HTTP/1.1
2025-05-02 04:23:19,index,9.21399998664856,13308.0,TheEmptinessMachine,BBR,RB,HTTP/1.1
2025-05-02 04:23:21,index,11.2139999866486,13308.0,TheEmptinessMachine,BBR,RB,HTTP/1.1
2025-05-02 04:23:23,index,13.2139999866486,13308.0,TheEmptinessMachine,BBR,RB,HTTP/1.1
2025-05-02 04:23:25,index,15.2139999866486,13308.0,TheEmptinessMachine,BBR,RB,HTTP/1.1
2025-05-02 04:23:27,index,17.2149999141693,13308.0,TheEmptinessMachine,BBR,RB,HTTP/1.1
2025-05-02 04:23:29,index,19.2139999866486,76.0,TheEmptinessMachine,BBR,RB,HTTP/1.1
2025-05-02 04:23:31,index,21.2139999866486,13308.0,TheEmptinessMachine,BBR,RB,HTTP/1.1
2025-05-02 04:23:33,index,23.2139999866486,13308.0,TheEmptinessMachine,BBR,RB,HTTP/1.1
2025-05-02 04:23:35,index,25.2139999866486,13308.0,TheEmptinessMachine,BBR,RB,HTTP/1.1
2025-05-02 04:23:37,index,27.2139999866486,13308.0,TheEmptinessMachine,BBR,RB,HTTP/1.1
2025-05-02 04:23:39,index,29.2139999866486,13308.0,TheEmptinessMachine,BBR,RB,HTTP/1.1
2025-05-02 04:23:41,index,31.2139999866486,13308.0,TheEmptinessMachine,BBR,RB,HTTP/1.1
2025-05-02 04:23:43,index,33.2139999866486,13308.0,TheEmptinessMachine,BBR,RB,HTTP/1.1
2025-05-02 04:23:45,index,35.2139999866486,76.0,TheEmptinessMachine,BBR,RB,HTTP/1.1
2025-05-02 04:23:47,index,37.2139999866486,13308.0,TheEmptinessMachine,BBR,RB,HTTP/1.1
2025-05-02 04:23:49,index,39.2149999141693,76.0,TheEmptinessMachine,BBR,RB,HTTP/1.1
2025-05-02 04:23:51,index,41.2139999866486,76.0,TheEmptinessMachine,BBR,RB,HTTP/1.1
2025-05-02 04:23:53,index,43.2139999866486,13308.0,TheEmptinessMachine,BBR,RB,HTTP/1.1
2025-05-02 04:23:55,index,45.2149999141693,13308.0,TheEmptinessMachine,BBR,RB,HTTP/1.1
2025-05-02 04:23:57,index,47.2139999866486,13308.0,TheEmptinessMachine,BBR,RB,HTTP/1.1
2025-05-02 04:23:59,index,49.2139999866486,13308.0,TheEmptinessMachine,BBR,RB,HTTP/1.1
2025-05-02 04:24:01,index,51.2139999866486,13308.0,TheEmptinessMachine,BBR,RB,HTTP/1.1
2025-05-02 04:24:03,index,53.2149999141693,13308.0,TheEmptinessMachine,BBR,RB,HTTP/1.1
2025-05-02 04:24:05,index,55.2139999866486,13308.0,TheEmptinessMachine,BBR,RB,HTTP/1.1
2025-05-02 04:24:07,index,57.2139999866486,76.0,TheEmptinessMachine,BBR,RB,HTTP/1.1
2025-05-02 04:24:09,index,59.2139999866486,13308.0,TheEmptinessMachine,BBR,RB,HTTP/1.1
2025-05-02 04:24:11,index,61.2139999866486,76.0,TheEmptinessMachine,BBR,RB,HTTP/1.1
2025-05-02 04:24:13,index,63.2139999866486,76.0,TheEmptinessMachine,BBR,RB,HTTP/1.1
2025-05-02 04:24:15,index,65.2139999866486,13308.0,TheEmptinessMachine,BBR,RB,HTTP/1.1
2025-05-02 04:24:17,index,67.2139999866486,13308.0,TheEmptinessMachine,BBR,RB,HTTP/1.1
2025-05-02 04:24:19,index,69.2139999866486,13308.0,TheEmptinessMachine,BBR,RB,HTTP/1.1
2025-05-02 04:24:21,index,71.2149999141693,13308.0,TheEmptinessMachine,BBR,RB,HTTP/1.1
2025-05-02 04:24:23,index,73.2139999866486,13308.0,TheEmptinessMachine,BBR,RB,HTTP/1.1
2025-05-02 04:24:25,index,75.2139999866486,13308.0,TheEmptinessMachine,BBR,RB,HTTP/1.1
2025-05-02 04:24:27,index,77.2149999141693,13308.0,TheEmptinessMachine,BBR,RB,HTTP/1.1
2025-05-02 04:24:29,index,79.2139999866486,76.0,TheEmptinessMachine,BBR,RB,HTTP/1.1
2025-05-02 04:24:31,index,81.2139999866486,13308.0,TheEmptinessMachine,BBR,RB,HTTP/1.1
2025-05-02 04:24:33,index,83.2139999866486,76.0,TheEmptinessMachine,BBR,RB,HTTP/1.1
2025-05-02 04:24:35,index,85.2139999866486,76.0,TheEmptinessMachine,BBR,RB,HTTP/1.1
2025-05-02 04:24:37,index,87.2139999866486,13308.0,TheEmptinessMachine,BBR,RB,HTTP/1.1
2025-05-02 04:24:39,index,89.2139999866486,13308.0,TheEmptinessMachine,BBR,RB,HTTP/1.1
2025-05-02 04:24:41,index,91.2139999866486,13308.0,TheEmptinessMachine,BBR,RB,HTTP/1.1
2025-05-02 04:24:43,index,93.2139999866486,13308.0,TheEmptinessMachine,BBR,RB,HTTP/1.1
2025-05-02 04:24:45,index,95.2139999866486,13308.0,TheEmptinessMachine,BBR,RB,HTTP/1.1
2025-05-02 04:24:47,index,97.2139999866486,13308.0,TheEmptinessMachine,BBR,RB,HTTP/1.1
2025-05-02 04:24:49,index,99.2139999866486,13308.0,TheEmptinessMachine,BBR,RB,HTTP/1.1
2025-05-02 04:24:51,index,101.213999986649,76.0,TheEmptinessMachine,BBR,RB,HTTP/1.1
2025-05-02 04:24:53,index,103.213999986649,13308.0,TheEmptinessMachine,BBR,RB,HTTP/1.1
2025-05-02 04:24:55,index,105.214999914169,76.0,TheEmptinessMachine,BBR,RB,HTTP/1.1
2025-05-02 04:24:57,index,107.213999986649,76.0,TheEmptinessMachine,BBR,RB,HTTP/1.1
2025-05-02 04:24:59,index,109.214999914169,13308.0,TheEmptinessMachine,BBR,RB,HTTP/1.1
2025-05-02 04:25:01,index,111.213999986649,13308.0,TheEmptinessMachine,BBR,RB,HTTP/1.1
2025-05-02 04:25:03,index,113.213999986649,13308.0,TheEmptinessMachine,BBR,RB,HTTP/1.1
2025-05-02 04:25:05,index,115.213999986649,13308.0,TheEmptinessMachine,BBR,RB,HTTP/1.1
2025-05-02 04:25:07,index,117.213999986649,13308.0,TheEmptinessMachine,BBR,RB,HTTP/1.1
2025-05-02 04:25:09,index,119.213999986649,8631.0,TheEmptinessMachine,BBR,RB,HTTP/1.1
2025-05-02 04:25:11,index,121.213999986649,8631.0,TheEmptinessMachine,BBR,RB,HTTP/1.1
2025-05-02 04:25:13,index,123.213999986649,13308.0,TheEmptinessMachine,BBR,RB,HTTP/1.1
2025-05-02 04:25:15,index,125.213999986649,76.0,TheEmptinessMachine,BBR,RB,HTTP/1.1
2025-05-02 04:25:17,index,127.213999986649,13308.0,TheEmptinessMachine,BBR,RB,HTTP/1.1
2025-05-02 04:25:19,index,129.213999986649,13308.0,TheEmptinessMachine,BBR,RB,HTTP/1.1
2025-05-02 04:25:21,index,131.213999986649,13308.0,TheEmptinessMachine,BBR,RB,HTTP/1.1
2025-05-02 04:25:23,index,133.213999986649,13308.0,TheEmptinessMachine,BBR,RB,HTTP/1.1
2025-05-02 04:25:25,index,135.213999986649,13308.0,TheEmptinessMachine,BBR,RB,HTTP/1.1
2025-05-02 04:25:27,index,137.213999986649,13308.0,TheEmptinessMachine,BBR,RB,HTTP/1.1
2025-05-02 04:25:29,index,139.213999986649,13308.0,TheEmptinessMachine,BBR,RB,HTTP/1.1
2025-05-02 04:25:31,index,141.213999986649,13308.0,TheEmptinessMachine,BBR,RB,HTTP/1.1
2025-05-02 04:25:33,index,143.213999986649,13308.0,TheEmptinessMachine,BBR,RB,HTTP/1.1
2025-05-02 04:25:35,index,145.213999986649,13308.0,TheEmptinessMachine,BBR,RB,HTTP/1.1
2025-05-02 04:25:37,index,147.213999986649,76.0,TheEmptinessMachine,BBR,RB,HTTP/1.1
2025-05-02 04:25:39,index,149.213999986649,13308.0,TheEmptinessMachine,BBR,RB,HTTP/1.1
2025-05-02 04:25:41,index,151.213999986649,13308.0,TheEmptinessMachine,BBR,RB,HTTP/1.1
2025-05-02 04:25:43,index,153.213999986649,13308.0,TheEmptinessMachine,BBR,RB,HTTP/1.1
2025-05-02 04:25:45,index,155.213999986649,13308.0,TheEmptinessMachine,BBR,RB,HTTP/1.1
2025-05-02 04:25:47,index,157.213999986649,13308.0,TheEmptinessMachine,BBR,RB,HTTP/1.1
2025-05-02 04:25:49,index,159.213999986649,13308.0,TheEmptinessMachine,BBR,RB,HTTP/1.1
2025-05-02 04:25:51,index,161.213999986649,13308.0,TheEmptinessMachine,BBR,RB,HTTP/1.1
2025-05-02 04:25:53,index,163.214999914169,76.0,TheEmptinessMachine,BBR,RB,HTTP/1.1
2025-05-02 04:25:55,index,165.213999986649,13308.0,TheEmptinessMachine,BBR,RB,HTTP/1.1
2025-05-02 04:25:57,index,167.213999986649,13308.0,TheEmptinessMachine,BBR,RB,HTTP/1.1
2025-05-02 04:25:59,index,169.213999986649,76.0,TheEmptinessMachine,BBR,RB,HTTP/1.1
2025-05-02 04:26:01,index,171.213999986649,13308.0,TheEmptinessMachine,BBR,RB,HTTP/1.1
2025-05-02 04:26:03,index,173.213999986649,13308.0,TheEmptinessMachine,BBR,RB,HTTP/1.1
2025-05-02 04:26:05,index,175.213999986649,13308.0,TheEmptinessMachine,BBR,RB,HTTP/1.1
2025-05-02 04:26:07,index,177.213999986649,13308.0,TheEmptinessMachine,BBR,RB,HTTP/1.1
2025-05-02 04:26:09,index,179.213999986649,13308.0,TheEmptinessMachine,BBR,RB,HTTP/1.1
2025-05-02 04:26:11,index,181.213999986649,13308.0,TheEmptinessMachine,BBR,RB,HTTP/1.1
2025-05-02 04:26:13,index,183.213999986649,13308.0,TheEmptinessMachine,BBR,RB,HTTP/1.1
2025-05-02 04:26:15,index,185.213999986649,76.0,TheEmptinessMachine,BBR,RB,HTTP/1.1
2025-05-02 04:26:17,index,187.214999914169,13308.0,TheEmptinessMachine,BBR,RB,HTTP/1.1
2025-05-02 04:26:19,index,189.213999986649,13308.0,TheEmptinessMachine,BBR,RB,HTTP/1.1
2025-05-02 04:26:21,index,191.213999986649,13308.0,TheEmptinessMachine,BBR,RB,HTTP/1.1
2025-05-02 04:26:23,index,193.213999986649,13308.0,TheEmptinessMachine,BBR,RB,HTTP/1.1
2025-05-02 04:26:25,index,195.213999986649,13308.0,TheEmptinessMachine,BBR,RB,HTTP/1.1
2025-05-02 04:26:27,index,197.213999986649,13308.0,TheEmptinessMachine,BBR,RB,HTTP/1.1
2025-05-02 04:26:29,index,199.213999986649,13308.0,TheEmptinessMachine,BBR,RB,HTTP/1.1
2025-05-02 04:26:31,index,201.214999914169,13308.0,TheEmptinessMachine,BBR,RB,HTTP/1.1
2025-05-02 04:26:33,index,203.213999986649,13308.0,TheEmptinessMachine,BBR,RB,HTTP/1.1
2025-05-02 04:27:05,index,1.19799995422363,13308.0,TheEmptinessMachine,BBR,RB,HTTP/2
2025-05-02 04:27:07,index,3.19700002670288,13308.0,TheEmptinessMachine,BBR,RB,HTTP/2
2025-05-02 04:27:09,index,5.19700002670288,13308.0,TheEmptinessMachine,BBR,RB,HTTP/2
2025-05-02 04:27:11,index,7.19700002670288,13308.0,TheEmptinessMachine,BBR,RB,HTTP/2
2025-05-02 04:27:13,index,9.19700002670288,13308.0,TheEmptinessMachine,BBR,RB,HTTP/2
2025-05-02 04:27:15,index,11.1970000267029,13308.0,TheEmptinessMachine,BBR,RB,HTTP/2
2025-05-02 04:27:17,index,13.1970000267029,76.0,TheEmptinessMachine,BBR,RB,HTTP/2
2025-05-02 04:27:19,index,15.1970000267029,13308.0,TheEmptinessMachine,BBR,RB,HTTP/2
2025-05-02 04:27:21,index,17.1970000267029,76.0,TheEmptinessMachine,BBR,RB,HTTP/2
2025-05-02 04:27:23,index,19.1970000267029,76.0,TheEmptinessMachine,BBR,RB,HTTP/2
2025-05-02 04:27:25,index,21.1960000991821,13308.0,TheEmptinessMachine,BBR,RB,HTTP/2
2025-05-02 04:27:27,index,23.1970000267029,13308.0,TheEmptinessMachine,BBR,RB,HTTP/2
2025-05-02 04:27:29,index,25.1960000991821,13308.0,TheEmptinessMachine,BBR,RB,HTTP/2
2025-05-02 04:27:31,index,27.1970000267029,13308.0,TheEmptinessMachine,BBR,RB,HTTP/2
2025-05-02 04:27:33,index,29.1970000267029,13308.0,TheEmptinessMachine,BBR,RB,HTTP/2
2025-05-02 04:27:35,index,31.1970000267029,13308.0,TheEmptinessMachine,BBR,RB,HTTP/2
2025-05-02 04:27:37,index,33.1970000267029,13308.0,TheEmptinessMachine,BBR,RB,HTTP/2
2025-05-02 04:27:39,index,35.1970000267029,76.0,TheEmptinessMachine,BBR,RB,HTTP/2
2025-05-02 04:27:41,index,37.1970000267029,13308.0,TheEmptinessMachine,BBR,RB,HTTP/2
2025-05-02 04:27:43,index,39.1970000267029,76.0,TheEmptinessMachine,BBR,RB,HTTP/2
2025-05-02 04:27:45,index,41.1970000267029,76.0,TheEmptinessMachine,BBR,RB,HTTP/2
2025-05-02 04:27:47,index,43.1970000267029,13308.0,TheEmptinessMachine,BBR,RB,HTTP/2
2025-05-02 04:27:49,index,45.1970000267029,13308.0,TheEmptinessMachine,BBR,RB,HTTP/2
2025-05-02 04:27:51,index,47.1970000267029,13308.0,TheEmptinessMachine,BBR,RB,HTTP/2
2025-05-02 04:27:53,index,49.1970000267029,13308.0,TheEmptinessMachine,BBR,RB,HTTP/2
2025-05-02 04:27:55,index,51.1970000267029,13308.0,TheEmptinessMachine,BBR,RB,HTTP/2
2025-05-02 04:27:57,index,53.1970000267029,8631.0,TheEmptinessMachine,BBR,RB,HTTP/2
2025-05-02 04:27:59,index,55.1970000267029,8631.0,TheEmptinessMachine,BBR,RB,HTTP/2
2025-05-02 04:28:01,index,57.1970000267029,13308.0,TheEmptinessMachine,BBR,RB,HTTP/2
2025-05-02 04:28:03,index,59.1970000267029,13308.0,TheEmptinessMachine,BBR,RB,HTTP/2
2025-05-02 04:28:05,index,61.1970000267029,13308.0,TheEmptinessMachine,BBR,RB,HTTP/2
2025-05-02 04:28:07,index,63.1970000267029,13308.0,TheEmptinessMachine,BBR,RB,HTTP/2
2025-05-02 04:28:09,index,65.1970000267029,13308.0,TheEmptinessMachine,BBR,RB,HTTP/2
2025-05-02 04:28:11,index,67.1970000267029,76.0,TheEmptinessMachine,BBR,RB,HTTP/2
2025-05-02 04:28:13,index,69.1970000267029,13308.0,TheEmptinessMachine,BBR,RB,HTTP/2
2025-05-02 04:28:15,index,71.1970000267029,76.0,TheEmptinessMachine,BBR,RB,HTTP/2
2025-05-02 04:28:17,index,73.1970000267029,76.0,TheEmptinessMachine,BBR,RB,HTTP/2
2025-05-02 04:28:19,index,75.1970000267029,13308.0,TheEmptinessMachine,BBR,RB,HTTP/2
2025-05-02 04:28:21,index,77.1970000267029,76.0,TheEmptinessMachine,BBR,RB,HTTP/2
2025-05-02 04:28:23,index,79.1970000267029,76.0,TheEmptinessMachine,BBR,RB,HTTP/2
2025-05-02 04:28:27,index,83.1970000267029,13308.0,TheEmptinessMachine,BBR,RB,HTTP/2
2025-05-02 04:28:29,index,85.1970000267029,13308.0,TheEmptinessMachine,BBR,RB,HTTP/2
2025-05-02 04:28:31,index,87.1970000267029,13308.0,TheEmptinessMachine,BBR,RB,HTTP/2
2025-05-02 04:28:33,index,89.1970000267029,13308.0,TheEmptinessMachine,BBR,RB,HTTP/2
2025-05-02 04:28:35,index,91.1970000267029,13308.0,TheEmptinessMachine,BBR,RB,HTTP/2
2025-05-02 04:28:37,index,93.1970000267029,13308.0,TheEmptinessMachine,BBR,RB,HTTP/2
2025-05-02 04:28:39,index,95.1970000267029,76.0,TheEmptinessMachine,BBR,RB,HTTP/2
2025-05-02 04:28:41,index,97.1970000267029,13308.0,TheEmptinessMachine,BBR,RB,HTTP/2
2025-05-02 04:28:43,index,99.1970000267029,76.0,TheEmptinessMachine,BBR,RB,HTTP/2
2025-05-02 04:28:45,index,101.197000026703,76.0,TheEmptinessMachine,BBR,RB,HTTP/2
2025-05-02 04:28:47,index,103.197000026703,13308.0,TheEmptinessMachine,BBR,RB,HTTP/2
2025-05-02 04:28:49,index,105.197000026703,13308.0,TheEmptinessMachine,BBR,RB,HTTP/2
2025-05-02 04:28:51,index,107.197000026703,13308.0,TheEmptinessMachine,BBR,RB,HTTP/2
2025-05-02 04:28:53,index,109.197000026703,13308.0,TheEmptinessMachine,BBR,RB,HTTP/2
2025-05-02 04:28:55,index,111.196000099182,13308.0,TheEmptinessMachine,BBR,RB,HTTP/2
2025-05-02 04:28:57,index,113.197000026703,76.0,TheEmptinessMachine,BBR,RB,HTTP/2
2025-05-02 04:28:59,index,115.197000026703,13308.0,TheEmptinessMachine,BBR,RB,HTTP/2
2025-05-02 04:29:01,index,117.197000026703,76.0,TheEmptinessMachine,BBR,RB,HTTP/2
2025-05-02 04:29:03,index,119.197000026703,13308.0,TheEmptinessMachine,BBR,RB,HTTP/2
2025-05-02 04:29:05,index,121.197000026703,76.0,TheEmptinessMachine,BBR,RB,HTTP/2
2025-05-02 04:29:07,index,123.197000026703,76.0,TheEmptinessMachine,BBR,RB,HTTP/2
2025-05-02 04:29:09,index,125.197000026703,13308.0,TheEmptinessMachine,BBR,RB,HTTP/2
2025-05-02 04:29:11,index,127.197000026703,13308.0,TheEmptinessMachine,BBR,RB,HTTP/2
2025-05-02 04:29:13,index,129.197000026703,13308.0,TheEmptinessMachine,BBR,RB,HTTP/2
2025-05-02 04:29:15,index,131.197000026703,13308.0,TheEmptinessMachine,BBR,RB,HTTP/2
2025-05-02 04:29:17,index,133.197000026703,13308.0,TheEmptinessMachine,BBR,RB,HTTP/2
2025-05-02 04:29:19,index,135.196000099182,13308.0,TheEmptinessMachine,BBR,RB,HTTP/2
2025-05-02 04:29:21,index,137.196000099182,13308.0,TheEmptinessMachine,BBR,RB,HTTP/2
2025-05-02 04:29:23,index,139.197000026703,76.0,TheEmptinessMachine,BBR,RB,HTTP/2
2025-05-02 04:29:25,index,141.196000099182,13308.0,TheEmptinessMachine,BBR,RB,HTTP/2
2025-05-02 04:29:27,index,143.197000026703,76.0,TheEmptinessMachine,BBR,RB,HTTP/2
2025-05-02 04:29:29,index,145.197000026703,76.0,TheEmptinessMachine,BBR,RB,HTTP/2
2025-05-02 04:29:31,index,147.197000026703,13308.0,TheEmptinessMachine,BBR,RB,HTTP/2
2025-05-02 04:29:33,index,149.197000026703,13308.0,TheEmptinessMachine,BBR,RB,HTTP/2
2025-05-02 04:29:35,index,151.197000026703,13308.0,TheEmptinessMachine,BBR,RB,HTTP/2
2025-05-02 04:29:37,index,153.197000026703,13308.0,TheEmptinessMachine,BBR,RB,HTTP/2
2025-05-02 04:29:39,index,155.197000026703,13308.0,TheEmptinessMachine,BBR,RB,HTTP/2
2025-05-02 04:29:41,index,157.196000099182,13308.0,TheEmptinessMachine,BBR,RB,HTTP/2
2025-05-02 04:29:43,index,159.197000026703,13308.0,TheEmptinessMachine,BBR,RB,HTTP/2
2025-05-02 04:29:45,index,161.197000026703,76.0,TheEmptinessMachine,BBR,RB,HTTP/2
2025-05-02 04:29:47,index,163.197000026703,13308.0,TheEmptinessMachine,BBR,RB,HTTP/2
2025-05-02 04:29:49,index,165.197000026703,76.0,TheEmptinessMachine,BBR,RB,HTTP/2
2025-05-02 04:29:51,index,167.196000099182,76.0,TheEmptinessMachine,BBR,RB,HTTP/2
2025-05-02 04:29:53,index,169.197000026703,13308.0,TheEmptinessMachine,BBR,RB,HTTP/2
2025-05-02 04:29:55,index,171.196000099182,13308.0,TheEmptinessMachine,BBR,RB,HTTP/2
2025-05-02 04:29:57,index,173.197000026703,13308.0,TheEmptinessMachine,BBR,RB,HTTP/2
2025-05-02 04:29:59,index,175.196000099182,13308.0,TheEmptinessMachine,BBR,RB,HTTP/2
2025-05-02 04:30:01,index,177.197000026703,13308.0,TheEmptinessMachine,BBR,RB,HTTP/2
2025-05-02 04:30:03,index,179.196000099182,13308.0,TheEmptinessMachine,BBR,RB,HTTP/2
2025-05-02 04:30:05,index,181.197000026703,13308.0,TheEmptinessMachine,BBR,RB,HTTP/2
2025-05-02 04:30:07,index,183.196000099182,76.0,TheEmptinessMachine,BBR,RB,HTTP/2
2025-05-02 04:30:09,index,185.197000026703,13308.0,TheEmptinessMachine,BBR,RB,HTTP/2
2025-05-02 04:30:11,index,187.197000026703,76.0,TheEmptinessMachine,BBR,RB,HTTP/2
2025-05-02 04:30:13,index,189.197000026703,76.0,TheEmptinessMachine,BBR,RB,HTTP/2
2025-05-02 04:30:15,index,191.197000026703,76.0,TheEmptinessMachine,BBR,RB,HTTP/2
2025-05-02 04:30:17,index,193.197000026703,76.0,TheEmptinessMachine,BBR,RB,HTTP/2
2025-05-02 04:30:19,index,195.197000026703,76.0,TheEmptinessMachine,BBR,RB,HTTP/2
2025-05-02 04:30:21,index,197.197000026703,76.0,TheEmptinessMachine,BBR,RB,HTTP/2
2025-05-02 04:30:23,index,199.197000026703,76.0,TheEmptinessMachine,BBR,RB,HTTP/2
2025-05-02 04:30:25,index,201.197000026703,76.0,TheEmptinessMachine,BBR,RB,HTTP/2
2025-05-02 04:30:27,index,203.197000026703,76.0,TheEmptinessMachine,BBR,RB,HTTP/2
2025-05-02 04:30:59,index,1.27699995040894,8631.0,TheEmptinessMachine,BBR,RB,HTTP/3
2025-05-02 04:31:01,index,3.2759997844696,8631.0,TheEmptinessMachine,BBR,RB,HTTP/3
2025-05-02 04:31:03,index,5.27699995040894,4692.0,TheEmptinessMachine,BBR,RB,HTTP/3
2025-05-02 04:31:05,index,7.2759997844696,76.0,TheEmptinessMachine,BBR,RB,HTTP/3
2025-05-02 04:31:07,index,9.27699995040894,76.0,TheEmptinessMachine,BBR,RB,HTTP/3
2025-05-02 04:31:09,index,11.2769999504089,8631.0,TheEmptinessMachine,BBR,RB,HTTP/3
2025-05-02 04:31:11,index,13.2759997844696,8631.0,TheEmptinessMachine,BBR,RB,HTTP/3
2025-05-02 04:31:13,index,15.2769999504089,13308.0,TheEmptinessMachine,BBR,RB,HTTP/3
2025-05-02 04:31:15,index,17.2759997844696,13308.0,TheEmptinessMachine,BBR,RB,HTTP/3
2025-05-02 04:31:17,index,19.2759997844696,13308.0,TheEmptinessMachine,BBR,RB,HTTP/3
2025-05-02 04:31:19,index,21.2769999504089,13308.0,TheEmptinessMachine,BBR,RB,HTTP/3
2025-05-02 04:31:21,index,23.2769999504089,13308.0,TheEmptinessMachine,BBR,RB,HTTP/3
2025-05-02 04:31:25,index,27.2759997844696,13308.0,TheEmptinessMachine,BBR,RB,HTTP/3
2025-05-02 04:31:27,index,29.2769999504089,13308.0,TheEmptinessMachine,BBR,RB,HTTP/3
2025-05-02 04:31:29,index,31.2759997844696,76.0,TheEmptinessMachine,BBR,RB,HTTP/3
2025-05-02 04:31:31,index,33.2769999504089,13308.0,TheEmptinessMachine,BBR,RB,HTTP/3
2025-05-02 04:31:33,index,35.2769999504089,13308.0,TheEmptinessMachine,BBR,RB,HTTP/3
2025-05-02 04:31:35,index,37.2759997844696,13308.0,TheEmptinessMachine,BBR,RB,HTTP/3
2025-05-02 04:31:37,index,39.2769999504089,13308.0,TheEmptinessMachine,BBR,RB,HTTP/3
2025-05-02 04:31:39,index,41.2759997844696,13308.0,TheEmptinessMachine,BBR,RB,HTTP/3
2025-05-02 04:31:41,index,43.2759997844696,13308.0,TheEmptinessMachine,BBR,RB,HTTP/3
2025-05-02 04:31:43,index,45.2769999504089,13308.0,TheEmptinessMachine,BBR,RB,HTTP/3
2025-05-02 04:31:45,index,47.2769999504089,76.0,TheEmptinessMachine,BBR,RB,HTTP/3
2025-05-02 04:31:47,index,49.2759997844696,13308.0,TheEmptinessMachine,BBR,RB,HTTP/3
2025-05-02 04:31:49,index,51.2769999504089,76.0,TheEmptinessMachine,BBR,RB,HTTP/3
2025-05-02 04:31:51,index,53.2769999504089,76.0,TheEmptinessMachine,BBR,RB,HTTP/3
2025-05-02 04:31:53,index,55.2759997844696,13308.0,TheEmptinessMachine,BBR,RB,HTTP/3
2025-05-02 04:31:55,index,57.2759997844696,13308.0,TheEmptinessMachine,BBR,RB,HTTP/3
2025-05-02 04:31:57,index,59.2769999504089,13308.0,TheEmptinessMachine,BBR,RB,HTTP/3
2025-05-02 04:31:59,index,61.2759997844696,13308.0,TheEmptinessMachine,BBR,RB,HTTP/3
2025-05-02 04:32:01,index,63.2759997844696,13308.0,TheEmptinessMachine,BBR,RB,HTTP/3
2025-05-02 04:32:03,index,65.2769999504089,13308.0,TheEmptinessMachine,BBR,RB,HTTP/3
2025-05-02 04:32:05,index,67.2769999504089,13308.0,TheEmptinessMachine,BBR,RB,HTTP/3
2025-05-02 04:32:07,index,69.2759997844696,13308.0,TheEmptinessMachine,BBR,RB,HTTP/3
2025-05-02 04:32:09,index,71.2769999504089,76.0,TheEmptinessMachine,BBR,RB,HTTP/3
2025-05-02 04:32:11,index,73.2769999504089,13308.0,TheEmptinessMachine,BBR,RB,HTTP/3
2025-05-02 04:32:13,index,75.2769999504089,13308.0,TheEmptinessMachine,BBR,RB,HTTP/3
2025-05-02 04:32:15,index,77.2759997844696,76.0,TheEmptinessMachine,BBR,RB,HTTP/3
2025-05-02 04:32:17,index,79.2759997844696,13308.0,TheEmptinessMachine,BBR,RB,HTTP/3
2025-05-02 04:32:19,index,81.2759997844696,13308.0,TheEmptinessMachine,BBR,RB,HTTP/3
2025-05-02 04:32:21,index,83.2769999504089,13308.0,TheEmptinessMachine,BBR,RB,HTTP/3
2025-05-02 04:32:23,index,85.2769999504089,13308.0,TheEmptinessMachine,BBR,RB,HTTP/3
2025-05-02 04:32:25,index,87.2769999504089,13308.0,TheEmptinessMachine,BBR,RB,HTTP/3
2025-05-02 04:32:27,index,89.2759997844696,13308.0,TheEmptinessMachine,BBR,RB,HTTP/3
2025-05-02 04:32:29,index,91.2759997844696,76.0,TheEmptinessMachine,BBR,RB,HTTP/3
2025-05-02 04:32:31,index,93.2769999504089,13308.0,TheEmptinessMachine,BBR,RB,HTTP/3
2025-05-02 04:32:33,index,95.2769999504089,76.0,TheEmptinessMachine,BBR,RB,HTTP/3
2025-05-02 04:32:35,index,97.2769999504089,76.0,TheEmptinessMachine,BBR,RB,HTTP/3
2025-05-02 04:32:37,index,99.2769999504089,13308.0,TheEmptinessMachine,BBR,RB,HTTP/3
2025-05-02 04:32:39,index,101.276999950409,76.0,TheEmptinessMachine,BBR,RB,HTTP/3
2025-05-02 04:32:41,index,103.276999950409,76.0,TheEmptinessMachine,BBR,RB,HTTP/3
2025-05-02 04:32:43,index,105.27599978447,13308.0,TheEmptinessMachine,BBR,RB,HTTP/3
2025-05-02 04:32:45,index,107.276999950409,13308.0,TheEmptinessMachine,BBR,RB,HTTP/3
2025-05-02 04:32:47,index,109.276999950409,13308.0,TheEmptinessMachine,BBR,RB,HTTP/3
2025-05-02 04:32:49,index,111.276999950409,13308.0,TheEmptinessMachine,BBR,RB,HTTP/3
2025-05-02 04:32:51,index,113.276999950409,13308.0,TheEmptinessMachine,BBR,RB,HTTP/3
2025-05-02 04:32:53,index,115.27599978447,13308.0,TheEmptinessMachine,BBR,RB,HTTP/3
2025-05-02 04:32:55,index,117.27599978447,13308.0,TheEmptinessMachine,BBR,RB,HTTP/3
2025-05-02 04:32:57,index,119.276999950409,13308.0,TheEmptinessMachine,BBR,RB,HTTP/3
2025-05-02 04:32:59,index,121.276999950409,76.0,TheEmptinessMachine,BBR,RB,HTTP/3
2025-05-02 04:33:01,index,123.27599978447,13308.0,TheEmptinessMachine,BBR,RB,HTTP/3
2025-05-02 04:33:03,index,125.27599978447,13308.0,TheEmptinessMachine,BBR,RB,HTTP/3
2025-05-02 04:33:05,index,127.276999950409,76.0,TheEmptinessMachine,BBR,RB,HTTP/3
2025-05-02 04:33:07,index,129.276999950409,76.0,TheEmptinessMachine,BBR,RB,HTTP/3
2025-05-02 04:33:09,index,131.276999950409,13308.0,TheEmptinessMachine,BBR,RB,HTTP/3
2025-05-02 04:33:11,index,133.27599978447,13308.0,TheEmptinessMachine,BBR,RB,HTTP/3
2025-05-02 04:33:13,index,135.276999950409,13308.0,TheEmptinessMachine,BBR,RB,HTTP/3
2025-05-02 04:33:15,index,137.276999950409,13308.0,TheEmptinessMachine,BBR,RB,HTTP/3
2025-05-02 04:33:17,index,139.276999950409,13308.0,TheEmptinessMachine,BBR,RB,HTTP/3
2025-05-02 04:33:19,index,141.27599978447,76.0,TheEmptinessMachine,BBR,RB,HTTP/3
2025-05-02 04:33:21,index,143.27599978447,13308.0,TheEmptinessMachine,BBR,RB,HTTP/3
2025-05-02 04:33:23,index,145.276999950409,76.0,TheEmptinessMachine,BBR,RB,HTTP/3
2025-05-02 04:33:25,index,147.276999950409,76.0,TheEmptinessMachine,BBR,RB,HTTP/3
2025-05-02 04:33:27,index,149.276999950409,13308.0,TheEmptinessMachine,BBR,RB,HTTP/3
2025-05-02 04:33:29,index,151.27899980545,76.0,TheEmptinessMachine,BBR,RB,HTTP/3
2025-05-02 04:33:31,index,153.276999950409,76.0,TheEmptinessMachine,BBR,RB,HTTP/3
2025-05-02 04:33:33,index,155.27599978447,13308.0,TheEmptinessMachine,BBR,RB,HTTP/3
2025-05-02 04:33:35,index,157.276999950409,13308.0,TheEmptinessMachine,BBR,RB,HTTP/3
2025-05-02 04:33:37,index,159.276999950409,13308.0,TheEmptinessMachine,BBR,RB,HTTP/3
2025-05-02 04:33:39,index,161.27599978447,13308.0,TheEmptinessMachine,BBR,RB,HTTP/3
2025-05-02 04:33:41,index,163.276999950409,13308.0,TheEmptinessMachine,BBR,RB,HTTP/3
2025-05-02 04:33:43,index,165.276999950409,13308.0,TheEmptinessMachine,BBR,RB,HTTP/3
2025-05-02 04:33:45,index,167.276999950409,13308.0,TheEmptinessMachine,BBR,RB,HTTP/3
2025-05-02 04:33:47,index,169.27599978447,13308.0,TheEmptinessMachine,BBR,RB,HTTP/3
2025-05-02 04:33:49,index,171.27599978447,76.0,TheEmptinessMachine,BBR,RB,HTTP/3
2025-05-02 04:33:51,index,173.276999950409,76.0,TheEmptinessMachine,BBR,RB,HTTP/3
2025-05-02 04:33:53,index,175.276999950409,13308.0,TheEmptinessMachine,BBR,RB,HTTP/3
2025-05-02 04:33:55,index,177.276999950409,76.0,TheEmptinessMachine,BBR,RB,HTTP/3
2025-05-02 04:33:57,index,179.276999950409,76.0,TheEmptinessMachine,BBR,RB,HTTP/3
2025-05-02 04:33:59,index,181.27599978447,13308.0,TheEmptinessMachine,BBR,RB,HTTP/3
2025-05-02 04:34:01,index,183.276999950409,13308.0,TheEmptinessMachine,BBR,RB,HTTP/3
2025-05-02 04:34:03,index,185.276999950409,13308.0,TheEmptinessMachine,BBR,RB,HTTP/3
2025-05-02 04:34:05,index,187.27599978447,13308.0,TheEmptinessMachine,BBR,RB,HTTP/3
2025-05-02 04:34:07,index,189.276999950409,13308.0,TheEmptinessMachine,BBR,RB,HTTP/3
2025-05-02 04:34:09,index,191.276999950409,76.0,TheEmptinessMachine,BBR,RB,HTTP/3
2025-05-02 04:34:11,index,193.276999950409,76.0,TheEmptinessMachine,BBR,RB,HTTP/3
2025-05-02 04:34:13,index,195.276999950409,76.0,TheEmptinessMachine,BBR,RB,HTTP/3
2025-05-02 04:34:15,index,197.276999950409,76.0,TheEmptinessMachine,BBR,RB,HTTP/3
2025-05-02 04:34:17,index,199.276999950409,76.0,TheEmptinessMachine,BBR,RB,HTTP/3
2025-05-02 04:34:19,index,201.27599978447,76.0,TheEmptinessMachine,BBR,RB,HTTP/3
2025-05-02 04:34:21,index,203.27599978447,76.0,TheEmptinessMachine,BBR,RB,HTTP/3
2025-05-02 04:34:23,index,205.27599978447,76.0,TheEmptinessMachine,BBR,RB,HTTP/3
2025-05-02 04:35:03,index,1.20799994468689,8631.0,TheEmptinessMachine,BBR,Throughput,HTTP/1.1
2025-05-02 04:35:05,index,3.20699977874756,8631.0,TheEmptinessMachine,BBR,Throughput,HTTP/1.1
2025-05-02 04:35:07,index,5.20699977874756,980.0,TheEmptinessMachine,BBR,Throughput,HTTP/1.1
2025-05-02 04:35:09,index,7.20799994468689,2781.0,TheEmptinessMachine,BBR,Throughput,HTTP/1.1
2025-05-02 04:35:11,index,9.20699977874756,4676.0,TheEmptinessMachine,BBR,Throughput,HTTP/1.1
2025-05-02 04:35:13,index,11.2069997787476,4676.0,TheEmptinessMachine,BBR,Throughput,HTTP/1.1
2025-05-02 04:35:15,index,13.2069997787476,8631.0,TheEmptinessMachine,BBR,Throughput,HTTP/1.1
2025-05-02 04:35:17,index,15.2069997787476,8631.0,TheEmptinessMachine,BBR,Throughput,HTTP/1.1
2025-05-02 04:35:19,index,17.2069997787476,4676.0,TheEmptinessMachine,BBR,Throughput,HTTP/1.1
2025-05-02 04:35:21,index,19.2069997787476,4676.0,TheEmptinessMachine,BBR,Throughput,HTTP/1.1
2025-05-02 04:35:23,index,21.2069997787476,4676.0,TheEmptinessMachine,BBR,Throughput,HTTP/1.1
2025-05-02 04:35:25,index,23.2069997787476,4676.0,TheEmptinessMachine,BBR,Throughput,HTTP/1.1
2025-05-02 04:35:27,index,25.2069997787476,4676.0,TheEmptinessMachine,BBR,Throughput,HTTP/1.1
2025-05-02 04:35:29,index,27.2069997787476,4676.0,TheEmptinessMachine,BBR,Throughput,HTTP/1.1
2025-05-02 04:35:31,index,29.2079999446869,4676.0,TheEmptinessMachine,BBR,Throughput,HTTP/1.1
2025-05-02 04:35:33,index,31.2069997787476,13308.0,TheEmptinessMachine,BBR,Throughput,HTTP/1.1
2025-05-02 04:35:35,index,33.2069997787476,13308.0,TheEmptinessMachine,BBR,Throughput,HTTP/1.1
2025-05-02 04:35:37,index,35.2069997787476,13308.0,TheEmptinessMachine,BBR,Throughput,HTTP/1.1
2025-05-02 04:35:39,index,37.2089998722076,13308.0,TheEmptinessMachine,BBR,Throughput,HTTP/1.1
2025-05-02 04:35:41,index,39.2079999446869,13308.0,TheEmptinessMachine,BBR,Throughput,HTTP/1.1
2025-05-02 04:35:43,index,41.2089998722076,13308.0,TheEmptinessMachine,BBR,Throughput,HTTP/1.1
2025-05-02 04:35:45,index,43.2069997787476,13308.0,TheEmptinessMachine,BBR,Throughput,HTTP/1.1
2025-05-02 04:35:47,index,45.2069997787476,13308.0,TheEmptinessMachine,BBR,Throughput,HTTP/1.1
2025-05-02 04:35:49,index,47.2069997787476,13308.0,TheEmptinessMachine,BBR,Throughput,HTTP/1.1
2025-05-02 04:35:51,index,49.2069997787476,13308.0,TheEmptinessMachine,BBR,Throughput,HTTP/1.1
2025-05-02 04:35:53,index,51.2069997787476,13308.0,TheEmptinessMachine,BBR,Throughput,HTTP/1.1
2025-05-02 04:35:55,index,53.2079999446869,13308.0,TheEmptinessMachine,BBR,Throughput,HTTP/1.1
2025-05-02 04:35:57,index,55.2069997787476,13308.0,TheEmptinessMachine,BBR,Throughput,HTTP/1.1
2025-05-02 04:35:59,index,57.2069997787476,13308.0,TheEmptinessMachine,BBR,Throughput,HTTP/1.1
2025-05-02 04:36:01,index,59.2069997787476,13308.0,TheEmptinessMachine,BBR,Throughput,HTTP/1.1
2025-05-02 04:36:03,index,61.2069997787476,13308.0,TheEmptinessMachine,BBR,Throughput,HTTP/1.1
2025-05-02 04:36:05,index,63.2069997787476,13308.0,TheEmptinessMachine,BBR,Throughput,HTTP/1.1
2025-05-02 04:36:07,index,65.2069997787476,13308.0,TheEmptinessMachine,BBR,Throughput,HTTP/1.1
2025-05-02 04:36:09,index,67.2069997787476,13308.0,TheEmptinessMachine,BBR,Throughput,HTTP/1.1
2025-05-02 04:36:11,index,69.2069997787476,13308.0,TheEmptinessMachine,BBR,Throughput,HTTP/1.1
2025-05-02 04:36:13,index,71.2069997787476,13308.0,TheEmptinessMachine,BBR,Throughput,HTTP/1.1
2025-05-02 04:36:15,index,73.2069997787476,13308.0,TheEmptinessMachine,BBR,Throughput,HTTP/1.1
2025-05-02 04:36:17,index,75.2079999446869,13308.0,TheEmptinessMachine,BBR,Throughput,HTTP/1.1
2025-05-02 04:36:19,index,77.2069997787476,4676.0,TheEmptinessMachine,BBR,Throughput,HTTP/1.1
2025-05-02 04:36:21,index,79.2069997787476,8631.0,TheEmptinessMachine,BBR,Throughput,HTTP/1.1
2025-05-02 04:36:23,index,81.2089998722076,8631.0,TheEmptinessMachine,BBR,Throughput,HTTP/1.1
2025-05-02 04:36:25,index,83.2069997787476,8631.0,TheEmptinessMachine,BBR,Throughput,HTTP/1.1
2025-05-02 04:36:27,index,85.2069997787476,8631.0,TheEmptinessMachine,BBR,Throughput,HTTP/1.1
2025-05-02 04:36:29,index,87.2069997787476,13308.0,TheEmptinessMachine,BBR,Throughput,HTTP/1.1
2025-05-02 04:36:31,index,89.2069997787476,13308.0,TheEmptinessMachine,BBR,Throughput,HTTP/1.1
2025-05-02 04:36:33,index,91.2069997787476,13308.0,TheEmptinessMachine,BBR,Throughput,HTTP/1.1
2025-05-02 04:36:35,index,93.2079999446869,13308.0,TheEmptinessMachine,BBR,Throughput,HTTP/1.1
2025-05-02 04:36:37,index,95.2069997787476,13308.0,TheEmptinessMachine,BBR,Throughput,HTTP/1.1
2025-05-02 04:36:39,index,97.2069997787476,13308.0,TheEmptinessMachine,BBR,Throughput,HTTP/1.1
2025-05-02 04:36:41,index,99.2069997787476,13308.0,TheEmptinessMachine,BBR,Throughput,HTTP/1.1
2025-05-02 04:36:43,index,101.206999778748,13308.0,TheEmptinessMachine,BBR,Throughput,HTTP/1.1
2025-05-02 04:36:45,index,103.206999778748,13308.0,TheEmptinessMachine,BBR,Throughput,HTTP/1.1
2025-05-02 04:36:47,index,105.207999944687,13308.0,TheEmptinessMachine,BBR,Throughput,HTTP/1.1
2025-05-02 04:36:49,index,107.206999778748,13308.0,TheEmptinessMachine,BBR,Throughput,HTTP/1.1
2025-05-02 04:36:51,index,109.206999778748,13308.0,TheEmptinessMachine,BBR,Throughput,HTTP/1.1
2025-05-02 04:36:53,index,111.206999778748,13308.0,TheEmptinessMachine,BBR,Throughput,HTTP/1.1
2025-05-02 04:36:55,index,113.206999778748,13308.0,TheEmptinessMachine,BBR,Throughput,HTTP/1.1
2025-05-02 04:36:57,index,115.206999778748,13308.0,TheEmptinessMachine,BBR,Throughput,HTTP/1.1
2025-05-02 04:36:59,index,117.206999778748,13308.0,TheEmptinessMachine,BBR,Throughput,HTTP/1.1
2025-05-02 04:37:01,index,119.206999778748,13308.0,TheEmptinessMachine,BBR,Throughput,HTTP/1.1
2025-05-02 04:37:03,index,121.206999778748,13308.0,TheEmptinessMachine,BBR,Throughput,HTTP/1.1
2025-05-02 04:37:05,index,123.206999778748,13308.0,TheEmptinessMachine,BBR,Throughput,HTTP/1.1
2025-05-02 04:37:07,index,125.206999778748,13308.0,TheEmptinessMachine,BBR,Throughput,HTTP/1.1
2025-05-02 04:37:09,index,127.206999778748,13308.0,TheEmptinessMachine,BBR,Throughput,HTTP/1.1
2025-05-02 04:37:11,index,129.206999778748,13308.0,TheEmptinessMachine,BBR,Throughput,HTTP/1.1
2025-05-02 04:37:13,index,131.207999944687,13308.0,TheEmptinessMachine,BBR,Throughput,HTTP/1.1
2025-05-02 04:37:15,index,133.206999778748,13308.0,TheEmptinessMachine,BBR,Throughput,HTTP/1.1
2025-05-02 04:37:17,index,135.206999778748,13308.0,TheEmptinessMachine,BBR,Throughput,HTTP/1.1
2025-05-02 04:37:19,index,137.207999944687,13308.0,TheEmptinessMachine,BBR,Throughput,HTTP/1.1
2025-05-02 04:37:21,index,139.207999944687,13308.0,TheEmptinessMachine,BBR,Throughput,HTTP/1.1
2025-05-02 04:37:23,index,141.206999778748,13308.0,TheEmptinessMachine,BBR,Throughput,HTTP/1.1
2025-05-02 04:37:25,index,143.206999778748,13308.0,TheEmptinessMachine,BBR,Throughput,HTTP/1.1
2025-05-02 04:37:27,index,145.207999944687,13308.0,TheEmptinessMachine,BBR,Throughput,HTTP/1.1
2025-05-02 04:37:29,index,147.207999944687,13308.0,TheEmptinessMachine,BBR,Throughput,HTTP/1.1
2025-05-02 04:37:31,index,149.207999944687,13308.0,TheEmptinessMachine,BBR,Throughput,HTTP/1.1
2025-05-02 04:37:33,index,151.207999944687,13308.0,TheEmptinessMachine,BBR,Throughput,HTTP/1.1
2025-05-02 04:37:35,index,153.208999872208,13308.0,TheEmptinessMachine,BBR,Throughput,HTTP/1.1
2025-05-02 04:37:37,index,155.206999778748,13308.0,TheEmptinessMachine,BBR,Throughput,HTTP/1.1
2025-05-02 04:37:39,index,157.207999944687,13308.0,TheEmptinessMachine,BBR,Throughput,HTTP/1.1
2025-05-02 04:37:41,index,159.206999778748,13308.0,TheEmptinessMachine,BBR,Throughput,HTTP/1.1
2025-05-02 04:37:43,index,161.206999778748,13308.0,TheEmptinessMachine,BBR,Throughput,HTTP/1.1
2025-05-02 04:37:45,index,163.206999778748,13308.0,TheEmptinessMachine,BBR,Throughput,HTTP/1.1
2025-05-02 04:37:47,index,165.206999778748,13308.0,TheEmptinessMachine,BBR,Throughput,HTTP/1.1
2025-05-02 04:37:49,index,167.206999778748,13308.0,TheEmptinessMachine,BBR,Throughput,HTTP/1.1
2025-05-02 04:37:51,index,169.206999778748,13308.0,TheEmptinessMachine,BBR,Throughput,HTTP/1.1
2025-05-02 04:37:53,index,171.206999778748,13308.0,TheEmptinessMachine,BBR,Throughput,HTTP/1.1
2025-05-02 04:37:55,index,173.206999778748,13308.0,TheEmptinessMachine,BBR,Throughput,HTTP/1.1
2025-05-02 04:37:57,index,175.206999778748,13308.0,TheEmptinessMachine,BBR,Throughput,HTTP/1.1
2025-05-02 04:37:59,index,177.206999778748,13308.0,TheEmptinessMachine,BBR,Throughput,HTTP/1.1
2025-05-02 04:38:01,index,179.206999778748,13308.0,TheEmptinessMachine,BBR,Throughput,HTTP/1.1
2025-05-02 04:38:03,index,181.207999944687,13308.0,TheEmptinessMachine,BBR,Throughput,HTTP/1.1
2025-05-02 04:38:05,index,183.207999944687,13308.0,TheEmptinessMachine,BBR,Throughput,HTTP/1.1
2025-05-02 04:38:07,index,185.206999778748,13308.0,TheEmptinessMachine,BBR,Throughput,HTTP/1.1
2025-05-02 04:38:09,index,187.206999778748,13308.0,TheEmptinessMachine,BBR,Throughput,HTTP/1.1
2025-05-02 04:38:11,index,189.206999778748,13308.0,TheEmptinessMachine,BBR,Throughput,HTTP/1.1
2025-05-02 04:38:13,index,191.206999778748,13308.0,TheEmptinessMachine,BBR,Throughput,HTTP/1.1
2025-05-02 04:38:15,index,193.207999944687,13308.0,TheEmptinessMachine,BBR,Throughput,HTTP/1.1
2025-05-02 04:38:17,index,195.207999944687,13308.0,TheEmptinessMachine,BBR,Throughput,HTTP/1.1
2025-05-02 04:38:19,index,197.206999778748,13308.0,TheEmptinessMachine,BBR,Throughput,HTTP/1.1
2025-05-02 04:38:21,index,199.206999778748,13308.0,TheEmptinessMachine,BBR,Throughput,HTTP/1.1
2025-05-02 04:38:23,index,201.206999778748,13308.0,TheEmptinessMachine,BBR,Throughput,HTTP/1.1
2025-05-02 04:38:25,index,203.207999944687,13308.0,TheEmptinessMachine,BBR,Throughput,HTTP/1.1
2025-05-02 04:38:27,index,205.206999778748,13308.0,TheEmptinessMachine,BBR,Throughput,HTTP/1.1
2025-05-02 04:38:29,index,207.207999944687,13308.0,TheEmptinessMachine,BBR,Throughput,HTTP/1.1
2025-05-02 04:38:31,index,209.206999778748,13308.0,TheEmptinessMachine,BBR,Throughput,HTTP/1.1
2025-05-02 04:38:33,index,211.206999778748,13308.0,TheEmptinessMachine,BBR,Throughput,HTTP/1.1
2025-05-02 04:38:35,index,213.206999778748,13308.0,TheEmptinessMachine,BBR,Throughput,HTTP/1.1
2025-05-02 04:38:57,index,1.20099997520447,13308.0,TheEmptinessMachine,BBR,Throughput,HTTP/2
2025-05-02 04:38:59,index,3.19999980926514,13308.0,TheEmptinessMachine,BBR,Throughput,HTTP/2
2025-05-02 04:39:01,index,5.19999980926514,13308.0,TheEmptinessMachine,BBR,Throughput,HTTP/2
2025-05-02 04:39:03,index,7.19899988174438,13308.0,TheEmptinessMachine,BBR,Throughput,HTTP/2
2025-05-02 04:39:05,index,9.19899988174438,13308.0,TheEmptinessMachine,BBR,Throughput,HTTP/2
2025-05-02 04:39:07,index,11.1989998817444,13308.0,TheEmptinessMachine,BBR,Throughput,HTTP/2
2025-05-02 04:39:11,index,15.1989998817444,13308.0,TheEmptinessMachine,BBR,Throughput,HTTP/2
2025-05-02 04:39:13,index,17.1989998817444,13308.0,TheEmptinessMachine,BBR,Throughput,HTTP/2
2025-05-02 04:39:15,index,19.1999998092651,13308.0,TheEmptinessMachine,BBR,Throughput,HTTP/2
2025-05-02 04:39:17,index,21.1999998092651,13308.0,TheEmptinessMachine,BBR,Throughput,HTTP/2
2025-05-02 04:39:19,index,23.1989998817444,13308.0,TheEmptinessMachine,BBR,Throughput,HTTP/2
2025-05-02 04:39:21,index,25.1989998817444,13308.0,TheEmptinessMachine,BBR,Throughput,HTTP/2
2025-05-02 04:39:23,index,27.1989998817444,13308.0,TheEmptinessMachine,BBR,Throughput,HTTP/2
2025-05-02 04:39:25,index,29.1989998817444,13308.0,TheEmptinessMachine,BBR,Throughput,HTTP/2
2025-05-02 04:39:27,index,31.1989998817444,13308.0,TheEmptinessMachine,BBR,Throughput,HTTP/2
2025-05-02 04:39:29,index,33.1989998817444,13308.0,TheEmptinessMachine,BBR,Throughput,HTTP/2
2025-05-02 04:39:31,index,35.1989998817444,13308.0,TheEmptinessMachine,BBR,Throughput,HTTP/2
2025-05-02 04:39:33,index,37.1989998817444,13308.0,TheEmptinessMachine,BBR,Throughput,HTTP/2
2025-05-02 04:39:35,index,39.1989998817444,13308.0,TheEmptinessMachine,BBR,Throughput,HTTP/2
2025-05-02 04:39:37,index,41.1989998817444,13308.0,TheEmptinessMachine,BBR,Throughput,HTTP/2
2025-05-02 04:39:39,index,43.1999998092651,13308.0,TheEmptinessMachine,BBR,Throughput,HTTP/2
2025-05-02 04:39:41,index,45.1999998092651,13308.0,TheEmptinessMachine,BBR,Throughput,HTTP/2
2025-05-02 04:39:43,index,47.1999998092651,13308.0,TheEmptinessMachine,BBR,Throughput,HTTP/2
2025-05-02 04:39:45,index,49.1999998092651,13308.0,TheEmptinessMachine,BBR,Throughput,HTTP/2
2025-05-02 04:39:47,index,51.1989998817444,13308.0,TheEmptinessMachine,BBR,Throughput,HTTP/2
2025-05-02 04:39:49,index,53.1989998817444,13308.0,TheEmptinessMachine,BBR,Throughput,HTTP/2
2025-05-02 04:39:51,index,55.1989998817444,13308.0,TheEmptinessMachine,BBR,Throughput,HTTP/2
2025-05-02 04:39:53,index,57.1989998817444,13308.0,TheEmptinessMachine,BBR,Throughput,HTTP/2
2025-05-02 04:39:55,index,59.1989998817444,13308.0,TheEmptinessMachine,BBR,Throughput,HTTP/2
2025-05-02 04:39:57,index,61.1989998817444,13308.0,TheEmptinessMachine,BBR,Throughput,HTTP/2
2025-05-02 04:39:59,index,63.1999998092651,13308.0,TheEmptinessMachine,BBR,Throughput,HTTP/2
2025-05-02 04:40:01,index,65.1989998817444,13308.0,TheEmptinessMachine,BBR,Throughput,HTTP/2
2025-05-02 04:40:03,index,67.1999998092651,13308.0,TheEmptinessMachine,BBR,Throughput,HTTP/2
2025-05-02 04:40:05,index,69.1989998817444,13308.0,TheEmptinessMachine,BBR,Throughput,HTTP/2
2025-05-02 04:40:07,index,71.1989998817444,13308.0,TheEmptinessMachine,BBR,Throughput,HTTP/2
2025-05-02 04:40:09,index,73.1989998817444,13308.0,TheEmptinessMachine,BBR,Throughput,HTTP/2
2025-05-02 04:40:11,index,75.1999998092651,13308.0,TheEmptinessMachine,BBR,Throughput,HTTP/2
2025-05-02 04:40:13,index,77.1999998092651,13308.0,TheEmptinessMachine,BBR,Throughput,HTTP/2
2025-05-02 04:40:15,index,79.1999998092651,13308.0,TheEmptinessMachine,BBR,Throughput,HTTP/2
2025-05-02 04:40:17,index,81.1989998817444,13308.0,TheEmptinessMachine,BBR,Throughput,HTTP/2
2025-05-02 04:40:19,index,83.1989998817444,13308.0,TheEmptinessMachine,BBR,Throughput,HTTP/2
2025-05-02 04:40:21,index,85.1989998817444,13308.0,TheEmptinessMachine,BBR,Throughput,HTTP/2
2025-05-02 04:40:23,index,87.1989998817444,13308.0,TheEmptinessMachine,BBR,Throughput,HTTP/2
2025-05-02 04:40:25,index,89.1989998817444,13308.0,TheEmptinessMachine,BBR,Throughput,HTTP/2
2025-05-02 04:40:27,index,91.1989998817444,13308.0,TheEmptinessMachine,BBR,Throughput,HTTP/2
2025-05-02 04:40:29,index,93.1989998817444,13308.0,TheEmptinessMachine,BBR,Throughput,HTTP/2
2025-05-02 04:40:31,index,95.1989998817444,13308.0,TheEmptinessMachine,BBR,Throughput,HTTP/2
2025-05-02 04:40:33,index,97.1989998817444,13308.0,TheEmptinessMachine,BBR,Throughput,HTTP/2
2025-05-02 04:40:35,index,99.1989998817444,13308.0,TheEmptinessMachine,BBR,Throughput,HTTP/2
2025-05-02 04:40:37,index,101.198999881744,13308.0,TheEmptinessMachine,BBR,Throughput,HTTP/2
2025-05-02 04:40:39,index,103.198999881744,13308.0,TheEmptinessMachine,BBR,Throughput,HTTP/2
2025-05-02 04:40:41,index,105.198999881744,13308.0,TheEmptinessMachine,BBR,Throughput,HTTP/2
2025-05-02 04:40:43,index,107.198999881744,13308.0,TheEmptinessMachine,BBR,Throughput,HTTP/2
2025-05-02 04:40:45,index,109.198999881744,13308.0,TheEmptinessMachine,BBR,Throughput,HTTP/2
2025-05-02 04:40:47,index,111.198999881744,13308.0,TheEmptinessMachine,BBR,Throughput,HTTP/2
2025-05-02 04:40:49,index,113.199999809265,13308.0,TheEmptinessMachine,BBR,Throughput,HTTP/2
2025-05-02 04:40:51,index,115.199999809265,13308.0,TheEmptinessMachine,BBR,Throughput,HTTP/2
2025-05-02 04:40:53,index,117.198999881744,13308.0,TheEmptinessMachine,BBR,Throughput,HTTP/2
2025-05-02 04:40:55,index,119.199999809265,13308.0,TheEmptinessMachine,BBR,Throughput,HTTP/2
2025-05-02 04:40:57,index,121.198999881744,13308.0,TheEmptinessMachine,BBR,Throughput,HTTP/2
2025-05-02 04:40:59,index,123.198999881744,13308.0,TheEmptinessMachine,BBR,Throughput,HTTP/2
2025-05-02 04:41:01,index,125.199999809265,13308.0,TheEmptinessMachine,BBR,Throughput,HTTP/2
2025-05-02 04:41:03,index,127.199999809265,13308.0,TheEmptinessMachine,BBR,Throughput,HTTP/2
2025-05-02 04:41:05,index,129.199999809265,13308.0,TheEmptinessMachine,BBR,Throughput,HTTP/2
2025-05-02 04:41:07,index,131.198999881744,13308.0,TheEmptinessMachine,BBR,Throughput,HTTP/2
2025-05-02 04:41:09,index,133.198999881744,13308.0,TheEmptinessMachine,BBR,Throughput,HTTP/2
2025-05-02 04:41:11,index,135.198999881744,13308.0,TheEmptinessMachine,BBR,Throughput,HTTP/2
2025-05-02 04:41:13,index,137.198999881744,13308.0,TheEmptinessMachine,BBR,Throughput,HTTP/2
2025-05-02 04:41:15,index,139.198999881744,13308.0,TheEmptinessMachine,BBR,Throughput,HTTP/2
2025-05-02 04:41:17,index,141.198999881744,13308.0,TheEmptinessMachine,BBR,Throughput,HTTP/2
2025-05-02 04:41:19,index,143.199999809265,13308.0,TheEmptinessMachine,BBR,Throughput,HTTP/2
2025-05-02 04:41:21,index,145.199999809265,13308.0,TheEmptinessMachine,BBR,Throughput,HTTP/2
2025-05-02 04:41:23,index,147.198999881744,13308.0,TheEmptinessMachine,BBR,Throughput,HTTP/2
2025-05-02 04:41:25,index,149.198999881744,13308.0,TheEmptinessMachine,BBR,Throughput,HTTP/2
2025-05-02 04:41:27,index,151.199999809265,13308.0,TheEmptinessMachine,BBR,Throughput,HTTP/2
2025-05-02 04:41:29,index,153.199999809265,13308.0,TheEmptinessMachine,BBR,Throughput,HTTP/2
2025-05-02 04:41:31,index,155.199999809265,13308.0,TheEmptinessMachine,BBR,Throughput,HTTP/2
2025-05-02 04:41:33,index,157.198999881744,13308.0,TheEmptinessMachine,BBR,Throughput,HTTP/2
2025-05-02 04:41:35,index,159.199999809265,13308.0,TheEmptinessMachine,BBR,Throughput,HTTP/2
2025-05-02 04:41:37,index,161.198999881744,13308.0,TheEmptinessMachine,BBR,Throughput,HTTP/2
2025-05-02 04:41:39,index,163.199999809265,13308.0,TheEmptinessMachine,BBR,Throughput,HTTP/2
2025-05-02 04:41:41,index,165.199999809265,13308.0,TheEmptinessMachine,BBR,Throughput,HTTP/2
2025-05-02 04:41:43,index,167.199999809265,13308.0,TheEmptinessMachine,BBR,Throughput,HTTP/2
2025-05-02 04:41:45,index,169.198999881744,13308.0,TheEmptinessMachine,BBR,Throughput,HTTP/2
2025-05-02 04:41:47,index,171.198999881744,13308.0,TheEmptinessMachine,BBR,Throughput,HTTP/2
2025-05-02 04:41:49,index,173.198999881744,13308.0,TheEmptinessMachine,BBR,Throughput,HTTP/2
2025-05-02 04:41:51,index,175.198999881744,13308.0,TheEmptinessMachine,BBR,Throughput,HTTP/2
2025-05-02 04:41:53,index,177.198999881744,13308.0,TheEmptinessMachine,BBR,Throughput,HTTP/2
2025-05-02 04:41:55,index,179.198999881744,13308.0,TheEmptinessMachine,BBR,Throughput,HTTP/2
2025-05-02 04:41:57,index,181.198999881744,13308.0,TheEmptinessMachine,BBR,Throughput,HTTP/2
2025-05-02 04:41:59,index,183.198999881744,13308.0,TheEmptinessMachine,BBR,Throughput,HTTP/2
2025-05-02 04:42:01,index,185.199999809265,13308.0,TheEmptinessMachine,BBR,Throughput,HTTP/2
2025-05-02 04:42:03,index,187.198999881744,13308.0,TheEmptinessMachine,BBR,Throughput,HTTP/2
2025-05-02 04:42:05,index,189.198999881744,13308.0,TheEmptinessMachine,BBR,Throughput,HTTP/2
2025-05-02 04:42:07,index,191.201999902725,13308.0,TheEmptinessMachine,BBR,Throughput,HTTP/2
2025-05-02 04:42:09,index,193.199999809265,13308.0,TheEmptinessMachine,BBR,Throughput,HTTP/2
2025-05-02 04:42:11,index,195.199999809265,13308.0,TheEmptinessMachine,BBR,Throughput,HTTP/2
2025-05-02 04:42:13,index,197.199999809265,13308.0,TheEmptinessMachine,BBR,Throughput,HTTP/2
2025-05-02 04:42:15,index,199.198999881744,13308.0,TheEmptinessMachine,BBR,Throughput,HTTP/2
2025-05-02 04:42:17,index,201.198999881744,13308.0,TheEmptinessMachine,BBR,Throughput,HTTP/2
2025-05-02 04:42:19,index,203.200999975204,13308.0,TheEmptinessMachine,BBR,Throughput,HTTP/2
2025-05-02 04:42:21,index,205.200999975204,13308.0,TheEmptinessMachine,BBR,Throughput,HTTP/2
2025-05-02 04:42:23,index,207.199999809265,13308.0,TheEmptinessMachine,BBR,Throughput,HTTP/2
2025-05-02 04:42:51,index,1.20099997520447,8631.0,TheEmptinessMachine,BBR,Throughput,HTTP/3
2025-05-02 04:42:53,index,3.19899988174438,13308.0,TheEmptinessMachine,BBR,Throughput,HTTP/3
2025-05-02 04:42:55,index,5.19899988174438,8631.0,TheEmptinessMachine,BBR,Throughput,HTTP/3
2025-05-02 04:42:57,index,7.19899988174438,13308.0,TheEmptinessMachine,BBR,Throughput,HTTP/3
2025-05-02 04:42:59,index,9.19899988174438,2781.0,TheEmptinessMachine,BBR,Throughput,HTTP/3
2025-05-02 04:43:01,index,11.1989998817444,13308.0,TheEmptinessMachine,BBR,Throughput,HTTP/3
2025-05-02 04:43:05,index,15.1989998817444,4676.0,TheEmptinessMachine,BBR,Throughput,HTTP/3
2025-05-02 04:43:07,index,17.1989998817444,8631.0,TheEmptinessMachine,BBR,Throughput,HTTP/3
2025-05-02 04:43:09,index,19.1989998817444,1499.0,TheEmptinessMachine,BBR,Throughput,HTTP/3
2025-05-02 04:43:11,index,21.1989998817444,4692.0,TheEmptinessMachine,BBR,Throughput,HTTP/3
2025-05-02 04:43:13,index,23.1989998817444,4676.0,TheEmptinessMachine,BBR,Throughput,HTTP/3
2025-05-02 04:43:15,index,25.1989998817444,2781.0,TheEmptinessMachine,BBR,Throughput,HTTP/3
2025-05-02 04:43:17,index,27.1989998817444,4676.0,TheEmptinessMachine,BBR,Throughput,HTTP/3
2025-05-02 04:43:19,index,29.1989998817444,4676.0,TheEmptinessMachine,BBR,Throughput,HTTP/3
2025-05-02 04:43:21,index,31.1989998817444,3486.0,TheEmptinessMachine,BBR,Throughput,HTTP/3
2025-05-02 04:43:23,index,33.1989998817444,3486.0,TheEmptinessMachine,BBR,Throughput,HTTP/3
2025-05-02 04:43:25,index,35.1989998817444,3486.0,TheEmptinessMachine,BBR,Throughput,HTTP/3
2025-05-02 04:43:27,index,37.1989998817444,3486.0,TheEmptinessMachine,BBR,Throughput,HTTP/3
2025-05-02 04:43:29,index,39.1989998817444,3486.0,TheEmptinessMachine,BBR,Throughput,HTTP/3
2025-05-02 04:43:31,index,41.1989998817444,3486.0,TheEmptinessMachine,BBR,Throughput,HTTP/3
2025-05-02 04:43:33,index,43.1989998817444,3486.0,TheEmptinessMachine,BBR,Throughput,HTTP/3
2025-05-02 04:43:35,index,45.1989998817444,13308.0,TheEmptinessMachine,BBR,Throughput,HTTP/3
2025-05-02 04:43:37,index,47.1989998817444,13308.0,TheEmptinessMachine,BBR,Throughput,HTTP/3
2025-05-02 04:43:39,index,49.1989998817444,13308.0,TheEmptinessMachine,BBR,Throughput,HTTP/3
2025-05-02 04:43:41,index,51.1989998817444,13308.0,TheEmptinessMachine,BBR,Throughput,HTTP/3
2025-05-02 04:43:43,index,53.1989998817444,13308.0,TheEmptinessMachine,BBR,Throughput,HTTP/3
2025-05-02 04:43:45,index,55.1989998817444,8631.0,TheEmptinessMachine,BBR,Throughput,HTTP/3
2025-05-02 04:43:47,index,57.1989998817444,13308.0,TheEmptinessMachine,BBR,Throughput,HTTP/3
2025-05-02 04:43:49,index,59.1989998817444,13308.0,TheEmptinessMachine,BBR,Throughput,HTTP/3
2025-05-02 04:43:51,index,61.2130000591278,13308.0,TheEmptinessMachine,BBR,Throughput,HTTP/3
2025-05-02 04:43:53,index,63.2000000476837,13308.0,TheEmptinessMachine,BBR,Throughput,HTTP/3
2025-05-02 04:43:55,index,65.1989998817444,13308.0,TheEmptinessMachine,BBR,Throughput,HTTP/3
2025-05-02 04:43:57,index,67.1989998817444,13308.0,TheEmptinessMachine,BBR,Throughput,HTTP/3
2025-05-02 04:43:59,index,69.1989998817444,13308.0,TheEmptinessMachine,BBR,Throughput,HTTP/3
2025-05-02 04:44:01,index,71.1989998817444,13308.0,TheEmptinessMachine,BBR,Throughput,HTTP/3
2025-05-02 04:44:03,index,73.2000000476837,13308.0,TheEmptinessMachine,BBR,Throughput,HTTP/3
2025-05-02 04:44:05,index,75.2030000686646,13308.0,TheEmptinessMachine,BBR,Throughput,HTTP/3
2025-05-02 04:44:07,index,77.1989998817444,13308.0,TheEmptinessMachine,BBR,Throughput,HTTP/3
2025-05-02 04:44:09,index,79.1989998817444,13308.0,TheEmptinessMachine,BBR,Throughput,HTTP/3
2025-05-02 04:44:11,index,81.1989998817444,13308.0,TheEmptinessMachine,BBR,Throughput,HTTP/3
2025-05-02 04:44:13,index,83.1989998817444,13308.0,TheEmptinessMachine,BBR,Throughput,HTTP/3
2025-05-02 04:44:15,index,85.1989998817444,13308.0,TheEmptinessMachine,BBR,Throughput,HTTP/3
2025-05-02 04:44:17,index,87.1989998817444,13308.0,TheEmptinessMachine,BBR,Throughput,HTTP/3
2025-05-02 04:44:19,index,89.1989998817444,13308.0,TheEmptinessMachine,BBR,Throughput,HTTP/3
2025-05-02 04:44:21,index,91.1989998817444,13308.0,TheEmptinessMachine,BBR,Throughput,HTTP/3
2025-05-02 04:44:23,index,93.1989998817444,13308.0,TheEmptinessMachine,BBR,Throughput,HTTP/3
2025-05-02 04:44:25,index,95.2000000476837,13308.0,TheEmptinessMachine,BBR,Throughput,HTTP/3
2025-05-02 04:44:27,index,97.1989998817444,13308.0,TheEmptinessMachine,BBR,Throughput,HTTP/3
2025-05-02 04:44:29,index,99.1989998817444,13308.0,TheEmptinessMachine,BBR,Throughput,HTTP/3
2025-05-02 04:44:31,index,101.198999881744,13308.0,TheEmptinessMachine,BBR,Throughput,HTTP/3
2025-05-02 04:44:33,index,103.198999881744,13308.0,TheEmptinessMachine,BBR,Throughput,HTTP/3
2025-05-02 04:44:35,index,105.198999881744,13308.0,TheEmptinessMachine,BBR,Throughput,HTTP/3
2025-05-02 04:44:37,index,107.198999881744,13308.0,TheEmptinessMachine,BBR,Throughput,HTTP/3
2025-05-02 04:44:39,index,109.198999881744,13308.0,TheEmptinessMachine,BBR,Throughput,HTTP/3
2025-05-02 04:44:41,index,111.198999881744,13308.0,TheEmptinessMachine,BBR,Throughput,HTTP/3
2025-05-02 04:44:43,index,113.198999881744,13308.0,TheEmptinessMachine,BBR,Throughput,HTTP/3
2025-05-02 04:44:45,index,115.198999881744,13308.0,TheEmptinessMachine,BBR,Throughput,HTTP/3
2025-05-02 04:44:47,index,117.198999881744,13308.0,TheEmptinessMachine,BBR,Throughput,HTTP/3
2025-05-02 04:44:49,index,119.198999881744,13308.0,TheEmptinessMachine,BBR,Throughput,HTTP/3
2025-05-02 04:44:51,index,121.198999881744,13308.0,TheEmptinessMachine,BBR,Throughput,HTTP/3
2025-05-02 04:44:53,index,123.198999881744,13308.0,TheEmptinessMachine,BBR,Throughput,HTTP/3
2025-05-02 04:44:55,index,125.198999881744,13308.0,TheEmptinessMachine,BBR,Throughput,HTTP/3
2025-05-02 04:44:57,index,127.200000047684,13308.0,TheEmptinessMachine,BBR,Throughput,HTTP/3
2025-05-02 04:44:59,index,129.203999996185,13308.0,TheEmptinessMachine,BBR,Throughput,HTTP/3
2025-05-02 04:45:01,index,131.200000047684,13308.0,TheEmptinessMachine,BBR,Throughput,HTTP/3
2025-05-02 04:45:03,index,133.198999881744,13308.0,TheEmptinessMachine,BBR,Throughput,HTTP/3
2025-05-02 04:45:05,index,135.198999881744,13308.0,TheEmptinessMachine,BBR,Throughput,HTTP/3
2025-05-02 04:45:07,index,137.198999881744,13308.0,TheEmptinessMachine,BBR,Throughput,HTTP/3
2025-05-02 04:45:09,index,139.198999881744,13308.0,TheEmptinessMachine,BBR,Throughput,HTTP/3
2025-05-02 04:45:11,index,141.200000047684,13308.0,TheEmptinessMachine,BBR,Throughput,HTTP/3
2025-05-02 04:45:13,index,143.198999881744,13308.0,TheEmptinessMachine,BBR,Throughput,HTTP/3
2025-05-02 04:45:15,index,145.200000047684,13308.0,TheEmptinessMachine,BBR,Throughput,HTTP/3
2025-05-02 04:45:17,index,147.198999881744,13308.0,TheEmptinessMachine,BBR,Throughput,HTTP/3
2025-05-02 04:45:19,index,149.198999881744,13308.0,TheEmptinessMachine,BBR,Throughput,HTTP/3
2025-05-02 04:45:21,index,151.198999881744,13308.0,TheEmptinessMachine,BBR,Throughput,HTTP/3
2025-05-02 04:45:23,index,153.198999881744,13308.0,TheEmptinessMachine,BBR,Throughput,HTTP/3
2025-05-02 04:45:25,index,155.198999881744,13308.0,TheEmptinessMachine,BBR,Throughput,HTTP/3
2025-05-02 04:45:27,index,157.198999881744,13308.0,TheEmptinessMachine,BBR,Throughput,HTTP/3
2025-05-02 04:45:29,index,159.198999881744,13308.0,TheEmptinessMachine,BBR,Throughput,HTTP/3
2025-05-02 04:45:31,index,161.198999881744,13308.0,TheEmptinessMachine,BBR,Throughput,HTTP/3
2025-05-02 04:45:33,index,163.200999975204,13308.0,TheEmptinessMachine,BBR,Throughput,HTTP/3
2025-05-02 04:45:35,index,165.200000047684,13308.0,TheEmptinessMachine,BBR,Throughput,HTTP/3
2025-05-02 04:45:37,index,167.198999881744,13308.0,TheEmptinessMachine,BBR,Throughput,HTTP/3
2025-05-02 04:45:39,index,169.198999881744,13308.0,TheEmptinessMachine,BBR,Throughput,HTTP/3
2025-05-02 04:45:41,index,171.198999881744,13308.0,TheEmptinessMachine,BBR,Throughput,HTTP/3
2025-05-02 04:45:43,index,173.198999881744,13308.0,TheEmptinessMachine,BBR,Throughput,HTTP/3
2025-05-02 04:45:45,index,175.201999902725,13308.0,TheEmptinessMachine,BBR,Throughput,HTTP/3
2025-05-02 04:45:47,index,177.198999881744,13308.0,TheEmptinessMachine,BBR,Throughput,HTTP/3
2025-05-02 04:45:49,index,179.198999881744,13308.0,TheEmptinessMachine,BBR,Throughput,HTTP/3
2025-05-02 04:45:51,index,181.198999881744,13308.0,TheEmptinessMachine,BBR,Throughput,HTTP/3
2025-05-02 04:45:53,index,183.198999881744,13308.0,TheEmptinessMachine,BBR,Throughput,HTTP/3
2025-05-02 04:45:55,index,185.198999881744,13308.0,TheEmptinessMachine,BBR,Throughput,HTTP/3
2025-05-02 04:45:57,index,187.198999881744,13308.0,TheEmptinessMachine,BBR,Throughput,HTTP/3
2025-05-02 04:45:59,index,189.198999881744,13308.0,TheEmptinessMachine,BBR,Throughput,HTTP/3
2025-05-02 04:46:01,index,191.198999881744,13308.0,TheEmptinessMachine,BBR,Throughput,HTTP/3
2025-05-02 04:46:03,index,193.198999881744,13308.0,TheEmptinessMachine,BBR,Throughput,HTTP/3
2025-05-02 04:46:05,index,195.198999881744,13308.0,TheEmptinessMachine,BBR,Throughput,HTTP/3
2025-05-02 04:46:07,index,197.198999881744,13308.0,TheEmptinessMachine,BBR,Throughput,HTTP/3
2025-05-02 04:46:09,index,199.200000047684,13308.0,TheEmptinessMachine,BBR,Throughput,HTTP/3
2025-05-02 04:46:11,index,201.198999881744,13308.0,TheEmptinessMachine,BBR,Throughput,HTTP/3
2025-05-02 04:46:13,index,203.198999881744,13308.0,TheEmptinessMachine,BBR,Throughput,HTTP/3
2025-05-02 04:46:15,index,205.198999881744,13308.0,TheEmptinessMachine,BBR,Throughput,HTTP/3
2025-05-02 04:46:17,index,207.198999881744,13308.0,TheEmptinessMachine,BBR,Throughput,HTTP/3
2025-05-02 04:46:51,index,1.23000001907349,8631.0,TheEmptinessMachine,Westwood,Dynamic,HTTP/1.1
2025-05-02 04:46:53,index,3.23000001907349,8631.0,TheEmptinessMachine,Westwood,Dynamic,HTTP/1.1
2025-05-02 04:46:55,index,5.23000001907349,4676.0,TheEmptinessMachine,Westwood,Dynamic,HTTP/1.1
2025-05-02 04:46:57,index,7.23000001907349,4676.0,TheEmptinessMachine,Westwood,Dynamic,HTTP/1.1
2025-05-02 04:46:59,index,9.22900009155273,8631.0,TheEmptinessMachine,Westwood,Dynamic,HTTP/1.1
2025-05-02 04:47:01,index,11.2300000190735,8631.0,TheEmptinessMachine,Westwood,Dynamic,HTTP/1.1
2025-05-02 04:47:03,index,13.2310001850128,13308.0,TheEmptinessMachine,Westwood,Dynamic,HTTP/1.1
2025-05-02 04:47:05,index,15.2300000190735,13308.0,TheEmptinessMachine,Westwood,Dynamic,HTTP/1.1
2025-05-02 04:47:07,index,17.2300000190735,13308.0,TheEmptinessMachine,Westwood,Dynamic,HTTP/1.1
2025-05-02 04:47:09,index,19.2300000190735,13308.0,TheEmptinessMachine,Westwood,Dynamic,HTTP/1.1
2025-05-02 04:47:11,index,21.2300000190735,13308.0,TheEmptinessMachine,Westwood,Dynamic,HTTP/1.1
2025-05-02 04:47:13,index,23.2290000915527,4676.0,TheEmptinessMachine,Westwood,Dynamic,HTTP/1.1
2025-05-02 04:47:15,index,25.2300000190735,13308.0,TheEmptinessMachine,Westwood,Dynamic,HTTP/1.1
2025-05-02 04:47:17,index,27.2300000190735,13308.0,TheEmptinessMachine,Westwood,Dynamic,HTTP/1.1
2025-05-02 04:47:19,index,29.2300000190735,13308.0,TheEmptinessMachine,Westwood,Dynamic,HTTP/1.1
2025-05-02 04:47:21,index,31.2300000190735,13308.0,TheEmptinessMachine,Westwood,Dynamic,HTTP/1.1
2025-05-02 04:47:23,index,33.2300000190735,13308.0,TheEmptinessMachine,Westwood,Dynamic,HTTP/1.1
2025-05-02 04:47:25,index,35.2290000915527,13308.0,TheEmptinessMachine,Westwood,Dynamic,HTTP/1.1
2025-05-02 04:47:27,index,37.2300000190735,13308.0,TheEmptinessMachine,Westwood,Dynamic,HTTP/1.1
2025-05-02 04:47:29,index,39.2300000190735,13308.0,TheEmptinessMachine,Westwood,Dynamic,HTTP/1.1
2025-05-02 04:47:31,index,41.2290000915527,13308.0,TheEmptinessMachine,Westwood,Dynamic,HTTP/1.1
2025-05-02 04:47:33,index,43.2300000190735,13308.0,TheEmptinessMachine,Westwood,Dynamic,HTTP/1.1
2025-05-02 04:47:35,index,45.2290000915527,13308.0,TheEmptinessMachine,Westwood,Dynamic,HTTP/1.1
2025-05-02 04:47:37,index,47.2290000915527,13308.0,TheEmptinessMachine,Westwood,Dynamic,HTTP/1.1
2025-05-02 04:47:39,index,49.2300000190735,13308.0,TheEmptinessMachine,Westwood,Dynamic,HTTP/1.1
2025-05-02 04:47:41,index,51.2300000190735,13308.0,TheEmptinessMachine,Westwood,Dynamic,HTTP/1.1
2025-05-02 04:47:43,index,53.2300000190735,13308.0,TheEmptinessMachine,Westwood,Dynamic,HTTP/1.1
2025-05-02 04:47:45,index,55.2300000190735,13308.0,TheEmptinessMachine,Westwood,Dynamic,HTTP/1.1
2025-05-02 04:47:47,index,57.2290000915527,13308.0,TheEmptinessMachine,Westwood,Dynamic,HTTP/1.1
2025-05-02 04:47:49,index,59.2290000915527,13308.0,TheEmptinessMachine,Westwood,Dynamic,HTTP/1.1
2025-05-02 04:47:51,index,61.239000082016,13308.0,TheEmptinessMachine,Westwood,Dynamic,HTTP/1.1
2025-05-02 04:47:53,index,63.2320001125336,13308.0,TheEmptinessMachine,Westwood,Dynamic,HTTP/1.1
2025-05-02 04:47:55,index,65.2290000915527,13308.0,TheEmptinessMachine,Westwood,Dynamic,HTTP/1.1
2025-05-02 04:47:57,index,67.2300000190735,13308.0,TheEmptinessMachine,Westwood,Dynamic,HTTP/1.1
2025-05-02 04:47:59,index,69.2300000190735,13308.0,TheEmptinessMachine,Westwood,Dynamic,HTTP/1.1
2025-05-02 04:48:01,index,71.2300000190735,13308.0,TheEmptinessMachine,Westwood,Dynamic,HTTP/1.1
2025-05-02 04:48:03,index,73.2300000190735,13308.0,TheEmptinessMachine,Westwood,Dynamic,HTTP/1.1
2025-05-02 04:48:05,index,75.2300000190735,13308.0,TheEmptinessMachine,Westwood,Dynamic,HTTP/1.1
2025-05-02 04:48:07,index,77.2300000190735,13308.0,TheEmptinessMachine,Westwood,Dynamic,HTTP/1.1
2025-05-02 04:48:09,index,79.2300000190735,13308.0,TheEmptinessMachine,Westwood,Dynamic,HTTP/1.1
2025-05-02 04:48:11,index,81.2290000915527,13308.0,TheEmptinessMachine,Westwood,Dynamic,HTTP/1.1
2025-05-02 04:48:13,index,83.2300000190735,13308.0,TheEmptinessMachine,Westwood,Dynamic,HTTP/1.1
2025-05-02 04:48:15,index,85.2300000190735,13308.0,TheEmptinessMachine,Westwood,Dynamic,HTTP/1.1
2025-05-02 04:48:17,index,87.2300000190735,13308.0,TheEmptinessMachine,Westwood,Dynamic,HTTP/1.1
2025-05-02 04:48:19,index,89.2290000915527,13308.0,TheEmptinessMachine,Westwood,Dynamic,HTTP/1.1
2025-05-02 04:48:21,index,91.2300000190735,13308.0,TheEmptinessMachine,Westwood,Dynamic,HTTP/1.1
2025-05-02 04:48:23,index,93.2300000190735,13308.0,TheEmptinessMachine,Westwood,Dynamic,HTTP/1.1
2025-05-02 04:48:25,index,95.2300000190735,13308.0,TheEmptinessMachine,Westwood,Dynamic,HTTP/1.1
2025-05-02 04:48:27,index,97.2300000190735,13308.0,TheEmptinessMachine,Westwood,Dynamic,HTTP/1.1
2025-05-02 04:48:29,index,99.2300000190735,13308.0,TheEmptinessMachine,Westwood,Dynamic,HTTP/1.1
2025-05-02 04:48:31,index,101.231000185013,13308.0,TheEmptinessMachine,Westwood,Dynamic,HTTP/1.1
2025-05-02 04:48:33,index,103.230000019073,13308.0,TheEmptinessMachine,Westwood,Dynamic,HTTP/1.1
2025-05-02 04:48:35,index,105.229000091553,13308.0,TheEmptinessMachine,Westwood,Dynamic,HTTP/1.1
2025-05-02 04:48:37,index,107.231000185013,13308.0,TheEmptinessMachine,Westwood,Dynamic,HTTP/1.1
2025-05-02 04:48:39,index,109.229000091553,13308.0,TheEmptinessMachine,Westwood,Dynamic,HTTP/1.1
2025-05-02 04:48:41,index,111.230000019073,13308.0,TheEmptinessMachine,Westwood,Dynamic,HTTP/1.1
2025-05-02 04:48:43,index,113.230000019073,13308.0,TheEmptinessMachine,Westwood,Dynamic,HTTP/1.1
2025-05-02 04:48:45,index,115.230000019073,13308.0,TheEmptinessMachine,Westwood,Dynamic,HTTP/1.1
2025-05-02 04:48:47,index,117.230000019073,13308.0,TheEmptinessMachine,Westwood,Dynamic,HTTP/1.1
2025-05-02 04:48:49,index,119.229000091553,13308.0,TheEmptinessMachine,Westwood,Dynamic,HTTP/1.1
2025-05-02 04:48:51,index,121.230000019073,13308.0,TheEmptinessMachine,Westwood,Dynamic,HTTP/1.1
2025-05-02 04:48:53,index,123.229000091553,13308.0,TheEmptinessMachine,Westwood,Dynamic,HTTP/1.1
2025-05-02 04:48:55,index,125.229000091553,13308.0,TheEmptinessMachine,Westwood,Dynamic,HTTP/1.1
2025-05-02 04:48:57,index,127.230000019073,13308.0,TheEmptinessMachine,Westwood,Dynamic,HTTP/1.1
2025-05-02 04:48:59,index,129.230000019073,13308.0,TheEmptinessMachine,Westwood,Dynamic,HTTP/1.1
2025-05-02 04:49:01,index,131.231000185013,13308.0,TheEmptinessMachine,Westwood,Dynamic,HTTP/1.1
2025-05-02 04:49:03,index,133.230000019073,13308.0,TheEmptinessMachine,Westwood,Dynamic,HTTP/1.1
2025-05-02 04:49:05,index,135.230000019073,13308.0,TheEmptinessMachine,Westwood,Dynamic,HTTP/1.1
2025-05-02 04:49:07,index,137.230000019073,13308.0,TheEmptinessMachine,Westwood,Dynamic,HTTP/1.1
2025-05-02 04:49:09,index,139.230000019073,13308.0,TheEmptinessMachine,Westwood,Dynamic,HTTP/1.1
2025-05-02 04:49:11,index,141.229000091553,13308.0,TheEmptinessMachine,Westwood,Dynamic,HTTP/1.1
2025-05-02 04:49:13,index,143.230000019073,13308.0,TheEmptinessMachine,Westwood,Dynamic,HTTP/1.1
2025-05-02 04:49:15,index,145.231000185013,13308.0,TheEmptinessMachine,Westwood,Dynamic,HTTP/1.1
2025-05-02 04:49:17,index,147.231000185013,13308.0,TheEmptinessMachine,Westwood,Dynamic,HTTP/1.1
2025-05-02 04:49:19,index,149.229000091553,13308.0,TheEmptinessMachine,Westwood,Dynamic,HTTP/1.1
2025-05-02 04:49:21,index,151.229000091553,13308.0,TheEmptinessMachine,Westwood,Dynamic,HTTP/1.1
2025-05-02 04:49:23,index,153.229000091553,13308.0,TheEmptinessMachine,Westwood,Dynamic,HTTP/1.1
2025-05-02 04:49:25,index,155.230000019073,13308.0,TheEmptinessMachine,Westwood,Dynamic,HTTP/1.1
2025-05-02 04:49:27,index,157.230000019073,13308.0,TheEmptinessMachine,Westwood,Dynamic,HTTP/1.1
2025-05-02 04:49:29,index,159.231000185013,13308.0,TheEmptinessMachine,Westwood,Dynamic,HTTP/1.1
2025-05-02 04:49:31,index,161.230000019073,13308.0,TheEmptinessMachine,Westwood,Dynamic,HTTP/1.1
2025-05-02 04:49:33,index,163.229000091553,13308.0,TheEmptinessMachine,Westwood,Dynamic,HTTP/1.1
2025-05-02 04:49:35,index,165.233000040054,13308.0,TheEmptinessMachine,Westwood,Dynamic,HTTP/1.1
2025-05-02 04:49:37,index,167.231000185013,13308.0,TheEmptinessMachine,Westwood,Dynamic,HTTP/1.1
2025-05-02 04:49:39,index,169.232000112534,13308.0,TheEmptinessMachine,Westwood,Dynamic,HTTP/1.1
2025-05-02 04:49:41,index,171.230000019073,13308.0,TheEmptinessMachine,Westwood,Dynamic,HTTP/1.1
2025-05-02 04:49:43,index,173.230000019073,13308.0,TheEmptinessMachine,Westwood,Dynamic,HTTP/1.1
2025-05-02 04:49:45,index,175.229000091553,13308.0,TheEmptinessMachine,Westwood,Dynamic,HTTP/1.1
2025-05-02 04:49:47,index,177.230000019073,13308.0,TheEmptinessMachine,Westwood,Dynamic,HTTP/1.1
2025-05-02 04:49:49,index,179.230000019073,13308.0,TheEmptinessMachine,Westwood,Dynamic,HTTP/1.1
2025-05-02 04:49:51,index,181.229000091553,13308.0,TheEmptinessMachine,Westwood,Dynamic,HTTP/1.1
2025-05-02 04:49:53,index,183.230000019073,13308.0,TheEmptinessMachine,Westwood,Dynamic,HTTP/1.1
2025-05-02 04:49:55,index,185.229000091553,13308.0,TheEmptinessMachine,Westwood,Dynamic,HTTP/1.1
2025-05-02 04:49:57,index,187.230000019073,13308.0,TheEmptinessMachine,Westwood,Dynamic,HTTP/1.1
2025-05-02 04:49:59,index,189.231000185013,13308.0,TheEmptinessMachine,Westwood,Dynamic,HTTP/1.1
2025-05-02 04:50:01,index,191.230000019073,13308.0,TheEmptinessMachine,Westwood,Dynamic,HTTP/1.1
2025-05-02 04:50:03,index,193.230000019073,13308.0,TheEmptinessMachine,Westwood,Dynamic,HTTP/1.1
2025-05-02 04:50:05,index,195.229000091553,13308.0,TheEmptinessMachine,Westwood,Dynamic,HTTP/1.1
2025-05-02 04:50:07,index,197.230000019073,13308.0,TheEmptinessMachine,Westwood,Dynamic,HTTP/1.1
2025-05-02 04:50:09,index,199.230000019073,13308.0,TheEmptinessMachine,Westwood,Dynamic,HTTP/1.1
2025-05-02 04:50:11,index,201.230000019073,13308.0,TheEmptinessMachine,Westwood,Dynamic,HTTP/1.1
2025-05-02 04:50:13,index,203.230000019073,13308.0,TheEmptinessMachine,Westwood,Dynamic,HTTP/1.1
2025-05-02 04:50:15,index,205.230000019073,13308.0,TheEmptinessMachine,Westwood,Dynamic,HTTP/1.1
2025-05-02 04:50:17,index,207.230000019073,13308.0,TheEmptinessMachine,Westwood,Dynamic,HTTP/1.1
2025-05-02 04:50:19,index,209.229000091553,13308.0,TheEmptinessMachine,Westwood,Dynamic,HTTP/1.1
2025-05-02 04:50:21,index,211.231000185013,13308.0,TheEmptinessMachine,Westwood,Dynamic,HTTP/1.1
2025-05-02 04:50:45,index,1.20499992370605,13308.0,TheEmptinessMachine,Westwood,Dynamic,HTTP/2
2025-05-02 04:50:47,index,3.20499992370605,13308.0,TheEmptinessMachine,Westwood,Dynamic,HTTP/2
2025-05-02 04:50:49,index,5.20499992370605,13308.0,TheEmptinessMachine,Westwood,Dynamic,HTTP/2
2025-05-02 04:50:53,index,9.20499992370605,13308.0,TheEmptinessMachine,Westwood,Dynamic,HTTP/2
2025-05-02 04:50:55,index,11.2049999237061,13308.0,TheEmptinessMachine,Westwood,Dynamic,HTTP/2
2025-05-02 04:50:59,index,15.2049999237061,13308.0,TheEmptinessMachine,Westwood,Dynamic,HTTP/2
2025-05-02 04:51:01,index,17.2039999961853,13308.0,TheEmptinessMachine,Westwood,Dynamic,HTTP/2
2025-05-02 04:51:03,index,19.2049999237061,13308.0,TheEmptinessMachine,Westwood,Dynamic,HTTP/2
2025-05-02 04:51:05,index,21.2049999237061,13308.0,TheEmptinessMachine,Westwood,Dynamic,HTTP/2
2025-05-02 04:51:07,index,23.2049999237061,13308.0,TheEmptinessMachine,Westwood,Dynamic,HTTP/2
2025-05-02 04:51:09,index,25.2049999237061,13308.0,TheEmptinessMachine,Westwood,Dynamic,HTTP/2
2025-05-02 04:51:11,index,27.2049999237061,13308.0,TheEmptinessMachine,Westwood,Dynamic,HTTP/2
2025-05-02 04:51:13,index,29.2049999237061,13308.0,TheEmptinessMachine,Westwood,Dynamic,HTTP/2
2025-05-02 04:51:15,index,31.2039999961853,13308.0,TheEmptinessMachine,Westwood,Dynamic,HTTP/2
2025-05-02 04:51:17,index,33.2039999961853,13308.0,TheEmptinessMachine,Westwood,Dynamic,HTTP/2
2025-05-02 04:51:19,index,35.2049999237061,13308.0,TheEmptinessMachine,Westwood,Dynamic,HTTP/2
2025-05-02 04:51:21,index,37.2049999237061,13308.0,TheEmptinessMachine,Westwood,Dynamic,HTTP/2
2025-05-02 04:51:23,index,39.2049999237061,13308.0,TheEmptinessMachine,Westwood,Dynamic,HTTP/2
2025-05-02 04:51:25,index,41.2049999237061,13308.0,TheEmptinessMachine,Westwood,Dynamic,HTTP/2
2025-05-02 04:51:27,index,43.2049999237061,13308.0,TheEmptinessMachine,Westwood,Dynamic,HTTP/2
2025-05-02 04:51:29,index,45.2049999237061,13308.0,TheEmptinessMachine,Westwood,Dynamic,HTTP/2
2025-05-02 04:51:31,index,47.2049999237061,13308.0,TheEmptinessMachine,Westwood,Dynamic,HTTP/2
2025-05-02 04:51:33,index,49.2049999237061,13308.0,TheEmptinessMachine,Westwood,Dynamic,HTTP/2
2025-05-02 04:51:35,index,51.2049999237061,13308.0,TheEmptinessMachine,Westwood,Dynamic,HTTP/2
2025-05-02 04:51:37,index,53.2049999237061,13308.0,TheEmptinessMachine,Westwood,Dynamic,HTTP/2
2025-05-02 04:51:39,index,55.2049999237061,13308.0,TheEmptinessMachine,Westwood,Dynamic,HTTP/2
2025-05-02 04:51:41,index,57.2049999237061,13308.0,TheEmptinessMachine,Westwood,Dynamic,HTTP/2
2025-05-02 04:51:43,index,59.2049999237061,13308.0,TheEmptinessMachine,Westwood,Dynamic,HTTP/2
2025-05-02 04:51:45,index,61.2039999961853,13308.0,TheEmptinessMachine,Westwood,Dynamic,HTTP/2
2025-05-02 04:51:47,index,63.2049999237061,13308.0,TheEmptinessMachine,Westwood,Dynamic,HTTP/2
2025-05-02 04:51:49,index,65.2049999237061,13308.0,TheEmptinessMachine,Westwood,Dynamic,HTTP/2
2025-05-02 04:51:51,index,67.2049999237061,13308.0,TheEmptinessMachine,Westwood,Dynamic,HTTP/2
2025-05-02 04:51:53,index,69.2049999237061,13308.0,TheEmptinessMachine,Westwood,Dynamic,HTTP/2
2025-05-02 04:51:55,index,71.2049999237061,13308.0,TheEmptinessMachine,Westwood,Dynamic,HTTP/2
2025-05-02 04:51:57,index,73.2049999237061,13308.0,TheEmptinessMachine,Westwood,Dynamic,HTTP/2
2025-05-02 04:51:59,index,75.2060000896454,13308.0,TheEmptinessMachine,Westwood,Dynamic,HTTP/2
2025-05-02 04:52:01,index,77.2049999237061,13308.0,TheEmptinessMachine,Westwood,Dynamic,HTTP/2
2025-05-02 04:52:03,index,79.2049999237061,13308.0,TheEmptinessMachine,Westwood,Dynamic,HTTP/2
2025-05-02 04:52:05,index,81.2049999237061,13308.0,TheEmptinessMachine,Westwood,Dynamic,HTTP/2
2025-05-02 04:52:07,index,83.2049999237061,13308.0,TheEmptinessMachine,Westwood,Dynamic,HTTP/2
2025-05-02 04:52:09,index,85.2049999237061,13308.0,TheEmptinessMachine,Westwood,Dynamic,HTTP/2
2025-05-02 04:52:11,index,87.2049999237061,13308.0,TheEmptinessMachine,Westwood,Dynamic,HTTP/2
2025-05-02 04:52:13,index,89.2049999237061,13308.0,TheEmptinessMachine,Westwood,Dynamic,HTTP/2
2025-05-02 04:52:15,index,91.2049999237061,13308.0,TheEmptinessMachine,Westwood,Dynamic,HTTP/2
2025-05-02 04:52:17,index,93.2049999237061,13308.0,TheEmptinessMachine,Westwood,Dynamic,HTTP/2
2025-05-02 04:52:19,index,95.2049999237061,13308.0,TheEmptinessMachine,Westwood,Dynamic,HTTP/2
2025-05-02 04:52:21,index,97.2049999237061,13308.0,TheEmptinessMachine,Westwood,Dynamic,HTTP/2
2025-05-02 04:52:23,index,99.2049999237061,13308.0,TheEmptinessMachine,Westwood,Dynamic,HTTP/2
2025-05-02 04:52:25,index,101.204999923706,13308.0,TheEmptinessMachine,Westwood,Dynamic,HTTP/2
2025-05-02 04:52:27,index,103.204999923706,13308.0,TheEmptinessMachine,Westwood,Dynamic,HTTP/2
2025-05-02 04:52:29,index,105.204999923706,13308.0,TheEmptinessMachine,Westwood,Dynamic,HTTP/2
2025-05-02 04:52:31,index,107.204999923706,13308.0,TheEmptinessMachine,Westwood,Dynamic,HTTP/2
2025-05-02 04:52:33,index,109.207000017166,13308.0,TheEmptinessMachine,Westwood,Dynamic,HTTP/2
2025-05-02 04:52:35,index,111.204999923706,13308.0,TheEmptinessMachine,Westwood,Dynamic,HTTP/2
2025-05-02 04:52:37,index,113.206000089645,13308.0,TheEmptinessMachine,Westwood,Dynamic,HTTP/2
2025-05-02 04:52:39,index,115.204999923706,13308.0,TheEmptinessMachine,Westwood,Dynamic,HTTP/2
2025-05-02 04:52:41,index,117.204999923706,13308.0,TheEmptinessMachine,Westwood,Dynamic,HTTP/2
2025-05-02 04:52:43,index,119.204999923706,13308.0,TheEmptinessMachine,Westwood,Dynamic,HTTP/2
2025-05-02 04:52:45,index,121.206000089645,13308.0,TheEmptinessMachine,Westwood,Dynamic,HTTP/2
2025-05-02 04:52:49,index,125.206000089645,13308.0,TheEmptinessMachine,Westwood,Dynamic,HTTP/2
2025-05-02 04:52:51,index,127.204999923706,13308.0,TheEmptinessMachine,Westwood,Dynamic,HTTP/2
2025-05-02 04:52:53,index,129.204999923706,13308.0,TheEmptinessMachine,Westwood,Dynamic,HTTP/2
2025-05-02 04:52:55,index,131.204999923706,13308.0,TheEmptinessMachine,Westwood,Dynamic,HTTP/2
2025-05-02 04:52:57,index,133.204999923706,13308.0,TheEmptinessMachine,Westwood,Dynamic,HTTP/2
2025-05-02 04:52:59,index,135.204999923706,13308.0,TheEmptinessMachine,Westwood,Dynamic,HTTP/2
2025-05-02 04:53:01,index,137.204999923706,13308.0,TheEmptinessMachine,Westwood,Dynamic,HTTP/2
2025-05-02 04:53:03,index,139.204999923706,13308.0,TheEmptinessMachine,Westwood,Dynamic,HTTP/2
2025-05-02 04:53:05,index,141.204999923706,13308.0,TheEmptinessMachine,Westwood,Dynamic,HTTP/2
2025-05-02 04:53:07,index,143.204999923706,13308.0,TheEmptinessMachine,Westwood,Dynamic,HTTP/2
2025-05-02 04:53:09,index,145.204999923706,13308.0,TheEmptinessMachine,Westwood,Dynamic,HTTP/2
2025-05-02 04:53:11,index,147.206000089645,13308.0,TheEmptinessMachine,Westwood,Dynamic,HTTP/2
2025-05-02 04:53:13,index,149.204999923706,13308.0,TheEmptinessMachine,Westwood,Dynamic,HTTP/2
2025-05-02 04:53:15,index,151.204999923706,13308.0,TheEmptinessMachine,Westwood,Dynamic,HTTP/2
2025-05-02 04:53:17,index,153.204999923706,13308.0,TheEmptinessMachine,Westwood,Dynamic,HTTP/2
2025-05-02 04:53:19,index,155.204999923706,13308.0,TheEmptinessMachine,Westwood,Dynamic,HTTP/2
2025-05-02 04:53:21,index,157.204999923706,13308.0,TheEmptinessMachine,Westwood,Dynamic,HTTP/2
2025-05-02 04:53:23,index,159.204999923706,13308.0,TheEmptinessMachine,Westwood,Dynamic,HTTP/2
2025-05-02 04:53:25,index,161.204999923706,13308.0,TheEmptinessMachine,Westwood,Dynamic,HTTP/2
2025-05-02 04:53:27,index,163.204999923706,13308.0,TheEmptinessMachine,Westwood,Dynamic,HTTP/2
2025-05-02 04:53:29,index,165.204999923706,13308.0,TheEmptinessMachine,Westwood,Dynamic,HTTP/2
2025-05-02 04:53:31,index,167.204999923706,13308.0,TheEmptinessMachine,Westwood,Dynamic,HTTP/2
2025-05-02 04:53:33,index,169.204999923706,13308.0,TheEmptinessMachine,Westwood,Dynamic,HTTP/2
2025-05-02 04:53:35,index,171.203999996185,13308.0,TheEmptinessMachine,Westwood,Dynamic,HTTP/2
2025-05-02 04:53:37,index,173.204999923706,13308.0,TheEmptinessMachine,Westwood,Dynamic,HTTP/2
2025-05-02 04:53:39,index,175.204999923706,13308.0,TheEmptinessMachine,Westwood,Dynamic,HTTP/2
2025-05-02 04:53:41,index,177.204999923706,13308.0,TheEmptinessMachine,Westwood,Dynamic,HTTP/2
2025-05-02 04:53:43,index,179.204999923706,13308.0,TheEmptinessMachine,Westwood,Dynamic,HTTP/2
2025-05-02 04:53:45,index,181.204999923706,13308.0,TheEmptinessMachine,Westwood,Dynamic,HTTP/2
2025-05-02 04:53:47,index,183.204999923706,13308.0,TheEmptinessMachine,Westwood,Dynamic,HTTP/2
2025-05-02 04:53:49,index,185.204999923706,13308.0,TheEmptinessMachine,Westwood,Dynamic,HTTP/2
2025-05-02 04:53:51,index,187.204999923706,13308.0,TheEmptinessMachine,Westwood,Dynamic,HTTP/2
2025-05-02 04:53:53,index,189.204999923706,13308.0,TheEmptinessMachine,Westwood,Dynamic,HTTP/2
2025-05-02 04:53:55,index,191.204999923706,13308.0,TheEmptinessMachine,Westwood,Dynamic,HTTP/2
2025-05-02 04:53:57,index,193.204999923706,13308.0,TheEmptinessMachine,Westwood,Dynamic,HTTP/2
2025-05-02 04:53:59,index,195.204999923706,13308.0,TheEmptinessMachine,Westwood,Dynamic,HTTP/2
2025-05-02 04:54:01,index,197.204999923706,13308.0,TheEmptinessMachine,Westwood,Dynamic,HTTP/2
2025-05-02 04:54:03,index,199.204999923706,13308.0,TheEmptinessMachine,Westwood,Dynamic,HTTP/2
2025-05-02 04:54:05,index,201.204999923706,13308.0,TheEmptinessMachine,Westwood,Dynamic,HTTP/2
2025-05-02 04:54:07,index,203.206000089645,13308.0,TheEmptinessMachine,Westwood,Dynamic,HTTP/2
2025-05-02 04:54:11,index,207.206000089645,13308.0,TheEmptinessMachine,Westwood,Dynamic,HTTP/2
2025-05-02 04:54:38,index,1.20600008964539,8631.0,TheEmptinessMachine,Westwood,Dynamic,HTTP/3
2025-05-02 04:54:40,index,3.20500016212463,13308.0,TheEmptinessMachine,Westwood,Dynamic,HTTP/3
2025-05-02 04:54:42,index,5.20500016212463,8631.0,TheEmptinessMachine,Westwood,Dynamic,HTTP/3
2025-05-02 04:54:44,index,7.20500016212463,13308.0,TheEmptinessMachine,Westwood,Dynamic,HTTP/3
2025-05-02 04:54:46,index,9.20500016212463,2781.0,TheEmptinessMachine,Westwood,Dynamic,HTTP/3
2025-05-02 04:54:48,index,11.2050001621246,13308.0,TheEmptinessMachine,Westwood,Dynamic,HTTP/3
2025-05-02 04:54:52,index,15.2050001621246,13308.0,TheEmptinessMachine,Westwood,Dynamic,HTTP/3
2025-05-02 04:54:54,index,17.2050001621246,13308.0,TheEmptinessMachine,Westwood,Dynamic,HTTP/3
2025-05-02 04:54:56,index,19.2050001621246,2781.0,TheEmptinessMachine,Westwood,Dynamic,HTTP/3
2025-05-02 04:54:58,index,21.2050001621246,13308.0,TheEmptinessMachine,Westwood,Dynamic,HTTP/3
2025-05-02 04:55:00,index,23.2050001621246,8631.0,TheEmptinessMachine,Westwood,Dynamic,HTTP/3
2025-05-02 04:55:02,index,25.2050001621246,4676.0,TheEmptinessMachine,Westwood,Dynamic,HTTP/3
2025-05-02 04:55:04,index,27.2050001621246,13308.0,TheEmptinessMachine,Westwood,Dynamic,HTTP/3
2025-05-02 04:55:06,index,29.2050001621246,8631.0,TheEmptinessMachine,Westwood,Dynamic,HTTP/3
2025-05-02 04:55:08,index,31.2050001621246,4692.0,TheEmptinessMachine,Westwood,Dynamic,HTTP/3
2025-05-02 04:55:10,index,33.2050001621246,8631.0,TheEmptinessMachine,Westwood,Dynamic,HTTP/3
2025-05-02 04:55:12,index,35.2039999961853,8631.0,TheEmptinessMachine,Westwood,Dynamic,HTTP/3
2025-05-02 04:55:14,index,37.2039999961853,4692.0,TheEmptinessMachine,Westwood,Dynamic,HTTP/3
2025-05-02 04:55:16,index,39.2050001621246,4676.0,TheEmptinessMachine,Westwood,Dynamic,HTTP/3
2025-05-02 04:55:18,index,41.2050001621246,4676.0,TheEmptinessMachine,Westwood,Dynamic,HTTP/3
2025-05-02 04:55:20,index,43.2050001621246,4676.0,TheEmptinessMachine,Westwood,Dynamic,HTTP/3
2025-05-02 04:55:22,index,45.2050001621246,4676.0,TheEmptinessMachine,Westwood,Dynamic,HTTP/3
2025-05-02 04:55:24,index,47.2050001621246,3486.0,TheEmptinessMachine,Westwood,Dynamic,HTTP/3
2025-05-02 04:55:26,index,49.2050001621246,3486.0,TheEmptinessMachine,Westwood,Dynamic,HTTP/3
2025-05-02 04:55:28,index,51.2050001621246,3486.0,TheEmptinessMachine,Westwood,Dynamic,HTTP/3
2025-05-02 04:55:30,index,53.2050001621246,3486.0,TheEmptinessMachine,Westwood,Dynamic,HTTP/3
2025-05-02 04:55:32,index,55.2050001621246,3486.0,TheEmptinessMachine,Westwood,Dynamic,HTTP/3
2025-05-02 04:55:34,index,57.2050001621246,3486.0,TheEmptinessMachine,Westwood,Dynamic,HTTP/3
2025-05-02 04:55:36,index,59.2050001621246,3486.0,TheEmptinessMachine,Westwood,Dynamic,HTTP/3
2025-05-02 04:55:38,index,61.2050001621246,13308.0,TheEmptinessMachine,Westwood,Dynamic,HTTP/3
2025-05-02 04:55:40,index,63.2050001621246,13308.0,TheEmptinessMachine,Westwood,Dynamic,HTTP/3
2025-05-02 04:55:42,index,65.2050001621246,13308.0,TheEmptinessMachine,Westwood,Dynamic,HTTP/3
2025-05-02 04:55:44,index,67.2050001621246,13308.0,TheEmptinessMachine,Westwood,Dynamic,HTTP/3
2025-05-02 04:55:46,index,69.2050001621246,13308.0,TheEmptinessMachine,Westwood,Dynamic,HTTP/3
2025-05-02 04:55:48,index,71.2050001621246,13308.0,TheEmptinessMachine,Westwood,Dynamic,HTTP/3
2025-05-02 04:55:50,index,73.2050001621246,13308.0,TheEmptinessMachine,Westwood,Dynamic,HTTP/3
2025-05-02 04:55:52,index,75.2050001621246,13308.0,TheEmptinessMachine,Westwood,Dynamic,HTTP/3
2025-05-02 04:55:54,index,77.2039999961853,13308.0,TheEmptinessMachine,Westwood,Dynamic,HTTP/3
2025-05-02 04:55:56,index,79.2050001621246,13308.0,TheEmptinessMachine,Westwood,Dynamic,HTTP/3
2025-05-02 04:55:58,index,81.2050001621246,13308.0,TheEmptinessMachine,Westwood,Dynamic,HTTP/3
2025-05-02 04:56:00,index,83.2050001621246,13308.0,TheEmptinessMachine,Westwood,Dynamic,HTTP/3
2025-05-02 04:56:02,index,85.2039999961853,13308.0,TheEmptinessMachine,Westwood,Dynamic,HTTP/3
2025-05-02 04:56:04,index,87.2050001621246,13308.0,TheEmptinessMachine,Westwood,Dynamic,HTTP/3
2025-05-02 04:56:06,index,89.2050001621246,13308.0,TheEmptinessMachine,Westwood,Dynamic,HTTP/3
2025-05-02 04:56:08,index,91.2050001621246,13308.0,TheEmptinessMachine,Westwood,Dynamic,HTTP/3
2025-05-02 04:56:10,index,93.2050001621246,13308.0,TheEmptinessMachine,Westwood,Dynamic,HTTP/3
2025-05-02 04:56:12,index,95.2039999961853,13308.0,TheEmptinessMachine,Westwood,Dynamic,HTTP/3
2025-05-02 04:56:14,index,97.2050001621246,13308.0,TheEmptinessMachine,Westwood,Dynamic,HTTP/3
2025-05-02 04:56:16,index,99.2039999961853,13308.0,TheEmptinessMachine,Westwood,Dynamic,HTTP/3
2025-05-02 04:56:18,index,101.203999996185,13308.0,TheEmptinessMachine,Westwood,Dynamic,HTTP/3
2025-05-02 04:56:20,index,103.203999996185,13308.0,TheEmptinessMachine,Westwood,Dynamic,HTTP/3
2025-05-02 04:56:22,index,105.205000162125,13308.0,TheEmptinessMachine,Westwood,Dynamic,HTTP/3
2025-05-02 04:56:24,index,107.205000162125,13308.0,TheEmptinessMachine,Westwood,Dynamic,HTTP/3
2025-05-02 04:56:26,index,109.205000162125,13308.0,TheEmptinessMachine,Westwood,Dynamic,HTTP/3
2025-05-02 04:56:28,index,111.205000162125,13308.0,TheEmptinessMachine,Westwood,Dynamic,HTTP/3
2025-05-02 04:56:30,index,113.205000162125,13308.0,TheEmptinessMachine,Westwood,Dynamic,HTTP/3
2025-05-02 04:56:32,index,115.205000162125,13308.0,TheEmptinessMachine,Westwood,Dynamic,HTTP/3
2025-05-02 04:56:34,index,117.205000162125,13308.0,TheEmptinessMachine,Westwood,Dynamic,HTTP/3
2025-05-02 04:56:36,index,119.205000162125,13308.0,TheEmptinessMachine,Westwood,Dynamic,HTTP/3
2025-05-02 04:56:38,index,121.205000162125,13308.0,TheEmptinessMachine,Westwood,Dynamic,HTTP/3
2025-05-02 04:56:40,index,123.205000162125,13308.0,TheEmptinessMachine,Westwood,Dynamic,HTTP/3
2025-05-02 04:56:42,index,125.203999996185,13308.0,TheEmptinessMachine,Westwood,Dynamic,HTTP/3
2025-05-02 04:56:45,index,127.217000007629,13308.0,TheEmptinessMachine,Westwood,Dynamic,HTTP/3
2025-05-02 04:56:46,index,129.205000162125,13308.0,TheEmptinessMachine,Westwood,Dynamic,HTTP/3
2025-05-02 04:56:48,index,131.203999996185,13308.0,TheEmptinessMachine,Westwood,Dynamic,HTTP/3
2025-05-02 04:56:50,index,133.205000162125,13308.0,TheEmptinessMachine,Westwood,Dynamic,HTTP/3
2025-05-02 04:56:52,index,135.205000162125,13308.0,TheEmptinessMachine,Westwood,Dynamic,HTTP/3
2025-05-02 04:56:54,index,137.203999996185,13308.0,TheEmptinessMachine,Westwood,Dynamic,HTTP/3
2025-05-02 04:56:56,index,139.205000162125,13308.0,TheEmptinessMachine,Westwood,Dynamic,HTTP/3
2025-05-02 04:56:58,index,141.203999996185,13308.0,TheEmptinessMachine,Westwood,Dynamic,HTTP/3
2025-05-02 04:57:00,index,143.205000162125,13308.0,TheEmptinessMachine,Westwood,Dynamic,HTTP/3
2025-05-02 04:57:02,index,145.205000162125,13308.0,TheEmptinessMachine,Westwood,Dynamic,HTTP/3
2025-05-02 04:57:04,index,147.203999996185,13308.0,TheEmptinessMachine,Westwood,Dynamic,HTTP/3
2025-05-02 04:57:06,index,149.203999996185,13308.0,TheEmptinessMachine,Westwood,Dynamic,HTTP/3
2025-05-02 04:57:08,index,151.205000162125,13308.0,TheEmptinessMachine,Westwood,Dynamic,HTTP/3
2025-05-02 04:57:10,index,153.203999996185,13308.0,TheEmptinessMachine,Westwood,Dynamic,HTTP/3
2025-05-02 04:57:12,index,155.203999996185,13308.0,TheEmptinessMachine,Westwood,Dynamic,HTTP/3
2025-05-02 04:57:14,index,157.205000162125,13308.0,TheEmptinessMachine,Westwood,Dynamic,HTTP/3
2025-05-02 04:57:16,index,159.205000162125,13308.0,TheEmptinessMachine,Westwood,Dynamic,HTTP/3
2025-05-02 04:57:18,index,161.205000162125,13308.0,TheEmptinessMachine,Westwood,Dynamic,HTTP/3
2025-05-02 04:57:20,index,163.205000162125,13308.0,TheEmptinessMachine,Westwood,Dynamic,HTTP/3
2025-05-02 04:57:22,index,165.203999996185,13308.0,TheEmptinessMachine,Westwood,Dynamic,HTTP/3
2025-05-02 04:57:24,index,167.205000162125,13308.0,TheEmptinessMachine,Westwood,Dynamic,HTTP/3
2025-05-02 04:57:26,index,169.205000162125,13308.0,TheEmptinessMachine,Westwood,Dynamic,HTTP/3
2025-05-02 04:57:28,index,171.203999996185,13308.0,TheEmptinessMachine,Westwood,Dynamic,HTTP/3
2025-05-02 04:57:30,index,173.205000162125,13308.0,TheEmptinessMachine,Westwood,Dynamic,HTTP/3
2025-05-02 04:57:32,index,175.205000162125,13308.0,TheEmptinessMachine,Westwood,Dynamic,HTTP/3
2025-05-02 04:57:35,index,177.205000162125,13308.0,TheEmptinessMachine,Westwood,Dynamic,HTTP/3
2025-05-02 04:57:36,index,179.205000162125,13308.0,TheEmptinessMachine,Westwood,Dynamic,HTTP/3
2025-05-02 04:57:39,index,181.22200012207,13308.0,TheEmptinessMachine,Westwood,Dynamic,HTTP/3
2025-05-02 04:57:40,index,183.205000162125,13308.0,TheEmptinessMachine,Westwood,Dynamic,HTTP/3
2025-05-02 04:57:42,index,185.205000162125,13308.0,TheEmptinessMachine,Westwood,Dynamic,HTTP/3
2025-05-02 04:57:44,index,187.205000162125,13308.0,TheEmptinessMachine,Westwood,Dynamic,HTTP/3
2025-05-02 04:57:46,index,189.203999996185,13308.0,TheEmptinessMachine,Westwood,Dynamic,HTTP/3
2025-05-02 04:57:48,index,191.203999996185,13308.0,TheEmptinessMachine,Westwood,Dynamic,HTTP/3
2025-05-02 04:57:50,index,193.203999996185,13308.0,TheEmptinessMachine,Westwood,Dynamic,HTTP/3
2025-05-02 04:57:52,index,195.205000162125,13308.0,TheEmptinessMachine,Westwood,Dynamic,HTTP/3
2025-05-02 04:57:54,index,197.205000162125,13308.0,TheEmptinessMachine,Westwood,Dynamic,HTTP/3
2025-05-02 04:57:56,index,199.205000162125,13308.0,TheEmptinessMachine,Westwood,Dynamic,HTTP/3
2025-05-02 04:57:58,index,201.205000162125,13308.0,TheEmptinessMachine,Westwood,Dynamic,HTTP/3
2025-05-02 04:58:00,index,203.203999996185,13308.0,TheEmptinessMachine,Westwood,Dynamic,HTTP/3
2025-05-02 04:58:02,index,205.203999996185,13308.0,TheEmptinessMachine,Westwood,Dynamic,HTTP/3
2025-05-02 04:58:04,index,207.203999996185,13308.0,TheEmptinessMachine,Westwood,Dynamic,HTTP/3
2025-05-02 04:58:32,index,1.20700001716614,8631.0,TheEmptinessMachine,Westwood,Bola,HTTP/1.1
2025-05-02 04:58:34,index,3.20700001716614,13308.0,TheEmptinessMachine,Westwood,Bola,HTTP/1.1
2025-05-02 04:58:36,index,5.20700001716614,13308.0,TheEmptinessMachine,Westwood,Bola,HTTP/1.1
2025-05-02 04:58:38,index,7.20600008964539,2781.0,TheEmptinessMachine,Westwood,Bola,HTTP/1.1
2025-05-02 04:59:06,index,3.95599985122681,2781.0,TheEmptinessMachine,HTCP,Dynamic,HTTP/1.1
2025-05-02 04:59:08,index,5.95599985122681,8631.0,TheEmptinessMachine,HTCP,Dynamic,HTTP/1.1
2025-05-02 04:59:10,index,7.97399997711182,2781.0,TheEmptinessMachine,HTCP,Dynamic,HTTP/1.1
2025-05-02 04:59:16,index,10.9559998512268,1499.0,TheEmptinessMachine,HTCP,Dynamic,HTTP/1.1
2025-05-02 04:59:17,index,12.9639999866486,1499.0,TheEmptinessMachine,HTCP,Dynamic,HTTP/1.1
2025-05-02 04:59:18,index,15.0199999809265,1499.0,TheEmptinessMachine,HTCP,Dynamic,HTTP/1.1
2025-05-02 04:59:19,index,16.9559998512268,1499.0,TheEmptinessMachine,HTCP,Dynamic,HTTP/1.1
2025-05-02 04:59:22,index,19.5479998588562,1499.0,TheEmptinessMachine,HTCP,Dynamic,HTTP/1.1
2025-05-02 04:59:23,index,20.9559998512268,4676.0,TheEmptinessMachine,HTCP,Dynamic,HTTP/1.1
2025-05-02 04:59:25,index,22.9579999446869,4676.0,TheEmptinessMachine,HTCP,Dynamic,HTTP/1.1
2025-05-02 04:59:27,index,24.9589998722076,4676.0,TheEmptinessMachine,HTCP,Dynamic,HTTP/1.1
2025-05-02 04:59:29,index,26.9559998512268,4676.0,TheEmptinessMachine,HTCP,Dynamic,HTTP/1.1
2025-05-02 04:59:31,index,28.9559998512268,4676.0,TheEmptinessMachine,HTCP,Dynamic,HTTP/1.1
2025-05-02 04:59:33,index,30.9559998512268,2781.0,TheEmptinessMachine,HTCP,Dynamic,HTTP/1.1
2025-05-02 04:59:35,index,32.9559998512268,2974.0,TheEmptinessMachine,HTCP,Dynamic,HTTP/1.1
2025-05-02 04:59:37,index,34.9559998512268,2974.0,TheEmptinessMachine,HTCP,Dynamic,HTTP/1.1
2025-05-02 04:59:41,index,38.9559998512268,1767.0,TheEmptinessMachine,HTCP,Dynamic,HTTP/1.1
2025-05-02 04:59:43,index,40.9570000171661,2974.0,TheEmptinessMachine,HTCP,Dynamic,HTTP/1.1
2025-05-02 04:59:45,index,42.9570000171661,8631.0,TheEmptinessMachine,HTCP,Dynamic,HTTP/1.1
2025-05-02 04:59:47,index,44.9559998512268,2974.0,TheEmptinessMachine,HTCP,Dynamic,HTTP/1.1
2025-05-02 04:59:49,index,46.9559998512268,4676.0,TheEmptinessMachine,HTCP,Dynamic,HTTP/1.1
2025-05-02 04:59:51,index,48.9559998512268,4676.0,TheEmptinessMachine,HTCP,Dynamic,HTTP/1.1
2025-05-02 04:59:53,index,50.9570000171661,4676.0,TheEmptinessMachine,HTCP,Dynamic,HTTP/1.1
2025-05-02 04:59:55,index,52.9559998512268,4676.0,TheEmptinessMachine,HTCP,Dynamic,HTTP/1.1
2025-05-02 04:59:57,index,54.9559998512268,3486.0,TheEmptinessMachine,HTCP,Dynamic,HTTP/1.1
2025-05-02 04:59:59,index,56.9559998512268,3486.0,TheEmptinessMachine,HTCP,Dynamic,HTTP/1.1
2025-05-02 05:00:01,index,58.9559998512268,3486.0,TheEmptinessMachine,HTCP,Dynamic,HTTP/1.1
2025-05-02 05:00:03,index,60.9559998512268,3486.0,TheEmptinessMachine,HTCP,Dynamic,HTTP/1.1
2025-05-02 05:00:05,index,62.9559998512268,3486.0,TheEmptinessMachine,HTCP,Dynamic,HTTP/1.1
2025-05-02 05:00:07,index,64.9570000171661,3486.0,TheEmptinessMachine,HTCP,Dynamic,HTTP/1.1
2025-05-02 05:00:09,index,66.9570000171661,3486.0,TheEmptinessMachine,HTCP,Dynamic,HTTP/1.1
2025-05-02 05:00:11,index,68.9559998512268,3486.0,TheEmptinessMachine,HTCP,Dynamic,HTTP/1.1
2025-05-02 05:00:13,index,70.9559998512268,13308.0,TheEmptinessMachine,HTCP,Dynamic,HTTP/1.1
2025-05-02 05:00:15,index,72.9559998512268,13308.0,TheEmptinessMachine,HTCP,Dynamic,HTTP/1.1
2025-05-02 05:00:24,index,79.5859999656677,2781.0,TheEmptinessMachine,HTCP,Dynamic,HTTP/1.1
2025-05-02 05:00:32,index,89.6099998950958,2781.0,TheEmptinessMachine,HTCP,Dynamic,HTTP/1.1
2025-05-02 05:00:33,index,90.9559998512268,2781.0,TheEmptinessMachine,HTCP,Dynamic,HTTP/1.1
2025-05-02 05:00:35,index,92.9559998512268,2781.0,TheEmptinessMachine,HTCP,Dynamic,HTTP/1.1
2025-05-02 05:00:37,index,94.9559998512268,4676.0,TheEmptinessMachine,HTCP,Dynamic,HTTP/1.1
2025-05-02 05:00:41,index,98.9519999027252,2974.0,TheEmptinessMachine,HTCP,Dynamic,HTTP/1.1
2025-05-02 05:00:43,index,100.955999851227,8631.0,TheEmptinessMachine,HTCP,Dynamic,HTTP/1.1
2025-05-02 05:00:45,index,103.000999927521,8631.0,TheEmptinessMachine,HTCP,Dynamic,HTTP/1.1
2025-05-02 05:00:49,index,106.955999851227,1106.0,TheEmptinessMachine,HTCP,Dynamic,HTTP/1.1
2025-05-02 05:00:51,index,108.955999851227,4676.0,TheEmptinessMachine,HTCP,Dynamic,HTTP/1.1
2025-05-02 05:00:53,index,110.955999851227,4676.0,TheEmptinessMachine,HTCP,Dynamic,HTTP/1.1
2025-05-02 05:00:56,index,113.675999879837,4676.0,TheEmptinessMachine,HTCP,Dynamic,HTTP/1.1
2025-05-02 05:00:58,index,115.068000078201,4676.0,TheEmptinessMachine,HTCP,Dynamic,HTTP/1.1
2025-05-02 05:01:00,index,116.983999967575,4676.0,TheEmptinessMachine,HTCP,Dynamic,HTTP/1.1
2025-05-02 05:01:01,index,118.955999851227,2781.0,TheEmptinessMachine,HTCP,Dynamic,HTTP/1.1
2025-05-02 05:01:03,index,120.955999851227,2781.0,TheEmptinessMachine,HTCP,Dynamic,HTTP/1.1
2025-05-02 05:01:05,index,122.955999851227,2781.0,TheEmptinessMachine,HTCP,Dynamic,HTTP/1.1
2025-05-02 05:01:08,index,124.958999872208,2781.0,TheEmptinessMachine,HTCP,Dynamic,HTTP/1.1
2025-05-02 05:01:10,index,126.966000080109,2781.0,TheEmptinessMachine,HTCP,Dynamic,HTTP/1.1
2025-05-02 05:01:11,index,128.957000017166,4676.0,TheEmptinessMachine,HTCP,Dynamic,HTTP/1.1
2025-05-02 05:01:13,index,130.955999851227,4676.0,TheEmptinessMachine,HTCP,Dynamic,HTTP/1.1
2025-05-02 05:01:15,index,132.960000038147,8631.0,TheEmptinessMachine,HTCP,Dynamic,HTTP/1.1
2025-05-02 05:01:17,index,135.194000005722,8631.0,TheEmptinessMachine,HTCP,Dynamic,HTTP/1.1
2025-05-02 05:01:21,index,137.365999937057,8631.0,TheEmptinessMachine,HTCP,Dynamic,HTTP/1.1
2025-05-02 05:01:23,index,140.19000005722,8631.0,TheEmptinessMachine,HTCP,Dynamic,HTTP/1.1
2025-05-02 05:01:24,index,141.960000038147,8631.0,TheEmptinessMachine,HTCP,Dynamic,HTTP/1.1
2025-05-02 05:01:26,index,143.955999851227,8631.0,TheEmptinessMachine,HTCP,Dynamic,HTTP/1.1
2025-05-02 05:01:34,index,151.296999931335,8631.0,TheEmptinessMachine,HTCP,Dynamic,HTTP/1.1
2025-05-02 05:01:35,index,152.955999851227,2781.0,TheEmptinessMachine,HTCP,Dynamic,HTTP/1.1
2025-05-02 05:01:37,index,154.955999851227,4676.0,TheEmptinessMachine,HTCP,Dynamic,HTTP/1.1
2025-05-02 05:01:39,index,156.955999851227,4676.0,TheEmptinessMachine,HTCP,Dynamic,HTTP/1.1
2025-05-02 05:01:41,index,158.955999851227,4676.0,TheEmptinessMachine,HTCP,Dynamic,HTTP/1.1
2025-05-02 05:01:43,index,160.955999851227,3486.0,TheEmptinessMachine,HTCP,Dynamic,HTTP/1.1
2025-05-02 05:01:45,index,162.955999851227,3486.0,TheEmptinessMachine,HTCP,Dynamic,HTTP/1.1
2025-05-02 05:01:47,index,164.955999851227,3486.0,TheEmptinessMachine,HTCP,Dynamic,HTTP/1.1
2025-05-02 05:01:49,index,166.983999967575,3486.0,TheEmptinessMachine,HTCP,Dynamic,HTTP/1.1
2025-05-02 05:01:51,index,168.955999851227,3486.0,TheEmptinessMachine,HTCP,Dynamic,HTTP/1.1
2025-05-02 05:01:53,index,170.958999872208,3486.0,TheEmptinessMachine,HTCP,Dynamic,HTTP/1.1
2025-05-02 05:01:55,index,172.955999851227,3486.0,TheEmptinessMachine,HTCP,Dynamic,HTTP/1.1
2025-05-02 05:01:58,index,175.124000072479,8631.0,TheEmptinessMachine,HTCP,Dynamic,HTTP/1.1
2025-05-02 05:02:11,index,189.02799987793,2781.0,TheEmptinessMachine,HTCP,Dynamic,HTTP/1.1
2025-05-02 05:02:13,index,190.963000059128,4676.0,TheEmptinessMachine,HTCP,Dynamic,HTTP/1.1
2025-05-02 05:02:15,index,192.960999965668,4676.0,TheEmptinessMachine,HTCP,Dynamic,HTTP/1.1
2025-05-02 05:02:17,index,194.955999851227,4676.0,TheEmptinessMachine,HTCP,Dynamic,HTTP/1.1
2025-05-02 05:02:19,index,196.955999851227,4676.0,TheEmptinessMachine,HTCP,Dynamic,HTTP/1.1
2025-05-02 05:02:21,index,198.955999851227,4676.0,TheEmptinessMachine,HTCP,Dynamic,HTTP/1.1
2025-05-02 05:02:23,index,200.955999851227,4676.0,TheEmptinessMachine,HTCP,Dynamic,HTTP/1.1
2025-05-02 05:02:25,index,202.955999851227,4676.0,TheEmptinessMachine,HTCP,Dynamic,HTTP/1.1
2025-05-02 05:02:27,index,204.955999851227,4676.0,TheEmptinessMachine,HTCP,Dynamic,HTTP/1.1
2025-05-02 05:02:29,index,206.955999851227,13308.0,TheEmptinessMachine,HTCP,Dynamic,HTTP/1.1
2025-05-02 05:02:31,index,208.955999851227,13308.0,TheEmptinessMachine,HTCP,Dynamic,HTTP/1.1
2025-05-02 05:02:33,index,210.955999851227,13308.0,TheEmptinessMachine,HTCP,Dynamic,HTTP/1.1
2025-05-02 05:02:35,index,212.955999851227,13308.0,TheEmptinessMachine,HTCP,Dynamic,HTTP/1.1
2025-05-02 05:02:37,index,214.955999851227,13308.0,TheEmptinessMachine,HTCP,Dynamic,HTTP/1.1
2025-05-02 05:02:39,index,216.955999851227,13308.0,TheEmptinessMachine,HTCP,Dynamic,HTTP/1.1
2025-05-02 05:02:41,index,218.955999851227,13308.0,TheEmptinessMachine,HTCP,Dynamic,HTTP/1.1
2025-05-02 05:02:43,index,220.955999851227,13308.0,TheEmptinessMachine,HTCP,Dynamic,HTTP/1.1
2025-05-02 05:02:58,index,1.38300013542175,13308.0,TheEmptinessMachine,HTCP,Dynamic,HTTP/2
2025-05-02 05:02:59,index,3.20099997520447,4676.0,TheEmptinessMachine,HTCP,Dynamic,HTTP/2
2025-05-02 05:03:01,index,5.19600009918213,13308.0,TheEmptinessMachine,HTCP,Dynamic,HTTP/2
2025-05-02 05:03:03,index,7.19600009918213,13308.0,TheEmptinessMachine,HTCP,Dynamic,HTTP/2
2025-05-02 05:03:05,index,9.19600009918213,13308.0,TheEmptinessMachine,HTCP,Dynamic,HTTP/2
2025-05-02 05:03:07,index,11.1960000991821,13308.0,TheEmptinessMachine,HTCP,Dynamic,HTTP/2
2025-05-02 05:03:09,index,13.1960000991821,13308.0,TheEmptinessMachine,HTCP,Dynamic,HTTP/2
2025-05-02 05:03:11,index,15.2020001411438,13308.0,TheEmptinessMachine,HTCP,Dynamic,HTTP/2
2025-05-02 05:03:13,index,17.1950001716614,13308.0,TheEmptinessMachine,HTCP,Dynamic,HTTP/2
2025-05-02 05:03:15,index,19.1960000991821,13308.0,TheEmptinessMachine,HTCP,Dynamic,HTTP/2
2025-05-02 05:03:17,index,21.1960000991821,13308.0,TheEmptinessMachine,HTCP,Dynamic,HTTP/2
2025-05-02 05:03:19,index,23.1960000991821,13308.0,TheEmptinessMachine,HTCP,Dynamic,HTTP/2
2025-05-02 05:03:21,index,25.1950001716614,13308.0,TheEmptinessMachine,HTCP,Dynamic,HTTP/2
2025-05-02 05:03:23,index,27.1950001716614,13308.0,TheEmptinessMachine,HTCP,Dynamic,HTTP/2
2025-05-02 05:03:25,index,29.1960000991821,13308.0,TheEmptinessMachine,HTCP,Dynamic,HTTP/2
2025-05-02 05:03:27,index,31.1950001716614,13308.0,TheEmptinessMachine,HTCP,Dynamic,HTTP/2
2025-05-02 05:03:29,index,33.1960000991821,13308.0,TheEmptinessMachine,HTCP,Dynamic,HTTP/2
2025-05-02 05:03:31,index,35.1960000991821,13308.0,TheEmptinessMachine,HTCP,Dynamic,HTTP/2
2025-05-02 05:03:33,index,37.1960000991821,13308.0,TheEmptinessMachine,HTCP,Dynamic,HTTP/2
2025-05-02 05:03:36,index,39.1970000267029,13308.0,TheEmptinessMachine,HTCP,Dynamic,HTTP/2
2025-05-02 05:03:37,index,41.1960000991821,13308.0,TheEmptinessMachine,HTCP,Dynamic,HTTP/2
2025-05-02 05:03:39,index,43.1960000991821,13308.0,TheEmptinessMachine,HTCP,Dynamic,HTTP/2
2025-05-02 05:03:41,index,45.1960000991821,13308.0,TheEmptinessMachine,HTCP,Dynamic,HTTP/2
2025-05-02 05:03:43,index,47.1950001716614,13308.0,TheEmptinessMachine,HTCP,Dynamic,HTTP/2
2025-05-02 05:03:45,index,49.1960000991821,13308.0,TheEmptinessMachine,HTCP,Dynamic,HTTP/2
2025-05-02 05:03:47,index,51.1950001716614,13308.0,TheEmptinessMachine,HTCP,Dynamic,HTTP/2
2025-05-02 05:03:49,index,53.1950001716614,13308.0,TheEmptinessMachine,HTCP,Dynamic,HTTP/2
2025-05-02 05:03:51,index,55.1950001716614,13308.0,TheEmptinessMachine,HTCP,Dynamic,HTTP/2
2025-05-02 05:03:53,index,57.1960000991821,13308.0,TheEmptinessMachine,HTCP,Dynamic,HTTP/2
2025-05-02 05:03:55,index,59.1950001716614,13308.0,TheEmptinessMachine,HTCP,Dynamic,HTTP/2
2025-05-02 05:03:57,index,61.1960000991821,13308.0,TheEmptinessMachine,HTCP,Dynamic,HTTP/2
2025-05-02 05:03:59,index,63.1960000991821,13308.0,TheEmptinessMachine,HTCP,Dynamic,HTTP/2
2025-05-02 05:04:01,index,65.1960000991821,13308.0,TheEmptinessMachine,HTCP,Dynamic,HTTP/2
2025-05-02 05:04:03,index,67.2000000476837,13308.0,TheEmptinessMachine,HTCP,Dynamic,HTTP/2
2025-05-02 05:04:05,index,69.1950001716614,13308.0,TheEmptinessMachine,HTCP,Dynamic,HTTP/2
2025-05-02 05:04:07,index,71.1960000991821,13308.0,TheEmptinessMachine,HTCP,Dynamic,HTTP/2
2025-05-02 05:04:09,index,73.1960000991821,13308.0,TheEmptinessMachine,HTCP,Dynamic,HTTP/2
2025-05-02 05:04:11,index,75.1960000991821,13308.0,TheEmptinessMachine,HTCP,Dynamic,HTTP/2
2025-05-02 05:04:13,index,77.1960000991821,13308.0,TheEmptinessMachine,HTCP,Dynamic,HTTP/2
2025-05-02 05:04:15,index,79.1960000991821,13308.0,TheEmptinessMachine,HTCP,Dynamic,HTTP/2
2025-05-02 05:04:17,index,81.1950001716614,13308.0,TheEmptinessMachine,HTCP,Dynamic,HTTP/2
2025-05-02 05:04:19,index,83.1950001716614,13308.0,TheEmptinessMachine,HTCP,Dynamic,HTTP/2
2025-05-02 05:04:21,index,85.1960000991821,13308.0,TheEmptinessMachine,HTCP,Dynamic,HTTP/2
2025-05-02 05:04:23,index,87.1960000991821,13308.0,TheEmptinessMachine,HTCP,Dynamic,HTTP/2
2025-05-02 05:04:25,index,89.1950001716614,13308.0,TheEmptinessMachine,HTCP,Dynamic,HTTP/2
2025-05-02 05:04:27,index,91.1960000991821,13308.0,TheEmptinessMachine,HTCP,Dynamic,HTTP/2
2025-05-02 05:04:29,index,93.1960000991821,13308.0,TheEmptinessMachine,HTCP,Dynamic,HTTP/2
2025-05-02 05:04:31,index,95.1950001716614,13308.0,TheEmptinessMachine,HTCP,Dynamic,HTTP/2
2025-05-02 05:04:33,index,97.1960000991821,13308.0,TheEmptinessMachine,HTCP,Dynamic,HTTP/2
2025-05-02 05:04:35,index,99.1950001716614,13308.0,TheEmptinessMachine,HTCP,Dynamic,HTTP/2
2025-05-02 05:04:37,index,101.196000099182,13308.0,TheEmptinessMachine,HTCP,Dynamic,HTTP/2
2025-05-02 05:04:39,index,103.196000099182,13308.0,TheEmptinessMachine,HTCP,Dynamic,HTTP/2
2025-05-02 05:04:41,index,105.196000099182,13308.0,TheEmptinessMachine,HTCP,Dynamic,HTTP/2
2025-05-02 05:04:43,index,107.196000099182,13308.0,TheEmptinessMachine,HTCP,Dynamic,HTTP/2
2025-05-02 05:04:45,index,109.196000099182,13308.0,TheEmptinessMachine,HTCP,Dynamic,HTTP/2
2025-05-02 05:04:47,index,111.196000099182,13308.0,TheEmptinessMachine,HTCP,Dynamic,HTTP/2
2025-05-02 05:04:49,index,113.197000026703,13308.0,TheEmptinessMachine,HTCP,Dynamic,HTTP/2
2025-05-02 05:04:51,index,115.203000068665,13308.0,TheEmptinessMachine,HTCP,Dynamic,HTTP/2
2025-05-02 05:04:53,index,117.196000099182,13308.0,TheEmptinessMachine,HTCP,Dynamic,HTTP/2
2025-05-02 05:04:55,index,119.196000099182,13308.0,TheEmptinessMachine,HTCP,Dynamic,HTTP/2
2025-05-02 05:04:57,index,121.196000099182,13308.0,TheEmptinessMachine,HTCP,Dynamic,HTTP/2
2025-05-02 05:04:59,index,123.195000171661,13308.0,TheEmptinessMachine,HTCP,Dynamic,HTTP/2
2025-05-02 05:05:01,index,125.196000099182,13308.0,TheEmptinessMachine,HTCP,Dynamic,HTTP/2
2025-05-02 05:05:03,index,127.195000171661,13308.0,TheEmptinessMachine,HTCP,Dynamic,HTTP/2
2025-05-02 05:05:05,index,129.196000099182,13308.0,TheEmptinessMachine,HTCP,Dynamic,HTTP/2
2025-05-02 05:05:07,index,131.196000099182,13308.0,TheEmptinessMachine,HTCP,Dynamic,HTTP/2
2025-05-02 05:05:09,index,133.196000099182,13308.0,TheEmptinessMachine,HTCP,Dynamic,HTTP/2
2025-05-02 05:05:11,index,135.196000099182,13308.0,TheEmptinessMachine,HTCP,Dynamic,HTTP/2
2025-05-02 05:05:13,index,137.196000099182,13308.0,TheEmptinessMachine,HTCP,Dynamic,HTTP/2
2025-05-02 05:05:15,index,139.195000171661,13308.0,TheEmptinessMachine,HTCP,Dynamic,HTTP/2
2025-05-02 05:05:17,index,141.196000099182,13308.0,TheEmptinessMachine,HTCP,Dynamic,HTTP/2
2025-05-02 05:05:19,index,143.196000099182,13308.0,TheEmptinessMachine,HTCP,Dynamic,HTTP/2
2025-05-02 05:05:21,index,145.195000171661,13308.0,TheEmptinessMachine,HTCP,Dynamic,HTTP/2
2025-05-02 05:05:23,index,147.197000026703,13308.0,TheEmptinessMachine,HTCP,Dynamic,HTTP/2
2025-05-02 05:05:25,index,149.196000099182,13308.0,TheEmptinessMachine,HTCP,Dynamic,HTTP/2
2025-05-02 05:05:27,index,151.196000099182,13308.0,TheEmptinessMachine,HTCP,Dynamic,HTTP/2
2025-05-02 05:05:29,index,153.196000099182,13308.0,TheEmptinessMachine,HTCP,Dynamic,HTTP/2
2025-05-02 05:05:31,index,155.196000099182,13308.0,TheEmptinessMachine,HTCP,Dynamic,HTTP/2
2025-05-02 05:05:33,index,157.195000171661,13308.0,TheEmptinessMachine,HTCP,Dynamic,HTTP/2
2025-05-02 05:05:35,index,159.196000099182,13308.0,TheEmptinessMachine,HTCP,Dynamic,HTTP/2
2025-05-02 05:05:37,index,161.199000120163,13308.0,TheEmptinessMachine,HTCP,Dynamic,HTTP/2
2025-05-02 05:05:39,index,163.197000026703,13308.0,TheEmptinessMachine,HTCP,Dynamic,HTTP/2
2025-05-02 05:05:41,index,165.196000099182,13308.0,TheEmptinessMachine,HTCP,Dynamic,HTTP/2
2025-05-02 05:05:43,index,167.195000171661,13308.0,TheEmptinessMachine,HTCP,Dynamic,HTTP/2
2025-05-02 05:05:45,index,169.196000099182,13308.0,TheEmptinessMachine,HTCP,Dynamic,HTTP/2
2025-05-02 05:05:47,index,171.196000099182,13308.0,TheEmptinessMachine,HTCP,Dynamic,HTTP/2
2025-05-02 05:05:49,index,173.195000171661,13308.0,TheEmptinessMachine,HTCP,Dynamic,HTTP/2
2025-05-02 05:05:51,index,175.196000099182,13308.0,TheEmptinessMachine,HTCP,Dynamic,HTTP/2
2025-05-02 05:05:53,index,177.196000099182,13308.0,TheEmptinessMachine,HTCP,Dynamic,HTTP/2
2025-05-02 05:05:55,index,179.196000099182,13308.0,TheEmptinessMachine,HTCP,Dynamic,HTTP/2
2025-05-02 05:05:57,index,181.196000099182,13308.0,TheEmptinessMachine,HTCP,Dynamic,HTTP/2
2025-05-02 05:05:59,index,183.196000099182,13308.0,TheEmptinessMachine,HTCP,Dynamic,HTTP/2
2025-05-02 05:06:01,index,185.195000171661,13308.0,TheEmptinessMachine,HTCP,Dynamic,HTTP/2
2025-05-02 05:06:03,index,187.196000099182,13308.0,TheEmptinessMachine,HTCP,Dynamic,HTTP/2
2025-05-02 05:06:05,index,189.196000099182,13308.0,TheEmptinessMachine,HTCP,Dynamic,HTTP/2
2025-05-02 05:06:07,index,191.196000099182,13308.0,TheEmptinessMachine,HTCP,Dynamic,HTTP/2
2025-05-02 05:06:09,index,193.196000099182,13308.0,TheEmptinessMachine,HTCP,Dynamic,HTTP/2
2025-05-02 05:06:11,index,195.195000171661,13308.0,TheEmptinessMachine,HTCP,Dynamic,HTTP/2
2025-05-02 05:06:13,index,197.196000099182,13308.0,TheEmptinessMachine,HTCP,Dynamic,HTTP/2
2025-05-02 05:06:15,index,199.196000099182,13308.0,TheEmptinessMachine,HTCP,Dynamic,HTTP/2
2025-05-02 05:06:17,index,201.196000099182,13308.0,TheEmptinessMachine,HTCP,Dynamic,HTTP/2
2025-05-02 05:06:19,index,203.196000099182,13308.0,TheEmptinessMachine,HTCP,Dynamic,HTTP/2
2025-05-02 05:06:51,index,1.20199990272522,8631.0,TheEmptinessMachine,HTCP,Dynamic,HTTP/3
2025-05-02 05:06:53,index,3.19899988174438,8631.0,TheEmptinessMachine,HTCP,Dynamic,HTTP/3
2025-05-02 05:06:55,index,5.19899988174438,1106.0,TheEmptinessMachine,HTCP,Dynamic,HTTP/3
2025-05-02 05:06:57,index,7.19899988174438,1106.0,TheEmptinessMachine,HTCP,Dynamic,HTTP/3
2025-05-02 05:06:59,index,9.19899988174438,1106.0,TheEmptinessMachine,HTCP,Dynamic,HTTP/3
2025-05-02 05:07:01,index,11.1989998817444,1106.0,TheEmptinessMachine,HTCP,Dynamic,HTTP/3
2025-05-02 05:07:05,index,15.1989998817444,1106.0,TheEmptinessMachine,HTCP,Dynamic,HTTP/3
2025-05-02 05:07:07,index,17.1989998817444,8631.0,TheEmptinessMachine,HTCP,Dynamic,HTTP/3
2025-05-02 05:07:09,index,19.1989998817444,8631.0,TheEmptinessMachine,HTCP,Dynamic,HTTP/3
2025-05-02 05:07:11,index,21.1989998817444,13308.0,TheEmptinessMachine,HTCP,Dynamic,HTTP/3
2025-05-02 05:07:13,index,23.1989998817444,13308.0,TheEmptinessMachine,HTCP,Dynamic,HTTP/3
2025-05-02 05:07:15,index,25.1989998817444,13308.0,TheEmptinessMachine,HTCP,Dynamic,HTTP/3
2025-05-02 05:07:17,index,27.1989998817444,13308.0,TheEmptinessMachine,HTCP,Dynamic,HTTP/3
2025-05-02 05:07:19,index,29.1989998817444,13308.0,TheEmptinessMachine,HTCP,Dynamic,HTTP/3
2025-05-02 05:07:21,index,31.1989998817444,13308.0,TheEmptinessMachine,HTCP,Dynamic,HTTP/3
2025-05-02 05:07:23,index,33.1989998817444,13308.0,TheEmptinessMachine,HTCP,Dynamic,HTTP/3
2025-05-02 05:07:25,index,35.1989998817444,13308.0,TheEmptinessMachine,HTCP,Dynamic,HTTP/3
2025-05-02 05:07:27,index,37.1989998817444,13308.0,TheEmptinessMachine,HTCP,Dynamic,HTTP/3
2025-05-02 05:07:29,index,39.1989998817444,13308.0,TheEmptinessMachine,HTCP,Dynamic,HTTP/3
2025-05-02 05:07:31,index,41.1979999542236,13308.0,TheEmptinessMachine,HTCP,Dynamic,HTTP/3
2025-05-02 05:07:33,index,43.1989998817444,13308.0,TheEmptinessMachine,HTCP,Dynamic,HTTP/3
2025-05-02 05:07:35,index,45.1999998092651,13308.0,TheEmptinessMachine,HTCP,Dynamic,HTTP/3
2025-05-02 05:07:37,index,47.2019999027252,13308.0,TheEmptinessMachine,HTCP,Dynamic,HTTP/3
2025-05-02 05:07:39,index,49.1979999542236,13308.0,TheEmptinessMachine,HTCP,Dynamic,HTTP/3
2025-05-02 05:07:41,index,51.1989998817444,13308.0,TheEmptinessMachine,HTCP,Dynamic,HTTP/3
2025-05-02 05:07:43,index,53.1989998817444,13308.0,TheEmptinessMachine,HTCP,Dynamic,HTTP/3
2025-05-02 05:07:45,index,55.1989998817444,13308.0,TheEmptinessMachine,HTCP,Dynamic,HTTP/3
2025-05-02 05:07:47,index,57.1989998817444,13308.0,TheEmptinessMachine,HTCP,Dynamic,HTTP/3
2025-05-02 05:07:49,index,59.1989998817444,13308.0,TheEmptinessMachine,HTCP,Dynamic,HTTP/3
2025-05-02 05:07:51,index,61.1989998817444,13308.0,TheEmptinessMachine,HTCP,Dynamic,HTTP/3
2025-05-02 05:07:53,index,63.1989998817444,13308.0,TheEmptinessMachine,HTCP,Dynamic,HTTP/3
2025-05-02 05:07:55,index,65.1989998817444,13308.0,TheEmptinessMachine,HTCP,Dynamic,HTTP/3
2025-05-02 05:07:57,index,67.1989998817444,13308.0,TheEmptinessMachine,HTCP,Dynamic,HTTP/3
2025-05-02 05:07:59,index,69.2009999752045,13308.0,TheEmptinessMachine,HTCP,Dynamic,HTTP/3
2025-05-02 05:08:01,index,71.1989998817444,13308.0,TheEmptinessMachine,HTCP,Dynamic,HTTP/3
2025-05-02 05:08:03,index,73.1989998817444,13308.0,TheEmptinessMachine,HTCP,Dynamic,HTTP/3
2025-05-02 05:08:05,index,75.1989998817444,13308.0,TheEmptinessMachine,HTCP,Dynamic,HTTP/3
2025-05-02 05:08:07,index,77.1989998817444,13308.0,TheEmptinessMachine,HTCP,Dynamic,HTTP/3
2025-05-02 05:08:09,index,79.1989998817444,13308.0,TheEmptinessMachine,HTCP,Dynamic,HTTP/3
2025-05-02 05:08:11,index,81.1989998817444,13308.0,TheEmptinessMachine,HTCP,Dynamic,HTTP/3
2025-05-02 05:08:13,index,83.1989998817444,13308.0,TheEmptinessMachine,HTCP,Dynamic,HTTP/3
2025-05-02 05:08:15,index,85.1979999542236,13308.0,TheEmptinessMachine,HTCP,Dynamic,HTTP/3
2025-05-02 05:08:17,index,87.1989998817444,13308.0,TheEmptinessMachine,HTCP,Dynamic,HTTP/3
2025-05-02 05:08:19,index,89.1989998817444,13308.0,TheEmptinessMachine,HTCP,Dynamic,HTTP/3
2025-05-02 05:08:21,index,91.1989998817444,13308.0,TheEmptinessMachine,HTCP,Dynamic,HTTP/3
2025-05-02 05:08:23,index,93.1989998817444,13308.0,TheEmptinessMachine,HTCP,Dynamic,HTTP/3
2025-05-02 05:08:25,index,95.1989998817444,13308.0,TheEmptinessMachine,HTCP,Dynamic,HTTP/3
2025-05-02 05:08:27,index,97.1989998817444,13308.0,TheEmptinessMachine,HTCP,Dynamic,HTTP/3
2025-05-02 05:08:29,index,99.1989998817444,13308.0,TheEmptinessMachine,HTCP,Dynamic,HTTP/3
2025-05-02 05:08:31,index,101.197999954224,13308.0,TheEmptinessMachine,HTCP,Dynamic,HTTP/3
2025-05-02 05:08:33,index,103.200999975204,13308.0,TheEmptinessMachine,HTCP,Dynamic,HTTP/3
2025-05-02 05:08:35,index,105.198999881744,13308.0,TheEmptinessMachine,HTCP,Dynamic,HTTP/3
2025-05-02 05:08:37,index,107.198999881744,13308.0,TheEmptinessMachine,HTCP,Dynamic,HTTP/3
2025-05-02 05:08:39,index,109.198999881744,13308.0,TheEmptinessMachine,HTCP,Dynamic,HTTP/3
2025-05-02 05:08:41,index,111.198999881744,13308.0,TheEmptinessMachine,HTCP,Dynamic,HTTP/3
2025-05-02 05:08:43,index,113.198999881744,13308.0,TheEmptinessMachine,HTCP,Dynamic,HTTP/3
2025-05-02 05:08:45,index,115.198999881744,13308.0,TheEmptinessMachine,HTCP,Dynamic,HTTP/3
2025-05-02 05:08:47,index,117.198999881744,13308.0,TheEmptinessMachine,HTCP,Dynamic,HTTP/3
2025-05-02 05:08:49,index,119.198999881744,13308.0,TheEmptinessMachine,HTCP,Dynamic,HTTP/3
2025-05-02 05:08:51,index,121.198999881744,13308.0,TheEmptinessMachine,HTCP,Dynamic,HTTP/3
2025-05-02 05:08:53,index,123.198999881744,13308.0,TheEmptinessMachine,HTCP,Dynamic,HTTP/3
2025-05-02 05:08:55,index,125.198999881744,13308.0,TheEmptinessMachine,HTCP,Dynamic,HTTP/3
2025-05-02 05:08:57,index,127.198999881744,13308.0,TheEmptinessMachine,HTCP,Dynamic,HTTP/3
2025-05-02 05:08:59,index,129.198999881744,13308.0,TheEmptinessMachine,HTCP,Dynamic,HTTP/3
2025-05-02 05:09:01,index,131.198999881744,13308.0,TheEmptinessMachine,HTCP,Dynamic,HTTP/3
2025-05-02 05:09:03,index,133.200999975204,13308.0,TheEmptinessMachine,HTCP,Dynamic,HTTP/3
2025-05-02 05:09:05,index,135.198999881744,13308.0,TheEmptinessMachine,HTCP,Dynamic,HTTP/3
2025-05-02 05:09:07,index,137.198999881744,13308.0,TheEmptinessMachine,HTCP,Dynamic,HTTP/3
2025-05-02 05:09:09,index,139.199999809265,13308.0,TheEmptinessMachine,HTCP,Dynamic,HTTP/3
2025-05-02 05:09:11,index,141.198999881744,13308.0,TheEmptinessMachine,HTCP,Dynamic,HTTP/3
2025-05-02 05:09:13,index,143.198999881744,13308.0,TheEmptinessMachine,HTCP,Dynamic,HTTP/3
2025-05-02 05:09:15,index,145.198999881744,13308.0,TheEmptinessMachine,HTCP,Dynamic,HTTP/3
2025-05-02 05:09:17,index,147.198999881744,13308.0,TheEmptinessMachine,HTCP,Dynamic,HTTP/3
2025-05-02 05:09:19,index,149.198999881744,13308.0,TheEmptinessMachine,HTCP,Dynamic,HTTP/3
2025-05-02 05:09:21,index,151.198999881744,13308.0,TheEmptinessMachine,HTCP,Dynamic,HTTP/3
2025-05-02 05:09:23,index,153.198999881744,13308.0,TheEmptinessMachine,HTCP,Dynamic,HTTP/3
2025-05-02 05:09:25,index,155.198999881744,13308.0,TheEmptinessMachine,HTCP,Dynamic,HTTP/3
2025-05-02 05:09:27,index,157.198999881744,13308.0,TheEmptinessMachine,HTCP,Dynamic,HTTP/3
2025-05-02 05:09:29,index,159.198999881744,13308.0,TheEmptinessMachine,HTCP,Dynamic,HTTP/3
2025-05-02 05:09:31,index,161.198999881744,13308.0,TheEmptinessMachine,HTCP,Dynamic,HTTP/3
2025-05-02 05:09:33,index,163.198999881744,13308.0,TheEmptinessMachine,HTCP,Dynamic,HTTP/3
2025-05-02 05:09:35,index,165.198999881744,13308.0,TheEmptinessMachine,HTCP,Dynamic,HTTP/3
2025-05-02 05:09:37,index,167.198999881744,13308.0,TheEmptinessMachine,HTCP,Dynamic,HTTP/3
2025-05-02 05:09:39,index,169.198999881744,13308.0,TheEmptinessMachine,HTCP,Dynamic,HTTP/3
2025-05-02 05:09:41,index,171.198999881744,13308.0,TheEmptinessMachine,HTCP,Dynamic,HTTP/3
2025-05-02 05:09:43,index,173.198999881744,13308.0,TheEmptinessMachine,HTCP,Dynamic,HTTP/3
2025-05-02 05:09:45,index,175.198999881744,13308.0,TheEmptinessMachine,HTCP,Dynamic,HTTP/3
2025-05-02 05:09:47,index,177.198999881744,13308.0,TheEmptinessMachine,HTCP,Dynamic,HTTP/3
2025-05-02 05:09:49,index,179.198999881744,13308.0,TheEmptinessMachine,HTCP,Dynamic,HTTP/3
2025-05-02 05:09:51,index,181.198999881744,13308.0,TheEmptinessMachine,HTCP,Dynamic,HTTP/3
2025-05-02 05:09:53,index,183.198999881744,13308.0,TheEmptinessMachine,HTCP,Dynamic,HTTP/3
2025-05-02 05:09:55,index,185.198999881744,13308.0,TheEmptinessMachine,HTCP,Dynamic,HTTP/3
2025-05-02 05:09:57,index,187.198999881744,13308.0,TheEmptinessMachine,HTCP,Dynamic,HTTP/3
2025-05-02 05:09:59,index,189.198999881744,13308.0,TheEmptinessMachine,HTCP,Dynamic,HTTP/3
2025-05-02 05:10:01,index,191.198999881744,13308.0,TheEmptinessMachine,HTCP,Dynamic,HTTP/3
2025-05-02 05:10:03,index,193.197999954224,13308.0,TheEmptinessMachine,HTCP,Dynamic,HTTP/3
2025-05-02 05:10:05,index,195.198999881744,13308.0,TheEmptinessMachine,HTCP,Dynamic,HTTP/3
2025-05-02 05:10:07,index,197.198999881744,13308.0,TheEmptinessMachine,HTCP,Dynamic,HTTP/3
2025-05-02 05:10:09,index,199.198999881744,13308.0,TheEmptinessMachine,HTCP,Dynamic,HTTP/3
2025-05-02 05:10:11,index,201.198999881744,13308.0,TheEmptinessMachine,HTCP,Dynamic,HTTP/3
2025-05-02 05:10:13,index,203.198999881744,13308.0,TheEmptinessMachine,HTCP,Dynamic,HTTP/3
2025-05-02 05:10:15,index,205.198999881744,13308.0,TheEmptinessMachine,HTCP,Dynamic,HTTP/3
2025-05-02 05:10:17,index,207.198999881744,13308.0,TheEmptinessMachine,HTCP,Dynamic,HTTP/3
2025-05-02 05:10:19,index,209.199999809265,13308.0,TheEmptinessMachine,HTCP,Dynamic,HTTP/3
2025-05-02 05:10:45,index,1.21700000762939,8631.0,TheEmptinessMachine,HTCP,Bola,HTTP/1.1
2025-05-02 05:10:47,index,3.21599984169006,13308.0,TheEmptinessMachine,HTCP,Bola,HTTP/1.1
2025-05-02 05:10:49,index,5.21599984169006,8631.0,TheEmptinessMachine,HTCP,Bola,HTTP/1.1
2025-05-02 05:10:51,index,7.21599984169006,13308.0,TheEmptinessMachine,HTCP,Bola,HTTP/1.1
2025-05-02 05:10:53,index,9.21700000762939,2781.0,TheEmptinessMachine,HTCP,Bola,HTTP/1.1
2025-05-02 05:10:55,index,11.2159998416901,330.0,TheEmptinessMachine,HTCP,Bola,HTTP/1.1
2025-05-02 05:10:57,index,13.2159998416901,330.0,TheEmptinessMachine,HTCP,Bola,HTTP/1.1
2025-05-02 05:10:59,index,15.2159998416901,1767.0,TheEmptinessMachine,HTCP,Bola,HTTP/1.1
2025-05-02 05:11:01,index,17.2159998416901,1767.0,TheEmptinessMachine,HTCP,Bola,HTTP/1.1
2025-05-02 05:11:03,index,19.2159998416901,1767.0,TheEmptinessMachine,HTCP,Bola,HTTP/1.1
2025-05-02 05:11:05,index,21.2159998416901,1767.0,TheEmptinessMachine,HTCP,Bola,HTTP/1.1
2025-05-02 05:11:07,index,23.2159998416901,1767.0,TheEmptinessMachine,HTCP,Bola,HTTP/1.1
2025-05-02 05:11:09,index,25.2159998416901,1767.0,TheEmptinessMachine,HTCP,Bola,HTTP/1.1
2025-05-02 05:11:11,index,27.2159998416901,13308.0,TheEmptinessMachine,HTCP,Bola,HTTP/1.1
2025-05-02 05:11:13,index,29.2159998416901,13308.0,TheEmptinessMachine,HTCP,Bola,HTTP/1.1
2025-05-02 05:11:15,index,31.2159998416901,13308.0,TheEmptinessMachine,HTCP,Bola,HTTP/1.1
2025-05-02 05:11:17,index,33.2159998416901,13308.0,TheEmptinessMachine,HTCP,Bola,HTTP/1.1
2025-05-02 05:11:19,index,35.2159998416901,13308.0,TheEmptinessMachine,HTCP,Bola,HTTP/1.1
2025-05-02 05:11:21,index,37.2159998416901,13308.0,TheEmptinessMachine,HTCP,Bola,HTTP/1.1
2025-05-02 05:11:23,index,39.2159998416901,13308.0,TheEmptinessMachine,HTCP,Bola,HTTP/1.1
2025-05-02 05:11:25,index,41.2159998416901,13308.0,TheEmptinessMachine,HTCP,Bola,HTTP/1.1
2025-05-02 05:11:27,index,43.2170000076294,13308.0,TheEmptinessMachine,HTCP,Bola,HTTP/1.1
2025-05-02 05:11:29,index,45.2159998416901,13308.0,TheEmptinessMachine,HTCP,Bola,HTTP/1.1
2025-05-02 05:11:31,index,47.2159998416901,13308.0,TheEmptinessMachine,HTCP,Bola,HTTP/1.1
2025-05-02 05:11:33,index,49.2159998416901,13308.0,TheEmptinessMachine,HTCP,Bola,HTTP/1.1
2025-05-02 05:11:35,index,51.2159998416901,13308.0,TheEmptinessMachine,HTCP,Bola,HTTP/1.1
2025-05-02 05:11:37,index,53.2159998416901,13308.0,TheEmptinessMachine,HTCP,Bola,HTTP/1.1
2025-05-02 05:11:39,index,55.2159998416901,13308.0,TheEmptinessMachine,HTCP,Bola,HTTP/1.1
2025-05-02 05:11:41,index,57.2159998416901,13308.0,TheEmptinessMachine,HTCP,Bola,HTTP/1.1
2025-05-02 05:11:43,index,59.2159998416901,13308.0,TheEmptinessMachine,HTCP,Bola,HTTP/1.1
2025-05-02 05:11:45,index,61.2170000076294,13308.0,TheEmptinessMachine,HTCP,Bola,HTTP/1.1
2025-05-02 05:11:47,index,63.2159998416901,13308.0,TheEmptinessMachine,HTCP,Bola,HTTP/1.1
2025-05-02 05:11:49,index,65.2159998416901,13308.0,TheEmptinessMachine,HTCP,Bola,HTTP/1.1
2025-05-02 05:11:51,index,67.2159998416901,13308.0,TheEmptinessMachine,HTCP,Bola,HTTP/1.1
2025-05-02 05:11:53,index,69.2159998416901,13308.0,TheEmptinessMachine,HTCP,Bola,HTTP/1.1
2025-05-02 05:11:55,index,71.2159998416901,13308.0,TheEmptinessMachine,HTCP,Bola,HTTP/1.1
2025-05-02 05:11:57,index,73.2170000076294,13308.0,TheEmptinessMachine,HTCP,Bola,HTTP/1.1
2025-05-02 05:11:59,index,75.2159998416901,13308.0,TheEmptinessMachine,HTCP,Bola,HTTP/1.1
2025-05-02 05:12:01,index,77.2170000076294,13308.0,TheEmptinessMachine,HTCP,Bola,HTTP/1.1
2025-05-02 05:12:03,index,79.2159998416901,13308.0,TheEmptinessMachine,HTCP,Bola,HTTP/1.1
2025-05-02 05:12:05,index,81.2159998416901,13308.0,TheEmptinessMachine,HTCP,Bola,HTTP/1.1
2025-05-02 05:12:07,index,83.2159998416901,13308.0,TheEmptinessMachine,HTCP,Bola,HTTP/1.1
2025-05-02 05:12:09,index,85.2159998416901,13308.0,TheEmptinessMachine,HTCP,Bola,HTTP/1.1
2025-05-02 05:12:11,index,87.2159998416901,13308.0,TheEmptinessMachine,HTCP,Bola,HTTP/1.1
2025-05-02 05:12:13,index,89.2170000076294,13308.0,TheEmptinessMachine,HTCP,Bola,HTTP/1.1
2025-05-02 05:12:15,index,91.2159998416901,13308.0,TheEmptinessMachine,HTCP,Bola,HTTP/1.1
2025-05-02 05:12:17,index,93.2159998416901,13308.0,TheEmptinessMachine,HTCP,Bola,HTTP/1.1
2025-05-02 05:12:19,index,95.2159998416901,13308.0,TheEmptinessMachine,HTCP,Bola,HTTP/1.1
2025-05-02 05:12:21,index,97.2159998416901,13308.0,TheEmptinessMachine,HTCP,Bola,HTTP/1.1
2025-05-02 05:12:23,index,99.2159998416901,13308.0,TheEmptinessMachine,HTCP,Bola,HTTP/1.1
2025-05-02 05:12:25,index,101.21599984169,13308.0,TheEmptinessMachine,HTCP,Bola,HTTP/1.1
2025-05-02 05:12:27,index,103.21599984169,13308.0,TheEmptinessMachine,HTCP,Bola,HTTP/1.1
2025-05-02 05:12:29,index,105.217000007629,13308.0,TheEmptinessMachine,HTCP,Bola,HTTP/1.1
2025-05-02 05:12:31,index,107.217000007629,13308.0,TheEmptinessMachine,HTCP,Bola,HTTP/1.1
2025-05-02 05:12:33,index,109.21599984169,13308.0,TheEmptinessMachine,HTCP,Bola,HTTP/1.1
2025-05-02 05:12:35,index,111.21599984169,13308.0,TheEmptinessMachine,HTCP,Bola,HTTP/1.1
2025-05-02 05:12:37,index,113.217000007629,13308.0,TheEmptinessMachine,HTCP,Bola,HTTP/1.1
2025-05-02 05:12:39,index,115.21599984169,13308.0,TheEmptinessMachine,HTCP,Bola,HTTP/1.1
2025-05-02 05:12:41,index,117.21599984169,13308.0,TheEmptinessMachine,HTCP,Bola,HTTP/1.1
2025-05-02 05:12:43,index,119.21599984169,13308.0,TheEmptinessMachine,HTCP,Bola,HTTP/1.1
2025-05-02 05:12:45,index,121.21599984169,13308.0,TheEmptinessMachine,HTCP,Bola,HTTP/1.1
2025-05-02 05:12:47,index,123.21599984169,13308.0,TheEmptinessMachine,HTCP,Bola,HTTP/1.1
2025-05-02 05:12:49,index,125.21599984169,13308.0,TheEmptinessMachine,HTCP,Bola,HTTP/1.1
2025-05-02 05:12:51,index,127.21599984169,13308.0,TheEmptinessMachine,HTCP,Bola,HTTP/1.1
2025-05-02 05:12:53,index,129.21599984169,13308.0,TheEmptinessMachine,HTCP,Bola,HTTP/1.1
2025-05-02 05:12:55,index,131.21599984169,13308.0,TheEmptinessMachine,HTCP,Bola,HTTP/1.1
2025-05-02 05:12:57,index,133.21599984169,13308.0,TheEmptinessMachine,HTCP,Bola,HTTP/1.1
2025-05-02 05:12:59,index,135.21599984169,13308.0,TheEmptinessMachine,HTCP,Bola,HTTP/1.1
2025-05-02 05:13:01,index,137.21599984169,13308.0,TheEmptinessMachine,HTCP,Bola,HTTP/1.1
2025-05-02 05:13:03,index,139.21799993515,13308.0,TheEmptinessMachine,HTCP,Bola,HTTP/1.1
2025-05-02 05:13:05,index,141.21599984169,13308.0,TheEmptinessMachine,HTCP,Bola,HTTP/1.1
2025-05-02 05:13:07,index,143.21599984169,13308.0,TheEmptinessMachine,HTCP,Bola,HTTP/1.1
2025-05-02 05:13:09,index,145.21599984169,13308.0,TheEmptinessMachine,HTCP,Bola,HTTP/1.1
2025-05-02 05:13:11,index,147.21599984169,13308.0,TheEmptinessMachine,HTCP,Bola,HTTP/1.1
2025-05-02 05:13:13,index,149.21599984169,13308.0,TheEmptinessMachine,HTCP,Bola,HTTP/1.1
2025-05-02 05:13:15,index,151.21599984169,13308.0,TheEmptinessMachine,HTCP,Bola,HTTP/1.1
2025-05-02 05:13:17,index,153.21599984169,13308.0,TheEmptinessMachine,HTCP,Bola,HTTP/1.1
2025-05-02 05:13:19,index,155.21599984169,13308.0,TheEmptinessMachine,HTCP,Bola,HTTP/1.1
2025-05-02 05:13:21,index,157.21599984169,13308.0,TheEmptinessMachine,HTCP,Bola,HTTP/1.1
2025-05-02 05:13:23,index,159.21599984169,13308.0,TheEmptinessMachine,HTCP,Bola,HTTP/1.1
2025-05-02 05:13:25,index,161.21599984169,13308.0,TheEmptinessMachine,HTCP,Bola,HTTP/1.1
2025-05-02 05:13:27,index,163.21599984169,13308.0,TheEmptinessMachine,HTCP,Bola,HTTP/1.1
2025-05-02 05:13:29,index,165.21599984169,13308.0,TheEmptinessMachine,HTCP,Bola,HTTP/1.1
2025-05-02 05:13:31,index,167.21599984169,13308.0,TheEmptinessMachine,HTCP,Bola,HTTP/1.1
2025-05-02 05:13:33,index,169.21599984169,13308.0,TheEmptinessMachine,HTCP,Bola,HTTP/1.1
2025-05-02 05:13:35,index,171.21599984169,13308.0,TheEmptinessMachine,HTCP,Bola,HTTP/1.1
2025-05-02 05:13:37,index,173.21599984169,13308.0,TheEmptinessMachine,HTCP,Bola,HTTP/1.1
2025-05-02 05:13:39,index,175.21599984169,13308.0,TheEmptinessMachine,HTCP,Bola,HTTP/1.1
2025-05-02 05:13:41,index,177.21599984169,13308.0,TheEmptinessMachine,HTCP,Bola,HTTP/1.1
2025-05-02 05:13:43,index,179.21599984169,13308.0,TheEmptinessMachine,HTCP,Bola,HTTP/1.1
2025-05-02 05:13:45,index,181.21599984169,13308.0,TheEmptinessMachine,HTCP,Bola,HTTP/1.1
2025-05-02 05:13:47,index,183.21599984169,13308.0,TheEmptinessMachine,HTCP,Bola,HTTP/1.1
2025-05-02 05:13:49,index,185.21599984169,13308.0,TheEmptinessMachine,HTCP,Bola,HTTP/1.1
2025-05-02 05:13:51,index,187.21599984169,13308.0,TheEmptinessMachine,HTCP,Bola,HTTP/1.1
2025-05-02 05:13:53,index,189.21599984169,13308.0,TheEmptinessMachine,HTCP,Bola,HTTP/1.1
2025-05-02 05:13:55,index,191.21599984169,13308.0,TheEmptinessMachine,HTCP,Bola,HTTP/1.1
2025-05-02 05:13:57,index,193.21599984169,13308.0,TheEmptinessMachine,HTCP,Bola,HTTP/1.1
2025-05-02 05:13:59,index,195.21599984169,13308.0,TheEmptinessMachine,HTCP,Bola,HTTP/1.1
2025-05-02 05:14:01,index,197.21599984169,13308.0,TheEmptinessMachine,HTCP,Bola,HTTP/1.1
2025-05-02 05:14:03,index,199.21599984169,13308.0,TheEmptinessMachine,HTCP,Bola,HTTP/1.1
2025-05-02 05:14:05,index,201.21599984169,13308.0,TheEmptinessMachine,HTCP,Bola,HTTP/1.1
2025-05-02 05:14:07,index,203.21599984169,13308.0,TheEmptinessMachine,HTCP,Bola,HTTP/1.1
2025-05-02 05:14:09,index,205.21599984169,13308.0,TheEmptinessMachine,HTCP,Bola,HTTP/1.1
2025-05-02 05:14:11,index,207.21599984169,13308.0,TheEmptinessMachine,HTCP,Bola,HTTP/1.1
2025-05-02 05:14:39,index,1.20199990272522,13308.0,TheEmptinessMachine,HTCP,Bola,HTTP/2
2025-05-02 05:14:41,index,3.20099997520447,13308.0,TheEmptinessMachine,HTCP,Bola,HTTP/2
2025-05-02 05:14:43,index,5.20099997520447,13308.0,TheEmptinessMachine,HTCP,Bola,HTTP/2
2025-05-02 05:14:45,index,7.20099997520447,4676.0,TheEmptinessMachine,HTCP,Bola,HTTP/2
2025-05-02 05:14:49,index,11.2009999752045,166.0,TheEmptinessMachine,HTCP,Bola,HTTP/2
2025-05-02 05:14:51,index,13.2009999752045,166.0,TheEmptinessMachine,HTCP,Bola,HTTP/2
2025-05-02 05:14:53,index,15.2000000476837,166.0,TheEmptinessMachine,HTCP,Bola,HTTP/2
2025-05-02 05:14:55,index,17.2009999752045,166.0,TheEmptinessMachine,HTCP,Bola,HTTP/2
2025-05-02 05:14:57,index,19.2009999752045,674.0,TheEmptinessMachine,HTCP,Bola,HTTP/2
2025-05-02 05:14:59,index,21.2009999752045,1226.0,TheEmptinessMachine,HTCP,Bola,HTTP/2
2025-05-02 05:15:01,index,23.2000000476837,1767.0,TheEmptinessMachine,HTCP,Bola,HTTP/2
2025-05-02 05:15:03,index,25.2009999752045,1767.0,TheEmptinessMachine,HTCP,Bola,HTTP/2
2025-05-02 05:15:05,index,27.2009999752045,1767.0,TheEmptinessMachine,HTCP,Bola,HTTP/2
2025-05-02 05:15:07,index,29.2009999752045,1767.0,TheEmptinessMachine,HTCP,Bola,HTTP/2
2025-05-02 05:15:09,index,31.2000000476837,1767.0,TheEmptinessMachine,HTCP,Bola,HTTP/2
2025-05-02 05:15:11,index,33.2160000801086,13308.0,TheEmptinessMachine,HTCP,Bola,HTTP/2
2025-05-02 05:15:13,index,35.2000000476837,13308.0,TheEmptinessMachine,HTCP,Bola,HTTP/2
2025-05-02 05:15:15,index,37.2009999752045,13308.0,TheEmptinessMachine,HTCP,Bola,HTTP/2
2025-05-02 05:15:17,index,39.2009999752045,13308.0,TheEmptinessMachine,HTCP,Bola,HTTP/2
2025-05-02 05:15:19,index,41.2009999752045,13308.0,TheEmptinessMachine,HTCP,Bola,HTTP/2
2025-05-02 05:15:21,index,43.2009999752045,13308.0,TheEmptinessMachine,HTCP,Bola,HTTP/2
2025-05-02 05:15:23,index,45.2009999752045,13308.0,TheEmptinessMachine,HTCP,Bola,HTTP/2
2025-05-02 05:15:25,index,47.2009999752045,13308.0,TheEmptinessMachine,HTCP,Bola,HTTP/2
2025-05-02 05:15:27,index,49.2009999752045,13308.0,TheEmptinessMachine,HTCP,Bola,HTTP/2
2025-05-02 05:15:29,index,51.2009999752045,13308.0,TheEmptinessMachine,HTCP,Bola,HTTP/2
2025-05-02 05:15:31,index,53.2009999752045,13308.0,TheEmptinessMachine,HTCP,Bola,HTTP/2
2025-05-02 05:15:33,index,55.2000000476837,13308.0,TheEmptinessMachine,HTCP,Bola,HTTP/2
2025-05-02 05:15:35,index,57.2009999752045,13308.0,TheEmptinessMachine,HTCP,Bola,HTTP/2
2025-05-02 05:15:37,index,59.2009999752045,13308.0,TheEmptinessMachine,HTCP,Bola,HTTP/2
2025-05-02 05:15:39,index,61.2009999752045,13308.0,TheEmptinessMachine,HTCP,Bola,HTTP/2
2025-05-02 05:15:41,index,63.2000000476837,13308.0,TheEmptinessMachine,HTCP,Bola,HTTP/2
2025-05-02 05:15:43,index,65.2000000476837,13308.0,TheEmptinessMachine,HTCP,Bola,HTTP/2
2025-05-02 05:15:45,index,67.2009999752045,13308.0,TheEmptinessMachine,HTCP,Bola,HTTP/2
2025-05-02 05:15:47,index,69.2009999752045,13308.0,TheEmptinessMachine,HTCP,Bola,HTTP/2
2025-05-02 05:15:49,index,71.2009999752045,13308.0,TheEmptinessMachine,HTCP,Bola,HTTP/2
2025-05-02 05:15:51,index,73.2009999752045,13308.0,TheEmptinessMachine,HTCP,Bola,HTTP/2
2025-05-02 05:15:53,index,75.2009999752045,13308.0,TheEmptinessMachine,HTCP,Bola,HTTP/2
2025-05-02 05:15:55,index,77.2009999752045,13308.0,TheEmptinessMachine,HTCP,Bola,HTTP/2
2025-05-02 05:15:57,index,79.2009999752045,13308.0,TheEmptinessMachine,HTCP,Bola,HTTP/2
2025-05-02 05:15:59,index,81.2009999752045,13308.0,TheEmptinessMachine,HTCP,Bola,HTTP/2
2025-05-02 05:16:01,index,83.2009999752045,13308.0,TheEmptinessMachine,HTCP,Bola,HTTP/2
2025-05-02 05:16:03,index,85.2019999027252,13308.0,TheEmptinessMachine,HTCP,Bola,HTTP/2
2025-05-02 05:16:05,index,87.2009999752045,13308.0,TheEmptinessMachine,HTCP,Bola,HTTP/2
2025-05-02 05:16:07,index,89.2009999752045,13308.0,TheEmptinessMachine,HTCP,Bola,HTTP/2
2025-05-02 05:16:09,index,91.2000000476837,13308.0,TheEmptinessMachine,HTCP,Bola,HTTP/2
2025-05-02 05:16:11,index,93.2009999752045,13308.0,TheEmptinessMachine,HTCP,Bola,HTTP/2
2025-05-02 05:16:13,index,95.2009999752045,13308.0,TheEmptinessMachine,HTCP,Bola,HTTP/2
2025-05-02 05:16:15,index,97.2009999752045,13308.0,TheEmptinessMachine,HTCP,Bola,HTTP/2
2025-05-02 05:16:17,index,99.2009999752045,13308.0,TheEmptinessMachine,HTCP,Bola,HTTP/2
2025-05-02 05:16:19,index,101.200999975204,13308.0,TheEmptinessMachine,HTCP,Bola,HTTP/2
2025-05-02 05:16:21,index,103.200999975204,13308.0,TheEmptinessMachine,HTCP,Bola,HTTP/2
2025-05-02 05:16:23,index,105.200999975204,13308.0,TheEmptinessMachine,HTCP,Bola,HTTP/2
2025-05-02 05:16:25,index,107.200000047684,13308.0,TheEmptinessMachine,HTCP,Bola,HTTP/2
2025-05-02 05:16:27,index,109.200999975204,13308.0,TheEmptinessMachine,HTCP,Bola,HTTP/2
2025-05-02 05:16:29,index,111.200999975204,13308.0,TheEmptinessMachine,HTCP,Bola,HTTP/2
2025-05-02 05:16:31,index,113.200999975204,13308.0,TheEmptinessMachine,HTCP,Bola,HTTP/2
2025-05-02 05:16:33,index,115.200999975204,13308.0,TheEmptinessMachine,HTCP,Bola,HTTP/2
2025-05-02 05:16:35,index,117.200999975204,13308.0,TheEmptinessMachine,HTCP,Bola,HTTP/2
2025-05-02 05:16:37,index,119.200999975204,13308.0,TheEmptinessMachine,HTCP,Bola,HTTP/2
2025-05-02 05:16:39,index,121.200999975204,13308.0,TheEmptinessMachine,HTCP,Bola,HTTP/2
2025-05-02 05:16:41,index,123.200999975204,13308.0,TheEmptinessMachine,HTCP,Bola,HTTP/2
2025-05-02 05:16:43,index,125.200999975204,13308.0,TheEmptinessMachine,HTCP,Bola,HTTP/2
2025-05-02 05:16:45,index,127.200999975204,13308.0,TheEmptinessMachine,HTCP,Bola,HTTP/2
2025-05-02 05:16:47,index,129.200999975204,13308.0,TheEmptinessMachine,HTCP,Bola,HTTP/2
2025-05-02 05:16:49,index,131.200999975204,13308.0,TheEmptinessMachine,HTCP,Bola,HTTP/2
2025-05-02 05:16:51,index,133.200999975204,13308.0,TheEmptinessMachine,HTCP,Bola,HTTP/2
2025-05-02 05:16:53,index,135.200999975204,13308.0,TheEmptinessMachine,HTCP,Bola,HTTP/2
2025-05-02 05:16:55,index,137.200999975204,13308.0,TheEmptinessMachine,HTCP,Bola,HTTP/2
2025-05-02 05:16:57,index,139.200999975204,13308.0,TheEmptinessMachine,HTCP,Bola,HTTP/2
2025-05-02 05:16:59,index,141.200999975204,13308.0,TheEmptinessMachine,HTCP,Bola,HTTP/2
2025-05-02 05:17:01,index,143.200999975204,13308.0,TheEmptinessMachine,HTCP,Bola,HTTP/2
2025-05-02 05:17:03,index,145.200999975204,13308.0,TheEmptinessMachine,HTCP,Bola,HTTP/2
2025-05-02 05:17:05,index,147.200999975204,13308.0,TheEmptinessMachine,HTCP,Bola,HTTP/2
2025-05-02 05:17:07,index,149.200999975204,13308.0,TheEmptinessMachine,HTCP,Bola,HTTP/2
2025-05-02 05:17:09,index,151.200999975204,13308.0,TheEmptinessMachine,HTCP,Bola,HTTP/2
2025-05-02 05:17:11,index,153.200999975204,13308.0,TheEmptinessMachine,HTCP,Bola,HTTP/2
2025-05-02 05:17:13,index,155.200999975204,13308.0,TheEmptinessMachine,HTCP,Bola,HTTP/2
2025-05-02 05:17:15,index,157.201999902725,13308.0,TheEmptinessMachine,HTCP,Bola,HTTP/2
2025-05-02 05:17:17,index,159.200999975204,13308.0,TheEmptinessMachine,HTCP,Bola,HTTP/2
2025-05-02 05:17:19,index,161.200999975204,13308.0,TheEmptinessMachine,HTCP,Bola,HTTP/2
2025-05-02 05:17:21,index,163.200999975204,13308.0,TheEmptinessMachine,HTCP,Bola,HTTP/2
2025-05-02 05:17:23,index,165.200999975204,13308.0,TheEmptinessMachine,HTCP,Bola,HTTP/2
2025-05-02 05:17:25,index,167.200999975204,13308.0,TheEmptinessMachine,HTCP,Bola,HTTP/2
2025-05-02 05:17:27,index,169.236999988556,13308.0,TheEmptinessMachine,HTCP,Bola,HTTP/2
2025-05-02 05:17:29,index,171.200999975204,13308.0,TheEmptinessMachine,HTCP,Bola,HTTP/2
2025-05-02 05:17:31,index,173.200000047684,13308.0,TheEmptinessMachine,HTCP,Bola,HTTP/2
2025-05-02 05:17:33,index,175.200999975204,13308.0,TheEmptinessMachine,HTCP,Bola,HTTP/2
2025-05-02 05:17:35,index,177.200000047684,13308.0,TheEmptinessMachine,HTCP,Bola,HTTP/2
2025-05-02 05:17:37,index,179.200999975204,13308.0,TheEmptinessMachine,HTCP,Bola,HTTP/2
2025-05-02 05:17:39,index,181.200999975204,13308.0,TheEmptinessMachine,HTCP,Bola,HTTP/2
2025-05-02 05:17:41,index,183.200999975204,13308.0,TheEmptinessMachine,HTCP,Bola,HTTP/2
2025-05-02 05:17:43,index,185.200999975204,13308.0,TheEmptinessMachine,HTCP,Bola,HTTP/2
2025-05-02 05:17:45,index,187.200999975204,13308.0,TheEmptinessMachine,HTCP,Bola,HTTP/2
2025-05-02 05:17:47,index,189.200999975204,13308.0,TheEmptinessMachine,HTCP,Bola,HTTP/2
2025-05-02 05:17:49,index,191.200999975204,13308.0,TheEmptinessMachine,HTCP,Bola,HTTP/2
2025-05-02 05:17:51,index,193.200999975204,13308.0,TheEmptinessMachine,HTCP,Bola,HTTP/2
2025-05-02 05:17:53,index,195.200999975204,13308.0,TheEmptinessMachine,HTCP,Bola,HTTP/2
2025-05-02 05:17:55,index,197.200000047684,13308.0,TheEmptinessMachine,HTCP,Bola,HTTP/2
2025-05-02 05:17:57,index,199.200999975204,13308.0,TheEmptinessMachine,HTCP,Bola,HTTP/2
2025-05-02 05:17:59,index,201.200999975204,13308.0,TheEmptinessMachine,HTCP,Bola,HTTP/2
2025-05-02 05:18:01,index,203.200999975204,13308.0,TheEmptinessMachine,HTCP,Bola,HTTP/2
2025-05-02 05:18:03,index,205.200999975204,13308.0,TheEmptinessMachine,HTCP,Bola,HTTP/2
2025-05-02 05:18:05,index,207.200999975204,13308.0,TheEmptinessMachine,HTCP,Bola,HTTP/2
2025-05-02 05:18:07,index,209.200999975204,13308.0,TheEmptinessMachine,HTCP,Bola,HTTP/2
2025-05-02 05:18:33,index,1.2039999961853,8631.0,TheEmptinessMachine,HTCP,Bola,HTTP/3
2025-05-02 05:18:35,index,3.20300006866455,13308.0,TheEmptinessMachine,HTCP,Bola,HTTP/3
2025-05-02 05:18:37,index,5.20300006866455,8631.0,TheEmptinessMachine,HTCP,Bola,HTTP/3
2025-05-02 05:18:39,index,7.20300006866455,13308.0,TheEmptinessMachine,HTCP,Bola,HTTP/3
2025-05-02 05:18:41,index,9.20199990272522,2781.0,TheEmptinessMachine,HTCP,Bola,HTTP/3
2025-05-02 05:18:43,index,11.2030000686646,330.0,TheEmptinessMachine,HTCP,Bola,HTTP/3
2025-05-02 05:18:45,index,13.2030000686646,330.0,TheEmptinessMachine,HTCP,Bola,HTTP/3
2025-05-02 05:18:47,index,15.2030000686646,2781.0,TheEmptinessMachine,HTCP,Bola,HTTP/3
2025-05-02 05:18:49,index,17.2030000686646,1767.0,TheEmptinessMachine,HTCP,Bola,HTTP/3
2025-05-02 05:18:51,index,19.2030000686646,1767.0,TheEmptinessMachine,HTCP,Bola,HTTP/3
2025-05-02 05:18:53,index,21.2030000686646,1767.0,TheEmptinessMachine,HTCP,Bola,HTTP/3
2025-05-02 05:18:55,index,23.2030000686646,1767.0,TheEmptinessMachine,HTCP,Bola,HTTP/3
2025-05-02 05:18:57,index,25.2030000686646,1767.0,TheEmptinessMachine,HTCP,Bola,HTTP/3
2025-05-02 05:18:59,index,27.2030000686646,13308.0,TheEmptinessMachine,HTCP,Bola,HTTP/3
2025-05-02 05:19:01,index,29.2030000686646,13308.0,TheEmptinessMachine,HTCP,Bola,HTTP/3
2025-05-02 05:19:03,index,31.2030000686646,13308.0,TheEmptinessMachine,HTCP,Bola,HTTP/3
2025-05-02 05:19:05,index,33.2030000686646,13308.0,TheEmptinessMachine,HTCP,Bola,HTTP/3
2025-05-02 05:19:07,index,35.2030000686646,13308.0,TheEmptinessMachine,HTCP,Bola,HTTP/3
2025-05-02 05:19:09,index,37.2030000686646,13308.0,TheEmptinessMachine,HTCP,Bola,HTTP/3
2025-05-02 05:19:11,index,39.2030000686646,13308.0,TheEmptinessMachine,HTCP,Bola,HTTP/3
2025-05-02 05:19:13,index,41.2030000686646,13308.0,TheEmptinessMachine,HTCP,Bola,HTTP/3
2025-05-02 05:19:15,index,43.2030000686646,13308.0,TheEmptinessMachine,HTCP,Bola,HTTP/3
2025-05-02 05:19:17,index,45.2030000686646,13308.0,TheEmptinessMachine,HTCP,Bola,HTTP/3
2025-05-02 05:19:19,index,47.2030000686646,13308.0,TheEmptinessMachine,HTCP,Bola,HTTP/3
2025-05-02 05:19:21,index,49.2030000686646,13308.0,TheEmptinessMachine,HTCP,Bola,HTTP/3
2025-05-02 05:19:23,index,51.2030000686646,13308.0,TheEmptinessMachine,HTCP,Bola,HTTP/3
2025-05-02 05:19:25,index,53.2070000171661,13308.0,TheEmptinessMachine,HTCP,Bola,HTTP/3
2025-05-02 05:19:27,index,55.2030000686646,13308.0,TheEmptinessMachine,HTCP,Bola,HTTP/3
2025-05-02 05:19:29,index,57.2039999961853,13308.0,TheEmptinessMachine,HTCP,Bola,HTTP/3
2025-05-02 05:19:31,index,59.2030000686646,13308.0,TheEmptinessMachine,HTCP,Bola,HTTP/3
2025-05-02 05:19:33,index,61.2030000686646,13308.0,TheEmptinessMachine,HTCP,Bola,HTTP/3
2025-05-02 05:19:35,index,63.2030000686646,13308.0,TheEmptinessMachine,HTCP,Bola,HTTP/3
2025-05-02 05:19:37,index,65.2039999961853,13308.0,TheEmptinessMachine,HTCP,Bola,HTTP/3
2025-05-02 05:19:39,index,67.2039999961853,13308.0,TheEmptinessMachine,HTCP,Bola,HTTP/3
2025-05-02 05:19:41,index,69.2030000686646,13308.0,TheEmptinessMachine,HTCP,Bola,HTTP/3
2025-05-02 05:19:43,index,71.2030000686646,13308.0,TheEmptinessMachine,HTCP,Bola,HTTP/3
2025-05-02 05:19:45,index,73.2030000686646,13308.0,TheEmptinessMachine,HTCP,Bola,HTTP/3
2025-05-02 05:19:47,index,75.2030000686646,13308.0,TheEmptinessMachine,HTCP,Bola,HTTP/3
2025-05-02 05:19:49,index,77.2030000686646,13308.0,TheEmptinessMachine,HTCP,Bola,HTTP/3
2025-05-02 05:19:51,index,79.2039999961853,13308.0,TheEmptinessMachine,HTCP,Bola,HTTP/3
2025-05-02 05:19:53,index,81.2039999961853,13308.0,TheEmptinessMachine,HTCP,Bola,HTTP/3
2025-05-02 05:19:55,index,83.2030000686646,13308.0,TheEmptinessMachine,HTCP,Bola,HTTP/3
2025-05-02 05:19:57,index,85.2030000686646,13308.0,TheEmptinessMachine,HTCP,Bola,HTTP/3
2025-05-02 05:19:59,index,87.2030000686646,13308.0,TheEmptinessMachine,HTCP,Bola,HTTP/3
2025-05-02 05:20:01,index,89.2030000686646,13308.0,TheEmptinessMachine,HTCP,Bola,HTTP/3
2025-05-02 05:20:03,index,91.2030000686646,13308.0,TheEmptinessMachine,HTCP,Bola,HTTP/3
2025-05-02 05:20:05,index,93.2030000686646,13308.0,TheEmptinessMachine,HTCP,Bola,HTTP/3
2025-05-02 05:20:07,index,95.2030000686646,13308.0,TheEmptinessMachine,HTCP,Bola,HTTP/3
2025-05-02 05:20:09,index,97.2030000686646,13308.0,TheEmptinessMachine,HTCP,Bola,HTTP/3
2025-05-02 05:20:11,index,99.2030000686646,13308.0,TheEmptinessMachine,HTCP,Bola,HTTP/3
2025-05-02 05:20:13,index,101.203000068665,13308.0,TheEmptinessMachine,HTCP,Bola,HTTP/3
2025-05-02 05:20:15,index,103.203000068665,13308.0,TheEmptinessMachine,HTCP,Bola,HTTP/3
2025-05-02 05:20:17,index,105.203000068665,13308.0,TheEmptinessMachine,HTCP,Bola,HTTP/3
2025-05-02 05:20:19,index,107.203000068665,13308.0,TheEmptinessMachine,HTCP,Bola,HTTP/3
2025-05-02 05:20:21,index,109.203000068665,13308.0,TheEmptinessMachine,HTCP,Bola,HTTP/3
2025-05-02 05:20:23,index,111.203000068665,13308.0,TheEmptinessMachine,HTCP,Bola,HTTP/3
2025-05-02 05:20:25,index,113.203000068665,13308.0,TheEmptinessMachine,HTCP,Bola,HTTP/3
2025-05-02 05:20:27,index,115.203000068665,13308.0,TheEmptinessMachine,HTCP,Bola,HTTP/3
2025-05-02 05:20:29,index,117.204999923706,13308.0,TheEmptinessMachine,HTCP,Bola,HTTP/3
2025-05-02 05:20:31,index,119.203000068665,13308.0,TheEmptinessMachine,HTCP,Bola,HTTP/3
2025-05-02 05:20:33,index,121.203000068665,13308.0,TheEmptinessMachine,HTCP,Bola,HTTP/3
2025-05-02 05:20:35,index,123.203000068665,13308.0,TheEmptinessMachine,HTCP,Bola,HTTP/3
2025-05-02 05:20:37,index,125.203000068665,13308.0,TheEmptinessMachine,HTCP,Bola,HTTP/3
2025-05-02 05:20:39,index,127.203000068665,13308.0,TheEmptinessMachine,HTCP,Bola,HTTP/3
2025-05-02 05:20:41,index,129.203000068665,13308.0,TheEmptinessMachine,HTCP,Bola,HTTP/3
2025-05-02 05:20:43,index,131.203999996185,13308.0,TheEmptinessMachine,HTCP,Bola,HTTP/3
2025-05-02 05:20:45,index,133.203000068665,13308.0,TheEmptinessMachine,HTCP,Bola,HTTP/3
2025-05-02 05:20:47,index,135.201999902725,13308.0,TheEmptinessMachine,HTCP,Bola,HTTP/3
2025-05-02 05:20:49,index,137.203000068665,13308.0,TheEmptinessMachine,HTCP,Bola,HTTP/3
2025-05-02 05:20:51,index,139.203000068665,13308.0,TheEmptinessMachine,HTCP,Bola,HTTP/3
2025-05-02 05:20:53,index,141.217000007629,13308.0,TheEmptinessMachine,HTCP,Bola,HTTP/3
2025-05-02 05:20:55,index,143.203000068665,13308.0,TheEmptinessMachine,HTCP,Bola,HTTP/3
2025-05-02 05:20:57,index,145.203000068665,13308.0,TheEmptinessMachine,HTCP,Bola,HTTP/3
2025-05-02 05:20:59,index,147.203000068665,13308.0,TheEmptinessMachine,HTCP,Bola,HTTP/3
2025-05-02 05:21:01,index,149.203000068665,13308.0,TheEmptinessMachine,HTCP,Bola,HTTP/3
2025-05-02 05:21:03,index,151.203000068665,13308.0,TheEmptinessMachine,HTCP,Bola,HTTP/3
2025-05-02 05:21:05,index,153.203000068665,13308.0,TheEmptinessMachine,HTCP,Bola,HTTP/3
2025-05-02 05:21:07,index,155.203000068665,13308.0,TheEmptinessMachine,HTCP,Bola,HTTP/3
2025-05-02 05:21:09,index,157.203000068665,13308.0,TheEmptinessMachine,HTCP,Bola,HTTP/3
2025-05-02 05:21:11,index,159.203000068665,13308.0,TheEmptinessMachine,HTCP,Bola,HTTP/3
2025-05-02 05:21:13,index,161.203000068665,13308.0,TheEmptinessMachine,HTCP,Bola,HTTP/3
2025-05-02 05:21:15,index,163.203000068665,13308.0,TheEmptinessMachine,HTCP,Bola,HTTP/3
2025-05-02 05:21:17,index,165.203000068665,13308.0,TheEmptinessMachine,HTCP,Bola,HTTP/3
2025-05-02 05:21:19,index,167.203000068665,13308.0,TheEmptinessMachine,HTCP,Bola,HTTP/3
2025-05-02 05:21:21,index,169.203000068665,13308.0,TheEmptinessMachine,HTCP,Bola,HTTP/3
2025-05-02 05:21:23,index,171.201999902725,13308.0,TheEmptinessMachine,HTCP,Bola,HTTP/3
2025-05-02 05:21:25,index,173.203000068665,13308.0,TheEmptinessMachine,HTCP,Bola,HTTP/3
2025-05-02 05:21:27,index,175.203999996185,13308.0,TheEmptinessMachine,HTCP,Bola,HTTP/3
2025-05-02 05:21:29,index,177.209000110626,13308.0,TheEmptinessMachine,HTCP,Bola,HTTP/3
2025-05-02 05:21:31,index,179.203000068665,13308.0,TheEmptinessMachine,HTCP,Bola,HTTP/3
2025-05-02 05:21:33,index,181.203000068665,13308.0,TheEmptinessMachine,HTCP,Bola,HTTP/3
2025-05-02 05:21:35,index,183.203000068665,13308.0,TheEmptinessMachine,HTCP,Bola,HTTP/3
2025-05-02 05:21:37,index,185.203000068665,13308.0,TheEmptinessMachine,HTCP,Bola,HTTP/3
2025-05-02 05:21:39,index,187.203000068665,13308.0,TheEmptinessMachine,HTCP,Bola,HTTP/3
2025-05-02 05:21:41,index,189.204999923706,13308.0,TheEmptinessMachine,HTCP,Bola,HTTP/3
2025-05-02 05:21:43,index,191.203000068665,13308.0,TheEmptinessMachine,HTCP,Bola,HTTP/3
2025-05-02 05:21:45,index,193.203000068665,13308.0,TheEmptinessMachine,HTCP,Bola,HTTP/3
2025-05-02 05:21:47,index,195.203000068665,13308.0,TheEmptinessMachine,HTCP,Bola,HTTP/3
2025-05-02 05:21:49,index,197.203000068665,13308.0,TheEmptinessMachine,HTCP,Bola,HTTP/3
2025-05-02 05:21:51,index,199.203000068665,13308.0,TheEmptinessMachine,HTCP,Bola,HTTP/3
2025-05-02 05:21:53,index,201.203000068665,13308.0,TheEmptinessMachine,HTCP,Bola,HTTP/3
2025-05-02 05:21:55,index,203.203000068665,13308.0,TheEmptinessMachine,HTCP,Bola,HTTP/3
2025-05-02 05:21:57,index,205.203000068665,13308.0,TheEmptinessMachine,HTCP,Bola,HTTP/3
2025-05-02 05:21:59,index,207.203000068665,13308.0,TheEmptinessMachine,HTCP,Bola,HTTP/3
2025-05-02 05:22:27,index,1.23099994659424,13308.0,TheEmptinessMachine,HTCP,Festive,HTTP/1.1
2025-05-02 05:22:29,index,3.23000001907349,13308.0,TheEmptinessMachine,HTCP,Festive,HTTP/1.1
2025-05-02 05:22:31,index,5.23000001907349,2781.0,TheEmptinessMachine,HTCP,Festive,HTTP/1.1
2025-05-02 05:22:33,index,7.23000001907349,2781.0,TheEmptinessMachine,HTCP,Festive,HTTP/1.1
2025-05-02 05:22:35,index,9.23000001907349,2781.0,TheEmptinessMachine,HTCP,Festive,HTTP/1.1
2025-05-02 05:22:37,index,11.2300000190735,2781.0,TheEmptinessMachine,HTCP,Festive,HTTP/1.1
2025-05-02 05:22:41,index,15.2300000190735,4676.0,TheEmptinessMachine,HTCP,Festive,HTTP/1.1
2025-05-02 05:22:43,index,17.2300000190735,4676.0,TheEmptinessMachine,HTCP,Festive,HTTP/1.1
2025-05-02 05:22:45,index,19.2300000190735,8631.0,TheEmptinessMachine,HTCP,Festive,HTTP/1.1
2025-05-02 05:22:47,index,21.2300000190735,4692.0,TheEmptinessMachine,HTCP,Festive,HTTP/1.1
2025-05-02 05:22:49,index,23.2300000190735,4676.0,TheEmptinessMachine,HTCP,Festive,HTTP/1.1
2025-05-02 05:22:51,index,25.2300000190735,4692.0,TheEmptinessMachine,HTCP,Festive,HTTP/1.1
2025-05-02 05:22:53,index,27.2300000190735,4676.0,TheEmptinessMachine,HTCP,Festive,HTTP/1.1
2025-05-02 05:22:55,index,29.2320001125336,4676.0,TheEmptinessMachine,HTCP,Festive,HTTP/1.1
2025-05-02 05:22:57,index,31.2300000190735,3486.0,TheEmptinessMachine,HTCP,Festive,HTTP/1.1
2025-05-02 05:22:59,index,33.2300000190735,3486.0,TheEmptinessMachine,HTCP,Festive,HTTP/1.1
2025-05-02 05:23:01,index,35.2300000190735,3486.0,TheEmptinessMachine,HTCP,Festive,HTTP/1.1
2025-05-02 05:23:03,index,37.2300000190735,3486.0,TheEmptinessMachine,HTCP,Festive,HTTP/1.1
2025-05-02 05:23:05,index,39.2300000190735,3486.0,TheEmptinessMachine,HTCP,Festive,HTTP/1.1
2025-05-02 05:23:07,index,41.2300000190735,3486.0,TheEmptinessMachine,HTCP,Festive,HTTP/1.1
2025-05-02 05:23:09,index,43.2300000190735,3486.0,TheEmptinessMachine,HTCP,Festive,HTTP/1.1
2025-05-02 05:23:11,index,45.2300000190735,13308.0,TheEmptinessMachine,HTCP,Festive,HTTP/1.1
2025-05-02 05:23:13,index,47.2300000190735,13308.0,TheEmptinessMachine,HTCP,Festive,HTTP/1.1
2025-05-02 05:23:15,index,49.2300000190735,13308.0,TheEmptinessMachine,HTCP,Festive,HTTP/1.1
2025-05-02 05:23:17,index,51.2300000190735,13308.0,TheEmptinessMachine,HTCP,Festive,HTTP/1.1
2025-05-02 05:23:19,index,53.2300000190735,8631.0,TheEmptinessMachine,HTCP,Festive,HTTP/1.1
2025-05-02 05:23:21,index,55.2300000190735,4692.0,TheEmptinessMachine,HTCP,Festive,HTTP/1.1
2025-05-02 05:23:23,index,57.2300000190735,13308.0,TheEmptinessMachine,HTCP,Festive,HTTP/1.1
2025-05-02 05:23:25,index,59.2300000190735,13308.0,TheEmptinessMachine,HTCP,Festive,HTTP/1.1
2025-05-02 05:23:27,index,61.2300000190735,13308.0,TheEmptinessMachine,HTCP,Festive,HTTP/1.1
2025-05-02 05:23:29,index,63.2300000190735,8631.0,TheEmptinessMachine,HTCP,Festive,HTTP/1.1
2025-05-02 05:23:31,index,65.2300000190735,1767.0,TheEmptinessMachine,HTCP,Festive,HTTP/1.1
2025-05-02 05:23:33,index,67.2300000190735,13308.0,TheEmptinessMachine,HTCP,Festive,HTTP/1.1
2025-05-02 05:23:35,index,69.2300000190735,13308.0,TheEmptinessMachine,HTCP,Festive,HTTP/1.1
2025-05-02 05:23:37,index,71.2300000190735,2781.0,TheEmptinessMachine,HTCP,Festive,HTTP/1.1
2025-05-02 05:23:39,index,73.2300000190735,4676.0,TheEmptinessMachine,HTCP,Festive,HTTP/1.1
2025-05-02 05:23:41,index,75.2300000190735,13308.0,TheEmptinessMachine,HTCP,Festive,HTTP/1.1
2025-05-02 05:23:43,index,77.2300000190735,2781.0,TheEmptinessMachine,HTCP,Festive,HTTP/1.1
2025-05-02 05:23:45,index,79.2300000190735,8631.0,TheEmptinessMachine,HTCP,Festive,HTTP/1.1
2025-05-02 05:23:47,index,81.2300000190735,13308.0,TheEmptinessMachine,HTCP,Festive,HTTP/1.1
2025-05-02 05:23:49,index,83.2300000190735,13308.0,TheEmptinessMachine,HTCP,Festive,HTTP/1.1
2025-05-02 05:23:51,index,85.2300000190735,8631.0,TheEmptinessMachine,HTCP,Festive,HTTP/1.1
2025-05-02 05:23:53,index,87.2300000190735,13308.0,TheEmptinessMachine,HTCP,Festive,HTTP/1.1
2025-05-02 05:23:55,index,89.2300000190735,4676.0,TheEmptinessMachine,HTCP,Festive,HTTP/1.1
2025-05-02 05:23:57,index,91.2300000190735,13308.0,TheEmptinessMachine,HTCP,Festive,HTTP/1.1
2025-05-02 05:23:59,index,93.2300000190735,2781.0,TheEmptinessMachine,HTCP,Festive,HTTP/1.1
2025-05-02 05:24:01,index,95.2300000190735,8631.0,TheEmptinessMachine,HTCP,Festive,HTTP/1.1
2025-05-02 05:24:03,index,97.2300000190735,8631.0,TheEmptinessMachine,HTCP,Festive,HTTP/1.1
2025-05-02 05:24:05,index,99.2300000190735,4692.0,TheEmptinessMachine,HTCP,Festive,HTTP/1.1
2025-05-02 05:24:07,index,101.230000019073,13308.0,TheEmptinessMachine,HTCP,Festive,HTTP/1.1
2025-05-02 05:24:09,index,103.230000019073,13308.0,TheEmptinessMachine,HTCP,Festive,HTTP/1.1
2025-05-02 05:24:11,index,105.230000019073,13308.0,TheEmptinessMachine,HTCP,Festive,HTTP/1.1
2025-05-02 05:24:13,index,107.230000019073,8631.0,TheEmptinessMachine,HTCP,Festive,HTTP/1.1
2025-05-02 05:24:15,index,109.230000019073,1767.0,TheEmptinessMachine,HTCP,Festive,HTTP/1.1
2025-05-02 05:24:17,index,111.230000019073,13308.0,TheEmptinessMachine,HTCP,Festive,HTTP/1.1
2025-05-02 05:24:19,index,113.230000019073,13308.0,TheEmptinessMachine,HTCP,Festive,HTTP/1.1
2025-05-02 05:24:21,index,115.230000019073,2781.0,TheEmptinessMachine,HTCP,Festive,HTTP/1.1
2025-05-02 05:24:23,index,117.230000019073,8631.0,TheEmptinessMachine,HTCP,Festive,HTTP/1.1
2025-05-02 05:24:25,index,119.230000019073,13308.0,TheEmptinessMachine,HTCP,Festive,HTTP/1.1
2025-05-02 05:24:27,index,121.230000019073,2781.0,TheEmptinessMachine,HTCP,Festive,HTTP/1.1
2025-05-02 05:24:29,index,123.230000019073,8631.0,TheEmptinessMachine,HTCP,Festive,HTTP/1.1
2025-05-02 05:24:31,index,125.230000019073,13308.0,TheEmptinessMachine,HTCP,Festive,HTTP/1.1
2025-05-02 05:24:33,index,127.230000019073,2781.0,TheEmptinessMachine,HTCP,Festive,HTTP/1.1
2025-05-02 05:24:35,index,129.230000019073,13308.0,TheEmptinessMachine,HTCP,Festive,HTTP/1.1
2025-05-02 05:24:37,index,131.230000019073,1106.0,TheEmptinessMachine,HTCP,Festive,HTTP/1.1
2025-05-02 05:24:39,index,133.230000019073,4676.0,TheEmptinessMachine,HTCP,Festive,HTTP/1.1
2025-05-02 05:24:41,index,135.230000019073,8631.0,TheEmptinessMachine,HTCP,Festive,HTTP/1.1
2025-05-02 05:24:43,index,137.230000019073,4692.0,TheEmptinessMachine,HTCP,Festive,HTTP/1.1
2025-05-02 05:24:45,index,139.230000019073,8631.0,TheEmptinessMachine,HTCP,Festive,HTTP/1.1
2025-05-02 05:24:47,index,141.230000019073,4676.0,TheEmptinessMachine,HTCP,Festive,HTTP/1.1
2025-05-02 05:24:49,index,143.230999946594,4692.0,TheEmptinessMachine,HTCP,Festive,HTTP/1.1
2025-05-02 05:24:51,index,145.230000019073,4676.0,TheEmptinessMachine,HTCP,Festive,HTTP/1.1
2025-05-02 05:24:53,index,147.233999967575,4676.0,TheEmptinessMachine,HTCP,Festive,HTTP/1.1
2025-05-02 05:24:55,index,149.230000019073,3486.0,TheEmptinessMachine,HTCP,Festive,HTTP/1.1
2025-05-02 05:24:57,index,151.230000019073,3486.0,TheEmptinessMachine,HTCP,Festive,HTTP/1.1
2025-05-02 05:24:59,index,153.230000019073,3486.0,TheEmptinessMachine,HTCP,Festive,HTTP/1.1
2025-05-02 05:25:01,index,155.230000019073,3486.0,TheEmptinessMachine,HTCP,Festive,HTTP/1.1
2025-05-02 05:25:03,index,157.230000019073,3486.0,TheEmptinessMachine,HTCP,Festive,HTTP/1.1
2025-05-02 05:25:05,index,159.230000019073,3486.0,TheEmptinessMachine,HTCP,Festive,HTTP/1.1
2025-05-02 05:25:07,index,161.230000019073,3486.0,TheEmptinessMachine,HTCP,Festive,HTTP/1.1
2025-05-02 05:25:09,index,163.230000019073,,TheEmptinessMachine,HTCP,Festive,HTTP/1.1
2025-05-02 05:25:11,index,165.230000019073,,TheEmptinessMachine,HTCP,Festive,HTTP/1.1
2025-05-02 05:25:13,index,167.230000019073,,TheEmptinessMachine,HTCP,Festive,HTTP/1.1
2025-05-02 05:25:15,index,169.230000019073,18625.0,TheEmptinessMachine,HTCP,Festive,HTTP/1.1
2025-05-02 05:25:17,index,171.230000019073,18625.0,TheEmptinessMachine,HTCP,Festive,HTTP/1.1
2025-05-02 05:25:19,index,173.230000019073,8631.0,TheEmptinessMachine,HTCP,Festive,HTTP/1.1
2025-05-02 05:25:21,index,175.230000019073,1767.0,TheEmptinessMachine,HTCP,Festive,HTTP/1.1
2025-05-02 05:25:23,index,177.230000019073,76.0,TheEmptinessMachine,HTCP,Festive,HTTP/1.1
2025-05-02 05:25:25,index,179.230000019073,76.0,TheEmptinessMachine,HTCP,Festive,HTTP/1.1
2025-05-02 05:25:27,index,181.230000019073,76.0,TheEmptinessMachine,HTCP,Festive,HTTP/1.1
2025-05-02 05:25:29,index,183.230000019073,2974.0,TheEmptinessMachine,HTCP,Festive,HTTP/1.1
2025-05-02 05:25:31,index,185.230000019073,2781.0,TheEmptinessMachine,HTCP,Festive,HTTP/1.1
2025-05-02 05:25:33,index,187.230000019073,2781.0,TheEmptinessMachine,HTCP,Festive,HTTP/1.1
2025-05-02 05:25:35,index,189.230000019073,2781.0,TheEmptinessMachine,HTCP,Festive,HTTP/1.1
2025-05-02 05:25:37,index,191.230000019073,2781.0,TheEmptinessMachine,HTCP,Festive,HTTP/1.1
2025-05-02 05:25:39,index,193.230000019073,2781.0,TheEmptinessMachine,HTCP,Festive,HTTP/1.1
2025-05-02 05:25:41,index,195.230000019073,2781.0,TheEmptinessMachine,HTCP,Festive,HTTP/1.1
2025-05-02 05:25:43,index,197.230000019073,2781.0,TheEmptinessMachine,HTCP,Festive,HTTP/1.1
2025-05-02 05:25:45,index,199.230000019073,,TheEmptinessMachine,HTCP,Festive,HTTP/1.1
2025-05-02 05:25:47,index,201.230000019073,,TheEmptinessMachine,HTCP,Festive,HTTP/1.1
2025-05-02 05:25:49,index,203.230000019073,,TheEmptinessMachine,HTCP,Festive,HTTP/1.1
2025-05-02 05:25:51,index,205.230000019073,,TheEmptinessMachine,HTCP,Festive,HTTP/1.1
2025-05-02 05:25:53,index,207.230000019073,,TheEmptinessMachine,HTCP,Festive,HTTP/1.1
2025-05-02 05:25:55,index,209.230000019073,13308.0,TheEmptinessMachine,HTCP,Festive,HTTP/1.1
2025-05-02 05:25:57,index,211.230000019073,8631.0,TheEmptinessMachine,HTCP,Festive,HTTP/1.1
2025-05-02 05:25:59,index,213.230000019073,4676.0,TheEmptinessMachine,HTCP,Festive,HTTP/1.1
2025-05-02 05:26:21,index,1.20100021362305,13308.0,TheEmptinessMachine,HTCP,Festive,HTTP/2
2025-05-02 05:26:23,index,3.20000004768372,13308.0,TheEmptinessMachine,HTCP,Festive,HTTP/2
2025-05-02 05:26:27,index,7.20000004768372,8631.0,TheEmptinessMachine,HTCP,Festive,HTTP/2
2025-05-02 05:26:29,index,9.20000004768372,13308.0,TheEmptinessMachine,HTCP,Festive,HTTP/2
2025-05-02 05:26:31,index,11.2030000686646,13308.0,TheEmptinessMachine,HTCP,Festive,HTTP/2
2025-05-02 05:26:33,index,13.2000000476837,13308.0,TheEmptinessMachine,HTCP,Festive,HTTP/2
2025-05-02 05:26:35,index,15.2000000476837,13308.0,TheEmptinessMachine,HTCP,Festive,HTTP/2
2025-05-02 05:26:37,index,17.2080001831055,1767.0,TheEmptinessMachine,HTCP,Festive,HTTP/2
2025-05-02 05:26:39,index,19.2000000476837,4676.0,TheEmptinessMachine,HTCP,Festive,HTTP/2
2025-05-02 05:26:41,index,21.2000000476837,13308.0,TheEmptinessMachine,HTCP,Festive,HTTP/2
2025-05-02 05:26:43,index,23.2000000476837,4692.0,TheEmptinessMachine,HTCP,Festive,HTTP/2
2025-05-02 05:26:45,index,25.2000000476837,8631.0,TheEmptinessMachine,HTCP,Festive,HTTP/2
2025-05-02 05:26:47,index,27.2000000476837,13308.0,TheEmptinessMachine,HTCP,Festive,HTTP/2
2025-05-02 05:26:49,index,29.2000000476837,4676.0,TheEmptinessMachine,HTCP,Festive,HTTP/2
2025-05-02 05:26:51,index,31.2000000476837,13308.0,TheEmptinessMachine,HTCP,Festive,HTTP/2
2025-05-02 05:26:53,index,33.2000000476837,2781.0,TheEmptinessMachine,HTCP,Festive,HTTP/2
2025-05-02 05:26:55,index,35.2000000476837,13308.0,TheEmptinessMachine,HTCP,Festive,HTTP/2
2025-05-02 05:26:57,index,37.2000000476837,13308.0,TheEmptinessMachine,HTCP,Festive,HTTP/2
2025-05-02 05:26:59,index,39.2000000476837,2781.0,TheEmptinessMachine,HTCP,Festive,HTTP/2
2025-05-02 05:27:01,index,41.2000000476837,13308.0,TheEmptinessMachine,HTCP,Festive,HTTP/2
2025-05-02 05:27:03,index,43.2000000476837,8631.0,TheEmptinessMachine,HTCP,Festive,HTTP/2
2025-05-02 05:27:05,index,45.2000000476837,4676.0,TheEmptinessMachine,HTCP,Festive,HTTP/2
2025-05-02 05:27:07,index,47.2000000476837,13308.0,TheEmptinessMachine,HTCP,Festive,HTTP/2
2025-05-02 05:27:09,index,49.2000000476837,13308.0,TheEmptinessMachine,HTCP,Festive,HTTP/2
2025-05-02 05:27:11,index,51.2000000476837,13308.0,TheEmptinessMachine,HTCP,Festive,HTTP/2
2025-05-02 05:27:13,index,53.2000000476837,13308.0,TheEmptinessMachine,HTCP,Festive,HTTP/2
2025-05-02 05:27:15,index,55.2000000476837,980.0,TheEmptinessMachine,HTCP,Festive,HTTP/2
2025-05-02 05:27:17,index,57.2000000476837,13308.0,TheEmptinessMachine,HTCP,Festive,HTTP/2
2025-05-02 05:27:19,index,59.2000000476837,13308.0,TheEmptinessMachine,HTCP,Festive,HTTP/2
2025-05-02 05:27:21,index,61.2000000476837,2781.0,TheEmptinessMachine,HTCP,Festive,HTTP/2
2025-05-02 05:27:23,index,63.2000000476837,13308.0,TheEmptinessMachine,HTCP,Festive,HTTP/2
2025-05-02 05:27:25,index,65.2000000476837,8631.0,TheEmptinessMachine,HTCP,Festive,HTTP/2
2025-05-02 05:27:27,index,67.2000000476837,4676.0,TheEmptinessMachine,HTCP,Festive,HTTP/2
2025-05-02 05:27:29,index,69.2000000476837,13308.0,TheEmptinessMachine,HTCP,Festive,HTTP/2
2025-05-02 05:27:33,index,73.2000000476837,4692.0,TheEmptinessMachine,HTCP,Festive,HTTP/2
2025-05-02 05:27:35,index,75.2000000476837,8631.0,TheEmptinessMachine,HTCP,Festive,HTTP/2
2025-05-02 05:27:37,index,77.2000000476837,1767.0,TheEmptinessMachine,HTCP,Festive,HTTP/2
2025-05-02 05:27:39,index,79.2000000476837,13308.0,TheEmptinessMachine,HTCP,Festive,HTTP/2
2025-05-02 05:27:41,index,81.2000000476837,13308.0,TheEmptinessMachine,HTCP,Festive,HTTP/2
2025-05-02 05:27:43,index,83.2000000476837,4692.0,TheEmptinessMachine,HTCP,Festive,HTTP/2
2025-05-02 05:27:45,index,85.2000000476837,13308.0,TheEmptinessMachine,HTCP,Festive,HTTP/2
2025-05-02 05:27:47,index,87.2000000476837,8631.0,TheEmptinessMachine,HTCP,Festive,HTTP/2
2025-05-02 05:27:49,index,89.2000000476837,4692.0,TheEmptinessMachine,HTCP,Festive,HTTP/2
2025-05-02 05:27:51,index,91.2000000476837,8631.0,TheEmptinessMachine,HTCP,Festive,HTTP/2
2025-05-02 05:27:53,index,93.2000000476837,13308.0,TheEmptinessMachine,HTCP,Festive,HTTP/2
2025-05-02 05:27:55,index,95.2000000476837,13308.0,TheEmptinessMachine,HTCP,Festive,HTTP/2
2025-05-02 05:27:57,index,97.2000000476837,8631.0,TheEmptinessMachine,HTCP,Festive,HTTP/2
2025-05-02 05:27:59,index,99.2000000476837,1767.0,TheEmptinessMachine,HTCP,Festive,HTTP/2
2025-05-02 05:28:01,index,101.200000047684,13308.0,TheEmptinessMachine,HTCP,Festive,HTTP/2
2025-05-02 05:28:03,index,103.200000047684,8631.0,TheEmptinessMachine,HTCP,Festive,HTTP/2
2025-05-02 05:28:05,index,105.200000047684,4676.0,TheEmptinessMachine,HTCP,Festive,HTTP/2
2025-05-02 05:28:07,index,107.200000047684,13308.0,TheEmptinessMachine,HTCP,Festive,HTTP/2
2025-05-02 05:28:09,index,109.200000047684,8631.0,TheEmptinessMachine,HTCP,Festive,HTTP/2
2025-05-02 05:28:11,index,111.200000047684,4676.0,TheEmptinessMachine,HTCP,Festive,HTTP/2
2025-05-02 05:28:13,index,113.200000047684,13308.0,TheEmptinessMachine,HTCP,Festive,HTTP/2
2025-05-02 05:28:15,index,115.200000047684,13308.0,TheEmptinessMachine,HTCP,Festive,HTTP/2
2025-05-02 05:28:17,index,117.200000047684,13308.0,TheEmptinessMachine,HTCP,Festive,HTTP/2
2025-05-02 05:28:19,index,119.201000213623,13308.0,TheEmptinessMachine,HTCP,Festive,HTTP/2
2025-05-02 05:28:21,index,121.200000047684,1499.0,TheEmptinessMachine,HTCP,Festive,HTTP/2
2025-05-02 05:28:23,index,123.200000047684,4676.0,TheEmptinessMachine,HTCP,Festive,HTTP/2
2025-05-02 05:28:25,index,125.200000047684,8631.0,TheEmptinessMachine,HTCP,Festive,HTTP/2
2025-05-02 05:28:27,index,127.200000047684,4676.0,TheEmptinessMachine,HTCP,Festive,HTTP/2
2025-05-02 05:28:29,index,129.200000047684,8631.0,TheEmptinessMachine,HTCP,Festive,HTTP/2
2025-05-02 05:28:31,index,131.200000047684,4676.0,TheEmptinessMachine,HTCP,Festive,HTTP/2
2025-05-02 05:28:33,index,133.200000047684,2781.0,TheEmptinessMachine,HTCP,Festive,HTTP/2
2025-05-02 05:28:35,index,135.200000047684,4676.0,TheEmptinessMachine,HTCP,Festive,HTTP/2
2025-05-02 05:28:37,index,137.200000047684,4676.0,TheEmptinessMachine,HTCP,Festive,HTTP/2
2025-05-02 05:28:39,index,139.200000047684,3486.0,TheEmptinessMachine,HTCP,Festive,HTTP/2
2025-05-02 05:28:41,index,141.200000047684,3486.0,TheEmptinessMachine,HTCP,Festive,HTTP/2
2025-05-02 05:28:43,index,143.200000047684,3486.0,TheEmptinessMachine,HTCP,Festive,HTTP/2
2025-05-02 05:28:45,index,145.200000047684,3486.0,TheEmptinessMachine,HTCP,Festive,HTTP/2
2025-05-02 05:28:47,index,147.200000047684,3486.0,TheEmptinessMachine,HTCP,Festive,HTTP/2
2025-05-02 05:28:49,index,149.200000047684,3486.0,TheEmptinessMachine,HTCP,Festive,HTTP/2
2025-05-02 05:28:51,index,151.200000047684,3486.0,TheEmptinessMachine,HTCP,Festive,HTTP/2
2025-05-02 05:28:53,index,153.200000047684,13308.0,TheEmptinessMachine,HTCP,Festive,HTTP/2
2025-05-02 05:28:55,index,155.200000047684,13308.0,TheEmptinessMachine,HTCP,Festive,HTTP/2
2025-05-02 05:28:57,index,157.200000047684,13308.0,TheEmptinessMachine,HTCP,Festive,HTTP/2
2025-05-02 05:28:59,index,159.200000047684,13308.0,TheEmptinessMachine,HTCP,Festive,HTTP/2
2025-05-02 05:29:01,index,161.200000047684,13308.0,TheEmptinessMachine,HTCP,Festive,HTTP/2
2025-05-02 05:29:03,index,163.200000047684,13308.0,TheEmptinessMachine,HTCP,Festive,HTTP/2
2025-05-02 05:29:05,index,165.200000047684,2781.0,TheEmptinessMachine,HTCP,Festive,HTTP/2
2025-05-02 05:29:07,index,167.200000047684,8631.0,TheEmptinessMachine,HTCP,Festive,HTTP/2
2025-05-02 05:29:09,index,169.200000047684,1767.0,TheEmptinessMachine,HTCP,Festive,HTTP/2
2025-05-02 05:29:11,index,171.200000047684,4676.0,TheEmptinessMachine,HTCP,Festive,HTTP/2
2025-05-02 05:29:13,index,173.200000047684,4676.0,TheEmptinessMachine,HTCP,Festive,HTTP/2
2025-05-02 05:29:15,index,175.200000047684,4676.0,TheEmptinessMachine,HTCP,Festive,HTTP/2
2025-05-02 05:29:17,index,177.200000047684,4676.0,TheEmptinessMachine,HTCP,Festive,HTTP/2
2025-05-02 05:29:19,index,179.200000047684,4676.0,TheEmptinessMachine,HTCP,Festive,HTTP/2
2025-05-02 05:29:21,index,181.200000047684,4676.0,TheEmptinessMachine,HTCP,Festive,HTTP/2
2025-05-02 05:29:23,index,183.200000047684,3486.0,TheEmptinessMachine,HTCP,Festive,HTTP/2
2025-05-02 05:29:25,index,185.200000047684,3486.0,TheEmptinessMachine,HTCP,Festive,HTTP/2
2025-05-02 05:29:27,index,187.200000047684,3486.0,TheEmptinessMachine,HTCP,Festive,HTTP/2
2025-05-02 05:29:29,index,189.200000047684,3486.0,TheEmptinessMachine,HTCP,Festive,HTTP/2
2025-05-02 05:29:31,index,191.200000047684,3486.0,TheEmptinessMachine,HTCP,Festive,HTTP/2
2025-05-02 05:29:33,index,193.200000047684,3486.0,TheEmptinessMachine,HTCP,Festive,HTTP/2
2025-05-02 05:29:35,index,195.200000047684,3486.0,TheEmptinessMachine,HTCP,Festive,HTTP/2
2025-05-02 05:29:37,index,197.200000047684,3486.0,TheEmptinessMachine,HTCP,Festive,HTTP/2
2025-05-02 05:29:39,index,199.200000047684,3486.0,TheEmptinessMachine,HTCP,Festive,HTTP/2
2025-05-02 05:29:41,index,201.200000047684,3486.0,TheEmptinessMachine,HTCP,Festive,HTTP/2
2025-05-02 05:29:43,index,203.200000047684,3486.0,TheEmptinessMachine,HTCP,Festive,HTTP/2
2025-05-02 05:29:49,index,209.201000213623,3486.0,TheEmptinessMachine,HTCP,Festive,HTTP/2
2025-05-02 05:30:15,index,1.21399998664856,13308.0,TheEmptinessMachine,HTCP,Festive,HTTP/3
2025-05-02 05:30:17,index,3.21300005912781,13308.0,TheEmptinessMachine,HTCP,Festive,HTTP/3
2025-05-02 05:30:19,index,5.21300005912781,4676.0,TheEmptinessMachine,HTCP,Festive,HTTP/3
2025-05-02 05:30:21,index,7.21300005912781,13308.0,TheEmptinessMachine,HTCP,Festive,HTTP/3
2025-05-02 05:30:23,index,9.21300005912781,13308.0,TheEmptinessMachine,HTCP,Festive,HTTP/3
2025-05-02 05:30:25,index,11.2130000591278,13308.0,TheEmptinessMachine,HTCP,Festive,HTTP/3
2025-05-02 05:30:27,index,13.2130000591278,13308.0,TheEmptinessMachine,HTCP,Festive,HTTP/3
2025-05-02 05:30:29,index,15.2130000591278,13308.0,TheEmptinessMachine,HTCP,Festive,HTTP/3
2025-05-02 05:30:31,index,17.2130000591278,18625.0,TheEmptinessMachine,HTCP,Festive,HTTP/3
2025-05-02 05:30:33,index,19.2150001525879,13308.0,TheEmptinessMachine,HTCP,Festive,HTTP/3
2025-05-02 05:30:35,index,21.2130000591278,13308.0,TheEmptinessMachine,HTCP,Festive,HTTP/3
2025-05-02 05:30:37,index,23.2130000591278,13308.0,TheEmptinessMachine,HTCP,Festive,HTTP/3
2025-05-02 05:30:39,index,25.2130000591278,13308.0,TheEmptinessMachine,HTCP,Festive,HTTP/3
2025-05-02 05:30:41,index,27.2130000591278,13308.0,TheEmptinessMachine,HTCP,Festive,HTTP/3
2025-05-02 05:30:43,index,29.2130000591278,13308.0,TheEmptinessMachine,HTCP,Festive,HTTP/3
2025-05-02 05:30:45,index,31.2130000591278,13308.0,TheEmptinessMachine,HTCP,Festive,HTTP/3
2025-05-02 05:30:47,index,33.2130000591278,13308.0,TheEmptinessMachine,HTCP,Festive,HTTP/3
2025-05-02 05:30:49,index,35.2130000591278,13308.0,TheEmptinessMachine,HTCP,Festive,HTTP/3
2025-05-02 05:30:51,index,37.2130000591278,13308.0,TheEmptinessMachine,HTCP,Festive,HTTP/3
2025-05-02 05:30:53,index,39.2130000591278,13308.0,TheEmptinessMachine,HTCP,Festive,HTTP/3
2025-05-02 05:30:55,index,41.2139999866486,13308.0,TheEmptinessMachine,HTCP,Festive,HTTP/3
2025-05-02 05:30:57,index,43.2139999866486,13308.0,TheEmptinessMachine,HTCP,Festive,HTTP/3
2025-05-02 05:30:59,index,45.2130000591278,13308.0,TheEmptinessMachine,HTCP,Festive,HTTP/3
2025-05-02 05:31:01,index,47.2150001525879,13308.0,TheEmptinessMachine,HTCP,Festive,HTTP/3
2025-05-02 05:31:03,index,49.2130000591278,13308.0,TheEmptinessMachine,HTCP,Festive,HTTP/3
2025-05-02 05:31:05,index,51.2130000591278,13308.0,TheEmptinessMachine,HTCP,Festive,HTTP/3
2025-05-02 05:31:07,index,53.2130000591278,13308.0,TheEmptinessMachine,HTCP,Festive,HTTP/3
2025-05-02 05:31:09,index,55.2139999866486,13308.0,TheEmptinessMachine,HTCP,Festive,HTTP/3
2025-05-02 05:31:11,index,57.2130000591278,13308.0,TheEmptinessMachine,HTCP,Festive,HTTP/3
2025-05-02 05:31:13,index,59.2200000286102,13308.0,TheEmptinessMachine,HTCP,Festive,HTTP/3
2025-05-02 05:31:15,index,61.2130000591278,13308.0,TheEmptinessMachine,HTCP,Festive,HTTP/3
2025-05-02 05:31:17,index,63.2130000591278,13308.0,TheEmptinessMachine,HTCP,Festive,HTTP/3
2025-05-02 05:31:19,index,65.2130000591278,13308.0,TheEmptinessMachine,HTCP,Festive,HTTP/3
2025-05-02 05:31:21,index,67.2130000591278,13308.0,TheEmptinessMachine,HTCP,Festive,HTTP/3
2025-05-02 05:31:23,index,69.2130000591278,13308.0,TheEmptinessMachine,HTCP,Festive,HTTP/3
2025-05-02 05:31:25,index,71.2130000591278,13308.0,TheEmptinessMachine,HTCP,Festive,HTTP/3
2025-05-02 05:31:27,index,73.2130000591278,13308.0,TheEmptinessMachine,HTCP,Festive,HTTP/3
2025-05-02 05:31:29,index,75.2139999866486,13308.0,TheEmptinessMachine,HTCP,Festive,HTTP/3
2025-05-02 05:31:31,index,77.2130000591278,13308.0,TheEmptinessMachine,HTCP,Festive,HTTP/3
2025-05-02 05:31:33,index,79.2130000591278,13308.0,TheEmptinessMachine,HTCP,Festive,HTTP/3
2025-05-02 05:31:35,index,81.2130000591278,13308.0,TheEmptinessMachine,HTCP,Festive,HTTP/3
2025-05-02 05:31:37,index,83.2130000591278,13308.0,TheEmptinessMachine,HTCP,Festive,HTTP/3
2025-05-02 05:31:39,index,85.2130000591278,,TheEmptinessMachine,HTCP,Festive,HTTP/3
2025-05-02 05:31:41,index,87.2139999866486,13308.0,TheEmptinessMachine,HTCP,Festive,HTTP/3
2025-05-02 05:31:43,index,89.2130000591278,13308.0,TheEmptinessMachine,HTCP,Festive,HTTP/3
2025-05-02 05:31:45,index,91.2139999866486,13308.0,TheEmptinessMachine,HTCP,Festive,HTTP/3
2025-05-02 05:31:47,index,93.2139999866486,13308.0,TheEmptinessMachine,HTCP,Festive,HTTP/3
2025-05-02 05:31:49,index,95.2130000591278,13308.0,TheEmptinessMachine,HTCP,Festive,HTTP/3
2025-05-02 05:31:51,index,97.2139999866486,13308.0,TheEmptinessMachine,HTCP,Festive,HTTP/3
2025-05-02 05:31:53,index,99.2139999866486,,TheEmptinessMachine,HTCP,Festive,HTTP/3
2025-05-02 05:31:55,index,101.213000059128,,TheEmptinessMachine,HTCP,Festive,HTTP/3
2025-05-02 05:31:57,index,103.213000059128,13308.0,TheEmptinessMachine,HTCP,Festive,HTTP/3
2025-05-02 05:31:59,index,105.213999986649,13308.0,TheEmptinessMachine,HTCP,Festive,HTTP/3
2025-05-02 05:32:01,index,107.213000059128,13308.0,TheEmptinessMachine,HTCP,Festive,HTTP/3
2025-05-02 05:32:03,index,109.213000059128,13308.0,TheEmptinessMachine,HTCP,Festive,HTTP/3
2025-05-02 05:32:05,index,111.213000059128,13308.0,TheEmptinessMachine,HTCP,Festive,HTTP/3
2025-05-02 05:32:07,index,113.213000059128,13308.0,TheEmptinessMachine,HTCP,Festive,HTTP/3
2025-05-02 05:32:09,index,115.22000002861,13308.0,TheEmptinessMachine,HTCP,Festive,HTTP/3
2025-05-02 05:32:11,index,117.213999986649,13308.0,TheEmptinessMachine,HTCP,Festive,HTTP/3
2025-05-02 05:32:13,index,119.213999986649,13308.0,TheEmptinessMachine,HTCP,Festive,HTTP/3
2025-05-02 05:32:15,index,121.213000059128,13308.0,TheEmptinessMachine,HTCP,Festive,HTTP/3
2025-05-02 05:32:17,index,123.213000059128,13308.0,TheEmptinessMachine,HTCP,Festive,HTTP/3
2025-05-02 05:32:19,index,125.213999986649,13308.0,TheEmptinessMachine,HTCP,Festive,HTTP/3
2025-05-02 05:32:21,index,127.235000133514,13308.0,TheEmptinessMachine,HTCP,Festive,HTTP/3
2025-05-02 05:32:23,index,129.213000059128,13308.0,TheEmptinessMachine,HTCP,Festive,HTTP/3
2025-05-02 05:32:25,index,131.213000059128,13308.0,TheEmptinessMachine,HTCP,Festive,HTTP/3
2025-05-02 05:32:27,index,133.213000059128,13308.0,TheEmptinessMachine,HTCP,Festive,HTTP/3
2025-05-02 05:32:29,index,135.213999986649,13308.0,TheEmptinessMachine,HTCP,Festive,HTTP/3
2025-05-02 05:32:31,index,137.213000059128,13308.0,TheEmptinessMachine,HTCP,Festive,HTTP/3
2025-05-02 05:32:33,index,139.213000059128,,TheEmptinessMachine,HTCP,Festive,HTTP/3
2025-05-02 05:32:35,index,141.213999986649,13308.0,TheEmptinessMachine,HTCP,Festive,HTTP/3
2025-05-02 05:32:37,index,143.213000059128,13308.0,TheEmptinessMachine,HTCP,Festive,HTTP/3
2025-05-02 05:32:39,index,145.213000059128,13308.0,TheEmptinessMachine,HTCP,Festive,HTTP/3
2025-05-02 05:32:41,index,147.213000059128,13308.0,TheEmptinessMachine,HTCP,Festive,HTTP/3
2025-05-02 05:32:43,index,149.213000059128,13308.0,TheEmptinessMachine,HTCP,Festive,HTTP/3
2025-05-02 05:32:45,index,151.217000007629,13308.0,TheEmptinessMachine,HTCP,Festive,HTTP/3
2025-05-02 05:32:47,index,153.217000007629,,TheEmptinessMachine,HTCP,Festive,HTTP/3
2025-05-02 05:32:49,index,155.215000152588,,TheEmptinessMachine,HTCP,Festive,HTTP/3
2025-05-02 05:32:51,index,157.213999986649,,TheEmptinessMachine,HTCP,Festive,HTTP/3
2025-05-02 05:32:53,index,159.213000059128,,TheEmptinessMachine,HTCP,Festive,HTTP/3
2025-05-02 05:32:55,index,161.213999986649,,TheEmptinessMachine,HTCP,Festive,HTTP/3
2025-05-02 05:32:57,index,163.213999986649,18625.0,TheEmptinessMachine,HTCP,Festive,HTTP/3
2025-05-02 05:32:59,index,165.217000007629,18625.0,TheEmptinessMachine,HTCP,Festive,HTTP/3
2025-05-02 05:33:01,index,167.213999986649,13308.0,TheEmptinessMachine,HTCP,Festive,HTTP/3
2025-05-02 05:33:03,index,169.213000059128,13308.0,TheEmptinessMachine,HTCP,Festive,HTTP/3
2025-05-02 05:33:05,index,171.213000059128,13308.0,TheEmptinessMachine,HTCP,Festive,HTTP/3
2025-05-02 05:33:07,index,173.213999986649,13308.0,TheEmptinessMachine,HTCP,Festive,HTTP/3
2025-05-02 05:33:09,index,175.213000059128,18625.0,TheEmptinessMachine,HTCP,Festive,HTTP/3
2025-05-02 05:33:11,index,177.213000059128,18625.0,TheEmptinessMachine,HTCP,Festive,HTTP/3
2025-05-02 05:33:15,index,181.213999986649,13308.0,TheEmptinessMachine,HTCP,Festive,HTTP/3
2025-05-02 05:33:17,index,183.213999986649,13308.0,TheEmptinessMachine,HTCP,Festive,HTTP/3
2025-05-02 05:33:19,index,185.213000059128,13308.0,TheEmptinessMachine,HTCP,Festive,HTTP/3
2025-05-02 05:33:21,index,187.213000059128,13308.0,TheEmptinessMachine,HTCP,Festive,HTTP/3
2025-05-02 05:33:23,index,189.213000059128,13308.0,TheEmptinessMachine,HTCP,Festive,HTTP/3
2025-05-02 05:33:25,index,191.213999986649,13308.0,TheEmptinessMachine,HTCP,Festive,HTTP/3
2025-05-02 05:33:27,index,193.213000059128,13308.0,TheEmptinessMachine,HTCP,Festive,HTTP/3
2025-05-02 05:33:29,index,195.213000059128,6978.0,TheEmptinessMachine,HTCP,Festive,HTTP/3
2025-05-02 05:33:31,index,197.213000059128,13308.0,TheEmptinessMachine,HTCP,Festive,HTTP/3
2025-05-02 05:33:33,index,199.213000059128,6978.0,TheEmptinessMachine,HTCP,Festive,HTTP/3
2025-05-02 05:33:35,index,201.213999986649,13308.0,TheEmptinessMachine,HTCP,Festive,HTTP/3
2025-05-02 05:33:37,index,203.213000059128,13308.0,TheEmptinessMachine,HTCP,Festive,HTTP/3
2025-05-02 05:33:39,index,205.213000059128,13308.0,TheEmptinessMachine,HTCP,Festive,HTTP/3
2025-05-02 05:33:41,index,207.213000059128,13308.0,TheEmptinessMachine,HTCP,Festive,HTTP/3
2025-05-02 05:34:08,index,1.21700000762939,8631.0,TheEmptinessMachine,HTCP,L2A,HTTP/1.1
2025-05-02 05:34:10,index,3.21500015258789,13308.0,TheEmptinessMachine,HTCP,L2A,HTTP/1.1
2025-05-02 05:34:12,index,5.21500015258789,8631.0,TheEmptinessMachine,HTCP,L2A,HTTP/1.1
2025-05-02 05:34:14,index,7.21500015258789,13308.0,TheEmptinessMachine,HTCP,L2A,HTTP/1.1
2025-05-02 05:34:16,index,9.21500015258789,2781.0,TheEmptinessMachine,HTCP,L2A,HTTP/1.1
2025-05-02 05:34:18,index,11.2150001525879,13308.0,TheEmptinessMachine,HTCP,L2A,HTTP/1.1
2025-05-02 05:34:22,index,15.2150001525879,13308.0,TheEmptinessMachine,HTCP,L2A,HTTP/1.1
2025-05-02 05:34:24,index,17.2150001525879,13308.0,TheEmptinessMachine,HTCP,L2A,HTTP/1.1
2025-05-02 05:34:26,index,19.2150001525879,1499.0,TheEmptinessMachine,HTCP,L2A,HTTP/1.1
2025-05-02 05:34:28,index,21.2150001525879,4676.0,TheEmptinessMachine,HTCP,L2A,HTTP/1.1
2025-05-02 05:34:30,index,23.2150001525879,13308.0,TheEmptinessMachine,HTCP,L2A,HTTP/1.1
2025-05-02 05:34:32,index,25.2150001525879,4692.0,TheEmptinessMachine,HTCP,L2A,HTTP/1.1
2025-05-02 05:34:34,index,27.2150001525879,8631.0,TheEmptinessMachine,HTCP,L2A,HTTP/1.1
2025-05-02 05:34:36,index,29.2150001525879,8631.0,TheEmptinessMachine,HTCP,L2A,HTTP/1.1
2025-05-02 05:34:38,index,31.2150001525879,4676.0,TheEmptinessMachine,HTCP,L2A,HTTP/1.1
2025-05-02 05:34:40,index,33.2150001525879,8631.0,TheEmptinessMachine,HTCP,L2A,HTTP/1.1
2025-05-02 05:34:42,index,35.2150001525879,1499.0,TheEmptinessMachine,HTCP,L2A,HTTP/1.1
2025-05-02 05:34:44,index,37.2150001525879,4676.0,TheEmptinessMachine,HTCP,L2A,HTTP/1.1
2025-05-02 05:34:46,index,39.2150001525879,4676.0,TheEmptinessMachine,HTCP,L2A,HTTP/1.1
2025-05-02 05:34:48,index,41.2150001525879,4676.0,TheEmptinessMachine,HTCP,L2A,HTTP/1.1
2025-05-02 05:34:50,index,43.2150001525879,3486.0,TheEmptinessMachine,HTCP,L2A,HTTP/1.1
2025-05-02 05:34:52,index,45.2150001525879,3486.0,TheEmptinessMachine,HTCP,L2A,HTTP/1.1
2025-05-02 05:34:54,index,47.2150001525879,3486.0,TheEmptinessMachine,HTCP,L2A,HTTP/1.1
2025-05-02 05:34:56,index,49.2150001525879,3486.0,TheEmptinessMachine,HTCP,L2A,HTTP/1.1
2025-05-02 05:34:58,index,51.2150001525879,3486.0,TheEmptinessMachine,HTCP,L2A,HTTP/1.1
2025-05-02 05:35:00,index,53.2150001525879,3486.0,TheEmptinessMachine,HTCP,L2A,HTTP/1.1
2025-05-02 05:35:02,index,55.2150001525879,3486.0,TheEmptinessMachine,HTCP,L2A,HTTP/1.1
2025-05-02 05:35:04,index,57.2150001525879,6978.0,TheEmptinessMachine,HTCP,L2A,HTTP/1.1
2025-05-02 05:35:06,index,59.2160000801086,6978.0,TheEmptinessMachine,HTCP,L2A,HTTP/1.1
2025-05-02 05:35:08,index,61.2139999866486,6978.0,TheEmptinessMachine,HTCP,L2A,HTTP/1.1
2025-05-02 05:35:10,index,63.2150001525879,6978.0,TheEmptinessMachine,HTCP,L2A,HTTP/1.1
2025-05-02 05:35:12,index,65.2150001525879,13308.0,TheEmptinessMachine,HTCP,L2A,HTTP/1.1
2025-05-02 05:35:14,index,67.2150001525879,13308.0,TheEmptinessMachine,HTCP,L2A,HTTP/1.1
2025-05-02 05:35:16,index,69.2150001525879,2781.0,TheEmptinessMachine,HTCP,L2A,HTTP/1.1
2025-05-02 05:35:18,index,71.2150001525879,13308.0,TheEmptinessMachine,HTCP,L2A,HTTP/1.1
2025-05-02 05:35:20,index,73.2150001525879,13308.0,TheEmptinessMachine,HTCP,L2A,HTTP/1.1
2025-05-02 05:35:22,index,75.2150001525879,2781.0,TheEmptinessMachine,HTCP,L2A,HTTP/1.1
2025-05-02 05:35:24,index,77.2150001525879,13308.0,TheEmptinessMachine,HTCP,L2A,HTTP/1.1
2025-05-02 05:35:26,index,79.2150001525879,13308.0,TheEmptinessMachine,HTCP,L2A,HTTP/1.1
2025-05-02 05:35:28,index,81.2150001525879,13308.0,TheEmptinessMachine,HTCP,L2A,HTTP/1.1
2025-05-02 05:35:30,index,83.2150001525879,8631.0,TheEmptinessMachine,HTCP,L2A,HTTP/1.1
2025-05-02 05:35:32,index,85.2150001525879,1499.0,TheEmptinessMachine,HTCP,L2A,HTTP/1.1
2025-05-02 05:35:34,index,87.2150001525879,8631.0,TheEmptinessMachine,HTCP,L2A,HTTP/1.1
2025-05-02 05:35:36,index,89.2150001525879,13308.0,TheEmptinessMachine,HTCP,L2A,HTTP/1.1
2025-05-02 05:35:38,index,91.2150001525879,2781.0,TheEmptinessMachine,HTCP,L2A,HTTP/1.1
2025-05-02 05:35:40,index,93.2150001525879,8631.0,TheEmptinessMachine,HTCP,L2A,HTTP/1.1
2025-05-02 05:35:42,index,95.2150001525879,13308.0,TheEmptinessMachine,HTCP,L2A,HTTP/1.1
2025-05-02 05:35:44,index,97.2150001525879,2781.0,TheEmptinessMachine,HTCP,L2A,HTTP/1.1
2025-05-02 05:35:46,index,99.2150001525879,8631.0,TheEmptinessMachine,HTCP,L2A,HTTP/1.1
2025-05-02 05:35:48,index,101.215000152588,13308.0,TheEmptinessMachine,HTCP,L2A,HTTP/1.1
2025-05-02 05:35:50,index,103.215000152588,13308.0,TheEmptinessMachine,HTCP,L2A,HTTP/1.1
2025-05-02 05:35:52,index,105.215000152588,8631.0,TheEmptinessMachine,HTCP,L2A,HTTP/1.1
2025-05-02 05:35:54,index,107.22200012207,1499.0,TheEmptinessMachine,HTCP,L2A,HTTP/1.1
2025-05-02 05:35:56,index,109.215000152588,13308.0,TheEmptinessMachine,HTCP,L2A,HTTP/1.1
2025-05-02 05:35:58,index,111.215000152588,8631.0,TheEmptinessMachine,HTCP,L2A,HTTP/1.1
2025-05-02 05:36:00,index,113.215000152588,4676.0,TheEmptinessMachine,HTCP,L2A,HTTP/1.1
2025-05-02 05:36:02,index,115.215000152588,13308.0,TheEmptinessMachine,HTCP,L2A,HTTP/1.1
2025-05-02 05:36:04,index,117.215000152588,13308.0,TheEmptinessMachine,HTCP,L2A,HTTP/1.1
2025-05-02 05:36:06,index,119.215000152588,13308.0,TheEmptinessMachine,HTCP,L2A,HTTP/1.1
2025-05-02 05:36:08,index,121.215000152588,13308.0,TheEmptinessMachine,HTCP,L2A,HTTP/1.1
2025-05-02 05:36:12,index,125.215000152588,13308.0,TheEmptinessMachine,HTCP,L2A,HTTP/1.1
2025-05-02 05:36:14,index,127.215000152588,13308.0,TheEmptinessMachine,HTCP,L2A,HTTP/1.1
2025-05-02 05:36:16,index,129.215000152588,2781.0,TheEmptinessMachine,HTCP,L2A,HTTP/1.1
2025-05-02 05:36:18,index,131.215000152588,4676.0,TheEmptinessMachine,HTCP,L2A,HTTP/1.1
2025-05-02 05:36:20,index,133.215000152588,13308.0,TheEmptinessMachine,HTCP,L2A,HTTP/1.1
2025-05-02 05:36:22,index,135.215000152588,4692.0,TheEmptinessMachine,HTCP,L2A,HTTP/1.1
2025-05-02 05:36:24,index,137.215000152588,4676.0,TheEmptinessMachine,HTCP,L2A,HTTP/1.1
2025-05-02 05:36:26,index,139.215000152588,13308.0,TheEmptinessMachine,HTCP,L2A,HTTP/1.1
2025-05-02 05:36:28,index,141.215000152588,2781.0,TheEmptinessMachine,HTCP,L2A,HTTP/1.1
2025-05-02 05:36:30,index,143.215000152588,13308.0,TheEmptinessMachine,HTCP,L2A,HTTP/1.1
2025-05-02 05:36:32,index,145.215000152588,13308.0,TheEmptinessMachine,HTCP,L2A,HTTP/1.1
2025-05-02 05:36:34,index,147.215000152588,13308.0,TheEmptinessMachine,HTCP,L2A,HTTP/1.1
2025-05-02 05:36:36,index,149.215000152588,13308.0,TheEmptinessMachine,HTCP,L2A,HTTP/1.1
2025-05-02 05:36:38,index,151.215000152588,2974.0,TheEmptinessMachine,HTCP,L2A,HTTP/1.1
2025-05-02 05:36:40,index,153.219000101089,4676.0,TheEmptinessMachine,HTCP,L2A,HTTP/1.1
2025-05-02 05:36:42,index,155.215000152588,8631.0,TheEmptinessMachine,HTCP,L2A,HTTP/1.1
2025-05-02 05:36:44,index,157.215000152588,4676.0,TheEmptinessMachine,HTCP,L2A,HTTP/1.1
2025-05-02 05:36:46,index,159.215000152588,8631.0,TheEmptinessMachine,HTCP,L2A,HTTP/1.1
2025-05-02 05:36:48,index,161.215000152588,4676.0,TheEmptinessMachine,HTCP,L2A,HTTP/1.1
2025-05-02 05:36:50,index,163.215000152588,2781.0,TheEmptinessMachine,HTCP,L2A,HTTP/1.1
2025-05-02 05:36:52,index,165.215000152588,4676.0,TheEmptinessMachine,HTCP,L2A,HTTP/1.1
2025-05-02 05:36:54,index,167.215000152588,4676.0,TheEmptinessMachine,HTCP,L2A,HTTP/1.1
2025-05-02 05:36:56,index,169.215000152588,3486.0,TheEmptinessMachine,HTCP,L2A,HTTP/1.1
2025-05-02 05:36:58,index,171.215000152588,3486.0,TheEmptinessMachine,HTCP,L2A,HTTP/1.1
2025-05-02 05:37:00,index,173.215000152588,3486.0,TheEmptinessMachine,HTCP,L2A,HTTP/1.1
2025-05-02 05:37:02,index,175.215000152588,3486.0,TheEmptinessMachine,HTCP,L2A,HTTP/1.1
2025-05-02 05:37:04,index,177.215000152588,3486.0,TheEmptinessMachine,HTCP,L2A,HTTP/1.1
2025-05-02 05:37:06,index,179.219000101089,3486.0,TheEmptinessMachine,HTCP,L2A,HTTP/1.1
2025-05-02 05:37:08,index,181.215000152588,3486.0,TheEmptinessMachine,HTCP,L2A,HTTP/1.1
2025-05-02 05:37:10,index,183.215000152588,6978.0,TheEmptinessMachine,HTCP,L2A,HTTP/1.1
2025-05-02 05:37:12,index,185.215000152588,6978.0,TheEmptinessMachine,HTCP,L2A,HTTP/1.1
2025-05-02 05:37:14,index,187.215000152588,6978.0,TheEmptinessMachine,HTCP,L2A,HTTP/1.1
2025-05-02 05:37:16,index,189.215000152588,6978.0,TheEmptinessMachine,HTCP,L2A,HTTP/1.1
2025-05-02 05:37:18,index,191.215000152588,13308.0,TheEmptinessMachine,HTCP,L2A,HTTP/1.1
2025-05-02 05:37:20,index,193.215000152588,8631.0,TheEmptinessMachine,HTCP,L2A,HTTP/1.1
2025-05-02 05:37:22,index,195.215000152588,2781.0,TheEmptinessMachine,HTCP,L2A,HTTP/1.1
2025-05-02 05:37:24,index,197.215000152588,13308.0,TheEmptinessMachine,HTCP,L2A,HTTP/1.1
2025-05-02 05:37:26,index,199.215000152588,8631.0,TheEmptinessMachine,HTCP,L2A,HTTP/1.1
2025-05-02 05:37:28,index,201.215000152588,4676.0,TheEmptinessMachine,HTCP,L2A,HTTP/1.1
2025-05-02 05:37:30,index,203.215000152588,1767.0,TheEmptinessMachine,HTCP,L2A,HTTP/1.1
2025-05-02 05:38:02,index,1.19799995422363,13308.0,TheEmptinessMachine,HTCP,L2A,HTTP/2
2025-05-02 05:38:05,index,3.19700002670288,4676.0,TheEmptinessMachine,HTCP,L2A,HTTP/2
2025-05-02 05:38:06,index,5.19700002670288,1767.0,TheEmptinessMachine,HTCP,L2A,HTTP/2
2025-05-02 05:38:08,index,7.19700002670288,1767.0,TheEmptinessMachine,HTCP,L2A,HTTP/2
2025-05-02 05:38:10,index,9.19700002670288,1767.0,TheEmptinessMachine,HTCP,L2A,HTTP/2
2025-05-02 05:38:12,index,11.1970000267029,1767.0,TheEmptinessMachine,HTCP,L2A,HTTP/2
2025-05-02 05:38:14,index,13.1970000267029,1767.0,TheEmptinessMachine,HTCP,L2A,HTTP/2
2025-05-02 05:38:16,index,15.1960000991821,1767.0,TheEmptinessMachine,HTCP,L2A,HTTP/2
2025-05-02 05:38:18,index,17.1970000267029,6978.0,TheEmptinessMachine,HTCP,L2A,HTTP/2
2025-05-02 05:38:20,index,19.1970000267029,6978.0,TheEmptinessMachine,HTCP,L2A,HTTP/2
2025-05-02 05:38:22,index,21.1970000267029,6978.0,TheEmptinessMachine,HTCP,L2A,HTTP/2
2025-05-02 05:38:24,index,23.1960000991821,6978.0,TheEmptinessMachine,HTCP,L2A,HTTP/2
2025-05-02 05:38:26,index,25.1970000267029,6978.0,TheEmptinessMachine,HTCP,L2A,HTTP/2
2025-05-02 05:38:28,index,27.1960000991821,13308.0,TheEmptinessMachine,HTCP,L2A,HTTP/2
2025-05-02 05:38:30,index,29.1970000267029,8631.0,TheEmptinessMachine,HTCP,L2A,HTTP/2
2025-05-02 05:38:32,index,31.1970000267029,13308.0,TheEmptinessMachine,HTCP,L2A,HTTP/2
2025-05-02 05:38:34,index,33.1970000267029,13308.0,TheEmptinessMachine,HTCP,L2A,HTTP/2
2025-05-02 05:38:36,index,35.1960000991821,13308.0,TheEmptinessMachine,HTCP,L2A,HTTP/2
2025-05-02 05:38:38,index,37.1970000267029,6978.0,TheEmptinessMachine,HTCP,L2A,HTTP/2
2025-05-02 05:38:40,index,39.1970000267029,6978.0,TheEmptinessMachine,HTCP,L2A,HTTP/2
2025-05-02 05:38:42,index,41.1970000267029,13308.0,TheEmptinessMachine,HTCP,L2A,HTTP/2
2025-05-02 05:38:44,index,43.1970000267029,13308.0,TheEmptinessMachine,HTCP,L2A,HTTP/2
2025-05-02 05:38:46,index,45.1970000267029,13308.0,TheEmptinessMachine,HTCP,L2A,HTTP/2
2025-05-02 05:38:48,index,47.1979999542236,13308.0,TheEmptinessMachine,HTCP,L2A,HTTP/2
2025-05-02 05:38:50,index,49.1970000267029,6978.0,TheEmptinessMachine,HTCP,L2A,HTTP/2
2025-05-02 05:38:52,index,51.1970000267029,8631.0,TheEmptinessMachine,HTCP,L2A,HTTP/2
2025-05-02 05:38:54,index,53.1970000267029,13308.0,TheEmptinessMachine,HTCP,L2A,HTTP/2
2025-05-02 05:38:56,index,55.1970000267029,4676.0,TheEmptinessMachine,HTCP,L2A,HTTP/2
2025-05-02 05:38:58,index,57.1970000267029,13308.0,TheEmptinessMachine,HTCP,L2A,HTTP/2
2025-05-02 05:39:00,index,59.1970000267029,13308.0,TheEmptinessMachine,HTCP,L2A,HTTP/2
2025-05-02 05:39:02,index,61.1970000267029,13308.0,TheEmptinessMachine,HTCP,L2A,HTTP/2
2025-05-02 05:39:04,index,63.1970000267029,13308.0,TheEmptinessMachine,HTCP,L2A,HTTP/2
2025-05-02 05:39:06,index,65.1970000267029,13308.0,TheEmptinessMachine,HTCP,L2A,HTTP/2
2025-05-02 05:39:08,index,67.1970000267029,6978.0,TheEmptinessMachine,HTCP,L2A,HTTP/2
2025-05-02 05:39:10,index,69.1970000267029,13308.0,TheEmptinessMachine,HTCP,L2A,HTTP/2
2025-05-02 05:39:12,index,71.1970000267029,13308.0,TheEmptinessMachine,HTCP,L2A,HTTP/2
2025-05-02 05:39:14,index,73.1970000267029,13308.0,TheEmptinessMachine,HTCP,L2A,HTTP/2
2025-05-02 05:39:16,index,75.1970000267029,6978.0,TheEmptinessMachine,HTCP,L2A,HTTP/2
2025-05-02 05:39:18,index,77.1970000267029,6978.0,TheEmptinessMachine,HTCP,L2A,HTTP/2
2025-05-02 05:39:20,index,79.1960000991821,8631.0,TheEmptinessMachine,HTCP,L2A,HTTP/2
2025-05-02 05:39:24,index,83.1970000267029,13308.0,TheEmptinessMachine,HTCP,L2A,HTTP/2
2025-05-02 05:39:26,index,85.1970000267029,13308.0,TheEmptinessMachine,HTCP,L2A,HTTP/2
2025-05-02 05:39:28,index,87.1960000991821,13308.0,TheEmptinessMachine,HTCP,L2A,HTTP/2
2025-05-02 05:39:30,index,89.1970000267029,13308.0,TheEmptinessMachine,HTCP,L2A,HTTP/2
2025-05-02 05:39:32,index,91.1970000267029,13308.0,TheEmptinessMachine,HTCP,L2A,HTTP/2
2025-05-02 05:39:34,index,93.1979999542236,6978.0,TheEmptinessMachine,HTCP,L2A,HTTP/2
2025-05-02 05:39:36,index,95.1970000267029,6978.0,TheEmptinessMachine,HTCP,L2A,HTTP/2
2025-05-02 05:39:38,index,97.1970000267029,6978.0,TheEmptinessMachine,HTCP,L2A,HTTP/2
2025-05-02 05:39:40,index,99.1970000267029,4676.0,TheEmptinessMachine,HTCP,L2A,HTTP/2
2025-05-02 05:39:42,index,101.197000026703,13308.0,TheEmptinessMachine,HTCP,L2A,HTTP/2
2025-05-02 05:39:44,index,103.197000026703,2781.0,TheEmptinessMachine,HTCP,L2A,HTTP/2
2025-05-02 05:39:46,index,105.197000026703,13308.0,TheEmptinessMachine,HTCP,L2A,HTTP/2
2025-05-02 05:39:48,index,107.196000099182,13308.0,TheEmptinessMachine,HTCP,L2A,HTTP/2
2025-05-02 05:39:50,index,109.196000099182,13308.0,TheEmptinessMachine,HTCP,L2A,HTTP/2
2025-05-02 05:39:52,index,111.197000026703,13308.0,TheEmptinessMachine,HTCP,L2A,HTTP/2
2025-05-02 05:39:54,index,113.197000026703,13308.0,TheEmptinessMachine,HTCP,L2A,HTTP/2
2025-05-02 05:39:56,index,115.196000099182,13308.0,TheEmptinessMachine,HTCP,L2A,HTTP/2
2025-05-02 05:39:58,index,117.197000026703,8631.0,TheEmptinessMachine,HTCP,L2A,HTTP/2
2025-05-02 05:40:00,index,119.197999954224,13308.0,TheEmptinessMachine,HTCP,L2A,HTTP/2
2025-05-02 05:40:02,index,121.197000026703,6978.0,TheEmptinessMachine,HTCP,L2A,HTTP/2
2025-05-02 05:40:04,index,123.196000099182,6978.0,TheEmptinessMachine,HTCP,L2A,HTTP/2
2025-05-02 05:40:06,index,125.197000026703,13308.0,TheEmptinessMachine,HTCP,L2A,HTTP/2
2025-05-02 05:40:08,index,127.197000026703,8631.0,TheEmptinessMachine,HTCP,L2A,HTTP/2
2025-05-02 05:40:10,index,129.196000099182,13308.0,TheEmptinessMachine,HTCP,L2A,HTTP/2
2025-05-02 05:40:12,index,131.197000026703,13308.0,TheEmptinessMachine,HTCP,L2A,HTTP/2
2025-05-02 05:40:14,index,133.197000026703,13308.0,TheEmptinessMachine,HTCP,L2A,HTTP/2
2025-05-02 05:40:16,index,135.197000026703,6978.0,TheEmptinessMachine,HTCP,L2A,HTTP/2
2025-05-02 05:40:18,index,137.197000026703,6978.0,TheEmptinessMachine,HTCP,L2A,HTTP/2
2025-05-02 05:40:20,index,139.197000026703,13308.0,TheEmptinessMachine,HTCP,L2A,HTTP/2
2025-05-02 05:40:22,index,141.197000026703,13308.0,TheEmptinessMachine,HTCP,L2A,HTTP/2
2025-05-02 05:40:24,index,143.197000026703,13308.0,TheEmptinessMachine,HTCP,L2A,HTTP/2
2025-05-02 05:40:26,index,145.197000026703,13308.0,TheEmptinessMachine,HTCP,L2A,HTTP/2
2025-05-02 05:40:28,index,147.200000047684,13308.0,TheEmptinessMachine,HTCP,L2A,HTTP/2
2025-05-02 05:40:30,index,149.197000026703,6978.0,TheEmptinessMachine,HTCP,L2A,HTTP/2
2025-05-02 05:40:32,index,151.197000026703,8631.0,TheEmptinessMachine,HTCP,L2A,HTTP/2
2025-05-02 05:40:34,index,153.199000120163,1767.0,TheEmptinessMachine,HTCP,L2A,HTTP/2
2025-05-02 05:40:36,index,155.197000026703,13308.0,TheEmptinessMachine,HTCP,L2A,HTTP/2
2025-05-02 05:40:38,index,157.196000099182,13308.0,TheEmptinessMachine,HTCP,L2A,HTTP/2
2025-05-02 05:40:40,index,159.197000026703,13308.0,TheEmptinessMachine,HTCP,L2A,HTTP/2
2025-05-02 05:40:42,index,161.197000026703,13308.0,TheEmptinessMachine,HTCP,L2A,HTTP/2
2025-05-02 05:40:44,index,163.196000099182,13308.0,TheEmptinessMachine,HTCP,L2A,HTTP/2
2025-05-02 05:40:46,index,165.197000026703,13308.0,TheEmptinessMachine,HTCP,L2A,HTTP/2
2025-05-02 05:40:48,index,167.197000026703,6978.0,TheEmptinessMachine,HTCP,L2A,HTTP/2
2025-05-02 05:40:50,index,169.197000026703,6978.0,TheEmptinessMachine,HTCP,L2A,HTTP/2
2025-05-02 05:40:52,index,171.197000026703,6978.0,TheEmptinessMachine,HTCP,L2A,HTTP/2
2025-05-02 05:40:54,index,173.197000026703,13308.0,TheEmptinessMachine,HTCP,L2A,HTTP/2
2025-05-02 05:40:56,index,175.196000099182,1767.0,TheEmptinessMachine,HTCP,L2A,HTTP/2
2025-05-02 05:40:58,index,177.197000026703,13308.0,TheEmptinessMachine,HTCP,L2A,HTTP/2
2025-05-02 05:41:00,index,179.197000026703,13308.0,TheEmptinessMachine,HTCP,L2A,HTTP/2
2025-05-02 05:41:02,index,181.197000026703,13308.0,TheEmptinessMachine,HTCP,L2A,HTTP/2
2025-05-02 05:41:04,index,183.196000099182,13308.0,TheEmptinessMachine,HTCP,L2A,HTTP/2
2025-05-02 05:41:06,index,185.197000026703,6978.0,TheEmptinessMachine,HTCP,L2A,HTTP/2
2025-05-02 05:41:08,index,187.196000099182,6978.0,TheEmptinessMachine,HTCP,L2A,HTTP/2
2025-05-02 05:41:10,index,189.197000026703,13308.0,TheEmptinessMachine,HTCP,L2A,HTTP/2
2025-05-02 05:41:12,index,191.196000099182,6978.0,TheEmptinessMachine,HTCP,L2A,HTTP/2
2025-05-02 05:41:14,index,193.197000026703,8631.0,TheEmptinessMachine,HTCP,L2A,HTTP/2
2025-05-02 05:41:16,index,195.197000026703,13308.0,TheEmptinessMachine,HTCP,L2A,HTTP/2
2025-05-02 05:41:18,index,197.197000026703,2781.0,TheEmptinessMachine,HTCP,L2A,HTTP/2
2025-05-02 05:41:20,index,199.197000026703,13308.0,TheEmptinessMachine,HTCP,L2A,HTTP/2
2025-05-02 05:41:22,index,201.197000026703,13308.0,TheEmptinessMachine,HTCP,L2A,HTTP/2
2025-05-02 05:41:24,index,203.197000026703,13308.0,TheEmptinessMachine,HTCP,L2A,HTTP/2
2025-05-02 05:41:26,index,205.196000099182,13308.0,TheEmptinessMachine,HTCP,L2A,HTTP/2
2025-05-02 05:41:56,index,1.20799994468689,8631.0,TheEmptinessMachine,HTCP,L2A,HTTP/3
2025-05-02 05:41:58,index,3.20599985122681,13308.0,TheEmptinessMachine,HTCP,L2A,HTTP/3
2025-05-02 05:42:00,index,5.20499992370605,8631.0,TheEmptinessMachine,HTCP,L2A,HTTP/3
2025-05-02 05:42:04,index,9.20499992370605,2781.0,TheEmptinessMachine,HTCP,L2A,HTTP/3
2025-05-02 05:42:06,index,11.2049999237061,13308.0,TheEmptinessMachine,HTCP,L2A,HTTP/3
2025-05-02 05:42:10,index,15.2049999237061,13308.0,TheEmptinessMachine,HTCP,L2A,HTTP/3
2025-05-02 05:42:12,index,17.2049999237061,13308.0,TheEmptinessMachine,HTCP,L2A,HTTP/3
2025-05-02 05:42:14,index,19.2059998512268,1106.0,TheEmptinessMachine,HTCP,L2A,HTTP/3
2025-05-02 05:42:16,index,21.2049999237061,13308.0,TheEmptinessMachine,HTCP,L2A,HTTP/3
2025-05-02 05:42:18,index,23.2049999237061,8631.0,TheEmptinessMachine,HTCP,L2A,HTTP/3
2025-05-02 05:42:20,index,25.210000038147,4676.0,TheEmptinessMachine,HTCP,L2A,HTTP/3
2025-05-02 05:42:22,index,27.2049999237061,13308.0,TheEmptinessMachine,HTCP,L2A,HTTP/3
2025-05-02 05:42:24,index,29.2049999237061,8631.0,TheEmptinessMachine,HTCP,L2A,HTTP/3
2025-05-02 05:42:26,index,31.2049999237061,4692.0,TheEmptinessMachine,HTCP,L2A,HTTP/3
2025-05-02 05:42:28,index,33.2059998512268,8631.0,TheEmptinessMachine,HTCP,L2A,HTTP/3
2025-05-02 05:42:30,index,35.2059998512268,1499.0,TheEmptinessMachine,HTCP,L2A,HTTP/3
2025-05-02 05:42:32,index,37.2049999237061,4692.0,TheEmptinessMachine,HTCP,L2A,HTTP/3
2025-05-02 05:42:34,index,39.2049999237061,4676.0,TheEmptinessMachine,HTCP,L2A,HTTP/3
2025-05-02 05:42:36,index,41.2059998512268,4676.0,TheEmptinessMachine,HTCP,L2A,HTTP/3
2025-05-02 05:42:38,index,43.2049999237061,4676.0,TheEmptinessMachine,HTCP,L2A,HTTP/3
2025-05-02 05:42:40,index,45.2049999237061,4676.0,TheEmptinessMachine,HTCP,L2A,HTTP/3
2025-05-02 05:42:42,index,47.2049999237061,3486.0,TheEmptinessMachine,HTCP,L2A,HTTP/3
2025-05-02 05:42:44,index,49.2059998512268,3486.0,TheEmptinessMachine,HTCP,L2A,HTTP/3
2025-05-02 05:42:46,index,51.2049999237061,3486.0,TheEmptinessMachine,HTCP,L2A,HTTP/3
2025-05-02 05:42:48,index,53.2049999237061,3486.0,TheEmptinessMachine,HTCP,L2A,HTTP/3
2025-05-02 05:42:50,index,55.2049999237061,3486.0,TheEmptinessMachine,HTCP,L2A,HTTP/3
2025-05-02 05:42:52,index,57.2049999237061,3486.0,TheEmptinessMachine,HTCP,L2A,HTTP/3
2025-05-02 05:42:54,index,59.2049999237061,3486.0,TheEmptinessMachine,HTCP,L2A,HTTP/3
2025-05-02 05:42:56,index,61.2049999237061,6978.0,TheEmptinessMachine,HTCP,L2A,HTTP/3
2025-05-02 05:42:58,index,63.2049999237061,6978.0,TheEmptinessMachine,HTCP,L2A,HTTP/3
2025-05-02 05:43:00,index,65.2049999237061,6978.0,TheEmptinessMachine,HTCP,L2A,HTTP/3
2025-05-02 05:43:02,index,67.2059998512268,6978.0,TheEmptinessMachine,HTCP,L2A,HTTP/3
2025-05-02 05:43:04,index,69.2049999237061,6978.0,TheEmptinessMachine,HTCP,L2A,HTTP/3
2025-05-02 05:43:06,index,71.2049999237061,13308.0,TheEmptinessMachine,HTCP,L2A,HTTP/3
2025-05-02 05:43:08,index,73.2049999237061,8631.0,TheEmptinessMachine,HTCP,L2A,HTTP/3
2025-05-02 05:43:10,index,75.2049999237061,4692.0,TheEmptinessMachine,HTCP,L2A,HTTP/3
2025-05-02 05:43:12,index,77.2049999237061,13308.0,TheEmptinessMachine,HTCP,L2A,HTTP/3
2025-05-02 05:43:14,index,79.2059998512268,13308.0,TheEmptinessMachine,HTCP,L2A,HTTP/3
2025-05-02 05:43:16,index,81.2049999237061,13308.0,TheEmptinessMachine,HTCP,L2A,HTTP/3
2025-05-02 05:43:18,index,83.2049999237061,13308.0,TheEmptinessMachine,HTCP,L2A,HTTP/3
2025-05-02 05:43:20,index,85.2049999237061,2781.0,TheEmptinessMachine,HTCP,L2A,HTTP/3
2025-05-02 05:43:22,index,87.2049999237061,4692.0,TheEmptinessMachine,HTCP,L2A,HTTP/3
2025-05-02 05:43:24,index,89.2049999237061,13308.0,TheEmptinessMachine,HTCP,L2A,HTTP/3
2025-05-02 05:43:26,index,91.2049999237061,2781.0,TheEmptinessMachine,HTCP,L2A,HTTP/3
2025-05-02 05:43:28,index,93.2049999237061,8631.0,TheEmptinessMachine,HTCP,L2A,HTTP/3
2025-05-02 05:43:30,index,95.2049999237061,13308.0,TheEmptinessMachine,HTCP,L2A,HTTP/3
2025-05-02 05:43:32,index,97.2049999237061,2781.0,TheEmptinessMachine,HTCP,L2A,HTTP/3
2025-05-02 05:43:34,index,99.2049999237061,13308.0,TheEmptinessMachine,HTCP,L2A,HTTP/3
2025-05-02 05:43:38,index,103.205999851227,4692.0,TheEmptinessMachine,HTCP,L2A,HTTP/3
2025-05-02 05:43:40,index,105.204999923706,8631.0,TheEmptinessMachine,HTCP,L2A,HTTP/3
2025-05-02 05:43:42,index,107.205999851227,1767.0,TheEmptinessMachine,HTCP,L2A,HTTP/3
2025-05-02 05:43:44,index,109.204999923706,13308.0,TheEmptinessMachine,HTCP,L2A,HTTP/3
2025-05-02 05:43:46,index,111.204999923706,8631.0,TheEmptinessMachine,HTCP,L2A,HTTP/3
2025-05-02 05:43:48,index,113.204999923706,4676.0,TheEmptinessMachine,HTCP,L2A,HTTP/3
2025-05-02 05:43:50,index,115.205999851227,13308.0,TheEmptinessMachine,HTCP,L2A,HTTP/3
2025-05-02 05:43:52,index,117.205999851227,8631.0,TheEmptinessMachine,HTCP,L2A,HTTP/3
2025-05-02 05:43:54,index,119.204999923706,4676.0,TheEmptinessMachine,HTCP,L2A,HTTP/3
2025-05-02 05:43:56,index,121.204999923706,8631.0,TheEmptinessMachine,HTCP,L2A,HTTP/3
2025-05-02 05:44:00,index,125.204999923706,4692.0,TheEmptinessMachine,HTCP,L2A,HTTP/3
2025-05-02 05:44:02,index,127.205999851227,4676.0,TheEmptinessMachine,HTCP,L2A,HTTP/3
2025-05-02 05:44:04,index,129.204999923706,4676.0,TheEmptinessMachine,HTCP,L2A,HTTP/3
2025-05-02 05:44:06,index,131.204999923706,4676.0,TheEmptinessMachine,HTCP,L2A,HTTP/3
2025-05-02 05:44:08,index,133.204999923706,4676.0,TheEmptinessMachine,HTCP,L2A,HTTP/3
2025-05-02 05:44:10,index,135.204999923706,3486.0,TheEmptinessMachine,HTCP,L2A,HTTP/3
2025-05-02 05:44:12,index,137.204999923706,3486.0,TheEmptinessMachine,HTCP,L2A,HTTP/3
2025-05-02 05:44:14,index,139.204999923706,3486.0,TheEmptinessMachine,HTCP,L2A,HTTP/3
2025-05-02 05:44:16,index,141.204999923706,3486.0,TheEmptinessMachine,HTCP,L2A,HTTP/3
2025-05-02 05:44:18,index,143.204999923706,3486.0,TheEmptinessMachine,HTCP,L2A,HTTP/3
2025-05-02 05:44:20,index,145.205999851227,3486.0,TheEmptinessMachine,HTCP,L2A,HTTP/3
2025-05-02 05:44:22,index,147.204999923706,3486.0,TheEmptinessMachine,HTCP,L2A,HTTP/3
2025-05-02 05:44:24,index,149.204999923706,6978.0,TheEmptinessMachine,HTCP,L2A,HTTP/3
2025-05-02 05:44:26,index,151.204999923706,6978.0,TheEmptinessMachine,HTCP,L2A,HTTP/3
2025-05-02 05:44:28,index,153.204999923706,6978.0,TheEmptinessMachine,HTCP,L2A,HTTP/3
2025-05-02 05:44:30,index,155.204999923706,6978.0,TheEmptinessMachine,HTCP,L2A,HTTP/3
2025-05-02 05:44:32,index,157.204999923706,13308.0,TheEmptinessMachine,HTCP,L2A,HTTP/3
2025-05-02 05:44:34,index,159.204999923706,8631.0,TheEmptinessMachine,HTCP,L2A,HTTP/3
2025-05-02 05:44:36,index,161.205999851227,13308.0,TheEmptinessMachine,HTCP,L2A,HTTP/3
2025-05-02 05:44:38,index,163.205999851227,2781.0,TheEmptinessMachine,HTCP,L2A,HTTP/3
2025-05-02 05:44:40,index,165.204999923706,13308.0,TheEmptinessMachine,HTCP,L2A,HTTP/3
2025-05-02 05:44:42,index,167.204999923706,13308.0,TheEmptinessMachine,HTCP,L2A,HTTP/3
2025-05-02 05:44:44,index,169.204999923706,13308.0,TheEmptinessMachine,HTCP,L2A,HTTP/3
2025-05-02 05:44:46,index,171.204999923706,8631.0,TheEmptinessMachine,HTCP,L2A,HTTP/3
2025-05-02 05:44:48,index,173.204999923706,1767.0,TheEmptinessMachine,HTCP,L2A,HTTP/3
2025-05-02 05:44:50,index,175.204999923706,13308.0,TheEmptinessMachine,HTCP,L2A,HTTP/3
2025-05-02 05:44:52,index,177.204999923706,13308.0,TheEmptinessMachine,HTCP,L2A,HTTP/3
2025-05-02 05:44:54,index,179.204999923706,2781.0,TheEmptinessMachine,HTCP,L2A,HTTP/3
2025-05-02 05:44:56,index,181.204999923706,8631.0,TheEmptinessMachine,HTCP,L2A,HTTP/3
2025-05-02 05:44:58,index,183.205999851227,8631.0,TheEmptinessMachine,HTCP,L2A,HTTP/3
2025-05-02 05:45:00,index,185.204999923706,4692.0,TheEmptinessMachine,HTCP,L2A,HTTP/3
2025-05-02 05:45:02,index,187.204999923706,13308.0,TheEmptinessMachine,HTCP,L2A,HTTP/3
2025-05-02 05:45:04,index,189.204999923706,13308.0,TheEmptinessMachine,HTCP,L2A,HTTP/3
2025-05-02 05:45:06,index,191.204999923706,13308.0,TheEmptinessMachine,HTCP,L2A,HTTP/3
2025-05-02 05:45:08,index,193.204999923706,8631.0,TheEmptinessMachine,HTCP,L2A,HTTP/3
2025-05-02 05:45:10,index,195.204999923706,1499.0,TheEmptinessMachine,HTCP,L2A,HTTP/3
2025-05-02 05:45:12,index,197.204999923706,4676.0,TheEmptinessMachine,HTCP,L2A,HTTP/3
2025-05-02 05:45:14,index,199.204999923706,8631.0,TheEmptinessMachine,HTCP,L2A,HTTP/3
2025-05-02 05:45:16,index,201.204999923706,4676.0,TheEmptinessMachine,HTCP,L2A,HTTP/3
2025-05-02 05:45:18,index,203.204999923706,1767.0,TheEmptinessMachine,HTCP,L2A,HTTP/3
2025-05-02 05:45:50,index,1.22100019454956,8631.0,TheEmptinessMachine,HTCP,RB,HTTP/1.1
2025-05-02 05:45:54,index,3.22100019454956,13308.0,TheEmptinessMachine,HTCP,RB,HTTP/1.1
2025-05-02 05:45:54,index,5.22100019454956,13308.0,TheEmptinessMachine,HTCP,RB,HTTP/1.1
2025-05-02 05:45:56,index,7.22100019454956,13308.0,TheEmptinessMachine,HTCP,RB,HTTP/1.1
2025-05-02 05:45:58,index,9.22100019454956,8631.0,TheEmptinessMachine,HTCP,RB,HTTP/1.1
2025-05-02 05:46:00,index,11.2200000286102,8631.0,TheEmptinessMachine,HTCP,RB,HTTP/1.1
2025-05-02 05:46:02,index,13.2200000286102,13308.0,TheEmptinessMachine,HTCP,RB,HTTP/1.1
2025-05-02 05:46:04,index,15.2210001945496,13308.0,TheEmptinessMachine,HTCP,RB,HTTP/1.1
2025-05-02 05:46:06,index,17.2210001945496,13308.0,TheEmptinessMachine,HTCP,RB,HTTP/1.1
2025-05-02 05:46:08,index,19.2210001945496,13308.0,TheEmptinessMachine,HTCP,RB,HTTP/1.1
2025-05-02 05:46:10,index,21.2210001945496,13308.0,TheEmptinessMachine,HTCP,RB,HTTP/1.1
2025-05-02 05:46:12,index,23.2210001945496,13308.0,TheEmptinessMachine,HTCP,RB,HTTP/1.1
2025-05-02 05:46:14,index,25.2210001945496,13308.0,TheEmptinessMachine,HTCP,RB,HTTP/1.1
2025-05-02 05:46:16,index,27.2210001945496,13308.0,TheEmptinessMachine,HTCP,RB,HTTP/1.1
2025-05-02 05:46:18,index,29.2210001945496,13308.0,TheEmptinessMachine,HTCP,RB,HTTP/1.1
2025-05-02 05:46:20,index,31.2220001220703,76.0,TheEmptinessMachine,HTCP,RB,HTTP/1.1
2025-05-02 05:46:22,index,33.2210001945496,13308.0,TheEmptinessMachine,HTCP,RB,HTTP/1.1
2025-05-02 05:46:24,index,35.2210001945496,13308.0,TheEmptinessMachine,HTCP,RB,HTTP/1.1
2025-05-02 05:46:26,index,37.2210001945496,13308.0,TheEmptinessMachine,HTCP,RB,HTTP/1.1
2025-05-02 05:46:28,index,39.2200000286102,13308.0,TheEmptinessMachine,HTCP,RB,HTTP/1.1
2025-05-02 05:46:30,index,41.2200000286102,13308.0,TheEmptinessMachine,HTCP,RB,HTTP/1.1
2025-05-02 05:46:32,index,43.2200000286102,13308.0,TheEmptinessMachine,HTCP,RB,HTTP/1.1
2025-05-02 05:46:34,index,45.228000164032,76.0,TheEmptinessMachine,HTCP,RB,HTTP/1.1
2025-05-02 05:46:36,index,47.2210001945496,13308.0,TheEmptinessMachine,HTCP,RB,HTTP/1.1
2025-05-02 05:46:38,index,49.2210001945496,13308.0,TheEmptinessMachine,HTCP,RB,HTTP/1.1
2025-05-02 05:46:40,index,51.2210001945496,76.0,TheEmptinessMachine,HTCP,RB,HTTP/1.1
2025-05-02 05:46:42,index,53.2210001945496,76.0,TheEmptinessMachine,HTCP,RB,HTTP/1.1
2025-05-02 05:46:44,index,55.2210001945496,13308.0,TheEmptinessMachine,HTCP,RB,HTTP/1.1
2025-05-02 05:46:46,index,57.2210001945496,13308.0,TheEmptinessMachine,HTCP,RB,HTTP/1.1
2025-05-02 05:46:48,index,59.2210001945496,13308.0,TheEmptinessMachine,HTCP,RB,HTTP/1.1
2025-05-02 05:46:50,index,61.2210001945496,13308.0,TheEmptinessMachine,HTCP,RB,HTTP/1.1
2025-05-02 05:46:52,index,63.2210001945496,13308.0,TheEmptinessMachine,HTCP,RB,HTTP/1.1
2025-05-02 05:46:54,index,65.2210001945496,13308.0,TheEmptinessMachine,HTCP,RB,HTTP/1.1
2025-05-02 05:46:56,index,67.2210001945496,4676.0,TheEmptinessMachine,HTCP,RB,HTTP/1.1
2025-05-02 05:46:58,index,69.2220001220703,76.0,TheEmptinessMachine,HTCP,RB,HTTP/1.1
2025-05-02 05:47:00,index,71.2210001945496,76.0,TheEmptinessMachine,HTCP,RB,HTTP/1.1
2025-05-02 05:47:02,index,73.2210001945496,8631.0,TheEmptinessMachine,HTCP,RB,HTTP/1.1
2025-05-02 05:47:04,index,75.2210001945496,13308.0,TheEmptinessMachine,HTCP,RB,HTTP/1.1
2025-05-02 05:47:06,index,77.2210001945496,13308.0,TheEmptinessMachine,HTCP,RB,HTTP/1.1
2025-05-02 05:47:08,index,79.2210001945496,13308.0,TheEmptinessMachine,HTCP,RB,HTTP/1.1
2025-05-02 05:47:10,index,81.2210001945496,13308.0,TheEmptinessMachine,HTCP,RB,HTTP/1.1
2025-05-02 05:47:12,index,83.2210001945496,13308.0,TheEmptinessMachine,HTCP,RB,HTTP/1.1
2025-05-02 05:47:14,index,85.2220001220703,13308.0,TheEmptinessMachine,HTCP,RB,HTTP/1.1
2025-05-02 05:47:16,index,87.2210001945496,13308.0,TheEmptinessMachine,HTCP,RB,HTTP/1.1
2025-05-02 05:47:18,index,89.2200000286102,13308.0,TheEmptinessMachine,HTCP,RB,HTTP/1.1
2025-05-02 05:47:20,index,91.2210001945496,13308.0,TheEmptinessMachine,HTCP,RB,HTTP/1.1
2025-05-02 05:47:22,index,93.2210001945496,13308.0,TheEmptinessMachine,HTCP,RB,HTTP/1.1
2025-05-02 05:47:24,index,95.2210001945496,76.0,TheEmptinessMachine,HTCP,RB,HTTP/1.1
2025-05-02 05:47:26,index,97.2200000286102,76.0,TheEmptinessMachine,HTCP,RB,HTTP/1.1
2025-05-02 05:47:28,index,99.2210001945496,13308.0,TheEmptinessMachine,HTCP,RB,HTTP/1.1
2025-05-02 05:47:30,index,101.22100019455,76.0,TheEmptinessMachine,HTCP,RB,HTTP/1.1
2025-05-02 05:47:32,index,103.22100019455,76.0,TheEmptinessMachine,HTCP,RB,HTTP/1.1
2025-05-02 05:47:34,index,105.22100019455,13308.0,TheEmptinessMachine,HTCP,RB,HTTP/1.1
2025-05-02 05:47:36,index,107.22100019455,76.0,TheEmptinessMachine,HTCP,RB,HTTP/1.1
2025-05-02 05:47:38,index,109.22000002861,76.0,TheEmptinessMachine,HTCP,RB,HTTP/1.1
2025-05-02 05:47:40,index,111.22100019455,13308.0,TheEmptinessMachine,HTCP,RB,HTTP/1.1
2025-05-02 05:47:42,index,113.22100019455,13308.0,TheEmptinessMachine,HTCP,RB,HTTP/1.1
2025-05-02 05:47:44,index,115.22100019455,13308.0,TheEmptinessMachine,HTCP,RB,HTTP/1.1
2025-05-02 05:47:46,index,117.22100019455,13308.0,TheEmptinessMachine,HTCP,RB,HTTP/1.1
2025-05-02 05:47:48,index,119.22100019455,13308.0,TheEmptinessMachine,HTCP,RB,HTTP/1.1
2025-05-02 05:47:50,index,121.22100019455,4676.0,TheEmptinessMachine,HTCP,RB,HTTP/1.1
2025-05-02 05:47:52,index,123.22100019455,8631.0,TheEmptinessMachine,HTCP,RB,HTTP/1.1
2025-05-02 05:47:54,index,125.22100019455,76.0,TheEmptinessMachine,HTCP,RB,HTTP/1.1
2025-05-02 05:47:56,index,127.22100019455,13308.0,TheEmptinessMachine,HTCP,RB,HTTP/1.1
2025-05-02 05:47:58,index,129.22000002861,13308.0,TheEmptinessMachine,HTCP,RB,HTTP/1.1
2025-05-02 05:48:00,index,131.22100019455,13308.0,TheEmptinessMachine,HTCP,RB,HTTP/1.1
2025-05-02 05:48:02,index,133.22100019455,13308.0,TheEmptinessMachine,HTCP,RB,HTTP/1.1
2025-05-02 05:48:04,index,135.22100019455,13308.0,TheEmptinessMachine,HTCP,RB,HTTP/1.1
2025-05-02 05:48:06,index,137.22100019455,13308.0,TheEmptinessMachine,HTCP,RB,HTTP/1.1
2025-05-02 05:48:08,index,139.22000002861,13308.0,TheEmptinessMachine,HTCP,RB,HTTP/1.1
2025-05-02 05:48:10,index,141.22200012207,13308.0,TheEmptinessMachine,HTCP,RB,HTTP/1.1
2025-05-02 05:48:12,index,143.22100019455,13308.0,TheEmptinessMachine,HTCP,RB,HTTP/1.1
2025-05-02 05:48:14,index,145.22100019455,13308.0,TheEmptinessMachine,HTCP,RB,HTTP/1.1
2025-05-02 05:48:16,index,147.22100019455,13308.0,TheEmptinessMachine,HTCP,RB,HTTP/1.1
2025-05-02 05:48:18,index,149.22000002861,76.0,TheEmptinessMachine,HTCP,RB,HTTP/1.1
2025-05-02 05:48:20,index,151.22100019455,13308.0,TheEmptinessMachine,HTCP,RB,HTTP/1.1
2025-05-02 05:48:22,index,153.22100019455,13308.0,TheEmptinessMachine,HTCP,RB,HTTP/1.1
2025-05-02 05:48:24,index,155.22000002861,13308.0,TheEmptinessMachine,HTCP,RB,HTTP/1.1
2025-05-02 05:48:26,index,157.22100019455,13308.0,TheEmptinessMachine,HTCP,RB,HTTP/1.1
2025-05-02 05:48:28,index,159.22100019455,13308.0,TheEmptinessMachine,HTCP,RB,HTTP/1.1
2025-05-02 05:48:30,index,161.22100019455,13308.0,TheEmptinessMachine,HTCP,RB,HTTP/1.1
2025-05-02 05:48:32,index,163.22100019455,76.0,TheEmptinessMachine,HTCP,RB,HTTP/1.1
2025-05-02 05:48:34,index,165.22100019455,76.0,TheEmptinessMachine,HTCP,RB,HTTP/1.1
2025-05-02 05:48:36,index,167.22100019455,13308.0,TheEmptinessMachine,HTCP,RB,HTTP/1.1
2025-05-02 05:48:38,index,169.22100019455,13308.0,TheEmptinessMachine,HTCP,RB,HTTP/1.1
2025-05-02 05:48:40,index,171.22100019455,76.0,TheEmptinessMachine,HTCP,RB,HTTP/1.1
2025-05-02 05:48:42,index,173.22100019455,13308.0,TheEmptinessMachine,HTCP,RB,HTTP/1.1
2025-05-02 05:48:44,index,175.22000002861,13308.0,TheEmptinessMachine,HTCP,RB,HTTP/1.1
2025-05-02 05:48:46,index,177.22100019455,13308.0,TheEmptinessMachine,HTCP,RB,HTTP/1.1
2025-05-02 05:48:48,index,179.22100019455,13308.0,TheEmptinessMachine,HTCP,RB,HTTP/1.1
2025-05-02 05:48:50,index,181.22100019455,13308.0,TheEmptinessMachine,HTCP,RB,HTTP/1.1
2025-05-02 05:48:52,index,183.22100019455,13308.0,TheEmptinessMachine,HTCP,RB,HTTP/1.1
2025-05-02 05:48:54,index,185.22100019455,13308.0,TheEmptinessMachine,HTCP,RB,HTTP/1.1
2025-05-02 05:48:56,index,187.22100019455,76.0,TheEmptinessMachine,HTCP,RB,HTTP/1.1
2025-05-02 05:48:58,index,189.22100019455,13308.0,TheEmptinessMachine,HTCP,RB,HTTP/1.1
2025-05-02 05:49:00,index,191.22100019455,13308.0,TheEmptinessMachine,HTCP,RB,HTTP/1.1
2025-05-02 05:49:02,index,193.22100019455,13308.0,TheEmptinessMachine,HTCP,RB,HTTP/1.1
2025-05-02 05:49:04,index,195.22100019455,13308.0,TheEmptinessMachine,HTCP,RB,HTTP/1.1
2025-05-02 05:49:06,index,197.22100019455,13308.0,TheEmptinessMachine,HTCP,RB,HTTP/1.1
2025-05-02 05:49:08,index,199.22100019455,13308.0,TheEmptinessMachine,HTCP,RB,HTTP/1.1
2025-05-02 05:49:10,index,201.22100019455,13308.0,TheEmptinessMachine,HTCP,RB,HTTP/1.1
2025-05-02 05:49:12,index,203.22000002861,13308.0,TheEmptinessMachine,HTCP,RB,HTTP/1.1
2025-05-02 05:49:14,index,205.22100019455,13308.0,TheEmptinessMachine,HTCP,RB,HTTP/1.1
2025-05-02 05:49:43,index,1.20600008964539,13308.0,TheEmptinessMachine,HTCP,RB,HTTP/2
2025-05-02 05:49:46,index,3.20499992370605,13308.0,TheEmptinessMachine,HTCP,RB,HTTP/2
2025-05-02 05:49:47,index,5.20499992370605,13308.0,TheEmptinessMachine,HTCP,RB,HTTP/2
2025-05-02 05:49:51,index,9.20499992370605,8631.0,TheEmptinessMachine,HTCP,RB,HTTP/2
2025-05-02 05:49:53,index,11.2049999237061,13308.0,TheEmptinessMachine,HTCP,RB,HTTP/2
2025-05-02 05:49:57,index,15.2049999237061,13308.0,TheEmptinessMachine,HTCP,RB,HTTP/2
2025-05-02 05:49:59,index,17.2049999237061,13308.0,TheEmptinessMachine,HTCP,RB,HTTP/2
2025-05-02 05:50:01,index,19.2049999237061,13308.0,TheEmptinessMachine,HTCP,RB,HTTP/2
2025-05-02 05:50:03,index,21.2049999237061,13308.0,TheEmptinessMachine,HTCP,RB,HTTP/2
2025-05-02 05:50:05,index,23.2049999237061,13308.0,TheEmptinessMachine,HTCP,RB,HTTP/2
2025-05-02 05:50:07,index,25.2060000896454,13308.0,TheEmptinessMachine,HTCP,RB,HTTP/2
2025-05-02 05:50:09,index,27.2049999237061,13308.0,TheEmptinessMachine,HTCP,RB,HTTP/2
2025-05-02 05:50:11,index,29.2049999237061,13308.0,TheEmptinessMachine,HTCP,RB,HTTP/2
2025-05-02 05:50:13,index,31.2109999656677,13308.0,TheEmptinessMachine,HTCP,RB,HTTP/2
2025-05-02 05:50:15,index,33.2049999237061,13308.0,TheEmptinessMachine,HTCP,RB,HTTP/2
2025-05-02 05:50:17,index,35.2049999237061,13308.0,TheEmptinessMachine,HTCP,RB,HTTP/2
2025-05-02 05:50:19,index,37.2049999237061,13308.0,TheEmptinessMachine,HTCP,RB,HTTP/2
2025-05-02 05:50:21,index,39.2049999237061,13308.0,TheEmptinessMachine,HTCP,RB,HTTP/2
2025-05-02 05:50:23,index,41.2049999237061,13308.0,TheEmptinessMachine,HTCP,RB,HTTP/2
2025-05-02 05:50:25,index,43.2049999237061,13308.0,TheEmptinessMachine,HTCP,RB,HTTP/2
2025-05-02 05:50:27,index,45.2049999237061,76.0,TheEmptinessMachine,HTCP,RB,HTTP/2
2025-05-02 05:50:29,index,47.2049999237061,13308.0,TheEmptinessMachine,HTCP,RB,HTTP/2
2025-05-02 05:50:31,index,49.2049999237061,13308.0,TheEmptinessMachine,HTCP,RB,HTTP/2
2025-05-02 05:50:33,index,51.2049999237061,76.0,TheEmptinessMachine,HTCP,RB,HTTP/2
2025-05-02 05:50:35,index,53.2049999237061,76.0,TheEmptinessMachine,HTCP,RB,HTTP/2
2025-05-02 05:50:37,index,55.2049999237061,13308.0,TheEmptinessMachine,HTCP,RB,HTTP/2
2025-05-02 05:50:39,index,57.2049999237061,13308.0,TheEmptinessMachine,HTCP,RB,HTTP/2
2025-05-02 05:50:41,index,59.2049999237061,13308.0,TheEmptinessMachine,HTCP,RB,HTTP/2
2025-05-02 05:50:43,index,61.2060000896454,13308.0,TheEmptinessMachine,HTCP,RB,HTTP/2
2025-05-02 05:50:45,index,63.2049999237061,13308.0,TheEmptinessMachine,HTCP,RB,HTTP/2
2025-05-02 05:50:47,index,65.2049999237061,13308.0,TheEmptinessMachine,HTCP,RB,HTTP/2
2025-05-02 05:50:49,index,67.2070000171661,76.0,TheEmptinessMachine,HTCP,RB,HTTP/2
2025-05-02 05:50:51,index,69.2060000896454,13308.0,TheEmptinessMachine,HTCP,RB,HTTP/2
2025-05-02 05:50:53,index,71.2060000896454,13308.0,TheEmptinessMachine,HTCP,RB,HTTP/2
2025-05-02 05:50:55,index,73.2049999237061,76.0,TheEmptinessMachine,HTCP,RB,HTTP/2
2025-05-02 05:50:57,index,75.2060000896454,13308.0,TheEmptinessMachine,HTCP,RB,HTTP/2
2025-05-02 05:50:59,index,77.2049999237061,13308.0,TheEmptinessMachine,HTCP,RB,HTTP/2
2025-05-02 05:51:01,index,79.2049999237061,13308.0,TheEmptinessMachine,HTCP,RB,HTTP/2
2025-05-02 05:51:03,index,81.2049999237061,13308.0,TheEmptinessMachine,HTCP,RB,HTTP/2
2025-05-02 05:51:05,index,83.2060000896454,13308.0,TheEmptinessMachine,HTCP,RB,HTTP/2
2025-05-02 05:51:07,index,85.2049999237061,13308.0,TheEmptinessMachine,HTCP,RB,HTTP/2
2025-05-02 05:51:09,index,87.2049999237061,13308.0,TheEmptinessMachine,HTCP,RB,HTTP/2
2025-05-02 05:51:11,index,89.2060000896454,76.0,TheEmptinessMachine,HTCP,RB,HTTP/2
2025-05-02 05:51:13,index,91.2049999237061,13308.0,TheEmptinessMachine,HTCP,RB,HTTP/2
2025-05-02 05:51:15,index,93.2049999237061,13308.0,TheEmptinessMachine,HTCP,RB,HTTP/2
2025-05-02 05:51:17,index,95.2049999237061,76.0,TheEmptinessMachine,HTCP,RB,HTTP/2
2025-05-02 05:51:19,index,97.2049999237061,76.0,TheEmptinessMachine,HTCP,RB,HTTP/2
2025-05-02 05:51:21,index,99.2049999237061,13308.0,TheEmptinessMachine,HTCP,RB,HTTP/2
2025-05-02 05:51:23,index,101.204999923706,13308.0,TheEmptinessMachine,HTCP,RB,HTTP/2
2025-05-02 05:51:25,index,103.204999923706,13308.0,TheEmptinessMachine,HTCP,RB,HTTP/2
2025-05-02 05:51:27,index,105.204999923706,13308.0,TheEmptinessMachine,HTCP,RB,HTTP/2
2025-05-02 05:51:29,index,107.204999923706,13308.0,TheEmptinessMachine,HTCP,RB,HTTP/2
2025-05-02 05:51:31,index,109.204999923706,13308.0,TheEmptinessMachine,HTCP,RB,HTTP/2
2025-05-02 05:51:33,index,111.204999923706,76.0,TheEmptinessMachine,HTCP,RB,HTTP/2
2025-05-02 05:51:35,index,113.204999923706,13308.0,TheEmptinessMachine,HTCP,RB,HTTP/2
2025-05-02 05:51:37,index,115.204999923706,13308.0,TheEmptinessMachine,HTCP,RB,HTTP/2
2025-05-02 05:51:39,index,117.204999923706,76.0,TheEmptinessMachine,HTCP,RB,HTTP/2
2025-05-02 05:51:41,index,119.204999923706,76.0,TheEmptinessMachine,HTCP,RB,HTTP/2
2025-05-02 05:51:43,index,121.204999923706,13308.0,TheEmptinessMachine,HTCP,RB,HTTP/2
2025-05-02 05:51:47,index,125.204999923706,13308.0,TheEmptinessMachine,HTCP,RB,HTTP/2
2025-05-02 05:51:49,index,127.204999923706,13308.0,TheEmptinessMachine,HTCP,RB,HTTP/2
2025-05-02 05:51:51,index,129.204999923706,13308.0,TheEmptinessMachine,HTCP,RB,HTTP/2
2025-05-02 05:51:53,index,131.204999923706,13308.0,TheEmptinessMachine,HTCP,RB,HTTP/2
2025-05-02 05:51:55,index,133.204999923706,76.0,TheEmptinessMachine,HTCP,RB,HTTP/2
2025-05-02 05:51:57,index,135.204999923706,13308.0,TheEmptinessMachine,HTCP,RB,HTTP/2
2025-05-02 05:51:59,index,137.204999923706,13308.0,TheEmptinessMachine,HTCP,RB,HTTP/2
2025-05-02 05:52:01,index,139.204999923706,76.0,TheEmptinessMachine,HTCP,RB,HTTP/2
2025-05-02 05:52:03,index,141.204999923706,76.0,TheEmptinessMachine,HTCP,RB,HTTP/2
2025-05-02 05:52:05,index,143.204999923706,13308.0,TheEmptinessMachine,HTCP,RB,HTTP/2
2025-05-02 05:52:07,index,145.204999923706,13308.0,TheEmptinessMachine,HTCP,RB,HTTP/2
2025-05-02 05:52:09,index,147.204999923706,13308.0,TheEmptinessMachine,HTCP,RB,HTTP/2
2025-05-02 05:52:11,index,149.204999923706,13308.0,TheEmptinessMachine,HTCP,RB,HTTP/2
2025-05-02 05:52:13,index,151.204999923706,13308.0,TheEmptinessMachine,HTCP,RB,HTTP/2
2025-05-02 05:52:15,index,153.204999923706,8631.0,TheEmptinessMachine,HTCP,RB,HTTP/2
2025-05-02 05:52:17,index,155.204999923706,13308.0,TheEmptinessMachine,HTCP,RB,HTTP/2
2025-05-02 05:52:19,index,157.204999923706,13308.0,TheEmptinessMachine,HTCP,RB,HTTP/2
2025-05-02 05:52:21,index,159.204999923706,76.0,TheEmptinessMachine,HTCP,RB,HTTP/2
2025-05-02 05:52:23,index,161.204999923706,13308.0,TheEmptinessMachine,HTCP,RB,HTTP/2
2025-05-02 05:52:25,index,163.204999923706,13308.0,TheEmptinessMachine,HTCP,RB,HTTP/2
2025-05-02 05:52:27,index,165.204999923706,13308.0,TheEmptinessMachine,HTCP,RB,HTTP/2
2025-05-02 05:52:29,index,167.204999923706,76.0,TheEmptinessMachine,HTCP,RB,HTTP/2
2025-05-02 05:52:31,index,169.204999923706,76.0,TheEmptinessMachine,HTCP,RB,HTTP/2
2025-05-02 05:52:33,index,171.204999923706,13308.0,TheEmptinessMachine,HTCP,RB,HTTP/2
2025-05-02 05:52:35,index,173.204999923706,76.0,TheEmptinessMachine,HTCP,RB,HTTP/2
2025-05-02 05:52:37,index,175.204999923706,76.0,TheEmptinessMachine,HTCP,RB,HTTP/2
2025-05-02 05:52:39,index,177.204999923706,13308.0,TheEmptinessMachine,HTCP,RB,HTTP/2
2025-05-02 05:52:41,index,179.204999923706,76.0,TheEmptinessMachine,HTCP,RB,HTTP/2
2025-05-02 05:52:43,index,181.204999923706,76.0,TheEmptinessMachine,HTCP,RB,HTTP/2
2025-05-02 05:52:45,index,183.204999923706,13308.0,TheEmptinessMachine,HTCP,RB,HTTP/2
2025-05-02 05:52:47,index,185.204999923706,13308.0,TheEmptinessMachine,HTCP,RB,HTTP/2
2025-05-02 05:52:49,index,187.204999923706,13308.0,TheEmptinessMachine,HTCP,RB,HTTP/2
2025-05-02 05:52:51,index,189.204999923706,13308.0,TheEmptinessMachine,HTCP,RB,HTTP/2
2025-05-02 05:52:53,index,191.204999923706,13308.0,TheEmptinessMachine,HTCP,RB,HTTP/2
2025-05-02 05:52:55,index,193.203999996185,13308.0,TheEmptinessMachine,HTCP,RB,HTTP/2
2025-05-02 05:52:57,index,195.204999923706,13308.0,TheEmptinessMachine,HTCP,RB,HTTP/2
2025-05-02 05:52:59,index,197.204999923706,13308.0,TheEmptinessMachine,HTCP,RB,HTTP/2
2025-05-02 05:53:01,index,199.204999923706,13308.0,TheEmptinessMachine,HTCP,RB,HTTP/2
2025-05-02 05:53:03,index,201.204999923706,13308.0,TheEmptinessMachine,HTCP,RB,HTTP/2
2025-05-02 05:53:05,index,203.204999923706,13308.0,TheEmptinessMachine,HTCP,RB,HTTP/2
2025-05-02 05:53:09,index,207.204999923706,13308.0,TheEmptinessMachine,HTCP,RB,HTTP/2
2025-05-02 05:53:37,index,1.2110002040863,8631.0,TheEmptinessMachine,HTCP,RB,HTTP/3
2025-05-02 05:53:40,index,3.21000003814697,8631.0,TheEmptinessMachine,HTCP,RB,HTTP/3
2025-05-02 05:53:41,index,5.21000003814697,2781.0,TheEmptinessMachine,HTCP,RB,HTTP/3
2025-05-02 05:53:43,index,7.21000003814697,4676.0,TheEmptinessMachine,HTCP,RB,HTTP/3
2025-05-02 05:53:45,index,9.21000003814697,8631.0,TheEmptinessMachine,HTCP,RB,HTTP/3
2025-05-02 05:53:47,index,11.210000038147,8631.0,TheEmptinessMachine,HTCP,RB,HTTP/3
2025-05-02 05:53:49,index,13.210000038147,13308.0,TheEmptinessMachine,HTCP,RB,HTTP/3
2025-05-02 05:53:51,index,15.210000038147,13308.0,TheEmptinessMachine,HTCP,RB,HTTP/3
2025-05-02 05:53:53,index,17.210000038147,13308.0,TheEmptinessMachine,HTCP,RB,HTTP/3
2025-05-02 05:53:55,index,19.210000038147,13308.0,TheEmptinessMachine,HTCP,RB,HTTP/3
2025-05-02 05:53:57,index,21.210000038147,13308.0,TheEmptinessMachine,HTCP,RB,HTTP/3
2025-05-02 05:53:59,index,23.210000038147,13308.0,TheEmptinessMachine,HTCP,RB,HTTP/3
2025-05-02 05:54:01,index,25.210000038147,13308.0,TheEmptinessMachine,HTCP,RB,HTTP/3
2025-05-02 05:54:03,index,27.210000038147,13308.0,TheEmptinessMachine,HTCP,RB,HTTP/3
2025-05-02 05:54:05,index,29.210000038147,13308.0,TheEmptinessMachine,HTCP,RB,HTTP/3
2025-05-02 05:54:07,index,31.210000038147,13308.0,TheEmptinessMachine,HTCP,RB,HTTP/3
2025-05-02 05:54:09,index,33.210000038147,76.0,TheEmptinessMachine,HTCP,RB,HTTP/3
2025-05-02 05:54:11,index,35.210000038147,13308.0,TheEmptinessMachine,HTCP,RB,HTTP/3
2025-05-02 05:54:13,index,37.210000038147,13308.0,TheEmptinessMachine,HTCP,RB,HTTP/3
2025-05-02 05:54:15,index,39.210000038147,13308.0,TheEmptinessMachine,HTCP,RB,HTTP/3
2025-05-02 05:54:17,index,41.210000038147,13308.0,TheEmptinessMachine,HTCP,RB,HTTP/3
2025-05-02 05:54:19,index,43.210000038147,13308.0,TheEmptinessMachine,HTCP,RB,HTTP/3
2025-05-02 05:54:21,index,45.210000038147,13308.0,TheEmptinessMachine,HTCP,RB,HTTP/3
2025-05-02 05:54:23,index,47.2090001106262,13308.0,TheEmptinessMachine,HTCP,RB,HTTP/3
2025-05-02 05:54:25,index,49.210000038147,13308.0,TheEmptinessMachine,HTCP,RB,HTTP/3
2025-05-02 05:54:27,index,51.210000038147,76.0,TheEmptinessMachine,HTCP,RB,HTTP/3
2025-05-02 05:54:29,index,53.210000038147,13308.0,TheEmptinessMachine,HTCP,RB,HTTP/3
2025-05-02 05:54:31,index,55.210000038147,13308.0,TheEmptinessMachine,HTCP,RB,HTTP/3
2025-05-02 05:54:33,index,57.210000038147,76.0,TheEmptinessMachine,HTCP,RB,HTTP/3
2025-05-02 05:54:35,index,59.210000038147,13308.0,TheEmptinessMachine,HTCP,RB,HTTP/3
2025-05-02 05:54:37,index,61.210000038147,13308.0,TheEmptinessMachine,HTCP,RB,HTTP/3
2025-05-02 05:54:39,index,63.210000038147,13308.0,TheEmptinessMachine,HTCP,RB,HTTP/3
2025-05-02 05:54:41,index,65.210000038147,13308.0,TheEmptinessMachine,HTCP,RB,HTTP/3
2025-05-02 05:54:43,index,67.210000038147,13308.0,TheEmptinessMachine,HTCP,RB,HTTP/3
2025-05-02 05:54:45,index,69.210000038147,13308.0,TheEmptinessMachine,HTCP,RB,HTTP/3
2025-05-02 05:54:47,index,71.210000038147,76.0,TheEmptinessMachine,HTCP,RB,HTTP/3
2025-05-02 05:54:49,index,73.210000038147,13308.0,TheEmptinessMachine,HTCP,RB,HTTP/3
2025-05-02 05:54:51,index,75.210000038147,76.0,TheEmptinessMachine,HTCP,RB,HTTP/3
2025-05-02 05:54:53,index,77.210000038147,76.0,TheEmptinessMachine,HTCP,RB,HTTP/3
2025-05-02 05:54:55,index,79.2090001106262,13308.0,TheEmptinessMachine,HTCP,RB,HTTP/3
2025-05-02 05:54:57,index,81.210000038147,13308.0,TheEmptinessMachine,HTCP,RB,HTTP/3
2025-05-02 05:54:59,index,83.210000038147,76.0,TheEmptinessMachine,HTCP,RB,HTTP/3
2025-05-02 05:55:01,index,85.210000038147,13308.0,TheEmptinessMachine,HTCP,RB,HTTP/3
2025-05-02 05:55:03,index,87.210000038147,13308.0,TheEmptinessMachine,HTCP,RB,HTTP/3
2025-05-02 05:55:05,index,89.210000038147,13308.0,TheEmptinessMachine,HTCP,RB,HTTP/3
2025-05-02 05:55:07,index,91.210000038147,13308.0,TheEmptinessMachine,HTCP,RB,HTTP/3
2025-05-02 05:55:09,index,93.210000038147,13308.0,TheEmptinessMachine,HTCP,RB,HTTP/3
2025-05-02 05:55:11,index,95.2090001106262,13308.0,TheEmptinessMachine,HTCP,RB,HTTP/3
2025-05-02 05:55:13,index,97.210000038147,13308.0,TheEmptinessMachine,HTCP,RB,HTTP/3
2025-05-02 05:55:15,index,99.210000038147,76.0,TheEmptinessMachine,HTCP,RB,HTTP/3
2025-05-02 05:55:17,index,101.210000038147,13308.0,TheEmptinessMachine,HTCP,RB,HTTP/3
2025-05-02 05:55:19,index,103.209000110626,13308.0,TheEmptinessMachine,HTCP,RB,HTTP/3
2025-05-02 05:55:21,index,105.209000110626,76.0,TheEmptinessMachine,HTCP,RB,HTTP/3
2025-05-02 05:55:23,index,107.210000038147,13308.0,TheEmptinessMachine,HTCP,RB,HTTP/3
2025-05-02 05:55:25,index,109.211000204086,13308.0,TheEmptinessMachine,HTCP,RB,HTTP/3
2025-05-02 05:55:27,index,111.210000038147,13308.0,TheEmptinessMachine,HTCP,RB,HTTP/3
2025-05-02 05:55:29,index,113.210000038147,13308.0,TheEmptinessMachine,HTCP,RB,HTTP/3
2025-05-02 05:55:31,index,115.210000038147,13308.0,TheEmptinessMachine,HTCP,RB,HTTP/3
2025-05-02 05:55:33,index,117.210000038147,13308.0,TheEmptinessMachine,HTCP,RB,HTTP/3
2025-05-02 05:55:35,index,119.210000038147,13308.0,TheEmptinessMachine,HTCP,RB,HTTP/3
2025-05-02 05:55:37,index,121.210000038147,13308.0,TheEmptinessMachine,HTCP,RB,HTTP/3
2025-05-02 05:55:39,index,123.210000038147,76.0,TheEmptinessMachine,HTCP,RB,HTTP/3
2025-05-02 05:55:41,index,125.210000038147,76.0,TheEmptinessMachine,HTCP,RB,HTTP/3
2025-05-02 05:55:43,index,127.210000038147,13308.0,TheEmptinessMachine,HTCP,RB,HTTP/3
2025-05-02 05:55:45,index,129.210000038147,76.0,TheEmptinessMachine,HTCP,RB,HTTP/3
2025-05-02 05:55:47,index,131.210000038147,76.0,TheEmptinessMachine,HTCP,RB,HTTP/3
2025-05-02 05:55:49,index,133.210000038147,13308.0,TheEmptinessMachine,HTCP,RB,HTTP/3
2025-05-02 05:55:51,index,135.209000110626,13308.0,TheEmptinessMachine,HTCP,RB,HTTP/3
2025-05-02 05:55:53,index,137.209000110626,13308.0,TheEmptinessMachine,HTCP,RB,HTTP/3
2025-05-02 05:55:55,index,139.209000110626,13308.0,TheEmptinessMachine,HTCP,RB,HTTP/3
2025-05-02 05:55:57,index,141.209000110626,13308.0,TheEmptinessMachine,HTCP,RB,HTTP/3
2025-05-02 05:55:59,index,143.210000038147,13308.0,TheEmptinessMachine,HTCP,RB,HTTP/3
2025-05-02 05:56:01,index,145.210000038147,13308.0,TheEmptinessMachine,HTCP,RB,HTTP/3
2025-05-02 05:56:03,index,147.210000038147,13308.0,TheEmptinessMachine,HTCP,RB,HTTP/3
2025-05-02 05:56:05,index,149.210000038147,76.0,TheEmptinessMachine,HTCP,RB,HTTP/3
2025-05-02 05:56:07,index,151.210000038147,13308.0,TheEmptinessMachine,HTCP,RB,HTTP/3
2025-05-02 05:56:09,index,153.209000110626,13308.0,TheEmptinessMachine,HTCP,RB,HTTP/3
2025-05-02 05:56:11,index,155.210000038147,76.0,TheEmptinessMachine,HTCP,RB,HTTP/3
2025-05-02 05:56:13,index,157.210000038147,13308.0,TheEmptinessMachine,HTCP,RB,HTTP/3
2025-05-02 05:56:15,index,159.210000038147,13308.0,TheEmptinessMachine,HTCP,RB,HTTP/3
2025-05-02 05:56:17,index,161.210000038147,13308.0,TheEmptinessMachine,HTCP,RB,HTTP/3
2025-05-02 05:56:19,index,163.210000038147,13308.0,TheEmptinessMachine,HTCP,RB,HTTP/3
2025-05-02 05:56:21,index,165.210000038147,13308.0,TheEmptinessMachine,HTCP,RB,HTTP/3
2025-05-02 05:56:23,index,167.210000038147,13308.0,TheEmptinessMachine,HTCP,RB,HTTP/3
2025-05-02 05:56:25,index,169.210000038147,13308.0,TheEmptinessMachine,HTCP,RB,HTTP/3
2025-05-02 05:56:27,index,171.210000038147,76.0,TheEmptinessMachine,HTCP,RB,HTTP/3
2025-05-02 05:56:29,index,173.210000038147,13308.0,TheEmptinessMachine,HTCP,RB,HTTP/3
2025-05-02 05:56:31,index,175.209000110626,13308.0,TheEmptinessMachine,HTCP,RB,HTTP/3
2025-05-02 05:56:33,index,177.210000038147,76.0,TheEmptinessMachine,HTCP,RB,HTTP/3
2025-05-02 05:56:35,index,179.210000038147,13308.0,TheEmptinessMachine,HTCP,RB,HTTP/3
2025-05-02 05:56:37,index,181.209000110626,13308.0,TheEmptinessMachine,HTCP,RB,HTTP/3
2025-05-02 05:56:39,index,183.210000038147,13308.0,TheEmptinessMachine,HTCP,RB,HTTP/3
2025-05-02 05:56:41,index,185.210000038147,13308.0,TheEmptinessMachine,HTCP,RB,HTTP/3
2025-05-02 05:56:43,index,187.210000038147,13308.0,TheEmptinessMachine,HTCP,RB,HTTP/3
2025-05-02 05:56:45,index,189.209000110626,13308.0,TheEmptinessMachine,HTCP,RB,HTTP/3
2025-05-02 05:56:47,index,191.210000038147,13308.0,TheEmptinessMachine,HTCP,RB,HTTP/3
2025-05-02 05:56:49,index,193.210000038147,13308.0,TheEmptinessMachine,HTCP,RB,HTTP/3
2025-05-02 05:56:51,index,195.210000038147,13308.0,TheEmptinessMachine,HTCP,RB,HTTP/3
2025-05-02 05:56:53,index,197.210000038147,13308.0,TheEmptinessMachine,HTCP,RB,HTTP/3
2025-05-02 05:56:55,index,199.209000110626,13308.0,TheEmptinessMachine,HTCP,RB,HTTP/3
2025-05-02 05:56:57,index,201.210000038147,13308.0,TheEmptinessMachine,HTCP,RB,HTTP/3
2025-05-02 05:56:59,index,203.210000038147,13308.0,TheEmptinessMachine,HTCP,RB,HTTP/3
2025-05-02 05:57:01,index,205.210000038147,13308.0,TheEmptinessMachine,HTCP,RB,HTTP/3
2025-05-02 05:57:03,index,207.210000038147,13308.0,TheEmptinessMachine,HTCP,RB,HTTP/3
2025-05-02 05:57:05,index,209.210000038147,13308.0,TheEmptinessMachine,HTCP,RB,HTTP/3
2025-05-02 05:57:31,index,1.22199988365173,8631.0,TheEmptinessMachine,HTCP,Throughput,HTTP/1.1
2025-05-02 05:57:33,index,3.2189998626709,13308.0,TheEmptinessMachine,HTCP,Throughput,HTTP/1.1
2025-05-02 05:57:35,index,5.2189998626709,13308.0,TheEmptinessMachine,HTCP,Throughput,HTTP/1.1
2025-05-02 05:57:37,index,7.2189998626709,13308.0,TheEmptinessMachine,HTCP,Throughput,HTTP/1.1
2025-05-02 05:57:39,index,9.2189998626709,13308.0,TheEmptinessMachine,HTCP,Throughput,HTTP/1.1
2025-05-02 05:57:41,index,11.2189998626709,13308.0,TheEmptinessMachine,HTCP,Throughput,HTTP/1.1
2025-05-02 05:57:43,index,13.2189998626709,13308.0,TheEmptinessMachine,HTCP,Throughput,HTTP/1.1
2025-05-02 05:57:45,index,15.2189998626709,13308.0,TheEmptinessMachine,HTCP,Throughput,HTTP/1.1
2025-05-02 05:57:47,index,17.2189998626709,13308.0,TheEmptinessMachine,HTCP,Throughput,HTTP/1.1
2025-05-02 05:57:49,index,19.2189998626709,13308.0,TheEmptinessMachine,HTCP,Throughput,HTTP/1.1
2025-05-02 05:57:51,index,21.2189998626709,13308.0,TheEmptinessMachine,HTCP,Throughput,HTTP/1.1
2025-05-02 05:57:53,index,23.2199997901917,13308.0,TheEmptinessMachine,HTCP,Throughput,HTTP/1.1
2025-05-02 05:57:55,index,25.2189998626709,13308.0,TheEmptinessMachine,HTCP,Throughput,HTTP/1.1
2025-05-02 05:57:57,index,27.2189998626709,13308.0,TheEmptinessMachine,HTCP,Throughput,HTTP/1.1
2025-05-02 05:57:59,index,29.2189998626709,13308.0,TheEmptinessMachine,HTCP,Throughput,HTTP/1.1
2025-05-02 05:58:01,index,31.2189998626709,13308.0,TheEmptinessMachine,HTCP,Throughput,HTTP/1.1
2025-05-02 05:58:03,index,33.2189998626709,13308.0,TheEmptinessMachine,HTCP,Throughput,HTTP/1.1
2025-05-02 05:58:05,index,35.2189998626709,13308.0,TheEmptinessMachine,HTCP,Throughput,HTTP/1.1
2025-05-02 05:58:07,index,37.2189998626709,13308.0,TheEmptinessMachine,HTCP,Throughput,HTTP/1.1
2025-05-02 05:58:09,index,39.2189998626709,13308.0,TheEmptinessMachine,HTCP,Throughput,HTTP/1.1
2025-05-02 05:58:11,index,41.2189998626709,13308.0,TheEmptinessMachine,HTCP,Throughput,HTTP/1.1
2025-05-02 05:58:13,index,43.2219998836517,13308.0,TheEmptinessMachine,HTCP,Throughput,HTTP/1.1
2025-05-02 05:58:15,index,45.2189998626709,13308.0,TheEmptinessMachine,HTCP,Throughput,HTTP/1.1
2025-05-02 05:58:17,index,47.2189998626709,13308.0,TheEmptinessMachine,HTCP,Throughput,HTTP/1.1
2025-05-02 05:58:19,index,49.2189998626709,13308.0,TheEmptinessMachine,HTCP,Throughput,HTTP/1.1
2025-05-02 05:58:21,index,51.2189998626709,13308.0,TheEmptinessMachine,HTCP,Throughput,HTTP/1.1
2025-05-02 05:58:23,index,53.2189998626709,13308.0,TheEmptinessMachine,HTCP,Throughput,HTTP/1.1
2025-05-02 05:58:25,index,55.2189998626709,13308.0,TheEmptinessMachine,HTCP,Throughput,HTTP/1.1
2025-05-02 05:58:27,index,57.2189998626709,13308.0,TheEmptinessMachine,HTCP,Throughput,HTTP/1.1
2025-05-02 05:58:29,index,59.2189998626709,13308.0,TheEmptinessMachine,HTCP,Throughput,HTTP/1.1
2025-05-02 05:58:31,index,61.2189998626709,13308.0,TheEmptinessMachine,HTCP,Throughput,HTTP/1.1
2025-05-02 05:58:33,index,63.2189998626709,13308.0,TheEmptinessMachine,HTCP,Throughput,HTTP/1.1
2025-05-02 05:58:35,index,65.2189998626709,13308.0,TheEmptinessMachine,HTCP,Throughput,HTTP/1.1
2025-05-02 05:58:37,index,67.2189998626709,13308.0,TheEmptinessMachine,HTCP,Throughput,HTTP/1.1
2025-05-02 05:58:39,index,69.2189998626709,13308.0,TheEmptinessMachine,HTCP,Throughput,HTTP/1.1
2025-05-02 05:58:41,index,71.2189998626709,13308.0,TheEmptinessMachine,HTCP,Throughput,HTTP/1.1
2025-05-02 05:58:43,index,73.2189998626709,13308.0,TheEmptinessMachine,HTCP,Throughput,HTTP/1.1
2025-05-02 05:58:45,index,75.2189998626709,13308.0,TheEmptinessMachine,HTCP,Throughput,HTTP/1.1
2025-05-02 05:58:47,index,77.2189998626709,13308.0,TheEmptinessMachine,HTCP,Throughput,HTTP/1.1
2025-05-02 05:58:49,index,79.2199997901917,13308.0,TheEmptinessMachine,HTCP,Throughput,HTTP/1.1
2025-05-02 05:58:51,index,81.2189998626709,13308.0,TheEmptinessMachine,HTCP,Throughput,HTTP/1.1
2025-05-02 05:58:53,index,83.2189998626709,13308.0,TheEmptinessMachine,HTCP,Throughput,HTTP/1.1
2025-05-02 05:58:55,index,85.2189998626709,13308.0,TheEmptinessMachine,HTCP,Throughput,HTTP/1.1
2025-05-02 05:58:57,index,87.2189998626709,13308.0,TheEmptinessMachine,HTCP,Throughput,HTTP/1.1
2025-05-02 05:58:59,index,89.2189998626709,13308.0,TheEmptinessMachine,HTCP,Throughput,HTTP/1.1
2025-05-02 05:59:01,index,91.2189998626709,13308.0,TheEmptinessMachine,HTCP,Throughput,HTTP/1.1
2025-05-02 05:59:03,index,93.2189998626709,13308.0,TheEmptinessMachine,HTCP,Throughput,HTTP/1.1
2025-05-02 05:59:05,index,95.2189998626709,13308.0,TheEmptinessMachine,HTCP,Throughput,HTTP/1.1
2025-05-02 05:59:07,index,97.2189998626709,13308.0,TheEmptinessMachine,HTCP,Throughput,HTTP/1.1
2025-05-02 05:59:09,index,99.2189998626709,13308.0,TheEmptinessMachine,HTCP,Throughput,HTTP/1.1
2025-05-02 05:59:11,index,101.218999862671,13308.0,TheEmptinessMachine,HTCP,Throughput,HTTP/1.1
2025-05-02 05:59:13,index,103.218999862671,13308.0,TheEmptinessMachine,HTCP,Throughput,HTTP/1.1
2025-05-02 05:59:15,index,105.218999862671,13308.0,TheEmptinessMachine,HTCP,Throughput,HTTP/1.1
2025-05-02 05:59:17,index,107.218999862671,13308.0,TheEmptinessMachine,HTCP,Throughput,HTTP/1.1
2025-05-02 05:59:19,index,109.218999862671,13308.0,TheEmptinessMachine,HTCP,Throughput,HTTP/1.1
2025-05-02 05:59:21,index,111.218999862671,13308.0,TheEmptinessMachine,HTCP,Throughput,HTTP/1.1
2025-05-02 05:59:23,index,113.218999862671,13308.0,TheEmptinessMachine,HTCP,Throughput,HTTP/1.1
2025-05-02 05:59:25,index,115.218999862671,13308.0,TheEmptinessMachine,HTCP,Throughput,HTTP/1.1
2025-05-02 05:59:27,index,117.218999862671,13308.0,TheEmptinessMachine,HTCP,Throughput,HTTP/1.1
2025-05-02 05:59:29,index,119.218999862671,13308.0,TheEmptinessMachine,HTCP,Throughput,HTTP/1.1
2025-05-02 05:59:31,index,121.218999862671,13308.0,TheEmptinessMachine,HTCP,Throughput,HTTP/1.1
2025-05-02 05:59:33,index,123.218999862671,13308.0,TheEmptinessMachine,HTCP,Throughput,HTTP/1.1
2025-05-02 05:59:35,index,125.218999862671,13308.0,TheEmptinessMachine,HTCP,Throughput,HTTP/1.1
2025-05-02 05:59:37,index,127.219999790192,13308.0,TheEmptinessMachine,HTCP,Throughput,HTTP/1.1
2025-05-02 05:59:39,index,129.218999862671,13308.0,TheEmptinessMachine,HTCP,Throughput,HTTP/1.1
2025-05-02 05:59:41,index,131.218999862671,13308.0,TheEmptinessMachine,HTCP,Throughput,HTTP/1.1
2025-05-02 05:59:43,index,133.218999862671,13308.0,TheEmptinessMachine,HTCP,Throughput,HTTP/1.1
2025-05-02 05:59:45,index,135.218999862671,13308.0,TheEmptinessMachine,HTCP,Throughput,HTTP/1.1
2025-05-02 05:59:47,index,137.218999862671,13308.0,TheEmptinessMachine,HTCP,Throughput,HTTP/1.1
2025-05-02 05:59:49,index,139.218999862671,13308.0,TheEmptinessMachine,HTCP,Throughput,HTTP/1.1
2025-05-02 05:59:51,index,141.218999862671,13308.0,TheEmptinessMachine,HTCP,Throughput,HTTP/1.1
2025-05-02 05:59:53,index,143.218999862671,13308.0,TheEmptinessMachine,HTCP,Throughput,HTTP/1.1
2025-05-02 05:59:55,index,145.218999862671,13308.0,TheEmptinessMachine,HTCP,Throughput,HTTP/1.1
2025-05-02 05:59:57,index,147.218999862671,13308.0,TheEmptinessMachine,HTCP,Throughput,HTTP/1.1
2025-05-02 05:59:59,index,149.218999862671,13308.0,TheEmptinessMachine,HTCP,Throughput,HTTP/1.1
2025-05-02 06:00:01,index,151.218999862671,13308.0,TheEmptinessMachine,HTCP,Throughput,HTTP/1.1
2025-05-02 06:00:03,index,153.218999862671,13308.0,TheEmptinessMachine,HTCP,Throughput,HTTP/1.1
2025-05-02 06:00:05,index,155.218999862671,13308.0,TheEmptinessMachine,HTCP,Throughput,HTTP/1.1
2025-05-02 06:00:07,index,157.218999862671,13308.0,TheEmptinessMachine,HTCP,Throughput,HTTP/1.1
2025-05-02 06:00:09,index,159.218999862671,13308.0,TheEmptinessMachine,HTCP,Throughput,HTTP/1.1
2025-05-02 06:00:11,index,161.255999803543,13308.0,TheEmptinessMachine,HTCP,Throughput,HTTP/1.1
2025-05-02 06:00:13,index,163.218999862671,13308.0,TheEmptinessMachine,HTCP,Throughput,HTTP/1.1
2025-05-02 06:00:15,index,165.218999862671,13308.0,TheEmptinessMachine,HTCP,Throughput,HTTP/1.1
2025-05-02 06:00:17,index,167.218999862671,13308.0,TheEmptinessMachine,HTCP,Throughput,HTTP/1.1
2025-05-02 06:00:19,index,169.218999862671,13308.0,TheEmptinessMachine,HTCP,Throughput,HTTP/1.1
2025-05-02 06:00:21,index,171.223999977112,13308.0,TheEmptinessMachine,HTCP,Throughput,HTTP/1.1
2025-05-02 06:00:23,index,173.218999862671,13308.0,TheEmptinessMachine,HTCP,Throughput,HTTP/1.1
2025-05-02 06:00:25,index,175.218999862671,13308.0,TheEmptinessMachine,HTCP,Throughput,HTTP/1.1
2025-05-02 06:00:27,index,177.218999862671,13308.0,TheEmptinessMachine,HTCP,Throughput,HTTP/1.1
2025-05-02 06:00:29,index,179.218999862671,13308.0,TheEmptinessMachine,HTCP,Throughput,HTTP/1.1
2025-05-02 06:00:31,index,181.218999862671,13308.0,TheEmptinessMachine,HTCP,Throughput,HTTP/1.1
2025-05-02 06:00:33,index,183.218999862671,13308.0,TheEmptinessMachine,HTCP,Throughput,HTTP/1.1
2025-05-02 06:00:35,index,185.218999862671,13308.0,TheEmptinessMachine,HTCP,Throughput,HTTP/1.1
2025-05-02 06:00:37,index,187.218999862671,13308.0,TheEmptinessMachine,HTCP,Throughput,HTTP/1.1
2025-05-02 06:00:39,index,189.219999790192,13308.0,TheEmptinessMachine,HTCP,Throughput,HTTP/1.1
2025-05-02 06:00:41,index,191.218999862671,13308.0,TheEmptinessMachine,HTCP,Throughput,HTTP/1.1
2025-05-02 06:00:43,index,193.219999790192,13308.0,TheEmptinessMachine,HTCP,Throughput,HTTP/1.1
2025-05-02 06:00:45,index,195.218999862671,13308.0,TheEmptinessMachine,HTCP,Throughput,HTTP/1.1
2025-05-02 06:00:47,index,197.218999862671,13308.0,TheEmptinessMachine,HTCP,Throughput,HTTP/1.1
2025-05-02 06:00:49,index,199.218999862671,13308.0,TheEmptinessMachine,HTCP,Throughput,HTTP/1.1
2025-05-02 06:00:51,index,201.218999862671,13308.0,TheEmptinessMachine,HTCP,Throughput,HTTP/1.1
2025-05-02 06:00:53,index,203.218999862671,13308.0,TheEmptinessMachine,HTCP,Throughput,HTTP/1.1
2025-05-02 06:00:55,index,205.218999862671,13308.0,TheEmptinessMachine,HTCP,Throughput,HTTP/1.1
2025-05-02 06:00:57,index,207.218999862671,13308.0,TheEmptinessMachine,HTCP,Throughput,HTTP/1.1
2025-05-02 06:01:25,index,1.20500016212463,13308.0,TheEmptinessMachine,HTCP,Throughput,HTTP/2
2025-05-02 06:01:27,index,3.20300006866455,13308.0,TheEmptinessMachine,HTCP,Throughput,HTTP/2
2025-05-02 06:01:29,index,5.20300006866455,13308.0,TheEmptinessMachine,HTCP,Throughput,HTTP/2
2025-05-02 06:01:31,index,7.20300006866455,13308.0,TheEmptinessMachine,HTCP,Throughput,HTTP/2
2025-05-02 06:01:33,index,9.20300006866455,13308.0,TheEmptinessMachine,HTCP,Throughput,HTTP/2
2025-05-02 06:01:35,index,11.2030000686646,13308.0,TheEmptinessMachine,HTCP,Throughput,HTTP/2
2025-05-02 06:01:37,index,13.2030000686646,13308.0,TheEmptinessMachine,HTCP,Throughput,HTTP/2
2025-05-02 06:01:39,index,15.2030000686646,13308.0,TheEmptinessMachine,HTCP,Throughput,HTTP/2
2025-05-02 06:01:41,index,17.2030000686646,13308.0,TheEmptinessMachine,HTCP,Throughput,HTTP/2
2025-05-02 06:01:43,index,19.2030000686646,13308.0,TheEmptinessMachine,HTCP,Throughput,HTTP/2
2025-05-02 06:01:45,index,21.2030000686646,13308.0,TheEmptinessMachine,HTCP,Throughput,HTTP/2
2025-05-02 06:01:47,index,23.2030000686646,13308.0,TheEmptinessMachine,HTCP,Throughput,HTTP/2
2025-05-02 06:01:49,index,25.2030000686646,13308.0,TheEmptinessMachine,HTCP,Throughput,HTTP/2
2025-05-02 06:01:51,index,27.2030000686646,13308.0,TheEmptinessMachine,HTCP,Throughput,HTTP/2
2025-05-02 06:01:53,index,29.2080001831055,4676.0,TheEmptinessMachine,HTCP,Throughput,HTTP/2
2025-05-02 06:01:55,index,31.2030000686646,8631.0,TheEmptinessMachine,HTCP,Throughput,HTTP/2
2025-05-02 06:01:57,index,33.2030000686646,8631.0,TheEmptinessMachine,HTCP,Throughput,HTTP/2
2025-05-02 06:01:59,index,35.2030000686646,13308.0,TheEmptinessMachine,HTCP,Throughput,HTTP/2
2025-05-02 06:02:01,index,37.2030000686646,13308.0,TheEmptinessMachine,HTCP,Throughput,HTTP/2
2025-05-02 06:02:03,index,39.2030000686646,13308.0,TheEmptinessMachine,HTCP,Throughput,HTTP/2
2025-05-02 06:02:05,index,41.2030000686646,13308.0,TheEmptinessMachine,HTCP,Throughput,HTTP/2
2025-05-02 06:02:07,index,43.2030000686646,13308.0,TheEmptinessMachine,HTCP,Throughput,HTTP/2
2025-05-02 06:02:09,index,45.2030000686646,13308.0,TheEmptinessMachine,HTCP,Throughput,HTTP/2
2025-05-02 06:02:11,index,47.2030000686646,13308.0,TheEmptinessMachine,HTCP,Throughput,HTTP/2
2025-05-02 06:02:13,index,49.2030000686646,13308.0,TheEmptinessMachine,HTCP,Throughput,HTTP/2
2025-05-02 06:02:15,index,51.2030000686646,13308.0,TheEmptinessMachine,HTCP,Throughput,HTTP/2
2025-05-02 06:02:17,index,53.2030000686646,13308.0,TheEmptinessMachine,HTCP,Throughput,HTTP/2
2025-05-02 06:02:19,index,55.2030000686646,13308.0,TheEmptinessMachine,HTCP,Throughput,HTTP/2
2025-05-02 06:02:21,index,57.2030000686646,13308.0,TheEmptinessMachine,HTCP,Throughput,HTTP/2
2025-05-02 06:02:23,index,59.2030000686646,13308.0,TheEmptinessMachine,HTCP,Throughput,HTTP/2
2025-05-02 06:02:25,index,61.2030000686646,13308.0,TheEmptinessMachine,HTCP,Throughput,HTTP/2
2025-05-02 06:02:27,index,63.2030000686646,13308.0,TheEmptinessMachine,HTCP,Throughput,HTTP/2
2025-05-02 06:02:29,index,65.2030000686646,13308.0,TheEmptinessMachine,HTCP,Throughput,HTTP/2
2025-05-02 06:02:31,index,67.2030000686646,13308.0,TheEmptinessMachine,HTCP,Throughput,HTTP/2
2025-05-02 06:02:33,index,69.2030000686646,13308.0,TheEmptinessMachine,HTCP,Throughput,HTTP/2
2025-05-02 06:02:35,index,71.2030000686646,13308.0,TheEmptinessMachine,HTCP,Throughput,HTTP/2
2025-05-02 06:02:37,index,73.2030000686646,13308.0,TheEmptinessMachine,HTCP,Throughput,HTTP/2
2025-05-02 06:02:39,index,75.2030000686646,13308.0,TheEmptinessMachine,HTCP,Throughput,HTTP/2
2025-05-02 06:02:41,index,77.2030000686646,13308.0,TheEmptinessMachine,HTCP,Throughput,HTTP/2
2025-05-02 06:02:43,index,79.2030000686646,13308.0,TheEmptinessMachine,HTCP,Throughput,HTTP/2
2025-05-02 06:02:45,index,81.2039999961853,13308.0,TheEmptinessMachine,HTCP,Throughput,HTTP/2
2025-05-02 06:02:47,index,83.2030000686646,13308.0,TheEmptinessMachine,HTCP,Throughput,HTTP/2
2025-05-02 06:02:49,index,85.2160000801086,13308.0,TheEmptinessMachine,HTCP,Throughput,HTTP/2
2025-05-02 06:02:51,index,87.2030000686646,13308.0,TheEmptinessMachine,HTCP,Throughput,HTTP/2
2025-05-02 06:02:53,index,89.2030000686646,13308.0,TheEmptinessMachine,HTCP,Throughput,HTTP/2
2025-05-02 06:02:55,index,91.2030000686646,13308.0,TheEmptinessMachine,HTCP,Throughput,HTTP/2
2025-05-02 06:02:57,index,93.2030000686646,13308.0,TheEmptinessMachine,HTCP,Throughput,HTTP/2
2025-05-02 06:02:59,index,95.2030000686646,13308.0,TheEmptinessMachine,HTCP,Throughput,HTTP/2
2025-05-02 06:03:01,index,97.2030000686646,13308.0,TheEmptinessMachine,HTCP,Throughput,HTTP/2
2025-05-02 06:03:03,index,99.2030000686646,13308.0,TheEmptinessMachine,HTCP,Throughput,HTTP/2
2025-05-02 06:03:05,index,101.203000068665,13308.0,TheEmptinessMachine,HTCP,Throughput,HTTP/2
2025-05-02 06:03:07,index,103.203000068665,13308.0,TheEmptinessMachine,HTCP,Throughput,HTTP/2
2025-05-02 06:03:09,index,105.203000068665,13308.0,TheEmptinessMachine,HTCP,Throughput,HTTP/2
2025-05-02 06:03:11,index,107.203000068665,13308.0,TheEmptinessMachine,HTCP,Throughput,HTTP/2
2025-05-02 06:03:13,index,109.203000068665,13308.0,TheEmptinessMachine,HTCP,Throughput,HTTP/2
2025-05-02 06:03:15,index,111.203000068665,13308.0,TheEmptinessMachine,HTCP,Throughput,HTTP/2
2025-05-02 06:03:17,index,113.203000068665,13308.0,TheEmptinessMachine,HTCP,Throughput,HTTP/2
2025-05-02 06:03:19,index,115.203000068665,13308.0,TheEmptinessMachine,HTCP,Throughput,HTTP/2
2025-05-02 06:03:21,index,117.203000068665,13308.0,TheEmptinessMachine,HTCP,Throughput,HTTP/2
2025-05-02 06:03:23,index,119.206000089645,13308.0,TheEmptinessMachine,HTCP,Throughput,HTTP/2
2025-05-02 06:03:25,index,121.203000068665,13308.0,TheEmptinessMachine,HTCP,Throughput,HTTP/2
2025-05-02 06:03:27,index,123.203000068665,13308.0,TheEmptinessMachine,HTCP,Throughput,HTTP/2
2025-05-02 06:03:29,index,125.203000068665,13308.0,TheEmptinessMachine,HTCP,Throughput,HTTP/2
2025-05-02 06:03:31,index,127.203000068665,13308.0,TheEmptinessMachine,HTCP,Throughput,HTTP/2
2025-05-02 06:03:33,index,129.203000068665,13308.0,TheEmptinessMachine,HTCP,Throughput,HTTP/2
2025-05-02 06:03:35,index,131.203000068665,13308.0,TheEmptinessMachine,HTCP,Throughput,HTTP/2
2025-05-02 06:03:37,index,133.203000068665,13308.0,TheEmptinessMachine,HTCP,Throughput,HTTP/2
2025-05-02 06:03:39,index,135.203000068665,13308.0,TheEmptinessMachine,HTCP,Throughput,HTTP/2
2025-05-02 06:03:41,index,137.203000068665,13308.0,TheEmptinessMachine,HTCP,Throughput,HTTP/2
2025-05-02 06:03:43,index,139.203000068665,13308.0,TheEmptinessMachine,HTCP,Throughput,HTTP/2
2025-05-02 06:03:45,index,141.203000068665,13308.0,TheEmptinessMachine,HTCP,Throughput,HTTP/2
2025-05-02 06:03:47,index,143.203000068665,13308.0,TheEmptinessMachine,HTCP,Throughput,HTTP/2
2025-05-02 06:03:49,index,145.203000068665,13308.0,TheEmptinessMachine,HTCP,Throughput,HTTP/2
2025-05-02 06:03:51,index,147.203000068665,13308.0,TheEmptinessMachine,HTCP,Throughput,HTTP/2
2025-05-02 06:03:53,index,149.203000068665,13308.0,TheEmptinessMachine,HTCP,Throughput,HTTP/2
2025-05-02 06:03:55,index,151.203000068665,13308.0,TheEmptinessMachine,HTCP,Throughput,HTTP/2
2025-05-02 06:03:57,index,153.203000068665,13308.0,TheEmptinessMachine,HTCP,Throughput,HTTP/2
2025-05-02 06:03:59,index,155.203000068665,13308.0,TheEmptinessMachine,HTCP,Throughput,HTTP/2
2025-05-02 06:04:01,index,157.203999996185,13308.0,TheEmptinessMachine,HTCP,Throughput,HTTP/2
2025-05-02 06:04:03,index,159.203000068665,13308.0,TheEmptinessMachine,HTCP,Throughput,HTTP/2
2025-05-02 06:04:05,index,161.203000068665,13308.0,TheEmptinessMachine,HTCP,Throughput,HTTP/2
2025-05-02 06:04:07,index,163.203000068665,13308.0,TheEmptinessMachine,HTCP,Throughput,HTTP/2
2025-05-02 06:04:09,index,165.205000162125,13308.0,TheEmptinessMachine,HTCP,Throughput,HTTP/2
2025-05-02 06:04:11,index,167.203999996185,13308.0,TheEmptinessMachine,HTCP,Throughput,HTTP/2
2025-05-02 06:04:13,index,169.203000068665,13308.0,TheEmptinessMachine,HTCP,Throughput,HTTP/2
2025-05-02 06:04:15,index,171.203000068665,13308.0,TheEmptinessMachine,HTCP,Throughput,HTTP/2
2025-05-02 06:04:17,index,173.203000068665,13308.0,TheEmptinessMachine,HTCP,Throughput,HTTP/2
2025-05-02 06:04:19,index,175.203000068665,13308.0,TheEmptinessMachine,HTCP,Throughput,HTTP/2
2025-05-02 06:04:21,index,177.203000068665,13308.0,TheEmptinessMachine,HTCP,Throughput,HTTP/2
2025-05-02 06:04:23,index,179.203000068665,13308.0,TheEmptinessMachine,HTCP,Throughput,HTTP/2
2025-05-02 06:04:25,index,181.203000068665,13308.0,TheEmptinessMachine,HTCP,Throughput,HTTP/2
2025-05-02 06:04:27,index,183.203000068665,13308.0,TheEmptinessMachine,HTCP,Throughput,HTTP/2
2025-05-02 06:04:29,index,185.203000068665,13308.0,TheEmptinessMachine,HTCP,Throughput,HTTP/2
2025-05-02 06:04:31,index,187.203000068665,13308.0,TheEmptinessMachine,HTCP,Throughput,HTTP/2
2025-05-02 06:04:33,index,189.203000068665,13308.0,TheEmptinessMachine,HTCP,Throughput,HTTP/2
2025-05-02 06:04:35,index,191.203000068665,13308.0,TheEmptinessMachine,HTCP,Throughput,HTTP/2
2025-05-02 06:04:37,index,193.203000068665,13308.0,TheEmptinessMachine,HTCP,Throughput,HTTP/2
2025-05-02 06:04:39,index,195.203000068665,13308.0,TheEmptinessMachine,HTCP,Throughput,HTTP/2
2025-05-02 06:04:41,index,197.203000068665,13308.0,TheEmptinessMachine,HTCP,Throughput,HTTP/2
2025-05-02 06:04:43,index,199.203000068665,13308.0,TheEmptinessMachine,HTCP,Throughput,HTTP/2
2025-05-02 06:04:45,index,201.203000068665,13308.0,TheEmptinessMachine,HTCP,Throughput,HTTP/2
2025-05-02 06:04:47,index,203.203000068665,13308.0,TheEmptinessMachine,HTCP,Throughput,HTTP/2
2025-05-02 06:04:49,index,205.203000068665,13308.0,TheEmptinessMachine,HTCP,Throughput,HTTP/2
2025-05-02 06:04:51,index,207.203000068665,13308.0,TheEmptinessMachine,HTCP,Throughput,HTTP/2
2025-05-02 06:05:19,index,1.20600008964539,8631.0,TheEmptinessMachine,HTCP,Throughput,HTTP/3
2025-05-02 06:05:21,index,3.20499992370605,13308.0,TheEmptinessMachine,HTCP,Throughput,HTTP/3
2025-05-02 06:05:23,index,5.20499992370605,13308.0,TheEmptinessMachine,HTCP,Throughput,HTTP/3
2025-05-02 06:05:25,index,7.2039999961853,4692.0,TheEmptinessMachine,HTCP,Throughput,HTTP/3
2025-05-02 06:05:27,index,9.2039999961853,8631.0,TheEmptinessMachine,HTCP,Throughput,HTTP/3
2025-05-02 06:05:29,index,11.2039999961853,13308.0,TheEmptinessMachine,HTCP,Throughput,HTTP/3
2025-05-02 06:05:31,index,13.2039999961853,13308.0,TheEmptinessMachine,HTCP,Throughput,HTTP/3
2025-05-02 06:05:33,index,15.2039999961853,13308.0,TheEmptinessMachine,HTCP,Throughput,HTTP/3
2025-05-02 06:05:35,index,17.2039999961853,2781.0,TheEmptinessMachine,HTCP,Throughput,HTTP/3
2025-05-02 06:05:37,index,19.2039999961853,13308.0,TheEmptinessMachine,HTCP,Throughput,HTTP/3
2025-05-02 06:05:39,index,21.2039999961853,1767.0,TheEmptinessMachine,HTCP,Throughput,HTTP/3
2025-05-02 06:05:41,index,23.2039999961853,4692.0,TheEmptinessMachine,HTCP,Throughput,HTTP/3
2025-05-02 06:05:43,index,25.2039999961853,8631.0,TheEmptinessMachine,HTCP,Throughput,HTTP/3
2025-05-02 06:05:45,index,27.2039999961853,2781.0,TheEmptinessMachine,HTCP,Throughput,HTTP/3
2025-05-02 06:05:47,index,29.2049999237061,13308.0,TheEmptinessMachine,HTCP,Throughput,HTTP/3
2025-05-02 06:05:49,index,31.2039999961853,13308.0,TheEmptinessMachine,HTCP,Throughput,HTTP/3
2025-05-02 06:05:51,index,33.2039999961853,2781.0,TheEmptinessMachine,HTCP,Throughput,HTTP/3
2025-05-02 06:05:53,index,35.2039999961853,13308.0,TheEmptinessMachine,HTCP,Throughput,HTTP/3
2025-05-02 06:05:55,index,37.2039999961853,13308.0,TheEmptinessMachine,HTCP,Throughput,HTTP/3
2025-05-02 06:05:57,index,39.2049999237061,2974.0,TheEmptinessMachine,HTCP,Throughput,HTTP/3
2025-05-02 06:05:59,index,41.2049999237061,13308.0,TheEmptinessMachine,HTCP,Throughput,HTTP/3
2025-05-02 06:06:01,index,43.2039999961853,1499.0,TheEmptinessMachine,HTCP,Throughput,HTTP/3
2025-05-02 06:06:03,index,45.2039999961853,4676.0,TheEmptinessMachine,HTCP,Throughput,HTTP/3
2025-05-02 06:06:05,index,47.2039999961853,8631.0,TheEmptinessMachine,HTCP,Throughput,HTTP/3
2025-05-02 06:06:07,index,49.2060000896454,1767.0,TheEmptinessMachine,HTCP,Throughput,HTTP/3
2025-05-02 06:06:09,index,51.2039999961853,8631.0,TheEmptinessMachine,HTCP,Throughput,HTTP/3
2025-05-02 06:06:11,index,53.2039999961853,4676.0,TheEmptinessMachine,HTCP,Throughput,HTTP/3
2025-05-02 06:06:13,index,55.2039999961853,4676.0,TheEmptinessMachine,HTCP,Throughput,HTTP/3
2025-05-02 06:06:15,index,57.2049999237061,4676.0,TheEmptinessMachine,HTCP,Throughput,HTTP/3
2025-05-02 06:06:17,index,59.2039999961853,4676.0,TheEmptinessMachine,HTCP,Throughput,HTTP/3
2025-05-02 06:06:19,index,61.2039999961853,4676.0,TheEmptinessMachine,HTCP,Throughput,HTTP/3
2025-05-02 06:06:21,index,63.2039999961853,3486.0,TheEmptinessMachine,HTCP,Throughput,HTTP/3
2025-05-02 06:06:23,index,65.2039999961853,3486.0,TheEmptinessMachine,HTCP,Throughput,HTTP/3
2025-05-02 06:06:25,index,67.2039999961853,3486.0,TheEmptinessMachine,HTCP,Throughput,HTTP/3
2025-05-02 06:06:27,index,69.2039999961853,3486.0,TheEmptinessMachine,HTCP,Throughput,HTTP/3
2025-05-02 06:06:29,index,71.2039999961853,3486.0,TheEmptinessMachine,HTCP,Throughput,HTTP/3
2025-05-02 06:06:31,index,73.2039999961853,3486.0,TheEmptinessMachine,HTCP,Throughput,HTTP/3
2025-05-02 06:06:33,index,75.2039999961853,3486.0,TheEmptinessMachine,HTCP,Throughput,HTTP/3
2025-05-02 06:06:35,index,77.2039999961853,3486.0,TheEmptinessMachine,HTCP,Throughput,HTTP/3
2025-05-02 06:06:37,index,79.2039999961853,13308.0,TheEmptinessMachine,HTCP,Throughput,HTTP/3
2025-05-02 06:06:39,index,81.2039999961853,13308.0,TheEmptinessMachine,HTCP,Throughput,HTTP/3
2025-05-02 06:06:41,index,83.2039999961853,13308.0,TheEmptinessMachine,HTCP,Throughput,HTTP/3
2025-05-02 06:06:43,index,85.2039999961853,13308.0,TheEmptinessMachine,HTCP,Throughput,HTTP/3
2025-05-02 06:06:45,index,87.2039999961853,13308.0,TheEmptinessMachine,HTCP,Throughput,HTTP/3
2025-05-02 06:06:47,index,89.2039999961853,4676.0,TheEmptinessMachine,HTCP,Throughput,HTTP/3
2025-05-02 06:06:49,index,91.2039999961853,13308.0,TheEmptinessMachine,HTCP,Throughput,HTTP/3
2025-05-02 06:06:51,index,93.2039999961853,13308.0,TheEmptinessMachine,HTCP,Throughput,HTTP/3
2025-05-02 06:06:53,index,95.2039999961853,13308.0,TheEmptinessMachine,HTCP,Throughput,HTTP/3
2025-05-02 06:06:55,index,97.2039999961853,13308.0,TheEmptinessMachine,HTCP,Throughput,HTTP/3
2025-05-02 06:06:57,index,99.2049999237061,13308.0,TheEmptinessMachine,HTCP,Throughput,HTTP/3
2025-05-02 06:06:59,index,101.203999996185,13308.0,TheEmptinessMachine,HTCP,Throughput,HTTP/3
2025-05-02 06:07:01,index,103.204999923706,13308.0,TheEmptinessMachine,HTCP,Throughput,HTTP/3
2025-05-02 06:07:03,index,105.203999996185,13308.0,TheEmptinessMachine,HTCP,Throughput,HTTP/3
2025-05-02 06:07:05,index,107.203999996185,13308.0,TheEmptinessMachine,HTCP,Throughput,HTTP/3
2025-05-02 06:07:07,index,109.203999996185,13308.0,TheEmptinessMachine,HTCP,Throughput,HTTP/3
2025-05-02 06:07:09,index,111.203999996185,13308.0,TheEmptinessMachine,HTCP,Throughput,HTTP/3
2025-05-02 06:07:11,index,113.203999996185,13308.0,TheEmptinessMachine,HTCP,Throughput,HTTP/3
2025-05-02 06:07:13,index,115.204999923706,13308.0,TheEmptinessMachine,HTCP,Throughput,HTTP/3
2025-05-02 06:07:15,index,117.204999923706,13308.0,TheEmptinessMachine,HTCP,Throughput,HTTP/3
2025-05-02 06:07:17,index,119.204999923706,13308.0,TheEmptinessMachine,HTCP,Throughput,HTTP/3
2025-05-02 06:07:19,index,121.203999996185,13308.0,TheEmptinessMachine,HTCP,Throughput,HTTP/3
2025-05-02 06:07:21,index,123.203999996185,13308.0,TheEmptinessMachine,HTCP,Throughput,HTTP/3
2025-05-02 06:07:23,index,125.204999923706,13308.0,TheEmptinessMachine,HTCP,Throughput,HTTP/3
2025-05-02 06:07:25,index,127.203999996185,13308.0,TheEmptinessMachine,HTCP,Throughput,HTTP/3
2025-05-02 06:07:27,index,129.204999923706,13308.0,TheEmptinessMachine,HTCP,Throughput,HTTP/3
2025-05-02 06:07:29,index,131.203999996185,13308.0,TheEmptinessMachine,HTCP,Throughput,HTTP/3
2025-05-02 06:07:31,index,133.203999996185,13308.0,TheEmptinessMachine,HTCP,Throughput,HTTP/3
2025-05-02 06:07:33,index,135.203999996185,13308.0,TheEmptinessMachine,HTCP,Throughput,HTTP/3
2025-05-02 06:07:35,index,137.203999996185,13308.0,TheEmptinessMachine,HTCP,Throughput,HTTP/3
2025-05-02 06:07:37,index,139.203999996185,13308.0,TheEmptinessMachine,HTCP,Throughput,HTTP/3
2025-05-02 06:07:39,index,141.203999996185,13308.0,TheEmptinessMachine,HTCP,Throughput,HTTP/3
2025-05-02 06:07:41,index,143.203999996185,13308.0,TheEmptinessMachine,HTCP,Throughput,HTTP/3
2025-05-02 06:07:43,index,145.203999996185,13308.0,TheEmptinessMachine,HTCP,Throughput,HTTP/3
2025-05-02 06:07:45,index,147.203999996185,13308.0,TheEmptinessMachine,HTCP,Throughput,HTTP/3
2025-05-02 06:07:47,index,149.203999996185,13308.0,TheEmptinessMachine,HTCP,Throughput,HTTP/3
2025-05-02 06:07:49,index,151.203999996185,13308.0,TheEmptinessMachine,HTCP,Throughput,HTTP/3
2025-05-02 06:07:51,index,153.203999996185,13308.0,TheEmptinessMachine,HTCP,Throughput,HTTP/3
2025-05-02 06:07:53,index,155.204999923706,13308.0,TheEmptinessMachine,HTCP,Throughput,HTTP/3
2025-05-02 06:07:55,index,157.203999996185,13308.0,TheEmptinessMachine,HTCP,Throughput,HTTP/3
2025-05-02 06:07:57,index,159.203999996185,13308.0,TheEmptinessMachine,HTCP,Throughput,HTTP/3
2025-05-02 06:07:59,index,161.203999996185,13308.0,TheEmptinessMachine,HTCP,Throughput,HTTP/3
2025-05-02 06:08:01,index,163.204999923706,13308.0,TheEmptinessMachine,HTCP,Throughput,HTTP/3
2025-05-02 06:08:03,index,165.210000038147,13308.0,TheEmptinessMachine,HTCP,Throughput,HTTP/3
2025-05-02 06:08:05,index,167.204999923706,13308.0,TheEmptinessMachine,HTCP,Throughput,HTTP/3
2025-05-02 06:08:07,index,169.203999996185,13308.0,TheEmptinessMachine,HTCP,Throughput,HTTP/3
2025-05-02 06:08:09,index,171.203999996185,13308.0,TheEmptinessMachine,HTCP,Throughput,HTTP/3
2025-05-02 06:08:11,index,173.204999923706,13308.0,TheEmptinessMachine,HTCP,Throughput,HTTP/3
2025-05-02 06:08:13,index,175.203999996185,13308.0,TheEmptinessMachine,HTCP,Throughput,HTTP/3
2025-05-02 06:08:15,index,177.203999996185,13308.0,TheEmptinessMachine,HTCP,Throughput,HTTP/3
2025-05-02 06:08:17,index,179.203999996185,13308.0,TheEmptinessMachine,HTCP,Throughput,HTTP/3
2025-05-02 06:08:19,index,181.203999996185,13308.0,TheEmptinessMachine,HTCP,Throughput,HTTP/3
2025-05-02 06:08:21,index,183.203999996185,13308.0,TheEmptinessMachine,HTCP,Throughput,HTTP/3
2025-05-02 06:08:23,index,185.204999923706,13308.0,TheEmptinessMachine,HTCP,Throughput,HTTP/3
2025-05-02 06:08:25,index,187.203999996185,13308.0,TheEmptinessMachine,HTCP,Throughput,HTTP/3
2025-05-02 06:08:27,index,189.203999996185,13308.0,TheEmptinessMachine,HTCP,Throughput,HTTP/3
2025-05-02 06:08:29,index,191.203999996185,13308.0,TheEmptinessMachine,HTCP,Throughput,HTTP/3
2025-05-02 06:08:31,index,193.203999996185,13308.0,TheEmptinessMachine,HTCP,Throughput,HTTP/3
2025-05-02 06:08:33,index,195.203999996185,13308.0,TheEmptinessMachine,HTCP,Throughput,HTTP/3
2025-05-02 06:08:35,index,197.203999996185,13308.0,TheEmptinessMachine,HTCP,Throughput,HTTP/3
2025-05-02 06:08:37,index,199.203999996185,13308.0,TheEmptinessMachine,HTCP,Throughput,HTTP/3
2025-05-02 06:08:39,index,201.203999996185,13308.0,TheEmptinessMachine,HTCP,Throughput,HTTP/3
2025-05-02 06:08:41,index,203.203999996185,13308.0,TheEmptinessMachine,HTCP,Throughput,HTTP/3
2025-05-02 06:08:43,index,205.203999996185,13308.0,TheEmptinessMachine,HTCP,Throughput,HTTP/3
2025-05-02 06:08:45,index,207.204999923706,13308.0,TheEmptinessMachine,HTCP,Throughput,HTTP/3
